hh_id,d_cm,d_nutr,d_satt,d_educ,d_elct,d_wtr,d_sani,d_hsg,d_ckfl,d_asst
101,0,1,0,0,0,0,1,1,1,0
102,,0,0,0,0,0,0,0,1,0
104,0,1,0,0,0,1,1,1,1,0
105,0,0,0,0,0,0,0,0,1,0
106,,0,0,0,1,0,1,0,1,1
107,0,1,0,0,1,1,1,1,1,0
108,0,0,0,0,1,0,1,1,1,1
110,0,0,0,0,1,1,1,1,1,1
111,0,0,0,0,1,1,1,1,1,1
112,0,0,1,0,1,1,0,1,1,1
113,0,1,0,0,1,0,1,1,1,0
114,0,0,0,0,1,0,0,1,1,0
115,0,0,0,0,0,0,1,0,1,0
117,0,0,0,0,1,1,1,1,1,1
118,0,1,0,0,1,1,0,0,1,1
119,0,0,0,0,1,0,1,1,1,0
120,0,1,0,0,0,0,0,0,1,1
203,0,0,0,0,1,1,1,1,1,1
204,0,1,1,1,1,0,1,1,1,1
205,0,1,0,0,0,0,1,0,1,0
211,0,0,0,0,0,0,1,1,1,0
213,0,0,0,1,0,0,1,0,1,1
214,1,0,0,0,1,0,1,1,1,0
216,0,1,0,0,1,1,1,1,1,0
217,0,0,0,0,1,0,1,1,1,1
218,,,0,0,0,1,1,1,1,0
219,0,0,0,0,1,0,1,1,1,0
220,0,1,0,0,1,0,1,1,1,1
301,0,0,0,0,1,1,0,0,1,0
302,0,0,0,0,0,1,1,0,1,0
303,0,0,0,0,0,1,1,1,1,0
304,0,0,0,0,1,1,1,1,1,0
305,0,0,0,0,0,1,0,0,1,0
306,0,0,0,0,1,1,0,1,1,1
307,0,0,1,0,0,0,1,0,1,0
308,0,0,0,0,0,0,0,0,1,0
309,0,0,0,0,1,1,1,0,1,1
310,0,0,0,0,0,1,1,0,1,0
311,0,0,0,0,1,0,0,1,1,1
312,0,0,0,0,1,0,1,1,1,1
313,0,0,0,0,0,0,0,0,1,0
314,0,0,0,0,1,1,1,0,1,1
315,0,0,0,0,1,1,1,0,1,1
316,0,0,0,0,0,0,1,1,1,0
317,0,0,0,0,1,0,1,0,1,1
318,0,0,0,0,0,1,0,0,1,0
319,0,0,1,0,1,1,1,0,1,1
320,0,0,0,0,0,1,0,1,1,0
401,0,0,0,0,1,0,1,1,1,0
402,0,1,0,0,1,0,0,0,1,0
403,0,0,0,0,0,0,1,1,1,0
406,0,1,1,0,0,0,1,1,1,1
407,0,1,0,0,1,0,1,1,1,1
408,0,0,0,0,1,0,1,1,1,1
409,0,1,0,0,0,0,1,1,1,1
411,0,0,0,0,1,1,1,0,1,1
413,0,0,0,0,1,0,1,1,1,0
414,0,1,0,0,1,0,1,1,1,0
416,0,0,0,0,1,0,1,1,1,1
417,0,0,0,0,1,1,1,1,1,1
418,1,0,0,0,1,0,1,1,1,0
419,0,0,0,0,1,0,1,1,1,0
420,0,0,0,1,1,1,1,1,1,1
502,0,0,0,0,1,0,1,1,1,1
504,0,1,0,0,1,1,1,1,1,0
505,0,1,0,0,0,0,1,0,1,0
506,0,1,0,0,0,0,1,0,1,0
507,0,0,0,0,1,1,1,1,1,0
508,0,0,0,0,,1,1,1,1,1
509,0,0,1,0,0,1,1,1,1,1
510,0,0,0,0,1,0,1,1,1,1
512,0,0,0,0,0,0,1,0,1,0
513,0,0,0,0,0,1,1,0,1,0
514,0,0,1,0,1,1,0,1,1,1
515,0,0,1,0,0,1,1,0,1,0
517,0,0,0,0,0,1,0,0,1,0
518,0,0,1,0,1,0,1,1,1,0
519,0,1,0,0,1,0,1,1,1,1
520,0,1,1,0,0,1,1,1,1,0
701,0,0,0,1,1,0,0,1,1,1
702,0,0,0,0,1,1,1,1,1,1
703,,0,0,0,0,1,1,1,1,0
704,0,1,0,1,0,0,1,1,1,1
705,0,1,0,0,0,0,1,0,1,1
707,0,0,0,0,0,1,1,1,1,0
708,0,0,0,0,0,0,1,1,1,0
709,0,0,0,0,0,1,1,1,1,0
710,0,0,0,0,0,1,0,0,1,0
711,0,0,1,0,1,0,1,1,1,1
712,0,0,0,0,0,0,1,1,1,1
713,0,1,0,0,1,1,1,1,1,1
714,,0,0,0,0,1,1,1,1,0
715,0,1,0,0,1,0,1,1,1,1
716,0,0,0,0,1,0,1,1,1,1
717,1,1,0,0,0,0,1,1,1,1
718,0,0,0,0,0,1,1,1,1,0
719,0,1,0,0,1,1,1,1,1,0
801,0,1,1,0,0,1,1,1,1,1
802,0,0,0,0,0,1,1,1,1,0
803,1,0,1,0,0,1,1,1,1,0
805,0,0,0,0,0,1,1,1,1,0
806,1,0,0,0,1,1,1,1,1,1
807,0,0,0,0,0,1,1,1,1,0
808,0,0,0,0,0,1,1,1,1,0
809,0,1,0,0,0,1,1,1,1,1
810,0,1,1,0,1,1,1,0,1,1
811,0,0,1,0,1,1,1,1,1,1
812,0,0,1,0,1,0,1,1,1,0
813,0,0,0,0,0,1,1,0,1,1
814,1,0,0,0,0,0,1,0,1,0
815,0,0,0,0,0,1,1,1,1,0
816,0,1,0,1,0,1,1,1,1,1
817,0,1,0,0,1,1,1,1,1,1
819,0,0,0,0,1,1,1,1,1,1
820,1,0,0,0,0,0,1,1,1,0
901,1,0,1,0,1,0,1,1,1,0
902,0,0,0,0,1,1,1,1,1,1
903,0,0,0,0,1,1,1,1,1,0
904,0,0,0,0,1,1,1,1,1,1
905,0,0,0,0,1,1,1,1,1,0
906,0,0,0,0,1,1,1,1,1,1
907,0,0,0,0,0,1,1,1,1,0
908,0,0,0,0,0,0,1,1,1,1
910,1,0,0,0,1,0,1,1,1,1
911,0,0,0,0,1,0,1,1,1,1
912,0,0,0,0,1,0,1,1,1,0
913,0,1,0,1,1,0,1,1,1,1
914,0,0,0,0,0,0,1,1,1,1
915,0,0,0,1,1,0,1,1,1,1
916,0,0,0,0,1,1,1,1,1,1
917,0,0,0,1,1,1,1,1,1,1
918,0,0,0,1,1,0,1,1,1,1
920,0,0,0,0,1,1,1,1,1,1
1001,0,0,0,0,0,1,0,0,1,0
1002,0,0,0,0,1,0,0,0,1,0
1003,0,0,0,0,0,1,1,1,1,0
1004,0,0,0,0,1,0,1,1,1,1
1005,0,1,0,0,1,0,0,1,1,0
1006,0,0,0,0,0,1,0,0,1,0
1007,0,1,0,0,1,1,0,1,1,0
1008,0,0,0,0,1,1,1,1,1,0
1009,0,0,0,0,1,1,1,1,1,0
1010,0,0,0,0,0,1,1,0,1,0
1011,0,0,0,0,0,1,0,0,1,0
1012,0,0,0,0,1,1,1,1,1,1
1013,1,1,0,1,1,1,1,0,1,0
1014,0,1,0,0,1,0,1,1,1,1
1015,1,0,0,0,0,1,1,0,1,0
1016,0,1,0,0,1,1,0,1,1,0
1017,0,0,0,0,0,1,0,0,1,0
1018,0,0,0,0,0,0,0,0,1,0
1019,0,0,0,0,0,1,1,1,1,0
1020,0,0,0,0,1,0,0,1,1,1
1101,0,0,0,0,0,0,1,0,1,0
1102,0,0,0,0,0,0,1,0,1,0
1103,0,0,0,0,1,0,0,1,1,0
1104,0,0,0,0,0,0,1,0,1,1
1105,0,1,0,0,0,0,1,1,1,1
1106,0,0,0,0,1,0,0,1,0,0
1107,0,0,0,0,1,0,1,0,1,1
1108,0,0,1,0,1,0,1,1,1,0
1109,0,0,1,0,1,0,1,1,1,0
1110,0,0,0,0,0,1,1,1,1,0
1111,0,0,0,0,1,0,1,1,1,1
1112,0,0,0,0,1,0,0,0,1,0
1113,0,0,0,0,1,1,1,1,1,1
1114,0,0,0,1,1,0,1,1,1,1
1115,0,0,1,0,1,1,1,1,1,1
1116,,0,0,0,1,0,1,0,1,0
1117,0,0,1,0,0,0,1,1,1,0
1119,0,0,0,0,1,0,1,1,1,0
1120,0,1,0,0,1,0,1,1,1,1
1201,0,0,0,0,0,1,0,0,1,0
1202,0,0,0,1,1,0,1,1,1,1
1203,0,1,0,0,0,0,0,0,1,0
1204,0,0,0,0,1,0,1,1,1,0
1205,0,0,0,0,0,0,0,0,1,0
1207,0,1,0,0,1,0,1,1,1,0
1210,0,0,0,0,0,0,1,0,1,0
1211,0,1,0,0,1,0,1,1,1,0
1212,0,0,0,0,1,0,1,1,1,0
1213,0,0,0,0,0,0,1,1,1,0
1215,0,0,0,1,1,0,0,1,1,0
1216,0,0,0,0,0,1,1,0,1,0
1217,0,0,0,0,0,0,1,0,1,0
1218,0,0,0,1,1,1,1,1,1,1
1219,0,0,0,0,0,0,0,0,1,0
1220,0,0,1,0,1,0,1,1,1,1
1401,0,0,0,1,0,0,1,1,1,1
1403,0,1,0,0,0,1,1,1,1,0
1404,0,0,0,0,1,1,1,1,1,0
1405,0,0,0,0,0,1,1,0,1,0
1406,0,0,0,0,1,1,1,0,1,1
1407,0,0,0,0,0,1,1,0,1,0
1408,0,1,0,1,0,1,1,1,1,1
1409,0,0,0,0,1,0,1,1,1,0
1410,0,1,0,0,0,1,1,1,1,0
1411,0,0,0,0,1,1,1,1,1,1
1412,0,0,0,0,0,1,1,0,1,0
1413,0,1,0,0,0,1,1,1,1,0
1414,0,1,0,0,0,1,1,0,1,0
1415,0,0,0,0,0,1,1,1,1,1
1416,0,1,0,0,0,1,1,1,1,0
1417,0,0,0,0,0,1,1,1,1,0
1418,0,0,0,0,0,0,1,1,1,1
1419,0,0,0,0,1,1,1,1,1,0
1420,0,0,0,0,1,0,1,1,1,0
1501,0,0,1,0,1,1,1,1,1,1
1502,0,1,0,0,1,1,0,1,1,1
1503,0,0,0,0,0,0,0,0,1,0
1504,0,0,0,1,1,0,1,1,1,1
1505,0,,0,0,0,1,0,1,1,0
1507,0,0,1,0,0,0,1,1,1,0
1508,0,1,0,1,1,0,1,1,1,1
1509,0,1,0,0,0,0,1,1,1,0
1511,0,0,0,0,0,0,1,0,1,0
1512,0,0,0,0,1,0,1,1,1,0
1514,0,1,1,0,1,1,1,1,1,1
1516,1,1,0,0,1,0,1,1,1,1
1517,0,0,0,0,1,0,1,1,1,1
1518,0,0,0,0,,1,1,1,1,1
1519,0,1,0,0,1,1,1,1,1,1
1520,,0,0,1,1,0,1,0,1,0
1601,0,0,1,0,1,0,1,1,1,0
1603,0,0,1,0,1,0,1,1,1,1
1604,1,0,0,0,1,1,1,1,1,1
1605,0,0,0,1,1,0,1,1,1,1
1606,0,0,0,0,1,0,1,1,1,0
1607,0,0,0,0,1,1,1,1,1,1
1608,0,0,0,0,1,1,1,1,1,1
1609,0,0,0,0,1,0,1,1,1,0
1610,0,1,0,1,1,0,1,1,1,1
1611,0,0,0,0,1,0,1,1,1,0
1612,0,0,1,0,1,0,1,1,1,1
1613,1,1,0,0,0,0,1,1,1,0
1614,0,0,0,0,1,0,1,1,1,1
1615,0,0,0,0,1,1,1,1,1,0
1618,0,0,0,0,1,1,1,1,1,0
1619,0,0,0,1,1,1,1,1,1,1
1620,0,0,0,1,1,1,1,1,1,1
1701,0,1,0,0,1,0,1,1,1,1
1704,0,0,0,0,1,0,1,1,1,1
1705,0,0,0,1,1,0,1,1,1,1
1706,0,0,0,1,1,0,1,1,1,1
1707,0,1,0,0,0,1,1,0,1,0
1708,0,0,0,1,1,1,1,1,1,1
1709,0,0,0,0,1,0,1,1,1,1
1710,0,0,0,0,1,1,1,1,1,0
1711,0,1,0,0,1,1,1,1,1,1
1712,0,0,0,0,1,1,1,1,1,0
1714,0,0,0,0,1,0,1,0,1,0
1715,0,0,0,1,1,0,1,1,1,0
1718,0,0,0,0,1,1,1,0,1,0
1719,0,1,0,1,1,0,1,1,1,1
1720,1,0,0,0,1,0,1,0,1,1
1801,0,0,0,1,1,0,1,1,1,1
1802,1,1,0,0,0,0,0,0,1,0
1803,0,0,0,0,1,0,1,0,1,1
1804,0,0,0,1,1,0,1,1,1,1
1806,0,0,0,1,1,0,1,1,1,1
1807,0,0,0,0,0,1,0,0,1,0
1808,0,1,0,1,1,0,1,1,1,0
1810,0,0,0,0,1,0,1,1,1,1
1811,0,0,0,0,1,0,1,1,1,1
1812,0,1,1,0,1,0,1,1,1,1
1813,0,0,0,0,1,0,1,1,1,1
1814,0,1,0,0,1,0,0,1,1,0
1815,0,1,0,1,1,0,1,1,1,0
1816,0,0,0,1,1,1,1,1,1,1
1817,0,0,1,0,1,1,1,1,1,1
1818,0,0,0,0,1,1,1,1,1,1
1819,0,0,0,0,0,0,0,0,1,0
1820,0,1,0,1,1,0,1,1,1,1
1901,0,0,0,0,0,1,0,0,1,0
1902,,0,0,0,1,1,1,1,1,1
1903,0,1,0,0,1,1,1,1,1,1
1904,1,0,1,1,1,1,1,1,1,1
1905,0,1,0,1,1,1,1,1,1,1
1906,0,0,1,0,1,1,1,1,1,1
1907,0,0,0,1,1,1,1,1,1,1
1908,0,0,0,1,1,1,1,1,1,1
1909,0,0,0,1,1,0,1,1,1,1
1910,0,0,0,1,1,0,1,1,1,1
1912,0,1,0,1,1,0,1,0,1,1
1913,0,0,1,0,1,0,1,0,1,1
1914,0,0,1,0,1,0,1,1,1,1
1915,0,0,0,0,1,1,1,1,1,1
1916,0,0,0,0,1,0,1,1,1,1
1917,0,0,0,0,1,1,1,1,1,1
1918,0,0,0,1,1,0,1,1,1,1
1919,1,1,0,0,1,0,1,1,1,1
1920,0,0,0,0,1,0,1,1,1,0
2001,0,0,0,0,1,1,1,1,1,0
2002,0,0,0,0,1,0,0,1,1,0
2003,0,0,0,0,1,0,1,1,1,1
2004,0,0,0,0,1,1,1,1,1,1
2005,0,0,0,0,1,1,1,1,1,0
2006,0,0,0,0,1,1,1,1,1,0
2007,0,0,0,0,1,1,1,1,1,1
2008,0,1,1,1,1,1,0,1,1,1
2009,0,0,0,0,1,1,1,1,1,1
2010,0,0,0,0,1,1,0,1,1,1
2011,1,0,0,0,1,1,1,1,1,0
2012,0,0,1,1,1,0,1,1,1,0
2013,1,1,0,0,1,1,1,1,1,1
2014,0,0,0,0,1,1,1,1,1,0
2015,0,0,0,0,1,1,1,0,1,1
2016,0,0,1,0,1,0,0,0,1,0
2017,0,1,0,0,1,1,1,1,1,1
2018,0,1,0,0,1,1,0,1,1,1
2019,0,0,1,0,1,1,0,1,1,1
2020,0,0,0,0,1,1,0,1,1,0
2101,0,0,0,0,1,1,0,0,1,0
2102,0,0,0,0,1,0,1,1,1,1
2103,0,0,0,0,1,1,1,0,1,1
2104,0,0,0,1,1,1,1,1,1,1
2105,0,0,0,0,1,1,1,1,1,1
2106,0,0,0,0,1,1,1,1,1,0
2107,0,0,0,0,0,0,1,0,1,0
2108,0,0,0,0,1,1,1,1,1,0
2109,0,0,0,0,1,1,1,1,1,1
2110,0,1,0,0,0,0,1,0,1,0
2111,1,1,0,0,1,1,1,0,1,0
2112,0,0,0,0,1,1,1,1,1,0
2113,0,0,0,0,0,1,1,1,1,0
2114,0,0,0,0,1,0,1,0,1,0
2115,0,0,1,0,1,0,1,1,1,1
2116,0,1,0,0,1,1,0,1,1,0
2117,0,0,0,0,1,1,1,1,1,1
2118,0,0,1,0,0,1,1,1,1,0
2119,0,0,0,0,1,1,1,1,1,1
2120,0,1,0,0,1,0,1,1,1,0
2201,0,0,0,0,1,0,1,1,1,1
2203,0,1,0,1,1,1,1,1,1,1
2204,0,1,0,0,1,1,1,1,1,1
2205,0,1,1,0,1,1,1,1,1,1
2206,0,1,0,1,1,0,1,1,1,1
2208,0,0,0,0,1,0,0,0,1,1
2209,0,1,0,1,1,1,1,1,1,1
2213,0,1,0,0,1,1,1,1,1,1
2214,0,1,0,0,1,0,1,1,1,0
2215,0,1,0,1,1,1,1,1,1,1
2216,0,0,0,0,1,1,1,1,1,0
2218,0,1,0,1,1,1,1,1,1,1
2220,0,0,1,0,1,1,1,1,1,0
2301,0,1,1,1,1,1,1,1,1,1
2302,0,0,1,0,1,0,1,1,1,1
2303,0,1,1,0,1,1,1,1,1,1
2304,0,1,0,0,1,1,1,1,1,1
2305,0,1,0,1,1,0,1,1,1,1
2306,0,0,0,1,1,1,1,1,1,1
2307,0,1,0,0,1,0,1,1,1,1
2309,0,1,0,1,1,1,1,1,1,1
2310,0,0,0,0,1,0,1,1,0,0
2311,1,1,1,1,1,1,1,1,1,1
2312,0,1,0,1,1,0,1,1,1,1
2313,0,0,0,1,1,0,1,1,1,1
2314,0,0,0,0,1,1,1,1,1,1
2315,0,0,0,0,1,0,1,1,1,1
2316,0,1,1,1,1,0,1,1,1,1
2317,0,0,0,0,1,1,0,1,1,1
2318,0,0,1,0,1,1,1,1,1,1
2319,0,0,0,0,1,1,1,0,1,1
2320,0,0,0,0,1,1,1,1,1,1
2401,1,1,1,1,1,1,1,0,1,1
2403,1,0,0,0,1,1,1,1,1,0
2404,0,1,1,1,1,1,1,1,1,1
2405,0,0,0,0,0,0,1,1,1,0
2406,0,0,0,0,1,1,1,1,1,1
2407,0,0,1,0,1,1,0,0,1,0
2408,0,0,0,1,1,1,1,1,1,1
2409,0,0,0,1,1,1,1,1,1,1
2410,0,0,1,1,1,1,1,0,1,1
2411,0,1,1,0,1,1,1,0,1,0
2412,0,1,1,1,1,1,1,0,1,1
2413,0,0,0,0,1,1,1,0,1,1
2414,0,0,0,0,1,0,1,0,1,1
2415,0,0,0,1,1,0,1,1,1,1
2416,0,0,0,0,1,1,0,0,1,1
2417,0,0,1,1,1,0,1,0,1,1
2418,0,,0,0,1,1,0,0,1,1
2419,0,1,1,1,1,0,1,1,1,1
2420,0,1,0,0,1,1,1,0,1,1
2501,0,0,0,0,1,1,1,1,1,1
2502,0,1,1,1,,0,1,1,1,1
2503,1,1,1,0,1,1,1,1,1,0
2504,0,1,1,1,1,1,1,1,1,1
2505,0,0,0,0,1,1,1,1,1,1
2506,0,1,1,1,1,1,1,1,1,1
2507,0,1,1,1,1,1,1,1,1,1
2508,0,0,0,1,1,1,1,1,1,1
2509,0,1,0,0,1,1,1,1,1,0
2510,0,0,0,1,1,0,1,1,1,1
2511,0,0,1,1,1,1,1,1,1,1
2512,0,0,1,0,1,1,1,1,1,0
2513,,0,0,0,1,1,1,1,1,1
2514,1,1,0,1,1,1,1,1,1,0
2515,1,0,0,1,1,1,1,1,1,1
2516,0,0,0,0,1,1,1,1,1,1
2517,0,0,0,1,1,1,1,1,1,0
2518,0,1,1,0,1,0,1,1,1,1
2519,0,1,0,1,1,0,1,1,1,1
2520,0,0,0,1,1,1,1,1,1,1
2601,0,0,0,1,1,1,1,1,1,1
2602,1,0,0,0,1,1,1,1,1,1
2603,0,0,0,1,1,0,1,1,1,1
2604,0,1,0,0,1,0,1,1,1,1
2605,0,0,0,1,1,0,1,1,1,1
2606,0,0,0,1,1,1,1,1,1,1
2607,0,0,0,1,1,1,1,1,1,1
2608,0,0,0,0,1,0,1,1,1,1
2609,0,0,0,1,1,0,1,1,1,1
2610,0,0,0,0,1,1,1,1,1,1
2611,1,1,0,1,1,1,1,1,1,1
2613,0,0,0,1,1,1,1,0,1,0
2615,,,0,0,1,1,1,1,1,0
2616,0,0,0,,0,0,1,1,1,1
2617,0,0,0,0,1,1,1,1,1,1
2618,0,1,1,1,1,1,1,1,1,1
2619,0,0,0,0,1,1,1,1,1,1
2620,0,0,0,1,1,0,1,1,1,1
2701,0,0,0,1,1,0,1,1,1,1
2702,0,1,0,0,1,0,1,1,1,1
2703,0,0,0,0,1,0,1,1,1,0
2704,0,0,0,0,1,0,0,1,1,1
2705,0,0,0,0,1,0,1,1,1,0
2706,0,0,0,0,1,0,1,1,1,1
2707,0,1,0,1,1,1,1,1,1,1
2708,0,0,0,0,1,1,1,1,1,1
2709,0,0,0,0,1,0,1,1,1,0
2710,0,0,0,0,1,0,1,1,1,1
2711,0,0,0,1,0,0,1,1,1,0
2712,0,1,0,0,1,0,0,1,1,0
2713,0,1,0,0,1,1,1,1,1,1
2714,1,0,0,0,0,0,0,1,1,0
2715,0,0,0,0,1,0,1,1,1,0
2716,0,0,0,0,1,1,1,1,1,1
2717,0,1,0,0,1,0,0,1,1,1
2718,0,0,0,1,1,1,1,1,1,1
2719,0,1,0,0,1,1,1,1,1,1
2801,0,0,0,0,1,0,1,1,1,0
2802,0,1,0,0,1,0,1,1,1,1
2803,0,0,0,0,1,1,1,1,1,0
2804,0,1,0,0,1,1,1,1,1,0
2805,0,0,0,0,1,1,1,1,1,0
2806,0,1,0,0,1,1,1,1,1,1
2807,0,0,1,1,1,1,1,1,1,1
2808,0,0,0,0,1,1,1,1,1,0
2809,0,0,0,0,1,0,1,1,1,1
2810,0,0,0,0,1,1,1,0,1,0
2811,0,0,0,0,1,0,0,1,1,1
2812,0,0,0,0,1,1,1,1,1,1
2813,0,0,0,1,1,1,1,1,1,1
2814,0,0,0,0,1,1,1,1,1,0
2815,0,0,0,0,1,1,1,1,1,1
2816,0,0,0,0,1,1,1,1,1,0
2817,0,0,0,0,1,1,1,1,1,0
2818,1,1,1,1,1,0,1,1,1,1
2819,0,0,1,1,1,1,1,1,1,1
2820,0,0,1,0,1,1,1,1,1,0
2901,0,1,0,0,1,0,1,1,1,0
2902,1,0,0,0,1,1,0,1,1,0
2903,0,1,1,1,1,1,1,1,1,0
2904,0,0,0,0,1,1,1,1,1,1
2905,1,1,0,0,1,1,1,1,1,1
2906,0,,1,1,1,0,1,1,1,0
2907,0,1,1,0,1,1,1,1,1,1
2908,0,1,0,1,1,1,1,1,1,1
2909,0,0,0,0,1,1,1,1,1,1
2910,0,0,0,1,1,1,1,1,1,1
2911,0,0,1,0,1,1,0,1,1,1
2912,1,1,0,1,1,1,1,1,1,0
2913,0,0,0,1,1,1,1,1,1,1
2914,0,0,1,1,1,0,1,1,1,1
2915,1,1,0,0,1,1,1,1,1,1
2916,1,1,0,0,1,1,1,1,1,1
2917,0,0,0,0,1,1,1,1,1,0
2918,0,0,0,0,1,1,1,1,1,0
2919,1,1,0,1,1,1,1,1,1,1
2920,0,1,0,0,1,1,1,1,1,0
3001,0,0,1,1,1,1,1,1,1,1
3002,0,0,1,0,1,1,1,1,1,1
3003,0,1,1,0,1,1,1,1,1,1
3004,0,1,1,1,1,1,1,1,1,1
3005,0,0,0,0,1,1,0,1,1,1
3006,0,0,1,0,1,1,1,1,1,1
3007,0,1,1,1,1,1,1,1,1,1
3008,0,1,1,1,1,1,1,1,1,1
3009,0,0,1,0,1,0,1,1,1,1
3010,0,1,1,1,1,1,1,1,1,1
3011,0,0,0,0,1,1,1,1,1,1
3012,0,1,1,0,1,1,1,1,1,1
3013,0,1,1,1,1,1,1,1,1,1
3014,0,0,0,1,1,1,1,1,1,1
3015,1,0,0,0,1,1,1,1,1,1
3016,0,0,0,0,1,1,1,1,1,1
3017,0,0,0,1,1,1,1,1,1,1
3018,0,1,1,1,1,1,1,1,1,1
3019,0,0,1,0,1,1,1,1,1,0
3020,0,1,1,1,1,1,1,1,1,1
3101,0,1,0,0,1,0,0,1,1,1
3102,0,1,0,0,1,0,1,1,1,1
3103,0,1,0,1,1,1,1,1,1,1
3104,1,0,0,0,0,0,1,1,1,1
3105,0,0,0,1,1,0,1,1,1,0
3106,0,0,0,1,1,0,1,1,1,1
3107,0,0,0,1,1,0,1,1,1,1
3108,0,0,0,0,1,0,1,1,1,1
3109,0,1,0,1,1,1,1,1,1,1
3110,0,0,1,0,1,0,0,1,1,1
3111,0,0,0,1,1,1,1,1,1,0
3112,1,1,0,0,1,0,1,0,1,0
3113,0,1,0,0,1,0,1,1,1,1
3114,0,1,0,1,0,0,1,0,1,1
3115,0,0,0,0,1,0,1,1,1,1
3116,0,0,0,0,1,0,1,1,1,0
3117,0,0,0,1,1,1,1,1,1,1
3118,0,1,0,0,1,1,1,1,1,1
3119,1,0,0,0,1,1,1,1,1,0
3120,0,1,0,0,1,0,1,1,1,1
3202,0,1,0,1,1,1,1,1,1,0
3203,0,0,0,1,1,1,1,1,1,1
3204,0,0,1,1,1,0,1,1,1,1
3205,0,0,1,1,1,1,1,1,1,1
3206,0,0,0,1,1,1,1,1,1,0
3207,0,0,0,1,1,0,1,1,1,1
3208,0,1,0,1,1,1,1,1,1,1
3209,0,0,0,0,1,0,1,1,1,0
3210,0,0,0,0,1,1,1,1,1,0
3211,0,0,1,0,1,1,1,1,1,1
3212,0,0,1,0,0,1,1,1,1,0
3213,1,1,0,0,1,0,1,1,1,1
3214,0,1,0,1,1,1,1,1,1,1
3215,0,0,0,0,1,1,1,1,1,1
3216,0,0,0,0,1,0,0,0,1,0
3217,0,0,0,0,1,1,0,1,1,0
3218,0,1,0,0,1,1,1,1,1,0
3219,0,1,0,0,1,1,1,1,1,1
3220,0,0,0,0,1,1,1,1,1,0
3301,0,0,1,1,1,1,1,1,1,1
3302,0,1,1,0,1,1,1,1,1,1
3303,0,0,1,0,1,1,1,1,1,1
3304,0,0,0,0,1,1,1,1,1,1
3305,0,0,0,1,1,1,1,1,1,1
3306,0,1,0,1,1,1,1,1,1,1
3307,0,1,0,0,1,0,1,1,1,1
3308,1,1,1,1,1,1,1,1,1,1
3309,0,0,0,1,1,0,1,1,1,1
3310,0,0,0,0,1,0,1,1,1,1
3311,0,0,0,1,1,0,1,0,1,1
3312,0,1,0,0,1,0,1,1,1,1
3313,0,0,0,1,1,0,1,1,1,1
3314,0,0,0,1,1,0,1,1,1,1
3315,0,0,0,1,1,1,1,1,1,0
3316,0,0,0,1,1,1,1,1,1,1
3317,0,0,0,0,1,0,1,0,1,0
3318,0,0,0,0,1,1,1,1,1,1
3319,0,0,0,1,1,1,1,0,1,1
3320,0,0,0,0,1,0,1,1,1,0
3401,0,0,0,1,1,1,1,1,1,1
3402,0,0,0,1,1,1,0,1,1,1
3403,0,1,0,1,1,0,1,1,1,1
3404,0,0,0,0,1,1,1,1,1,1
3405,0,1,1,0,1,1,1,0,1,1
3406,0,0,0,0,1,1,1,1,1,1
3407,0,0,1,1,1,1,1,1,1,1
3408,0,0,0,0,1,1,1,1,1,0
3409,0,0,0,1,1,1,1,1,1,0
3410,1,0,0,0,1,1,1,1,1,1
3411,0,1,0,0,1,1,1,1,1,0
3412,0,1,0,1,1,1,0,1,1,1
3413,0,1,0,0,0,1,0,1,1,0
3414,0,0,0,0,1,1,1,1,1,1
3416,0,0,0,0,1,1,1,1,1,0
3417,1,1,1,0,0,1,1,1,1,0
3418,0,0,0,0,1,1,1,1,1,1
3419,0,0,1,1,1,1,1,1,1,1
3420,0,0,0,1,1,1,1,1,1,1
3501,0,1,0,1,1,0,1,1,1,1
3502,1,0,0,0,1,1,1,1,1,1
3503,0,0,0,1,1,1,1,1,1,1
3504,0,0,1,0,1,1,1,1,0,1
3505,0,1,0,1,1,1,1,1,1,1
3506,0,0,0,0,1,1,1,1,1,1
3507,0,0,0,0,1,1,1,1,1,1
3509,0,0,0,0,1,0,1,1,1,1
3510,0,0,0,1,1,1,1,1,1,1
3511,0,0,0,1,1,1,1,1,1,0
3512,0,1,1,1,1,1,1,1,1,1
3513,0,1,1,1,1,1,1,1,1,1
3514,0,0,0,1,1,1,1,1,1,1
3515,0,1,0,1,1,1,1,1,1,0
3516,0,1,0,0,1,1,1,1,1,1
3517,0,0,0,0,1,1,1,1,1,1
3518,0,1,0,1,1,1,1,1,1,1
3519,0,0,0,1,1,1,1,1,1,1
3520,0,1,1,1,1,1,1,1,1,1
3601,0,0,0,0,1,1,1,1,1,1
3602,0,0,0,0,1,1,1,1,1,1
3603,0,1,0,0,1,0,1,1,1,1
3604,0,1,0,1,,1,1,1,1,0
3605,0,0,0,0,1,0,1,1,1,1
3606,0,1,0,1,1,0,1,1,1,0
3607,0,0,0,1,1,1,1,1,1,1
3609,0,0,0,1,1,1,1,1,1,1
3610,0,0,0,1,1,1,1,1,1,1
3611,1,1,0,1,1,0,1,1,1,1
3613,0,1,0,0,0,0,1,1,1,1
3614,0,1,1,1,1,1,1,1,1,0
3615,0,1,0,0,1,1,1,1,1,1
3616,1,0,1,1,1,0,1,1,1,1
3617,0,1,0,1,1,0,1,1,1,1
3618,0,0,0,0,1,1,1,0,1,1
3619,0,0,0,0,1,1,1,1,1,0
3620,0,0,0,1,1,1,1,1,1,1
3701,0,0,0,1,1,1,1,1,1,1
3702,0,0,0,1,1,1,1,1,1,1
3703,0,0,1,,1,1,1,1,1,1
3704,0,0,0,0,1,1,1,1,1,1
3705,0,0,0,1,1,1,1,1,1,1
3707,0,0,1,1,1,1,1,1,1,1
3708,0,1,0,1,1,1,1,1,1,1
3709,0,1,1,1,1,1,1,1,1,1
3710,0,0,1,1,1,1,1,1,1,1
3711,,0,0,0,1,1,1,1,1,1
3715,0,0,0,1,1,1,1,1,1,1
3716,0,1,0,1,1,1,1,1,1,1
3717,1,1,0,0,1,1,1,1,1,0
3718,1,0,0,0,1,1,1,1,1,1
3719,0,1,0,1,1,1,1,1,1,1
3720,0,1,0,1,1,1,1,1,1,1
3801,0,1,0,1,1,1,1,1,1,1
3802,0,0,0,1,1,1,1,1,1,1
3803,0,0,0,1,1,1,1,1,1,1
3804,0,1,0,1,1,1,1,1,1,1
3805,0,0,0,1,1,1,1,1,1,1
3807,0,0,0,1,1,1,1,1,1,1
3808,,1,0,1,1,1,1,1,1,1
3809,0,0,0,1,1,1,1,1,1,0
3810,1,0,0,1,1,1,1,1,1,1
3811,0,1,1,1,1,1,1,1,1,1
3812,0,1,0,0,1,1,1,1,1,1
3813,0,1,0,0,1,1,1,1,1,0
3814,0,0,0,1,1,1,1,1,1,1
3815,0,0,0,1,1,1,1,1,1,0
3816,0,0,0,1,1,1,1,1,1,1
3818,1,0,0,0,1,1,1,1,1,1
3819,0,1,0,0,1,1,1,1,1,1
3820,0,0,0,1,1,0,1,1,1,1
3901,0,1,0,0,1,1,1,1,1,0
3902,1,0,0,1,1,1,1,1,1,1
3905,0,1,0,0,1,0,1,1,1,1
3906,1,0,0,1,1,0,1,1,1,1
3907,1,0,0,0,1,0,1,1,1,1
3908,0,0,0,1,1,0,1,1,1,1
3909,0,1,1,1,1,0,1,1,1,1
3910,0,0,0,0,1,1,1,1,1,1
3911,0,0,0,1,1,1,1,1,1,1
3912,0,1,0,0,1,0,1,1,1,1
3913,0,1,0,1,1,1,1,1,1,1
3914,1,0,0,0,1,0,1,1,1,1
3915,0,0,0,0,1,1,1,1,1,1
3916,1,0,0,1,1,0,1,1,1,1
3918,0,1,1,0,1,1,1,1,1,1
3919,1,1,0,0,1,0,1,1,1,1
3920,0,1,1,0,1,0,1,1,1,1
4001,0,1,0,0,0,1,1,1,1,0
4002,0,0,1,0,1,1,1,1,1,1
4003,0,1,0,1,0,0,1,1,1,1
4004,1,1,0,0,1,0,1,1,1,1
4005,0,1,1,,1,0,0,1,1,1
4006,,0,1,0,1,1,1,1,1,1
4007,0,0,0,0,1,1,1,1,1,1
4008,0,0,0,0,0,0,1,0,1,0
4009,0,0,0,0,1,0,1,1,1,1
4010,0,0,0,0,0,0,1,0,1,1
4011,0,0,0,1,0,1,1,1,1,1
4012,0,0,1,1,1,1,1,1,1,1
4013,0,0,0,1,1,1,1,1,1,1
4014,1,0,0,0,1,1,1,1,1,1
4015,0,0,0,0,1,0,1,1,1,1
4016,0,1,1,1,1,1,1,1,1,1
4018,0,0,0,1,0,1,1,1,1,1
4019,0,0,0,0,0,0,1,0,1,1
4020,0,1,0,0,0,0,1,1,1,0
4101,1,1,1,0,0,1,1,1,1,1
4102,0,0,0,0,0,1,1,1,1,1
4103,0,0,1,0,0,0,0,0,1,0
4104,0,0,0,0,0,1,1,0,1,0
4105,0,1,0,1,0,0,1,1,1,1
4106,0,0,0,1,0,1,1,0,1,1
4107,0,1,1,0,0,1,1,0,1,0
4108,0,0,0,1,0,1,1,1,1,0
4109,1,0,0,1,0,1,1,1,1,1
4110,0,0,0,1,0,1,1,1,1,1
4111,0,0,0,0,0,1,1,1,1,1
4112,1,1,0,0,0,0,1,0,1,1
4113,0,0,0,1,0,1,1,1,1,1
4114,0,1,0,0,0,1,1,1,1,1
4115,0,0,0,0,0,1,1,1,1,1
4116,0,0,0,0,0,1,1,1,1,1
4117,0,0,0,0,0,1,1,1,1,1
4118,0,1,0,0,0,1,1,1,1,1
4119,0,1,0,0,0,1,1,0,1,0
4120,0,0,0,0,0,1,0,0,1,0
4201,0,0,0,0,1,1,1,1,1,1
4203,0,1,1,0,1,1,1,1,1,1
4204,0,0,0,0,1,1,1,1,1,1
4205,0,0,0,1,1,1,1,1,1,1
4206,0,0,0,0,1,1,1,1,1,1
4207,0,0,0,1,1,1,1,1,1,1
4208,0,1,1,0,1,0,0,0,1,0
4209,0,0,1,0,1,1,1,1,1,1
4210,0,0,0,0,1,1,1,1,1,1
4211,0,0,0,0,1,1,1,1,1,0
4213,0,1,0,1,1,1,1,1,1,1
4214,0,0,0,0,1,1,0,1,1,1
4215,0,0,0,0,1,1,1,1,1,1
4217,0,0,0,0,1,0,1,1,1,1
4218,0,1,0,0,1,0,1,1,1,1
4219,0,0,0,0,1,0,1,1,1,1
4220,1,1,1,0,1,0,0,1,1,1
4301,1,0,1,1,1,1,1,1,1,1
4303,0,0,0,1,1,1,1,1,1,1
4304,1,0,0,1,1,1,1,1,1,1
4305,0,0,1,0,1,1,1,1,1,1
4306,0,0,0,0,1,1,1,1,1,1
4307,0,0,0,1,1,1,1,1,1,1
4308,0,0,0,1,1,1,1,1,1,1
4310,0,1,1,1,1,1,1,1,1,1
4311,0,0,1,1,1,1,1,1,1,1
4312,0,0,1,1,1,1,1,1,1,1
4313,0,0,1,1,1,1,1,1,1,1
4314,0,0,0,1,1,1,1,1,1,1
4315,0,0,0,1,1,1,1,1,1,1
4317,1,0,0,0,1,1,1,1,1,0
4318,0,0,0,1,1,1,1,1,1,1
4319,0,0,0,1,1,1,1,1,1,1
4320,0,0,1,1,1,1,1,1,1,1
4401,0,1,0,1,1,1,1,1,1,1
4402,0,1,0,1,1,1,1,1,1,1
4403,0,1,0,1,1,1,1,1,1,1
4404,0,0,1,1,1,0,0,1,1,1
4405,0,0,0,1,1,1,1,1,1,1
4406,0,0,0,0,1,1,1,1,1,1
4407,1,1,1,1,1,1,1,1,1,1
4408,0,0,0,1,1,0,1,1,1,1
4409,0,1,0,0,1,1,1,1,1,1
4410,0,0,0,0,1,1,1,1,1,0
4411,0,0,0,1,1,0,1,1,1,0
4412,0,1,0,,0,1,1,1,1,1
4413,0,0,0,1,1,1,1,1,1,1
4414,0,1,0,1,1,1,1,1,1,1
4415,0,0,1,0,1,0,1,1,0,1
4417,0,0,1,1,1,0,1,1,1,1
4418,0,1,0,1,1,0,1,1,1,1
4419,0,1,0,1,0,1,1,1,1,1
4420,0,1,1,0,1,1,1,1,1,0
4501,0,1,0,0,1,0,1,1,1,1
4502,0,1,0,1,1,0,1,1,1,1
4503,0,0,1,1,1,0,1,1,1,1
4504,0,1,0,1,1,0,1,1,1,1
4505,0,1,1,0,1,0,1,1,1,1
4506,0,0,0,1,1,0,1,1,1,1
4507,0,1,1,1,1,0,1,1,1,1
4509,1,1,1,1,1,0,1,1,1,1
4510,,0,0,0,1,0,1,1,1,0
4511,0,1,1,0,1,0,1,1,1,1
4512,,0,1,0,1,0,1,1,1,0
4513,0,0,0,1,1,0,1,1,1,1
4514,0,0,0,1,1,0,1,1,1,1
4515,0,0,0,0,0,0,0,1,1,0
4516,0,0,0,0,1,0,1,1,1,0
4517,0,0,0,1,1,0,1,1,0,1
4518,0,0,0,1,1,0,1,1,0,1
4519,0,1,0,0,1,1,1,1,1,1
4520,,0,0,0,1,1,1,1,1,1
4601,,0,1,1,1,1,1,1,1,1
4602,0,0,0,1,1,1,1,1,1,1
4603,0,0,0,1,1,1,1,1,1,1
4604,0,1,1,1,1,0,1,1,1,1
4605,1,1,1,1,1,0,1,1,1,1
4606,0,0,0,1,1,0,1,1,1,0
4607,0,0,0,1,1,0,1,1,1,1
4608,0,0,1,1,0,1,1,1,1,1
4609,1,0,0,1,1,0,1,0,1,0
4610,1,1,1,1,1,0,1,1,1,1
4611,,0,0,0,1,1,1,1,1,0
4612,0,0,1,1,1,0,0,0,1,0
4613,0,0,0,1,1,0,1,1,1,1
4614,0,0,0,1,1,1,1,1,1,1
4615,0,0,0,1,1,0,0,1,1,1
4616,0,1,1,1,1,1,1,1,1,1
4617,0,0,1,1,1,0,1,1,0,1
4618,0,1,1,0,1,0,1,1,1,0
4619,0,0,1,1,1,0,1,1,1,1
4620,0,0,0,1,1,0,1,1,1,1
4701,0,0,1,1,1,1,1,1,1,1
4702,0,1,0,1,1,1,1,1,1,1
4703,1,1,0,0,1,1,1,1,1,1
4704,0,0,0,1,1,1,1,1,1,1
4705,0,0,1,1,1,1,1,1,1,1
4706,0,0,1,0,1,1,1,1,1,1
4707,0,0,1,0,1,1,1,0,1,1
4708,1,1,1,1,1,1,1,1,1,0
4709,0,0,0,1,1,1,1,1,1,1
4710,0,0,0,1,1,1,1,1,1,1
4711,0,1,0,1,1,1,1,1,1,0
4712,0,0,1,1,1,1,1,1,1,1
4713,0,1,1,1,1,1,1,1,1,1
4714,0,1,0,1,0,1,1,1,1,1
4715,0,1,0,1,1,1,1,1,1,1
4716,0,1,1,1,1,1,1,1,1,1
4717,,,1,1,1,1,1,1,1,1
4718,0,0,0,1,1,1,1,1,1,1
4719,0,0,1,1,1,1,1,1,1,1
4720,0,0,0,1,1,1,1,1,1,1
4801,0,0,0,1,1,1,1,1,1,1
4802,0,1,1,1,1,1,1,1,1,1
4803,0,1,0,1,1,1,1,1,1,1
4804,0,0,0,1,1,1,1,1,1,1
4805,0,1,1,1,1,1,1,1,1,1
4806,0,0,0,1,1,1,1,1,1,1
4807,,,0,1,1,0,1,1,1,1
4808,0,0,0,0,1,1,1,1,1,0
4809,,,0,1,1,1,1,1,1,1
4810,,0,0,1,1,1,1,1,1,1
4811,1,1,0,0,0,1,1,1,1,1
4812,0,1,1,0,1,0,1,1,1,1
4813,0,0,0,0,1,0,1,1,1,1
4815,0,1,0,1,1,0,1,0,1,0
4816,0,0,0,0,1,0,1,1,1,1
4817,0,1,0,0,1,1,1,1,1,1
4819,0,0,0,1,1,1,1,1,1,0
4820,0,0,0,0,1,1,1,1,1,1
4902,0,0,0,1,1,0,1,1,1,1
4903,0,0,0,1,1,0,1,0,1,1
4904,0,0,0,1,1,1,1,1,1,1
4906,0,0,0,1,1,1,1,1,1,1
4907,0,1,0,0,1,0,1,0,1,0
4908,0,1,1,0,1,1,1,1,1,0
4910,0,1,1,1,1,0,1,1,1,0
4912,0,1,0,1,1,1,1,1,1,1
4913,0,0,0,0,1,1,1,1,1,1
4914,0,0,0,1,1,1,1,1,1,1
4915,0,1,1,0,1,1,1,1,1,1
4916,0,1,0,0,1,1,1,1,1,0
4917,0,0,0,1,1,1,1,0,1,0
4918,0,0,0,1,1,1,1,1,1,1
4919,1,0,0,1,1,1,1,0,1,0
4920,0,1,0,0,1,0,1,0,1,0
5001,0,0,0,1,1,1,1,1,1,1
5002,0,1,0,0,1,1,1,1,1,1
5003,0,1,1,0,1,1,1,1,1,1
5004,0,0,0,0,1,1,1,1,1,1
5005,0,1,1,0,1,1,1,1,1,0
5006,,0,0,1,1,1,1,1,1,1
5007,0,1,0,1,1,0,1,1,0,1
5008,0,0,0,0,1,0,1,1,1,1
5009,0,0,0,1,0,0,1,1,1,0
5010,0,0,0,0,1,1,1,1,1,1
5011,0,0,0,1,1,1,1,1,1,1
5012,0,1,0,1,1,1,1,1,1,1
5013,0,0,0,1,1,1,1,1,1,1
5014,1,1,1,1,1,1,1,1,1,1
5015,1,1,0,0,1,1,1,1,1,0
5016,0,1,0,1,1,1,1,1,1,1
5017,0,0,1,1,1,0,1,1,1,1
5018,0,0,0,1,1,0,1,1,1,1
5019,0,0,0,1,1,1,1,1,1,1
5020,0,1,0,0,1,1,1,1,1,1
5105,0,0,0,1,1,1,1,1,1,1
5107,0,0,0,1,1,1,1,1,1,1
5108,0,0,0,1,1,1,1,1,1,1
5109,1,1,0,1,1,0,1,1,1,1
5110,0,1,0,1,1,1,1,1,1,1
5112,,0,0,1,1,1,1,1,1,1
5113,0,0,0,1,1,1,1,1,1,1
5114,0,0,0,1,1,0,1,1,1,1
5115,0,0,0,1,1,0,1,1,1,1
5116,0,0,0,1,1,1,1,1,1,1
5117,0,0,1,1,1,1,1,1,1,1
5118,0,0,0,1,1,1,1,1,1,0
5120,0,1,0,1,1,0,1,1,1,1
5201,0,0,0,0,1,1,1,1,1,0
5202,0,0,0,1,1,1,1,1,1,1
5203,,1,0,0,1,0,1,1,1,1
5204,0,1,1,0,1,1,1,1,1,1
5205,0,0,0,0,1,1,1,1,1,1
5207,1,1,1,0,1,1,1,1,1,1
5208,0,0,0,1,1,0,1,1,1,1
5209,0,0,0,1,1,1,1,1,1,1
5210,0,0,0,1,1,0,1,1,1,1
5211,0,0,0,0,1,0,1,1,1,1
5212,0,1,0,1,1,0,1,1,1,1
5213,0,0,0,1,1,1,1,1,1,1
5214,0,1,0,0,1,1,1,1,1,1
5215,0,1,0,0,1,0,1,1,1,1
5216,0,0,1,0,1,0,1,1,1,0
5217,0,0,0,0,1,1,1,0,1,0
5218,0,1,0,0,1,0,1,1,1,0
5219,1,1,1,0,1,1,1,1,1,1
5220,0,0,0,1,1,0,1,1,1,1
5301,0,1,1,0,1,1,1,1,1,0
5302,0,0,0,0,1,1,1,1,1,1
5303,0,0,0,0,1,1,1,1,1,1
5304,0,0,0,0,1,1,1,1,1,1
5305,0,0,0,0,1,1,1,1,1,0
5306,0,1,0,0,1,1,1,1,1,0
5307,0,1,1,0,1,1,1,1,1,1
5308,0,0,0,1,1,1,1,1,1,1
5309,0,0,1,0,1,1,1,1,1,1
5310,0,0,1,0,1,1,1,1,1,1
5311,0,0,1,1,1,1,1,1,1,1
5312,0,0,0,1,1,1,1,1,1,1
5313,0,0,0,1,1,1,1,1,1,1
5314,0,0,0,0,1,1,1,1,1,1
5315,0,0,0,1,1,1,1,1,1,1
5316,0,0,0,1,1,0,1,1,1,1
5317,0,1,0,0,1,1,1,1,1,1
5318,0,1,0,1,1,1,1,1,1,1
5319,0,0,0,1,1,1,1,1,1,1
5320,0,1,0,1,1,0,1,1,1,1
5401,0,0,0,0,1,0,1,1,1,1
5402,0,1,0,0,1,0,1,1,1,1
5403,1,0,0,1,1,0,1,1,1,1
5404,1,0,1,1,1,0,1,1,1,1
5405,0,0,1,0,1,0,1,1,1,1
5406,0,0,0,1,1,1,1,1,1,1
5407,1,1,0,0,1,0,1,1,1,0
5408,0,0,0,1,1,0,1,1,1,1
5409,0,0,0,0,1,1,1,1,1,0
5410,0,0,0,1,1,0,1,1,1,1
5411,0,1,0,0,1,0,1,1,1,1
5412,0,1,1,1,1,0,1,1,1,1
5413,0,0,1,0,1,0,1,1,1,1
5414,0,1,0,0,1,0,1,1,1,1
5415,0,1,0,0,1,0,1,1,1,1
5416,0,0,0,1,1,1,1,1,1,1
5417,0,0,1,0,1,1,1,1,1,0
5418,1,1,0,0,1,0,1,1,1,1
5419,0,0,0,0,1,0,1,1,1,0
5502,0,0,0,1,1,0,1,1,1,1
5503,0,0,0,0,1,1,1,1,1,0
5504,0,1,0,1,1,1,1,1,1,1
5505,0,1,0,0,1,0,1,1,1,0
5506,0,0,0,0,1,0,1,1,1,0
5507,0,0,0,0,1,0,1,1,1,1
5508,0,0,0,0,1,0,1,1,0,1
5509,0,1,1,0,1,1,1,1,1,1
5510,0,0,0,0,1,0,1,1,1,1
5511,0,1,0,0,1,1,1,1,1,1
5512,0,1,1,0,1,1,1,1,1,0
5513,0,0,0,0,1,0,1,1,1,0
5514,,1,0,0,1,1,1,1,1,1
5515,0,0,0,1,1,1,1,1,1,1
5516,0,0,0,0,1,1,1,1,1,1
5517,0,1,0,0,1,1,1,1,1,1
5518,0,0,0,1,1,1,1,0,1,1
5519,0,0,0,0,1,1,1,1,1,1
5520,0,0,0,0,1,0,1,1,1,1
5602,0,1,0,0,1,0,1,1,1,1
5603,0,0,0,0,1,0,1,1,1,1
5604,0,0,0,0,1,0,1,1,1,0
5605,0,1,0,1,1,1,0,1,1,1
5606,0,0,0,0,1,0,1,1,1,1
5607,0,1,1,1,1,1,1,0,1,0
5608,0,1,0,0,1,1,1,1,1,1
5609,0,0,0,0,1,1,1,1,1,1
5611,0,1,0,,1,1,1,1,1,1
5612,0,0,0,1,1,1,1,1,1,1
5613,1,1,0,0,1,1,1,1,1,1
5614,0,1,0,1,1,1,1,1,1,1
5615,0,0,0,1,1,0,1,1,1,1
5616,0,0,0,0,1,0,1,1,1,0
5617,0,1,0,0,1,0,1,1,1,0
5618,0,0,0,0,1,0,1,1,1,1
5619,0,0,0,0,1,0,1,1,1,1
5620,1,1,0,0,1,0,0,1,1,0
5702,0,1,0,1,1,0,1,1,1,0
5703,1,1,0,0,1,0,1,1,1,1
5704,0,1,0,0,1,0,1,1,1,0
5705,0,0,0,1,1,0,1,1,1,1
5706,1,1,1,1,1,0,1,1,1,1
5707,0,0,0,0,1,0,1,1,1,0
5711,0,0,0,1,1,1,1,1,1,0
5712,0,1,0,0,1,1,1,1,1,0
5714,1,0,0,0,1,0,1,1,1,1
5715,0,0,0,1,1,0,1,1,1,1
5716,1,0,0,0,1,1,1,1,1,1
5717,0,0,0,0,0,1,1,1,1,1
5718,0,0,1,1,1,1,1,1,1,1
5719,0,0,0,1,1,0,1,1,1,1
5720,0,0,0,0,1,0,1,1,1,1
5801,0,0,0,1,0,1,1,1,1,1
5802,0,1,0,1,1,1,1,1,1,1
5803,0,0,1,1,1,1,1,1,1,1
5804,0,0,0,1,1,1,1,1,1,1
5805,1,1,1,1,1,1,1,1,1,1
5806,0,1,1,1,1,1,1,1,1,1
5807,0,1,1,1,0,1,1,1,1,1
5808,0,1,0,1,1,1,1,1,1,1
5809,0,0,0,1,1,1,1,1,1,1
5810,0,1,1,1,1,1,1,1,1,1
5811,1,0,0,1,1,1,1,1,1,1
5812,0,0,1,1,1,1,1,1,1,1
5813,0,1,0,0,1,1,1,1,1,1
5814,1,1,0,1,1,1,1,1,1,1
5815,0,0,0,1,1,1,1,1,1,1
5816,1,1,1,1,0,1,1,1,1,1
5817,0,0,1,1,1,1,1,1,1,1
5818,0,0,0,1,1,1,1,1,1,1
5819,0,0,1,1,1,1,1,1,1,1
5820,0,1,1,1,1,1,1,0,1,1
5901,0,0,0,1,1,1,1,1,1,1
5902,0,1,0,0,1,1,1,1,1,0
5903,0,1,0,0,1,1,1,1,1,1
5904,0,1,1,1,1,1,1,1,1,1
5905,0,0,0,1,1,1,1,1,1,1
5906,0,0,0,0,1,1,1,1,1,1
5907,0,0,0,1,1,1,1,1,1,1
5908,0,0,0,0,1,1,1,1,1,0
5909,1,1,0,0,1,1,1,1,1,1
5910,0,1,1,1,1,1,1,1,1,0
5911,0,1,0,1,1,1,1,1,1,1
5912,0,1,0,0,1,1,1,0,1,1
5914,0,1,0,0,1,1,1,1,1,1
5915,0,0,1,1,1,1,1,1,1,0
5916,0,1,0,0,1,1,1,1,1,1
5917,0,1,0,0,1,1,1,1,1,0
5918,0,0,0,1,1,1,1,1,1,1
5919,0,0,0,0,1,1,1,1,1,0
5920,0,0,0,1,1,1,1,1,1,1
6001,1,1,1,0,1,1,1,1,1,1
6002,0,0,1,1,1,1,1,1,1,1
6003,0,1,1,1,0,1,1,1,1,1
6004,0,1,1,1,0,1,1,1,1,1
6005,0,1,0,1,1,0,1,1,1,1
6006,0,0,1,1,1,0,1,1,1,1
6007,0,1,0,1,1,1,1,1,1,1
6008,0,1,0,1,1,0,1,1,1,1
6009,1,1,0,0,1,0,1,1,1,0
6010,0,0,0,0,1,0,1,1,1,1
6011,0,0,1,1,1,0,1,1,1,1
6012,0,1,0,0,1,0,1,1,1,1
6013,1,0,0,0,1,0,1,1,1,1
6014,0,1,1,1,1,1,1,1,1,1
6015,0,1,1,1,0,1,1,1,1,1
6016,0,1,1,1,1,0,1,1,1,1
6017,0,0,0,1,1,0,1,1,1,1
6018,1,1,1,1,1,1,1,1,1,1
6020,0,0,0,0,1,1,1,1,1,0
6101,0,1,0,1,1,1,1,0,1,1
6102,0,1,0,0,1,1,1,1,1,1
6103,1,0,0,1,0,1,1,1,1,1
6104,0,1,1,1,1,1,1,1,1,1
6105,,0,0,0,0,1,1,1,1,1
6106,0,0,0,1,1,1,1,1,1,1
6107,0,1,0,0,1,1,1,1,1,1
6108,0,0,0,1,1,1,1,1,1,1
6109,0,1,1,0,1,1,1,1,1,1
6110,0,0,1,1,1,1,1,1,1,1
6111,0,0,1,1,1,1,1,1,1,1
6112,0,1,0,0,1,1,1,1,1,1
6113,0,1,0,1,1,1,1,1,1,1
6114,1,0,0,0,0,1,1,1,1,0
6116,0,0,0,1,0,1,1,1,1,1
6117,0,0,0,1,1,1,1,1,1,1
6118,0,0,0,0,1,1,1,1,1,0
6119,0,1,0,0,1,1,1,1,1,1
6201,1,1,1,0,1,1,1,1,1,0
6202,0,1,1,0,1,1,1,1,1,1
6203,0,1,0,1,1,1,1,1,1,1
6204,0,0,0,1,1,1,1,1,1,1
6205,1,0,0,0,1,1,1,1,1,1
6206,0,0,0,1,1,1,1,1,1,0
6207,0,0,1,1,1,1,1,1,1,1
6208,0,0,0,1,1,1,1,1,1,0
6209,0,0,0,1,1,1,1,1,1,1
6210,0,0,0,1,1,1,1,1,1,1
6211,0,0,0,0,1,1,1,1,1,0
6212,1,0,0,1,1,1,1,1,1,0
6213,0,1,0,0,1,1,1,1,1,1
6214,0,1,0,1,1,1,1,1,1,1
6215,0,0,0,1,1,1,1,0,1,1
6216,0,0,1,1,1,0,1,1,1,1
6217,0,0,0,1,1,1,1,1,1,1
6218,0,0,0,1,1,1,1,1,1,1
6219,0,1,1,1,1,0,1,1,1,1
6220,0,1,0,1,0,0,1,1,1,1
6301,0,0,0,0,1,0,1,1,1,1
6302,0,1,0,0,1,0,1,1,1,0
6303,0,1,1,0,1,1,1,1,1,1
6304,0,0,0,0,1,0,1,1,1,1
6305,0,1,0,0,1,0,1,1,1,1
6306,0,0,0,0,1,1,1,1,1,1
6307,0,1,0,1,1,1,1,1,1,1
6308,0,0,0,0,1,1,1,1,1,1
6309,0,1,0,0,1,1,1,1,1,1
6310,0,1,0,0,1,1,1,1,1,1
6311,0,1,0,0,1,1,1,1,1,0
6312,0,0,1,0,1,0,1,1,1,1
6313,0,0,0,1,1,1,1,1,1,1
6314,0,1,0,0,1,1,1,1,1,1
6315,0,1,0,1,1,1,1,1,1,1
6316,1,1,0,0,1,1,0,1,1,1
6317,0,1,0,1,1,1,1,1,1,1
6318,0,1,0,0,1,1,0,1,1,0
6319,1,0,0,0,1,1,1,1,1,1
6320,1,0,0,0,1,1,0,1,1,0
6501,1,1,1,0,1,0,1,1,1,0
6502,0,0,0,0,1,1,1,1,1,0
6503,0,1,0,0,1,0,1,1,1,1
6504,1,1,0,0,1,0,1,1,1,0
6505,0,1,0,0,1,0,1,1,1,1
6506,0,0,0,0,1,0,1,1,0,1
6507,0,1,0,0,1,0,1,1,1,1
6508,0,1,0,0,1,0,1,1,1,0
6509,0,0,0,0,1,1,0,1,1,1
6510,0,0,0,0,1,1,1,0,1,1
6511,0,0,0,0,1,1,1,1,1,1
6512,0,0,0,0,1,0,1,1,1,0
6513,0,0,0,0,1,1,1,1,1,1
6514,0,1,0,0,1,1,1,1,1,1
6515,0,0,0,0,1,1,1,1,1,1
6516,1,0,0,0,1,0,1,1,1,1
6517,0,0,0,0,1,0,1,1,1,0
6518,0,1,0,0,1,0,1,1,1,0
6519,0,1,0,1,1,0,1,1,1,1
6520,1,1,1,1,1,0,1,1,1,0
6601,0,1,0,1,1,1,1,1,1,1
6602,0,0,0,1,1,1,1,1,1,1
6603,0,1,0,0,1,0,1,1,1,1
6604,0,1,1,0,0,0,1,1,1,0
6605,1,1,0,0,1,1,1,1,1,1
6606,1,1,0,0,1,1,1,0,1,1
6607,0,0,0,0,1,1,1,1,1,1
6608,0,0,0,0,1,0,1,1,1,0
6609,0,1,0,0,1,0,1,1,1,1
6610,1,1,0,1,1,1,1,1,1,1
6611,0,1,0,1,1,0,1,1,1,1
6612,0,0,0,1,1,0,1,1,1,1
6613,0,0,0,1,1,1,1,1,1,1
6614,0,0,0,1,1,1,1,1,1,1
6615,0,1,1,0,1,1,1,1,1,1
6616,0,0,0,1,1,0,1,1,1,1
6617,0,0,0,0,1,1,1,1,1,1
6618,0,0,0,1,1,0,1,1,1,1
6619,0,1,0,1,1,0,1,1,1,1
6620,0,0,0,1,1,0,1,1,1,1
6701,0,0,0,0,1,1,1,1,1,1
6702,0,0,0,0,1,1,1,1,1,0
6703,0,0,0,0,1,1,1,1,1,1
6704,0,0,0,1,1,1,1,1,1,1
6705,0,0,0,1,1,1,1,1,1,1
6706,0,0,1,0,1,1,0,1,1,1
6707,0,0,0,0,1,0,1,1,1,1
6708,0,0,0,1,1,0,1,1,1,1
6709,0,0,0,0,1,1,1,1,1,0
6710,0,0,0,0,1,1,1,1,1,1
6711,0,1,0,0,1,0,1,1,1,1
6712,0,1,0,0,1,0,1,1,1,1
6713,0,1,0,0,1,0,1,1,1,1
6714,0,1,0,1,1,1,1,1,1,0
6715,0,0,0,0,1,1,1,1,1,1
6716,0,0,0,0,1,1,1,1,1,1
6717,0,1,0,0,1,1,1,1,1,1
6718,0,1,1,0,1,1,1,1,1,1
6719,0,1,0,0,1,1,1,1,1,0
6720,0,1,0,0,1,1,1,1,1,0
6801,0,0,1,1,1,1,1,1,1,1
6802,0,0,1,1,1,1,1,1,1,1
6803,0,1,1,0,1,1,1,1,1,1
6804,,1,0,0,1,1,1,1,1,0
6805,0,1,0,0,1,0,1,1,1,1
6806,0,1,0,0,1,1,0,1,1,0
6807,0,1,0,0,1,1,1,1,1,1
6808,0,0,1,1,1,1,0,1,1,1
6809,0,1,0,0,1,1,1,1,1,0
6811,0,0,1,0,1,1,1,1,1,1
6812,0,1,0,0,1,1,1,1,1,1
6813,0,1,0,0,1,1,1,1,1,1
6815,0,0,0,0,1,1,1,1,1,1
6816,0,1,0,1,1,1,1,1,1,1
6817,0,0,0,1,1,1,1,0,1,0
6818,0,0,0,0,1,1,1,1,1,1
6819,0,0,0,1,1,1,1,1,1,1
6820,0,1,0,0,1,1,1,1,1,1
6901,0,0,0,0,1,1,1,1,0,1
6902,0,0,0,1,1,1,1,1,1,1
6903,0,1,0,1,1,0,1,1,1,1
6904,0,0,0,0,1,1,1,1,1,1
6905,0,0,0,1,1,0,1,1,1,0
6906,0,0,0,1,1,1,1,1,1,0
6907,0,1,0,1,1,1,1,1,1,1
6908,0,0,1,0,1,1,1,1,1,0
6909,1,1,0,1,1,1,1,1,1,1
6910,0,0,1,1,1,1,1,1,1,1
6911,0,1,1,1,1,1,1,1,1,1
6912,0,1,1,0,1,1,1,1,1,1
6913,0,1,1,1,1,0,1,1,1,1
6914,0,1,1,1,1,1,1,1,1,1
6916,0,1,0,1,1,1,1,1,1,1
6917,1,0,0,1,1,1,1,1,1,1
6918,0,0,0,1,1,1,1,1,1,1
6920,0,1,1,1,1,1,1,1,1,1
7001,1,0,1,0,1,1,1,1,1,1
7002,0,0,0,0,1,1,1,1,1,0
7003,,,1,0,1,1,1,1,1,1
7004,0,0,0,0,1,1,1,1,1,1
7005,0,1,0,1,1,1,1,1,1,1
7006,0,0,0,1,1,1,1,1,0,1
7007,0,1,0,1,1,1,1,1,1,1
7008,0,1,0,0,1,0,1,1,1,1
7009,0,0,1,0,1,1,1,1,1,1
7011,1,1,1,1,,1,1,1,1,1
7012,1,0,1,1,1,1,1,1,1,1
7013,0,0,0,1,1,1,1,1,1,0
7014,0,0,0,0,0,1,1,1,1,1
7015,0,0,0,1,1,1,1,1,1,1
7016,1,0,1,1,1,1,1,0,1,0
7017,0,1,1,1,1,1,1,1,1,1
7019,0,0,1,1,1,1,1,1,1,1
7020,0,1,0,1,1,1,1,1,1,1
7101,0,0,0,0,1,1,1,1,1,0
7102,0,0,0,0,1,1,1,1,1,0
7103,1,0,0,1,1,1,1,1,1,1
7104,0,1,0,0,1,1,1,1,1,1
7105,0,1,0,1,1,1,1,1,1,1
7106,0,0,0,1,1,1,1,1,1,1
7107,1,0,0,1,1,1,1,1,1,1
7108,0,0,0,1,1,1,1,1,1,1
7109,0,1,1,1,1,1,1,1,1,1
7110,0,1,0,1,1,1,1,1,1,1
7111,0,0,1,1,0,1,1,1,1,1
7112,0,0,0,1,0,1,1,1,1,1
7113,0,1,0,1,0,1,1,1,1,1
7114,0,0,1,0,0,1,1,1,1,1
7115,0,1,0,0,0,1,1,1,1,1
7116,0,0,0,1,1,0,1,0,1,1
7117,0,0,1,1,1,0,1,1,1,1
7118,0,1,0,0,0,0,1,0,1,1
7119,0,1,1,1,1,0,1,1,1,1
7120,0,0,1,1,1,0,1,1,1,1
7201,0,0,0,1,1,1,1,1,1,1
7202,0,0,0,1,1,1,1,1,1,1
7203,1,0,0,0,1,0,1,1,1,1
7204,0,1,0,1,1,0,1,1,1,1
7205,0,1,0,1,1,1,1,1,1,1
7206,0,1,1,1,1,0,1,1,1,1
7207,0,0,1,1,1,1,1,1,1,1
7208,0,0,0,0,1,0,1,0,1,0
7209,0,1,1,1,1,0,1,1,1,1
7210,0,1,1,1,1,1,1,1,1,1
7211,0,1,0,1,1,0,1,1,1,1
7212,0,1,0,1,1,0,1,1,1,1
7214,0,1,1,,1,1,1,1,1,1
7215,0,1,0,0,1,1,1,1,1,1
7216,0,1,1,0,1,1,1,1,1,0
7217,0,1,1,1,1,0,1,1,1,1
7218,0,1,1,1,1,1,1,1,1,1
7219,0,0,0,1,1,1,1,1,1,1
7220,0,0,0,1,1,0,1,1,1,1
7301,0,1,0,0,1,0,1,1,1,1
7302,0,1,0,0,1,0,1,1,1,1
7303,1,0,1,0,1,0,1,1,1,0
7304,0,1,1,1,1,1,1,1,1,1
7305,0,1,1,0,1,1,1,0,1,0
7306,1,1,1,1,1,0,1,0,1,0
7307,0,0,0,0,1,1,1,1,1,1
7308,0,1,0,1,1,1,1,1,1,1
7309,0,1,1,1,1,0,1,1,1,1
7310,0,1,1,1,1,0,1,1,1,0
7311,0,0,0,0,1,0,1,1,1,1
7312,0,0,0,1,1,0,1,1,1,1
7313,0,1,1,1,1,1,1,1,1,1
7314,0,0,0,1,1,0,1,1,0,0
7315,0,1,0,1,1,1,1,1,1,0
7317,0,1,0,1,1,0,1,1,1,1
7319,0,0,1,1,1,1,1,0,1,1
7320,0,0,0,1,1,1,1,1,1,1
7402,1,0,0,1,1,1,1,1,1,1
7403,0,1,1,1,1,1,1,1,1,1
7404,0,0,0,1,1,1,1,1,1,1
7405,0,0,0,1,1,1,1,1,1,1
7406,0,0,0,1,1,1,1,1,1,1
7407,0,1,0,1,1,1,1,1,1,1
7408,0,1,1,1,1,1,1,1,1,1
7409,,0,0,1,1,0,1,1,1,1
7412,0,1,0,1,1,1,1,1,1,1
7413,0,0,0,1,1,1,1,1,1,1
7414,0,0,0,1,1,0,1,1,1,1
7415,0,0,0,1,1,0,1,1,0,0
7416,0,0,0,1,1,1,1,1,1,0
7418,0,1,0,1,1,1,1,1,1,1
7419,0,0,0,1,1,1,1,1,1,1
7420,0,0,0,1,1,1,1,1,1,1
7501,0,0,0,1,1,1,1,1,1,1
7502,1,1,1,0,1,1,1,0,1,0
7503,0,0,0,0,1,0,1,1,1,1
7504,0,0,1,0,1,1,1,1,1,1
7505,0,0,0,1,1,1,1,1,1,1
7506,0,0,0,1,1,1,1,1,1,1
7507,0,1,0,0,1,0,1,1,1,1
7508,0,1,0,0,1,0,1,1,1,1
7509,0,1,0,1,1,0,1,1,1,0
7510,0,0,0,1,1,1,1,1,1,1
7511,1,1,1,1,1,1,1,1,1,1
7512,0,1,0,1,1,1,1,1,1,1
7513,0,0,0,1,1,1,1,1,1,1
7514,0,0,0,1,1,1,1,1,1,1
7515,0,0,1,1,1,1,1,1,1,1
7516,0,0,0,1,1,1,1,1,1,1
7517,0,0,0,1,1,1,1,1,1,1
7518,0,0,1,1,1,1,1,1,1,1
7519,0,1,1,1,1,1,1,1,1,1
7520,0,0,0,1,1,1,1,1,1,1
7601,0,1,0,0,1,1,1,1,1,1
7602,0,1,0,0,1,1,1,1,1,1
7603,0,1,0,0,1,1,1,1,1,1
7604,0,1,0,0,1,1,1,1,1,1
7605,0,0,0,0,1,1,1,1,1,0
7606,0,1,0,0,1,1,1,0,1,1
7607,0,0,0,0,1,0,1,1,1,1
7608,1,0,1,0,1,0,1,1,1,1
7609,0,0,0,0,1,0,1,0,1,1
7610,0,0,0,0,1,0,1,1,1,1
7611,0,0,0,1,0,1,1,1,1,1
7612,0,0,1,1,0,1,1,1,1,1
7613,0,0,0,1,0,0,1,1,1,1
7614,0,0,0,0,0,0,1,1,1,1
7615,1,0,0,1,0,1,1,1,1,1
7616,0,1,0,0,0,1,1,1,1,0
7617,0,1,0,0,1,1,1,1,1,1
7618,0,0,0,0,0,0,1,0,1,0
7619,0,0,0,0,1,0,1,0,1,1
7620,0,0,1,0,1,0,1,0,1,1
7701,0,1,0,1,0,1,1,1,1,1
7702,0,0,0,0,0,1,1,1,1,1
7703,0,0,0,0,0,1,1,0,1,0
7704,1,0,0,1,0,1,1,1,1,1
7705,0,1,1,1,0,1,1,1,1,1
7706,0,1,0,1,0,1,1,0,1,1
7707,0,1,1,1,1,1,1,1,1,1
7709,0,1,0,1,0,1,1,0,1,1
7710,0,1,0,1,1,1,1,1,1,1
7711,0,0,0,1,1,0,1,0,1,0
7712,1,0,1,1,1,1,1,1,1,1
7713,0,0,0,0,1,0,1,0,1,1
7714,0,1,1,1,1,0,1,1,1,0
7715,0,0,0,1,1,0,1,0,1,0
7716,0,0,0,0,1,1,1,1,1,1
7717,0,0,1,1,1,1,1,1,1,1
7718,0,1,0,0,1,1,1,1,1,1
7719,0,1,0,1,1,0,1,1,1,1
7720,1,1,0,0,1,1,1,1,1,1
7801,1,1,0,0,1,1,0,1,1,1
7802,0,0,0,0,1,0,1,0,1,1
7803,0,0,0,0,1,0,1,0,1,1
7804,0,1,0,1,1,1,1,1,1,1
7805,0,1,0,0,1,1,0,1,1,1
7807,0,0,0,0,1,0,1,0,1,0
7809,0,0,0,0,1,1,1,1,1,1
7810,0,0,0,1,1,1,1,0,1,1
7811,0,0,1,1,1,1,1,1,1,1
7812,0,0,0,1,1,1,1,1,1,1
7813,0,0,0,0,1,1,1,1,1,1
7814,1,1,1,0,1,1,1,1,1,1
7815,0,1,1,0,1,0,1,1,1,1
7816,0,0,0,1,1,0,1,1,1,1
7817,0,0,0,0,1,1,1,1,1,1
7818,0,1,0,0,1,0,0,1,1,1
7819,0,1,1,1,1,1,1,1,1,1
7820,0,0,0,0,1,0,1,1,1,0
7901,0,0,0,0,0,0,0,0,0,0
7905,1,0,0,0,1,1,1,1,1,1
7906,,,0,0,1,1,1,1,1,1
7907,0,1,0,0,0,0,1,1,1,1
7908,0,0,0,0,1,1,1,1,1,0
7909,0,0,0,0,1,1,1,1,1,0
7910,0,1,0,0,1,0,1,1,1,1
7912,0,0,0,1,1,0,0,1,1,1
7913,0,0,0,0,1,0,0,1,1,1
7914,0,0,1,0,0,0,0,1,1,1
7916,0,0,0,0,1,0,1,1,1,1
7917,0,0,0,0,1,0,1,1,1,1
7918,0,0,0,0,1,0,0,1,1,1
7919,0,0,0,0,1,1,1,0,1,0
7920,0,1,0,0,1,1,1,1,1,1
8001,0,0,1,0,1,1,1,1,1,0
8002,0,0,0,0,1,0,1,1,1,1
8004,0,0,0,0,0,0,0,1,1,0
8005,0,0,0,0,1,0,1,1,1,1
8006,0,0,0,0,1,0,1,1,1,1
8007,0,0,0,1,1,0,1,1,1,1
8008,,0,0,1,1,0,1,1,1,1
8010,0,0,0,1,1,0,1,1,1,1
8011,0,1,0,0,0,0,0,0,1,0
8012,0,0,1,1,1,0,1,1,1,1
8013,0,1,1,0,1,0,1,1,1,1
8014,0,0,0,0,0,0,0,1,1,0
8015,0,0,0,1,1,0,1,1,1,1
8016,1,1,1,0,1,0,1,1,1,0
8017,0,1,1,0,1,1,1,1,1,0
8019,0,0,0,1,1,0,1,1,1,1
8020,0,0,0,0,1,0,1,1,0,1
8101,0,,0,0,1,0,1,1,1,1
8102,0,1,0,0,1,1,1,0,1,1
8103,0,1,1,0,1,1,1,1,1,1
8104,0,0,1,1,1,0,1,1,1,1
8106,0,0,0,0,1,1,1,1,1,0
8107,0,1,1,0,0,0,1,1,1,1
8108,0,1,0,0,1,0,1,1,1,1
8109,0,0,0,1,1,1,1,1,1,1
8110,0,0,0,0,1,1,1,1,1,1
8111,0,1,0,0,1,1,1,1,1,0
8112,1,1,1,0,1,1,1,1,1,0
8113,0,0,1,1,1,1,1,1,1,1
8114,0,1,0,0,1,0,1,1,1,1
8115,0,0,0,1,1,1,1,1,1,0
8116,0,0,0,0,1,0,1,1,1,0
8117,0,1,0,0,1,1,1,1,1,0
8118,0,1,0,0,1,0,1,1,1,1
8119,0,0,0,0,1,1,1,1,1,0
8201,0,1,0,0,1,1,1,1,1,0
8202,0,0,0,0,0,0,0,0,1,1
8203,0,0,0,0,1,0,0,1,1,1
8204,0,0,0,0,1,0,1,1,1,1
8206,0,0,0,0,1,0,0,0,1,1
8207,0,0,1,1,1,1,1,1,1,1
8208,0,1,0,0,1,1,0,0,1,0
8210,0,0,0,0,1,0,1,1,1,1
8211,0,1,1,0,1,1,1,1,1,0
8212,0,0,0,0,1,1,0,1,1,1
8213,0,1,0,0,1,1,1,1,0,1
8214,0,1,0,0,1,0,0,0,1,0
8215,0,1,0,0,1,1,0,1,1,0
8216,0,0,0,0,1,1,1,0,1,1
8217,0,0,0,0,1,0,1,1,1,1
8220,0,0,0,0,0,0,0,0,1,0
8302,0,,0,1,1,0,1,1,1,1
8303,0,1,0,0,1,0,1,1,1,1
8304,0,0,0,0,1,1,1,1,1,1
8305,0,0,0,0,1,0,1,0,1,0
8307,0,0,0,1,1,1,1,1,1,1
8309,0,1,0,0,1,1,1,1,1,1
8310,0,0,0,0,1,0,0,0,1,0
8311,0,1,0,0,1,0,1,1,1,1
8312,0,1,0,0,1,1,1,1,1,1
8313,0,1,1,0,1,0,1,1,1,1
8316,,0,0,1,1,0,1,0,1,1
8317,0,0,0,1,1,1,1,1,1,1
8318,0,0,0,1,1,1,1,1,1,1
8319,0,0,0,1,1,1,1,1,1,0
8320,0,1,0,1,1,0,1,1,1,1
8401,0,0,0,0,1,1,1,1,1,1
8402,0,1,0,0,1,1,1,1,1,1
8403,0,1,1,1,1,0,1,1,1,1
8404,0,0,0,0,1,1,1,1,1,1
8405,0,0,0,0,1,1,1,1,1,0
8406,0,1,0,1,1,0,0,1,1,0
8407,0,0,0,0,1,1,0,1,0,1
8408,0,0,0,1,1,1,1,1,1,1
8409,0,0,0,0,1,0,1,1,1,1
8410,0,1,1,0,1,1,1,1,1,1
8411,0,0,0,0,1,1,1,1,1,1
8412,1,0,0,1,1,1,1,1,1,1
8413,0,1,0,1,1,1,1,1,1,1
8414,0,0,1,1,1,0,1,1,1,1
8416,0,1,0,1,1,1,0,1,1,1
8417,0,0,0,1,1,1,1,1,1,0
8418,0,1,1,0,1,1,1,1,1,0
8419,0,0,0,1,0,0,1,1,1,0
8420,0,1,0,0,1,0,1,0,1,1
8501,0,0,1,1,1,0,1,1,1,1
8502,0,1,0,0,1,0,1,1,1,1
8503,0,1,1,1,1,0,1,1,1,1
8504,0,0,0,0,1,0,1,1,1,1
8505,0,0,0,0,1,0,0,1,1,1
8506,0,1,1,1,1,0,1,1,1,1
8507,0,0,0,0,1,0,0,0,1,0
8508,0,0,0,1,1,0,1,1,1,1
8509,0,0,0,0,1,0,1,1,1,1
8510,1,0,0,1,1,0,1,1,1,1
8511,0,1,0,0,1,1,1,1,1,1
8512,0,1,0,1,1,0,1,1,1,1
8513,0,1,0,0,1,0,1,0,1,1
8514,0,0,1,1,1,0,0,1,1,1
8515,0,0,0,0,1,0,0,1,1,0
8516,0,0,0,0,1,1,1,1,1,1
8517,0,0,0,1,1,1,1,1,1,1
8518,0,0,0,1,1,1,1,1,1,1
8519,0,0,1,0,1,0,0,0,1,1
8520,0,0,0,1,1,0,1,1,1,1
8601,0,1,1,1,1,0,1,1,1,1
8604,0,0,1,0,1,0,1,0,1,1
8605,0,1,0,0,0,0,0,0,1,0
8606,0,0,0,1,1,0,1,1,1,1
8607,1,1,0,1,1,0,1,1,1,1
8608,0,0,0,1,1,0,1,0,1,1
8609,0,0,0,1,1,0,1,0,1,1
8610,0,1,0,0,1,0,1,1,1,0
8611,0,1,0,0,1,0,1,1,1,1
8614,0,1,0,1,1,1,1,1,1,1
8615,1,0,0,0,1,0,1,1,1,1
8617,0,1,1,1,1,1,1,1,1,1
8618,0,1,0,0,1,0,1,1,1,0
8619,0,0,0,1,1,1,1,1,1,1
8620,0,0,0,0,1,1,0,0,1,1
8701,0,1,0,0,1,0,1,1,1,1
8702,0,1,1,0,1,1,1,0,1,0
8703,0,1,1,0,1,1,1,0,1,0
8704,0,1,0,0,0,0,0,1,1,1
8705,0,1,0,1,1,0,1,1,1,1
8706,0,1,1,0,1,1,0,0,1,1
8707,0,1,0,1,1,1,1,1,1,1
8708,0,0,1,0,1,0,1,0,1,1
8709,1,0,0,1,1,0,1,1,1,1
8710,0,1,0,0,1,1,1,1,1,1
8711,1,0,1,0,1,0,1,1,1,1
8712,0,1,0,0,1,0,1,1,1,1
8713,0,1,0,1,1,1,1,1,1,1
8714,0,1,1,1,1,1,1,1,1,1
8715,0,1,0,1,1,0,1,1,1,1
8716,0,1,0,0,1,0,1,1,1,1
8717,0,0,0,0,1,0,1,0,1,1
8718,0,1,1,0,1,1,1,0,1,1
8719,0,1,0,0,1,1,1,1,1,1
8720,0,1,0,0,1,1,1,1,1,1
8801,0,1,0,0,1,1,1,1,1,1
8802,0,0,0,1,1,1,1,1,1,1
8803,0,0,0,0,1,1,1,1,1,1
8804,1,1,0,0,1,1,1,1,1,0
8805,1,,0,0,1,0,1,1,1,1
8806,1,,1,1,1,0,1,1,1,1
8807,0,1,1,1,1,1,1,1,1,1
8808,1,1,0,1,0,1,1,1,1,1
8809,1,1,0,0,1,1,1,1,1,1
8810,0,0,1,0,1,0,1,1,1,1
8811,0,0,0,1,1,0,1,1,1,1
8812,0,1,0,0,1,0,1,1,1,1
8813,0,0,0,0,1,0,1,0,1,1
8814,0,1,1,1,1,1,1,1,1,1
8815,0,1,0,0,1,0,1,0,1,1
8816,0,0,1,0,1,0,1,1,1,1
8817,0,0,0,0,1,0,1,1,1,1
8818,0,0,1,1,1,0,1,1,1,1
8819,0,1,0,0,0,0,0,0,1,0
8820,0,1,0,1,0,0,1,1,1,1
8901,0,0,0,0,1,1,1,1,1,1
8902,0,0,0,0,1,1,1,1,1,0
8903,0,1,1,1,1,1,0,1,1,1
8904,0,1,1,1,1,1,1,1,1,1
8905,,0,0,1,1,1,1,1,1,1
8906,0,0,0,0,1,1,1,1,1,0
8907,1,1,0,0,1,0,0,1,1,1
8908,0,1,0,0,1,1,1,0,1,0
8909,0,0,0,0,1,1,1,1,1,1
8910,0,0,0,0,1,0,1,1,1,0
8912,0,,0,0,1,1,1,1,1,1
8913,0,0,1,0,0,1,1,1,1,1
8914,0,1,0,0,1,1,1,1,1,1
8915,,0,0,0,1,1,1,0,1,1
8916,1,0,0,0,1,1,1,1,1,1
8917,0,1,0,0,1,1,1,0,1,0
8918,1,0,0,1,1,1,1,1,1,1
8919,0,1,0,0,1,0,0,0,1,0
8920,0,1,0,0,1,1,1,1,1,0
9001,0,1,0,1,1,1,1,1,1,1
9002,0,1,1,1,1,1,1,1,1,1
9003,1,0,0,0,1,1,0,1,1,1
9004,0,1,0,1,1,1,1,1,1,1
9005,0,0,0,0,1,1,1,1,1,1
9007,0,0,0,1,1,1,1,1,1,1
9008,0,0,0,0,1,1,1,1,0,0
9009,1,1,0,1,1,0,1,1,1,1
9010,0,1,0,1,1,1,1,1,1,1
9011,0,0,0,0,1,1,1,0,1,0
9012,,0,1,0,1,0,0,1,1,0
9013,0,0,0,0,1,0,1,1,1,1
9014,0,0,0,0,0,1,0,1,1,0
9015,1,0,0,0,1,1,1,1,1,0
9016,0,1,0,0,1,1,1,1,1,0
9017,0,1,0,0,1,1,1,1,1,1
9018,0,0,0,0,1,1,1,1,1,0
9019,0,1,0,1,1,0,1,0,1,0
9020,0,0,0,0,1,1,1,0,1,0
9102,0,0,0,0,1,1,1,1,1,0
9104,0,0,0,0,0,0,1,1,1,0
9106,0,0,0,0,1,1,1,1,1,0
9107,0,1,0,0,1,1,1,1,1,0
9108,0,1,0,0,1,1,1,1,1,1
9109,0,0,0,1,1,0,1,1,1,1
9110,1,1,0,0,1,0,1,1,1,1
9112,0,0,0,0,1,1,1,1,1,0
9113,1,0,0,0,1,1,1,1,1,0
9115,,0,0,0,1,1,1,0,1,0
9116,0,,0,0,1,1,1,1,1,1
9118,0,1,0,0,1,1,1,0,1,1
9119,1,1,0,0,1,1,1,1,1,1
9201,0,0,0,0,1,1,1,1,1,0
9202,0,0,0,1,1,1,1,0,1,1
9204,0,0,0,0,1,0,0,1,1,0
9205,0,0,0,0,1,1,1,0,1,0
9206,0,0,0,0,1,0,1,1,1,1
9208,0,0,0,0,1,1,0,0,1,0
9211,1,1,0,0,1,1,0,0,1,0
9212,0,1,0,0,1,0,0,1,1,0
9213,0,1,0,0,1,1,1,0,1,0
9214,0,0,0,0,1,1,1,1,1,1
9215,0,0,0,0,1,1,1,1,1,1
9216,0,0,0,0,1,1,1,1,1,0
9217,0,0,0,0,1,1,1,1,1,1
9219,1,0,0,1,0,1,1,1,1,0
9220,0,1,0,0,1,0,0,1,1,1
9301,0,1,0,1,1,0,1,0,1,1
9302,0,1,0,1,1,1,1,1,1,1
9303,0,1,0,1,1,1,1,1,1,0
9306,0,0,0,0,0,0,1,1,1,1
9308,0,0,0,0,1,1,1,1,1,1
9309,0,1,0,1,1,1,1,1,1,1
9311,0,1,0,0,1,1,1,1,1,1
9312,0,0,0,0,1,1,1,1,1,1
9313,0,1,1,1,1,1,1,1,1,1
9314,0,1,0,0,1,1,0,0,1,0
9315,0,0,0,1,1,1,1,1,1,1
9316,,0,1,0,1,0,1,0,1,1
9318,0,1,1,1,1,1,1,1,1,0
9319,0,0,0,1,1,1,1,1,1,1
9320,0,0,0,1,1,1,1,1,1,1
9402,0,1,0,0,1,0,0,1,1,0
9403,1,1,0,0,1,1,0,1,1,0
9404,0,0,0,0,1,1,1,1,0,0
9405,0,0,0,0,1,1,0,1,1,1
9406,0,0,0,0,1,1,1,1,1,0
9407,0,0,0,1,1,1,1,1,1,1
9408,0,1,0,0,1,1,1,1,1,1
9409,0,1,0,0,1,1,0,1,1,1
9410,0,1,0,1,1,0,1,1,1,0
9411,0,0,0,0,1,1,1,0,1,0
9412,0,0,0,1,1,0,1,1,0,1
9413,0,1,0,,1,1,1,1,1,1
9415,0,0,0,0,1,0,0,1,1,0
9416,0,1,0,0,1,1,1,1,1,1
9417,0,1,0,1,1,1,1,1,1,1
9418,0,1,0,0,1,1,0,0,1,0
9419,1,1,0,0,1,1,1,1,1,0
9420,0,0,0,0,1,1,1,1,1,1
9501,0,0,0,1,0,1,1,0,1,1
9502,0,0,0,0,0,1,1,1,1,1
9503,0,0,0,1,0,0,1,1,1,1
9504,0,1,1,1,0,1,1,1,1,1
9505,0,0,0,1,0,0,1,1,1,1
9506,0,1,0,1,1,1,1,0,1,0
9507,0,1,0,1,1,1,1,1,1,1
9508,0,0,0,0,1,1,1,1,1,0
9509,0,0,0,1,1,1,1,0,1,1
9510,0,0,0,0,1,1,1,1,1,0
9511,0,1,0,0,1,1,1,0,1,1
9512,0,1,0,1,1,1,1,1,1,1
9513,0,1,1,1,1,1,1,0,1,1
9514,0,1,0,1,1,1,1,0,1,1
9515,0,1,0,0,1,1,1,1,1,0
9516,0,0,0,1,1,0,1,1,1,1
9517,0,0,0,1,1,0,1,1,1,1
9518,0,0,0,0,1,0,1,0,1,0
9519,0,0,0,0,1,0,1,1,1,1
9520,0,1,1,1,1,0,1,1,1,0
9601,1,0,0,1,1,0,1,1,1,1
9602,0,0,0,0,1,1,1,1,1,0
9604,0,0,0,0,0,1,0,0,0,0
9605,0,0,0,0,1,0,1,1,1,1
9606,0,1,0,0,1,0,1,1,1,0
9607,0,0,0,0,1,0,1,1,1,0
9608,0,0,0,1,1,0,0,0,1,0
9609,0,1,,0,1,1,1,1,1,1
9610,0,0,0,0,1,0,1,1,1,1
9612,0,0,0,1,1,1,1,1,1,1
9613,0,0,0,0,1,1,1,0,1,1
9614,0,0,0,0,1,1,1,1,1,1
9615,0,0,0,1,1,0,1,1,1,1
9616,0,1,0,0,1,0,1,1,1,0
9617,0,0,0,0,1,1,1,1,1,1
9618,0,0,0,0,1,0,1,0,1,1
9619,0,0,0,0,1,0,1,1,1,0
9620,0,0,0,0,0,1,1,0,1,0
9701,0,1,1,1,1,1,1,1,1,1
9702,0,0,0,0,1,1,1,1,1,1
9703,0,1,0,1,1,1,1,1,1,1
9704,0,1,1,,1,1,1,1,1,1
9705,0,1,0,0,1,1,1,1,1,1
9706,0,0,0,0,1,1,1,1,1,0
9707,0,0,0,0,1,1,1,1,1,1
9708,1,0,1,0,1,1,0,0,1,1
9709,0,0,0,0,1,1,1,1,1,1
9710,1,1,0,1,1,1,1,1,1,1
9711,0,1,1,1,1,1,1,1,1,1
9712,0,0,0,1,1,1,1,1,1,1
9713,0,1,1,0,1,0,0,1,1,0
9714,0,0,1,1,1,1,1,1,1,0
9715,0,0,0,1,1,1,1,1,1,1
9716,0,1,1,0,1,1,1,1,1,1
9717,0,1,0,0,1,1,1,0,1,1
9718,0,1,0,0,1,1,1,0,1,1
9719,0,0,0,0,1,1,0,1,1,1
9720,0,0,0,0,1,1,1,1,1,1
9802,0,1,0,1,1,0,1,1,1,1
9803,0,1,1,1,1,1,1,1,1,1
9804,1,0,0,0,1,1,1,1,1,0
9805,0,1,1,1,1,1,1,1,1,1
9806,0,0,0,0,1,0,1,1,1,1
9807,0,1,1,1,1,0,1,1,1,1
9808,0,0,0,0,1,1,1,1,1,1
9810,,0,1,0,1,1,1,0,1,1
9811,0,1,1,1,1,0,1,1,1,1
9812,0,0,0,0,0,1,1,0,1,0
9813,0,0,1,1,1,1,1,1,1,1
9814,1,1,0,1,1,1,1,1,1,1
9816,0,0,0,1,1,0,1,1,1,1
9817,0,0,0,1,1,1,1,1,1,1
9818,0,0,1,1,1,1,1,1,1,1
9901,0,1,0,1,1,1,1,1,1,1
9902,0,0,0,1,1,1,1,1,1,1
9903,0,1,1,1,1,1,1,1,1,0
9904,0,0,0,1,1,1,1,1,1,1
9905,0,0,0,1,1,1,1,1,1,1
9906,0,0,1,1,1,1,1,1,1,1
9907,0,1,0,0,1,1,1,1,1,0
9909,0,0,0,1,1,1,1,1,1,1
9910,0,1,0,1,1,1,1,1,1,1
9911,0,0,0,1,1,1,1,1,1,1
9912,0,0,0,1,1,1,1,1,1,1
9913,0,0,0,1,1,1,1,1,,1
9914,0,,0,1,1,1,1,1,1,1
9916,0,,0,1,1,0,1,1,1,1
9917,0,0,0,1,1,1,0,1,1,1
9919,0,1,0,1,1,1,0,1,1,1
9920,0,1,0,1,1,1,0,1,1,1
10001,0,0,0,1,1,0,1,1,1,1
10002,0,1,1,1,0,1,1,1,1,1
10003,1,1,0,1,1,1,1,1,1,1
10004,0,1,0,0,1,0,1,0,1,1
10005,0,1,0,1,1,1,1,1,1,1
10006,0,0,0,1,1,1,1,1,1,1
10007,0,0,0,0,1,1,1,1,1,1
10008,0,0,1,1,1,1,1,1,1,1
10009,0,1,0,1,1,1,1,1,1,1
10010,0,0,0,1,1,0,1,1,1,1
10011,0,0,1,1,0,1,1,1,1,1
10012,0,0,0,1,1,0,1,1,1,1
10013,1,1,0,1,0,0,1,0,1,1
10014,0,1,0,1,0,1,1,1,1,1
10015,0,0,0,1,0,1,1,1,1,1
10016,1,1,1,0,1,0,1,1,1,0
10017,0,0,0,1,1,0,1,1,1,1
10018,0,1,1,1,1,0,1,1,1,1
10019,0,0,0,0,1,0,1,1,1,1
10020,,,0,1,1,1,1,1,1,1
10108,0,0,0,0,1,1,1,1,1,0
10109,0,0,0,1,1,1,1,1,1,1
10110,0,0,0,1,1,0,1,1,1,1
10111,0,0,0,1,1,0,1,1,1,1
10112,0,0,0,1,1,1,1,1,1,1
10114,0,0,0,1,1,0,1,1,0,1
10116,1,1,0,1,1,0,1,1,1,1
10117,0,1,0,1,1,0,1,1,1,1
10118,0,0,1,1,1,1,1,1,1,1
10119,0,0,1,1,1,0,1,1,1,1
10120,0,0,0,1,1,1,1,1,1,1
10201,0,1,0,0,1,1,1,1,1,1
10202,0,1,0,1,0,1,1,1,1,1
10203,0,0,0,1,1,0,1,1,1,1
10205,0,0,0,0,1,0,1,1,1,1
10206,1,1,1,0,1,1,1,1,1,1
10207,0,0,0,0,1,1,1,1,0,0
10208,0,1,1,0,1,1,1,1,1,1
10210,1,0,1,0,1,1,1,1,1,1
10212,0,1,1,0,1,0,1,1,1,0
10213,0,0,1,1,1,1,1,1,1,1
10215,0,0,0,1,1,0,1,1,1,1
10216,0,0,0,1,1,1,0,0,0,1
10217,0,0,0,1,1,0,1,0,1,1
10219,0,0,0,0,1,1,1,1,1,1
10220,0,0,0,1,1,0,1,1,1,1
10302,0,1,0,1,1,1,1,1,1,1
10304,0,1,1,1,1,1,1,1,1,1
10305,0,1,1,1,1,1,1,1,1,1
10306,0,1,0,0,1,1,1,1,1,1
10307,0,0,0,1,1,1,1,1,1,1
10308,0,1,0,1,1,1,1,1,1,1
10309,0,1,1,1,1,1,1,1,1,1
10311,0,0,0,1,1,0,1,1,1,1
10312,0,0,0,1,1,0,1,1,1,1
10313,0,1,0,0,1,1,1,1,1,1
10314,0,1,1,1,1,1,1,1,1,1
10315,0,0,0,0,1,0,1,1,1,1
10316,1,,1,1,1,0,1,1,1,1
10317,0,1,1,0,1,1,1,1,1,1
10318,0,0,0,1,0,1,1,1,1,1
10319,0,0,0,1,1,1,1,1,1,1
10320,0,1,0,1,1,1,1,1,1,0
10401,0,0,1,0,1,0,0,1,1,0
10402,0,0,0,0,1,0,1,0,1,0
10403,0,0,0,0,1,0,1,1,1,0
10405,0,,0,1,1,0,1,1,1,1
10407,0,1,0,1,1,1,1,1,1,1
10408,0,0,0,1,1,0,1,1,1,1
10409,0,1,0,1,1,0,0,1,1,1
10410,0,1,1,1,1,1,1,1,1,1
10412,0,1,1,1,1,1,1,1,1,1
10413,0,0,1,1,1,1,0,1,1,1
10414,0,0,0,1,1,0,1,1,1,1
10415,0,0,0,1,1,1,1,1,1,1
10417,1,1,0,1,1,1,0,1,1,1
10418,0,1,1,1,1,1,1,1,0,1
10419,0,0,1,1,1,1,1,1,1,1
10420,0,0,1,1,1,0,1,1,1,0
10601,0,1,0,1,1,1,1,1,1,1
10602,0,1,0,0,1,1,1,1,1,1
10603,0,1,0,1,1,1,1,1,1,1
10604,1,1,1,1,1,1,1,1,1,1
10605,0,1,0,0,1,1,1,1,1,1
10606,0,0,0,1,1,1,1,1,0,1
10607,0,1,0,1,1,1,1,1,1,1
10608,1,1,0,1,1,1,1,1,1,1
10609,0,1,0,1,0,1,1,1,1,1
10610,0,1,1,1,1,1,1,1,1,0
10611,0,1,1,1,1,1,0,1,1,0
10612,0,0,0,1,1,1,1,1,1,0
10614,0,1,0,0,1,1,1,1,1,1
10615,0,1,0,1,1,1,0,1,1,0
10617,0,0,0,0,1,1,1,1,1,1
10619,0,1,0,1,1,1,0,1,1,1
10620,0,0,0,1,1,1,1,1,1,1
10704,0,1,0,1,1,1,1,1,1,1
10705,0,0,0,1,1,1,1,1,1,1
10706,0,0,0,0,1,1,1,1,1,1
10707,0,0,0,1,1,1,1,1,1,1
10708,0,1,0,1,1,1,1,1,1,1
10709,0,0,0,1,1,1,1,1,1,1
10710,0,0,1,1,1,1,1,1,1,1
10711,0,0,0,1,1,1,1,1,1,1
10712,0,0,1,1,1,1,1,1,1,1
10713,0,0,0,0,1,0,1,1,1,1
10714,0,1,0,0,1,1,1,1,1,0
10715,0,1,0,1,1,1,1,1,1,0
10716,0,1,0,1,1,1,1,0,1,1
10719,0,0,0,1,1,1,1,1,1,1
10720,1,0,0,1,1,1,1,1,1,1
10802,1,1,0,1,1,1,1,1,1,1
10803,0,0,0,1,1,1,1,1,1,1
10804,0,0,0,1,1,1,1,1,1,1
10805,0,0,0,1,1,0,1,1,1,1
10806,0,0,1,0,0,1,1,1,1,1
10807,0,0,0,1,1,0,1,1,1,1
10808,0,1,1,1,1,1,1,1,1,1
10809,0,0,0,1,1,1,1,1,1,1
10810,0,1,0,1,1,1,1,1,1,1
10811,0,1,1,0,1,1,1,1,1,1
10812,0,0,0,1,1,1,1,1,1,1
10813,0,0,0,0,1,1,1,1,1,1
10814,0,1,1,0,1,1,1,1,1,1
10815,0,0,0,0,1,1,1,1,1,1
10816,0,0,1,0,1,1,1,1,1,1
10817,0,0,1,0,1,1,1,1,1,0
10818,0,1,0,1,1,1,1,1,1,1
10819,0,1,1,1,1,1,1,1,1,1
10820,0,1,0,1,1,1,1,1,1,1
10901,0,0,1,1,1,0,1,1,1,1
10902,0,0,0,1,1,1,1,1,1,1
10903,0,0,0,1,1,1,1,1,1,1
10904,0,0,0,1,1,1,1,1,1,1
10905,1,1,1,1,1,1,1,1,1,1
10906,0,1,1,1,1,1,1,1,1,1
10907,0,0,1,1,1,1,1,1,1,1
10908,0,1,0,0,1,1,1,1,1,1
10909,0,0,0,1,1,1,1,1,0,0
10910,1,1,0,1,1,1,1,1,1,1
10911,0,1,1,1,1,1,1,1,1,1
10913,0,0,0,1,1,0,1,1,1,1
10914,0,0,0,1,1,1,1,1,1,1
10915,0,0,0,1,1,1,1,1,1,1
10916,0,0,1,1,1,1,1,1,1,1
10917,0,0,0,1,0,1,1,1,1,1
10918,0,0,0,1,1,1,1,1,1,0
10919,0,1,1,1,1,1,1,1,1,1
10920,0,0,1,1,1,1,1,0,1,1
11001,0,0,0,0,1,1,1,1,1,1
11002,0,0,1,1,1,0,1,1,1,1
11003,0,0,1,1,0,0,1,1,1,1
11005,1,1,0,1,1,0,1,1,1,1
11006,0,0,0,0,1,1,1,1,1,1
11007,0,0,0,1,1,1,1,0,1,1
11008,0,1,0,1,1,0,1,1,1,1
11009,0,1,0,1,1,1,1,1,1,1
11010,0,0,0,1,1,1,1,1,1,1
11011,1,0,0,0,1,1,1,1,1,1
11013,0,1,1,1,1,1,1,1,1,1
11014,0,1,0,1,1,1,1,1,1,1
11015,0,1,0,1,1,1,1,1,1,1
11016,0,0,0,0,1,1,1,1,1,1
11018,0,1,1,1,1,0,1,1,1,1
11019,1,0,1,1,1,1,1,1,1,1
11020,0,0,0,1,1,1,1,1,1,1
11101,0,0,0,1,1,1,1,1,1,1
11102,1,0,0,1,1,1,1,1,1,1
11103,0,0,0,0,1,0,1,1,1,1
11104,0,1,0,1,1,1,1,1,1,1
11105,0,0,0,0,1,0,1,1,1,1
11106,0,1,0,1,1,0,1,1,1,1
11107,0,1,0,1,0,0,1,1,1,1
11108,0,1,1,1,1,0,1,1,1,1
11109,0,0,0,1,1,0,1,1,1,1
11110,0,0,1,1,1,0,1,1,1,1
11111,0,1,1,1,0,1,1,1,1,1
11112,0,0,0,1,0,0,1,1,1,1
11113,0,1,1,1,0,1,1,1,1,1
11114,0,1,1,1,0,0,1,1,1,1
11115,0,1,0,1,0,1,1,1,1,1
11116,0,1,0,1,1,1,1,1,1,1
11117,0,0,1,1,1,1,1,1,1,1
11118,0,0,0,1,1,1,1,1,1,1
11119,0,0,1,1,1,1,1,1,1,1
11120,0,0,0,1,1,1,1,1,1,1
11301,0,1,1,1,1,1,1,1,1,1
11302,0,1,1,1,1,1,1,1,1,1
11304,0,1,0,0,1,1,1,1,1,1
11305,0,1,0,0,1,0,1,0,1,1
11306,0,1,0,1,1,0,1,1,1,1
11307,0,0,0,0,1,1,1,1,1,1
11308,1,1,0,1,1,1,1,1,1,1
11309,0,0,0,1,1,1,1,1,1,1
11310,1,1,1,0,1,1,1,1,1,1
11312,0,0,0,1,1,1,1,1,1,1
11313,0,1,1,1,1,1,1,0,1,1
11314,0,0,1,0,1,1,1,1,1,1
11315,0,1,1,1,1,1,1,1,1,1
11316,0,0,0,1,1,1,1,1,1,1
11317,0,0,0,0,1,1,1,1,1,1
11318,1,0,0,1,1,1,1,1,1,0
11319,0,1,0,0,1,1,1,1,1,1
11320,0,0,0,0,1,1,1,1,1,1
11401,0,0,1,1,1,1,1,1,1,1
11402,0,1,0,1,1,1,1,1,1,1
11403,0,1,0,1,1,0,1,1,1,1
11404,0,1,1,1,1,1,1,1,1,1
11405,0,0,0,1,0,1,1,1,1,1
11406,0,0,1,1,1,1,1,1,1,1
11407,0,0,0,1,1,1,1,1,1,1
11408,0,1,0,0,1,1,1,1,1,1
11410,0,1,0,1,1,0,1,1,1,1
11411,0,0,0,0,0,1,1,1,1,1
11412,0,1,0,0,1,1,1,1,1,1
11413,0,0,1,0,1,1,1,1,1,0
11414,0,0,1,1,0,1,1,1,1,1
11415,0,1,0,1,1,1,1,0,1,1
11416,0,0,0,1,1,1,1,1,1,0
11417,0,0,0,0,1,1,1,0,1,1
11418,0,1,1,1,0,0,1,1,1,1
11420,0,1,0,0,1,1,1,1,1,1
11501,0,0,0,1,1,1,1,1,1,1
11503,0,0,0,1,1,1,1,1,1,1
11504,0,0,0,0,1,1,1,1,1,1
11505,0,1,1,1,1,1,1,1,1,1
11508,0,0,0,0,0,1,1,1,1,1
11509,0,0,1,0,1,1,1,1,1,1
11510,0,0,0,0,1,1,1,1,1,1
11511,0,1,1,1,1,1,1,1,1,1
11513,0,1,1,1,1,1,1,1,1,1
11514,1,1,1,1,1,1,1,1,1,1
11515,0,1,0,0,1,1,1,1,1,1
11516,0,1,1,1,1,1,1,1,1,1
11517,0,1,1,1,1,1,1,1,1,1
11518,0,1,1,1,1,1,1,1,1,1
11519,0,0,0,1,1,1,1,1,1,1
11520,0,1,1,1,0,1,1,1,1,1
11601,0,0,0,0,1,1,1,1,1,1
11602,1,0,0,0,0,1,1,1,1,1
11603,0,0,1,1,1,1,1,1,1,1
11604,0,0,1,1,1,1,1,1,1,1
11605,0,0,0,0,1,1,1,0,1,1
11608,0,1,1,1,1,1,1,1,1,1
11610,0,0,0,0,1,1,1,1,1,1
11613,0,0,0,1,1,1,1,1,1,1
11614,0,0,0,1,1,1,1,1,1,1
11616,0,0,0,1,1,1,1,1,1,1
11618,0,1,0,1,1,1,1,1,1,1
11619,0,0,1,1,1,1,1,1,1,1
11620,0,1,1,1,1,1,1,1,1,1
11701,0,1,0,0,1,1,1,1,1,1
11702,0,0,0,1,1,1,1,1,1,1
11703,1,1,0,1,1,1,1,1,1,1
11704,0,1,0,0,1,1,1,0,1,1
11705,0,0,0,0,1,1,1,1,1,1
11706,0,0,0,0,1,1,1,0,1,1
11707,0,0,0,1,1,0,1,1,1,1
11708,0,1,1,1,1,1,1,1,1,1
11709,0,0,0,0,1,1,1,1,1,1
11710,0,1,1,1,1,1,1,1,1,1
11711,0,1,0,1,1,1,1,1,0,1
11712,0,1,0,1,1,1,1,1,1,1
11713,0,0,0,1,1,1,1,1,1,1
11714,0,0,0,1,1,1,1,1,1,1
11715,0,1,1,0,1,1,1,1,1,1
11716,0,0,0,0,1,1,1,1,1,1
11717,0,1,0,1,1,1,1,1,1,1
11718,0,0,1,0,1,1,1,1,1,1
11719,0,0,0,0,1,1,1,1,1,1
11720,0,1,0,1,1,1,1,1,1,1
11801,0,0,1,1,1,1,1,1,1,1
11802,0,1,1,1,1,1,1,1,1,1
11803,0,0,0,0,1,1,1,1,1,0
11804,1,0,1,1,1,1,1,1,1,1
11805,0,1,0,1,1,1,1,1,1,1
11806,0,1,1,1,1,1,1,1,1,0
11807,0,1,1,1,1,1,1,1,1,1
11808,1,1,0,0,1,1,1,1,1,1
11809,0,1,0,1,1,1,1,1,1,1
11810,0,1,0,1,1,1,1,1,1,1
11811,0,1,0,1,1,1,1,1,1,1
11901,0,1,0,1,1,1,1,1,1,1
11902,0,1,0,0,1,0,1,1,1,1
11903,1,1,1,1,1,1,1,1,1,1
11904,0,1,0,1,1,1,1,1,1,0
11905,0,0,0,1,1,1,1,1,1,1
11906,0,1,1,1,1,1,1,1,1,1
11907,0,0,1,1,1,1,1,1,1,0
11908,0,0,0,1,1,1,1,1,1,1
11909,0,0,0,1,1,1,1,1,1,1
11912,0,1,0,1,1,0,1,1,1,1
11913,1,1,0,1,1,1,1,1,1,1
11914,0,0,1,0,1,1,1,1,1,1
11915,1,1,0,1,0,1,1,1,1,1
11916,1,1,0,1,1,1,1,1,1,1
11917,0,1,1,0,1,1,1,1,1,1
11918,0,0,0,0,1,1,1,0,1,0
11919,0,1,0,1,1,1,1,1,1,1
11920,0,1,0,1,1,1,1,1,1,1
12001,0,0,0,1,1,1,1,1,1,1
12002,0,1,0,0,1,1,1,1,1,1
12003,0,0,0,1,1,1,1,1,1,1
12004,0,1,0,0,0,0,1,1,1,0
12005,0,0,0,1,0,1,1,1,1,1
12006,0,1,1,1,1,1,1,1,1,1
12007,0,1,0,1,1,1,1,1,1,1
12008,0,0,1,1,1,1,1,1,1,1
12009,0,1,0,1,1,1,1,1,1,1
12010,0,1,0,0,1,1,1,1,1,0
12011,0,1,1,0,1,1,1,1,1,1
12012,0,0,0,1,1,1,1,1,1,1
12013,0,1,0,1,1,1,1,1,1,1
12014,0,1,0,1,1,1,1,1,1,1
12015,0,1,0,1,0,1,1,1,1,1
12016,0,1,0,0,1,1,1,1,1,0
12017,0,1,1,1,1,1,1,1,1,1
12018,0,1,0,1,1,1,1,1,1,1
12019,0,1,1,1,1,1,1,1,1,1
12020,0,0,0,1,1,1,1,1,1,1
12301,0,0,0,1,1,1,1,1,0,1
12302,1,0,0,0,1,1,1,0,1,0
12303,1,1,0,1,1,1,1,1,1,1
12304,0,0,0,0,1,1,1,1,1,1
12305,0,1,0,0,1,1,1,1,1,1
12306,0,1,0,0,1,0,1,1,1,1
12308,0,1,0,1,1,0,1,1,1,1
12309,0,1,0,1,1,1,1,1,1,1
12310,0,0,0,1,1,0,1,1,1,1
12311,1,1,0,1,1,1,0,1,1,1
12312,0,1,1,0,1,1,1,1,1,1
12313,0,0,1,0,1,1,1,1,1,1
12315,0,1,0,1,1,1,0,0,1,1
12316,1,0,0,0,1,1,1,1,1,0
12317,0,1,0,1,1,1,1,1,1,1
12318,0,0,0,0,1,1,1,1,1,0
12319,0,0,0,0,1,1,0,0,1,1
12320,0,1,0,1,1,1,1,1,1,1
12501,0,0,0,1,1,0,1,1,1,1
12502,0,1,0,1,1,0,1,1,1,1
12503,0,1,0,0,1,0,1,1,1,0
12505,0,1,0,1,1,1,1,1,1,1
12506,0,0,0,0,1,1,1,1,1,1
12508,0,0,0,1,0,1,1,1,1,1
12509,0,1,0,0,1,1,1,1,1,1
12510,0,0,1,1,1,1,1,1,1,1
12511,0,1,1,0,1,1,1,1,1,1
12512,0,1,0,0,1,1,1,1,1,0
12513,0,0,1,1,1,1,1,1,1,1
12514,0,0,0,0,1,1,1,1,1,1
12515,0,0,0,1,0,1,1,1,1,1
12516,0,0,0,1,1,1,1,1,1,1
12517,0,1,1,0,1,1,1,1,1,1
12518,0,0,0,1,1,0,1,1,1,1
12519,1,0,0,1,1,0,1,1,1,1
12601,0,0,0,1,1,0,1,1,1,1
12602,0,0,0,0,1,1,1,1,1,0
12603,1,0,0,1,1,1,1,1,1,0
12604,0,1,1,0,1,1,1,1,1,1
12605,0,0,0,1,1,1,1,1,1,1
12606,0,0,0,0,1,1,0,1,1,1
12607,0,0,0,1,1,1,1,1,1,0
12608,0,1,0,1,1,1,1,1,1,1
12609,0,0,0,1,1,0,1,1,1,1
12610,0,0,0,0,1,0,1,1,1,1
12611,0,0,0,1,1,0,1,1,1,1
12612,0,1,0,1,1,0,1,1,1,0
12613,0,0,0,1,1,1,1,1,1,1
12614,0,0,1,0,1,1,1,1,1,1
12615,0,1,0,0,1,1,1,1,1,0
12616,0,0,1,1,1,0,0,1,1,1
12617,0,0,0,0,1,0,1,1,1,0
12618,1,0,0,1,1,1,1,1,1,1
12619,0,0,0,1,1,0,1,1,1,1
12620,0,0,0,1,1,0,1,1,1,1
12701,0,0,0,1,1,0,1,1,1,0
12702,0,1,1,1,1,0,1,1,1,1
12703,0,0,0,1,1,0,1,1,1,1
12705,0,0,0,0,1,0,1,1,1,1
12706,,,0,0,1,0,0,1,1,1
12708,0,0,0,0,1,0,1,1,1,1
12709,0,0,1,0,1,0,1,1,1,1
12710,0,1,0,1,1,0,1,1,1,1
12711,0,0,1,1,1,1,1,1,1,1
12713,0,1,0,1,1,0,1,1,1,0
12714,0,0,0,0,1,1,0,1,1,0
12716,0,1,0,1,1,1,1,1,1,1
12717,0,0,0,1,1,1,1,1,1,1
12718,,0,0,1,1,1,1,1,1,1
12719,0,0,0,1,1,1,1,1,1,1
12720,0,0,0,1,1,1,0,1,1,1
12801,0,1,0,1,1,1,1,1,1,0
12805,0,0,1,0,1,1,1,1,1,0
12806,0,1,0,1,1,0,1,1,1,0
12808,0,1,0,1,1,0,1,0,1,1
12810,0,0,0,1,1,0,1,1,1,1
12811,0,0,0,1,1,0,0,1,1,1
12812,1,0,0,1,1,0,0,1,1,1
12813,0,0,0,1,1,1,1,1,1,1
12814,0,0,0,1,1,0,1,1,1,1
12815,0,1,0,1,1,1,1,1,1,1
12816,0,0,1,1,1,1,0,1,1,1
12817,0,1,1,1,1,1,1,1,1,0
12818,0,1,1,1,1,0,0,1,1,1
12820,1,0,0,0,1,1,1,1,1,1
13001,0,0,1,1,1,1,1,1,1,1
13002,0,1,0,1,1,1,1,1,1,1
13003,0,0,1,1,1,1,1,1,1,0
13004,0,0,1,1,1,1,1,1,1,1
13005,1,1,1,1,1,1,1,1,1,1
13006,0,0,1,1,1,1,1,1,1,1
13007,1,0,0,1,1,1,1,1,1,1
13008,0,1,1,1,1,1,1,1,1,1
13009,0,1,0,0,1,1,1,1,1,1
13010,0,0,0,1,1,1,1,1,1,1
13011,1,1,1,1,1,1,1,1,1,1
13012,0,1,1,1,1,1,1,1,1,1
13013,,,1,1,1,1,1,1,1,1
13014,0,1,1,1,1,1,1,1,1,1
13015,0,1,1,1,1,1,1,1,1,0
13016,0,0,0,1,1,1,1,1,1,1
13017,0,0,1,0,1,1,1,1,1,1
13018,0,1,0,1,1,1,1,1,1,0
13019,0,1,1,1,1,1,1,1,1,1
13020,0,1,1,1,1,1,1,1,1,1
13101,0,0,0,1,1,1,0,0,1,0
13102,0,1,0,1,1,1,1,1,1,1
13103,0,0,0,1,1,1,1,1,1,1
13104,0,0,0,1,1,0,0,1,1,1
13105,0,1,0,0,1,1,1,1,1,1
13106,0,1,1,0,1,1,1,1,1,1
13107,0,0,1,0,1,1,1,0,1,0
13108,0,1,1,0,1,1,1,0,1,1
13109,0,0,1,1,1,0,1,1,1,1
13110,0,0,0,0,1,1,1,1,1,1
13111,0,0,0,1,1,1,0,0,1,0
13112,0,0,0,1,1,0,1,1,1,0
13113,0,0,0,1,1,1,1,1,1,1
13114,0,0,0,1,1,1,1,1,1,1
13115,0,1,0,1,1,1,1,1,1,1
13116,0,1,1,1,1,1,1,1,1,0
13117,0,1,1,1,1,1,1,1,1,1
13118,0,1,1,0,1,1,1,1,1,1
13119,0,0,1,1,1,1,0,1,1,1
13120,0,1,0,0,1,0,1,1,1,0
13201,0,0,0,1,1,0,0,1,1,1
13202,0,1,0,1,1,0,1,1,1,1
13203,0,0,0,1,1,0,1,1,1,1
13204,0,0,0,1,1,0,1,1,1,1
13205,0,0,0,0,1,1,1,1,1,1
13206,0,1,0,1,1,1,0,1,1,1
13207,0,0,0,1,1,0,1,1,1,1
13208,0,0,1,0,1,0,1,1,1,1
13209,0,1,1,1,1,1,1,1,1,1
13210,0,1,1,1,1,1,1,1,1,1
13211,1,0,0,0,1,1,1,1,1,1
13212,0,1,0,0,1,1,1,1,1,1
13213,0,0,1,1,1,0,0,1,1,1
13214,0,1,0,0,1,1,1,1,1,0
13215,0,0,0,1,1,1,1,1,1,1
13216,0,0,1,1,1,1,0,1,1,1
13217,,0,0,1,1,1,1,1,1,1
13218,0,0,0,1,1,1,1,1,1,1
13219,,0,1,1,1,1,1,1,1,1
13220,0,0,0,1,1,1,1,1,1,0
13301,0,0,0,0,1,1,1,1,1,1
13302,0,1,0,1,1,0,1,1,1,1
13303,1,1,0,0,1,1,1,1,1,0
13304,0,0,0,0,0,1,1,1,1,1
13305,0,1,0,1,1,0,1,1,1,1
13306,0,1,0,1,1,0,1,1,1,0
13307,0,1,1,1,1,1,1,1,1,1
13308,0,0,0,0,1,1,1,1,1,1
13309,0,0,1,1,1,1,1,1,1,1
13310,0,1,0,0,1,1,1,1,1,1
13311,0,1,0,1,1,1,1,1,1,1
13312,1,0,0,1,1,1,1,1,1,1
13313,0,0,0,1,1,1,1,1,1,1
13314,0,0,1,1,1,0,1,1,1,1
13315,0,0,0,1,1,0,1,1,1,0
13316,0,1,0,1,1,1,1,1,1,0
13317,0,0,0,1,1,1,1,1,1,1
13318,0,0,0,1,1,0,1,1,1,1
13319,0,0,1,1,1,0,1,1,1,1
13320,0,0,1,1,1,1,1,1,1,1
13401,0,0,0,1,1,1,1,1,1,1
13402,0,0,0,1,1,1,1,1,1,1
13403,,0,1,1,1,1,1,1,1,1
13404,0,0,0,0,1,1,1,1,1,0
13405,1,0,0,1,1,1,1,1,1,1
13406,0,0,0,0,1,1,1,1,1,0
13407,0,1,0,0,1,1,1,1,1,1
13408,0,0,0,0,1,1,1,1,1,1
13409,0,0,0,1,1,1,1,1,1,0
13410,0,0,1,1,1,1,1,1,1,1
13411,0,0,1,0,1,1,1,1,1,1
13412,0,0,1,1,1,1,1,1,1,1
13413,0,0,1,1,1,1,1,1,1,0
13414,0,0,0,1,1,1,1,1,1,0
13415,0,1,0,0,1,1,1,1,1,0
13416,0,1,1,1,1,0,1,1,1,1
13417,0,0,1,1,1,0,1,1,1,1
13418,0,1,0,0,1,1,1,1,1,1
13419,0,1,1,1,1,0,1,1,1,0
13420,0,0,0,0,1,0,1,1,1,0
13601,0,1,1,1,0,1,1,1,1,1
13602,0,1,1,0,1,1,1,1,1,1
13603,0,0,0,1,0,1,1,1,1,1
13604,0,1,1,1,0,1,1,1,1,1
13605,0,1,1,1,0,1,1,1,1,1
13606,0,0,0,1,1,1,1,1,1,1
13607,0,1,1,1,1,1,1,1,1,1
13608,0,1,1,1,1,1,1,1,1,1
13609,0,1,1,1,1,1,1,1,1,1
13610,0,1,1,1,1,1,1,1,1,1
13611,0,1,0,1,1,1,1,1,1,1
13612,0,0,1,1,1,1,1,1,1,0
13613,0,0,1,1,1,1,1,1,1,0
13614,0,1,0,1,1,1,1,1,1,1
13615,0,0,0,1,1,1,1,1,1,0
13616,0,1,0,1,1,1,1,1,1,1
13617,0,0,0,1,1,1,1,1,1,1
13618,0,1,0,0,1,1,1,1,1,1
13619,0,0,1,1,1,1,1,1,1,1
13620,0,0,1,1,1,1,1,1,1,1
13701,0,0,1,1,1,0,1,1,1,0
13702,0,0,0,1,1,1,0,1,1,1
13703,0,0,0,1,1,0,1,1,1,0
13704,0,0,0,1,1,1,1,1,1,1
13705,0,0,0,0,1,1,1,1,1,1
13706,1,1,1,1,1,1,1,1,1,1
13707,0,1,0,1,1,1,1,1,1,1
13708,0,0,1,1,1,1,0,1,1,0
13709,0,0,0,1,1,1,1,1,1,0
13710,0,1,1,1,1,1,0,1,1,0
13711,0,0,1,1,1,1,0,1,1,1
13712,0,1,1,1,1,1,0,0,1,0
13713,0,0,0,1,1,1,1,1,1,0
13715,0,1,0,1,1,1,1,0,1,0
13716,0,0,0,1,1,1,1,1,1,0
13717,0,1,0,1,1,1,0,1,1,1
13718,1,0,1,1,1,1,1,1,1,0
13719,0,1,0,1,1,1,1,1,1,1
13720,0,1,1,1,1,1,1,1,1,1
13801,0,0,1,1,1,1,1,0,1,1
13802,,0,0,1,1,1,0,1,1,1
13804,0,0,1,1,1,1,1,1,1,1
13805,0,0,1,1,1,1,1,1,1,0
13806,0,0,1,1,1,1,1,1,1,1
13808,0,1,1,1,1,1,1,1,1,1
13809,0,0,1,1,1,1,1,1,1,1
13810,0,1,1,1,1,1,1,1,1,1
13811,1,0,0,1,1,1,1,1,1,0
13812,0,0,1,1,1,1,1,1,1,1
13813,0,0,0,1,1,1,1,1,1,1
13814,,,1,1,1,1,0,1,1,1
13815,0,0,0,1,1,1,1,1,1,0
13816,0,1,1,1,0,1,1,1,1,1
13817,0,0,0,1,1,1,1,1,1,0
13818,,1,0,1,1,1,1,1,1,1
13820,0,0,0,1,1,1,1,1,1,1
13901,0,1,1,1,1,1,1,0,1,0
13902,0,0,1,1,1,1,1,1,1,1
13903,0,0,1,0,1,0,0,1,1,1
13904,0,0,0,1,1,1,0,1,1,1
13905,0,0,0,0,1,1,0,1,1,1
13906,1,0,1,1,1,0,1,1,1,0
13907,0,1,0,0,1,1,1,0,1,0
13908,0,0,0,1,1,1,0,1,1,0
13909,0,1,0,1,1,1,1,0,1,0
13910,0,1,1,0,1,1,1,1,1,0
13911,0,1,0,1,1,1,1,1,1,1
13912,1,0,1,1,1,1,0,1,1,0
13913,0,,1,1,1,1,1,1,1,1
13914,0,0,0,1,1,1,0,1,1,0
13915,0,0,0,1,1,1,0,1,1,1
13916,0,1,0,0,1,0,1,1,1,1
13917,0,0,0,1,1,1,1,1,1,1
13919,0,1,0,1,1,1,0,1,1,1
13920,0,1,1,1,1,1,1,1,1,0
14001,,0,0,0,1,1,1,1,1,0
14002,0,1,0,1,1,0,1,1,1,0
14004,0,1,0,1,0,1,1,1,1,1
14005,0,1,0,1,1,1,1,0,1,1
14006,0,0,0,0,0,1,1,1,1,1
14007,0,0,0,1,0,0,1,1,1,1
14008,0,0,1,0,1,0,1,1,1,1
14009,0,0,0,0,1,1,1,1,1,0
14011,0,1,0,1,1,1,1,1,1,1
14012,0,1,0,1,1,1,1,1,1,1
14013,,0,0,1,1,1,1,0,1,1
14014,0,0,0,1,1,1,1,1,1,1
14015,0,0,0,1,1,1,1,1,1,1
14017,0,0,0,0,1,0,1,0,1,0
14018,0,0,1,0,1,1,1,1,1,1
14019,0,1,1,1,1,1,1,1,1,1
14101,0,0,0,1,1,1,1,1,1,1
14103,0,0,0,0,0,1,1,1,0,1
14104,0,0,0,1,1,1,1,1,1,1
14105,0,1,1,1,1,1,1,1,1,0
14106,0,0,0,1,1,1,1,1,1,1
14107,0,0,0,0,1,0,1,1,1,1
14109,0,0,1,0,1,0,1,1,1,1
14110,0,0,1,1,1,1,1,1,1,1
14113,,0,0,1,1,0,1,1,1,1
14114,0,0,0,0,0,0,1,1,1,0
14115,0,0,1,0,1,0,1,1,1,0
14116,0,0,0,1,1,0,1,1,1,1
14117,0,0,1,1,1,0,1,1,1,1
14118,0,0,0,1,0,0,1,1,0,1
14119,0,0,0,1,1,1,1,1,1,0
14120,0,1,0,1,1,0,1,1,1,1
14202,0,0,1,1,1,1,0,1,1,1
14203,,0,0,1,1,0,1,1,1,1
14205,0,1,0,1,1,1,1,1,1,0
14207,0,1,0,1,1,0,1,1,1,1
14208,,1,0,1,1,0,1,1,1,1
14210,0,0,0,1,1,1,1,1,1,1
14213,0,0,1,1,1,1,1,1,1,1
14214,0,0,0,1,1,0,1,0,1,1
14215,0,1,1,1,1,0,1,1,1,1
14216,0,0,0,1,1,1,1,1,1,0
14217,0,0,0,1,1,1,1,1,1,1
14301,0,1,1,1,1,1,1,1,1,1
14302,0,1,1,1,1,1,1,1,1,1
14303,0,1,0,1,1,1,1,1,1,1
14304,0,1,1,1,1,1,1,1,1,1
14305,0,0,0,0,1,1,1,1,1,1
14306,0,0,1,1,1,1,1,1,1,1
14307,0,0,1,1,1,1,0,1,1,1
14309,0,0,0,0,1,1,1,1,1,1
14310,0,1,0,0,1,1,1,1,1,1
14311,1,0,0,1,1,1,0,1,1,1
14312,0,0,0,1,1,1,1,1,1,1
14313,0,0,0,1,1,1,1,1,1,1
14314,0,1,1,1,1,1,1,1,1,1
14315,0,0,0,0,1,1,0,1,1,0
14316,0,1,1,1,1,1,1,1,1,1
14317,0,0,1,1,1,1,1,1,1,1
14318,0,0,0,1,1,1,1,1,1,1
14319,0,1,0,,1,1,0,1,1,1
14320,1,0,1,1,1,1,0,1,1,1
14401,0,1,0,1,1,1,1,1,1,1
14402,0,0,0,0,1,0,1,1,1,1
14403,0,0,0,1,1,1,1,1,1,1
14404,0,1,1,1,1,1,1,1,1,1
14407,1,1,1,1,1,0,1,1,1,1
14408,0,1,0,0,1,1,1,1,1,1
14409,1,0,0,1,1,1,1,1,1,1
14410,0,0,0,1,1,1,1,1,0,1
14411,0,1,1,0,1,0,1,1,1,1
14412,0,1,1,1,1,1,1,1,1,1
14413,0,0,0,0,1,1,1,1,1,1
14414,0,0,0,0,1,0,1,1,0,0
14415,0,0,0,1,1,1,1,1,1,1
14416,0,0,0,0,1,1,1,1,1,1
14418,0,1,0,0,1,0,1,0,1,0
14419,0,0,0,0,1,1,1,1,1,1
14420,0,1,0,1,1,1,1,1,1,1
14501,0,0,1,0,1,1,1,1,1,1
14502,1,1,0,0,1,1,1,1,1,1
14503,0,0,1,1,1,1,1,1,1,1
14504,1,1,1,0,1,1,1,1,1,0
14505,0,1,0,1,1,1,1,1,1,0
14506,0,0,0,0,1,1,1,1,1,1
14507,0,1,1,1,1,1,1,1,1,1
14508,0,0,0,1,1,1,1,1,1,1
14509,0,0,1,1,1,1,1,1,1,1
14510,0,1,1,1,1,1,1,1,1,1
14511,0,0,1,1,1,1,1,0,1,1
14512,0,1,1,1,1,1,1,1,1,1
14513,0,0,0,1,1,1,1,1,1,1
14515,1,1,0,1,1,1,1,1,1,1
14516,0,0,0,0,,1,1,1,1,1
14517,0,1,0,1,1,1,1,1,1,0
14518,0,0,1,1,1,1,1,1,0,1
14519,1,1,0,1,1,1,1,1,1,1
14601,0,1,1,1,1,1,1,1,1,1
14602,0,1,0,1,1,1,1,1,1,1
14603,0,1,0,1,1,1,1,1,1,1
14604,0,1,1,1,1,1,1,1,1,1
14605,0,1,0,1,1,1,1,1,1,1
14606,0,,1,1,0,0,1,1,1,0
14607,1,1,0,1,1,1,1,0,1,1
14608,0,1,0,1,1,1,1,1,1,1
14609,0,0,0,1,1,1,1,1,1,0
14610,1,0,0,1,1,0,1,1,1,1
14611,0,1,0,1,1,0,1,1,1,1
14613,0,0,0,0,1,1,1,1,1,1
14614,0,0,0,1,1,1,1,1,1,1
14615,0,0,1,1,1,1,1,1,1,1
14616,0,0,1,1,1,1,1,1,1,1
14617,0,0,0,1,1,1,1,1,1,1
14618,0,0,0,1,1,1,1,1,1,0
14619,0,0,1,1,1,1,1,1,1,1
14701,0,1,0,0,1,1,1,1,1,0
14702,1,1,1,1,1,1,1,1,1,1
14703,0,1,0,1,1,1,1,1,1,1
14704,0,0,0,1,1,1,1,1,1,0
14705,0,1,1,0,1,1,1,1,1,1
14706,0,1,0,0,1,1,1,1,1,1
14707,,1,0,0,1,1,1,1,1,1
14708,0,0,0,1,1,1,1,1,1,1
14709,,,0,1,1,1,1,1,1,1
14710,0,0,0,0,1,1,1,1,1,1
14711,0,1,1,0,1,1,1,1,1,0
14712,0,1,0,1,1,0,1,1,1,1
14713,,1,1,1,1,1,1,1,1,1
14714,0,1,1,1,1,1,1,1,1,1
14715,0,1,0,1,1,1,1,1,1,1
14716,0,1,0,0,1,1,1,1,1,1
14717,0,1,0,1,1,1,1,1,1,1
14718,0,1,1,1,1,1,1,1,1,1
14719,0,0,0,0,1,1,1,1,1,1
14720,0,0,0,1,1,1,1,1,1,1
14801,0,1,0,1,1,1,1,1,1,1
14802,1,0,1,0,1,1,1,0,1,1
14803,0,1,0,0,1,1,1,1,1,0
14804,0,0,0,1,1,0,1,0,1,1
14805,1,1,1,1,1,0,1,1,1,1
14806,0,1,1,0,1,1,1,0,1,1
14807,0,1,1,1,1,1,1,1,1,1
14808,0,1,1,0,1,0,1,1,1,1
14809,0,0,0,1,1,1,1,1,0,1
14810,0,0,0,1,1,0,1,1,1,1
14811,0,0,0,1,1,1,1,1,1,1
14812,0,0,0,0,1,0,1,0,1,1
14814,0,0,0,0,1,1,1,1,1,1
14815,1,1,0,1,1,1,1,1,1,1
14816,0,1,0,0,1,0,1,1,1,1
14819,0,0,1,0,1,1,1,1,1,1
14901,0,0,0,0,1,1,1,1,1,1
14902,0,0,0,0,1,0,1,1,1,1
14903,0,0,0,0,1,1,1,1,1,1
14904,0,0,0,0,1,0,1,1,1,0
14905,1,0,0,0,1,1,1,1,1,1
14906,0,1,0,1,1,0,1,1,1,1
14907,0,1,0,0,1,1,1,1,1,1
14908,0,0,0,0,1,1,1,1,1,1
14909,0,1,0,0,1,1,1,1,1,0
14910,1,0,0,1,1,0,1,1,1,1
14911,0,1,0,0,1,0,1,1,1,1
14912,0,0,0,0,1,0,1,1,1,1
14913,0,0,0,0,0,1,1,1,1,0
14914,0,1,1,1,1,0,1,1,1,1
14915,0,0,0,0,1,1,1,1,1,1
14916,0,0,0,0,1,1,1,1,1,1
14917,0,0,0,0,0,1,1,1,1,1
14918,0,0,0,0,1,0,1,1,1,1
14919,0,1,0,0,1,1,1,1,1,1
14920,0,0,0,0,1,0,1,1,1,1
15001,0,0,0,0,1,1,1,1,1,1
15002,0,0,0,0,1,1,1,1,1,1
15003,0,0,0,0,1,1,0,1,1,1
15004,1,1,0,0,1,1,1,1,1,1
15005,0,0,0,1,1,1,1,1,1,1
15006,1,0,0,0,1,1,1,1,1,0
15007,0,1,0,1,1,1,1,1,1,1
15008,0,0,0,1,1,1,1,1,1,1
15009,0,1,0,0,1,1,1,1,1,1
15010,0,1,0,0,1,1,1,1,1,1
15011,0,0,1,0,1,1,1,1,1,1
15012,0,1,0,0,1,1,1,1,1,1
15013,0,0,0,0,1,1,1,1,1,1
15014,0,0,0,1,1,0,1,1,1,1
15015,0,1,0,0,1,0,1,1,1,1
15017,0,1,0,0,1,1,1,1,1,1
15018,0,0,1,0,1,0,0,1,1,1
15019,0,1,0,1,1,1,1,1,1,1
15020,0,1,1,1,1,1,1,1,1,1
15101,0,0,0,0,1,0,1,0,1,1
15102,0,1,0,0,1,0,1,1,1,0
15103,0,1,0,0,1,1,1,1,1,1
15104,0,0,0,1,1,1,1,1,1,1
15105,0,0,0,0,1,0,1,1,1,1
15106,0,0,0,1,1,1,1,1,1,1
15107,0,1,1,1,1,1,1,1,1,0
15108,0,0,0,0,1,1,1,1,1,1
15109,0,0,1,0,1,1,1,1,1,1
15110,0,0,0,0,1,0,0,1,1,0
15111,0,0,0,0,1,0,1,1,1,0
15112,0,0,0,0,1,1,1,1,1,1
15113,0,0,0,0,1,0,1,1,0,1
15114,1,1,0,0,1,0,1,1,1,0
15115,0,0,0,0,1,1,1,0,1,0
15116,0,1,0,0,1,1,1,1,1,1
15117,0,0,0,1,1,0,0,1,1,0
15118,0,1,0,0,1,0,1,1,1,1
15119,0,0,0,0,1,1,1,1,1,1
15120,0,0,0,1,1,0,1,1,1,1
15201,0,0,0,0,0,1,1,1,1,0
15202,0,0,0,1,1,1,1,1,1,1
15203,1,0,0,1,1,1,1,1,1,1
15204,0,0,0,0,1,1,1,1,1,1
15205,0,0,1,1,1,1,1,1,1,1
15206,0,0,1,1,1,1,1,1,1,0
15207,0,0,0,1,1,0,1,1,1,1
15208,0,1,0,0,1,1,1,1,1,1
15209,0,0,0,0,1,1,1,1,1,0
15210,0,0,0,1,1,1,1,1,1,1
15211,0,0,0,0,1,1,1,1,1,1
15212,0,1,0,1,1,1,1,1,1,0
15213,0,0,0,1,1,1,1,1,1,1
15214,0,1,1,0,1,1,1,1,1,1
15215,0,1,0,0,1,1,1,1,1,1
15216,0,0,0,1,1,1,1,1,1,1
15217,0,0,0,0,1,1,1,1,1,0
15218,0,0,0,0,1,1,1,1,1,0
15219,0,0,0,1,1,1,1,1,1,1
15301,0,0,0,0,1,1,1,1,1,1
15302,0,0,0,0,1,0,1,1,1,1
15303,0,0,0,0,0,0,1,1,1,1
15304,0,0,0,0,1,1,1,1,1,1
15305,0,0,0,0,1,1,1,1,1,1
15306,0,0,1,0,1,0,1,1,1,1
15307,0,1,0,0,1,0,1,1,1,0
15308,0,1,0,1,1,1,1,1,1,1
15309,0,1,1,1,1,0,1,1,1,1
15310,0,0,0,1,1,0,1,1,1,1
15311,1,1,1,0,1,1,1,1,1,0
15312,0,0,1,1,1,1,0,1,1,1
15313,0,0,0,0,1,1,1,1,1,1
15314,0,1,1,0,1,0,1,1,1,0
15315,0,0,1,0,1,1,1,1,1,0
15316,0,0,0,1,1,1,1,1,1,1
15317,0,1,1,0,1,0,0,1,1,1
15318,0,1,0,0,1,0,1,1,0,1
15319,0,0,0,1,1,0,1,1,1,1
15320,0,0,0,1,1,1,1,1,1,1
15401,0,0,0,0,1,0,1,1,1,1
15402,0,0,0,0,1,1,1,1,1,0
15403,0,1,1,1,1,1,1,1,1,1
15404,0,0,0,0,1,0,1,1,1,1
15405,0,1,0,0,1,0,1,1,1,1
15406,0,0,0,1,1,0,1,0,1,1
15407,0,0,0,1,1,1,1,1,1,1
15408,0,1,0,1,1,0,1,1,1,1
15409,0,0,0,1,1,1,1,1,1,1
15410,0,0,0,0,1,0,1,1,1,0
15411,0,0,0,1,1,0,1,1,1,1
15412,1,1,0,0,1,1,1,0,1,0
15413,0,0,0,1,1,1,1,1,1,1
15414,0,0,0,0,1,1,0,0,1,0
15415,0,0,0,0,1,0,1,1,1,1
15416,0,1,1,1,1,1,1,1,1,0
15417,1,0,0,1,1,0,1,1,1,1
15418,0,1,1,1,1,1,1,1,1,1
15419,0,1,0,1,1,1,1,1,1,1
15420,0,1,1,1,1,0,1,1,1,1
15501,0,0,0,0,1,0,1,1,1,1
15502,0,0,0,1,1,0,1,1,1,1
15503,0,0,0,1,1,0,1,1,1,1
15504,0,1,0,0,1,1,1,1,1,0
15505,0,0,1,1,1,0,1,1,1,1
15506,0,1,0,0,1,1,1,0,1,1
15507,0,1,0,0,1,1,1,1,1,1
15508,0,0,0,1,1,1,1,1,1,1
15509,0,0,0,0,1,0,1,1,1,1
15510,0,1,0,0,1,0,1,1,1,1
15511,0,1,0,1,1,1,1,1,1,0
15512,0,0,0,0,1,0,1,1,1,1
15513,0,0,0,0,1,0,1,1,1,0
15514,0,1,0,1,1,0,1,1,1,0
15515,0,0,0,1,1,1,1,1,1,0
15516,0,0,1,1,1,0,1,1,1,1
15517,0,1,0,,1,1,1,1,1,1
15518,0,0,0,1,1,0,1,1,1,1
15519,0,1,0,1,1,0,1,1,1,1
15520,0,1,0,1,1,0,1,1,1,1
15601,1,1,0,0,1,0,1,1,1,1
15602,0,0,0,0,0,0,0,1,1,0
15603,0,1,0,0,1,0,1,1,1,1
15604,0,0,0,0,1,1,1,1,1,1
15605,0,0,0,0,1,1,1,1,1,1
15606,0,0,0,1,1,1,1,1,1,1
15607,0,1,1,0,1,1,1,1,1,0
15608,1,0,0,0,1,1,1,1,1,0
15609,0,1,1,1,1,1,1,1,1,1
15610,0,1,1,0,1,1,1,1,1,1
15611,0,1,1,1,1,1,1,1,1,1
15612,1,0,0,0,1,0,1,1,1,1
15613,0,0,0,0,1,1,1,1,1,1
15614,1,0,0,0,1,1,1,1,1,0
15615,0,0,0,0,1,1,1,1,1,0
15616,0,1,0,1,1,0,0,1,1,1
15617,0,1,0,0,1,0,0,1,1,0
15618,,0,1,0,1,0,1,1,1,1
15619,0,0,0,0,1,1,1,1,1,0
15620,0,1,0,0,1,0,1,1,1,1
15701,0,0,0,1,1,0,1,1,1,1
15702,0,0,0,0,1,1,1,1,1,0
15703,0,1,1,0,1,0,1,1,1,0
15704,1,1,0,0,1,0,1,1,1,1
15705,1,0,0,0,1,1,1,1,1,1
15706,1,0,0,1,0,1,1,1,1,0
15707,0,0,0,0,1,0,1,1,1,1
15708,0,0,0,0,1,1,1,1,1,1
15709,0,0,0,1,1,0,1,1,1,1
15710,0,0,0,0,1,1,1,1,1,1
15711,0,0,0,1,1,1,0,1,1,1
15712,1,0,0,0,1,1,1,1,1,1
15713,0,0,0,0,1,1,1,1,1,1
15714,0,0,1,1,1,1,1,1,1,1
15715,0,0,0,0,1,1,1,1,1,1
15716,0,0,0,0,1,1,1,1,1,1
15717,0,0,0,1,1,1,1,1,1,1
15718,,,0,0,1,0,1,1,1,1
15719,0,0,0,1,1,0,1,1,1,1
15720,0,0,1,0,1,0,1,0,1,0
15801,0,1,0,0,0,1,1,1,1,0
15802,0,0,1,0,1,1,1,1,1,1
15803,0,0,1,1,1,1,1,1,1,1
15804,0,0,0,0,1,0,1,1,1,0
15805,0,0,0,0,1,1,1,1,1,1
15806,0,1,0,0,1,1,1,0,1,0
15807,0,0,0,0,1,1,1,0,1,0
15808,0,1,0,0,1,0,1,1,1,1
15809,0,0,0,1,1,1,1,1,1,1
15810,0,0,0,0,1,1,1,1,1,0
15811,0,0,0,0,1,1,1,0,1,0
15812,0,0,0,0,1,0,1,0,1,0
15813,0,1,0,1,1,1,1,1,1,1
15814,0,0,0,1,1,0,1,1,0,1
15815,0,0,0,0,1,1,1,1,1,1
15816,1,0,0,0,1,0,0,0,1,1
15817,0,1,0,1,1,0,1,1,1,1
15818,0,1,0,0,1,0,1,0,1,0
15819,0,0,0,0,1,1,1,0,1,1
15820,0,0,1,0,1,0,1,1,1,0
15901,0,0,1,1,1,1,1,1,1,1
15902,1,1,0,0,1,0,1,1,1,0
15903,0,1,1,1,0,1,1,1,1,1
15904,1,0,1,1,1,0,1,0,1,0
15905,0,0,0,1,1,1,1,1,1,1
15906,0,1,0,1,1,0,1,1,1,1
15907,0,0,0,0,1,1,1,1,1,1
15908,0,0,0,1,1,1,1,1,1,1
15909,0,0,0,1,1,1,1,1,1,1
15910,0,0,0,0,1,1,1,1,1,1
15911,1,0,0,0,1,1,1,1,1,1
15912,0,0,0,1,1,0,1,1,1,1
15913,0,1,0,0,1,1,1,1,1,0
15914,0,1,0,0,1,1,1,1,1,1
15915,0,1,0,0,1,1,1,1,1,0
15916,0,0,0,0,1,0,1,0,1,0
15917,0,1,1,0,1,1,1,1,1,1
15918,0,0,1,1,1,0,1,1,1,1
15919,0,0,0,1,1,1,1,1,1,1
15920,0,0,1,1,1,0,1,1,1,1
16201,0,0,0,1,1,1,1,0,1,1
16202,0,0,0,1,1,0,1,1,1,0
16203,0,0,1,1,1,1,1,1,1,1
16204,0,0,0,1,1,0,1,1,1,1
16205,0,1,1,1,1,0,1,1,1,1
16206,0,0,1,1,1,1,1,1,1,1
16207,0,1,1,1,1,1,1,1,1,1
16208,0,0,0,0,1,1,1,1,1,1
16209,0,0,0,1,1,0,1,1,1,1
16210,0,1,0,1,1,0,1,1,1,1
16211,0,0,0,1,1,1,0,1,1,1
16212,0,1,1,0,1,1,1,1,1,1
16213,1,0,0,1,1,0,1,1,1,1
16214,1,1,0,1,1,1,1,1,1,1
16215,0,0,0,1,1,0,1,1,1,1
16216,0,1,0,0,1,1,1,1,1,1
16217,0,1,0,1,1,0,1,1,1,1
16218,0,0,0,0,0,1,1,0,1,0
16219,0,1,0,1,1,0,1,1,1,1
16220,0,0,0,0,1,1,1,0,1,0
16301,0,0,1,1,1,1,1,1,1,1
16302,1,1,0,1,1,1,1,1,1,1
16303,1,0,0,0,1,1,1,1,1,0
16304,1,0,0,1,1,1,1,1,1,1
16306,0,1,1,1,1,1,1,1,1,1
16307,0,0,0,1,1,1,1,1,1,1
16308,1,1,0,0,1,1,1,1,1,1
16310,,,1,1,1,1,1,1,1,1
16311,0,0,1,1,1,1,1,1,1,1
16312,0,1,0,1,1,1,1,1,1,1
16313,1,0,0,1,1,1,1,1,1,0
16314,0,0,1,1,1,1,1,1,1,1
16315,0,0,1,0,1,1,1,1,1,0
16316,1,0,0,0,1,1,1,1,1,1
16317,0,1,1,1,1,1,1,1,1,1
16318,0,1,0,1,1,1,1,1,1,0
16319,0,0,1,1,1,1,1,1,1,1
16320,0,0,0,1,1,1,1,1,1,1
16701,0,0,0,0,1,0,1,0,1,1
16702,0,0,1,1,1,0,1,1,1,1
16703,0,0,0,0,1,0,1,1,1,1
16704,0,0,0,0,1,0,1,1,1,0
16705,0,1,0,1,1,1,1,1,1,1
16706,0,0,0,0,0,0,0,1,1,0
16707,0,1,1,1,1,0,0,1,1,1
16708,0,1,0,1,1,1,1,1,1,1
16709,0,0,0,0,1,1,0,1,1,0
16710,0,0,0,0,1,0,0,0,1,1
16711,0,0,1,1,1,1,1,1,1,1
16712,0,1,0,0,1,1,1,1,1,0
16713,0,0,0,1,1,1,0,1,1,1
16714,1,1,0,1,1,0,0,0,1,1
16715,0,1,1,0,1,1,1,1,1,1
16716,0,0,0,0,1,0,1,1,1,0
16717,0,0,0,0,1,1,1,0,1,0
16718,1,0,0,1,1,1,1,0,1,1
16719,0,0,0,0,1,1,1,1,1,1
16720,0,0,1,0,1,1,1,1,1,1
16801,0,1,1,1,1,1,1,1,1,1
16802,0,1,1,1,1,1,1,1,1,1
16803,0,1,0,0,1,1,1,1,1,0
16804,0,0,0,1,1,1,1,1,1,1
16805,0,1,1,1,1,1,1,1,1,0
16806,0,1,0,0,1,1,1,1,1,1
16807,0,0,1,1,1,1,1,1,1,1
16808,0,0,1,1,1,1,1,1,1,1
16809,0,0,1,0,1,0,1,1,1,1
16810,0,1,0,1,1,1,1,1,1,1
16811,0,1,0,1,1,0,1,1,1,1
16812,1,0,0,1,1,0,1,1,1,1
16813,1,1,1,1,1,0,1,1,1,1
16814,0,0,0,1,1,0,1,1,1,1
16815,0,1,1,1,1,0,1,1,1,1
16816,0,0,0,1,1,1,1,1,1,1
16817,1,1,1,1,1,1,1,1,1,1
16818,0,,0,1,1,1,1,1,1,1
16819,0,1,0,1,1,1,1,1,1,1
16820,0,1,1,1,1,1,1,1,1,1
16901,0,0,1,1,1,0,1,1,1,1
16902,0,0,1,1,1,0,1,1,1,1
16903,0,0,0,1,1,0,1,1,1,1
16904,0,0,1,0,1,0,1,1,1,1
16905,0,0,1,1,1,0,1,1,1,1
16906,0,1,0,1,1,0,1,1,1,1
16907,0,1,0,1,1,1,1,1,1,1
16908,0,0,0,1,1,1,1,1,1,1
16909,1,0,1,1,1,1,1,1,1,1
16910,0,0,0,1,1,1,1,1,1,1
16911,0,1,1,1,1,1,1,1,1,1
16912,0,1,0,1,1,1,1,1,1,1
16913,0,0,1,1,1,1,1,1,1,1
16914,0,1,1,1,1,1,1,1,1,1
16915,0,1,1,1,1,0,1,0,1,1
16916,0,0,1,1,1,1,1,1,1,1
16917,0,1,0,1,1,0,1,1,1,1
16918,0,0,0,1,1,0,1,1,1,1
16919,0,0,1,1,1,1,1,1,1,1
16920,0,0,1,1,1,1,0,1,1,1
17001,0,0,0,1,1,1,1,1,1,1
17002,0,1,1,1,1,1,1,1,1,1
17003,0,0,0,1,1,1,1,1,1,1
17004,0,1,0,1,1,1,1,1,1,1
17005,0,1,0,1,1,1,1,1,1,1
17006,0,0,0,0,1,1,1,1,1,1
17007,0,0,1,1,1,1,1,1,1,1
17008,0,0,0,0,1,1,1,1,1,1
17009,0,0,0,1,1,1,1,1,1,1
17010,0,0,0,1,0,1,1,1,1,1
17011,0,0,0,1,0,1,1,1,1,1
17012,0,0,0,1,1,1,1,1,1,1
17013,0,1,1,1,1,1,1,1,1,1
17014,0,0,1,1,1,1,1,1,1,1
17015,0,0,1,1,1,1,1,1,1,1
17016,0,1,1,1,1,1,1,1,1,1
17017,0,0,1,0,1,1,1,1,1,1
17018,0,0,0,1,1,1,1,1,1,1
17019,0,0,0,1,1,1,1,1,1,1
17020,0,1,1,1,1,1,1,1,1,1
17101,0,0,0,1,1,0,1,1,1,1
17102,1,1,1,0,1,0,1,1,1,1
17103,0,1,1,1,1,1,1,1,1,1
17104,0,0,1,1,1,0,1,1,1,1
17105,0,0,0,1,1,1,1,1,1,1
17106,0,1,0,1,1,1,1,1,1,1
17107,0,0,0,1,1,1,1,1,0,1
17108,0,1,0,1,1,1,1,1,1,1
17109,0,1,0,1,1,1,1,1,1,1
17110,0,1,1,1,1,1,1,1,1,1
17111,0,1,1,1,1,1,1,1,1,1
17112,0,1,0,0,1,1,1,1,1,1
17113,1,0,1,1,1,1,1,1,1,1
17114,1,1,0,0,1,0,1,1,1,1
17115,0,1,0,1,1,1,1,1,1,1
17116,0,1,1,1,1,0,1,1,1,1
17117,0,0,0,1,1,0,1,1,1,1
17118,1,1,0,0,1,0,1,1,1,0
17119,0,1,1,1,1,0,1,1,1,1
17120,1,1,1,0,1,0,1,1,1,0
17201,0,1,0,1,1,1,1,1,1,1
17202,0,1,0,1,1,1,1,1,1,1
17203,0,1,0,0,1,1,1,1,1,1
17204,1,1,0,0,1,1,1,1,1,1
17205,0,0,1,0,1,1,1,1,1,1
17206,0,1,0,1,1,1,1,1,1,1
17207,0,1,0,0,1,1,1,0,1,0
17208,1,1,1,1,1,1,1,1,1,1
17209,0,0,1,0,1,1,1,1,1,1
17210,0,0,1,1,1,1,1,1,1,1
17211,0,1,0,0,1,0,1,1,1,0
17212,0,1,0,1,1,1,1,1,1,1
17213,0,1,0,1,1,0,1,1,1,1
17214,0,0,0,0,1,1,1,1,1,1
17215,0,1,0,1,1,1,1,1,1,1
17216,0,0,0,1,1,0,1,1,1,1
17217,0,0,0,1,1,1,1,1,1,1
17218,0,0,1,1,1,1,1,1,1,1
17219,0,0,0,1,1,1,1,1,1,1
17220,0,1,1,0,1,1,1,1,1,1
17401,0,1,0,1,1,1,1,1,1,1
17402,0,1,1,1,1,1,1,1,1,1
17403,0,0,1,1,1,1,1,1,1,0
17404,0,1,0,1,1,1,1,1,1,1
17405,0,0,0,1,1,1,1,1,1,0
17406,0,0,0,1,1,1,1,1,1,1
17407,0,0,0,1,1,1,1,1,1,1
17408,0,0,0,1,1,1,1,1,1,1
17409,0,0,0,1,1,1,1,1,1,0
17410,1,1,0,0,1,1,1,1,1,0
17411,0,0,1,1,1,1,1,1,1,1
17412,0,0,0,0,1,1,1,1,1,0
17413,0,0,0,1,1,1,1,1,0,1
17414,0,0,1,1,1,1,1,1,1,1
17415,0,1,1,1,1,1,1,1,1,1
17416,0,0,0,1,1,1,1,1,1,1
17417,0,0,1,1,1,1,1,1,1,1
17418,1,1,0,1,1,1,1,1,1,1
17419,0,1,0,0,1,1,1,1,1,1
17420,0,0,0,1,1,1,1,1,1,1
17501,0,0,1,1,1,0,1,1,1,0
17502,0,0,1,1,1,1,1,0,1,1
17503,0,0,1,1,1,1,0,1,1,0
17504,0,0,0,1,1,1,1,1,1,1
17505,0,0,1,1,1,1,1,1,1,0
17506,1,1,0,1,1,0,1,1,1,0
17507,0,0,1,1,1,1,1,1,1,0
17508,0,0,1,0,1,1,1,1,1,1
17509,0,0,1,1,1,1,1,1,1,1
17510,0,0,0,1,1,1,1,1,1,1
17511,0,0,1,1,1,1,1,1,1,1
17513,0,0,1,1,1,1,1,1,1,1
17514,1,0,0,0,1,1,1,1,1,1
17515,0,1,1,1,1,1,1,1,1,1
17517,0,0,0,1,1,0,1,1,1,1
17518,1,0,0,1,1,1,1,1,1,0
17519,0,0,0,1,1,1,1,1,1,1
17601,1,0,1,0,1,1,1,1,1,0
17602,0,1,0,1,1,1,1,1,1,1
17603,0,0,1,1,1,1,1,1,1,1
17604,1,1,1,1,1,1,1,1,1,1
17605,0,1,1,0,1,1,1,1,1,1
17606,0,1,1,1,1,1,1,1,1,1
17607,0,0,0,1,1,0,1,1,1,1
17608,0,1,1,0,1,0,1,1,1,0
17609,1,1,0,1,1,1,1,1,1,0
17610,0,0,0,1,1,0,1,1,1,1
17611,0,1,0,1,1,0,1,1,1,1
17612,0,0,0,1,1,1,1,1,1,1
17613,0,1,0,1,1,1,1,1,1,1
17614,0,1,0,1,1,0,1,1,1,1
17615,1,0,0,1,1,0,1,1,1,1
17616,0,1,0,1,1,1,1,1,1,1
17617,1,0,0,0,1,1,1,1,1,0
17618,0,1,1,1,1,0,1,1,1,1
17619,0,1,0,1,1,0,1,1,1,1
17620,0,1,1,1,1,0,1,1,1,1
17701,0,1,0,0,1,1,1,1,1,1
17702,0,0,0,1,1,0,1,1,1,1
17703,0,0,0,0,1,1,1,1,0,1
17704,0,0,0,1,1,0,1,1,1,1
17705,0,0,1,1,1,1,1,1,1,1
17706,0,1,0,1,1,1,1,1,1,1
17707,0,1,0,0,1,0,1,1,1,1
17708,0,0,0,1,1,1,1,1,1,1
17709,0,1,0,0,1,1,1,1,1,1
17710,0,1,0,1,1,1,1,1,1,1
17711,0,1,0,0,1,1,1,1,1,1
17712,0,0,1,1,1,1,1,1,1,1
17713,0,1,0,1,1,1,1,1,1,1
17714,0,1,0,0,1,1,1,1,1,1
17715,1,0,0,1,1,0,1,1,1,1
17716,0,0,1,1,1,1,1,1,1,1
17717,0,0,0,1,1,0,1,1,1,1
17718,0,0,0,1,1,1,1,1,1,1
17719,0,1,0,0,1,1,1,1,1,1
17720,1,0,0,1,1,1,1,0,1,0
17801,0,0,0,1,1,1,1,1,1,1
17802,,0,0,1,1,1,1,1,0,1
17803,0,0,1,1,1,1,1,1,1,1
17804,0,0,1,1,1,0,1,1,1,1
17805,0,0,1,1,1,1,1,1,1,1
17806,1,0,1,0,1,1,1,1,1,1
17807,0,0,0,1,1,1,1,1,1,1
17808,0,1,0,1,1,1,1,1,1,1
17809,0,0,0,1,1,1,1,1,1,1
17811,1,0,0,1,1,0,1,1,1,1
17812,0,0,0,1,1,1,1,1,1,1
17813,0,1,1,1,1,1,1,1,1,1
17814,0,1,0,1,1,0,1,1,0,1
17815,0,1,1,1,1,1,1,1,1,1
17816,0,0,1,1,1,1,1,1,1,1
17818,0,1,1,1,1,1,1,1,1,1
17819,0,1,1,1,1,1,1,1,1,1
17820,0,0,1,1,1,1,1,1,1,1
17901,0,1,0,0,1,1,1,1,1,1
17902,0,1,0,1,1,1,1,1,1,1
17903,0,1,1,0,1,0,1,1,1,0
17904,0,1,0,0,1,1,1,1,1,1
17905,0,0,0,1,1,0,1,1,1,1
17906,0,0,0,1,1,0,1,1,1,1
17907,0,1,1,1,1,1,1,1,1,1
17908,0,0,0,0,1,0,1,1,1,1
17909,0,0,0,1,1,0,1,1,1,1
17910,0,0,0,1,1,1,1,1,1,1
17911,0,0,0,1,1,0,1,1,1,1
17912,0,0,1,1,1,0,0,1,1,0
17913,0,1,0,1,1,0,1,1,1,1
17914,0,0,0,0,1,1,1,1,1,0
17915,0,1,0,1,1,0,1,1,1,1
17916,1,0,0,0,1,1,1,1,1,1
17917,0,0,0,1,1,0,1,1,1,1
17918,0,1,0,0,1,1,1,1,1,1
17919,0,1,0,1,1,0,1,1,1,0
17920,0,1,0,1,1,1,1,1,1,1
18001,0,0,0,0,1,0,1,1,1,1
18002,1,0,0,1,1,0,1,1,1,1
18003,0,1,0,1,1,1,1,1,1,1
18004,0,1,0,0,1,1,1,1,1,0
18005,0,1,0,1,1,0,1,1,1,1
18006,0,1,1,1,1,1,1,1,1,1
18007,0,0,0,1,1,0,1,1,1,1
18008,0,1,0,0,1,1,1,1,1,1
18009,1,1,0,0,1,1,1,1,1,0
18010,0,0,0,1,1,0,1,1,1,1
18011,0,0,0,1,1,0,1,1,1,1
18012,0,0,0,1,1,0,1,1,1,1
18013,0,1,0,1,1,0,1,1,1,1
18014,0,0,0,1,1,0,1,1,1,1
18015,0,0,0,1,1,0,1,1,1,1
18016,0,0,0,0,1,0,1,1,1,1
18017,0,0,0,1,1,1,1,1,1,1
18018,0,0,0,1,1,0,1,1,1,1
18019,0,1,0,1,1,1,1,1,1,1
18020,0,0,0,1,1,1,1,1,1,0
18301,0,0,0,1,1,1,1,1,1,1
18302,1,0,0,1,1,1,1,1,1,1
18303,0,0,0,0,1,1,1,1,1,1
18304,0,0,0,1,1,1,1,1,1,1
18305,0,0,0,1,1,1,1,1,1,1
18306,0,1,0,0,1,1,1,1,1,0
18307,1,1,0,0,1,1,1,1,1,1
18308,0,1,0,0,1,1,1,1,1,1
18309,0,1,0,1,1,1,1,1,1,1
18310,0,0,0,1,1,1,1,1,1,1
18311,0,0,1,1,1,0,1,1,1,1
18312,1,0,0,1,1,1,1,1,1,1
18313,0,1,1,1,1,0,1,1,1,1
18314,1,0,1,1,1,1,1,0,1,1
18315,0,0,0,1,1,0,1,1,1,1
18316,1,1,1,1,1,1,1,1,1,1
18317,1,1,0,0,1,1,1,1,1,1
18318,0,0,1,1,1,1,1,1,1,1
18319,0,0,0,0,1,1,1,1,1,1
18320,0,0,0,1,1,1,1,1,1,1
18401,1,1,1,1,1,1,1,1,1,1
18402,0,1,0,1,1,1,1,1,1,1
18403,0,1,1,0,1,1,1,1,1,1
18404,0,1,1,1,1,1,1,1,1,1
18405,0,0,0,1,1,1,1,1,1,1
18406,0,0,0,1,1,1,1,1,1,0
18407,0,1,0,0,1,1,1,1,1,1
18408,1,0,0,1,1,1,1,1,1,1
18409,0,0,0,1,1,1,1,1,1,1
18410,0,0,0,0,1,1,1,1,1,0
18411,0,,0,1,1,1,1,1,1,1
18412,0,0,0,1,1,1,1,1,1,0
18413,1,1,0,1,1,1,1,1,1,1
18414,0,1,0,1,1,1,1,1,1,1
18415,0,1,1,1,1,0,1,1,1,1
18416,1,0,0,1,1,1,1,1,1,1
18417,0,0,0,0,1,1,1,1,1,1
18418,0,0,0,1,1,1,1,1,1,1
18419,0,1,1,1,1,1,1,1,1,0
18420,0,1,0,1,1,1,1,1,1,1
18501,0,0,0,1,1,1,1,1,1,1
18502,0,0,0,1,1,1,1,1,1,1
18503,0,0,1,1,1,1,1,1,1,1
18504,0,0,1,1,1,1,1,1,1,1
18505,0,0,0,1,1,1,1,1,1,1
18506,0,0,0,1,1,1,1,1,1,1
18507,0,0,1,1,1,1,1,1,1,1
18508,0,0,0,1,1,1,1,1,1,1
18509,0,0,0,1,1,1,1,1,1,1
18510,0,1,0,1,1,1,1,1,1,1
18511,0,1,0,1,1,1,1,1,1,1
18512,0,0,0,1,1,1,1,1,1,1
18513,0,0,0,1,1,1,0,1,1,1
18514,0,0,0,1,1,1,1,1,1,1
18515,0,0,0,1,1,1,1,1,1,0
18516,0,0,0,1,1,1,1,1,1,1
18517,0,0,0,1,1,1,1,1,1,1
18518,1,0,0,1,1,1,1,1,1,1
18519,1,0,1,1,1,1,1,0,1,1
18520,0,1,1,1,1,1,1,1,1,0
18609,0,0,1,1,1,1,1,0,1,1
18610,,0,1,1,1,1,1,1,1,1
18611,0,0,1,1,1,1,1,1,1,1
18612,0,0,1,1,1,1,1,1,1,1
18613,0,1,1,1,1,1,1,1,1,1
18614,0,0,0,1,1,1,1,1,1,1
18615,,1,1,1,1,1,1,1,1,1
18616,0,1,0,1,1,1,1,1,1,1
18617,0,0,1,1,1,1,1,1,1,1
18618,0,0,1,1,1,1,1,1,1,1
18619,0,1,1,1,1,1,1,1,1,1
18620,0,0,1,1,1,1,1,1,1,1
18701,0,1,1,0,1,1,1,1,1,1
18702,0,1,1,1,1,1,1,1,1,1
18703,0,0,0,0,1,1,1,1,1,0
18704,0,0,0,1,1,1,1,1,1,1
18705,0,0,0,1,1,1,1,1,1,1
18706,0,1,0,1,1,0,1,1,1,1
18707,0,0,0,1,1,0,1,1,1,1
18708,0,0,0,1,1,0,1,1,1,1
18709,0,0,0,1,1,0,1,1,1,1
18710,0,0,1,1,1,0,1,1,1,1
18711,0,0,0,1,1,1,1,1,1,1
18712,0,0,1,1,1,1,1,1,1,1
18713,0,1,1,0,1,0,1,1,1,1
18714,0,1,1,1,1,1,1,0,1,1
18715,0,1,1,0,1,0,1,1,1,0
18716,0,0,0,1,1,1,1,1,1,0
18717,0,1,0,0,1,1,1,1,1,1
18718,0,0,0,1,1,1,1,1,1,1
18719,0,0,0,1,1,1,1,1,1,1
18720,0,0,0,1,1,1,1,1,1,1
18801,0,0,0,1,1,0,1,1,1,1
18802,0,0,0,1,1,1,1,1,1,1
18803,0,1,1,1,0,1,1,1,1,1
18804,0,0,0,1,1,0,1,1,1,1
18805,0,1,0,1,1,0,1,1,1,1
18806,0,0,1,1,1,1,1,1,1,1
18807,0,0,0,0,1,1,1,1,1,1
18808,0,0,1,1,1,1,1,1,1,1
18809,0,1,0,1,1,1,1,1,1,1
18810,0,1,1,1,1,1,1,1,1,1
18811,0,1,0,1,1,1,1,1,1,1
18812,0,1,1,1,1,1,1,1,1,1
18813,0,1,1,1,1,1,1,1,1,1
18814,0,0,0,1,1,1,1,1,1,1
18815,0,1,0,1,1,1,1,1,1,1
18816,0,1,1,1,1,1,1,1,1,1
18817,0,1,1,1,1,1,1,0,1,1
18818,0,1,0,1,1,1,1,1,1,1
18819,0,0,1,1,1,1,1,1,1,1
18820,0,1,1,1,1,1,1,1,1,1
18901,0,0,0,0,1,1,0,0,1,0
18902,0,0,0,1,1,1,1,1,1,1
18903,0,0,0,0,1,1,1,1,1,0
18904,0,0,0,1,1,1,1,1,1,1
18905,0,0,1,1,1,1,1,1,1,1
18906,0,0,0,1,1,1,1,1,1,1
18907,0,0,0,1,1,1,1,1,1,1
18908,0,0,1,1,1,1,1,1,1,1
18909,0,0,0,1,1,1,1,1,1,1
18910,0,0,0,1,1,0,1,1,1,1
18911,0,1,0,1,1,0,1,1,1,1
18912,0,1,0,0,1,1,1,1,1,1
18913,0,0,0,1,1,1,1,1,1,0
18914,1,1,1,0,1,1,1,1,1,1
18915,0,0,0,0,1,1,1,1,1,1
18917,1,0,0,1,1,1,1,1,1,1
18918,0,0,0,0,1,1,1,1,1,1
18919,0,0,0,0,1,1,1,1,1,0
18920,0,0,0,1,1,1,0,1,1,1
19101,0,0,0,1,1,1,1,1,1,1
19102,0,1,1,1,1,1,1,1,1,1
19103,0,1,0,1,1,1,1,1,1,0
19104,0,1,0,0,1,1,1,1,1,1
19105,0,,0,1,1,1,1,1,1,1
19106,0,1,0,0,1,0,1,1,1,1
19107,0,1,1,0,1,1,1,1,1,0
19108,1,0,1,0,1,1,1,1,1,1
19109,0,1,1,1,1,0,1,1,1,1
19110,0,1,0,0,1,1,1,1,1,1
19111,0,0,0,1,1,1,1,1,1,1
19112,1,0,1,1,1,1,1,1,1,1
19113,0,1,0,1,1,1,1,1,1,1
19114,1,1,0,0,1,1,1,1,1,1
19115,0,1,0,1,1,0,1,1,1,1
19116,1,1,1,1,0,1,1,1,1,1
19117,0,1,0,0,0,1,1,0,1,0
19118,0,1,0,0,1,1,1,1,1,1
19119,1,0,1,0,0,1,1,0,1,0
19120,0,0,0,0,1,0,1,1,1,1
19201,0,1,0,0,1,1,1,1,1,1
19202,0,1,0,0,1,1,1,1,1,1
19203,0,1,0,0,1,0,1,1,1,1
19204,1,1,1,0,1,0,1,1,1,1
19205,0,1,0,1,1,1,1,1,1,1
19206,0,1,0,1,1,1,1,1,1,1
19207,0,1,0,1,1,1,1,1,1,1
19208,0,1,0,0,1,1,1,1,1,1
19209,0,1,0,0,1,0,1,1,1,1
19210,0,1,0,1,1,1,1,1,1,1
19211,0,1,0,0,1,0,1,1,1,1
19212,0,1,0,0,1,0,1,1,1,1
19213,0,0,0,1,1,1,1,1,1,1
19214,0,0,0,0,1,1,1,1,1,1
19215,0,0,0,0,1,1,1,1,1,1
19216,0,1,0,0,1,1,1,1,1,1
19217,1,1,1,1,1,1,1,1,1,1
19218,0,1,0,0,1,0,1,1,1,1
19219,0,0,0,0,1,1,1,1,1,1
19220,0,1,0,0,1,1,1,1,1,1
19301,0,0,0,1,1,0,1,1,1,1
19302,0,0,0,1,1,0,1,1,1,1
19303,0,1,0,1,1,1,1,1,1,1
19304,0,0,1,1,1,1,1,1,1,1
19305,0,0,0,0,1,1,1,1,1,1
19306,0,0,0,0,1,0,1,1,1,1
19307,0,0,1,1,1,1,1,1,1,1
19308,0,0,0,1,1,1,1,1,1,1
19309,1,0,0,1,1,1,1,1,1,1
19310,,0,1,1,1,1,1,1,1,1
19311,0,0,1,1,1,1,1,1,1,1
19312,0,1,0,1,1,1,1,1,1,1
19313,0,1,0,0,0,1,1,1,1,1
19314,0,0,1,1,1,1,1,1,1,1
19315,1,1,0,0,1,0,1,1,1,0
19316,0,1,1,1,1,1,1,1,1,1
19317,0,1,0,1,1,0,1,1,1,0
19318,0,0,0,0,1,1,1,1,1,1
19319,0,0,1,1,1,1,1,1,1,1
19320,0,0,0,1,1,1,1,1,1,1
19401,0,0,0,1,1,1,0,1,1,1
19402,0,0,0,1,1,1,1,1,1,1
19403,0,1,0,0,1,0,1,1,1,1
19404,0,0,0,0,1,1,1,1,1,0
19405,0,0,1,1,1,1,1,1,1,0
19406,0,1,1,1,1,1,1,1,1,1
19407,0,1,1,1,1,1,1,1,1,1
19408,0,1,0,1,1,1,1,1,1,1
19409,0,1,1,1,1,1,0,1,1,1
19410,0,1,0,1,0,1,1,1,1,0
19411,0,0,0,0,1,0,1,1,1,1
19412,0,0,0,1,1,1,1,1,1,1
19413,0,1,0,1,1,1,1,1,1,1
19414,0,0,0,0,1,0,1,1,1,0
19415,0,1,1,1,1,1,1,1,1,1
19416,0,0,0,1,1,1,0,1,1,0
19417,0,0,0,1,1,1,1,1,1,1
19418,0,1,0,1,1,1,1,1,1,0
19419,0,1,0,1,1,1,0,1,1,1
19420,0,0,0,0,1,1,1,1,1,1
19501,0,1,1,1,1,0,1,1,1,0
19502,0,0,1,1,1,1,1,1,1,1
19503,0,1,0,1,1,1,1,1,1,1
19504,0,0,1,0,1,1,1,1,1,1
19505,0,0,0,0,1,1,0,0,1,1
19506,0,0,0,0,1,1,1,0,1,0
19507,0,0,1,1,1,1,1,1,1,1
19508,0,0,0,1,1,1,1,1,1,1
19509,1,0,0,1,1,0,1,1,1,1
19510,1,0,0,0,1,1,1,1,1,1
19511,0,0,0,1,1,1,1,1,1,1
19512,0,0,1,0,1,1,1,1,1,1
19513,1,0,1,0,1,1,1,1,1,1
19514,0,0,0,1,1,0,1,1,1,1
19515,0,1,0,0,1,1,1,1,1,0
19516,0,0,0,1,1,1,0,0,1,1
19517,0,0,0,0,1,0,1,0,1,0
19518,0,1,0,1,1,1,1,1,1,1
19519,0,1,0,1,1,1,1,1,1,1
19520,1,0,0,0,1,1,1,1,1,1
19601,0,1,0,1,1,0,1,1,1,1
19602,0,1,0,1,1,0,1,1,1,1
19603,0,0,0,0,1,0,1,1,1,1
19604,0,0,0,1,1,0,1,1,1,1
19605,0,1,0,1,1,0,1,1,1,0
19606,0,1,0,1,1,1,1,1,1,1
19607,0,0,0,1,1,1,1,1,1,0
19608,0,1,0,1,1,1,1,1,1,1
19609,1,1,0,1,1,1,1,1,1,1
19610,0,1,0,1,1,1,1,1,1,1
19611,0,1,0,1,1,1,1,1,1,1
19612,0,1,0,1,1,1,1,1,1,1
19613,0,1,1,0,1,1,1,1,1,1
19614,0,0,1,1,1,1,1,1,1,1
19615,0,1,1,0,1,1,1,1,1,1
19616,0,1,1,1,1,1,1,1,1,1
19617,0,0,0,1,1,0,1,1,1,1
19618,0,0,1,1,1,1,1,1,1,1
19619,0,1,0,1,1,1,1,1,1,1
19620,0,1,0,1,1,1,1,1,1,1
19701,0,1,0,1,1,0,1,1,1,1
19702,0,0,0,0,1,1,1,1,1,1
19703,0,0,0,0,1,0,1,1,1,1
19704,0,1,0,0,1,1,1,1,1,1
19705,0,0,0,1,1,1,1,1,1,1
19706,0,0,0,0,1,1,1,0,1,1
19707,0,0,0,0,1,1,1,1,1,1
19708,0,0,0,1,1,0,1,1,1,1
19709,0,0,0,0,1,1,1,1,1,1
19710,0,0,0,0,1,0,1,1,0,1
19711,0,1,0,0,1,1,1,1,1,0
19712,0,0,0,0,1,1,1,1,1,0
19713,0,1,0,0,1,0,1,1,1,1
19714,0,0,0,1,1,0,1,1,1,1
19715,1,0,1,0,1,1,1,1,1,1
19716,0,0,1,0,1,1,1,1,1,1
19717,0,0,0,0,1,1,1,1,1,1
19718,0,0,0,0,1,1,0,0,1,0
19719,0,0,0,1,1,1,1,1,1,0
19720,0,1,0,0,0,1,1,1,1,0
19801,0,1,1,0,1,1,1,1,1,1
19802,0,0,1,1,1,0,1,1,1,1
19803,0,1,1,1,1,0,1,1,1,1
19804,0,1,0,0,1,1,1,1,1,1
19805,0,1,1,1,1,1,1,1,1,1
19806,0,0,1,0,1,0,1,1,1,1
19807,1,1,0,1,1,0,1,1,1,1
19808,0,0,1,1,1,0,1,1,1,1
19809,0,1,1,1,1,0,1,1,1,0
19810,0,0,0,1,1,0,1,1,0,1
19811,0,0,0,1,1,0,1,1,1,1
19812,1,0,1,1,1,1,1,1,1,1
19813,0,0,0,1,1,1,1,1,1,1
19814,0,1,1,1,1,1,1,1,1,1
19815,0,1,1,0,1,0,1,1,1,1
19816,0,0,1,0,1,0,1,1,1,1
19817,0,0,0,1,1,1,1,1,1,1
19818,1,0,0,1,1,1,1,1,1,1
19819,0,0,0,1,1,0,1,1,1,1
19820,0,0,1,1,1,1,1,1,1,1
19901,0,0,0,0,1,1,1,1,1,1
19902,0,0,0,1,1,0,1,1,1,1
19903,0,0,0,1,1,1,1,1,1,0
19904,0,0,0,0,1,0,1,1,1,1
19905,0,1,0,1,1,1,1,1,1,1
19906,0,1,0,0,1,0,1,1,1,0
19907,0,0,1,1,1,1,1,1,1,1
19908,0,1,0,1,1,1,1,1,1,1
19909,0,1,1,1,1,1,1,1,1,1
19910,0,0,0,1,1,1,1,1,1,1
19911,0,0,1,1,1,1,1,1,1,1
19912,0,1,1,1,1,0,1,1,1,1
19913,1,1,0,1,1,1,1,1,1,1
19914,1,1,1,1,1,0,1,1,1,1
19915,0,1,0,0,1,1,1,1,1,1
19916,0,0,0,0,1,0,1,1,1,1
19917,0,1,0,0,1,1,1,1,1,1
19918,1,1,0,1,1,1,1,1,1,1
19919,0,1,1,1,1,1,1,1,1,1
19920,0,0,0,1,1,0,1,1,1,1
20001,0,1,0,1,1,1,1,1,1,1
20002,1,0,0,1,1,1,1,1,1,1
20003,0,1,0,0,1,1,1,1,1,1
20004,0,1,1,1,1,1,1,1,1,1
20005,1,0,0,0,1,1,1,1,1,0
20006,0,0,1,0,1,1,1,1,1,1
20007,,,0,1,1,1,1,1,1,1
20008,0,1,0,1,1,1,1,1,1,1
20009,0,0,0,0,1,1,1,1,1,1
20010,0,0,0,0,1,1,1,1,1,0
20011,1,0,0,0,1,1,1,1,1,1
20012,0,0,1,0,1,1,1,1,1,1
20013,0,0,0,1,1,1,1,1,1,1
20014,0,1,0,1,1,1,1,1,1,1
20015,0,0,0,1,1,1,1,1,1,1
20016,0,1,0,1,1,0,1,1,1,1
20017,0,1,0,1,1,1,1,1,1,1
20018,1,1,0,0,1,0,1,1,1,1
20019,0,0,0,1,1,1,1,1,1,1
20020,0,1,0,1,1,1,1,1,1,1
20101,0,0,0,1,1,1,1,1,1,1
20102,0,0,1,1,1,1,1,1,1,1
20103,0,,1,1,1,1,1,1,1,1
20104,0,0,0,1,1,1,1,1,0,1
20105,0,0,0,1,1,1,1,1,1,1
20106,0,1,0,,1,1,1,1,1,0
20107,0,0,0,1,1,1,1,1,1,1
20108,0,0,1,1,1,1,1,1,1,1
20109,0,1,1,1,1,1,1,1,1,1
20110,0,0,1,1,1,1,1,1,1,1
20111,0,1,1,1,1,1,1,1,1,1
20112,0,1,1,1,1,1,1,1,1,1
20113,0,0,1,1,1,1,1,1,1,1
20114,1,1,1,1,1,1,1,1,1,1
20115,1,0,1,1,1,1,1,1,1,1
20116,0,0,0,1,1,1,1,1,1,1
20117,0,1,1,1,1,1,1,1,1,1
20118,0,0,0,1,1,1,1,1,1,1
20119,0,1,1,1,1,1,1,1,1,1
20120,0,1,1,1,1,1,1,1,1,1
20201,0,1,0,0,1,0,1,1,1,1
20202,1,0,0,1,1,0,1,1,1,1
20203,1,0,1,1,1,1,0,1,1,1
20204,0,0,0,1,1,1,1,1,1,1
20205,0,0,1,1,1,1,1,1,1,1
20206,0,1,0,1,1,1,1,1,1,1
20207,1,1,1,1,1,1,1,1,1,1
20208,0,1,1,1,1,1,1,1,1,1
20209,0,0,0,1,1,1,1,1,1,1
20210,0,0,1,1,1,1,1,1,1,1
20211,0,1,1,0,1,1,1,1,1,1
20212,0,1,1,1,1,0,1,1,1,1
20213,0,1,0,1,1,1,1,1,1,1
20214,0,1,1,1,1,1,1,1,1,1
20215,0,0,1,1,1,0,1,1,1,1
20216,1,0,0,1,1,1,1,1,1,0
20217,0,1,0,1,1,1,1,1,1,1
20218,0,0,1,1,1,1,1,1,1,1
20219,,0,0,1,1,0,1,1,1,1
20220,0,0,1,1,1,0,1,1,1,1
20301,0,0,0,1,1,1,1,1,1,1
20302,0,0,0,1,1,1,1,1,1,1
20303,0,0,0,1,1,1,1,1,1,1
20304,0,0,0,1,1,1,1,1,1,1
20305,0,0,0,1,1,1,1,1,1,1
20306,0,1,1,1,1,1,1,1,1,1
20307,0,0,0,1,1,1,1,1,1,1
20308,0,1,0,1,1,0,1,1,1,1
20309,0,1,1,1,1,1,1,1,1,1
20310,0,0,0,1,1,0,1,1,1,1
20312,0,1,1,1,1,0,1,1,1,1
20313,0,1,0,1,1,0,1,1,1,1
20314,0,1,1,1,1,0,1,1,1,1
20315,0,0,0,1,1,0,1,1,1,1
20316,0,0,0,1,1,1,1,1,1,1
20317,0,1,0,1,1,1,1,1,1,1
20318,0,0,0,1,1,0,1,1,1,1
20319,0,0,0,1,1,0,1,1,1,1
20320,,,0,1,1,1,1,1,1,1
20401,0,0,1,1,1,1,1,1,1,1
20402,0,0,0,1,1,1,1,1,1,1
20403,0,1,0,1,1,1,1,1,1,1
20404,0,0,1,1,1,0,1,1,1,1
20405,0,0,0,1,1,1,1,1,1,1
20406,0,0,1,1,1,0,1,1,1,1
20407,0,0,0,1,1,0,1,1,1,1
20408,0,0,0,0,1,0,1,1,1,1
20409,0,0,1,0,1,0,1,1,1,1
20410,0,0,0,0,1,1,1,1,1,1
20411,0,0,0,1,1,1,1,1,1,1
20412,0,0,0,1,1,0,1,1,1,1
20413,0,0,0,1,1,1,1,1,1,1
20414,0,0,1,1,1,1,1,1,1,1
20415,0,0,0,1,1,0,1,1,1,1
20416,0,0,0,1,1,0,1,1,1,1
20417,0,0,0,0,0,1,1,1,1,1
20418,0,1,0,1,1,1,1,1,1,1
20419,0,0,0,1,1,1,1,1,1,1
20420,0,0,0,0,1,1,1,1,1,1
20501,0,1,0,1,1,0,1,1,1,1
20502,1,0,1,0,1,1,1,1,1,1
20503,0,0,1,1,1,0,1,1,1,1
20504,0,0,0,1,1,1,1,1,1,1
20505,0,1,0,1,1,1,1,1,1,1
20506,0,0,0,1,1,1,1,1,1,1
20507,0,1,1,1,1,1,1,1,1,1
20508,0,0,0,1,1,1,1,1,1,1
20509,0,0,1,1,1,1,1,1,1,1
20510,0,0,0,1,1,1,1,1,1,1
20511,0,1,0,0,0,1,1,1,1,1
20512,0,0,0,1,1,1,1,1,1,1
20513,0,1,1,0,1,0,1,1,1,1
20514,0,0,1,1,1,0,1,1,1,1
20515,0,0,0,0,1,0,1,1,1,1
20516,0,0,0,1,1,0,1,1,1,1
20517,0,0,0,1,1,1,1,1,1,1
20518,0,0,1,1,1,1,1,1,1,0
20519,0,0,0,1,1,0,1,1,1,1
20520,0,0,0,1,0,1,1,1,1,1
20601,0,1,0,1,1,0,1,1,1,1
20602,0,0,0,1,1,1,1,1,1,1
20603,0,0,0,1,1,1,1,1,1,1
20604,0,0,0,0,1,1,1,1,1,0
20605,0,0,1,0,1,0,1,1,1,1
20606,0,0,1,0,1,0,1,1,1,1
20607,0,1,0,1,1,1,1,1,1,1
20608,0,1,1,1,1,0,1,1,1,1
20609,0,0,0,1,1,0,1,1,1,0
20610,0,1,0,1,1,0,1,1,1,1
20611,0,0,0,1,1,0,1,1,1,1
20612,0,0,0,1,1,0,1,1,1,1
20613,0,0,1,1,1,1,1,1,1,1
20614,0,0,1,1,1,1,1,1,1,1
20615,0,0,0,1,1,0,1,1,1,1
20616,0,0,1,1,1,1,1,1,1,1
20617,0,0,1,1,1,1,1,1,1,1
20618,0,0,1,1,1,1,1,1,1,1
20619,0,0,0,1,1,1,1,1,1,1
20620,0,1,1,1,1,0,1,1,1,1
20701,0,1,0,1,1,1,1,1,1,1
20702,0,1,1,1,1,1,1,1,1,1
20703,0,0,0,0,1,1,1,1,1,1
20704,0,0,0,1,1,1,1,1,1,1
20705,1,0,0,0,1,0,1,1,1,0
20706,0,0,0,1,1,1,1,1,1,1
20707,1,1,0,0,1,1,0,1,1,0
20708,0,0,0,1,1,1,1,1,1,1
20709,,1,1,1,1,1,1,1,1,1
20710,0,0,0,1,1,1,1,1,1,1
20711,0,1,1,1,1,1,1,1,1,1
20712,0,1,0,0,1,1,1,1,1,1
20713,0,1,0,1,1,0,1,1,1,1
20714,0,0,0,1,1,1,1,1,1,1
20715,1,1,0,1,1,1,1,1,1,1
20716,0,0,0,1,1,1,1,1,1,1
20717,0,0,1,0,1,1,1,1,1,1
20718,1,0,0,1,1,1,1,1,1,1
20719,0,1,1,1,1,1,1,1,1,1
20720,1,1,1,1,1,1,1,1,1,1
20801,0,0,1,0,1,1,1,1,1,1
20802,1,0,0,0,1,0,1,1,1,1
20803,0,1,1,0,1,1,1,1,1,1
20804,0,0,0,0,1,1,1,1,1,1
20805,0,1,0,1,1,1,1,1,1,1
20806,0,0,0,1,1,0,1,1,1,1
20807,,1,1,1,1,0,1,1,1,1
20808,0,0,0,1,1,1,1,1,1,1
20809,0,0,0,0,1,1,1,1,1,1
20810,0,0,0,0,1,1,1,1,1,1
20811,0,1,0,0,1,1,1,1,1,1
20812,1,0,0,0,1,0,1,1,1,1
20813,,1,1,0,1,1,1,1,1,1
20814,1,1,0,1,1,1,1,1,1,1
20815,1,1,0,1,1,1,1,1,1,1
20816,0,0,0,1,1,1,1,1,1,1
20817,0,0,0,1,1,1,1,1,1,1
20818,0,1,0,1,1,1,1,1,1,1
20819,0,0,0,1,1,1,1,1,1,1
20820,0,0,1,1,1,1,1,1,1,1
20901,0,0,0,1,1,1,1,1,0,1
20902,1,0,0,1,1,1,1,1,1,1
20903,0,0,0,1,1,1,1,1,1,1
20904,0,0,1,0,1,1,1,1,1,1
20905,0,1,0,0,1,1,1,1,1,1
20906,1,1,0,1,1,1,1,1,1,1
20907,0,0,0,1,1,1,1,1,1,1
20908,0,1,1,1,1,1,1,1,1,1
20909,0,0,0,0,1,1,1,1,1,1
20910,0,0,0,1,1,1,1,1,1,1
20911,0,0,1,1,1,1,1,1,1,1
20912,0,1,0,0,1,1,1,1,1,1
20913,0,0,0,1,1,1,1,1,1,1
20914,,1,0,1,1,1,1,1,1,1
20915,0,0,1,1,1,1,1,1,1,1
20916,0,0,0,1,1,1,1,1,1,1
20917,0,0,1,1,1,1,1,1,1,1
20918,0,1,0,0,1,1,1,1,1,1
20919,0,1,0,0,1,1,1,1,1,1
20920,0,1,1,1,1,1,0,1,1,1
21001,0,1,1,1,1,1,1,1,1,1
21002,0,0,0,1,1,0,1,1,1,1
21003,0,1,1,1,1,1,1,1,1,1
21004,1,1,1,1,1,1,1,1,1,1
21005,0,1,0,0,0,1,1,1,1,1
21006,0,1,1,1,1,1,1,1,1,1
21007,1,1,0,0,1,0,1,1,1,1
21008,0,1,1,1,1,1,1,1,1,1
21009,1,0,1,1,1,1,1,1,1,1
21010,1,0,1,1,1,1,1,1,1,1
21011,1,0,0,1,1,1,1,1,1,1
21012,1,0,0,1,1,1,1,1,1,1
21013,0,0,0,1,1,0,0,1,1,1
21014,0,0,0,1,1,1,1,1,1,1
21015,0,1,0,1,1,1,1,1,1,1
21016,0,0,0,0,1,1,1,1,1,1
21017,0,0,1,1,1,1,1,1,1,1
21018,0,1,1,0,1,1,1,1,1,1
21019,1,0,0,1,1,1,1,1,1,1
21020,0,1,1,1,1,1,1,1,1,0
21201,0,0,0,1,0,1,1,1,1,1
21202,0,0,0,0,1,1,1,1,1,1
21203,0,1,0,0,1,1,1,1,1,1
21204,1,1,1,1,1,1,1,1,1,1
21205,0,1,1,0,1,1,1,1,1,1
21206,0,1,0,1,1,1,1,1,1,1
21207,0,0,0,1,1,0,1,1,1,1
21208,0,1,0,1,1,0,1,1,1,1
21209,0,0,1,1,1,1,1,1,1,1
21210,0,1,1,0,1,1,1,1,1,1
21211,0,0,0,0,1,0,1,1,1,1
21212,0,0,0,0,1,1,1,1,1,1
21213,0,1,0,1,1,1,1,1,1,1
21214,1,1,0,0,1,1,1,1,1,1
21215,0,0,1,0,1,1,1,1,1,1
21216,0,0,0,1,1,1,1,1,1,1
21217,,0,0,1,1,0,1,1,1,1
21218,0,0,0,1,1,1,1,1,1,1
21219,0,1,0,1,1,1,1,1,1,1
21220,0,0,0,0,1,1,1,1,1,1
21301,0,1,1,1,1,1,1,1,1,1
21302,0,0,0,1,1,0,1,1,1,1
21303,0,0,0,1,1,1,1,1,1,1
21304,0,0,0,1,1,1,1,1,1,1
21305,0,0,0,1,1,1,1,1,1,1
21306,1,1,0,1,1,1,1,1,1,1
21307,0,1,0,0,0,0,1,1,1,1
21308,0,0,1,1,1,0,1,1,1,1
21309,0,1,0,1,1,0,1,1,1,0
21310,0,0,0,1,1,1,1,1,1,1
21311,0,0,0,1,1,1,1,1,1,1
21312,0,1,0,1,1,0,1,1,1,1
21314,0,0,0,1,1,0,1,1,1,1
21315,0,0,1,1,1,1,1,1,1,1
21316,0,0,0,1,1,1,1,1,1,1
21317,0,0,0,1,1,1,1,1,1,1
21318,0,0,0,1,1,0,1,1,1,1
21319,0,0,0,1,1,1,1,1,1,1
21320,0,0,0,1,1,0,1,1,1,1
21401,0,1,1,1,1,1,1,1,1,1
21402,0,0,0,1,1,0,1,1,1,1
21403,0,1,0,1,1,1,1,1,1,1
21404,1,1,0,1,1,1,1,1,1,1
21406,0,0,1,1,1,0,1,1,1,1
21407,0,0,0,1,1,1,1,1,1,1
21408,0,0,1,1,1,1,1,1,1,1
21409,0,1,0,1,1,1,1,1,1,0
21410,0,0,0,1,1,1,1,1,1,1
21411,0,0,0,1,1,0,1,1,1,1
21412,0,0,0,0,1,1,0,1,1,1
21413,0,0,1,1,1,1,1,1,1,1
21414,0,0,0,1,1,1,1,1,1,1
21415,0,0,0,1,1,0,1,1,1,1
21416,0,0,1,0,1,0,1,1,1,1
21417,0,0,0,0,1,0,1,1,1,1
21418,0,0,0,1,1,1,1,1,1,1
21419,0,1,0,0,1,1,1,1,1,1
21420,0,1,1,0,1,1,1,1,1,1
21501,1,1,0,0,1,1,1,1,1,1
21502,1,0,0,1,1,1,1,1,1,1
21503,0,1,0,1,1,1,1,1,1,1
21504,0,0,0,1,1,1,1,1,1,1
21505,1,0,0,1,1,1,1,1,1,1
21506,0,0,0,1,1,1,1,1,1,1
21507,0,0,0,1,1,1,1,1,1,1
21508,0,1,1,1,1,1,1,1,1,1
21509,0,0,0,1,1,1,1,1,1,1
21510,0,0,0,0,1,1,1,1,1,1
21511,0,0,0,1,1,1,1,1,1,1
21512,0,1,0,0,1,1,1,1,1,1
21513,0,0,0,1,1,1,1,1,1,1
21514,1,0,0,1,1,1,1,1,1,1
21515,0,0,0,1,1,1,1,1,1,1
21516,1,1,0,1,1,1,1,1,1,1
21517,0,1,0,1,1,1,1,1,1,1
21518,0,1,0,1,1,0,1,1,1,1
21519,0,0,1,1,1,1,1,1,1,1
21520,1,0,0,0,1,1,1,1,1,1
21601,0,0,1,0,1,1,1,1,1,1
21602,0,0,1,1,1,0,1,1,1,1
21603,0,1,1,1,1,0,1,1,1,1
21604,1,0,0,1,1,1,1,1,1,1
21605,1,0,0,1,1,1,1,1,1,1
21606,0,0,0,1,1,1,1,1,1,1
21607,0,1,1,0,1,1,1,1,1,1
21608,0,0,1,0,1,1,1,1,1,1
21609,0,0,1,1,1,1,1,1,1,1
21610,0,1,1,1,1,1,1,1,1,1
21611,0,0,1,1,1,1,1,1,1,1
21612,0,0,0,1,1,1,1,1,1,1
21613,0,1,1,1,,1,1,1,1,1
21614,0,1,1,1,1,1,1,1,1,1
21615,0,0,1,1,1,1,1,1,1,1
21616,0,1,1,1,1,1,1,1,1,1
21617,0,0,1,1,1,1,1,1,1,1
21618,0,0,0,1,1,1,1,1,1,1
21619,0,1,1,1,1,1,1,1,1,1
21620,0,0,0,0,1,1,1,1,1,1
21701,0,0,0,1,1,1,1,1,1,1
21702,0,0,1,1,1,1,1,1,1,1
21703,0,1,0,0,1,1,1,1,1,0
21704,0,0,1,1,1,1,1,1,1,1
21705,1,0,1,1,1,1,1,1,1,1
21706,0,0,0,1,1,0,1,1,1,1
21707,0,1,0,0,1,0,1,1,1,0
21708,0,0,1,0,1,0,1,1,1,1
21709,0,0,0,1,1,1,1,1,1,1
21710,1,0,0,1,1,1,1,1,1,1
21711,0,0,0,1,1,1,0,1,1,1
21712,1,1,1,1,1,1,1,1,1,1
21713,0,1,0,1,1,0,1,1,1,1
21714,0,0,0,1,1,1,1,1,1,1
21715,1,1,0,0,1,1,1,1,1,1
21716,0,0,0,1,1,0,1,1,1,1
21717,0,1,0,1,1,1,1,1,1,1
21718,0,1,1,1,1,0,1,1,1,1
21719,0,0,0,0,1,1,1,1,1,0
21720,0,1,0,1,1,1,1,1,1,1
21801,0,0,0,0,1,1,1,1,1,1
21802,0,0,0,0,1,1,1,1,1,1
21803,0,0,1,1,1,0,1,1,1,1
21804,0,0,0,0,1,1,1,1,1,1
21805,0,0,0,1,1,1,1,1,1,1
21806,0,1,1,0,1,1,1,1,1,1
21807,1,0,1,0,1,1,1,1,1,1
21808,0,0,1,0,1,0,1,1,1,1
21809,0,0,0,1,1,1,1,1,1,1
21810,0,0,0,0,1,1,1,1,1,1
21811,1,0,0,1,1,1,1,1,1,1
21812,0,0,0,1,1,1,1,1,1,1
21813,0,0,0,0,1,1,1,1,1,1
21814,0,1,1,0,1,1,1,1,1,1
21815,0,0,0,1,1,1,1,1,1,1
21816,0,1,1,1,1,1,1,1,1,1
21817,0,0,0,1,1,1,1,1,1,1
21818,1,1,0,0,1,1,1,1,1,1
21819,0,0,0,0,1,0,1,1,1,0
21820,0,1,0,0,1,0,1,1,1,1
22101,0,0,0,1,1,1,1,1,1,1
22102,0,1,0,1,1,0,1,1,1,0
22103,0,0,0,1,1,1,1,1,1,1
22104,0,1,0,1,1,1,1,1,1,1
22105,0,0,1,0,1,1,1,1,1,1
22106,0,1,1,1,1,1,1,1,1,1
22107,0,0,0,0,1,1,1,1,1,1
22108,0,0,1,0,1,0,1,1,1,1
22109,0,0,0,1,1,0,1,1,1,1
22110,0,1,0,0,1,1,1,1,1,1
22111,0,0,0,1,1,1,1,1,1,0
22112,0,0,0,1,1,1,1,1,1,1
22113,0,1,0,1,1,1,1,1,1,1
22114,0,0,0,1,1,1,0,1,1,1
22115,0,0,0,1,1,1,1,1,1,1
22116,0,1,0,1,1,1,1,1,1,1
22117,0,0,0,1,1,1,1,1,1,1
22118,0,0,0,1,1,1,1,1,1,1
22119,0,0,0,1,1,1,1,1,1,1
22120,0,0,1,1,1,1,1,1,1,1
22401,0,0,0,1,1,0,1,1,1,1
22402,1,0,0,0,1,1,1,1,1,0
22403,0,0,0,0,1,1,0,1,1,0
22404,0,0,0,0,1,0,1,1,1,1
22405,0,0,0,1,1,1,1,1,1,0
22406,0,1,1,1,1,0,1,1,1,1
22407,0,0,0,0,1,1,1,1,1,1
22408,0,0,0,1,1,0,1,1,1,1
22409,0,0,0,1,1,1,1,1,1,1
22410,0,0,0,0,1,1,1,1,1,0
22411,0,0,0,0,1,1,1,1,1,1
22412,0,1,0,1,1,0,1,1,1,1
22413,0,0,0,0,1,1,1,1,1,1
22414,0,1,0,0,1,1,1,1,1,1
22415,1,0,0,1,1,0,1,1,1,1
22416,0,0,0,1,1,1,1,1,1,1
22417,0,1,0,1,1,0,1,1,1,1
22418,0,0,1,0,1,1,1,1,1,1
22419,0,0,0,0,1,0,0,0,1,0
22420,0,0,0,0,1,0,1,1,1,1
22501,0,0,0,1,1,1,1,1,1,1
22502,0,1,0,1,1,1,1,1,1,1
22503,0,1,0,0,1,1,1,1,1,1
22504,1,1,1,1,1,1,1,1,1,1
22505,0,0,1,1,1,1,1,1,1,1
22506,0,1,0,1,1,1,1,1,1,1
22507,1,0,1,1,1,1,1,1,1,1
22508,0,1,0,1,1,1,1,1,1,1
22509,0,1,0,1,1,1,1,1,1,1
22510,0,0,0,0,1,1,1,1,1,1
22511,0,1,0,1,1,1,1,1,1,1
22512,0,0,1,1,1,1,1,1,1,1
22513,1,0,0,1,1,1,1,1,1,0
22514,0,0,0,1,1,1,1,1,1,1
22515,0,0,0,1,1,1,1,1,1,1
22516,0,0,0,0,1,1,1,1,1,1
22517,0,0,0,1,1,1,1,1,1,1
22518,0,1,1,1,1,1,1,1,1,1
22519,0,0,0,1,1,1,1,1,1,1
22520,1,1,1,1,1,1,1,1,1,1
22601,0,0,0,0,1,1,1,1,1,1
22602,0,1,1,0,1,1,1,1,1,0
22603,0,0,0,0,1,1,1,0,1,0
22604,0,0,0,0,1,0,1,1,1,0
22605,0,1,0,0,1,1,1,1,1,0
22606,0,0,0,0,1,1,1,1,1,1
22607,0,0,0,0,1,1,1,1,1,1
22608,1,1,0,0,1,0,1,1,1,1
22609,1,1,0,1,1,0,1,1,1,1
22610,0,0,0,0,1,1,1,1,1,1
22611,1,1,0,0,1,1,1,0,1,0
22612,0,0,0,0,1,1,1,0,1,0
22613,0,0,0,0,1,0,0,1,1,1
22614,0,1,0,1,1,1,1,1,1,1
22615,0,0,0,0,1,1,1,1,1,1
22616,0,1,0,0,1,1,1,1,1,1
22617,0,0,0,0,1,1,0,1,1,1
22618,0,1,1,0,1,1,1,1,1,1
22619,0,0,0,1,1,0,1,0,1,0
22620,0,0,1,0,1,1,1,1,1,1
22701,0,1,0,0,1,1,1,0,1,1
22702,0,0,0,0,1,1,1,1,1,0
22703,0,0,0,0,1,1,1,0,1,0
22704,0,0,0,1,1,1,1,1,1,0
22705,0,0,0,0,1,1,1,1,0,1
22706,0,1,0,0,1,0,1,1,1,0
22707,0,1,0,0,1,0,0,1,1,0
22708,0,1,0,0,1,1,0,1,1,0
22709,0,0,0,1,1,1,0,1,1,1
22710,0,0,0,0,1,1,1,1,1,0
22711,0,0,0,0,1,1,1,1,1,0
22712,0,0,0,0,1,0,1,0,1,0
22713,1,0,0,0,1,1,1,0,1,0
22714,0,0,0,0,1,1,0,0,1,0
22715,1,0,0,0,1,0,0,1,1,1
22716,0,0,0,0,1,1,0,1,1,0
22717,0,0,0,0,1,1,1,1,1,1
22718,0,0,0,0,1,1,1,1,1,0
22719,0,1,0,0,1,1,1,1,1,1
22720,0,0,0,0,1,1,0,0,1,1
22801,0,1,0,1,1,0,1,1,1,1
22802,0,1,0,1,1,1,1,1,1,1
22803,0,0,0,1,1,0,1,1,1,1
22804,0,0,0,0,1,0,0,1,1,1
22805,0,0,0,0,1,0,0,1,1,1
22806,0,1,0,0,1,0,1,1,1,0
22807,0,0,0,0,1,0,1,1,1,0
22808,0,0,0,0,1,0,1,1,1,1
22809,0,0,0,1,1,0,1,1,1,0
22810,0,0,0,0,1,0,1,1,1,1
22811,0,0,0,0,1,0,1,1,1,1
22812,1,0,0,1,1,0,1,1,1,1
22813,0,0,0,0,1,1,1,1,1,1
22814,0,0,0,0,1,1,1,1,1,0
22815,0,1,0,0,1,0,1,1,1,1
22816,0,0,1,0,1,0,0,1,1,1
22817,0,0,0,0,1,1,1,1,1,1
22818,0,1,1,0,1,1,0,0,1,1
22819,0,1,0,0,1,0,0,0,1,1
22820,0,0,0,0,1,0,0,0,1,0
22901,0,0,0,0,1,1,1,1,1,1
22902,0,0,0,0,1,0,1,1,1,1
22903,0,1,0,0,1,0,1,1,1,1
22904,0,0,0,1,1,0,0,1,1,0
22905,0,0,0,0,1,1,1,1,1,0
22906,0,1,0,1,1,0,1,1,1,1
22907,0,0,0,0,1,0,1,1,1,1
22908,0,0,0,0,1,0,0,1,1,0
22909,0,1,0,0,1,0,0,1,1,1
22910,0,0,1,0,1,0,0,1,1,1
22911,0,0,0,1,1,1,1,1,1,0
22912,0,1,0,0,1,0,1,1,1,1
22913,0,0,1,0,1,0,1,1,1,1
22914,0,0,0,1,1,0,1,1,1,1
22915,1,0,0,0,1,0,1,1,1,1
22916,0,0,0,0,1,0,1,1,1,1
22917,0,1,0,0,1,0,1,1,1,0
22918,0,1,0,0,1,0,1,1,1,1
22919,0,0,0,1,1,0,1,1,1,1
22920,0,0,0,1,1,1,1,1,1,1
23001,0,0,0,0,1,0,1,1,1,1
23002,1,0,0,0,1,0,1,1,1,0
23003,1,0,0,0,1,0,1,0,1,0
23005,0,0,0,0,0,0,1,0,1,0
23006,0,0,0,1,1,0,1,0,0,0
23007,0,0,0,0,1,0,1,1,1,0
23008,0,0,0,0,1,0,1,1,1,1
23009,0,1,0,0,1,0,1,1,1,1
23010,0,0,1,0,1,1,1,1,1,0
23011,0,0,0,0,1,1,0,0,1,1
23012,0,0,0,1,1,0,0,0,1,0
23013,0,0,0,0,1,1,1,0,1,0
23014,1,0,1,0,1,0,0,0,1,0
23015,0,0,1,0,1,1,1,1,1,0
23016,0,0,0,0,1,1,1,1,1,1
23018,0,0,1,0,1,0,1,0,1,0
23019,0,0,0,0,1,0,1,1,1,1
23020,0,0,0,0,1,1,0,1,1,1
23401,0,0,0,0,1,0,1,1,1,1
23402,0,0,0,0,1,0,1,0,0,0
23403,0,0,0,1,1,1,1,1,1,0
23404,0,,0,0,1,0,1,1,1,0
23405,0,0,0,0,1,0,1,1,1,1
23406,0,0,0,0,1,0,1,1,1,1
23407,0,0,0,1,1,0,1,1,1,0
23408,0,0,0,0,1,1,1,1,1,0
23409,0,0,0,0,1,0,1,1,1,0
23410,0,0,0,0,0,1,1,1,1,0
23411,1,1,0,0,1,1,1,1,1,1
23412,0,1,0,1,1,0,1,1,1,1
23413,0,1,0,1,1,0,1,1,1,1
23414,0,0,0,0,1,1,1,1,1,0
23415,0,0,0,0,1,0,1,1,1,1
23416,0,1,0,1,1,0,1,1,1,1
23417,0,0,0,0,1,0,1,1,1,0
23418,0,1,0,0,1,1,1,1,1,1
23419,0,1,0,1,1,0,1,1,1,1
23420,0,0,0,0,1,1,1,1,1,1
23501,0,1,0,0,1,1,1,1,1,0
23502,0,0,0,0,1,1,1,0,1,0
23503,0,0,0,0,1,1,1,0,1,0
23504,0,1,0,0,1,1,0,1,1,0
23507,0,0,0,0,1,1,1,0,1,0
23508,0,0,1,0,1,1,0,0,1,0
23509,0,0,0,0,1,0,1,1,1,0
23510,0,1,1,0,1,0,1,0,1,0
23511,1,0,0,0,1,1,1,1,1,1
23512,0,1,0,1,1,1,1,1,1,1
23514,0,0,0,0,1,1,1,0,1,0
23515,0,0,0,0,0,1,1,0,1,0
23516,0,1,0,0,1,1,1,1,1,0
23517,0,0,0,0,1,0,1,1,1,0
23518,0,1,0,0,1,1,0,0,1,0
23519,0,1,0,0,1,0,1,1,1,1
23520,0,1,0,0,1,1,1,0,1,1
23601,0,0,0,1,1,1,1,1,1,1
23602,0,0,0,1,1,1,1,1,1,1
23603,0,0,0,0,1,1,1,1,1,0
23604,0,0,0,0,1,1,1,1,1,1
23605,0,1,0,1,1,1,1,1,1,1
23606,0,0,0,1,1,1,1,1,1,1
23607,0,0,0,1,1,1,1,1,1,1
23608,0,0,0,1,1,1,1,1,1,1
23609,0,0,0,0,1,1,1,0,1,0
23610,0,0,1,1,1,1,1,1,1,1
23611,0,0,0,1,1,0,1,1,1,0
23612,0,1,0,0,1,1,1,1,1,1
23613,0,0,1,1,1,1,1,1,1,1
23614,0,1,0,0,1,1,1,1,1,1
23615,0,1,1,0,1,1,1,1,1,0
23616,0,0,0,1,1,1,1,1,1,0
23617,0,1,1,1,1,1,1,1,1,1
23618,0,0,0,1,1,1,0,1,1,1
23619,0,1,0,0,1,1,0,1,1,1
23620,0,0,0,0,1,1,1,1,1,1
23701,0,0,0,0,1,1,1,1,1,0
23702,0,0,0,0,1,0,1,1,1,1
23703,0,0,0,0,1,1,1,1,1,0
23704,0,0,0,1,1,0,1,0,1,0
23705,0,1,0,0,1,1,1,0,1,1
23706,0,1,0,0,1,1,0,0,1,0
23707,0,1,1,1,1,1,0,0,1,0
23708,0,0,0,0,1,1,1,1,1,0
23709,0,1,0,0,1,1,1,1,1,1
23710,0,1,0,0,1,1,1,0,1,1
23711,0,0,0,0,1,0,1,1,1,1
23712,0,0,1,1,1,1,1,0,1,1
23713,0,0,0,0,1,1,1,0,1,1
23714,0,1,0,1,1,1,1,1,1,1
23715,0,0,0,0,1,1,1,0,1,0
23716,0,1,0,0,1,0,1,0,1,0
23717,0,0,0,0,1,1,1,1,1,1
23718,0,1,0,0,1,1,0,1,1,0
23719,0,1,0,0,1,1,1,0,1,1
23720,0,1,0,0,1,1,1,1,1,1
23801,0,0,0,0,1,1,0,0,1,0
23802,0,0,0,1,1,0,1,1,1,1
23803,0,0,1,1,1,0,1,1,1,1
23804,0,1,1,0,1,0,1,0,1,1
23805,0,0,0,0,1,0,1,1,1,1
23806,0,0,0,0,1,0,1,0,1,1
23807,0,0,0,0,1,0,0,1,1,0
23808,0,0,0,1,1,0,1,1,1,1
23809,0,0,0,1,1,1,1,1,1,1
23810,0,0,1,1,1,1,1,1,1,1
23811,0,0,1,0,1,1,1,1,1,1
23812,0,0,0,0,1,0,1,1,1,1
23813,0,0,0,0,1,1,1,1,0,0
23814,0,0,0,0,1,0,0,1,1,0
23815,0,1,0,1,1,1,0,0,1,1
23816,0,0,1,1,0,1,1,1,1,1
23817,0,0,1,1,1,1,1,0,1,1
23818,0,0,0,1,1,1,1,1,1,1
23819,0,0,0,1,1,0,1,1,0,1
23820,0,0,0,0,1,0,1,1,1,0
23901,0,0,0,0,1,1,1,1,1,1
23902,0,0,0,0,1,0,0,1,1,0
23903,0,1,1,0,1,0,0,1,1,1
23904,0,1,0,0,1,1,1,1,1,1
23905,0,0,0,0,1,0,1,1,1,0
23906,0,1,0,0,1,0,0,0,1,1
23907,0,1,0,0,1,1,1,0,1,1
23908,0,0,0,0,1,1,1,1,1,0
23909,0,0,0,0,1,1,1,1,1,1
23910,0,0,0,0,1,0,0,0,1,1
23911,0,1,0,0,1,1,1,1,1,1
23912,0,0,0,0,1,1,0,1,1,1
23913,0,1,0,0,1,0,1,1,1,0
23914,0,1,0,0,1,0,1,1,1,1
23915,0,,0,0,1,0,1,0,1,1
23916,0,0,0,1,1,0,0,1,1,1
23917,0,0,0,1,1,1,1,1,1,1
23918,0,0,0,0,1,1,1,1,1,0
23919,0,1,0,0,1,0,1,0,1,0
23920,0,0,0,0,1,0,0,0,1,0
24001,0,0,0,1,1,0,1,1,1,1
24002,0,0,0,1,1,0,1,1,1,1
24003,0,0,0,1,1,0,0,1,1,1
24004,0,0,0,1,1,1,1,1,1,1
24005,0,0,0,0,1,1,1,0,1,1
24006,0,0,0,0,1,1,1,0,1,1
24007,0,0,1,0,1,1,1,1,1,0
24008,0,1,0,0,1,1,1,1,1,1
24009,0,0,0,1,1,1,1,1,1,1
24010,0,0,0,1,1,0,1,1,1,1
24011,0,0,0,0,1,1,1,1,1,0
24012,0,0,0,0,1,1,1,0,1,1
24013,0,0,1,1,1,1,1,1,1,1
24015,0,0,0,1,1,0,1,1,1,1
24016,0,0,0,0,1,0,1,1,1,0
24017,0,0,0,0,,0,1,1,1,1
24018,1,1,1,1,1,0,1,1,1,0
24019,0,0,1,1,1,1,1,1,1,1
24020,1,1,1,1,1,1,1,1,1,1
24101,0,0,0,0,1,0,1,1,1,1
24102,0,0,0,0,1,0,1,1,1,1
24103,0,1,0,1,1,0,1,1,1,1
24104,0,1,1,0,1,1,1,1,1,1
24105,0,0,0,0,1,1,0,1,1,0
24106,1,0,0,0,1,1,1,1,1,0
24107,0,0,0,0,1,1,0,1,1,0
24108,0,0,0,0,1,1,0,1,1,0
24109,0,0,0,0,1,0,1,1,1,0
24110,0,0,0,1,1,1,1,1,1,1
24111,0,1,1,1,1,1,1,1,1,1
24112,0,0,0,0,1,0,1,1,1,1
24113,0,0,0,1,1,1,1,1,1,1
24114,0,0,0,0,1,1,1,0,1,1
24115,0,0,0,0,1,1,1,1,1,1
24116,1,0,1,0,1,1,1,1,1,1
24117,0,1,1,0,1,0,1,1,1,0
24118,1,1,0,0,1,1,1,1,1,1
24119,0,0,0,1,1,1,1,1,1,1
24120,0,0,0,0,1,0,1,1,1,1
24201,0,0,0,0,1,0,1,1,1,0
24202,0,1,0,0,1,1,1,1,1,1
24203,0,0,0,1,1,0,1,1,1,1
24204,0,1,0,1,1,1,1,1,1,0
24205,0,1,0,0,1,0,1,1,1,0
24207,0,1,0,0,1,1,1,1,1,1
24208,0,0,1,0,1,1,1,1,1,0
24209,0,0,1,1,1,0,1,1,1,1
24210,0,0,0,0,1,1,1,1,1,0
24211,0,0,0,0,0,1,1,1,1,0
24212,0,0,0,1,1,1,1,1,1,1
24213,0,0,0,1,1,1,1,1,1,1
24214,0,0,0,0,1,1,1,1,1,0
24215,0,0,0,1,1,1,1,1,1,1
24216,0,0,0,0,1,1,1,1,1,1
24217,1,0,0,1,1,1,1,1,1,1
24218,0,0,1,0,1,1,1,1,1,0
24219,1,1,1,1,1,0,1,1,1,1
24220,0,1,0,0,1,1,1,1,1,0
24501,0,0,0,0,1,1,1,1,1,1
24502,1,1,1,1,1,0,1,1,1,1
24503,0,1,0,1,1,0,1,1,1,1
24504,0,1,0,1,1,0,1,1,1,1
24505,0,1,0,0,1,1,1,1,1,0
24506,0,0,1,0,1,0,0,1,1,1
24507,0,0,0,0,1,0,1,1,1,0
24508,0,1,0,1,1,1,1,1,1,1
24509,0,1,1,1,1,1,1,1,1,0
24510,1,1,0,1,1,0,1,1,1,1
24511,1,1,0,1,1,1,1,1,1,1
24512,0,1,0,0,1,1,1,1,1,1
24513,0,0,0,1,0,1,1,1,1,1
24514,1,0,0,1,1,1,1,1,1,1
24515,0,0,0,1,1,1,1,1,1,1
24516,0,1,0,1,1,1,1,1,1,1
24517,0,1,0,0,1,1,1,1,1,1
24518,1,1,0,0,1,1,1,1,1,1
24519,0,0,0,0,1,0,1,1,1,1
24520,0,0,0,0,1,1,0,1,1,1
24601,0,1,0,1,1,1,1,1,1,0
24602,0,1,1,0,0,1,1,1,1,0
24603,0,1,0,1,1,0,1,1,1,1
24604,1,1,0,1,1,0,1,1,1,1
24605,1,1,0,1,1,0,1,1,1,1
24606,0,0,0,0,1,1,1,1,1,1
24607,0,0,1,1,1,1,1,1,1,1
24608,0,1,0,1,1,1,1,1,1,1
24609,0,0,0,0,0,0,1,1,1,0
24610,0,0,1,0,0,1,1,1,1,0
24611,0,0,0,0,1,1,1,1,1,1
24612,0,0,0,1,1,0,1,1,1,1
24613,1,0,1,1,1,1,1,1,1,1
24614,0,0,0,1,0,1,1,1,1,1
24615,0,0,0,0,1,0,1,1,1,1
24616,0,0,0,0,1,1,1,1,1,1
24617,0,1,0,1,1,1,1,1,1,1
24618,0,1,0,1,1,1,1,1,1,1
24619,0,1,0,1,1,1,1,1,1,1
24620,0,0,0,0,1,1,1,1,1,1
24701,0,0,0,1,1,1,1,1,1,1
24702,0,1,0,1,1,1,1,1,1,1
24703,0,0,1,0,1,1,1,1,1,0
24704,0,0,0,1,0,1,1,1,1,0
24705,1,0,0,0,1,1,1,1,1,1
24706,1,0,0,1,1,0,1,1,1,1
24707,1,0,0,1,1,1,1,1,1,1
24708,0,1,0,1,1,1,1,1,1,1
24709,0,1,0,1,1,0,1,1,1,1
24710,1,1,1,0,1,0,1,1,1,0
24711,1,0,1,1,1,1,1,1,1,1
24712,0,1,1,0,1,0,1,1,1,1
24713,0,1,0,1,1,1,1,1,1,1
24714,0,1,0,0,1,0,1,1,1,0
24715,0,0,0,0,1,1,1,1,1,1
24716,0,1,1,1,1,1,1,1,1,1
24717,1,0,0,1,1,1,1,1,1,1
24718,1,1,0,0,1,0,1,1,1,1
24719,0,1,0,1,1,1,1,1,1,1
24720,0,0,0,0,1,0,1,1,1,1
24801,1,0,1,1,1,1,1,1,1,1
24802,0,0,0,0,1,1,1,1,1,1
24803,0,1,1,1,1,1,1,1,1,1
24804,0,1,0,0,1,0,1,1,1,1
24805,0,0,0,1,1,0,1,1,1,0
24806,0,1,1,0,1,0,1,1,1,1
24807,0,1,0,0,1,0,1,1,1,1
24808,0,1,0,1,1,0,1,1,1,1
24809,0,1,0,1,1,0,1,1,1,1
24810,0,0,1,0,1,0,1,1,1,1
24811,0,0,1,1,1,0,1,1,1,1
24812,1,0,0,0,1,0,1,1,1,1
24813,0,1,0,1,1,1,1,1,1,1
24814,0,1,0,1,1,0,1,1,1,1
24815,0,1,1,0,1,1,1,1,1,1
24816,0,1,1,0,1,1,1,1,1,1
24817,0,1,1,1,1,1,1,1,1,1
24818,0,1,1,1,1,1,1,1,1,1
24819,0,0,0,0,1,1,0,1,1,1
24820,1,0,0,1,1,1,1,1,1,1
24901,0,0,0,0,1,1,1,1,1,1
24902,0,1,1,0,1,1,1,1,1,1
24903,0,1,0,1,1,1,1,1,1,1
24904,0,1,0,0,1,1,1,1,0,1
24905,0,0,0,1,1,1,1,1,1,1
24906,0,0,0,1,1,1,1,1,1,1
24907,0,0,0,0,1,1,0,1,1,1
24908,0,1,0,0,1,1,1,1,1,1
24909,1,1,0,1,1,1,0,1,1,1
24910,1,1,1,0,1,1,1,1,1,1
24911,0,1,0,0,1,1,1,1,1,1
24912,1,0,0,0,1,1,1,1,1,1
24913,0,0,0,0,1,0,1,1,1,1
24914,0,0,1,0,1,0,1,1,1,1
24915,0,0,0,0,1,1,1,1,1,1
24916,0,0,0,1,1,0,1,1,1,1
24917,0,0,1,0,1,0,1,1,1,1
24918,0,1,0,0,1,0,1,1,1,1
24919,0,0,1,1,1,0,1,1,1,1
24920,0,1,1,0,1,0,1,1,1,0
25001,0,0,0,0,1,1,1,1,1,1
25002,0,0,0,0,1,1,1,1,1,1
25003,0,0,1,0,1,1,1,1,1,1
25004,0,1,1,1,1,1,1,1,1,1
25005,0,0,0,0,1,0,1,1,1,1
25006,0,0,0,0,1,1,1,1,1,1
25007,0,1,0,1,1,0,1,1,1,1
25008,0,0,1,0,1,0,0,0,1,0
25009,1,0,0,1,1,1,1,1,1,1
25010,0,0,0,1,1,1,1,1,1,1
25011,0,0,0,1,1,1,1,1,1,1
25012,0,0,0,1,1,0,0,1,1,0
25013,0,1,1,1,1,0,1,1,1,0
25015,1,1,0,0,1,0,1,1,1,1
25016,0,0,0,1,1,0,1,1,1,1
25017,0,1,0,0,1,1,1,1,1,1
25018,0,0,0,1,1,0,1,1,1,0
25019,0,1,0,0,1,0,1,1,1,1
25020,0,0,0,1,1,1,1,1,1,1
25101,0,0,0,1,0,0,1,1,1,1
25102,0,0,1,1,1,0,1,1,1,0
25103,0,1,1,0,1,1,1,1,1,1
25104,1,0,0,1,1,0,1,1,1,1
25105,0,0,0,1,1,0,1,1,1,1
25106,1,1,0,0,1,0,1,0,1,1
25107,0,0,0,1,1,0,1,1,1,1
25108,0,0,0,1,0,1,1,1,1,1
25109,0,0,0,1,1,0,1,1,1,1
25110,0,0,0,1,0,1,1,1,1,1
25111,0,1,0,0,1,1,1,1,1,0
25112,0,1,0,1,1,0,1,1,1,1
25113,0,0,0,1,1,1,1,1,1,1
25114,0,0,0,1,0,0,1,1,1,1
25115,1,1,0,1,1,1,1,1,1,1
25116,0,1,0,1,0,1,1,1,1,1
25117,0,1,0,0,1,1,1,1,1,1
25118,0,1,0,1,1,1,1,1,1,1
25119,0,0,0,1,1,1,1,1,1,1
25120,0,0,0,0,1,1,1,1,1,0
25201,1,1,1,0,1,1,1,1,1,1
25202,0,1,0,1,1,1,1,1,1,1
25203,1,0,0,0,1,0,1,1,1,1
25204,0,0,1,1,1,1,1,1,1,1
25205,0,0,0,0,1,1,1,0,1,1
25206,0,0,1,0,1,1,1,1,1,1
25207,1,0,1,1,1,1,1,1,1,1
25208,0,1,0,0,1,1,1,1,1,0
25209,0,0,0,0,1,1,1,1,1,1
25210,1,0,0,0,1,1,1,1,1,1
25211,0,0,1,1,1,1,1,1,1,1
25212,0,1,1,0,1,1,1,1,1,1
25213,0,1,0,0,1,1,1,1,1,1
25214,0,0,0,0,1,1,1,1,1,1
25215,0,1,0,0,1,1,1,1,1,0
25216,0,0,0,0,1,1,1,1,1,0
25217,0,1,0,0,1,1,1,1,1,1
25218,0,1,1,1,1,1,1,1,1,1
25219,0,1,0,0,1,1,1,1,1,1
25220,0,0,0,0,1,1,1,1,1,1
25301,0,0,0,1,1,1,1,1,1,1
25302,0,0,0,0,1,1,0,1,1,1
25303,0,0,0,0,1,1,1,1,1,1
25304,0,0,1,1,1,1,0,1,1,0
25305,0,1,0,1,1,1,1,1,1,1
25307,0,0,0,1,1,1,1,1,1,1
25309,0,0,0,0,1,0,1,1,1,0
25310,0,1,0,0,1,1,1,1,1,1
25311,0,0,0,1,1,1,1,1,1,1
25312,0,0,0,1,1,1,1,1,1,1
25313,0,0,0,1,1,1,1,1,1,0
25314,0,1,0,0,1,1,0,1,1,1
25315,0,0,0,1,1,1,1,1,1,1
25316,0,1,0,1,1,1,1,1,1,1
25317,0,0,0,1,1,0,0,1,1,1
25318,0,0,0,1,1,1,1,1,1,1
25319,0,0,0,0,1,1,1,1,1,0
25320,0,0,0,1,1,1,1,1,1,1
25401,1,1,0,0,1,1,1,1,1,1
25402,0,1,1,1,1,1,1,1,1,0
25403,0,0,0,0,1,0,0,1,1,1
25404,0,0,0,1,1,1,1,1,1,1
25405,0,0,0,1,1,1,1,1,1,0
25406,0,0,0,1,1,1,1,1,1,1
25407,0,0,0,0,1,0,0,1,1,1
25408,0,0,1,1,1,1,0,1,1,0
25409,0,0,1,0,1,1,0,1,1,1
25410,0,1,1,1,1,1,1,1,1,0
25411,0,0,0,1,1,1,0,1,1,1
25412,0,0,1,1,1,1,1,1,1,1
25413,1,1,0,0,1,1,0,1,1,0
25414,0,1,0,1,1,1,0,1,1,1
25415,0,1,0,1,1,1,1,1,1,0
25416,0,0,0,0,1,1,1,1,1,1
25417,1,1,1,1,1,1,0,1,1,0
25418,1,1,0,0,1,1,1,1,1,0
25419,0,0,0,0,1,1,1,1,1,1
25420,0,0,0,1,1,1,0,1,1,1
25501,0,0,1,1,1,1,1,1,1,1
25502,0,1,1,1,1,0,1,1,1,1
25503,0,0,1,1,1,1,1,1,1,0
25504,1,1,1,1,1,1,1,1,1,1
25505,1,1,0,1,1,1,1,1,1,1
25506,0,1,0,0,1,1,0,1,1,1
25507,0,1,0,1,1,1,1,1,1,1
25508,0,1,0,1,1,1,1,1,1,1
25509,0,0,0,0,1,1,0,1,1,1
25510,0,0,1,1,1,1,1,1,1,1
25511,0,0,1,1,1,1,1,1,1,1
25512,1,0,0,0,1,1,1,1,1,1
25513,1,1,1,1,1,0,1,1,1,0
25514,0,1,1,1,1,1,0,1,1,1
25515,0,0,0,0,1,1,1,1,1,1
25516,0,0,0,1,1,0,0,1,1,1
25517,0,0,0,0,1,0,1,1,1,0
25518,0,1,1,1,1,1,0,1,1,1
25519,0,0,1,1,1,1,1,1,1,1
25520,0,0,0,0,1,1,1,1,1,1
25601,0,0,0,1,1,0,1,1,1,1
25602,0,0,0,1,1,1,1,1,1,1
25603,,,1,1,1,1,1,1,1,1
25604,0,0,1,1,1,1,1,1,1,1
25605,0,1,1,1,1,1,1,1,1,1
25606,0,1,1,1,1,1,1,1,1,1
25607,0,0,1,1,1,1,1,1,1,1
25608,0,1,1,1,1,1,1,1,1,0
25609,0,0,0,1,1,1,1,1,1,1
25610,0,1,1,0,1,1,1,1,1,0
25611,0,0,0,1,1,1,1,1,1,1
25612,0,0,1,1,1,1,1,1,1,1
25613,1,1,0,1,1,1,1,1,1,1
25614,1,0,0,0,1,1,1,1,1,0
25615,0,0,0,0,1,1,1,1,1,1
25616,0,1,0,1,1,1,1,1,1,1
25617,0,0,0,1,1,1,1,1,1,1
25618,1,0,0,0,1,1,1,1,1,1
25619,0,1,1,1,1,1,0,1,1,1
25620,0,0,1,1,1,1,1,1,1,1
25701,0,1,0,1,1,1,1,1,1,1
25702,0,0,0,1,1,1,1,1,1,1
25703,0,0,0,1,1,0,1,1,1,1
25704,1,1,1,1,1,0,1,1,1,0
25705,0,,1,1,1,1,0,1,1,1
25706,0,0,1,1,1,1,1,1,1,1
25707,0,1,0,1,1,1,1,1,1,1
25708,1,0,1,1,1,1,0,1,1,1
25709,0,0,1,1,1,1,1,1,1,1
25710,0,1,1,1,1,1,1,1,1,0
25711,,1,1,1,1,1,0,1,1,1
25712,0,1,0,1,1,1,1,1,1,1
25713,0,0,1,1,1,1,1,1,1,1
25714,0,1,1,1,1,1,1,1,1,1
25715,1,1,1,1,1,1,1,1,1,1
25716,0,0,0,1,1,1,1,1,1,0
25717,0,1,0,1,1,1,1,1,1,1
25718,0,1,0,1,1,1,1,1,1,1
25719,0,1,1,1,1,1,1,1,1,1
25720,0,0,0,1,1,1,1,1,1,1
26401,0,1,1,0,1,1,1,1,1,1
26402,0,0,0,0,1,0,1,1,1,1
26403,0,1,0,1,1,1,1,1,1,1
26404,0,0,0,1,1,1,1,1,1,1
26405,0,0,0,1,1,1,1,1,1,1
26406,0,1,0,1,1,1,1,1,1,0
26407,0,1,0,0,1,1,1,1,1,1
26408,0,1,1,1,1,1,1,1,1,1
26409,0,1,1,0,1,1,1,1,1,1
26410,0,1,1,1,1,1,1,1,1,1
26411,0,0,0,1,1,1,1,1,1,1
26412,0,1,1,1,1,1,1,1,1,1
26413,0,0,0,0,0,1,1,1,1,1
26414,0,0,1,1,1,0,1,1,1,1
26415,0,1,0,1,1,1,1,1,1,1
26416,0,1,0,0,1,1,1,1,1,1
26417,0,0,0,1,1,0,1,1,1,1
26418,0,0,0,0,1,0,1,1,1,1
26419,0,0,0,0,0,1,1,1,1,1
26420,0,0,0,1,1,0,1,1,1,1
26501,0,1,0,1,1,1,1,1,1,1
26502,0,0,0,1,1,1,1,1,1,1
26503,0,0,0,0,1,1,1,1,1,1
26504,0,0,1,1,1,1,1,1,1,1
26505,0,1,1,1,1,1,1,1,1,1
26506,0,0,1,1,1,1,1,1,1,1
26507,0,0,1,1,1,0,1,1,1,1
26508,0,0,1,0,1,1,1,1,1,0
26509,0,0,0,1,1,0,1,1,1,1
26510,0,0,1,1,1,1,1,1,1,0
26511,0,0,0,0,1,0,1,1,1,0
26512,0,1,0,0,1,1,1,1,1,1
26513,0,1,0,1,1,1,1,1,1,1
26514,0,1,1,1,1,1,1,1,1,1
26515,0,0,1,0,1,0,1,1,1,1
26516,1,1,0,1,1,1,1,1,1,0
26517,0,0,0,1,1,1,1,1,1,1
26518,0,1,1,0,1,1,1,1,1,1
26519,0,0,1,1,1,0,1,1,1,1
26520,0,0,0,0,0,0,1,1,1,1
26601,0,0,0,1,1,1,1,0,1,0
26602,0,0,0,1,1,1,1,1,1,0
26603,0,1,0,0,1,1,1,1,1,1
26604,0,0,1,1,1,1,1,1,1,1
26605,1,0,1,1,1,1,1,1,1,1
26606,1,1,1,1,1,1,1,1,1,1
26607,0,1,0,0,1,1,1,1,1,1
26608,0,1,0,1,0,1,1,1,1,1
26609,0,0,0,1,1,1,1,1,1,1
26610,0,0,1,1,1,1,1,1,1,1
26611,0,1,1,0,1,1,1,1,1,1
26612,0,0,0,1,1,1,1,1,1,1
26613,0,0,0,1,1,1,1,1,1,1
26614,0,1,1,0,1,1,1,1,1,1
26615,0,0,0,1,1,1,1,1,1,1
26616,1,1,0,1,0,1,1,1,1,1
26617,0,1,1,1,1,1,1,1,1,1
26618,1,1,0,1,1,1,1,1,1,1
26619,0,0,0,1,1,1,1,1,1,1
26620,0,1,0,0,1,1,0,1,1,1
26701,0,0,0,0,1,1,1,1,1,1
26702,0,1,1,0,1,1,0,0,1,1
26703,0,1,0,1,1,1,1,1,1,1
26704,0,0,1,0,1,1,1,1,1,1
26705,1,0,0,1,1,1,1,1,1,1
26706,0,1,1,1,1,1,1,1,1,1
26707,0,0,1,1,1,1,1,1,1,1
26708,0,0,0,0,0,1,1,1,1,1
26709,0,1,0,1,1,1,1,1,1,1
26710,0,1,0,1,1,1,0,1,1,1
26711,0,0,0,1,1,1,1,1,1,1
26712,1,0,1,1,0,1,1,1,1,1
26713,,1,0,1,1,1,0,1,1,1
26714,0,1,0,1,1,1,1,1,1,1
26715,0,0,0,0,1,1,1,1,1,1
26716,0,1,1,1,1,1,1,1,1,1
26717,0,0,0,0,1,1,1,1,1,1
26718,0,1,0,0,1,1,1,1,1,1
26719,0,0,0,1,1,1,1,1,1,1
26720,1,0,0,0,1,1,1,1,1,1
26801,0,1,0,0,1,1,1,1,1,1
26802,0,1,1,1,1,1,1,1,1,1
26803,0,0,0,1,1,0,1,1,1,1
26804,0,1,1,0,1,0,1,1,1,1
26805,0,1,1,1,1,0,1,1,1,1
26806,0,0,1,1,1,1,1,1,1,1
26807,0,1,0,1,1,1,1,0,1,1
26808,0,0,1,0,1,1,1,1,1,1
26809,0,1,1,1,1,1,1,1,1,1
26810,0,0,0,1,1,1,1,1,1,1
26811,0,0,0,1,1,1,1,1,1,1
26812,0,0,0,1,1,1,1,1,1,1
26813,0,0,0,0,1,1,1,1,1,1
26814,1,1,1,1,1,1,1,1,1,1
26815,0,0,0,1,1,1,1,1,1,1
26816,0,0,0,1,1,1,1,1,1,1
26817,1,1,0,0,1,1,1,1,1,1
26818,0,0,0,0,1,1,1,1,1,1
26819,0,0,0,1,1,1,1,1,1,1
26820,0,0,1,1,1,1,1,1,1,1
26901,0,0,0,1,1,1,1,1,1,1
26902,0,0,0,1,1,0,1,1,1,0
26903,1,0,0,0,1,1,1,1,1,1
26904,0,0,0,1,1,1,1,1,1,1
26905,1,0,0,1,1,1,1,1,1,1
26907,0,1,0,0,1,0,1,1,1,0
26908,0,0,0,0,1,0,1,1,1,1
26909,0,0,1,0,1,0,1,1,1,1
26910,0,0,0,0,1,1,1,1,1,1
26911,0,0,0,1,1,0,1,1,1,1
26912,0,0,0,0,1,0,1,1,1,1
26913,1,0,0,0,1,1,1,1,1,0
26914,0,1,0,0,1,0,1,1,1,1
26915,0,0,0,0,1,1,1,1,1,1
26916,0,1,1,1,1,1,1,1,1,1
26917,1,0,0,0,0,0,1,1,1,1
26918,0,0,0,0,1,1,1,1,1,1
26919,0,0,0,0,1,1,1,1,1,1
26920,0,0,0,0,1,1,1,1,1,1
27001,0,0,0,0,1,1,1,1,1,1
27002,0,0,0,0,1,1,1,1,1,1
27003,0,0,0,1,1,0,1,1,1,1
27004,0,0,0,0,1,1,1,1,1,0
27005,0,0,0,1,1,0,1,1,1,1
27006,0,1,1,1,0,1,1,1,1,1
27007,0,0,0,0,1,1,1,1,1,1
27008,0,1,0,1,1,1,1,1,1,0
27009,0,0,0,1,1,1,1,1,1,1
27010,,1,0,0,1,1,1,1,1,0
27011,0,1,1,1,1,1,1,1,1,1
27012,0,0,0,1,1,1,1,1,1,1
27013,0,0,0,0,1,1,1,1,1,0
27014,0,1,0,0,1,1,1,1,1,1
27015,0,0,0,1,1,1,1,1,1,1
27016,0,0,0,0,1,1,1,1,1,1
27017,0,1,1,1,1,1,1,1,1,0
27018,0,1,0,1,1,1,1,1,1,1
27019,0,0,0,1,1,0,1,1,1,1
27020,0,1,1,0,1,1,1,1,1,1
27101,0,0,1,1,1,0,1,1,1,1
27102,0,0,1,0,1,0,1,1,1,1
27103,1,0,0,0,1,1,1,1,1,1
27104,0,1,1,1,1,1,1,1,1,1
27105,1,0,0,0,1,1,0,1,1,0
27106,0,1,1,1,1,0,1,1,1,1
27107,0,0,1,1,1,0,1,1,0,1
27108,1,0,1,1,1,0,1,1,1,1
27109,0,1,0,1,1,0,1,1,1,1
27110,0,0,1,0,1,0,1,1,1,0
27111,0,0,1,0,1,0,1,1,1,1
27112,0,0,0,1,1,0,1,1,1,1
27113,0,0,0,1,1,0,1,1,1,1
27114,0,0,0,1,1,0,1,1,1,1
27115,1,1,0,0,1,0,1,1,1,1
27116,0,0,1,0,1,0,1,1,1,1
27117,0,1,0,1,1,0,1,1,1,1
27118,0,0,1,0,1,0,1,1,1,1
27119,0,1,0,1,1,0,1,1,1,1
27120,0,1,1,1,1,1,1,1,1,1
27201,0,0,1,1,1,1,1,1,1,1
27202,0,0,0,0,1,1,1,1,1,1
27203,0,0,0,0,1,1,1,1,1,1
27204,0,0,1,1,1,1,1,1,1,1
27205,0,1,1,1,1,1,1,1,1,1
27206,0,0,0,1,1,1,1,1,1,0
27207,0,0,0,0,1,1,1,1,1,1
27208,0,0,0,0,1,1,1,1,1,0
27209,0,1,0,1,1,1,1,1,1,1
27210,0,0,0,0,1,0,1,1,1,1
27211,0,0,0,1,1,1,1,1,0,1
27212,0,0,0,1,1,1,1,1,1,1
27213,0,0,0,0,1,1,1,1,1,1
27214,0,1,1,1,1,0,1,1,1,1
27215,0,0,1,1,1,1,1,1,1,1
27216,0,1,1,1,1,1,1,1,1,1
27217,0,0,1,1,1,1,1,1,1,1
27218,0,0,0,1,1,1,1,1,1,1
27219,1,0,1,0,1,1,1,0,1,1
27220,1,0,0,1,1,1,1,1,1,1
27301,0,0,0,1,1,1,1,1,1,1
27302,0,1,1,1,1,1,1,1,1,1
27303,0,1,1,1,1,1,1,1,1,1
27304,0,1,1,0,1,0,1,1,1,0
27305,1,1,0,0,1,1,1,1,1,1
27306,0,1,1,1,1,0,1,1,1,1
27307,0,0,0,0,1,0,1,1,1,1
27308,0,0,0,1,1,0,1,1,1,1
27309,0,0,1,1,1,0,1,1,1,1
27310,1,1,1,0,1,0,1,1,1,0
27311,0,0,1,1,1,1,1,1,1,1
27312,0,0,1,1,1,1,1,1,1,1
27313,0,1,1,1,1,1,1,1,1,1
27314,,1,0,1,1,1,1,1,1,1
27315,0,1,1,1,1,1,1,1,1,1
27316,0,0,1,1,1,1,1,1,1,1
27317,0,1,1,0,1,1,1,1,1,1
27318,0,1,1,1,0,0,1,1,1,0
27319,0,0,1,0,1,1,1,1,1,1
27320,0,0,1,0,1,1,1,1,1,1
27501,0,0,1,0,1,1,1,1,1,1
27502,0,0,0,0,1,0,1,1,1,1
27503,0,0,0,0,1,1,1,1,1,0
27504,0,1,0,1,1,1,1,1,1,1
27505,0,0,1,1,1,1,1,1,1,1
27506,0,0,0,0,1,1,1,1,1,1
27507,0,0,1,1,1,1,1,1,1,1
27508,0,0,1,0,1,1,0,1,1,1
27509,0,1,1,1,1,1,1,1,1,1
27510,0,1,0,1,1,1,1,1,1,1
27511,1,0,0,1,1,1,1,1,1,1
27512,0,0,1,1,1,0,1,0,1,1
27513,0,1,1,0,1,1,0,1,1,0
27514,0,0,0,0,1,0,1,1,1,1
27515,0,1,0,1,1,1,1,1,1,0
27516,0,0,0,1,1,0,1,1,1,0
27517,0,0,0,0,1,0,1,1,1,1
27518,1,0,0,0,1,0,1,1,1,0
27519,0,0,0,1,1,1,1,1,1,1
27520,0,1,0,1,1,0,1,1,1,1
27601,1,0,0,0,1,1,1,1,1,1
27602,0,0,1,1,1,1,1,1,1,1
27603,0,1,1,0,1,1,1,1,1,1
27604,0,0,1,0,0,1,1,1,1,1
27605,0,0,0,1,1,1,1,1,1,1
27606,0,0,1,1,1,1,1,1,1,1
27607,0,0,1,1,1,1,1,1,1,1
27608,0,0,0,1,1,1,1,1,1,0
27609,0,0,0,1,1,1,1,1,1,1
27610,0,0,0,1,1,1,1,1,1,0
27611,0,1,0,0,1,1,1,1,1,1
27612,0,1,0,0,1,1,1,1,1,0
27613,1,1,0,1,1,1,1,1,1,1
27614,0,1,0,1,1,1,1,1,1,1
27615,0,1,1,0,1,1,0,1,1,0
27616,0,1,0,0,1,1,1,1,1,1
27617,0,0,0,1,1,1,1,1,1,1
27618,0,0,1,0,1,1,1,1,1,0
27619,0,1,0,0,1,0,1,1,1,1
27620,0,1,0,1,1,1,1,1,1,1
27701,0,0,0,0,1,0,1,1,1,1
27702,0,0,0,1,1,1,1,1,1,1
27703,0,0,0,1,1,0,1,1,1,1
27704,0,0,1,0,1,0,1,1,1,1
27705,0,0,0,1,1,1,1,1,1,1
27706,0,0,0,1,1,1,1,1,1,1
27707,0,0,0,1,1,1,1,1,1,1
27708,0,0,1,0,1,1,1,1,1,0
27709,0,1,0,1,1,1,1,1,1,1
27710,0,1,0,1,1,1,1,1,1,1
27711,0,1,1,0,1,1,1,1,1,1
27712,0,1,0,1,1,1,1,1,1,1
27713,0,0,0,0,1,1,1,1,1,1
27714,0,1,0,1,1,1,1,1,1,1
27715,0,1,0,1,1,1,1,1,1,1
27716,0,1,1,0,1,0,1,1,1,1
27717,0,1,0,1,1,1,1,1,1,1
27718,1,0,1,1,1,1,1,1,1,1
27719,0,0,0,1,1,1,1,1,1,0
27720,0,1,0,1,1,1,1,1,1,1
27801,0,0,0,0,0,0,1,1,1,0
27802,0,1,0,1,1,1,1,1,1,1
27803,0,1,0,0,1,1,1,1,1,1
27804,0,1,0,0,1,1,1,1,1,1
27805,0,1,0,0,,1,1,1,1,0
27806,1,0,0,0,1,1,1,1,1,0
27807,0,1,0,0,1,1,1,1,1,1
27808,0,0,0,1,1,1,1,1,1,0
27809,0,1,0,0,1,1,1,1,1,1
27810,0,1,0,0,1,1,1,1,1,1
27811,0,1,0,1,1,0,1,1,1,1
27812,1,0,0,0,1,1,1,1,1,1
27813,0,0,0,0,1,1,1,1,1,1
27814,0,0,0,1,1,0,1,1,1,1
27815,1,0,0,1,1,1,1,1,1,1
27816,0,0,0,0,1,0,1,1,1,1
27817,0,0,0,0,1,1,1,1,1,1
27818,0,0,0,0,1,1,1,0,1,0
27819,0,0,0,0,1,1,1,1,1,0
27820,0,1,0,0,1,0,1,1,1,1
27901,0,1,1,1,1,1,1,1,1,1
27902,1,0,0,0,1,0,1,1,1,0
27903,0,0,0,1,1,1,1,1,1,1
27904,0,1,1,1,1,0,1,1,1,1
27905,0,0,0,0,1,1,1,1,1,1
27906,0,0,0,1,1,1,1,1,1,1
27907,0,1,0,1,1,0,1,1,1,1
27908,0,1,0,1,1,1,1,1,1,1
27909,0,0,0,1,1,0,1,1,1,1
27910,0,1,0,1,1,0,1,1,1,1
27911,0,0,0,1,1,1,1,1,1,1
27912,0,0,0,1,1,0,1,1,1,1
27913,0,1,1,1,1,0,1,1,1,1
27914,0,0,0,1,1,1,1,1,1,1
27915,0,0,1,0,1,1,1,1,1,0
27916,0,1,1,0,0,1,1,1,1,1
27917,0,0,0,1,1,0,1,1,1,0
27918,0,0,0,0,1,1,0,1,1,1
27919,0,0,0,1,1,1,1,1,1,1
27920,0,1,0,0,1,1,1,1,1,1
28001,0,0,1,1,1,0,1,1,1,1
28002,0,0,0,1,1,0,1,1,1,1
28003,0,0,1,1,1,1,1,1,1,1
28004,0,0,1,1,1,1,1,1,1,1
28005,0,1,1,0,1,1,1,1,1,0
28006,0,0,0,1,1,0,1,1,1,0
28007,0,0,0,1,1,0,1,1,1,1
28008,0,1,0,1,1,1,1,1,1,1
28009,0,1,1,1,1,0,1,1,1,1
28010,1,1,1,1,1,1,1,1,1,1
28011,0,1,1,1,1,1,1,1,1,1
28012,0,0,1,0,1,1,1,1,1,0
28013,1,1,1,0,1,1,1,1,1,1
28014,0,1,1,1,1,1,1,1,1,1
28015,0,0,0,1,1,0,1,1,1,0
28016,1,1,1,1,1,0,1,1,1,1
28017,0,1,1,1,1,1,1,1,1,1
28018,1,1,0,1,1,0,1,1,1,0
28019,1,0,1,1,1,1,1,1,1,1
28020,0,1,1,0,1,1,1,1,1,1
28201,0,1,1,0,1,1,1,1,1,1
28202,0,0,1,1,1,0,1,1,1,0
28203,0,0,1,0,1,0,1,1,1,1
28204,0,1,0,0,1,1,1,1,1,1
28205,0,0,0,0,1,1,1,1,1,1
28206,1,0,1,1,1,1,1,1,1,1
28207,0,0,0,1,1,0,,1,1,1
28208,1,0,0,0,1,1,0,1,1,0
28209,0,0,1,0,1,1,1,1,1,0
28210,0,0,0,1,1,1,1,1,1,1
28211,0,0,1,0,1,0,1,1,1,1
28212,0,0,1,1,1,1,1,1,1,1
28213,0,0,0,0,1,1,1,1,1,1
28214,0,0,0,0,1,1,1,1,1,1
28215,1,0,0,1,1,0,1,1,1,1
28216,0,1,0,1,1,1,1,0,1,0
28217,0,0,0,1,1,0,1,1,1,1
28218,0,0,1,1,1,1,1,1,1,0
28219,1,1,0,0,1,1,1,1,1,1
28220,1,0,0,0,1,1,0,1,1,1
28401,0,1,1,1,1,1,1,1,1,1
28402,0,0,0,0,1,0,1,1,1,1
28403,0,1,0,0,1,1,1,1,1,1
28404,1,0,1,1,1,1,1,1,1,1
28405,0,0,0,1,1,0,1,1,1,1
28406,0,0,0,0,1,1,1,1,1,1
28407,0,0,0,0,1,1,1,1,1,1
28408,0,1,1,0,1,0,1,1,1,1
28409,0,1,1,0,1,0,1,1,1,0
28410,1,0,0,0,1,0,1,1,1,0
28411,0,1,0,0,1,0,1,1,1,1
28412,0,0,0,0,1,0,1,0,1,1
28413,0,1,1,0,1,0,1,1,1,0
28414,0,1,0,0,1,1,1,1,1,1
28415,1,0,0,0,1,0,1,1,1,1
28416,0,0,0,0,1,0,1,1,1,0
28417,0,0,0,1,1,0,1,1,1,1
28418,0,1,0,0,1,0,1,1,1,0
28419,0,0,0,1,1,0,1,1,1,1
28420,0,0,1,0,1,1,1,1,1,0
28501,0,,0,1,1,1,1,1,1,1
28502,0,0,0,1,1,1,1,1,1,1
28503,0,0,0,1,1,0,1,1,1,1
28504,0,0,0,0,1,0,1,1,1,0
28505,1,,1,1,1,0,1,1,1,1
28506,0,0,0,0,0,0,1,1,1,1
28507,0,1,1,1,1,0,1,1,1,1
28508,0,1,1,0,1,0,1,1,1,1
28509,0,0,0,1,1,1,1,1,1,1
28510,0,0,0,1,1,1,1,1,1,1
28511,0,0,0,1,1,0,1,1,1,1
28512,0,0,0,1,1,0,1,1,1,0
28513,0,0,0,0,1,1,1,1,1,1
28514,0,0,0,1,1,1,1,1,1,0
28515,0,0,0,1,1,0,1,1,1,1
28516,0,0,0,1,1,1,1,1,1,1
28518,1,1,0,1,1,1,1,1,1,1
28519,0,0,0,0,1,1,1,1,1,1
28520,0,1,1,0,1,1,1,1,1,1
28601,0,0,0,1,1,1,1,1,1,1
28602,0,0,0,1,1,0,1,1,1,1
28603,0,0,0,0,1,1,1,1,1,1
28604,0,0,1,1,1,1,0,0,1,0
28605,0,0,1,1,1,1,1,1,1,1
28606,0,1,0,0,1,1,1,1,1,1
28607,0,1,0,0,1,1,1,1,1,0
28609,0,0,0,0,1,1,1,1,1,1
28610,0,1,1,0,1,1,1,1,1,0
28611,0,0,0,0,1,1,1,1,1,0
28612,0,0,0,0,1,1,1,1,1,0
28613,0,0,1,1,1,1,1,1,1,1
28614,0,0,0,1,1,1,1,1,1,1
28615,0,0,0,1,1,1,1,1,1,1
28616,1,1,0,1,1,1,1,1,1,1
28617,0,0,0,0,1,1,1,1,1,1
28618,0,0,0,1,1,1,1,1,1,1
28620,0,0,0,1,1,1,1,1,1,1
28701,0,0,0,0,1,1,1,1,0,1
28702,0,0,0,1,1,1,1,1,1,1
28703,0,0,1,1,1,1,1,1,1,1
28704,1,0,1,0,1,1,1,1,1,0
28705,0,0,0,1,1,1,1,1,1,1
28706,0,0,0,1,1,1,1,1,1,1
28707,0,0,1,1,1,1,1,1,1,1
28708,0,0,0,1,1,1,1,1,1,1
28709,0,0,0,1,1,1,1,1,1,1
28710,0,1,0,1,1,1,1,1,1,1
28711,1,0,0,1,1,1,1,1,1,1
28712,,0,0,1,1,1,1,1,1,1
28713,1,0,0,1,1,1,1,1,1,1
28714,0,0,0,0,1,0,1,1,1,1
28715,0,,0,0,1,1,1,1,1,1
28716,0,0,0,1,1,1,1,1,1,1
28717,1,1,0,1,1,1,1,1,1,1
28718,0,0,0,1,1,1,1,1,1,1
28719,0,0,0,1,1,1,1,1,1,1
28720,1,1,1,1,1,1,1,1,1,1
28801,0,0,1,1,1,1,0,1,1,1
28802,1,1,1,0,1,1,1,1,1,1
28803,0,1,0,1,1,1,1,1,1,1
28804,0,1,0,1,1,0,1,1,1,1
28805,0,0,0,1,1,1,1,1,1,1
28806,0,1,0,1,1,0,1,1,1,1
28807,0,1,1,1,1,0,1,1,1,1
28808,0,0,0,1,1,1,1,1,1,1
28809,1,1,0,1,1,0,1,1,1,1
28810,0,0,0,1,1,1,1,1,1,1
28811,0,1,0,1,1,0,1,1,1,1
28812,0,1,1,1,1,1,1,1,1,1
28813,0,1,0,1,1,1,1,1,1,1
28814,0,0,0,1,1,1,1,1,1,1
28815,1,0,0,1,1,1,0,1,1,1
28816,0,0,0,1,1,1,0,1,1,1
28817,1,0,0,1,1,1,1,1,1,1
28818,0,1,0,1,1,0,1,1,1,1
28819,0,0,1,1,1,0,1,1,1,1
28820,0,1,0,1,1,1,1,1,1,1
28901,0,0,0,1,1,1,1,1,1,1
28902,0,1,1,1,1,1,1,1,1,1
28904,0,0,0,1,1,0,1,1,1,0
28906,0,0,0,1,0,1,1,1,1,1
28907,0,0,1,1,1,1,1,1,1,1
28908,0,0,0,1,1,1,1,1,0,1
28909,0,0,1,1,1,0,1,1,1,1
28910,0,0,0,0,1,1,1,1,1,1
28911,0,1,0,0,1,1,1,1,1,1
28912,0,1,1,1,1,0,1,1,1,1
28913,1,1,0,0,1,0,1,1,1,1
28914,0,0,0,1,1,0,1,1,1,1
28915,1,0,1,1,1,0,1,1,1,1
28916,1,1,0,1,1,1,1,1,1,1
28917,0,1,0,0,1,1,1,1,1,0
28918,1,1,1,1,1,1,1,1,1,1
28919,1,1,1,1,1,1,1,1,1,1
28920,0,1,1,1,1,0,1,1,1,1
29001,0,1,1,0,1,1,1,1,1,1
29002,1,0,0,1,1,1,1,1,1,1
29003,0,0,0,0,1,1,1,1,1,1
29004,0,0,0,1,1,1,1,1,1,1
29005,0,0,1,0,1,1,1,1,1,1
29006,0,1,0,1,1,1,1,1,1,1
29007,0,0,1,0,1,1,1,1,1,1
29008,1,1,0,0,1,1,1,1,1,1
29009,0,0,0,0,0,1,1,1,1,1
29010,0,1,0,0,1,1,1,1,1,1
29011,0,0,0,1,1,1,1,1,1,1
29012,0,0,1,1,1,1,1,1,1,1
29013,0,1,0,0,1,1,1,1,1,1
29014,0,1,0,1,1,1,1,1,1,1
29015,0,0,1,1,1,1,1,1,1,1
29016,0,0,0,1,1,1,1,1,1,1
29017,0,0,1,1,1,1,1,1,1,1
29018,0,0,0,1,1,1,1,1,1,1
29019,0,0,0,1,1,0,1,1,1,1
29020,0,1,1,1,1,1,1,1,1,1
29101,0,0,0,0,1,1,1,1,1,1
29102,0,1,0,1,1,0,1,1,1,1
29105,0,0,0,1,1,1,1,1,1,1
29106,0,0,0,1,1,0,1,1,1,1
29107,0,0,0,1,1,1,1,1,1,1
29109,0,1,0,1,1,1,1,1,1,1
29110,0,0,1,1,1,0,1,1,1,1
29112,0,1,1,0,0,1,1,1,1,1
29115,0,0,0,1,1,0,1,1,1,1
29116,0,1,0,1,1,0,1,1,1,1
29117,0,0,1,0,1,0,1,1,1,1
29118,1,0,0,0,1,1,1,1,1,1
29119,0,0,1,0,1,0,1,1,1,1
29120,0,1,1,1,1,1,1,1,1,1
29201,0,1,0,1,1,1,1,1,1,1
29202,0,0,0,1,1,0,1,1,1,0
29203,0,0,0,0,1,1,1,1,1,1
29204,0,1,0,1,1,1,1,1,1,1
29205,1,0,0,0,1,1,1,1,1,1
29206,1,0,1,1,1,0,1,1,1,0
29207,0,1,0,1,1,1,1,1,1,1
29208,0,1,1,1,1,0,1,1,1,1
29209,0,1,0,0,1,0,1,1,1,1
29210,0,1,1,1,1,1,1,1,1,1
29211,0,0,0,0,1,1,1,1,1,1
29212,1,1,0,0,1,1,1,1,1,0
29213,0,1,0,0,1,1,1,1,1,1
29214,0,0,0,1,1,1,1,1,1,1
29215,0,1,0,1,1,1,1,1,1,1
29216,0,1,1,0,1,1,1,1,1,0
29217,0,0,1,1,1,1,1,1,1,0
29218,1,0,0,0,1,0,1,1,1,1
29219,1,0,0,1,1,1,1,1,1,1
29220,0,1,0,1,1,1,1,1,1,0
29301,0,0,0,1,0,1,1,1,1,1
29302,1,1,0,1,0,1,1,1,1,1
29303,1,1,1,1,0,1,1,1,1,1
29304,0,1,0,1,0,1,1,1,1,1
29305,0,1,1,1,0,1,1,1,1,1
29306,0,1,0,0,1,1,1,1,1,0
29307,0,0,0,1,1,1,1,1,1,1
29308,0,1,0,1,1,1,1,1,1,1
29309,0,0,1,0,1,1,1,1,1,1
29310,0,1,1,1,1,1,1,1,1,1
29311,0,1,0,1,1,1,1,1,1,1
29312,0,1,0,0,1,1,1,1,1,1
29313,0,1,0,1,1,1,1,1,1,1
29314,0,1,0,,1,1,1,1,1,1
29315,0,1,1,0,1,1,1,1,1,1
29316,0,0,1,1,1,1,1,1,1,1
29317,1,0,1,1,1,1,1,1,1,1
29318,0,0,0,1,1,1,1,1,1,1
29319,0,0,0,0,1,1,1,1,1,1
29320,1,0,0,1,1,1,1,1,1,1
29401,0,0,1,0,1,1,1,1,1,1
29402,0,0,0,1,1,1,1,1,1,1
29403,0,0,1,0,1,1,1,1,1,1
29404,0,0,0,0,1,0,1,1,1,0
29405,0,0,0,0,1,1,1,1,1,1
29406,0,0,0,0,1,1,1,1,1,1
29407,0,1,0,0,1,0,1,1,1,1
29408,1,0,0,1,1,0,1,1,1,1
29409,0,0,0,0,1,0,1,1,1,1
29410,0,0,0,0,1,0,1,0,1,1
29411,0,0,0,0,0,0,1,0,1,1
29412,0,0,0,0,1,0,1,1,1,1
29413,0,0,0,0,1,0,1,1,1,1
29414,0,0,0,0,1,0,1,1,1,0
29415,0,0,0,0,1,0,1,1,1,0
29416,0,1,0,0,1,1,1,0,1,1
29417,0,0,0,0,1,1,1,0,1,0
29418,0,0,0,0,1,0,1,0,1,1
29419,0,0,0,0,1,0,1,0,1,0
29420,0,0,0,0,1,0,1,0,1,0
29601,1,1,1,1,1,1,1,1,1,1
29602,0,1,0,0,1,1,1,1,1,1
29603,0,0,0,1,1,1,1,1,1,1
29604,0,0,1,0,1,1,1,1,1,1
29605,1,,0,1,1,1,1,1,1,1
29606,1,1,1,1,1,1,1,1,1,1
29607,0,1,1,1,1,1,1,1,1,1
29608,0,0,0,1,1,1,1,1,1,1
29609,0,1,1,1,1,1,1,1,1,1
29610,0,1,1,0,1,0,1,1,1,0
29611,0,0,1,0,1,1,1,1,1,0
29612,0,1,1,1,1,1,1,1,1,1
29613,0,0,1,1,1,1,1,1,1,1
29614,0,1,1,0,1,1,1,1,1,1
29615,0,0,0,0,1,1,1,1,1,1
29617,0,0,0,1,1,1,1,1,1,1
29618,0,0,0,1,1,0,1,1,1,1
29619,1,1,1,1,1,1,1,1,1,1
29620,0,1,1,1,1,1,1,1,1,1
30101,0,0,0,0,1,0,1,1,1,0
30102,0,0,0,0,1,1,1,1,1,1
30103,0,1,0,0,0,0,1,1,1,1
30104,0,0,0,0,1,1,1,1,0,0
30105,0,1,0,1,1,1,1,1,1,0
30106,0,0,0,0,1,1,1,1,1,0
30107,0,1,0,0,1,0,1,1,1,1
30108,0,1,0,0,1,0,1,0,1,0
30109,0,0,0,0,1,0,1,1,1,0
30110,0,0,0,0,1,0,1,1,0,0
30111,0,0,0,0,1,0,1,1,1,0
30112,0,0,0,0,1,0,1,1,1,0
30113,0,0,0,0,1,0,1,1,1,1
30114,0,0,0,0,1,0,1,1,1,1
30115,0,0,0,1,1,0,1,1,1,1
30116,0,0,0,0,1,0,1,1,1,0
30117,0,1,0,0,0,1,1,1,1,0
30118,0,1,0,0,1,0,1,1,1,0
30119,0,0,0,1,1,0,1,1,1,1
30120,0,0,0,1,0,0,1,1,1,0
30201,0,0,0,0,1,1,1,1,1,1
30202,0,0,0,1,1,0,1,1,1,0
30203,0,0,0,0,1,1,1,1,1,0
30204,0,1,0,0,1,1,1,1,1,0
30205,0,0,0,1,0,1,1,1,1,0
30206,0,0,0,0,1,0,0,1,1,0
30207,0,0,1,1,1,0,0,1,1,1
30208,0,0,0,0,1,1,1,1,1,1
30209,0,0,0,0,1,1,1,1,1,1
30210,0,0,0,0,1,0,1,1,1,1
30211,0,0,0,0,1,0,0,1,1,0
30212,0,0,0,0,1,1,1,0,1,1
30213,0,0,0,1,1,1,1,1,1,0
30214,0,0,0,1,1,1,1,1,1,1
30215,0,0,1,1,1,1,1,1,1,0
30216,0,1,0,0,1,1,1,1,1,0
30217,0,0,0,0,1,0,1,1,1,0
30218,0,0,0,1,1,0,0,0,1,0
30219,0,0,0,0,1,0,1,1,1,1
30220,0,0,0,0,1,1,1,1,1,0
30301,0,0,1,1,1,0,1,1,1,1
30302,0,0,0,0,1,1,1,0,1,1
30303,0,0,0,0,1,0,1,1,1,1
30304,0,0,0,1,1,0,0,1,1,0
30305,0,0,0,0,1,0,1,1,1,0
30306,0,0,1,0,1,0,1,1,1,1
30307,0,0,0,0,1,0,1,1,1,0
30308,0,1,0,0,1,0,1,1,1,0
30309,0,0,0,0,1,0,0,1,1,1
30310,0,1,0,0,1,0,1,1,1,1
30312,0,0,0,0,0,1,1,1,1,0
30313,0,0,1,0,,0,1,1,1,1
30314,0,0,0,0,1,0,1,1,1,1
30315,0,0,0,0,1,0,1,1,1,1
30316,0,0,0,0,1,0,1,1,1,0
30317,0,0,0,1,1,1,1,1,1,1
30318,0,0,0,1,1,1,1,1,1,1
30319,0,0,0,0,1,1,1,1,1,1
30320,0,0,0,0,0,0,1,1,1,1
30401,0,0,0,1,1,1,1,1,1,0
30402,0,0,0,0,1,0,1,1,1,0
30403,0,0,0,0,1,0,1,1,1,0
30404,0,0,0,0,1,0,1,1,1,1
30405,0,0,0,0,1,0,1,1,1,1
30406,0,0,0,0,1,0,1,1,1,0
30407,0,0,1,0,1,0,1,1,1,1
30409,0,1,0,1,1,0,1,0,1,1
30411,0,0,0,1,1,0,1,1,1,1
30412,0,1,0,1,0,0,1,1,1,1
30413,0,0,0,1,1,0,1,1,1,1
30414,0,1,1,0,1,1,0,1,1,1
30415,0,0,0,0,1,0,1,1,1,1
30416,0,0,0,1,1,0,1,1,1,1
30417,0,0,0,0,1,1,1,1,1,1
30418,0,0,0,0,1,1,1,1,1,1
30419,0,0,0,0,1,0,1,1,1,0
30420,0,0,0,0,0,0,1,1,1,0
30501,0,0,1,1,1,1,0,1,1,1
30502,1,0,0,1,1,1,1,1,1,1
30503,0,0,1,1,1,1,1,1,1,1
30504,0,1,0,0,1,1,1,1,1,0
30505,0,0,0,1,1,1,1,1,1,0
30506,0,0,0,1,1,0,1,1,1,1
30507,0,0,0,1,1,1,1,1,1,1
30508,0,0,0,1,1,1,1,1,1,0
30509,0,0,1,1,1,1,1,1,1,0
30510,0,0,1,1,0,1,1,1,1,1
30511,0,0,0,1,0,0,0,1,1,0
30512,0,1,1,0,1,1,1,1,1,0
30513,0,0,0,1,1,0,1,1,1,1
30514,0,1,0,1,1,1,1,1,1,0
30515,1,0,0,1,1,1,0,1,1,1
30516,0,1,1,0,1,1,0,0,1,1
30517,0,1,0,1,1,1,1,0,1,1
30518,0,0,0,1,1,0,1,0,1,1
30519,0,0,0,1,1,0,0,1,1,0
30520,0,1,0,1,1,1,1,1,1,0
30601,0,0,0,0,1,1,1,1,1,1
30602,0,0,1,0,1,0,1,0,1,0
30603,0,0,0,1,1,0,0,0,1,0
30604,0,1,0,0,1,0,0,0,1,0
30605,0,0,0,0,1,0,1,0,1,0
30606,0,0,0,1,1,1,1,1,1,1
30607,0,1,0,1,1,1,1,1,1,1
30608,0,0,0,0,1,1,0,0,1,1
30609,0,1,0,1,1,0,1,1,1,1
30610,0,0,0,1,1,1,1,1,1,1
30612,0,0,0,1,1,1,1,1,1,1
30613,1,0,0,0,1,1,1,1,1,1
30614,0,0,0,1,1,1,1,1,1,1
30615,0,0,0,0,1,0,0,0,1,0
30616,1,0,0,1,1,0,1,1,1,1
30617,0,1,0,0,1,1,1,1,1,1
30618,0,0,0,1,1,0,1,0,1,1
30619,0,0,0,0,1,1,0,1,1,0
30620,0,0,0,0,1,1,0,0,1,0
30701,0,1,1,1,1,1,1,1,1,1
30702,0,1,0,1,1,1,1,1,1,0
30703,0,0,0,0,0,0,1,0,1,0
30704,0,1,1,1,1,1,1,0,1,0
30705,0,,0,1,1,1,1,1,1,1
30706,0,1,0,0,1,1,1,1,1,1
30707,0,1,0,1,1,1,1,0,1,0
30708,0,0,1,1,1,1,1,0,1,1
30709,0,0,0,1,1,1,1,0,1,1
30710,0,0,0,1,1,0,1,0,1,0
30711,0,0,0,1,1,0,1,1,1,1
30712,0,0,0,0,1,0,1,1,1,1
30713,0,0,0,1,1,1,1,1,1,1
30714,1,0,0,1,1,1,1,0,1,1
30715,1,0,0,1,1,1,0,0,1,0
30716,0,0,0,1,1,1,1,1,1,1
30717,0,1,0,1,1,1,1,1,1,0
30718,0,1,0,1,1,1,0,1,1,0
30719,0,1,0,1,1,1,1,1,1,0
30720,0,1,0,1,1,1,1,1,1,1
30801,0,1,1,0,1,0,1,1,1,0
30802,0,1,0,1,1,1,1,1,1,1
30803,0,1,1,0,1,0,1,1,1,1
30804,0,0,0,0,1,0,1,0,1,1
30805,0,0,0,1,1,0,1,0,1,0
30806,0,1,0,1,1,0,1,0,1,0
30807,0,0,0,1,1,1,1,0,1,0
31001,0,0,0,1,1,1,1,1,1,1
31002,0,1,1,0,1,0,1,1,1,0
31003,0,0,0,0,1,1,1,1,1,0
31004,0,0,1,0,1,1,1,1,1,1
31005,0,0,1,1,1,1,1,1,1,1
31006,0,0,1,1,1,0,0,1,1,0
31007,0,0,1,1,1,1,1,1,1,1
31008,0,1,0,0,1,1,1,1,1,1
31009,0,1,1,0,1,1,1,0,1,1
31010,0,1,0,1,0,1,1,1,1,1
31011,1,0,1,0,1,1,1,1,1,0
31012,0,0,0,0,1,1,1,0,1,0
31013,0,0,0,0,1,1,1,1,1,1
31014,0,0,0,1,1,1,1,1,1,0
31015,0,0,0,1,1,0,1,1,1,1
31016,0,0,1,1,1,1,1,1,1,0
31017,0,0,0,1,1,1,1,1,1,1
31018,0,0,0,0,1,1,1,0,1,1
31019,0,0,1,0,1,1,1,0,1,0
31020,1,1,0,0,1,0,1,1,1,1
31101,0,0,0,0,1,1,1,0,1,0
31102,0,,0,0,1,0,1,0,1,0
31103,0,1,0,0,1,1,1,1,1,1
31104,0,0,0,1,1,1,1,0,1,1
31105,0,0,0,0,1,1,1,1,1,1
31106,0,1,0,0,1,1,1,1,1,0
31107,0,1,1,0,1,0,0,1,1,0
31108,0,0,1,1,1,0,1,1,1,1
31109,0,1,0,1,1,1,1,1,1,1
31110,0,0,0,1,1,0,1,1,1,1
31111,0,1,1,0,1,0,1,1,1,0
31112,0,1,0,0,1,0,0,1,1,0
31113,0,0,0,0,1,1,0,0,1,0
31114,0,0,0,1,1,1,1,1,0,1
31115,0,0,0,1,1,1,1,0,1,1
31116,,0,0,0,1,1,1,1,1,0
31117,0,1,1,1,1,0,0,1,1,1
31118,0,1,0,1,1,0,0,0,1,1
31119,1,0,0,1,1,1,1,1,1,1
31120,0,0,0,1,1,1,1,1,1,1
31201,0,1,0,0,1,0,1,0,1,0
31202,0,1,0,0,1,1,1,1,1,0
31203,0,1,0,1,1,1,1,0,1,1
31204,1,1,1,0,0,1,0,0,1,0
31205,0,0,0,1,1,1,1,0,1,1
31206,0,0,0,0,1,1,1,0,1,1
31207,0,1,0,1,1,1,1,1,1,0
31208,0,0,1,0,1,1,1,0,1,0
31209,0,1,1,1,1,1,1,0,1,1
31210,0,0,0,1,1,0,1,1,1,1
31211,0,0,0,1,1,1,1,1,1,1
31212,1,0,0,1,0,0,1,0,1,0
31213,0,0,1,1,1,1,1,1,1,0
31214,0,1,1,0,1,0,1,1,1,0
31215,0,0,0,0,1,1,1,0,1,0
31216,0,1,1,1,1,0,0,0,1,0
31217,0,,0,1,1,0,1,1,1,1
31218,1,0,0,1,1,1,1,0,1,1
31219,0,0,1,0,1,0,1,1,1,1
31220,0,0,1,1,1,1,0,0,1,0
31301,0,0,1,1,1,0,0,0,1,1
31302,1,1,1,0,1,0,1,1,1,0
31303,0,0,0,0,1,1,1,1,1,1
31304,0,0,0,1,1,1,1,1,1,1
31305,0,0,0,0,1,1,1,1,1,1
31306,1,1,0,1,1,1,1,1,1,0
31307,0,0,0,0,1,1,1,1,1,1
31308,0,0,0,0,1,0,1,1,1,0
31309,0,0,0,0,1,1,1,1,1,1
31310,0,1,1,1,1,1,1,1,1,1
31311,1,0,1,0,0,1,1,1,1,0
31312,0,1,0,0,1,1,0,1,1,1
31313,0,1,1,1,1,1,1,1,1,0
31314,0,0,0,1,1,1,1,1,1,1
31315,0,1,1,0,1,1,1,1,1,1
31316,0,0,1,1,1,1,1,1,1,1
31317,1,0,1,0,1,1,0,1,1,1
31318,0,0,0,1,1,1,0,1,1,1
31319,0,0,0,1,1,1,1,1,1,1
31320,0,1,0,0,1,1,1,1,1,0
31401,0,0,0,1,1,1,1,1,1,1
31402,0,0,0,1,1,1,1,1,1,1
31403,0,0,0,1,1,1,1,0,1,0
31404,0,1,0,1,0,0,1,0,1,1
31405,0,0,0,1,1,1,1,0,1,1
31406,0,0,1,0,1,1,1,1,1,1
31407,0,0,0,0,1,0,1,1,1,1
31408,0,0,0,0,1,1,0,1,1,1
31409,0,0,1,1,1,1,1,1,1,1
31410,0,1,0,0,1,1,1,1,1,0
31411,0,0,1,0,1,1,1,1,1,1
31412,0,1,0,1,1,1,1,1,1,1
31413,0,0,0,1,1,1,1,1,1,1
31414,0,0,0,0,1,0,0,1,1,1
31415,0,1,0,0,1,1,1,1,1,0
31416,0,0,0,0,1,1,1,1,1,1
31417,0,0,0,1,1,1,1,1,1,1
31418,0,0,1,0,1,0,0,1,1,1
31419,0,1,0,0,1,1,1,1,1,1
31420,0,0,0,1,1,1,1,1,1,1
31601,0,0,0,0,1,1,1,1,1,0
31602,0,1,0,0,1,1,0,0,1,1
31603,0,1,0,0,1,1,0,0,1,0
31604,0,1,0,1,1,1,1,1,1,1
31605,0,0,0,1,1,1,1,0,1,1
31606,0,0,0,0,1,1,1,1,1,1
31607,0,1,0,1,1,0,1,1,1,0
31608,0,0,0,0,1,0,1,1,1,1
31609,0,0,0,0,1,0,1,1,1,1
31610,0,0,0,0,1,0,1,1,1,0
31611,0,0,0,1,1,0,1,0,1,1
31612,0,1,0,0,1,1,1,1,1,1
31613,0,0,0,1,1,0,1,0,1,1
31614,0,0,0,0,1,0,1,1,1,0
31615,0,0,0,0,1,1,1,0,1,1
31616,0,1,0,0,1,1,1,1,1,1
31617,1,1,1,0,0,1,0,0,1,0
31618,0,0,0,1,1,0,1,0,1,1
31619,0,0,0,0,1,1,1,0,1,1
31620,1,1,0,0,1,1,1,1,1,1
31701,0,0,0,0,1,1,1,1,1,1
31702,0,0,0,1,1,1,1,1,1,1
31703,0,1,0,0,0,0,0,0,1,0
31704,0,0,0,0,1,1,0,0,1,1
31705,1,1,0,1,1,1,1,1,1,1
31706,1,1,0,0,1,1,0,0,1,0
31707,0,1,0,1,1,1,1,1,1,1
31708,0,0,0,0,1,1,0,1,1,0
31709,0,0,0,1,1,1,0,1,1,1
31710,0,1,0,0,1,1,0,1,1,1
31711,0,1,0,0,1,0,1,1,1,0
31712,0,0,0,0,1,1,1,1,1,1
31713,0,0,0,1,1,0,1,1,1,1
31714,0,1,0,1,1,1,1,1,1,1
31715,0,0,0,0,1,0,1,1,1,0
31716,0,0,1,0,1,0,1,1,1,1
31717,0,1,0,1,1,0,1,1,1,1
31718,0,1,0,1,1,1,1,1,1,1
31719,1,0,0,1,1,0,1,1,1,1
31720,0,1,0,1,1,1,1,1,1,1
31801,0,0,0,0,1,1,0,1,1,0
31802,0,1,1,1,1,1,1,1,1,1
31803,0,0,0,0,1,1,1,1,1,0
31804,0,0,0,0,1,1,1,1,1,1
31805,0,0,0,1,1,1,1,1,1,0
31807,0,0,0,0,1,1,1,1,1,1
31808,0,0,0,1,1,1,1,1,1,1
31809,0,0,0,1,1,1,1,1,1,1
31811,1,0,1,1,1,1,1,1,1,0
31812,0,0,0,1,1,1,1,1,1,1
31813,0,0,0,1,1,1,0,1,1,1
31814,0,0,0,1,1,1,1,1,1,1
31818,0,0,0,0,1,0,0,1,1,0
31819,0,0,0,1,1,1,1,1,1,1
31820,0,0,0,1,1,1,1,1,1,1
32001,0,1,0,1,1,1,1,1,1,1
32002,0,0,0,1,1,1,1,1,1,1
32003,0,1,1,0,1,1,1,1,1,0
32004,0,1,0,0,1,0,1,1,1,1
32006,0,0,1,0,1,0,1,0,1,0
32007,0,0,1,0,1,1,1,1,1,0
32008,0,0,1,1,1,0,1,1,1,1
32009,0,1,1,1,1,0,1,1,1,1
32010,0,1,1,1,1,1,1,1,1,1
32011,0,0,0,1,1,1,1,1,1,1
32012,0,1,0,1,1,1,1,1,1,1
32013,0,0,1,1,1,1,1,0,1,0
32014,0,1,1,1,1,1,1,1,1,1
32015,1,0,1,1,0,1,1,1,1,1
32016,0,0,0,1,1,1,1,1,1,0
32017,0,1,1,0,1,1,1,1,1,1
32019,0,0,1,1,1,1,1,1,1,1
32020,0,1,1,0,1,1,1,1,1,0
32101,0,0,0,0,1,0,1,0,1,0
32102,0,1,1,0,1,1,1,1,1,0
32103,1,1,1,0,0,0,1,1,1,0
32104,0,1,0,1,1,1,0,1,1,0
32105,0,1,1,0,1,0,1,1,1,0
32106,1,0,0,0,1,1,1,1,1,0
32107,0,0,0,0,1,1,1,1,1,0
32108,1,0,0,0,1,1,1,1,1,1
32109,0,1,0,1,1,1,1,1,1,1
32110,0,0,0,0,1,0,1,1,1,0
32111,0,0,0,0,1,1,1,1,1,0
32112,0,0,1,1,1,1,1,1,1,1
32113,0,0,1,0,1,0,1,1,1,0
32114,0,0,1,0,1,0,1,0,1,0
32115,0,0,0,0,1,1,1,1,0,0
32116,0,0,0,0,1,1,1,1,1,0
32117,0,0,0,1,1,1,1,1,1,1
32118,0,0,1,0,1,1,1,1,1,1
32119,0,0,1,0,1,1,1,1,1,0
32120,0,1,1,0,1,1,1,1,1,0
32201,0,0,0,1,1,0,1,1,1,1
32202,0,0,0,0,1,0,1,1,1,0
32203,0,1,0,1,1,0,1,1,1,1
32204,0,0,0,1,1,0,1,1,1,0
32205,0,0,1,1,1,1,1,1,1,1
32206,0,0,0,1,0,0,1,1,1,1
32207,0,0,0,1,0,0,1,1,1,1
32208,0,0,0,1,0,0,1,1,1,1
32209,0,0,0,1,1,0,1,1,1,1
32210,0,0,0,1,1,1,1,1,1,1
32211,0,0,0,1,1,1,1,1,1,1
32212,0,0,0,1,1,0,1,1,1,1
32213,0,0,0,1,1,1,1,1,1,1
32214,0,0,0,1,1,0,1,1,1,1
32215,0,0,0,0,1,1,1,1,1,1
32216,0,1,1,1,1,1,1,1,1,1
32217,0,0,0,1,1,1,1,1,1,1
32218,0,0,0,1,1,1,1,1,1,1
32219,0,1,0,1,0,1,1,1,1,1
32220,0,0,1,1,1,1,1,1,1,1
32301,0,1,0,1,1,1,1,1,1,1
32302,0,0,0,1,1,0,1,1,1,1
32303,0,1,0,1,1,0,1,1,1,1
32304,0,1,0,0,1,0,1,1,1,1
32305,0,0,0,0,1,0,1,1,1,1
32306,0,0,0,1,1,1,1,1,1,1
32307,0,1,1,0,1,1,1,1,1,1
32308,0,0,0,1,1,0,1,1,1,1
32309,0,1,1,1,1,0,1,1,1,1
32310,1,1,0,1,1,0,1,1,1,1
32311,0,0,0,0,1,0,1,1,1,1
32312,0,1,0,0,1,0,1,1,1,1
32313,0,1,0,0,1,0,1,1,1,1
32314,0,0,0,0,1,1,1,1,1,0
32315,0,0,1,1,1,1,1,1,1,1
32316,0,1,0,1,1,0,1,1,1,1
32317,0,1,0,1,1,0,1,1,1,1
32318,0,0,0,1,1,1,1,1,1,1
32319,0,0,0,1,1,1,1,1,1,1
32320,1,0,0,0,1,0,1,1,1,0
32401,0,0,0,0,1,0,1,1,1,1
32402,1,0,0,1,1,0,1,1,1,1
32403,0,0,0,1,1,0,1,1,1,0
32404,0,0,1,1,1,0,1,1,1,1
32405,0,0,0,1,1,0,1,1,1,1
32406,0,1,0,1,1,1,1,1,1,1
32407,0,0,0,1,1,0,1,1,1,1
32408,0,1,0,1,1,1,1,1,1,1
32409,0,0,0,1,1,0,1,1,1,1
32410,0,,0,0,1,1,1,1,1,1
32411,0,1,0,0,1,0,1,1,1,0
32412,,1,0,0,1,0,1,1,1,0
32413,0,0,0,1,1,0,1,1,1,1
32415,0,1,0,1,1,0,1,1,1,1
32416,1,0,1,1,1,1,0,1,1,1
32417,0,1,0,1,1,0,1,1,1,1
32418,0,0,0,1,1,0,1,1,1,1
32419,0,,0,1,1,1,1,1,1,0
32420,0,1,0,1,1,0,0,1,1,1
32501,0,1,0,0,1,1,1,1,1,1
32502,0,1,1,1,1,1,1,1,1,1
32503,0,0,0,1,1,1,1,1,1,1
32504,0,1,1,1,1,1,1,1,1,1
32505,0,0,0,1,1,0,1,1,1,1
32506,0,1,0,1,1,1,1,1,1,0
32507,0,0,0,1,1,1,1,1,1,0
32508,0,0,0,1,1,1,1,1,1,1
32509,0,1,0,1,1,0,1,1,1,1
32510,0,1,1,1,1,0,1,1,1,1
32511,0,0,0,1,1,1,1,1,1,1
32512,1,0,0,1,1,0,1,1,1,1
32513,0,0,0,1,1,1,1,1,1,1
32514,1,0,0,1,1,1,1,1,1,1
32515,0,1,0,1,1,1,1,1,1,0
32516,0,0,0,1,1,1,1,1,1,0
32517,0,0,0,1,1,1,1,1,1,1
32518,,1,0,1,1,1,1,1,1,1
32519,0,1,0,1,1,1,1,1,1,1
32520,1,1,1,1,1,1,1,1,1,1
32601,0,0,0,1,1,1,1,0,1,1
32602,0,1,1,1,1,1,1,1,1,1
32603,,1,0,1,1,1,1,1,1,1
32604,0,0,0,1,1,1,1,1,1,1
32605,,0,1,1,1,1,1,1,1,1
32606,0,1,0,1,1,0,1,1,1,1
32607,,0,1,1,1,0,1,1,1,1
32608,,0,0,1,1,1,1,1,1,1
32609,,0,0,1,1,0,0,1,1,1
32612,1,1,0,1,1,1,1,1,1,1
32613,0,1,0,0,1,1,1,1,1,1
32615,,1,0,1,1,0,1,0,1,1
32616,,1,0,1,1,1,1,1,1,1
32617,,1,0,1,1,0,1,0,1,0
32618,,1,0,1,1,1,1,1,1,1
32619,0,0,0,0,1,0,1,0,1,1
32620,,1,0,1,1,0,1,1,1,1
32701,,0,0,1,1,1,1,1,1,1
32702,,0,0,1,1,1,1,1,1,1
32703,,1,0,1,1,1,0,1,1,1
32704,0,1,0,1,1,1,1,1,1,1
32705,,1,0,1,1,0,1,1,1,1
32706,,1,1,1,1,1,1,1,1,1
32707,0,1,0,1,1,1,1,1,1,1
32708,0,1,0,1,1,1,1,1,1,1
32709,,1,0,1,1,0,1,1,1,1
32710,0,1,0,1,1,1,1,1,1,1
32711,,1,1,1,1,0,1,1,1,1
32712,0,1,0,1,1,1,1,1,1,1
32713,,1,0,1,0,1,1,1,1,1
32714,0,0,0,1,1,1,1,1,1,1
32715,,1,0,1,1,1,1,1,1,1
32716,,1,0,1,1,1,1,1,1,1
32717,0,0,0,1,1,1,1,1,1,0
32718,,1,0,1,1,1,1,1,1,1
32719,,0,0,1,1,1,1,1,1,1
32720,0,0,0,1,1,1,1,1,0,1
32801,0,0,0,1,1,1,1,1,1,1
32802,0,0,0,1,1,0,1,1,1,1
32803,0,0,0,0,1,1,1,1,1,1
32804,0,1,0,1,1,0,1,1,1,1
32805,0,0,0,1,1,1,1,1,1,1
32806,0,0,0,1,0,1,1,1,1,1
32807,0,0,0,1,1,1,1,1,1,1
32808,0,0,0,1,1,1,1,1,1,1
32809,0,0,0,1,1,1,1,1,1,1
32810,0,0,1,1,1,1,1,1,1,1
32811,0,1,1,1,1,1,1,1,1,1
32812,0,1,0,1,1,1,1,1,1,0
32813,0,1,0,1,1,1,1,1,1,1
32814,0,0,0,,1,0,1,1,1,1
32815,0,0,0,0,1,1,1,1,1,1
32816,0,1,0,1,1,1,1,1,1,1
32817,0,0,0,0,1,1,1,1,1,1
32818,,1,0,1,1,1,1,1,1,1
32819,0,0,0,1,1,1,1,1,1,1
32820,0,1,1,1,1,0,1,1,1,1
32901,0,0,1,0,1,0,1,1,1,1
32902,0,1,0,1,1,0,1,1,1,1
32903,1,0,0,1,1,1,1,1,1,1
32904,0,0,0,0,0,0,0,1,1,1
32905,0,1,0,0,1,1,0,1,1,1
32906,1,0,0,0,1,0,1,1,1,1
32907,0,0,0,1,1,0,1,1,1,1
32908,0,1,0,1,1,0,1,1,1,1
32909,0,0,0,1,1,0,1,1,1,0
32910,0,0,1,0,1,0,1,1,1,1
32911,0,0,0,1,1,1,1,1,1,1
32912,0,0,0,0,1,0,1,1,1,1
32913,0,0,0,1,1,1,1,1,1,1
32914,0,0,0,0,1,0,1,1,1,1
32915,0,0,0,1,1,1,1,1,1,1
32916,0,1,1,1,1,0,1,1,1,1
32917,1,0,0,1,1,1,1,1,1,1
32918,0,0,0,0,1,0,1,1,1,1
32919,0,0,0,1,1,0,1,1,1,1
32920,0,1,1,0,1,0,0,1,1,1
33001,0,1,0,0,0,1,1,0,1,1
33002,0,0,0,1,1,0,1,1,1,1
33003,0,,0,0,1,1,1,1,1,0
33004,0,,0,0,1,1,1,1,1,0
33005,0,1,0,1,1,1,1,1,1,1
33006,0,1,0,1,1,0,1,1,1,1
33007,0,0,0,0,1,0,1,1,1,1
33008,0,0,0,0,1,0,1,1,1,1
33010,0,1,0,1,1,0,1,1,1,1
33011,0,0,0,0,1,0,1,1,1,1
33012,0,0,1,1,1,0,1,1,1,1
33014,0,0,0,0,0,0,1,1,1,1
33015,0,1,1,0,1,1,1,1,1,1
33016,0,0,0,1,0,0,1,1,1,1
33017,0,1,1,1,1,0,1,1,1,1
33018,0,0,0,0,1,1,1,1,1,1
33019,0,1,0,1,1,0,1,1,1,1
33020,0,1,0,1,1,0,1,1,1,0
33101,0,0,0,1,1,1,1,1,1,1
33102,0,0,0,1,1,1,1,1,1,1
33103,0,0,0,0,1,1,0,1,1,1
33104,0,0,0,1,1,1,1,1,1,1
33105,0,0,0,1,1,1,1,1,1,0
33106,0,0,0,1,1,1,1,1,1,0
33107,0,0,0,0,1,1,1,1,1,1
33108,0,0,0,0,1,1,1,1,1,1
33109,0,0,0,0,1,1,1,1,1,1
33110,0,0,0,1,1,1,1,1,1,1
33111,0,1,0,1,1,1,1,1,1,1
33112,0,0,0,0,1,1,1,1,1,1
33113,0,0,0,1,1,1,1,1,1,1
33114,0,0,0,0,1,1,1,1,1,1
33115,0,0,0,0,1,1,1,1,1,1
33116,0,1,0,1,1,1,1,1,1,1
33117,0,0,0,1,1,1,1,1,1,0
33118,0,1,0,1,1,1,1,1,1,1
33119,0,0,1,1,1,1,1,1,1,1
33120,0,0,0,1,1,1,1,1,1,1
33201,0,0,0,1,1,1,1,1,1,1
33202,0,0,1,1,1,1,1,1,1,1
33203,0,1,0,1,1,1,1,1,1,0
33204,0,0,0,1,1,1,1,1,1,1
33205,0,0,0,1,1,1,1,1,1,1
33206,0,0,0,1,1,1,1,1,1,0
33207,0,0,0,1,1,1,0,1,1,0
33209,0,0,0,0,1,1,1,1,1,1
33210,0,0,0,1,1,1,1,1,1,1
33211,0,0,0,1,1,1,1,1,1,1
33212,0,0,1,1,1,1,1,1,1,0
33213,0,0,1,1,1,1,1,1,1,1
33214,0,0,1,1,1,1,0,1,1,1
33215,0,0,0,1,1,1,1,1,1,1
33216,0,1,0,1,1,1,1,1,1,1
33217,1,0,0,0,1,1,1,1,1,1
33218,0,0,1,1,1,1,1,1,1,1
33219,0,0,0,0,1,1,1,1,1,1
33220,1,0,0,1,1,1,1,1,1,1
33301,0,1,0,0,1,0,1,1,1,1
33302,0,1,0,0,1,0,1,1,1,1
33303,0,0,0,0,1,1,1,1,1,1
33304,1,0,0,0,1,0,1,1,1,1
33305,0,0,1,0,1,1,1,1,1,1
33306,0,0,0,1,1,1,1,1,1,1
33307,0,,0,1,1,0,1,1,1,1
33308,0,1,0,1,1,0,1,1,1,0
33309,0,1,0,0,1,0,1,1,1,1
33310,0,1,0,1,1,1,1,1,1,0
33311,0,0,0,0,1,0,0,0,1,0
33312,0,0,0,1,1,0,1,1,1,1
33313,0,0,0,1,1,0,1,1,1,1
33314,0,0,0,1,1,0,1,1,1,1
33315,0,1,0,1,1,1,1,1,1,1
33316,0,0,0,1,1,1,1,1,1,1
33317,0,1,0,0,1,0,0,1,1,0
33318,0,0,0,0,1,0,1,1,1,1
33319,0,0,0,1,1,0,1,1,1,1
33320,0,1,0,0,1,0,1,0,1,0
33401,0,0,0,0,1,0,1,1,1,1
33402,0,0,0,0,1,1,1,1,1,1
33403,0,1,0,1,1,0,1,1,1,1
33404,0,0,0,1,1,0,1,1,1,1
33405,0,1,0,0,1,0,1,1,1,1
33406,0,0,0,0,1,0,1,1,1,1
33407,1,0,0,0,1,0,1,1,1,1
33408,0,0,0,1,1,0,1,1,1,1
33409,0,0,0,0,1,0,1,1,1,1
33410,1,0,0,0,0,0,1,1,1,1
33411,0,0,0,0,1,0,1,1,1,1
33412,0,0,0,0,1,0,1,1,1,0
33413,0,0,0,0,1,1,1,1,1,1
33414,0,0,0,0,1,1,1,1,1,1
33415,0,1,0,0,1,1,1,1,1,1
33416,0,0,0,1,1,0,1,1,1,1
33417,1,0,0,1,1,0,1,1,1,1
33418,0,0,0,0,1,0,1,1,0,1
33419,0,0,0,1,1,0,1,1,1,1
33420,0,1,0,1,1,0,1,1,1,1
33501,0,1,0,0,1,0,1,1,1,1
33502,0,0,0,1,1,1,1,1,1,1
33503,0,0,1,1,1,1,1,1,1,0
33504,0,0,0,1,1,1,1,1,1,0
33505,0,0,0,1,1,1,1,1,1,1
33506,0,1,0,0,1,1,1,1,1,0
33507,0,1,0,0,1,0,0,1,1,1
33508,0,0,0,1,1,1,1,1,1,1
33509,0,0,1,1,0,1,1,1,1,1
33510,0,,0,1,1,0,1,1,1,1
33511,0,1,0,0,1,0,1,1,1,0
33512,0,0,0,0,1,0,1,1,1,1
33513,1,0,0,1,1,0,1,1,1,1
33514,0,0,0,1,1,0,1,1,1,1
33515,0,0,1,0,,0,1,1,1,1
33516,0,0,0,1,1,1,1,1,1,1
33517,0,0,0,1,1,1,1,1,1,1
33518,0,0,0,1,1,0,1,1,1,1
33519,0,0,0,0,1,0,1,1,1,1
33520,0,0,0,0,1,0,1,1,1,0
33601,0,0,0,1,1,1,1,1,1,1
33602,0,0,0,1,1,1,1,1,1,0
33603,0,0,1,1,1,1,1,1,1,1
33604,1,0,0,1,1,1,1,1,1,1
33605,0,0,0,1,1,0,1,1,1,1
33606,1,0,0,1,1,1,1,1,1,1
33607,0,0,0,1,1,0,1,1,1,1
33608,1,1,0,1,1,0,1,1,1,1
33609,0,0,0,1,1,0,1,1,1,1
33610,0,1,0,1,1,0,1,1,1,1
33611,0,0,0,1,1,1,1,1,1,0
33612,0,0,0,0,1,0,1,1,1,1
33613,0,0,0,1,1,1,1,1,1,1
33615,0,0,0,1,1,1,1,1,1,1
33616,0,0,0,0,1,1,1,1,1,1
33617,0,0,0,1,1,0,1,1,1,1
33618,0,0,0,1,1,0,1,1,1,1
33620,1,0,1,1,1,1,1,1,1,1
33701,0,0,0,1,1,1,0,1,1,0
33702,0,0,1,0,1,1,1,1,1,1
33703,0,0,0,0,1,1,1,1,1,1
33704,1,0,0,1,1,0,0,1,1,1
33705,0,1,0,0,1,1,1,1,1,1
33706,0,0,0,1,1,1,0,1,1,1
33707,0,1,1,0,1,1,1,1,1,1
33708,0,0,0,1,1,1,1,1,1,1
33709,0,0,0,1,1,1,1,1,1,1
33710,0,0,1,0,1,1,1,1,1,1
33711,0,0,0,1,1,1,1,1,1,1
33712,0,0,0,1,1,1,1,1,1,1
33713,0,1,0,1,1,1,0,1,1,0
33714,0,0,1,1,1,1,1,1,1,1
33715,0,0,1,1,1,1,1,1,1,1
33716,0,0,0,1,1,1,1,1,1,1
33717,0,0,0,1,1,1,1,1,1,1
33718,0,0,1,1,1,1,1,1,1,1
33719,1,0,1,1,1,1,1,1,1,1
33720,0,0,0,1,1,1,1,1,1,1
33801,0,0,0,1,1,1,0,1,1,1
33802,0,0,0,0,1,1,0,1,1,1
33803,0,0,0,1,1,1,1,1,1,0
33804,0,1,0,1,1,1,1,1,1,0
33805,0,0,0,1,1,1,1,1,1,1
33806,0,0,0,1,1,1,1,1,1,1
33807,0,1,1,1,1,1,1,1,1,1
33808,0,0,0,1,1,1,0,1,1,1
33809,0,0,0,1,1,1,1,1,1,1
33810,0,0,0,1,1,1,0,1,0,0
33811,0,0,0,0,0,1,1,1,1,0
33812,0,0,0,1,1,1,1,1,1,0
33813,0,0,0,1,1,1,1,1,1,1
33814,0,0,0,1,1,0,1,1,1,1
33815,0,0,1,1,1,1,1,1,1,1
33816,0,1,0,1,1,1,1,1,1,1
33817,1,0,0,1,1,1,1,1,1,1
33818,0,0,0,1,1,1,1,1,0,1
33819,0,1,0,0,1,1,1,1,1,1
33820,0,0,0,1,1,1,1,1,1,1
33901,0,0,0,0,1,1,0,1,1,1
33902,0,1,0,0,1,1,1,1,1,1
33903,0,0,0,1,1,1,0,1,1,0
33904,0,0,0,1,1,1,1,1,1,1
33905,1,0,1,0,1,1,1,1,1,1
33906,0,1,0,1,1,1,1,1,1,0
33907,0,1,1,0,1,1,1,1,1,1
33908,0,0,0,1,1,1,1,1,1,1
33909,0,1,1,1,1,1,1,1,1,1
33910,0,0,0,1,1,1,0,0,1,0
33911,0,0,0,0,1,1,0,1,1,1
33912,0,0,0,0,1,1,1,1,1,1
33913,0,0,0,0,1,1,1,1,1,1
33914,0,0,0,1,1,1,1,1,1,0
33915,0,1,1,1,1,1,1,1,1,0
33916,1,0,1,1,1,1,1,1,1,1
33917,0,1,0,1,1,1,1,1,1,1
33918,0,1,0,1,1,1,0,1,1,1
33919,0,0,0,1,1,1,1,1,1,1
33920,0,,0,1,1,1,0,1,1,0
34001,1,0,0,1,1,1,1,1,1,1
34002,0,0,1,1,1,1,1,1,1,1
34003,0,0,0,1,1,1,1,1,1,1
34004,0,0,0,1,1,1,0,1,1,1
34005,0,,0,1,1,1,1,1,1,0
34006,0,0,0,0,1,1,1,1,1,1
34007,0,0,0,1,1,1,0,1,1,1
34008,1,0,0,1,1,1,0,1,1,1
34009,0,0,0,1,1,1,1,1,0,1
34010,0,0,0,1,1,1,1,1,1,1
34011,0,0,0,1,1,1,1,1,1,0
34012,0,0,0,0,1,1,1,1,1,1
34013,0,0,0,0,1,1,1,1,1,0
34014,0,0,0,1,1,1,1,1,1,1
34015,0,1,0,1,1,1,0,1,1,1
34016,0,0,0,1,1,1,1,1,1,1
34018,0,0,0,0,1,1,1,1,1,0
34019,0,0,0,1,1,1,0,1,1,1
34020,0,0,1,1,1,1,1,1,1,1
34101,0,0,1,0,1,1,1,1,1,1
34102,0,1,0,0,1,1,1,1,1,0
34103,0,0,1,1,1,1,1,1,1,1
34104,0,1,1,1,1,1,1,1,1,1
34105,0,1,0,1,1,1,1,1,1,1
34106,1,1,1,1,1,1,1,1,1,1
34107,0,1,0,0,1,1,1,1,1,1
34108,0,1,0,0,1,1,1,1,1,0
34109,0,0,0,1,1,1,1,1,1,1
34110,0,1,0,1,0,0,1,1,1,1
34111,0,0,0,0,1,1,1,1,1,1
34112,0,1,0,1,1,1,1,1,1,1
34113,0,1,0,0,1,1,1,1,1,1
34114,0,0,1,1,1,0,1,1,1,1
34115,0,0,0,1,1,0,1,1,1,1
34116,0,1,1,0,1,1,1,1,1,1
34117,0,0,0,1,1,1,1,1,1,1
34118,0,0,0,1,1,1,1,1,1,1
34119,0,0,1,0,1,1,1,1,1,0
34120,0,0,0,1,1,1,1,1,1,1
34301,0,0,0,0,1,1,1,1,1,1
34302,0,0,0,1,1,1,1,1,1,1
34303,0,0,0,1,1,1,1,1,1,1
34304,0,0,0,1,1,1,1,1,1,1
34305,0,1,0,1,1,0,1,1,1,1
34306,0,1,0,1,0,1,1,1,1,1
34307,0,1,0,1,0,0,1,1,1,1
34308,0,0,0,1,1,1,1,1,1,1
34309,0,0,0,1,1,0,1,1,1,1
34310,0,1,0,1,1,0,1,1,1,1
34311,0,1,0,1,1,1,1,1,1,1
34312,0,0,0,1,1,0,1,1,1,0
34313,0,1,1,1,1,1,1,1,1,1
34314,0,1,0,0,1,0,1,1,1,1
34315,0,1,1,0,1,1,1,1,1,1
34316,0,0,1,0,1,0,1,1,1,1
34317,,0,0,0,1,0,1,1,1,0
34318,0,1,0,1,1,1,1,1,1,1
34319,0,1,0,1,1,1,1,1,1,1
34320,0,1,0,0,1,1,1,1,1,1
34401,0,0,0,1,1,0,1,1,1,1
34402,0,1,0,1,1,1,1,1,1,1
34403,0,0,0,1,1,0,0,1,1,1
34404,0,0,0,1,1,0,1,1,1,1
34405,0,1,0,1,1,0,1,1,1,1
34406,0,1,0,1,1,1,1,1,1,0
34407,0,1,0,1,1,1,0,1,1,1
34408,0,0,0,0,1,1,1,1,1,1
34409,0,0,1,0,1,1,0,1,1,0
34410,0,0,0,1,1,1,1,1,1,1
34411,0,0,0,0,1,1,1,1,1,1
34412,0,0,0,0,1,1,1,1,1,1
34413,0,0,0,1,1,1,1,1,1,1
34414,0,0,0,0,1,0,0,1,1,1
34415,0,1,0,1,1,1,1,1,1,1
34416,0,0,1,1,1,1,1,1,1,1
34417,0,,1,0,1,1,1,1,1,1
34418,0,0,0,1,1,1,1,1,1,1
34419,0,1,1,1,1,1,0,1,1,0
34420,0,0,1,1,1,1,1,1,1,1
34901,0,1,0,0,1,1,1,1,1,1
34902,0,1,0,0,1,1,1,1,1,1
34903,0,0,0,0,1,1,1,1,0,1
34904,0,0,1,1,1,1,1,1,1,1
34905,0,1,1,1,1,1,1,1,1,1
34906,0,0,0,1,1,1,1,1,1,1
34907,1,0,1,1,1,1,1,1,1,1
34908,0,0,0,0,1,1,1,1,1,1
34909,0,1,0,1,1,1,1,1,1,1
34910,0,1,1,1,1,1,1,1,1,0
34911,0,0,0,1,1,1,1,1,1,1
34912,0,1,0,1,1,1,1,1,1,1
34913,0,0,1,0,1,1,1,1,1,0
34914,0,0,0,1,1,1,1,1,1,1
34915,0,0,0,1,1,1,1,1,1,1
34916,0,0,0,1,1,1,1,1,1,1
34917,0,0,0,0,0,1,0,1,1,1
34918,0,0,0,0,1,1,0,1,1,1
34919,1,0,1,1,1,1,0,1,1,0
34920,0,0,0,1,1,1,1,1,1,1
35001,0,0,0,0,0,1,0,1,1,0
35002,0,0,1,1,1,1,1,1,1,0
35003,0,0,0,1,1,1,1,1,1,1
35004,1,0,0,1,1,1,1,1,1,1
35005,0,0,0,1,1,1,1,0,1,0
35006,0,0,0,1,1,1,1,1,1,1
35007,0,1,0,0,1,1,1,1,1,1
35008,0,0,0,1,1,1,0,1,1,0
35009,0,1,0,0,1,0,1,0,1,1
35010,0,0,0,0,0,1,1,1,1,0
35011,0,0,1,1,1,1,1,1,1,0
35012,0,1,1,1,1,1,1,1,1,1
35013,0,1,0,0,1,1,1,1,0,1
35015,0,0,0,0,1,1,0,1,1,1
35016,0,0,0,1,1,1,1,1,1,0
35017,0,0,0,1,1,1,1,1,1,1
35018,0,0,0,0,1,1,1,1,1,0
35019,0,0,0,0,1,1,1,1,1,0
35020,0,0,1,0,1,1,1,1,1,0
35101,0,0,0,0,1,1,1,1,1,1
35102,0,0,0,1,1,1,1,1,1,0
35103,0,0,0,1,1,1,1,1,1,0
35104,0,0,0,0,1,1,1,1,1,1
35105,0,1,0,0,1,1,1,1,1,0
35106,0,0,0,1,1,1,1,1,1,1
35107,0,0,0,1,1,1,1,1,1,1
35108,0,0,0,1,1,1,1,1,1,0
35109,0,0,0,1,1,1,1,1,1,1
35110,0,0,0,1,1,1,1,1,1,1
35111,0,0,0,1,1,1,0,1,1,1
35112,0,0,0,1,1,1,0,1,1,1
35113,,0,1,0,1,1,1,1,1,1
35114,1,1,0,1,1,1,1,1,1,1
35115,0,0,0,0,1,1,0,1,1,1
35116,,0,0,1,0,1,1,1,1,0
35117,1,1,0,1,1,1,1,1,1,0
35118,0,0,0,0,1,1,1,1,1,1
35119,0,1,1,1,1,1,1,1,1,1
35120,0,0,0,1,1,1,1,1,1,1
35201,0,0,0,1,1,1,1,1,1,1
35202,0,0,0,1,1,1,1,1,1,1
35203,0,0,0,0,1,0,1,1,1,0
35204,0,0,0,0,1,0,1,1,1,1
35205,0,0,0,0,1,0,1,1,1,1
35206,0,0,0,0,1,1,1,1,1,0
35207,0,0,0,1,1,1,0,1,1,0
35208,0,0,0,1,1,1,1,1,1,1
35209,0,0,0,1,1,1,1,1,1,0
35210,0,1,0,0,1,1,0,1,1,0
35211,0,0,0,0,1,1,1,1,1,1
35212,0,0,1,0,1,1,1,1,1,1
35213,0,0,0,0,1,1,1,1,1,1
35214,0,1,0,0,1,1,1,1,1,0
35215,0,1,0,0,1,1,1,1,1,0
35216,0,0,0,1,1,0,1,1,1,0
35217,0,0,0,1,1,0,0,0,0,1
35218,0,0,0,1,1,1,1,1,1,1
35219,0,0,0,1,1,0,1,1,1,0
35220,0,0,0,1,1,1,1,1,1,0
35301,0,1,0,1,0,0,1,0,1,0
35302,0,1,0,0,0,0,1,0,1,0
35303,0,0,0,1,1,0,1,1,1,0
35304,0,0,0,0,1,0,1,1,1,1
35305,0,0,0,1,1,0,1,1,1,1
35306,0,0,0,0,1,1,1,0,1,1
35307,1,1,1,0,1,0,1,1,1,0
35308,0,1,0,0,0,1,1,0,1,0
35309,0,0,1,0,1,1,1,1,1,1
35310,0,0,0,1,1,0,1,1,1,1
35311,0,0,0,1,1,0,1,1,1,0
35312,0,1,0,0,1,0,1,1,1,1
35313,0,0,0,1,1,1,1,1,1,1
35314,0,0,0,0,1,0,1,1,1,1
35315,0,0,0,1,1,1,1,1,1,1
35316,1,0,0,1,1,1,0,1,1,0
35317,0,0,1,1,1,1,1,1,1,1
35318,0,0,0,1,1,1,1,1,1,1
35319,0,1,1,1,1,1,0,1,1,1
35320,0,0,0,1,1,1,1,1,1,1
35401,0,0,0,1,1,1,1,1,1,0
35402,1,0,1,1,1,1,0,1,1,1
35403,0,0,0,1,1,1,0,1,1,1
35404,0,1,0,0,1,1,0,0,1,0
35405,0,0,0,0,1,1,1,1,1,0
35406,0,0,1,0,1,1,1,1,1,1
35407,0,0,0,1,1,1,1,1,1,1
35408,0,1,1,1,1,1,1,0,1,0
35409,0,1,1,0,1,0,1,1,1,0
35410,1,1,0,0,1,1,1,0,1,0
35411,0,0,0,0,1,1,0,1,1,1
35412,0,1,0,0,1,0,1,1,1,0
35413,0,0,0,0,1,1,1,0,1,0
35414,0,1,0,1,1,0,1,1,1,1
35415,0,0,0,1,1,0,1,1,1,1
35416,0,1,1,0,1,1,1,1,1,1
35417,0,1,0,1,1,1,1,1,1,0
35418,0,0,0,1,1,0,1,1,1,1
35419,0,1,0,0,1,1,1,1,1,1
35420,0,0,0,1,1,1,1,1,1,1
35801,1,0,1,0,1,0,1,1,1,1
35802,0,1,1,1,1,1,1,1,1,1
35803,0,0,0,0,1,1,1,1,1,1
35804,0,0,0,1,1,1,1,1,1,1
35805,0,0,0,1,1,1,1,1,1,1
35807,0,0,1,1,1,1,1,1,1,1
35808,0,0,1,1,1,1,1,1,1,1
35809,0,0,0,1,1,1,1,1,1,1
35811,0,0,1,1,1,1,1,1,1,1
35812,0,1,0,0,1,1,1,1,1,0
35813,0,0,0,1,1,1,1,1,1,1
35814,0,0,0,1,1,1,1,1,1,1
35815,1,0,0,1,1,1,1,1,1,0
35816,0,0,1,1,1,1,1,1,1,1
35817,0,1,0,1,1,1,1,1,1,1
35818,0,0,0,0,1,1,1,1,1,1
35819,0,0,0,1,1,1,1,1,1,1
35820,0,1,1,0,1,1,1,1,1,1
35901,0,0,1,1,1,0,1,1,1,1
35902,0,1,1,1,1,1,1,1,1,1
35903,0,0,0,1,1,0,1,1,1,1
35904,0,0,1,1,1,0,1,1,1,1
35905,0,0,1,1,1,1,1,1,1,1
35906,0,0,1,0,1,1,1,1,1,0
35907,0,1,0,1,1,0,1,1,1,1
35909,0,0,0,1,1,0,1,1,1,1
35910,0,0,1,1,1,0,1,1,1,1
35911,0,0,0,1,1,0,1,1,1,1
35912,0,0,0,1,1,0,1,1,1,1
35913,0,0,0,1,1,0,1,1,1,1
35914,0,0,0,1,1,0,1,1,1,1
35915,0,0,0,1,1,0,1,1,1,1
35916,0,1,1,1,1,0,1,1,1,1
35917,0,0,0,1,1,1,1,1,1,1
35918,0,1,1,0,1,1,1,1,1,0
35919,0,0,0,0,1,1,1,1,1,1
35920,0,0,1,0,1,1,1,1,1,1
36001,0,0,0,1,1,1,1,1,1,1
36002,0,1,1,1,1,1,1,1,1,1
36003,0,1,1,1,1,1,1,1,1,1
36004,0,0,1,1,1,1,1,1,1,1
36005,0,0,0,1,1,1,0,1,1,1
36006,0,0,0,1,1,1,1,1,1,1
36008,0,0,0,1,1,0,1,1,1,1
36009,0,0,0,1,1,1,1,1,1,1
36010,0,0,0,1,1,1,1,1,1,1
36012,0,0,0,1,1,1,1,1,1,1
36013,0,0,1,1,1,1,1,1,1,1
36014,0,0,0,1,1,1,1,1,1,1
36015,0,0,0,1,1,1,1,1,1,1
36017,0,0,1,1,1,1,1,1,1,1
36018,0,1,1,1,1,1,1,1,1,1
36019,0,0,1,1,1,1,1,1,1,1
36101,0,0,0,1,1,1,1,1,1,1
36102,0,0,1,1,1,1,1,1,1,0
36103,0,0,1,1,1,1,1,1,1,0
36104,0,1,1,1,1,1,1,1,1,1
36105,0,1,0,1,1,1,1,1,1,0
36106,0,0,1,1,1,1,1,1,1,1
36107,0,0,1,1,1,1,1,1,1,0
36108,0,0,1,,0,0,1,1,1,1
36109,0,1,1,1,1,1,1,1,1,1
36110,0,1,0,1,1,0,1,1,1,1
36111,0,1,1,1,1,1,1,1,1,1
36112,0,1,1,1,1,1,1,1,1,1
36113,1,0,1,1,1,1,1,1,1,0
36114,0,1,1,1,1,1,1,1,1,0
36117,0,0,1,1,1,1,1,1,1,1
36201,0,1,1,1,1,1,1,1,1,1
36202,0,0,0,1,1,1,1,1,1,1
36203,0,0,0,1,1,0,1,1,0,1
36204,0,0,1,1,1,1,1,1,1,1
36206,0,1,1,1,1,1,1,1,1,1
36207,0,0,0,1,1,1,1,1,1,1
36208,0,0,0,1,1,1,1,1,1,1
36209,0,1,0,1,1,1,1,1,1,1
36210,1,0,1,0,1,1,1,1,1,0
36211,0,1,1,1,0,1,1,1,0,0
36212,0,0,0,1,1,0,1,1,1,1
36213,0,0,1,1,1,1,1,1,1,1
36214,0,1,1,1,1,1,1,1,1,1
36215,0,0,1,1,1,1,1,1,1,1
36216,0,0,1,1,1,1,1,1,1,1
36217,0,0,1,1,1,1,1,1,1,0
36218,0,0,1,1,1,1,1,1,1,1
36219,0,0,1,1,1,1,1,1,0,1
36220,0,0,1,1,1,1,1,1,1,0
36601,0,1,0,1,1,1,1,1,1,1
36602,0,0,1,1,1,1,1,1,1,1
36603,0,0,0,1,1,1,1,1,1,0
36604,0,1,0,1,1,1,1,1,1,1
36605,0,0,1,1,0,1,1,1,1,0
36606,0,1,1,1,1,1,1,1,1,1
36607,0,1,1,0,1,1,1,1,1,1
36608,0,1,0,1,1,1,1,1,1,1
36609,0,1,0,1,1,1,1,1,1,0
36610,0,0,0,1,1,1,1,1,1,0
36611,0,1,1,1,1,1,1,1,1,0
36612,0,1,1,1,1,1,1,1,1,1
36613,0,0,1,1,1,1,1,1,1,1
36614,0,0,1,1,1,1,1,1,1,1
36615,0,1,0,0,1,1,1,1,1,0
36616,0,1,1,1,1,1,1,1,1,1
36617,0,1,0,0,1,1,1,1,1,1
36618,0,1,1,1,1,1,1,1,1,1
36619,0,1,1,0,1,1,1,1,1,1
36620,0,0,1,1,1,1,1,1,1,1
36701,0,0,0,1,1,1,1,1,1,1
36702,0,0,1,1,0,0,1,1,1,1
36703,0,0,0,0,1,0,1,1,1,1
36704,0,0,0,1,1,0,1,1,1,1
36705,0,1,1,1,1,1,1,1,1,1
36706,1,0,0,0,1,1,1,1,1,1
36707,0,0,0,0,1,0,1,1,1,1
36708,0,0,0,1,1,0,1,1,1,0
36709,0,0,1,1,0,0,1,1,1,1
36710,0,0,0,0,1,1,1,1,1,1
36711,0,0,0,1,1,0,1,1,1,1
36712,0,0,1,0,1,1,1,1,1,1
36713,0,0,0,1,1,0,1,1,1,1
36714,0,0,0,1,1,1,1,1,1,1
36715,0,1,0,1,1,1,1,1,1,1
36716,0,0,1,0,1,0,1,1,1,1
36717,0,1,0,1,0,0,1,1,1,1
36718,0,0,0,1,1,1,1,1,1,1
36719,0,0,0,1,1,0,1,1,1,1
36720,0,0,0,0,1,0,1,1,1,0
36901,0,0,0,1,1,0,1,1,1,1
36902,0,0,1,1,1,1,1,1,1,1
36903,0,0,0,1,1,1,1,1,1,1
36904,0,1,0,1,1,1,1,1,1,1
36905,0,0,1,1,1,1,1,1,1,1
36906,0,0,0,1,1,0,1,1,1,1
36907,0,1,0,0,1,0,1,1,1,1
36908,0,0,1,1,1,1,1,1,1,1
36909,0,0,0,1,1,1,1,1,1,0
36910,0,1,0,0,1,0,1,1,1,1
36911,0,0,1,0,1,1,1,1,1,1
36912,0,0,0,1,1,0,1,1,1,1
36913,0,0,1,1,1,0,0,1,1,1
36914,0,0,1,1,1,1,1,1,1,1
36915,0,0,0,1,1,1,1,1,1,1
36916,0,0,1,1,1,1,1,1,1,1
36917,0,1,1,0,1,1,1,1,1,1
36918,0,1,1,1,1,1,1,1,1,0
36919,0,0,1,1,1,1,1,1,1,1
36920,0,1,1,1,1,1,1,1,1,0
37201,0,0,0,0,1,1,1,1,1,1
37202,0,1,0,0,1,0,1,1,1,1
37203,0,1,1,1,1,1,1,1,1,1
37204,0,1,0,1,1,1,1,1,1,1
37205,0,0,1,0,1,1,1,1,1,1
37206,0,0,1,0,1,1,1,1,1,0
37207,0,1,1,0,1,1,1,1,1,1
37208,0,0,0,1,1,0,1,1,1,0
37209,0,0,0,1,1,1,1,1,1,1
37210,0,0,0,1,1,0,1,1,1,1
37211,0,1,0,1,1,1,1,1,1,1
37212,0,1,0,1,1,1,1,1,1,0
37213,0,0,0,0,1,1,1,1,0,0
37214,1,0,1,1,1,0,1,1,1,0
37215,0,1,1,1,1,1,1,1,1,1
37216,0,0,1,1,1,0,1,1,1,1
37217,0,1,0,1,1,1,1,1,1,0
37218,0,0,0,1,1,1,1,1,1,1
37219,0,0,0,0,1,0,0,0,1,0
37220,0,0,1,1,1,1,1,1,1,1
37302,0,0,0,1,1,0,1,1,1,1
37303,0,0,0,0,1,1,1,1,1,1
37304,0,0,1,1,1,0,1,1,1,0
37305,0,1,0,1,1,0,1,1,1,1
37306,0,0,0,1,1,0,1,1,1,1
37307,0,1,1,1,1,0,1,1,1,1
37308,0,1,1,1,1,0,1,1,1,1
37309,0,0,1,1,1,0,1,1,1,1
37310,0,0,0,1,1,1,1,1,1,1
37312,0,0,1,1,1,1,1,1,1,1
37313,0,1,0,1,1,1,1,1,1,1
37314,0,0,1,1,1,1,1,1,1,1
37315,0,1,1,1,1,1,0,1,1,1
37316,0,0,0,0,1,1,1,1,1,1
37317,0,0,0,1,1,1,1,1,1,1
37318,0,0,1,0,1,1,1,1,1,1
37319,0,1,0,1,1,1,1,1,1,1
37320,0,0,0,1,1,1,0,1,1,1
37601,0,0,0,0,1,1,1,1,1,1
37602,0,0,1,0,1,0,1,1,1,1
37603,1,1,1,1,1,0,1,1,1,0
37604,1,1,0,0,0,1,1,1,1,1
37605,0,1,0,0,1,1,1,1,1,1
37606,1,1,0,0,1,1,0,0,1,0
37607,0,0,0,0,1,1,1,1,1,1
37608,0,0,0,0,1,1,1,1,1,1
37609,0,0,1,1,1,1,1,1,1,1
37610,0,0,0,0,1,0,1,1,1,1
37611,0,0,0,0,1,1,1,1,1,1
37612,0,0,0,1,0,0,1,1,1,1
37613,0,0,0,1,1,1,1,1,1,1
37614,0,0,1,1,1,1,1,1,1,1
37615,0,1,0,0,1,0,1,1,1,1
37616,0,0,1,0,0,1,1,1,1,1
37617,0,0,0,1,1,1,1,1,1,1
37618,1,1,0,0,0,1,1,1,1,1
37619,1,0,0,0,0,1,1,1,1,1
37620,0,0,0,1,0,1,1,1,1,1
37701,0,0,0,0,1,0,0,1,1,0
37702,0,0,1,0,1,1,0,1,1,0
37703,0,1,1,0,1,1,1,1,1,1
37704,0,0,0,0,1,1,1,1,1,1
37705,1,1,0,0,1,1,1,1,1,1
37706,0,0,0,0,1,1,1,1,1,1
37707,0,1,0,0,1,1,1,1,1,0
37708,1,0,1,1,1,1,1,1,1,1
37709,0,0,1,0,1,1,1,1,1,0
37710,1,1,1,1,1,1,0,0,1,1
37711,0,0,0,1,1,1,1,1,1,1
37712,1,0,0,1,1,0,1,1,1,1
37713,0,0,0,1,1,0,1,1,1,1
37714,0,0,0,1,0,0,1,1,1,1
37715,0,1,1,1,1,1,0,1,0,1
37716,1,1,1,0,1,1,1,0,1,1
37717,0,0,0,1,1,0,0,1,1,1
37718,0,0,0,1,1,0,1,1,1,1
37719,1,1,0,1,1,0,1,1,1,1
37720,0,0,0,0,1,0,1,1,0,1
38101,0,1,1,1,1,1,1,1,1,1
38102,0,0,0,0,1,1,1,1,1,1
38103,0,0,0,0,1,1,1,0,1,0
38104,0,0,0,0,1,1,1,1,1,1
38105,0,1,0,1,1,1,1,1,1,1
38106,0,0,0,0,1,1,0,0,1,1
38107,0,0,1,0,1,0,1,1,1,0
38108,0,0,0,0,1,0,1,1,1,0
38109,0,,0,0,1,0,1,1,1,1
38110,0,0,0,0,1,1,1,1,1,1
38111,0,0,0,0,1,1,1,1,1,1
38112,0,1,0,0,1,0,1,0,1,0
38113,0,0,0,0,1,0,1,1,1,1
38114,0,1,0,1,1,1,1,0,1,0
38115,1,1,0,0,1,1,1,1,1,1
38116,0,0,0,0,1,1,1,0,1,0
38117,0,0,0,0,1,1,1,1,1,1
38118,0,0,0,0,0,1,1,1,1,0
38119,0,0,0,0,1,1,1,1,1,1
38120,0,0,0,0,1,1,1,1,1,0
38201,0,0,0,1,1,1,1,1,1,1
38202,0,1,0,0,1,1,1,1,1,1
38203,0,1,0,1,1,0,1,1,1,1
38204,0,1,1,0,1,0,1,0,1,0
38205,0,1,0,1,1,0,1,0,1,1
38206,0,0,0,1,1,0,1,1,1,1
38207,0,0,0,1,1,1,1,1,0,1
38208,0,0,0,0,1,1,1,0,1,0
38209,0,1,0,0,1,1,1,1,1,0
38210,0,0,1,0,1,0,1,1,1,1
38211,0,1,0,0,1,1,0,1,1,1
38212,0,1,0,0,1,0,1,1,1,1
38213,0,1,0,0,1,1,1,1,1,1
38214,0,0,0,0,1,0,1,1,1,0
38215,0,1,0,0,1,1,1,1,1,1
38216,0,0,1,1,1,0,1,1,1,1
38217,0,1,0,0,1,1,1,1,1,1
38218,0,1,0,0,1,1,1,1,1,0
38219,0,0,0,0,1,0,1,1,1,0
38220,0,0,0,1,1,1,1,1,1,1
38301,0,1,0,0,1,1,1,1,1,1
38302,0,0,0,0,1,1,1,1,1,1
38303,0,0,1,1,1,0,1,1,1,1
38304,0,0,0,0,1,1,1,1,1,1
38305,0,0,0,0,1,0,1,1,1,1
38306,0,0,1,0,1,0,1,1,1,1
38307,0,0,0,0,1,1,1,1,1,1
38308,0,1,1,1,1,0,1,1,1,1
38309,0,0,1,0,1,0,1,1,1,1
38310,1,1,0,0,1,0,0,1,1,0
38311,0,0,0,0,1,0,1,1,1,1
38312,0,0,0,0,1,1,1,1,1,1
38313,0,0,0,0,1,0,1,1,1,1
38314,0,1,0,1,1,0,1,1,1,1
38315,0,0,0,0,1,0,0,1,1,1
38316,0,1,0,0,1,1,1,1,1,0
38317,0,0,0,0,1,0,1,1,1,1
38318,0,0,0,0,1,1,1,1,1,1
38319,0,1,0,0,1,1,1,1,1,0
38320,0,0,1,0,1,0,1,1,1,1
38501,0,1,0,0,1,1,1,1,1,0
38502,1,0,1,0,1,1,1,1,1,0
38503,0,1,0,0,0,1,0,0,1,0
38504,0,0,0,0,1,1,1,1,1,0
38505,0,0,0,0,1,1,1,1,1,1
38506,0,1,1,1,1,1,1,1,1,1
38507,0,1,0,0,1,1,1,1,1,1
38508,0,0,1,0,1,1,1,1,1,1
38509,0,0,0,0,1,1,1,1,1,1
38510,0,0,0,0,1,1,1,1,1,1
38511,0,1,0,0,1,1,1,1,1,0
38512,0,0,0,0,1,0,1,1,1,0
38513,0,0,0,0,1,1,1,1,1,0
38514,0,0,0,0,0,1,1,0,1,1
38515,0,0,1,0,1,1,1,0,1,1
38516,0,0,0,0,1,1,1,0,1,0
38517,0,1,0,0,1,1,1,1,1,1
38518,0,0,0,0,0,1,1,0,1,1
38519,0,0,0,0,1,1,0,0,1,0
38520,0,0,0,0,1,1,1,1,1,1
38801,0,0,1,0,1,1,1,1,1,0
38802,0,1,1,0,1,1,1,1,1,1
38803,0,1,1,1,1,1,1,1,1,1
38804,0,1,0,1,1,1,1,1,1,1
38805,0,1,1,1,1,1,1,1,1,0
38806,0,1,1,0,1,1,1,1,1,1
38807,0,0,1,1,1,1,1,1,1,1
38808,0,0,0,1,1,1,1,1,1,1
38809,0,0,1,1,1,1,1,1,1,1
38810,0,0,1,1,1,1,1,1,1,1
38811,1,0,1,0,1,1,1,1,1,0
38812,0,0,1,1,1,1,1,0,1,1
38813,0,0,0,1,1,1,1,1,1,1
38814,0,1,0,1,0,1,1,1,1,1
38815,0,0,1,1,1,1,1,1,1,1
38816,0,1,1,1,1,1,1,1,1,1
38817,0,0,1,1,1,1,1,1,1,1
38818,0,1,0,1,1,1,1,1,1,1
38819,1,1,1,1,1,1,1,1,1,1
38820,0,1,1,1,1,1,1,1,1,1
38901,0,1,1,1,0,1,1,0,1,1
38902,1,0,0,1,1,1,1,1,1,0
38903,0,0,1,1,1,1,1,1,1,1
38904,1,1,1,0,1,0,1,1,1,1
38905,0,1,1,1,0,1,1,1,1,1
38906,1,0,0,0,1,1,0,1,1,1
38907,0,0,0,1,1,1,1,1,1,1
38908,0,1,1,0,1,1,1,1,1,1
38909,0,0,1,1,0,1,1,1,1,1
38910,0,1,1,0,1,1,1,1,1,1
38911,0,0,0,1,1,1,1,1,1,1
38912,0,0,1,0,1,1,1,1,1,1
38913,0,0,0,0,0,1,1,1,1,1
38914,0,0,1,0,1,1,1,1,1,1
38915,0,0,1,1,1,1,1,1,1,1
38916,1,1,0,0,1,0,1,1,1,1
38917,0,1,1,1,0,1,1,1,1,1
38918,1,1,1,0,1,1,1,1,1,1
38919,0,0,0,0,1,1,1,1,1,1
38920,0,1,0,0,1,1,1,0,1,1
39101,0,1,1,1,1,1,1,1,1,1
39102,0,0,1,1,1,1,1,1,1,1
39103,0,,0,0,1,1,1,0,1,1
39104,0,0,1,1,1,1,1,1,1,1
39105,0,0,1,1,1,1,1,1,1,1
39106,0,0,0,1,1,1,1,1,1,1
39107,0,1,1,1,1,1,1,1,1,1
39108,0,1,0,0,1,1,1,1,1,1
39109,1,1,0,1,1,1,1,1,1,1
39110,0,0,0,1,1,1,1,1,1,1
39111,0,0,0,1,1,1,1,1,1,1
39112,0,1,0,1,1,1,1,1,1,1
39113,0,0,0,1,1,1,1,1,1,1
39114,0,0,0,1,1,1,1,1,1,1
39115,0,0,1,1,1,0,1,1,1,1
39116,0,0,0,1,1,1,1,1,0,0
39117,0,0,0,1,1,1,1,1,1,1
39118,0,1,1,1,1,1,1,1,1,1
39119,0,0,1,0,1,1,1,1,1,0
39120,0,0,0,1,1,1,1,1,1,1
39201,0,1,0,0,1,1,1,1,1,1
39202,0,1,0,1,0,1,1,1,1,1
39203,0,0,0,1,0,1,1,1,1,1
39204,1,0,0,1,1,1,1,1,1,1
39205,0,0,0,1,1,1,1,1,1,1
39206,0,0,0,0,1,1,1,1,1,1
39207,0,0,0,0,1,1,1,0,1,0
39208,0,0,0,1,1,1,1,1,1,1
39209,0,0,0,1,1,1,1,1,1,1
39210,0,0,0,1,1,1,1,1,1,1
39211,0,0,0,0,1,0,1,1,1,1
39212,0,0,0,1,1,1,1,1,1,1
39213,0,1,0,1,1,1,1,1,1,1
39214,1,1,0,0,1,1,1,1,1,1
39215,0,0,1,1,1,0,1,1,1,1
39216,0,0,0,1,1,1,1,1,0,1
39217,0,1,1,0,1,1,1,1,1,1
39218,0,0,0,1,1,1,1,1,1,1
39219,1,1,0,1,1,1,1,1,1,0
39220,0,0,0,1,1,1,1,1,1,1
39301,0,1,0,0,1,1,1,1,1,1
39302,0,0,1,1,1,1,1,1,1,1
39303,0,0,0,1,1,1,1,1,1,1
39304,0,0,0,1,1,0,1,1,1,1
39305,0,1,0,0,1,1,1,1,1,1
39306,0,1,0,0,1,1,1,1,1,0
39307,0,0,0,1,1,1,1,1,1,1
39308,0,1,1,1,1,1,1,1,1,1
39309,1,1,0,1,0,1,1,1,1,1
39310,0,0,0,0,1,1,1,1,1,1
39311,0,0,0,1,1,1,1,1,1,1
39312,0,0,0,0,1,1,1,1,0,1
39313,0,0,0,1,1,0,1,1,1,1
39314,0,1,0,1,1,1,1,1,1,1
39315,0,0,0,1,1,1,1,1,1,1
39316,0,0,0,1,1,1,1,1,1,1
39317,0,0,0,1,1,1,1,1,1,1
39318,0,0,1,1,1,1,1,1,1,0
39319,0,0,0,0,1,1,1,1,1,1
39320,0,1,0,0,1,0,1,1,1,1
39501,0,0,0,0,1,1,1,1,1,1
39502,0,1,0,1,1,1,1,1,1,0
39503,0,1,0,1,1,1,1,1,1,1
39504,0,1,0,1,1,1,1,1,1,0
39505,0,0,0,1,1,1,1,1,1,1
39506,0,0,0,1,1,1,1,1,1,1
39507,0,0,0,1,0,1,1,1,1,1
39508,0,0,0,1,1,1,1,1,1,1
39509,0,0,0,0,1,1,1,1,1,1
39510,0,0,0,1,1,1,1,1,1,1
39511,0,0,0,1,1,1,1,1,1,1
39512,0,0,0,1,1,1,1,1,1,1
39513,0,0,1,1,1,1,0,1,1,1
39514,0,1,0,1,1,0,1,1,1,1
39515,0,1,1,1,1,0,1,1,1,1
39516,0,1,0,1,1,1,0,1,1,1
39517,0,0,0,0,1,1,1,1,1,1
39518,0,0,0,0,1,0,1,1,1,1
39519,0,0,0,0,1,1,1,1,1,1
39520,0,1,0,1,1,0,1,1,1,1
39601,0,1,1,0,1,1,1,1,1,1
39602,0,1,0,1,1,1,1,1,1,1
39603,0,0,1,1,1,1,1,1,1,1
39604,0,1,0,1,1,1,1,1,1,1
39605,0,1,0,1,1,1,1,1,1,1
39606,0,0,0,0,1,0,1,1,1,1
39607,0,1,1,0,1,0,1,1,1,1
39608,0,1,0,1,1,1,1,1,1,1
39609,0,0,1,1,1,1,1,1,1,1
39610,0,0,0,0,1,1,1,1,1,1
39611,0,0,0,1,1,1,1,1,1,1
39612,0,0,0,1,1,1,1,1,1,1
39613,0,0,1,1,1,1,1,1,1,1
39614,0,1,0,1,1,0,1,1,1,1
39615,0,0,0,1,1,1,1,1,1,1
39616,0,0,0,1,1,1,1,1,1,1
39617,0,0,0,1,1,1,1,1,1,1
39618,0,0,0,1,1,1,1,1,1,1
39619,0,0,0,1,1,1,1,1,1,1
39620,0,0,0,1,1,1,1,1,1,1
39801,1,0,0,1,1,1,1,1,1,1
39802,0,1,1,0,1,1,1,1,1,1
39803,0,0,0,1,1,1,1,1,1,1
39804,0,0,1,1,1,1,1,1,1,1
39805,0,1,0,0,1,1,1,1,1,1
39806,0,0,1,0,1,0,1,1,1,1
39807,0,0,0,1,1,0,1,1,1,1
39808,0,0,0,1,1,1,1,1,1,1
39809,0,1,1,1,1,0,1,1,1,1
39810,0,1,1,1,1,1,1,1,1,1
39811,0,0,0,0,1,0,1,1,1,1
39812,0,0,0,0,1,0,1,1,1,1
39813,0,1,0,0,0,1,1,1,1,1
39814,0,0,0,1,0,0,1,1,1,1
39815,1,1,1,1,1,1,1,1,1,1
39816,0,,0,1,1,0,1,1,1,1
39817,1,0,0,0,1,0,0,1,1,1
39818,0,0,1,0,1,0,0,0,1,1
39819,1,0,0,0,1,0,0,1,1,0
39820,0,1,0,1,1,0,0,1,1,1
40001,0,0,0,1,1,1,1,1,1,1
40002,0,1,1,1,1,0,1,1,1,1
40003,0,0,1,0,1,1,0,0,1,1
40004,,0,1,1,0,1,1,1,1,1
40005,0,0,1,0,1,1,1,1,1,1
40006,0,1,0,1,1,0,1,1,1,1
40007,0,1,1,1,1,1,1,1,1,1
40008,0,1,0,1,0,0,1,1,1,0
40009,0,0,1,1,1,0,1,1,1,1
40010,0,1,0,0,1,0,1,1,1,0
40011,0,0,1,0,1,0,1,1,1,1
40012,0,0,0,0,1,0,1,1,1,1
40013,0,1,0,1,1,0,1,1,1,1
40014,0,0,0,1,1,0,1,1,1,1
40015,0,0,0,0,1,0,0,1,1,1
40016,0,0,0,1,1,1,1,1,1,0
40017,0,1,1,1,1,0,1,1,1,1
40018,0,1,0,0,1,0,0,1,1,1
40019,0,1,1,0,1,1,1,1,1,1
40020,0,0,0,0,1,1,1,1,1,1
40101,0,0,1,1,1,1,1,1,1,1
40102,0,0,1,1,1,1,1,1,1,1
40103,0,1,1,1,1,1,1,1,1,1
40104,1,0,1,1,1,1,1,1,1,1
40105,0,0,1,1,1,1,1,1,1,1
40106,0,0,0,1,1,1,1,1,1,0
40107,0,0,0,1,1,1,1,1,1,1
40108,1,1,0,1,1,1,1,1,1,1
40109,0,0,0,1,1,1,1,1,1,1
40110,0,0,0,1,1,1,1,1,1,1
40111,0,0,0,1,1,1,1,1,1,1
40112,0,0,1,1,0,1,1,0,1,1
40113,1,1,0,1,1,1,1,1,1,1
40114,1,0,0,1,1,1,1,1,1,1
40115,0,1,1,1,1,1,1,1,1,1
40116,1,0,1,1,0,1,1,1,1,1
40117,1,0,1,0,1,1,1,1,1,1
40118,0,0,1,1,0,1,1,1,1,1
40119,0,0,1,1,1,1,1,1,1,1
40120,0,1,0,1,1,1,1,1,1,1
40201,1,0,0,1,1,1,1,1,1,1
40202,0,0,0,1,1,1,1,1,1,1
40203,0,0,0,1,1,1,1,1,1,1
40204,0,1,0,1,1,1,1,1,1,1
40205,0,0,0,0,1,1,1,1,1,1
40206,0,1,1,1,1,1,1,1,1,1
40207,0,1,1,1,1,1,1,1,1,1
40208,0,0,1,1,0,1,1,1,1,1
40209,0,1,1,1,1,1,1,1,1,1
40210,1,0,0,1,1,1,1,1,1,1
40211,0,1,1,1,1,1,1,1,1,1
40212,1,0,1,1,1,1,0,1,1,1
40213,1,0,1,1,1,1,1,1,1,1
40214,,0,0,1,1,0,1,1,1,0
40215,1,0,0,1,1,0,1,1,1,1
40216,1,1,0,1,1,0,0,1,1,1
40217,,1,0,1,1,0,1,1,1,1
40218,0,1,0,1,1,0,1,1,1,1
40219,0,1,1,1,1,1,1,1,1,1
40220,1,1,0,1,1,0,1,1,1,1
40301,0,1,1,1,1,1,1,1,1,1
40302,0,1,0,1,1,0,1,1,1,1
40303,0,1,0,1,1,0,0,1,1,1
40304,1,0,1,1,1,1,1,1,1,1
40305,0,0,0,1,1,1,0,1,1,1
40306,0,1,0,1,1,1,1,1,1,1
40307,0,0,1,0,1,1,0,1,1,1
40308,0,0,0,1,1,1,1,1,1,1
40309,0,1,0,1,1,0,1,1,1,1
40310,1,0,0,1,1,1,1,1,1,1
40311,0,0,0,1,1,1,1,1,1,1
40312,0,1,1,0,1,1,1,1,1,1
40313,0,1,1,1,1,1,1,1,1,1
40314,0,0,1,1,1,1,1,1,1,1
40315,0,1,0,1,1,1,0,1,1,1
40316,0,0,1,1,0,1,1,1,1,1
40317,1,0,1,1,0,1,1,1,1,1
40318,0,1,0,1,1,1,1,1,1,1
40319,1,0,1,1,1,1,1,1,1,1
40320,0,1,0,1,0,1,1,1,1,1
40401,0,0,0,1,1,1,1,1,1,1
40402,0,1,1,0,1,1,1,1,1,1
40403,0,1,1,1,1,0,1,1,1,1
40404,1,1,1,0,1,1,1,1,1,1
40405,1,0,1,1,1,1,1,1,1,1
40406,0,1,1,1,1,1,1,1,1,1
40407,0,1,0,1,1,1,1,1,1,1
40408,0,0,1,0,1,1,1,1,1,1
40409,0,1,0,0,1,0,1,1,1,1
40410,0,0,1,1,1,1,1,1,1,1
40411,0,0,0,1,1,1,1,1,1,1
40412,0,0,1,1,1,1,1,1,1,1
40413,0,0,0,1,1,1,1,1,1,1
40414,0,0,0,1,1,1,1,1,1,1
40415,0,0,1,1,1,1,1,1,1,1
40416,1,1,1,1,1,1,1,1,1,1
40417,0,0,1,1,1,1,1,1,1,1
40418,0,1,0,1,1,1,1,1,0,1
40419,0,0,1,1,1,1,1,1,1,0
40420,0,0,0,0,1,1,1,1,1,1
41501,0,1,0,1,1,1,1,1,1,1
41502,1,1,0,1,1,1,1,1,1,1
41503,0,0,1,0,1,1,1,1,1,0
41504,0,1,1,0,1,1,1,1,1,1
41505,0,0,1,1,1,1,1,1,1,1
41506,1,1,1,1,1,1,1,1,1,0
41507,0,0,0,0,1,1,1,1,1,1
41508,0,0,0,1,0,1,1,1,1,1
41509,0,0,0,0,1,1,1,1,1,1
41510,0,0,0,1,1,1,1,1,1,1
41511,1,0,1,0,1,1,1,1,1,0
41512,0,1,1,1,0,1,1,1,1,1
41513,0,0,1,1,1,1,1,1,1,1
41514,0,0,0,0,0,1,1,1,1,1
41515,0,0,0,0,0,1,1,1,1,1
41516,0,1,0,1,1,1,1,1,1,1
41517,0,0,0,1,0,1,1,1,1,1
41518,1,1,1,1,1,1,1,1,1,1
41519,0,0,0,1,1,1,1,1,1,1
41901,0,0,1,1,1,1,1,1,1,1
41902,1,1,0,1,1,1,1,1,1,1
41903,0,0,0,0,1,1,1,1,1,1
41904,0,0,0,0,1,1,1,1,1,1
41905,0,1,0,1,1,1,1,1,1,1
41906,1,1,0,0,1,1,1,1,1,1
41907,0,1,0,1,1,1,1,1,1,1
41908,0,1,0,1,0,1,1,1,1,1
41909,0,0,0,1,1,1,1,1,1,1
41910,0,1,0,1,1,1,1,1,1,1
41911,0,0,1,0,1,1,1,1,1,1
41912,0,1,1,1,1,1,1,1,1,1
41913,0,1,0,1,1,1,1,1,1,1
41915,0,1,1,1,1,1,1,1,1,1
41916,0,0,0,0,1,1,1,1,1,1
41917,0,1,0,1,1,1,1,1,1,1
41918,1,0,1,1,1,1,1,1,1,1
41919,0,0,0,1,1,1,1,1,1,0
41920,0,1,1,1,1,1,1,1,1,1
42001,0,1,0,1,1,1,1,1,1,1
42002,0,0,0,1,1,1,1,1,1,0
42004,0,0,0,1,1,1,1,1,1,1
42005,,1,1,1,1,1,1,1,1,1
42006,1,0,1,1,1,1,1,1,1,1
42007,1,1,1,0,1,1,1,1,1,0
42008,0,0,0,1,1,1,1,1,1,1
42009,0,0,0,0,1,1,1,1,0,1
42010,0,0,1,1,1,1,1,1,1,1
42011,0,1,1,1,1,1,1,1,1,1
42012,,0,1,0,1,1,1,1,1,0
42013,0,0,0,1,1,1,1,1,1,1
42014,0,0,0,1,1,1,1,1,1,1
42015,0,1,1,0,1,1,1,1,1,1
42016,,1,0,1,1,1,1,1,1,1
42017,0,1,0,1,1,1,1,1,1,1
42018,0,1,0,1,1,1,1,1,1,1
42019,0,0,0,1,1,1,1,1,1,1
42020,1,1,0,1,0,1,1,1,1,1
42101,1,0,1,0,1,1,1,1,1,0
42102,0,0,0,1,1,1,1,1,1,1
42103,1,0,0,1,1,1,1,1,1,1
42104,0,0,1,0,1,1,1,1,1,0
42105,0,0,1,0,1,0,1,1,1,1
42106,0,0,1,1,1,1,1,1,1,1
42107,0,0,0,1,1,1,1,1,0,1
42108,0,0,0,1,1,1,1,1,1,1
42109,0,1,0,1,1,1,1,1,1,1
42110,0,1,1,1,1,1,1,1,1,1
42111,0,0,0,1,1,1,1,1,1,1
42112,1,1,1,1,1,1,1,1,1,1
42113,0,1,0,,1,1,1,1,1,0
42114,0,0,0,1,1,1,1,1,1,1
42115,1,1,1,1,1,1,1,1,1,1
42116,0,1,1,1,1,1,1,1,1,1
42117,0,0,1,1,1,1,1,1,1,1
42118,,1,0,1,1,1,1,1,1,1
42119,0,0,0,1,1,1,1,1,1,1
42120,1,1,0,1,1,1,1,1,1,1
42201,0,0,0,0,1,1,1,1,1,0
42202,0,0,0,0,1,0,1,1,1,1
42203,1,1,1,1,1,1,1,1,1,1
42204,0,0,1,0,1,1,1,1,1,1
42205,0,0,0,0,1,1,1,1,1,1
42206,0,1,1,0,1,1,1,1,1,1
42207,0,1,1,1,1,1,1,1,1,1
42208,0,0,1,1,1,1,1,1,1,1
42209,0,0,0,1,1,1,1,1,1,1
42210,0,1,0,1,1,1,1,1,1,1
42211,0,1,0,1,1,1,1,1,1,0
42212,0,0,0,0,1,1,1,1,1,1
42213,0,0,1,1,1,1,1,1,1,1
42214,0,0,0,1,1,1,1,1,1,1
42215,1,0,1,0,1,1,1,1,1,0
42216,0,0,0,1,1,1,1,1,1,1
42217,0,0,0,1,1,0,1,1,1,1
42218,0,1,1,1,1,1,1,1,1,1
42219,0,1,0,0,1,1,1,1,1,1
42220,0,0,0,0,1,1,1,1,1,1
42401,0,0,0,1,1,0,1,1,1,1
42402,0,1,0,0,1,0,1,1,1,1
42403,0,1,0,0,1,1,1,1,1,1
42404,0,0,0,1,1,1,1,1,1,1
42405,0,0,1,1,1,1,1,1,1,1
42406,0,0,0,1,1,0,1,1,1,0
42407,0,0,0,1,1,1,1,1,1,1
42408,0,0,0,1,1,1,1,1,0,1
42409,0,0,0,1,1,1,1,1,1,1
42410,0,0,0,1,1,0,1,1,1,1
42411,0,0,0,1,1,1,1,1,1,1
42412,0,0,0,0,1,1,1,1,1,1
42413,0,0,1,1,1,1,1,1,1,1
42414,0,0,0,1,1,1,1,1,1,1
42415,0,1,0,1,0,1,1,1,1,1
42416,0,0,1,1,1,1,1,1,1,1
42417,0,0,0,0,1,1,1,1,1,1
42418,0,0,0,1,1,1,1,1,1,1
42419,0,1,0,0,1,1,1,1,1,1
42420,0,0,0,1,1,1,1,1,1,1
42501,0,0,0,1,1,1,1,1,0,1
42502,0,1,0,1,1,1,1,1,1,0
42503,0,1,0,0,1,1,1,1,1,0
42504,0,0,0,1,1,1,1,1,1,1
42505,0,1,0,0,1,1,1,1,1,1
42506,0,0,0,0,1,1,1,1,1,1
42507,0,0,0,0,1,1,1,1,1,0
42508,0,1,0,1,1,1,1,1,1,1
42509,0,0,0,0,1,1,1,1,1,1
42510,0,0,0,1,1,1,1,1,1,1
42511,0,0,0,0,1,1,1,1,1,1
42512,0,0,0,0,1,1,1,1,1,1
42513,0,1,0,0,1,1,1,1,0,1
42514,0,0,0,0,1,1,1,1,1,1
42515,0,1,0,1,1,1,1,1,1,1
42516,1,0,0,0,0,1,1,1,1,1
42517,0,0,0,0,0,1,1,1,1,0
42518,0,1,0,1,0,1,1,1,1,0
42519,0,1,0,0,0,1,1,1,1,0
42520,0,1,1,1,0,1,1,1,1,1
42701,0,0,0,0,1,0,1,1,1,0
42702,0,1,1,0,1,1,1,1,1,1
42703,0,1,1,1,1,1,1,1,1,1
42704,0,0,0,0,1,1,1,1,1,1
42705,0,1,0,0,0,1,1,1,1,1
42706,0,0,0,1,1,1,1,1,1,1
42707,0,1,0,1,1,1,1,1,1,1
42708,0,1,0,0,1,1,1,1,1,1
42709,0,0,0,0,1,1,1,1,1,1
42710,0,0,0,1,1,1,1,1,1,0
42711,0,1,0,0,1,1,1,1,1,0
42712,0,0,0,0,1,1,1,1,1,1
42713,0,1,0,0,1,1,1,1,1,0
42714,0,1,0,0,0,1,1,0,1,1
42715,1,0,0,0,1,1,1,1,1,1
42716,0,0,1,0,1,1,1,1,1,0
42717,0,1,0,0,1,1,1,1,1,0
42718,0,1,0,1,1,1,1,1,1,1
42719,0,1,1,1,1,1,1,1,1,1
42720,0,0,0,1,1,1,1,1,1,1
42801,0,1,0,1,1,0,1,1,1,1
42802,0,0,0,0,1,1,1,1,1,1
42803,0,0,0,0,1,1,1,1,1,1
42804,0,1,0,0,1,1,1,1,1,1
42805,0,1,0,1,1,1,1,1,1,1
42806,0,1,0,1,1,0,1,1,1,1
42807,0,0,0,0,1,0,1,1,1,1
42808,0,0,0,0,1,1,1,1,1,1
42809,0,1,0,1,1,0,1,1,1,1
42810,1,1,0,1,1,1,1,1,1,0
42811,1,0,0,1,1,1,1,1,1,1
42812,0,0,1,1,1,1,1,1,1,1
42813,0,0,1,0,1,1,1,1,1,0
42814,0,0,0,0,1,1,1,1,1,1
42815,0,0,0,1,1,1,1,1,1,1
42816,0,0,0,1,1,1,1,1,1,1
42817,0,1,0,1,1,1,1,1,1,1
42818,0,0,0,0,1,1,1,1,1,1
42819,0,1,1,0,1,1,1,1,1,1
42820,0,1,0,1,1,1,1,1,1,1
42901,0,0,0,1,1,0,1,0,1,1
42902,0,0,0,0,1,1,1,1,1,1
42903,0,1,0,1,1,1,1,1,1,1
42904,0,0,1,0,1,1,1,1,1,1
42905,0,0,0,1,1,1,1,1,1,1
42906,0,1,0,1,1,1,1,1,1,1
42907,0,0,0,1,1,1,1,1,1,1
42908,0,1,0,1,1,1,1,1,1,1
42909,0,0,0,1,1,1,1,1,1,1
42910,0,1,1,0,1,1,1,0,1,0
42911,0,0,1,0,1,1,1,1,1,1
42912,0,0,0,0,1,1,1,1,1,1
42913,0,1,0,1,1,1,1,1,1,1
42914,0,1,0,0,1,1,1,1,1,0
42915,0,0,0,1,1,1,1,1,1,1
42916,0,1,0,0,0,1,1,1,1,1
42917,0,0,0,0,1,1,1,1,1,1
42918,0,0,0,1,0,1,1,1,1,1
42919,0,0,0,1,1,1,1,1,1,1
42920,0,1,1,1,1,1,1,1,1,1
43001,0,1,0,1,1,1,1,1,1,1
43002,0,1,1,0,1,1,1,1,1,1
43003,,,0,0,1,1,1,1,1,1
43004,0,1,1,0,1,1,1,1,1,1
43005,0,0,0,0,1,0,1,1,1,0
43006,0,1,1,1,1,0,1,1,1,1
43007,0,0,0,1,1,0,1,1,1,1
43008,1,0,0,1,1,0,0,1,1,1
43009,0,1,0,0,1,0,1,1,1,1
43010,0,1,0,0,1,0,1,1,1,1
43011,0,1,1,1,1,1,1,1,1,1
43012,0,0,0,0,1,0,1,1,1,1
43013,0,1,1,0,1,0,1,1,1,1
43014,0,1,0,1,1,1,1,1,1,1
43015,0,0,1,0,1,1,1,1,1,1
43016,0,1,0,0,1,1,1,0,1,0
43017,0,0,0,1,1,1,1,1,1,1
43018,0,0,1,1,1,1,1,1,1,1
43019,0,1,0,0,1,1,1,1,1,0
43020,1,1,0,0,1,1,1,1,1,1
43101,1,0,0,0,1,1,1,1,1,1
43102,0,1,1,1,1,1,0,1,1,1
43103,0,1,1,1,1,1,1,1,1,1
43104,0,0,0,1,1,0,1,1,1,1
43105,0,0,0,1,1,1,1,1,1,1
43106,0,1,1,1,0,1,1,1,1,1
43107,0,0,0,1,1,1,1,1,1,1
43108,1,0,0,1,1,1,1,1,1,1
43109,0,1,0,0,1,1,1,1,1,1
43110,0,0,0,1,1,0,1,1,0,1
43111,0,1,1,1,1,1,0,1,1,1
43112,0,0,0,0,1,1,1,1,1,1
43113,0,1,1,0,1,1,1,1,1,1
43114,0,1,0,1,1,0,1,1,1,1
43115,0,0,1,0,1,1,1,1,1,1
43116,0,1,1,1,1,1,1,1,1,1
43117,0,0,0,1,1,1,1,1,1,1
43118,0,0,0,1,1,1,1,1,1,1
43119,0,0,0,1,1,1,0,1,1,0
43120,0,0,0,0,1,1,1,1,1,1
43201,0,1,1,1,1,1,1,1,1,1
43202,0,1,1,0,1,1,1,1,1,1
43203,0,0,0,1,1,1,1,1,1,1
43204,0,,1,0,0,1,1,1,1,1
43205,0,1,0,1,1,0,1,1,1,1
43206,0,0,1,1,1,1,1,1,1,1
43207,0,0,0,0,1,1,1,1,1,0
43208,0,1,0,0,1,1,1,1,1,0
43209,0,1,0,1,1,1,1,1,1,1
43210,0,1,1,1,1,1,1,1,1,1
43211,0,1,0,1,1,0,0,1,1,1
43212,0,1,0,0,1,0,1,1,1,0
43213,0,0,0,0,1,1,1,1,1,1
43214,0,1,0,0,1,1,1,1,1,1
43215,0,1,1,1,1,1,1,1,1,1
43216,0,1,0,1,1,1,1,1,1,1
43217,0,0,0,1,1,1,1,1,1,1
43218,0,0,0,0,1,1,1,1,1,1
43219,0,1,0,0,1,1,1,1,1,0
43220,1,0,1,1,1,0,1,1,1,1
43301,0,1,1,1,1,1,1,1,1,1
43302,0,1,1,0,1,1,1,1,1,1
43303,0,0,1,1,1,1,1,1,1,1
43304,0,0,1,0,1,1,1,1,1,1
43305,0,1,0,1,1,1,1,1,1,1
43306,0,1,1,1,1,1,1,1,1,1
43307,0,0,1,1,1,1,1,1,1,1
43308,0,1,1,1,1,1,1,1,1,1
43309,0,0,1,1,1,1,1,1,1,1
43310,0,0,0,0,1,1,1,1,0,0
43311,0,1,1,1,1,1,1,1,1,1
43312,0,1,1,1,1,1,1,1,1,1
43313,0,1,1,1,1,1,1,1,1,1
43314,1,1,1,1,1,1,1,1,1,0
43315,0,1,1,1,1,1,1,1,1,1
43316,0,1,0,1,1,1,1,1,1,1
43317,0,1,0,0,1,1,1,1,1,1
43318,0,1,1,1,1,1,1,1,1,0
43319,1,0,0,1,1,1,0,1,1,1
43320,0,0,0,1,1,1,1,1,1,1
43401,1,0,0,0,1,1,1,1,1,1
43402,0,1,0,0,1,1,1,1,1,1
43404,0,0,0,1,1,1,1,0,1,1
43405,0,,1,0,1,1,1,1,1,1
43406,0,1,1,1,1,1,1,1,1,1
43407,0,0,0,1,1,1,1,0,1,1
43408,0,0,0,1,1,1,1,1,1,1
43409,0,0,0,1,1,1,1,1,1,1
43410,0,1,0,1,1,1,1,1,1,1
43411,0,1,0,0,1,1,1,1,1,1
43412,0,0,0,1,1,1,1,1,1,1
43413,0,0,0,1,1,1,1,1,1,1
43414,0,0,0,1,1,1,1,1,1,1
43415,0,1,0,1,1,1,1,1,1,1
43416,0,1,1,0,1,1,1,1,1,1
43417,1,1,0,1,1,1,1,1,1,1
43418,0,1,0,0,1,1,0,0,1,0
43419,1,1,0,1,1,1,1,1,1,0
43420,0,1,0,1,1,1,1,1,1,0
43501,0,1,0,0,1,1,1,1,1,1
43502,0,0,0,1,1,1,1,1,1,1
43503,0,1,1,1,1,1,1,1,1,1
43504,0,1,1,1,1,1,1,1,1,1
43505,0,1,0,1,1,1,1,1,1,1
43506,0,0,1,1,0,1,1,1,1,1
43507,0,0,0,1,1,1,1,1,1,1
43508,0,0,0,0,1,1,1,1,1,1
43509,0,1,0,1,1,1,1,1,1,1
43510,0,0,0,1,1,1,1,1,1,1
43511,0,1,0,1,1,1,1,1,1,1
43512,0,0,1,1,1,1,1,1,1,1
43513,0,1,1,1,1,1,1,1,1,1
43514,0,0,1,1,1,1,1,1,1,1
43515,0,1,1,1,1,1,0,1,1,1
43516,0,1,0,1,1,1,1,1,1,1
43517,0,0,1,1,1,1,1,1,1,1
43518,0,0,1,0,1,1,1,1,1,1
43519,0,1,0,1,1,1,1,1,1,1
43520,0,0,1,0,1,1,1,1,1,1
43701,0,0,1,1,1,1,1,1,1,1
43702,1,1,0,0,1,1,1,1,1,1
43703,0,0,0,1,1,1,1,1,1,1
43704,1,0,0,1,1,1,1,1,1,1
43705,0,0,1,1,1,1,1,1,1,1
43706,0,1,0,1,1,1,1,1,1,1
43707,0,1,1,1,1,1,1,1,1,0
43708,0,1,0,1,1,1,0,1,1,1
43709,0,1,0,1,1,1,1,1,1,1
43710,0,0,1,1,1,1,1,1,1,1
43711,0,1,0,1,1,1,1,1,1,1
43712,0,0,0,1,1,1,1,1,1,1
43713,0,1,1,1,1,1,1,1,1,1
43714,0,0,1,1,1,1,1,1,1,1
43715,0,1,0,1,1,1,1,1,1,1
43716,0,0,0,1,1,1,1,1,1,1
43717,0,0,1,0,1,1,1,1,1,1
43718,0,0,0,1,1,1,1,1,1,0
43719,0,1,0,1,1,1,1,1,1,1
43720,0,1,1,1,1,1,1,1,1,1
43801,0,0,0,1,1,1,1,1,1,1
43802,0,0,0,0,1,1,1,1,1,1
43803,0,1,1,0,1,1,1,1,1,1
43804,0,1,0,1,1,1,1,1,1,1
43805,0,1,1,0,1,1,1,1,1,1
43806,0,0,0,1,1,1,1,1,1,1
43807,0,0,0,1,1,1,1,1,1,1
43808,0,1,0,1,1,1,1,1,1,1
43809,0,0,0,0,1,1,1,1,1,1
43810,0,1,0,0,1,1,1,1,1,1
43811,0,1,1,1,1,1,1,1,1,1
43812,0,1,0,0,1,1,1,1,1,1
43813,0,0,1,0,1,1,1,1,1,1
43814,0,0,1,0,1,1,1,1,1,0
43815,0,1,0,1,1,1,1,1,1,1
43816,0,1,0,1,1,1,1,1,1,1
43817,0,0,1,0,1,1,1,0,1,1
43818,0,1,1,0,1,1,1,1,1,1
43819,0,0,0,1,1,1,1,1,1,1
43901,1,1,0,1,1,1,1,1,1,1
43902,0,1,0,0,1,1,1,1,1,1
43903,1,0,1,1,1,1,1,1,1,1
43904,0,1,0,0,1,1,1,1,1,1
43905,1,1,1,0,1,1,1,1,1,1
43906,1,1,0,0,1,1,1,1,1,0
43907,0,0,0,1,1,1,1,1,1,1
43908,0,0,0,1,1,1,1,1,1,1
43909,0,0,0,0,1,1,1,1,1,1
43910,0,0,0,1,1,1,1,1,1,1
43911,0,1,0,1,1,1,1,1,1,0
43912,0,1,0,1,1,1,1,1,1,1
43913,0,0,0,0,1,1,1,1,1,1
43914,0,0,1,1,1,1,1,1,1,1
43915,0,0,0,1,1,1,1,1,1,0
43916,0,0,0,1,1,1,1,1,1,1
43917,0,0,1,1,1,1,1,1,1,1
43918,0,0,1,1,1,1,1,1,1,1
43919,0,1,1,0,1,1,1,1,1,1
43920,0,1,0,1,1,1,1,1,1,1
44101,0,1,0,1,0,0,1,0,1,1
44102,0,0,0,1,1,0,1,1,1,0
44103,0,1,0,1,1,0,1,1,1,1
44104,0,0,0,1,1,0,1,1,1,1
44105,0,0,0,0,1,0,1,1,1,1
44106,0,0,0,1,1,0,1,1,1,1
44107,0,1,0,1,1,1,1,1,1,1
44108,0,0,0,1,1,0,1,1,1,1
44109,0,0,1,1,1,0,1,1,1,1
44110,0,0,0,0,1,1,1,1,1,1
44111,0,0,0,0,1,0,1,1,1,1
44112,0,0,0,0,1,0,1,1,1,1
44113,0,0,0,0,1,0,1,1,1,1
44114,0,1,0,1,0,0,0,1,1,1
44115,0,0,0,1,1,0,1,1,1,0
44116,0,0,0,0,1,1,1,1,1,1
44117,0,0,0,1,1,0,1,1,1,0
44118,0,1,0,1,1,1,1,1,1,1
44119,0,0,0,1,1,0,1,1,1,1
44301,0,0,0,0,1,1,1,1,1,1
44302,0,0,1,1,1,1,1,1,1,1
44303,0,1,0,1,1,1,1,1,1,0
44304,0,0,0,1,1,1,1,1,1,1
44305,0,0,0,1,1,1,1,1,1,1
44306,0,0,0,0,1,1,1,1,0,0
44307,0,0,1,1,1,1,1,1,1,1
44308,0,0,0,1,1,1,1,1,1,0
44309,0,0,0,0,1,1,1,1,0,1
44310,0,0,0,0,1,1,1,1,1,1
44311,0,0,0,0,1,1,1,1,1,0
44312,0,0,1,1,1,1,1,1,1,1
44313,0,1,0,1,1,1,1,1,1,1
44314,1,1,0,1,1,1,1,1,1,1
44315,0,0,1,1,1,1,1,1,1,1
44316,0,1,1,1,1,1,1,1,1,1
44317,0,0,0,1,1,1,1,1,1,1
44318,0,0,0,1,1,1,1,1,1,1
44319,0,0,1,1,1,1,1,1,1,1
44320,0,0,0,1,1,1,1,1,1,1
44401,0,0,0,1,1,1,1,1,1,1
44402,0,0,0,0,1,1,1,1,1,1
44403,0,0,0,1,0,0,1,1,1,1
44404,0,1,0,1,1,1,1,1,1,1
44405,0,0,1,0,1,1,1,1,1,1
44406,0,1,0,1,1,1,1,1,1,1
44407,0,1,0,0,1,1,1,1,1,1
44408,0,0,0,1,1,1,1,1,1,1
44409,0,0,0,1,1,1,1,1,1,1
44410,0,0,1,0,0,1,1,1,1,1
44411,0,0,1,1,1,1,1,1,1,0
44412,0,0,0,1,0,1,1,1,1,1
44413,0,1,0,1,1,1,1,1,1,1
44414,0,0,0,1,1,1,1,1,1,1
44415,0,0,0,1,1,1,1,1,1,1
44416,0,0,1,0,1,1,1,1,1,1
44417,0,0,0,1,1,1,1,1,1,0
44418,0,0,0,1,0,1,1,1,1,1
44419,0,0,0,1,1,1,1,1,1,1
44420,0,1,0,1,1,1,1,1,1,1
45101,0,0,0,0,0,0,0,0,1,0
45103,0,,0,0,0,1,1,0,1,0
45104,0,0,0,0,0,1,0,0,1,0
45106,0,0,0,0,1,0,1,0,1,0
45107,0,,0,0,0,1,1,1,1,0
45108,0,0,0,0,0,0,1,0,1,0
45111,0,0,1,0,0,0,0,0,1,0
45112,0,0,0,0,0,0,0,0,1,0
45114,0,0,0,0,0,0,1,0,1,0
45115,0,0,0,0,0,0,0,0,1,0
45116,0,0,0,0,0,0,0,0,1,0
45117,0,,0,0,0,0,0,0,1,0
45119,0,1,0,0,0,1,0,0,0,0
45201,0,0,0,0,0,0,1,0,1,0
45202,1,0,0,0,0,0,1,0,1,0
45204,0,1,0,0,0,0,0,0,0,0
45205,0,0,0,0,1,0,0,0,1,1
45206,0,0,0,0,0,0,0,0,1,0
45210,0,0,0,0,0,0,0,1,1,0
45213,0,1,0,0,0,0,1,0,1,0
45214,0,0,0,0,0,1,0,0,0,0
45217,0,0,0,0,0,0,0,0,0,0
45218,0,0,0,0,0,0,0,0,1,0
45219,0,0,0,0,0,0,0,0,0,0
45220,0,0,0,0,0,0,1,0,1,1
45301,,0,0,0,0,0,0,0,1,0
45302,0,1,0,0,0,0,0,0,1,0
45304,0,0,0,0,0,0,0,0,1,0
45305,0,0,0,0,1,0,0,0,1,0
45308,0,0,0,0,0,0,1,0,1,0
45309,0,0,0,0,0,1,1,0,1,0
45311,0,1,0,0,0,0,0,0,1,0
45312,0,0,0,0,0,0,0,0,0,0
45315,0,0,0,0,0,0,0,0,1,0
45316,0,0,0,0,0,0,0,0,1,0
45317,0,0,0,0,0,0,1,0,1,0
45319,0,0,0,0,0,0,0,0,0,0
45401,0,1,0,0,0,1,0,0,1,0
45402,0,0,0,0,0,0,0,0,1,0
45405,0,,0,0,0,0,1,0,1,0
45407,0,0,0,0,0,1,1,1,1,0
45408,0,1,0,0,0,0,1,0,1,1
45409,0,0,0,0,0,0,1,0,1,0
45411,1,0,0,0,0,1,0,0,1,0
45414,0,0,1,0,1,0,1,0,1,1
45415,0,0,0,0,0,0,0,0,0,0
45418,0,,0,0,0,0,0,0,0,0
45419,0,0,0,0,0,1,1,1,1,1
45420,0,0,0,0,0,0,1,0,1,0
45501,0,0,0,0,1,1,1,1,1,1
45502,0,1,0,0,0,1,1,0,1,0
45503,0,0,0,0,1,0,0,1,1,0
45504,0,0,0,0,0,0,1,1,1,0
45505,0,0,0,0,0,0,1,0,1,0
45507,0,0,0,0,0,0,1,0,1,0
45508,0,0,0,0,1,0,1,0,1,0
45509,0,0,0,0,0,1,1,0,1,0
45510,0,0,0,0,0,0,1,0,1,0
45511,0,0,0,0,0,1,0,0,1,0
45512,0,0,0,0,0,0,1,0,1,0
45513,0,0,0,0,0,1,0,1,1,0
45514,0,0,0,0,0,0,0,0,1,0
45515,0,0,0,0,0,0,0,1,1,0
45516,0,0,0,0,1,1,1,1,0,1
45517,0,,0,0,0,0,0,0,1,0
45518,0,0,0,0,0,0,1,0,1,0
45519,0,0,0,0,0,0,1,1,1,1
45520,0,0,0,0,0,0,1,0,1,0
45603,0,0,0,0,0,0,0,0,1,0
45605,0,0,0,0,0,1,0,0,1,0
45606,0,0,0,0,0,0,0,0,1,0
45607,0,0,0,0,0,1,0,0,1,0
45608,0,0,0,0,1,0,1,0,1,0
45609,0,0,0,0,0,0,0,0,1,0
45610,0,0,0,0,1,0,1,0,1,0
45611,0,0,0,0,0,0,0,0,1,0
45612,0,1,0,0,0,0,1,0,1,0
45613,0,,0,0,0,0,0,0,1,0
45614,,,0,0,1,0,1,0,1,0
45616,0,0,0,0,0,0,0,0,1,0
45617,0,,0,0,0,0,1,0,1,0
45618,0,,0,0,1,1,0,1,1,0
45619,0,0,0,0,0,0,0,0,1,0
45620,0,0,0,0,0,0,0,0,1,0
45701,0,0,0,0,0,1,0,0,1,0
45702,0,0,0,0,0,0,0,0,1,0
45703,0,0,0,0,0,0,1,0,1,0
45706,0,0,0,0,0,0,0,0,1,0
45707,0,0,0,1,1,0,1,0,1,0
45708,0,0,0,0,0,0,1,0,1,0
45709,0,0,1,0,1,0,1,0,1,0
45710,0,0,0,1,1,0,1,1,0,1
45712,0,1,0,0,1,0,0,0,1,1
45713,0,0,0,0,0,0,1,0,1,1
45714,0,1,0,0,1,0,1,1,1,1
45715,0,0,0,0,1,0,1,1,1,1
45716,0,0,0,0,0,0,0,0,1,0
45717,0,0,0,0,0,0,1,0,1,0
45718,0,0,0,0,0,0,0,0,1,0
45719,1,0,0,0,0,0,1,1,1,0
45801,,0,0,0,0,0,1,1,1,1
45802,0,0,0,0,0,1,0,0,1,0
45804,0,1,0,0,1,0,1,1,1,1
45805,0,0,0,0,0,0,1,1,1,0
45806,0,0,0,0,0,0,1,0,1,0
45807,,,0,0,0,0,0,0,1,0
45808,0,0,0,0,0,0,1,0,1,0
45809,0,1,0,0,1,1,1,1,1,1
45810,0,0,0,0,0,1,0,0,1,0
45811,,0,0,0,1,1,1,0,1,0
45812,0,0,0,0,1,0,0,1,1,0
45813,0,1,0,0,0,1,1,1,1,0
45814,0,0,0,0,0,1,1,0,1,0
45815,0,0,0,0,1,1,1,1,1,1
45816,0,0,0,0,1,1,1,1,1,0
45817,,0,0,0,1,1,1,1,1,1
45818,1,0,0,0,0,0,1,1,1,1
45819,0,0,0,0,0,1,1,1,1,0
45820,0,1,1,0,1,0,1,1,1,0
45901,0,1,1,0,0,1,1,1,1,1
45902,0,0,0,0,0,0,1,1,1,0
45903,0,0,0,0,1,1,1,1,1,0
45904,0,0,0,1,1,0,1,1,1,0
45905,0,0,0,0,1,1,1,1,1,0
45906,0,0,0,1,1,1,1,1,1,1
45907,0,,0,1,1,0,1,1,1,1
45908,0,0,0,0,0,1,1,1,1,0
45909,0,0,0,0,0,0,0,1,1,0
45910,1,0,0,1,1,0,1,1,1,1
45911,0,1,0,0,1,1,1,0,1,1
45912,0,0,0,0,0,1,1,1,1,0
45914,0,0,1,0,0,0,1,1,1,0
45915,0,0,1,0,0,0,1,1,1,0
45916,0,1,1,0,0,0,1,1,1,0
45918,0,0,0,1,1,1,1,1,1,1
45920,0,0,0,0,0,0,1,0,1,1
46002,,0,0,0,1,0,1,1,1,1
46003,,0,0,1,1,1,1,1,1,1
46004,0,0,0,0,1,0,1,1,1,0
46005,0,0,0,0,0,0,0,0,1,0
46006,0,0,0,0,1,1,1,1,1,1
46007,0,0,1,0,0,1,1,1,1,1
46008,0,0,0,0,1,0,1,0,1,1
46009,0,0,0,0,1,0,1,1,1,0
46010,0,1,0,0,0,0,1,1,1,0
46011,0,1,0,0,1,0,1,0,1,0
46012,0,0,0,0,0,0,1,1,1,1
46013,0,1,1,0,1,0,1,1,1,0
46014,0,0,0,0,1,0,1,1,1,0
46015,0,0,0,0,0,0,1,0,1,0
46016,0,0,0,0,0,0,1,0,1,0
46018,0,0,1,0,0,1,1,1,1,0
46019,0,0,0,0,1,0,1,0,1,1
46020,0,,0,0,1,0,1,0,1,0
46102,0,1,0,0,1,1,1,1,1,0
46103,0,0,0,0,0,1,1,1,1,0
46105,0,0,1,0,0,0,1,1,1,0
46106,0,0,0,0,0,0,1,0,1,0
46108,0,0,0,0,1,0,1,0,1,1
46109,0,0,0,0,0,1,0,0,1,0
46110,0,1,0,0,1,1,1,1,1,0
46112,1,1,0,0,0,0,0,0,1,0
46113,0,0,0,1,0,0,1,0,1,1
46114,0,0,1,0,0,0,1,0,1,0
46115,0,0,0,0,1,0,1,1,1,1
46116,0,0,0,0,1,0,1,1,1,1
46117,0,0,0,0,0,1,1,0,1,0
46119,0,0,0,1,1,0,1,1,1,0
46120,0,1,0,0,0,0,1,0,1,0
46201,0,0,0,0,1,1,1,1,1,0
46203,0,0,0,0,1,1,1,0,1,0
46204,0,1,0,0,1,1,1,1,1,0
46205,0,0,0,0,1,0,1,1,1,0
46206,0,0,0,0,1,1,1,1,1,1
46208,0,0,0,0,0,1,1,1,1,0
46209,0,0,0,0,0,1,1,0,1,0
46211,0,0,0,0,0,0,0,0,1,0
46212,0,1,0,0,0,0,0,0,1,0
46213,0,,0,0,1,1,1,1,1,1
46214,0,1,0,0,0,1,1,1,1,0
46215,0,0,0,0,0,0,1,1,1,0
46216,0,0,0,0,1,0,1,0,1,1
46217,0,0,0,0,0,0,1,0,1,0
46218,0,0,0,0,0,0,1,1,1,0
46219,0,0,1,0,1,0,1,0,1,1
46301,0,0,0,0,1,0,0,0,1,1
46304,0,0,0,0,1,1,1,1,1,1
46305,0,0,1,1,1,0,1,1,1,1
46306,0,1,0,0,1,0,1,1,1,1
46307,0,1,0,0,1,0,1,1,1,1
46308,0,0,0,0,1,0,1,1,1,1
46309,1,1,0,0,1,1,1,1,1,0
46310,0,0,0,1,1,0,1,1,1,1
46311,0,0,0,0,1,0,1,1,1,0
46312,0,1,0,0,0,0,1,1,1,1
46313,0,1,0,0,1,1,1,1,1,1
46314,0,0,0,0,1,0,1,1,1,0
46315,0,1,0,0,1,1,1,1,1,1
46316,0,1,0,0,1,1,1,1,1,1
46317,0,0,0,1,1,0,1,1,1,1
46318,0,0,0,0,1,0,1,1,1,1
46319,0,0,1,0,1,0,1,1,1,1
46609,0,0,0,0,0,0,0,0,1,0
46610,0,0,1,0,0,0,0,0,1,0
46614,0,0,1,0,0,0,0,0,1,0
46701,0,0,0,0,0,0,0,0,1,0
46703,0,0,0,0,0,0,1,0,1,1
46704,0,0,0,0,0,0,0,1,1,0
46705,0,1,0,1,0,1,1,1,1,0
46706,0,0,0,0,1,1,1,0,1,1
46708,0,0,0,0,0,0,0,0,1,0
46709,0,0,0,0,0,0,1,1,1,1
46713,0,0,0,1,1,0,1,1,1,0
46714,,0,0,0,0,0,0,0,1,0
46716,,0,0,0,0,0,0,1,1,0
46717,0,0,0,0,0,1,0,0,1,0
46718,0,0,0,1,1,1,1,1,0,1
46720,0,0,0,0,0,0,1,0,1,0
46803,0,1,1,0,0,0,1,0,1,0
46804,0,0,0,0,1,0,1,1,1,0
46805,0,0,0,0,0,1,1,1,1,1
46806,0,0,0,0,1,0,1,1,1,1
46807,1,0,0,0,1,0,1,0,1,1
46810,,0,1,1,0,0,1,1,1,0
46811,,,0,0,0,0,0,0,1,0
46813,0,0,0,0,0,0,1,1,1,0
46819,,,1,0,0,0,0,0,1,0
46901,0,0,0,0,0,0,0,0,1,0
46902,0,0,0,0,0,0,1,1,1,0
46903,1,0,0,0,1,1,1,1,1,1
46904,0,0,0,1,0,0,1,1,1,1
46905,0,0,0,0,0,0,1,0,0,0
46906,0,0,0,0,0,1,1,1,1,0
46907,0,0,0,0,0,0,1,1,1,0
46908,0,0,0,1,0,0,0,1,1,0
46909,0,0,0,0,0,1,1,0,1,0
46910,0,0,0,0,0,0,0,0,1,0
46913,0,1,0,0,0,1,1,1,1,0
46914,0,0,0,0,0,0,1,0,1,0
46915,0,1,0,0,0,1,1,1,1,1
46917,0,0,0,0,0,1,1,1,1,1
46918,0,0,0,1,1,0,1,1,1,1
46920,0,1,1,1,1,0,1,1,1,1
47002,0,0,0,0,0,1,1,0,1,0
47004,0,0,0,0,0,0,1,1,1,0
47005,0,0,0,0,0,0,0,1,1,0
47006,0,,0,0,1,0,0,0,1,0
47007,0,0,0,1,1,0,0,1,1,0
47008,0,0,0,0,1,0,1,1,1,1
47009,0,0,0,0,0,0,1,0,1,0
47011,0,0,0,,0,0,0,0,1,1
47013,0,0,0,0,0,0,0,0,1,0
47014,0,0,1,0,0,0,1,1,1,0
47016,0,0,0,0,1,1,0,1,1,1
47017,,0,0,0,0,0,1,1,1,0
47018,0,0,0,0,0,0,1,1,1,0
47019,0,0,0,1,0,0,1,0,0,0
47020,0,0,0,0,0,0,0,1,1,0
47101,0,0,0,0,1,1,1,1,1,0
47102,0,1,0,0,1,0,1,0,1,0
47103,0,0,0,0,0,0,0,0,0,0
47104,1,1,0,0,0,0,1,0,1,0
47105,0,0,0,0,1,1,1,1,1,1
47106,0,0,0,0,0,0,1,1,1,0
47110,0,0,0,0,1,0,1,1,1,0
47111,0,0,0,0,1,1,1,1,1,0
47112,0,0,0,0,1,0,1,1,1,1
47114,,0,0,1,1,1,1,1,1,1
47117,0,0,1,1,,0,1,1,1,0
47118,0,0,0,0,0,0,1,0,1,1
47119,0,0,0,0,1,1,1,1,1,0
47201,1,1,0,0,1,0,1,0,1,0
47202,0,0,0,0,0,1,1,1,1,1
47203,0,1,0,0,1,1,1,1,1,1
47204,0,,0,0,1,0,1,0,1,1
47205,0,0,0,0,0,0,1,1,1,1
47206,0,1,0,0,1,1,1,0,1,0
47208,0,0,0,0,1,1,1,1,1,1
47209,0,0,0,0,0,0,1,1,1,1
47210,0,0,0,0,0,0,1,1,1,1
47211,1,0,0,0,0,1,1,0,1,0
47212,0,0,0,0,1,1,1,0,1,1
47214,0,0,0,0,1,1,1,1,1,1
47215,0,0,0,0,0,0,1,1,1,0
47216,,0,0,0,1,1,1,1,1,0
47217,0,1,1,0,1,1,1,1,1,1
47218,0,0,0,0,0,1,1,0,1,0
47305,0,1,0,0,0,0,0,0,1,0
47306,0,1,0,0,0,1,0,0,1,0
47308,0,,0,0,0,0,0,0,1,1
47311,0,0,0,0,0,0,0,0,1,0
47314,0,0,0,0,0,0,1,0,0,1
47317,0,0,1,0,0,0,0,0,1,0
47318,0,0,0,0,0,0,1,0,1,1
47403,,0,0,0,0,0,0,0,1,0
47405,0,0,1,0,0,0,1,1,1,0
47406,0,0,1,0,1,0,1,1,1,0
47407,1,0,0,0,0,0,1,0,1,0
47408,0,1,1,0,0,0,0,0,1,0
47409,0,0,0,0,0,0,0,1,1,0
47411,0,0,0,0,0,0,1,0,1,0
47412,0,0,1,0,1,0,0,0,1,0
47413,0,0,0,0,0,0,0,0,1,0
47414,0,0,1,0,1,1,0,0,1,0
47415,0,0,0,0,0,0,0,0,1,0
47416,0,0,0,0,1,0,1,1,1,0
47417,0,0,0,0,0,0,1,1,1,0
47420,0,1,0,0,0,0,1,1,1,1
47502,0,0,0,0,0,0,0,1,1,1
47504,0,0,0,0,0,0,1,1,1,0
47505,0,0,0,0,0,0,0,0,1,0
47507,0,0,0,1,0,0,1,1,1,1
47508,0,0,0,0,0,0,1,1,1,0
47510,0,0,0,0,0,0,1,0,1,0
47511,0,0,0,0,0,0,1,1,1,0
47512,0,0,0,0,0,0,0,0,1,0
47513,0,0,0,0,0,0,1,1,1,0
47514,0,0,0,0,0,0,1,0,1,0
47515,0,0,0,0,0,0,1,0,1,0
47516,0,0,0,0,0,0,0,0,1,0
47517,0,0,0,0,0,0,1,0,1,0
47519,0,0,0,0,1,0,1,1,1,1
47520,0,0,0,1,1,0,1,1,1,1
47601,0,0,0,0,1,1,1,1,1,0
47602,0,0,0,0,1,0,1,1,1,0
47603,0,0,0,0,1,0,0,1,1,0
47606,0,0,0,1,1,0,1,0,1,1
47607,0,1,0,0,0,0,1,0,1,0
47608,0,1,0,0,1,0,1,1,1,1
47609,0,1,0,0,1,0,1,0,1,1
47611,0,0,0,0,1,0,0,1,1,1
47612,0,0,0,0,0,1,1,1,1,1
47613,0,0,1,0,1,0,0,1,1,1
47614,0,1,0,0,1,0,1,1,1,1
47616,0,0,0,0,1,1,1,1,1,0
47617,0,0,0,0,1,1,1,1,1,1
47618,0,0,1,0,1,1,1,0,1,0
47620,0,0,0,0,1,1,1,0,1,0
47702,0,0,0,0,0,0,1,0,1,0
47703,0,0,0,0,0,0,1,0,1,0
47706,0,1,0,0,0,0,1,0,1,0
47707,0,0,0,0,0,0,0,0,1,0
47710,0,0,0,0,0,0,1,0,1,0
47711,0,0,0,0,0,0,1,0,1,0
47717,0,0,0,0,1,1,0,0,1,0
47719,0,0,0,0,0,1,1,0,1,0
47810,,0,0,0,0,0,1,0,1,0
47812,0,0,0,0,0,0,0,0,1,0
47813,0,0,0,0,0,0,0,0,1,0
47901,0,0,0,0,0,1,1,1,1,0
47909,0,0,1,0,1,1,1,0,1,0
47912,0,0,0,0,1,0,1,1,1,1
48001,,0,0,0,0,1,1,1,1,1
48002,0,0,0,0,0,1,1,0,1,0
48003,0,0,1,0,0,1,0,0,0,0
48004,0,0,1,0,1,0,1,1,1,1
48006,0,1,0,0,0,1,1,1,1,0
48007,0,0,0,1,1,1,0,0,1,0
48009,0,0,0,0,0,1,0,0,0,0
48011,0,0,0,1,1,0,1,1,1,0
48012,0,0,0,0,1,0,1,1,1,1
48013,0,0,0,0,1,0,0,0,1,0
48015,0,0,0,0,0,0,0,0,0,0
48016,0,0,0,0,1,0,1,0,1,0
48018,0,0,1,0,0,1,1,1,0,0
48101,0,0,0,0,0,0,0,0,1,0
48102,0,0,0,0,1,1,1,1,1,0
48103,0,0,1,0,1,0,1,1,1,0
48104,0,0,0,0,0,0,1,0,1,0
48105,0,1,0,0,0,0,0,1,1,0
48106,0,0,0,0,0,1,0,1,1,0
48108,0,0,0,0,1,1,1,1,1,1
48109,0,0,0,0,1,0,1,1,1,1
48110,1,0,0,0,1,1,1,1,0,0
48113,0,0,0,0,0,0,0,0,1,0
48114,0,0,1,1,0,1,1,1,1,0
48115,0,0,0,0,0,0,1,1,1,0
48118,0,0,1,0,0,1,1,1,0,0
48119,1,0,0,0,1,1,1,0,1,0
48120,0,0,0,0,0,1,0,0,0,0
48201,1,0,0,0,0,0,1,1,1,0
48202,0,1,0,0,1,1,1,1,1,0
48203,0,0,0,0,0,0,1,0,1,0
48204,0,0,1,0,0,0,0,1,1,0
48205,0,0,0,0,0,0,1,0,1,0
48206,0,0,0,0,1,0,1,1,1,0
48207,0,0,0,0,1,0,0,0,1,0
48208,0,0,0,0,0,0,0,0,1,0
48209,0,1,0,0,1,0,1,0,1,1
48210,0,0,0,0,0,0,1,0,1,0
48211,0,0,0,0,1,0,1,1,1,0
48212,0,0,1,0,1,0,1,1,1,0
48213,0,0,0,0,0,1,1,0,1,0
48215,0,1,0,0,1,0,0,0,1,1
48216,0,0,0,0,0,0,0,0,1,0
48217,0,0,0,0,0,0,1,1,1,1
48218,1,0,0,0,0,0,1,1,1,0
48219,0,0,0,0,1,0,1,1,1,1
48220,0,0,0,0,0,0,1,0,1,0
48302,0,0,0,0,0,0,0,0,1,0
48303,0,1,0,0,0,0,0,1,1,0
48305,0,0,0,0,0,0,0,0,0,0
48306,0,0,0,0,0,1,1,0,1,0
48307,1,0,0,0,0,1,1,1,1,0
48308,0,0,1,0,0,0,1,0,1,0
48309,0,0,0,0,1,0,1,1,1,1
48310,0,0,0,0,0,1,1,1,1,0
48311,0,0,0,0,0,0,1,0,1,0
48312,0,0,0,0,1,0,0,0,1,0
48313,,0,0,0,0,0,0,0,1,0
48314,0,0,0,0,1,1,1,0,1,0
48315,0,0,0,0,1,0,1,0,1,1
48317,0,0,0,0,1,0,1,1,1,0
48318,0,0,0,0,0,1,0,0,1,0
48319,0,0,0,0,1,1,1,1,1,1
48320,0,0,0,0,1,1,0,1,1,0
48401,0,0,0,0,0,1,1,0,1,0
48402,0,0,0,0,0,1,1,1,1,0
48405,0,0,0,0,0,1,1,1,1,0
48406,0,0,1,0,0,1,1,1,1,0
48407,0,0,0,0,0,0,1,0,1,0
48408,0,0,0,0,1,1,1,0,1,0
48409,0,0,0,0,1,1,1,0,1,1
48410,0,1,0,0,0,0,1,1,1,1
48411,0,1,0,0,1,1,1,0,1,1
48412,0,0,0,0,0,1,1,1,1,0
48413,0,0,0,0,0,1,1,0,1,0
48415,0,0,0,0,0,1,1,1,1,1
48417,0,0,0,0,1,1,1,1,1,1
48418,0,0,0,0,0,1,1,0,1,0
48419,0,1,0,,1,0,1,1,1,1
48420,0,0,0,0,0,0,1,1,1,1
48501,0,0,0,1,1,0,1,0,1,1
48503,0,0,0,0,0,0,1,1,1,0
48504,0,0,0,0,1,0,1,1,1,0
48505,0,0,0,0,0,0,1,0,1,1
48507,0,0,0,0,0,1,1,0,1,0
48508,0,0,0,0,0,1,1,0,1,1
48509,0,1,0,0,0,0,1,1,1,0
48510,0,0,0,0,1,1,1,0,1,0
48511,1,0,0,0,0,1,1,1,1,0
48512,0,0,0,0,0,0,0,0,1,0
48513,0,0,0,0,0,1,1,1,1,1
48514,1,0,0,0,0,0,1,1,1,0
48515,0,0,0,0,0,0,1,0,1,0
48516,0,0,0,0,0,1,0,1,1,0
48517,0,0,0,0,0,0,1,1,1,0
48518,0,0,0,0,0,1,0,1,1,0
48519,0,0,0,0,0,1,1,1,1,0
48520,0,0,0,0,0,1,1,0,1,0
48602,0,0,0,0,0,1,1,1,1,1
48603,0,1,0,0,0,0,1,1,1,0
48605,0,0,0,0,0,0,1,1,1,1
48606,0,0,0,0,1,1,0,0,1,1
48607,1,1,1,0,1,0,1,0,1,0
48609,0,0,0,0,0,1,1,1,0,0
48610,0,0,0,0,0,1,1,0,1,0
48611,0,0,0,0,0,1,1,0,1,0
48612,0,0,0,0,0,1,1,0,1,0
48614,0,1,0,0,1,0,1,1,1,1
48617,0,0,0,0,0,1,1,1,1,0
48619,0,1,0,0,0,0,1,0,1,0
48620,0,1,0,0,1,1,1,1,1,1
48703,0,0,0,0,1,1,1,1,1,1
48704,0,0,0,0,0,1,0,0,1,0
48705,0,1,0,0,0,1,1,0,1,0
48706,0,0,1,0,1,0,1,1,1,0
48707,0,0,1,0,0,1,1,1,1,1
48709,0,0,0,0,1,0,1,1,1,0
48710,0,0,0,0,0,1,1,1,1,0
48711,0,0,0,0,1,0,1,1,1,1
48713,0,0,0,0,0,0,1,0,1,0
48714,0,0,0,0,1,0,1,1,1,1
48715,0,0,0,0,1,1,1,1,1,0
48717,0,0,0,0,1,1,1,1,1,1
48718,0,0,0,0,1,1,0,1,1,0
48719,0,0,0,0,0,1,1,1,1,1
48801,0,0,0,0,0,0,1,1,1,0
48802,0,1,0,0,0,0,1,0,1,0
48804,0,0,0,0,0,1,0,0,1,0
48806,0,0,0,0,0,0,1,0,1,0
48808,1,0,0,0,0,1,1,1,1,1
48809,0,0,0,0,0,1,1,1,1,0
48810,0,0,0,0,0,1,1,0,1,0
48811,0,1,0,0,0,0,0,0,1,0
48812,0,0,0,0,0,1,1,1,1,0
48813,0,1,0,0,0,1,0,1,1,0
48814,0,0,0,0,0,1,0,1,0,0
48815,0,0,0,0,0,1,1,1,1,0
48816,0,1,0,0,1,0,1,1,1,1
48817,0,0,0,0,1,0,1,0,1,0
48819,0,0,0,0,0,1,1,0,1,0
48820,0,0,0,0,1,1,0,1,1,0
48901,0,0,0,0,1,0,1,1,1,1
48902,0,1,0,0,1,0,1,1,1,1
48903,0,0,0,0,0,1,0,0,1,1
48904,,1,0,0,0,1,1,1,1,0
48906,0,0,0,0,0,0,1,1,1,1
48907,0,0,0,0,0,0,1,1,1,1
48908,0,0,0,0,0,1,1,1,1,0
48909,0,0,0,0,1,0,1,1,1,1
48910,0,0,0,0,1,0,1,1,1,0
48911,0,0,0,0,0,1,1,1,1,1
48912,0,0,0,0,0,0,0,0,1,0
48913,0,0,0,1,0,1,1,1,1,0
48914,0,0,0,0,0,1,1,1,1,0
48915,0,0,0,0,0,1,1,1,1,0
48917,0,0,0,0,0,1,1,1,1,0
48918,0,0,0,0,0,1,1,0,1,0
48919,0,0,0,0,0,1,0,1,1,1
49003,0,1,0,0,0,1,1,1,1,0
49004,0,0,0,0,0,1,1,1,1,0
49005,0,0,0,0,1,1,1,0,1,0
49007,0,0,1,0,0,1,1,0,1,0
49008,0,0,0,0,0,0,1,0,1,0
49009,0,0,0,0,0,1,1,0,1,0
49010,0,0,0,0,1,1,1,1,1,0
49011,1,0,0,0,0,1,0,0,1,0
49012,0,1,0,0,0,1,1,0,1,0
49013,0,0,0,0,0,1,1,0,1,0
49014,0,0,0,0,0,0,0,0,1,0
49015,1,0,0,0,0,1,1,1,1,0
49017,0,0,0,0,0,1,1,1,1,0
49018,0,0,0,0,1,1,1,1,1,0
49019,0,0,0,0,0,1,1,1,1,0
49101,0,0,0,0,0,0,0,0,1,1
49102,0,0,0,1,0,1,0,1,1,1
49103,0,1,1,0,0,0,1,1,1,0
49104,0,0,0,1,1,0,1,1,1,1
49106,1,0,0,0,0,0,1,1,1,0
49107,0,0,0,0,0,0,1,1,1,0
49108,0,1,0,0,1,0,1,1,1,0
49109,0,0,0,0,0,0,1,0,1,1
49110,0,0,0,0,0,1,1,1,1,0
49111,0,0,0,0,0,0,1,1,1,1
49112,0,,0,0,1,0,1,1,1,1
49113,0,0,0,0,0,0,0,1,1,1
49114,0,0,0,0,0,0,1,0,1,0
49115,,0,0,0,0,0,1,1,1,0
49116,0,0,0,1,0,0,1,1,1,1
49117,,1,0,0,0,0,0,0,1,0
49118,0,0,0,0,0,0,0,0,1,0
49119,0,0,0,0,0,0,1,1,1,1
49120,0,0,0,0,0,1,1,0,1,0
49202,0,0,0,0,0,1,1,0,1,1
49203,0,0,0,0,0,0,0,0,1,0
49204,0,0,0,0,0,1,1,0,1,0
49205,0,0,0,0,0,1,1,0,1,0
49206,0,0,0,0,0,0,1,0,1,0
49207,1,0,0,0,0,0,0,0,1,0
49208,0,0,0,0,0,0,1,0,0,0
49209,,,0,0,0,0,0,0,1,1
49211,0,1,0,0,1,1,1,0,1,1
49212,0,0,0,0,0,0,1,0,1,0
49213,0,1,0,0,0,0,1,0,1,0
49214,,0,0,0,0,0,0,0,1,0
49215,0,1,0,0,1,0,1,0,1,0
49216,0,0,0,0,0,0,0,0,1,1
49217,0,0,0,1,1,1,1,0,1,1
49218,0,1,0,0,0,0,0,0,1,0
49220,0,0,0,1,1,1,1,1,1,1
49301,0,0,0,0,1,0,1,1,1,1
49302,0,0,0,0,0,0,1,1,1,1
49305,0,0,0,0,0,0,1,1,1,1
49308,0,0,0,0,1,1,1,1,1,0
49309,0,0,0,0,0,0,1,0,1,0
49311,0,0,0,0,0,1,1,0,1,0
49312,0,1,0,0,1,1,1,0,1,0
49313,0,0,0,0,0,1,0,0,1,0
49315,1,0,0,0,1,1,1,1,1,1
49316,0,0,0,0,1,1,1,0,1,0
49317,0,0,0,0,0,1,1,0,1,0
49318,0,0,0,0,0,0,1,1,1,0
49319,0,0,0,0,0,0,0,0,1,0
49320,1,1,0,0,1,0,1,1,1,0
49401,0,0,0,0,0,1,1,0,1,0
49402,0,0,0,0,0,0,0,0,1,0
49403,0,0,0,0,1,0,0,0,1,0
49404,0,0,0,0,0,1,1,0,1,0
49405,0,0,0,0,0,1,1,0,1,0
49406,0,0,0,0,0,1,1,0,1,0
49407,0,0,0,0,0,1,0,0,1,0
49409,0,,0,0,0,0,0,0,1,0
49412,0,0,0,0,0,0,1,0,1,0
49413,0,0,0,0,0,1,1,1,1,0
49414,0,0,0,0,0,0,1,0,1,1
49417,0,0,0,0,1,1,1,0,1,1
49418,0,0,0,0,0,0,0,0,1,0
49419,0,0,0,0,0,0,0,0,1,1
49420,0,0,0,0,1,0,1,0,1,1
49501,0,0,0,0,0,0,1,0,1,0
49502,0,0,0,0,0,0,1,0,1,0
49503,0,0,0,0,0,0,0,0,1,0
49504,0,1,0,0,0,0,1,1,1,0
49505,0,0,0,0,0,0,1,0,1,0
49506,1,1,1,0,0,1,1,1,1,0
49508,0,0,0,0,0,0,0,0,1,1
49510,0,0,0,0,1,1,1,0,1,0
49512,0,1,0,0,1,1,1,1,1,1
49513,0,0,1,0,1,0,1,1,0,0
49516,0,0,0,0,0,0,1,0,1,0
49518,0,0,0,0,1,1,1,1,1,1
49519,1,0,0,0,1,1,1,1,0,1
49520,0,0,0,0,1,1,1,1,1,0
49601,0,0,0,0,1,0,1,1,1,1
49602,0,1,0,0,0,1,1,0,1,0
49605,0,0,0,0,1,1,1,1,1,1
49606,0,0,0,0,0,0,0,0,1,0
49607,0,0,0,0,0,0,1,0,1,0
49608,0,0,0,0,1,1,1,0,1,0
49609,0,0,0,0,1,1,1,0,1,1
49611,0,0,0,0,1,1,1,1,1,0
49612,0,0,0,0,0,1,1,1,1,0
49613,0,0,0,0,0,0,1,1,1,1
49614,0,1,0,0,0,0,1,0,1,0
49615,0,0,0,0,0,0,1,1,1,1
49616,0,0,0,0,1,0,1,0,1,0
49617,0,0,0,0,1,1,1,1,1,0
49619,0,0,0,0,1,0,1,0,1,0
49701,0,0,0,0,0,0,1,1,1,1
49702,0,0,0,0,0,0,1,0,1,0
49703,0,0,0,0,1,0,1,1,1,1
49704,0,0,0,0,0,0,1,1,1,1
49705,0,0,0,0,1,1,1,1,1,0
49707,0,0,0,0,0,1,1,0,1,0
49709,0,0,0,0,0,1,1,1,1,0
49710,0,1,0,0,1,1,1,1,1,0
49711,0,0,0,0,1,0,0,1,1,1
49712,0,0,0,0,0,1,1,0,1,0
49713,0,0,0,0,0,0,1,1,1,1
49714,0,1,0,0,0,0,1,1,1,1
49715,0,0,0,0,1,0,1,0,1,0
49716,0,0,0,1,1,0,1,1,1,0
49718,0,0,0,0,0,0,1,0,1,0
49720,1,0,0,0,0,0,0,0,1,0
49802,0,0,1,0,1,1,1,0,1,0
49803,0,0,0,0,0,0,0,0,1,0
49804,,0,0,0,0,0,0,0,0,0
49805,0,0,0,0,1,0,1,1,0,1
49806,0,0,0,0,1,0,1,0,1,1
49807,0,0,0,0,1,0,1,1,1,0
49808,0,0,0,0,1,1,1,1,1,0
49809,1,0,0,0,1,1,1,1,1,1
49810,0,0,0,0,1,0,1,1,1,0
49812,0,0,0,1,1,1,1,1,1,1
49813,,0,0,0,0,1,1,1,1,0
49815,0,0,0,0,1,0,1,1,1,1
49816,0,1,0,0,1,1,1,1,1,0
49817,0,0,0,0,0,1,1,1,1,0
49818,1,,1,0,1,1,1,1,1,1
49819,0,0,0,0,0,0,1,1,1,0
49901,0,0,0,0,0,0,1,1,1,0
49903,0,0,1,0,1,1,1,1,1,1
49904,0,0,1,0,1,0,1,1,1,1
49905,0,0,0,0,1,1,0,1,1,1
49906,0,1,0,0,1,0,1,1,1,0
49907,0,0,0,0,1,0,1,1,1,1
49908,0,0,0,0,1,0,1,1,1,0
49909,0,0,0,0,0,0,1,1,1,0
49910,0,0,0,0,1,0,1,1,1,1
49911,0,0,0,0,0,0,1,1,1,0
49912,0,1,0,0,0,1,0,0,1,0
49913,0,0,0,0,1,0,1,1,1,1
49914,0,0,0,0,0,0,1,1,1,0
49915,0,0,0,0,1,1,1,1,1,1
49916,0,1,0,0,0,1,0,0,1,0
49918,0,0,0,0,1,0,0,0,1,1
49919,0,0,0,0,0,1,1,0,1,0
49920,0,1,0,0,1,0,1,1,1,1
50001,0,0,0,0,1,0,1,1,1,1
50002,0,0,0,0,0,0,1,0,1,0
50003,0,,0,0,0,1,1,0,1,0
50004,0,0,0,0,0,0,0,1,1,0
50006,0,0,0,0,1,0,1,1,1,0
50007,0,0,0,0,1,0,1,1,1,0
50008,0,1,0,0,0,0,1,1,1,0
50010,0,0,0,0,1,0,0,1,1,0
50012,0,0,0,0,1,1,1,1,1,1
50013,0,0,0,0,0,0,0,0,1,0
50014,0,0,0,0,0,1,1,0,1,0
50015,0,,0,0,0,0,1,1,1,0
50017,0,0,0,0,0,0,1,1,1,1
50019,0,0,0,0,0,0,1,1,1,1
50020,0,0,0,0,0,1,1,1,1,0
50101,0,0,0,0,0,1,0,0,1,0
50102,0,1,0,0,1,0,1,1,1,1
50103,1,1,0,0,0,0,1,0,1,0
50105,0,1,0,0,1,0,1,1,1,1
50106,0,0,0,0,0,0,1,0,1,0
50108,0,0,0,0,0,0,0,0,1,0
50109,0,1,1,1,1,0,1,0,1,1
50110,1,0,0,0,1,0,1,1,1,1
50111,0,0,0,0,0,0,0,0,1,0
50112,0,0,0,0,1,1,1,1,1,1
50113,0,0,1,0,0,1,0,1,1,0
50114,1,0,0,0,0,0,0,0,1,0
50116,0,0,0,0,1,1,1,0,1,0
50117,0,0,0,0,1,0,1,1,1,0
50118,0,,1,0,1,1,1,1,1,0
50119,0,0,0,0,1,1,1,1,1,1
50120,0,1,0,0,0,1,1,0,1,0
50201,0,0,0,0,0,1,0,0,1,0
50202,0,0,0,0,0,0,1,1,0,0
50203,0,0,0,0,0,0,1,1,1,0
50204,0,0,0,0,0,0,1,0,1,0
50205,0,,0,0,0,0,1,1,1,1
50206,0,0,0,1,1,0,1,1,1,1
50207,0,0,0,0,0,0,1,1,1,0
50208,0,0,0,0,0,0,0,1,1,0
50209,0,1,0,0,1,0,1,1,1,0
50211,0,1,1,0,0,1,1,0,1,0
50212,0,1,0,0,1,1,1,1,1,0
50213,0,0,0,0,0,1,0,0,1,0
50214,0,0,0,0,0,0,1,0,1,0
50215,0,0,0,0,1,1,1,1,1,1
50216,0,0,0,0,1,1,1,1,1,0
50217,0,0,0,0,1,1,1,1,1,0
50218,0,0,0,0,0,0,1,0,1,1
50219,0,0,0,0,0,1,1,1,1,1
50220,0,0,0,0,1,1,1,1,1,1
50302,,,0,0,1,1,1,0,1,1
50303,0,0,0,0,0,0,1,1,1,1
50304,0,0,0,0,0,1,1,1,1,1
50306,,0,1,0,1,0,0,1,1,1
50307,0,0,0,0,1,1,1,0,1,1
50308,0,0,0,0,1,1,1,1,1,0
50309,0,0,0,0,0,1,0,0,1,0
50310,0,1,0,0,1,1,1,1,1,1
50312,0,0,0,0,0,1,1,0,1,0
50313,0,0,0,1,1,0,0,1,1,1
50314,0,0,0,0,1,1,1,0,1,0
50316,,0,0,0,0,1,1,0,1,0
50317,0,0,0,0,0,1,1,1,1,0
50318,0,1,0,0,1,0,1,1,1,0
50319,0,,0,0,0,1,1,0,1,0
50401,1,0,0,0,1,0,1,1,1,1
50402,0,0,0,0,1,1,1,0,1,1
50404,0,0,0,0,0,1,1,1,1,0
50405,1,0,0,1,0,1,1,1,1,1
50407,0,1,0,0,0,1,1,1,1,1
50408,0,0,0,0,0,1,0,0,1,0
50409,0,0,0,0,0,0,0,0,1,0
50410,0,0,0,0,1,1,0,0,1,0
50411,0,0,0,0,0,1,1,1,1,0
50412,0,0,0,0,0,1,0,1,1,0
50414,0,0,0,0,0,0,0,0,1,0
50417,0,0,1,0,1,1,1,1,1,1
50418,0,0,0,0,0,0,0,0,1,0
50419,0,0,0,0,0,0,0,1,1,0
50420,0,0,0,0,0,0,1,1,1,0
50503,0,0,1,0,1,0,1,1,1,1
50505,0,0,1,0,0,0,0,1,1,0
50506,0,0,0,0,0,1,0,1,0,0
50507,0,0,0,0,0,1,0,1,0,0
50508,0,0,0,0,0,0,1,1,1,0
50509,0,0,0,0,0,1,1,0,1,0
50510,0,0,0,0,1,0,0,1,1,1
50513,0,0,0,0,1,1,1,0,1,0
50514,0,1,0,0,0,1,1,1,1,0
50516,0,,0,0,0,1,1,1,1,1
50517,0,0,1,0,0,1,1,0,0,0
50518,0,1,0,0,0,1,1,1,0,0
50601,0,0,1,0,0,0,0,1,1,0
50602,0,1,0,0,0,1,0,0,0,0
50604,0,0,0,0,0,0,0,0,1,0
50606,0,0,0,0,0,0,0,0,1,0
50608,0,0,0,0,0,1,0,1,1,0
50610,0,0,0,0,0,1,0,0,1,0
50612,0,0,0,0,1,0,0,1,1,0
50618,0,1,0,0,0,0,0,1,0,0
50620,0,0,0,0,1,0,0,0,1,1
50701,1,0,0,0,0,1,1,1,1,1
50702,0,0,0,1,0,1,1,1,1,1
50703,0,1,0,0,0,1,1,1,1,1
50704,0,0,0,0,0,1,1,0,1,0
50705,0,0,0,0,0,1,1,1,1,1
50706,0,0,0,0,0,1,1,1,1,0
50707,0,0,0,0,1,1,1,1,1,0
50708,0,0,1,0,0,1,1,1,1,0
50709,0,0,0,0,0,0,1,0,1,0
50710,0,0,0,0,0,0,0,0,1,0
50711,0,0,0,0,0,1,1,1,1,0
50712,0,1,0,0,0,0,1,0,1,0
50713,0,0,0,0,1,1,1,0,1,0
50714,0,0,0,0,0,1,1,0,1,0
50715,0,0,0,0,1,1,1,0,1,0
50716,0,0,0,0,1,1,0,0,1,1
50718,0,0,0,0,0,0,1,1,1,0
50719,1,1,0,0,1,1,1,1,1,1
50720,0,1,0,0,0,0,1,1,1,0
50803,0,0,0,0,1,0,1,0,1,0
50804,0,0,0,0,0,1,1,0,1,0
50805,0,1,0,0,0,0,1,0,1,0
50806,0,1,0,0,0,1,0,1,1,1
50807,0,0,0,0,0,1,0,0,1,0
50808,0,0,0,0,0,1,1,1,1,0
50810,0,1,0,0,0,1,1,1,1,0
50811,1,0,0,0,1,0,1,1,1,1
50813,0,1,0,0,0,1,1,1,1,0
50814,0,1,0,0,0,0,0,0,1,0
50815,0,1,0,0,0,1,1,1,1,0
50816,0,1,0,0,0,0,1,0,1,0
50817,0,0,0,0,0,1,1,0,1,0
50819,0,1,0,0,0,1,1,1,1,0
50901,0,0,0,1,1,0,1,1,1,1
50902,0,0,0,0,0,0,1,1,1,0
50903,0,1,0,0,0,0,1,1,1,0
50905,0,0,0,1,1,0,1,1,1,0
50906,0,,0,0,0,0,1,0,1,0
50907,0,0,0,0,1,1,0,1,1,1
50908,0,0,1,0,0,0,0,0,1,0
50909,0,1,0,0,0,1,1,1,1,0
50914,0,0,0,0,0,0,1,0,1,0
50916,0,1,0,0,0,1,1,1,1,0
50919,0,1,0,0,1,0,1,1,1,1
50920,0,0,0,0,0,0,1,0,1,0
51001,0,1,0,0,0,1,1,1,1,0
51002,0,0,0,0,0,1,0,1,1,0
51003,0,0,0,0,0,1,0,1,1,0
51006,0,0,0,0,1,1,1,1,1,1
51008,0,0,0,0,1,1,1,1,1,1
51010,0,0,0,0,1,0,1,0,1,0
51011,0,0,0,0,0,0,1,1,0,0
51012,1,1,0,0,0,0,1,1,1,0
51014,0,0,0,0,0,0,1,1,1,0
51015,0,0,0,0,0,0,1,1,1,0
51017,0,0,0,0,1,0,1,1,1,0
51018,0,0,0,0,1,0,1,1,1,1
51020,0,0,0,0,0,0,0,0,1,0
51101,,0,0,0,0,0,0,0,1,0
51104,0,0,0,0,0,0,0,1,1,0
51105,0,0,0,0,0,0,1,0,1,0
51108,,0,0,0,0,0,1,1,1,0
51109,0,0,0,1,1,0,1,1,1,1
51111,0,,0,0,0,0,1,0,1,0
51117,0,0,0,0,0,0,0,0,1,0
51118,0,,0,0,0,0,0,0,1,1
51120,,0,0,0,0,0,0,0,1,0
51201,0,0,0,0,0,1,0,0,1,0
51203,0,0,0,0,0,1,0,1,1,0
51204,0,1,0,1,1,0,1,1,1,0
51205,0,0,0,0,1,0,1,1,1,1
51207,0,0,0,0,0,0,0,1,1,0
51208,0,0,0,0,0,0,1,1,1,0
51210,0,1,0,0,0,1,0,1,1,0
51211,0,0,0,0,0,0,1,0,1,0
51212,0,0,0,0,0,1,1,0,1,0
51213,0,0,0,1,1,1,1,1,1,1
51214,0,0,0,1,1,1,0,1,1,1
51215,0,0,1,0,0,0,1,0,1,0
51217,0,0,0,0,0,0,1,0,1,0
51218,0,0,0,0,0,0,0,0,1,0
51219,0,0,0,0,0,0,0,0,0,0
51220,0,0,0,0,1,0,1,1,1,0
51302,0,0,0,0,1,0,1,1,1,1
51303,0,0,0,0,1,0,1,1,1,1
51305,0,0,0,0,1,1,1,1,1,0
51308,,0,0,0,1,1,1,1,1,1
51309,0,1,0,0,1,1,1,1,1,0
51310,0,0,0,0,1,1,1,1,1,0
51311,0,1,0,0,1,0,1,1,1,0
51313,0,0,0,0,0,0,1,1,0,0
51315,0,0,0,0,0,1,0,0,1,0
51316,0,0,0,0,1,0,1,0,1,1
51317,0,1,0,0,1,1,1,1,1,0
51318,0,0,0,0,0,0,1,1,1,1
51319,0,1,0,1,0,0,1,1,0,1
51320,1,0,0,0,1,1,1,0,1,0
51401,0,0,0,0,1,1,1,1,1,0
51402,0,0,0,0,0,0,0,1,1,0
51403,0,0,0,1,0,1,1,1,1,0
51404,0,0,0,0,1,0,1,1,1,0
51405,0,1,0,0,1,1,1,1,1,1
51406,0,0,0,1,0,0,0,0,1,0
51407,0,0,0,1,1,1,1,0,1,0
51408,0,0,0,0,1,0,1,0,1,0
51409,0,0,0,0,1,0,1,1,1,1
51410,0,0,0,1,1,1,1,1,1,1
51411,0,0,0,0,1,0,1,1,1,1
51412,0,0,0,0,1,0,1,1,1,1
51413,0,1,0,0,1,0,1,0,1,1
51414,0,1,1,0,1,0,1,1,1,0
51415,0,0,0,0,0,1,1,1,1,1
51416,0,0,1,0,1,0,1,0,1,0
51417,0,0,0,0,1,0,1,1,1,0
51418,0,0,0,0,0,0,1,0,1,0
51419,0,0,0,0,1,0,1,0,1,1
51420,0,0,0,0,1,0,1,1,1,0
51501,0,0,0,0,0,1,0,0,1,0
51502,0,0,0,0,1,0,1,1,1,1
51503,,,0,0,0,0,0,0,1,0
51505,0,0,0,0,1,0,1,1,1,1
51506,0,0,0,0,1,0,1,0,1,0
51507,0,0,0,0,0,0,1,0,1,0
51508,0,0,0,0,1,1,1,1,1,1
51509,0,0,0,0,0,0,1,0,0,1
51510,0,0,0,0,1,1,1,1,1,1
51512,0,0,0,0,0,0,1,0,1,1
51513,0,0,0,0,0,0,1,1,1,0
51515,0,0,0,0,0,1,1,1,1,0
51516,0,0,0,0,0,0,1,1,1,0
51518,0,0,0,0,0,0,1,0,1,0
51519,0,0,0,0,0,0,1,1,1,1
51520,0,0,0,0,0,0,1,0,1,0
51601,0,0,0,0,0,1,0,0,1,0
51602,0,0,0,0,0,0,1,1,0,1
51603,0,0,0,0,1,1,1,1,1,0
51604,0,0,0,0,1,1,1,1,1,1
51606,0,0,0,0,1,1,1,0,1,0
51607,0,0,0,0,1,0,0,1,1,0
51608,0,0,0,0,1,1,1,0,1,0
51610,0,0,0,0,1,1,1,0,1,1
51611,0,0,0,0,0,0,1,1,1,0
51612,0,0,0,0,0,1,1,1,1,0
51613,0,1,0,0,0,1,1,0,1,1
51614,0,0,0,0,0,0,1,1,1,0
51616,0,0,0,0,1,1,1,1,1,1
51617,0,0,0,0,0,0,1,1,0,0
51618,0,0,0,0,0,0,1,0,1,0
51619,0,1,0,0,0,1,1,0,1,0
51620,0,0,0,0,0,0,0,0,1,0
51701,0,0,0,0,1,0,1,1,1,1
51702,0,0,0,0,0,0,0,0,1,0
51703,0,0,0,0,0,1,1,1,0,0
51704,0,0,0,1,,0,1,1,1,0
51705,0,0,0,0,0,1,1,1,1,0
51706,0,0,0,0,0,0,0,1,1,1
51707,0,0,0,0,0,1,0,0,0,0
51709,0,0,0,0,0,0,1,1,1,0
51711,0,0,0,0,1,1,1,1,1,1
51712,1,0,0,0,1,0,0,1,1,0
51714,0,0,0,0,1,0,0,1,1,0
51715,0,0,0,0,1,0,0,0,1,1
51716,0,0,0,0,1,0,1,1,1,1
51717,0,0,0,0,1,0,1,1,1,1
51718,0,0,0,0,1,1,1,0,1,1
51720,0,0,0,0,1,1,1,1,1,0
51801,0,0,0,0,0,0,1,0,1,0
51802,0,0,0,0,1,0,1,1,1,1
51803,0,0,0,1,0,0,1,0,1,1
51804,0,1,1,0,0,1,1,1,1,1
51805,1,0,0,0,0,1,1,0,1,0
51806,,,0,0,1,1,1,1,1,0
51807,0,0,0,0,0,0,1,1,1,0
51808,1,0,0,0,1,1,1,1,1,0
51809,0,0,0,0,0,0,1,1,1,0
51810,0,0,0,0,1,0,1,1,1,1
51811,0,1,0,0,0,1,1,1,1,0
51812,,,0,0,0,0,1,1,1,0
51813,0,0,0,0,0,1,1,1,1,0
51814,,0,0,0,0,1,1,1,1,0
51815,0,0,0,0,1,1,1,0,1,0
51816,0,0,0,0,1,0,1,1,1,0
51817,0,0,0,0,0,1,1,0,1,0
51818,,,0,0,0,0,1,0,1,0
51819,0,1,0,0,1,1,1,1,1,1
51820,0,0,0,0,1,0,1,1,1,0
51901,0,0,0,0,0,0,0,0,1,0
51902,0,0,1,0,1,0,1,1,1,0
51903,0,0,0,0,0,0,0,0,1,0
51905,0,1,0,0,1,1,1,1,1,1
51906,0,0,0,0,0,0,1,0,1,0
51907,0,0,0,0,1,0,1,0,1,1
51909,0,0,0,0,1,1,1,1,1,1
51910,0,0,0,0,1,0,1,1,1,1
51911,0,1,0,0,1,1,0,1,1,0
51912,0,1,0,1,1,0,1,1,1,1
51913,0,0,0,0,1,1,1,1,1,0
51914,0,1,0,0,0,0,1,0,1,0
51915,0,,0,0,1,0,1,1,1,1
51917,0,0,0,0,0,0,0,0,1,0
51918,0,0,1,0,1,0,1,1,1,1
51919,0,0,0,0,0,1,1,1,1,0
51920,0,0,0,0,1,0,1,0,1,0
52001,,0,0,0,0,0,0,0,1,0
52002,0,0,0,0,0,0,0,0,1,0
52003,0,0,0,0,0,0,1,0,1,1
52004,0,0,0,0,0,0,0,0,1,0
52005,0,0,0,0,1,0,0,0,1,0
52006,1,0,0,0,0,0,1,0,0,0
52007,0,0,0,0,1,0,1,0,1,0
52008,0,0,0,1,1,0,1,1,1,1
52010,0,0,0,0,1,1,1,1,1,1
52011,0,0,0,0,1,1,1,1,1,0
52012,0,0,0,0,1,0,1,0,1,0
52013,1,1,0,0,0,0,1,1,1,0
52014,0,0,0,0,0,0,0,0,1,0
52016,0,0,0,0,0,0,0,0,1,0
52017,0,0,0,0,1,0,1,1,1,0
52018,0,0,0,0,0,0,0,0,1,0
52020,0,1,0,0,0,0,0,0,1,0
52101,0,0,0,0,1,0,0,1,1,1
52103,0,0,0,0,0,0,1,1,1,0
52104,0,0,0,0,0,0,1,1,1,1
52105,0,1,0,0,1,0,1,1,1,1
52106,0,0,0,0,1,0,1,1,1,0
52107,0,0,0,0,0,0,1,0,1,0
52108,0,0,0,0,0,0,1,0,1,0
52109,,,0,0,0,1,1,1,1,1
52110,0,1,0,0,0,0,1,1,1,0
52111,1,1,0,0,1,0,1,1,1,1
52301,0,0,0,0,1,1,1,1,1,1
52303,0,1,0,0,0,1,1,0,1,0
52304,0,1,0,0,0,1,0,0,1,0
52305,0,0,0,0,1,1,1,1,1,1
52307,0,1,0,0,1,1,1,1,1,0
52309,0,1,0,0,1,1,1,1,1,0
52310,0,,0,0,0,0,1,0,1,0
52311,0,0,0,0,0,1,0,0,1,0
52312,0,0,1,0,1,1,1,0,1,0
52315,0,1,0,0,1,1,1,1,1,1
52316,0,0,0,0,1,0,1,1,1,1
52317,0,0,0,0,0,0,1,0,1,0
52319,0,0,0,0,1,1,1,1,1,0
52320,0,0,1,0,1,0,1,1,1,0
52402,0,0,0,0,0,0,1,1,1,0
52404,0,0,0,0,1,1,1,0,1,0
52406,0,0,0,0,0,1,0,0,1,0
52407,0,0,0,0,0,1,1,0,1,0
52409,0,0,0,0,0,1,1,0,1,0
52412,0,0,0,0,0,1,1,0,1,0
52414,0,0,0,1,1,0,1,1,1,1
52415,0,0,0,0,0,1,1,1,1,1
52416,0,0,0,0,1,0,1,1,1,0
52417,0,0,0,0,0,1,1,1,1,0
52418,0,0,0,0,0,0,0,0,1,0
52419,0,0,0,0,0,1,1,0,1,0
52420,0,1,0,0,1,1,1,0,1,0
52501,0,0,0,0,0,0,0,0,1,0
52503,0,0,0,0,0,1,0,0,1,0
52504,0,0,0,0,0,1,1,0,1,0
52505,0,0,0,0,1,1,1,1,1,0
52506,0,0,0,0,1,1,1,1,1,1
52507,0,0,0,0,0,1,1,0,1,0
52508,0,0,1,0,1,1,0,1,1,1
52509,,0,0,0,0,1,0,0,1,0
52510,0,0,0,0,0,1,1,0,1,0
52511,0,0,0,0,0,1,0,0,1,0
52512,0,0,0,0,0,1,1,1,1,0
52513,0,1,0,0,0,0,1,0,1,0
52514,0,0,0,0,1,1,1,1,1,0
52515,0,0,0,0,1,0,1,1,1,1
52517,0,1,0,0,1,1,1,0,1,1
52518,0,0,0,0,0,0,0,0,1,0
52519,0,0,0,0,0,1,1,1,1,0
52601,0,0,0,0,0,0,1,0,1,0
52602,0,0,0,0,1,0,1,0,1,0
52603,0,0,0,0,1,1,0,1,1,1
52604,0,0,0,0,0,1,1,0,1,0
52605,0,0,0,0,0,1,1,1,1,0
52607,0,0,0,0,0,1,0,0,1,0
52608,0,0,0,0,0,1,1,1,1,0
52609,0,0,0,0,0,1,1,0,1,0
52610,0,0,0,0,0,0,0,0,1,0
52611,0,1,0,0,1,1,1,1,1,1
52612,0,0,0,0,1,1,1,1,1,0
52613,0,0,0,0,0,1,1,1,1,0
52614,0,0,0,0,0,1,1,0,1,0
52615,0,1,0,0,0,1,0,0,1,0
52617,0,0,1,0,0,1,1,0,1,0
52618,0,0,0,0,1,1,1,1,1,1
52619,0,1,0,0,0,1,0,1,1,1
52620,0,1,0,0,0,1,0,0,1,0
52701,0,1,0,0,0,1,1,0,1,0
52703,0,0,0,0,1,1,1,1,1,1
52704,0,0,0,0,1,1,1,1,1,0
52705,0,0,0,0,1,0,1,1,1,0
52709,,0,0,0,1,1,1,1,1,1
52712,1,0,0,0,0,0,1,1,1,0
52713,0,0,0,0,0,0,0,1,1,0
52715,0,0,0,0,1,0,0,1,1,1
52717,0,1,0,0,0,0,1,0,1,0
52718,0,0,0,0,0,1,1,1,1,0
52719,0,0,0,0,0,1,1,1,1,1
52720,0,0,0,0,1,1,1,1,1,1
52803,0,0,0,0,0,1,1,1,1,0
52804,0,0,0,0,0,1,1,1,1,1
52805,0,1,0,0,1,0,1,1,1,0
52806,0,0,1,0,0,1,1,0,1,0
52808,0,0,0,0,1,1,1,0,1,0
52809,0,1,0,0,0,0,1,0,1,0
52810,0,0,0,0,0,0,1,1,1,1
52811,0,0,0,0,0,0,0,0,1,0
52814,0,0,0,0,1,1,1,1,1,1
52815,0,0,0,0,1,0,1,1,1,0
52816,0,0,0,0,1,1,0,1,1,0
52817,0,0,0,1,0,1,1,1,1,0
52818,,,1,0,1,1,1,1,1,1
52901,0,0,0,0,0,1,0,0,1,0
52903,0,0,1,0,1,1,1,1,1,0
52904,0,1,0,0,0,0,1,0,1,0
52905,0,1,0,0,0,1,0,0,1,0
52906,0,0,0,0,1,0,1,1,1,1
52908,0,0,0,0,1,1,1,1,1,0
52909,0,0,0,0,1,0,1,1,1,1
52910,0,1,0,0,0,1,1,0,1,0
52912,0,0,0,0,0,1,1,1,1,0
52913,0,0,0,0,0,1,1,0,1,0
52914,0,1,0,0,0,1,1,1,1,0
52917,0,0,0,0,0,0,1,0,1,0
52919,0,0,0,0,0,0,1,1,1,0
52920,0,0,0,0,0,1,1,0,1,0
53001,0,0,1,0,1,0,1,1,1,1
53002,0,1,0,0,1,0,1,1,1,1
53007,1,0,0,0,1,0,1,1,1,0
53009,0,0,0,0,1,0,1,0,1,1
53010,0,0,0,0,1,0,0,1,1,1
53011,0,0,0,0,1,0,1,1,1,1
53012,0,0,0,0,1,0,1,1,1,1
53013,0,1,0,1,1,0,0,1,1,1
53014,0,1,0,0,1,1,1,1,1,1
53015,0,0,0,0,0,0,1,0,1,0
53016,0,0,0,0,0,0,1,1,1,1
53017,0,1,0,0,1,1,1,1,1,1
53018,0,0,0,0,1,0,1,1,1,1
53019,0,0,0,0,0,1,1,0,1,0
53020,1,1,0,1,0,0,1,1,1,1
53101,0,0,0,0,0,0,1,0,1,0
53102,,0,0,0,0,0,1,1,1,1
53103,0,1,0,0,0,1,0,0,1,1
53104,0,0,0,0,0,1,1,0,1,0
53105,0,0,0,0,0,1,1,1,1,1
53106,0,0,0,0,1,1,0,0,1,0
53107,0,0,1,0,0,1,1,1,1,1
53108,0,0,0,0,1,0,1,1,1,1
53109,1,0,0,0,1,1,1,1,1,0
53110,,0,0,0,1,1,1,0,1,0
53111,0,0,0,0,1,1,1,1,1,1
53112,,0,0,0,0,0,1,1,1,1
53113,0,0,0,0,0,1,1,0,1,0
53116,0,0,0,0,0,0,1,0,1,0
53117,0,0,0,0,0,0,1,0,1,0
53201,0,,0,0,0,0,1,0,1,0
53202,0,0,0,0,1,1,1,1,1,0
53203,0,0,0,0,0,1,1,0,1,0
53204,0,0,0,1,1,0,1,1,1,1
53205,0,0,0,0,0,0,1,1,1,1
53206,0,0,0,0,0,1,1,0,1,0
53208,0,0,0,1,1,0,1,1,1,1
53209,0,1,0,0,1,0,1,1,1,1
53210,,0,0,0,0,0,0,1,1,0
53211,0,0,0,0,0,0,1,0,1,0
53212,0,1,0,0,0,0,1,0,1,0
53213,0,1,0,0,0,1,1,1,1,1
53214,0,0,0,0,0,0,0,0,1,0
53215,0,0,0,0,1,0,1,1,1,0
53216,0,,0,1,0,0,1,1,1,1
53217,1,1,0,0,1,0,1,1,1,1
53218,1,0,0,0,0,1,1,1,1,1
53219,0,0,0,1,1,0,1,1,1,1
53220,0,1,0,0,1,0,1,0,1,1
53301,0,0,0,0,0,1,1,1,1,0
53302,0,0,0,0,0,0,1,0,1,0
53303,0,1,0,0,0,1,1,1,1,0
53304,1,0,0,0,0,1,1,0,1,0
53305,0,0,1,0,1,1,1,1,1,1
53306,0,1,0,0,1,1,1,1,1,1
53307,0,0,0,0,1,0,1,1,1,0
53308,0,0,0,0,1,1,1,1,1,0
53309,0,0,0,0,0,0,0,0,1,0
53310,0,1,0,1,0,1,1,1,1,1
53312,,0,0,0,0,0,0,1,1,0
53313,0,0,0,0,0,0,1,1,1,0
53314,0,0,0,0,1,0,1,1,1,1
53315,0,,0,0,0,0,1,1,1,0
53316,0,0,0,0,0,1,1,0,1,0
53318,0,0,0,0,1,0,1,0,1,0
53320,,0,0,0,0,0,1,1,1,1
53401,0,,0,1,0,1,1,1,1,1
53402,0,0,0,0,0,1,0,0,1,1
53403,0,1,0,0,0,1,1,1,1,1
53404,0,0,0,0,0,1,1,0,1,1
53405,0,1,0,0,0,1,1,1,1,0
53406,0,,1,0,0,1,1,1,1,1
53407,0,0,0,0,0,0,1,0,1,0
53408,,0,1,0,0,0,1,0,1,0
53409,0,0,0,0,0,0,1,0,1,1
53410,0,0,0,0,0,0,1,1,1,0
53412,0,,0,0,0,0,1,1,1,0
53413,0,1,0,1,0,0,0,1,1,1
53415,0,0,0,0,0,1,1,0,1,0
53416,0,0,0,0,1,1,1,1,1,1
53417,0,1,1,0,1,1,1,1,1,1
53420,0,0,0,0,0,1,0,0,1,0
53501,0,1,0,0,0,1,1,0,1,1
53502,0,0,0,0,0,0,1,0,1,0
53503,0,0,0,0,0,0,0,0,1,0
53505,0,0,1,0,0,0,0,0,1,0
53506,0,0,0,0,0,0,1,0,1,0
53507,0,1,0,0,0,1,0,0,1,0
53508,0,0,0,0,0,0,1,1,1,1
53510,0,0,0,0,0,1,1,1,1,0
53513,0,0,1,0,1,0,1,1,1,1
53514,0,0,0,0,0,1,1,0,1,0
53516,0,,0,0,0,0,1,1,1,0
53517,0,0,0,0,0,0,1,0,1,0
53518,0,0,0,0,0,0,1,0,1,0
53520,0,1,1,0,0,0,1,1,1,1
53601,0,0,0,1,0,1,1,1,1,1
53602,0,0,0,0,0,0,1,0,1,1
53603,0,0,0,0,1,1,1,1,1,0
53604,0,0,0,1,0,0,1,1,1,0
53605,1,0,0,0,1,0,1,0,1,0
53606,0,0,0,0,1,0,1,0,1,0
53607,0,1,0,0,0,1,1,1,1,0
53609,0,0,0,0,0,0,0,0,1,0
53610,0,1,1,0,1,0,1,1,1,0
53611,0,1,0,0,0,1,0,0,1,0
53612,1,0,0,0,0,1,0,1,1,0
53615,0,0,0,0,1,0,1,1,1,1
53616,0,0,0,0,1,0,1,1,1,1
53617,0,1,0,0,1,1,1,1,1,1
53618,0,0,0,0,0,0,1,1,1,0
53619,0,0,0,0,1,1,1,1,1,0
53701,0,0,0,0,1,0,1,1,1,0
53702,0,0,0,1,1,0,1,1,1,1
53704,0,0,0,0,1,0,1,1,1,1
53705,0,0,0,0,0,0,1,0,1,0
53706,0,0,0,0,0,1,1,0,1,0
53707,0,0,1,0,0,0,1,0,1,0
53708,0,0,0,0,1,1,1,1,1,1
53709,0,0,1,0,0,0,1,1,1,0
53710,0,0,0,0,0,1,1,1,1,0
53711,0,1,0,0,1,1,1,1,1,1
53713,0,,0,0,0,1,0,0,1,0
53715,0,1,0,0,0,1,1,1,1,1
53716,,0,0,0,0,0,1,1,1,0
53717,0,0,0,0,1,0,1,1,1,1
53718,0,1,0,0,0,1,1,0,1,0
53719,0,0,0,0,0,0,0,0,1,0
53720,0,0,0,0,0,0,0,0,1,0
53801,0,0,0,0,0,0,1,1,1,0
53802,0,0,0,0,0,0,1,0,1,0
53803,0,1,0,0,1,0,1,1,1,0
53804,0,1,0,0,1,0,1,1,1,1
53805,0,1,0,0,0,1,1,0,1,0
53809,0,0,0,0,1,1,1,1,1,1
53810,0,1,0,0,1,1,1,0,1,1
53811,0,0,0,0,1,0,1,0,1,0
53812,0,0,0,0,1,1,1,0,1,0
53813,0,1,0,0,0,1,0,0,1,0
53814,0,0,0,0,0,1,1,1,1,0
53815,0,0,0,0,1,1,1,1,1,1
53816,0,0,0,0,1,1,1,1,1,0
53817,0,0,0,0,0,1,0,0,1,0
53818,0,1,0,0,0,1,1,0,1,0
53819,0,0,0,0,0,1,1,1,1,1
53820,0,0,0,0,0,0,1,0,1,0
53902,1,0,0,0,0,0,1,1,1,0
53903,0,0,0,0,1,0,1,1,0,1
53904,0,0,0,0,0,0,0,0,1,0
53905,0,1,0,0,0,0,0,1,1,0
53906,0,0,0,0,0,0,1,1,1,0
53907,0,0,0,0,0,0,1,1,1,0
53908,0,,0,0,0,0,0,0,1,0
53909,0,0,0,0,0,1,1,0,1,0
53910,0,1,0,0,0,1,1,0,1,0
53911,,,0,0,0,1,1,1,1,1
53912,0,0,0,0,0,0,0,1,1,0
53913,1,0,1,0,1,1,1,1,1,1
53914,1,0,0,0,1,1,1,1,1,1
53915,0,0,1,0,0,1,1,1,1,1
53916,0,1,0,0,0,0,1,0,1,0
53917,0,1,0,0,0,0,1,1,1,0
53918,0,0,0,0,1,1,1,1,1,1
53920,0,0,0,0,1,1,1,1,1,1
54001,0,0,0,0,0,1,1,0,1,0
54002,0,0,0,0,0,0,0,0,1,0
54003,0,0,0,0,1,1,1,0,1,0
54004,0,0,0,0,0,0,0,0,1,0
54005,0,0,0,0,0,0,0,0,1,0
54006,0,1,0,0,0,1,1,1,1,0
54007,0,0,1,0,1,1,1,0,1,1
54008,0,0,1,0,1,0,1,0,1,1
54009,1,0,0,0,1,1,0,0,1,1
54010,1,0,0,0,0,1,1,0,1,0
54011,0,0,0,0,0,1,1,0,1,0
54012,0,0,0,0,0,1,1,1,1,0
54014,0,0,0,0,0,1,0,1,1,0
54015,0,0,0,0,0,1,1,0,1,0
54016,,0,0,0,0,0,0,0,1,0
54017,0,0,0,0,0,0,0,0,1,0
54018,0,0,0,0,1,1,0,0,1,1
54019,0,0,0,0,1,1,0,1,1,0
54020,0,0,0,0,0,1,1,1,1,0
54101,0,0,0,0,0,0,1,0,1,0
54102,0,0,0,0,1,0,0,0,1,0
54104,0,0,0,0,1,1,1,1,1,0
54105,0,0,0,0,0,0,0,0,1,1
54106,0,0,0,0,0,0,1,1,1,0
54107,0,0,0,0,0,0,0,0,1,0
54108,0,0,0,0,1,0,1,0,1,1
54110,0,0,0,0,0,1,1,1,1,1
54112,1,1,0,0,0,0,1,1,1,0
54113,0,0,0,0,1,0,1,1,1,1
54114,0,1,0,0,0,1,1,1,1,0
54115,0,0,0,0,0,0,1,1,1,0
54116,0,0,0,0,0,0,1,1,1,1
54117,0,0,0,0,0,1,0,0,1,0
54118,0,1,0,0,1,1,1,1,1,0
54119,0,0,1,0,0,0,1,0,1,0
54202,0,1,0,0,1,1,0,1,1,0
54203,0,0,0,0,1,1,1,0,1,1
54204,0,0,0,0,0,1,1,1,1,0
54205,0,0,1,0,0,1,1,1,1,1
54206,0,0,0,0,0,1,1,0,1,0
54207,0,0,0,0,1,1,1,1,1,1
54208,0,0,0,0,0,1,1,0,1,0
54209,0,0,0,0,0,1,1,1,1,1
54210,0,0,0,0,0,1,1,1,1,0
54211,0,1,0,0,0,1,1,0,1,0
54214,0,0,0,0,0,1,1,0,1,0
54215,0,1,0,0,1,1,1,1,1,1
54217,0,0,0,0,0,0,0,0,1,0
54218,0,1,0,0,0,0,1,1,1,0
54219,0,0,1,0,0,0,1,0,1,0
54220,0,0,0,0,1,1,1,1,0,0
54301,0,0,0,0,1,1,1,1,1,0
54303,0,0,0,0,0,1,1,1,1,1
54304,0,1,1,1,1,1,1,1,1,1
54305,0,0,0,0,0,1,1,1,1,0
54306,0,1,0,0,0,1,1,1,0,0
54307,0,0,0,0,1,1,1,0,1,1
54308,0,0,0,0,1,1,1,1,1,1
54309,0,1,0,0,0,0,1,1,1,0
54310,1,0,0,0,0,1,1,1,1,0
54311,0,0,0,0,1,1,1,1,1,1
54312,0,0,0,0,0,1,1,0,0,0
54313,0,0,0,0,1,1,1,1,1,0
54314,1,0,0,0,1,1,1,1,1,0
54316,0,0,0,0,0,1,0,0,1,0
54317,0,0,1,0,0,1,1,1,1,0
54318,0,0,0,0,0,1,0,0,1,0
54319,0,0,0,0,0,1,1,1,1,0
54320,0,0,0,0,1,0,1,1,1,0
54401,0,1,0,0,1,1,0,0,1,0
54402,0,0,0,0,0,1,0,0,1,0
54405,0,0,0,0,0,1,1,0,1,0
54406,0,0,0,0,0,1,1,1,1,1
54408,0,0,0,0,0,1,1,1,1,0
54409,0,0,0,0,1,0,1,1,1,1
54410,0,,0,0,0,1,1,1,1,0
54412,0,0,0,0,0,1,1,0,1,0
54413,0,0,0,0,1,1,1,1,1,1
54415,0,0,0,0,0,1,0,0,1,0
54416,0,0,1,0,1,0,0,1,1,1
54417,0,0,0,0,0,0,0,0,1,0
54418,0,0,1,0,0,0,0,0,1,0
54419,0,0,0,0,0,0,0,0,1,0
54420,0,0,0,0,1,0,0,1,1,1
54501,0,0,0,0,0,1,1,1,1,0
54502,0,0,0,0,0,0,1,1,1,1
54503,0,1,1,0,0,0,1,1,1,1
54505,1,0,0,0,1,0,0,0,1,0
54506,0,0,0,0,0,0,0,0,1,1
54508,0,0,0,1,1,0,1,1,1,1
54509,0,1,0,0,0,0,1,1,1,1
54511,0,0,0,0,0,0,1,1,1,0
54513,0,1,0,0,0,1,0,1,1,0
54514,1,0,0,0,0,0,1,1,1,0
54515,0,0,0,0,0,0,1,1,1,0
54516,0,0,0,0,0,0,1,0,1,0
54517,0,1,0,0,0,0,0,1,1,0
54519,0,0,0,0,1,1,1,1,1,1
54520,0,0,0,0,0,1,1,1,1,1
54601,0,1,0,0,1,1,1,1,1,1
54603,0,0,0,0,1,0,1,1,1,1
54604,0,0,0,0,1,0,1,1,1,1
54605,0,1,0,0,0,1,1,1,1,0
54606,0,0,0,1,0,0,1,1,1,1
54609,0,1,0,1,1,1,1,1,0,1
54613,1,1,0,0,1,1,1,1,1,0
54614,0,0,0,0,1,1,1,1,1,0
54615,0,0,0,0,0,1,1,1,1,0
54616,0,0,0,1,1,1,1,1,0,1
54618,0,0,0,0,1,1,1,1,1,0
54619,0,0,0,0,1,1,1,1,1,0
54620,0,0,0,1,1,1,1,1,1,1
54701,0,0,0,0,1,1,0,1,1,0
54702,0,1,1,1,1,1,1,1,1,1
54703,0,0,0,1,1,1,1,0,1,0
54704,0,0,0,0,1,0,1,1,1,0
54705,1,1,0,0,1,1,1,1,1,1
54706,0,0,0,0,1,1,1,1,1,1
54708,0,1,0,0,1,0,1,1,1,0
54710,0,0,0,0,0,1,1,1,1,0
54712,0,0,0,0,0,1,1,1,1,1
54713,0,0,0,0,1,1,1,1,1,1
54714,0,0,0,0,0,1,1,1,1,1
54715,0,0,0,1,0,0,1,1,1,0
54716,0,0,0,0,1,1,1,0,1,1
54717,0,0,0,0,0,1,1,0,1,0
54719,1,0,0,0,1,1,1,1,1,0
54720,0,0,0,0,0,0,1,1,1,0
54801,1,0,0,0,0,0,1,1,1,1
54802,0,0,0,0,0,0,1,1,1,1
54803,1,0,0,0,1,1,1,1,1,0
54805,0,0,0,0,0,0,1,1,1,0
54806,0,0,0,0,0,0,1,1,1,1
54807,0,0,0,0,1,1,1,1,1,0
54808,0,1,0,0,0,0,1,1,1,0
54809,0,0,1,0,0,0,1,0,1,0
54810,0,1,0,0,0,0,1,1,1,0
54811,0,0,0,0,0,0,0,0,0,0
54812,0,0,0,0,1,0,1,1,1,0
54813,0,1,1,0,0,1,1,1,1,1
54814,0,0,0,1,0,1,1,0,1,1
54815,0,0,0,0,0,0,1,1,1,1
54816,0,0,1,0,0,1,1,0,1,0
54817,0,0,0,0,0,0,0,0,1,0
54818,0,0,0,0,0,0,1,0,1,0
54819,0,0,1,0,1,0,1,1,1,1
54820,0,1,0,0,0,1,1,0,1,0
54901,0,0,0,0,0,1,1,0,1,0
54902,0,0,0,0,1,1,0,1,1,1
54903,0,0,1,0,0,1,1,1,1,0
54904,0,0,0,1,0,1,1,1,1,0
54907,,0,1,0,0,0,1,1,1,0
54908,0,0,0,0,1,0,1,1,1,1
54910,0,0,0,0,1,1,1,1,1,1
54911,0,1,0,0,1,0,1,1,1,0
54912,0,0,0,0,1,1,1,1,1,1
54913,0,0,0,0,0,1,1,1,1,0
54914,0,,0,0,0,0,1,0,1,0
54915,0,0,0,0,0,1,1,1,1,0
54916,0,1,0,0,0,0,1,1,1,0
54917,0,0,0,1,0,1,0,0,1,1
54919,1,0,0,0,1,0,0,1,1,0
54920,0,0,0,0,0,0,0,1,1,1
55001,0,0,0,0,0,0,1,1,1,1
55003,0,1,0,0,0,0,1,1,1,0
55004,0,,0,0,1,1,1,1,1,1
55005,0,0,0,0,0,0,0,1,1,0
55006,0,0,0,0,0,0,1,0,1,0
55007,0,0,0,0,0,0,1,0,1,0
55008,0,0,0,0,1,0,1,1,1,0
55009,0,0,0,0,0,0,1,0,1,0
55010,0,0,0,0,1,0,0,1,1,0
55011,,0,0,0,0,0,1,1,1,0
55012,0,0,0,0,1,1,1,1,1,1
55014,0,0,0,0,0,0,0,1,1,0
55015,,0,0,0,0,1,0,0,1,0
55017,0,0,0,0,0,0,1,1,1,0
55020,0,0,0,0,0,0,1,0,1,0
