hh_id,d_cm,d_nutr,d_satt,d_educ,d_elct,d_wtr,d_sani,d_hsg,d_ckfl,d_asst
101,0,0,0,0,0,0,1,0,1,0
102,0,0,0,0,0,0,1,0,0,0
103,0,0,0,0,0,0,1,0,1,1
104,0,0,0,0,0,0,1,0,0,0
105,0,0,0,0,0,0,1,0,1,0
106,0,0,0,0,0,0,1,0,1,0
107,0,0,0,0,0,0,0,0,1,0
108,0,0,0,0,0,0,0,0,1,0
109,0,0,0,0,0,0,1,0,0,0
110,0,0,0,0,0,0,0,0,0,0
111,0,0,0,0,0,0,0,0,0,0
112,0,0,0,0,0,0,0,0,0,0
113,0,0,0,0,0,0,0,0,1,0
114,0,0,0,0,0,0,1,0,1,0
115,0,0,0,0,0,0,1,0,1,0
116,0,0,0,0,0,0,1,0,0,0
117,0,0,0,0,0,0,0,0,0,0
118,0,0,0,0,0,0,0,0,0,0
119,0,0,0,0,0,0,1,0,0,0
120,0,0,0,0,0,0,1,0,1,0
121,0,0,0,0,0,0,1,0,1,0
122,0,0,0,0,0,0,1,0,1,0
123,0,1,0,0,0,0,1,0,1,0
124,0,0,0,0,0,0,1,0,1,0
125,0,0,0,0,0,0,1,0,1,0
126,0,0,0,0,0,0,1,0,1,0
127,0,0,0,0,0,0,1,0,1,1
128,0,0,0,0,0,0,0,0,1,0
129,0,1,1,0,0,0,1,0,1,0
130,0,0,0,0,0,0,1,1,1,0
201,0,0,0,0,0,0,1,0,1,0
202,0,0,0,0,0,0,1,1,0,0
203,0,0,0,0,0,0,0,0,1,0
204,0,0,0,0,0,0,1,0,1,0
205,0,0,0,0,0,0,1,0,1,0
206,0,0,0,0,0,0,0,0,1,0
207,0,0,0,0,0,0,1,0,1,0
208,0,0,0,0,0,0,1,0,1,0
209,0,0,0,0,0,0,0,0,1,0
210,0,0,0,0,0,0,1,0,1,0
211,0,0,0,0,0,0,1,0,0,0
212,0,0,1,0,0,0,0,0,1,1
213,0,1,0,0,0,0,1,1,1,1
214,0,0,0,0,0,0,1,0,1,0
215,0,0,0,0,1,0,0,1,1,1
216,0,0,0,0,0,0,1,0,1,0
217,0,0,1,0,0,0,1,0,1,1
218,0,0,0,0,0,0,0,0,0,0
219,0,0,0,0,0,0,1,0,0,0
220,0,0,0,0,0,0,1,0,1,0
221,0,0,0,0,0,0,1,0,1,0
222,0,0,0,0,0,0,1,0,1,1
223,0,0,0,0,0,0,0,0,1,0
224,0,0,0,0,0,0,0,0,1,0
225,0,0,0,0,0,0,1,0,0,0
226,0,0,0,0,0,0,0,0,1,0
227,0,0,0,0,0,0,1,0,0,0
228,0,1,0,0,0,0,1,0,1,0
229,0,0,0,0,0,0,0,0,0,0
230,0,0,0,0,0,0,0,0,1,1
301,0,0,0,0,0,0,0,0,0,0
302,0,0,0,0,0,0,0,0,0,0
303,0,0,0,0,0,0,0,0,0,0
304,0,0,0,0,0,0,0,0,0,0
305,0,0,0,0,0,0,1,0,0,0
306,0,0,0,0,0,0,0,0,0,0
307,0,0,0,0,0,0,0,0,0,0
308,0,0,0,0,0,0,0,0,0,0
309,0,0,0,0,0,0,0,0,0,0
310,0,1,0,0,0,0,0,0,0,0
311,0,0,0,0,0,0,0,0,0,0
312,0,0,0,0,0,0,0,0,1,0
313,0,0,0,0,0,0,0,0,0,0
314,0,0,0,0,0,0,0,0,0,0
315,0,0,0,0,0,0,0,0,0,0
317,0,0,0,0,0,0,1,0,0,0
318,0,0,0,0,0,0,1,0,0,1
319,0,0,0,0,0,0,0,0,0,0
320,0,0,0,0,1,0,1,1,1,1
321,0,0,0,0,0,0,0,0,0,0
322,0,0,0,0,0,0,0,0,1,0
323,1,0,0,0,0,0,1,0,1,0
324,0,0,0,0,0,0,1,0,0,0
325,0,0,0,0,0,0,1,1,0,0
326,0,0,0,0,0,0,1,0,0,0
327,0,0,0,0,0,0,1,0,0,0
328,0,0,0,0,0,0,0,0,0,0
329,0,0,0,0,0,0,0,0,0,0
330,0,0,0,0,0,0,0,0,0,0
401,0,0,0,0,0,0,0,0,0,0
402,0,0,0,0,0,0,1,0,0,0
403,0,0,0,0,0,0,1,1,1,0
404,0,0,0,0,0,0,1,0,0,0
405,0,0,0,0,0,0,1,0,1,1
406,0,0,0,0,0,0,0,0,1,0
407,0,0,0,0,0,0,1,0,1,0
408,1,0,0,0,0,0,1,1,1,0
409,0,0,0,0,0,0,1,0,1,0
410,0,0,0,1,0,0,1,0,1,0
411,0,0,0,0,0,0,1,0,1,1
412,0,1,0,0,0,0,1,0,0,0
413,0,0,0,0,0,0,0,0,0,0
414,0,0,0,0,0,0,1,0,1,0
415,0,0,0,0,0,0,1,0,1,0
416,0,0,0,0,0,0,1,0,1,0
417,0,0,0,0,0,0,1,0,0,0
418,1,0,0,0,0,0,1,0,1,1
419,1,0,0,0,0,0,1,0,1,0
420,0,0,0,0,0,0,1,0,0,0
421,0,0,0,0,0,0,0,0,1,0
422,0,0,0,0,0,0,1,0,0,0
423,0,0,0,0,0,0,1,0,1,0
424,0,0,0,0,0,0,1,0,0,0
425,0,0,0,0,0,0,1,0,1,0
426,0,0,0,0,0,0,0,0,1,0
427,0,1,0,0,0,0,1,0,1,0
428,0,0,0,0,0,0,0,0,0,0
429,0,0,0,0,0,0,1,0,1,0
430,0,0,0,0,0,0,1,0,1,0
501,0,1,0,0,0,0,1,0,0,0
502,0,0,0,0,0,0,1,0,0,0
503,0,0,0,0,0,0,1,0,1,0
504,0,0,0,0,0,0,1,0,0,0
505,0,0,0,0,0,0,1,0,1,1
506,0,1,0,0,0,0,1,1,1,0
507,0,0,0,0,0,0,1,0,0,1
508,0,0,0,0,0,0,1,0,1,0
509,0,0,0,0,0,0,1,0,1,0
510,0,0,0,0,0,0,0,0,1,0
511,0,0,0,0,0,0,0,1,0,0
512,0,0,0,0,0,0,1,0,0,1
513,0,0,0,0,0,0,1,0,0,0
514,0,1,0,0,0,0,1,0,1,0
515,0,0,0,0,0,0,1,0,1,0
516,0,0,0,0,0,0,0,0,1,0
517,0,0,0,0,0,0,1,0,1,0
518,0,0,0,0,0,0,1,0,0,0
519,0,0,0,0,0,0,1,0,1,0
520,0,0,0,0,0,0,1,0,0,1
521,0,0,0,0,0,0,1,0,1,0
522,0,0,0,0,0,0,1,0,0,0
523,0,0,0,0,0,0,0,0,1,0
524,0,0,0,0,0,0,1,0,0,0
525,0,0,0,0,0,0,1,0,1,0
526,0,0,0,0,0,0,1,0,0,0
527,0,0,0,0,0,0,1,0,1,0
528,0,0,0,0,0,0,1,0,0,0
529,1,0,0,0,0,0,1,0,0,0
530,0,1,1,0,0,0,1,0,1,0
601,0,0,0,0,0,0,1,0,0,0
602,0,0,0,1,0,0,1,0,1,0
603,0,0,0,0,0,0,0,0,1,0
604,0,0,0,0,0,0,1,0,1,0
605,0,0,0,0,1,0,1,0,1,0
606,0,0,0,0,0,0,1,0,1,0
607,0,0,0,0,0,0,1,0,0,1
608,0,0,0,0,0,0,1,0,1,0
609,0,0,0,0,0,0,1,0,1,0
610,0,0,0,0,0,0,1,0,0,0
611,0,0,0,0,0,0,1,0,1,0
612,0,0,0,0,0,0,1,0,1,0
613,0,0,0,0,1,0,1,0,1,0
614,0,0,0,0,0,0,1,0,1,0
615,0,1,0,0,0,0,1,0,1,0
616,0,0,1,0,1,0,1,0,0,1
617,0,0,0,0,0,0,1,1,1,0
618,0,0,0,0,1,0,1,0,1,0
619,0,0,0,0,0,0,1,0,1,0
620,0,1,1,0,0,0,1,0,0,0
621,0,0,0,0,0,0,1,0,1,0
622,0,0,0,0,0,0,0,0,1,0
623,0,0,0,0,1,0,1,0,1,1
624,0,0,0,0,0,0,1,0,1,0
625,0,1,0,0,0,0,1,0,1,0
626,1,0,0,0,0,0,1,0,1,0
627,0,0,0,0,0,0,1,0,0,0
628,0,0,0,0,0,0,1,0,1,0
629,0,0,0,0,0,0,1,0,1,0
630,0,0,0,0,0,0,1,0,0,0
701,0,1,0,0,0,0,1,0,1,0
702,0,,1,0,0,0,1,0,1,0
703,0,0,0,0,0,0,1,0,1,0
704,1,0,0,0,0,0,1,0,1,0
705,0,0,0,0,0,0,1,0,1,0
706,0,0,0,0,0,0,1,0,1,0
707,0,0,0,0,0,0,1,0,1,0
708,0,0,0,0,0,0,1,0,1,1
709,0,1,0,0,0,0,1,0,1,0
710,0,0,0,0,0,0,1,0,1,0
711,1,1,0,0,0,0,1,0,1,0
712,0,1,0,0,0,0,1,0,1,1
713,0,1,1,0,0,0,1,0,1,1
714,0,0,0,0,0,0,1,0,1,0
715,1,0,0,0,0,0,1,0,1,1
716,0,0,0,0,0,0,1,0,1,0
717,0,0,0,0,0,0,1,0,1,0
718,0,0,0,0,0,0,1,0,1,0
719,0,0,0,0,0,0,1,0,1,1
720,0,0,0,0,0,0,1,0,1,0
721,0,1,0,0,0,0,1,0,1,0
722,0,0,0,0,0,0,1,0,1,0
723,0,1,0,0,0,0,1,0,1,0
724,0,0,0,0,0,0,1,0,1,1
725,0,0,0,0,0,0,1,0,1,0
726,1,0,0,0,0,0,1,0,1,0
727,0,0,0,1,0,0,1,0,1,1
728,0,0,0,0,0,0,1,0,0,0
729,0,0,0,0,0,0,1,0,1,0
730,0,0,0,0,0,0,1,0,1,0
801,0,0,0,0,1,0,0,0,1,1
802,0,0,0,0,1,0,0,0,1,1
803,0,0,0,0,1,1,1,0,1,0
804,0,0,0,0,0,0,1,0,0,0
805,0,0,0,0,1,1,0,0,1,1
806,0,0,1,0,1,1,1,1,1,0
807,0,0,0,0,1,0,1,1,1,0
808,0,0,0,0,1,1,1,0,1,1
809,0,0,0,0,1,1,1,0,1,1
810,0,0,1,0,1,0,1,0,1,1
811,0,,0,0,0,0,1,0,0,1
812,0,0,0,0,1,0,1,0,1,1
813,0,0,0,0,1,0,1,1,1,1
814,1,1,0,0,1,0,1,1,1,0
815,0,1,0,0,1,0,1,0,1,0
816,0,0,0,0,1,0,1,0,1,1
817,1,0,0,0,1,1,1,0,1,0
818,0,0,1,0,1,0,1,0,1,1
819,0,0,0,0,1,0,0,0,1,0
820,0,0,0,0,1,1,1,0,1,1
821,0,0,0,1,1,1,1,0,1,1
822,0,1,0,0,1,0,1,0,1,1
823,0,0,1,0,1,1,1,0,1,1
824,1,1,0,0,1,0,0,0,1,1
825,0,0,0,0,1,1,1,1,1,0
826,0,0,0,0,1,0,1,0,1,0
827,0,1,1,0,1,1,1,0,1,1
828,0,0,0,0,1,1,1,0,1,1
829,0,0,0,0,1,0,1,1,1,1
830,0,0,0,0,1,1,1,1,1,1
901,0,0,0,0,0,1,1,0,0,0
902,0,0,0,0,0,1,1,0,1,1
903,0,0,0,0,0,0,1,0,1,0
904,0,0,0,0,0,1,1,0,1,0
905,0,1,0,0,0,0,1,0,1,0
906,0,0,0,0,0,1,0,0,1,0
907,0,0,0,0,0,0,1,1,1,0
908,0,0,0,0,0,1,1,0,1,0
909,0,0,0,0,0,0,0,0,0,0
910,0,0,0,0,0,0,1,0,1,0
911,0,0,0,0,0,0,0,0,0,0
912,0,0,0,0,0,1,0,0,0,0
913,0,0,0,0,0,0,1,0,1,0
914,0,0,0,0,0,0,1,0,1,1
915,0,0,0,0,0,1,0,0,0,0
916,0,0,0,0,0,1,1,0,1,1
917,0,0,0,0,0,0,0,0,0,0
918,0,0,0,0,0,0,1,0,0,0
919,0,0,0,0,0,1,1,0,1,0
920,0,0,1,0,0,1,1,1,1,1
921,0,0,0,0,0,1,1,0,1,0
922,0,0,0,0,0,1,1,0,1,0
923,0,0,0,0,0,0,1,0,1,0
924,0,0,0,0,0,0,1,0,0,0
925,0,1,0,0,0,1,1,0,1,0
926,0,0,1,0,0,0,0,0,1,1
927,0,1,0,0,0,0,1,0,1,1
928,0,0,0,0,0,0,0,0,0,0
929,0,0,0,0,0,0,1,0,1,1
930,0,0,0,0,0,0,1,1,1,0
1002,0,1,0,0,0,0,1,0,1,1
1003,0,0,0,0,0,0,0,0,0,0
1004,0,0,0,0,0,0,1,0,0,0
1005,0,0,0,0,0,0,1,0,1,0
1006,0,0,0,0,0,0,1,0,0,0
1007,0,0,0,0,0,0,1,0,0,0
1008,0,0,0,0,0,0,0,0,0,0
1009,0,0,0,0,0,0,0,0,0,0
1010,0,0,0,0,0,0,1,1,1,0
1011,0,0,0,0,0,0,1,0,0,0
1012,0,0,0,0,0,0,1,0,0,1
1013,0,0,0,0,0,0,1,0,0,1
1014,0,0,0,0,0,0,1,0,0,0
1015,0,0,0,0,0,0,1,0,1,0
1016,0,0,0,0,0,0,0,0,1,0
1017,0,0,0,0,0,0,1,0,1,0
1018,0,0,0,0,0,0,1,0,0,0
1019,0,0,0,0,0,0,1,0,0,0
1020,0,0,0,0,0,0,1,0,0,0
1021,0,0,0,0,0,0,0,0,1,0
1022,0,0,0,0,0,0,1,0,1,0
1023,0,0,0,0,0,0,1,0,0,0
1024,0,0,0,0,0,0,1,0,0,0
1025,0,0,0,0,0,0,1,0,0,0
1026,0,0,0,0,0,0,1,0,1,0
1027,0,0,0,0,0,0,1,0,1,0
1028,0,0,0,0,0,0,1,0,0,0
1029,0,0,0,0,0,0,1,0,0,1
1030,1,0,0,0,0,0,1,1,0,1
1101,0,0,0,0,0,0,1,0,0,0
1102,0,0,0,0,0,0,0,0,0,0
1103,0,0,0,0,0,0,0,0,0,0
1104,0,1,0,0,0,0,0,0,0,0
1105,0,,0,0,0,0,0,0,0,0
1107,0,0,0,0,0,0,0,0,1,0
1108,0,0,0,0,0,0,0,0,0,0
1109,0,0,0,0,0,0,0,0,0,0
1110,0,0,0,0,0,0,1,0,0,0
1111,0,0,0,0,0,0,0,0,0,0
1112,0,0,0,0,0,0,1,0,0,0
1113,0,0,0,0,0,0,1,0,0,0
1114,0,,0,0,0,0,1,0,0,0
1115,0,0,0,0,0,0,0,0,0,0
1116,0,0,0,0,0,0,1,0,0,0
1117,0,0,0,0,0,0,0,0,1,0
1118,0,0,0,0,0,0,1,0,0,0
1119,0,,0,0,0,0,0,0,0,0
1120,0,0,0,0,0,0,0,0,0,0
1121,0,0,0,0,0,0,0,0,0,0
1122,0,0,0,0,0,0,1,0,0,0
1123,0,0,0,0,0,0,1,0,0,0
1124,0,0,0,0,0,0,0,0,0,0
1125,0,0,0,0,0,0,1,0,0,0
1126,0,0,0,0,0,0,1,0,0,0
1127,0,0,0,0,0,0,1,0,0,0
1128,0,0,0,0,0,0,1,0,0,0
1129,0,0,0,0,0,0,1,0,0,0
1130,0,0,0,0,0,0,0,0,1,0
1201,0,0,0,0,0,0,1,0,0,0
1202,0,0,0,0,0,0,1,0,1,0
1203,0,0,0,0,0,0,0,0,0,0
1204,0,0,0,0,0,0,0,0,0,0
1205,0,0,0,0,0,0,0,0,0,0
1206,0,0,0,0,0,0,1,0,1,0
1207,0,0,0,0,0,0,0,0,0,0
1208,0,0,0,0,0,0,0,0,0,0
1209,0,0,0,0,0,0,0,0,0,0
1210,0,0,0,0,0,0,1,0,1,0
1211,0,0,0,0,0,0,0,0,0,0
1212,0,0,0,0,0,0,0,0,0,0
1213,0,1,1,0,0,0,0,0,1,0
1214,0,0,0,0,0,0,1,0,0,0
1215,1,,0,0,0,0,1,0,0,0
1216,0,0,0,0,0,0,1,0,0,0
1217,0,0,0,0,0,0,0,0,0,0
1218,0,0,0,0,0,0,1,0,0,0
1219,0,0,0,0,0,0,1,0,0,0
1220,0,0,0,0,0,0,1,0,1,0
1221,0,0,0,0,0,0,0,0,0,0
1222,0,0,0,0,0,0,0,0,0,0
1223,0,0,0,0,0,0,1,0,0,0
1224,0,0,0,0,0,0,0,0,0,0
1225,0,0,0,0,0,0,1,0,0,0
1226,0,0,0,0,0,0,0,0,0,0
1227,0,0,0,0,0,0,0,0,0,0
1228,0,0,0,0,0,0,0,0,0,0
1229,0,0,0,0,0,0,0,0,1,0
1230,0,0,0,0,0,0,1,0,0,0
1301,0,0,1,0,0,0,1,0,0,0
1302,0,0,0,0,0,0,1,0,1,0
1303,1,0,0,0,0,0,1,0,1,0
1304,0,0,0,0,0,0,1,0,1,0
1305,0,0,0,0,0,0,1,0,1,0
1306,0,0,0,0,0,0,1,0,1,0
1307,0,0,0,0,0,0,1,0,0,0
1308,0,0,0,1,0,0,1,0,1,1
1309,0,0,0,0,0,0,1,0,1,0
1310,0,0,0,0,0,0,0,0,0,0
1311,0,0,0,0,0,0,1,0,1,0
1312,0,0,0,0,0,0,1,0,0,0
1313,0,0,0,0,0,0,1,0,1,0
1314,1,0,0,0,0,0,0,0,1,0
1315,0,0,0,0,0,0,1,0,0,0
1316,0,0,0,0,0,0,0,0,1,0
1317,0,0,0,0,0,0,1,0,1,0
1318,0,0,0,0,0,0,1,0,1,0
1319,0,0,0,0,0,0,1,0,1,0
1320,0,0,0,0,0,0,1,0,0,0
1321,0,0,0,0,0,0,1,0,1,0
1322,0,0,0,0,0,0,1,0,0,0
1323,0,0,0,0,0,0,1,0,1,0
1324,0,0,0,1,0,0,0,0,1,0
1325,0,0,0,0,0,0,1,0,1,0
1326,0,0,0,0,0,0,1,0,1,0
1327,0,0,0,0,0,0,1,0,0,0
1328,0,0,0,0,0,0,1,0,1,0
1329,0,1,1,0,0,0,1,0,1,0
1330,0,0,0,0,0,0,1,0,1,0
1401,0,0,0,0,0,0,1,0,1,0
1402,0,1,0,0,0,0,1,1,1,1
1403,0,0,0,0,0,0,1,0,0,0
1404,0,1,0,0,0,0,1,0,1,0
1405,0,0,0,0,0,0,1,0,1,0
1406,0,0,0,0,0,0,1,0,1,1
1407,0,0,0,0,0,0,1,0,0,0
1408,0,0,0,0,0,0,1,0,1,0
1409,0,0,0,0,0,0,1,0,0,0
1410,0,0,0,0,0,0,1,0,0,0
1411,0,0,0,0,0,0,0,0,0,0
1412,0,0,0,0,0,0,1,0,0,0
1413,0,0,1,0,0,0,1,0,1,0
1414,0,0,0,0,0,0,1,0,0,0
1415,0,1,0,0,0,0,0,0,1,0
1416,0,0,0,0,0,0,1,0,1,0
1418,0,1,0,0,0,0,1,0,1,0
1419,0,0,0,0,0,0,0,0,0,0
1420,0,0,0,0,0,0,0,0,1,0
1421,0,0,0,0,0,0,1,0,1,0
1422,0,0,0,0,0,1,0,0,0,0
1423,0,0,1,0,0,0,0,0,1,0
1424,0,0,0,0,0,0,1,1,0,0
1425,0,0,0,0,0,0,1,0,0,0
1426,0,0,0,0,0,0,1,0,0,0
1427,0,0,0,0,0,0,1,0,1,0
1428,0,0,0,0,0,0,1,0,0,0
1429,0,0,0,0,0,0,1,0,1,0
1430,0,0,0,0,0,0,1,0,0,0
1501,0,0,0,0,0,0,1,0,1,0
1502,0,0,0,0,0,0,1,0,1,0
1503,0,1,0,0,0,0,1,0,1,0
1504,0,0,0,0,0,0,1,0,1,0
1505,0,0,0,0,0,0,1,0,0,0
1506,0,0,0,0,0,0,1,0,0,0
1507,0,0,0,0,0,0,1,0,1,0
1508,0,0,0,0,0,0,1,0,1,0
1509,0,0,0,0,0,0,0,0,1,0
1510,0,0,0,0,0,0,1,0,1,0
1511,0,0,0,0,0,0,1,0,0,0
1512,0,0,0,0,0,1,1,0,1,1
1513,0,0,0,0,0,0,1,0,1,0
1514,0,0,0,0,0,0,1,0,1,1
1515,0,1,0,0,0,0,1,0,1,0
1516,0,1,0,0,0,0,1,0,1,0
1517,0,1,0,0,,0,1,,1,
1518,0,0,0,0,0,0,1,0,1,1
1519,0,0,0,0,0,0,0,1,1,1
1520,0,0,0,0,0,0,1,0,0,0
1521,0,1,0,0,0,0,1,0,1,0
1522,0,0,0,0,0,0,1,0,1,0
1523,0,0,0,0,0,0,0,0,1,0
1524,0,0,0,0,0,0,1,0,1,1
1525,0,0,0,0,0,0,1,0,1,0
1526,1,1,0,0,0,0,1,0,1,0
1527,0,0,0,0,0,0,1,0,1,0
1528,0,0,0,0,0,0,1,0,0,0
1529,0,0,0,0,0,0,1,0,1,0
1530,0,0,0,0,0,0,1,0,1,0
1601,0,0,0,0,0,0,1,1,1,0
1602,0,0,0,0,0,0,1,0,0,0
1603,1,0,1,0,0,0,1,1,0,1
1604,0,0,0,0,0,0,1,0,0,0
1605,0,0,0,0,0,0,1,0,0,0
1606,0,0,0,0,0,0,1,1,1,0
1607,0,1,0,0,0,0,0,0,0,0
1608,0,0,0,0,0,0,1,0,0,0
1609,0,0,0,0,0,0,0,0,0,0
1610,0,1,0,0,0,0,0,0,0,1
1611,0,0,0,0,0,0,0,0,0,0
1612,0,0,0,0,0,0,1,0,1,0
1613,0,0,0,0,0,0,1,0,1,0
1614,0,0,0,0,0,0,1,0,0,0
1615,0,0,0,0,0,0,0,0,1,0
1616,1,0,0,0,0,0,1,0,1,0
1617,0,0,0,0,0,0,1,0,1,0
1618,0,0,0,0,0,0,1,0,0,0
1619,0,0,0,0,0,0,1,0,1,1
1620,0,1,0,0,0,0,1,1,1,1
1621,0,1,0,0,0,0,1,0,1,0
1622,0,0,0,0,0,0,1,0,0,0
1623,0,0,1,0,0,0,1,1,0,0
1624,0,1,0,0,0,0,1,1,1,0
1625,0,0,1,0,0,0,0,1,1,0
1626,0,0,0,0,0,0,1,1,0,0
1627,0,0,0,0,0,0,1,0,1,0
1628,0,1,0,0,0,0,1,1,1,0
1629,0,0,0,0,0,0,1,1,1,1
1630,0,0,0,0,0,0,1,1,1,0
1701,0,0,0,0,0,0,0,0,1,0
1702,0,0,0,0,0,0,1,0,0,0
1703,0,0,0,0,0,0,1,0,0,0
1704,0,0,0,0,0,0,1,0,1,0
1705,0,0,0,0,0,0,0,0,1,0
1706,0,0,0,0,0,0,1,0,1,0
1707,0,0,0,0,0,0,1,0,1,0
1708,1,0,0,0,0,0,1,0,1,0
1709,0,0,0,0,0,0,1,0,0,0
1710,0,0,0,0,0,0,1,0,0,0
1711,0,0,0,0,0,0,1,0,1,0
1712,0,0,0,0,0,0,1,0,1,0
1713,0,0,0,0,0,0,1,0,1,0
1714,0,1,0,0,0,0,1,0,1,0
1715,0,0,0,0,0,0,0,0,1,0
1716,0,0,0,0,0,0,1,0,1,0
1717,0,0,0,0,0,0,1,0,1,0
1718,1,0,0,0,0,0,1,0,1,0
1719,0,0,0,0,0,0,1,0,1,0
1720,0,0,0,0,0,0,0,0,1,0
1721,0,0,0,0,0,0,0,0,0,0
1722,0,0,0,0,0,0,1,0,1,0
1723,0,1,0,0,1,0,1,0,1,0
1724,0,1,0,0,0,0,0,0,1,0
1725,0,0,0,0,0,0,1,0,1,0
1726,0,0,0,0,0,0,0,0,1,0
1727,0,0,0,0,0,0,1,1,1,0
1728,0,1,0,0,0,0,1,0,1,0
1729,0,0,0,0,0,0,1,0,0,0
1730,0,0,0,0,0,0,1,0,1,0
1801,0,0,0,0,0,0,0,0,1,0
1802,0,0,0,0,0,0,1,0,1,0
1803,0,0,0,0,0,0,1,0,1,0
1804,0,0,1,0,0,0,1,0,1,0
1805,0,0,0,0,0,0,1,0,1,0
1806,0,1,0,0,0,0,1,1,1,0
1807,0,0,1,0,0,0,1,0,1,0
1808,0,0,0,0,0,0,0,0,1,0
1809,0,0,0,0,0,0,1,0,1,0
1810,0,0,0,0,0,0,1,0,1,0
1812,0,0,0,0,0,0,1,0,1,0
1813,0,0,0,0,0,0,0,0,1,0
1814,0,0,0,0,0,0,0,0,1,0
1815,0,0,0,0,0,0,1,0,1,0
1816,0,0,0,0,0,0,1,0,0,0
1817,0,0,0,1,0,0,1,0,1,0
1818,0,1,0,0,0,0,1,0,0,0
1819,0,0,1,0,0,0,1,0,1,0
1820,0,0,0,0,0,0,1,0,1,0
1821,0,,0,0,0,0,1,0,0,0
1822,0,0,0,0,0,0,1,0,1,0
1824,0,0,0,0,0,0,1,0,1,0
1825,0,1,0,0,0,0,1,0,1,0
1826,0,,0,0,0,0,1,0,1,0
1827,0,0,0,0,0,0,1,0,1,0
1828,0,0,0,0,0,0,1,0,1,0
1829,0,0,1,0,0,0,1,0,1,0
1830,0,0,0,0,0,0,1,0,1,0
1901,0,,0,0,0,0,1,0,1,1
1902,0,0,0,0,0,0,0,0,1,0
1903,0,0,0,0,0,0,1,0,0,0
1904,0,0,0,0,0,0,1,0,1,0
1905,0,0,0,0,1,0,1,0,1,1
1906,0,0,0,0,0,0,1,0,1,0
1907,0,0,0,0,0,0,0,0,1,0
1908,0,0,0,0,0,0,0,0,1,0
1909,0,0,0,0,0,0,1,0,1,0
1910,0,0,0,0,0,0,0,1,1,0
1911,0,0,0,0,0,0,1,0,1,1
1912,0,0,0,0,0,0,0,0,1,0
1913,0,0,0,0,0,0,1,0,1,1
1914,0,0,0,0,0,0,0,0,0,0
1915,0,0,0,0,0,0,0,0,1,0
1916,0,0,0,0,0,0,1,0,0,0
1917,0,0,0,0,0,0,1,0,1,0
1918,0,0,0,0,0,0,1,0,0,0
1919,0,0,0,0,0,0,1,0,0,0
1920,0,0,0,0,0,0,1,0,1,0
1921,0,0,0,0,0,0,1,1,1,0
1922,0,0,1,0,0,0,1,0,1,0
1923,0,0,0,0,0,0,0,0,0,0
1924,0,0,0,0,0,0,0,0,1,0
1925,0,0,0,0,0,0,1,0,1,0
1926,0,0,0,0,0,0,1,0,1,1
1927,0,0,0,0,0,0,1,0,1,1
1928,0,1,0,0,0,0,1,0,1,0
1929,0,0,0,0,0,0,1,0,1,0
1930,0,0,0,0,0,0,1,0,1,0
2001,0,0,0,0,0,0,0,0,1,0
2002,0,0,0,0,0,0,0,0,1,0
2003,0,0,0,0,0,0,0,0,1,0
2004,0,0,0,0,0,0,0,0,0,0
2005,0,0,0,0,0,0,1,0,1,0
2006,0,0,0,0,0,0,1,0,1,0
2007,0,0,0,0,0,0,1,0,1,1
2008,1,0,0,0,0,0,1,0,1,0
2009,0,0,0,0,0,0,1,0,1,0
2010,0,0,0,0,0,0,1,0,1,0
2011,0,0,0,0,0,0,1,0,1,0
2012,0,0,0,0,0,0,0,0,1,0
2013,0,0,0,0,0,0,1,0,1,1
2014,0,0,0,0,0,0,0,0,0,0
2015,0,0,0,0,0,0,0,0,1,0
2016,0,0,0,0,0,0,1,0,0,0
2017,0,0,0,0,0,0,1,0,1,0
2018,0,0,0,0,0,0,0,0,1,0
2019,0,0,0,0,0,0,1,0,0,0
2020,0,0,0,0,0,0,1,0,0,0
2021,0,0,0,0,0,0,0,0,1,0
2022,0,0,0,0,0,0,1,0,1,0
2023,0,0,0,0,0,0,1,0,1,0
2024,0,0,0,0,0,0,1,0,1,0
2025,0,0,0,1,0,0,1,0,0,1
2026,0,0,0,0,0,0,0,0,1,0
2027,1,1,0,0,0,0,1,0,1,0
2028,0,0,0,0,0,0,0,0,1,1
2029,0,0,0,0,0,0,1,0,1,0
2030,0,0,0,0,0,0,0,0,1,0
2101,0,0,0,0,0,0,1,0,1,0
2102,0,0,0,0,0,0,0,0,0,0
2103,0,0,0,0,0,0,0,0,1,0
2104,0,0,1,0,0,0,1,0,0,0
2105,0,0,0,0,0,0,0,0,0,0
2106,0,0,0,0,0,0,1,0,1,0
2107,0,0,0,0,0,0,0,0,1,0
2108,0,0,0,0,0,0,0,0,1,0
2109,0,0,0,0,0,0,1,0,0,0
2110,0,0,0,0,0,0,0,0,1,0
2111,0,0,0,0,0,0,0,0,1,0
2112,0,0,0,0,0,0,0,0,1,0
2113,0,0,0,0,0,0,0,0,1,0
2114,0,0,0,0,0,1,1,0,1,0
2115,0,0,1,0,0,0,1,0,1,0
2116,0,0,0,0,0,0,0,0,0,0
2117,0,0,0,0,0,0,1,0,0,0
2118,0,1,0,0,0,0,0,0,1,0
2119,0,0,0,0,0,0,0,0,1,0
2120,0,0,0,0,0,0,1,0,1,0
2121,0,0,0,0,0,0,0,0,1,0
2122,0,0,0,0,0,0,0,0,1,0
2123,0,0,0,0,0,0,1,0,0,0
2124,0,0,0,0,0,0,0,0,0,0
2125,0,0,0,0,0,0,0,0,0,0
2126,0,0,0,0,0,0,0,0,1,0
2127,0,0,0,0,0,0,0,0,1,0
2128,0,,0,0,0,0,1,0,0,0
2129,0,0,0,0,0,0,0,0,0,0
2130,0,0,0,0,0,0,0,0,1,0
2201,0,0,0,0,0,0,1,0,0,0
2202,0,0,0,0,0,0,1,0,0,0
2203,0,0,0,0,0,0,0,0,0,0
2204,0,1,0,0,0,0,1,0,0,0
2205,0,1,0,0,0,0,1,0,0,0
2206,0,0,0,0,0,0,1,0,0,0
2207,0,0,0,0,0,0,1,0,1,0
2208,0,0,0,0,0,0,0,0,1,0
2209,0,0,0,0,0,0,0,0,0,0
2210,0,0,0,0,0,0,1,0,0,0
2211,0,1,0,0,0,0,0,0,0,0
2212,0,0,0,0,0,0,1,0,0,0
2213,0,0,0,0,0,0,1,0,1,0
2214,0,0,0,0,0,0,0,0,0,0
2215,0,0,0,0,0,0,1,0,0,0
2216,0,1,0,0,0,0,1,0,0,0
2217,0,0,0,0,0,0,0,0,0,0
2218,0,0,0,0,0,0,1,0,0,0
2219,0,0,0,0,0,0,1,0,0,0
2220,0,0,0,0,0,0,1,0,0,0
2221,0,1,0,0,0,0,1,0,0,0
2222,0,0,0,0,0,0,1,0,1,0
2223,1,0,0,0,0,0,0,0,1,0
2224,0,0,0,0,0,0,1,0,0,0
2225,0,0,0,0,0,0,1,0,1,0
2226,0,0,0,0,0,0,1,0,0,0
2227,0,0,0,0,0,0,1,0,0,0
2228,0,0,0,0,0,0,1,0,1,0
2229,0,1,0,0,0,0,0,0,0,0
2230,0,0,0,0,0,0,1,0,0,0
2301,0,0,0,0,0,0,1,0,0,0
2302,0,0,0,0,0,0,1,0,0,0
2303,0,0,0,0,0,0,0,0,0,0
2304,1,1,1,0,0,0,1,0,1,0
2305,0,0,0,0,0,0,0,0,1,0
2306,0,0,0,0,0,0,1,0,1,0
2307,0,1,0,0,0,0,1,0,0,0
2308,0,1,1,0,0,0,1,0,1,0
2309,0,0,0,0,0,0,1,0,0,0
2310,0,0,0,0,0,0,1,0,1,0
2311,0,0,0,0,0,0,1,0,1,0
2312,0,0,1,0,0,0,1,0,0,0
2313,0,0,0,0,0,0,0,0,1,0
2314,0,,0,0,0,0,1,0,0,0
2315,1,0,0,0,0,0,1,0,0,0
2316,0,0,0,0,0,0,1,0,0,0
2317,0,0,0,0,0,0,1,0,1,0
2318,0,0,0,0,0,0,1,0,1,0
2319,0,0,0,0,0,0,1,0,0,0
2320,0,0,0,0,0,0,0,0,1,0
2321,0,0,0,0,0,0,0,0,1,0
2322,0,0,0,0,0,0,1,0,1,1
2323,0,0,0,0,0,0,1,0,1,1
2324,0,0,0,0,0,0,0,0,0,0
2325,0,0,0,0,0,0,1,0,1,0
2326,0,1,1,0,0,0,1,0,0,0
2327,0,0,0,0,0,0,1,0,0,0
2328,0,0,0,0,0,0,1,0,1,0
2329,0,0,0,0,0,0,1,0,0,0
2330,0,0,0,0,0,0,1,0,0,0
2401,0,0,0,0,0,0,1,0,1,0
2402,0,0,0,0,0,0,1,0,0,0
2403,0,0,0,0,0,0,1,0,0,0
2404,0,0,0,0,0,0,1,0,1,0
2405,0,0,0,0,0,0,1,0,0,0
2406,0,0,0,0,0,0,1,0,1,0
2407,0,0,0,0,0,0,1,1,1,1
2408,0,0,0,0,0,0,0,0,1,0
2409,0,0,0,0,0,1,1,0,0,0
2410,0,0,1,0,0,0,1,0,0,1
2411,0,0,0,0,0,0,1,0,0,0
2412,0,0,0,0,0,0,0,0,0,0
2413,0,0,0,0,0,0,1,0,0,0
2414,0,0,0,0,0,0,1,1,0,0
2415,0,0,0,0,0,0,1,0,1,0
2416,0,1,0,0,0,0,1,0,0,0
2417,0,0,0,0,0,0,1,0,0,0
2418,0,0,0,0,0,0,1,0,1,0
2419,0,0,0,0,0,0,1,0,1,0
2420,0,0,0,0,0,0,1,0,0,0
2421,0,0,0,0,0,0,0,0,0,0
2422,0,0,0,0,0,0,1,0,1,0
2423,1,0,0,0,0,0,1,0,0,0
2424,0,0,0,0,0,0,1,0,0,0
2425,0,0,0,0,0,0,0,0,1,0
2426,0,1,0,0,0,0,1,0,0,0
2427,0,0,0,0,0,0,1,0,0,0
2428,0,1,0,0,0,0,1,0,0,0
2429,0,0,0,0,0,0,1,0,0,0
2430,0,1,0,0,0,0,1,0,1,0
2501,0,1,0,1,0,0,1,0,1,0
2502,1,1,0,0,0,0,1,0,1,1
2503,0,0,0,0,0,0,1,0,1,1
2504,0,0,0,0,0,0,1,0,1,0
2505,0,1,0,0,0,0,0,1,1,1
2506,1,1,0,0,0,0,1,0,1,0
2507,0,0,0,0,0,0,1,0,1,0
2508,0,0,1,1,0,0,0,0,1,1
2509,0,0,0,0,0,0,1,1,1,0
2510,0,0,0,0,0,0,1,0,1,0
2511,0,0,0,0,0,0,1,0,1,0
2512,1,0,0,0,1,0,1,1,1,1
2513,0,0,0,0,0,0,0,0,0,0
2514,1,1,0,0,0,0,1,0,1,1
2515,0,0,0,0,1,0,1,0,1,0
2516,0,0,0,0,0,0,0,0,1,0
2517,1,1,0,0,0,0,1,0,1,0
2518,0,0,0,0,0,0,1,0,0,0
2519,0,0,0,0,0,0,1,0,1,1
2520,0,0,0,1,0,0,1,0,1,1
2521,0,0,0,0,0,0,1,0,1,0
2522,0,1,0,0,0,0,1,0,1,0
2523,0,0,0,0,0,0,1,0,0,0
2524,0,0,0,0,0,0,1,0,1,0
2525,0,0,0,0,0,0,1,0,1,1
2526,1,1,0,0,0,0,0,0,1,0
2527,1,0,0,0,0,0,1,0,1,0
2528,0,0,0,0,0,0,1,0,1,0
2529,0,0,0,0,0,0,1,0,1,0
2530,0,0,0,0,1,0,1,0,1,0
2601,0,0,0,0,0,0,1,0,1,0
2602,0,1,0,0,0,0,1,0,0,0
2603,0,0,0,0,0,0,1,0,0,0
2604,0,0,0,0,0,0,1,0,1,0
2605,0,0,0,0,0,0,1,0,1,0
2606,0,1,0,0,0,0,1,0,1,0
2607,0,0,0,0,0,0,1,0,1,0
2608,0,0,0,0,0,0,1,0,1,0
2609,0,0,0,0,0,0,1,0,1,1
2610,0,0,0,0,0,0,1,0,1,0
2611,0,1,1,0,0,0,1,0,1,1
2612,0,0,0,0,0,0,1,0,1,0
2613,0,0,0,0,1,0,1,0,0,1
2614,0,0,0,0,0,0,0,0,1,0
2615,0,0,0,0,0,0,1,0,1,0
2616,1,0,0,0,0,0,1,0,0,0
2617,0,0,0,0,0,0,1,0,1,0
2618,0,0,0,0,0,0,1,0,1,0
2619,0,0,0,0,0,0,1,0,0,0
2620,0,0,0,0,0,0,1,1,1,0
2621,0,0,0,0,0,0,1,1,1,0
2622,0,0,0,0,0,0,0,0,1,0
2623,0,1,0,0,0,0,1,0,1,0
2624,0,0,0,0,0,0,1,0,1,0
2625,0,0,0,0,0,0,1,0,1,1
2626,0,0,0,0,0,0,1,0,1,1
2627,0,0,0,0,0,0,0,0,1,0
2628,1,0,1,1,0,0,1,0,1,0
2629,0,0,0,1,0,0,1,0,1,0
2630,0,0,0,0,0,0,0,0,1,0
2701,0,0,0,0,0,0,1,1,1,0
2703,0,0,0,0,0,0,1,0,1,0
2704,0,0,0,0,0,0,0,0,0,0
2705,0,0,1,0,0,0,0,0,1,0
2706,0,0,0,0,0,0,1,0,0,0
2707,0,0,0,0,0,0,1,0,0,0
2708,0,0,0,0,0,1,1,0,0,0
2709,0,0,0,0,0,0,0,0,0,0
2710,0,0,0,0,0,0,1,1,0,0
2711,0,0,0,0,0,0,1,0,1,0
2712,0,0,0,0,0,0,0,0,1,0
2713,0,0,0,0,0,0,1,0,1,0
2714,0,0,0,0,0,0,1,0,0,0
2715,0,0,0,0,0,0,1,0,0,0
2716,0,0,0,0,0,0,0,0,1,0
2717,0,0,0,0,0,0,1,0,1,0
2718,0,0,0,0,0,0,1,1,0,0
2719,0,0,0,0,0,0,0,1,0,0
2720,0,0,0,0,0,0,1,1,1,0
2721,0,0,0,0,0,0,0,1,0,0
2722,0,0,0,0,0,0,1,0,0,0
2723,0,0,0,0,0,0,0,1,0,0
2724,0,0,0,0,0,0,1,0,1,0
2725,0,1,0,0,0,0,1,0,1,1
2726,1,0,0,0,0,0,1,0,1,0
2727,0,1,0,0,0,0,1,0,1,0
2728,0,0,0,0,0,0,1,0,1,0
2729,0,0,0,0,0,0,1,0,1,0
2730,0,0,0,0,0,0,1,1,0,0
2801,0,0,0,0,1,0,1,0,1,1
2802,0,0,0,0,1,0,1,1,1,0
2803,0,0,0,0,1,1,1,1,1,0
2804,0,1,0,0,1,0,1,1,1,1
2805,0,0,0,0,1,0,1,1,1,1
2806,0,0,0,0,1,0,1,1,1,1
2807,0,0,1,0,1,0,1,0,1,1
2808,0,0,0,0,1,0,1,1,1,0
2809,1,0,0,0,1,0,1,1,1,1
2810,0,0,0,0,1,1,1,1,1,1
2811,0,0,0,0,1,0,1,0,1,1
2812,0,0,1,0,1,0,1,0,1,1
2813,0,0,0,0,1,0,1,0,1,1
2814,0,0,1,0,1,1,1,1,0,1
2815,0,0,0,0,1,0,1,0,1,1
2816,0,1,1,0,1,0,1,0,1,1
2817,0,0,0,0,1,1,1,1,1,1
2818,0,1,1,0,1,0,0,1,1,1
2819,1,0,0,0,1,0,1,0,1,0
2820,0,0,0,0,0,0,1,1,1,0
2821,0,0,1,1,1,0,1,1,1,1
2822,0,0,0,0,1,0,1,0,1,1
2823,0,0,0,1,1,0,1,0,1,1
2824,0,0,0,0,1,0,1,1,1,0
2825,0,0,0,1,1,0,1,0,1,1
2826,0,0,0,0,1,0,1,1,1,1
2827,0,,0,0,1,0,1,0,1,1
2828,0,0,0,0,1,0,1,0,1,1
2829,0,0,0,0,1,0,1,1,1,1
2830,0,0,1,0,1,0,0,0,1,1
2901,0,1,0,0,0,0,1,0,1,0
2902,0,0,0,0,0,0,1,0,1,0
2903,0,0,0,0,0,0,0,0,0,0
2904,1,0,0,0,0,0,1,0,1,0
2905,0,0,0,0,0,0,0,0,0,0
2906,0,0,0,0,0,0,1,1,1,0
2907,0,0,0,0,0,0,1,1,1,0
2908,0,1,0,0,0,0,1,0,0,0
2909,0,0,0,0,0,0,1,0,1,1
2910,0,0,0,0,0,0,1,1,1,0
2911,0,1,0,0,0,0,1,0,1,1
2912,0,0,0,0,0,0,1,0,0,0
2913,0,0,0,0,0,0,0,0,1,0
2914,0,0,0,0,0,0,0,0,1,0
2915,0,1,1,0,0,0,1,0,0,0
2917,0,0,0,0,0,0,0,0,1,0
2918,0,0,0,0,0,0,1,0,0,0
2919,0,0,0,0,0,0,0,0,0,0
2920,0,0,0,0,0,0,1,0,0,0
2921,0,1,0,0,0,0,0,0,0,0
2922,0,0,0,0,0,0,0,0,1,0
2923,0,0,0,0,0,0,1,0,1,0
2924,0,0,0,0,0,0,0,0,1,0
2925,1,0,0,0,0,0,1,0,1,1
2926,0,0,0,0,0,0,1,0,1,0
2927,0,1,0,0,0,0,1,0,0,0
2928,0,0,0,0,0,0,0,0,1,0
2929,0,0,0,0,0,0,0,0,0,0
2930,0,0,0,0,0,0,0,0,1,0
3001,0,0,0,0,0,0,1,1,1,0
3002,0,1,0,0,0,0,0,0,1,0
3003,0,0,0,0,0,0,1,0,0,0
3004,0,0,0,0,0,0,1,0,1,0
3005,0,0,0,0,0,0,1,0,1,0
3006,0,0,0,0,0,0,1,0,1,0
3007,0,0,0,0,0,0,1,0,1,0
3008,0,0,0,0,0,0,1,0,1,0
3009,0,,0,0,0,0,0,0,1,0
3010,0,0,0,0,1,0,1,0,1,0
3011,0,0,0,0,0,0,0,0,1,0
3012,1,0,0,0,0,0,1,0,1,0
3013,0,0,0,0,0,0,1,0,0,0
3014,0,0,0,0,0,0,1,0,1,0
3015,0,1,0,0,0,0,1,0,1,0
3016,0,0,0,0,0,0,0,0,1,0
3017,0,1,0,0,0,0,1,0,0,0
3018,0,0,0,0,0,0,1,0,1,0
3019,0,0,0,0,0,0,1,0,0,0
3020,0,1,0,0,0,0,1,0,1,1
3021,0,1,1,0,0,0,1,0,1,0
3022,0,0,0,0,0,0,0,0,1,0
3023,0,0,0,0,0,0,1,1,1,1
3024,0,,0,0,1,0,1,0,1,0
3025,0,1,0,0,1,0,1,0,1,1
3026,0,1,0,0,0,0,1,0,1,1
3027,0,,0,0,0,0,1,0,1,0
3028,0,0,0,0,0,0,0,0,1,0
3029,0,0,0,0,0,0,1,0,1,0
3030,0,1,0,0,0,0,1,0,1,0
3101,0,0,0,0,0,0,1,0,1,0
3102,0,1,0,0,0,0,1,0,1,1
3103,0,0,0,0,0,0,1,0,1,0
3104,0,0,0,0,0,0,1,0,0,0
3105,0,1,0,0,0,0,1,0,1,0
3106,0,0,0,0,0,0,1,0,1,0
3107,0,0,0,0,0,0,1,0,1,0
3108,0,,0,0,0,0,1,0,1,0
3109,0,0,0,0,0,0,0,0,0,0
3110,0,0,1,0,0,0,1,0,1,0
3111,0,0,0,0,0,0,1,0,1,0
3112,0,0,0,0,1,0,1,0,1,0
3113,0,1,0,0,0,0,1,0,1,1
3114,0,0,0,0,0,0,1,0,0,0
3115,0,0,0,0,0,0,1,0,0,0
3116,0,1,0,0,1,0,1,0,1,0
3117,0,0,0,0,0,0,1,1,1,0
3118,0,0,0,0,0,0,1,0,1,0
3119,1,0,0,0,0,0,1,0,1,1
3120,0,0,0,0,0,0,1,0,1,0
3121,0,0,0,1,0,0,1,1,1,1
3122,0,0,0,0,0,0,1,0,0,0
3123,0,0,0,1,1,0,1,1,1,1
3124,0,0,0,0,0,0,1,0,1,0
3125,0,0,0,0,0,0,1,0,1,0
3126,0,1,0,0,0,0,1,0,1,0
3127,0,0,0,0,0,0,1,0,1,0
3128,0,0,0,0,0,0,1,0,0,0
3129,0,0,0,0,0,0,1,0,1,0
3130,0,0,0,0,0,0,1,0,1,0
3201,0,0,0,0,0,0,1,0,0,0
3202,0,1,1,0,0,0,1,0,1,0
3203,0,0,0,0,0,0,1,0,1,0
3204,0,0,0,0,0,0,1,0,1,0
3205,0,0,0,0,0,0,1,0,1,0
3206,0,0,0,0,0,0,1,0,1,0
3207,0,1,1,0,1,0,1,0,1,1
3208,0,0,1,0,0,0,1,0,1,0
3209,0,0,1,0,0,0,1,0,1,0
3210,0,0,0,0,0,0,1,0,0,0
3211,0,0,0,0,0,0,0,0,1,0
3212,0,0,0,0,0,0,1,0,1,0
3213,1,1,0,0,0,0,1,0,0,0
3214,0,0,0,0,0,0,1,0,1,1
3215,1,1,0,0,0,0,1,0,1,0
3216,0,0,0,0,0,0,1,0,0,0
3217,0,0,0,0,0,0,1,0,0,0
3218,0,0,0,0,0,0,1,1,1,0
3219,0,0,0,0,0,0,1,0,0,0
3220,0,0,0,0,0,0,1,0,1,0
3221,0,0,0,0,0,0,1,1,1,0
3222,0,0,0,0,0,0,1,0,1,1
3223,0,0,0,0,0,0,1,0,1,0
3224,0,0,0,0,0,0,0,0,1,0
3225,0,0,0,0,0,0,1,0,1,0
3226,0,1,0,0,0,0,1,0,0,0
3227,0,0,0,0,0,0,1,0,1,0
3228,0,0,0,0,0,0,0,0,1,0
3229,0,0,0,0,0,0,1,0,1,0
3230,0,1,0,0,0,0,1,0,1,0
3301,0,0,0,0,0,0,0,0,1,0
3302,0,1,0,0,0,0,1,0,1,0
3303,0,0,0,0,0,0,1,0,1,0
3304,0,1,0,0,0,0,0,0,1,0
3305,0,0,0,0,0,0,0,0,1,0
3306,0,0,0,0,0,0,0,0,1,0
3307,0,0,0,0,0,0,1,0,1,0
3308,0,0,0,0,0,0,1,0,0,0
3309,0,0,0,0,0,0,0,0,1,0
3310,0,1,0,0,0,0,1,0,1,0
3311,0,0,0,1,0,0,1,0,1,0
3312,0,0,0,0,1,0,1,0,1,1
3313,0,0,0,0,0,0,0,0,1,0
3314,0,0,0,0,0,0,1,0,1,0
3315,0,1,0,0,0,0,1,0,1,0
3316,0,0,0,0,0,0,1,0,1,0
3317,0,0,0,0,0,0,1,0,1,0
3318,0,1,0,0,0,0,1,0,1,0
3319,0,1,0,0,0,0,1,0,1,0
3320,0,0,0,0,0,0,1,0,0,0
3321,0,0,0,0,0,0,1,0,1,0
3322,0,0,0,0,0,0,1,0,1,0
3323,0,0,0,0,0,0,1,0,0,0
3324,0,0,0,0,0,0,0,0,0,0
3325,0,0,0,0,0,0,1,0,1,1
3326,0,0,0,0,0,0,1,0,1,0
3327,0,0,0,0,0,0,1,0,1,0
3328,0,0,0,0,0,0,1,0,1,0
3329,0,1,0,0,0,0,1,0,1,0
3330,0,0,0,0,0,0,0,0,1,1
3401,0,0,0,0,1,1,1,0,1,1
3402,0,0,0,1,0,0,1,1,1,0
3403,0,0,0,0,0,1,1,0,1,1
3404,0,0,0,0,0,1,1,1,1,0
3405,0,0,0,0,1,0,1,0,0,1
3406,0,1,0,1,1,0,1,0,1,1
3407,0,0,0,0,1,0,1,1,1,1
3408,1,0,0,0,0,0,1,0,1,1
3409,0,0,0,0,1,1,0,0,1,0
3410,0,0,0,0,1,1,1,0,1,1
3411,0,0,0,0,1,1,1,0,1,0
3412,0,0,0,1,1,0,1,0,1,0
3413,0,0,0,0,0,1,1,0,1,0
3414,1,0,1,0,0,1,1,1,1,0
3415,0,1,1,0,1,0,1,1,1,1
3416,0,0,0,0,1,1,1,0,1,0
3417,0,0,0,0,0,0,1,1,1,0
3418,0,1,0,0,1,1,1,1,1,1
3419,0,0,0,0,0,1,1,0,1,0
3420,0,0,0,1,1,0,1,1,1,1
3421,0,0,0,0,1,0,1,0,1,0
3422,0,1,1,0,1,1,1,1,1,0
3423,0,0,0,0,1,0,1,0,1,1
3424,0,0,0,0,1,1,1,1,1,0
3425,0,0,0,1,1,1,1,1,1,1
3426,0,0,0,0,0,1,1,0,1,0
3427,0,0,1,0,0,1,1,0,1,0
3428,0,0,0,0,0,1,1,1,1,1
3429,0,1,0,0,0,0,1,0,1,0
3430,0,0,0,0,0,1,1,0,1,0
3501,0,0,0,0,0,0,1,0,1,0
3502,0,1,0,0,0,0,1,0,1,0
3503,0,0,0,0,0,0,0,0,1,0
3504,0,0,0,0,1,0,0,1,1,0
3505,0,0,0,0,1,0,1,0,1,1
3506,0,0,0,0,1,0,1,1,1,0
3507,0,1,1,0,0,0,1,0,1,0
3508,0,0,0,1,0,0,1,1,1,0
3509,0,0,0,0,0,0,1,1,1,1
3510,1,0,0,0,0,0,1,0,1,1
3511,0,0,0,0,0,0,1,0,0,0
3512,0,0,0,1,0,0,1,1,1,0
3513,0,0,0,0,0,0,1,1,1,0
3514,1,0,0,0,0,0,1,0,1,0
3515,0,1,0,0,0,0,1,0,1,0
3516,0,0,0,0,1,0,1,1,1,0
3517,0,0,0,0,1,0,1,1,1,0
3518,0,0,0,0,0,0,1,0,0,0
3519,0,0,0,0,0,0,1,0,1,0
3520,0,0,0,0,0,0,1,1,1,0
3521,0,0,0,0,0,0,1,1,1,1
3522,0,0,0,0,0,0,0,0,1,0
3523,0,1,0,0,0,1,1,1,1,1
3524,0,0,1,0,1,0,1,1,1,1
3525,0,1,0,0,0,0,1,1,1,0
3526,0,0,0,1,0,0,1,0,1,0
3527,0,0,0,0,1,0,1,1,1,0
3528,0,1,0,0,0,0,1,0,1,0
3529,0,0,0,0,1,1,1,1,1,1
3530,0,1,0,0,0,0,1,0,1,0
3601,0,0,0,0,0,0,1,1,0,0
3602,0,1,0,0,0,0,1,0,1,0
3603,0,0,0,1,0,1,1,1,1,0
3604,0,0,1,0,0,0,1,1,1,0
3605,0,0,1,0,1,0,1,0,1,1
3606,0,0,0,0,0,0,0,0,1,0
3607,0,0,0,0,0,0,1,0,1,0
3608,0,0,0,0,1,1,1,0,1,1
3609,0,0,0,0,0,0,1,0,1,0
3610,0,0,0,0,0,0,1,0,0,0
3611,0,0,0,1,1,1,1,1,1,1
3612,0,1,0,0,1,0,1,1,1,1
3613,0,0,0,0,0,0,1,1,1,0
3614,0,0,0,0,0,0,1,0,1,0
3615,0,1,1,1,0,0,1,1,1,1
3616,0,1,1,0,1,0,1,1,1,1
3617,0,0,0,1,1,0,1,1,1,1
3618,0,0,0,1,1,0,1,1,1,1
3619,0,0,0,0,0,0,1,1,1,0
3620,0,0,0,0,1,0,1,1,1,0
3621,0,1,0,0,0,0,1,0,1,0
3622,0,0,0,0,1,0,1,1,1,1
3623,0,0,0,1,1,0,1,1,1,1
3624,0,0,0,0,0,0,0,0,1,0
3625,0,1,0,0,0,0,1,0,1,0
3626,0,0,0,0,0,0,1,0,1,0
3627,0,0,0,0,1,0,1,0,1,0
3628,0,1,0,1,1,1,1,1,1,1
3629,0,1,1,1,1,0,1,1,1,0
3630,0,0,0,1,0,1,1,1,1,1
3701,0,1,1,1,1,1,1,1,1,1
3702,0,0,1,0,1,1,1,1,1,1
3703,0,0,0,0,1,1,1,1,1,1
3704,0,1,0,0,1,1,1,1,1,0
3705,0,1,0,0,1,1,1,1,1,1
3706,0,0,0,0,1,1,1,0,1,0
3707,0,0,0,1,1,1,1,1,1,1
3708,0,0,1,0,1,1,1,1,1,1
3709,0,0,0,0,1,1,1,1,1,1
3710,0,0,0,0,1,1,1,1,1,1
3711,0,0,0,0,1,1,1,1,1,1
3712,0,1,0,0,1,1,1,1,1,1
3713,0,0,0,0,1,1,1,1,1,0
3714,0,0,1,0,1,1,1,1,1,1
3715,0,0,0,0,1,1,1,1,1,0
3716,0,0,0,0,1,1,1,1,1,1
3717,0,0,1,1,1,1,1,1,1,1
3718,0,0,1,0,1,1,1,1,1,1
3719,0,0,0,0,1,1,1,1,1,1
3720,0,0,0,0,1,1,1,1,1,0
3721,0,0,0,1,1,1,1,1,1,1
3722,0,0,0,0,1,1,1,0,1,0
3723,0,0,0,0,1,1,1,1,1,0
3724,0,0,0,0,1,1,1,1,1,1
3725,0,0,0,0,1,1,1,1,1,1
3726,0,0,0,0,1,1,1,1,1,1
3727,0,0,0,0,1,1,1,1,1,0
3728,0,0,1,0,1,1,1,1,1,1
3729,0,0,0,1,1,1,1,1,1,1
3730,0,0,0,0,1,1,1,1,1,0
3801,1,1,1,0,1,1,1,1,1,1
3802,0,1,0,1,1,1,1,1,1,1
3803,0,1,1,1,1,1,1,1,1,1
3804,0,1,0,1,1,1,1,1,1,0
3805,0,1,1,1,1,1,1,1,1,1
3806,0,1,0,1,1,1,1,1,1,1
3807,0,1,0,1,1,1,1,1,1,1
3808,0,1,0,1,1,1,1,1,1,1
3809,0,1,0,1,1,1,1,1,1,1
3810,0,1,0,0,1,1,1,1,1,1
3811,0,1,0,0,1,1,1,1,1,1
3812,0,0,0,1,1,1,1,1,1,1
3813,0,0,0,0,1,1,1,1,1,1
3814,1,0,0,1,1,1,1,1,1,1
3815,0,1,0,0,1,1,1,1,1,1
3816,0,0,0,0,1,1,1,1,1,1
3817,0,1,1,1,1,1,1,1,1,1
3818,0,1,0,0,1,1,1,1,1,1
3819,0,0,0,1,1,1,1,1,1,1
3820,0,0,0,0,1,1,1,1,1,1
3821,0,1,1,1,1,1,1,1,1,0
3822,0,0,0,1,0,1,1,1,1,1
3823,0,0,0,0,1,1,1,1,1,1
3824,0,1,0,1,1,1,1,1,1,1
3825,0,0,0,0,1,1,1,1,1,0
3826,0,0,0,0,1,1,1,1,1,1
3827,0,1,0,0,1,1,1,1,1,1
3828,0,1,0,0,1,1,1,1,1,1
3829,0,1,0,0,1,1,1,1,1,1
3830,0,0,0,1,1,1,1,1,1,0
3901,0,1,0,0,1,1,1,1,1,1
3902,0,1,0,1,1,1,1,1,1,1
3903,0,0,1,1,1,1,1,1,1,1
3904,0,0,0,1,1,1,1,1,1,1
3905,0,0,1,0,1,1,1,1,1,1
3906,0,1,0,1,1,1,1,1,1,1
3907,0,0,0,0,1,1,1,1,1,0
3908,0,0,0,1,1,1,1,1,1,1
3909,0,0,0,0,1,1,1,1,1,1
3910,0,0,0,1,1,1,1,1,1,1
3911,0,0,0,1,1,1,1,1,1,1
3912,0,0,1,1,1,0,1,1,1,1
3913,0,0,0,0,0,0,1,1,1,0
3914,0,0,0,0,1,1,1,1,1,1
3915,0,0,0,0,1,0,1,1,1,1
3916,0,0,1,1,1,1,1,1,1,1
3917,0,0,0,1,1,1,1,1,1,1
3918,0,0,0,0,1,0,1,0,1,0
3919,0,0,0,0,1,0,1,1,1,0
3920,0,0,0,0,1,1,1,1,1,1
3921,0,0,0,1,1,0,1,1,1,1
3922,0,0,0,1,1,0,1,1,1,1
3923,0,0,0,0,1,0,1,0,1,0
3924,0,0,0,0,1,0,1,1,1,1
3925,0,1,0,1,1,0,1,1,1,0
3926,0,0,1,1,1,0,1,1,1,1
3927,0,1,1,1,1,0,1,1,1,1
3928,0,0,1,0,1,0,1,1,1,1
3929,0,0,0,0,1,0,1,1,1,1
3930,0,0,0,0,1,0,1,1,1,0
4001,0,0,0,0,1,0,0,0,1,0
4002,0,1,1,0,1,1,1,1,1,1
4003,0,1,1,1,1,0,1,1,1,1
4004,0,1,1,0,1,1,1,1,1,1
4005,0,1,0,0,1,1,1,0,1,1
4006,1,0,0,0,1,0,1,1,1,0
4007,0,0,0,0,1,1,1,1,1,1
4008,1,1,0,0,1,1,1,0,1,0
4009,0,0,0,0,1,0,1,1,1,0
4010,0,0,0,0,1,1,1,1,1,1
4011,0,0,0,0,1,1,1,1,1,1
4012,0,0,1,0,0,1,1,0,1,0
4013,0,0,0,0,1,1,1,1,1,1
4014,0,1,1,0,1,1,1,0,1,0
4015,0,0,0,0,1,1,1,0,1,0
4016,0,1,0,1,1,0,1,1,1,0
4017,0,0,0,0,0,1,1,1,1,0
4018,0,,1,0,0,1,1,0,1,0
4019,0,0,1,0,1,1,1,1,1,1
4020,0,1,0,1,0,1,1,1,1,0
4021,0,0,0,0,1,1,0,0,1,0
4022,0,1,0,0,0,0,1,1,1,1
4023,0,0,0,0,0,1,1,1,1,0
4024,0,0,0,1,1,1,1,1,1,0
4025,0,0,0,0,0,1,0,0,1,0
4026,0,0,1,1,1,1,1,0,1,1
4027,0,0,0,0,0,1,1,0,1,0
4028,0,0,1,0,0,1,1,1,1,0
4029,0,1,1,0,1,0,1,0,1,0
4030,0,0,0,0,0,1,1,0,1,0
4101,0,0,1,0,1,0,1,1,1,0
4102,1,0,0,0,0,1,1,0,1,0
4103,0,1,1,1,1,1,1,1,1,1
4104,0,0,0,0,1,1,1,1,1,1
4105,0,0,0,0,0,1,1,0,1,0
4106,1,1,0,0,0,1,1,1,1,0
4107,0,1,0,0,0,0,1,0,1,0
4108,0,1,1,1,1,1,1,1,1,1
4109,0,0,1,0,1,1,1,1,1,1
4110,0,0,0,0,1,1,1,1,1,1
4111,0,0,0,0,1,1,1,1,1,1
4112,0,1,1,1,1,1,1,1,1,1
4113,0,0,0,0,1,1,1,1,1,0
4114,0,0,0,1,1,1,1,1,1,1
4115,0,0,0,0,1,1,1,0,1,1
4116,0,0,0,1,1,1,1,1,1,0
4117,0,0,0,0,0,1,1,0,1,0
4118,0,0,0,0,1,1,1,1,1,1
4119,0,0,1,1,1,0,1,1,1,1
4120,1,0,1,0,1,0,1,1,1,0
4121,0,0,1,1,1,1,1,1,1,1
4122,0,0,0,1,1,1,1,0,1,1
4123,0,0,0,0,1,1,1,1,1,0
4124,0,0,0,1,1,1,1,0,1,0
4125,0,0,0,0,1,0,1,0,1,1
4126,0,0,1,0,1,1,1,1,1,1
4127,0,1,0,0,1,0,1,1,1,0
4128,0,0,0,1,1,0,1,1,1,0
4129,0,0,1,1,1,1,1,1,1,1
4130,0,0,0,0,1,0,1,0,1,0
4201,1,0,1,0,1,1,1,1,1,1
4202,0,1,1,0,1,1,1,1,1,1
4203,0,1,0,0,1,1,1,1,1,1
4204,0,0,0,0,1,1,1,1,1,0
4205,0,0,1,0,1,1,1,1,1,1
4206,0,1,0,0,1,1,1,1,1,1
4207,0,0,0,1,1,1,1,1,1,1
4208,0,0,1,0,1,1,1,1,1,1
4209,0,0,0,0,1,1,1,1,1,1
4210,0,0,0,0,1,1,1,1,1,0
4211,0,0,0,0,1,1,1,1,1,1
4212,0,1,0,1,1,1,1,1,1,1
4213,0,0,0,0,1,1,1,1,1,0
4214,0,1,1,1,1,1,1,1,1,1
4215,0,1,0,0,1,1,1,1,1,0
4216,0,0,0,0,1,1,1,1,1,1
4217,0,1,1,1,1,1,1,1,1,1
4218,0,0,1,0,1,1,1,1,1,1
4219,0,0,0,1,1,1,1,1,1,1
4220,1,1,0,1,1,1,1,1,1,1
4221,0,0,0,1,1,1,1,1,1,1
4222,0,1,0,0,1,1,1,1,1,1
4223,0,0,0,0,1,1,1,1,1,0
4224,0,0,0,0,1,1,1,1,1,1
4225,0,1,0,0,1,1,1,1,1,1
4226,1,0,1,0,1,1,1,1,1,0
4227,0,1,0,0,1,1,1,1,1,0
4228,0,1,0,0,1,1,1,1,1,1
4229,0,0,0,0,1,1,1,1,1,1
4230,0,1,0,0,1,1,1,1,1,1
4301,0,1,0,0,1,1,1,1,1,1
4302,0,0,0,0,1,1,1,0,1,0
4303,0,1,0,0,0,1,1,1,1,0
4304,0,1,0,0,0,1,1,0,1,0
4305,0,0,0,0,1,1,1,0,1,0
4306,0,0,0,0,0,1,1,0,1,0
4307,0,0,0,0,0,1,1,0,1,0
4308,0,0,0,0,1,1,1,0,1,0
4309,0,0,0,0,1,1,1,1,1,1
4310,0,0,0,0,1,1,0,1,1,0
4311,0,1,0,0,1,1,1,1,1,1
4312,1,1,0,0,0,1,1,1,1,1
4313,0,0,0,0,0,1,0,0,1,0
4314,0,0,0,0,1,0,1,0,1,0
4315,0,0,0,0,0,1,0,0,1,0
4316,0,1,0,0,0,1,0,0,1,1
4317,0,0,0,0,1,1,1,0,1,0
4318,0,0,0,0,0,1,0,0,1,0
4319,0,1,0,0,0,1,1,0,1,0
4320,0,0,0,0,1,1,1,0,1,0
4321,0,0,0,0,0,1,0,0,1,1
4322,0,0,0,0,0,1,0,0,1,0
4323,0,0,0,0,1,1,1,0,1,0
4324,0,0,0,0,1,1,0,1,1,1
4325,0,0,1,0,0,1,0,0,1,1
4326,0,1,0,0,1,1,0,0,1,0
4327,0,0,0,0,0,1,0,0,1,1
4328,0,0,0,0,0,1,0,0,1,0
4329,0,0,0,0,1,1,1,1,1,0
4330,0,0,0,0,1,1,0,0,1,1
4401,0,1,1,0,1,1,1,1,1,0
4402,0,0,0,0,1,1,1,1,1,1
4403,0,0,0,1,1,1,1,1,1,1
4404,0,0,0,0,1,0,1,0,1,0
4405,0,0,0,0,1,1,1,1,0,1
4406,0,0,0,0,1,0,1,0,1,0
4407,0,0,0,0,1,1,1,1,1,0
4408,0,0,0,0,1,1,1,0,1,0
4409,0,1,0,0,1,1,1,0,1,0
4410,0,1,1,0,1,1,1,1,1,1
4411,0,0,0,1,1,1,1,1,1,1
4412,1,0,0,1,1,1,1,0,1,0
4413,0,1,0,0,1,1,1,1,1,0
4414,0,0,0,0,1,1,1,0,1,1
4415,0,0,0,1,1,1,1,1,1,1
4416,0,0,0,0,1,1,1,1,1,1
4417,0,0,0,0,0,1,0,1,1,0
4418,0,0,0,0,1,1,0,0,1,0
4419,0,0,1,0,1,1,1,1,1,1
4420,0,0,0,0,1,1,0,0,1,0
4421,0,0,0,1,1,1,1,1,1,0
4422,0,0,0,1,1,1,1,1,1,1
4423,0,1,0,0,1,1,1,1,1,1
4424,1,0,1,1,1,1,1,1,1,1
4425,0,0,1,0,1,1,1,1,1,1
4426,0,0,0,1,1,1,1,0,1,1
4427,0,1,0,0,1,1,1,1,1,1
4428,0,0,0,0,1,1,1,1,1,1
4429,1,0,0,1,1,1,1,1,1,1
4430,0,1,1,0,1,1,1,1,1,1
4501,0,0,0,1,1,1,1,1,1,1
4502,0,0,0,0,1,1,1,1,1,1
4503,0,0,0,1,1,1,1,1,1,0
4504,0,0,1,0,1,1,1,1,1,1
4505,0,1,1,0,1,1,1,1,1,1
4506,0,1,0,1,1,1,1,1,1,1
4507,0,1,0,0,1,1,1,1,1,1
4508,0,0,0,0,1,1,1,1,1,1
4509,0,1,1,1,1,1,1,1,1,1
4510,0,0,0,1,1,1,1,1,1,1
4511,0,1,1,0,1,1,1,1,1,1
4512,0,0,0,1,1,1,1,1,1,1
4513,0,1,0,0,1,1,1,1,1,1
4514,0,0,0,1,1,1,1,1,1,1
4515,0,0,0,1,1,1,1,0,1,1
4516,0,1,0,0,1,1,1,1,1,1
4517,0,1,0,0,1,1,1,1,1,1
4518,0,0,0,1,1,1,1,1,1,1
4519,0,0,0,0,1,1,1,1,1,1
4520,0,0,0,0,1,1,1,1,1,0
4521,0,0,1,1,1,1,1,1,1,1
4522,0,0,0,0,1,1,1,1,1,1
4523,0,1,0,1,1,1,1,1,1,0
4524,0,0,1,0,1,1,1,1,1,1
4525,0,0,0,1,1,1,1,1,1,1
4526,0,1,1,1,1,1,1,1,1,0
4527,0,0,0,0,1,1,1,0,1,0
4528,0,1,0,0,1,1,1,1,1,1
4529,0,1,0,1,1,1,1,0,1,1
4530,0,0,0,1,1,1,1,1,1,0
4601,0,0,0,0,1,1,1,1,1,1
4602,1,0,0,0,1,1,1,1,1,1
4603,0,0,0,1,1,1,1,1,1,0
4604,0,1,0,1,1,1,1,1,1,1
4605,0,1,1,1,1,1,1,1,1,1
4606,0,1,1,0,1,1,1,1,1,0
4607,0,0,0,0,1,1,1,1,1,0
4608,0,0,0,0,1,1,1,1,1,1
4609,0,0,0,0,1,1,1,1,1,0
4610,0,0,0,1,1,1,1,1,1,1
4611,0,0,1,0,1,1,1,0,1,1
4612,1,1,0,0,1,1,1,1,1,1
4613,0,0,1,0,0,1,1,0,1,0
4614,0,1,1,0,1,1,1,1,1,0
4615,0,0,0,0,1,1,1,1,1,0
4616,0,0,0,0,1,1,1,1,1,1
4617,0,0,0,0,1,1,1,1,1,0
4618,0,1,0,0,1,1,1,1,1,1
4619,0,0,1,0,1,1,1,1,1,1
4620,0,1,0,0,1,1,1,1,1,1
4621,0,0,0,0,1,1,1,1,1,1
4622,0,0,0,1,1,1,1,1,1,0
4623,0,0,0,0,1,1,1,1,1,1
4624,0,0,0,1,1,1,1,1,1,1
4625,0,0,0,0,1,1,1,1,1,1
4626,0,0,0,0,1,1,1,1,1,1
4627,0,0,0,0,1,1,1,1,1,1
4628,0,1,0,0,1,1,1,1,1,0
4629,1,1,0,0,1,1,1,1,1,0
4630,0,1,0,0,1,1,1,1,1,1
4701,1,0,0,0,1,0,1,1,1,1
4702,0,0,0,0,1,0,1,0,1,0
4703,0,1,1,1,1,1,1,1,1,1
4704,0,0,0,0,1,0,1,1,1,0
4705,0,0,1,0,1,0,1,1,1,1
4706,0,0,1,0,1,0,1,1,1,1
4707,0,1,0,0,1,1,1,1,1,0
4708,0,0,0,1,1,0,1,1,1,1
4709,0,0,0,0,1,0,1,1,1,1
4710,0,0,0,1,1,1,1,1,1,1
4711,1,0,0,0,1,0,1,1,1,1
4712,0,0,0,1,1,1,1,1,1,1
4713,1,0,0,0,1,1,1,1,1,1
4714,0,1,1,0,1,1,1,1,1,0
4715,0,0,0,1,1,1,1,1,1,1
4716,0,0,0,0,1,0,1,1,1,1
4717,0,0,0,0,1,0,1,1,1,0
4718,0,0,0,0,1,1,1,1,1,1
4719,0,0,0,1,1,0,1,1,1,1
4720,0,0,0,0,1,0,1,1,1,0
4721,0,0,0,0,1,1,1,1,1,0
4722,0,0,0,0,1,0,1,1,1,0
4723,0,1,0,1,1,0,1,1,1,1
4724,0,0,0,0,1,1,1,1,1,0
4725,0,0,0,0,1,0,1,1,1,0
4726,0,0,0,0,1,0,1,1,1,1
4727,0,0,0,1,1,1,1,1,1,1
4728,0,0,0,0,1,0,1,1,1,1
4729,0,0,0,0,1,0,1,1,1,0
4730,0,0,0,0,1,1,1,1,1,1
4801,0,1,1,0,1,1,1,1,1,1
4802,0,0,0,0,1,1,1,1,1,1
4803,0,0,0,0,1,1,1,1,1,0
4804,0,1,1,1,1,1,1,1,1,0
4805,0,0,0,0,1,1,1,1,1,1
4806,0,1,1,0,1,1,1,1,1,0
4807,0,0,0,0,1,1,1,1,1,1
4808,0,0,0,0,1,1,1,1,1,1
4809,0,0,0,0,1,1,1,1,1,1
4810,0,0,1,0,1,1,1,1,1,1
4811,0,0,0,0,1,1,1,1,1,1
4812,0,0,0,0,1,1,1,1,1,1
4813,0,0,0,0,1,1,1,1,1,1
4814,0,1,0,0,1,1,1,1,1,1
4815,0,0,0,0,1,1,1,1,1,1
4816,0,0,0,0,1,1,1,1,1,1
4817,0,0,0,0,1,1,1,1,1,1
4818,1,1,1,0,1,1,1,1,1,1
4819,0,1,0,0,1,1,1,1,1,0
4820,0,0,0,0,1,1,1,1,1,1
4821,0,1,0,1,1,1,1,1,1,1
4822,0,1,1,0,1,1,1,1,1,1
4823,0,1,0,1,1,1,1,1,1,1
4824,0,0,0,1,1,1,1,1,1,1
4825,0,0,1,1,1,1,1,1,1,1
4826,0,0,0,0,1,1,1,1,1,1
4827,0,0,0,1,1,1,1,1,1,1
4828,0,0,1,0,1,1,1,1,1,1
4829,0,0,1,1,1,1,1,1,1,1
4830,0,1,1,1,1,1,1,1,0,1
4901,0,0,0,1,1,1,1,1,1,1
4902,0,0,0,1,1,1,1,1,1,1
4903,0,0,0,0,1,1,1,1,1,1
4904,0,0,0,0,1,1,1,1,1,1
4905,0,0,0,0,1,1,1,0,1,1
4906,0,0,0,0,1,1,1,1,1,1
4907,0,1,0,0,1,1,1,1,1,1
4908,0,0,1,0,1,1,1,0,1,1
4909,0,1,1,0,1,1,1,1,1,0
4910,0,0,0,1,1,1,1,1,1,1
4911,0,0,0,1,1,1,1,1,1,0
4912,0,1,1,0,1,1,1,1,1,1
4913,1,0,0,0,1,1,1,1,1,0
4914,1,1,0,0,1,1,1,1,1,1
4915,0,0,0,0,1,1,1,0,1,0
4916,0,1,0,0,1,1,1,0,1,0
4917,0,1,0,0,1,0,1,1,1,1
4918,0,0,1,0,1,1,1,1,1,1
4919,0,0,0,0,1,0,1,1,1,1
4920,0,0,0,0,1,1,1,1,1,0
4921,0,0,0,0,1,0,1,0,1,0
4922,0,0,1,0,1,0,1,1,1,1
4923,0,0,0,0,1,1,1,1,1,1
4924,0,0,1,0,1,1,1,1,1,1
4925,0,0,0,1,1,0,1,1,1,1
4926,0,0,0,0,1,1,1,1,1,1
4927,0,1,0,0,1,0,1,1,1,0
4928,0,1,1,0,1,0,1,1,1,1
4929,0,1,0,0,1,1,1,1,1,1
4930,0,1,1,0,1,0,1,1,1,1
5001,0,1,0,1,1,1,1,1,1,1
5002,1,1,0,0,1,1,1,1,1,0
5003,0,0,0,0,1,1,1,1,1,1
5004,0,1,0,0,1,1,1,1,1,1
5005,0,0,0,0,0,1,1,1,1,1
5006,0,0,0,0,1,1,1,1,1,1
5007,1,0,1,0,1,1,1,1,1,0
5008,0,0,1,0,1,1,1,1,1,0
5009,0,0,1,0,1,1,1,1,1,1
5010,0,1,0,0,1,1,1,1,1,0
5011,0,0,1,1,1,1,1,1,1,1
5012,0,0,0,0,1,1,1,1,1,0
5013,0,1,0,0,1,1,1,1,1,0
5014,0,0,0,0,1,1,1,1,1,1
5015,0,1,0,0,1,1,1,1,1,1
5016,0,0,0,0,1,1,1,1,1,1
5017,0,1,0,0,1,1,1,1,1,1
5018,0,1,0,0,1,1,1,1,1,1
5019,0,0,0,0,1,1,1,1,1,0
5020,0,0,0,0,0,1,1,1,1,0
5021,0,0,0,0,1,1,1,1,1,1
5022,0,0,0,1,1,1,1,1,1,1
5023,0,0,0,0,1,1,1,1,1,1
5101,0,1,1,1,1,1,1,1,1,1
5102,1,1,1,1,1,1,1,1,1,1
5103,0,0,1,0,1,1,1,1,1,0
5104,0,1,1,1,1,1,1,1,1,1
5105,1,0,0,1,1,1,1,1,1,1
5106,0,1,0,0,1,1,1,1,1,0
5107,0,1,1,0,1,1,1,1,1,1
5108,0,1,0,1,1,1,1,1,1,1
5109,1,1,1,1,1,1,1,1,1,1
5110,0,1,1,0,1,1,1,1,1,1
5111,1,1,1,1,1,1,1,1,1,1
5112,0,0,1,1,1,1,1,1,1,1
5113,0,1,1,1,1,1,1,1,1,1
5114,0,0,0,1,1,1,1,1,1,1
5115,0,1,1,1,1,1,1,1,1,1
5116,0,0,1,0,1,1,1,1,1,0
5117,0,0,0,0,1,1,1,1,1,0
5118,0,0,0,1,1,1,1,1,1,1
5119,0,,0,0,1,1,1,1,1,0
5201,0,0,0,1,1,1,1,1,1,1
5202,0,1,0,1,1,1,1,1,1,1
5203,0,0,0,1,1,1,1,1,1,1
5204,1,0,0,0,1,1,1,1,1,0
5205,0,1,1,0,0,1,1,1,1,1
5206,0,1,1,0,0,1,1,1,1,0
5207,0,0,0,0,1,1,1,1,1,0
5208,0,1,0,0,0,1,1,1,1,0
5209,0,0,0,0,1,1,1,1,1,0
5210,1,0,0,0,1,1,1,1,1,1
5211,0,0,0,1,1,1,1,1,1,1
5212,0,1,0,0,1,1,1,1,1,1
5213,1,0,0,0,1,1,1,1,1,1
5214,0,0,0,0,1,1,1,1,1,1
5215,0,0,0,0,1,1,1,1,1,1
5216,0,1,1,0,1,1,1,1,1,1
5217,0,1,0,0,1,1,1,1,1,0
5218,0,0,0,0,1,1,1,1,1,1
5219,0,0,0,0,1,1,1,1,1,0
5220,0,0,0,0,1,1,1,1,1,0
5221,1,1,0,0,1,1,1,1,1,0
5222,0,0,0,0,1,1,1,1,1,0
5223,0,0,0,0,1,1,1,1,0,1
5224,1,0,0,1,1,1,1,1,1,1
5225,0,0,0,0,1,1,1,1,1,0
5226,1,1,0,0,1,1,1,1,1,0
5227,0,0,0,0,1,1,1,1,1,1
5228,0,0,0,0,1,1,1,1,1,1
5229,1,0,0,0,1,1,1,1,1,0
5230,0,0,0,0,1,1,1,1,1,1
5301,0,1,1,0,1,1,1,1,1,0
5302,0,0,0,0,1,1,1,1,1,0
5303,0,0,0,1,1,1,1,1,1,1
5304,0,0,0,0,1,1,1,1,1,1
5305,0,0,0,0,1,1,1,1,1,1
5306,0,1,0,1,1,1,1,1,1,1
5307,0,1,0,0,1,1,1,0,1,0
5308,0,0,0,0,1,1,1,1,1,1
5309,0,0,0,1,1,1,1,1,1,0
5310,0,0,0,0,1,1,1,1,1,0
5311,0,0,0,1,1,1,1,0,0,0
5312,0,0,0,0,1,1,1,0,1,0
5313,0,0,0,0,1,1,1,1,1,1
5314,0,0,0,1,1,1,1,1,1,0
5315,0,0,0,1,1,1,1,1,1,1
5316,0,0,0,0,1,1,1,1,1,0
5317,0,1,0,0,1,1,1,1,1,0
5318,0,1,0,0,1,1,1,1,1,1
5319,0,0,0,0,1,1,1,1,1,1
5320,0,1,1,0,1,1,1,1,1,0
5321,0,0,0,0,1,1,1,1,1,0
5322,0,1,0,0,1,1,1,1,1,1
5323,0,0,0,0,1,1,1,1,1,0
5324,0,0,0,0,1,1,1,0,0,1
5325,0,1,0,1,1,1,1,1,1,1
5326,0,0,0,0,1,1,1,0,1,0
5327,0,0,0,0,1,1,1,0,1,0
5328,1,0,0,0,1,1,1,0,1,0
5329,0,0,0,0,1,1,1,1,1,1
5330,0,0,0,0,1,1,1,1,1,0
5401,0,0,0,1,1,1,1,1,1,0
5402,0,0,0,1,1,1,1,1,1,1
5403,0,0,1,1,1,1,1,1,1,0
5404,0,0,0,1,1,1,1,1,1,1
5405,0,0,0,0,1,1,1,1,1,0
5406,0,0,0,1,1,1,1,1,1,1
5407,0,0,1,0,1,1,1,1,1,0
5408,0,0,0,0,1,1,1,1,1,0
5409,0,0,0,1,1,1,1,1,1,1
5410,0,0,0,1,1,1,1,1,1,1
5411,0,0,0,0,1,1,1,1,1,1
5412,1,1,0,1,1,1,1,0,1,0
5413,0,0,1,1,1,1,1,1,1,1
5414,0,1,1,0,1,1,1,1,1,1
5415,0,1,0,1,1,1,1,1,1,1
5416,0,0,0,1,1,1,1,1,1,1
5417,0,0,1,1,1,1,1,1,1,1
5418,0,0,0,0,1,1,1,1,1,1
5419,0,0,0,0,1,1,1,1,1,1
5420,0,0,1,0,1,1,1,1,1,1
5421,0,0,1,1,1,1,1,1,1,1
5422,0,0,0,1,1,1,1,1,1,1
5423,0,0,0,1,1,1,1,1,1,1
5424,1,1,0,1,1,1,1,1,1,0
5425,0,0,0,0,0,1,1,1,1,1
5426,0,1,0,0,0,1,1,1,1,1
5427,0,0,0,0,0,1,1,1,1,0
5428,0,0,0,0,1,1,1,1,1,0
5429,0,0,0,0,1,1,1,1,1,1
5430,0,0,0,0,1,1,1,1,1,0
5501,0,0,0,0,1,1,1,0,1,1
5502,1,0,1,0,1,1,1,1,1,0
5503,0,1,0,0,1,1,1,1,1,0
5504,0,0,1,1,1,1,1,1,1,1
5505,0,0,1,1,1,1,1,1,1,1
5506,0,0,0,1,1,1,1,0,1,1
5507,0,0,0,0,1,1,1,1,1,1
5508,0,0,1,1,1,1,1,1,1,1
5509,0,1,1,1,1,1,0,1,1,0
5510,0,1,0,0,1,1,1,1,1,0
5511,0,0,0,0,1,0,1,1,1,1
5512,0,0,1,0,1,1,1,1,1,0
5513,0,0,1,1,1,1,1,1,1,1
5514,0,0,1,1,1,1,1,1,1,0
5515,0,0,0,1,1,1,1,1,1,0
5516,0,0,0,1,1,1,1,1,1,1
5517,0,0,1,1,1,1,1,1,1,1
5518,0,1,0,1,1,1,1,1,1,1
5519,0,0,0,0,1,1,1,1,1,0
5520,0,0,0,0,1,1,1,1,1,0
5521,1,0,0,0,1,1,1,1,1,0
5522,0,0,1,0,1,1,1,1,1,0
5523,0,0,0,0,1,1,1,1,1,1
5524,0,0,0,1,1,1,1,1,1,1
5525,0,0,0,0,1,1,1,1,1,1
5526,0,0,1,1,1,1,1,1,1,1
5527,0,0,0,0,1,1,1,1,1,0
5528,0,0,0,0,1,1,1,1,1,1
5529,0,0,0,1,1,1,1,1,1,1
5530,0,0,0,0,1,1,1,1,1,0
5601,0,0,0,0,1,0,0,1,1,0
5602,0,0,0,0,1,1,0,0,1,1
5603,0,0,0,0,1,0,0,1,1,0
5604,0,0,0,0,1,0,1,0,1,1
5605,0,0,0,0,1,0,0,0,1,1
5606,0,0,0,0,1,0,1,0,1,0
5607,0,0,0,0,1,0,0,0,1,0
5608,0,0,0,0,1,1,0,0,1,0
5609,0,0,0,1,1,0,1,1,1,1
5610,0,0,0,0,1,1,0,1,1,1
5611,0,0,0,0,1,1,1,0,1,0
5612,0,0,0,0,1,0,1,1,1,1
5613,0,0,0,1,1,1,1,0,1,0
5614,0,0,0,0,1,1,1,1,1,1
5615,1,0,1,1,1,0,1,1,1,1
5616,0,0,0,1,1,1,1,1,1,1
5617,0,0,0,0,1,0,1,1,1,1
5618,0,1,1,0,1,0,0,1,1,0
5619,1,0,0,1,1,1,1,1,1,1
5620,0,1,0,0,1,0,1,0,1,0
5621,0,0,0,0,1,0,1,1,1,0
5622,0,0,0,0,0,0,1,1,1,0
5623,0,0,0,0,0,0,1,0,1,0
5624,0,0,0,1,1,0,0,1,1,1
5625,0,0,0,0,0,0,1,1,1,0
5626,0,0,0,0,1,1,1,1,1,1
5627,0,0,0,0,1,0,0,1,1,0
5628,0,0,0,0,1,1,1,1,1,1
5629,0,0,0,0,0,1,1,1,1,0
5630,0,0,0,0,0,0,0,1,1,0
5701,0,0,0,0,0,1,1,1,1,1
5702,0,0,1,0,1,1,1,0,1,1
5703,0,0,0,1,0,1,1,0,1,1
5704,0,1,0,1,1,1,1,1,1,1
5705,0,0,0,0,1,1,1,0,1,1
5706,0,1,1,0,1,1,1,0,1,1
5707,0,1,0,0,1,1,1,1,1,1
5708,0,1,1,1,1,1,1,0,1,1
5709,0,0,0,1,1,1,1,1,1,1
5710,0,0,0,1,1,1,1,1,1,1
5711,0,0,0,0,1,1,1,0,1,1
5712,0,1,0,0,1,1,1,0,1,0
5713,0,0,0,0,1,1,1,1,1,1
5714,0,0,0,1,1,1,1,0,1,0
5715,0,0,0,0,1,1,1,0,1,0
5716,0,0,0,0,1,1,1,1,1,1
5717,0,0,0,1,1,1,1,0,1,1
5718,0,0,0,1,1,1,1,1,1,1
5719,0,0,0,0,1,1,1,1,1,0
5720,0,0,0,0,1,1,1,0,1,1
5721,0,0,0,0,1,1,1,1,1,0
5722,0,0,1,0,1,1,0,1,1,1
5723,0,0,0,0,1,1,1,0,1,0
5724,0,0,0,1,1,1,1,1,1,1
5725,0,0,0,0,1,1,1,1,1,0
5726,0,0,0,1,1,1,1,0,1,1
5727,0,0,0,0,1,1,1,1,1,1
5728,0,0,0,0,1,1,1,1,1,0
5729,0,1,0,0,1,1,1,0,1,1
5730,0,0,0,0,1,1,1,1,1,1
5801,0,0,0,0,1,0,1,1,1,0
5802,0,1,1,0,1,1,1,1,1,0
5803,0,0,0,0,1,0,1,1,1,0
5804,0,0,0,0,1,0,1,1,1,1
5805,0,0,0,0,1,0,1,1,1,1
5806,0,0,0,0,1,0,1,1,1,0
5807,0,0,0,1,1,0,1,1,1,1
5808,0,0,0,0,1,1,1,1,1,0
5809,0,1,0,0,1,0,1,1,1,1
5810,0,0,0,0,1,0,1,1,1,0
5811,0,0,0,0,1,0,1,1,1,1
5812,0,0,0,0,1,0,1,1,1,1
5813,0,0,1,0,1,0,1,1,1,0
5814,0,0,0,0,1,1,1,1,1,0
5815,0,0,0,0,1,0,1,1,1,1
5816,0,0,0,0,1,0,1,1,1,0
5817,0,0,0,0,1,0,1,1,1,1
5818,0,0,0,0,1,0,1,1,1,1
5819,0,0,0,0,1,0,1,1,1,1
5820,0,0,0,1,1,0,1,1,1,1
5821,0,0,0,0,1,0,1,1,1,1
5822,0,0,0,0,1,0,1,1,1,0
5823,0,0,0,0,1,1,1,1,0,0
5824,0,0,1,0,1,0,1,0,1,0
5825,0,0,0,0,1,0,1,1,1,0
5826,0,0,0,0,1,0,1,0,1,0
5827,0,0,0,0,1,0,1,0,1,0
5828,0,1,0,0,1,0,1,1,1,1
5829,0,0,0,0,1,0,1,1,1,0
5830,0,0,0,0,1,1,1,1,1,0
5901,0,0,0,0,1,0,1,1,1,0
5902,0,0,0,0,1,1,1,1,1,0
5903,0,0,0,1,1,1,1,1,1,1
5904,0,1,0,0,1,0,1,1,1,1
5905,0,1,0,0,1,1,1,1,1,1
5906,0,0,0,0,1,1,1,1,1,1
5907,0,0,0,0,1,1,1,1,1,0
5908,0,1,0,0,1,1,1,1,1,0
5909,0,1,0,0,1,1,1,1,1,0
5910,0,0,0,0,1,1,1,1,1,1
5911,0,0,0,0,1,1,1,1,1,1
5912,0,0,1,0,1,1,1,1,1,1
5913,0,1,0,0,1,1,1,1,1,0
5914,0,1,0,0,1,1,1,1,1,0
5915,0,1,0,0,1,1,1,1,1,0
5916,0,0,0,0,1,1,1,0,1,0
5917,0,1,0,0,1,1,1,1,1,1
5918,0,0,1,0,1,1,1,1,1,1
5919,0,0,1,0,1,1,1,0,1,1
5920,0,0,0,0,1,1,1,1,1,1
5921,0,0,0,0,1,1,1,1,1,0
5922,0,0,0,0,1,1,1,1,1,0
5923,0,0,0,0,1,1,1,1,1,1
5924,0,1,0,0,1,1,1,1,1,1
5925,0,0,0,0,1,1,1,1,1,1
5926,0,1,0,0,1,1,1,1,1,1
5927,0,0,0,0,1,1,1,1,1,1
5928,0,0,0,0,1,1,1,1,1,1
5929,0,0,0,0,1,1,1,1,1,1
5930,0,0,0,0,1,1,1,1,1,0
6001,0,1,0,0,1,0,1,1,1,1
6002,0,1,0,0,1,1,1,1,1,0
6003,0,0,0,0,1,0,1,0,1,0
6004,0,1,0,0,1,1,1,1,1,0
6005,0,1,0,0,1,1,1,1,1,1
6006,0,0,1,0,1,0,1,1,1,0
6007,0,0,0,1,1,0,1,1,0,1
6008,0,0,0,0,1,1,1,1,1,0
6009,0,0,0,0,1,0,1,1,1,1
6010,0,1,0,0,1,0,1,0,1,0
6011,0,0,1,0,1,0,1,1,1,0
6012,0,0,0,0,1,1,1,1,1,0
6013,0,0,0,0,1,1,1,1,1,0
6014,0,0,0,1,1,1,1,1,1,1
6015,0,0,0,0,1,1,1,1,1,1
6016,0,0,0,0,1,0,1,1,1,1
6017,0,1,0,0,1,0,1,1,1,1
6018,0,1,0,0,1,0,1,1,1,1
6019,0,1,0,0,1,0,1,1,1,1
6020,0,0,0,0,1,0,1,1,1,1
6021,0,0,0,0,1,0,1,1,1,1
6022,0,0,0,0,1,0,1,0,1,0
6023,0,0,0,0,1,0,0,0,1,1
6024,0,1,0,0,1,0,1,1,1,1
6025,0,1,0,0,1,1,1,1,1,1
6026,0,1,0,0,1,0,1,0,1,0
6027,0,1,1,0,1,0,1,1,1,1
6028,0,1,0,0,1,1,1,1,1,1
6029,0,1,0,0,1,0,1,1,1,1
6030,0,0,0,0,1,0,1,1,1,1
6101,0,0,0,0,1,1,1,1,1,1
6102,0,0,0,0,1,1,1,1,1,0
6103,0,0,0,0,1,1,1,1,1,1
6104,0,0,0,1,1,1,1,1,1,1
6105,0,0,0,0,1,1,1,1,1,1
6106,0,1,0,0,1,1,1,1,1,1
6107,0,0,0,0,1,1,1,0,1,1
6108,0,0,0,0,1,1,1,1,1,1
6109,0,0,0,0,1,1,1,1,1,0
6110,0,0,0,0,1,1,1,1,1,1
6111,0,0,0,0,1,1,1,1,1,1
6112,0,0,0,0,1,1,1,1,1,0
6113,0,0,0,0,1,1,1,1,1,1
6114,0,0,0,0,1,1,1,1,1,1
6115,0,0,0,0,1,1,1,1,1,1
6116,1,1,0,0,1,1,1,1,1,1
6117,0,0,0,0,1,1,1,0,1,1
6118,0,0,0,0,1,1,1,1,1,0
6119,0,0,0,0,1,1,1,1,1,0
6120,0,0,0,0,1,0,1,1,1,0
6121,0,0,0,0,1,1,1,1,1,0
6122,0,0,0,0,1,1,1,1,1,1
6123,0,0,0,0,1,1,1,1,1,1
6124,0,1,0,0,1,1,1,1,1,0
6125,0,0,0,0,1,1,1,0,1,0
6126,0,0,0,0,1,1,1,1,1,1
6127,0,0,0,0,1,1,1,1,1,1
6128,0,0,0,0,1,1,1,1,1,0
6129,0,0,0,0,1,1,1,1,1,1
6130,0,1,0,0,1,1,1,1,1,1
6201,1,1,1,0,1,1,1,1,1,1
6202,0,0,0,0,1,1,1,1,1,0
6203,0,0,0,0,1,1,1,1,1,1
6204,0,0,0,0,1,1,1,1,1,0
6205,0,0,0,0,1,1,1,0,1,0
6206,0,0,0,0,1,1,1,1,1,1
6207,0,0,0,0,1,1,1,1,1,0
6208,0,0,0,0,1,1,1,1,1,0
6209,1,0,0,0,1,1,1,1,1,1
6210,0,0,0,0,1,1,1,1,1,0
6211,0,1,0,0,1,1,1,1,1,0
6212,1,1,1,0,1,1,1,1,1,1
6213,0,0,0,0,1,1,1,0,1,0
6214,0,0,0,0,1,0,1,1,1,0
6215,0,0,0,1,1,1,1,1,1,1
6216,0,0,0,0,1,1,1,1,1,0
6217,0,0,0,1,1,1,1,1,1,1
6218,0,0,0,1,1,1,1,1,1,1
6219,0,0,0,0,1,1,1,1,1,0
6220,0,0,1,0,1,1,1,1,1,1
6221,0,1,0,0,1,1,1,1,1,0
6222,0,1,1,0,1,1,1,1,1,1
6223,0,0,0,0,1,1,1,0,1,1
6224,0,0,0,0,1,1,1,1,1,1
6225,0,0,0,0,1,1,1,1,1,1
6226,0,0,0,0,1,1,1,1,1,1
6227,0,0,0,0,1,1,1,1,1,1
6228,0,0,1,0,1,1,1,1,1,0
6229,0,0,0,0,1,1,1,1,1,1
6230,0,0,0,0,1,1,1,1,1,1
6301,0,0,0,0,1,1,0,1,1,0
6302,0,0,0,0,1,1,1,1,1,1
6303,0,0,0,0,1,1,1,1,1,1
6304,0,0,0,0,1,1,1,1,1,0
6305,0,0,0,0,1,1,1,1,1,0
6306,0,0,0,0,1,1,1,1,1,1
6307,0,1,0,0,1,1,1,1,1,0
6308,0,1,0,0,1,1,1,1,1,0
6309,0,0,0,0,1,1,1,1,1,0
6310,0,0,1,0,1,1,1,1,1,1
6311,0,0,0,1,1,1,1,1,1,1
6312,0,0,0,0,1,1,1,1,1,0
6313,0,0,0,1,1,0,1,1,1,1
6314,0,0,0,0,1,1,1,1,1,0
6315,0,0,0,0,1,1,1,1,1,1
6316,0,1,0,0,1,1,1,1,1,0
6317,0,0,0,0,1,1,1,1,1,1
6318,0,0,0,0,1,1,1,1,1,0
6319,0,0,0,0,1,1,1,1,1,1
6320,0,0,0,0,1,1,1,1,1,1
6321,0,0,1,0,1,1,1,1,1,1
6322,0,0,0,0,1,1,1,1,1,0
6323,0,0,0,0,1,1,1,1,1,1
6324,0,0,0,0,1,1,1,1,1,0
6325,0,0,0,0,1,0,1,1,1,1
6326,0,1,0,0,1,1,1,1,1,1
6327,0,0,0,0,1,1,1,1,1,1
6328,0,0,0,0,1,1,1,1,1,0
6329,1,1,0,1,1,1,1,1,1,1
6330,0,0,0,0,1,1,1,1,1,1
6401,0,0,0,0,1,0,1,1,1,1
6402,0,0,0,0,1,1,1,1,1,1
6403,0,0,0,0,1,1,1,1,1,1
6404,0,1,0,0,1,0,1,1,1,1
6405,0,1,0,0,1,1,1,1,1,1
6406,0,0,0,0,1,0,1,1,1,1
6407,0,0,0,0,1,1,1,0,1,1
6408,0,0,0,0,1,1,1,0,1,1
6409,0,0,0,0,1,0,1,0,1,1
6410,0,1,0,0,1,1,1,1,1,1
6411,0,1,0,0,1,0,1,1,1,1
6412,0,0,1,0,1,1,1,1,1,0
6413,0,0,0,1,1,1,1,1,1,0
6414,0,0,0,0,1,1,1,1,1,1
6415,0,0,0,0,1,0,1,1,1,0
6416,0,0,0,0,1,1,1,1,1,1
6417,0,0,0,0,1,0,1,1,1,0
6418,0,0,0,0,1,0,1,1,1,1
6419,0,0,0,0,1,1,1,0,1,1
6420,0,0,0,0,1,1,1,1,1,0
6421,0,1,0,0,1,1,1,1,1,1
6422,0,0,0,0,1,0,1,1,1,1
6423,0,0,0,0,1,1,1,1,1,1
6424,0,0,0,1,1,0,1,1,1,1
6425,0,0,0,0,1,1,1,1,1,1
6426,0,0,0,0,1,1,1,1,1,1
6427,0,1,0,0,1,0,1,1,1,1
6428,0,0,0,0,1,1,1,1,1,1
6429,0,1,0,0,1,1,1,1,1,1
6430,0,0,0,0,1,1,1,1,1,1
6501,0,1,1,0,1,1,1,1,1,1
6502,0,0,0,0,1,1,1,1,1,1
6503,0,0,0,0,1,1,1,1,1,1
6601,0,0,0,0,1,0,1,1,1,1
6602,0,1,0,0,1,0,1,1,1,1
6603,0,0,0,0,1,0,1,1,1,1
6604,0,0,1,0,1,0,1,1,1,1
6605,0,0,0,0,1,0,1,1,1,1
6606,0,1,1,0,1,0,1,1,1,1
6607,0,1,0,0,1,0,1,1,1,0
6608,0,1,0,0,1,1,1,1,1,1
6609,0,0,0,0,1,0,1,1,1,1
6610,0,0,0,0,1,0,1,1,1,1
6611,0,0,0,0,1,0,1,1,1,1
6612,0,1,0,0,1,0,1,1,1,0
6613,0,0,0,0,1,0,1,0,1,1
6614,0,0,0,0,1,0,1,1,1,1
6615,0,0,0,0,1,1,1,1,1,1
6616,0,0,0,0,1,0,1,1,1,1
6617,1,0,0,0,1,0,1,1,1,1
6618,0,0,0,0,1,1,1,1,1,0
6619,0,0,0,0,1,0,1,0,1,1
6620,0,0,0,0,1,0,1,1,1,1
6621,0,1,0,0,1,0,1,1,1,0
6622,0,1,0,0,1,0,1,1,1,1
6623,0,1,0,0,1,0,1,0,1,1
6624,0,0,0,0,1,0,1,1,1,1
6625,0,0,0,1,1,0,1,1,1,1
6626,0,0,0,0,1,0,1,1,1,1
6627,0,0,0,0,1,0,1,1,1,1
6628,0,0,0,0,1,0,1,0,1,0
6629,0,0,0,0,1,0,1,1,1,0
6630,0,0,0,0,1,0,1,1,1,0
6701,0,0,0,0,1,0,1,1,1,1
6702,0,0,0,0,1,1,1,1,1,1
6703,0,0,0,0,1,1,1,1,1,1
6704,0,0,0,0,1,1,1,1,1,1
6705,0,0,0,0,1,1,1,1,1,1
6706,0,0,0,0,1,1,1,1,1,1
6707,0,0,0,0,1,1,1,1,1,1
6708,0,0,0,0,1,1,1,1,1,1
6709,0,0,0,0,1,1,1,1,1,0
6710,0,1,0,0,1,1,1,1,1,1
6711,0,1,0,0,1,1,1,1,1,0
6712,0,1,0,0,1,1,1,1,1,1
6713,0,0,0,0,1,1,1,1,1,1
6714,0,0,0,0,1,1,1,1,1,1
6715,0,0,1,0,1,1,1,1,1,1
6716,0,1,0,0,1,1,1,1,1,1
6717,0,0,0,1,1,1,1,1,1,1
6718,1,1,0,0,1,1,1,1,1,1
6719,0,1,0,0,1,1,1,1,1,1
6720,0,1,0,0,1,1,1,1,1,1
6721,0,0,0,0,1,1,1,1,1,1
6722,0,0,0,1,1,1,1,1,1,1
6723,0,0,0,1,1,1,1,1,1,1
6724,0,1,0,0,1,1,1,1,1,0
6725,0,0,0,1,1,1,1,1,1,1
6726,0,0,0,1,1,1,1,1,1,1
6727,0,1,1,0,1,1,1,1,1,1
6728,0,1,0,0,1,0,1,1,1,1
6729,0,0,0,0,1,1,1,1,1,1
6730,0,0,0,1,1,1,1,1,1,1
6801,0,0,0,0,1,1,1,1,1,1
6802,0,0,1,0,1,1,1,1,1,1
6803,0,0,0,1,1,1,1,1,1,1
6804,0,0,0,0,1,1,1,1,1,1
6805,1,0,0,0,1,1,1,1,1,1
6806,0,0,0,0,1,1,1,1,1,1
6807,0,0,0,0,1,1,1,1,1,1
6808,1,1,0,0,1,1,1,1,1,1
6809,0,0,0,1,1,1,1,1,1,1
6810,0,0,0,1,1,1,1,1,1,1
6811,0,1,0,0,1,1,1,1,1,1
6812,0,0,1,0,1,1,1,1,1,1
6813,0,0,0,0,1,1,1,1,1,1
6814,1,0,0,1,1,1,1,1,1,1
6815,0,0,0,0,1,1,1,1,0,1
6816,1,1,0,0,1,1,1,1,1,1
6817,0,1,0,0,1,1,1,1,1,1
6818,0,0,0,0,1,1,1,1,1,1
6819,0,1,1,0,1,1,1,1,1,1
6820,1,0,0,0,1,1,1,1,1,1
6821,0,0,0,0,1,1,1,1,1,1
6822,0,0,0,0,1,1,1,1,1,1
6823,0,0,0,0,1,1,1,1,1,0
6824,0,0,0,0,1,0,1,1,1,1
6825,0,0,0,0,1,1,1,1,1,1
6826,0,0,0,1,1,1,1,1,1,1
6827,0,0,0,0,1,1,1,1,1,1
6828,0,0,1,1,1,1,1,1,1,0
6829,0,1,0,0,1,1,1,1,1,0
6830,0,0,0,0,1,1,1,1,1,1
6901,0,1,0,0,1,1,1,1,1,1
6902,0,0,0,1,1,1,1,1,1,1
6903,0,1,0,1,1,1,1,1,1,1
6904,0,0,0,1,1,1,1,1,1,1
6905,0,0,0,1,1,1,1,1,1,1
6906,0,0,0,1,1,1,1,1,1,1
6907,0,0,0,0,1,1,1,1,1,1
6908,0,0,0,1,1,1,1,1,1,1
6909,0,0,0,0,1,1,1,1,1,1
6910,0,0,0,1,1,1,1,1,1,1
6911,0,0,0,0,1,1,1,1,1,1
6912,0,0,0,1,1,1,1,1,1,1
6913,0,0,0,1,1,1,1,1,1,1
6914,0,0,0,0,1,1,1,1,1,1
6915,0,0,0,1,1,1,1,1,1,1
6916,0,0,0,1,1,1,1,1,1,1
6917,0,0,0,1,1,1,1,1,1,1
6918,0,0,0,1,1,1,1,1,1,1
6919,0,1,0,1,1,1,1,1,1,1
6920,0,0,0,0,1,1,1,1,1,1
6921,0,1,0,1,1,1,1,1,1,1
6922,0,0,0,1,1,1,1,1,1,1
6923,0,0,0,1,1,1,1,1,1,1
6924,0,0,0,0,1,1,1,1,1,1
6925,0,0,0,1,1,1,1,1,1,1
6926,0,0,1,1,1,1,1,1,1,1
6927,0,1,0,1,1,1,1,1,1,1
6928,0,0,0,1,1,1,1,1,1,1
6929,0,0,0,1,1,0,1,1,1,1
6930,0,0,0,1,1,1,1,1,1,1
7001,0,1,0,0,1,1,1,1,1,1
7002,0,0,0,1,1,1,1,1,1,1
7003,0,0,0,0,1,1,1,1,1,1
7004,0,0,0,0,1,1,1,1,1,1
7005,0,0,1,1,1,1,1,1,1,1
7006,0,0,0,0,1,1,1,1,1,1
7007,0,0,0,0,1,1,1,1,1,1
7008,0,0,0,0,1,1,1,1,1,1
7009,0,0,0,1,1,1,1,1,1,1
7010,0,0,0,0,1,1,1,1,1,1
7011,0,1,0,0,1,1,1,1,1,1
7012,0,0,0,1,1,1,1,1,1,1
7013,0,1,0,0,1,1,1,1,1,1
7014,0,1,0,0,1,1,1,1,1,1
7015,0,0,0,1,1,1,1,1,1,0
7016,0,0,0,0,1,1,1,1,1,1
7017,0,0,0,0,1,1,1,1,1,1
7018,0,0,0,0,1,1,1,1,1,1
7019,0,1,0,0,1,1,1,1,1,1
7020,0,0,0,1,1,1,1,1,1,1
7021,0,1,0,0,1,1,1,1,1,1
7022,0,1,0,0,1,1,1,1,1,1
7023,0,1,0,0,1,1,1,1,1,1
7024,0,0,0,0,1,1,1,1,1,1
7025,0,0,1,1,1,1,1,1,1,1
7026,0,1,0,0,1,1,1,1,1,1
7027,0,1,0,0,1,1,1,1,1,1
7028,0,0,0,1,1,1,1,1,1,1
7029,0,0,0,0,1,1,1,1,1,1
7030,0,0,0,0,1,1,1,1,1,1
7101,0,1,0,0,1,0,1,1,1,1
7102,0,1,1,0,1,1,1,1,1,0
7103,1,0,0,0,1,0,1,1,1,1
7104,0,,0,1,1,1,1,1,1,1
7105,0,0,0,0,1,1,1,1,1,1
7106,0,0,0,0,1,0,1,1,1,0
7107,0,0,0,0,1,1,1,1,1,1
7108,0,1,1,1,1,1,1,1,1,1
7109,0,1,0,0,1,0,1,1,1,0
7110,0,0,0,0,1,1,1,1,1,1
7111,0,0,0,0,1,1,1,1,1,1
7112,0,1,0,1,1,0,1,1,1,1
7113,0,0,1,0,1,1,1,1,1,1
7114,0,0,0,0,1,1,1,1,1,1
7115,0,0,0,1,1,0,1,1,1,1
7116,1,1,0,0,1,1,1,1,1,1
7117,0,0,0,0,1,1,1,1,1,1
7118,0,0,1,0,1,0,1,1,1,1
7119,0,1,0,0,1,1,1,1,1,1
7120,1,0,0,0,1,0,1,1,1,1
7121,0,0,0,0,1,0,1,1,1,1
7122,0,0,0,0,1,1,1,1,1,1
7123,0,1,1,0,1,1,1,1,1,1
7124,1,0,0,0,1,0,1,1,1,0
7125,0,0,0,0,1,0,1,1,1,1
7126,0,0,0,0,1,1,1,1,1,1
7127,0,0,0,0,1,0,1,1,1,1
7128,0,0,0,0,1,1,1,1,1,1
7129,1,0,0,1,1,1,1,1,1,1
7130,0,0,0,0,1,0,1,1,1,1
7201,0,0,0,0,1,1,1,1,1,1
7202,0,1,1,0,1,1,1,1,1,1
7203,0,0,0,0,1,1,1,1,1,1
7204,0,1,0,0,1,1,1,1,1,1
7205,0,1,1,0,1,1,1,1,1,1
7206,0,1,0,0,1,1,1,1,1,1
7207,0,1,0,0,1,1,1,1,1,1
7208,0,0,0,0,1,1,1,1,1,1
7209,0,1,0,0,1,1,1,1,1,1
7210,0,0,0,0,1,1,1,1,1,1
7211,0,0,0,0,1,1,1,1,1,1
7212,0,0,0,0,1,1,1,1,1,1
7213,0,0,0,0,1,1,1,1,1,1
7214,0,0,0,0,1,1,1,1,1,1
7215,0,0,0,0,1,1,1,1,1,1
7216,0,1,1,0,1,1,1,1,1,1
7217,0,0,0,0,1,1,1,1,1,1
7218,0,0,0,0,1,1,1,1,1,1
7219,0,0,0,0,1,1,1,1,1,1
7220,0,0,0,1,1,1,1,1,1,1
7221,0,0,0,0,1,1,1,1,1,1
7222,0,0,1,0,1,1,1,1,1,1
7223,0,0,0,1,1,1,1,1,1,1
7224,1,1,1,0,1,1,1,1,1,1
7225,0,0,0,0,1,1,1,1,1,1
7226,0,1,0,0,1,1,1,1,1,1
7227,0,1,1,0,1,1,1,1,1,1
7228,0,0,0,0,1,1,1,1,1,1
7229,0,1,0,0,1,1,1,1,1,1
7230,1,1,0,1,1,0,1,1,1,1
7301,0,0,0,0,1,1,1,1,1,0
7302,0,0,0,0,1,1,1,1,1,1
7303,0,1,0,0,1,1,1,1,1,0
7304,1,0,0,0,1,1,1,1,1,0
7305,1,0,0,0,1,1,1,1,1,1
7306,1,1,1,0,0,1,1,1,1,1
7307,1,0,0,0,1,1,1,1,1,1
7308,0,0,1,0,1,1,1,1,1,0
7309,0,0,0,0,1,1,1,1,1,1
7310,0,1,1,0,1,1,1,1,1,1
7311,0,0,0,0,1,1,1,1,1,1
7312,0,1,1,0,1,1,1,1,1,0
7313,0,0,0,0,1,1,1,0,1,0
7314,0,1,0,0,1,1,1,1,1,1
7315,1,1,0,0,1,1,1,1,1,1
7316,1,1,0,0,1,1,1,1,1,1
7317,0,0,1,0,1,1,1,1,1,1
7318,0,0,0,1,1,1,1,1,1,1
7319,0,0,1,0,1,1,1,1,1,1
7320,0,0,1,0,1,1,1,1,1,0
7321,0,0,1,1,1,1,1,1,1,1
7322,0,0,0,0,1,1,1,1,1,1
7323,0,0,0,0,1,1,1,1,1,1
7324,1,0,1,1,1,1,1,1,1,1
7325,0,1,1,0,1,1,1,1,1,1
7326,0,0,0,0,1,1,1,1,1,1
7327,0,0,0,1,1,1,1,1,0,0
7328,0,0,0,0,1,1,1,1,1,1
7329,1,1,0,0,1,1,1,1,1,1
7330,0,0,0,0,1,1,1,1,1,0
7401,0,0,0,1,1,1,1,1,1,1
7402,0,0,0,1,1,1,1,1,1,1
7403,0,1,1,0,1,1,1,1,1,1
7404,0,0,0,0,1,1,1,1,1,1
7405,0,0,0,0,1,0,1,1,1,1
7406,0,0,0,0,1,1,1,1,1,1
7407,0,0,0,0,1,1,1,1,1,1
7408,0,1,0,1,1,1,1,1,1,1
7409,0,0,0,0,1,1,1,1,1,1
7410,0,1,0,0,1,1,1,1,1,1
7411,0,0,0,0,1,1,1,1,1,1
7412,0,0,0,0,1,1,1,1,1,1
7413,0,1,0,0,1,1,1,1,1,1
7414,0,0,0,0,1,1,1,1,1,1
7415,0,0,0,1,1,1,1,1,1,1
7416,0,1,0,0,1,1,1,1,1,1
7417,0,0,0,0,1,1,1,1,1,0
7418,0,0,0,0,1,1,1,1,1,1
7419,1,0,0,1,1,1,1,1,1,1
7420,0,0,0,1,1,1,1,1,1,1
7421,0,1,0,0,1,1,1,1,1,1
7422,0,0,0,1,1,1,1,1,1,1
7423,1,1,0,0,1,1,1,1,1,0
7424,0,0,0,0,1,1,1,1,1,1
7425,0,1,0,0,1,1,1,1,1,1
7426,0,0,0,0,1,1,1,1,1,1
7427,0,0,0,1,1,1,1,1,1,1
7428,0,1,1,0,1,1,1,1,1,1
7429,0,1,1,0,1,1,1,1,1,1
7430,0,0,0,0,1,1,1,1,1,1
7501,0,1,1,0,1,1,1,1,1,1
7502,0,0,0,1,1,1,1,1,1,1
7503,0,1,1,0,1,1,1,1,1,1
7504,0,1,0,1,1,1,1,1,1,1
7505,0,1,1,0,1,1,1,1,1,1
7506,0,0,0,0,1,1,1,1,1,1
7507,0,1,1,0,1,1,1,1,1,1
7508,0,0,0,0,1,1,1,1,1,1
7509,0,0,0,0,1,1,1,1,1,0
7510,0,0,1,0,1,1,1,1,1,1
7511,0,0,0,1,1,1,1,1,1,1
7512,0,0,0,1,1,1,1,1,1,1
7513,0,0,0,0,1,1,1,1,1,1
7514,0,0,0,0,1,1,1,1,1,1
7515,0,0,0,0,1,0,1,1,1,1
7516,0,0,0,0,1,1,1,1,1,0
7517,0,1,0,0,1,1,1,1,1,0
7518,0,0,1,0,1,1,1,1,1,1
7519,0,1,1,0,1,1,1,1,1,1
7520,0,0,0,0,1,1,1,1,1,1
7521,0,0,1,0,1,1,1,1,1,1
7522,0,0,0,0,1,1,1,1,1,1
7523,0,0,0,1,1,1,1,1,1,1
7524,0,0,0,0,1,1,1,1,1,1
7525,0,1,0,0,1,1,1,1,1,1
7526,0,0,0,0,1,1,1,0,1,0
7527,0,0,1,0,1,1,1,1,1,0
7528,0,1,1,0,1,1,1,1,1,1
7529,0,0,0,0,1,1,1,1,1,1
7530,0,0,0,1,1,1,1,1,1,1
7601,0,0,0,0,1,1,1,1,1,1
7602,0,0,0,0,1,1,1,1,1,1
7603,0,0,0,1,1,1,1,1,1,1
7604,0,1,0,0,1,1,1,1,1,1
7605,1,0,0,1,1,1,1,1,1,1
7606,0,0,0,0,1,1,1,1,1,1
7607,0,1,0,0,1,1,1,1,1,1
7608,0,0,0,0,1,1,1,1,1,1
7609,0,0,0,0,1,1,1,1,1,1
7610,0,1,0,0,1,1,1,1,1,1
7611,0,0,0,1,1,1,1,1,1,1
7612,0,1,0,0,1,1,1,1,1,1
7613,1,0,0,0,1,1,1,1,1,1
7614,0,1,0,0,1,1,1,1,1,1
7615,0,0,0,0,1,1,1,1,1,1
7616,1,0,0,0,1,1,1,1,1,1
7617,0,0,1,0,1,1,1,1,1,1
7618,0,0,0,1,1,1,1,1,1,1
7619,0,0,1,0,1,1,1,1,1,1
7620,0,0,0,1,1,1,1,1,1,1
7621,0,0,0,0,1,1,1,1,1,1
7622,0,0,0,0,1,1,1,1,1,1
7623,0,0,0,0,1,1,1,1,1,1
7624,0,0,0,1,1,1,1,1,1,1
7625,0,0,0,0,1,1,1,1,1,0
7626,0,0,0,0,1,1,1,1,1,1
7627,0,0,0,0,1,1,1,1,1,1
7628,0,0,0,1,1,1,1,1,1,1
7629,0,0,0,1,1,1,1,1,1,1
7630,0,0,0,1,1,1,1,1,1,1
7701,0,1,0,0,1,1,1,1,1,1
7702,0,0,0,0,1,1,1,1,1,1
7703,0,0,0,0,1,1,1,1,1,1
7704,0,0,0,0,1,1,1,1,1,1
7705,0,1,0,0,1,1,1,1,1,1
7706,0,1,0,1,1,1,1,1,1,1
7707,0,0,0,0,1,1,1,1,1,1
7708,0,0,0,0,1,1,1,1,1,1
7709,0,0,0,0,1,0,1,1,1,1
7710,0,0,0,0,1,1,1,1,1,1
7711,0,1,0,0,1,1,1,1,1,1
7712,0,0,0,0,1,1,1,1,1,1
7713,0,0,0,0,1,1,1,1,0,1
7714,0,0,0,1,1,1,1,1,1,1
7715,0,1,0,0,1,1,1,1,1,0
7716,0,1,0,0,1,1,1,1,1,1
7717,0,0,0,1,1,1,1,1,1,1
7718,0,1,0,0,1,1,1,1,1,1
7719,0,0,0,0,1,1,1,1,1,1
7720,0,1,0,1,1,1,1,1,1,1
7721,0,0,0,1,1,1,1,1,1,1
7722,0,0,0,1,1,1,1,1,1,1
7723,0,1,0,0,1,1,1,1,1,1
7724,0,1,1,0,1,1,1,1,1,1
7725,0,0,0,0,1,1,1,1,1,1
7801,0,0,0,0,1,1,1,1,1,1
7802,0,1,0,0,1,1,1,1,1,1
7803,0,0,0,0,1,1,1,1,1,1
7804,0,0,0,0,1,1,1,1,1,1
7805,0,0,0,0,1,1,1,1,1,0
7806,0,0,0,0,1,1,1,1,1,1
7807,0,0,0,1,0,1,1,1,1,1
7808,0,0,0,0,1,1,1,1,1,1
7809,0,1,0,0,1,1,1,1,1,1
7810,0,0,0,1,1,1,1,1,1,1
7811,0,0,0,1,1,1,1,1,1,1
7812,0,0,0,0,1,1,1,1,1,1
7813,0,1,0,1,1,1,1,1,1,1
7814,0,0,0,0,1,1,1,1,1,1
7815,0,1,1,0,1,1,1,1,1,1
7816,0,1,1,0,1,1,1,1,1,1
7817,0,0,0,0,1,1,1,1,1,1
7818,0,1,0,0,1,1,1,1,1,1
7819,0,0,0,0,1,1,1,1,1,1
7820,0,1,1,0,1,1,1,1,1,1
7821,0,0,0,1,1,1,1,1,1,1
7822,0,0,0,1,1,1,1,1,1,1
7823,0,0,0,0,1,1,1,1,1,1
7824,0,0,0,0,1,1,1,1,1,1
7825,0,1,0,0,1,1,1,1,1,1
7826,0,0,0,1,1,1,1,1,1,1
7827,0,0,1,1,1,1,1,1,1,1
7828,0,0,0,0,1,1,1,1,1,1
7829,0,0,0,0,1,1,1,1,1,1
7830,0,0,0,0,1,1,1,1,1,1
7901,0,0,0,0,1,1,1,1,1,1
7902,0,1,0,0,1,0,1,1,1,1
7903,0,1,0,0,1,0,1,1,1,1
7904,0,1,0,0,1,0,1,1,1,1
7905,0,0,0,0,1,1,1,1,1,1
7906,0,0,0,0,1,0,1,1,1,1
7907,0,0,0,1,1,0,1,1,1,1
7908,0,0,0,0,1,1,1,1,0,1
7909,0,1,0,0,1,0,1,1,1,0
7910,1,1,1,0,1,0,1,1,1,1
7911,0,0,1,0,1,1,1,1,1,1
7912,0,0,0,0,1,0,1,1,1,1
7913,0,0,0,1,1,1,1,1,1,1
7914,0,1,0,0,1,1,1,1,1,1
7915,0,1,0,0,1,0,1,1,1,0
7916,0,1,0,0,1,1,1,1,1,1
7917,0,1,0,0,1,0,1,1,1,1
7918,0,0,0,0,1,0,1,1,1,1
7919,1,1,0,0,1,1,1,1,1,1
7920,0,1,0,0,1,0,1,1,1,1
7921,0,0,0,0,1,0,1,1,1,0
7922,0,0,0,0,1,1,1,1,1,0
7923,0,0,0,0,1,1,1,1,1,1
7924,0,0,0,0,1,0,1,1,1,1
7925,0,0,0,0,1,0,1,1,1,1
7926,1,0,0,0,1,0,1,1,1,1
7927,0,1,0,1,1,0,1,1,1,1
7928,0,1,0,0,1,1,1,1,1,1
7929,0,0,0,0,1,1,1,1,1,1
7930,0,1,0,0,1,0,1,1,1,1
8001,1,1,1,0,1,1,1,1,1,1
8002,0,0,0,0,1,1,1,1,1,1
8003,0,0,0,0,1,0,1,1,1,1
8004,0,1,0,1,1,1,1,1,1,0
8005,0,0,1,1,1,1,1,1,1,1
8006,0,0,0,1,1,0,1,1,1,1
8007,0,0,0,0,1,0,1,1,1,0
8008,0,0,0,0,1,1,1,1,1,1
8009,1,1,0,0,1,0,1,1,1,0
8010,0,1,0,0,1,0,1,1,1,1
8011,0,0,0,0,1,1,1,1,1,0
8012,0,0,0,0,1,0,1,1,1,1
8013,0,0,0,0,1,1,1,1,1,1
8014,0,1,0,0,1,1,1,1,1,1
8015,0,0,0,1,1,0,1,1,1,1
8016,0,1,0,0,1,1,1,1,1,1
8017,0,1,0,0,1,1,1,1,1,1
8018,0,1,1,0,1,0,1,1,1,1
8019,0,1,0,0,1,1,1,1,1,1
8020,0,0,0,0,1,1,1,1,1,1
8021,0,0,0,0,1,0,1,1,1,1
8022,0,0,0,0,1,1,1,1,1,0
8023,0,0,0,0,1,1,1,1,1,1
8024,0,0,1,0,1,0,1,0,1,0
8025,0,0,0,0,1,1,1,1,1,1
8026,0,0,0,0,1,1,1,1,1,0
8027,0,0,0,0,1,1,1,1,1,0
8028,0,0,0,0,1,1,1,1,1,1
8029,0,1,0,0,1,1,1,1,1,1
8030,0,0,0,0,1,0,1,1,1,1
8101,0,1,0,0,1,1,1,1,1,1
8102,0,0,0,0,1,1,1,1,1,1
8103,0,0,0,0,1,0,1,1,1,1
8104,1,1,0,0,1,1,1,1,1,1
8105,1,1,0,1,1,1,1,1,1,0
8106,0,0,0,0,1,0,1,1,1,1
8107,0,0,0,0,1,0,1,1,1,0
8108,0,1,0,0,1,0,1,1,1,1
8109,0,0,0,0,1,0,1,1,1,1
8110,0,0,0,0,1,0,1,1,1,1
8111,0,0,0,0,1,1,1,1,1,1
8112,0,0,0,1,1,1,1,1,1,1
8113,0,0,0,0,1,0,1,1,1,1
8114,0,1,0,0,1,0,1,1,1,1
8115,0,0,0,0,1,0,1,1,1,1
8116,0,1,1,0,1,1,1,1,1,1
8117,0,0,0,1,1,1,1,1,1,1
8118,1,0,0,0,1,0,1,1,0,0
8119,0,1,0,1,1,1,1,1,1,0
8120,0,1,0,0,1,1,1,1,1,1
8121,0,1,1,0,1,0,1,1,1,1
8122,0,0,0,0,1,1,1,1,1,1
8123,0,1,0,0,1,0,1,1,1,0
8124,0,0,0,0,1,0,1,1,1,1
8125,0,0,0,0,1,1,1,1,1,1
8126,0,0,0,0,1,1,1,1,1,1
8127,0,1,0,0,1,1,1,1,1,1
8128,0,1,0,1,1,1,1,1,1,1
8129,0,0,1,0,1,1,1,1,1,1
8130,0,0,0,0,1,0,1,1,1,1
8201,0,0,0,0,1,1,1,0,1,1
8202,0,0,0,0,1,1,1,1,1,1
8203,1,1,0,0,1,1,1,1,1,1
8204,0,0,0,0,1,1,1,1,1,0
8205,0,1,1,0,1,1,1,1,1,1
8206,0,0,1,0,1,1,1,1,1,1
8207,0,0,0,0,1,1,1,1,1,1
8208,0,0,0,0,1,1,1,1,1,1
8209,0,0,0,1,1,1,1,1,1,1
8210,0,0,0,0,1,1,1,1,1,1
8211,0,0,0,0,1,1,1,1,1,1
8212,0,0,0,0,1,1,1,1,1,0
8213,0,0,0,0,1,1,1,1,1,1
8214,0,1,0,0,1,1,1,1,1,1
8215,0,1,0,0,1,1,1,1,1,1
8216,0,,0,0,1,1,1,1,1,1
8217,0,0,0,0,1,1,1,1,1,0
8218,0,1,0,0,1,1,1,1,1,0
8219,0,0,0,0,1,1,1,1,1,1
8220,1,0,0,0,1,1,1,0,1,0
8221,0,0,0,0,1,1,1,1,1,1
8222,0,1,0,0,1,1,1,1,1,0
8223,0,0,0,0,1,1,1,1,1,0
8224,0,1,0,0,1,1,1,1,1,0
8225,0,0,0,0,1,1,1,0,1,0
8226,1,0,0,0,1,1,1,0,1,0
8227,0,0,0,0,1,1,1,1,1,1
8228,0,0,0,0,1,1,1,1,1,0
8229,0,0,0,0,1,1,1,1,1,0
8230,0,1,0,0,1,1,1,1,1,0
8301,1,0,0,0,1,1,1,1,1,0
8302,0,0,0,0,1,1,1,1,1,1
8303,0,1,0,0,1,1,1,1,1,1
8304,0,0,0,0,1,1,1,1,1,1
8305,0,0,0,0,1,1,1,1,1,1
8306,0,0,0,0,1,1,1,1,1,1
8307,0,0,1,0,1,1,1,1,1,1
8308,0,0,0,0,1,1,1,1,1,0
8309,0,0,0,0,1,1,1,1,1,1
8310,0,0,0,0,1,1,1,1,1,1
8311,0,0,0,1,1,1,1,1,1,1
8312,0,0,0,0,1,1,1,1,1,1
8313,0,0,0,0,1,1,1,1,1,1
8314,0,0,0,0,1,1,1,1,1,0
8315,0,0,0,0,1,1,1,1,1,1
8316,0,1,0,0,1,1,1,1,1,1
8317,0,1,1,0,1,1,1,1,1,1
8318,0,0,0,1,1,1,1,1,1,1
8319,0,1,0,0,1,1,1,1,1,1
8320,0,0,0,0,1,1,1,1,0,1
8321,0,0,0,1,1,1,1,1,1,1
8322,0,1,1,0,1,1,1,1,1,1
8323,0,1,0,0,1,1,1,1,1,0
8324,0,1,0,0,1,1,1,1,1,1
8325,0,0,0,0,1,1,1,1,1,1
8326,0,1,0,0,1,1,1,1,1,1
8327,0,1,1,0,1,1,1,1,1,1
8328,0,0,0,1,1,1,1,1,1,1
8329,0,0,0,0,1,1,1,1,1,1
8330,0,0,0,0,1,1,1,1,1,1
8401,0,0,0,0,1,1,1,1,1,0
8402,0,0,0,0,1,1,1,1,1,0
8403,0,1,0,0,1,1,1,1,1,1
8404,0,1,0,0,1,1,1,1,1,0
8405,0,0,0,0,1,1,1,1,1,1
8406,0,0,0,0,1,1,1,1,1,1
8407,0,0,0,0,1,1,1,1,1,0
8408,0,1,0,0,1,1,1,1,1,1
8409,0,0,0,0,1,1,1,1,1,1
8410,0,0,0,0,1,1,1,1,0,0
8411,0,0,0,0,1,1,1,1,1,0
8412,0,1,0,0,1,1,1,1,1,0
8413,0,0,0,0,1,1,1,1,1,1
8414,0,1,0,0,1,1,1,1,1,1
8415,0,0,0,0,1,1,1,1,1,1
8416,0,1,0,0,1,1,1,1,1,1
8417,1,0,0,0,1,1,1,1,1,1
8418,0,0,0,0,1,1,1,1,1,0
8419,0,0,0,0,1,1,1,1,1,1
8420,0,1,0,0,1,1,1,1,1,1
8421,0,1,0,0,1,1,1,1,1,0
8422,1,0,0,0,1,1,1,1,1,1
8423,0,0,0,0,1,1,1,1,1,1
8424,0,1,0,0,1,1,1,1,1,1
8425,0,1,0,0,1,1,1,1,1,1
8426,0,1,0,0,1,1,1,1,1,0
8427,0,1,0,0,1,1,1,1,1,1
8428,1,0,0,0,1,1,1,1,1,0
8501,0,0,0,0,0,1,1,0,1,0
8502,0,0,1,0,1,0,1,1,1,1
8503,0,0,0,0,0,0,1,0,0,0
8504,0,0,0,0,1,0,1,1,1,0
8505,0,0,0,0,0,0,1,0,0,0
8506,0,0,0,0,1,0,1,1,1,1
8507,0,0,0,0,1,0,1,1,1,1
8508,0,0,0,1,1,0,1,1,1,1
8509,0,0,0,0,1,0,1,1,1,1
8510,0,0,0,0,1,0,1,1,1,0
8511,0,0,0,0,1,0,1,1,1,1
8512,0,0,0,0,0,0,1,0,1,0
8513,0,0,0,0,1,0,1,1,1,1
8514,0,0,0,0,1,0,1,1,1,1
8515,0,0,0,0,0,0,1,1,0,0
8516,0,0,0,0,0,0,1,0,0,0
8517,0,0,1,0,1,0,1,0,1,1
8518,0,0,0,0,1,0,1,1,1,1
8519,0,0,0,0,1,1,1,1,1,1
8520,0,1,0,0,1,1,1,1,1,1
8521,0,0,0,0,1,0,1,1,1,0
8522,0,0,0,0,0,0,1,0,1,0
8523,0,0,0,0,1,0,1,1,1,1
8524,0,0,0,0,1,0,1,0,1,0
8525,0,0,0,0,1,0,1,1,1,1
8526,0,0,0,0,1,0,1,1,1,0
8527,0,0,0,0,1,0,1,1,1,1
8528,0,0,0,0,1,0,1,1,1,0
8529,0,0,0,1,0,0,1,0,0,0
8530,0,0,0,0,0,0,1,0,0,0
8601,0,0,0,0,0,1,0,0,1,0
8602,0,0,0,0,1,1,1,1,1,1
8603,0,0,0,0,1,0,1,1,1,1
8604,0,0,0,0,1,1,1,1,1,1
8605,0,0,0,0,1,0,1,1,1,1
8606,0,0,1,0,1,0,1,1,1,0
8607,0,1,0,0,1,1,1,0,1,1
8608,0,0,0,0,1,1,1,1,1,0
8609,0,0,0,0,1,0,1,1,1,0
8610,0,0,0,0,1,0,1,1,1,1
8611,0,0,0,0,1,1,1,1,1,1
8612,0,0,0,0,1,0,1,1,1,1
8613,0,0,0,0,1,1,1,1,1,1
8614,0,1,0,0,1,0,1,1,1,1
8615,0,0,0,0,1,1,1,1,1,1
8616,0,0,0,0,1,0,1,1,1,1
8617,0,0,0,0,1,1,1,1,1,1
8618,0,0,0,0,1,0,1,1,1,1
8619,0,0,0,0,1,0,1,1,1,1
8620,0,0,0,0,1,0,1,1,1,0
8621,0,0,0,0,1,1,1,1,1,1
8622,0,0,0,0,1,0,1,1,1,1
8623,0,0,0,0,1,0,1,1,1,0
8624,0,1,0,0,1,1,1,1,1,1
8625,0,0,0,1,1,1,1,1,1,1
8626,0,0,0,0,1,0,1,1,1,1
8627,1,0,0,0,1,1,1,1,1,1
8628,0,0,0,0,1,0,1,1,1,1
8629,0,0,0,0,1,1,1,1,1,0
8630,0,0,0,0,1,0,1,1,1,0
8701,0,0,0,0,1,1,1,1,1,1
8702,0,,0,0,1,1,1,0,1,1
8703,0,1,0,1,1,1,1,0,1,1
8704,0,1,0,0,1,1,1,1,1,0
8705,0,0,0,0,1,1,1,0,1,0
8706,0,0,0,0,0,1,1,1,1,1
8707,1,0,0,0,1,1,1,1,1,0
8708,0,0,0,0,1,1,1,0,1,0
8709,0,0,0,0,1,1,1,1,1,1
8710,0,1,0,0,1,1,1,0,1,0
8711,0,0,0,0,1,1,1,1,1,0
8712,0,0,0,0,1,1,1,1,1,1
8713,1,0,0,0,1,1,1,1,0,0
8714,0,0,0,0,1,1,1,1,1,0
8715,1,1,0,0,1,1,1,1,1,1
8716,0,1,0,0,1,1,1,1,1,1
8717,0,0,1,0,1,1,1,1,1,1
8718,0,0,0,0,1,1,1,0,1,0
8719,0,0,0,0,1,1,1,1,1,1
8720,0,0,0,0,1,1,1,1,1,1
8721,0,1,0,0,1,1,1,1,1,1
8722,0,0,0,0,1,1,1,1,1,0
8723,0,1,0,0,1,1,1,1,1,1
8724,0,1,1,0,1,1,1,1,1,1
8725,0,1,0,0,1,1,1,1,1,1
8726,0,0,0,0,1,1,1,1,1,1
8727,0,0,0,1,1,1,1,1,1,1
8728,1,0,0,0,1,1,1,0,1,0
8729,0,0,0,0,1,1,1,1,1,1
8730,1,1,0,0,1,1,1,1,1,1
8801,0,0,0,0,1,0,1,1,1,1
8802,0,0,0,0,1,0,1,1,1,0
8803,0,0,0,0,1,0,1,0,1,0
8804,0,0,0,0,1,1,1,1,1,0
8805,0,0,0,0,1,0,1,1,1,1
8806,0,0,0,0,0,0,1,1,1,1
8807,0,0,0,0,1,0,1,1,1,1
8808,0,0,0,0,1,0,1,1,1,1
8809,0,0,0,0,1,0,1,1,1,1
8810,0,0,0,0,1,1,1,1,1,1
8811,0,0,0,0,1,0,1,1,1,1
8812,0,0,0,1,1,0,1,1,1,1
8813,0,0,0,0,1,0,1,1,1,0
8814,1,1,0,0,0,0,1,1,1,1
8815,0,0,0,0,1,0,1,1,1,1
8816,0,0,0,0,1,1,1,1,1,0
8817,0,1,0,0,1,0,1,1,1,1
8818,0,0,0,0,0,0,1,1,1,0
8819,0,1,1,0,1,1,1,1,1,1
8820,0,0,0,0,1,0,1,1,1,0
8821,0,1,0,0,1,0,1,1,1,1
8822,0,0,0,0,1,0,1,0,1,0
8823,0,0,0,0,0,0,1,1,1,0
8824,0,0,0,0,1,0,1,0,1,0
8825,0,0,0,0,1,1,1,1,1,0
8826,0,0,0,0,1,0,1,1,1,0
8827,0,0,0,0,1,1,0,1,1,1
8828,0,0,0,0,1,0,1,1,1,0
8829,0,1,0,0,1,0,1,0,1,1
8830,0,0,0,0,1,0,1,1,1,0
8901,0,0,0,0,1,1,1,1,1,1
8902,0,0,0,0,1,1,1,1,1,1
8903,0,0,0,0,1,1,1,1,1,1
8904,0,0,0,1,1,1,1,1,1,1
8905,0,0,1,0,1,1,1,1,1,1
8906,0,0,0,0,1,1,1,1,1,1
8907,0,0,0,0,1,1,1,1,1,1
8908,0,0,1,0,1,1,1,1,1,1
8909,0,0,0,0,1,1,1,1,1,1
8910,0,0,0,0,1,1,1,1,1,1
8911,0,0,0,0,1,1,1,1,1,1
8912,0,1,0,0,1,1,1,1,1,1
8913,0,0,0,0,1,1,1,1,1,1
8914,0,1,0,0,1,1,1,1,1,1
8915,0,1,1,0,1,1,1,1,1,1
8916,0,1,0,0,1,1,1,1,1,1
8917,0,0,0,0,1,1,1,1,1,1
8918,0,1,0,0,1,1,1,1,1,1
8919,0,1,0,0,1,1,1,1,1,1
8920,0,0,0,0,1,1,1,1,1,0
8921,0,0,0,1,1,1,1,1,1,1
8922,0,0,0,0,1,1,1,1,1,1
8923,0,1,0,0,1,1,1,1,1,1
8924,0,0,1,0,1,1,1,1,1,1
8925,0,0,0,0,1,1,1,1,1,1
8926,0,1,0,0,1,1,1,1,1,1
8927,0,0,0,0,1,1,1,1,1,1
8928,0,0,0,0,1,1,1,1,1,1
8929,0,0,0,0,1,1,1,1,1,0
8930,0,0,0,0,1,1,1,1,1,0
9001,0,1,0,0,1,1,1,1,1,1
9002,0,0,0,0,1,1,1,1,1,1
9003,0,0,0,0,1,1,1,1,1,1
9004,0,1,1,0,1,1,1,1,1,0
9005,0,0,0,1,1,1,1,1,1,1
9006,0,0,0,1,1,1,1,1,1,1
9007,0,0,0,0,1,1,1,1,1,1
9008,0,1,1,1,1,1,1,1,1,1
9009,0,0,0,0,1,1,1,1,1,0
9010,0,0,0,0,1,1,1,1,1,1
9011,0,1,0,1,1,1,1,1,1,1
9012,0,0,0,1,1,1,1,1,1,1
9013,0,1,1,1,1,1,1,1,1,1
9014,0,0,0,0,1,1,1,1,1,1
9015,0,0,0,0,0,1,1,1,1,1
9016,0,0,0,0,1,1,1,1,1,1
9017,0,0,0,1,1,0,1,1,1,1
9018,0,1,1,0,1,1,1,1,1,1
9019,0,0,0,0,1,1,1,1,1,1
9020,0,1,0,1,1,0,1,1,1,1
9021,0,0,1,1,1,0,1,1,1,1
9022,0,0,0,1,1,1,1,1,1,1
9023,0,1,0,1,1,1,1,1,1,1
9024,1,1,1,0,1,1,1,1,1,1
9025,0,1,1,0,1,1,1,1,1,0
9026,0,0,0,1,1,1,1,1,1,1
9027,0,0,0,0,1,0,1,1,1,1
9028,0,0,0,1,1,1,1,1,1,1
9029,0,1,0,0,1,0,1,1,1,1
9030,0,1,0,0,1,0,1,1,1,1
9101,0,0,0,1,1,1,1,1,1,1
9102,0,1,0,1,1,1,1,1,1,1
9103,0,0,0,1,1,1,1,1,1,1
9104,0,1,0,0,1,1,1,1,1,0
9105,0,1,0,0,1,1,1,1,1,1
9106,1,0,0,0,1,1,1,1,1,1
9107,0,0,0,0,1,1,1,1,1,1
9108,0,1,0,0,1,1,1,1,0,1
9109,0,1,0,0,1,1,1,1,1,1
9110,0,1,1,0,1,1,1,1,1,1
9111,1,1,0,0,1,1,1,1,1,0
9112,1,1,0,0,1,1,1,1,1,1
9113,0,0,0,0,1,1,1,1,1,1
9114,0,0,0,0,1,1,1,1,1,1
9115,0,0,0,0,1,1,1,1,1,1
9116,0,0,0,0,1,1,1,1,1,1
9117,0,1,0,0,1,1,1,1,1,1
9118,0,0,1,0,1,1,1,1,1,1
9119,0,0,0,0,1,1,1,1,1,1
9120,0,0,0,0,1,1,1,1,1,1
9121,0,0,0,1,1,1,1,1,1,1
9122,0,0,0,0,1,1,1,1,1,0
9123,0,0,1,0,1,1,1,1,1,1
9124,0,0,0,1,1,1,1,1,1,1
9125,0,0,0,0,1,1,1,1,1,1
9126,1,0,1,0,1,1,1,1,1,1
9127,0,1,0,1,1,1,1,1,1,1
9128,0,0,0,0,1,1,1,1,1,1
9129,0,1,0,0,1,1,1,1,1,1
9130,0,1,0,0,1,1,1,1,1,1
9201,0,0,0,0,1,1,1,1,1,1
9202,0,0,0,0,1,1,1,1,1,1
9203,0,1,0,1,1,0,1,1,1,1
9204,0,0,1,0,1,1,1,1,1,1
9205,0,0,1,1,1,0,1,1,1,1
9206,0,0,0,0,1,1,1,1,1,1
9207,0,0,0,0,1,1,1,1,1,1
9208,0,0,0,1,1,0,1,1,1,1
9209,0,1,0,0,1,1,1,1,1,1
9210,0,0,0,0,1,0,1,1,1,1
9211,0,0,0,1,1,1,1,1,1,1
9212,0,0,1,0,1,1,1,1,1,1
9213,0,0,1,0,1,1,1,1,1,1
9214,0,0,1,0,1,1,1,1,1,1
9215,0,1,1,0,1,1,1,1,1,1
9216,0,1,0,1,1,1,1,1,1,1
9217,0,1,1,0,1,0,1,1,1,1
9218,0,0,0,0,1,1,1,1,1,1
9219,0,0,0,0,1,1,1,1,1,1
9220,0,0,1,1,1,1,1,1,1,1
9221,0,0,0,0,1,1,1,1,1,1
9222,0,0,0,1,1,1,1,1,1,1
9223,0,0,1,1,1,1,1,1,1,1
9224,0,0,0,0,1,1,1,1,1,1
9225,0,0,0,0,1,1,1,1,1,1
9226,0,0,0,0,1,1,1,1,1,1
9227,0,0,0,1,1,1,1,1,1,1
9228,0,1,0,0,1,1,1,1,1,1
9229,0,0,0,1,1,0,1,1,1,1
9230,0,1,1,0,1,1,1,1,1,1
9301,0,1,0,1,1,1,1,1,1,0
9302,0,0,0,0,1,1,1,1,1,1
9303,0,1,0,1,1,1,1,1,1,1
9304,0,1,0,0,1,1,1,1,1,0
9305,0,0,0,0,1,1,1,1,1,1
9306,1,1,0,1,1,1,1,1,1,1
9307,0,0,0,1,1,1,1,1,1,1
9308,0,0,0,1,1,1,1,1,1,1
9309,0,0,1,1,1,1,1,1,0,1
9310,0,1,0,1,1,1,1,1,1,1
9311,0,1,1,0,1,1,1,1,1,1
9312,0,1,0,1,1,1,1,1,1,1
9313,0,0,0,0,1,1,1,1,1,1
9314,0,0,0,1,1,1,1,1,1,1
9315,0,0,0,1,1,1,1,1,1,1
9316,0,1,1,1,1,1,1,1,1,1
9317,0,0,1,1,1,1,1,1,1,1
9318,0,0,0,1,1,1,1,1,1,1
9319,0,0,0,1,1,1,1,1,1,1
9320,0,0,0,1,1,1,1,1,1,1
9321,0,0,0,0,1,1,1,1,1,1
9322,0,0,0,1,1,1,1,1,1,1
9323,0,0,0,1,1,1,1,1,1,1
9324,0,0,0,1,1,1,1,1,1,1
9325,0,1,0,1,1,1,1,1,1,1
9326,0,1,1,1,1,1,1,1,1,1
9327,0,0,1,0,1,1,1,1,1,1
9328,0,0,0,0,1,1,1,1,1,1
9329,0,1,1,1,1,1,1,1,1,1
9330,0,0,1,1,1,1,1,1,1,1
9401,0,0,0,0,1,1,1,1,1,1
9402,0,0,0,0,1,1,1,1,1,0
9403,0,0,0,0,1,1,1,1,1,0
9404,0,0,1,0,1,1,1,1,1,1
9405,0,0,0,0,1,1,1,1,1,1
9406,1,1,0,0,1,1,1,1,1,1
9407,0,1,0,0,1,1,1,1,1,1
9408,0,1,0,0,1,1,1,1,1,1
9409,0,0,0,0,1,1,1,1,1,1
9410,0,0,0,1,1,1,1,1,1,1
9411,0,1,0,0,1,1,1,1,1,1
9412,0,0,0,0,1,1,1,1,1,0
9413,0,0,0,0,1,1,1,1,1,1
9414,0,0,0,0,1,1,1,1,1,1
9415,0,0,0,0,1,1,1,1,1,1
9416,0,0,0,1,1,1,1,1,1,1
9417,0,1,0,0,1,1,1,1,1,1
9418,0,1,0,0,1,1,1,1,1,1
9419,0,1,0,0,1,1,1,1,1,1
9420,0,0,0,0,1,1,1,1,1,1
9421,0,1,0,0,1,1,1,1,1,1
9422,0,0,0,0,1,1,1,1,1,1
9423,0,1,0,0,1,1,1,1,1,1
9424,0,0,0,0,1,1,1,1,1,1
9425,0,0,0,0,1,1,1,1,1,1
9426,0,1,0,0,1,1,1,1,1,1
9427,0,0,0,0,1,1,1,1,1,1
9428,0,0,0,0,1,1,1,1,1,1
9429,0,1,0,0,1,1,1,1,1,1
9430,0,1,0,0,1,1,1,1,1,1
9501,0,1,0,0,1,1,1,1,1,0
9502,0,0,0,0,1,1,1,1,1,1
9503,0,1,0,0,1,1,1,1,1,1
9504,0,1,0,0,1,1,1,1,1,0
9505,0,1,0,0,1,1,1,1,1,1
9506,0,0,0,0,1,1,1,1,1,1
9507,0,0,0,0,1,1,1,1,1,1
9508,0,0,0,0,1,1,1,1,1,0
9509,0,0,1,1,1,1,1,1,1,1
9510,0,1,0,0,1,1,1,1,1,1
9511,0,1,0,1,1,1,1,1,1,1
9512,1,0,0,1,1,1,1,1,1,1
9513,0,1,1,0,1,1,1,1,1,1
9514,0,0,1,1,1,1,1,1,1,1
9515,0,1,0,0,1,1,1,1,1,1
9516,0,0,1,1,1,1,1,1,1,1
9517,0,0,0,0,1,1,1,0,1,0
9518,1,1,0,0,1,1,1,1,1,1
9519,0,1,0,0,1,1,1,1,1,1
9520,0,0,0,0,1,1,1,1,1,1
9521,0,0,0,0,1,1,1,1,1,1
9522,0,0,0,0,1,1,1,1,1,1
9523,0,1,1,0,1,1,1,1,1,1
9524,0,0,0,1,1,1,1,1,1,0
9525,0,0,0,0,1,1,1,1,1,0
9526,0,0,0,0,1,1,1,1,1,1
9527,0,1,0,1,1,1,1,1,1,1
9528,0,0,0,0,1,1,1,1,1,1
9529,0,0,0,0,1,1,1,1,1,1
9530,0,0,0,0,1,1,1,1,1,1
9601,0,0,0,0,1,1,1,1,1,1
9602,0,0,0,0,1,1,1,1,1,1
9603,0,0,0,1,1,1,1,1,0,1
9604,0,0,0,0,1,1,1,1,1,1
9605,0,0,0,0,1,1,1,1,1,1
9606,0,1,1,0,1,1,1,1,1,0
9607,0,0,0,1,1,1,1,1,1,1
9608,1,0,0,0,1,1,1,1,1,1
9609,0,0,0,1,1,1,1,1,1,1
9610,0,1,0,0,1,1,1,1,1,0
9611,0,0,0,0,1,1,1,1,1,1
9612,0,0,0,0,1,1,1,1,1,0
9613,0,1,1,0,1,1,1,1,1,1
9614,0,1,0,0,1,1,1,1,1,1
9615,0,0,0,0,1,1,1,1,1,1
9616,0,0,0,1,1,1,1,1,1,1
9617,0,1,1,0,1,1,1,1,1,0
9618,0,0,0,0,1,1,1,1,1,1
9619,0,0,0,0,1,1,1,1,1,1
9620,0,0,0,0,1,1,1,1,1,1
9621,0,0,0,0,1,1,1,1,1,1
9622,0,0,0,1,1,1,1,1,1,1
9623,0,1,0,0,1,1,1,1,1,1
9624,1,0,1,0,1,1,1,1,1,1
9625,0,0,0,0,1,1,1,1,1,1
9626,0,0,0,0,1,1,1,1,1,1
9627,0,0,1,0,1,1,1,1,1,1
9628,0,0,0,0,1,1,1,1,1,0
9629,0,1,0,0,1,1,1,1,1,1
9630,0,0,0,0,1,1,1,1,1,1
9701,0,1,1,0,1,1,1,1,1,0
9702,0,1,0,0,1,1,1,1,1,1
9703,0,0,0,0,1,1,1,1,1,1
9704,0,0,0,0,1,1,1,1,1,1
9705,0,1,0,0,1,1,1,1,1,1
9706,1,1,0,0,1,1,1,1,1,1
9707,0,1,0,0,1,1,1,1,1,1
9708,0,0,0,0,1,1,1,1,1,0
9709,0,1,0,0,1,1,1,1,1,1
9710,0,0,1,0,1,0,1,1,1,1
9711,0,0,0,0,1,1,1,1,1,1
9712,0,0,0,0,1,1,1,1,1,1
9713,0,1,0,0,1,1,1,1,1,1
9714,0,0,0,0,1,1,1,1,1,0
9715,0,0,0,1,1,1,1,1,1,1
9716,0,1,0,0,1,1,1,1,1,1
9717,0,0,0,0,1,1,1,1,1,1
9718,0,1,1,0,1,1,1,1,1,1
9719,0,1,0,0,1,1,1,1,1,1
9720,1,0,0,0,1,1,1,1,1,1
9721,0,1,0,0,1,1,1,1,1,1
9722,0,1,0,0,1,1,1,1,1,0
9723,0,1,0,0,1,1,1,1,1,1
9724,0,0,0,0,1,1,1,1,1,1
9725,0,0,0,0,1,1,1,1,1,1
9726,0,1,0,0,1,0,1,1,1,1
9727,0,1,0,0,1,1,1,1,1,1
9728,0,0,0,1,1,1,1,1,1,1
9729,0,0,0,0,1,1,1,1,1,1
9730,0,1,0,0,1,1,1,1,1,1
9801,0,0,0,0,1,1,1,1,1,1
9802,0,0,0,0,1,1,1,1,1,1
9803,0,0,0,0,1,1,1,1,1,0
9804,0,1,0,0,1,1,1,1,1,1
9806,1,1,0,0,1,0,1,1,1,1
9807,0,0,0,0,1,0,1,1,1,0
9808,0,0,0,0,1,1,1,1,1,1
9809,0,0,0,0,1,0,1,1,1,1
9810,0,0,0,0,1,0,1,1,1,1
9811,1,1,0,0,1,0,1,1,1,1
9812,0,0,0,0,1,0,1,1,1,0
9813,0,1,0,0,1,0,1,1,1,1
9814,0,1,0,0,1,0,1,1,1,1
9815,0,0,0,1,1,1,1,1,0,1
9816,0,0,0,0,1,0,1,1,1,0
9817,0,1,1,0,1,0,1,1,1,1
9818,0,1,0,1,1,1,1,1,1,1
9819,0,1,0,0,1,1,1,1,1,1
9820,0,0,1,0,1,0,1,1,1,1
9821,0,1,0,0,1,0,1,1,1,0
9822,0,1,0,0,1,0,1,1,1,1
9823,0,1,1,0,1,1,1,1,1,1
9824,0,1,0,0,1,0,1,1,1,0
9825,0,0,0,0,1,0,1,1,1,1
9826,0,0,0,0,0,0,1,1,1,1
9827,0,0,0,0,1,0,1,1,1,1
9828,0,0,0,1,1,0,1,1,1,1
9829,0,0,0,0,1,1,1,1,1,1
9830,0,1,0,0,1,0,1,1,1,1
9901,0,0,0,0,1,1,1,1,1,1
9902,0,1,0,0,1,1,1,1,1,1
9903,0,0,0,0,1,1,1,1,1,1
9904,0,1,0,0,1,1,1,1,1,1
9905,0,0,0,0,1,1,1,1,1,0
9906,0,0,0,0,1,1,1,1,1,1
9907,0,0,0,0,1,1,1,1,1,1
9908,0,1,1,0,1,1,1,1,1,1
9909,0,1,1,0,1,1,1,1,1,1
9910,0,,0,0,1,1,1,1,1,1
9911,0,0,0,0,1,1,1,1,1,1
9912,0,0,0,0,1,1,1,1,1,0
9913,0,0,0,0,1,1,1,1,1,1
9914,0,0,0,1,1,1,1,1,1,1
9915,0,0,0,0,1,1,1,1,1,1
9916,0,0,0,0,1,1,1,1,1,1
9917,0,1,0,0,1,1,1,1,1,1
9918,0,1,0,0,1,1,1,1,1,1
9919,0,0,0,0,1,1,1,1,1,1
9920,0,0,0,0,1,1,1,1,1,1
9921,0,1,1,0,1,1,1,1,1,1
9922,0,0,0,1,0,1,1,1,1,1
9923,0,1,1,0,1,1,1,1,1,1
9924,0,0,0,0,1,1,1,1,1,1
9925,0,0,0,0,1,1,1,1,1,1
9926,0,0,0,1,1,1,1,1,1,0
9927,0,0,0,0,1,1,1,1,1,1
9928,0,0,0,0,1,1,1,1,1,1
9929,0,0,0,0,1,1,1,1,1,1
9930,0,0,0,1,1,1,1,1,1,0
10001,0,0,0,0,1,1,1,1,1,1
10002,0,1,0,0,1,1,1,1,1,0
10003,0,0,0,0,1,1,1,1,1,1
10004,0,0,0,0,1,1,1,1,1,1
10005,0,0,0,0,1,1,1,1,1,1
10006,0,0,1,0,1,1,1,1,1,1
10007,0,0,0,0,1,1,1,1,1,1
10008,0,0,0,1,1,1,1,1,1,1
10009,0,0,0,1,1,1,1,1,1,1
10010,0,1,1,0,1,1,1,1,1,1
10011,0,0,0,1,1,1,1,1,1,1
10012,0,0,1,1,1,1,1,1,1,1
10013,0,1,1,1,1,1,1,1,1,1
10014,0,0,1,1,1,1,1,1,1,1
10015,0,0,0,0,1,1,1,1,1,1
10016,0,0,0,0,1,1,1,1,1,1
10017,0,0,0,0,1,1,1,1,1,1
10018,0,1,0,0,1,1,1,1,1,1
10019,0,0,1,0,1,1,1,1,1,0
10020,0,0,0,0,1,1,1,1,1,0
10021,0,0,0,0,1,1,1,1,1,1
10022,0,0,0,0,1,1,1,1,1,0
10023,0,0,0,1,1,1,1,1,1,1
10024,0,0,0,1,1,1,1,1,1,1
10025,0,1,0,1,1,1,1,1,1,1
10026,0,0,0,1,1,1,1,1,1,1
10027,0,0,0,0,1,1,1,1,1,1
10028,0,0,0,0,1,1,1,1,1,1
10029,0,0,0,1,1,1,1,1,1,1
10030,0,1,0,0,1,1,1,1,1,1
10101,0,0,0,1,1,1,1,1,1,1
10102,0,0,0,0,1,1,1,0,1,1
10103,0,0,0,1,1,1,1,1,1,1
10104,0,0,0,0,1,1,1,1,1,1
10105,0,0,0,1,1,1,1,1,1,1
10106,0,0,0,0,1,1,1,1,1,1
10107,0,0,0,0,1,1,1,1,1,1
10108,1,1,0,1,1,1,1,1,1,1
10109,0,0,1,0,1,1,1,1,1,1
10110,0,0,0,0,1,1,1,1,1,1
10111,0,0,0,1,1,1,1,1,1,1
10112,0,0,0,0,1,1,1,1,1,1
10113,0,0,0,1,1,1,1,1,1,1
10114,0,1,1,0,1,1,1,1,1,1
10115,0,0,0,1,1,1,1,1,1,1
10116,0,0,0,1,1,1,1,1,1,1
10117,0,0,0,0,1,1,1,1,1,1
10118,0,1,1,0,0,1,1,1,1,1
10119,0,0,0,1,1,1,1,1,0,1
10120,0,0,0,1,1,1,1,1,1,1
10121,0,1,0,0,1,1,1,1,1,0
10122,0,0,1,0,1,1,1,1,1,1
10123,1,0,0,1,1,1,1,1,1,1
10124,0,1,0,1,1,1,1,1,1,1
10125,0,1,1,1,1,1,1,1,1,1
10126,0,0,0,1,1,1,1,1,1,1
10127,0,0,0,0,1,1,1,1,1,1
10128,0,0,0,1,1,1,1,1,1,1
10129,0,0,0,0,1,1,1,1,1,0
10130,0,0,0,0,1,1,1,1,0,1
10201,0,0,0,0,1,1,1,1,1,0
10202,0,1,1,0,1,1,1,1,1,1
10203,0,1,0,0,1,1,1,1,1,1
10204,0,0,0,0,1,1,1,1,1,1
10205,0,1,0,0,1,1,1,1,1,0
10206,0,0,0,0,1,1,1,1,1,0
10207,0,0,1,1,1,1,1,1,1,1
10208,0,0,0,0,1,1,1,1,1,0
10209,0,0,0,1,1,1,1,1,1,1
10210,0,1,0,0,1,1,1,1,1,0
10211,0,0,0,0,1,1,1,1,1,1
10212,0,0,1,0,1,1,1,1,1,1
10213,0,0,0,0,1,1,1,1,1,1
10214,0,0,0,0,1,1,1,1,1,1
10215,0,0,1,0,1,1,1,1,1,1
10216,0,0,1,0,1,1,1,1,1,1
10217,0,1,0,0,1,1,1,1,1,0
10218,0,0,0,0,1,1,1,1,1,1
10219,0,1,0,0,1,1,1,1,1,1
10220,0,0,0,0,1,1,1,1,1,1
10221,0,1,0,0,1,1,1,1,1,1
10222,0,1,0,1,0,1,1,1,1,1
10223,0,1,1,0,1,1,1,1,1,1
10224,0,1,0,1,1,1,1,1,1,1
10225,0,0,0,0,1,1,1,1,1,1
10226,0,0,0,0,1,1,1,1,1,1
10227,0,0,0,1,1,1,1,1,1,0
10228,0,1,0,0,1,1,1,1,1,1
10229,0,0,0,0,1,1,1,1,1,0
10230,0,1,0,0,1,1,1,1,1,1
10301,0,0,0,1,1,1,1,1,1,1
10302,0,0,0,0,1,1,1,1,1,0
10303,0,0,0,0,1,1,1,1,1,1
10304,0,0,0,0,1,1,1,1,1,1
10305,0,1,1,0,1,1,1,1,1,1
10306,0,1,1,0,1,1,1,1,1,1
10307,1,0,0,0,1,1,1,1,1,1
10308,0,1,0,0,1,1,1,1,1,1
10309,0,1,1,0,1,1,1,1,1,1
10310,0,0,0,0,1,1,1,1,1,1
10311,0,1,0,0,1,1,1,1,1,1
10312,1,1,0,0,1,1,1,1,1,1
10313,0,1,0,0,1,1,1,1,1,1
10314,0,0,0,0,1,1,1,1,1,1
10315,0,1,0,0,1,1,1,1,1,1
10316,0,1,1,0,1,1,1,1,1,1
10317,0,0,0,0,1,1,1,1,1,0
10318,0,0,0,0,1,1,1,1,1,1
10319,0,0,0,0,1,1,1,1,1,1
10320,0,0,0,0,1,1,1,1,1,1
10321,0,1,1,0,1,1,1,1,1,1
10322,0,0,0,0,1,1,1,1,1,1
10323,0,1,0,0,1,1,1,1,1,1
10324,0,0,0,0,1,1,1,1,1,0
10325,0,0,0,0,1,1,1,1,1,1
10326,0,1,0,0,1,1,1,1,1,1
10327,0,0,0,0,1,1,1,1,1,1
10328,0,1,0,0,1,1,1,1,1,1
10329,0,0,0,1,1,1,1,1,1,1
10330,0,1,0,0,1,1,1,1,1,1
10401,0,1,0,0,1,1,1,1,1,1
10402,0,0,0,0,1,1,1,1,1,0
10403,0,1,1,0,1,1,1,1,1,1
10404,0,0,0,0,1,1,1,1,1,1
10405,0,0,0,1,1,1,1,1,1,1
10406,0,0,0,0,1,1,1,1,1,1
10407,0,0,0,1,1,1,1,1,0,1
10408,0,0,0,0,1,1,1,1,1,1
10409,0,1,0,0,1,1,1,1,1,1
10410,0,0,1,0,1,1,1,1,1,1
10411,0,1,0,0,1,1,1,1,1,1
10412,0,0,0,0,1,1,1,1,1,1
10413,0,1,0,0,1,1,1,1,1,1
10414,0,0,0,0,1,1,1,1,0,1
10415,0,0,0,0,1,1,1,1,1,1
10416,0,0,0,1,1,1,1,1,1,1
10417,0,1,0,0,1,1,1,1,1,1
10418,0,1,0,0,1,1,1,1,1,1
10419,0,0,0,0,1,1,1,1,1,1
10420,0,0,0,0,1,1,1,1,1,1
10421,0,0,0,0,1,1,1,1,1,1
10422,0,0,0,0,1,1,1,1,1,1
10423,0,0,0,0,1,1,1,1,1,0
10424,0,0,0,0,1,1,1,1,1,1
10425,0,0,1,1,1,1,1,1,1,1
10426,0,1,0,1,1,1,1,1,1,1
10427,0,1,0,0,1,1,1,1,1,1
10428,0,0,0,0,1,1,1,1,1,1
10429,0,0,0,0,1,1,1,1,1,1
10430,0,0,0,0,1,1,1,1,1,1
10501,0,0,0,0,1,1,1,1,1,1
10502,0,1,0,0,1,1,1,1,1,1
10503,0,1,0,0,1,1,1,1,1,1
10504,0,0,0,0,1,1,1,1,1,1
10505,0,0,0,0,1,1,1,1,1,1
10506,0,0,0,0,1,1,1,1,1,1
10507,0,1,0,0,1,1,1,1,1,0
10508,0,0,0,0,1,1,1,1,1,1
10509,1,1,0,1,1,1,1,1,1,1
10510,0,0,0,0,1,1,1,1,1,1
10511,1,0,0,0,1,1,1,1,1,1
10512,0,1,1,0,1,1,1,1,1,1
10513,0,0,1,0,1,1,1,1,1,1
10514,0,0,1,0,1,1,1,1,1,1
10515,0,0,0,0,1,1,1,1,1,1
10516,0,0,0,0,1,1,1,1,1,1
10517,0,1,0,0,1,1,1,1,1,1
10518,0,0,0,0,1,1,1,1,1,1
10519,0,0,1,0,1,1,1,1,1,1
10520,0,1,1,0,1,1,1,1,1,1
10521,0,0,0,0,1,1,1,1,1,1
10522,0,0,0,1,1,1,1,1,1,1
10523,0,0,1,1,1,1,1,1,1,1
10524,1,0,0,0,1,1,1,1,1,1
10525,0,0,0,0,1,1,1,1,1,1
10526,0,1,0,0,1,1,1,1,1,1
10527,0,0,1,0,1,1,1,1,1,1
10528,0,1,1,0,1,1,1,1,1,1
10529,0,0,1,0,1,1,1,1,1,1
10530,0,0,0,0,1,1,1,1,1,1
10601,0,0,0,0,1,1,1,1,1,1
10602,0,1,1,0,1,1,1,1,1,1
10603,1,1,1,0,1,1,1,1,1,1
10604,0,1,0,0,1,1,1,1,1,1
10605,0,1,0,0,1,1,1,1,1,1
10606,0,1,0,0,1,1,1,1,1,1
10607,0,0,0,0,1,1,1,1,1,1
10608,0,0,0,0,1,1,1,1,1,1
10609,1,1,0,0,1,1,1,1,1,0
10610,0,1,0,0,1,1,1,1,1,1
10611,1,0,0,0,1,1,1,1,0,1
10612,1,1,1,1,1,1,1,1,1,1
10613,0,0,1,0,1,1,1,1,1,1
10614,0,0,0,0,1,1,1,1,1,1
10615,1,1,1,0,1,1,1,1,1,1
10616,0,0,1,0,1,1,1,1,1,1
10617,0,1,1,1,1,1,1,1,1,1
10618,0,0,0,0,1,1,1,1,1,1
10619,1,0,0,0,1,1,1,1,1,1
10620,0,1,0,0,1,1,1,1,1,1
10621,1,1,0,0,1,1,1,1,1,1
10622,0,0,0,0,1,1,1,1,1,1
10623,0,1,0,0,1,1,1,1,1,1
10624,0,0,1,0,1,1,1,1,1,1
10625,0,0,1,1,1,1,1,1,1,1
10626,0,0,1,0,1,1,1,1,1,1
10627,0,0,0,0,1,1,1,1,1,1
10628,0,1,1,0,1,1,1,1,1,1
10629,0,1,1,0,1,1,1,1,1,1
10630,0,1,0,0,1,1,1,1,1,1
10801,0,0,0,1,1,1,1,1,1,1
10802,0,0,0,1,1,1,1,1,1,1
10803,0,0,0,0,1,1,1,1,1,1
10804,0,1,1,0,1,1,1,1,1,1
10805,0,0,0,0,1,1,1,1,1,1
10806,0,1,0,0,1,1,1,1,1,1
10807,0,1,0,0,1,1,1,1,1,1
10808,0,1,0,0,1,1,1,1,1,1
10809,0,0,0,0,1,1,1,1,1,1
10810,0,0,0,0,1,1,1,1,1,1
10811,0,1,0,0,1,1,1,1,1,0
10812,0,1,0,0,1,1,1,1,1,1
10813,0,1,0,0,1,1,1,1,1,1
10814,0,0,1,1,1,1,1,1,1,1
10815,0,1,0,0,1,1,1,1,1,1
10816,1,1,0,0,1,1,1,1,1,1
10817,1,1,0,0,1,1,1,1,1,0
10818,0,0,0,0,1,1,1,1,1,0
10819,0,1,0,0,1,1,1,1,1,1
10820,0,0,0,0,1,1,1,1,1,1
10821,0,0,0,0,1,1,1,1,1,1
10822,0,1,1,0,1,1,1,1,1,1
10823,0,0,0,0,1,1,1,1,1,0
10824,0,0,0,1,1,1,1,1,1,1
10825,0,1,0,0,1,1,1,1,1,1
10826,0,1,0,0,1,1,1,1,1,1
10827,0,0,0,0,1,1,1,1,1,0
10828,0,1,1,0,1,1,1,1,1,1
10829,0,0,0,0,1,1,1,1,1,1
10830,0,0,0,1,1,1,1,1,0,1
10901,0,0,0,0,1,1,1,1,1,1
10902,0,0,0,0,1,1,1,1,1,1
10903,0,1,1,0,1,1,1,1,1,1
10904,0,1,0,1,1,1,1,1,1,1
10905,0,0,0,1,1,1,1,1,0,1
10906,0,0,0,0,1,1,1,1,1,1
10907,1,1,0,0,1,1,1,1,1,1
10908,0,1,0,1,1,1,1,1,1,1
10909,0,0,0,1,1,1,1,1,1,1
10910,0,0,0,0,1,1,1,1,1,1
10911,0,0,0,0,1,1,1,1,1,1
10912,0,1,0,0,1,1,1,1,1,1
10913,0,0,0,0,1,1,1,1,1,0
10914,0,1,0,0,1,1,1,1,1,1
10915,0,0,0,0,1,1,1,1,1,1
10916,0,0,0,0,1,1,1,1,1,1
10917,0,1,0,0,1,1,1,1,1,1
10918,1,1,1,0,1,1,1,1,1,0
10919,0,0,1,0,1,1,1,1,1,1
10920,0,0,0,0,1,1,1,1,1,1
10921,0,1,0,1,1,1,1,1,1,1
10922,0,0,0,0,1,1,1,1,0,1
10923,0,0,0,0,1,1,1,1,1,1
10924,0,1,0,0,0,1,1,1,1,0
10925,0,0,1,0,1,1,1,1,1,1
10926,1,0,0,0,1,1,1,1,1,1
10927,0,0,0,1,1,1,1,1,1,1
10928,0,0,0,0,1,1,1,1,1,1
10929,0,0,0,0,1,1,1,1,1,1
10930,0,0,0,0,1,1,1,1,1,1
11001,0,0,0,0,1,1,1,1,1,0
11002,0,0,0,1,1,1,1,1,1,1
11003,0,0,0,1,1,1,1,1,1,1
11004,0,0,1,1,1,1,1,1,1,1
11005,0,0,1,0,1,1,1,1,1,1
11006,0,0,1,0,1,1,1,1,1,1
11007,0,0,0,0,1,1,1,1,1,1
11008,0,0,0,0,1,1,1,1,1,1
11009,0,1,0,0,1,1,1,1,1,1
11010,0,0,0,0,1,1,1,1,1,1
11011,0,0,1,0,1,1,1,1,1,1
11012,0,0,0,0,1,1,1,1,1,1
11013,0,0,0,1,1,1,1,1,1,1
11014,0,0,0,1,1,1,1,1,1,1
11015,0,0,0,0,1,1,1,1,1,1
11016,0,1,0,0,1,1,1,1,1,1
11017,0,0,0,0,1,1,1,1,1,1
11018,0,0,0,0,1,1,1,1,1,1
11019,0,0,0,1,1,1,1,1,1,1
11020,0,0,0,0,1,1,1,1,1,1
11021,0,0,0,0,1,1,1,1,1,1
11022,0,0,0,1,1,1,1,1,1,1
11023,0,0,0,0,1,1,1,1,1,1
11024,0,0,0,0,1,1,1,1,1,1
11025,0,0,0,0,1,1,1,1,1,1
11026,0,1,0,0,1,1,1,1,1,1
11027,0,0,0,0,1,1,1,1,1,1
11028,0,1,0,0,1,1,1,1,1,1
11029,0,0,0,0,1,1,1,1,1,1
11030,0,0,0,0,1,1,1,1,1,1
11101,0,0,0,0,1,1,1,1,1,0
11102,0,1,1,0,1,1,1,1,1,0
11103,0,0,0,0,1,1,1,1,1,1
11104,0,1,0,0,1,1,1,1,1,1
11105,0,0,0,0,1,1,1,1,1,1
11106,0,0,1,0,1,1,1,1,1,1
11107,0,0,0,1,1,1,1,1,1,1
11108,0,0,1,1,1,1,1,1,1,1
11109,0,1,0,0,1,1,1,1,1,1
11110,0,0,0,1,1,1,1,1,1,1
11111,0,0,0,1,1,1,1,1,1,1
11112,0,0,0,1,1,1,1,1,1,1
11113,0,1,0,0,1,1,1,1,1,1
11114,0,0,0,0,1,1,1,1,1,1
11115,0,,0,0,1,1,1,1,1,1
11116,0,1,1,0,1,1,1,1,1,1
11117,0,0,0,0,1,1,1,1,1,0
11118,0,1,0,0,1,1,1,1,1,1
11119,0,0,0,0,1,1,1,1,1,1
11120,0,0,0,0,1,1,1,1,1,1
11121,0,1,1,1,1,1,1,1,1,1
11122,0,0,0,0,1,1,1,1,1,1
11123,0,0,0,1,1,1,1,1,1,1
11124,0,0,0,0,1,1,1,1,1,1
11125,0,0,0,0,1,1,1,1,1,1
11126,0,0,1,0,1,1,1,1,1,1
11127,0,0,0,0,1,1,1,1,1,1
11128,0,0,0,0,1,1,1,1,1,0
11129,0,0,0,0,1,1,1,1,1,1
11130,0,0,0,0,1,1,1,1,1,1
11201,0,0,0,0,1,1,1,1,1,0
11202,0,1,0,1,1,0,1,0,1,0
11203,0,0,0,0,1,0,1,1,1,0
11204,0,1,0,0,1,0,1,1,1,0
11205,0,0,0,0,1,0,1,1,1,1
11206,0,1,0,0,1,0,1,1,1,1
11207,0,1,0,0,1,1,1,1,1,1
11208,0,0,0,0,1,1,1,1,1,1
11209,0,1,0,0,1,0,1,1,1,0
11210,0,0,0,0,0,0,1,1,1,1
11211,0,0,0,0,0,0,1,1,1,1
11212,0,0,0,0,1,0,1,1,1,0
11213,0,1,1,0,1,1,1,1,1,0
11214,0,0,0,0,1,0,1,1,1,0
11215,0,0,0,0,1,0,1,1,1,0
11216,0,1,0,0,0,0,0,0,1,0
11217,1,0,0,0,0,0,0,0,1,0
11218,0,1,0,0,1,0,1,1,1,0
11219,0,0,0,0,1,1,1,1,1,1
11220,0,1,1,0,0,0,1,1,1,1
11221,0,0,0,0,1,0,1,0,1,0
11222,1,1,0,1,1,1,1,1,1,1
11223,0,0,1,0,1,0,1,0,1,1
11224,0,0,0,0,1,0,1,1,1,0
11225,0,0,1,0,0,0,1,1,1,1
11226,0,0,0,0,0,1,1,1,1,1
11227,0,0,0,0,1,0,1,1,1,1
11228,0,1,0,0,0,0,0,0,1,0
11229,0,0,0,0,1,0,1,1,1,0
11230,0,1,0,1,0,0,1,1,1,1
11301,0,1,0,0,1,1,1,1,1,0
11302,0,1,0,0,1,0,1,1,1,0
11303,0,1,0,0,1,1,1,1,1,1
11304,0,0,0,0,1,1,1,1,1,0
11305,0,1,0,0,1,1,1,1,1,0
11306,0,0,0,0,1,1,1,1,0,1
11307,0,1,0,0,1,1,1,1,1,1
11308,0,1,0,0,1,0,1,1,1,1
11309,0,0,0,0,1,1,1,1,1,1
11310,0,1,0,0,1,1,1,1,1,1
11311,0,0,0,0,1,0,1,1,1,1
11312,0,1,0,0,1,1,1,1,1,0
11313,0,1,0,0,1,0,1,1,1,0
11314,0,1,0,0,1,0,1,1,1,0
11315,0,0,0,1,1,1,1,1,1,1
11316,0,1,1,0,1,1,1,1,1,0
11317,0,1,0,0,1,1,1,1,1,1
11318,0,1,0,0,1,1,1,1,1,1
11319,1,0,0,0,1,1,1,1,1,1
11320,0,0,0,1,1,0,1,1,1,1
11321,0,1,0,0,1,1,1,0,1,1
11322,0,0,0,0,1,1,1,1,1,1
11323,0,0,0,0,1,1,1,1,1,0
11324,0,1,0,0,1,1,1,1,1,1
11325,0,0,0,0,1,1,1,1,1,1
11326,0,1,0,0,1,0,1,1,1,0
11327,0,1,1,0,1,1,1,1,1,1
11328,0,1,0,0,1,1,1,1,1,1
11329,0,1,0,0,1,0,1,1,1,1
11330,0,0,0,0,1,1,1,1,0,1
11401,0,1,1,0,1,1,1,1,1,1
11402,0,0,0,1,1,1,1,1,0,1
11403,0,1,1,0,1,1,1,1,1,1
11404,0,0,0,1,1,1,1,1,0,1
11405,0,1,1,0,1,1,1,1,1,1
11406,0,0,1,0,1,1,1,1,1,1
11407,0,0,0,0,1,1,1,1,1,1
11408,0,1,1,0,1,1,1,1,1,1
11409,0,0,0,1,1,1,1,1,1,1
11410,0,0,0,1,1,1,1,1,1,1
11411,0,0,0,0,1,1,1,1,1,1
11412,0,0,1,0,1,1,1,1,1,1
11413,0,0,0,1,1,1,1,1,1,1
11414,0,0,0,0,1,1,1,1,1,1
11415,0,0,0,0,1,1,1,1,1,1
11416,0,1,0,0,1,1,1,1,1,1
11417,0,1,1,0,1,1,1,1,1,1
11418,0,0,0,1,1,1,1,1,1,1
11419,0,0,0,1,0,1,1,1,1,1
11420,0,0,0,0,1,1,1,1,1,1
11421,0,0,0,0,1,1,1,1,1,1
11422,0,0,0,0,1,1,1,1,1,1
11423,0,0,0,0,0,1,1,1,1,1
11424,0,1,0,0,1,1,1,1,1,1
11425,0,1,0,0,0,1,1,1,1,1
11426,0,0,0,0,1,1,1,1,1,1
11427,0,0,0,0,1,1,1,1,1,1
11428,0,0,0,0,1,1,1,1,1,0
11429,0,0,1,1,1,1,1,1,1,1
11430,0,1,1,0,1,1,1,1,1,1
11501,0,0,0,0,1,1,1,1,1,1
11502,0,0,0,0,1,0,1,0,1,0
11503,0,1,0,0,1,0,1,1,1,0
11504,0,1,1,0,1,0,1,1,1,1
11505,0,1,0,0,1,0,1,1,1,0
11506,0,1,1,0,1,0,1,1,1,1
11507,0,0,0,0,1,0,1,1,1,0
11508,0,0,0,0,1,1,1,1,1,1
11509,0,0,0,0,1,0,1,0,1,1
11510,1,1,0,0,1,0,1,1,1,1
11511,0,0,0,0,1,0,1,1,1,1
11512,0,0,0,0,1,0,1,1,1,1
11513,0,0,0,0,1,0,1,1,1,0
11514,0,1,0,0,1,0,1,1,1,0
11515,0,0,0,0,1,0,1,1,1,0
11516,0,1,0,0,1,0,1,1,1,1
11517,0,0,0,0,1,0,1,1,1,0
11518,0,0,0,0,1,0,1,1,1,1
11519,0,1,0,0,1,0,1,1,1,1
11520,0,0,0,1,1,0,1,1,1,1
11521,0,1,0,0,1,0,1,1,1,0
11522,0,1,0,0,1,0,1,0,1,1
11523,0,1,0,1,1,0,1,1,1,1
11524,0,0,0,0,1,0,1,0,1,1
11525,0,0,0,0,1,0,1,1,1,1
11526,0,1,0,1,1,0,1,1,1,1
11527,0,1,0,0,1,1,1,1,1,1
11528,0,1,0,0,0,1,1,1,1,1
11529,0,0,0,0,1,0,1,1,1,0
11530,0,0,0,0,1,1,1,1,1,1
11601,0,1,1,1,1,1,1,1,0,1
11602,0,1,1,0,1,1,1,1,1,1
11603,0,0,0,1,1,1,1,1,1,1
11604,0,0,0,0,1,1,1,1,1,1
11605,0,1,0,1,1,1,1,1,0,1
11606,0,0,0,1,1,1,1,1,1,1
11607,0,0,0,1,1,1,1,1,1,1
11608,0,1,1,0,1,1,1,1,1,1
11609,0,0,0,1,1,1,1,1,1,1
11610,0,0,1,1,1,1,1,1,1,1
11611,0,1,0,0,1,1,1,1,0,1
11612,0,0,0,0,1,1,1,1,1,1
11613,0,1,0,0,1,1,1,1,1,0
11614,0,0,0,0,1,1,1,1,1,1
11615,0,0,1,1,1,1,1,1,1,1
11616,0,1,1,1,1,1,1,1,1,1
11617,0,0,1,0,1,1,1,1,1,1
11618,0,0,0,1,1,1,1,1,1,1
11619,0,1,1,1,1,1,1,1,1,1
11620,0,0,1,1,1,1,1,1,1,1
11621,0,0,0,1,1,1,1,1,1,1
11622,0,1,0,0,1,1,1,1,1,1
11623,0,0,0,1,1,1,1,1,0,1
11624,0,0,0,0,1,1,1,1,1,1
11625,0,1,0,1,1,1,1,1,1,1
11626,0,1,0,0,1,1,1,1,1,1
11627,0,0,0,1,1,1,1,1,1,1
11701,0,0,0,0,1,1,1,1,1,1
11702,0,0,0,0,1,1,1,1,0,0
11703,0,0,0,0,1,1,1,1,1,1
11704,0,0,1,1,1,1,1,1,1,1
11705,0,0,0,0,1,1,1,1,1,1
11706,0,0,1,0,1,1,1,1,1,1
11707,0,1,0,0,1,1,1,1,1,1
11708,0,1,0,0,1,1,1,1,1,1
11709,0,1,0,0,1,1,1,1,1,0
11710,0,1,1,1,1,1,1,1,1,1
11711,0,1,1,1,1,1,1,1,1,1
11712,0,1,0,1,1,1,1,1,1,1
11713,0,0,0,1,1,1,1,1,1,1
11714,0,1,0,1,1,1,1,1,1,1
11715,0,1,0,1,1,1,1,1,1,1
11716,0,1,1,1,1,1,1,1,1,1
11717,0,1,1,1,1,1,1,1,1,1
11718,0,1,1,1,1,1,1,1,1,1
11719,0,1,0,1,1,1,1,1,1,1
11720,0,0,0,1,0,1,1,1,1,1
11721,0,1,1,1,1,1,1,1,1,1
11722,0,0,0,1,1,1,1,1,0,1
11723,0,0,0,0,1,1,1,1,1,1
11724,0,1,0,1,1,1,1,1,1,1
11725,0,1,1,1,1,1,1,1,0,1
11726,0,1,0,1,1,1,1,1,1,1
11727,0,0,1,1,1,1,1,1,1,1
11728,0,0,1,1,1,1,1,1,1,1
11729,0,0,0,0,1,1,1,1,1,1
11730,0,1,0,1,1,0,1,1,1,1
11801,0,1,0,1,1,1,1,1,1,1
11802,0,1,0,0,1,1,1,1,1,1
11803,0,1,0,0,1,1,1,1,1,1
11804,0,,0,1,1,1,1,1,1,1
11805,0,0,0,0,1,1,1,1,1,1
11806,0,1,0,0,1,1,1,1,1,0
11807,0,,0,0,1,1,1,1,1,1
11808,0,1,0,0,1,1,1,1,1,1
11809,0,1,0,0,1,1,1,1,1,1
11810,0,0,0,0,1,1,1,1,1,1
11811,0,0,0,1,1,1,1,1,1,1
11812,0,0,0,0,1,1,1,1,1,0
11813,0,0,0,1,1,1,1,1,1,1
11814,0,0,0,0,1,1,1,1,1,0
11815,0,0,0,0,1,1,1,1,1,1
11816,0,0,0,0,1,1,1,1,1,1
11817,0,1,0,0,1,1,1,1,1,0
11818,0,1,0,1,1,1,1,1,1,1
11819,0,0,0,0,1,1,1,1,1,1
11820,0,1,0,0,1,1,1,1,1,0
11821,1,0,0,0,1,1,1,1,1,1
11822,0,1,0,0,1,1,1,1,1,1
11823,0,0,0,0,1,1,1,1,1,1
11824,0,1,0,0,1,1,1,1,1,1
11825,0,,1,0,1,1,1,1,1,1
11826,0,0,0,0,1,0,1,1,1,0
11827,0,,0,0,1,1,1,1,1,1
11828,0,1,0,0,0,1,1,1,1,1
11829,0,0,0,0,1,1,1,1,1,0
11830,1,0,0,0,0,1,1,1,1,1
11901,0,0,0,0,1,1,1,0,1,1
11902,0,0,0,0,1,1,1,1,1,1
11903,0,1,0,0,1,1,1,1,1,1
11904,0,0,0,0,1,0,1,0,1,0
11905,0,1,0,0,1,0,1,1,1,1
11906,0,1,0,0,1,1,0,1,1,1
11907,0,1,0,0,1,1,1,1,1,1
11908,0,1,0,0,1,1,1,1,1,1
11909,0,0,0,0,1,1,1,1,1,1
11910,0,1,0,0,1,0,1,1,1,1
11911,0,1,0,0,1,1,1,1,1,1
11912,0,0,0,0,1,1,0,1,1,0
11913,0,1,0,0,1,0,1,1,1,1
11914,0,0,0,0,1,0,1,1,1,1
11915,0,0,0,0,1,1,1,1,1,0
11916,0,0,0,0,0,1,1,1,1,1
11917,0,0,0,0,0,1,1,0,1,1
11918,0,0,0,0,1,1,1,0,1,0
11919,0,0,0,0,0,1,1,0,1,1
11920,0,1,0,0,0,1,1,1,1,0
11921,0,0,0,0,1,1,1,0,1,1
11922,0,0,0,0,0,1,1,1,1,1
11923,0,0,0,0,0,1,1,0,1,0
11924,0,0,0,0,1,1,1,1,1,1
11925,0,1,1,0,0,1,1,1,1,1
11926,0,0,0,0,1,1,0,0,1,1
11927,0,0,0,0,1,1,1,1,1,1
11928,0,0,0,0,1,1,1,1,1,1
11929,0,1,0,0,1,1,1,0,1,0
11930,0,0,1,0,1,1,1,1,1,0
12001,0,0,1,0,1,1,1,1,1,0
12002,0,0,0,1,1,1,1,1,1,1
12003,0,1,0,1,1,1,1,1,1,1
12004,0,1,1,1,1,1,1,1,1,1
12005,0,0,0,1,1,1,1,1,1,1
12006,0,1,0,1,1,1,1,1,1,1
12007,0,0,0,1,1,1,1,1,1,1
12008,0,1,0,0,1,1,1,1,1,1
12009,0,1,0,1,1,1,1,1,1,1
12010,0,1,0,1,1,1,1,1,1,1
12011,0,0,1,1,1,1,1,1,1,1
12012,0,1,0,1,1,1,1,1,1,1
12013,0,1,1,1,1,1,1,1,1,1
12014,0,1,0,0,1,1,1,1,1,1
12015,0,0,0,0,1,1,1,1,1,1
12016,0,0,1,1,1,1,1,1,1,1
12017,0,0,0,0,1,1,1,1,0,1
12018,0,0,0,1,1,1,1,1,1,1
12019,0,1,0,0,1,1,1,1,1,0
12020,0,1,0,0,1,1,1,1,1,1
12021,0,1,0,1,1,1,1,1,1,1
12022,0,0,0,1,1,1,1,1,1,1
12023,0,1,0,0,1,1,1,1,1,0
12024,0,1,1,1,1,1,1,1,1,1
12025,0,0,0,1,1,1,1,1,1,1
12026,0,1,0,1,1,1,1,1,1,1
12027,0,0,0,1,1,1,1,1,1,1
12028,0,1,0,1,1,1,1,1,1,0
12029,0,0,0,1,1,1,1,1,1,1
12030,0,0,0,1,1,1,1,1,1,1
12101,0,1,0,0,1,1,1,1,1,1
12102,0,0,0,1,1,1,1,1,1,1
12103,0,0,1,1,1,1,1,1,1,1
12104,0,0,0,1,1,1,1,1,1,1
12105,0,0,0,1,1,1,1,1,1,1
12106,0,0,0,0,1,1,1,1,1,0
12107,0,0,0,1,1,1,1,1,1,1
12108,0,1,1,1,1,1,1,1,1,1
12109,0,1,1,1,1,1,1,1,1,1
12110,0,1,0,0,1,1,1,1,1,0
12111,0,0,0,0,1,1,1,1,1,1
12112,0,1,0,0,1,1,1,1,1,1
12113,0,1,1,1,1,1,1,1,1,1
12114,0,1,1,1,1,1,1,1,1,0
12115,0,1,1,1,1,1,1,1,1,1
12116,0,1,1,1,1,1,1,1,1,1
12117,0,0,0,1,1,1,1,1,0,1
12118,0,0,0,0,1,1,1,1,1,1
12119,0,0,0,0,1,1,1,1,1,1
12120,0,0,1,1,1,1,1,1,1,1
12121,0,0,0,0,1,1,1,1,1,1
12122,0,0,0,0,1,1,1,1,1,1
12123,0,1,0,1,1,1,1,1,1,1
12124,0,1,0,1,1,1,1,1,1,1
12125,0,1,1,0,1,1,1,1,1,0
12126,0,1,0,1,1,1,1,1,1,1
12127,0,1,0,0,1,1,1,1,1,0
12128,0,0,0,0,1,1,1,1,1,1
12129,0,0,0,0,1,1,1,1,1,0
12130,0,0,0,1,1,1,1,1,1,1
12201,0,1,0,0,1,1,1,1,1,1
12202,0,0,0,0,1,1,1,1,1,1
12203,0,1,1,0,1,1,1,1,1,0
12204,0,0,0,0,1,1,1,1,1,1
12205,0,1,1,0,1,1,1,1,1,1
12206,0,1,1,1,1,1,1,1,1,1
12207,0,1,1,1,1,1,1,1,1,1
12208,0,0,0,1,1,1,1,1,0,1
12209,0,1,0,0,1,1,1,1,1,1
12210,0,1,1,1,1,1,1,1,1,1
12211,0,0,0,0,1,1,1,1,1,1
12212,0,0,0,0,1,1,1,1,0,1
12213,0,1,0,0,1,1,1,1,1,1
12214,0,1,0,0,1,1,1,1,1,0
12215,0,1,0,0,1,1,1,1,1,1
12216,0,0,0,0,1,1,1,1,1,0
12217,0,1,1,0,1,1,1,1,1,1
12218,0,1,1,1,1,1,1,1,1,1
12219,0,1,0,1,1,1,1,1,1,1
12220,0,1,0,0,1,1,1,1,1,1
12221,0,0,1,0,1,1,1,1,1,1
12222,0,1,0,0,1,1,1,1,1,1
12223,0,1,0,0,1,1,1,1,1,1
12224,0,1,1,1,1,1,1,1,1,1
12225,0,1,0,1,1,1,1,1,1,1
12226,0,0,0,1,1,1,1,1,1,1
12227,0,0,1,1,1,1,1,1,1,0
12228,0,1,0,0,1,1,1,1,1,0
12229,0,0,1,0,1,1,1,1,1,1
12230,0,1,0,0,1,1,1,1,1,0
12301,0,1,0,0,1,1,1,1,1,1
12302,0,0,1,0,1,1,1,1,1,1
12303,0,1,0,0,1,1,1,1,1,1
12304,0,0,1,1,1,1,1,1,1,1
12305,0,1,1,0,1,1,1,1,1,0
12306,0,0,0,0,1,1,1,1,1,1
12307,0,0,0,0,1,1,1,1,1,1
12308,0,0,1,0,1,1,1,1,1,1
12309,0,1,0,0,1,1,1,1,1,1
12310,0,1,1,0,1,1,1,1,1,1
12311,0,1,1,1,1,1,1,1,1,1
12312,0,0,1,0,1,1,1,1,1,1
12313,0,0,0,0,1,1,1,1,1,1
12314,0,0,0,1,1,1,1,1,1,1
12315,0,1,1,1,1,1,1,1,1,1
12316,0,1,0,0,1,1,1,1,1,1
12317,0,0,0,1,1,1,1,1,1,1
12318,0,0,0,0,1,1,1,1,1,1
12319,0,1,0,1,1,1,1,1,1,1
12320,0,0,0,0,1,1,1,1,1,0
12321,0,0,0,1,0,1,1,1,1,1
12322,0,1,0,1,1,1,1,1,1,1
12323,0,1,0,0,1,1,1,1,1,1
12324,0,0,0,1,1,1,1,1,1,1
12325,0,1,1,1,1,1,1,1,1,1
12326,0,0,0,1,1,1,1,1,1,1
12327,0,0,0,0,1,1,1,1,1,1
12328,0,1,1,1,1,1,1,1,1,1
12329,0,0,1,1,1,0,1,1,1,1
12330,0,1,0,1,1,1,1,1,1,1
12401,0,0,1,1,1,1,1,1,1,1
12402,0,1,0,1,1,1,1,1,1,1
12403,0,1,1,0,1,1,1,1,1,0
12404,0,0,1,1,1,1,1,1,1,1
12405,0,0,1,1,1,1,1,1,1,1
12406,0,0,0,0,1,1,1,1,1,1
12407,0,0,0,1,1,1,1,1,1,1
12408,0,0,0,0,1,1,1,1,1,1
12409,0,0,0,1,1,1,1,1,1,1
12410,0,1,1,1,1,1,1,1,1,1
12411,0,0,1,1,1,1,1,1,1,0
12412,0,0,0,0,1,1,1,1,1,1
12413,0,0,0,0,1,1,1,1,1,0
12414,0,0,0,0,1,1,1,1,1,1
12415,0,1,1,0,1,1,1,1,1,1
12416,0,0,1,0,1,1,1,1,1,0
12417,0,0,1,0,1,1,1,1,1,1
12418,0,0,0,0,1,1,1,1,1,1
12419,0,0,1,0,1,1,1,1,1,1
12420,0,0,1,0,1,1,1,1,1,1
12421,0,0,0,0,1,1,1,1,1,1
12422,0,1,1,0,1,1,1,1,1,1
12423,0,0,0,1,1,1,1,1,1,1
12424,0,1,1,0,1,1,1,1,1,1
12425,0,0,0,0,1,1,1,1,1,1
12426,0,0,1,0,1,1,1,1,1,1
12427,0,1,0,0,1,1,1,1,1,0
12428,0,1,1,0,0,1,1,1,1,1
12429,0,1,0,0,1,1,1,1,1,0
12430,0,1,1,0,1,1,1,1,1,1
12501,0,0,1,1,1,1,1,1,1,1
12502,0,1,0,0,1,1,1,1,1,1
12503,0,1,0,1,1,1,1,1,1,1
12504,0,1,0,0,1,1,1,1,1,1
12505,0,0,0,1,1,1,1,1,1,1
12506,0,1,1,0,1,1,1,1,1,0
12507,0,0,0,1,1,1,1,1,1,1
12508,0,0,1,0,1,1,1,1,1,0
12509,0,0,0,1,1,1,1,1,1,1
12510,0,1,0,0,1,1,1,1,1,1
12511,0,0,0,0,1,1,1,1,1,1
12512,0,0,0,1,1,1,1,1,1,1
12513,0,1,0,1,1,1,1,1,1,1
12514,0,1,0,1,1,1,1,1,1,1
12515,0,0,0,0,1,1,1,1,1,1
12516,0,0,0,1,1,1,1,1,1,1
12517,0,0,1,1,1,1,1,1,1,1
12518,0,1,0,1,1,1,1,1,1,1
12519,0,1,1,0,1,1,1,1,1,1
12520,0,0,1,0,1,1,1,1,1,1
12521,0,0,0,0,1,1,1,1,1,1
12601,1,0,0,0,1,1,1,1,1,1
12602,0,0,1,0,1,1,1,1,1,1
12603,0,1,0,0,1,1,1,1,1,1
12604,0,0,0,0,1,1,1,1,1,1
12605,0,0,0,0,1,1,1,1,0,1
12606,0,0,0,1,0,1,1,1,1,1
12607,0,0,0,1,1,1,1,1,1,1
12608,0,1,0,0,1,1,1,1,1,1
12609,0,1,0,0,1,1,1,1,1,1
12610,0,0,0,0,1,1,1,1,1,1
12611,0,0,0,0,1,1,1,1,0,1
12612,0,0,0,0,1,1,1,1,1,1
12613,0,1,1,1,1,1,1,1,1,1
12614,0,0,1,0,1,1,1,1,1,1
12615,0,0,0,0,1,1,1,1,1,1
12616,1,0,0,0,1,1,1,1,1,1
12617,0,1,0,0,1,1,1,1,1,1
12618,0,1,0,0,1,1,1,1,1,1
12619,0,0,1,0,1,1,1,1,1,1
12620,0,0,0,0,0,1,1,1,1,1
12621,0,0,0,0,1,1,1,1,1,1
12622,0,1,0,0,0,1,1,1,1,1
12623,1,0,1,0,1,1,1,1,1,1
12624,0,0,0,0,1,1,1,1,1,0
12625,0,1,0,0,1,1,1,1,1,1
12626,0,1,1,0,1,1,1,1,1,0
12627,0,0,0,0,1,1,1,1,1,1
12628,0,1,0,1,1,1,1,1,1,1
12629,1,1,0,0,1,1,1,1,1,1
12630,0,0,0,0,1,1,1,1,1,1
12701,0,0,1,0,1,1,1,1,1,1
12702,0,1,0,0,1,1,1,1,1,1
12703,0,1,0,0,1,1,1,1,1,0
12704,0,0,0,0,1,1,1,1,1,0
12705,0,0,0,1,0,1,1,1,1,1
12706,0,0,0,0,1,1,1,1,1,1
12707,0,1,0,0,1,1,1,1,1,1
12708,0,1,0,1,1,1,1,1,1,1
12709,0,1,0,0,1,1,1,1,1,1
12710,0,1,0,0,1,0,1,1,1,0
12711,0,0,0,0,1,1,1,1,1,1
12712,0,0,0,0,1,0,1,1,1,1
12713,0,1,0,0,1,1,1,1,1,0
12714,0,0,0,0,1,1,1,1,1,1
12715,0,1,1,0,1,1,1,1,1,1
12716,0,0,0,1,0,1,1,1,1,1
12717,0,1,0,0,1,1,1,1,1,0
12718,0,1,0,0,1,1,1,1,1,1
12719,0,1,0,0,1,1,1,1,1,1
12720,0,1,0,0,1,1,1,1,1,1
12721,0,1,0,1,1,1,1,1,1,1
12722,0,0,0,1,0,0,1,1,1,1
12723,0,1,1,0,1,1,1,1,1,1
12724,0,0,0,0,0,1,1,1,1,1
12725,0,1,0,0,1,1,1,1,1,1
12726,0,1,0,0,1,1,1,1,1,1
12727,0,0,0,0,0,1,1,1,1,1
12728,0,1,1,0,0,1,1,1,1,1
12729,0,1,0,1,1,1,1,1,1,1
12730,0,1,0,0,0,1,1,1,1,1
12801,0,1,1,1,1,1,1,1,1,0
12802,0,0,1,0,1,1,1,1,1,1
12803,0,0,0,1,1,1,1,1,1,1
12804,0,1,0,0,1,1,1,1,1,1
12805,0,1,1,0,1,1,1,1,1,0
12806,0,0,1,1,1,1,1,1,1,1
12807,0,0,0,1,1,1,1,1,1,1
12808,0,1,0,0,1,1,1,1,1,1
12809,0,1,0,0,1,1,1,1,1,1
12810,0,1,1,1,1,1,1,1,1,1
12811,0,0,0,1,1,1,1,1,1,1
12812,0,0,0,0,1,1,1,1,1,1
12813,0,0,0,1,0,1,1,1,1,1
12814,0,1,1,1,1,1,1,1,1,1
12815,0,0,1,1,0,1,1,1,1,1
12816,0,0,0,1,1,0,1,1,1,1
12817,0,0,0,0,1,1,1,1,1,1
12818,0,0,0,0,1,1,1,1,1,0
12819,0,1,0,0,1,0,1,1,1,1
12820,0,0,0,1,1,1,1,1,1,1
12821,0,1,0,0,1,1,1,1,1,1
12822,0,0,0,0,1,1,1,1,0,0
12823,0,0,0,0,0,1,1,1,1,1
12824,0,0,0,1,1,1,1,1,1,1
12825,0,0,1,0,0,1,1,1,1,1
12826,1,1,0,0,0,1,1,1,1,1
12827,0,0,0,0,1,1,1,1,1,1
12828,0,0,0,0,0,1,1,1,1,0
12829,0,0,0,0,0,1,1,1,1,1
12830,0,0,0,0,1,1,1,1,1,1
12901,0,0,1,0,1,1,1,1,1,0
12902,0,0,0,0,1,1,1,1,1,0
12903,0,0,1,1,1,1,1,1,1,1
12904,0,0,0,1,1,1,1,1,1,0
12905,0,1,0,1,1,1,1,1,1,1
12906,0,1,0,0,1,1,1,1,1,1
12907,0,1,1,1,1,1,1,1,1,1
12908,0,0,0,1,1,0,1,1,0,1
12909,0,0,0,1,1,1,1,1,1,1
12910,0,0,0,0,1,1,1,1,1,0
12911,0,1,1,1,1,1,1,1,1,1
12912,0,0,1,1,1,1,1,1,1,1
12913,0,0,0,0,1,1,1,1,1,1
12914,0,0,1,0,1,1,1,1,1,1
12915,0,0,0,1,1,1,1,1,1,1
12916,0,0,1,1,0,1,1,1,1,1
12917,0,0,0,1,0,1,1,1,1,1
12918,0,0,0,1,1,1,1,1,1,1
12919,0,0,0,1,0,1,1,1,1,1
12920,0,1,1,1,0,1,1,1,1,1
12921,0,0,1,1,1,1,1,1,1,1
12922,1,0,1,1,0,1,1,1,1,1
12923,0,0,0,0,0,1,1,1,1,1
12924,0,1,1,1,1,1,1,1,1,1
12925,0,1,0,0,0,1,1,1,1,1
12926,0,0,0,0,0,1,1,1,1,1
12927,0,0,0,1,1,1,1,1,1,1
12928,0,1,1,0,0,1,1,1,1,1
12929,1,1,0,0,0,0,1,1,1,1
12930,0,0,0,0,1,1,1,1,1,1
13001,0,0,0,0,1,1,1,1,1,1
13002,0,0,0,0,1,0,1,1,1,1
13003,0,0,1,1,1,0,1,1,1,1
13004,0,0,0,0,1,1,1,1,1,1
13005,1,1,1,0,1,1,1,1,1,1
13006,0,1,0,0,1,1,1,1,1,1
13007,0,1,1,0,1,1,1,1,1,1
13008,0,0,1,0,1,0,1,1,1,1
13009,0,0,0,0,1,0,1,1,1,1
13010,0,0,0,0,1,1,1,1,1,1
13011,0,1,1,1,1,0,1,1,1,1
13012,0,1,1,0,1,0,1,1,1,1
13013,0,0,0,0,1,1,1,1,1,1
13014,0,1,1,1,1,1,1,1,1,1
13015,0,0,0,0,1,1,1,1,1,1
13016,0,0,0,1,1,1,1,1,1,1
13017,0,1,0,0,1,1,1,1,1,1
13018,1,1,0,0,1,1,1,1,1,1
13019,0,0,0,0,1,1,1,1,1,1
13020,0,1,1,0,1,1,1,1,1,1
13021,0,1,0,0,1,1,1,1,1,1
13022,0,0,0,1,1,1,1,1,1,1
13023,0,0,0,0,0,1,1,1,1,1
13024,1,,1,0,0,1,1,1,1,1
13025,0,1,0,0,1,1,1,1,1,0
13026,0,0,0,0,1,1,1,1,1,1
13027,0,1,0,0,1,1,1,1,1,1
13028,0,0,0,0,1,1,1,1,1,1
13029,0,1,0,0,1,1,1,1,1,1
13030,0,1,0,0,1,1,1,1,1,1
13101,0,0,0,1,1,1,1,1,1,1
13102,0,0,0,1,1,1,1,1,1,1
13103,0,0,0,0,1,1,1,1,1,1
13104,0,1,0,1,1,1,1,1,1,1
13105,0,0,0,0,1,1,1,1,1,1
13106,0,1,0,0,1,1,1,1,1,1
13107,0,1,1,0,1,1,1,1,1,1
13108,1,0,0,0,1,1,1,1,1,1
13109,0,1,0,0,1,1,1,1,1,0
13110,0,1,0,0,1,1,1,1,1,1
13111,0,0,0,0,1,1,1,1,0,1
13112,0,1,0,0,1,1,1,1,1,1
13113,0,1,1,0,1,1,1,1,1,1
13114,0,0,0,1,1,1,1,1,1,1
13115,0,1,1,0,1,1,1,1,1,1
13116,0,1,0,0,1,1,1,1,1,1
13117,0,0,0,0,1,1,1,1,1,1
13118,0,0,1,0,0,1,1,1,1,1
13119,0,1,0,0,1,1,1,1,1,0
13120,0,0,0,0,0,1,1,1,1,1
13121,0,0,1,0,0,1,1,1,1,1
13122,0,0,1,0,1,1,1,1,1,1
13123,0,0,1,0,0,1,1,1,1,1
13124,0,1,0,0,0,1,1,1,1,1
13125,0,,0,0,1,1,1,1,1,0
13126,0,1,0,0,0,1,1,1,1,1
13127,0,0,0,1,1,1,1,1,1,1
13128,0,0,0,1,1,1,1,1,1,1
13129,0,0,1,0,0,1,1,1,1,1
13130,1,1,0,0,1,1,1,1,1,0
13201,0,1,0,0,0,1,1,0,1,1
13202,0,0,0,0,0,1,1,0,1,0
13203,0,0,0,0,1,1,1,0,1,1
13204,0,0,0,0,1,1,1,0,1,1
13205,0,0,0,0,1,1,1,1,1,1
13206,0,0,0,1,1,1,1,1,1,1
13207,0,1,0,0,1,1,1,1,1,1
13208,0,1,0,0,1,1,1,1,1,1
13209,0,0,0,0,1,1,1,1,1,1
13210,0,0,0,0,1,1,1,1,1,1
13211,0,0,0,0,1,1,1,1,1,0
13212,0,0,0,0,1,1,1,1,1,0
13213,0,1,0,0,1,1,1,1,1,1
13214,0,1,1,0,1,1,1,1,1,1
13215,0,1,0,0,1,1,1,1,1,1
13216,0,0,0,0,1,1,1,1,0,1
13217,0,0,0,0,1,1,1,1,1,1
13218,0,0,0,0,1,1,1,1,1,0
13219,0,0,0,0,0,1,1,1,1,1
13220,0,1,0,0,0,1,1,1,1,1
13221,0,1,0,1,1,1,1,1,1,1
13222,0,0,0,1,1,1,1,1,1,1
13223,1,1,0,0,0,1,1,1,1,0
13224,0,0,0,0,1,1,1,1,1,1
13225,0,0,0,0,0,1,1,0,0,0
13226,0,1,0,0,0,1,1,1,1,0
13227,0,1,1,0,1,1,1,1,1,1
13228,0,1,0,0,0,1,1,1,1,0
13229,1,0,0,0,0,0,1,1,0,0
13230,0,0,1,0,1,1,1,1,1,0
13301,0,1,0,0,1,1,1,1,1,1
13302,0,1,1,0,1,1,1,1,1,0
13303,0,0,0,1,1,1,1,1,1,1
13304,0,1,0,0,1,1,1,1,1,1
13305,0,1,1,1,1,1,1,1,1,1
13306,0,1,0,1,1,1,1,1,1,1
13307,0,1,0,0,1,1,1,1,1,1
13308,0,1,0,0,1,1,1,1,1,1
13309,0,1,0,0,1,1,1,1,1,1
13310,1,1,0,0,1,1,1,1,1,1
13311,1,1,1,0,0,1,1,1,1,1
13312,0,0,0,1,1,1,1,1,1,1
13313,0,0,0,0,0,1,1,1,0,1
13314,0,0,0,1,0,1,1,1,1,1
13315,0,0,0,1,1,1,1,1,1,1
13316,0,1,0,1,1,1,1,1,1,1
13317,0,1,1,0,0,1,1,1,1,1
13318,0,1,1,1,1,1,1,1,1,1
13319,0,1,0,1,1,1,1,1,1,1
13320,0,1,1,0,1,1,1,1,1,1
13321,0,1,0,0,1,1,1,1,1,1
13322,0,1,1,1,1,1,,1,1,1
13323,0,0,0,0,1,1,1,1,1,1
13324,0,1,0,1,1,1,1,1,1,1
13325,0,0,0,0,1,1,1,1,1,1
13326,0,1,0,0,1,1,1,1,1,1
13327,0,1,0,1,1,1,1,1,1,1
13328,0,0,0,0,1,1,1,1,1,1
13329,1,1,0,0,0,1,1,1,1,1
13330,0,1,0,0,1,1,1,1,1,1
13401,0,1,0,0,1,1,1,1,1,1
13402,0,0,1,0,1,1,1,1,1,1
13403,0,1,0,0,1,1,1,1,1,1
13404,0,1,0,0,1,1,1,1,1,1
13405,0,1,0,0,1,1,1,1,1,1
13406,0,1,0,0,1,1,1,1,1,1
13407,0,0,0,1,1,1,1,1,1,1
13408,0,1,0,1,1,1,1,1,1,1
13409,0,1,1,1,1,1,1,1,1,1
13410,0,0,0,0,0,1,1,1,1,1
13411,0,0,0,0,0,1,1,1,1,1
13412,0,0,0,0,1,1,1,1,1,0
13413,0,0,1,0,0,1,1,1,1,1
13414,0,0,0,0,1,1,1,1,1,1
13415,0,0,0,0,1,1,1,1,1,1
13416,0,1,0,0,1,1,1,1,1,1
13417,0,1,0,0,1,1,1,1,1,1
13418,0,0,0,0,1,1,1,1,1,1
13419,1,0,0,0,1,1,1,1,1,1
13420,0,1,0,1,1,1,1,1,1,1
13421,0,1,0,1,1,1,1,1,1,1
13422,0,0,0,0,1,1,1,1,1,1
13423,0,0,0,1,1,1,1,1,1,1
13424,0,0,0,0,1,1,1,1,1,1
13425,0,0,0,1,1,1,1,1,1,1
13501,0,0,0,0,1,1,1,1,1,0
13502,0,1,0,0,1,1,1,1,1,1
13503,0,0,0,0,1,1,1,1,1,0
13504,0,0,0,0,1,1,1,1,1,1
13505,0,0,0,1,1,1,1,1,1,1
13506,0,0,0,0,1,1,1,1,1,1
13507,0,0,0,0,1,1,1,1,1,1
13508,0,1,0,0,1,1,1,1,1,0
13509,0,0,0,1,1,1,1,1,1,1
13510,0,1,0,0,1,1,1,1,1,1
13511,0,0,0,0,1,1,1,1,1,1
13512,0,0,0,0,1,1,1,1,1,1
13513,0,1,0,0,1,1,1,1,1,1
13514,0,1,0,0,1,1,1,1,1,1
13515,0,0,0,0,1,1,1,1,1,1
13516,0,0,0,0,1,1,1,1,1,1
13517,0,0,0,0,1,1,1,1,1,1
13518,0,1,0,0,1,1,1,1,1,0
13519,0,0,0,1,1,1,1,1,1,1
13520,0,1,0,0,1,1,1,1,1,1
13521,0,1,0,0,1,1,1,1,1,0
13522,0,0,0,1,1,1,1,1,1,1
13523,0,0,0,0,1,1,1,1,1,1
13524,0,1,0,0,1,1,1,1,1,1
13525,0,1,0,0,1,1,1,1,1,0
13526,0,1,0,0,1,1,1,1,1,1
13527,0,0,0,0,1,1,1,1,1,0
13528,0,1,1,0,1,1,1,1,1,1
13529,0,0,0,0,1,1,1,1,1,1
13530,0,0,0,1,1,1,1,1,1,0
13601,0,0,0,0,1,1,1,0,1,0
13602,0,0,0,1,1,1,1,1,1,0
13603,1,1,0,0,1,1,1,1,1,1
13604,0,0,0,0,1,1,1,1,1,1
13605,0,0,0,0,1,1,1,1,1,1
13606,0,1,0,0,1,1,1,1,1,1
13607,0,0,0,0,1,1,1,1,1,1
13608,0,0,0,0,1,1,0,1,1,1
13609,0,0,0,0,1,1,1,1,1,1
13610,0,0,0,0,1,1,1,1,1,1
13611,0,1,0,1,0,1,1,1,1,1
13612,0,1,0,1,0,1,1,1,1,1
13613,0,1,0,0,1,1,1,1,1,1
13614,0,0,0,0,1,1,1,1,1,1
13615,0,1,0,1,1,1,1,1,1,1
13616,0,0,0,0,1,1,1,1,1,1
13617,0,1,0,0,1,1,1,1,1,0
13618,0,1,0,0,1,1,1,1,1,1
13619,0,1,0,0,1,1,1,1,1,1
13620,0,0,1,0,1,1,1,1,1,1
13621,0,1,0,0,1,1,1,1,1,1
13622,0,0,1,1,1,1,1,1,1,1
13623,0,1,1,0,1,1,1,1,1,1
13624,0,0,0,1,1,1,1,1,1,1
13625,0,0,1,0,1,1,1,1,1,0
13701,0,1,0,0,1,1,1,1,1,1
13702,0,1,0,0,1,1,1,1,1,1
13703,0,1,1,1,1,1,1,1,1,1
13704,0,1,0,1,1,1,1,1,1,1
13705,0,0,0,1,1,1,1,1,1,1
13706,0,1,0,1,1,1,1,1,1,1
13707,0,0,0,1,1,1,1,1,1,1
13708,0,0,0,0,1,1,1,1,1,1
13709,0,1,0,1,1,1,1,1,1,1
13710,0,1,0,1,1,1,1,1,1,1
13711,1,0,0,0,1,1,1,1,1,1
13712,0,0,0,0,1,1,1,0,1,0
13713,0,0,0,0,1,1,1,1,1,1
13714,0,1,0,0,1,1,1,1,1,1
13715,0,1,0,1,1,1,1,1,1,1
13716,0,0,0,0,1,1,1,1,1,1
13717,0,1,1,0,1,1,1,1,1,1
13718,0,1,0,0,1,1,1,1,1,1
13719,0,1,0,0,1,1,1,1,1,1
13720,0,1,0,0,1,1,1,1,1,1
13721,0,0,0,1,1,1,1,1,1,1
13722,0,0,0,0,1,1,1,1,1,1
13723,0,1,0,0,1,1,1,1,1,1
13724,0,0,0,0,1,1,1,1,1,1
13725,0,0,0,0,1,1,1,1,1,0
13726,0,1,0,0,1,1,1,1,1,1
13727,0,1,0,0,1,1,1,1,1,1
13728,0,1,0,1,1,1,1,1,1,1
13729,0,1,0,0,1,1,1,1,1,1
13730,0,0,0,1,1,1,1,1,1,1
13801,0,0,1,0,1,1,1,1,1,1
13802,0,1,0,1,1,1,1,1,1,1
13803,0,1,0,0,1,1,1,1,1,1
13804,0,0,0,0,1,1,1,1,1,1
13805,0,1,0,1,1,1,1,1,1,1
13806,0,1,0,0,1,1,1,1,1,1
13807,0,0,0,0,1,1,1,1,1,1
13808,0,1,0,0,1,1,1,1,1,1
13809,0,1,0,0,1,1,1,1,1,1
13810,0,1,1,0,1,1,1,1,1,1
13811,0,1,0,1,1,1,1,1,1,1
13812,0,0,0,1,1,1,1,1,1,1
13813,1,1,0,1,1,1,1,1,1,1
13814,0,0,0,1,1,1,1,1,1,1
13815,0,0,1,0,1,1,1,1,1,1
13816,0,1,1,0,1,1,1,1,1,1
13817,0,1,0,0,1,1,1,1,1,1
13818,0,1,0,1,1,1,1,1,1,1
13819,1,1,0,0,1,1,1,1,1,1
13820,0,1,0,0,1,1,1,1,1,1
13821,0,1,0,1,1,1,1,1,1,1
13822,0,0,0,0,1,1,1,1,1,1
13823,0,0,1,0,1,1,1,1,1,1
13824,0,1,0,0,1,1,1,1,1,1
13825,0,0,0,1,1,1,1,1,1,1
13826,0,0,0,0,1,1,1,1,1,1
13827,0,1,0,1,1,1,1,1,1,1
13828,0,1,0,0,1,1,1,1,1,1
13829,0,1,0,0,1,1,1,1,1,1
13830,0,1,0,0,1,1,1,1,1,1
13901,0,1,1,0,1,1,1,1,1,1
13902,0,0,0,1,1,1,1,1,1,1
13903,0,1,1,0,1,1,1,1,1,1
13904,0,1,0,0,1,1,1,1,1,0
13905,0,1,0,0,1,1,1,1,1,1
13906,0,1,0,0,1,1,1,1,1,0
13907,0,0,0,0,1,1,1,1,1,1
13908,0,0,1,0,1,1,1,1,1,1
13909,0,0,0,0,1,1,1,1,1,1
13910,1,,0,0,0,1,1,1,1,1
13911,0,0,0,0,1,1,1,1,1,1
13912,0,0,0,1,1,1,1,1,1,1
13913,0,1,0,0,1,1,1,1,1,1
13914,0,1,0,0,1,1,1,1,1,1
13915,0,1,0,0,1,1,1,1,1,1
13916,0,0,0,0,1,1,1,1,1,1
13917,0,0,0,0,1,1,1,1,1,1
13918,0,1,0,0,1,1,1,1,1,1
13919,0,0,1,0,1,1,1,1,1,1
13920,0,0,0,0,1,1,1,1,1,0
13921,0,1,0,0,1,1,1,1,1,1
13922,0,0,0,0,1,1,1,1,1,1
13923,0,1,1,0,1,1,1,1,1,1
13924,0,1,0,0,1,1,1,1,1,1
13925,1,0,0,1,1,1,1,1,1,1
13926,0,1,0,0,1,1,1,1,1,1
13927,0,0,0,0,1,1,1,1,1,1
13928,0,1,0,0,1,1,1,1,1,1
13929,0,0,0,0,1,1,1,1,1,1
13930,0,1,1,0,1,1,1,1,1,1
14001,0,0,1,0,1,1,1,1,1,1
14002,0,0,0,0,1,0,1,0,1,1
14003,0,0,0,0,1,0,1,1,1,1
14004,0,1,1,0,1,0,1,1,1,1
14005,0,0,0,0,1,1,1,1,1,1
14006,0,0,0,0,1,0,1,0,1,0
14007,1,1,1,0,1,0,1,1,1,1
14008,0,0,1,0,0,1,1,1,1,0
14009,0,0,0,0,1,0,0,1,1,1
14010,0,1,0,0,1,1,1,1,1,1
14011,0,0,0,0,1,1,1,1,1,0
14012,0,1,0,0,1,0,1,1,1,0
14013,1,0,0,0,1,1,1,1,1,0
14014,1,0,0,0,1,0,1,1,1,1
14015,0,1,1,0,1,0,0,1,1,0
14016,0,0,0,0,1,1,1,0,1,1
14017,0,0,0,0,1,0,1,1,1,0
14018,0,1,0,0,1,0,1,1,1,1
14019,0,0,0,0,1,0,1,1,1,1
14020,0,1,1,0,1,1,1,1,1,0
14021,0,1,0,0,1,0,1,0,1,1
14022,0,1,0,0,1,1,1,1,1,0
14023,0,0,0,0,1,0,1,1,1,0
14024,0,0,0,0,1,1,1,1,1,1
14025,0,0,0,0,1,1,1,1,1,1
14026,1,0,0,0,1,0,1,1,1,0
14027,0,0,0,0,1,0,1,1,1,1
14028,0,0,0,0,1,0,1,1,0,0
14029,0,0,0,0,1,0,1,0,1,1
14030,0,1,0,0,1,0,1,1,1,1
14101,0,0,0,0,1,0,1,0,1,0
14102,0,0,0,0,1,0,1,0,1,0
14103,0,0,0,0,1,0,1,1,1,1
14104,0,0,0,0,0,0,0,0,1,0
14105,0,0,0,0,1,0,1,0,1,1
14106,0,0,0,0,1,0,1,0,1,1
14107,0,0,0,0,1,0,1,1,1,0
14108,0,0,0,0,1,0,1,1,1,1
14109,0,0,0,0,1,0,1,0,1,0
14110,0,0,0,0,1,0,1,0,1,0
14111,0,0,0,0,1,0,1,1,1,1
14112,0,0,0,0,1,0,1,0,1,1
14113,0,0,0,0,1,0,1,0,0,0
14114,0,0,0,0,1,0,1,0,1,0
14115,0,0,0,0,1,0,1,0,1,0
14116,0,0,0,0,1,0,1,0,1,0
14117,0,0,0,0,1,0,1,1,1,1
14118,0,0,0,0,0,0,0,0,1,0
14119,0,1,0,0,1,0,1,1,1,1
14120,0,0,0,0,1,0,1,0,1,0
14121,0,0,0,0,1,1,1,0,1,1
14122,0,0,0,0,1,1,1,1,1,1
14123,0,1,0,0,1,0,1,1,1,0
14124,0,0,0,0,1,0,1,1,1,0
14125,0,0,0,0,1,0,1,1,1,1
14126,0,0,0,0,1,0,1,0,1,0
14127,0,0,0,0,1,0,1,1,1,1
14128,1,1,0,0,1,0,1,1,1,1
14129,0,1,0,0,1,0,1,1,1,0
14130,0,0,0,0,1,0,1,1,1,1
14201,0,0,0,0,1,0,1,0,1,0
14202,0,0,0,0,1,0,1,1,1,0
14203,0,0,0,0,1,1,1,0,1,0
14204,0,0,0,0,1,0,1,0,1,0
14205,0,0,0,1,1,1,1,0,1,1
14206,0,0,0,0,1,1,1,0,1,0
14207,0,0,0,0,1,0,0,0,0,1
14208,0,0,0,0,1,1,1,0,1,0
14209,0,0,0,0,1,1,1,1,1,0
14210,0,1,1,0,1,1,1,0,1,0
14211,0,1,0,0,1,0,0,1,1,0
14212,0,1,0,0,1,0,1,1,1,1
14213,0,1,0,0,1,0,1,1,1,0
14214,0,0,0,0,1,0,0,0,1,0
14215,0,0,0,0,1,0,1,1,1,1
14216,0,1,1,0,1,1,1,0,1,1
14217,0,1,0,0,1,0,0,1,1,0
14218,0,1,0,0,1,0,0,1,1,1
14219,0,1,1,0,1,1,1,1,1,1
14220,0,1,0,0,1,1,1,1,1,1
14221,0,1,0,0,1,1,0,0,1,0
14222,0,0,0,0,1,1,1,1,1,1
14223,0,1,1,0,1,1,1,1,1,0
14224,0,1,1,0,1,1,1,1,1,0
14225,0,1,1,1,1,1,1,1,1,1
14226,0,0,0,0,1,1,1,1,1,0
14227,0,1,0,1,1,1,1,1,1,1
14228,0,0,0,0,1,1,1,1,1,1
14229,0,0,0,0,1,1,1,1,1,0
14230,0,1,1,0,1,1,1,1,1,1
14301,0,0,0,0,1,0,0,0,1,1
14302,0,0,0,0,1,0,0,1,1,1
14303,0,0,0,0,1,0,1,0,1,1
14304,0,0,0,0,1,0,0,1,1,1
14305,0,1,0,0,1,0,0,1,1,0
14306,0,0,0,0,1,0,1,1,1,0
14307,0,0,0,0,1,1,0,0,1,0
14308,0,0,0,0,1,0,1,1,1,1
14309,0,0,0,0,1,0,1,0,1,1
14310,0,0,0,0,1,0,1,1,1,1
14311,1,0,0,0,1,0,1,0,1,1
14312,0,0,0,0,1,0,1,1,1,1
14313,0,0,0,0,1,0,1,1,1,1
14314,0,0,0,0,1,1,1,1,1,1
14315,0,0,0,0,1,0,1,1,1,1
14316,0,0,0,0,1,1,1,0,1,0
14317,0,0,0,1,1,1,0,0,1,1
14318,0,0,0,0,1,1,1,1,1,0
14319,0,1,0,0,1,1,1,0,1,0
14320,0,1,0,0,1,0,0,1,1,0
14321,0,0,0,1,1,1,1,1,1,1
14322,0,1,1,0,1,0,1,1,1,1
14323,0,0,0,0,1,0,0,0,1,0
14324,0,0,0,0,1,0,1,1,1,0
14325,0,0,0,0,1,0,1,0,1,1
14326,0,0,0,0,1,0,0,0,1,0
14327,0,1,0,0,1,0,0,0,1,1
14328,0,0,1,0,1,1,1,1,1,0
14329,0,0,0,0,1,0,1,1,1,1
14330,0,0,0,0,1,1,0,0,1,1
14401,1,0,0,1,1,0,1,1,1,1
14402,0,0,0,0,1,0,1,1,1,0
14403,1,0,0,0,1,1,0,1,1,0
14404,0,0,0,0,1,0,1,1,1,1
14405,0,0,0,0,1,0,0,1,1,0
14406,1,1,0,0,1,1,1,1,1,1
14407,1,0,0,1,1,0,1,1,1,0
14408,0,0,0,0,1,1,0,1,1,1
14409,0,1,1,0,1,0,1,1,1,1
14410,0,0,0,0,1,0,1,1,1,0
14411,0,1,0,0,1,0,1,1,1,0
14412,0,0,1,0,1,0,1,1,1,1
14413,0,1,0,0,1,0,1,1,1,1
14414,0,0,0,0,1,0,1,1,1,1
14415,0,0,0,0,1,1,0,1,1,1
14416,0,1,0,0,1,0,1,1,1,0
14417,0,0,1,1,1,1,0,1,1,1
14418,0,0,0,0,1,1,1,1,1,0
14419,0,0,0,0,1,0,1,1,1,1
14420,0,0,0,0,1,0,1,1,1,1
14421,0,0,0,0,1,0,1,1,0,1
14422,0,0,0,0,1,0,1,1,1,0
14423,0,0,0,0,1,0,1,1,1,1
14424,0,1,0,0,1,0,1,1,1,1
14425,0,0,0,0,1,0,1,1,1,1
14426,0,1,0,0,1,0,0,1,1,0
14427,0,0,0,0,1,1,1,1,1,1
14428,0,0,0,0,1,1,1,1,1,1
14429,0,0,0,0,1,0,0,1,1,0
14430,0,1,0,0,1,0,1,1,1,1
14501,0,0,0,0,1,0,1,0,1,0
14502,0,0,0,0,0,1,1,0,1,0
14503,0,1,0,0,1,0,1,1,1,1
14504,0,0,0,0,1,0,1,1,1,1
14505,0,1,0,0,0,0,1,1,1,0
14506,0,1,0,0,1,0,1,1,1,1
14507,0,0,0,0,1,0,1,1,1,0
14508,0,0,0,0,1,0,1,1,0,1
14509,0,0,0,0,1,0,1,0,1,1
14510,0,0,0,0,0,0,0,0,1,0
14511,0,0,0,0,1,0,1,1,1,1
14512,0,0,0,0,1,0,1,0,1,0
14513,0,0,0,0,1,0,1,0,1,0
14514,0,0,0,0,1,0,1,0,1,0
14515,0,0,0,0,1,0,1,0,1,0
14516,0,0,0,0,1,0,1,1,1,0
14517,0,1,0,0,1,0,1,1,1,1
14518,0,0,1,0,1,0,1,1,1,1
14519,0,1,1,1,1,0,1,1,1,1
14520,0,0,0,0,0,0,1,0,1,0
14521,0,0,0,0,1,0,1,0,1,0
14522,0,0,0,0,0,0,1,0,1,0
14523,0,0,1,0,1,0,0,0,1,1
14524,0,0,0,0,1,0,0,0,1,0
14525,0,0,1,0,1,0,0,0,1,0
14526,0,0,0,0,1,0,0,0,1,0
14527,0,0,0,0,1,0,0,0,1,1
14528,0,0,0,0,1,0,1,0,1,0
14529,0,0,0,0,1,0,1,1,1,1
14530,0,0,0,0,1,0,1,0,1,0
14601,0,0,0,0,1,1,0,1,1,0
14602,0,1,0,0,1,1,1,1,1,1
14603,0,0,1,0,1,1,0,1,1,1
14604,0,0,0,0,1,0,1,1,1,1
14605,0,0,0,0,1,0,1,1,1,0
14606,0,0,0,0,1,0,1,1,1,1
14607,0,0,0,0,0,1,1,1,1,0
14608,0,1,1,0,1,0,1,1,1,1
14609,0,0,0,0,1,0,1,1,1,0
14610,0,0,0,0,1,0,1,1,1,1
14611,0,0,0,0,1,0,1,1,1,0
14612,0,0,0,0,1,0,1,1,1,0
14613,0,0,0,0,1,0,1,1,1,1
14614,0,0,0,0,1,0,1,1,1,1
14615,0,0,0,0,1,1,1,1,1,1
14616,0,1,0,0,1,0,1,1,1,1
14617,0,0,0,0,1,0,1,1,1,1
14618,0,0,0,0,1,1,1,1,1,1
14619,0,0,0,0,1,1,1,0,1,0
14620,0,0,0,0,1,0,1,1,1,0
14621,0,0,0,0,1,0,1,1,1,1
14622,0,0,0,1,0,0,1,1,0,0
14623,0,1,0,0,1,1,1,1,1,1
14624,0,0,0,0,1,1,1,1,1,1
14625,0,0,1,0,1,0,1,1,1,1
14626,1,0,0,0,1,1,1,1,1,0
14627,0,0,0,0,1,1,1,1,1,1
14628,0,0,0,0,1,0,1,1,1,0
14629,0,0,0,0,1,0,0,1,1,1
14630,0,0,1,0,1,1,0,1,1,1
14701,0,0,0,0,1,1,1,1,1,0
14702,0,0,0,0,0,1,1,1,1,0
14703,0,0,0,0,1,1,1,1,1,1
14704,0,0,1,1,1,1,1,1,1,1
14705,0,1,0,0,1,1,1,1,1,0
14706,0,0,0,0,1,1,1,1,1,1
14707,0,0,0,0,1,1,0,1,1,1
14708,0,1,0,0,1,0,1,0,1,0
14709,0,1,0,0,1,0,0,1,1,1
14710,0,0,0,1,1,1,1,1,1,1
14711,0,0,1,0,1,1,0,1,1,1
14712,0,0,1,0,1,0,0,1,1,1
14713,0,0,0,0,1,0,0,1,1,1
14714,0,0,0,1,1,1,0,1,1,1
14715,0,0,1,0,1,1,0,1,1,0
14716,0,1,0,0,1,1,1,1,1,0
14717,0,0,0,0,1,1,1,1,1,1
14718,0,0,0,0,1,1,1,1,1,1
14719,0,1,0,0,1,0,1,1,1,0
14720,0,1,0,0,1,1,1,1,1,1
14721,0,0,0,0,1,0,1,0,1,0
14722,0,0,0,0,1,0,0,1,1,0
14723,0,0,0,0,1,1,1,1,1,1
14724,0,0,0,0,1,0,1,0,1,0
14725,0,0,0,0,1,0,1,0,1,1
14726,0,0,0,0,1,1,1,1,1,0
14727,0,0,0,0,1,1,0,1,1,0
14728,0,0,0,1,1,1,1,1,1,0
14729,0,1,0,0,1,1,1,1,1,1
14730,0,0,0,0,1,1,1,1,1,1
14801,0,0,0,0,1,1,1,1,1,1
14802,0,0,0,0,1,1,0,1,1,1
14803,0,0,0,1,1,1,1,1,1,1
14804,0,0,0,0,1,1,1,1,1,1
14805,0,0,0,0,1,1,1,1,1,1
14806,0,0,0,0,1,1,1,1,1,1
14807,0,0,0,0,1,1,1,1,1,1
14808,0,0,0,0,1,1,1,1,1,1
14809,0,0,0,0,1,1,1,1,1,1
14810,0,0,0,0,1,1,1,1,1,1
14811,0,0,0,0,1,1,0,1,1,0
14812,0,1,0,0,1,1,1,1,1,1
14813,0,1,1,0,1,1,1,1,1,1
14814,0,0,0,0,1,1,1,1,1,1
14815,0,0,0,0,1,0,1,1,1,1
14816,0,0,0,0,1,1,1,1,1,1
14817,0,0,0,0,1,1,0,1,1,1
14818,0,1,0,0,1,1,1,1,1,1
14819,0,0,0,0,1,1,0,1,0,1
14820,0,0,0,0,1,1,1,1,1,0
14821,0,0,0,0,1,1,1,1,1,1
14822,0,0,0,0,1,1,1,1,1,1
14823,0,0,0,0,1,1,1,1,1,1
14824,0,0,0,0,1,1,1,1,1,1
14825,0,0,0,0,1,1,1,1,1,1
14901,0,0,0,0,1,1,1,1,0,1
14902,0,0,0,1,1,1,0,1,1,1
14903,0,1,0,1,1,1,1,1,1,1
14904,0,0,0,1,1,1,0,1,1,1
14905,0,0,0,0,1,1,1,1,1,1
14906,0,1,0,1,1,1,1,1,1,1
14907,0,0,0,0,0,1,0,1,1,1
14908,0,0,0,1,1,1,1,1,1,1
14909,0,0,0,0,1,1,1,1,1,0
14910,0,0,0,0,1,1,1,1,0,1
14911,0,0,1,0,1,1,1,1,1,1
14912,0,1,0,0,1,0,1,1,1,1
14913,0,0,0,0,1,1,1,1,1,1
14914,0,0,0,0,1,1,0,1,1,1
14915,0,1,0,0,1,1,1,1,1,0
14916,0,1,1,0,1,1,0,1,1,1
14917,0,0,0,0,1,1,0,1,1,0
14918,0,0,0,1,1,1,1,1,1,1
14919,0,1,0,0,1,1,0,1,1,0
14920,0,0,0,0,1,1,1,1,1,0
14921,0,0,1,0,1,1,0,1,1,1
14922,0,1,0,1,1,1,1,1,1,1
14923,0,0,0,1,1,1,1,1,1,1
14924,0,1,0,0,1,1,0,1,1,1
14925,0,0,0,0,1,1,1,1,1,1
14926,0,0,0,1,1,1,1,1,1,1
14927,0,0,0,0,1,1,1,1,1,1
14928,0,0,1,0,1,1,1,1,1,1
14929,0,0,0,1,1,1,0,1,1,1
14930,0,0,0,1,1,0,1,1,1,1
15001,0,1,1,0,1,1,0,1,1,1
15002,0,1,0,0,1,1,0,1,1,1
15003,0,0,0,0,1,1,0,1,1,0
15004,0,1,0,0,1,1,1,1,1,1
15005,0,0,0,1,1,1,0,1,1,1
15006,0,0,0,0,1,1,1,1,1,1
15007,0,0,0,0,1,1,0,1,1,1
15008,0,0,0,0,0,1,0,1,1,0
15009,0,1,0,0,1,1,1,1,1,1
15010,0,0,0,0,1,1,0,1,1,1
15011,0,1,0,0,1,1,0,1,1,1
15012,0,1,0,0,1,0,1,1,1,0
15013,0,0,0,0,1,1,1,1,1,1
15014,0,0,0,1,1,1,1,1,1,1
15015,0,0,1,0,1,1,1,1,1,1
15016,0,0,0,0,1,1,1,1,1,0
15017,0,0,0,0,1,1,1,1,1,1
15018,0,1,0,0,1,1,0,1,1,1
15019,0,1,0,0,1,1,0,1,1,1
15020,0,0,0,0,0,1,0,1,1,0
15021,0,0,0,0,1,1,0,1,1,1
15022,0,1,0,0,1,1,0,1,1,0
15023,0,0,0,0,1,1,1,1,1,1
15024,0,1,0,1,1,1,0,1,1,1
15025,0,0,0,0,1,1,0,1,1,0
15026,0,0,1,0,1,1,1,1,1,1
15027,0,0,0,0,1,1,0,1,1,0
15028,0,0,0,0,1,1,1,1,1,1
15029,0,1,1,0,1,1,0,1,1,1
15030,0,0,0,0,1,1,0,1,1,1
15101,0,1,1,0,1,1,0,1,1,1
15102,0,0,0,0,1,1,1,1,1,1
15103,0,0,0,0,1,1,1,1,1,1
15104,0,0,0,0,1,1,1,1,1,1
15105,0,0,0,1,1,1,1,1,1,1
15106,0,0,0,0,1,1,0,1,1,1
15107,0,,0,0,1,1,0,1,1,0
15108,0,1,0,0,1,1,1,1,1,1
15109,0,0,0,1,1,1,1,1,1,1
15110,0,0,0,0,1,1,1,0,1,1
15111,0,0,0,0,1,1,1,1,1,1
15112,0,0,0,0,1,1,1,1,1,0
15113,0,0,0,0,1,1,1,1,1,1
15114,0,1,1,0,1,1,1,1,1,1
15115,0,0,0,0,1,1,1,1,1,1
15116,0,0,0,0,1,1,1,1,1,1
15117,0,0,0,0,1,1,1,1,1,1
15118,0,1,0,0,1,1,1,1,1,1
15119,0,0,0,0,1,1,1,1,1,0
15120,0,0,0,0,1,1,1,1,1,1
15121,0,0,0,0,1,1,0,1,1,1
15122,0,1,0,0,1,1,0,1,1,1
15123,0,1,1,0,1,1,1,1,1,1
15124,0,0,0,0,1,1,1,1,1,1
15125,0,1,0,0,1,1,1,1,1,1
15126,0,0,0,0,1,1,1,1,1,1
15127,0,0,1,0,1,1,1,1,1,1
15128,0,1,0,0,1,1,1,1,1,1
15129,0,0,0,0,1,1,1,1,1,1
15130,0,1,0,0,1,1,1,1,1,0
15201,1,0,0,1,1,1,1,1,1,1
15202,0,1,0,1,1,1,1,1,1,1
15203,0,0,0,0,1,1,1,1,1,1
15204,0,0,0,1,1,1,1,1,1,1
15205,0,0,0,0,1,1,1,1,1,1
15206,0,1,0,1,1,1,1,1,1,1
15207,0,0,0,0,1,1,1,1,1,1
15208,0,0,0,1,1,1,1,1,1,1
15209,0,1,0,1,1,1,1,1,1,1
15210,0,1,0,0,1,1,0,1,1,1
15211,0,1,1,1,1,1,1,1,1,1
15212,0,1,1,1,1,1,1,1,1,1
15213,0,1,0,0,1,1,1,1,1,1
15214,1,0,0,0,1,1,0,1,1,1
15215,0,1,1,0,1,1,1,1,1,1
15216,0,0,0,0,1,1,1,1,1,1
15217,0,0,0,0,1,1,0,1,1,1
15218,0,0,0,0,1,1,1,1,1,1
15219,0,0,0,1,1,1,1,1,1,1
15220,0,0,0,0,1,1,1,1,1,1
15221,0,0,0,1,1,1,1,1,1,1
15222,0,0,0,1,1,1,0,1,1,1
15223,0,1,0,0,1,1,1,1,1,1
15224,0,1,1,1,1,1,1,1,1,1
15225,0,0,1,0,1,1,1,1,1,1
15226,0,0,0,0,1,1,1,1,1,1
15227,0,1,0,0,1,1,1,1,1,1
15228,0,0,0,0,1,1,1,1,1,1
15229,0,0,0,1,1,1,1,1,1,1
15230,0,0,0,0,1,1,1,1,1,0
15301,0,0,0,1,1,1,1,1,1,1
15302,0,1,1,0,1,1,1,1,1,1
15303,0,0,0,0,1,1,1,1,1,1
15304,1,0,1,1,1,1,1,1,1,1
15305,0,1,0,1,1,1,1,1,1,1
15306,0,1,0,0,1,1,1,1,1,1
15307,0,0,0,0,1,1,1,1,1,1
15308,0,0,1,0,1,1,1,1,1,1
15309,0,1,1,1,1,1,1,1,1,1
15310,0,1,1,1,1,1,1,1,1,1
15311,0,0,0,1,1,1,1,1,1,1
15312,0,1,0,0,1,1,1,1,1,1
15313,0,0,0,0,1,1,1,1,1,1
15314,0,0,0,1,1,1,1,1,1,1
15315,0,1,1,1,1,1,1,1,1,1
15316,0,0,1,0,1,1,1,1,1,1
15317,0,0,0,0,1,1,1,1,1,1
15318,0,1,0,0,1,1,1,1,1,1
15319,0,1,0,0,1,1,1,1,1,1
15320,0,0,0,0,1,1,1,1,1,1
15321,0,0,0,0,1,1,1,1,1,1
15401,0,0,1,1,1,1,0,1,1,1
15402,0,0,0,1,1,1,1,1,1,1
15403,0,0,0,0,1,1,1,1,1,1
15404,0,0,1,1,1,1,1,1,1,1
15405,0,0,0,1,1,1,1,1,1,1
15406,0,0,0,1,1,0,1,1,1,1
15407,0,0,0,1,1,1,0,1,1,1
15408,0,1,1,1,1,0,1,1,1,1
15409,0,1,0,1,1,0,0,1,1,1
15410,0,0,0,0,1,1,1,1,1,1
15411,0,1,1,1,1,0,1,1,1,1
15412,0,1,0,0,0,0,0,1,1,1
15413,0,1,0,0,1,0,1,1,1,1
15414,0,0,0,1,1,0,0,1,1,1
15415,0,0,0,0,1,0,0,1,1,0
15416,0,0,0,0,1,0,1,1,1,1
15417,0,1,0,0,0,0,0,1,1,1
15418,0,0,0,0,1,0,0,1,1,1
15419,0,0,1,1,1,0,1,1,1,1
15420,0,0,1,1,1,0,1,1,1,1
15421,0,0,1,1,1,1,0,1,1,1
15422,0,0,0,1,1,0,1,1,1,1
15423,0,1,1,1,1,1,1,1,1,1
15424,0,1,0,0,1,1,0,1,1,1
15425,1,0,1,0,1,0,1,1,1,1
15426,0,1,1,1,1,1,1,1,1,1
15427,0,0,0,1,1,1,0,1,1,1
15428,1,0,1,1,1,1,1,1,1,1
15429,0,0,0,0,1,1,1,1,1,1
15430,0,1,1,0,1,1,0,1,1,1
15501,0,0,0,1,1,1,1,1,1,1
15502,0,0,0,1,1,1,0,1,1,1
15503,0,0,1,0,1,1,1,1,1,1
15504,0,1,1,0,1,0,1,1,1,1
15505,0,1,0,0,1,1,0,1,1,1
15506,0,0,1,0,1,1,0,1,1,1
15507,0,0,0,0,1,1,0,1,1,1
15508,0,0,0,0,1,1,1,1,0,1
15509,0,1,0,0,1,1,1,1,1,0
15510,0,0,0,0,1,1,1,1,1,1
15511,0,1,0,0,1,1,1,1,1,1
15512,0,0,0,0,1,1,1,1,1,1
15513,0,0,0,0,1,1,1,1,1,0
15514,0,0,0,0,1,1,0,1,1,1
15515,0,0,0,0,1,1,0,1,1,1
15516,0,0,1,1,1,1,1,1,1,1
15517,0,0,0,1,1,1,1,1,1,1
15518,0,0,0,0,1,1,0,1,0,0
15519,0,1,0,0,1,1,0,1,1,1
15520,0,0,1,0,1,1,0,1,1,1
15521,0,1,0,0,1,1,1,1,1,0
15522,0,0,1,0,1,1,1,1,1,1
15523,0,0,0,0,1,1,0,1,1,0
15524,0,0,0,0,1,1,1,1,1,1
15525,0,1,1,0,1,1,1,1,1,1
15526,0,1,0,0,1,1,1,1,1,1
15527,0,0,0,0,0,1,0,1,1,1
15528,0,1,0,0,1,1,1,1,1,1
15529,0,0,0,0,1,1,1,1,1,0
15530,0,0,0,0,1,1,1,1,0,1
15601,0,0,0,0,0,1,1,1,1,0
15602,0,0,0,0,1,1,1,1,1,0
15603,0,0,0,0,1,1,1,1,1,1
15604,0,1,0,1,1,0,0,1,1,1
15605,0,0,0,1,1,1,1,1,1,1
15606,0,0,0,0,0,1,0,1,1,1
15607,0,0,0,0,1,1,1,1,1,1
15608,0,0,0,0,1,1,0,1,1,1
15609,0,1,0,0,1,1,0,1,1,1
15610,0,0,1,0,1,1,0,1,1,0
15611,0,0,0,1,1,1,0,1,1,1
15612,0,0,0,0,1,1,0,1,0,1
15613,0,0,1,0,1,1,1,1,1,1
15614,0,0,0,0,1,0,1,1,1,1
15615,0,0,0,0,1,1,0,1,1,1
15616,0,1,0,0,1,1,1,1,1,1
15617,0,0,0,1,1,1,0,1,1,1
15618,0,0,0,1,1,1,0,1,1,1
15619,0,0,0,0,1,1,1,1,1,1
15620,0,1,0,0,1,1,0,1,1,1
15621,0,0,1,0,1,1,0,1,1,1
15622,0,0,1,1,0,1,1,1,1,1
15623,0,0,0,0,1,1,0,1,0,0
15624,0,0,0,0,0,1,1,1,1,1
15625,0,1,0,0,1,0,0,1,1,1
15626,0,0,0,0,1,1,1,1,1,0
15627,0,0,0,0,1,1,0,1,1,1
15628,0,0,1,0,1,1,0,1,1,1
15629,0,1,0,0,1,1,1,1,1,1
15630,0,1,0,0,1,1,0,1,1,1
15701,0,1,1,1,1,1,1,1,1,1
15702,0,0,0,0,1,1,1,1,1,0
15703,0,1,0,0,1,0,0,1,1,1
15704,0,0,1,0,1,1,1,1,1,1
15705,0,0,0,0,1,1,0,1,1,1
15706,0,1,0,1,1,1,0,1,1,1
15707,0,0,0,0,1,1,1,1,1,1
15708,0,0,0,0,1,1,0,1,1,1
15709,0,0,0,0,1,1,0,1,1,1
15710,1,0,0,0,1,1,0,1,1,1
15711,0,1,0,0,1,1,1,1,1,1
15712,0,0,0,0,1,1,1,1,1,1
15713,0,0,0,1,1,1,1,1,1,1
15714,0,0,0,0,1,1,0,1,1,1
15715,0,1,1,1,1,1,0,1,1,1
15716,0,0,1,0,1,1,0,1,1,1
15717,0,1,0,0,1,1,0,1,1,1
15718,0,1,0,0,1,1,0,1,1,1
15719,0,1,0,0,1,1,0,1,1,0
15720,0,1,0,0,0,1,0,1,1,0
15721,0,1,1,1,1,1,0,1,1,1
15722,0,0,0,1,1,1,1,1,1,1
15723,0,1,0,0,1,1,1,1,1,1
15724,0,0,1,0,1,1,0,1,1,1
15725,0,1,1,0,1,1,0,1,1,1
15726,0,0,1,0,1,1,0,1,1,1
15727,0,1,0,1,1,1,1,1,1,1
15728,0,0,0,1,1,1,1,1,1,1
15729,0,0,0,0,1,1,0,1,1,1
15730,0,1,1,0,1,1,1,1,1,1
15801,0,0,0,1,1,0,1,1,1,1
15802,0,0,0,1,1,1,0,1,0,1
15803,0,1,1,1,1,1,1,1,1,1
15804,0,0,0,1,1,1,1,1,1,1
15805,0,0,1,1,1,1,1,1,1,1
15806,0,0,1,0,1,1,0,1,1,1
15807,0,0,0,0,1,1,0,1,1,1
15808,0,0,0,0,1,1,1,1,1,1
15809,0,0,0,0,1,1,0,1,1,1
15810,0,1,1,0,1,1,0,1,1,1
15811,0,1,1,0,1,1,0,1,1,1
15812,0,0,0,0,1,1,0,1,1,1
15813,0,1,0,0,1,1,1,1,1,1
15814,0,0,0,0,1,1,1,1,1,1
15815,0,0,0,0,1,1,1,1,1,1
15816,0,0,0,0,1,1,1,1,1,1
15817,0,0,0,0,1,1,0,1,1,1
15818,0,0,0,1,1,1,1,1,1,1
15819,0,0,1,0,1,0,0,1,1,0
15820,0,1,0,0,0,1,0,1,1,0
15821,0,0,0,0,1,1,1,1,1,1
15822,0,0,0,0,1,1,1,1,1,1
15823,0,0,0,1,1,1,1,1,1,1
15824,0,1,0,0,1,1,1,1,1,0
15825,0,1,0,1,1,1,0,1,1,1
15826,0,0,1,0,1,1,0,1,1,1
15827,0,1,0,0,1,1,0,1,1,1
15828,0,0,0,0,1,1,0,1,1,1
15829,0,0,0,1,1,1,0,1,1,1
15830,0,1,0,1,1,1,1,1,1,1
15901,0,0,0,0,1,1,1,1,1,1
15902,0,0,0,0,1,1,1,1,1,1
15903,0,0,0,0,1,1,1,1,1,1
15904,0,0,0,0,1,1,1,1,1,1
15905,0,0,0,0,1,1,1,1,1,0
15906,0,1,1,1,1,1,1,1,1,1
15907,1,0,0,1,1,1,1,1,1,1
15908,0,0,0,0,1,1,1,1,1,1
15909,0,0,0,0,1,1,1,1,1,1
15910,0,1,0,0,1,1,1,1,1,1
15911,0,0,0,0,1,1,1,1,1,1
15912,0,0,0,0,1,1,1,1,1,1
15913,0,0,0,0,1,1,1,1,1,1
15914,0,0,0,0,1,1,1,1,1,0
15915,0,0,1,0,1,1,1,1,1,1
15916,0,0,0,0,1,1,1,1,1,1
15917,0,0,0,0,1,1,1,1,1,1
15918,0,1,0,0,1,1,1,1,1,1
15919,0,0,0,0,1,1,1,1,1,1
15920,0,1,0,0,1,1,1,1,1,1
15921,0,0,0,0,1,1,1,1,1,0
15922,0,1,0,0,1,1,1,1,1,1
15923,0,0,0,1,1,1,1,1,1,1
15924,0,0,0,0,1,1,1,1,1,1
15925,0,0,0,0,1,1,1,1,1,1
15926,0,1,0,0,1,0,1,1,1,1
15927,0,0,0,0,1,1,1,1,1,1
15928,1,0,0,0,1,1,1,1,1,1
15929,0,1,0,1,1,1,1,1,1,1
15930,0,1,0,0,1,1,1,1,1,1
16001,1,1,0,0,1,1,1,1,1,1
16002,0,0,0,0,1,1,1,1,1,1
16003,0,0,0,0,1,1,1,1,1,1
16004,1,0,0,0,1,1,1,1,1,1
16005,0,0,0,0,1,1,1,1,1,1
16006,0,1,0,0,1,1,1,1,1,1
16007,0,0,0,0,1,1,1,1,1,0
16008,0,0,0,0,1,1,1,1,1,1
16009,0,0,0,0,1,1,1,1,1,1
16010,0,0,0,0,1,1,1,1,1,1
16011,0,0,0,0,1,1,1,1,1,1
16012,0,0,0,0,1,1,1,1,1,1
16013,0,0,0,0,1,1,1,1,1,1
16014,0,0,0,0,1,1,0,0,1,0
16015,1,0,0,0,1,1,1,1,1,1
16016,0,0,1,0,1,1,0,1,1,1
16017,0,0,0,0,1,1,1,1,1,1
16018,0,0,0,0,1,1,1,0,1,1
16019,0,1,0,1,1,1,1,1,1,1
16020,0,0,0,0,1,1,1,1,1,1
16021,0,0,0,0,1,1,1,1,1,1
16022,0,0,0,0,1,1,1,1,1,1
16023,0,0,0,0,1,1,1,1,1,1
16024,0,0,0,0,1,1,1,1,1,1
16025,1,0,0,0,1,1,1,1,1,1
16026,0,0,0,0,1,1,1,1,1,1
16027,0,1,0,0,1,1,1,1,1,1
16028,0,0,0,0,1,1,1,1,1,0
16029,0,0,0,0,1,1,1,1,1,1
16030,0,0,0,0,1,1,1,1,1,1
16101,0,0,0,0,1,1,1,1,1,1
16102,0,0,0,0,1,1,1,1,1,1
16103,0,0,0,0,1,1,1,1,1,1
16104,0,0,1,0,1,1,1,1,1,1
16105,0,1,0,0,1,1,0,1,1,1
16106,0,1,0,0,1,1,1,1,1,1
16107,0,0,1,0,1,1,1,1,1,1
16108,0,1,0,0,1,1,1,1,1,1
16109,0,1,1,0,1,1,1,1,1,1
16110,0,0,0,0,1,1,1,1,1,1
16111,0,1,0,0,1,1,1,1,1,1
16112,0,0,0,0,1,1,1,1,1,1
16113,0,0,1,1,1,1,1,1,1,1
16114,0,0,0,0,1,1,1,1,1,1
16115,0,1,1,0,1,1,1,1,1,1
16116,1,1,1,0,1,1,1,1,1,1
16117,0,1,0,1,1,1,1,1,1,1
16118,0,1,1,1,1,1,1,1,1,1
16119,0,0,0,0,1,1,1,1,1,1
16120,0,1,0,0,1,1,1,1,1,1
16121,0,0,0,1,1,1,1,1,1,1
16122,0,1,0,0,1,1,1,1,1,1
16123,0,1,0,1,1,1,1,1,1,1
16124,0,1,0,0,1,1,1,1,1,1
16125,0,1,0,0,1,1,1,1,1,1
16126,0,0,0,0,1,1,1,1,1,1
16127,0,1,1,0,1,1,1,1,1,1
16128,0,1,0,0,1,1,1,1,1,1
16129,0,0,0,0,1,1,1,1,1,0
16130,0,0,0,0,1,1,1,1,1,1
16201,0,1,1,0,1,1,1,1,1,1
16202,0,0,0,0,1,1,1,1,1,1
16203,0,0,0,0,1,1,1,1,1,1
16204,1,0,1,1,1,1,1,1,1,1
16205,0,0,0,0,1,1,0,1,1,0
16206,0,0,0,0,1,1,1,1,1,1
16207,0,1,0,0,1,1,1,1,1,1
16208,0,0,0,0,1,1,1,1,1,1
16209,0,1,0,0,1,1,1,1,1,0
16210,0,0,1,0,1,1,1,1,1,1
16211,0,0,0,0,1,1,1,1,1,1
16212,0,0,1,0,1,1,1,1,1,1
16213,0,0,1,0,1,1,1,1,1,1
16214,0,1,0,0,1,1,0,1,1,1
16215,0,0,0,1,1,1,1,1,1,1
16216,0,1,0,0,1,1,1,1,1,1
16217,0,0,0,0,1,1,1,1,1,1
16218,0,1,0,0,1,1,1,1,1,1
16219,0,1,1,0,1,0,1,1,1,1
16220,0,0,0,1,1,0,1,1,1,1
16221,0,0,0,0,1,0,1,1,0,1
16222,0,1,0,0,1,0,1,1,1,1
16223,0,1,0,0,1,0,1,1,1,1
16224,0,0,1,0,1,0,1,1,1,1
16225,0,1,0,0,1,1,1,1,1,1
16226,0,1,0,0,1,1,1,1,1,1
16227,0,1,1,0,1,0,1,1,1,1
16228,0,0,0,1,1,0,1,1,1,1
16229,0,1,0,1,1,0,1,1,1,1
16230,0,1,0,0,1,0,1,1,1,1
16301,0,0,0,0,1,1,1,1,1,0
16302,0,0,0,0,1,1,1,1,1,0
16303,0,0,1,0,1,1,1,1,1,0
16304,0,0,0,1,1,1,1,1,1,1
16305,0,1,1,1,1,1,1,1,1,1
16306,1,1,1,1,1,1,1,1,1,1
16307,0,0,0,1,1,1,1,1,1,1
16308,0,0,1,1,1,1,1,1,1,0
16309,0,1,1,0,1,1,1,1,1,0
16310,0,1,0,1,1,1,1,1,1,1
16311,0,1,0,1,0,1,1,1,1,1
16312,0,0,0,0,1,1,1,1,1,1
16313,0,0,0,0,1,1,1,1,1,1
16314,0,0,0,1,1,1,1,1,1,0
16315,0,0,1,0,1,1,1,1,1,1
16316,0,1,0,0,1,1,1,1,1,1
16317,0,0,0,0,1,1,1,1,1,1
16318,0,0,0,1,1,1,1,1,1,1
16319,0,0,0,0,1,1,1,1,1,1
16320,0,0,1,0,1,1,1,1,1,1
16321,0,1,0,0,1,1,1,1,1,0
16322,1,0,0,0,1,1,1,1,1,1
16323,0,0,0,0,1,1,1,1,1,1
16324,0,0,1,0,1,1,1,1,1,1
16325,0,1,1,1,1,1,1,1,1,1
16326,1,0,1,1,1,1,1,1,1,1
16327,0,1,1,0,1,1,1,1,1,1
16328,0,0,0,1,1,1,1,1,1,1
16329,0,0,0,0,1,1,1,1,1,1
16330,0,0,0,0,1,1,1,1,1,1
16401,0,0,1,0,1,1,1,1,1,1
16402,0,0,0,0,1,1,1,1,1,1
16403,0,0,1,0,1,1,1,1,1,1
16404,0,0,0,1,1,1,1,1,1,1
16405,0,1,0,0,1,1,1,1,1,1
16406,0,0,0,0,1,1,1,1,1,1
16407,0,0,0,0,1,1,1,1,1,1
16408,0,0,0,0,1,1,1,1,1,1
16409,0,0,1,1,1,1,1,1,1,1
16410,0,1,1,0,1,1,1,1,1,1
16411,0,0,0,0,1,1,1,1,1,1
16412,0,0,1,0,1,1,1,1,1,1
16413,0,0,0,0,1,1,1,1,1,1
16414,0,0,1,1,1,1,1,1,1,1
16415,0,0,0,1,1,1,1,1,1,1
16416,1,0,1,0,1,1,1,1,1,1
16417,1,0,0,1,1,1,1,1,1,1
16418,0,0,0,0,1,1,1,1,1,1
16419,0,0,0,0,1,1,1,1,1,1
16420,0,0,0,0,1,1,1,1,1,1
16421,0,1,0,0,1,1,1,1,1,1
16422,0,0,0,0,1,1,1,1,1,1
16423,0,1,1,0,1,1,1,1,1,1
16424,0,0,1,0,1,1,1,1,1,1
16425,0,0,0,0,1,1,1,1,0,0
16426,0,0,0,0,1,1,1,1,1,0
16427,0,0,1,1,1,1,1,1,1,1
16428,0,0,0,0,1,1,1,1,1,1
16429,0,0,0,0,1,1,1,1,1,1
16430,0,0,0,0,1,1,1,1,1,0
16501,0,0,0,0,1,1,1,1,1,1
16502,0,0,0,0,1,1,1,1,1,1
16503,0,1,0,0,1,1,1,1,1,1
16504,0,1,0,0,1,1,1,1,1,1
16505,0,0,0,0,1,1,1,1,1,1
16506,0,0,0,0,1,1,1,1,1,1
16507,0,0,0,0,1,1,1,1,1,1
16508,0,0,0,1,1,1,1,1,1,1
16509,0,0,0,0,0,1,1,1,1,1
16510,0,1,0,0,1,1,1,1,1,1
16511,0,0,0,0,1,1,1,1,1,1
16512,0,0,0,0,1,1,1,1,1,1
16513,0,0,0,0,1,1,1,1,1,1
16514,0,1,0,0,1,1,1,1,1,1
16515,0,0,0,1,1,1,1,1,1,1
16516,0,1,1,0,1,1,1,1,1,1
16517,0,0,0,0,1,1,1,1,1,1
16518,0,0,0,0,1,1,1,1,1,1
16519,0,0,0,1,1,1,1,1,1,1
16520,0,0,0,0,1,1,1,1,1,1
16521,0,1,0,0,1,1,1,1,1,1
16522,0,0,0,0,1,1,1,1,1,1
16523,0,0,0,0,1,1,1,1,1,1
16524,0,0,0,0,1,1,1,1,1,1
16525,0,0,0,0,1,1,1,1,1,1
16526,0,0,0,0,1,1,1,1,1,1
16527,0,0,1,0,1,1,1,1,1,1
16528,0,1,1,0,1,1,1,1,1,1
16529,0,0,0,0,1,1,1,1,1,1
16530,0,0,0,0,1,1,0,1,1,0
16601,0,1,0,0,1,1,1,1,1,1
16602,0,0,0,0,1,1,1,1,1,1
16603,0,1,1,1,1,1,1,1,1,1
16604,0,0,0,0,1,1,1,1,1,1
16605,0,0,0,0,1,1,1,1,1,0
16606,0,0,0,0,1,1,1,1,1,1
16607,0,1,0,0,1,1,1,1,1,1
16608,0,0,0,0,1,1,1,1,1,1
16609,0,1,1,0,1,1,1,1,1,1
16610,0,1,0,0,1,1,1,1,1,1
16611,0,0,0,0,1,1,1,1,1,1
16612,0,1,0,1,1,1,1,1,1,1
16613,0,0,0,0,1,1,1,1,1,1
16614,0,0,1,1,1,1,1,1,1,1
16615,0,1,0,0,1,1,1,1,1,1
16616,0,0,0,0,1,1,1,1,1,1
16617,0,0,0,0,1,1,1,1,1,1
16618,0,0,0,0,1,1,1,1,1,1
16619,0,0,0,0,1,1,1,1,1,1
16620,0,0,0,0,1,1,1,1,1,1
16621,0,0,0,0,1,1,1,1,1,1
16622,0,0,0,0,1,1,1,1,1,1
16623,0,0,0,0,1,1,1,1,1,1
16624,0,1,0,0,1,1,1,1,1,1
16625,0,0,0,1,1,1,1,1,1,1
16626,0,0,0,0,1,1,1,1,1,1
16627,0,1,1,0,1,1,1,1,1,1
16628,0,1,1,1,1,1,1,1,1,1
16629,0,0,0,1,1,1,1,1,1,1
16701,0,0,0,0,1,0,0,1,1,0
16702,0,0,0,0,1,0,1,1,1,0
16703,0,0,0,0,1,0,0,0,1,0
16704,0,0,0,0,0,0,0,1,1,0
16705,0,0,0,0,1,0,0,1,1,0
16706,0,0,1,0,1,1,1,1,1,1
16707,0,0,0,0,1,1,0,1,1,1
16708,0,1,1,0,1,1,0,1,1,0
16709,0,0,0,0,1,1,1,1,1,1
16710,0,0,0,0,1,0,0,1,1,0
16711,0,1,0,0,1,1,1,1,1,1
16712,0,0,0,0,1,1,1,1,1,1
16713,0,0,0,0,1,0,1,1,1,0
16714,0,0,0,0,0,0,0,1,1,0
16715,0,0,0,0,1,0,1,1,1,0
16716,0,0,0,0,1,1,1,1,1,0
16717,0,0,0,0,1,0,1,1,1,1
16718,0,1,0,0,1,1,1,1,1,1
16719,0,0,0,0,1,0,0,1,1,0
16720,0,0,0,0,1,0,0,1,1,1
16721,0,0,0,0,1,1,1,1,1,1
16722,0,0,0,0,1,0,0,1,1,1
16723,0,0,0,0,1,0,1,1,1,1
16724,1,0,0,1,1,0,1,1,1,0
16725,0,0,0,1,1,0,0,1,1,1
16726,0,0,0,0,1,0,0,1,1,1
16727,0,0,0,0,1,0,1,1,1,0
16728,0,0,0,0,1,0,0,1,1,0
16729,0,0,0,0,1,0,1,1,1,1
16730,0,0,1,0,1,0,1,1,1,1
16801,0,0,0,0,1,1,1,1,1,1
16802,0,1,0,0,1,1,0,1,1,0
16803,0,0,1,0,1,0,1,1,1,0
16804,0,1,1,0,0,0,1,1,1,1
16805,0,1,1,0,1,1,1,1,1,1
16806,0,0,0,0,1,1,1,1,1,0
16807,0,0,1,1,1,0,1,1,1,1
16808,0,1,1,0,1,1,1,1,1,1
16809,0,0,0,0,1,1,1,1,1,1
16810,0,0,0,0,0,0,1,1,1,0
16811,0,0,0,0,1,0,0,1,1,0
16812,0,0,0,0,1,1,1,1,1,1
16813,0,0,0,0,1,1,0,1,1,0
16814,0,0,1,0,1,1,0,1,1,0
16815,0,0,0,0,1,0,0,1,1,0
16816,0,0,0,0,1,1,1,1,1,1
16817,0,0,0,0,1,1,1,1,1,1
16818,0,1,0,0,0,0,1,1,1,0
16819,0,0,0,0,1,1,1,0,1,0
16820,0,0,0,0,1,1,0,1,1,0
16821,0,0,0,0,1,1,1,1,1,0
16822,0,0,0,0,1,1,1,1,1,0
16823,0,0,0,0,1,0,1,1,1,1
16824,0,0,0,0,1,1,1,1,1,0
16825,0,0,0,0,1,1,1,1,1,0
16826,0,0,0,0,1,1,1,1,1,0
16827,0,0,0,0,1,1,1,1,1,1
16828,0,1,0,0,0,1,1,0,1,0
16829,0,0,0,0,1,1,1,1,1,0
16830,0,0,0,0,1,0,1,1,1,1
16901,0,0,0,0,1,1,1,0,1,0
16902,0,0,0,1,1,1,1,1,1,1
16903,0,0,0,0,1,1,1,1,1,1
16904,0,1,0,1,1,1,1,1,1,1
16905,0,0,0,0,1,1,1,1,1,1
16906,0,0,0,1,1,1,1,1,1,1
16907,0,0,0,0,1,1,1,1,1,1
16908,0,1,0,0,1,1,1,1,1,1
16909,0,0,0,0,1,1,1,1,1,1
16910,0,0,0,0,1,1,1,1,1,1
16911,0,1,0,0,1,1,1,1,1,1
16912,0,0,0,0,1,1,1,0,1,1
16913,0,0,0,0,1,1,1,1,1,0
16914,0,0,0,0,1,1,0,1,1,0
16915,0,0,0,0,1,1,1,1,1,1
16916,0,0,0,0,1,1,0,1,1,0
16917,0,0,0,0,1,1,1,1,1,0
16918,1,1,0,0,1,1,1,1,1,1
16919,0,1,0,0,1,1,0,1,1,0
16920,0,0,1,0,1,1,1,1,1,0
16921,0,0,0,0,1,1,1,0,1,0
16922,0,1,0,0,1,1,1,1,1,0
16923,0,0,0,0,1,1,0,1,1,1
16924,0,0,0,0,1,1,1,1,1,1
16925,0,0,0,0,1,1,0,1,1,0
16926,0,1,0,1,1,1,1,1,1,1
16927,0,0,0,1,1,1,1,1,1,1
16928,0,0,0,0,1,1,1,1,1,0
16929,0,0,0,1,1,1,1,1,1,1
16930,0,0,0,0,1,1,1,1,1,1
17001,0,1,0,1,1,1,0,1,1,1
17002,0,0,0,0,1,1,1,1,1,0
17003,0,1,0,0,1,1,0,1,1,1
17004,0,1,0,0,1,1,1,1,1,1
17005,0,1,0,0,1,1,1,1,1,1
17006,0,0,0,0,1,1,0,1,1,1
17007,0,0,0,1,1,1,0,1,1,1
17008,0,1,0,0,1,1,1,1,1,0
17009,0,0,1,1,1,1,1,1,1,1
17010,0,0,0,1,1,1,1,1,1,1
17011,0,0,1,1,1,1,1,1,1,1
17012,0,0,0,0,1,1,1,1,0,1
17013,0,1,0,1,1,1,1,1,1,1
17014,0,1,1,1,1,1,1,1,1,1
17015,0,0,0,0,1,1,0,1,1,1
17016,0,0,0,0,1,1,1,1,1,1
17017,0,0,0,0,1,1,1,1,1,0
17018,0,1,1,0,1,1,0,1,1,1
17019,0,0,1,1,1,1,1,1,1,1
17020,0,0,0,0,1,1,0,1,1,1
17021,0,0,1,0,1,1,1,1,1,1
17022,0,0,0,1,1,1,1,1,1,0
17023,0,0,0,0,1,1,1,1,1,1
17024,0,1,0,0,1,1,0,1,1,0
17025,0,0,1,1,1,1,1,1,1,1
17026,0,0,0,1,1,1,1,1,1,1
17027,0,1,0,0,1,1,1,1,1,1
17028,0,0,0,0,1,1,1,1,1,1
17029,0,0,0,1,1,1,1,1,1,1
17030,0,0,0,0,1,1,0,1,1,1
17101,0,0,0,0,1,1,0,1,1,0
17102,0,1,1,0,1,1,0,1,1,0
17103,0,0,0,0,1,1,1,1,1,1
17104,0,0,1,0,1,1,0,1,1,1
17105,0,1,0,1,1,1,0,1,1,1
17106,0,0,0,0,1,1,0,1,1,1
17107,0,0,0,0,1,1,1,1,1,0
17108,0,0,0,0,1,1,1,1,1,1
17109,0,0,0,1,1,1,1,1,1,1
17110,0,0,1,0,1,1,1,1,1,1
17111,0,0,1,1,1,1,1,1,1,1
17112,0,1,0,1,1,1,1,1,1,1
17113,0,1,0,0,1,1,1,1,1,0
17114,0,0,0,1,1,1,0,1,1,1
17115,0,1,0,0,1,1,0,1,1,0
17116,0,1,1,0,1,1,0,1,1,0
17117,0,0,0,0,1,1,0,1,1,0
17118,0,1,1,0,1,1,1,1,1,0
17119,0,1,0,1,1,1,1,1,1,1
17120,0,1,1,1,1,1,1,1,1,1
17121,0,1,0,0,1,1,1,1,1,0
17122,0,1,1,0,1,1,0,1,1,1
17123,0,0,0,0,1,1,1,1,1,1
17124,0,0,0,0,1,1,1,1,1,1
17125,0,0,0,0,1,1,1,1,1,0
17126,0,1,0,0,1,1,1,1,1,1
17127,0,1,1,1,1,1,1,1,1,1
17128,0,1,0,1,1,0,1,1,1,1
17129,0,0,0,0,1,0,0,1,1,0
17130,1,0,1,0,1,1,1,1,1,1
17201,1,0,0,0,1,1,0,1,1,1
17202,0,0,0,0,1,1,1,1,1,1
17203,0,0,0,0,1,1,0,1,1,0
17204,1,0,0,0,1,1,1,1,1,0
17205,0,1,1,0,1,1,0,1,1,1
17206,0,0,0,0,1,1,1,1,1,1
17207,0,0,0,1,1,1,1,1,1,1
17208,0,0,0,0,1,1,1,1,1,0
17209,0,0,0,0,1,1,1,1,1,1
17210,1,0,0,0,1,1,1,1,1,1
17211,0,0,1,0,1,1,1,1,1,1
17212,0,0,1,0,1,1,1,1,1,1
17213,1,1,0,0,1,1,1,1,1,1
17214,1,0,1,0,1,1,1,1,1,0
17215,0,1,1,0,1,1,1,1,1,1
17216,1,1,0,1,1,1,1,1,1,1
17217,0,0,0,0,1,1,1,1,1,1
17218,1,1,0,0,1,1,1,1,1,1
17219,0,0,0,1,1,1,1,1,1,1
17220,0,0,0,1,1,1,1,1,1,0
17221,0,0,1,0,1,1,1,1,1,0
17222,1,0,0,0,1,1,1,1,1,1
17223,0,0,0,0,1,1,1,1,1,1
17224,0,0,0,1,1,1,1,1,1,1
17225,0,1,0,1,1,1,0,1,1,1
17226,0,1,0,0,1,1,1,1,1,0
17227,0,0,0,0,1,1,1,1,1,1
17228,0,1,0,0,1,1,0,1,1,0
17229,0,1,0,0,1,1,1,1,1,0
17230,0,0,0,0,1,1,0,1,1,1
17301,0,0,0,0,1,1,1,1,1,1
17302,0,0,0,0,0,1,1,1,1,1
17303,0,0,0,1,1,1,1,1,1,1
17304,0,0,0,0,1,1,1,1,1,1
17305,1,0,1,0,1,1,1,1,1,0
17306,0,1,0,1,1,1,1,1,1,1
17307,0,1,0,0,1,1,1,1,1,1
17308,0,0,0,0,1,1,1,1,1,1
17309,1,1,0,0,1,1,1,1,1,0
17310,0,0,1,0,1,1,1,1,1,0
17311,0,0,0,0,1,1,1,1,1,0
17312,0,0,0,0,1,1,1,1,1,1
17313,0,1,0,0,1,1,1,1,1,1
17314,0,1,0,0,1,1,1,1,1,1
17315,0,1,0,0,1,1,1,1,1,1
17316,1,0,0,0,1,1,1,1,1,1
17317,0,0,1,0,1,1,1,1,1,1
17318,0,1,0,0,1,1,1,1,1,0
17319,0,1,0,0,1,1,1,1,1,0
17320,0,0,0,0,1,1,1,1,1,1
17321,0,1,0,0,1,1,0,1,1,1
17322,0,0,0,0,1,1,1,1,1,1
17323,0,0,0,0,1,1,0,1,1,1
17324,0,1,0,0,1,1,1,1,1,1
17325,0,1,0,0,1,1,1,1,1,1
17326,0,1,0,0,1,1,1,1,1,1
17327,1,0,0,1,1,1,1,1,1,1
17328,1,0,1,0,1,1,0,1,1,0
17329,0,0,0,1,1,1,1,1,1,1
17401,0,1,0,0,1,1,1,1,1,1
17402,0,0,0,0,1,1,1,1,1,1
17403,0,0,0,1,1,1,1,1,1,1
17404,0,,1,0,1,1,1,1,1,1
17405,0,0,0,1,1,1,1,1,1,1
17406,0,1,0,0,1,1,1,1,1,1
17407,0,0,0,0,1,1,1,1,1,1
17408,0,0,1,1,1,1,1,1,1,1
17409,0,1,0,1,1,1,1,1,1,1
17410,0,1,0,0,1,1,1,1,1,1
17411,0,0,0,1,1,1,1,1,1,1
17412,0,0,1,1,1,1,1,1,1,1
17413,0,0,0,1,1,1,1,1,1,1
17414,0,1,1,1,1,1,1,1,1,0
17415,0,0,0,1,1,1,1,1,1,1
17416,0,1,0,1,1,1,1,1,1,1
17417,0,0,0,1,1,1,1,1,1,1
17418,0,0,0,1,1,1,1,1,1,1
17419,0,0,0,1,1,1,1,1,1,1
17420,0,1,0,1,1,1,1,1,1,1
17421,0,0,0,1,1,1,1,1,1,1
17422,0,0,0,1,1,1,1,1,1,1
17423,0,0,1,1,1,1,1,1,1,1
17424,0,0,0,1,1,1,1,1,1,1
17425,0,1,0,0,1,1,1,1,1,1
17426,1,0,0,0,1,1,1,1,1,1
17427,0,1,1,0,1,1,1,1,1,1
17428,0,0,1,0,1,1,1,1,1,1
17429,0,0,0,0,1,1,1,1,1,1
17430,0,0,0,1,1,1,1,1,1,1
17501,0,0,0,0,1,1,0,1,1,1
17502,0,1,0,0,1,1,1,1,1,0
17503,0,0,0,0,1,1,0,1,1,0
17504,1,1,1,0,1,1,1,1,1,0
17505,0,1,0,0,1,1,1,1,1,1
17506,1,1,1,0,1,1,1,1,1,1
17507,0,0,0,0,1,1,1,1,1,1
17508,0,1,0,0,1,1,1,1,1,1
17509,0,0,0,0,1,1,1,1,1,1
17510,0,1,0,0,1,1,1,1,1,1
17511,0,0,0,0,1,1,1,1,1,1
17512,0,1,1,0,1,1,1,1,1,1
17513,0,0,1,0,1,1,0,1,1,0
17514,0,0,0,0,1,1,1,1,1,0
17515,0,0,0,1,1,1,1,1,1,1
17516,0,1,0,0,1,1,1,1,1,1
17517,0,1,1,1,1,1,0,1,1,1
17518,0,1,0,0,1,1,1,1,1,0
17519,0,1,0,1,1,1,1,1,1,1
17520,0,1,0,0,1,1,1,1,1,1
17521,0,1,1,0,1,1,1,1,1,1
17522,0,1,1,0,1,1,1,1,1,1
17523,0,1,0,0,1,1,1,1,1,0
17524,0,1,0,0,1,1,1,1,1,1
17525,0,0,0,0,1,1,1,1,1,0
17526,0,1,1,0,1,1,1,1,1,1
17527,0,1,1,1,1,1,0,1,1,1
17528,0,0,0,0,1,1,1,1,1,0
17529,0,0,1,0,1,1,1,1,1,1
17530,0,1,0,0,1,1,1,1,1,1
17601,1,1,1,0,1,1,1,1,1,1
17602,0,0,0,1,1,1,1,1,1,1
17603,0,0,1,0,1,1,1,1,1,1
17604,0,1,0,1,1,1,1,1,1,1
17605,0,1,0,0,1,1,1,1,1,1
17606,0,1,1,1,1,1,1,1,1,1
17607,0,0,0,0,1,1,1,1,1,1
17608,0,1,0,0,1,1,0,1,1,1
17609,0,0,0,0,1,1,1,1,1,1
17610,0,0,0,0,0,1,0,0,1,0
17611,0,0,0,1,1,1,1,1,1,0
17612,0,0,0,0,1,1,1,1,1,1
17613,0,1,1,0,1,1,1,1,1,1
17614,0,0,0,1,1,1,0,1,1,0
17615,0,1,0,0,1,1,1,1,1,1
17616,1,0,0,1,1,1,1,1,1,1
17617,0,0,0,0,1,1,1,1,1,0
17618,0,0,0,0,1,1,1,1,1,1
17619,0,1,0,1,1,1,1,1,1,1
17620,0,1,0,0,1,1,1,1,1,0
17621,1,1,0,0,1,1,1,1,1,1
17622,0,0,0,0,1,1,1,1,1,0
17623,0,0,0,0,1,1,0,1,1,1
17624,0,1,0,0,1,1,1,1,1,0
17625,0,1,0,0,1,1,1,1,1,1
17626,0,0,1,0,1,1,1,1,1,1
17627,0,0,0,1,1,1,1,1,1,1
17628,0,1,0,0,1,1,1,1,1,1
17629,0,1,1,1,1,1,1,1,1,1
17630,0,1,0,1,1,1,1,1,1,1
17701,0,1,0,0,1,1,0,1,1,0
17702,0,0,0,0,1,1,1,1,1,1
17703,0,0,1,0,1,1,1,1,1,1
17704,0,0,0,0,1,1,1,1,1,1
17705,0,0,0,0,1,1,1,1,1,1
17706,0,1,0,0,1,1,1,1,1,1
17707,0,1,1,1,1,1,1,1,1,1
17708,0,1,0,0,1,1,1,1,1,0
17709,0,0,1,0,1,1,1,1,1,1
17710,0,0,0,1,1,1,1,1,1,0
17711,0,1,0,0,1,1,1,1,1,1
17712,0,0,0,0,1,1,1,1,1,1
17713,0,1,0,1,1,1,1,1,1,1
17714,0,0,0,1,1,1,1,1,1,1
17715,0,0,0,0,1,1,1,1,1,0
17716,0,0,1,0,1,1,1,1,1,1
17717,0,1,0,1,1,1,1,1,1,1
17718,0,0,0,0,1,1,1,1,1,0
17719,0,0,1,0,1,1,0,1,1,1
17720,0,0,0,1,1,1,1,1,1,1
17721,0,0,0,0,1,1,0,1,1,1
17722,0,0,0,0,1,1,1,1,1,1
17723,0,0,0,1,1,1,1,1,1,1
17724,0,0,0,0,1,1,1,1,1,1
17725,0,1,1,0,1,1,1,1,1,1
17726,0,0,0,0,1,1,0,1,1,1
17727,0,1,0,1,1,1,0,1,1,1
17728,0,0,0,0,1,1,1,1,1,1
17729,1,1,1,1,1,1,0,1,1,1
17730,0,1,0,0,1,1,1,1,1,1
17801,0,0,0,1,1,1,1,1,1,1
17802,0,0,0,1,1,1,1,1,1,1
17803,0,1,1,1,1,1,1,1,1,1
17804,0,0,0,1,1,1,1,1,1,1
17805,0,0,0,0,1,1,0,1,1,1
17806,0,0,0,1,1,1,1,1,1,1
17807,0,1,0,1,1,1,1,1,1,1
17808,0,1,0,1,1,1,1,1,1,1
17809,0,0,0,1,1,1,1,1,1,1
17810,0,0,0,0,1,1,1,1,1,1
17811,0,0,0,0,1,1,1,1,1,1
17812,0,0,0,1,1,1,1,1,1,0
17813,0,0,0,0,1,1,0,1,1,1
17814,0,0,0,1,1,1,1,1,1,1
17815,0,0,0,0,1,1,0,1,1,1
17816,0,1,1,1,1,1,1,1,1,1
17817,0,0,0,1,1,1,0,1,1,1
17818,0,1,0,1,1,1,1,1,1,1
17819,0,1,0,0,1,1,0,1,1,1
17820,0,1,0,1,1,1,1,1,1,1
17821,0,0,0,1,1,1,1,1,1,1
17822,0,1,1,1,1,1,1,1,1,1
17823,0,0,0,0,1,1,1,1,1,1
17824,0,0,1,0,1,1,1,1,1,1
17825,0,1,0,0,1,1,1,1,1,0
17826,0,1,0,0,1,1,0,1,1,1
17827,0,0,0,0,1,1,1,1,1,1
17828,0,1,0,1,1,1,1,1,1,1
17829,0,1,1,1,1,1,1,1,1,1
17830,1,1,0,1,1,1,1,1,1,1
17901,0,1,0,1,1,1,0,1,1,1
17902,0,0,0,1,1,1,0,1,1,1
17903,0,1,0,0,1,1,1,1,1,1
17904,0,0,0,1,1,1,1,1,1,1
17905,0,1,0,1,1,1,1,1,1,0
17906,0,0,0,1,1,1,1,1,1,1
17907,0,0,0,1,1,1,1,1,1,1
17908,0,0,0,1,1,1,1,1,1,1
17909,0,0,0,0,1,1,1,1,1,1
17910,0,0,0,0,1,1,1,1,1,1
17911,0,0,0,1,1,1,1,1,1,1
17912,0,1,0,0,1,1,1,1,1,1
17913,0,0,0,1,1,1,1,1,1,1
17914,0,0,1,0,1,1,1,1,1,1
17915,0,1,0,1,0,1,1,1,1,1
17916,0,1,0,1,1,1,1,1,1,1
17917,0,0,0,0,1,1,1,1,1,1
17918,0,1,0,0,1,1,0,1,1,1
17919,0,0,1,0,1,1,0,1,1,1
17920,0,1,0,0,1,1,0,1,1,1
17921,0,1,0,1,1,1,0,1,1,0
17922,0,0,0,0,1,1,1,1,1,1
17923,0,1,1,1,1,1,1,1,1,1
17924,1,0,0,1,1,1,1,1,1,1
17925,0,0,0,0,1,1,1,1,1,1
17926,0,0,0,0,1,1,1,1,1,1
17927,0,0,0,1,1,1,1,1,1,1
17928,0,0,0,0,1,1,1,1,1,1
17929,0,0,0,0,1,1,1,1,1,1
17930,0,0,1,1,1,1,1,1,1,1
18001,0,0,0,1,1,0,1,1,1,1
18002,1,1,1,0,1,0,1,1,1,1
18003,0,0,0,1,1,1,1,1,1,1
18004,0,1,0,1,1,1,1,1,1,1
18005,0,0,0,1,1,1,0,1,1,1
18006,0,1,0,1,1,0,1,1,1,1
18007,0,0,0,0,1,1,0,1,1,0
18008,1,1,0,0,1,0,0,1,1,1
18009,0,0,0,1,1,1,1,1,1,1
18010,0,0,0,0,1,0,1,1,1,0
18011,0,1,0,0,1,1,1,1,1,0
18012,0,0,0,1,1,1,1,1,1,1
18013,0,0,0,0,1,0,0,1,1,1
18014,0,1,0,0,1,0,1,1,1,1
18015,0,0,0,0,1,0,0,1,1,1
18016,0,0,0,1,1,0,1,1,1,1
18017,0,0,1,0,1,1,1,1,1,0
18018,0,1,1,1,1,0,1,1,1,1
18019,0,1,0,1,1,0,1,1,1,1
18020,0,1,0,1,1,0,1,1,1,1
18021,1,0,0,1,1,0,1,1,1,1
18022,0,1,0,0,1,1,1,1,1,1
18023,0,0,0,0,1,1,1,1,1,0
18024,0,0,0,1,1,1,0,1,1,1
18025,0,0,0,0,1,0,1,1,1,0
18026,0,0,1,1,1,1,0,1,1,1
18027,0,1,0,0,1,1,1,1,1,1
18028,0,0,0,0,1,1,1,1,1,1
18029,0,0,0,0,1,1,0,1,1,1
18030,0,0,1,1,1,1,1,1,1,1
18101,0,1,0,0,1,1,0,1,1,0
18102,0,1,0,0,1,1,0,1,1,1
18103,0,0,0,0,1,1,1,1,1,1
18104,0,0,0,0,1,1,1,1,1,0
18105,0,0,0,1,1,1,1,1,1,1
18106,0,0,0,1,1,1,1,1,1,1
18107,0,0,0,1,1,1,1,1,1,1
18108,0,1,0,1,1,1,1,1,1,1
18109,0,1,0,0,1,1,0,1,1,1
18110,0,0,0,1,1,1,1,1,1,1
18111,0,0,0,1,1,1,0,1,1,1
18112,0,0,0,1,1,1,0,1,1,1
18113,0,1,0,1,1,1,0,1,1,1
18114,1,0,1,1,1,1,0,1,1,1
18115,0,0,0,0,1,1,1,1,1,0
18116,0,0,0,1,1,1,0,1,1,1
18117,0,0,1,1,1,1,1,1,1,1
18118,1,0,0,1,1,1,1,1,1,1
18119,0,0,0,1,1,1,1,1,1,1
18120,0,1,1,1,1,1,1,1,1,1
18121,0,1,0,1,1,1,1,1,1,1
18122,0,1,0,1,1,1,1,1,1,1
18123,0,0,0,0,1,1,1,1,1,1
18124,1,1,0,1,1,1,1,1,1,1
18125,0,1,1,1,1,1,1,1,1,1
18126,0,0,0,1,1,1,1,1,1,1
18127,0,0,0,1,1,1,0,1,1,1
18128,0,1,0,1,1,1,1,1,1,1
18129,0,0,0,1,1,1,1,1,1,1
18130,0,1,0,1,1,1,1,1,1,1
18201,0,1,1,0,1,1,1,1,1,0
18202,0,0,0,0,1,1,1,1,1,1
18203,0,1,0,1,1,1,0,1,1,1
18204,0,0,0,1,1,1,0,1,1,1
18205,0,0,0,1,1,1,1,1,1,1
18206,0,0,0,0,1,1,1,1,1,0
18207,0,1,1,0,1,1,0,1,1,1
18208,0,0,1,0,1,1,1,1,1,1
18209,1,0,0,0,1,1,1,1,1,1
18210,0,1,1,1,1,1,0,1,1,1
18211,1,1,1,1,1,1,1,1,1,1
18212,0,0,0,1,1,1,1,1,1,1
18213,0,0,1,0,1,1,0,1,1,1
18214,0,1,0,1,1,1,1,1,1,1
18215,0,0,0,0,1,1,1,1,1,0
18216,1,1,0,1,1,1,0,1,1,1
18217,0,0,0,1,1,1,1,1,1,1
18218,0,1,1,1,1,1,1,1,1,1
18219,0,0,0,0,1,1,1,1,1,1
18220,0,1,0,0,1,1,0,1,1,1
18221,0,1,0,0,1,1,0,1,1,1
18222,0,0,0,1,1,1,1,1,1,1
18223,0,0,0,0,1,1,0,1,1,1
18224,0,0,0,0,1,1,1,1,1,1
18225,1,0,1,1,1,1,0,1,1,1
18226,0,1,1,0,1,1,0,1,1,1
18227,0,1,0,1,1,1,1,1,1,1
18228,0,1,0,0,1,1,1,1,1,1
18229,0,0,0,1,1,1,1,1,1,1
18230,0,1,0,0,1,1,1,1,1,1
18301,0,1,1,0,1,1,0,1,1,1
18302,0,0,1,0,1,1,0,1,1,1
18303,0,0,0,1,1,1,0,1,1,1
18304,0,1,0,0,1,1,1,1,1,1
18305,0,0,0,0,1,1,0,1,1,1
18306,0,1,0,1,1,1,0,1,1,1
18307,0,0,0,1,1,1,1,1,1,0
18308,0,0,0,0,1,1,0,1,1,1
18309,0,1,1,1,1,1,0,1,1,1
18310,0,1,1,0,1,1,1,1,1,0
18311,0,1,1,1,1,1,1,1,1,1
18312,0,1,0,0,1,1,1,1,1,0
18313,0,0,0,1,1,1,1,1,1,1
18314,1,0,1,0,1,1,1,1,1,0
18315,0,1,0,1,1,1,1,1,1,1
18316,0,0,0,0,1,1,1,1,1,0
18317,0,1,0,0,1,1,0,1,1,1
18318,0,1,0,0,1,1,0,1,1,1
18319,0,1,1,1,1,1,1,1,1,1
18320,1,1,0,1,1,1,0,1,1,1
18321,0,0,0,0,1,1,0,1,1,1
18322,0,1,0,1,1,1,0,1,1,1
18323,0,1,0,0,1,1,0,1,1,1
18324,0,0,1,1,1,1,1,1,1,1
18325,0,1,0,0,1,1,1,1,1,1
18326,0,0,1,0,1,1,0,1,1,1
18327,0,0,1,0,1,1,0,1,1,0
18328,0,0,0,0,1,1,0,1,1,1
18329,1,1,0,1,1,1,1,1,1,1
18330,0,1,0,0,1,1,1,1,1,0
18401,0,1,0,0,1,1,1,1,1,0
18402,0,0,0,0,1,0,0,1,1,1
18403,0,0,0,1,1,0,1,1,1,1
18404,0,1,0,0,1,1,1,1,1,0
18405,0,0,0,0,1,0,1,1,1,0
18406,0,0,0,1,1,0,1,1,1,1
18407,1,1,0,1,1,1,1,1,1,1
18408,0,1,0,0,1,1,1,1,1,1
18409,0,0,0,1,1,1,1,1,1,1
18410,0,0,1,1,1,0,1,1,1,0
18411,0,0,0,1,1,0,0,1,1,1
18412,1,1,0,1,1,0,1,1,1,1
18413,0,0,0,0,1,0,1,1,1,1
18414,0,1,1,0,1,1,1,1,1,1
18415,0,0,0,0,1,1,0,1,1,1
18416,0,1,1,1,1,1,1,1,1,1
18417,0,0,0,0,1,1,1,1,1,1
18418,0,0,0,1,1,0,1,1,1,1
18419,1,1,0,0,1,1,1,1,1,1
18420,0,1,0,1,1,1,1,1,1,1
18421,1,0,1,1,1,1,0,1,1,1
18422,0,1,0,0,1,1,1,1,1,1
18423,0,0,0,1,1,1,0,1,1,1
18424,0,0,0,0,1,1,0,1,1,1
18425,0,1,0,0,1,1,1,1,1,1
18426,0,0,0,0,1,1,0,1,1,0
18427,0,1,1,0,1,1,1,1,1,0
18428,0,1,1,0,1,1,0,1,1,1
18429,0,0,0,0,1,1,1,1,1,1
18430,0,1,0,0,1,1,0,1,1,0
18501,0,0,0,1,1,1,0,1,1,1
18502,0,0,0,1,1,1,0,1,0,1
18503,1,1,0,1,1,1,0,1,1,1
18504,0,0,1,1,1,1,0,1,1,1
18505,1,1,1,1,1,1,0,1,1,1
18506,0,0,0,1,1,1,1,1,1,1
18507,1,0,0,0,1,1,0,1,1,1
18508,1,1,0,0,1,1,0,1,1,1
18509,0,0,0,1,1,1,1,1,1,1
18510,0,1,0,1,1,1,1,1,1,1
18511,0,0,0,1,1,1,1,1,1,1
18512,0,1,1,1,1,1,0,1,1,1
18513,0,0,0,0,1,1,1,1,1,1
18514,1,0,1,0,1,1,1,1,1,1
18515,0,0,0,0,1,1,1,1,1,0
18516,0,1,0,1,1,1,1,1,1,1
18517,0,0,0,1,1,1,1,1,1,1
18518,0,0,1,1,1,1,1,1,1,0
18519,0,0,0,1,1,1,0,1,1,0
18520,0,0,1,1,1,1,1,1,1,1
18521,0,0,0,0,1,1,1,1,1,1
18522,0,1,0,0,1,1,1,1,1,1
18523,0,0,0,1,0,1,1,1,1,1
18524,0,1,0,0,1,1,1,1,1,1
18525,0,0,0,0,1,1,1,1,1,1
18526,0,1,0,1,1,1,1,1,1,1
18527,0,0,0,0,1,1,1,1,1,1
18528,0,0,0,0,1,1,1,1,1,0
18529,0,0,0,0,1,1,1,1,1,0
18530,0,1,1,0,1,1,1,1,1,1
18601,0,1,0,1,1,1,1,1,1,1
18602,0,0,0,0,1,1,1,1,1,0
18603,0,0,0,0,1,0,1,1,1,0
18604,0,0,0,1,1,1,0,1,1,0
18605,0,0,1,0,1,1,1,1,1,0
18606,0,1,0,0,1,1,0,1,1,0
18607,1,0,0,0,1,0,1,1,1,1
18608,0,0,0,0,1,0,0,1,1,1
18609,1,1,0,1,1,0,1,1,1,1
18610,0,1,0,0,1,1,1,1,1,1
18611,0,1,1,0,1,1,0,1,1,1
18612,0,0,0,0,1,1,1,1,1,0
18613,0,0,0,0,1,1,0,1,1,1
18614,1,0,1,1,1,0,1,1,1,0
18615,0,0,1,0,1,1,0,1,1,1
18616,0,0,0,0,1,1,1,1,1,1
18617,0,0,1,0,1,1,0,1,1,1
18618,1,0,0,0,1,1,1,1,1,1
18619,0,1,1,1,1,1,0,1,1,1
18620,0,0,1,0,1,0,0,1,1,1
18621,1,1,1,0,1,1,1,1,1,1
18622,0,0,1,1,1,0,1,1,1,1
18623,0,0,0,0,1,1,1,1,1,1
18624,0,0,0,0,1,1,0,1,1,1
18625,1,1,1,1,1,0,1,1,1,1
18626,1,1,0,0,1,0,1,1,1,1
18627,0,1,0,0,1,1,1,1,1,1
18628,0,1,0,0,1,1,0,1,1,0
18629,0,1,0,0,1,1,0,1,1,1
18630,0,1,0,0,1,1,1,1,1,1
18701,0,1,0,0,1,1,0,1,1,1
18702,0,1,0,0,1,1,1,1,1,1
18703,0,0,0,0,1,1,1,1,1,1
18704,0,0,1,1,1,1,1,1,1,1
18705,0,0,0,0,1,1,1,1,1,1
18706,0,0,0,1,1,1,1,1,1,1
18707,0,0,0,1,1,1,1,1,1,1
18708,0,0,0,1,1,1,1,1,1,1
18709,0,0,1,1,1,1,1,1,1,1
18710,0,1,0,0,1,1,1,1,1,1
18711,0,1,1,1,1,1,1,1,1,1
18712,0,1,1,0,1,1,1,1,1,1
18713,0,1,0,1,1,1,1,1,1,1
18714,0,0,1,1,1,1,1,1,1,1
18715,0,0,0,0,1,1,1,1,1,1
18716,0,1,0,1,1,1,1,1,1,1
18717,0,0,1,0,1,1,1,1,1,1
18718,0,0,0,0,1,1,1,1,1,1
18719,0,0,1,0,1,1,1,1,1,1
18720,0,0,0,1,1,1,1,1,1,1
18721,0,0,0,0,1,1,1,1,1,1
18722,0,0,1,0,1,1,1,1,1,0
18723,0,1,1,1,1,1,1,1,1,1
18724,0,0,0,0,1,1,1,1,1,0
18725,0,0,0,1,1,1,1,1,1,1
18726,0,1,1,1,1,1,1,1,1,1
18727,0,0,0,1,1,1,1,1,1,1
18728,0,1,1,1,1,1,1,1,1,1
18729,1,1,0,1,1,1,1,1,1,1
18730,0,1,1,1,1,1,1,1,1,1
18801,0,0,1,0,1,1,0,1,1,1
18802,0,1,1,1,1,1,1,1,1,1
18803,0,1,0,1,1,1,0,1,1,1
18804,0,0,0,0,1,1,1,1,1,1
18805,1,1,0,1,1,1,0,1,1,1
18806,0,0,0,1,1,1,1,1,1,1
18807,0,0,0,1,1,1,1,1,1,1
18808,0,0,0,0,1,1,1,1,1,0
18809,0,1,0,0,1,1,1,1,1,1
18810,0,0,0,0,1,1,1,1,1,1
18811,0,0,1,0,1,1,1,1,1,1
18812,0,0,0,0,1,1,1,1,1,1
18813,0,1,1,1,1,1,1,1,1,1
18814,1,1,0,1,1,1,1,1,1,1
18815,0,0,0,0,1,1,1,1,1,1
18816,0,0,1,1,1,1,1,1,1,1
18817,0,0,0,0,1,1,1,1,1,1
18818,0,1,1,1,1,1,1,1,1,1
18819,0,0,0,1,1,1,0,1,1,1
18820,0,0,0,1,1,1,1,1,1,1
18821,0,0,1,1,1,1,1,1,1,1
18822,1,1,1,1,1,1,0,1,1,1
18823,0,1,0,0,1,1,1,1,1,1
18824,0,1,0,0,1,1,1,1,1,0
18826,1,1,0,1,1,1,1,1,1,1
18827,0,0,1,0,1,1,1,1,1,1
18828,0,0,0,1,1,1,1,1,1,1
18829,1,0,1,0,1,1,1,1,1,0
18830,0,0,0,1,1,1,0,1,1,1
18901,0,0,0,0,1,1,0,1,1,0
18902,0,0,0,1,1,1,1,1,1,1
18903,0,0,0,0,1,1,1,1,1,0
18904,0,0,0,1,1,1,1,1,1,1
18905,0,1,0,1,1,1,1,1,1,1
18906,0,0,0,0,1,1,1,1,1,1
18907,0,0,0,1,1,1,1,1,1,1
18908,0,1,1,0,1,1,1,1,1,0
18909,0,0,1,0,1,1,1,1,1,1
18910,1,0,0,1,1,1,1,1,1,1
18911,1,1,0,1,1,1,1,1,1,1
18912,0,0,1,0,1,1,1,1,1,1
18913,0,0,1,0,1,1,1,1,1,1
18914,0,0,0,1,1,1,1,1,1,1
18915,0,0,0,0,1,1,1,1,1,1
18916,1,1,0,1,1,1,1,1,1,1
18917,0,1,1,0,1,1,0,1,1,1
18918,0,0,0,1,1,1,0,1,1,0
18919,0,0,1,0,1,1,1,1,1,1
18920,0,1,1,1,1,1,1,1,1,1
18921,0,0,1,1,1,1,1,1,1,1
18922,0,1,1,0,1,1,1,1,1,1
18923,0,0,1,0,1,1,1,1,1,1
18924,0,0,0,1,1,1,1,1,1,1
18925,0,0,0,0,1,1,1,1,1,1
18926,0,0,1,1,1,1,1,1,1,1
18927,0,0,0,1,1,1,1,1,1,1
18928,1,0,0,0,1,1,1,1,1,1
18929,0,0,0,1,1,1,1,1,1,1
18930,0,0,1,0,1,1,0,1,1,0
19001,0,1,1,0,1,1,0,1,1,1
19002,0,0,0,0,1,1,0,1,1,1
19003,0,0,0,0,1,1,0,1,1,1
19004,0,1,0,1,1,1,0,1,1,1
19005,0,1,0,1,1,1,1,1,1,1
19006,0,1,1,0,1,1,1,1,1,1
19007,0,0,1,0,1,0,1,1,1,1
19008,0,0,1,1,1,1,1,1,1,1
19009,0,0,0,1,1,1,1,1,1,1
19010,0,1,1,0,1,1,1,1,1,0
19011,1,1,1,1,1,1,1,1,1,1
19012,0,1,0,1,1,1,1,1,1,1
19013,0,0,1,1,1,1,1,1,1,1
19014,0,1,1,0,1,1,0,1,1,1
19015,0,0,0,0,1,1,1,1,1,1
19016,0,0,0,0,1,1,1,1,1,1
19017,0,0,0,0,1,1,0,1,1,1
19018,0,0,0,1,1,1,1,1,1,1
19019,0,0,0,1,1,0,1,1,1,1
19020,0,0,0,1,1,1,1,1,1,1
19021,0,0,0,1,1,1,1,1,1,1
19022,0,0,1,1,1,1,0,1,1,1
19023,0,0,0,1,1,1,1,1,1,0
19024,0,0,0,1,1,1,1,1,1,1
19025,0,0,0,0,1,1,0,0,1,0
19026,0,1,0,0,1,1,1,1,1,1
19027,0,1,0,0,1,1,1,1,1,1
19028,0,1,0,1,1,1,1,1,1,1
19029,0,0,0,1,1,1,1,1,1,1
19030,0,0,1,1,1,1,1,1,1,0
19101,0,1,0,0,1,1,1,1,1,1
19102,0,1,1,0,1,1,1,1,1,0
19103,0,1,0,1,1,1,1,1,1,1
19104,0,0,1,1,1,1,1,1,1,1
19105,1,0,0,0,1,1,1,1,1,1
19106,0,0,0,1,1,1,1,1,1,0
19107,0,0,0,1,1,1,1,1,1,1
19108,1,1,1,0,1,1,1,1,1,1
19109,1,1,0,0,1,1,1,1,1,1
19110,0,0,0,0,1,1,0,1,1,1
19111,0,0,0,0,1,1,1,1,1,0
19112,0,0,0,1,1,1,0,1,1,1
19113,0,0,1,0,1,1,1,1,1,1
19114,0,1,0,1,1,1,1,1,1,1
19115,0,0,0,0,1,1,1,1,1,1
19116,0,1,0,0,1,1,1,1,1,1
19117,0,1,0,1,1,1,1,1,1,1
19118,0,0,0,0,1,1,1,1,1,1
19119,0,1,0,0,1,1,1,1,1,1
19120,0,0,0,0,1,1,1,1,1,1
19121,0,0,0,0,1,1,1,1,1,1
19122,0,1,0,1,1,1,1,1,1,1
19123,0,0,0,1,1,1,1,1,1,1
19124,1,0,1,1,1,1,1,1,1,1
19125,0,0,0,0,1,1,1,1,1,1
19126,0,0,0,1,1,1,1,1,1,1
19127,0,1,0,1,1,1,1,1,1,1
19128,0,0,0,1,1,1,0,1,1,1
19129,0,0,0,1,1,1,1,1,1,1
19130,0,0,0,1,1,1,0,1,1,0
19201,0,1,1,0,1,1,1,1,1,1
19202,0,1,0,0,1,1,1,1,1,1
19204,0,1,0,0,1,1,1,1,1,0
19205,0,0,0,0,1,1,1,1,1,1
19206,0,0,0,1,1,1,1,1,1,1
19207,0,0,0,0,1,1,1,1,1,1
19208,1,1,0,0,1,1,0,1,1,1
19209,0,0,0,1,1,1,0,1,1,1
19210,0,0,0,0,1,1,1,1,1,1
19211,0,0,0,0,1,1,1,1,1,0
19212,0,1,0,0,1,1,1,1,1,1
19213,0,0,0,0,1,1,1,1,1,0
19214,0,0,0,1,1,0,1,1,1,0
19215,0,0,0,0,1,1,1,1,1,0
19216,1,1,0,0,1,1,1,1,1,0
19217,0,0,0,0,1,1,0,1,1,0
19218,0,0,0,0,0,1,1,1,1,0
19219,0,1,0,0,1,1,0,1,1,0
19220,0,1,1,0,1,1,0,1,1,0
19221,0,1,0,0,0,1,0,1,1,0
19222,0,1,0,0,1,1,1,1,1,0
19223,0,1,0,0,1,1,1,1,1,0
19224,0,0,0,0,0,1,1,1,1,1
19225,0,0,0,1,1,1,1,1,1,1
19226,1,0,0,0,1,1,0,1,1,0
19227,0,1,1,1,0,1,1,1,1,1
19228,0,0,0,0,0,1,0,1,1,0
19229,0,0,0,0,1,1,0,1,1,0
19230,0,0,0,0,1,1,0,1,1,1
19301,0,0,1,0,1,1,1,1,1,0
19302,0,0,0,1,1,1,1,1,1,1
19303,0,1,0,1,1,1,1,1,1,1
19304,0,1,0,0,1,1,1,1,1,1
19305,0,0,0,0,1,1,1,1,1,1
19306,0,0,1,1,1,1,1,1,1,1
19307,0,1,0,0,1,1,1,1,1,1
19308,0,1,0,1,1,1,1,1,1,0
19309,0,0,0,1,1,1,1,1,1,1
19310,0,0,0,1,1,1,1,1,1,1
19311,0,1,1,1,1,1,1,1,1,1
19312,0,0,0,0,1,1,1,1,1,1
19313,0,0,0,1,1,1,1,1,1,1
19314,0,0,0,0,1,1,1,1,1,1
19315,0,1,0,1,1,1,1,1,1,1
19317,0,0,0,1,1,1,0,1,1,1
19318,0,1,0,1,1,1,1,1,1,1
19319,0,0,0,1,1,1,1,1,1,1
19320,0,0,0,0,1,1,1,1,1,1
19321,0,0,0,0,1,1,1,1,1,1
19322,0,1,0,1,1,1,0,1,1,1
19323,0,0,0,0,1,1,0,1,1,1
19324,0,0,0,1,1,1,1,1,1,1
19325,0,0,0,0,1,1,0,1,1,1
19326,0,0,0,1,1,1,0,1,1,1
19327,0,1,1,1,1,1,1,1,1,1
19328,0,1,0,1,1,1,1,1,1,1
19329,0,0,0,1,1,1,0,1,1,1
19330,0,1,0,1,1,1,1,1,1,1
19401,0,1,0,0,1,1,1,1,1,1
19402,0,0,1,1,1,1,1,1,1,1
19403,0,0,0,0,1,1,1,1,1,1
19404,0,0,0,1,1,1,1,1,0,1
19405,0,1,0,1,1,1,1,1,1,1
19406,0,1,0,1,1,1,1,1,1,1
19407,0,0,0,1,1,1,1,1,1,1
19408,0,0,0,0,1,1,1,1,1,0
19409,0,0,0,1,1,1,1,1,1,1
19410,0,0,0,0,1,1,1,1,1,1
19411,0,1,1,1,1,1,1,1,1,1
19412,0,0,0,1,1,1,1,1,1,1
19413,0,1,1,,1,1,1,1,1,1
19414,0,1,0,1,1,1,1,1,1,1
19415,0,1,0,1,1,1,1,1,1,1
19416,0,1,0,0,1,1,1,1,1,1
19417,0,0,0,1,1,1,0,1,1,1
19418,0,0,0,1,1,1,1,1,1,1
19419,0,0,0,1,1,1,1,1,1,1
19420,0,1,0,0,1,1,0,1,1,1
19421,0,0,1,1,1,1,1,1,1,1
19422,0,1,1,0,1,1,1,1,1,1
19423,0,1,1,0,1,1,1,1,1,1
19424,0,1,0,0,1,1,1,1,1,1
19425,0,1,1,1,1,1,1,1,1,1
19426,0,1,0,1,1,1,0,1,1,1
19427,1,0,0,0,1,1,1,0,1,1
19428,0,0,0,0,1,1,1,0,1,1
19429,0,1,0,0,1,1,1,1,1,1
19430,0,0,0,0,1,1,0,1,1,1
19501,0,0,0,1,1,0,1,1,1,1
19502,0,0,0,0,0,0,1,1,1,0
19503,0,0,0,0,0,0,1,1,1,0
19504,0,0,0,0,0,0,1,1,1,0
19505,0,1,0,0,0,0,1,1,1,0
19506,1,0,0,0,0,1,1,0,1,0
19507,0,1,0,0,1,0,1,1,1,1
19508,0,0,0,1,1,0,1,0,1,1
19509,0,0,0,0,0,0,1,1,1,0
19510,0,0,0,0,0,0,1,1,1,0
19511,0,0,0,0,0,0,0,1,1,0
19512,0,0,1,0,1,1,1,1,1,1
19513,0,0,0,0,0,0,1,1,1,0
19514,0,0,0,0,0,0,1,1,1,0
19515,0,1,0,0,1,0,1,0,1,1
19516,0,0,0,0,0,0,1,1,1,0
19517,0,0,0,0,0,0,1,1,1,1
19518,0,1,0,0,0,0,1,1,1,0
19519,0,1,1,0,0,0,1,1,1,1
19520,0,0,0,0,1,0,0,1,1,1
19521,0,1,0,0,1,0,1,1,1,1
19522,0,0,0,0,1,0,1,1,1,0
19523,0,0,0,0,1,0,1,1,1,1
19524,0,0,0,0,0,1,1,1,1,0
19525,0,0,0,1,1,0,1,1,1,1
19526,0,0,1,0,0,1,0,1,1,0
19527,0,0,0,0,1,1,1,1,1,0
19528,0,0,0,0,0,0,1,1,1,0
19529,0,0,0,0,1,0,1,1,1,1
19530,0,0,0,0,1,0,1,1,1,1
19601,0,0,0,1,1,1,1,1,1,1
19602,0,1,0,1,1,0,1,1,1,1
19603,0,1,0,0,1,0,1,1,1,1
19604,0,0,0,0,0,1,1,1,1,0
19605,0,0,0,0,1,1,1,1,1,1
19606,0,0,1,0,0,0,0,1,1,0
19607,0,0,0,0,1,0,1,1,1,1
19608,1,0,0,0,1,1,1,1,1,1
19609,0,1,0,0,0,0,1,1,1,0
19610,0,0,0,0,0,1,1,1,1,0
19611,0,0,0,1,1,0,1,1,1,1
19612,0,0,0,0,0,0,0,1,1,0
19613,0,1,0,0,1,1,1,1,1,1
19614,0,1,0,0,0,1,1,1,1,1
19615,0,1,0,1,1,1,1,1,1,1
19616,0,0,0,0,0,1,1,1,1,0
19617,0,0,0,0,1,1,1,1,1,0
19618,0,1,1,1,1,1,1,1,1,1
19619,0,1,0,0,1,0,1,0,1,1
19620,0,0,1,1,1,1,1,1,1,1
19621,0,0,0,0,0,0,1,1,1,1
19622,0,1,0,0,1,1,1,1,1,1
19623,0,0,0,0,0,1,1,0,1,0
19624,0,0,0,0,0,1,0,0,1,0
19625,0,0,0,0,0,1,0,0,1,0
19626,0,0,0,0,0,1,0,0,1,0
19627,0,0,0,0,0,1,1,1,1,0
19628,0,0,0,0,0,0,1,1,1,1
19629,0,1,0,1,0,0,1,1,1,1
19630,0,1,0,0,0,0,1,1,1,0
19701,0,0,0,0,1,1,1,1,1,0
19702,0,0,0,0,0,1,0,1,1,0
19703,0,0,1,0,1,1,0,1,1,0
19704,1,1,0,0,1,0,1,1,1,0
19705,0,0,0,0,1,1,0,1,1,0
19706,0,1,0,1,1,1,0,1,1,1
19707,1,1,0,0,1,1,1,1,1,0
19708,0,1,0,0,1,0,1,1,1,0
19709,0,1,0,0,1,1,0,1,1,0
19710,0,0,0,0,1,1,1,1,1,0
19711,0,0,1,0,1,0,0,1,1,0
19712,0,0,1,0,1,1,1,1,1,1
19713,0,0,0,0,1,1,1,1,1,1
19714,0,0,1,0,1,1,1,1,1,0
19715,0,0,0,0,1,0,1,1,1,0
19716,0,0,0,0,1,1,1,1,1,1
19717,0,1,0,1,1,0,1,1,1,0
19718,0,0,0,0,1,1,1,1,1,0
19719,0,0,0,0,1,0,1,1,1,0
19720,0,0,0,0,1,0,1,1,1,0
19721,0,0,0,0,1,1,1,1,1,1
19722,0,0,0,0,1,1,0,1,1,1
19723,0,0,0,0,1,0,0,1,1,0
19724,0,0,0,0,1,1,0,1,1,0
19725,0,0,0,1,1,0,0,1,1,0
19726,0,0,0,0,1,1,1,1,1,0
19727,0,0,0,0,1,0,1,1,1,0
19728,0,0,0,0,1,0,1,1,1,1
19729,0,1,0,0,1,1,1,1,1,1
19730,0,1,0,0,1,1,0,1,1,0
19801,0,1,0,0,1,1,1,1,1,1
19802,0,0,1,1,1,1,0,1,1,1
19803,0,0,0,1,1,0,0,1,1,1
19804,0,0,0,0,1,1,1,1,1,0
19805,0,0,0,0,1,1,0,0,1,0
19806,0,0,0,0,1,1,1,1,1,1
19807,0,0,0,0,1,1,1,1,1,1
19808,0,0,0,0,1,1,0,1,1,0
19809,0,0,0,0,1,1,1,1,1,1
19810,0,0,0,0,1,1,0,1,1,0
19811,0,0,0,0,1,1,1,1,1,1
19812,0,1,0,1,1,0,0,1,1,1
19813,0,0,0,0,1,1,0,1,1,1
19814,0,1,0,1,1,1,1,1,1,0
19815,0,0,0,1,1,1,0,1,1,1
19816,0,1,1,1,1,1,0,1,1,1
19817,0,0,0,0,1,1,1,0,1,0
19818,0,0,0,1,1,1,0,1,1,1
19819,0,0,0,0,1,1,0,1,1,0
19820,1,0,0,0,1,1,1,1,1,0
19821,0,0,0,0,1,0,1,1,1,1
19822,0,0,0,0,1,1,0,1,1,1
19823,0,0,0,0,1,1,1,1,1,1
19824,0,0,0,0,1,1,1,1,1,0
19825,0,0,0,0,1,1,1,1,1,0
19826,0,0,0,0,1,1,0,0,1,0
19827,0,1,0,0,1,1,1,1,1,1
19828,0,0,0,0,1,1,1,1,1,0
19829,0,0,0,0,1,1,0,1,1,0
19830,0,0,0,0,0,1,0,1,1,0
19901,0,0,0,1,1,1,1,1,1,1
19902,0,0,0,0,1,1,1,1,1,1
19903,0,0,0,0,1,1,1,1,1,1
19904,0,1,1,0,1,1,1,1,1,1
19905,0,0,1,1,1,1,1,1,1,1
19906,0,1,0,1,1,1,1,1,1,1
19907,0,0,0,0,1,1,1,1,1,1
19908,0,0,0,1,1,1,1,1,1,1
19909,0,0,0,0,1,1,1,1,1,1
19910,0,1,0,0,1,1,1,1,1,1
19911,0,0,1,1,1,1,1,1,1,1
19912,0,1,1,1,1,1,1,1,1,1
19913,0,1,1,0,1,1,1,1,1,1
19914,0,0,0,1,1,1,1,1,1,1
19915,1,0,0,0,1,1,1,1,1,1
19916,0,1,0,1,1,1,1,1,1,1
19917,0,0,0,1,1,1,1,1,1,1
19918,0,0,1,1,1,1,1,1,1,1
19919,0,1,0,1,1,1,1,1,1,0
19920,0,1,1,0,1,1,1,1,1,1
19921,0,0,0,0,1,1,1,1,1,1
19922,0,1,1,0,1,1,1,1,1,1
19923,0,1,0,0,1,1,1,1,1,0
19924,0,0,0,0,1,1,1,1,1,0
19925,0,1,1,1,1,1,1,1,1,1
19926,0,1,0,0,1,1,1,1,1,1
19927,0,1,0,0,1,1,1,1,1,1
19928,1,0,1,1,1,1,1,1,1,1
19929,0,0,1,1,1,1,1,1,1,1
19930,0,1,0,0,1,1,1,1,1,1
20001,0,0,0,0,1,1,1,1,1,1
20002,0,0,1,0,1,1,1,1,1,1
20003,0,1,1,0,1,1,1,1,0,1
20004,0,1,0,1,1,1,1,1,1,1
20005,0,0,1,1,1,1,1,1,1,1
20006,0,1,1,1,1,1,1,1,1,1
20007,0,0,1,0,1,1,1,1,1,1
20008,0,1,1,1,1,1,1,1,1,1
20009,0,1,0,0,1,1,1,1,1,1
20010,0,0,0,1,1,1,1,1,1,1
20011,0,1,1,1,1,1,1,1,1,1
20012,0,1,0,1,1,1,0,1,1,1
20013,0,1,0,1,1,1,1,1,1,1
20014,0,0,0,1,1,1,1,1,1,1
20015,0,0,1,1,1,1,1,1,1,1
20016,0,1,1,0,1,1,1,1,1,1
20017,0,1,0,0,1,1,0,1,1,1
20018,0,0,0,1,1,1,1,1,1,1
20019,0,0,1,1,1,1,1,1,1,0
20020,0,1,0,1,1,1,1,1,1,1
20021,0,1,0,1,1,1,1,1,1,1
20022,1,0,0,1,1,1,1,1,1,1
20023,0,1,1,1,1,1,0,1,1,1
20024,0,0,0,1,1,1,1,1,1,1
20025,0,0,1,1,1,1,1,1,1,1
20026,0,1,0,1,1,1,1,1,1,1
20027,0,0,1,0,1,1,1,1,1,1
20028,0,0,1,1,1,1,1,1,1,1
20029,0,0,1,1,1,1,1,1,1,1
20030,0,1,0,1,1,1,1,1,1,0
20101,0,0,0,1,1,1,1,1,1,1
20102,0,1,0,1,1,1,1,1,1,1
20103,0,1,0,0,1,1,1,1,1,1
20104,0,0,0,0,1,1,1,1,1,1
20105,0,1,0,0,1,1,1,1,1,1
20106,0,0,0,1,1,1,1,1,1,1
20107,0,0,0,1,1,1,1,1,1,1
20108,0,1,0,0,1,1,1,1,1,1
20109,0,1,1,0,1,1,0,1,1,1
20110,0,1,1,0,1,1,1,1,1,1
20111,0,1,1,0,1,1,1,1,1,1
20112,1,0,1,1,1,1,1,1,1,1
20113,0,0,0,0,1,1,1,1,1,1
20114,0,1,1,0,1,1,1,1,1,1
20115,0,0,0,0,1,1,1,1,1,1
20116,0,0,0,0,1,1,1,1,1,1
20117,0,1,0,0,1,1,1,1,1,1
20118,0,0,0,0,1,1,1,1,1,1
20119,0,0,1,0,1,1,1,1,1,1
20120,0,1,0,1,1,1,0,1,1,1
20121,0,0,0,0,1,1,0,1,1,0
20122,0,0,0,0,1,1,1,1,1,1
20123,0,0,0,0,1,1,1,1,1,1
20124,0,0,1,0,1,1,1,1,1,1
20125,0,0,0,1,1,1,1,1,1,1
20126,0,0,0,0,1,1,1,1,1,1
20127,0,1,1,1,1,1,1,1,1,1
20128,0,1,0,1,1,1,1,1,1,1
20129,0,0,0,0,1,1,1,1,1,1
20130,0,1,0,0,1,1,0,1,1,1
20201,0,0,0,1,1,1,1,1,1,1
20202,0,1,1,1,1,1,1,1,1,1
20203,0,1,0,1,1,1,1,1,1,1
20204,0,1,0,1,1,1,1,1,1,1
20205,0,1,0,1,1,0,1,1,1,1
20206,0,0,1,1,1,1,1,1,1,1
20207,0,1,0,1,1,1,1,1,1,1
20208,0,0,1,1,1,0,1,1,1,1
20209,0,1,0,1,1,1,1,1,1,1
20210,0,0,0,1,1,1,1,1,1,1
20211,0,1,1,1,1,1,1,1,1,1
20212,0,1,1,1,1,1,1,1,1,1
20213,0,0,1,1,1,1,1,1,1,1
20214,0,1,1,1,1,1,1,1,1,1
20301,0,0,0,1,1,1,1,1,1,1
20302,0,0,1,0,1,1,1,0,1,1
20303,0,0,0,0,1,1,1,1,1,0
20304,0,0,1,0,1,1,1,1,1,1
20305,1,0,0,0,1,1,1,1,1,1
20306,1,1,0,0,1,1,1,1,1,1
20307,0,1,0,1,1,1,1,1,1,0
20308,0,0,1,0,1,1,1,1,1,1
20309,0,0,0,0,1,1,1,1,1,0
20310,0,0,0,0,1,1,1,1,1,1
20311,0,0,0,0,1,1,1,1,1,0
20312,0,0,1,0,1,1,1,1,1,0
20313,0,0,1,0,1,1,1,1,1,1
20314,0,1,0,1,1,1,1,1,1,1
20315,0,1,0,0,1,1,1,1,1,1
20316,0,0,0,0,1,1,1,1,1,0
20317,0,1,0,0,1,1,1,1,1,1
20318,0,0,0,0,1,1,1,1,1,1
20319,0,0,0,1,1,1,1,1,1,1
20320,0,1,0,0,1,1,1,1,1,0
20321,0,0,0,0,1,1,1,1,1,1
20322,0,1,0,0,1,1,1,1,1,0
20323,0,0,0,0,1,1,1,1,1,1
20324,0,1,0,0,1,1,1,1,1,1
20325,1,1,1,0,1,1,1,1,1,1
20326,0,0,1,0,0,1,0,1,1,1
20327,0,0,1,1,1,1,1,1,1,1
20328,0,1,0,0,1,1,1,1,1,0
20329,0,1,0,1,1,1,1,1,1,1
20330,0,1,1,0,1,1,1,1,1,1
20401,0,1,0,0,1,1,1,1,1,1
20402,0,1,1,1,1,1,1,1,1,1
20403,0,1,1,0,1,1,0,1,1,1
20404,0,1,0,0,1,1,1,1,1,1
20405,0,0,0,1,1,1,1,1,1,1
20406,0,0,0,0,1,1,1,1,1,1
20407,0,0,0,0,1,1,1,1,1,1
20408,0,1,0,0,1,1,0,1,1,1
20409,1,0,0,1,1,1,1,1,1,1
20410,0,0,0,0,1,1,1,1,1,1
20411,0,1,0,1,1,1,1,1,1,1
20412,0,1,0,0,1,1,1,1,1,1
20413,0,1,1,1,1,1,1,1,1,1
20414,0,0,1,1,1,1,0,1,1,1
20415,0,0,1,0,1,1,1,1,1,1
20416,0,0,0,0,1,1,1,1,1,1
20417,0,0,0,0,1,1,0,1,1,1
20418,0,0,0,0,1,1,1,1,1,1
20419,0,1,1,0,1,1,1,1,1,1
20420,0,0,0,1,1,1,1,1,1,1
20421,0,1,0,0,1,1,1,1,1,1
20422,0,1,1,0,1,1,1,1,1,1
20423,0,1,0,1,1,1,0,1,1,1
20424,0,1,1,0,1,1,1,1,1,1
20425,0,0,0,0,1,1,1,1,1,1
20501,0,1,0,0,1,1,1,1,1,1
20502,0,0,0,0,1,1,0,1,1,1
20503,0,0,0,0,1,1,1,1,1,1
20504,0,0,0,0,1,0,1,1,1,1
20505,0,0,0,1,1,1,1,1,1,1
20506,0,0,0,0,1,1,0,1,1,0
20507,0,0,1,0,1,1,1,1,1,1
20508,0,0,0,0,1,1,1,1,1,1
20509,0,0,0,1,1,1,1,1,1,1
20510,0,0,1,0,1,1,1,1,1,1
20511,0,0,0,0,1,1,1,1,1,1
20512,0,0,1,0,1,1,1,1,1,1
20513,0,0,0,1,0,1,0,1,1,1
20514,0,1,1,1,1,1,1,1,1,1
20515,0,0,0,0,1,1,1,1,1,1
20516,0,0,0,0,1,1,1,1,1,1
20517,0,1,0,0,1,1,0,1,1,1
20518,0,1,1,0,1,1,0,1,1,1
20519,0,1,1,1,1,1,1,1,1,1
20520,0,0,0,0,1,1,1,1,1,1
20521,0,0,0,0,1,1,0,1,1,1
20522,0,1,1,0,1,1,1,1,1,0
20523,0,0,1,1,1,1,1,1,1,1
20524,0,1,0,1,1,1,1,1,1,1
20525,0,0,0,0,1,1,1,1,1,1
20526,1,0,0,0,1,1,1,1,1,1
20527,0,0,0,0,1,1,1,1,1,1
20528,0,0,0,0,1,1,0,1,1,1
20529,0,0,0,0,1,1,0,1,1,1
20530,0,1,0,0,1,1,1,1,1,1
20601,0,0,1,1,1,1,1,1,1,1
20602,0,0,0,1,1,1,1,1,1,1
20603,0,0,1,1,1,1,1,1,1,1
20604,0,1,0,1,1,1,1,1,1,1
20605,0,0,0,1,1,1,1,1,1,1
20606,0,0,0,0,1,1,1,1,1,1
20607,0,1,1,1,1,1,1,1,1,1
20608,0,0,0,1,1,1,1,1,1,1
20609,0,0,1,0,1,1,1,1,1,1
20610,0,0,1,0,1,1,1,1,1,1
20611,0,0,0,0,1,1,1,1,1,1
20612,0,0,1,1,1,1,1,1,1,1
20613,0,1,0,0,1,1,1,1,1,1
20614,0,0,0,0,1,1,1,1,1,1
20615,0,1,1,1,1,1,1,1,1,1
20616,1,0,0,1,1,1,1,1,1,1
20617,0,0,0,1,1,1,1,1,1,1
20618,1,1,0,0,1,1,1,1,1,0
20619,0,0,1,0,1,1,1,1,1,1
20620,0,1,1,0,1,1,1,1,1,0
20621,0,0,0,1,1,1,1,1,1,1
20622,0,1,1,1,1,1,1,1,1,1
20623,0,0,0,1,1,1,1,1,1,0
20624,0,0,0,0,1,1,1,1,1,1
20625,0,1,0,0,1,1,1,1,1,1
20626,0,1,0,1,1,1,1,1,1,1
20627,0,1,0,1,1,1,1,1,1,1
20628,0,0,0,0,1,1,1,1,1,0
20629,0,0,0,1,1,1,1,1,1,1
20630,0,0,0,0,1,1,1,1,1,1
20701,0,1,1,0,1,1,0,1,1,0
20702,0,1,0,0,1,1,1,1,1,0
20703,0,1,0,1,1,1,1,1,1,1
20704,0,0,1,1,1,1,1,1,1,1
20705,1,0,1,0,1,1,1,1,1,0
20706,0,1,1,0,1,1,1,1,1,1
20707,0,0,1,1,1,1,1,1,1,1
20708,0,1,0,0,1,1,1,1,1,0
20709,0,0,0,0,1,1,1,1,1,1
20710,0,1,0,0,1,1,1,1,1,1
20711,0,0,0,0,1,1,1,1,1,0
20712,0,1,1,1,1,1,1,1,1,1
20713,0,0,1,0,1,1,1,1,1,1
20714,1,1,1,0,1,1,1,1,1,1
20715,0,1,1,0,1,1,1,1,1,1
20716,0,1,0,1,1,1,1,1,1,1
20717,0,0,0,0,1,1,1,1,1,1
20718,0,1,1,1,1,1,1,1,1,1
20719,0,1,0,0,1,1,1,1,1,1
20720,0,1,0,0,1,1,1,1,1,1
20721,0,1,1,0,1,1,1,1,1,0
20722,0,1,0,1,1,1,1,1,1,1
20723,0,0,0,0,1,1,1,1,1,0
20724,0,0,0,0,1,1,1,1,1,1
20725,0,0,0,0,1,1,1,1,1,1
20726,0,1,0,0,1,1,1,1,1,1
20727,0,,0,1,1,1,1,1,1,1
20728,0,0,0,1,1,1,1,1,1,1
20729,0,0,0,1,1,1,1,1,1,1
20730,0,0,0,0,1,1,1,1,1,1
20801,0,0,0,1,1,1,1,1,1,1
20802,0,0,0,1,1,1,0,1,1,1
20803,0,1,0,1,1,1,1,1,1,1
20804,1,0,0,0,1,1,1,1,1,1
20805,0,0,1,1,1,1,1,1,1,1
20806,0,0,0,1,1,1,1,1,1,1
20807,0,0,1,1,1,1,1,1,1,1
20808,0,0,0,1,1,1,0,1,1,1
20809,0,1,0,1,1,1,1,1,1,1
20810,0,1,0,1,1,1,1,1,1,1
20811,0,1,1,0,1,1,1,1,1,1
20812,1,1,0,1,1,1,1,1,1,1
20813,0,0,0,1,1,1,1,1,1,1
20814,0,1,1,0,1,1,1,1,1,0
20815,0,0,0,1,1,1,1,1,1,1
20816,0,0,1,1,1,1,1,1,1,0
20817,0,1,0,1,1,1,1,1,1,1
20818,0,1,1,1,1,1,1,1,1,1
20819,0,1,1,1,1,1,1,1,1,1
20820,,,0,1,1,1,1,1,1,1
20821,0,1,0,0,1,1,1,1,1,1
20822,1,1,1,1,1,1,1,1,1,1
20823,0,0,0,1,1,1,0,1,1,1
20824,0,0,0,1,1,1,1,1,1,1
20825,0,1,0,0,1,1,1,1,1,0
20826,0,0,0,1,1,1,1,1,0,1
20901,0,0,0,0,1,1,1,1,1,0
20902,0,0,0,1,1,1,1,1,1,1
20903,0,1,0,1,1,1,1,1,1,1
20904,0,0,1,1,1,1,1,1,1,1
20905,0,0,0,1,1,1,1,1,1,1
20906,0,1,1,0,1,1,1,1,1,1
20907,0,1,1,1,1,1,1,1,1,1
20908,0,0,0,0,1,1,1,1,1,1
20909,0,1,1,1,1,1,1,1,1,0
20910,0,0,0,0,1,1,1,1,1,1
20911,0,0,0,0,1,1,1,1,1,1
20912,0,1,0,0,1,1,1,1,1,0
20913,0,0,0,0,1,1,1,1,1,0
20914,0,1,0,0,1,1,1,1,1,1
20915,0,0,0,1,1,1,1,1,1,1
20916,0,1,0,0,1,1,1,1,1,1
20917,0,1,1,0,1,1,1,1,1,1
20918,0,1,0,0,1,1,1,1,1,1
20919,0,0,1,1,1,1,1,1,1,1
20920,0,0,0,0,1,1,1,1,1,1
20921,0,1,0,0,1,1,1,1,1,1
20922,0,0,0,1,1,1,1,1,1,1
20923,0,0,0,0,1,1,1,1,1,1
20924,0,1,0,1,1,1,1,1,1,1
20925,0,1,0,1,1,1,1,1,1,1
20926,0,1,0,1,1,1,1,1,1,1
20927,0,1,0,0,1,1,1,1,1,1
20928,0,1,0,1,1,1,1,1,1,1
20929,0,0,0,1,1,1,1,1,1,1
21001,0,0,0,1,1,1,0,1,1,1
21002,0,1,0,0,1,1,1,1,1,1
21003,0,1,1,1,1,1,1,1,1,1
21004,0,0,0,1,1,1,1,1,1,1
21005,0,0,0,0,1,1,1,1,1,1
21006,0,1,0,0,1,1,1,1,1,0
21007,0,1,1,1,1,1,1,1,1,1
21008,0,1,0,1,1,1,1,1,1,1
21009,0,0,0,0,1,1,0,1,1,1
21010,0,1,0,0,0,1,0,1,1,0
21011,0,1,0,1,1,1,1,1,1,1
21012,0,0,0,0,1,1,1,1,1,0
21013,0,1,0,0,1,1,1,1,1,0
21014,0,0,0,1,1,1,1,1,1,1
21015,0,1,0,0,0,1,1,1,1,0
21016,0,1,0,0,1,1,1,1,1,0
21017,0,1,0,1,1,1,1,1,1,1
21018,0,1,0,1,1,1,1,1,1,1
21019,0,0,0,0,1,1,1,1,1,0
21020,0,0,0,0,1,1,1,1,1,1
21021,0,1,0,1,1,1,1,1,1,0
21022,0,0,0,0,0,1,0,1,1,0
21023,0,0,0,0,1,1,1,1,1,0
21024,0,0,0,0,1,1,1,1,1,0
21025,0,0,0,0,0,1,1,1,1,0
21026,0,1,0,0,1,1,1,1,1,0
21027,0,1,0,0,1,1,0,1,1,1
21028,0,1,0,0,1,1,1,1,1,1
21029,0,0,0,0,1,1,1,1,1,1
21030,1,0,0,0,1,1,1,1,1,0
21101,0,0,0,0,1,1,1,1,1,1
21102,0,1,0,1,1,1,1,1,1,1
21103,0,0,0,1,1,1,1,1,1,1
21104,0,1,0,0,1,1,1,1,1,1
21105,0,1,0,0,1,1,1,1,1,1
21106,0,0,0,1,1,1,1,1,1,1
21107,0,0,0,0,1,1,1,1,1,1
21108,0,1,1,1,1,0,1,1,1,0
21109,0,0,0,0,1,1,1,1,1,1
21110,0,1,0,0,1,1,1,1,1,1
21111,0,1,1,0,1,1,1,1,1,0
21112,0,0,0,0,1,1,1,1,1,1
21113,0,0,0,0,1,1,1,1,1,1
21114,0,0,0,0,1,1,1,1,1,1
21115,1,0,0,0,1,1,1,1,1,0
21116,0,0,0,0,1,1,1,1,1,1
21117,0,1,0,1,1,1,1,1,1,1
21118,0,1,1,1,1,1,1,1,1,1
21119,0,0,1,0,1,1,1,1,1,1
21120,0,0,1,1,1,1,1,1,1,1
21121,0,1,1,1,1,0,1,1,1,1
21122,0,0,0,0,1,0,1,1,1,1
21123,0,1,0,0,1,1,1,1,1,1
21124,0,0,0,0,1,1,1,1,1,1
21125,0,0,0,1,1,1,1,1,1,1
21126,0,0,0,1,1,1,1,1,1,1
21127,0,1,0,0,1,1,1,1,1,1
21128,0,0,1,0,1,0,1,1,1,1
21129,0,1,0,1,1,1,1,1,1,1
21130,0,0,0,1,1,1,1,1,1,1
21201,0,1,0,1,1,1,1,1,1,1
21202,0,0,0,1,1,1,0,1,1,1
21203,0,0,1,1,1,1,1,1,1,1
21204,0,0,0,0,1,1,1,1,1,0
21205,0,0,0,1,1,1,1,1,1,1
21206,0,1,0,0,1,1,1,1,1,1
21207,0,1,1,0,1,1,1,1,1,1
21208,0,1,1,0,1,1,0,1,1,0
21209,0,0,0,1,1,1,1,1,1,1
21210,0,1,0,1,1,1,1,1,1,1
21211,0,1,1,1,1,1,1,1,1,1
21212,0,0,0,1,1,1,0,1,1,1
21213,0,0,0,1,1,1,0,1,1,1
21214,0,0,0,1,1,1,1,1,1,1
21215,0,0,0,0,1,1,0,1,1,1
21216,0,1,0,1,1,1,0,1,1,0
21217,0,0,1,0,0,1,0,1,1,0
21218,0,1,0,1,1,1,1,1,1,1
21219,0,0,0,0,1,1,0,1,1,1
21220,0,1,0,1,1,1,1,1,1,1
21221,0,1,0,0,1,1,1,1,1,1
21222,0,1,1,1,1,1,1,1,1,1
21223,0,1,1,1,1,1,1,1,1,1
21224,0,0,0,1,1,1,0,1,1,1
21225,0,0,0,1,1,1,0,1,1,1
21226,0,0,0,0,1,1,0,1,1,1
21227,0,0,0,0,1,1,0,1,1,1
21228,0,1,0,0,1,1,0,1,1,1
21229,0,1,1,0,1,1,0,1,1,0
21230,0,1,0,1,1,1,0,1,1,1
21301,0,0,0,1,1,1,1,1,1,0
21302,0,1,0,0,1,1,1,1,1,1
21303,0,0,0,1,1,1,1,1,1,1
21304,0,1,0,0,1,1,1,1,1,0
21305,0,0,1,1,1,1,1,1,1,1
21306,0,0,0,1,1,1,1,1,1,1
21307,0,0,0,0,1,1,1,1,1,0
21308,0,0,0,1,1,1,1,1,1,1
21309,0,1,0,0,1,1,1,1,1,0
21310,0,0,0,0,1,1,1,1,1,1
21311,0,0,0,1,1,1,1,1,1,1
21312,0,0,1,0,1,1,1,1,1,1
21313,0,0,1,1,1,1,1,1,1,1
21314,0,0,0,1,1,1,1,1,1,1
21315,0,0,0,0,1,1,1,1,1,0
21316,0,0,0,1,1,1,1,1,1,1
21317,0,1,0,0,1,1,1,1,1,1
21318,0,1,1,1,1,1,1,1,1,1
21319,0,0,0,0,1,1,1,1,1,1
21320,0,0,0,1,1,1,1,1,1,0
21321,0,0,0,0,1,1,1,1,1,0
21322,0,0,0,1,1,1,1,1,1,1
21323,0,0,0,0,1,1,1,1,1,1
21324,0,0,0,0,1,1,1,1,1,0
21325,0,1,0,0,1,1,1,1,1,1
21326,0,0,1,0,1,1,1,1,1,1
21327,0,1,1,1,1,1,1,1,1,1
21328,0,0,0,0,1,1,1,1,1,1
21329,0,1,0,0,1,1,1,1,1,1
21330,0,0,1,0,1,1,1,1,1,1
21401,0,0,0,1,1,1,1,1,1,1
21402,0,1,1,1,1,1,1,1,1,1
21403,0,1,1,1,1,1,1,1,1,1
21404,0,0,0,1,1,1,1,1,1,1
21405,0,0,1,1,1,1,1,1,1,1
21406,0,1,0,1,1,1,1,1,1,1
21407,0,0,1,1,1,1,1,1,1,1
21408,0,0,1,1,1,1,1,1,1,1
21409,0,0,0,1,1,1,1,1,1,1
21410,0,0,0,1,1,1,1,1,1,1
21411,0,0,0,1,1,1,1,1,1,1
21412,0,0,1,1,1,1,1,1,1,1
21413,0,1,1,1,1,1,1,1,1,1
21414,0,1,0,1,1,1,1,1,1,1
21415,0,1,0,1,1,1,1,1,1,1
21416,0,0,0,1,1,1,1,1,1,1
21417,0,0,0,1,1,1,1,1,1,1
21418,1,0,0,1,1,1,1,1,1,1
21419,0,0,0,1,1,1,1,1,1,1
21420,1,0,1,1,1,1,1,1,1,1
21421,0,0,0,1,1,1,1,1,1,1
21422,0,1,0,1,1,1,1,1,1,1
21423,0,1,1,1,1,1,1,1,1,1
21424,0,0,0,1,1,1,1,1,0,1
21425,0,0,1,0,1,1,1,1,1,1
21426,0,0,0,0,1,1,1,1,1,1
21427,0,1,0,1,1,1,1,1,1,1
21428,1,0,0,1,1,1,1,1,1,1
21429,0,0,1,1,1,1,1,1,1,0
21430,0,1,0,1,1,1,1,1,1,1
21501,0,1,0,1,1,1,1,1,1,1
21502,0,0,0,0,1,1,1,1,1,1
21503,0,1,0,1,1,1,1,1,1,1
21504,0,0,0,0,1,1,1,1,1,1
21505,0,0,0,0,1,1,1,1,1,1
21506,0,0,0,0,1,1,1,1,1,1
21507,0,1,0,1,1,1,1,1,1,1
21508,0,1,0,1,1,1,1,1,1,1
21509,0,0,0,1,1,1,1,1,1,1
21510,1,0,0,0,1,1,1,1,1,1
21511,0,0,1,0,1,1,1,1,1,1
21512,0,0,1,0,1,1,1,1,1,1
21513,0,1,0,0,1,1,1,1,1,1
21514,0,0,0,0,1,1,1,1,1,1
21515,0,1,0,1,1,1,1,1,1,1
21516,0,1,0,1,1,1,1,1,1,1
21517,0,0,0,1,1,1,1,1,1,1
21518,0,1,0,0,1,1,1,1,1,1
21519,0,0,0,0,1,1,1,1,1,1
21520,1,0,0,1,1,1,1,1,1,1
21521,0,0,0,0,1,1,1,1,1,1
21522,0,0,0,1,1,1,1,1,1,1
21523,0,1,0,1,1,1,1,1,1,1
21524,0,0,0,0,1,1,1,1,1,1
21525,0,0,0,0,1,1,1,1,1,1
21526,0,1,1,0,1,1,1,1,1,1
21527,0,0,0,0,1,1,1,1,1,1
21528,0,0,0,0,1,1,1,1,1,1
21529,0,1,1,0,1,1,1,1,1,1
21530,0,0,1,0,1,1,1,1,1,1
21601,0,1,0,0,1,1,1,1,1,1
21602,0,0,1,0,1,1,1,1,1,1
21603,0,1,0,0,0,1,1,1,1,1
21604,0,1,0,1,1,1,1,1,1,1
21605,1,1,0,1,1,1,1,1,1,1
21606,0,0,0,0,1,1,1,1,1,1
21607,0,1,0,1,1,1,1,1,1,1
21608,0,0,0,0,1,1,1,1,1,1
21609,0,1,1,0,1,1,1,1,1,1
21610,0,0,0,0,1,1,1,1,1,1
21611,0,0,0,0,1,1,1,1,1,0
21612,0,0,0,0,1,1,1,1,1,1
21613,0,1,0,1,1,1,1,1,1,1
21614,0,1,0,0,1,1,1,1,1,0
21615,1,0,0,0,1,1,1,1,1,0
21616,0,1,1,0,1,1,1,1,1,1
21617,0,0,0,1,1,1,1,1,1,1
21618,0,0,0,0,1,1,1,1,1,1
21619,0,0,0,1,1,1,1,1,1,1
21620,0,1,1,0,1,1,1,1,1,1
21621,0,0,0,1,1,1,0,1,1,1
21622,0,0,0,0,1,1,1,1,1,1
21623,0,0,1,1,1,1,1,1,1,1
21624,0,0,0,0,1,1,1,1,1,1
21625,0,0,0,0,1,1,1,1,1,1
21626,0,1,0,0,1,1,1,1,1,1
21627,0,0,0,0,1,1,0,1,1,1
21628,0,1,0,0,1,1,0,1,1,1
21629,0,0,0,0,1,1,1,1,1,0
21630,0,0,0,0,1,1,1,1,1,1
21701,0,1,0,0,1,1,1,1,1,1
21702,1,0,0,0,1,1,1,1,1,1
21703,1,0,1,1,1,1,1,1,1,1
21704,0,1,0,1,1,1,1,1,1,1
21705,0,0,0,0,1,1,1,1,1,1
21706,0,0,0,1,1,1,1,1,1,1
21707,0,1,0,1,1,1,1,1,1,0
21708,1,0,0,0,1,1,1,1,1,1
21709,0,0,0,0,1,1,1,1,1,1
21710,0,0,0,1,1,1,1,1,1,1
21711,0,1,0,0,1,1,1,1,1,1
21712,0,0,0,0,1,1,1,1,1,1
21713,0,0,0,0,1,1,1,1,1,1
21714,1,1,0,1,1,1,1,1,1,1
21715,0,0,0,0,1,1,1,1,1,1
21716,1,1,0,0,1,1,1,1,1,0
21717,0,1,0,0,1,1,1,1,1,1
21718,0,1,1,1,1,1,1,1,1,1
21719,0,1,1,0,1,1,1,1,1,1
21720,0,1,0,1,1,1,1,1,1,1
21721,0,1,0,0,1,1,0,1,1,0
21722,0,0,0,0,1,1,1,1,1,0
21723,0,0,0,1,1,1,1,1,1,1
21724,0,0,0,1,1,1,1,1,1,1
21725,0,1,0,0,1,1,0,1,1,1
21726,0,0,0,1,1,1,1,1,1,0
21727,0,1,0,0,1,1,1,1,1,0
21728,0,1,1,1,1,1,1,1,1,0
21729,0,0,0,1,1,1,1,1,1,1
21730,0,0,0,1,1,1,1,1,1,1
21801,0,1,1,0,1,1,1,1,1,0
21802,0,0,0,0,1,1,1,1,1,1
21803,0,1,0,1,1,1,1,1,1,1
21804,0,1,1,0,1,1,1,1,1,1
21805,0,1,1,0,1,1,1,1,1,0
21806,0,1,1,0,1,1,1,1,1,1
21807,0,0,0,0,1,1,1,1,1,1
21808,0,0,0,0,1,1,1,1,1,1
21809,0,1,0,0,1,1,1,1,1,1
21810,0,1,0,0,1,1,1,1,1,1
21811,0,0,0,1,1,1,1,1,1,1
21812,0,0,1,0,1,1,1,1,1,1
21813,0,1,0,0,1,1,1,1,1,1
21814,0,1,1,0,1,1,1,1,1,1
21815,0,0,0,1,1,1,1,1,1,1
21816,0,0,0,1,1,1,1,1,1,0
21817,0,0,0,1,1,1,1,1,1,1
21818,1,0,0,0,1,1,1,1,1,1
21819,0,0,0,1,1,1,1,1,1,1
21820,0,0,0,1,1,1,1,1,1,1
21821,0,1,0,1,1,1,1,1,1,1
21822,0,1,0,0,1,1,1,1,1,1
21823,0,1,1,1,1,1,1,1,1,1
21824,0,0,1,0,1,1,1,1,1,1
21825,0,1,0,0,1,1,1,1,1,1
21826,0,0,0,0,1,1,1,1,1,0
21827,0,0,0,1,1,1,1,1,1,1
21828,0,0,0,0,1,1,1,1,1,0
21829,0,1,0,1,1,1,1,1,1,1
21830,0,0,0,0,0,1,1,1,1,0
21901,0,0,0,1,1,1,1,1,1,1
21902,0,0,0,0,1,1,1,1,1,1
21903,0,0,0,1,1,1,1,1,1,1
21904,0,1,1,1,1,1,1,1,1,1
21905,0,0,0,0,1,1,1,1,1,0
21906,0,0,0,1,1,1,1,1,1,1
21907,0,1,0,0,1,1,0,1,1,0
21908,0,1,0,1,1,1,1,1,1,1
21909,0,1,0,0,1,1,0,1,1,0
21910,0,0,0,1,1,1,1,1,1,1
21911,0,0,0,1,1,1,1,1,1,1
21912,0,1,0,0,1,1,0,1,1,1
21913,0,0,0,1,1,1,1,1,1,1
21914,0,1,0,1,1,1,1,1,1,1
21915,0,0,1,0,1,1,0,1,1,1
21916,0,0,0,1,1,1,1,1,1,1
21917,1,1,0,1,1,1,1,1,1,1
21918,0,1,1,1,1,1,1,1,1,1
21919,0,0,0,0,1,1,1,1,1,1
21920,0,0,0,0,1,1,1,1,1,1
21921,0,1,0,1,1,1,1,1,1,1
21922,0,1,0,1,1,1,0,1,1,1
21923,0,0,0,0,1,1,1,1,1,1
21924,0,1,0,0,1,1,1,1,1,0
21925,0,0,0,0,1,1,1,1,1,1
21926,0,1,0,1,1,1,1,1,1,1
21927,0,0,0,1,1,1,1,1,1,1
21928,0,0,0,0,1,1,1,1,1,1
21929,0,1,0,0,1,1,1,1,1,1
21930,1,1,0,1,1,1,1,1,1,1
22001,0,0,0,1,1,1,0,1,1,1
22002,0,0,0,1,1,1,1,1,1,1
22003,0,1,1,1,1,1,1,1,1,1
22004,1,1,1,1,1,1,1,1,1,1
22005,0,0,0,1,1,1,1,1,1,1
22006,0,0,0,0,1,1,1,1,1,1
22007,0,0,0,0,1,1,1,1,1,1
22008,0,0,0,0,1,1,1,1,1,1
22009,0,1,0,1,1,1,1,1,1,1
22010,0,0,0,0,1,1,1,1,1,1
22011,0,0,0,0,1,1,1,1,1,1
22012,0,1,0,1,1,1,1,1,1,1
22013,0,1,1,0,1,1,1,1,1,1
22014,0,0,0,1,1,1,1,1,1,1
22015,0,0,0,1,1,1,1,1,1,1
22016,0,1,0,1,1,1,1,1,1,1
22017,0,0,0,0,1,1,1,1,1,1
22018,0,0,0,0,1,1,1,1,1,0
22019,0,1,0,0,1,1,1,1,1,1
22020,0,1,0,0,1,1,0,1,1,1
22021,0,0,0,1,1,1,1,1,1,1
22022,0,0,1,1,1,1,1,1,1,1
22023,0,1,0,1,1,1,1,1,1,1
22024,0,0,0,0,1,1,1,1,1,1
22025,0,1,0,0,1,1,0,1,1,1
22026,0,1,0,0,1,1,1,1,1,1
22027,0,0,0,0,1,1,1,1,1,1
22028,0,0,0,0,1,1,1,1,1,1
22029,0,1,1,1,1,1,1,1,1,1
22030,0,0,0,1,1,1,1,1,1,1
22101,0,1,0,0,1,1,1,1,1,1
22102,0,0,0,1,1,1,1,1,1,1
22103,0,0,1,0,1,1,1,1,1,0
22104,0,1,0,1,1,1,1,1,1,1
22105,0,1,0,0,1,1,1,1,1,0
22106,0,1,0,1,1,1,1,1,1,1
22107,0,0,0,0,1,1,1,1,1,1
22108,0,0,0,0,1,1,1,1,1,1
22109,0,0,0,1,1,1,1,1,1,1
22110,0,0,1,0,1,1,1,1,1,1
22111,0,0,0,0,1,1,1,1,1,1
22112,0,0,0,0,1,1,1,1,1,1
22113,0,1,0,0,1,1,1,1,1,1
22114,0,0,0,0,1,1,1,1,1,1
22115,0,1,0,0,1,1,1,1,1,1
22116,0,1,0,1,1,1,1,1,1,0
22117,0,1,0,0,1,1,1,1,1,1
22118,0,1,1,0,1,1,1,1,1,1
22119,0,0,0,1,1,1,1,1,1,1
22120,0,1,0,1,1,1,1,1,1,1
22121,0,1,1,0,1,1,1,1,1,1
22122,0,0,0,0,1,1,1,1,1,1
22123,0,0,1,1,1,1,1,1,1,1
22124,0,1,1,1,1,1,1,1,1,1
22125,0,1,1,1,1,1,1,1,1,1
22126,0,0,0,1,1,1,1,1,1,1
22127,0,,0,0,1,1,1,1,1,1
22128,0,0,0,0,1,1,1,1,1,1
22129,0,0,0,0,1,1,1,1,1,1
22130,0,0,0,1,1,1,1,1,1,1
22201,0,0,0,0,1,1,0,1,1,0
22202,0,0,0,0,1,1,0,1,1,0
22203,0,0,0,1,1,1,1,1,1,1
22204,0,0,0,0,1,1,0,1,1,1
22205,0,1,1,0,1,1,1,1,1,1
22206,1,1,0,0,1,1,1,1,1,0
22207,0,0,1,1,1,1,1,1,1,1
22208,0,1,0,0,1,1,1,1,1,1
22209,0,0,0,0,1,1,1,1,1,0
22210,0,1,0,1,1,1,0,1,1,1
22211,0,0,1,0,1,1,1,1,1,0
22212,1,0,0,0,1,1,0,1,1,1
22213,0,1,0,1,1,1,1,1,1,1
22214,0,0,0,1,1,1,1,1,1,1
22215,0,0,0,0,1,1,1,1,1,0
22216,1,0,0,0,1,1,1,1,1,1
22217,0,0,0,0,1,1,1,1,1,1
22218,0,1,0,1,1,1,1,1,1,1
22219,0,0,1,1,1,1,1,1,1,1
22220,0,1,0,1,1,1,1,1,1,1
22221,1,1,1,0,1,1,1,1,1,1
22222,0,0,0,1,1,1,1,1,1,0
22223,0,1,0,1,1,1,0,1,1,1
22224,0,0,0,0,1,1,1,1,1,1
22225,0,0,0,1,1,1,1,1,1,1
22226,0,0,0,0,1,1,1,1,1,1
22227,0,0,0,0,1,1,1,1,1,0
22228,0,0,0,1,1,1,1,1,1,1
22229,0,0,0,1,1,1,1,1,1,1
22230,0,0,0,0,1,1,0,1,1,1
22301,0,1,1,0,0,1,1,1,1,1
22302,0,1,0,0,1,1,1,0,1,0
22303,0,0,0,0,0,1,1,1,1,1
22304,0,0,0,0,1,1,1,1,1,1
22305,0,0,0,0,1,1,1,1,1,1
22306,0,0,0,1,1,1,1,1,1,1
22307,0,1,0,0,1,1,1,1,1,1
22308,0,0,0,0,1,1,1,1,1,1
22309,0,0,0,0,1,1,1,1,1,1
22310,0,1,0,0,0,1,1,1,1,1
22311,0,0,0,0,1,1,1,1,1,1
22312,0,0,0,1,1,1,1,1,1,1
22313,1,1,0,0,1,0,1,1,1,0
22314,0,0,0,0,1,1,1,1,1,0
22315,0,1,0,0,1,1,1,1,1,1
22316,0,0,0,0,1,0,1,1,1,0
22317,1,0,0,0,1,1,1,1,1,0
22318,0,0,0,0,0,0,1,1,1,0
22319,0,0,0,0,1,0,1,1,1,1
22320,0,0,0,0,1,0,1,1,1,0
22321,0,0,0,0,1,1,1,1,1,0
22322,0,0,0,0,1,0,1,1,1,1
22323,0,0,0,0,1,1,1,1,1,1
22324,0,0,0,0,1,1,0,0,1,1
22325,0,0,0,0,1,1,1,1,1,1
22326,1,0,0,0,1,1,1,1,1,0
22327,0,1,0,0,1,1,1,1,1,1
22328,0,0,0,0,1,1,1,1,1,1
22329,0,0,0,0,1,1,1,1,1,0
22330,0,0,0,0,1,1,0,1,1,0
22401,0,0,0,0,1,1,0,1,1,0
22402,0,1,0,0,1,1,1,1,1,0
22403,0,0,0,0,0,1,0,1,1,0
22404,0,0,0,0,1,1,1,1,1,0
22405,0,1,1,1,1,1,1,1,1,1
22406,0,0,0,0,0,1,0,1,1,0
22407,0,1,0,0,1,0,0,1,1,1
22408,0,1,1,0,1,0,0,1,1,1
22409,0,0,0,0,1,1,0,1,1,0
22410,0,0,0,0,1,1,1,1,1,1
22411,0,0,0,0,1,0,0,1,1,1
22412,0,1,1,0,1,0,1,1,1,1
22413,0,0,0,0,1,1,0,1,1,0
22414,0,0,0,0,1,0,0,1,1,0
22415,0,1,0,0,1,1,1,1,1,0
22416,0,0,0,0,1,1,0,1,1,1
22417,0,0,0,0,1,0,0,1,1,0
22418,0,0,0,0,1,0,0,1,1,0
22419,0,1,0,0,1,0,1,1,1,0
22420,0,0,0,0,1,0,1,1,1,1
22421,0,1,0,0,1,1,0,1,1,1
22422,0,1,0,0,1,1,1,1,1,1
22423,0,0,0,0,1,1,1,1,1,1
22424,0,0,0,0,1,1,0,1,1,1
22425,0,1,0,0,1,1,1,1,1,0
22426,0,0,0,0,1,0,1,1,1,1
22427,0,0,0,0,1,1,0,1,1,1
22428,0,0,0,0,1,1,1,1,1,0
22429,0,0,1,1,1,0,1,1,1,1
22430,0,1,0,0,1,1,0,1,1,0
22501,0,0,0,0,1,1,1,1,1,0
22502,0,1,1,0,1,1,1,1,1,1
22503,0,1,0,0,1,1,1,1,1,0
22504,0,0,1,0,1,1,1,1,1,1
22505,0,1,1,1,0,1,1,1,1,1
22506,0,0,0,0,1,1,1,0,1,1
22507,0,1,0,0,1,1,1,1,1,1
22508,0,0,0,0,1,1,0,1,1,1
22509,0,0,0,0,1,1,1,1,1,1
22510,0,0,0,0,1,1,1,1,1,1
22511,0,0,0,1,1,1,0,1,1,1
22512,0,0,0,0,1,1,1,1,1,0
22513,0,0,0,0,1,1,0,1,1,1
22514,0,1,0,0,1,1,1,1,1,1
22515,0,0,0,0,1,1,1,1,1,1
22516,0,1,1,0,1,1,1,1,1,1
22517,0,0,0,0,1,1,0,1,1,1
22518,0,0,1,0,1,0,0,1,1,0
22519,0,0,0,0,1,1,1,1,1,1
22520,0,0,0,0,0,1,1,1,1,1
22521,0,1,1,0,1,1,1,1,1,1
22522,0,0,1,0,1,1,0,1,1,1
22523,0,0,0,0,1,1,1,1,1,0
22524,0,0,0,0,1,1,0,1,1,1
22525,0,0,0,0,1,1,1,1,1,1
22526,0,1,1,0,1,1,1,1,1,1
22527,0,0,0,0,1,1,0,1,1,0
22528,0,1,1,1,1,1,0,1,1,1
22529,0,1,0,0,1,1,1,1,1,1
22530,0,0,0,0,1,1,1,1,1,1
22601,0,0,0,0,1,1,0,1,1,0
22602,0,0,0,0,1,1,1,0,1,0
22603,0,0,0,1,0,1,1,1,1,0
22604,0,0,0,0,1,1,0,1,1,1
22605,0,0,0,0,1,1,1,1,1,1
22606,0,1,0,0,1,1,1,1,1,1
22607,0,1,0,0,1,1,0,1,1,1
22608,0,1,1,0,1,1,1,1,1,1
22609,0,0,0,0,1,1,1,1,1,1
22610,0,1,0,0,1,1,1,1,1,1
22611,0,1,1,0,1,1,1,1,1,1
22612,0,0,0,0,1,1,1,1,1,1
22613,0,0,0,0,1,1,0,1,1,0
22614,0,0,0,1,1,1,1,1,1,1
22615,0,1,0,0,0,1,1,1,1,0
22616,0,1,0,0,1,1,0,1,1,1
22617,0,0,1,1,1,1,1,1,1,1
22618,1,0,0,0,1,1,1,1,1,0
22619,0,1,0,1,1,1,0,1,1,1
22620,0,1,0,0,1,1,1,1,1,0
22621,0,0,0,1,1,1,1,1,1,1
22622,0,0,0,0,1,1,1,1,1,0
22623,0,0,0,0,1,1,1,1,1,1
22624,0,0,0,0,1,1,1,1,1,0
22625,0,0,0,0,1,1,0,1,1,1
22626,0,0,0,0,1,1,1,0,1,0
22627,0,0,0,0,1,1,1,0,1,0
22628,0,0,0,0,1,1,1,1,1,1
22629,0,0,0,0,1,1,1,1,1,1
22630,0,0,0,0,1,1,1,1,1,0
22701,0,0,0,1,1,1,1,1,1,1
22702,0,1,0,0,1,1,0,1,1,1
22703,0,1,1,1,1,1,1,1,1,1
22704,0,1,0,1,1,1,1,1,1,1
22705,0,0,0,0,1,1,0,1,1,1
22706,0,1,1,0,1,1,1,1,1,1
22707,0,1,0,1,1,1,1,1,1,1
22708,0,0,0,0,1,1,1,1,1,1
22709,0,1,0,0,1,1,1,1,1,1
22710,0,0,0,1,1,1,1,1,1,1
22711,0,1,0,0,1,1,0,1,1,0
22712,0,0,0,1,1,1,1,1,1,1
22713,0,1,1,0,1,1,1,1,1,1
22714,0,1,0,0,1,1,1,1,1,1
22715,0,0,0,1,1,1,1,1,1,1
22716,0,0,0,0,1,1,1,1,1,1
22717,0,0,0,1,1,1,1,1,1,1
22718,0,0,1,1,1,1,1,1,1,1
22719,0,1,1,0,1,1,1,1,1,0
22720,0,1,1,1,1,1,0,1,1,1
22721,0,1,1,1,1,1,1,1,1,1
22722,0,1,0,0,1,1,1,1,1,1
22723,0,1,0,1,1,1,0,1,1,1
22724,0,0,0,0,1,1,1,1,1,1
22725,0,0,0,1,1,1,1,1,1,1
22726,0,0,0,0,1,1,0,1,1,1
22727,0,1,0,1,1,1,1,1,1,1
22728,0,0,0,0,1,1,1,1,1,1
22729,0,0,1,1,1,1,1,1,1,1
22730,0,1,0,0,1,1,1,1,1,1
22801,0,1,0,0,1,1,1,1,1,1
22802,0,1,1,0,1,1,1,1,1,1
22803,0,0,0,0,1,1,0,1,1,1
22804,0,0,1,0,1,1,1,1,1,1
22805,0,0,0,0,1,1,1,1,1,1
22806,0,0,0,0,1,1,1,1,1,1
22807,0,0,0,0,1,1,0,1,1,1
22808,0,1,0,0,1,1,0,1,1,1
22809,0,0,0,0,1,1,1,1,1,1
22810,0,0,0,1,1,1,1,1,1,1
22811,0,0,0,0,1,1,1,1,1,1
22812,0,0,0,0,1,1,1,1,1,1
22813,0,0,0,0,1,1,1,1,1,1
22814,0,1,0,0,1,1,0,1,1,1
22815,0,1,0,0,1,1,0,1,1,1
22816,0,0,1,0,1,1,1,1,1,1
22817,0,0,0,0,1,1,0,1,1,1
22818,0,1,0,0,1,1,1,1,1,1
22819,0,0,1,0,1,1,0,1,1,1
22820,0,1,0,0,1,1,1,1,1,1
22821,0,0,0,0,1,1,0,1,1,1
22822,0,0,0,0,1,1,0,1,1,1
22823,0,0,1,1,1,1,1,1,1,1
22824,0,1,1,0,1,1,1,1,1,1
22825,1,0,0,0,1,1,0,1,1,1
22826,0,1,0,1,1,1,0,1,1,1
22827,0,0,0,0,1,1,0,1,1,1
22828,0,1,0,0,1,1,0,1,1,1
22829,0,1,0,0,1,1,0,1,1,1
22830,0,1,0,0,1,1,0,1,1,1
22901,0,0,0,0,1,1,1,1,1,1
22902,0,0,0,0,1,1,0,1,1,1
22903,0,1,0,0,1,1,1,1,1,1
22904,0,1,0,1,1,1,1,1,1,1
22905,0,0,0,0,1,1,0,1,1,1
22906,0,1,0,1,1,1,1,1,1,1
22907,0,0,0,0,1,1,1,1,1,1
22908,0,0,1,1,1,1,0,1,1,1
22909,0,0,0,0,1,1,1,1,1,1
22910,0,1,1,0,1,1,1,1,1,1
22911,0,0,0,0,1,1,1,1,1,1
22912,0,1,0,0,1,1,1,1,1,0
22913,0,0,0,0,1,1,1,1,1,1
22914,1,1,1,1,1,1,1,1,1,0
22915,0,1,1,0,1,1,1,1,1,1
22916,0,1,1,1,1,1,1,1,1,1
22917,0,1,1,0,1,1,0,1,1,0
22918,0,1,0,0,1,1,1,1,1,1
22919,0,0,0,0,1,1,1,1,1,0
22920,0,0,0,0,1,1,1,1,1,1
22921,0,1,1,1,1,1,1,1,1,1
22922,0,0,1,1,1,1,1,1,1,1
22923,0,0,0,0,1,1,0,1,1,1
22924,0,0,0,0,1,1,1,1,1,1
22925,0,0,0,0,1,1,1,1,1,1
22926,0,0,1,0,1,1,1,1,1,1
22927,0,1,0,0,1,1,1,1,1,1
22928,0,0,0,1,1,1,1,1,1,1
22929,0,1,0,0,1,1,0,1,1,0
22930,0,1,0,1,1,1,1,1,1,1
23001,0,1,1,0,1,1,0,1,1,1
23002,0,1,1,0,1,1,1,1,1,0
23003,0,1,0,1,1,1,1,1,1,1
23004,0,1,0,0,1,1,0,1,1,0
23005,0,0,0,0,1,1,1,1,1,1
23006,0,0,0,1,1,1,0,1,1,1
23007,0,0,0,0,1,1,0,1,1,0
23008,0,1,0,0,1,1,1,1,1,0
23009,0,0,1,0,1,1,0,1,1,0
23010,0,0,0,0,1,1,0,1,1,1
23011,0,0,0,0,0,1,0,1,1,1
23012,0,0,0,1,1,1,1,1,1,1
23013,0,1,0,1,1,1,1,1,1,1
23014,0,1,1,0,0,1,1,1,1,1
23015,0,0,0,0,1,1,1,1,1,0
23016,0,0,0,1,1,1,1,1,0,1
23017,0,0,0,0,1,1,1,1,1,1
23018,0,1,1,0,1,1,1,1,1,1
23019,0,0,0,1,1,1,0,1,1,1
23020,0,0,1,0,1,1,0,1,1,1
23021,1,1,0,0,1,1,1,1,1,1
23022,0,0,0,0,1,1,1,1,1,1
23023,0,0,0,0,1,1,0,1,1,1
23024,0,0,0,0,1,1,1,1,1,0
23025,0,1,0,0,1,1,0,1,1,1
23026,0,0,0,1,1,1,1,1,1,1
23027,0,0,0,1,1,1,1,1,1,1
23028,0,1,1,1,1,1,0,1,1,1
23029,0,1,1,0,1,1,0,1,1,1
23030,0,1,0,0,1,1,1,1,1,1
23101,0,0,0,0,1,1,0,1,1,1
23102,0,0,0,0,1,1,0,1,1,1
23103,0,1,0,0,1,1,0,1,1,1
23104,0,1,0,0,1,1,0,1,1,1
23105,0,0,0,0,1,1,1,1,1,1
23106,0,0,1,0,1,1,1,1,1,1
23107,0,1,0,0,1,1,1,1,1,1
23108,0,0,0,0,1,1,1,1,1,1
23109,0,1,1,0,1,1,0,1,1,1
23110,0,0,0,0,1,1,1,1,1,1
23111,0,1,0,0,1,1,1,1,1,1
23112,0,0,0,0,1,1,0,1,1,0
23113,0,1,0,0,1,1,1,1,1,1
23114,0,0,0,0,1,1,1,1,1,1
23115,0,1,1,0,1,1,1,1,1,1
23116,0,0,0,1,1,1,0,1,1,1
23117,0,1,0,0,1,1,1,1,1,1
23118,0,0,0,0,1,1,0,1,1,1
23119,0,1,0,0,1,1,1,1,1,1
23120,0,0,0,0,1,1,0,1,1,0
23121,0,1,0,0,1,1,1,1,1,1
23122,0,0,0,0,1,1,1,1,1,1
23123,0,0,0,0,1,1,1,1,1,1
23124,0,1,0,0,1,1,0,1,1,1
23125,0,0,0,0,1,1,1,1,1,0
23126,0,0,1,0,1,1,0,1,1,1
23127,0,1,1,0,1,1,0,1,1,1
23128,0,0,0,0,1,1,0,1,1,1
23129,0,1,0,0,1,1,0,1,1,1
23130,0,0,0,0,1,1,0,1,1,1
23201,0,0,1,0,1,1,1,1,1,0
23202,0,1,1,1,1,1,0,1,1,0
23203,0,1,0,1,1,1,1,1,1,1
23204,0,0,1,0,1,1,1,1,1,0
23205,0,0,0,0,1,1,1,1,1,0
23206,0,1,0,1,1,1,0,1,1,1
23207,0,1,0,1,1,1,1,1,1,1
23208,0,0,0,0,1,1,1,1,1,0
23209,0,0,0,0,1,1,1,1,1,1
23210,0,1,1,0,1,1,0,1,1,0
23211,0,0,0,0,1,1,1,1,1,0
23212,0,0,1,0,1,1,1,1,1,0
23213,0,0,0,0,1,1,1,1,1,1
23214,0,0,0,0,1,1,0,1,1,0
23215,0,0,0,0,1,1,0,1,1,1
23216,1,0,1,1,1,1,1,1,1,1
23217,0,0,0,1,1,1,1,1,1,1
23218,0,1,0,0,1,1,0,1,1,1
23219,0,0,0,0,1,1,1,1,1,1
23220,0,1,0,0,1,1,1,1,1,1
23221,0,0,0,0,1,1,1,1,1,1
23222,0,0,0,0,1,1,1,1,1,1
23223,0,0,0,0,1,1,1,1,1,0
23224,0,1,1,0,1,1,0,1,1,1
23225,0,0,1,0,1,1,0,1,1,1
23226,0,0,0,0,1,1,0,1,1,1
23227,0,0,1,0,1,1,0,1,1,1
23228,0,1,0,0,1,1,1,1,1,1
23229,0,1,0,0,1,1,1,1,1,1
23230,0,1,0,0,1,1,0,1,1,1
23301,0,1,0,0,1,1,0,1,1,1
23302,0,1,0,0,1,1,1,1,1,1
23303,0,0,1,1,1,1,1,1,1,1
23304,0,0,0,0,1,1,0,1,1,1
23305,0,1,0,1,1,1,1,1,1,1
23306,0,1,0,0,1,1,1,1,1,1
23307,0,0,0,1,1,1,0,1,1,1
23308,0,0,0,1,1,1,1,1,1,1
23309,0,1,0,1,1,1,0,1,1,1
23310,0,0,0,1,1,1,0,1,1,1
23311,0,0,0,1,1,1,1,1,1,1
23312,0,0,0,1,1,1,1,1,1,1
23313,0,1,1,1,1,1,0,1,1,1
23314,0,0,0,1,1,1,1,1,1,1
23315,0,0,0,1,0,1,0,1,1,1
23316,0,0,0,0,1,1,1,1,1,1
23317,0,0,0,1,1,1,1,1,1,1
23318,0,1,0,1,1,1,1,1,1,1
23319,0,1,0,1,1,1,1,1,1,1
23320,0,0,1,1,1,1,1,1,1,1
23321,0,0,0,1,1,1,1,1,1,1
23322,0,0,0,1,1,1,1,1,1,1
23323,0,0,0,1,1,1,0,1,1,1
23324,0,0,1,0,1,1,0,1,1,0
23401,0,0,0,0,1,1,1,1,1,1
23402,0,0,0,1,1,1,1,1,1,1
23403,0,1,0,1,1,1,1,1,1,1
23404,0,0,1,0,1,1,0,1,1,1
23405,0,1,0,0,1,1,0,1,1,1
23406,0,0,0,0,1,1,1,1,1,1
23407,0,0,1,0,1,1,0,1,1,0
23408,1,1,1,0,1,1,0,1,1,1
23409,0,0,0,0,1,1,0,1,1,1
23410,0,0,0,1,1,1,1,1,1,1
23411,0,0,0,1,1,1,1,1,1,1
23412,0,0,0,0,1,1,0,1,1,1
23413,0,1,0,0,1,1,1,1,1,1
23414,0,0,1,0,1,1,1,1,1,1
23415,0,0,0,0,1,1,1,1,1,1
23416,0,1,0,0,1,1,0,1,1,1
23417,0,0,1,0,1,1,0,1,1,1
23418,0,1,0,0,1,0,0,1,1,1
23419,0,1,0,0,1,1,0,1,1,1
23420,0,1,0,0,1,1,0,1,1,0
23421,0,1,0,0,1,1,0,1,1,1
23422,0,1,0,0,1,1,0,1,1,0
23423,0,0,0,0,1,1,0,1,1,1
23424,0,1,0,0,1,1,0,1,1,1
23425,0,1,0,0,1,1,0,1,1,1
23426,0,1,1,0,1,1,0,1,1,1
23427,0,1,0,0,1,1,0,1,1,1
23428,0,1,1,0,1,1,0,1,1,1
23429,0,1,0,0,1,1,0,1,1,1
23430,1,0,1,0,1,1,0,1,1,1
23501,0,1,0,0,1,1,0,1,1,0
23502,0,0,0,0,1,1,0,1,1,0
23503,0,0,0,0,1,1,0,1,1,0
23504,0,0,1,0,1,1,0,1,1,0
23505,0,0,0,0,1,1,0,1,1,1
23506,0,0,0,0,1,1,0,1,1,0
23507,0,0,0,0,1,1,0,1,1,1
23508,0,0,0,0,1,1,0,1,1,1
23509,0,1,1,1,1,1,1,1,1,0
23510,1,1,0,1,1,1,0,1,1,1
23511,0,1,0,0,1,1,0,1,1,1
23512,0,0,0,0,1,1,1,1,1,0
23513,0,0,0,0,1,1,1,1,1,1
23514,0,1,1,1,1,1,0,1,1,1
23515,0,0,0,1,1,1,1,1,1,1
23516,0,0,1,0,1,1,0,1,1,1
23517,0,0,0,1,1,1,1,1,1,1
23518,0,0,0,0,1,1,1,1,1,1
23519,0,0,0,0,1,1,0,1,1,1
23520,0,0,0,0,1,1,1,1,1,1
23521,0,1,0,0,1,1,1,1,1,0
23522,0,0,0,0,1,1,0,1,1,0
23523,0,1,0,1,1,1,1,1,1,1
23524,0,0,0,1,1,1,1,1,1,1
23525,0,0,1,0,1,1,0,1,1,0
23526,0,0,1,1,1,1,0,1,1,1
23527,0,1,0,0,1,1,1,1,1,1
23528,0,0,0,0,1,1,0,1,1,1
23529,0,0,0,0,1,1,1,1,1,0
23530,0,0,0,1,1,1,0,1,1,0
23601,0,0,0,0,1,1,1,1,1,0
23602,0,0,0,1,1,1,1,1,1,1
23603,0,1,1,1,1,1,0,1,1,1
23604,0,1,0,1,1,1,1,1,1,1
23605,0,0,0,0,1,1,1,1,1,1
23606,0,0,1,0,1,1,0,1,1,1
23607,0,1,0,0,1,1,1,1,1,1
23608,0,1,0,0,1,1,1,1,1,1
23609,0,1,0,1,1,1,0,1,1,1
23610,0,0,0,1,1,1,1,1,1,1
23611,0,0,0,0,1,1,1,1,1,1
23612,0,0,1,1,1,1,1,1,1,1
23613,0,1,0,1,1,1,1,1,1,1
23614,0,0,0,0,1,1,1,1,1,0
23615,0,0,0,0,1,1,1,1,1,1
23616,0,0,1,0,1,1,1,1,1,1
23617,0,0,0,0,1,1,1,1,1,1
23618,0,1,0,0,1,1,0,1,1,0
23619,0,0,0,1,1,1,1,1,1,1
23620,0,0,0,0,1,1,1,1,1,1
23621,0,1,0,0,1,1,0,1,1,1
23622,0,1,1,1,1,1,1,1,1,1
23623,0,0,0,0,1,1,1,1,1,1
23624,0,0,1,0,1,1,1,1,1,0
23625,0,1,0,0,1,1,1,1,1,1
23626,0,0,0,0,1,1,1,1,1,1
23627,0,0,0,1,1,1,0,1,1,1
23628,0,0,0,1,1,1,1,1,1,1
23629,0,0,0,1,1,1,1,1,1,1
23630,0,0,0,0,1,1,0,1,1,1
23701,0,1,1,1,1,1,1,1,1,1
23702,0,0,0,0,1,1,1,1,1,0
23703,0,0,0,1,1,1,1,1,1,1
23704,0,1,0,0,1,1,1,1,1,0
23705,0,0,0,0,1,1,1,1,1,1
23706,0,0,0,1,1,1,1,1,1,1
23707,0,0,0,0,1,1,0,1,1,1
23708,0,1,1,0,1,1,1,1,1,0
23709,0,1,0,1,1,1,1,1,1,1
23710,0,0,0,0,1,1,0,1,1,1
23711,0,1,0,0,1,1,1,1,1,1
23712,0,0,0,1,1,1,1,1,1,1
23713,0,0,0,1,1,1,0,1,1,1
23714,0,0,0,1,1,1,1,1,1,1
23715,0,0,0,1,1,1,1,1,1,1
23716,0,1,0,1,1,1,1,1,1,1
23717,0,0,0,1,1,1,1,1,1,1
23718,0,0,0,0,1,1,1,1,1,1
23719,0,0,0,0,1,1,0,1,1,1
23720,0,0,0,0,1,1,1,1,1,1
23721,0,1,1,0,1,1,1,1,1,1
23722,0,0,0,0,1,1,1,1,1,0
23723,0,0,0,1,1,1,1,1,1,1
23724,0,0,0,1,1,1,1,1,1,0
23725,0,1,1,0,1,1,0,1,1,1
23726,0,0,0,1,1,1,1,1,1,1
23727,0,0,1,0,1,1,1,1,1,1
23728,0,1,0,1,1,1,0,1,1,1
23729,0,0,1,0,1,1,1,1,1,0
23730,0,0,1,1,1,1,1,1,1,1
23801,0,0,0,0,1,1,1,1,1,1
23802,0,0,0,0,1,1,1,1,1,1
23803,0,0,0,1,1,1,0,1,1,1
23804,0,1,1,1,1,1,1,1,1,0
23805,0,0,0,0,1,1,1,1,1,0
23806,0,0,0,1,1,1,0,1,1,1
23807,0,1,0,1,1,1,1,1,1,1
23808,0,0,0,0,1,1,1,1,1,1
23809,0,0,0,0,1,1,1,1,1,1
23810,0,0,0,0,1,1,1,1,1,1
23811,0,1,0,0,1,1,1,1,1,0
23812,0,1,0,0,1,1,1,1,1,1
23813,0,1,1,0,1,1,1,1,1,1
23814,0,0,1,1,1,1,1,1,1,1
23815,0,1,0,0,1,1,0,1,1,0
23816,0,0,0,0,1,1,1,1,1,0
23817,0,0,1,0,1,1,1,1,1,1
23818,0,0,0,0,1,1,1,1,1,1
23819,0,1,0,1,1,1,1,1,1,0
23820,0,0,0,1,1,1,1,1,1,1
23821,0,0,0,0,1,1,0,1,1,0
23822,0,0,0,0,1,1,1,1,1,0
23823,0,0,1,0,1,1,1,1,1,1
23824,0,0,0,1,1,1,0,1,1,1
23825,0,1,0,1,1,1,1,1,1,1
23826,0,0,0,1,1,1,1,1,1,1
23827,0,1,0,0,1,1,0,1,1,1
23828,0,1,0,0,1,1,1,1,1,1
23829,0,1,0,0,1,1,1,1,1,1
23830,0,0,0,1,1,1,0,1,1,1
23901,0,0,0,1,1,1,0,1,1,1
23902,0,1,0,1,1,1,1,1,1,1
23903,0,0,0,0,1,1,1,1,1,1
23904,0,0,1,0,1,1,0,1,1,1
23905,0,0,0,0,1,1,1,1,0,1
23906,1,0,1,1,1,1,1,1,1,1
23907,0,0,0,0,1,1,0,1,1,1
23908,0,1,0,1,1,1,0,1,1,1
23909,1,1,1,0,1,1,1,1,1,1
23910,0,0,0,1,1,1,0,1,0,1
23911,0,0,1,0,1,1,1,1,1,1
23912,1,1,0,0,1,1,1,1,1,0
23913,0,0,1,1,1,1,1,1,1,1
23914,0,0,1,0,1,1,1,1,0,1
23915,0,1,0,1,1,1,1,1,1,1
23916,0,0,0,0,1,1,1,1,1,1
23917,0,0,0,0,1,1,1,1,1,1
23918,0,0,0,0,1,1,1,1,1,1
23919,0,1,0,0,1,1,1,1,1,1
23920,0,0,1,0,1,1,1,1,1,0
23921,0,1,0,0,1,1,1,1,1,1
23922,1,0,0,0,1,1,1,1,1,1
23923,0,0,0,0,1,1,1,1,1,1
23924,0,0,0,0,1,1,1,1,1,1
23925,0,1,1,1,1,1,1,1,1,1
23926,0,0,1,0,1,1,1,1,1,0
23927,0,1,0,0,1,1,1,1,1,1
23928,0,0,0,1,1,1,1,1,1,1
23929,0,0,0,1,1,1,0,1,0,1
23930,0,0,0,1,1,1,1,1,1,1
24001,0,0,1,0,1,1,1,1,1,1
24002,0,0,0,0,1,1,1,1,1,0
24003,0,1,1,1,1,1,1,1,1,1
24004,0,0,0,0,1,1,1,1,1,1
24005,0,1,0,0,1,1,1,1,1,1
24006,0,1,0,1,1,1,1,1,1,1
24007,0,1,0,0,1,1,1,1,1,1
24008,0,0,1,0,1,1,1,1,1,0
24009,0,1,1,1,1,1,1,1,1,1
24010,0,1,0,0,1,1,1,1,1,1
24011,0,1,0,1,1,1,1,1,1,1
24012,1,1,0,1,1,1,1,1,1,1
24013,0,0,0,0,1,1,1,1,1,1
24014,0,0,0,0,1,1,1,1,1,1
24015,0,0,0,0,1,1,1,1,1,0
24016,0,1,0,0,1,1,1,1,1,1
24017,0,0,0,0,1,1,0,1,1,0
24018,0,1,1,1,1,1,1,1,1,1
24019,0,1,0,0,1,1,1,1,1,0
24020,0,0,1,0,1,1,1,1,1,0
24021,0,0,0,0,1,1,0,1,1,1
24022,0,0,0,0,1,1,1,1,1,0
24023,0,0,1,0,1,1,1,1,1,0
24024,0,0,1,0,1,1,1,1,1,1
24025,0,0,1,0,1,1,1,1,1,0
24026,0,1,0,1,1,1,1,1,1,0
24027,0,0,0,0,1,1,1,1,1,1
24028,1,0,1,1,1,1,1,1,1,1
24029,0,0,0,0,1,1,1,1,1,0
24030,0,1,1,0,1,1,1,1,1,1
24101,0,0,0,0,1,1,1,1,1,1
24102,0,0,0,0,1,1,0,1,1,0
24103,0,1,0,1,1,1,1,1,1,0
24104,0,0,0,0,1,1,1,1,1,0
24105,0,1,1,1,1,1,1,1,1,1
24106,0,0,0,0,1,1,1,1,1,1
24107,0,0,1,1,1,1,1,1,1,1
24108,0,1,0,1,1,1,1,1,1,1
24109,0,1,0,1,1,1,1,1,1,1
24110,0,1,0,0,1,1,1,1,1,0
24111,0,0,1,1,1,1,1,1,1,1
24112,0,0,0,1,1,1,1,1,1,1
24113,0,1,0,1,1,1,1,1,1,1
24114,0,1,1,1,1,1,0,1,1,1
24115,0,0,0,0,1,1,1,1,0,1
24116,1,1,1,0,1,1,1,1,1,1
24117,0,0,0,1,1,1,0,1,1,1
24118,0,0,0,0,1,1,1,1,1,0
24119,0,0,1,1,1,1,1,1,1,1
24120,0,0,0,1,1,1,1,1,1,1
24121,0,1,0,0,1,1,1,1,1,0
24122,1,0,0,1,1,1,1,1,1,1
24123,0,0,1,1,1,1,1,1,1,1
24124,0,0,1,0,0,1,1,1,1,1
24125,0,0,0,0,1,1,1,1,1,0
24126,0,1,0,0,1,1,1,1,1,0
24127,0,1,0,1,1,1,1,1,1,1
24128,0,0,0,1,1,1,1,1,1,0
24129,0,0,1,0,1,1,1,1,1,1
24130,0,0,0,0,0,1,1,1,1,1
24201,0,0,0,0,1,1,0,1,1,0
24202,0,1,0,1,1,1,0,1,1,1
24203,0,0,0,0,1,1,0,1,1,1
24204,0,0,0,0,1,1,1,1,1,1
24205,0,0,0,0,1,1,0,1,1,1
24206,0,0,0,1,1,1,1,1,1,1
24207,0,0,0,0,1,1,0,1,1,0
24208,0,1,0,0,1,1,0,1,1,1
24209,0,0,0,1,1,1,1,1,1,1
24210,0,0,0,0,1,1,1,1,1,1
24211,0,,0,0,1,1,0,1,1,0
24212,0,1,1,0,1,1,0,1,1,1
24213,0,0,0,1,1,1,1,1,1,1
24214,0,0,0,1,1,1,1,1,1,1
24215,0,1,1,1,1,1,0,1,1,1
24216,0,0,0,1,1,1,1,1,1,1
24217,0,1,1,0,1,1,1,1,1,0
24218,0,1,1,0,1,1,0,1,1,0
24219,0,1,0,0,1,1,0,1,1,1
24220,0,0,0,0,1,1,1,1,1,1
24221,0,0,0,0,1,1,0,1,1,1
24301,0,0,0,1,1,1,0,1,1,1
24302,0,0,0,0,1,1,0,1,1,0
24303,0,0,0,0,1,1,1,1,1,1
24304,0,0,0,0,1,1,1,1,1,1
24305,0,0,0,0,1,1,1,1,1,1
24306,0,1,0,1,1,1,1,1,1,0
24307,0,1,0,0,1,1,0,1,1,1
24308,0,1,0,1,1,1,0,1,1,0
24309,0,1,1,1,1,1,1,1,1,1
24310,0,0,0,1,1,1,1,1,1,1
24311,0,0,0,0,1,1,1,1,1,1
24312,0,1,1,1,1,1,1,1,1,1
24313,0,1,1,0,1,1,1,1,1,1
24314,0,0,0,0,1,1,0,1,1,1
24315,0,0,0,1,1,1,0,1,1,1
24316,0,1,0,1,1,1,1,1,1,1
24317,0,0,1,1,1,1,1,1,1,1
24318,0,0,0,1,1,1,1,1,1,1
24319,0,0,0,0,1,1,1,1,1,0
24320,0,0,0,1,1,1,1,1,1,1
24321,0,1,0,1,1,1,1,1,1,1
24322,0,0,0,0,1,1,0,1,1,1
24323,0,1,1,0,1,1,1,1,0,0
24324,1,1,0,0,1,1,1,1,1,0
24325,0,0,0,0,1,1,0,1,1,0
24326,0,0,1,0,1,1,1,1,1,1
24327,0,1,0,0,1,1,1,1,1,1
24328,0,0,0,0,1,1,1,1,1,1
24329,0,0,0,0,1,1,0,1,1,0
24330,0,0,0,0,1,1,0,1,1,1
24401,0,0,1,0,1,1,1,1,1,1
24402,0,1,0,1,1,1,0,1,1,1
24403,0,0,0,0,1,1,0,1,1,1
24404,0,1,1,1,1,1,1,1,1,1
24405,0,0,0,0,1,1,1,1,1,1
24406,0,0,0,0,1,1,0,1,1,0
24407,0,0,0,1,1,1,1,1,1,1
24408,0,0,0,0,1,1,0,1,1,1
24409,0,0,1,1,1,1,1,1,1,1
24410,0,0,0,1,1,1,1,1,1,1
24411,0,1,0,0,1,1,0,1,1,0
24412,0,0,0,1,1,1,1,1,0,0
24413,0,0,0,0,1,1,1,1,1,1
24414,0,1,1,0,1,1,0,1,1,0
24415,1,0,1,0,1,1,0,1,1,1
24416,0,0,1,1,1,1,0,1,1,1
24417,0,1,1,0,1,1,0,1,1,1
24418,0,1,0,0,1,1,1,1,1,1
24420,0,1,0,0,1,1,0,1,1,0
24421,0,1,1,1,1,1,0,1,1,1
24422,0,0,0,1,1,1,0,1,1,1
24423,0,0,0,0,1,1,0,1,1,1
24424,0,0,0,0,1,1,1,1,1,1
24425,0,0,0,1,1,1,1,1,1,1
24426,0,0,0,0,1,1,0,1,1,1
24427,0,0,0,0,1,1,0,1,1,1
24428,0,1,0,1,1,1,1,1,1,1
24429,0,1,0,0,1,1,1,1,1,0
24430,0,1,0,0,1,1,0,1,1,1
24501,0,1,1,1,1,1,1,1,1,1
24502,0,1,0,1,1,1,1,1,1,1
24503,0,0,1,0,1,1,1,1,1,1
24504,0,0,1,1,1,1,1,1,1,1
24505,0,1,0,0,1,1,1,1,1,1
24506,0,1,1,1,1,1,1,1,1,1
24507,0,0,1,1,1,1,1,1,1,1
24508,0,0,0,1,1,1,1,1,1,1
24509,0,0,0,1,1,1,0,1,1,1
24510,0,0,0,1,1,1,1,1,1,1
24511,0,0,0,1,1,1,1,1,1,1
24512,0,1,0,0,1,1,1,1,1,0
24513,0,0,0,0,1,1,1,1,1,1
24514,0,0,0,0,1,1,1,1,1,1
24515,0,1,0,0,1,1,1,1,1,1
24516,0,1,1,0,1,1,1,1,1,1
24517,0,0,0,0,1,1,1,1,1,1
24518,0,0,0,0,1,1,1,1,1,0
24519,0,1,0,0,1,1,0,1,1,0
24520,0,1,0,0,1,1,1,1,1,1
24521,0,0,0,0,1,1,1,1,1,1
24522,0,0,1,0,1,1,1,1,1,1
24523,0,1,1,1,1,1,1,1,1,1
24524,0,0,0,0,1,1,1,1,1,1
24525,0,0,0,1,1,1,0,1,1,1
24601,1,0,0,0,1,1,0,0,1,0
24602,0,0,0,0,1,1,1,1,1,0
24603,0,1,0,0,1,1,1,1,1,1
24604,0,0,0,0,1,1,0,1,1,1
24605,0,0,0,0,1,1,1,1,1,1
24606,0,0,0,0,1,1,1,1,1,1
24607,0,0,0,0,1,1,0,1,1,0
24608,0,1,1,0,1,1,1,1,1,1
24609,0,0,0,1,1,1,1,1,1,1
24610,0,1,0,0,1,1,1,1,1,1
24611,0,0,0,0,1,1,1,1,1,1
24612,0,0,0,0,1,1,1,1,1,1
24613,0,0,0,0,1,1,1,1,1,1
24614,0,1,0,1,1,1,1,1,1,1
24615,0,0,0,0,1,1,0,1,1,1
24616,0,0,1,0,1,1,1,1,1,1
24617,0,0,0,0,1,1,0,1,1,0
24618,0,0,0,0,0,1,1,1,1,1
24619,0,0,0,0,1,1,1,1,1,1
24620,0,0,0,0,1,1,1,0,1,0
24621,0,1,1,1,1,1,1,1,1,1
24622,0,0,0,0,1,1,1,1,1,1
24623,0,0,0,0,1,1,1,1,1,0
24624,0,0,0,0,1,1,0,1,1,0
24625,0,1,0,1,1,1,1,1,1,1
24626,0,0,0,0,1,1,1,0,1,0
24627,0,0,1,1,1,1,1,1,1,1
24628,0,0,1,0,1,1,0,1,1,1
24629,0,0,0,0,1,1,0,1,1,0
24630,0,1,0,0,1,1,1,1,1,1
24701,0,0,0,1,1,1,1,1,1,1
24702,0,0,0,0,1,1,1,1,1,0
24703,0,1,1,0,1,1,0,1,1,1
24704,1,0,0,0,1,1,1,1,1,0
24705,0,1,0,0,1,1,0,1,1,1
24706,0,1,0,0,1,1,1,1,1,0
24707,0,0,0,0,1,1,1,1,1,1
24708,0,0,0,0,1,1,1,1,1,1
24709,0,0,0,0,1,1,0,1,1,1
24710,0,0,0,0,1,1,1,1,1,0
24711,0,1,1,0,1,1,0,1,1,1
24712,0,1,0,0,1,1,1,1,1,1
24713,0,0,0,1,1,1,0,1,1,1
24714,0,0,0,0,1,1,1,1,1,1
24715,0,1,0,0,1,1,1,1,1,0
24716,0,0,1,0,1,1,0,1,1,1
24717,0,1,0,0,1,1,1,1,1,1
24718,0,0,0,0,1,1,1,1,1,1
24719,0,0,0,0,1,1,0,1,1,0
24720,0,0,0,0,1,1,0,1,1,1
24721,0,0,0,0,1,1,1,1,1,1
24722,0,0,0,0,1,1,1,1,1,1
24723,0,0,0,0,1,1,1,1,1,1
24724,0,0,0,1,1,1,1,1,1,1
24725,0,0,0,0,1,1,0,1,1,1
24726,0,0,0,0,1,1,0,1,1,1
24727,0,1,0,0,1,1,1,1,1,1
24728,0,0,0,0,1,1,1,1,1,1
24729,0,0,0,0,1,1,1,1,1,1
24730,0,0,0,0,1,1,0,1,1,1
24801,0,1,1,0,1,1,0,1,1,1
24802,0,0,0,0,1,1,1,1,1,1
24803,0,1,0,0,1,1,1,1,1,1
24804,0,1,0,0,1,1,0,1,1,1
24805,0,1,0,1,1,1,1,1,1,1
24806,0,1,0,0,1,1,1,1,1,1
24807,0,1,0,0,1,1,0,1,1,0
24808,0,0,0,0,1,1,1,1,1,1
24809,0,1,1,0,1,1,1,1,1,1
24810,0,0,0,0,1,1,1,1,1,1
24811,0,0,0,0,1,1,1,1,1,1
24812,0,0,0,0,1,1,1,1,1,0
24813,0,0,0,0,1,1,0,1,1,1
24814,0,0,0,0,1,1,1,1,1,1
24815,0,0,0,0,1,1,1,1,1,1
24816,0,0,0,0,1,1,0,1,1,1
24817,0,0,0,0,1,1,1,1,1,1
24818,0,0,0,0,1,1,1,1,1,1
24819,0,0,0,0,1,0,1,1,1,1
24820,0,0,0,1,1,1,1,1,1,1
24821,0,0,0,1,1,1,1,1,1,1
24822,0,0,0,0,1,1,0,1,1,1
24823,0,1,0,0,1,1,1,1,1,1
24824,0,0,1,1,1,1,1,1,1,1
24825,0,1,0,0,1,1,1,1,1,1
24826,0,0,0,0,1,1,1,1,1,1
24827,0,0,0,0,1,1,1,1,1,1
24828,0,1,0,0,1,1,1,1,1,1
24829,0,0,0,0,1,1,1,1,1,1
24830,0,1,0,1,1,1,1,1,1,1
24901,0,0,0,0,1,1,1,1,1,0
24902,0,1,0,1,1,1,1,1,1,1
24903,0,0,0,0,1,1,1,1,1,1
24904,0,1,1,0,1,1,1,1,1,1
24905,0,0,0,0,1,1,1,1,1,1
24906,0,1,0,0,1,1,1,1,1,1
24907,0,0,1,1,1,1,1,1,1,1
24908,0,0,0,0,1,1,1,1,1,1
24909,0,0,0,0,1,1,1,1,1,1
24910,0,0,0,0,1,1,1,1,1,1
24911,0,1,0,0,1,1,1,1,1,1
24912,0,1,0,0,1,1,1,1,1,1
24913,0,0,0,0,1,1,1,1,1,1
24914,0,1,1,0,1,1,1,1,0,1
24915,0,1,0,0,1,1,1,1,1,0
24916,0,0,0,0,1,1,1,1,1,1
24917,0,,0,1,1,1,1,1,1,0
24918,0,1,0,0,1,1,1,1,1,0
24919,0,1,0,0,1,1,1,1,1,1
24920,0,0,0,0,1,1,1,1,1,1
24921,0,1,0,0,1,1,1,1,1,1
24922,0,1,0,1,1,1,1,1,1,1
24923,0,1,0,1,1,1,1,1,1,1
24924,0,1,1,0,1,1,1,1,1,1
24925,0,0,0,1,1,1,1,1,1,1
24926,0,0,0,0,1,1,1,1,1,1
24927,0,1,1,0,1,1,1,1,1,1
24928,0,0,1,1,1,1,1,1,1,1
24929,0,0,0,0,1,1,1,1,1,0
24930,0,1,1,1,1,1,1,1,1,1
25001,0,0,0,1,1,1,1,1,1,1
25002,0,1,0,1,1,1,1,1,1,1
25003,0,1,0,1,0,1,1,1,1,1
25004,0,0,0,1,1,1,1,1,1,1
25005,0,0,0,0,1,1,1,1,1,1
25006,0,,0,1,0,1,1,1,1,1
25007,0,1,1,0,1,1,1,1,1,1
25008,0,0,0,0,1,1,1,1,1,1
25009,0,0,0,0,0,1,1,1,1,1
25010,0,1,0,0,1,1,1,1,1,1
25011,0,1,0,0,1,1,1,1,1,1
25012,0,1,0,0,0,1,1,1,1,1
25013,0,1,1,0,1,1,1,1,1,1
25014,0,0,0,1,1,1,1,1,1,1
25015,0,1,0,1,0,1,1,1,1,1
25016,0,1,0,0,1,1,1,1,1,0
25017,0,1,0,1,1,1,1,1,1,1
25018,0,1,0,0,0,1,1,1,1,1
25019,0,1,0,0,1,1,1,1,1,0
25020,0,0,0,0,1,1,1,1,1,1
25021,0,0,0,0,0,1,1,1,1,1
25022,0,0,0,0,1,1,1,1,1,0
25023,0,1,1,0,1,1,1,1,1,1
25024,0,0,0,0,0,1,1,1,1,1
25025,0,1,0,0,1,1,1,1,1,1
25026,0,0,0,1,1,1,1,1,1,1
25027,0,0,0,1,0,1,1,1,1,1
25028,0,0,0,1,1,1,1,1,1,1
25029,0,0,0,0,1,1,1,1,1,1
25030,0,1,0,0,0,1,1,1,1,1
25101,0,0,0,0,1,1,1,1,1,1
25102,0,1,0,0,1,0,1,1,1,0
25103,0,0,0,0,1,1,1,1,1,1
25104,0,0,1,0,1,1,1,1,1,0
25105,0,0,0,0,1,1,1,1,1,0
25106,0,0,0,0,1,1,1,1,1,1
25107,0,0,0,0,1,1,1,1,1,0
25108,0,0,0,0,1,1,1,1,1,0
25109,0,0,0,0,1,1,1,1,1,0
25110,0,0,0,0,1,1,1,1,1,1
25111,1,0,0,0,1,1,1,1,1,1
25112,0,1,0,0,1,0,1,1,1,1
25113,0,1,0,0,1,1,1,1,1,0
25114,0,0,1,0,1,1,1,1,1,0
25115,1,0,0,0,1,0,1,1,1,1
25116,0,0,0,0,1,1,1,1,1,0
25117,0,0,0,0,1,0,1,1,1,1
25118,0,0,1,0,0,0,1,1,1,0
25119,0,0,0,0,1,1,1,1,1,0
25120,0,1,1,0,1,1,1,1,1,1
25121,0,0,0,1,1,1,1,1,1,1
25122,0,1,1,0,1,1,1,0,1,1
25123,0,0,0,0,0,1,1,0,0,0
25124,0,0,0,0,1,1,1,1,1,1
25125,0,1,0,0,0,1,1,1,1,0
25126,1,0,0,0,1,1,1,1,1,0
25127,0,0,0,0,1,1,1,1,1,0
25128,0,0,1,0,1,1,1,1,1,0
25129,0,0,0,0,1,1,1,0,1,0
25130,0,0,0,0,1,1,1,1,1,0
25201,0,0,0,0,1,0,1,1,1,0
25202,1,1,0,0,0,0,0,0,1,0
25203,0,0,0,0,1,1,1,0,1,0
25204,0,1,0,0,1,0,1,1,1,1
25205,0,0,0,1,1,0,1,1,1,1
25206,0,0,0,0,1,0,1,1,1,0
25207,1,0,0,0,1,1,1,1,1,0
25208,0,0,0,0,1,0,0,1,1,1
25209,0,1,1,0,1,1,1,1,1,0
25210,0,0,0,0,1,0,1,1,1,0
25211,0,0,0,0,0,0,0,0,1,0
25212,0,0,0,0,1,0,1,1,1,0
25213,0,0,0,0,1,1,1,0,1,1
25214,0,0,0,0,1,0,1,0,1,0
25215,0,0,0,0,1,0,1,0,1,0
25216,0,,0,0,1,1,1,1,1,1
25217,0,0,0,0,1,1,0,1,1,0
25218,0,0,0,0,0,0,0,1,1,0
25219,0,0,0,0,1,0,1,1,1,0
25220,0,0,0,0,1,1,0,1,1,0
25221,0,0,0,0,1,0,1,1,1,1
25222,0,0,0,0,1,0,1,0,1,0
25223,0,0,0,0,1,1,0,1,1,1
25224,0,,0,0,1,1,1,1,1,1
25225,0,0,0,0,1,0,1,0,1,1
25226,0,0,0,0,1,1,0,1,1,1
25227,0,0,0,1,1,1,1,1,1,1
25228,0,0,1,0,1,1,1,1,1,0
25229,0,0,0,0,1,1,1,1,1,1
25230,0,0,0,0,1,1,1,1,1,1
25301,0,0,1,0,1,1,1,1,1,1
25302,0,1,1,1,1,1,1,1,1,1
25303,0,0,0,0,1,1,1,1,1,0
25304,0,1,1,1,1,1,1,1,1,1
25305,0,0,0,0,1,1,1,1,1,1
25306,0,1,0,0,1,1,1,1,1,0
25307,0,1,0,0,1,0,1,1,1,1
25308,0,0,0,0,1,0,1,1,1,1
25309,0,1,0,0,1,1,1,0,1,0
25310,0,1,0,0,1,1,1,1,1,0
25311,0,0,0,0,1,1,1,1,1,0
25312,0,0,0,0,1,1,1,1,1,0
25313,0,0,0,0,1,1,1,1,1,0
25314,0,0,1,1,1,0,1,1,1,1
25315,0,1,0,0,1,1,1,1,1,0
25316,0,1,0,0,1,0,1,1,1,1
25317,0,0,0,0,1,1,1,1,1,1
25318,0,1,0,0,1,1,1,1,1,1
25319,0,1,0,0,1,1,1,1,1,1
25320,0,1,0,0,1,1,1,1,1,1
25321,0,0,0,0,1,1,1,1,1,1
25322,0,0,0,0,1,1,1,1,1,1
25323,0,0,0,0,1,1,1,1,1,0
25324,0,0,0,0,1,1,1,1,1,1
25325,0,0,0,0,1,1,1,1,1,0
25326,0,0,0,0,1,1,1,1,1,1
25327,0,0,0,0,1,1,1,1,1,1
25328,0,1,0,0,1,1,1,1,1,0
25329,0,1,0,0,1,1,1,1,1,0
25330,0,0,0,0,1,1,1,0,1,0
25401,0,1,0,0,1,1,1,1,1,0
25402,1,0,0,0,1,0,1,1,1,0
25403,0,0,0,0,1,1,1,1,1,0
25404,0,0,0,0,1,1,1,0,1,0
25405,0,1,1,1,1,1,1,1,1,1
25406,0,1,0,0,1,1,1,1,1,1
25407,0,0,0,0,1,1,1,1,1,0
25408,0,0,0,0,1,1,1,1,1,0
25409,0,0,0,0,1,1,1,1,1,0
25410,0,1,1,0,1,0,1,1,1,1
25411,0,0,0,1,0,1,1,1,1,1
25412,0,1,0,0,1,1,1,1,1,1
25413,0,0,0,0,1,1,1,1,1,0
25414,0,1,0,1,1,1,1,1,1,1
25415,0,1,0,0,1,1,1,1,1,1
25416,0,1,0,0,1,1,1,1,1,0
25417,0,1,0,0,1,1,1,1,1,1
25418,0,1,0,0,1,1,1,1,1,1
25419,0,1,0,0,1,1,1,1,1,1
25420,0,1,1,0,0,1,1,1,1,1
25421,0,1,0,0,1,1,1,1,1,0
25422,0,1,0,0,1,1,1,1,1,0
25423,0,0,0,0,1,1,1,1,1,1
25424,0,1,0,0,1,1,1,1,1,1
25425,0,1,0,0,1,1,1,1,1,0
25426,0,0,0,0,0,1,1,1,1,1
25427,0,0,0,0,1,1,1,1,1,0
25428,0,0,0,0,1,1,1,0,1,0
25429,0,1,0,0,1,1,1,1,1,0
25430,0,0,0,0,1,1,1,1,1,0
25501,0,0,0,1,1,1,1,1,1,1
25502,0,0,0,0,1,1,1,1,1,1
25503,0,1,0,0,1,1,1,1,1,1
25504,0,1,0,1,1,1,1,1,1,1
25505,1,1,1,0,1,1,1,1,1,1
25506,1,0,0,1,1,1,1,1,1,1
25507,0,1,1,0,1,1,1,1,1,1
25508,0,0,0,0,1,1,1,1,1,1
25509,1,1,0,0,1,1,1,1,1,1
25510,0,0,1,0,1,1,1,1,1,1
25511,0,0,0,1,1,1,1,1,1,1
25512,0,0,1,0,1,1,1,1,1,1
25513,0,0,0,0,1,1,1,1,1,0
25514,0,0,0,0,1,1,1,1,1,1
25515,0,0,0,1,1,1,1,1,1,1
25516,0,1,0,1,1,1,1,1,1,1
25517,0,0,0,0,1,1,1,1,1,1
25518,0,0,1,1,1,1,1,1,1,1
25519,0,0,0,1,1,1,1,1,1,1
25520,0,0,0,0,1,1,1,1,1,1
25521,0,0,0,0,1,1,1,1,1,1
25522,0,0,1,1,1,1,1,1,1,1
25523,0,0,0,0,1,1,1,0,1,1
25524,0,0,0,0,1,1,1,0,1,1
25525,0,0,0,0,1,1,1,1,1,1
25526,0,0,1,1,1,1,1,0,1,1
25527,0,0,0,0,1,1,0,1,1,1
25528,0,0,0,0,1,1,1,1,1,0
25529,0,1,0,0,1,1,1,1,1,0
25530,0,0,0,0,1,1,1,1,1,1
25601,0,1,1,0,1,1,1,1,1,1
25602,0,1,0,1,1,1,1,1,1,1
25603,0,1,0,1,1,1,1,1,1,1
25604,0,0,0,1,1,1,1,1,1,1
25605,0,0,1,0,1,1,1,1,1,1
25606,0,1,0,0,1,1,1,1,1,1
25607,0,0,0,1,1,1,1,1,1,1
25608,0,0,1,1,1,0,1,1,1,1
25609,0,0,0,0,1,1,1,1,1,1
25610,0,1,0,0,1,1,1,1,1,1
25611,1,0,1,1,1,1,1,1,1,1
25612,0,1,0,0,1,1,1,1,1,1
25613,0,0,1,0,1,1,1,1,1,1
25614,0,0,0,1,1,1,1,1,0,1
25615,0,1,1,1,1,1,1,1,1,1
25616,0,0,1,1,1,1,1,1,1,1
25617,0,0,1,0,1,1,1,1,1,1
25618,0,0,0,0,1,1,1,1,1,1
25619,0,0,1,1,1,1,1,1,1,1
25620,0,0,1,1,1,1,1,1,1,1
25621,1,0,0,0,1,1,1,1,1,1
25622,0,0,1,1,1,1,1,1,1,1
25623,1,0,0,0,1,1,1,1,1,1
25624,0,1,0,1,1,1,1,1,1,1
25625,0,1,0,0,1,1,1,1,1,1
25626,0,1,0,1,1,1,1,1,1,1
25627,0,1,1,0,1,1,0,1,1,1
25628,0,0,0,0,1,1,1,1,1,0
25629,0,1,0,0,1,1,1,1,1,0
25630,0,1,0,0,1,1,1,1,1,0
25701,0,1,0,0,1,1,1,1,1,1
25702,0,1,0,0,1,1,1,1,1,1
25703,0,0,0,0,1,1,1,1,1,1
25704,0,1,0,1,1,1,1,1,1,1
25705,0,0,0,0,1,1,1,1,1,1
25706,0,0,0,1,1,1,1,1,1,1
25707,0,0,0,0,1,1,1,1,1,0
25708,0,0,1,0,0,1,1,1,1,1
25709,0,0,0,0,1,1,1,1,1,1
25710,0,0,0,0,1,1,1,1,1,1
25711,0,0,0,1,1,1,1,1,1,1
25712,0,1,1,0,1,1,1,1,1,1
25713,0,1,0,1,1,1,1,1,1,1
25714,0,0,0,0,1,1,1,1,1,0
25715,0,1,1,0,1,1,1,1,1,0
25716,0,0,0,0,1,1,1,1,1,1
25717,0,0,1,1,1,1,1,1,1,1
25718,0,1,0,0,1,1,1,1,1,1
25719,0,1,0,0,1,1,1,1,1,1
25720,0,0,1,1,1,1,1,1,1,1
25721,0,0,0,1,1,1,1,1,1,1
25722,0,1,0,0,1,1,1,1,1,1
25723,0,0,0,1,1,1,1,1,1,1
25724,0,1,0,0,1,1,1,1,1,0
25725,0,1,0,0,1,1,1,1,1,1
25726,0,0,1,0,1,1,1,1,1,1
25727,1,0,0,0,1,1,1,1,1,1
25728,0,1,0,0,1,1,1,1,1,1
25729,0,0,1,0,1,1,1,1,1,1
25730,0,0,0,1,1,1,1,1,1,1
25801,0,0,1,1,1,1,1,1,1,1
25802,0,0,0,0,1,1,1,1,1,1
25803,0,1,0,0,1,1,1,1,1,1
25804,0,0,0,1,1,1,1,1,1,1
25805,0,1,0,0,1,1,1,1,1,1
25806,0,1,0,0,1,1,1,1,1,1
25807,0,1,1,1,1,1,1,1,1,1
25808,0,0,0,0,1,1,0,1,1,1
25809,1,0,0,1,1,1,1,1,1,1
25810,0,0,0,0,1,1,1,1,1,1
25811,0,1,0,0,1,1,0,1,1,1
25812,0,0,0,0,1,1,1,1,1,1
25813,0,1,0,1,1,1,1,1,1,1
25814,0,0,0,1,1,1,1,1,1,1
25815,0,1,0,1,1,1,1,1,1,1
25816,1,1,1,0,1,1,1,1,1,1
25817,0,0,1,1,1,1,1,1,1,1
25818,0,0,0,0,1,1,1,1,1,1
25819,0,0,0,0,1,1,1,1,1,1
25820,1,1,1,0,1,1,1,1,1,1
25821,0,0,1,0,1,1,1,1,1,0
25822,0,0,0,1,1,1,1,1,1,1
25823,0,1,0,0,1,1,1,1,1,0
25824,0,0,1,0,1,1,1,1,1,0
25825,0,0,0,0,1,1,1,1,1,1
25826,1,0,0,0,1,1,1,1,1,1
25827,0,0,0,0,1,1,1,1,1,1
25828,1,1,0,0,1,1,1,1,1,1
25829,0,0,0,1,1,1,1,1,1,1
25830,0,0,0,0,1,1,1,1,1,1
25901,1,1,0,1,1,1,0,1,1,1
25902,0,0,0,1,1,1,1,1,1,1
25903,0,1,0,1,1,1,1,1,1,1
25904,0,0,0,1,1,1,0,1,1,1
25905,0,0,1,0,1,1,1,1,1,1
25906,0,0,0,0,1,1,1,1,1,1
25907,1,0,1,1,1,1,0,1,1,1
25908,1,0,1,0,1,1,1,1,1,1
25909,0,1,0,1,1,1,1,1,1,1
25910,0,0,0,1,1,1,0,1,1,1
25911,0,0,1,0,1,1,1,1,1,1
25912,0,0,0,1,1,1,1,1,1,1
25913,0,1,1,0,1,1,0,1,1,1
25914,0,0,0,1,1,1,1,1,1,1
25915,1,1,0,0,1,1,1,1,1,1
25916,0,0,0,1,1,1,0,1,1,1
25917,0,1,0,1,1,1,1,1,1,1
25918,0,1,0,0,1,1,1,1,1,1
25919,0,1,1,0,1,1,0,1,1,1
25920,0,1,1,1,1,1,1,1,1,1
25921,0,0,0,1,1,1,1,1,1,1
25922,0,0,0,1,1,1,1,1,1,1
25923,0,1,1,0,1,1,1,1,1,1
25924,0,1,0,1,1,1,1,1,1,1
25925,0,0,1,1,1,1,1,1,1,1
25926,0,1,0,1,1,1,1,1,1,0
25927,0,0,0,0,1,1,1,1,1,1
25928,1,0,0,1,1,1,1,1,1,1
25929,0,0,0,0,1,1,1,1,1,1
25930,1,0,1,1,1,1,1,1,1,1
26001,0,0,0,0,1,1,1,1,1,1
26002,1,0,1,1,1,1,1,1,1,1
26003,0,0,0,0,1,1,1,1,1,1
26004,1,1,1,0,1,1,1,1,1,1
26005,0,1,0,1,1,1,1,1,1,1
26006,1,0,1,0,1,1,0,1,1,1
26007,1,1,1,1,1,1,1,1,1,1
26008,0,1,1,1,1,1,1,1,1,1
26009,0,1,1,1,1,1,0,1,1,1
26010,1,0,1,0,1,1,1,1,1,1
26011,0,1,1,1,1,1,1,1,1,1
26012,0,0,1,1,1,1,0,1,1,1
26013,0,1,1,0,1,1,1,1,1,1
26014,0,0,0,1,1,1,1,1,1,1
26015,0,0,1,0,1,1,1,1,1,1
26016,0,0,0,1,1,1,1,1,1,1
26017,0,0,1,1,1,1,1,1,1,1
26018,0,0,0,0,1,1,1,1,1,1
26019,0,0,1,0,1,1,1,1,1,1
26020,0,0,1,0,1,1,1,1,1,1
26021,0,1,1,1,1,1,0,1,1,1
26022,0,1,0,0,1,1,1,1,1,1
26023,0,1,0,1,1,1,1,1,1,1
26024,0,0,0,0,1,1,1,1,1,1
26025,0,1,1,1,1,1,1,1,1,1
26026,0,0,0,1,0,1,1,1,1,1
26027,0,0,0,1,1,1,1,1,1,1
26028,1,0,1,0,1,1,1,1,1,1
26029,1,1,0,0,1,1,1,1,1,1
26030,0,1,0,0,1,1,0,1,1,1
26101,0,1,1,1,1,1,1,1,1,1
26102,0,0,0,0,1,1,1,1,1,1
26103,0,1,1,0,1,1,1,1,1,1
26104,0,0,0,0,1,1,1,1,1,0
26105,0,0,0,0,1,1,1,1,1,1
26106,0,1,0,0,1,1,1,1,1,1
26107,0,0,0,0,1,1,1,1,1,1
26108,0,0,0,0,1,1,1,1,1,0
26109,0,1,0,0,1,1,1,1,1,1
26110,0,1,0,1,1,1,1,1,1,0
26111,0,1,0,0,1,1,1,1,1,1
26112,0,0,0,0,1,1,1,1,1,1
26113,0,1,1,0,1,1,1,1,1,1
26114,0,0,0,0,1,1,1,1,1,1
26115,0,0,0,0,1,1,1,1,1,0
26116,0,0,0,1,1,1,1,1,1,1
26117,0,1,1,0,1,1,1,1,1,0
26118,0,0,0,0,1,1,1,1,1,1
26119,0,0,0,0,1,1,1,1,1,1
26120,0,0,0,0,1,1,1,1,1,1
26121,0,0,0,0,1,1,1,1,1,1
26122,0,0,1,1,1,1,1,1,1,1
26123,0,1,1,0,1,1,1,1,1,0
26124,0,1,0,0,1,1,1,1,1,1
26125,0,0,1,0,1,1,1,1,1,1
26126,0,1,0,0,1,1,1,1,1,0
26127,0,1,0,0,1,1,1,1,1,1
26128,0,0,0,0,1,1,1,1,1,0
26129,0,0,0,0,1,1,1,1,1,1
26130,0,0,0,0,1,1,1,1,1,0
26201,0,1,0,0,1,1,1,1,1,1
26202,0,1,1,1,1,1,1,1,1,1
26203,0,0,0,0,1,1,1,1,1,1
26204,0,0,0,0,1,1,1,1,1,1
26205,0,0,0,1,1,1,1,1,1,1
26206,0,0,0,1,1,1,1,1,1,1
26207,0,0,0,1,1,1,1,1,1,1
26208,0,1,0,0,1,1,1,1,1,1
26209,0,0,0,1,1,1,0,1,1,1
26210,0,0,0,0,1,1,1,1,1,1
26211,0,0,0,0,1,1,1,1,1,1
26212,0,0,0,0,1,1,1,1,1,1
26213,0,0,0,0,1,1,1,1,1,1
26214,0,0,0,0,1,1,1,1,1,0
26215,0,0,0,1,1,1,0,1,1,1
26216,0,0,0,0,1,1,1,1,0,1
26217,0,0,0,1,1,1,1,1,1,1
26218,0,1,0,0,1,1,0,1,1,1
26219,1,0,0,0,1,1,1,1,1,1
26220,0,0,0,0,1,1,1,1,1,1
26221,0,0,0,1,1,1,1,1,1,1
26222,0,0,1,1,1,1,1,1,1,1
26223,0,0,0,0,1,1,1,1,1,1
26224,0,1,0,0,1,1,1,1,1,1
26225,0,0,1,0,1,1,1,1,1,1
26226,0,0,0,0,1,1,1,1,1,1
26227,0,0,0,0,1,1,1,1,1,1
26228,0,0,0,1,1,1,1,1,1,1
26229,0,0,0,0,1,1,1,1,1,1
26230,0,0,0,0,1,1,0,1,1,1
26301,0,1,0,0,1,1,1,1,1,1
26302,0,0,0,0,1,1,0,1,1,1
26303,0,1,0,0,1,1,1,1,1,1
26304,0,0,0,1,1,1,1,1,1,1
26305,0,0,0,1,1,1,1,1,1,1
26306,0,0,0,0,1,1,1,1,1,1
26307,0,1,1,0,1,1,1,1,1,1
26308,0,1,0,0,1,1,1,1,1,1
26309,0,0,0,0,1,1,1,1,1,1
26310,0,1,1,0,1,1,1,1,1,1
26311,0,1,0,1,1,1,0,1,1,1
26312,0,1,1,1,1,1,1,1,1,1
26313,0,1,0,0,1,1,1,1,1,1
26314,0,1,1,0,1,1,0,1,1,1
26315,0,1,0,0,1,1,1,1,1,1
26316,1,0,0,0,1,1,1,1,1,1
26317,0,0,0,0,1,1,1,1,1,1
26318,0,0,0,1,1,1,1,1,1,1
26319,0,0,0,1,1,1,1,1,1,1
26320,0,0,0,0,1,1,1,1,1,1
26321,0,0,0,1,1,1,1,1,1,1
26322,0,0,0,1,1,1,1,1,1,1
26323,0,0,0,1,1,1,1,1,1,1
26324,0,0,0,0,1,1,1,1,1,1
26325,0,0,0,1,1,1,1,1,1,1
26326,0,1,0,0,1,1,1,1,1,1
26327,0,1,1,1,1,1,1,1,1,1
26328,0,0,0,0,1,1,1,1,1,1
26329,0,0,1,1,1,1,1,1,1,1
26330,1,0,0,0,1,1,1,1,1,1
26401,1,1,1,0,1,1,1,1,1,1
26402,0,0,0,1,1,1,1,1,1,1
26403,0,0,0,0,1,1,1,1,1,1
26404,0,0,0,0,1,1,1,1,1,1
26405,0,0,0,0,1,1,1,1,1,1
26406,0,0,0,1,1,1,1,1,1,1
26407,0,1,0,0,1,1,1,1,1,1
26408,0,0,0,0,1,1,1,1,1,1
26409,0,0,0,0,1,1,1,1,1,1
26410,0,0,0,0,1,1,0,1,1,1
26411,0,0,0,1,1,1,1,1,1,1
26412,0,0,1,0,1,1,1,1,1,1
26413,0,0,0,0,1,1,0,1,1,1
26414,0,1,1,0,1,1,1,1,1,1
26415,1,0,0,1,1,1,1,1,1,1
26416,0,0,0,0,1,1,1,1,1,1
26417,0,1,0,0,1,1,1,1,1,1
26418,0,0,0,0,1,1,1,1,1,1
26419,0,1,0,1,1,1,1,1,1,1
26420,0,1,1,1,1,1,1,1,1,1
26421,0,1,0,0,1,1,1,1,1,1
26422,0,0,0,1,1,1,0,1,1,1
26423,0,0,0,0,1,1,1,1,1,1
26424,0,1,1,0,1,1,1,1,1,1
26425,0,,1,1,1,1,1,1,1,1
26426,0,1,1,0,1,1,1,1,1,1
26427,0,0,0,0,1,1,1,1,1,1
26428,0,0,1,1,1,1,0,1,1,1
26429,0,0,0,0,1,1,1,1,1,1
26430,0,0,0,0,1,1,1,1,1,1
26501,0,0,0,0,1,1,0,1,1,1
26502,0,1,1,0,1,1,1,1,1,1
26503,0,1,1,0,1,1,1,1,1,1
26504,1,1,0,0,1,0,0,1,1,1
26505,0,0,1,1,1,1,1,1,1,1
26506,0,0,0,1,1,1,1,1,1,1
26507,0,0,0,0,1,1,0,1,1,1
26508,0,0,1,0,1,1,1,1,1,1
26509,0,1,1,0,1,1,1,1,1,1
26510,0,0,1,0,1,1,1,1,1,0
26511,1,1,1,0,1,1,1,1,1,1
26512,0,1,1,0,1,1,1,1,1,1
26513,0,1,1,0,1,1,1,1,1,1
26514,0,1,1,0,1,1,1,1,1,1
26515,0,0,1,1,1,1,1,1,1,1
26516,0,1,0,0,1,1,0,1,1,1
26517,1,1,1,0,1,1,1,1,1,1
26518,0,0,0,0,1,1,1,1,1,1
26519,0,0,0,0,1,1,0,1,1,1
26520,0,0,1,1,1,1,1,1,1,1
26521,0,0,1,1,1,1,1,1,1,1
26522,0,0,1,1,1,1,0,1,1,1
26523,0,1,1,0,1,1,1,1,1,1
26524,1,,0,0,1,1,1,1,1,1
26525,0,1,0,0,1,1,1,1,1,0
26526,1,1,0,1,1,0,1,1,1,1
26527,0,0,0,0,1,1,1,1,1,1
26528,0,1,1,0,1,1,1,1,1,1
26529,0,1,0,1,1,1,1,1,1,1
26530,0,1,1,0,1,1,1,1,1,1
26601,0,0,0,0,1,1,0,1,1,1
26602,0,0,1,0,1,1,1,1,1,1
26603,0,0,0,1,1,1,1,1,1,1
26604,1,0,1,0,1,1,1,1,1,1
26605,0,0,1,0,1,1,1,1,1,1
26606,0,0,0,0,1,1,1,1,1,1
26607,0,0,0,1,1,1,1,1,1,1
26608,0,0,0,0,1,1,1,1,1,1
26609,0,0,1,0,1,1,1,1,1,1
26610,0,1,1,1,1,1,1,1,1,1
26611,0,1,0,0,1,1,1,1,1,1
26612,0,0,0,0,1,1,1,1,1,1
26613,0,0,0,0,1,1,1,1,1,1
26614,0,0,0,0,1,1,1,0,1,1
26615,0,0,0,0,1,1,1,1,1,1
26616,0,1,1,0,1,1,0,1,1,1
26617,0,0,0,0,1,1,1,1,1,1
26618,0,0,0,0,1,1,1,1,1,1
26619,0,1,0,0,1,1,1,1,1,1
26620,0,1,1,0,1,1,1,1,1,0
26621,0,1,1,0,1,1,1,1,1,1
26622,0,1,0,0,1,1,1,1,1,0
26623,0,1,1,0,1,1,1,1,1,0
26624,0,0,0,0,1,1,1,1,1,1
26625,0,1,0,0,1,1,1,1,1,1
26626,0,0,0,0,1,1,1,1,1,1
26627,0,1,1,0,1,1,1,1,1,1
26628,0,0,0,1,1,1,1,1,1,1
26629,0,0,1,0,1,1,1,1,1,1
26630,0,1,0,0,1,1,1,1,1,1
26701,0,0,0,0,1,1,1,1,1,1
26702,0,0,0,0,1,1,1,1,1,1
26703,0,0,0,0,1,1,1,1,1,1
26704,0,1,1,0,1,1,1,1,1,0
26705,0,1,0,1,1,1,1,1,1,1
26706,0,0,0,1,1,1,1,1,1,1
26707,0,1,0,1,1,1,1,1,1,1
26708,0,0,1,1,1,1,1,1,1,1
26709,0,0,1,0,1,1,1,1,1,1
26710,0,0,0,1,1,1,1,1,1,1
26711,0,0,1,0,1,1,1,1,1,0
26712,0,1,1,0,1,1,1,1,1,1
26713,0,1,0,1,1,1,1,1,1,1
26714,0,0,0,1,1,1,1,1,1,1
26715,0,1,0,0,1,1,1,1,1,0
26716,0,0,0,0,1,1,1,1,1,1
26717,0,0,0,1,1,1,1,1,1,1
26718,0,0,0,0,1,1,1,1,1,1
26719,0,0,0,1,1,1,1,1,1,1
26720,0,1,1,0,1,1,1,1,1,1
26721,0,0,0,0,1,1,1,1,1,1
26722,0,1,0,0,1,1,1,1,1,1
26723,1,0,0,0,1,1,1,1,1,1
26724,0,0,0,0,1,1,1,1,1,0
26725,0,1,1,0,1,1,1,1,1,1
26726,0,1,1,1,1,1,1,1,1,1
26727,1,0,0,0,1,1,1,1,1,1
26728,0,0,0,0,1,1,1,1,1,1
26729,1,0,0,0,1,1,1,1,1,1
26730,0,0,0,0,1,1,1,1,1,1
26801,0,0,0,0,1,0,1,1,1,1
26802,0,0,1,0,1,1,1,1,1,1
26803,0,1,1,1,1,1,1,1,1,1
26804,0,1,0,1,1,1,1,1,1,1
26805,0,0,1,0,1,1,1,1,1,1
26806,0,0,0,1,1,1,1,1,1,1
26807,0,0,1,0,1,0,1,1,1,1
26808,0,0,0,0,1,1,1,1,1,1
26809,0,0,0,0,1,1,1,1,1,1
26810,0,1,0,1,1,1,1,1,1,1
26811,0,1,0,0,1,1,1,1,1,0
26812,0,0,1,0,1,1,1,1,1,1
26813,1,1,1,1,1,0,1,1,1,1
26814,0,1,1,0,1,1,1,1,1,1
26815,1,0,1,1,1,1,1,1,1,1
26816,1,0,0,0,1,1,1,1,1,1
26817,0,0,1,1,1,1,1,1,1,1
26818,0,0,1,1,1,1,1,1,1,1
26819,0,1,1,0,1,1,1,1,1,1
26820,0,1,0,0,1,1,1,1,1,1
26821,0,0,1,1,1,1,1,1,1,1
26822,0,0,0,0,1,1,1,1,1,0
26823,0,0,0,0,1,1,1,1,1,1
26824,0,1,0,0,1,1,1,1,1,1
26825,0,0,1,1,1,1,1,1,1,1
26826,0,0,1,0,1,1,1,1,1,1
26827,0,0,0,0,1,1,1,1,1,1
26828,0,1,1,0,1,1,0,1,1,1
26829,0,0,1,0,1,1,1,1,1,1
26830,0,1,0,0,1,1,1,1,1,1
26901,0,0,0,1,1,1,1,1,1,1
26902,0,0,0,1,1,1,1,1,1,1
26903,0,0,1,0,1,1,1,1,1,1
26904,0,0,0,1,1,1,1,1,1,1
26905,0,1,0,0,1,1,1,1,1,1
26906,0,1,0,1,1,1,1,1,1,1
26907,0,1,0,0,1,0,1,1,1,1
26908,0,1,0,0,1,1,1,1,1,1
26909,0,0,0,0,1,1,1,1,1,1
26910,1,1,0,0,1,1,1,1,1,1
26911,0,1,0,1,0,1,1,1,1,1
26912,0,0,0,0,1,1,1,1,1,1
26913,0,0,0,0,1,1,1,1,1,1
26914,0,1,1,0,1,1,1,1,1,1
26915,0,0,0,0,1,1,1,1,1,0
26916,0,0,0,0,1,1,1,1,1,1
26917,0,1,0,0,1,1,1,1,1,1
26918,0,0,0,1,1,1,1,1,1,1
26919,0,1,1,1,1,1,1,1,1,1
26920,0,0,0,1,1,1,1,1,1,1
26921,0,0,0,1,1,1,1,1,1,1
26922,0,0,0,1,1,1,1,1,1,1
26923,1,0,0,0,1,1,1,1,1,1
26924,0,1,1,0,1,1,1,1,1,1
26925,0,1,1,0,1,1,1,1,1,1
26926,0,0,0,0,1,0,1,1,1,1
26927,0,1,1,1,1,1,1,1,1,0
26928,0,0,0,0,1,1,1,1,1,1
26929,0,1,0,,1,1,1,1,1,1
26930,0,1,0,0,1,1,1,1,1,1
27001,0,0,1,0,1,1,1,1,1,1
27002,0,1,1,1,1,1,1,1,1,1
27003,0,0,0,0,1,1,1,1,1,1
27004,0,1,0,0,1,1,1,1,1,0
27005,0,0,1,0,1,1,1,1,1,0
27006,0,1,1,0,1,1,1,1,1,1
27007,0,0,1,0,1,1,1,1,1,1
27008,0,0,0,1,1,1,1,1,1,1
27009,0,1,0,1,1,1,1,1,1,1
27010,0,1,0,0,1,1,1,1,1,1
27011,0,1,0,0,1,1,1,1,1,1
27012,0,0,0,0,1,1,1,1,1,1
27013,0,0,0,1,1,1,1,1,1,1
27014,0,0,0,1,1,1,1,1,1,1
27015,0,1,0,1,1,1,1,1,1,1
27016,0,0,0,0,1,1,1,1,1,1
27017,0,1,0,0,1,1,1,1,1,1
27018,0,0,0,1,1,1,1,1,1,1
27019,0,1,0,0,1,1,1,1,1,0
27021,0,0,1,1,1,1,1,1,1,1
27022,0,1,0,0,1,1,1,1,1,1
27023,0,1,0,1,1,1,1,1,1,1
27024,0,1,0,0,1,1,1,1,1,0
27025,0,1,0,0,1,1,1,1,1,0
27026,0,1,0,0,1,1,1,1,1,1
27027,0,1,0,0,1,1,1,1,1,1
27028,0,1,0,0,1,1,1,1,1,1
27029,1,0,0,0,1,1,1,1,1,1
27030,0,0,0,1,1,1,1,1,1,1
27101,0,0,0,1,1,1,1,1,1,1
27102,1,0,0,1,1,1,1,1,1,1
27103,0,1,1,0,1,1,1,1,1,1
27104,0,0,1,0,1,1,1,1,1,1
27105,1,1,1,1,1,1,1,1,1,1
27106,0,0,0,0,1,1,1,1,1,1
27107,0,0,1,0,1,1,1,1,1,1
27108,0,0,0,0,1,1,1,1,1,1
27109,0,0,0,1,1,1,1,1,1,1
27110,0,0,0,0,1,1,1,1,1,1
27111,0,0,0,1,1,1,1,1,1,1
27112,1,0,0,0,1,1,1,1,1,1
27113,0,1,1,0,1,1,1,1,1,1
27114,0,0,0,1,1,1,1,1,1,1
27115,0,0,0,1,1,1,1,1,1,1
27116,0,0,0,1,1,1,1,1,1,0
27117,0,0,0,0,1,1,1,1,1,1
27118,0,0,1,0,1,1,1,1,1,0
27119,1,1,0,1,1,1,1,1,1,0
27120,0,0,0,1,1,1,1,1,1,1
27121,0,0,0,0,1,1,1,1,1,1
27122,0,0,0,0,1,1,1,1,1,1
27123,0,0,0,1,1,0,1,1,1,1
27124,0,1,0,0,1,1,1,1,1,1
27125,0,0,0,1,1,1,1,1,1,1
27126,0,0,0,0,1,1,1,1,1,1
27127,0,,0,1,1,1,1,1,1,1
27128,0,0,0,0,1,1,1,1,1,1
27129,0,0,0,1,1,1,1,1,1,1
27130,0,0,0,0,1,1,1,1,1,1
27201,0,0,0,0,1,1,1,1,1,1
27202,0,1,1,1,1,1,1,1,1,1
27203,0,0,1,0,1,1,1,1,1,1
27204,0,1,1,1,1,1,1,1,1,1
27205,0,0,0,0,1,1,1,1,1,1
27206,0,1,1,1,1,1,1,1,1,1
27207,0,0,0,1,1,1,1,1,1,1
27208,0,0,0,1,1,1,1,1,1,1
27209,0,0,0,0,1,1,1,1,1,1
27210,0,0,1,0,1,1,1,1,1,1
27211,0,0,0,0,1,1,1,0,1,1
27212,0,0,1,1,1,1,1,1,1,1
27213,0,0,1,0,1,1,1,1,1,1
27214,0,0,0,0,1,1,1,1,1,1
27215,0,0,0,0,1,1,1,1,1,1
27216,0,0,1,0,1,1,1,1,1,1
27217,0,0,1,0,1,1,1,1,1,1
27218,0,0,1,1,1,1,1,1,1,1
27219,0,1,1,1,1,1,1,1,1,1
27220,0,0,0,1,1,1,1,1,1,1
27221,0,0,0,0,1,1,1,1,1,1
27222,0,0,0,0,1,1,1,1,1,1
27223,0,0,1,0,1,1,1,1,1,1
27224,0,1,0,1,1,1,1,1,1,1
27225,0,0,0,0,1,1,1,1,1,1
27226,0,0,0,0,1,1,1,1,1,1
27227,0,1,0,0,1,1,1,1,1,1
27228,0,0,0,1,1,1,1,1,1,1
27229,0,0,0,1,1,1,1,1,1,1
27230,0,0,0,0,1,1,1,1,1,1
27301,0,0,0,1,1,1,1,1,1,1
27302,0,0,0,0,1,1,1,1,1,1
27303,0,1,0,1,1,1,1,1,1,1
27304,0,0,0,0,1,1,1,1,1,1
27305,1,1,0,0,1,1,1,1,1,1
27306,0,1,0,1,1,1,1,1,1,1
27307,0,1,0,0,1,1,1,1,1,1
27308,0,1,0,0,1,1,1,1,1,1
27309,0,0,1,1,1,1,1,1,1,1
27310,0,0,0,0,1,1,1,1,1,1
27311,0,0,0,0,1,1,1,1,1,1
27312,0,0,0,1,1,1,1,1,1,1
27313,0,1,1,1,1,1,1,1,1,1
27314,0,1,0,0,1,1,1,1,1,1
27315,0,1,1,0,1,1,1,1,1,1
27317,0,0,0,0,1,1,1,1,1,0
27318,0,0,0,0,1,1,1,1,1,1
27319,0,0,0,1,1,1,1,1,1,1
27320,0,1,0,1,1,1,1,1,1,1
27321,0,0,0,0,1,1,1,1,1,0
27322,1,0,1,0,1,1,1,1,1,1
27323,0,0,0,1,1,1,1,1,1,1
27324,0,0,0,1,1,1,1,1,1,0
27325,0,0,0,1,1,1,1,1,1,1
27326,0,1,0,0,1,1,1,1,1,1
27327,0,0,0,0,1,1,1,1,1,1
27328,0,0,0,0,1,1,1,1,1,1
27329,0,0,0,0,1,1,1,1,1,1
27330,0,0,0,0,0,1,1,1,1,1
27401,0,0,1,1,1,1,1,1,1,1
27402,0,0,1,0,1,1,1,1,1,0
27403,0,1,0,0,1,1,1,1,1,1
27404,0,0,0,1,1,1,1,1,1,1
27405,0,,0,0,1,1,1,1,1,1
27406,0,0,0,0,1,1,1,1,1,1
27407,1,0,1,1,1,1,1,1,1,1
27408,0,0,0,0,1,1,1,1,1,1
27409,0,1,1,0,1,1,1,1,1,1
27410,0,1,0,0,1,1,1,1,1,1
27411,0,0,1,1,1,1,1,1,1,1
27412,1,0,0,1,1,1,1,1,1,1
27413,0,0,0,0,1,1,1,1,1,1
27414,0,0,1,0,1,1,1,1,1,1
27415,0,0,0,0,1,1,1,1,1,1
27416,0,1,0,0,1,1,1,1,1,1
27417,1,1,0,1,1,0,1,1,1,1
27418,0,0,0,1,1,1,1,1,1,1
27419,0,0,0,0,1,1,1,1,1,1
27420,0,0,0,0,1,1,1,1,1,1
27421,0,0,1,1,1,1,1,1,1,1
27422,0,0,0,0,1,1,1,1,1,1
27423,0,0,0,0,1,1,1,1,1,0
27424,0,0,1,0,1,1,1,1,1,0
27425,0,0,0,1,1,1,1,1,1,1
27426,1,0,0,1,1,1,1,1,1,1
27427,0,0,0,1,1,1,1,1,1,1
27428,0,,1,1,1,1,1,1,1,1
27429,0,0,1,1,1,1,1,1,1,1
27430,0,0,0,0,1,1,1,1,1,1
27501,0,1,0,0,1,1,1,1,1,1
27502,0,0,1,1,1,1,1,1,1,1
27503,0,0,1,1,1,1,1,1,1,1
27504,0,1,1,0,1,1,1,1,1,1
27505,0,1,1,0,1,1,1,1,1,1
27506,0,0,0,0,1,1,1,1,1,0
27507,0,1,1,1,1,1,1,1,1,1
27508,0,0,0,0,1,1,1,1,1,1
27509,0,0,0,1,1,1,1,1,1,1
27510,0,0,0,0,1,1,1,1,1,0
27511,0,0,0,0,1,1,1,1,1,1
27512,0,1,0,0,1,1,1,1,1,1
27513,1,1,1,1,1,1,1,1,1,1
27514,0,0,0,0,1,1,1,1,1,1
27515,0,0,0,0,1,1,1,1,1,1
27516,0,1,1,0,1,1,1,1,1,1
27517,0,1,0,0,1,1,1,1,1,1
27518,0,0,0,1,1,1,1,1,1,1
27519,0,0,1,0,1,1,1,1,1,1
27520,0,0,0,0,1,1,1,1,1,1
27521,0,1,1,0,1,1,1,1,1,1
27522,0,1,0,0,1,1,1,1,1,0
27523,0,1,0,0,1,1,1,1,1,1
27524,0,1,1,0,1,1,1,1,1,1
27525,0,0,0,0,1,1,1,1,1,1
27526,0,0,0,0,1,1,1,1,1,1
27527,0,0,0,0,1,1,1,1,1,1
27528,0,1,0,1,1,1,1,1,1,1
27529,0,0,0,1,1,1,1,1,1,1
27530,0,0,0,0,1,1,1,1,1,1
27601,0,0,0,0,1,1,1,1,1,1
27602,0,0,1,0,1,1,1,1,1,1
27603,0,0,0,0,1,1,1,1,1,1
27604,0,1,0,0,1,1,1,1,1,1
27605,0,1,0,0,1,1,1,1,0,1
27606,0,1,0,1,1,1,1,1,1,1
27607,0,,1,0,1,1,1,1,1,1
27608,0,1,1,0,1,1,1,1,1,1
27609,0,0,1,0,1,1,1,1,1,1
27610,0,0,0,0,1,1,1,1,1,1
27611,0,1,0,0,1,1,1,1,1,1
27612,0,0,0,0,1,1,1,1,1,1
27613,0,0,0,1,1,1,1,1,1,1
27614,0,0,1,0,1,1,1,1,1,1
27615,0,0,0,0,1,1,1,1,1,1
27616,0,1,0,0,1,1,1,1,1,1
27617,0,1,0,0,1,1,1,1,1,1
27618,1,0,1,0,1,1,1,1,1,1
27619,0,0,0,0,1,1,1,1,1,1
27620,0,1,1,0,1,1,1,1,1,1
27621,0,0,1,0,1,1,1,1,1,0
27622,0,0,0,1,1,1,1,1,1,1
27623,0,1,1,0,1,1,1,1,1,1
27624,0,1,0,1,1,1,1,1,1,1
27625,0,0,0,0,1,1,1,1,1,1
27626,0,0,0,0,1,1,1,1,1,1
27627,0,0,0,0,1,1,1,1,1,1
27628,0,0,0,0,1,1,1,1,1,1
27629,0,1,0,0,0,1,1,1,1,0
27630,0,1,0,0,1,1,1,1,1,1
27701,0,0,0,0,1,1,1,1,1,1
27702,0,0,0,0,1,1,1,1,1,1
27703,0,0,0,0,1,1,1,1,1,1
27704,0,0,0,0,1,1,1,1,1,1
27705,0,0,0,1,1,1,1,1,1,1
27706,0,0,0,0,1,1,1,1,1,1
27707,0,0,0,0,1,1,1,1,1,1
27708,0,0,0,0,1,1,1,1,1,1
27709,0,,1,1,1,1,1,1,1,1
27710,0,1,0,0,1,1,1,1,1,1
27711,0,0,0,0,1,1,1,1,1,1
27712,0,0,0,0,1,1,1,1,1,0
27713,0,0,0,0,1,1,1,1,1,1
27714,0,0,1,1,1,1,1,1,1,1
27715,0,0,0,0,1,1,1,1,1,1
27716,0,1,0,0,1,1,1,1,1,1
27717,0,0,1,0,1,1,1,1,1,1
27718,0,,1,0,1,1,1,1,1,1
27719,0,0,0,0,1,1,1,1,1,1
27720,0,1,0,0,1,1,1,1,1,1
27721,0,0,0,0,1,1,1,1,1,1
27722,0,0,0,0,1,1,1,1,1,0
27723,0,,1,0,1,1,1,1,1,1
27724,0,0,0,0,1,1,1,1,1,1
27725,0,0,1,0,1,1,1,1,1,0
27726,0,1,0,0,1,1,1,1,1,1
27727,0,0,0,0,1,1,1,1,1,1
27728,0,1,1,1,1,1,1,1,1,1
27729,0,1,0,0,1,1,1,1,1,1
27730,0,0,0,0,1,1,1,1,1,0
27801,0,1,1,0,1,1,1,1,1,1
27802,0,1,1,0,1,1,1,1,1,1
27803,0,0,0,0,1,1,1,1,1,1
27804,0,1,0,0,1,1,1,1,1,1
27805,0,0,1,0,1,1,1,1,1,1
27806,0,0,0,0,1,1,1,1,1,1
27807,0,0,0,1,1,1,1,1,1,1
27808,0,0,1,0,1,1,1,1,1,1
27809,0,1,0,1,1,1,1,1,1,1
27810,0,1,1,0,1,1,1,1,1,1
27811,0,0,0,1,1,1,1,1,1,1
27812,0,1,0,0,1,1,1,1,1,1
27813,0,1,0,0,1,1,1,1,1,1
27814,0,0,0,0,1,1,1,1,1,1
27815,0,0,0,0,1,1,1,1,1,1
27816,0,0,0,1,1,1,1,1,1,1
27817,0,1,1,0,1,1,1,1,1,1
27818,1,1,0,0,1,1,1,1,1,1
27819,0,0,0,0,1,1,1,1,1,1
27820,0,0,0,0,1,1,1,1,1,1
27821,0,1,1,1,1,1,1,1,1,1
27822,0,0,0,0,1,1,1,1,0,1
27823,0,1,0,0,1,1,1,1,1,1
27824,0,0,0,0,1,1,1,1,1,1
27825,0,0,1,0,1,1,1,1,1,1
27826,0,0,0,0,1,1,1,1,1,1
27827,0,0,0,1,1,1,1,1,1,1
27828,0,1,1,0,1,1,1,1,1,1
27829,0,0,1,0,1,1,1,1,1,1
27830,0,1,1,1,1,1,1,1,1,1
27901,0,0,0,0,1,0,1,1,1,0
27902,0,0,0,0,0,0,1,1,1,1
27903,0,0,0,0,1,0,1,1,1,1
27904,0,1,1,0,0,0,1,1,1,0
27905,0,0,0,0,0,0,1,0,1,0
27906,0,0,1,0,0,0,1,1,1,0
27907,0,0,0,0,1,0,1,0,1,1
27908,0,0,0,0,1,0,0,1,1,1
27909,0,1,0,0,1,0,1,1,1,1
27910,0,1,0,0,1,0,0,1,1,1
27911,0,0,0,0,0,0,0,1,1,0
27912,0,0,0,0,0,0,0,1,1,0
27913,0,1,0,0,1,0,1,1,1,1
27914,0,0,0,0,1,0,1,1,1,0
27915,0,0,0,0,1,0,1,1,1,0
27916,0,0,0,0,0,0,1,0,1,0
27917,0,0,0,0,1,1,1,1,1,0
27918,0,0,0,0,1,0,0,1,1,1
27919,0,0,0,0,0,0,1,1,1,0
27920,0,0,0,0,1,0,1,1,1,1
27921,0,1,0,0,1,0,0,0,1,0
27922,0,1,0,0,1,0,0,1,1,0
27923,0,0,0,0,1,0,0,1,1,1
27924,1,1,1,0,1,0,1,1,1,1
27925,0,0,0,0,1,0,1,1,1,0
27926,0,0,0,0,1,0,0,1,1,0
27927,0,0,0,0,1,0,1,1,1,0
27928,0,0,0,0,0,0,1,1,1,0
27929,0,1,0,0,1,0,1,1,1,0
27930,1,0,0,0,0,0,1,1,1,1
28001,1,0,0,0,1,1,1,1,1,0
28002,0,0,0,0,1,1,1,1,1,0
28003,0,1,0,0,1,1,1,1,1,1
28004,0,0,0,0,1,0,1,1,1,1
28005,0,0,0,0,1,1,1,1,1,1
28006,0,0,0,0,1,1,1,1,1,0
28007,0,0,0,0,1,1,1,1,1,1
28008,0,1,1,0,1,1,1,1,1,1
28009,0,0,0,0,1,1,1,1,1,0
28010,0,1,0,0,1,1,1,1,1,0
28011,0,1,0,1,1,1,1,1,1,1
28012,0,0,0,0,1,1,1,1,1,1
28013,0,0,0,0,1,1,1,1,1,0
28014,0,0,0,0,1,1,1,1,1,0
28015,0,0,0,0,1,1,1,1,1,0
28016,0,0,1,0,1,1,1,1,1,1
28017,0,0,0,0,1,1,0,1,1,1
28018,0,0,0,0,1,1,0,1,1,0
28019,0,0,0,0,1,1,1,1,1,1
28020,0,0,0,0,1,1,1,1,1,1
28021,0,0,0,1,1,1,1,1,1,1
28022,0,0,0,0,1,1,1,1,1,0
28023,0,1,0,0,1,1,1,1,1,0
28024,0,0,0,1,1,1,1,1,1,0
28025,0,1,1,0,1,1,1,1,1,0
28026,0,0,0,1,1,1,1,0,1,1
28027,0,0,0,0,0,1,1,0,1,0
28028,0,0,0,1,1,1,1,1,1,1
28029,0,1,0,0,1,1,1,1,1,0
28030,0,,0,0,1,1,1,1,1,1
28101,0,0,0,0,0,0,1,0,1,0
28102,0,0,0,0,0,0,1,0,1,1
28103,0,0,1,0,0,0,1,1,1,0
28104,0,0,0,0,0,1,1,0,1,0
28105,0,1,0,0,1,0,1,0,1,0
28106,0,0,0,0,0,0,0,0,0,0
28107,0,0,0,0,0,0,1,0,1,0
28108,0,0,0,0,0,0,1,0,1,0
28109,0,1,0,0,0,0,0,0,0,0
28110,0,0,0,0,0,0,0,0,1,0
28111,0,0,0,0,0,0,0,0,0,0
28112,0,0,0,0,0,0,0,0,0,0
28113,0,0,0,0,0,0,1,0,1,0
28114,0,0,0,0,0,0,0,0,0,0
28115,0,0,0,0,0,0,1,0,1,0
28116,0,0,0,0,0,0,1,0,1,0
28117,0,0,0,0,0,0,0,0,0,0
28118,0,0,0,0,0,0,1,1,1,0
28119,0,0,0,0,0,0,0,0,0,0
28120,0,0,0,0,0,0,0,0,0,0
28121,0,0,0,0,0,0,0,0,1,0
28122,0,1,0,0,0,0,1,1,1,0
28123,0,0,0,0,0,0,0,0,0,0
28124,0,0,0,0,0,0,0,0,1,0
28125,0,0,0,0,0,0,1,0,1,0
28126,0,0,0,0,0,0,1,1,1,0
28127,0,0,0,0,0,0,0,0,0,0
28128,0,1,1,0,0,0,1,0,1,0
28129,0,0,0,0,0,0,1,1,1,0
28130,0,0,0,0,0,0,0,0,0,0
28201,0,0,0,0,0,0,1,0,1,0
28202,0,0,0,0,1,0,1,1,1,0
28203,0,0,0,0,0,0,1,0,1,0
28204,0,0,0,0,0,0,1,1,1,0
28205,0,0,0,0,1,0,1,1,1,1
28206,0,0,0,0,0,0,1,1,1,1
28207,0,0,0,0,0,0,1,0,0,0
28208,0,1,0,0,0,0,1,1,1,0
28209,0,1,0,0,0,0,1,1,1,0
28210,0,0,0,0,0,0,1,1,1,1
28211,0,0,0,0,1,0,1,1,1,0
28212,0,0,0,0,0,0,1,1,1,0
28213,0,0,0,1,0,0,1,1,1,1
28214,0,0,0,0,0,0,1,1,0,0
28215,0,0,0,0,1,0,1,1,1,1
28216,0,0,0,0,0,0,1,0,1,0
28217,0,1,0,0,1,0,1,1,1,0
28218,0,0,0,0,1,0,1,1,1,0
28219,0,0,0,0,1,0,1,1,1,0
28220,0,1,0,0,0,0,1,1,1,0
28221,0,0,0,0,0,0,1,1,1,0
28222,0,1,0,0,0,0,1,1,1,0
28223,0,0,0,0,1,0,1,1,1,1
28224,0,0,0,0,1,0,1,1,1,0
28225,0,0,0,0,1,0,1,1,1,0
28226,0,1,0,0,0,0,1,1,1,0
28227,0,0,0,0,0,0,1,1,1,0
28228,0,0,0,0,0,0,1,1,1,0
28229,0,0,0,0,1,0,1,1,1,0
28230,0,1,0,0,1,0,1,1,1,0
28301,0,0,0,0,0,0,1,1,1,0
28302,0,1,0,0,0,0,0,1,1,0
28303,0,0,1,0,0,0,1,1,1,0
28304,0,0,0,0,0,0,1,0,1,0
28305,0,1,0,0,0,0,0,1,1,0
28306,0,0,0,0,0,0,0,1,1,0
28307,0,1,1,0,1,0,1,1,1,1
28308,0,0,0,0,1,0,1,1,1,1
28309,0,0,0,0,0,0,0,0,1,0
28310,0,0,0,1,1,0,0,1,1,1
28311,0,0,0,0,1,0,1,1,1,0
28312,0,0,0,0,0,0,0,0,1,0
28313,0,0,0,0,0,0,0,0,1,0
28314,0,1,0,0,1,0,1,0,1,0
28315,1,1,1,0,1,0,0,0,1,0
28316,0,0,0,0,0,0,0,0,1,0
28317,0,0,0,0,0,0,0,0,1,0
28318,0,1,1,0,0,0,0,0,1,0
28319,0,0,0,0,0,0,1,0,1,0
28320,0,0,0,0,0,0,0,1,1,0
28321,0,0,0,0,0,0,0,0,1,0
28322,0,0,0,0,0,0,1,1,1,0
28323,0,0,0,0,0,0,1,0,1,0
28324,0,0,0,0,1,0,0,1,1,0
28325,0,0,1,0,0,0,1,0,1,0
28326,0,0,0,0,0,0,1,0,1,0
28327,0,0,1,0,1,0,1,1,1,0
28328,0,0,0,0,1,0,1,1,1,1
28329,0,1,0,0,0,0,1,1,1,0
28330,0,0,1,1,1,0,1,1,1,1
28401,0,0,0,0,1,1,1,1,1,1
28402,0,0,0,0,1,1,0,1,1,0
28403,0,0,0,0,1,1,1,1,1,0
28404,1,0,0,0,1,1,1,1,1,1
28405,0,0,0,0,1,1,1,1,1,0
28406,0,0,1,0,0,1,1,0,1,0
28407,0,1,0,0,0,0,1,0,1,0
28408,0,0,0,0,1,1,1,1,1,0
28409,0,0,0,0,0,1,1,1,1,0
28410,0,0,0,0,1,1,1,1,1,1
28411,0,1,0,0,1,1,1,1,1,1
28412,0,0,0,0,1,1,1,1,1,0
28413,0,0,1,0,1,0,1,1,1,1
28414,0,0,0,1,1,1,1,1,1,0
28415,1,1,0,0,1,1,0,1,1,0
28416,0,0,0,1,1,1,1,1,1,1
28417,0,0,0,0,1,1,1,1,1,1
28418,0,0,0,0,1,1,1,1,1,1
28419,0,1,0,0,0,1,1,0,1,0
28420,0,0,0,0,1,1,1,1,1,0
28421,1,0,0,0,1,1,0,1,1,0
28422,0,0,1,0,1,0,1,1,1,1
28423,0,0,1,0,1,1,1,1,1,1
28424,0,0,1,0,1,0,1,1,1,0
28425,0,1,0,0,1,1,1,1,1,1
28426,0,0,0,0,1,1,1,1,1,1
28427,0,0,0,0,1,1,1,1,1,0
28428,0,1,0,0,1,1,1,0,1,0
28429,0,1,0,0,1,1,1,1,1,1
28430,0,0,0,0,0,0,1,1,1,0
28501,0,1,1,0,1,1,1,1,1,0
28502,0,,1,0,1,1,1,1,1,1
28503,0,0,1,0,1,1,1,1,1,1
28504,0,0,0,0,0,1,0,1,1,1
28505,0,1,1,0,1,0,1,1,1,0
28506,0,0,0,0,1,0,1,1,1,0
28507,0,1,0,0,1,1,1,1,1,1
28508,0,0,0,0,1,1,1,1,1,1
28509,0,0,0,0,1,1,1,1,1,1
28510,0,0,1,0,1,1,1,1,1,1
28511,0,1,0,0,1,1,0,1,1,1
28512,1,0,0,0,1,1,0,1,1,1
28513,0,0,1,0,1,1,1,1,1,1
28514,0,0,0,0,1,1,0,1,1,0
28515,0,1,0,0,1,1,1,1,1,1
28516,0,1,0,0,1,1,1,1,1,1
28517,1,1,0,0,1,1,1,1,1,0
28518,0,0,0,0,1,1,1,1,1,1
28519,0,1,0,0,1,1,1,1,1,1
28520,0,1,0,0,1,1,0,1,1,1
28521,1,1,0,0,1,0,1,1,1,0
28522,0,0,0,0,1,1,1,1,1,1
28523,0,1,0,0,1,1,1,1,1,1
28524,0,1,0,0,1,1,0,1,1,1
28525,0,1,0,0,1,0,1,1,1,0
28526,0,0,0,1,1,1,1,1,1,1
28527,0,0,0,0,1,1,1,1,1,1
28528,0,0,0,0,1,0,1,1,1,1
28529,0,0,0,0,1,1,0,1,1,1
28530,0,0,1,0,1,0,1,1,1,0
28601,0,0,0,0,1,0,1,1,1,1
28602,0,0,0,1,1,0,1,1,1,1
28603,0,0,0,0,1,0,1,1,1,1
28604,0,1,0,0,1,0,1,1,1,1
28605,0,1,0,0,1,1,0,1,1,0
28606,0,0,1,0,1,0,1,1,1,1
28607,0,0,0,0,1,0,1,1,1,0
28608,0,0,0,0,1,1,1,1,1,1
28609,0,0,0,0,1,0,0,1,1,1
28610,0,1,0,0,1,1,1,1,1,1
28611,0,0,1,0,1,1,1,1,1,0
28612,0,1,0,0,1,1,1,1,1,1
28613,0,0,0,0,1,0,1,1,1,0
28614,0,1,0,0,1,1,1,1,1,0
28615,0,1,0,0,1,1,0,1,1,1
28616,0,1,0,0,1,1,1,1,1,0
28617,0,0,0,0,1,1,0,0,1,0
28618,0,0,0,0,1,1,0,1,1,0
28619,0,0,0,0,1,1,1,1,1,0
28620,0,1,1,0,1,0,0,1,1,1
28621,0,1,1,0,1,1,0,1,1,0
28622,0,1,0,0,1,1,0,1,1,0
28623,0,0,0,1,1,0,0,1,1,1
28624,0,0,0,0,1,1,0,1,1,1
28625,0,1,0,0,1,1,1,1,1,0
28626,0,0,1,0,1,0,1,1,1,1
28627,0,0,0,0,1,1,0,1,1,1
28628,0,0,0,0,1,1,0,1,1,1
28629,0,1,1,0,1,0,0,1,1,0
28630,0,1,0,0,1,1,1,1,1,1
28701,0,0,0,1,1,1,1,1,1,1
28702,0,0,0,1,1,1,1,1,1,1
28703,0,0,0,0,1,1,1,1,1,0
28704,0,0,0,1,1,1,1,1,1,1
28705,0,0,0,0,1,1,1,1,1,0
28706,0,1,1,0,0,1,1,1,1,0
28707,0,0,0,1,1,1,1,1,1,1
28708,0,0,0,1,1,1,1,1,1,1
28709,0,0,0,0,1,1,1,1,1,1
28710,0,1,0,1,1,1,1,1,1,1
28711,0,0,0,1,1,1,1,1,1,1
28712,0,0,1,1,1,1,1,1,1,1
28713,0,0,0,1,1,1,1,1,1,0
28714,0,0,0,0,1,1,1,1,1,1
28715,1,0,0,1,1,1,1,1,1,0
28716,0,0,0,1,1,1,1,1,1,1
28717,0,0,0,0,1,1,1,1,1,0
28718,0,0,0,1,1,0,1,1,1,1
28719,0,0,0,0,1,1,1,1,1,1
28720,1,1,0,1,1,1,1,1,1,1
28721,0,0,0,0,1,1,1,1,1,1
28722,0,0,0,1,1,1,1,1,0,1
28723,0,1,0,0,1,1,1,1,1,1
28724,0,0,0,0,1,1,1,1,1,1
28725,0,0,0,0,1,1,1,1,1,1
28726,0,0,0,0,1,1,1,1,1,1
28727,0,0,0,0,1,1,1,1,1,1
28728,0,0,0,0,1,1,1,1,1,0
28729,0,0,0,0,1,1,1,1,1,1
28730,0,0,0,1,1,1,1,1,1,0
28801,0,0,1,0,1,1,1,1,1,0
28802,0,0,0,0,1,1,1,1,1,1
28803,0,1,0,0,1,1,1,1,1,1
28804,0,0,0,0,1,1,1,1,1,0
28805,0,0,0,1,1,1,1,1,1,1
28806,0,0,0,0,1,1,0,1,1,0
28807,0,1,1,0,1,1,1,1,1,1
28808,0,0,0,0,1,1,1,1,1,0
28809,0,1,0,0,0,1,1,1,1,0
28810,0,0,0,1,1,1,1,1,1,1
28811,0,1,0,1,1,0,1,1,1,1
28812,0,0,0,0,1,0,1,1,1,1
28813,0,0,1,0,1,0,1,1,1,0
28814,0,0,0,0,1,1,1,1,1,1
28815,1,1,1,0,1,1,1,1,1,1
28816,0,0,1,1,1,1,1,1,1,1
28817,0,0,0,1,1,0,1,1,1,1
28818,0,0,0,0,1,1,1,1,1,1
28819,0,0,0,0,1,1,1,1,1,1
28820,0,,0,1,1,1,1,1,1,1
28821,0,1,0,0,1,1,1,1,1,0
28822,1,0,0,0,1,0,1,1,1,1
28823,0,1,1,0,1,1,1,1,1,1
28824,0,0,0,0,1,1,1,1,1,1
28825,1,1,0,0,0,1,1,1,1,0
28826,0,0,1,0,0,1,1,1,1,0
28827,0,1,0,0,0,1,1,0,1,0
28828,1,0,0,0,0,1,1,0,1,0
28829,1,0,0,0,1,1,1,1,1,1
28830,0,0,1,0,1,1,1,1,1,1
28901,0,1,0,0,1,1,1,1,1,0
28902,0,0,0,1,1,1,1,1,1,1
28903,0,0,0,0,1,1,1,1,1,1
28904,0,0,0,0,1,1,1,1,1,0
28905,0,0,0,0,1,1,1,1,1,0
28906,0,1,0,1,1,1,1,1,1,1
28907,0,1,1,0,1,1,1,1,1,1
28908,0,1,1,0,1,1,1,1,1,1
28909,0,1,0,0,1,1,1,1,1,1
28910,1,1,0,0,1,1,1,1,1,1
28911,0,1,0,1,1,1,1,1,1,1
28912,0,1,1,1,1,1,1,1,1,1
28913,1,0,1,1,1,1,1,1,1,1
28914,0,0,0,1,1,1,1,1,1,0
28915,0,0,0,0,1,1,1,1,1,0
28916,0,0,0,0,1,1,1,1,1,0
28917,0,0,0,0,1,1,1,1,1,0
28918,0,1,0,1,1,1,1,1,1,0
28919,0,0,0,1,1,1,1,1,1,1
28920,0,0,0,0,1,1,1,1,1,1
28921,0,1,0,1,1,1,1,1,1,1
28922,0,1,0,0,0,1,1,1,1,0
28923,0,0,0,0,1,1,1,1,1,1
28924,0,1,0,0,1,1,1,1,1,1
28925,1,1,0,0,1,1,1,1,1,1
28926,0,1,0,0,1,1,1,1,1,1
28927,0,0,0,1,1,1,1,1,1,1
28928,0,0,0,0,1,1,1,1,1,1
28929,0,0,0,1,1,1,1,1,1,1
28930,0,0,0,0,1,1,1,1,1,1
29001,0,1,0,0,0,1,1,1,1,0
29002,0,1,0,0,1,1,1,1,1,1
29003,0,0,0,0,1,1,1,1,1,1
29004,0,0,0,0,0,1,1,1,1,1
29005,0,0,0,1,1,0,1,1,1,1
29006,0,1,0,0,1,1,1,1,1,0
29007,0,1,0,0,1,1,1,1,1,0
29008,0,1,0,0,1,1,1,1,1,0
29009,0,0,0,0,0,1,1,1,1,1
29010,0,1,0,1,1,1,1,1,1,1
29011,0,0,0,0,1,1,1,1,1,1
29012,0,1,0,0,1,1,0,1,1,0
29013,0,1,0,0,1,1,1,1,1,1
29014,0,0,0,0,1,1,1,1,1,0
29015,0,1,0,0,1,1,1,1,1,1
29016,0,0,0,0,1,1,1,1,1,1
29017,0,0,0,0,1,1,1,1,1,0
29018,0,1,0,0,1,1,1,1,1,1
29019,0,0,0,0,1,1,1,1,1,0
29020,0,1,0,0,1,1,1,0,1,0
29021,0,1,0,0,1,1,1,1,1,0
29022,1,1,0,0,1,1,1,1,1,0
29023,0,1,0,0,1,1,1,1,1,1
29024,0,0,0,0,1,1,1,1,1,1
29025,0,1,0,0,1,1,1,1,1,0
29026,0,1,0,0,1,1,1,1,1,0
29027,0,1,0,0,1,1,1,1,1,1
29028,0,1,0,0,1,1,0,1,1,0
29029,0,0,0,0,0,0,0,0,1,0
29030,0,1,0,0,1,1,1,1,1,1
29101,0,0,0,1,1,1,1,1,1,1
29102,1,1,0,1,1,1,0,1,1,1
29103,0,0,0,0,1,1,1,1,1,1
29104,0,1,0,0,1,1,1,1,1,1
29105,0,0,0,1,1,1,1,1,1,1
29106,0,1,0,0,1,1,1,1,1,1
29107,0,1,0,1,1,1,1,1,1,1
29108,0,0,0,0,1,1,1,1,1,1
29109,0,0,0,1,1,1,1,1,1,1
29110,0,1,1,0,1,1,1,1,1,1
29111,1,1,1,0,1,1,1,1,1,1
29112,0,1,0,0,1,1,0,1,1,1
29113,0,0,0,1,1,1,1,1,1,1
29114,1,1,0,0,1,1,1,1,1,1
29115,0,0,0,1,1,1,1,1,1,0
29116,0,1,1,1,1,1,1,1,1,0
29117,0,1,1,1,1,1,1,1,1,1
29118,0,0,0,0,1,1,1,1,1,1
29119,0,1,0,1,1,1,1,1,1,1
29120,1,0,0,0,1,1,1,1,1,1
29121,0,1,0,1,1,1,1,1,1,1
29122,0,1,1,0,1,1,0,1,1,1
29123,1,1,0,0,1,1,1,1,1,1
29124,0,1,0,1,1,1,0,1,1,1
29125,0,0,0,1,1,1,1,1,1,1
29126,0,0,0,1,1,1,1,1,1,1
29127,0,0,0,0,1,1,1,1,1,1
29128,0,0,0,0,1,1,1,1,1,0
29129,0,1,1,0,1,1,1,1,1,0
29130,0,1,1,1,1,1,1,1,1,1
29201,0,0,0,0,1,1,1,1,1,1
29202,0,0,0,0,1,1,1,1,1,1
29203,0,1,0,0,1,1,1,1,1,1
29204,0,1,0,1,1,1,1,1,1,1
29205,0,0,0,0,1,1,0,1,1,1
29206,0,0,0,1,1,1,1,1,1,1
29207,0,0,0,0,1,1,1,1,1,0
29208,0,0,0,1,1,1,1,1,1,1
29209,0,0,0,0,1,1,1,1,1,1
29210,0,1,0,1,1,1,1,1,1,1
29211,0,0,0,0,1,1,1,1,1,1
29212,0,0,1,0,1,1,0,1,1,0
29213,0,0,0,0,1,1,1,1,1,1
29214,0,0,0,0,1,1,0,1,1,1
29215,0,0,0,0,1,1,0,1,1,1
29216,0,1,0,0,1,1,1,1,1,1
29217,0,0,0,1,1,1,0,1,1,1
29218,0,0,0,0,1,1,0,1,1,1
29219,0,0,0,1,1,1,1,1,1,1
29220,0,0,1,0,1,1,1,1,1,1
29221,0,0,0,0,1,1,0,1,1,1
29222,0,0,0,0,1,1,1,1,1,1
29223,0,0,1,0,1,1,1,1,1,1
29224,1,0,0,0,1,1,1,1,1,1
29301,1,0,0,0,1,1,0,1,1,1
29302,0,0,1,0,1,1,0,1,1,1
29303,0,0,0,0,1,1,0,1,1,1
29304,0,0,0,0,1,1,0,1,1,1
29305,0,1,1,0,1,1,1,1,1,1
29306,1,1,0,0,1,1,1,1,1,1
29307,0,1,1,0,1,1,1,1,1,1
29308,0,1,0,0,0,1,1,1,1,1
29309,0,0,0,0,1,1,1,1,1,0
29310,0,0,0,0,1,1,1,1,1,1
29311,0,1,0,0,1,1,1,1,1,1
29312,1,1,0,0,1,1,1,1,1,1
29313,0,1,1,0,1,1,1,1,1,1
29314,0,0,0,0,1,1,1,1,1,1
29315,0,1,0,0,1,1,1,1,1,1
29316,0,1,0,0,1,1,1,1,1,1
29317,0,0,0,0,1,1,0,1,1,1
29318,0,0,0,1,1,1,1,1,1,1
29319,0,1,0,0,1,1,1,1,1,1
29320,0,0,0,0,1,1,1,1,1,0
29321,0,1,0,0,0,1,1,1,1,1
29322,0,1,0,0,1,1,0,1,1,0
29323,0,1,0,0,0,1,1,1,1,1
29324,0,1,0,0,1,1,0,1,1,1
29325,0,1,1,0,1,1,1,1,1,1
29326,0,0,0,0,1,1,1,1,1,1
29327,0,0,0,0,1,1,1,1,1,1
29328,0,1,0,1,1,1,1,1,1,1
29329,0,1,0,0,1,1,1,1,1,1
29330,0,1,0,0,1,1,1,1,1,1
29401,0,1,1,0,1,1,1,1,1,0
29402,0,0,1,0,0,1,1,1,1,0
29403,0,1,0,0,0,1,1,1,1,1
29404,0,0,0,0,0,1,1,1,1,1
29405,0,1,1,0,0,1,1,1,1,1
29406,0,0,0,0,1,1,1,1,1,1
29407,0,0,1,1,1,1,1,1,1,1
29408,0,1,0,1,1,1,1,1,1,1
29409,0,0,0,0,1,1,1,1,1,1
29410,0,0,0,0,1,1,1,1,1,0
29411,0,1,1,0,1,1,1,1,1,1
29412,0,0,0,0,1,1,1,1,1,1
29413,0,1,0,0,1,1,1,1,1,1
29414,0,0,0,0,1,1,1,1,1,1
29415,0,0,0,0,1,1,1,1,1,1
29416,0,0,0,0,1,1,1,1,1,0
29417,0,0,0,0,1,1,1,1,1,1
29418,0,0,0,0,1,1,1,1,1,0
29419,1,1,0,0,1,1,1,1,1,1
29420,0,1,0,0,1,1,1,1,1,0
29421,1,1,0,0,1,1,1,1,1,1
29422,1,0,1,0,0,1,1,1,1,1
29423,0,0,0,0,1,1,1,1,1,0
29424,0,0,0,0,0,1,1,1,1,1
29425,0,0,0,0,1,1,1,1,1,1
29426,1,1,0,0,1,1,1,1,1,1
29427,0,0,0,0,1,1,1,1,1,1
29428,0,1,0,0,1,1,1,1,1,1
29429,0,0,0,0,1,1,1,1,1,1
29430,0,0,0,0,1,1,1,1,1,1
29501,0,1,1,0,1,1,1,1,1,0
29502,0,0,0,0,1,1,1,1,1,1
29503,0,0,0,0,1,1,1,1,1,0
29504,0,0,0,0,0,1,1,1,1,0
29505,0,1,0,0,0,1,1,1,1,0
29506,0,1,0,0,1,1,1,1,1,1
29507,0,1,0,0,1,1,1,1,1,1
29508,1,1,1,0,1,1,1,1,1,1
29509,0,0,0,0,1,1,1,1,1,1
29510,0,1,0,0,0,1,1,1,1,0
29511,0,1,1,0,1,1,1,1,1,1
29512,0,0,1,0,1,1,1,1,1,0
29513,1,0,0,0,1,1,1,1,1,0
29514,0,0,0,0,1,1,1,1,1,1
29515,0,0,0,0,1,1,1,1,1,0
29516,0,0,0,1,1,1,1,1,0,0
29517,0,1,1,0,1,1,1,1,1,0
29518,0,0,0,0,1,1,1,1,1,1
29519,0,1,1,1,1,1,1,1,1,1
29520,0,0,0,0,1,1,1,1,1,0
29521,0,0,0,1,1,1,1,1,1,1
29522,0,0,0,1,1,1,1,1,1,1
29523,1,0,0,0,1,1,1,1,1,1
29524,0,1,1,0,1,1,1,1,1,1
29525,0,1,0,1,1,1,0,1,1,1
29526,0,0,0,0,1,1,1,1,1,0
29527,0,0,0,0,0,1,1,1,1,0
29528,0,1,0,0,1,1,1,1,1,1
29529,0,1,0,0,1,1,1,1,1,1
29530,0,1,1,0,1,1,1,1,1,0
29601,0,0,0,0,1,1,1,1,1,1
29602,0,1,0,0,1,1,1,1,1,1
29603,0,0,0,0,1,1,1,1,1,1
29604,0,0,1,0,1,1,1,1,1,1
29605,0,0,1,0,1,1,1,1,1,1
29606,0,0,0,0,1,1,1,1,1,1
29607,0,0,0,0,1,1,1,1,1,1
29608,0,1,0,0,1,1,1,1,1,1
29609,0,1,1,0,0,1,1,1,1,0
29610,0,0,1,0,1,1,1,1,1,1
29611,0,0,0,1,1,1,1,1,1,1
29612,0,0,0,0,1,1,1,1,1,1
29613,0,1,1,0,1,1,1,1,1,0
29614,0,0,0,0,1,1,1,1,1,1
29615,0,0,0,0,1,1,1,1,1,0
29616,0,1,0,0,1,1,1,1,1,1
29617,0,0,1,0,1,1,1,1,1,0
29618,0,0,1,0,1,1,1,1,1,1
29619,0,1,0,0,0,1,0,1,1,0
29620,1,0,1,0,0,1,1,1,1,1
29621,0,1,1,0,1,1,1,1,1,0
29622,1,1,0,0,1,1,1,1,1,1
29623,0,0,1,0,1,1,1,1,1,1
29624,0,0,0,0,1,1,1,1,1,1
29625,0,0,0,0,1,1,1,1,1,1
29626,0,0,0,0,0,1,1,1,1,0
29627,1,0,0,0,1,1,1,1,1,1
29628,0,0,1,0,1,1,0,1,1,1
29629,0,0,0,0,1,1,1,1,1,0
29630,0,1,1,0,1,1,1,1,1,1
29701,0,1,0,0,1,1,1,1,1,1
29702,0,1,0,1,1,1,1,1,1,1
29703,0,0,0,0,1,1,1,1,1,1
29704,0,0,1,0,1,1,0,1,1,1
29705,0,1,0,0,1,1,1,1,1,0
29706,0,1,1,1,1,1,1,1,1,1
29707,0,1,0,1,1,1,1,1,1,1
29708,0,0,0,0,1,1,1,1,1,1
29709,0,1,0,0,1,1,1,1,1,1
29710,0,0,0,1,1,1,1,1,1,1
29711,0,0,1,1,1,1,1,1,1,1
29712,0,0,0,1,1,1,1,1,1,1
29713,0,0,0,1,1,1,1,1,1,1
29714,0,0,0,0,1,1,1,1,1,0
29715,0,0,0,0,1,1,1,1,1,1
29716,0,0,0,1,1,1,1,1,1,1
29717,0,,1,1,1,1,1,1,1,1
29718,0,0,0,0,1,1,0,1,1,1
29719,0,0,0,0,1,1,0,1,1,1
29720,0,0,0,1,1,1,1,1,1,0
29721,0,0,0,0,1,1,1,1,1,0
29722,0,1,0,1,1,1,0,1,1,1
29723,0,0,0,0,1,1,1,1,1,0
29724,0,1,0,1,1,1,1,1,1,1
29725,0,0,0,0,1,1,0,1,1,1
29726,0,0,0,0,1,1,0,1,1,1
29727,0,1,0,0,0,1,0,1,1,1
29728,0,1,0,0,1,1,1,1,1,1
29729,0,1,0,0,1,1,0,1,1,0
29730,0,0,0,0,1,1,1,1,1,0
29801,0,0,0,1,1,1,1,1,1,1
29802,0,0,0,0,1,1,1,1,1,1
29803,0,1,0,0,1,1,1,1,1,1
29804,0,1,0,0,1,1,1,1,1,1
29805,0,0,0,0,1,1,1,1,1,1
29806,0,1,0,0,1,1,1,1,1,0
29807,0,1,0,0,1,1,1,1,1,1
29808,0,0,0,0,1,1,1,1,1,1
29809,0,0,0,0,1,1,1,1,1,1
29810,0,0,1,1,1,1,1,1,1,1
29811,0,,0,0,1,1,1,1,1,1
29812,0,0,0,0,1,1,1,1,1,0
29813,0,0,0,0,1,1,1,1,1,1
29814,0,0,0,1,1,1,1,1,1,0
29815,0,0,0,1,1,1,1,1,1,1
29816,0,1,0,0,1,1,1,1,1,1
29817,0,0,0,0,1,1,1,1,1,1
29818,0,1,0,0,1,1,1,1,1,1
29819,0,0,0,1,1,1,1,1,1,0
29820,0,1,1,0,1,1,1,1,1,0
29821,0,0,0,0,1,1,1,1,1,1
29822,0,1,0,0,1,1,1,1,1,0
29823,0,0,0,0,1,1,1,1,1,0
29824,0,1,0,0,1,1,1,1,1,1
29825,0,1,0,0,1,1,1,1,1,1
29826,0,0,0,0,1,1,1,1,1,1
29827,0,1,0,0,1,1,1,1,1,0
29828,0,0,0,0,1,1,1,1,1,1
29829,0,1,1,0,1,1,1,1,1,1
29830,0,0,0,0,1,1,1,1,1,1
29901,0,1,1,1,1,1,1,1,1,1
29902,0,1,0,0,1,1,1,1,1,1
29903,0,0,1,0,1,1,1,1,1,1
29904,0,0,1,0,1,1,1,1,1,1
29905,0,0,0,1,1,1,1,1,1,0
29906,0,0,0,1,1,1,1,1,1,1
29907,0,1,0,0,1,1,0,1,1,1
29908,0,1,0,0,1,1,1,1,1,1
29909,0,0,0,1,1,1,1,1,1,1
29910,0,0,0,1,1,1,0,1,1,1
29911,0,0,0,0,1,1,1,1,1,0
29912,0,0,1,0,1,1,0,1,1,0
29913,0,0,0,0,1,1,1,1,1,1
29914,0,0,0,0,1,1,1,1,1,1
29915,0,0,1,0,1,1,0,1,1,1
29916,0,1,0,1,1,1,1,1,1,0
29917,0,0,0,0,1,1,1,1,1,0
29918,0,1,0,0,1,1,1,1,1,0
29919,0,1,0,0,1,1,1,1,1,1
29920,0,1,0,1,1,1,1,1,1,1
29921,0,0,0,0,1,1,0,1,1,1
29922,0,1,0,0,1,1,1,1,1,1
29923,0,0,0,0,1,1,1,1,1,1
29924,0,1,1,1,1,1,0,1,1,1
29925,0,0,1,1,1,1,0,1,1,1
29926,0,0,0,0,1,1,1,1,1,1
29927,0,1,0,1,1,1,0,1,1,1
29928,0,0,0,0,1,1,0,1,1,1
29929,0,0,0,1,1,1,0,1,1,1
29930,0,0,0,0,1,1,0,1,1,1
30001,0,1,0,1,1,1,1,1,1,1
30002,0,0,0,0,1,1,0,1,1,1
30003,0,1,0,0,1,1,1,1,1,0
30004,0,1,0,0,1,1,1,1,1,0
30005,0,0,0,0,1,1,1,1,1,1
30006,0,0,0,0,1,1,1,1,1,1
30007,0,1,1,0,1,1,1,1,1,1
30008,0,1,0,0,1,0,1,1,1,1
30009,0,0,0,0,0,0,1,1,1,1
30010,0,0,0,0,1,1,1,1,1,0
30011,0,1,0,0,1,1,0,1,1,0
30012,0,1,0,0,1,1,1,1,1,0
30013,0,1,0,0,1,0,0,1,1,1
30014,0,1,0,0,1,0,1,1,1,0
30015,0,1,0,0,1,0,1,1,1,1
30016,1,1,1,0,1,1,1,1,1,1
30017,0,1,0,0,1,1,1,1,1,1
30018,0,0,0,0,1,1,1,1,1,1
30019,0,1,1,0,1,0,1,1,1,1
30020,1,1,0,1,1,0,1,1,1,0
30021,0,0,0,1,1,0,0,1,1,1
30022,0,1,0,0,1,1,1,1,1,0
30023,0,1,0,0,1,1,1,1,1,1
30024,0,1,0,0,1,1,1,1,1,0
30025,0,1,0,1,1,0,0,1,1,0
30026,0,0,0,0,1,1,1,1,1,1
30027,0,0,1,0,1,0,0,1,1,1
30028,0,0,0,0,1,1,0,1,1,1
30029,0,0,0,0,1,1,0,1,1,1
30030,0,1,0,0,1,1,1,1,1,0
30101,0,1,0,1,1,1,1,1,1,1
30102,0,1,0,0,1,1,1,1,1,1
30103,0,1,0,1,1,1,0,1,1,1
30104,0,0,0,1,1,1,1,1,1,1
30105,0,1,1,1,1,1,0,1,1,1
30106,0,1,0,1,1,1,0,1,1,1
30107,0,1,0,0,1,1,0,1,1,1
30108,0,1,0,1,1,1,0,1,1,1
30109,0,1,1,0,1,1,1,1,1,1
30110,0,,0,0,1,1,0,1,1,1
30111,0,1,0,1,1,1,1,1,1,1
30112,0,1,0,1,1,1,0,1,1,1
30113,0,1,1,1,1,1,1,1,1,1
30114,0,1,1,0,1,1,0,1,1,1
30115,0,0,1,0,1,1,1,1,1,0
30116,0,1,0,0,1,1,1,1,1,1
30117,0,1,0,0,1,1,0,1,1,1
30118,0,1,0,0,1,1,1,1,1,1
30119,0,0,0,1,1,1,1,1,1,1
30120,0,1,0,0,1,1,1,1,1,1
30121,0,1,0,0,1,1,1,1,1,1
30122,0,1,0,0,1,1,0,1,1,1
30123,0,0,0,0,1,1,0,1,1,1
30124,0,0,1,0,1,1,0,1,1,1
30125,0,1,0,0,1,1,1,1,1,1
30126,0,1,0,0,1,1,1,1,1,1
30127,0,1,0,0,1,1,1,1,1,1
30128,0,0,0,0,1,1,1,1,1,0
30129,0,1,0,1,1,1,1,1,1,1
30130,0,,1,1,1,1,1,1,1,1
30201,0,0,0,1,1,0,1,1,1,1
30202,0,0,0,0,1,0,1,1,1,1
30203,0,1,0,0,1,0,1,1,1,1
30204,0,1,0,0,1,0,1,1,1,1
30205,0,0,0,0,1,0,1,1,1,1
30206,0,,0,1,1,0,1,1,1,1
30207,0,0,0,1,1,0,0,1,1,1
30208,0,1,0,1,1,0,1,1,1,1
30209,0,1,1,0,1,0,0,1,1,1
30210,0,0,0,0,1,0,1,1,1,1
30211,0,0,0,0,1,0,0,1,1,1
30212,0,1,0,1,1,0,1,1,1,1
30213,0,0,0,0,1,0,1,1,1,1
30214,0,0,0,0,1,1,0,1,1,1
30215,0,0,0,0,1,1,0,1,1,1
30216,0,1,0,0,1,1,0,1,1,1
30217,0,1,0,0,1,1,0,1,1,1
30218,0,1,0,1,1,1,0,1,1,1
30219,0,0,0,0,1,1,1,1,1,1
30220,0,0,0,0,1,1,1,1,1,1
30221,0,1,1,0,1,1,0,1,1,1
30222,0,0,0,0,1,1,1,1,1,1
30223,0,1,0,1,1,1,0,1,1,1
30224,0,1,0,0,1,1,0,1,1,1
30225,0,0,0,1,1,0,0,1,1,1
30226,0,1,0,0,1,1,0,1,1,1
30227,0,1,0,0,1,1,1,1,1,1
30228,0,1,0,1,1,1,0,1,1,1
30229,0,0,0,0,1,1,0,1,1,1
30230,0,1,0,0,1,1,0,1,1,1
30301,0,0,0,0,1,1,1,1,1,1
30302,0,0,0,0,1,1,1,1,1,1
30303,0,0,0,1,0,1,1,1,1,1
30304,0,0,1,1,1,1,1,1,1,1
30401,0,0,1,0,1,1,1,1,1,1
30402,0,1,0,1,1,1,1,1,1,0
30403,0,0,0,1,1,1,1,1,1,1
30404,0,0,0,1,1,1,1,1,1,1
30405,0,0,0,1,1,1,1,1,1,0
30406,0,1,1,1,1,1,1,1,1,1
30407,0,0,0,0,1,1,0,1,1,1
30408,0,0,0,0,1,1,1,1,1,1
30409,0,1,0,0,1,1,1,1,1,1
30410,0,1,1,0,1,1,1,1,1,1
30411,0,1,0,1,1,1,1,1,1,1
30412,0,0,1,1,1,1,1,1,1,1
30413,0,0,0,1,1,1,1,1,1,1
30414,0,0,0,1,1,1,1,1,1,1
30415,0,0,0,0,1,1,1,1,1,1
30416,0,0,1,0,1,1,0,1,1,1
30417,0,1,0,0,1,1,1,1,1,1
30418,0,0,0,1,1,1,1,1,1,1
30419,0,0,0,1,1,1,1,1,1,1
30420,0,0,0,0,1,1,1,1,1,1
30421,0,0,0,0,1,1,1,1,1,1
30422,0,0,1,0,1,1,1,1,1,1
30423,0,1,1,0,1,1,0,1,1,1
30424,0,1,1,0,1,1,1,1,1,1
30425,0,1,1,0,1,1,1,1,1,0
30426,0,1,0,0,1,1,1,1,1,1
30427,0,0,1,0,1,1,1,1,1,1
30428,0,1,0,1,1,1,1,1,1,1
30429,0,0,0,1,1,1,0,1,1,1
30430,0,0,0,1,1,1,1,1,1,1
30501,0,0,0,0,1,1,1,1,1,1
30502,0,0,0,0,1,1,1,1,1,0
30503,0,0,0,1,1,1,1,1,1,1
30504,0,1,0,0,1,1,1,1,1,1
30505,0,0,0,0,1,1,1,1,1,1
30506,0,0,0,0,1,1,1,1,1,1
30507,0,0,0,0,1,1,1,1,1,1
30508,0,0,0,0,1,1,1,1,1,0
30509,1,0,0,0,1,1,1,1,1,1
30510,0,0,1,0,1,1,1,1,1,1
30511,0,0,0,1,1,1,1,1,1,0
30512,0,1,1,1,1,1,1,1,1,0
30513,0,0,0,0,1,1,1,1,1,1
30514,0,0,0,0,1,1,1,1,1,0
30515,1,0,0,0,1,1,1,1,1,0
30516,0,0,0,0,1,1,1,1,1,0
30517,0,0,0,0,1,1,1,1,1,0
30518,1,0,0,0,1,1,1,1,1,1
30519,0,1,0,0,1,1,1,1,1,1
30520,0,0,0,0,1,1,1,1,0,0
30521,0,0,1,0,1,1,1,1,1,0
30522,0,1,0,1,1,1,0,1,1,0
30523,0,0,0,0,1,1,1,1,1,1
30524,0,1,0,0,1,1,1,1,1,1
30525,0,1,0,0,1,1,1,1,1,0
30526,0,0,0,1,1,1,1,1,1,1
30527,0,0,1,0,1,1,1,1,1,1
30528,0,0,0,0,1,1,1,1,1,0
30529,0,0,0,0,1,1,1,1,1,0
30530,0,0,0,0,1,1,1,1,1,1
30601,0,0,0,0,1,1,1,1,1,0
30602,0,1,0,0,0,1,0,1,1,0
30603,0,0,0,0,0,1,0,0,1,0
30604,0,0,1,0,1,1,1,1,1,0
30605,0,0,0,0,0,1,1,1,1,0
30606,0,0,0,0,1,1,1,1,1,1
30607,0,0,1,0,1,0,1,1,1,0
30608,0,0,0,0,0,0,1,1,1,1
30609,0,1,1,1,1,1,1,1,1,1
30610,0,0,0,0,1,1,1,1,1,1
30611,0,0,0,0,0,1,1,1,1,0
30612,0,1,1,1,1,1,1,1,1,0
30613,0,0,0,1,1,1,1,1,1,0
30614,0,1,0,0,1,1,1,1,1,0
30615,0,1,1,0,1,1,1,1,1,0
30616,0,0,0,0,1,1,1,1,1,0
30617,0,0,0,0,1,1,0,1,1,0
30618,0,1,0,0,1,1,1,1,1,1
30619,0,1,0,0,1,1,1,1,1,1
30620,0,0,0,0,0,1,0,1,1,0
30621,0,0,0,0,1,1,1,1,1,0
30622,0,0,0,0,1,0,1,1,1,0
30623,0,1,0,0,1,1,1,1,1,0
30624,0,0,0,0,1,1,0,1,1,0
30625,0,1,0,0,1,0,1,1,1,0
30626,0,1,0,0,1,1,1,1,1,1
30627,0,0,0,0,1,1,1,1,1,0
30628,0,1,0,0,1,1,1,1,1,0
30629,0,0,0,0,1,1,0,1,1,0
30630,0,0,0,0,1,1,1,1,1,0
30701,0,0,0,0,1,1,1,1,1,1
30702,0,0,0,0,0,1,1,1,1,0
30703,0,1,0,0,1,1,1,1,1,0
30704,0,1,0,0,1,1,1,1,1,0
30705,0,1,0,0,1,1,1,1,1,1
30706,0,0,0,0,1,1,1,1,1,0
30707,0,0,0,1,1,1,1,1,1,1
30708,0,0,0,0,1,1,1,1,1,0
30709,0,0,0,0,1,0,1,1,1,0
30710,0,0,0,0,1,0,1,1,1,0
30711,0,0,0,0,0,1,1,0,0,0
30712,0,0,0,0,1,0,1,1,1,0
30713,0,1,0,0,1,1,1,1,1,0
30714,0,0,0,0,1,1,1,1,1,1
30715,1,0,0,0,1,0,1,1,1,1
30716,0,0,0,0,1,1,1,1,1,1
30717,0,0,0,0,1,1,1,1,0,1
30718,0,0,0,0,1,0,1,1,1,1
30719,0,0,0,0,1,1,1,1,1,1
30720,0,0,0,0,1,1,1,1,1,0
30721,0,0,0,0,1,0,1,1,1,0
30722,0,0,0,1,1,0,1,1,1,1
30723,0,0,0,0,0,0,1,1,1,0
30724,0,0,0,0,1,1,1,1,1,0
30725,0,1,0,0,1,1,1,1,1,0
30726,1,1,0,0,0,1,1,1,1,0
30727,0,1,0,0,1,1,1,1,1,1
30728,0,1,0,0,1,1,1,1,1,1
30729,0,0,0,0,1,1,1,1,1,0
30730,0,0,0,0,1,0,1,1,1,0
30801,0,0,0,0,1,1,0,1,1,0
30802,0,1,0,0,1,0,0,1,1,1
30803,0,0,0,0,1,0,1,1,1,0
30804,1,1,0,1,1,1,1,1,1,1
30805,0,0,0,1,1,0,0,1,1,1
30806,0,1,0,0,1,0,1,1,1,0
30807,0,0,1,0,1,0,0,1,1,1
30808,0,1,0,1,1,0,0,1,1,0
30809,0,0,0,0,1,0,1,1,1,0
30810,0,1,0,1,1,0,0,1,1,1
30811,0,0,0,0,1,0,1,1,1,0
30812,0,1,0,0,1,1,1,1,1,0
30813,0,0,0,0,1,0,1,1,1,0
30814,0,0,0,0,1,0,1,1,1,0
30815,0,0,0,0,1,0,1,1,1,0
30816,0,0,0,0,1,0,0,0,1,0
30817,0,0,0,0,1,0,1,1,1,1
30818,0,0,0,0,1,0,1,1,1,0
30819,0,1,0,0,1,0,1,0,1,0
30820,0,0,0,0,1,0,0,0,1,0
30821,0,0,0,1,1,0,1,1,1,1
30822,0,0,0,0,1,1,1,1,1,0
30823,0,0,0,1,1,1,1,1,1,1
30824,0,0,0,0,1,0,1,1,1,0
30825,0,1,0,0,1,0,1,1,1,1
30826,0,0,0,1,1,1,1,1,1,0
30827,0,0,0,0,1,1,0,1,1,0
30828,0,0,0,0,1,0,1,1,1,0
30829,0,1,0,0,1,1,1,1,1,0
30830,0,0,0,0,1,0,1,1,1,0
30901,0,0,0,0,1,0,0,1,1,0
30902,0,0,0,0,1,1,1,1,1,1
30903,0,0,1,0,1,0,1,1,1,0
30904,0,0,0,0,1,0,0,0,1,1
30905,0,0,0,0,1,1,0,1,1,0
30906,0,0,0,0,1,1,1,1,1,0
30907,0,0,0,0,1,1,1,1,1,0
30908,0,0,0,0,1,1,0,1,1,0
30909,0,0,0,0,1,1,1,1,1,0
30910,0,0,0,0,1,1,1,1,1,1
30911,0,0,0,0,1,1,1,1,1,0
30912,0,0,0,0,1,0,1,1,1,1
30913,0,1,0,0,1,1,0,1,1,1
30914,0,0,0,0,1,1,1,1,1,1
30915,0,1,1,0,1,1,1,1,1,1
30916,1,1,0,0,1,1,1,1,1,1
30917,0,0,0,0,1,1,0,1,1,0
30918,0,1,0,0,1,0,1,1,1,1
30919,0,1,0,0,1,0,0,1,1,0
30920,0,0,0,0,1,1,0,1,1,0
30921,0,0,0,0,1,0,1,0,1,0
30922,0,0,0,0,1,1,0,0,1,0
30923,0,0,0,0,1,1,1,0,1,0
30924,0,0,0,0,1,1,1,1,1,0
30925,0,0,0,1,1,1,1,1,1,1
30926,0,0,0,0,1,1,0,1,1,1
30927,0,1,0,0,1,1,1,1,1,1
30928,0,1,1,0,1,1,0,1,1,0
30929,0,0,0,0,1,1,0,1,1,0
30930,0,0,0,0,1,1,1,1,1,0
31001,0,0,0,0,1,0,1,1,1,0
31002,0,1,0,1,1,0,1,1,1,1
31003,0,1,0,1,1,0,1,1,1,1
31004,0,1,0,0,1,0,1,1,1,1
31005,0,0,0,0,1,0,0,1,1,0
31006,0,1,0,0,1,0,1,1,1,1
31007,0,1,0,1,1,0,1,1,1,1
31008,0,0,0,1,1,1,0,1,1,1
31009,0,0,0,0,1,1,1,1,1,1
31010,0,1,0,0,1,0,1,1,1,0
31011,0,1,0,0,1,1,1,1,1,1
31012,0,0,0,1,1,1,1,1,1,1
31013,0,0,0,1,1,1,1,0,1,1
31014,0,0,0,0,1,1,0,1,1,0
31015,0,0,0,0,1,0,0,0,1,0
31016,0,1,0,0,1,1,1,1,1,0
31017,0,0,0,0,1,0,0,1,1,1
31018,0,0,0,0,1,0,0,1,1,0
31019,0,1,0,0,1,1,1,1,1,1
31020,0,0,1,1,1,0,1,1,1,1
31021,0,0,0,0,1,1,1,1,1,1
31022,0,1,1,0,1,1,1,1,1,0
31023,0,0,0,0,1,1,1,1,1,0
31024,0,0,0,0,1,1,1,1,1,1
31025,0,0,0,0,1,0,1,1,1,0
31026,0,1,0,0,1,1,1,1,1,1
31027,0,0,0,0,1,1,1,1,1,0
31028,0,0,0,1,1,1,1,1,1,1
31029,0,0,0,1,1,1,0,1,1,1
31030,0,1,1,0,1,1,1,1,1,0
31101,0,0,0,0,1,1,1,1,1,0
31102,0,0,0,0,1,1,1,1,1,1
31103,0,1,0,0,1,1,1,1,1,0
31104,0,0,0,0,1,1,1,1,1,0
31105,0,0,0,0,1,1,1,1,1,1
31106,0,1,0,0,1,1,1,1,1,0
31107,0,1,0,0,1,1,0,1,1,0
31108,0,1,0,0,1,1,0,1,1,1
31109,0,0,0,0,1,1,1,1,1,1
31110,0,0,0,0,1,1,1,1,1,0
31111,0,0,0,0,1,1,0,1,1,0
31112,0,0,0,1,1,1,1,1,1,1
31113,0,1,0,0,1,1,1,1,1,1
31114,0,0,0,0,1,1,1,1,1,0
31115,0,0,0,0,1,1,0,1,1,0
31116,0,1,0,0,1,1,0,1,1,1
31117,1,1,0,0,1,1,1,0,1,0
31118,0,0,0,0,1,1,1,1,1,1
31119,0,1,0,0,1,1,0,1,1,0
31120,0,0,0,0,1,1,1,1,1,1
31121,0,0,0,0,1,1,1,1,1,0
31122,0,1,0,0,1,1,0,1,1,0
31123,0,0,0,0,1,1,1,1,1,1
31124,0,0,0,0,1,1,1,1,1,0
31125,1,1,0,0,1,1,0,1,1,0
31126,0,1,0,0,1,1,1,1,1,0
31127,0,0,0,0,1,1,1,1,1,0
31128,0,0,0,0,1,1,1,1,1,0
31129,0,1,0,0,1,1,1,1,1,0
31130,0,1,0,1,1,0,1,1,1,0
31201,0,1,0,0,1,1,0,1,1,0
31202,0,0,0,0,1,1,1,1,1,1
31203,0,1,0,0,1,1,0,1,1,0
31204,0,1,0,0,1,1,1,1,1,1
31205,0,1,0,0,1,1,1,1,1,1
31206,0,0,0,0,1,1,0,1,1,1
31207,0,0,0,1,1,1,1,1,1,1
31208,0,0,0,0,1,1,1,1,1,1
31209,0,0,0,0,1,1,0,1,1,1
31210,0,1,0,0,1,1,1,1,1,0
31211,0,1,0,0,1,1,1,1,1,1
31212,0,0,0,0,1,1,1,1,1,1
31213,0,1,0,1,1,1,1,1,1,1
31214,0,1,0,0,1,1,1,1,1,1
31215,0,1,0,0,1,1,1,1,1,1
31216,0,1,0,0,1,1,1,1,1,0
31217,0,0,0,1,1,1,1,1,1,1
31218,0,1,0,0,1,1,0,1,1,0
31219,0,1,0,0,1,1,1,1,1,0
31220,0,1,0,0,1,1,1,1,1,1
31221,0,1,0,0,1,1,1,1,1,1
31222,0,0,0,0,1,1,1,1,1,0
31223,0,0,0,0,1,1,1,1,1,1
31224,0,0,0,0,1,1,0,1,1,0
31225,0,1,0,0,1,1,0,0,1,0
31226,0,1,0,0,1,1,1,1,1,0
31227,0,1,0,0,1,1,0,1,1,0
31228,1,0,0,0,1,1,1,1,1,1
31229,0,1,0,0,1,1,1,1,1,1
31230,0,1,0,0,1,1,0,1,1,1
31301,0,1,1,0,1,1,1,1,1,1
31302,0,0,0,1,1,1,1,1,0,1
31303,0,1,0,1,1,1,1,1,1,1
31304,0,1,0,0,0,1,1,1,1,1
31305,0,0,0,0,1,1,1,1,1,0
31306,0,0,0,1,1,1,1,1,1,1
31307,0,0,0,1,1,1,1,1,1,1
31308,0,0,0,1,1,1,1,1,1,1
31309,0,1,0,1,1,1,1,1,1,1
31310,0,0,0,1,1,1,1,1,1,1
31311,0,0,0,0,1,1,1,1,1,0
31312,0,0,1,0,1,1,1,1,1,0
31313,0,0,0,1,1,1,1,1,1,1
31314,0,0,1,1,1,1,1,1,1,1
31315,0,0,0,1,1,1,1,1,1,1
31316,0,0,0,1,1,1,1,1,1,0
31317,1,0,0,0,1,1,1,1,1,1
31318,0,1,0,1,1,1,1,1,1,1
31319,0,1,0,0,1,1,1,1,1,1
31320,1,0,0,1,1,1,1,1,1,1
31321,0,0,0,1,1,1,1,1,1,1
31322,0,1,1,0,1,1,1,1,1,1
31323,0,0,0,1,1,1,1,1,1,1
31324,1,0,0,0,1,1,1,1,1,1
31325,0,1,0,0,0,1,1,1,1,0
31326,0,0,0,0,1,1,1,1,1,1
31327,0,0,0,1,1,1,1,1,1,1
31328,0,0,1,1,1,1,1,1,1,1
31329,0,0,0,0,1,1,1,1,1,1
31330,0,0,0,1,1,1,1,1,1,1
31401,0,0,0,0,1,1,1,1,1,0
31402,0,1,0,1,1,1,1,1,1,1
31403,0,0,0,1,1,1,1,1,1,1
31404,0,0,0,0,1,1,1,1,1,0
31405,0,0,0,1,1,1,1,1,1,1
31406,0,0,0,1,1,1,1,1,1,1
31407,0,0,0,1,1,1,1,1,1,1
31408,0,0,0,1,0,1,1,1,1,1
31409,0,1,1,1,1,1,1,1,1,1
31410,0,0,0,0,1,1,1,1,1,1
31411,0,0,0,1,1,1,1,1,1,0
31412,0,0,0,0,1,1,1,1,1,0
31413,0,0,0,0,1,1,1,1,1,0
31414,0,0,0,1,1,1,1,1,1,1
31415,0,1,1,0,1,1,1,1,1,1
31416,0,0,0,1,1,1,1,1,1,1
31417,0,1,0,1,1,1,1,1,1,1
31418,0,1,0,0,1,1,1,1,1,1
31419,0,1,0,1,1,1,1,1,1,1
31420,0,0,0,0,1,1,1,1,1,1
31421,0,0,0,1,1,1,1,1,1,0
31422,0,0,0,0,1,1,1,1,1,1
31423,0,0,0,1,1,1,1,1,1,1
31424,0,1,1,1,1,1,1,1,1,1
31425,0,0,0,1,1,1,1,1,1,1
31426,0,1,0,0,1,1,1,1,1,1
31427,0,0,0,1,1,1,1,1,1,1
31428,0,1,1,1,1,1,1,1,1,1
31429,0,0,0,1,1,1,1,1,1,1
31430,0,1,1,1,1,1,1,1,1,1
31601,0,0,0,1,1,1,1,1,1,1
31602,0,0,0,1,1,1,1,1,1,1
31603,0,0,0,0,1,1,1,1,1,1
31604,0,0,0,1,1,1,1,1,1,1
31605,0,0,0,1,1,1,1,1,1,1
31606,0,0,0,1,1,1,1,1,1,1
31607,0,0,1,1,1,1,1,1,1,1
31608,0,0,0,1,1,1,1,1,1,1
31609,0,0,0,0,1,1,1,1,1,1
31610,0,1,0,1,1,1,1,1,1,1
31611,0,0,0,1,1,1,1,1,1,1
31612,0,0,0,1,1,1,1,1,1,1
31613,0,0,0,1,1,1,1,1,1,1
31614,0,0,1,0,1,1,1,1,1,1
31615,0,1,0,1,1,1,1,1,1,1
31616,1,0,0,0,1,1,1,1,1,1
31617,0,0,0,1,1,1,1,1,1,1
31618,0,1,0,1,1,1,1,1,1,1
31619,0,1,0,0,1,1,1,1,1,0
31620,0,0,0,1,1,1,1,1,1,1
31621,0,0,0,0,1,1,1,1,1,1
31622,0,0,0,1,1,1,1,1,1,1
31623,0,0,0,1,0,1,1,1,1,1
31624,0,0,0,1,1,1,1,1,1,1
31625,0,0,0,1,1,1,1,1,1,1
31626,0,0,0,1,1,1,1,1,1,1
31627,0,0,0,0,1,1,1,1,1,1
31628,1,0,1,1,1,1,1,1,1,1
31629,0,0,0,1,1,1,1,1,1,1
31630,0,0,0,1,1,1,1,1,1,1
31701,0,0,0,0,1,1,1,1,1,1
31702,0,0,0,0,1,1,1,1,1,0
31703,1,0,0,0,1,1,1,0,1,0
31704,0,0,0,0,1,0,1,1,1,0
31705,0,0,0,0,1,1,1,1,1,0
31706,0,,0,0,1,1,1,1,1,0
31707,0,1,0,0,1,0,1,1,1,0
31708,0,1,0,0,1,1,1,1,1,0
31709,0,0,0,1,1,1,1,1,1,1
31710,0,0,0,0,1,1,0,1,1,0
31711,0,1,0,1,1,1,1,1,1,1
31712,0,1,0,0,1,1,1,1,1,1
31713,0,1,0,0,1,1,1,1,1,0
31714,0,1,1,0,1,1,0,1,1,0
31715,0,0,0,0,1,1,1,1,1,0
31716,0,0,0,0,1,1,0,1,1,0
31717,0,0,0,0,1,1,1,1,1,1
31718,0,0,0,1,1,1,1,1,1,1
31719,0,1,0,1,1,1,1,1,1,1
31720,0,0,0,0,1,1,1,1,1,1
31721,0,0,0,0,1,1,1,1,1,1
31722,0,0,0,1,1,1,0,1,1,1
31723,0,0,0,1,1,1,1,1,1,1
31724,0,1,0,0,1,1,1,1,1,1
31725,0,0,0,0,1,1,1,1,1,0
31726,0,1,0,1,1,0,1,1,1,1
31727,0,1,0,0,1,1,1,1,1,1
31728,0,0,0,0,1,1,1,1,1,0
31729,0,1,0,0,1,1,1,1,1,0
31730,0,1,0,1,1,1,1,1,1,1
31801,0,0,0,1,1,1,1,1,1,1
31802,0,0,0,0,1,1,1,1,1,1
31803,0,1,0,0,1,1,1,1,1,0
31804,0,1,1,0,1,1,1,1,1,0
31805,0,1,0,0,1,1,1,1,1,1
31806,0,0,0,0,1,1,1,1,1,1
31807,0,1,0,1,1,1,1,1,1,1
31808,0,0,0,0,1,1,1,1,1,0
31809,0,0,0,0,1,1,1,1,1,0
31810,0,1,0,0,1,1,1,1,1,1
31811,0,1,0,0,1,1,1,1,1,1
31812,0,1,0,0,1,1,1,1,1,1
31813,0,1,0,0,1,1,1,1,1,1
31814,0,0,0,0,1,1,1,1,1,0
31815,0,1,0,1,1,1,1,1,1,0
31816,0,1,0,0,1,1,1,1,1,1
31817,0,0,0,0,1,1,1,1,1,0
31818,0,1,1,0,1,1,1,1,1,0
31819,0,1,0,0,1,1,1,1,1,1
31820,0,1,0,1,1,1,1,1,1,0
31821,0,0,0,0,1,1,1,1,1,1
31822,0,0,0,1,1,1,1,1,1,1
31823,0,0,0,1,1,1,1,1,1,1
31824,0,0,0,0,1,1,1,1,1,1
31825,0,1,1,0,1,1,1,1,1,1
31826,0,0,0,1,1,1,1,1,1,0
31827,0,1,0,0,1,1,1,1,1,0
31828,0,1,0,0,1,1,1,1,1,1
31829,0,0,0,1,1,1,1,1,1,0
31830,0,0,0,0,1,1,1,1,1,0
31901,0,1,0,0,1,1,1,1,1,1
31902,0,1,0,1,1,1,1,1,1,1
31903,0,1,0,0,1,1,0,1,1,1
31904,0,0,0,1,1,1,0,1,1,1
31905,0,0,0,0,1,1,1,1,1,0
31906,0,0,0,1,1,1,0,1,1,1
31907,0,0,0,1,1,1,0,1,1,1
31908,0,0,0,0,1,1,1,1,1,1
31909,0,0,0,1,1,1,0,1,1,0
31910,0,0,0,1,1,1,0,1,1,1
31911,0,0,0,0,1,1,1,1,1,1
31912,0,0,0,1,1,1,0,1,1,1
31913,0,0,0,1,1,1,0,1,1,1
31914,0,0,0,0,1,1,1,1,1,1
31915,0,0,0,0,1,1,0,1,1,1
31916,0,0,0,1,1,1,1,1,1,1
31917,0,0,0,1,1,1,1,1,1,1
31918,0,0,0,1,1,1,1,1,1,1
31919,0,0,0,1,1,1,1,1,1,1
31920,0,0,0,1,1,1,1,1,1,1
31921,0,0,0,0,1,1,1,1,1,1
31922,0,0,0,1,1,1,1,1,1,0
31923,,0,0,0,1,1,1,1,1,1
31924,0,1,0,0,1,1,1,1,1,1
31925,0,0,0,0,1,1,1,1,1,1
31926,0,0,0,1,1,1,1,1,1,0
31927,0,0,0,1,1,1,1,1,1,1
31928,0,0,0,0,1,1,1,1,1,1
31929,0,1,0,1,1,1,1,1,1,1
31930,0,1,0,0,1,1,1,1,1,0
32001,0,0,0,1,1,1,1,1,1,1
32002,0,0,0,0,1,1,1,1,1,0
32003,1,0,0,1,1,1,1,1,1,1
32004,0,1,1,1,1,1,1,1,1,1
32005,0,0,0,1,1,1,1,1,1,1
32006,0,0,0,0,1,1,1,1,1,1
32007,0,0,0,0,1,1,1,1,1,1
32008,0,0,0,0,1,1,1,1,1,1
32009,0,0,0,1,1,1,1,1,1,1
32010,0,0,0,0,1,1,1,1,1,1
32011,0,0,0,1,1,1,1,1,1,1
32012,0,0,0,1,1,1,1,1,1,1
32013,0,1,0,1,1,1,1,1,1,1
32014,0,0,0,0,1,1,1,1,1,1
32015,0,0,0,0,1,1,1,1,1,1
32016,0,1,0,0,1,1,1,1,1,1
32017,0,0,0,0,1,1,1,1,1,0
32018,1,0,0,0,1,1,0,1,1,1
32019,0,0,0,0,1,1,1,1,1,1
32020,0,0,0,0,1,1,0,1,1,1
32021,0,0,0,0,1,1,1,1,1,1
32022,0,0,0,0,1,1,1,1,1,0
32023,0,0,0,0,1,1,1,1,1,1
32024,0,0,1,1,1,1,0,1,1,1
32025,0,0,0,0,1,1,1,1,1,1
32026,0,0,0,0,1,1,0,1,1,0
32027,0,0,0,0,1,1,0,1,1,1
32028,0,0,0,0,1,1,1,1,1,1
32029,0,0,0,1,1,1,1,1,1,0
32030,0,0,0,1,1,1,0,1,1,1
32101,0,0,0,0,1,1,1,1,1,1
32102,1,0,0,1,1,1,1,1,1,1
32103,1,0,0,0,1,1,1,1,1,1
32104,0,0,0,1,0,1,1,1,1,1
32105,0,0,0,0,1,1,1,1,1,1
32106,0,1,0,1,1,1,1,1,1,1
32107,0,1,0,0,1,1,1,1,1,0
32108,0,1,1,1,1,1,1,1,1,1
32109,1,1,0,0,1,1,1,1,1,0
32110,0,0,0,0,0,1,1,1,1,0
32111,0,0,0,0,1,1,1,1,1,1
32112,0,0,0,0,1,1,1,1,1,1
32113,1,0,0,1,1,1,1,1,1,0
32114,0,0,0,0,1,1,1,1,1,0
32115,0,0,0,1,1,1,1,1,1,0
32116,0,0,0,1,1,1,1,1,1,1
32117,0,1,0,0,1,1,1,1,1,1
32118,0,0,0,1,1,1,1,1,1,0
32119,0,1,0,0,1,1,1,1,1,1
32120,0,0,0,0,1,1,1,1,1,0
32121,0,1,0,1,1,0,1,1,1,1
32122,0,0,0,0,1,1,1,1,1,0
32123,0,0,0,1,1,1,1,1,1,1
32124,0,0,0,1,1,1,1,1,1,1
32125,0,0,0,0,1,1,1,1,1,1
32126,0,0,0,0,1,1,1,1,1,1
32127,0,0,0,1,1,0,1,1,1,1
32128,0,0,0,1,1,1,1,1,1,1
32129,0,1,0,1,1,1,1,1,1,0
32130,0,1,0,1,1,1,1,1,1,1
32201,0,1,0,1,1,1,1,1,1,1
32202,0,0,0,1,0,1,1,1,1,0
32203,1,0,0,0,1,1,1,1,1,1
32204,0,0,0,1,1,1,1,1,1,1
32205,0,0,0,0,1,1,1,1,1,1
32206,0,0,0,1,1,1,1,1,1,1
32207,0,1,0,1,1,1,1,1,1,1
32208,0,0,0,0,1,1,1,1,1,0
32209,0,1,0,0,1,1,1,1,1,1
32210,0,1,0,1,1,1,1,1,1,1
32211,0,1,1,1,1,0,1,1,1,1
32212,0,0,0,0,1,1,1,1,1,0
32213,0,1,0,0,1,1,1,1,1,0
32214,0,1,0,1,1,0,1,1,1,1
32215,0,0,0,0,1,1,1,1,1,0
32216,0,0,0,1,1,1,1,1,1,1
32217,1,1,1,1,1,1,1,1,1,0
32218,0,0,1,1,1,1,1,1,1,1
32219,0,1,1,1,1,1,1,1,1,1
32220,0,1,0,1,1,1,1,1,1,1
32221,0,0,0,1,1,1,1,1,1,1
32222,0,1,0,1,1,1,1,1,1,1
32223,1,,0,0,1,1,1,1,1,1
32224,0,0,0,1,1,1,1,1,1,0
32225,0,1,0,1,1,1,1,1,1,1
32226,0,1,0,0,1,1,1,1,1,0
32227,0,1,0,0,1,1,1,1,1,0
32228,0,0,0,0,1,1,1,1,1,0
32229,0,1,0,1,0,1,1,1,1,0
32230,0,0,0,1,1,1,1,1,1,1
32301,0,1,0,1,1,1,1,1,1,1
32302,1,0,0,1,1,1,1,1,1,1
32303,0,0,0,0,1,1,1,1,1,1
32304,0,1,0,0,1,1,1,1,1,1
32305,0,0,0,0,1,1,1,1,1,0
32306,0,1,0,1,1,1,1,1,1,1
32307,0,1,1,1,1,0,1,1,1,1
32308,0,1,0,1,1,1,1,1,1,0
32309,0,0,1,0,1,1,1,1,1,1
32310,0,0,0,1,1,1,1,1,1,1
32311,0,1,0,1,1,1,1,1,1,1
32312,0,0,0,1,1,1,1,1,1,0
32313,0,1,0,1,1,1,1,1,1,1
32314,0,0,0,1,1,1,1,1,1,1
32315,0,0,0,0,1,1,1,1,1,1
32316,0,,0,0,1,1,1,1,1,1
32317,0,0,0,1,1,1,1,1,1,1
32318,0,1,0,0,1,1,1,1,1,1
32319,0,0,0,1,1,1,1,1,1,1
32320,0,0,0,0,1,1,1,1,1,0
32321,0,1,0,0,1,1,1,1,1,0
32322,0,0,0,1,1,1,1,1,1,1
32323,0,0,0,0,1,1,1,1,1,0
32324,0,1,1,0,1,1,1,1,1,1
32325,0,0,1,0,1,1,1,1,1,0
32326,0,0,0,0,1,1,1,1,1,0
32327,0,1,0,1,1,1,1,1,1,1
32328,0,1,0,0,1,1,1,1,1,1
32329,0,0,0,0,1,1,1,1,1,1
32330,0,0,0,0,1,1,1,1,1,0
32401,0,1,0,1,1,1,1,1,1,1
32402,0,1,0,1,1,1,1,1,1,0
32403,0,1,0,0,1,1,1,1,1,1
32404,0,0,0,1,1,1,1,1,1,1
32405,0,0,1,0,1,1,1,1,1,0
32406,0,1,0,1,1,0,1,1,1,1
32407,0,1,0,0,0,1,1,1,1,0
32408,0,0,0,1,1,1,1,1,1,1
32409,0,1,1,0,1,1,1,1,1,1
32410,0,0,0,0,1,1,1,1,1,0
32411,0,0,1,1,1,1,1,1,1,1
32412,0,1,0,1,1,1,1,1,1,1
32413,0,0,0,1,1,1,1,1,1,1
32414,0,0,0,1,1,1,1,1,1,1
32415,0,0,0,0,1,1,1,1,1,0
32416,0,1,0,0,1,1,1,1,1,0
32417,0,1,0,0,1,1,1,1,1,1
32418,0,1,0,1,1,1,1,1,1,1
32419,0,1,0,0,1,1,1,1,1,1
32420,0,0,0,0,1,1,1,1,1,0
32421,0,0,0,0,1,1,1,1,1,0
32422,0,1,0,0,1,1,1,1,1,1
32423,0,0,0,0,1,1,1,1,1,1
32424,1,0,0,1,1,1,1,1,1,1
32425,0,1,0,1,0,1,1,1,1,0
32426,0,0,0,0,1,1,1,1,1,1
32427,0,0,1,1,1,1,1,1,1,1
32428,0,0,0,0,1,1,1,1,1,0
32429,0,0,0,0,1,1,1,1,1,0
32430,0,1,0,1,1,1,1,1,1,1
32501,0,0,0,0,1,1,1,1,1,1
32502,0,0,0,0,1,1,1,1,1,1
32503,0,0,0,0,1,1,1,1,1,0
32504,0,0,0,0,1,1,1,1,1,1
32505,0,0,0,0,1,1,1,1,1,1
32506,0,0,0,1,1,1,1,1,1,1
32507,0,0,0,1,1,1,1,1,1,1
32508,0,0,0,0,1,1,1,1,1,0
32509,0,1,0,1,1,1,0,1,1,1
32510,0,0,0,1,1,1,0,1,1,0
32511,0,1,0,1,1,1,1,1,1,0
32512,0,0,0,1,1,1,1,1,1,1
32513,0,1,1,1,1,1,1,1,1,1
32514,0,1,0,0,1,1,1,1,1,1
32515,0,0,0,0,1,1,1,1,1,1
32516,0,0,0,1,1,1,0,1,1,1
32517,0,0,0,0,1,1,1,1,1,1
32518,0,,1,0,1,1,1,1,1,1
32519,0,0,0,1,1,1,0,1,1,1
32520,0,1,0,1,1,1,1,1,1,0
32521,0,0,0,1,1,1,0,1,1,1
32522,0,0,0,1,1,1,0,1,1,1
32523,0,0,0,0,1,1,1,1,1,1
32524,0,0,0,1,1,1,1,1,1,1
32525,0,1,0,0,1,1,0,1,1,0
32526,0,,0,1,1,1,1,1,1,1
32527,0,1,0,0,1,1,0,1,0,1
32528,0,1,0,0,1,1,0,1,1,1
32529,0,0,0,1,1,1,1,1,1,1
32530,0,0,0,0,1,1,0,1,1,0
32601,0,1,1,1,1,1,1,1,1,1
32602,0,0,1,1,1,1,1,1,1,0
32603,0,0,0,1,1,1,0,1,1,1
32604,0,0,0,0,1,1,1,1,1,1
32605,0,1,1,0,1,1,1,1,1,1
32606,0,0,0,0,1,1,0,1,1,1
32607,0,0,0,0,1,1,0,1,1,0
32608,0,1,0,1,1,1,1,1,1,1
32609,0,1,0,0,1,1,0,1,1,1
32610,0,0,0,0,1,1,1,1,1,1
32611,0,0,0,0,1,1,1,1,1,0
32612,1,1,1,1,1,1,1,1,1,0
32613,0,0,0,0,1,1,1,1,1,0
32614,0,0,1,0,1,1,0,1,1,0
32615,0,0,0,0,1,1,0,1,1,0
32616,0,0,0,0,1,1,1,1,1,0
32617,0,1,0,0,1,1,1,1,1,0
32618,0,1,0,0,1,1,0,1,1,0
32619,1,1,1,1,1,1,1,1,0,0
32620,0,0,0,0,1,1,1,1,1,1
32621,0,0,1,1,1,1,1,1,1,1
32622,0,1,0,0,1,1,1,1,1,0
32623,0,0,0,1,1,1,1,1,1,1
32624,0,0,0,1,1,1,0,1,1,1
32625,0,0,1,0,1,1,1,1,1,0
32626,0,0,0,1,1,1,1,1,1,1
32627,0,1,1,0,1,1,1,1,1,1
32628,0,0,0,1,1,1,1,1,1,1
32629,0,0,0,0,1,1,1,1,1,1
32630,0,1,0,1,1,1,1,1,1,1
32701,0,0,0,1,1,1,1,1,1,1
32702,0,1,1,0,1,1,1,1,1,1
32703,0,0,0,0,1,1,1,1,1,1
32704,0,0,0,0,1,1,1,1,1,1
32705,0,0,0,0,1,1,1,1,1,1
32706,0,0,0,0,1,1,1,1,1,1
32707,0,0,0,1,1,1,1,1,1,1
32708,0,0,0,1,1,1,1,1,1,0
32709,0,1,0,1,1,1,1,1,1,0
32710,0,0,0,0,1,1,1,1,1,1
32711,0,0,0,0,1,1,1,1,1,1
32712,0,0,1,1,1,1,1,1,1,1
32713,0,1,0,0,1,1,1,1,1,1
32714,0,1,0,1,1,1,1,1,1,1
32715,0,1,0,0,1,1,1,1,1,1
32716,0,0,0,0,1,1,1,1,1,1
32717,0,0,1,0,1,1,1,1,1,1
32718,0,0,0,0,1,1,1,1,1,1
32719,0,1,0,1,1,0,1,1,1,1
32720,0,0,0,0,1,1,1,1,1,1
32721,0,0,1,0,1,1,1,1,1,1
32722,0,1,0,0,1,1,1,1,1,1
32723,0,0,0,0,1,1,1,1,1,1
32724,0,0,0,1,1,1,1,1,1,1
32725,0,0,0,1,1,1,1,1,1,1
32726,0,0,0,0,1,1,1,1,1,1
32727,0,0,0,0,1,1,1,1,1,1
32728,0,,1,0,1,1,1,1,1,1
32729,0,1,0,1,1,1,1,1,1,1
32730,1,1,0,0,1,1,1,1,1,1
32801,0,0,0,0,1,1,1,1,1,1
32802,0,0,1,0,1,1,1,1,1,1
32803,0,0,0,0,1,1,1,1,1,0
32804,0,0,0,0,1,1,1,1,1,1
32805,0,1,0,0,1,1,1,1,1,0
32806,0,0,1,1,1,1,1,1,1,1
32807,0,1,0,1,1,1,1,1,1,1
32808,0,0,0,0,1,1,1,1,1,1
32809,0,0,0,1,1,1,1,1,1,1
32810,0,1,0,0,1,1,1,1,1,1
32811,0,1,0,1,1,1,1,1,1,1
32812,0,1,0,0,1,1,1,1,1,1
32813,0,0,0,0,1,1,1,1,1,1
32814,0,1,1,1,1,1,1,1,1,1
32815,0,0,0,1,1,1,1,1,1,1
32816,0,1,0,0,1,1,1,1,1,1
32817,0,1,1,0,1,1,1,1,1,1
32818,0,0,0,0,1,1,1,1,1,1
32819,0,1,0,0,1,1,1,1,1,1
32820,0,0,1,0,1,1,1,1,1,1
32821,0,0,0,1,1,1,1,1,1,1
32822,0,1,0,1,1,1,1,1,1,1
32823,0,0,1,0,1,1,1,1,1,1
32824,0,1,0,1,1,1,1,1,1,1
32825,0,1,1,0,1,1,1,1,1,1
32826,0,0,0,0,1,1,1,1,1,1
32827,0,1,1,0,1,1,1,1,1,1
32828,0,0,1,1,1,1,1,1,1,0
32829,0,0,0,1,1,1,1,1,1,1
32830,0,1,0,0,1,0,1,1,1,1
32901,0,1,0,0,1,1,1,1,1,0
32902,0,0,0,1,1,1,1,1,1,0
32903,0,1,1,1,1,1,1,1,1,1
32904,0,1,0,0,1,1,1,1,1,1
32905,0,0,0,0,1,1,1,1,1,1
32906,0,0,0,1,1,1,1,1,1,1
32907,0,1,0,1,1,1,1,1,1,1
32908,0,0,0,1,1,1,1,1,1,1
32909,0,1,0,0,1,1,1,1,1,1
32910,0,1,0,0,1,1,1,1,1,0
32911,0,0,0,0,1,1,1,1,1,1
32912,0,0,0,1,1,1,1,1,1,1
32913,0,1,0,0,1,1,1,1,1,0
32914,0,0,0,0,1,1,1,1,1,0
32915,0,0,0,0,1,1,1,1,1,1
32916,0,1,0,0,1,1,1,1,1,0
32917,0,0,0,0,1,1,0,1,1,1
32918,0,0,0,0,1,1,1,1,1,0
32919,0,1,0,0,1,1,1,1,1,1
32920,0,0,0,1,1,1,0,1,1,1
32921,0,1,0,0,1,1,1,1,1,1
32922,0,0,0,0,1,1,1,1,1,1
32923,0,0,0,0,1,1,0,1,1,1
32924,0,0,0,1,1,1,0,1,1,1
32925,0,0,0,0,1,1,1,1,1,0
32926,0,1,0,1,1,1,0,1,1,1
32927,0,0,0,0,1,1,0,1,1,0
32928,0,0,0,0,1,1,1,1,1,1
32929,0,0,0,0,1,1,0,1,1,1
32930,0,0,0,1,1,1,0,1,0,1
33001,0,1,0,1,1,1,1,1,1,1
33002,0,0,0,1,1,1,1,1,1,1
33003,0,0,1,1,1,1,1,1,1,1
33004,0,0,0,1,1,1,1,1,1,1
33005,0,0,0,1,1,1,1,1,1,1
33006,0,0,0,1,1,1,1,1,1,1
33007,0,0,0,0,1,1,1,1,1,1
33008,0,0,0,0,1,1,1,1,1,0
33009,0,0,0,0,1,1,1,1,1,1
33010,0,0,0,1,1,1,1,1,1,1
33011,0,0,0,0,1,1,1,1,1,1
33012,0,1,1,1,1,1,1,1,1,1
33013,0,0,0,0,1,1,1,1,1,1
33014,0,0,0,0,1,1,1,1,1,1
33015,0,0,1,1,1,1,0,1,1,1
33016,0,1,0,1,1,1,1,1,1,1
33017,0,1,0,0,1,1,1,1,1,0
33018,0,1,0,0,1,1,0,1,1,1
33019,0,1,0,0,1,1,1,1,1,0
33020,0,1,0,1,1,1,0,1,1,1
33021,0,0,0,1,1,1,0,1,1,0
33022,0,1,0,0,1,1,1,1,1,1
33023,0,1,0,1,1,1,0,1,1,0
33024,0,1,0,0,1,1,1,1,1,1
33025,0,1,0,0,1,1,1,1,1,1
33026,0,0,0,1,1,1,0,1,1,1
33027,0,0,0,1,1,1,0,1,1,1
33028,0,0,0,0,1,1,1,1,1,0
33029,0,0,0,1,1,1,0,1,1,1
33030,0,0,0,0,1,1,1,1,1,1
33101,0,0,0,0,1,1,1,1,1,1
33102,0,1,0,0,1,1,1,1,1,0
33103,0,1,0,0,1,1,1,1,1,1
33104,0,1,0,1,1,1,1,1,1,1
33105,0,0,0,1,1,1,1,1,1,1
33106,0,1,1,0,1,1,1,1,1,1
33107,0,0,0,1,1,1,1,1,1,1
33108,0,0,0,1,0,1,1,1,1,0
33109,0,0,0,1,1,1,1,1,1,1
33110,0,0,0,1,1,1,1,1,1,1
33111,0,1,0,1,1,1,1,1,1,1
33112,0,0,0,0,1,1,1,1,1,1
33113,1,1,0,1,1,1,1,1,1,1
33114,0,0,0,0,1,1,1,1,1,1
33115,0,0,0,0,1,1,1,1,1,0
33116,0,0,0,1,1,1,1,1,1,1
33117,0,1,0,0,1,1,1,1,1,0
33118,0,0,0,1,1,1,1,1,1,1
33119,0,0,0,1,1,1,1,1,1,1
33120,0,0,0,1,1,1,1,1,1,1
33121,0,0,0,1,1,1,1,1,1,1
33122,0,0,0,0,1,1,1,1,1,1
33123,0,0,1,1,1,1,1,1,1,1
33124,0,0,0,0,1,1,1,1,1,1
33125,0,1,1,1,1,1,1,1,1,1
33126,0,0,0,1,1,1,1,1,1,1
33127,0,0,0,1,1,1,1,1,1,1
33128,0,0,0,0,1,1,1,1,1,0
33129,0,0,0,0,1,0,1,1,1,0
33130,0,0,1,1,1,1,1,1,1,1
33201,0,0,0,0,1,1,1,1,1,0
33202,0,0,0,1,1,1,1,1,1,1
33203,0,0,0,1,1,1,1,1,1,1
33204,0,0,1,0,1,1,1,1,1,1
33205,0,1,0,0,1,1,1,1,1,0
33206,0,0,1,0,1,1,1,1,1,1
33207,0,0,0,1,1,1,1,1,1,1
33208,0,0,0,1,1,1,1,1,1,1
33209,0,0,1,1,1,1,1,1,1,1
33210,0,0,0,0,1,1,1,1,1,1
33211,0,1,0,0,1,1,1,1,1,0
33212,0,0,0,1,1,1,1,1,1,1
33213,0,0,0,1,1,1,1,1,1,1
33214,0,1,1,1,1,1,1,1,1,0
33215,0,0,0,0,1,1,1,1,1,1
33216,0,0,0,0,1,1,1,1,1,0
33217,0,0,0,0,1,1,1,1,1,1
33218,0,1,0,1,1,1,1,1,1,1
33219,0,0,0,0,1,1,1,1,1,1
33220,0,0,0,0,1,1,1,1,1,1
33221,0,0,0,0,1,1,1,1,1,0
33222,0,0,0,0,1,1,1,1,1,0
33223,1,0,0,0,1,1,1,1,1,1
33224,0,1,0,1,1,1,1,1,1,0
33225,0,1,0,0,1,1,1,1,1,1
33226,1,1,0,0,1,1,1,1,1,0
33227,0,0,0,0,1,1,1,1,1,1
33228,0,1,1,1,1,1,1,1,1,1
33229,0,0,0,1,1,1,1,1,1,1
33230,0,0,0,1,1,1,1,1,1,1
33301,0,0,0,1,1,1,1,1,1,0
33302,0,0,0,1,1,1,1,1,1,1
33303,0,,0,0,1,1,1,1,1,0
33304,1,0,0,1,1,1,1,1,1,1
33305,0,0,0,0,1,0,1,1,0,1
33306,0,0,0,0,1,0,1,1,0,0
33307,0,1,1,1,1,1,1,1,1,1
33308,0,1,0,0,1,1,1,1,1,1
33309,0,0,0,0,0,0,1,1,0,0
33310,0,0,1,1,1,0,1,1,0,0
33311,0,0,0,0,1,1,0,1,1,0
33312,0,0,0,1,1,1,1,1,1,0
33313,0,0,0,1,1,1,1,1,1,1
33314,0,0,0,1,1,1,1,1,1,0
33315,0,0,0,1,1,1,1,1,1,0
33316,0,0,1,0,1,1,0,1,1,0
33317,0,1,0,0,1,1,0,1,1,1
33318,0,0,0,1,1,1,1,1,1,0
33319,0,0,0,0,1,1,1,1,1,0
33320,0,0,0,1,1,1,1,1,1,1
33321,0,0,0,1,1,1,1,1,1,0
33322,0,0,1,1,1,0,1,1,0,0
33323,0,1,1,0,1,0,1,1,0,1
33324,0,0,0,0,1,1,1,1,1,0
33325,0,1,0,0,1,1,1,1,1,1
33326,0,0,0,0,1,1,1,1,1,0
33327,0,1,1,0,1,1,1,1,1,0
33328,0,1,1,1,1,0,1,1,1,0
33329,0,0,0,1,1,1,1,1,1,0
33330,0,0,0,0,1,1,1,1,1,0
33401,1,1,1,1,1,0,1,1,1,1
33402,0,0,0,1,1,0,1,1,1,1
33403,0,0,0,1,1,0,1,1,1,1
33404,1,0,0,1,0,1,1,1,1,0
33405,0,1,0,0,1,1,1,1,1,0
33406,0,1,0,0,0,0,1,1,1,1
33407,0,0,0,0,1,0,1,1,1,0
33408,0,0,0,0,1,0,1,1,1,0
33409,0,1,1,1,1,1,1,1,1,1
33410,0,1,0,1,1,1,1,1,1,1
33411,0,0,0,1,0,1,1,1,1,0
33412,0,0,0,0,0,1,0,1,1,0
33413,0,1,0,1,0,1,1,1,1,0
33414,0,0,0,0,1,1,1,1,1,0
33415,0,0,0,0,1,0,1,1,1,0
33416,0,0,0,0,0,0,1,1,1,0
33417,1,0,0,0,1,1,0,1,1,0
33418,0,0,0,1,0,1,1,1,1,0
33419,0,1,1,0,1,1,1,1,1,1
33420,0,,0,0,1,0,0,1,1,0
33421,0,0,0,0,1,0,1,1,1,0
33422,0,0,0,0,1,0,1,1,1,0
33423,0,0,0,0,1,0,1,1,1,0
33424,0,0,0,0,1,0,1,1,1,1
33425,0,0,1,0,1,0,1,1,1,0
33426,0,0,1,0,1,0,1,1,1,0
33427,0,0,0,0,1,0,1,1,1,0
33428,0,0,0,0,0,1,0,0,1,0
33429,0,1,0,0,1,1,1,1,1,1
33430,0,0,0,0,1,1,1,1,1,0
33501,0,1,0,1,1,0,1,1,1,1
33502,0,0,0,1,1,0,1,1,1,1
33503,1,0,0,0,1,0,1,1,1,1
33504,0,0,1,0,1,1,1,1,1,1
33505,0,1,0,0,1,1,1,1,1,0
33506,0,0,0,0,1,1,0,1,1,0
33507,0,0,0,0,1,1,1,1,1,0
33508,0,0,0,0,1,0,1,1,1,1
33509,0,0,0,0,1,1,1,1,1,1
33510,0,0,0,0,1,1,1,1,1,0
33511,0,1,0,0,1,1,1,1,1,0
33512,0,1,0,0,1,1,1,1,1,0
33513,0,1,0,0,1,1,0,1,1,0
33514,0,0,0,0,1,1,1,1,1,0
33515,0,0,0,0,1,1,1,1,1,0
33516,0,0,0,0,1,1,1,1,1,0
33517,0,0,0,0,1,1,1,1,1,1
33518,0,0,0,0,1,1,1,1,1,0
33519,0,0,0,0,1,1,1,1,1,1
33520,0,0,0,0,1,0,1,1,1,1
33521,0,0,0,0,1,1,1,1,1,0
33522,0,0,0,0,1,0,0,1,1,0
33523,0,0,0,1,1,0,1,1,1,0
33524,0,0,0,0,1,0,1,0,1,0
33525,0,0,0,0,1,1,0,1,1,0
33526,0,0,0,0,1,1,1,1,1,0
33527,0,0,0,0,1,1,1,1,1,0
33528,0,0,0,0,1,0,1,1,1,0
33529,0,1,0,0,1,0,1,0,1,0
33530,0,1,0,0,1,0,1,1,1,0
33601,0,0,0,0,0,1,0,1,1,0
33602,0,0,0,0,1,1,1,1,1,1
33603,0,0,0,1,1,1,1,1,1,1
33604,0,0,1,0,1,1,1,1,1,0
33605,0,0,1,0,1,0,1,1,1,0
33606,0,1,0,0,1,0,0,1,1,0
33607,0,0,0,0,1,1,1,1,1,0
33608,0,0,0,0,1,0,1,1,1,0
33609,0,0,1,0,1,1,1,1,1,1
33610,0,0,0,0,1,1,1,1,1,1
33611,0,0,0,1,1,1,1,1,1,1
33612,0,1,0,0,1,1,0,0,1,0
33613,0,0,0,0,1,1,1,1,1,0
33614,0,0,0,0,1,1,0,0,1,0
33615,0,0,0,0,1,0,1,1,1,0
33616,0,0,0,0,1,1,1,1,1,0
33617,0,1,0,0,1,0,1,1,1,0
33618,0,0,0,0,1,1,1,1,1,1
33619,0,0,0,0,1,0,1,1,1,0
33620,0,0,0,1,1,1,0,1,1,0
33621,0,0,0,0,1,1,1,1,1,1
33622,0,0,0,0,1,1,0,0,1,0
33623,0,0,1,0,1,0,1,1,1,0
33624,0,0,0,0,1,0,0,1,1,1
33625,0,1,0,0,1,0,1,1,1,1
33626,0,0,0,0,1,0,1,1,1,1
33627,0,0,0,0,1,1,1,1,1,1
33628,0,0,0,0,1,0,1,1,0,0
33629,0,0,0,0,1,1,1,1,1,0
33630,0,0,0,0,1,1,1,1,1,0
33701,0,1,0,0,1,1,1,1,1,0
33702,0,1,0,0,1,0,0,1,1,0
33703,0,0,0,0,1,0,0,0,1,0
33704,0,0,0,0,1,1,1,0,1,1
33705,0,0,0,0,1,1,1,1,1,0
33706,0,0,0,0,1,1,0,0,1,0
33707,0,0,0,0,0,1,1,1,1,0
33708,0,0,0,1,1,0,1,1,1,1
33709,0,0,0,0,1,1,1,1,1,0
33710,0,0,0,0,1,1,1,1,1,1
33711,0,0,0,0,1,1,1,1,1,1
33712,0,0,0,0,1,1,1,1,1,1
33713,0,0,0,1,1,0,1,1,1,1
33714,0,1,0,0,1,0,1,1,1,0
33715,0,0,0,0,0,1,0,0,1,0
33716,0,0,0,0,1,0,1,1,0,0
33717,0,0,1,0,0,0,1,1,1,0
33718,0,0,0,1,1,1,1,1,1,1
33719,0,0,0,0,1,1,1,1,1,0
33720,0,1,1,0,1,1,0,1,1,0
33721,0,1,0,0,1,0,1,1,1,1
33722,0,0,0,0,1,0,1,1,0,0
33723,0,0,0,0,0,1,1,0,1,0
33724,0,0,1,0,0,1,0,0,1,0
33725,0,0,0,0,0,0,1,1,1,0
33726,0,0,0,0,0,1,1,1,1,0
33727,0,0,0,0,1,1,1,1,1,1
33728,0,0,0,0,1,1,1,1,1,1
33729,0,0,0,0,1,0,1,1,1,1
33730,0,0,0,0,1,1,1,1,1,0
33801,0,0,1,0,1,0,1,1,1,0
33802,0,0,0,0,1,1,1,1,1,0
33803,0,1,0,0,0,1,1,1,1,0
33804,0,0,0,1,1,0,1,1,1,1
33805,0,1,0,0,1,1,1,1,1,0
33806,0,1,0,1,1,0,1,1,1,1
33807,0,1,0,0,1,1,1,1,1,0
33808,0,1,0,0,1,1,1,1,1,1
33809,0,0,0,1,1,0,1,1,1,1
33810,0,1,1,0,1,0,1,1,1,1
33811,0,0,0,1,1,1,1,1,1,1
33812,0,0,0,0,1,1,1,1,1,1
33813,0,1,1,0,1,0,1,1,1,1
33814,0,1,1,0,1,1,0,1,1,0
33815,0,0,0,0,1,0,1,1,1,1
33816,1,0,0,0,1,1,1,1,1,0
33817,0,1,1,1,1,1,0,1,1,1
33818,0,0,0,1,1,1,1,1,1,0
33819,0,1,0,1,1,0,1,1,0,1
33820,0,1,0,0,1,1,0,1,1,1
33821,0,1,0,0,1,1,1,1,1,0
33822,0,0,0,1,1,0,1,1,1,1
33823,0,0,1,0,1,1,1,1,1,1
33824,0,1,0,0,1,1,1,1,1,0
33825,0,0,0,1,1,0,1,1,1,0
33826,0,1,1,0,1,1,1,1,1,0
33827,0,0,0,0,1,1,1,1,1,0
33828,1,0,0,0,1,1,1,1,1,0
33829,0,1,0,0,1,1,1,1,0,1
33830,0,0,0,0,1,0,1,1,1,0
33901,0,0,0,0,1,0,1,1,0,0
33902,0,1,0,0,1,0,1,1,0,1
33903,0,0,1,1,1,0,1,1,0,1
33904,0,0,0,1,1,0,1,1,0,1
33905,0,,1,1,1,0,1,1,0,1
33906,0,0,1,1,1,1,1,1,1,0
33907,0,0,0,0,0,1,1,0,1,0
33908,0,1,0,0,1,1,1,0,1,1
33909,0,0,0,0,1,1,1,1,1,0
33910,0,0,1,0,1,1,1,1,1,0
33911,0,0,0,0,1,1,1,1,1,1
33912,0,0,1,0,1,1,1,1,1,1
33913,0,0,0,0,1,1,1,1,1,1
33914,0,1,0,0,1,1,1,1,1,1
33915,0,0,0,0,1,0,1,1,1,0
33916,0,0,0,0,0,1,1,1,1,0
33917,0,1,0,0,1,0,1,1,1,0
33918,0,1,0,0,1,1,1,1,1,0
33919,0,0,0,0,1,1,1,0,1,0
33920,0,0,0,0,1,1,1,1,1,0
33921,0,0,0,0,1,0,1,1,0,1
33922,0,0,0,0,1,0,1,1,0,0
33923,0,1,0,1,1,0,1,1,0,1
33924,0,0,1,1,1,0,1,1,0,1
33925,0,0,0,0,1,0,1,1,0,1
33926,0,0,1,1,1,0,1,1,0,1
33927,0,0,1,1,1,0,1,1,0,1
33928,0,0,0,0,1,0,1,1,0,1
33929,0,0,0,1,1,1,1,1,1,1
33930,0,0,0,0,1,0,1,1,0,0
34001,0,0,1,1,1,1,0,1,1,0
34002,0,0,0,0,1,1,0,1,1,1
34003,0,0,0,1,1,1,0,1,1,0
34004,0,0,0,1,1,0,0,1,1,1
34005,0,0,0,1,1,1,0,1,1,1
34006,0,0,0,1,1,1,0,1,1,1
34007,0,0,0,1,1,1,0,1,1,1
34008,0,0,0,1,1,1,0,1,1,1
34009,0,0,0,0,1,1,0,1,1,0
34010,0,0,0,1,1,1,0,1,1,1
34011,0,0,0,1,1,1,0,1,1,1
34012,0,0,0,0,1,1,0,1,1,1
34013,0,0,0,1,1,1,0,1,1,1
34014,0,0,0,1,1,1,0,1,1,0
34015,0,1,1,1,1,1,1,1,1,0
34016,0,0,0,0,1,1,1,1,1,0
34017,0,1,0,1,1,1,1,1,1,1
34018,0,0,0,1,1,1,1,1,1,1
34019,0,1,1,0,1,1,1,1,1,1
34020,0,0,0,0,1,1,1,1,1,0
34021,0,0,0,1,1,1,1,1,1,1
34022,0,0,0,1,1,1,1,1,1,0
34023,0,0,0,1,1,1,1,1,1,1
34024,0,0,0,1,1,1,1,1,1,0
34025,0,1,0,0,1,1,1,1,1,1
34026,0,0,0,0,1,1,1,1,1,1
34027,0,1,0,1,1,1,1,1,1,0
34028,0,1,1,1,1,1,1,1,1,0
34029,0,0,0,0,1,1,1,1,1,0
34030,0,0,0,0,0,1,1,1,1,0
34101,0,0,0,0,1,1,1,1,1,1
34102,1,1,0,0,1,1,1,1,1,1
34103,0,0,0,0,1,1,1,1,1,0
34104,0,0,0,0,1,1,0,1,1,1
34105,0,0,0,0,1,1,1,1,1,1
34106,0,0,0,1,1,1,1,1,1,1
34107,0,1,0,1,1,1,1,1,1,1
34108,0,0,0,0,1,1,1,1,1,0
34109,1,0,0,0,1,1,1,1,1,0
34110,0,0,1,0,1,1,1,1,1,1
34111,0,0,0,0,1,1,1,1,0,1
34112,0,0,0,1,1,1,1,1,0,1
34113,0,0,0,1,1,1,1,1,1,1
34114,0,0,0,1,1,1,1,1,1,1
34115,0,1,0,0,1,1,1,1,1,1
34116,0,1,0,0,1,1,0,1,1,1
34117,0,0,0,0,1,0,0,1,1,1
34118,0,0,0,1,1,1,0,1,1,1
34119,0,0,0,1,1,1,0,1,1,1
34120,0,0,0,1,1,1,0,1,1,1
34121,0,0,0,1,1,1,0,1,1,1
34122,0,1,0,1,1,1,0,1,1,1
34123,0,1,0,0,1,1,0,1,1,1
34124,0,0,0,0,1,1,0,1,1,1
34125,0,0,1,0,1,1,0,1,1,1
34126,0,0,0,1,1,1,0,1,1,1
34127,0,1,0,0,1,1,0,1,1,0
34128,0,0,0,1,1,1,0,1,1,1
34129,0,0,0,1,1,1,0,1,1,1
34130,0,0,0,1,1,1,0,1,1,1
34201,0,0,0,0,1,1,1,1,1,1
34202,0,0,0,0,1,1,1,1,1,1
34203,0,1,0,0,1,1,1,1,1,0
34204,0,1,0,0,1,1,1,1,1,1
34205,0,0,0,0,1,1,1,1,1,1
34206,0,1,0,1,0,1,1,1,1,0
34207,0,1,0,0,1,1,1,1,1,1
34208,0,0,0,0,1,1,1,1,1,0
34209,0,0,0,0,0,1,1,1,1,0
34210,0,0,0,0,1,1,1,1,1,0
34211,0,,1,0,1,1,1,1,1,0
34212,0,0,0,0,1,1,1,1,1,1
34213,0,0,0,0,1,1,1,1,1,0
34214,0,0,0,1,1,1,1,1,1,0
34215,0,1,1,0,0,1,1,1,1,0
34216,0,0,0,1,1,1,1,1,1,1
34217,0,1,0,1,0,1,1,1,1,0
34218,0,1,0,1,1,1,1,1,1,1
34219,0,,0,1,1,1,1,1,1,1
34220,0,1,1,1,0,1,1,1,1,0
34221,0,0,0,0,1,1,1,1,1,1
34222,0,0,0,1,1,1,1,1,1,1
34223,0,0,0,0,0,1,1,1,1,0
34224,0,0,0,0,1,1,0,1,1,0
34225,0,0,0,1,1,1,1,1,1,0
34226,0,0,0,0,1,1,1,1,1,1
34227,0,0,0,0,1,1,1,1,1,0
34228,0,0,0,1,1,1,1,1,1,1
34229,0,0,0,0,1,1,1,1,1,1
34230,0,0,0,0,1,1,1,1,1,1
34301,0,0,1,0,0,1,1,1,1,0
34302,0,0,0,0,1,1,1,1,1,0
34303,0,0,0,1,1,1,1,1,1,1
34304,0,0,0,0,1,1,1,1,1,0
34305,0,1,1,1,1,1,1,1,1,1
34306,0,0,0,1,1,1,1,1,1,1
34307,0,1,0,0,1,1,0,1,1,0
34308,0,0,0,0,1,1,1,1,1,0
34309,1,0,0,1,1,1,1,1,1,1
34310,0,1,0,0,1,1,1,1,1,0
34311,0,0,0,1,1,1,1,1,1,1
34312,0,1,1,0,1,1,1,1,1,1
34313,0,0,0,0,1,1,1,1,1,1
34314,0,0,0,0,1,1,1,1,1,0
34315,0,0,0,1,1,1,1,1,1,1
34316,0,,0,1,1,1,1,1,1,1
34317,0,0,0,0,1,1,1,1,1,0
34318,0,0,0,1,1,1,1,1,1,1
34319,0,0,0,1,1,1,1,1,1,1
34320,0,0,0,0,1,1,1,1,1,1
34321,0,1,0,0,1,1,1,1,1,0
34322,0,0,0,0,1,1,1,1,1,0
34323,0,0,0,0,1,1,1,1,1,1
34324,0,0,0,0,1,1,1,1,1,0
34325,0,0,0,0,1,1,1,1,1,1
34326,0,0,0,0,0,1,1,1,1,0
34327,0,0,0,1,1,1,1,1,0,0
34328,0,1,1,0,1,1,1,1,1,1
34329,0,1,0,0,1,1,1,1,1,0
34330,0,0,0,0,1,1,1,1,1,1
34401,0,1,1,0,1,1,0,1,1,1
34402,0,1,0,0,1,1,0,1,1,1
34403,0,0,0,1,1,1,0,1,1,1
34404,0,0,1,0,1,1,0,1,1,0
34405,0,0,0,0,1,1,1,1,1,0
34406,0,0,0,1,1,1,0,1,1,1
34407,0,0,1,0,1,1,1,1,1,1
34408,0,0,0,1,1,1,1,1,1,1
34409,0,0,0,1,1,1,1,1,1,0
34410,0,0,0,0,1,1,1,1,1,1
34411,0,0,0,1,1,1,1,1,1,1
34412,0,0,0,0,1,1,1,1,1,0
34413,0,0,0,0,1,1,1,1,1,1
34414,0,0,0,1,1,0,1,1,1,0
34415,0,0,0,1,1,1,1,1,1,1
34416,0,0,1,1,1,1,1,1,1,1
34417,1,0,1,0,1,1,0,1,1,1
34418,0,0,0,1,1,1,1,1,1,1
34419,1,0,1,1,1,1,0,1,1,1
34420,0,0,0,1,1,1,1,1,1,1
34421,0,0,0,0,1,1,1,1,1,0
34422,0,0,1,1,1,1,1,1,1,1
34423,0,0,1,0,1,1,0,1,1,1
34424,0,1,1,1,1,1,1,1,1,0
34425,0,1,1,1,1,1,1,1,1,0
34426,0,0,1,0,1,1,1,1,0,1
34427,0,1,0,0,1,1,1,1,1,1
34428,0,1,0,1,1,1,1,1,1,1
34429,0,0,0,1,1,0,1,1,1,1
34430,0,0,0,0,1,1,1,1,1,1
34501,0,0,1,1,1,1,1,1,1,1
34502,0,0,0,0,1,1,1,1,1,1
34503,0,0,0,1,1,1,1,1,1,1
34504,0,0,1,0,1,1,1,1,1,1
34505,0,1,0,0,1,1,1,1,1,1
34506,0,0,0,1,1,1,1,1,1,0
34507,0,0,1,1,1,1,1,1,1,1
34508,0,1,1,0,1,1,1,1,1,1
34509,0,0,0,1,1,1,1,1,1,1
34510,0,0,0,0,1,1,1,1,1,1
34511,0,0,1,1,1,1,1,1,1,1
34512,0,0,0,1,1,1,1,1,1,1
34513,0,0,0,1,1,1,1,1,1,1
34514,0,1,0,0,1,1,1,1,1,0
34515,0,0,0,0,1,1,0,1,1,1
34516,0,0,0,1,1,1,1,1,1,1
34517,0,0,0,0,1,1,0,1,1,1
34518,0,0,0,1,1,1,0,1,1,1
34519,0,0,0,0,1,1,1,1,1,0
34520,0,0,0,1,1,1,1,1,1,1
34521,0,0,0,0,1,1,1,1,1,1
34522,0,0,1,1,1,1,1,1,1,1
34523,0,0,0,0,1,0,1,1,1,1
34524,0,0,1,1,1,1,0,1,1,1
34525,0,0,1,1,1,1,1,1,1,1
34526,0,0,0,1,1,1,1,1,1,1
34527,0,1,0,0,1,1,1,1,1,1
34528,0,1,0,0,1,1,1,1,1,1
34529,0,0,0,1,1,1,1,1,1,1
34530,1,0,0,1,1,1,0,1,1,1
34601,0,0,0,0,1,0,1,1,1,0
34602,0,1,1,1,1,0,1,1,1,1
34603,0,1,1,1,1,1,1,1,1,1
34604,0,0,0,1,1,1,1,1,1,1
34605,0,0,1,1,1,0,1,1,0,0
34606,0,1,1,0,1,0,1,1,0,1
34607,0,0,0,0,1,0,1,1,0,0
34608,0,0,0,0,1,0,1,1,0,0
34609,0,1,0,1,1,0,1,1,0,1
34610,0,0,0,0,1,1,1,1,1,1
34611,0,1,1,0,1,0,1,1,0,1
34612,0,0,1,0,1,1,1,1,0,0
34613,0,1,1,0,1,1,1,1,0,0
34614,0,0,1,0,1,1,1,1,0,0
34615,0,0,1,0,1,0,1,1,0,0
34616,0,1,0,1,1,0,1,1,0,1
34617,0,1,0,1,1,1,1,1,1,1
34618,0,1,0,1,1,1,0,1,1,1
34619,0,0,0,0,1,0,1,1,0,0
34620,0,0,1,1,1,1,0,1,1,1
34621,0,0,0,0,1,1,1,1,1,1
34622,1,1,0,0,1,1,1,1,1,1
34623,0,0,1,0,1,1,1,1,1,1
34624,1,1,1,0,1,1,1,1,1,0
34625,0,1,0,0,1,1,1,1,1,0
34626,1,1,0,0,1,1,1,1,1,1
34627,0,0,0,0,1,1,1,1,1,1
34628,0,0,0,0,1,1,1,1,1,0
34629,0,0,0,1,1,1,1,1,1,1
34630,0,0,0,0,1,1,1,1,1,1
34701,0,1,0,1,1,1,1,1,1,1
34702,0,0,0,0,1,1,1,1,1,0
34703,0,1,0,0,1,1,1,1,1,1
34704,0,0,0,0,1,1,1,1,1,1
34705,0,0,0,0,1,1,1,1,1,1
34706,0,0,0,0,1,1,1,1,1,1
34707,0,0,0,0,1,1,1,1,1,1
34708,0,0,0,0,1,1,1,1,1,0
34709,0,1,0,1,1,1,1,1,1,1
34710,0,0,0,0,1,1,1,1,1,0
34711,0,0,0,1,1,1,0,1,1,1
34712,0,0,0,1,1,1,1,1,1,1
34713,0,1,0,0,1,1,1,1,1,0
34714,0,0,0,1,1,1,1,1,1,1
34715,0,0,0,0,1,1,1,1,1,1
34716,0,0,0,1,1,1,1,1,1,0
34717,0,1,1,0,1,1,1,1,1,0
34718,0,0,0,0,1,1,0,1,1,1
34719,0,0,0,0,1,1,0,1,1,1
34720,0,0,0,0,1,1,1,1,0,0
34721,0,0,1,1,1,0,0,1,0,1
34722,0,0,0,0,1,0,1,1,0,0
34723,0,0,1,1,1,0,0,1,0,1
34724,0,1,0,1,1,0,1,1,0,0
34725,0,1,0,0,1,0,1,1,0,1
34726,0,0,0,1,1,1,0,1,1,1
34727,0,1,0,1,1,1,0,1,1,1
34728,0,0,1,0,0,0,1,1,0,0
34729,0,1,1,0,1,0,1,1,0,0
34730,1,1,0,0,1,1,1,1,1,1
34801,0,1,0,1,1,1,1,1,1,1
34802,0,0,0,1,1,0,1,1,0,1
34803,0,1,0,1,1,0,1,1,0,1
34804,0,,0,1,1,0,1,1,0,0
34805,0,0,0,1,1,0,1,1,0,1
34806,0,0,1,0,1,1,1,1,1,1
34807,0,1,1,1,1,1,1,1,1,0
34808,0,1,0,1,1,1,1,1,1,0
34809,0,1,1,1,1,1,1,1,1,1
34810,0,1,0,1,1,1,1,1,1,0
34811,0,0,0,1,1,1,1,1,1,1
34812,0,0,0,0,1,1,1,1,1,1
34813,0,0,0,1,1,1,1,1,1,1
34814,0,0,0,1,1,1,1,1,1,1
34815,0,0,0,1,1,1,1,1,1,1
34816,0,0,0,1,1,1,1,1,1,1
34817,0,0,0,0,1,1,1,1,1,1
34818,0,0,0,1,1,1,1,1,1,1
34819,0,1,1,1,1,1,1,1,1,1
34820,0,0,0,1,1,1,1,1,1,1
34821,1,1,1,1,1,1,1,1,1,1
34822,0,0,0,1,1,1,1,1,1,1
34823,0,0,0,1,1,1,1,1,1,1
34824,0,0,0,0,1,1,1,1,1,0
34825,0,0,1,1,1,1,1,1,1,0
34826,0,1,0,0,1,1,1,1,1,1
34827,0,0,0,0,1,0,1,1,0,1
34828,0,0,0,1,1,0,1,1,0,1
34829,0,0,0,1,1,0,1,1,0,1
34830,0,1,0,1,1,0,1,1,0,1
34901,0,0,0,1,1,1,1,1,1,0
34902,0,1,0,0,1,1,1,1,1,0
34903,0,0,0,1,1,0,1,1,0,1
34904,0,1,1,1,1,1,1,1,1,1
34905,1,1,0,0,1,1,1,1,1,1
34906,0,0,0,1,1,1,1,1,1,1
34907,0,1,0,0,1,1,1,1,1,0
34908,0,0,0,1,1,1,1,1,1,1
34909,0,0,0,1,1,0,1,1,0,1
34910,0,1,0,0,1,0,1,1,0,0
34911,0,1,0,0,1,1,1,1,1,1
34912,0,0,0,0,1,1,1,1,1,0
34913,0,0,0,1,1,1,1,1,0,1
34914,0,1,0,1,1,1,1,1,1,1
34915,0,0,0,1,1,0,1,1,1,1
34916,0,0,0,0,1,1,1,1,1,1
34917,0,0,0,0,1,1,1,1,1,1
34918,0,0,0,1,1,1,1,1,1,1
34919,0,1,0,0,1,0,1,1,0,1
34920,0,0,0,0,1,0,1,1,0,0
34921,0,0,0,1,1,0,1,1,0,1
34922,0,0,0,1,1,1,1,1,1,1
34923,0,1,0,0,1,1,1,1,1,0
34924,0,0,0,0,1,1,1,1,1,1
34925,0,1,0,1,1,0,1,1,0,1
34926,0,0,0,0,1,1,1,1,1,0
34927,0,1,0,0,1,1,1,1,1,1
34928,0,1,0,1,1,1,1,1,1,1
34929,0,1,1,1,1,1,1,1,1,1
34930,0,1,0,0,1,1,1,1,1,1
35001,0,0,0,1,1,0,1,1,1,1
35002,0,1,0,1,1,0,1,1,1,1
35003,0,0,0,1,1,0,1,1,1,0
35004,0,0,0,1,1,0,1,1,1,0
35005,0,0,0,1,1,0,1,1,1,1
35006,0,0,0,1,1,0,1,1,0,1
35007,0,0,0,1,1,0,1,1,0,1
35008,0,0,0,1,1,0,1,1,0,1
35009,0,0,0,1,1,0,1,1,0,1
35010,0,1,0,1,1,0,1,1,0,1
35011,0,0,0,1,1,1,0,1,1,0
35012,0,0,1,1,1,1,0,1,1,1
35013,0,0,1,1,1,1,1,1,1,1
35014,0,0,0,0,1,1,0,1,1,1
35015,0,0,0,1,1,1,1,1,1,1
35016,0,1,0,1,1,0,1,1,1,1
35017,0,0,0,1,1,1,1,1,1,1
35018,0,0,0,1,1,1,1,1,1,1
35019,0,0,0,1,1,1,1,1,1,1
35020,0,0,0,1,1,0,1,1,1,0
35021,1,0,1,1,1,1,1,1,1,1
35022,0,1,0,1,1,1,1,1,1,0
35023,0,0,0,1,1,0,1,1,0,1
35024,0,1,0,0,0,1,1,1,0,0
35025,0,0,0,1,1,0,1,1,0,1
35026,0,0,0,1,1,0,1,1,0,1
35027,0,0,0,1,1,0,1,1,0,1
35028,0,0,0,0,1,0,1,1,1,0
35029,0,0,0,0,1,1,0,1,1,1
35030,0,0,0,0,1,1,0,1,1,1
35101,0,1,0,0,1,1,1,1,1,1
35102,0,0,0,0,1,1,1,1,1,0
35103,0,0,0,1,1,1,1,1,1,1
35104,0,0,0,0,1,1,0,1,1,0
35105,0,1,1,1,1,1,1,1,1,0
35106,0,0,0,1,1,0,1,1,0,1
35107,0,1,1,1,1,0,1,1,0,0
35108,0,0,0,0,1,0,1,1,0,1
35109,0,0,1,1,1,0,1,1,0,1
35110,0,0,0,1,1,0,1,1,0,1
35111,0,1,1,1,1,1,1,1,1,1
35112,0,0,0,1,1,1,1,1,1,1
35113,0,1,1,0,1,1,1,1,1,1
35114,0,0,1,1,1,1,1,1,1,1
35115,0,0,0,1,1,1,1,1,1,1
35116,0,0,0,0,1,1,1,1,1,1
35117,0,1,1,1,1,1,1,1,1,1
35118,0,0,1,1,1,1,1,1,1,0
35119,0,1,1,1,1,1,1,1,1,1
35120,0,0,0,1,1,1,1,1,1,0
35121,0,0,1,0,1,0,1,1,0,0
35122,0,0,0,0,1,0,1,1,0,0
35123,0,0,0,1,1,0,1,1,0,1
35124,0,0,0,1,1,0,1,1,0,1
35125,0,1,0,0,1,0,1,1,0,1
35126,0,0,0,1,1,1,1,1,1,1
35127,0,1,0,0,1,1,1,1,1,1
35128,0,0,0,0,1,1,1,1,1,1
35129,0,0,0,1,1,1,1,1,1,1
35130,0,0,0,1,1,1,1,1,1,1
35201,0,0,0,0,1,1,0,1,1,1
35202,0,0,0,1,1,1,0,1,1,1
35203,0,1,0,0,1,1,0,0,1,0
35204,0,0,0,1,1,1,0,1,1,0
35205,0,0,0,1,1,1,0,1,1,1
35206,0,1,0,1,1,1,0,1,1,1
35207,0,0,0,1,1,1,0,1,1,0
35208,0,1,0,0,1,1,0,1,1,1
35209,0,1,0,1,1,1,1,1,1,0
35210,0,1,1,0,1,1,0,1,1,1
35211,0,0,0,0,1,1,1,1,1,1
35212,0,0,0,1,1,1,0,1,1,1
35213,0,1,1,0,1,1,0,1,1,1
35214,0,1,1,1,1,1,0,1,1,1
35215,0,0,0,0,1,1,0,1,1,0
35216,0,0,0,1,1,1,1,1,1,1
35217,0,0,0,0,1,1,1,1,1,0
35218,0,0,0,0,1,1,1,1,1,1
35219,1,0,0,0,1,1,1,1,1,0
35220,0,0,0,1,1,1,1,1,1,1
35221,0,0,0,0,1,1,1,1,1,1
35222,0,0,0,1,1,1,1,1,1,1
35223,0,0,1,0,1,1,1,1,1,1
35224,0,1,1,0,1,1,1,1,1,1
35225,0,1,0,0,1,1,1,1,1,0
35226,0,1,1,0,1,1,1,1,1,0
35227,0,1,0,0,1,1,1,1,1,0
35228,0,0,0,1,1,1,1,1,1,1
35229,0,0,0,0,1,1,1,1,1,0
35230,0,1,0,0,1,1,1,1,1,1
35301,0,1,1,0,1,1,0,1,1,0
35302,1,1,1,1,1,0,0,1,1,0
35303,0,0,0,1,1,0,1,1,1,1
35304,0,1,1,0,1,1,1,1,1,0
35305,0,0,0,1,1,1,1,1,1,1
35306,0,0,0,1,1,1,0,1,1,1
35307,0,0,0,1,1,1,1,1,1,1
35308,0,0,0,1,1,1,1,1,1,1
35309,0,0,0,0,1,1,1,1,1,1
35310,0,0,1,1,1,1,0,1,1,1
35311,0,0,0,0,1,1,1,1,1,1
35312,0,0,0,0,1,0,1,1,1,1
35313,0,0,1,0,1,1,1,1,1,1
35314,0,1,1,0,1,1,1,1,1,1
35315,0,0,0,1,1,1,1,1,1,0
35316,0,1,1,1,1,1,1,1,1,1
35317,0,1,0,1,1,1,1,1,1,1
35318,0,1,1,0,1,1,1,1,1,0
35319,0,1,0,1,1,1,1,1,1,1
35320,0,1,0,1,1,1,1,1,1,1
35321,0,1,1,0,1,0,1,1,1,1
35322,0,0,1,1,1,1,1,1,1,1
35323,0,1,0,1,1,1,0,1,1,1
35324,0,1,1,1,1,1,1,1,1,0
35325,0,0,1,1,1,1,1,1,1,1
35326,0,0,0,1,1,0,0,1,1,1
35327,0,0,0,1,1,1,1,1,1,0
35328,0,0,1,0,1,0,1,1,1,1
35329,0,1,0,1,1,0,0,1,1,1
35330,0,0,0,1,1,1,1,1,1,1
35401,0,0,0,1,1,1,1,1,1,0
35402,0,0,0,0,1,1,1,1,1,1
35403,1,0,0,0,1,0,1,1,1,0
35404,0,0,0,0,1,1,1,1,1,0
35405,0,0,0,0,0,1,1,1,1,0
35406,0,0,0,0,1,1,1,1,1,0
35407,0,0,0,0,1,1,1,1,1,0
35408,0,0,0,0,1,1,1,1,1,1
35409,0,1,0,0,1,1,1,1,1,0
35410,0,0,0,1,1,1,1,1,1,1
35411,0,0,0,1,1,1,0,1,1,1
35412,0,0,0,1,1,1,0,1,1,1
35413,0,0,0,1,1,1,0,1,1,1
35414,0,1,0,1,1,1,0,1,1,0
35415,0,1,0,0,1,1,0,1,1,1
35416,0,1,0,0,1,1,0,1,1,1
35417,1,1,0,1,1,1,0,1,1,1
35418,0,0,0,1,1,1,0,1,1,1
35419,0,1,0,0,1,1,0,1,1,1
35420,0,0,0,1,1,1,0,1,1,1
35421,0,0,0,0,1,1,0,1,1,1
35422,0,0,0,0,1,1,0,1,1,1
35423,0,0,0,1,1,1,1,1,1,1
35424,0,1,1,0,1,1,1,1,1,0
35425,0,1,0,0,1,1,1,1,1,0
35426,0,0,0,0,1,1,1,1,1,0
35427,0,0,0,0,1,1,1,1,1,0
35428,0,0,0,1,1,1,1,1,1,1
35429,0,0,0,0,1,1,1,1,1,1
35430,0,0,0,0,1,1,1,1,1,0
35501,0,1,0,0,1,1,0,1,1,0
35502,0,1,0,0,1,1,1,1,1,1
35503,1,1,1,0,1,1,0,1,1,0
35504,0,0,0,1,1,1,0,1,1,1
35505,0,1,0,0,1,1,1,1,1,0
35506,0,0,0,0,1,1,0,1,1,0
35507,0,1,0,0,1,1,0,1,1,1
35508,0,1,0,0,1,1,0,0,1,0
35509,0,0,0,0,1,1,0,1,1,0
35510,0,1,0,0,1,1,0,1,1,0
35511,0,0,0,1,1,1,0,1,1,0
35512,0,0,0,1,1,0,0,1,1,1
35513,0,1,0,0,1,1,0,1,1,0
35514,0,1,1,1,1,0,0,1,1,0
35515,0,1,0,0,1,1,1,1,1,1
35516,0,1,1,0,1,1,1,1,1,1
35517,0,1,0,0,1,1,1,1,1,1
35518,0,1,0,0,1,1,1,1,1,0
35519,0,1,0,0,1,1,0,0,1,0
35520,0,0,0,0,1,1,1,1,1,0
35521,0,1,1,1,1,1,1,1,1,1
35522,0,0,0,0,1,1,1,1,1,1
35523,0,0,0,1,1,1,1,1,1,1
35524,0,0,0,0,0,1,1,1,1,0
35525,0,0,0,1,1,1,1,1,1,1
35526,0,1,1,0,1,1,1,1,1,0
35527,0,0,0,0,1,0,1,1,1,0
35528,0,0,0,0,1,0,1,1,1,0
35529,0,0,0,0,1,1,1,1,1,0
35530,0,0,1,0,1,1,1,1,1,0
35601,0,1,1,1,1,1,1,1,1,0
35602,0,0,0,0,1,1,0,1,1,1
35603,0,0,0,1,1,1,1,1,1,1
35604,0,1,0,0,1,1,1,1,1,0
35605,0,1,0,1,1,1,1,1,1,1
35606,0,0,1,0,1,0,0,1,1,1
35607,0,0,0,0,1,1,1,1,1,0
35608,0,1,0,1,1,1,1,1,1,1
35609,0,1,1,0,1,1,1,1,1,1
35610,0,1,0,0,1,1,1,1,1,0
35611,1,0,0,0,1,1,0,1,1,0
35612,0,1,0,1,1,1,1,1,1,0
35613,0,0,1,0,1,1,0,1,1,1
35614,0,1,0,0,1,1,1,1,1,1
35615,0,1,0,0,1,1,1,1,1,1
35616,0,1,0,0,1,1,0,1,1,0
35617,0,1,0,0,1,1,1,1,1,1
35618,0,0,1,1,1,1,0,1,1,0
35619,0,1,0,0,1,1,0,1,1,0
35620,0,0,0,0,1,1,1,1,1,1
35621,0,0,1,1,1,1,1,1,1,1
35622,0,0,0,0,1,1,1,1,1,1
35623,0,,0,0,1,1,1,1,1,1
35624,0,0,0,1,1,1,1,1,1,1
35625,0,1,0,0,1,1,0,1,1,0
35626,0,1,1,0,1,1,1,1,1,0
35627,0,0,0,1,1,1,1,1,1,1
35628,0,0,0,1,1,1,1,1,1,1
35629,0,0,0,0,1,1,1,1,1,1
35630,0,0,1,0,1,1,1,1,1,0
35701,0,1,0,1,1,1,1,1,1,1
35702,0,0,0,1,1,0,1,1,1,1
35703,0,0,0,1,0,1,0,1,1,1
35704,0,0,0,0,1,1,1,1,1,0
35705,0,0,0,0,1,1,1,1,1,0
35706,0,1,0,0,1,1,1,1,1,1
35707,0,0,1,1,1,1,1,1,1,0
35708,0,0,0,0,0,1,1,0,1,0
35709,0,1,0,1,1,1,1,1,1,1
35710,1,0,0,0,0,0,1,1,1,1
35711,0,0,0,1,1,1,1,1,1,1
35712,0,0,0,0,1,1,1,1,1,0
35713,0,0,0,0,0,1,1,1,1,0
35714,0,0,0,0,1,1,1,0,1,1
35715,0,0,0,0,1,1,1,1,1,1
35716,1,0,0,1,1,1,1,1,1,1
35717,0,0,0,1,1,0,1,0,1,1
35718,0,0,0,0,1,1,1,1,0,0
35719,0,0,0,0,1,1,1,1,1,1
35720,0,0,0,0,1,1,1,1,1,1
35721,0,0,0,0,0,0,1,1,1,0
35722,0,0,0,0,1,1,1,1,1,1
35723,0,0,0,0,1,0,1,1,1,1
35724,0,1,0,1,1,1,1,1,1,1
35725,0,0,0,0,1,0,1,1,1,1
35726,0,1,1,1,1,1,1,1,1,1
35727,0,0,0,1,1,1,1,1,1,1
35728,1,0,0,0,1,0,0,1,1,0
35729,0,1,0,0,0,1,1,1,1,1
35730,0,1,0,0,1,1,0,1,1,1
36001,0,0,0,0,0,0,0,0,1,0
36002,0,1,0,0,1,0,1,1,1,1
36003,1,0,1,0,1,1,1,1,1,0
36004,0,0,0,0,0,0,1,1,1,0
36005,0,0,1,0,1,0,1,1,1,1
36006,0,0,0,0,0,1,1,1,1,0
36007,0,0,0,0,0,1,1,0,1,0
36008,0,0,0,0,1,0,1,1,1,0
36009,0,0,0,0,1,1,1,1,1,0
36010,0,0,0,0,1,1,1,1,1,1
36011,0,0,0,0,1,1,1,1,1,0
36012,0,0,0,0,1,0,1,1,0,1
36013,0,0,0,0,1,0,1,1,1,0
36014,0,0,0,0,1,0,1,1,1,0
36015,0,0,0,0,0,0,1,1,1,0
36016,0,0,0,0,1,1,1,1,1,1
36017,0,0,0,0,0,1,1,0,1,0
36018,0,0,0,0,1,1,1,1,1,0
36019,0,0,0,0,0,1,1,1,1,0
36020,0,0,0,0,0,0,1,1,1,0
36021,0,0,0,1,0,0,1,1,0,0
36022,0,0,0,0,0,1,1,0,1,0
36023,0,0,0,0,0,1,1,1,1,0
36024,0,0,1,0,1,0,1,0,1,1
36025,0,0,0,0,0,0,0,0,1,0
36026,0,0,0,0,1,0,1,1,1,0
36027,0,0,0,1,1,0,1,1,1,1
36028,0,0,0,0,0,0,1,0,1,0
36029,0,0,0,0,0,1,1,1,1,0
36030,0,0,0,0,1,0,1,1,1,0
36101,0,0,0,0,1,0,1,1,1,1
36102,0,0,0,0,0,0,0,0,1,0
36103,0,1,0,0,1,0,1,1,1,0
36104,0,0,1,0,1,0,1,1,1,0
36105,0,1,0,0,1,0,0,1,1,1
36106,0,0,0,0,0,0,0,1,1,0
36107,0,0,0,0,1,0,1,0,1,0
36108,0,0,0,0,0,0,1,1,1,0
36109,0,0,0,0,1,0,1,0,1,0
36110,0,0,0,0,0,0,1,1,1,0
36111,0,0,1,0,0,1,1,1,1,1
36112,0,1,0,0,0,0,1,0,1,0
36113,0,0,0,0,0,0,1,0,1,0
36114,0,0,0,0,0,0,0,0,1,0
36115,0,0,0,0,0,0,1,1,1,0
36116,0,0,0,0,1,0,1,1,1,0
36117,1,1,1,0,1,0,1,1,1,1
36118,0,0,0,0,1,0,1,1,1,0
36119,0,0,0,0,0,0,1,0,1,0
36120,0,1,1,0,1,0,1,1,1,0
36121,0,0,0,0,1,0,1,1,1,1
36122,0,0,0,0,0,0,0,0,1,0
36123,0,0,0,1,1,0,1,1,1,1
36124,0,1,1,0,1,0,0,1,1,0
36125,0,0,0,0,0,0,1,0,1,0
36126,0,0,0,0,0,0,1,1,1,1
36127,0,1,0,0,0,0,1,0,1,0
36128,0,0,0,0,1,0,1,0,1,0
36129,0,0,0,0,1,0,1,1,1,0
36130,0,1,1,0,1,0,1,1,1,1
36201,0,1,0,0,1,0,0,1,1,1
36202,0,1,0,0,1,0,0,1,1,1
36203,0,0,0,1,1,1,0,1,1,0
36204,0,0,0,1,1,1,0,1,1,0
36205,0,0,0,1,1,1,0,1,1,1
36206,0,0,0,0,1,1,0,1,1,1
36207,0,1,0,1,1,1,1,1,1,1
36208,0,0,1,0,1,1,0,1,1,0
36209,0,0,1,1,1,1,1,1,1,1
36210,0,1,1,1,1,1,1,1,1,1
36211,0,0,0,0,1,1,1,1,1,0
36212,0,1,0,0,1,1,1,1,1,1
36213,0,1,1,0,1,1,0,1,1,0
36214,0,0,1,0,1,1,0,1,1,1
36215,0,0,0,1,1,1,0,1,1,1
36216,0,0,0,0,1,1,1,1,1,1
36217,0,0,0,1,1,0,0,1,1,1
36218,0,0,0,1,1,1,1,1,1,1
36219,0,0,0,0,1,1,0,1,1,0
36220,0,0,0,0,1,1,1,0,1,0
36221,0,1,0,0,1,1,0,1,1,1
36222,0,0,0,0,1,1,1,1,1,1
36223,0,1,1,1,1,1,0,1,1,1
36224,0,0,1,0,1,0,1,1,1,0
36225,0,1,0,1,1,1,1,1,1,0
36226,0,0,1,1,1,0,0,1,1,1
36227,0,1,0,0,1,1,1,1,1,0
36228,0,0,0,0,1,1,1,1,1,1
36229,0,0,0,1,1,0,0,1,1,0
36230,0,0,0,0,1,0,0,1,1,1
36301,0,1,0,0,0,1,1,0,1,0
36302,0,0,0,1,1,0,1,1,1,1
36303,0,0,0,0,1,0,1,1,1,1
36304,0,1,0,0,0,1,1,0,1,1
36305,0,1,0,0,1,0,1,1,1,1
36306,0,0,0,0,1,0,1,0,1,0
36307,0,0,1,0,0,1,1,1,1,0
36308,0,0,0,0,1,1,1,1,1,1
36309,0,0,0,1,1,1,1,1,1,1
36310,0,1,0,0,1,1,1,1,1,1
36311,0,0,0,0,1,1,1,1,1,0
36312,0,0,0,1,0,1,1,1,1,0
36313,0,1,0,0,1,1,0,1,1,1
36314,0,1,0,0,0,1,0,0,1,0
36315,0,1,0,0,0,1,0,1,1,0
36316,0,0,0,0,1,1,0,1,1,1
36317,0,1,0,0,0,1,0,0,1,0
36318,0,1,0,1,0,1,0,1,1,1
36319,0,0,0,0,0,1,1,1,1,0
36320,0,0,0,0,1,1,1,1,1,0
36321,0,0,0,1,1,1,1,1,1,1
36322,0,0,0,0,0,0,0,1,1,0
36323,0,0,0,0,1,1,1,1,1,0
36324,0,0,0,0,1,1,1,1,1,0
36325,0,1,0,0,1,1,1,1,1,0
36326,0,0,1,1,1,1,1,1,1,1
36327,0,0,0,1,1,0,1,1,1,1
36328,0,1,0,0,1,1,1,1,1,1
36329,0,0,0,1,1,0,1,1,1,1
36330,0,0,0,0,1,0,1,1,1,1
36401,0,0,0,0,1,1,1,1,1,1
36402,0,0,0,0,1,1,1,1,1,1
36403,0,1,0,0,1,1,1,1,1,1
36404,0,1,0,0,1,1,1,1,1,0
36405,0,0,0,0,1,1,1,1,1,0
36406,0,0,0,1,1,1,0,1,1,1
36407,0,0,0,0,1,1,0,1,1,0
36408,0,0,0,0,1,1,1,1,1,0
36409,0,0,0,0,1,1,0,1,1,0
36410,0,1,1,1,1,1,1,1,1,1
36411,0,0,0,0,1,1,0,1,1,0
36412,0,1,0,0,1,1,1,1,1,0
36413,0,0,0,0,1,1,1,1,1,0
36414,0,0,0,0,1,1,1,1,1,1
36415,0,0,0,1,1,1,1,1,1,0
36416,0,0,0,0,0,1,1,1,1,0
36417,0,0,0,0,1,1,0,1,1,0
36418,0,0,1,0,1,1,0,1,1,0
36419,0,0,0,0,0,1,1,1,1,0
36420,0,0,1,0,1,1,0,1,1,0
36421,0,0,0,0,1,1,0,1,1,0
36422,0,1,0,0,1,1,1,1,1,0
36423,0,1,0,1,1,1,0,1,1,1
36424,0,0,1,0,1,1,1,1,1,0
36425,0,0,0,0,1,1,0,1,1,1
36426,0,0,0,1,1,1,1,1,1,1
36427,0,0,0,0,1,1,0,1,1,0
36428,0,0,0,0,1,1,1,1,1,1
36429,0,1,0,1,1,1,1,1,1,1
36430,0,0,0,0,1,1,0,1,1,0
36501,0,0,0,0,1,1,0,1,1,0
36502,0,0,0,0,1,1,0,1,1,0
36503,0,1,0,0,1,1,0,1,1,0
36504,0,0,0,1,1,1,1,1,1,1
36505,0,0,0,0,0,1,0,1,1,0
36506,0,0,0,0,1,1,0,1,1,0
36507,0,1,0,0,1,1,0,1,1,0
36508,0,0,0,0,1,1,0,1,1,0
36509,0,0,0,0,1,1,0,1,1,0
36510,0,1,0,0,1,1,1,1,1,1
36511,0,0,0,0,1,1,0,1,1,1
36512,0,1,0,0,1,1,0,1,1,0
36513,0,0,0,0,1,1,0,1,1,0
36514,0,1,0,0,0,1,0,1,1,0
36515,0,0,0,0,0,1,1,1,1,0
36516,0,0,0,0,1,1,1,1,1,0
36517,0,0,0,0,1,1,0,1,1,0
36518,0,0,0,1,1,1,0,1,1,0
36519,0,0,0,0,1,1,0,1,1,0
36520,0,0,1,1,1,1,0,1,1,1
36521,0,1,1,0,1,1,0,1,1,1
36522,0,1,0,0,0,1,0,1,1,0
36523,0,0,0,1,0,1,1,1,1,0
36524,1,1,0,0,1,1,1,1,1,1
36525,0,0,0,1,1,1,0,1,1,0
36526,0,0,0,0,1,1,1,1,1,1
36527,0,1,0,0,0,1,1,1,1,1
36528,0,0,0,0,1,1,1,1,1,1
36529,0,0,0,0,1,1,0,1,1,0
36530,0,1,0,0,1,1,0,1,1,1
36601,0,0,0,1,1,1,1,1,1,1
36602,0,1,0,0,1,1,1,1,1,1
36603,0,0,0,1,1,1,1,1,1,1
36604,0,0,0,0,1,1,1,1,1,1
36605,0,1,0,1,1,1,1,1,1,0
36606,0,0,0,1,1,1,1,1,1,0
36607,0,0,0,0,1,1,1,1,1,1
36608,0,1,0,1,1,1,0,1,1,1
36609,0,1,1,1,1,1,1,1,1,1
36610,0,0,0,0,1,1,0,1,1,1
36611,0,0,0,1,1,1,0,1,1,1
36612,0,1,1,1,1,1,0,1,1,1
36613,0,1,0,1,1,1,0,1,1,0
36614,0,0,0,1,1,1,0,1,1,1
36615,0,0,0,1,1,1,1,1,1,1
36616,0,0,0,1,1,1,0,1,1,1
36617,0,1,0,1,0,1,0,1,1,0
36618,0,1,0,1,1,1,1,1,1,1
36619,0,0,0,0,0,1,1,1,1,0
36620,0,0,1,1,0,1,0,1,1,1
36621,0,0,0,1,1,0,0,1,1,0
36622,0,0,0,1,1,1,0,1,1,1
36623,0,0,0,1,1,1,0,1,1,1
36624,0,1,0,1,1,1,0,1,1,1
36625,0,0,0,0,1,1,0,1,1,1
36626,0,0,0,1,1,1,1,1,1,1
36627,0,0,0,1,1,1,1,1,1,1
36628,0,1,1,0,0,1,0,0,1,0
36629,0,,0,0,1,1,0,1,1,0
36630,0,0,0,0,0,1,0,1,1,0
36701,0,1,1,1,1,1,1,1,1,1
36702,0,0,0,1,1,1,0,1,1,1
36703,0,0,1,1,1,1,1,1,1,1
36704,0,1,0,1,1,1,1,1,1,0
36705,0,0,0,1,1,1,1,1,1,1
36706,0,1,0,1,1,1,1,1,1,1
36707,0,1,1,1,1,1,1,1,1,1
36708,0,0,1,0,1,1,0,1,1,0
36709,0,1,1,0,0,1,0,1,1,0
36710,0,1,1,1,1,1,0,1,1,1
36711,0,0,0,1,1,1,0,1,1,1
36712,0,0,1,1,1,1,0,1,1,1
36713,0,0,0,0,1,1,0,1,1,0
36714,0,1,1,1,1,1,0,1,1,1
36715,0,1,1,1,1,1,0,1,1,0
36716,0,1,1,0,1,1,0,1,1,0
36717,0,0,0,1,1,1,0,1,1,1
36718,0,1,0,0,1,1,0,1,1,1
36719,0,0,0,1,1,1,0,1,1,1
36720,0,1,1,0,0,1,0,1,1,0
36721,0,1,1,1,1,1,0,1,1,0
36722,0,0,0,1,1,1,0,1,1,0
36723,0,0,0,1,1,1,0,1,1,0
36724,0,0,0,1,1,1,1,1,1,1
36725,1,1,0,1,1,1,0,1,1,0
36726,0,0,1,1,1,1,1,1,1,0
36727,0,1,0,0,1,1,0,1,1,1
36728,0,0,1,1,1,1,1,1,1,1
36729,0,1,1,1,1,1,1,1,1,1
36730,0,1,0,1,1,1,1,1,1,1
36801,0,0,0,1,1,0,1,1,1,1
36802,0,1,1,0,1,1,1,1,1,1
36803,0,0,0,1,1,1,1,1,1,1
36804,0,0,0,1,1,1,1,1,1,1
36805,0,0,0,1,1,1,1,1,1,1
36806,0,0,0,1,1,0,0,1,1,1
36807,0,0,0,1,1,1,1,1,1,1
36808,0,0,0,1,1,0,1,1,1,1
36809,0,0,0,1,1,0,1,1,1,1
36810,1,0,1,1,1,0,1,1,1,1
36811,0,0,0,1,1,1,1,1,1,1
36812,0,1,0,1,1,1,1,1,1,1
36813,0,1,0,1,1,0,1,1,1,1
36814,0,0,0,1,1,0,1,1,1,1
36815,0,0,1,0,1,0,0,1,1,0
36816,0,1,0,0,1,1,0,1,1,1
36817,0,0,0,0,1,0,1,1,1,0
36818,0,0,1,1,1,0,0,1,1,1
36819,0,1,0,0,1,0,1,1,1,0
36820,1,0,0,1,1,1,0,1,1,0
36821,0,0,0,1,1,0,1,1,1,1
36822,0,0,0,0,1,0,1,1,1,1
36823,0,0,0,1,1,0,0,1,1,0
36824,1,0,0,0,1,0,0,1,1,0
36825,0,0,0,1,1,0,0,1,1,0
36826,0,1,0,0,1,0,1,1,1,0
36827,0,0,0,1,1,0,1,1,1,1
36828,0,0,0,0,1,0,0,1,1,0
36829,1,0,0,0,1,0,0,1,1,0
36830,0,0,1,0,1,1,1,1,1,1
36901,0,0,1,0,1,1,1,1,1,1
36902,0,0,0,0,1,1,1,1,1,0
36903,0,0,0,0,1,1,1,1,1,0
36904,0,0,1,1,1,1,0,1,1,1
36905,0,0,0,1,1,1,1,1,1,1
36906,0,0,0,1,1,1,1,1,1,1
36907,0,1,1,1,1,1,0,1,1,1
36908,0,0,1,0,1,1,1,1,1,0
36909,0,0,0,1,1,1,1,1,1,1
36910,0,1,0,1,1,1,1,1,1,1
36911,0,0,0,1,1,1,1,1,1,1
36912,0,0,0,1,1,1,1,1,1,1
36913,0,0,0,1,1,1,1,1,1,1
36914,0,1,0,1,1,1,1,1,1,1
36915,0,1,1,1,1,1,1,1,1,0
36916,0,1,0,1,1,1,1,1,1,1
36917,1,1,0,1,1,1,1,1,1,1
36918,0,0,0,1,1,1,1,1,1,0
36919,0,0,0,1,1,1,1,1,1,1
36920,0,0,1,1,1,1,0,1,1,0
36921,0,1,0,0,1,1,1,1,1,0
36922,0,1,1,1,1,1,1,1,1,0
36923,0,0,0,1,1,1,1,1,1,1
36924,0,0,0,1,1,1,1,1,1,1
36925,0,1,0,1,1,1,1,1,1,1
36926,0,0,0,1,1,1,0,1,1,0
36927,0,0,0,0,1,1,1,1,1,0
36928,0,0,1,1,1,1,1,1,1,1
36929,0,0,0,1,1,1,1,1,1,1
36930,0,0,0,1,1,1,1,1,1,1
37001,0,,1,0,1,0,0,1,1,1
37002,0,0,0,0,1,0,1,1,1,0
37003,0,1,0,0,1,0,0,1,1,1
37004,0,0,0,0,1,0,1,1,1,0
37005,0,0,0,0,1,0,0,1,1,1
37006,1,1,0,0,1,0,0,1,1,1
37007,0,0,0,0,1,0,1,1,1,1
37008,1,0,0,0,1,0,0,1,1,1
37009,0,1,0,1,1,0,0,1,1,1
37010,0,1,0,1,1,0,0,1,1,1
37011,0,0,0,1,1,0,1,1,1,1
37012,0,1,0,1,1,0,0,1,1,0
37013,0,1,0,0,1,0,1,1,1,0
37014,0,0,0,1,1,0,0,1,1,1
37015,0,0,1,1,1,0,1,1,1,1
37016,0,0,1,0,1,0,1,1,1,0
37017,1,0,0,1,1,0,1,1,1,1
37018,0,1,1,1,1,0,1,1,1,0
37019,0,0,0,1,1,0,1,1,1,1
37020,0,1,0,0,1,1,1,1,1,0
37021,0,0,1,0,1,0,1,1,1,0
37022,0,0,0,0,1,0,0,1,1,0
37023,0,1,0,0,1,0,1,1,1,1
37024,0,0,0,0,1,0,0,1,1,1
37025,0,1,1,0,1,0,1,1,1,0
37026,0,1,1,0,1,0,1,1,1,0
37027,0,1,0,0,1,0,1,1,1,0
37028,0,0,0,0,1,0,1,1,1,1
37029,0,1,1,0,1,0,1,1,1,1
37030,0,1,0,0,1,0,1,1,1,1
37101,0,0,0,1,1,1,1,1,1,0
37102,0,1,1,0,1,0,0,1,1,1
37103,0,0,0,0,1,1,1,1,1,1
37104,0,0,0,0,1,0,1,1,1,0
37105,1,1,0,0,1,0,1,1,1,1
37106,0,1,0,0,1,0,1,1,1,1
37107,0,0,0,0,1,1,1,1,1,0
37108,1,1,1,1,1,1,1,1,1,1
37109,0,1,0,0,1,0,1,1,1,1
37110,0,0,0,0,1,0,1,1,1,1
37111,0,1,1,1,0,0,1,1,1,1
37112,0,0,0,1,1,0,1,1,1,1
37113,0,0,0,0,1,0,0,1,1,0
37114,0,0,1,0,1,0,1,1,1,1
37115,0,1,1,1,1,1,1,1,1,1
37116,0,1,0,0,1,0,1,1,1,1
37117,0,1,1,1,1,1,1,1,1,1
37118,0,1,1,0,1,0,1,1,1,1
37119,0,1,1,1,1,0,1,1,1,1
37120,0,1,0,1,1,1,1,1,1,1
37121,0,0,0,1,1,0,0,1,1,1
37122,0,1,0,1,1,0,1,1,1,1
37123,0,0,0,1,1,1,0,1,1,1
37124,0,0,0,1,1,1,1,1,1,1
37125,0,0,0,1,1,0,1,1,1,1
37126,0,1,0,1,1,0,1,1,1,1
37127,0,0,0,1,1,1,1,1,1,1
37128,0,0,0,1,1,0,0,1,1,1
37129,0,1,0,1,1,1,1,1,1,1
37130,0,1,0,0,1,1,1,1,1,1
37201,0,1,1,1,1,0,0,1,1,1
37202,0,,0,1,1,0,1,1,1,1
37203,0,1,0,1,1,0,1,1,1,0
37204,0,0,0,1,1,0,0,1,1,1
37205,0,1,1,0,1,0,1,1,1,0
37206,0,1,0,1,1,0,1,1,1,1
37207,0,0,0,1,1,0,1,1,1,1
37208,0,0,0,1,1,0,1,1,1,0
37209,0,1,1,1,1,0,1,1,1,1
37210,0,0,1,1,1,0,0,1,1,1
37211,0,1,0,1,1,0,1,1,1,1
37212,0,0,0,1,1,0,1,1,1,1
37213,0,0,0,1,1,0,1,1,1,1
37214,0,0,0,1,1,0,1,1,1,0
37215,0,1,1,1,1,0,1,1,1,1
37216,0,1,0,1,1,0,1,1,1,1
37217,0,0,0,1,1,1,0,1,1,1
37218,0,0,0,1,1,0,1,1,1,1
37219,0,1,1,0,1,0,1,1,1,1
37220,0,1,1,1,1,0,0,1,1,1
37221,0,1,0,0,1,0,0,1,1,0
37222,0,1,0,0,1,0,0,1,1,0
37223,0,0,0,0,0,0,0,1,1,0
37224,0,0,0,1,0,0,0,1,1,0
37225,0,0,0,1,1,0,1,1,1,1
37226,0,1,0,1,1,0,0,1,1,0
37227,0,1,0,0,0,0,0,1,1,0
37228,0,1,1,0,1,0,1,1,1,0
37229,0,0,0,0,0,0,0,1,1,0
37230,0,0,0,1,1,0,0,1,1,1
37301,0,0,0,0,1,1,0,1,1,0
37302,0,0,0,0,1,0,1,1,1,1
37303,0,0,0,1,1,0,1,1,1,1
37304,0,0,0,0,1,1,0,1,1,1
37305,0,0,1,0,1,1,0,1,1,1
37306,0,1,1,0,1,1,0,1,1,0
37307,0,0,1,0,1,0,1,1,1,0
37308,1,0,1,1,1,0,1,1,1,1
37309,0,1,0,1,1,0,0,1,1,1
37310,0,0,0,1,1,0,1,1,1,1
37311,0,1,0,0,1,1,0,1,1,1
37312,0,0,1,0,1,1,0,1,1,1
37313,1,0,0,0,1,0,1,1,1,1
37314,0,1,0,1,1,0,0,1,1,1
37315,0,0,0,0,1,0,1,1,1,1
37316,0,0,0,0,1,0,1,1,1,1
37317,0,0,0,1,1,0,1,1,1,1
37318,0,0,0,0,1,0,1,1,1,0
37319,0,1,0,1,1,1,1,1,1,1
37320,0,0,0,0,1,1,0,1,1,1
37321,0,1,0,1,1,0,1,1,1,1
37322,0,0,0,1,1,0,1,1,1,1
37323,0,0,0,1,1,1,0,1,1,1
37324,0,0,1,1,1,1,1,1,1,1
37325,0,0,0,0,1,0,1,1,1,0
37326,0,0,0,0,1,1,1,1,1,1
37327,0,0,0,1,1,1,1,1,1,1
37328,0,0,0,0,1,1,1,1,1,0
37329,0,0,0,0,1,0,0,1,1,1
37330,0,0,0,1,1,0,0,1,1,1
37401,0,1,1,1,1,1,0,1,1,1
37402,0,0,0,1,1,0,1,1,1,1
37403,0,0,1,1,1,1,1,1,1,1
37404,0,0,0,0,0,1,0,1,1,0
37405,0,0,0,1,1,0,1,1,1,1
37406,0,1,0,1,0,1,1,1,1,0
37407,0,1,0,1,1,0,1,1,1,1
37408,0,0,0,0,0,0,0,1,1,1
37409,0,1,1,1,1,1,1,1,1,1
37410,0,0,0,1,1,1,1,1,1,1
37411,0,1,0,1,1,1,0,1,1,1
37412,0,1,0,1,1,1,1,1,1,1
37413,1,0,1,1,1,1,0,1,1,0
37414,0,0,1,1,1,1,0,1,1,0
37415,0,1,0,0,1,1,1,1,1,1
37416,0,0,0,1,1,1,0,1,1,1
37417,0,1,1,1,1,0,0,1,1,0
37418,0,1,0,1,1,1,1,1,1,1
37419,0,0,1,1,1,1,1,1,1,1
37420,0,1,0,1,0,0,1,1,1,0
37421,0,1,0,0,1,0,1,1,1,1
37422,0,1,1,1,0,0,0,1,1,0
37423,0,0,0,1,1,0,1,1,1,1
37424,0,0,0,0,0,1,1,1,1,0
37425,0,0,0,1,1,1,1,1,1,1
37426,0,0,0,1,1,1,0,1,1,1
37427,0,1,1,1,1,1,1,1,1,1
37428,0,1,1,1,1,1,1,1,1,1
37429,0,1,1,1,1,1,0,1,1,0
37430,0,0,0,1,0,1,1,1,1,0
37501,0,1,1,1,1,1,1,1,1,1
37502,0,0,0,0,1,1,0,1,1,0
37503,0,1,0,1,1,1,1,1,1,1
37504,0,0,1,0,1,1,1,1,1,0
37505,0,0,1,1,1,1,0,1,1,0
37506,0,0,1,0,1,1,1,1,1,1
37507,0,0,0,1,1,1,1,1,1,1
37508,0,0,1,1,1,1,1,1,1,1
37509,0,1,1,1,1,1,0,1,1,0
37510,0,0,1,1,1,1,1,1,1,0
37511,0,1,1,1,1,1,1,1,1,0
37512,0,0,0,0,1,1,1,1,1,1
37513,0,0,0,1,1,1,0,1,1,0
37514,0,0,0,0,1,1,1,1,1,1
37515,0,0,1,1,1,1,1,1,1,1
37516,0,1,1,0,1,1,1,1,1,0
37517,0,1,1,0,1,1,0,1,1,0
37518,0,1,0,1,1,1,1,1,1,0
37519,0,1,0,0,1,1,1,1,1,0
37520,0,0,0,1,1,1,1,1,1,1
37521,0,1,0,1,1,1,1,1,1,0
37522,0,0,1,1,1,1,1,1,1,1
37523,0,1,0,1,1,1,1,1,1,1
37524,0,0,1,1,1,1,0,1,1,1
37525,0,0,0,0,1,1,0,1,1,0
37526,0,0,0,1,1,1,1,1,1,1
37527,0,0,0,0,1,1,1,1,1,0
37528,0,0,0,1,1,1,0,1,1,0
37529,1,0,0,0,1,1,0,1,1,0
37530,1,1,0,0,0,1,0,1,1,0
37601,0,0,0,1,1,0,0,1,1,1
37602,0,1,1,0,1,0,1,1,1,0
37603,0,1,1,0,1,1,1,1,1,1
37604,0,0,0,0,1,0,0,1,1,0
37605,0,1,1,1,1,0,0,1,1,0
37606,0,1,0,0,1,1,0,1,1,0
37607,0,1,0,0,1,0,1,1,1,0
37608,0,1,1,1,1,0,0,1,1,1
37609,0,1,1,0,1,0,0,1,1,0
37610,0,1,0,0,1,0,1,1,1,0
37611,0,0,0,0,1,0,0,1,1,0
37612,0,0,0,0,1,0,1,1,1,0
37613,0,1,0,0,1,0,0,1,1,0
37614,0,1,0,0,1,0,0,1,1,1
37615,0,0,0,0,1,0,1,1,1,1
37616,0,0,0,0,1,0,0,1,1,0
37617,1,1,1,1,1,0,0,1,1,1
37618,1,1,1,1,1,0,0,1,1,1
37619,0,0,0,0,1,0,1,1,1,0
37620,0,0,0,1,1,0,0,1,1,0
37621,0,0,0,0,1,0,0,1,1,0
37622,0,0,1,0,1,0,0,1,1,1
37623,0,1,0,0,1,0,0,1,1,0
37624,0,0,0,0,1,0,1,1,1,0
37625,0,0,0,1,1,0,1,1,1,1
37626,1,1,1,1,1,0,0,1,1,0
37627,0,1,0,0,1,0,1,1,1,0
37628,0,0,1,0,1,0,1,1,1,0
37629,0,0,0,1,1,0,1,1,1,1
37630,0,0,0,1,1,0,0,1,1,0
37701,0,0,1,0,0,0,0,1,1,1
37702,0,0,0,1,1,0,1,1,1,1
37703,0,0,0,0,1,0,0,1,1,1
37704,0,1,1,1,1,0,0,1,1,1
37705,0,0,1,0,1,0,0,1,1,0
37706,0,0,0,0,0,0,0,1,1,0
37707,0,0,0,1,1,0,1,1,1,1
37708,0,1,1,0,1,0,1,1,1,1
37709,0,1,1,0,1,0,1,1,1,1
37710,0,0,0,1,1,0,1,1,1,0
37711,0,0,0,0,1,0,1,1,1,1
37712,0,1,0,1,1,0,1,1,1,1
37713,0,0,0,1,1,0,0,1,1,1
37714,0,0,1,0,1,0,1,1,1,1
37715,0,0,1,0,1,0,1,1,1,1
37716,0,0,1,1,1,1,1,1,1,1
37717,0,0,1,0,1,0,1,1,1,0
37718,0,0,1,1,1,0,1,1,1,1
37719,0,0,1,0,1,0,1,1,1,1
37720,0,0,1,0,1,0,1,1,1,1
37721,1,1,0,1,1,0,1,1,1,1
37722,0,1,1,1,1,0,1,1,1,1
37723,0,0,0,1,1,0,1,1,1,1
37724,0,1,0,1,1,0,1,1,1,1
37725,0,0,1,1,1,0,1,1,1,1
37726,0,1,0,0,1,0,1,1,1,1
37727,0,1,0,1,1,0,1,1,1,1
37728,0,1,0,0,0,0,1,1,1,0
37729,0,0,0,1,1,0,1,1,1,1
37730,0,0,0,1,1,0,1,1,1,1
37801,0,0,1,0,0,1,0,0,1,0
37802,0,0,0,0,0,1,0,1,1,0
37803,0,,1,1,1,1,0,1,1,0
37804,0,0,0,1,1,1,0,1,1,1
37805,0,1,0,0,0,1,0,0,1,0
37806,0,1,0,0,1,1,1,1,1,1
37807,0,0,1,1,1,1,1,1,1,1
37808,0,0,1,0,1,1,1,1,1,1
37809,0,0,0,0,1,1,1,1,1,1
37810,0,1,1,0,1,1,1,1,1,1
37811,0,1,0,0,1,1,0,1,1,1
37812,0,0,1,1,1,1,0,1,1,1
37813,0,1,0,0,1,1,1,1,1,1
37814,0,0,0,0,1,1,0,1,1,0
37815,0,0,0,0,1,1,0,1,1,0
37816,0,1,0,1,0,1,0,1,1,0
37817,0,0,0,1,1,1,0,1,1,1
37818,0,0,0,1,1,1,0,1,1,1
37819,0,0,0,1,1,1,0,1,1,1
37820,0,1,0,1,0,1,0,1,1,0
37821,0,0,0,1,1,1,1,1,1,0
37822,0,1,1,0,1,1,0,1,1,0
37823,0,0,0,1,1,1,1,1,1,1
37824,0,1,0,1,1,1,0,1,1,1
37825,0,0,0,1,1,1,0,1,1,1
37826,0,1,1,1,1,1,0,1,1,0
37827,0,1,0,0,1,1,1,1,1,0
37828,0,1,0,1,1,1,1,1,1,1
37829,0,1,0,0,0,1,0,1,1,0
37830,0,0,0,1,0,1,0,1,1,0
37901,0,1,0,0,1,1,1,1,1,0
37902,0,0,0,1,1,1,1,1,1,1
37903,0,0,0,0,1,0,0,0,1,0
37904,0,0,0,0,1,1,0,0,1,1
37905,0,1,0,0,1,1,1,1,1,1
37906,0,0,0,0,1,0,1,0,0,0
37907,0,0,0,0,1,1,1,0,1,1
37908,0,0,0,1,1,1,1,0,1,0
37909,0,1,0,0,0,1,1,0,1,0
37910,0,0,0,0,1,1,1,0,1,0
37911,0,0,0,0,1,1,1,1,0,0
37912,0,0,1,0,1,1,1,1,1,0
37913,0,0,0,0,1,1,1,0,1,0
37914,0,0,0,0,1,1,1,1,1,0
37915,0,1,1,0,1,0,1,1,1,0
37916,1,0,0,0,1,1,1,1,1,1
37917,0,0,0,0,1,1,1,0,1,0
37918,0,0,0,0,1,1,1,1,1,0
37919,0,0,0,1,1,1,1,1,1,0
37920,0,1,0,0,1,1,1,0,1,0
37921,0,0,0,0,1,1,1,0,1,0
37922,0,1,0,0,1,1,1,1,1,1
37923,0,0,0,0,1,1,1,0,1,0
37924,0,0,0,0,1,0,1,0,1,0
37925,0,1,0,0,1,1,1,1,1,1
37926,0,0,0,0,1,0,1,0,1,0
37927,0,0,0,0,1,0,1,1,1,0
37928,0,0,1,0,1,0,1,1,1,0
37929,0,0,0,0,1,0,1,1,1,1
37930,0,1,0,0,1,0,1,0,1,0
38001,0,0,0,0,1,0,1,1,1,0
38002,0,0,0,1,1,0,1,1,1,1
38003,0,0,0,0,1,1,1,1,1,1
38004,0,1,1,0,1,0,1,1,1,0
38005,0,1,0,0,1,0,1,1,1,1
38006,0,1,1,1,1,0,1,1,1,1
38007,0,1,1,1,1,0,0,1,1,1
38008,0,0,0,1,1,0,1,1,1,1
38009,0,0,0,0,1,0,1,1,1,0
38010,0,1,0,0,1,0,1,1,1,1
38011,0,1,0,1,1,0,1,1,1,1
38012,0,0,0,1,1,0,1,1,1,1
38013,0,0,0,0,1,0,0,1,1,1
38014,0,0,1,1,1,0,1,1,1,1
38015,0,0,0,1,1,0,1,1,1,1
38016,0,1,0,0,1,0,1,1,1,1
38017,0,1,0,1,1,1,0,1,1,1
38018,0,1,0,1,0,0,0,1,1,0
38019,0,0,0,0,1,0,0,1,1,1
38020,0,0,0,1,1,1,1,1,0,1
38021,0,1,1,1,1,0,0,1,1,1
38022,0,1,0,0,1,0,1,1,1,0
38023,0,0,0,0,0,1,0,1,1,1
38024,0,0,0,1,1,0,0,1,1,1
38025,0,0,0,0,1,1,1,1,1,1
38026,0,0,1,0,1,0,0,1,1,1
38027,0,0,0,1,0,1,0,1,1,1
38028,0,0,1,1,1,1,1,1,1,1
38029,0,1,0,1,0,0,0,1,1,0
38030,0,0,0,0,0,0,1,1,1,0
38201,1,1,0,0,1,1,1,1,1,0
38202,0,0,0,0,1,1,1,1,1,1
38203,0,1,1,0,1,1,1,0,1,0
38204,1,1,1,0,1,1,1,1,1,1
38205,0,0,0,0,1,1,0,1,1,0
38206,0,0,1,1,1,1,1,1,1,1
38207,0,1,0,0,1,1,1,1,1,1
38208,0,0,0,0,1,1,1,1,1,0
38209,0,0,1,0,1,1,1,1,1,1
38210,0,0,0,0,1,1,1,1,1,1
38211,0,1,1,1,1,1,1,1,1,1
38212,0,1,0,0,1,1,1,1,1,0
38213,0,0,0,0,1,1,1,1,1,1
38214,0,1,1,0,1,1,0,1,1,1
38215,1,1,0,0,1,1,1,0,1,0
38216,0,0,0,0,1,1,1,1,1,1
38217,0,0,1,1,1,1,0,1,1,1
38218,1,1,1,0,1,1,0,1,1,0
38219,1,1,1,0,1,1,0,0,1,0
38220,0,0,1,1,1,1,1,1,1,0
38221,0,0,1,1,1,1,1,1,1,1
38222,0,1,0,0,1,1,1,1,1,1
38223,0,0,0,0,1,1,1,1,1,0
38224,0,0,1,0,1,1,1,1,1,0
38225,0,1,1,1,0,1,1,1,1,0
38226,1,0,0,0,1,1,1,1,1,1
38227,0,0,1,0,1,1,1,1,1,0
38228,1,0,0,0,1,1,1,1,1,1
38229,1,1,1,0,1,1,1,1,1,0
38230,0,0,1,0,1,1,0,1,1,1
38301,0,1,0,0,1,1,1,1,1,0
38302,0,0,1,0,1,1,1,1,1,0
38303,1,0,1,1,1,0,1,1,0,1
38304,0,1,1,0,1,1,1,1,1,0
38305,0,0,1,1,1,1,1,1,1,1
38306,1,0,1,1,1,1,1,1,1,1
38307,0,0,0,0,1,1,0,1,1,1
38308,0,0,0,1,1,1,1,1,1,1
38309,0,0,0,0,1,1,1,1,1,1
38310,0,0,0,1,1,1,1,1,1,1
38311,0,0,1,1,1,1,1,1,1,1
38312,0,1,1,1,1,1,1,1,1,1
38313,0,1,0,0,1,1,0,1,1,0
38314,0,0,0,0,1,0,1,1,1,0
38315,0,1,1,1,1,1,0,1,1,0
38316,0,0,0,1,1,1,0,1,1,1
38317,0,1,0,0,1,1,1,1,1,1
38318,0,1,0,1,1,1,1,1,1,1
38319,0,1,0,0,1,1,1,1,1,0
38320,0,1,0,1,1,1,1,1,1,1
38321,0,1,0,0,1,1,1,1,1,0
38322,0,0,1,1,1,1,1,1,1,1
38323,0,1,1,1,0,1,1,1,1,1
38324,0,1,0,0,1,1,1,1,1,1
38325,0,0,0,1,1,1,1,1,1,1
38326,0,1,1,0,1,0,1,1,1,1
38327,0,0,0,0,1,1,1,1,1,1
38328,0,0,0,0,1,1,1,1,1,0
38329,0,0,0,1,1,1,1,1,1,1
38330,0,1,0,0,1,1,1,1,1,1
38401,0,0,0,0,1,1,1,1,1,0
38402,0,1,0,0,1,1,1,1,1,1
38403,0,0,0,1,1,1,1,1,1,1
38404,0,0,0,0,1,1,1,1,1,0
38405,0,0,0,0,1,1,0,1,1,0
38406,0,1,0,0,1,0,0,1,1,0
38407,0,0,0,0,1,1,1,1,1,1
38408,0,0,1,1,1,1,1,1,1,1
38409,0,1,0,0,1,1,0,1,1,0
38410,0,0,0,0,1,1,0,1,1,1
38411,0,0,0,0,1,1,0,1,1,1
38412,0,0,1,0,1,1,1,1,1,0
38413,0,0,0,0,1,1,1,1,1,0
38414,0,0,0,1,1,1,0,1,1,1
38415,0,0,1,0,1,1,0,1,1,1
38416,0,1,0,0,1,1,0,0,1,0
38417,0,1,1,0,1,1,0,0,1,0
38418,0,1,0,0,1,0,1,1,1,1
38419,0,0,1,0,1,0,1,1,1,1
38420,0,0,0,1,1,1,1,1,1,1
38421,0,0,1,1,1,0,1,1,1,1
38422,0,1,1,0,1,0,1,1,1,0
38423,0,0,0,0,1,1,0,1,1,0
38424,0,0,0,0,1,1,0,1,1,0
38425,0,0,0,0,1,1,0,1,1,0
38426,0,0,0,0,1,0,1,1,1,0
38427,0,0,1,0,1,1,0,1,1,0
38428,0,1,1,1,1,1,0,1,1,0
38429,0,0,0,0,1,0,1,1,1,0
38430,0,1,0,0,1,0,0,1,1,0
38501,0,0,1,0,0,1,1,1,1,0
38502,0,1,0,0,1,1,1,1,1,0
38503,0,1,0,1,1,1,1,1,1,1
38504,0,0,0,0,0,1,1,1,1,0
38505,0,0,0,0,1,0,1,1,1,0
38506,0,0,0,0,1,1,1,1,1,0
38507,1,1,1,0,1,1,0,1,1,1
38508,0,0,0,0,1,1,1,1,1,1
38509,0,1,0,1,1,1,1,1,1,1
38510,0,0,1,1,1,1,1,1,1,1
38511,1,0,1,0,1,1,1,1,1,1
38512,0,0,1,0,0,0,1,1,1,1
38513,0,0,0,1,1,1,1,1,1,1
38514,0,1,1,0,1,1,1,1,1,1
38515,0,1,1,1,1,1,1,1,1,1
38516,0,0,1,0,1,1,1,1,1,1
38517,0,0,0,0,1,1,0,1,1,1
38518,0,0,0,0,1,1,1,1,1,1
38519,0,1,1,0,1,1,1,1,1,1
38520,0,0,0,0,1,1,1,1,1,1
38521,0,0,0,0,1,1,0,1,1,1
38522,1,0,0,1,1,1,1,1,1,1
38523,0,0,0,0,1,1,1,1,1,1
38524,0,0,0,0,1,0,1,1,1,1
38525,0,1,1,1,1,1,1,1,1,1
38526,0,0,0,0,1,1,1,1,1,1
38527,0,0,0,1,1,0,0,1,1,1
38528,1,0,1,1,1,1,1,1,1,1
38529,0,0,0,1,1,0,0,1,1,1
38530,0,0,0,1,1,0,0,1,1,0
38601,0,0,1,1,1,1,1,1,1,1
38602,1,0,0,0,1,1,1,1,1,0
38603,0,0,0,1,1,1,1,1,1,1
38604,0,0,0,1,1,1,1,1,1,1
38605,0,1,1,1,1,1,1,1,1,1
38606,0,1,1,1,1,1,1,1,1,1
38607,0,1,0,1,1,1,1,1,1,1
38608,0,0,0,1,1,1,0,1,1,1
38609,0,1,1,1,1,1,1,1,1,1
38610,0,1,0,1,1,1,1,1,1,1
38611,1,0,1,1,1,1,1,1,1,1
38612,0,0,0,1,1,1,1,1,1,1
38613,0,0,0,1,1,1,1,1,1,1
38614,0,1,0,1,1,1,1,1,1,1
38615,0,0,0,1,1,1,1,1,1,1
38616,0,1,0,0,0,1,0,1,1,1
38617,0,0,0,1,1,1,1,1,1,1
38618,0,0,0,1,1,1,0,1,1,1
38619,0,0,0,1,1,1,1,1,0,1
38620,0,0,1,1,1,1,0,1,1,1
38621,0,0,0,1,1,1,1,1,1,1
38622,0,0,0,1,1,1,0,1,1,1
38623,0,0,0,1,1,1,0,1,1,1
38624,0,1,0,1,0,1,0,1,1,1
38625,0,0,0,1,1,1,0,1,1,1
38626,0,1,0,1,1,1,1,1,1,0
38627,0,1,1,1,1,1,0,1,1,1
38628,0,1,0,1,1,1,0,1,1,1
38629,0,0,1,1,1,1,1,1,1,1
38630,0,0,0,1,0,1,0,1,1,1
38701,0,0,0,1,1,1,1,1,1,1
38702,0,0,0,1,1,1,1,1,1,1
38703,0,1,0,1,1,1,0,1,1,0
38704,0,0,1,0,1,1,1,1,1,1
38705,0,0,0,1,1,1,1,1,1,1
38706,0,0,0,0,1,1,0,1,1,0
38707,0,0,1,1,1,1,1,1,1,1
38708,0,1,0,1,1,1,1,1,1,1
38709,0,1,0,0,1,1,0,1,1,1
38710,0,0,1,1,1,1,1,1,1,1
38711,0,,0,1,1,1,1,1,1,1
38712,0,1,0,1,1,1,0,1,1,0
38713,0,0,0,1,1,1,1,1,1,1
38714,0,1,1,0,1,1,1,1,1,1
38715,0,0,1,1,1,1,0,1,1,1
38716,0,0,0,1,1,1,0,1,1,1
38717,0,0,0,1,1,1,1,1,1,1
38718,0,0,0,1,1,1,0,1,1,1
38719,0,1,1,1,1,1,0,1,1,1
38720,0,1,0,1,1,1,0,1,1,1
38721,0,1,0,1,1,1,0,1,1,1
38722,0,1,0,1,1,1,0,1,1,1
38723,1,0,1,1,1,1,1,1,1,1
38724,0,0,0,1,1,1,0,1,1,1
38725,0,0,0,1,0,1,0,1,1,1
38726,0,1,0,1,1,1,1,1,1,1
38727,0,1,1,1,1,1,0,1,1,1
38728,0,1,0,1,0,1,1,1,1,1
38729,0,0,0,0,1,1,0,1,1,1
38730,0,0,0,0,1,1,0,1,1,0
38801,1,0,0,0,0,0,0,0,1,0
38802,0,0,0,0,0,0,1,1,1,0
38803,0,0,1,0,0,0,0,0,1,0
38804,0,0,1,0,0,0,1,0,1,0
38805,0,0,0,0,0,0,0,0,1,0
38806,0,0,0,0,0,0,1,0,1,0
38807,0,0,0,0,0,0,0,0,1,0
38808,0,0,0,0,0,0,0,0,1,0
38809,0,0,1,0,0,1,1,0,1,0
38810,0,0,0,0,1,0,1,1,1,1
38811,0,0,0,0,0,0,1,0,1,0
38812,0,1,0,0,0,0,1,0,1,0
38813,0,0,0,0,1,0,1,1,1,0
38814,0,1,0,0,0,0,0,0,1,0
38815,0,0,0,0,0,1,0,0,1,0
38816,0,0,1,0,1,0,1,1,1,0
38817,0,0,0,0,0,0,0,0,0,0
38818,0,0,1,0,0,0,0,0,1,0
38819,0,1,0,0,0,0,1,0,1,0
38820,0,0,0,0,0,0,0,0,1,0
38821,0,0,0,0,0,0,1,0,1,0
38822,0,0,0,0,0,0,0,0,1,0
38823,0,0,0,0,0,1,1,1,1,0
38824,0,0,0,0,0,0,1,1,1,0
38825,0,0,1,0,0,0,0,0,1,0
38826,0,0,0,0,0,0,1,0,1,0
38827,0,1,0,0,0,0,1,0,1,0
38828,0,0,0,0,0,0,1,0,1,0
38829,0,0,0,0,0,0,1,1,1,0
38830,0,0,0,0,0,0,0,0,1,0
39001,0,1,1,0,1,1,1,1,1,1
39002,0,0,0,0,0,0,0,0,1,0
39003,0,0,0,0,0,1,1,1,1,0
39004,0,0,0,0,0,1,1,0,1,0
39005,0,0,1,0,0,0,0,0,1,0
39006,0,0,0,0,0,1,1,0,1,0
39007,0,1,0,0,0,0,0,0,1,0
39008,0,0,0,0,1,0,1,1,1,1
39009,0,0,0,0,0,0,1,1,1,0
39010,0,0,0,0,0,0,1,0,1,0
39011,0,0,0,0,0,0,0,0,1,0
39012,0,0,0,0,1,0,1,1,1,0
39013,0,0,0,0,0,0,1,1,1,0
39014,0,0,0,0,1,1,1,1,1,0
39015,0,0,0,0,1,0,1,1,1,1
39016,0,0,0,0,0,0,1,1,1,1
39017,0,1,0,0,0,0,1,0,1,1
39018,0,0,1,0,1,0,1,1,1,1
39019,0,1,1,0,0,0,1,1,1,0
39020,0,0,0,0,0,0,0,1,1,0
39021,0,0,1,0,0,0,1,0,1,0
39022,0,0,0,0,0,0,0,0,1,0
39023,0,0,0,0,0,0,1,0,1,0
39024,0,1,0,0,1,1,1,1,1,1
39025,0,0,0,0,0,0,1,0,0,0
39026,0,0,0,0,0,1,1,1,1,0
39027,0,0,0,0,0,0,1,0,1,0
39028,0,0,0,0,0,0,1,1,1,0
39029,1,0,0,0,0,0,1,1,1,0
39030,0,1,0,0,0,0,1,1,1,0
39101,0,0,0,0,0,0,1,0,1,0
39102,0,1,0,0,0,0,1,0,1,0
39103,0,0,0,0,1,0,1,0,1,1
39104,0,0,0,0,0,0,1,0,1,0
39105,0,1,0,0,0,0,1,1,1,0
39106,0,1,0,0,0,0,0,0,1,0
39107,0,0,0,0,0,0,0,0,1,0
39108,0,0,0,0,0,0,0,0,1,0
39109,0,1,1,0,1,0,1,0,1,0
39110,0,0,0,0,0,0,1,0,1,0
39111,0,0,0,0,1,0,1,1,1,0
39112,0,1,0,0,1,0,0,0,1,1
39113,0,0,1,0,0,0,0,0,1,0
39114,0,0,0,0,0,0,1,0,1,0
39115,0,0,0,0,0,0,1,0,1,0
39116,0,0,0,0,0,0,1,0,1,0
39117,0,0,0,0,1,0,1,0,1,1
39118,0,1,1,0,0,0,1,0,1,0
39119,0,1,0,0,0,0,1,0,1,0
39120,0,0,0,0,1,0,1,1,1,0
39121,0,0,0,0,0,0,0,0,0,0
39122,0,0,0,0,0,0,0,0,1,0
39123,0,0,0,0,0,0,0,0,1,0
39124,0,0,1,0,0,0,1,0,1,0
39125,0,0,0,0,0,0,1,0,1,0
39126,0,0,1,0,1,0,1,0,1,0
39127,0,1,0,0,0,0,0,0,1,0
39128,0,1,1,0,0,0,0,0,1,0
39129,0,0,0,0,0,0,0,0,1,0
39130,0,0,0,0,1,0,1,0,1,1
39201,0,0,0,0,0,0,0,0,1,0
39202,0,1,0,0,0,0,1,0,1,0
39203,0,1,0,0,0,0,0,0,1,0
39204,0,0,0,0,0,0,1,0,1,0
39205,0,0,0,0,1,0,1,1,1,1
39206,0,0,0,0,0,0,1,0,1,0
39207,0,0,0,0,0,0,1,0,1,0
39208,0,0,0,0,0,0,0,0,1,0
39209,0,0,0,0,0,0,1,0,1,0
39210,0,0,0,0,0,0,1,0,1,0
39211,0,0,0,0,0,0,1,0,1,0
39212,0,0,0,0,0,0,1,0,1,0
39213,0,0,0,0,0,0,1,0,1,0
39214,0,0,0,0,0,0,0,0,1,0
39215,0,0,0,0,1,0,1,0,1,0
39216,0,0,1,0,0,0,0,0,1,0
39217,0,0,0,0,0,0,1,0,0,0
39218,0,0,0,0,0,0,0,0,1,0
39219,0,0,0,0,0,0,1,0,1,0
39220,0,0,0,0,0,0,0,0,1,0
39221,0,0,0,0,0,0,0,0,1,0
39222,0,0,0,0,0,0,0,0,1,0
39223,0,0,0,0,0,0,0,0,0,0
39224,0,0,0,0,0,0,1,0,1,0
39225,0,0,0,0,0,0,0,0,1,0
39226,0,1,0,0,0,0,0,0,1,0
39227,0,0,1,0,0,1,1,0,1,0
39228,0,0,0,0,0,0,0,0,1,0
39229,0,0,0,0,0,0,0,0,1,0
39230,0,0,0,0,1,0,1,1,1,0
39301,0,0,0,1,1,1,1,1,0,1
39302,0,0,0,0,1,1,1,1,1,1
39303,0,0,0,0,1,1,1,1,1,1
39304,0,0,1,0,1,1,1,1,1,1
39305,0,1,0,0,1,1,1,1,1,1
39306,0,0,0,0,0,1,1,1,1,1
39307,0,0,0,0,1,1,1,1,1,1
39308,0,1,0,0,1,1,1,1,1,1
39309,0,0,0,0,0,1,1,1,1,1
39310,0,0,0,0,0,1,1,1,1,1
39311,0,1,0,0,0,1,1,1,1,0
39312,1,0,0,0,0,1,1,1,1,0
39313,0,0,1,0,1,1,1,1,1,1
39314,0,0,0,0,1,1,1,1,1,1
39315,0,1,1,1,1,1,1,1,1,1
39316,0,1,1,0,1,1,1,1,1,1
39317,0,0,0,1,1,1,1,1,1,1
39318,0,0,1,0,1,1,1,1,1,1
39319,0,1,0,0,1,1,1,1,1,0
39320,0,0,0,0,0,1,1,1,1,1
39321,0,1,0,1,1,1,1,1,1,1
39322,0,1,0,1,0,0,1,1,1,0
39323,0,0,1,0,1,1,1,1,1,0
39324,0,1,0,0,1,1,1,1,1,1
39325,0,1,1,1,1,1,1,1,1,1
39326,0,0,0,0,1,1,1,1,1,1
39327,0,0,0,1,1,1,1,1,1,1
39328,0,,1,0,1,1,1,1,1,1
39329,0,1,1,0,1,1,1,1,1,1
39330,0,1,0,0,1,1,1,1,1,1
39401,0,0,0,0,1,1,1,1,1,1
39402,0,0,0,0,1,1,1,1,1,1
39403,0,1,0,1,1,1,1,1,1,1
39404,0,0,1,0,1,1,1,1,1,1
39405,0,1,0,0,1,1,1,1,1,1
39406,0,1,1,1,1,0,1,1,1,1
39407,0,1,1,1,1,0,1,1,1,1
39408,0,1,0,0,1,1,1,1,1,0
39409,0,1,1,1,1,0,1,1,1,1
39410,0,1,1,1,1,1,1,1,1,1
39411,0,0,0,0,1,1,1,1,1,0
39412,0,1,0,1,1,1,1,1,1,1
39413,0,0,1,1,1,1,1,1,1,1
39414,0,1,1,0,1,0,1,1,1,1
39415,0,1,0,1,0,0,1,1,1,1
39416,1,,0,0,1,1,1,1,1,1
39417,0,0,1,1,1,1,1,1,1,1
39418,0,1,0,0,1,1,1,1,1,0
39419,0,0,0,1,1,1,1,1,1,1
39420,1,1,0,0,1,1,1,1,1,1
39421,0,1,0,0,1,1,1,1,1,1
39422,0,0,0,1,1,1,1,1,1,0
39423,0,1,0,0,1,1,1,1,1,1
39424,0,0,1,0,1,1,1,1,1,1
39425,0,1,1,1,1,1,1,1,1,1
39426,0,1,1,1,1,1,1,1,1,1
39427,0,0,1,0,1,1,1,1,1,1
39428,0,1,1,0,1,1,1,1,1,1
39429,0,0,0,0,1,1,1,1,1,1
39430,0,0,1,1,1,1,1,1,1,1
39501,0,0,0,0,0,0,1,1,1,1
39502,0,1,0,0,1,1,1,1,1,1
39503,0,1,1,1,1,1,1,1,1,1
39504,1,0,1,0,1,0,1,1,1,1
39505,0,1,0,1,1,1,1,1,1,1
39506,0,1,0,0,1,0,1,1,1,1
39507,0,0,0,0,0,1,1,1,1,0
39508,0,1,1,1,1,1,1,1,1,1
39509,0,1,1,0,1,0,1,1,1,1
39510,1,0,1,0,1,1,1,1,1,1
39511,0,1,0,1,1,0,1,1,1,1
39512,0,1,0,0,0,0,1,1,1,0
39513,0,1,1,0,1,1,1,1,1,1
39514,0,1,1,1,1,1,1,1,1,1
39515,0,0,1,0,1,0,1,1,1,0
39516,0,0,0,1,1,1,1,1,1,1
39517,0,0,0,1,1,1,1,1,1,1
39518,0,1,1,0,1,0,1,1,1,1
39519,0,1,0,1,0,1,1,1,1,0
39520,0,0,0,1,1,1,1,1,1,1
39521,0,0,1,0,1,1,1,1,1,0
39522,1,1,0,1,1,0,1,1,1,1
39523,0,0,0,1,1,1,1,1,1,1
39524,0,0,0,0,1,0,1,1,1,1
39525,0,1,1,0,1,1,1,1,1,1
39526,0,1,1,1,1,1,1,1,1,1
39527,1,1,0,0,1,1,1,1,1,1
39528,0,1,1,0,1,1,1,1,1,1
39529,0,0,0,1,1,1,1,1,1,1
39530,0,0,0,1,1,0,1,1,1,1
39601,0,0,0,0,0,1,1,1,1,1
39602,0,1,1,0,0,1,1,1,1,1
39603,0,0,0,1,1,1,1,1,1,1
39604,0,1,1,0,1,1,1,1,1,1
39605,0,0,0,0,1,0,1,1,1,1
39606,0,1,0,0,0,1,1,1,1,1
39607,0,1,0,0,1,1,1,1,1,1
39608,0,0,0,0,1,0,1,1,1,1
39609,0,0,1,0,1,0,1,1,1,1
39610,0,0,0,0,1,1,1,1,1,1
39611,0,1,1,0,0,1,1,1,1,0
39612,0,1,0,1,1,1,1,1,1,1
39613,0,1,0,1,1,1,1,1,1,1
39614,0,0,1,0,1,0,1,1,1,1
39615,0,0,0,1,1,1,1,1,1,1
39616,0,1,0,0,1,1,1,1,1,1
39617,0,0,0,0,1,1,1,1,1,1
39618,0,1,1,0,1,1,1,1,1,1
39619,0,0,0,0,1,1,1,1,1,1
39620,0,1,1,1,1,1,1,1,1,1
39621,0,0,0,0,1,1,1,1,1,1
39622,0,0,1,1,1,1,1,1,1,1
39623,0,0,0,0,1,1,1,1,1,1
39624,0,1,0,0,1,1,1,1,1,1
39625,0,0,1,1,1,1,1,1,1,1
39626,0,0,0,0,1,0,1,1,1,1
39627,0,1,1,0,1,1,1,1,1,1
39628,0,1,1,0,1,1,1,1,1,1
39629,0,1,1,0,1,0,1,1,1,1
39630,0,1,0,1,1,1,1,1,1,1
39701,0,1,0,0,1,1,1,1,1,1
39702,0,1,1,0,1,1,1,1,1,1
39703,0,1,0,0,1,1,1,1,1,1
39704,0,1,0,1,1,1,1,1,1,1
39705,0,1,1,1,1,1,1,1,1,1
39706,0,1,0,0,1,1,1,1,1,0
39707,0,1,0,1,1,1,1,1,1,1
39708,0,1,0,1,1,1,1,1,1,1
39709,0,1,1,0,1,1,1,1,1,1
39710,0,1,1,1,1,1,1,1,1,1
39711,0,1,1,1,1,1,1,1,1,1
39712,0,1,0,1,1,1,1,1,1,1
39713,0,0,1,1,1,1,1,1,1,1
39714,0,1,0,1,1,1,1,1,1,1
39715,0,1,1,1,1,1,1,1,1,1
39716,0,0,0,1,1,1,1,1,1,1
39717,0,0,0,1,1,1,1,1,1,1
39718,0,0,0,0,1,1,1,1,1,1
39719,0,0,1,1,1,1,1,1,1,1
39720,0,1,1,1,1,1,1,1,1,1
39721,0,0,0,1,1,1,1,1,1,1
39722,0,0,0,0,1,1,1,1,1,1
39723,0,1,0,1,1,1,1,1,1,1
39724,0,0,0,1,1,1,1,1,1,1
39725,0,0,0,1,1,1,1,1,1,1
39726,0,0,0,1,1,1,1,1,1,1
39727,0,0,0,0,1,1,1,1,1,1
39728,0,1,1,0,1,1,1,1,1,1
39729,0,1,0,1,1,1,1,1,1,1
39730,0,1,1,1,1,1,1,1,1,1
39801,0,0,1,1,1,1,1,1,1,1
39802,0,0,0,0,1,1,1,1,1,1
39803,1,1,0,1,1,1,1,1,1,1
39804,0,0,1,0,1,1,1,1,1,1
39805,0,1,0,0,1,1,1,1,1,1
39806,0,0,1,1,1,1,1,1,1,1
39807,0,1,0,0,1,1,1,1,1,1
39808,0,0,0,0,1,1,1,1,1,1
39809,0,0,0,1,1,1,1,1,1,1
39810,0,0,0,0,1,1,1,1,1,1
39811,0,0,1,0,1,1,1,1,1,1
39812,0,0,0,0,1,1,1,1,1,1
39813,0,0,1,1,1,1,1,1,1,1
39814,0,0,1,1,1,1,1,1,1,1
39815,1,0,1,0,1,1,1,1,1,1
39816,0,0,0,0,1,1,1,1,1,1
39817,0,0,1,1,1,1,1,1,1,1
39818,1,1,0,1,1,1,1,1,1,1
39819,0,0,0,0,1,1,1,1,1,0
39820,1,0,1,0,0,1,1,1,1,1
39821,1,1,1,1,1,1,1,1,1,1
39822,0,0,1,1,1,1,1,1,1,1
39823,0,0,1,0,1,1,1,1,1,1
39824,0,1,0,0,1,1,1,1,1,1
39825,0,0,0,1,1,1,1,1,1,1
39826,0,0,1,1,1,1,1,1,1,1
39827,0,1,0,1,1,1,1,1,1,1
39828,0,1,1,0,1,1,1,1,1,1
39829,0,1,0,0,1,1,1,1,1,1
39830,0,1,0,0,1,1,1,1,1,1
39901,0,1,0,0,1,1,1,1,1,0
39902,0,0,1,0,0,1,1,1,1,1
39903,0,0,0,0,1,1,1,1,1,0
39904,0,0,0,1,1,1,1,1,1,1
39905,0,0,1,1,1,1,1,1,1,1
39906,0,1,0,0,1,1,1,1,1,0
39907,0,0,0,0,1,1,1,1,1,1
39908,0,0,1,1,1,1,1,1,1,1
39909,0,1,0,0,0,1,1,0,1,0
39910,0,0,0,0,1,1,1,1,1,1
39911,0,0,0,1,1,1,1,1,1,1
39912,0,0,0,0,1,1,1,1,1,0
39913,0,1,0,0,1,1,1,1,1,0
39914,0,0,0,0,0,1,1,1,1,0
39915,0,0,0,0,1,1,1,1,1,1
39916,0,1,0,0,1,1,1,1,1,0
39917,0,0,0,0,0,1,1,1,1,1
39918,0,0,0,0,1,1,1,1,1,1
39919,0,1,0,0,0,1,1,1,1,0
39920,0,1,0,0,1,1,1,1,1,1
39921,0,0,0,0,0,1,0,1,1,0
39922,0,1,0,0,0,1,1,1,1,0
39923,0,1,1,0,1,1,1,1,1,1
39924,0,0,0,0,0,1,1,1,1,0
39925,0,0,0,1,1,1,1,1,1,1
39926,0,0,0,1,0,1,1,1,1,1
39927,0,0,0,0,1,1,1,1,1,1
39928,0,1,1,0,0,1,1,1,1,1
39929,0,0,1,1,1,1,1,1,1,1
39930,0,1,0,0,1,1,1,1,1,0
40001,0,0,0,0,1,1,1,1,1,0
40002,0,0,1,0,1,1,1,1,1,1
40003,0,0,0,0,1,1,1,1,1,1
40004,0,0,0,1,1,0,1,1,1,0
40005,0,0,0,0,1,1,1,1,1,1
40006,0,0,0,0,1,0,1,1,1,0
40007,0,0,0,0,1,0,1,1,1,1
40008,0,0,0,0,1,0,1,1,1,1
40009,0,0,0,0,0,1,1,1,1,0
40010,0,0,0,0,1,0,1,1,1,1
40011,0,0,1,0,1,0,1,1,1,1
40012,0,0,0,1,1,0,1,1,1,1
40013,1,0,0,1,1,0,1,1,1,1
40014,0,0,1,0,1,1,1,1,1,0
40015,0,0,1,0,1,1,1,1,1,1
40016,0,0,0,1,1,0,1,0,1,1
40017,0,0,0,0,1,1,1,1,1,1
40018,0,0,0,0,1,0,1,1,1,1
40019,0,0,0,1,1,1,1,1,1,0
40020,0,0,0,1,1,0,1,1,1,1
40021,0,0,1,0,1,1,1,0,1,0
40022,0,1,0,0,1,0,1,1,1,0
40023,0,1,1,0,1,1,1,1,1,1
40024,0,0,0,0,1,0,1,1,1,0
40025,0,1,0,1,1,1,1,1,1,1
40026,0,1,0,1,1,1,1,1,1,1
40027,1,1,1,0,1,0,1,1,1,1
40028,0,0,0,0,1,0,1,1,1,0
40029,0,0,0,1,1,1,1,1,1,1
40030,0,0,1,1,1,1,1,1,1,1
40101,1,1,0,1,1,1,1,1,1,1
40102,0,1,0,1,0,1,1,1,1,1
40103,0,1,0,1,1,1,1,1,1,1
40104,0,1,0,1,1,1,1,1,1,1
40105,0,0,0,0,1,1,1,1,1,0
40106,0,0,1,1,1,1,1,1,1,1
40107,0,1,0,0,1,1,1,1,1,0
40108,0,1,1,1,1,1,1,1,1,1
40109,0,0,0,1,1,1,1,1,1,1
40110,0,0,1,1,1,1,1,1,1,1
40111,0,0,0,1,1,1,1,1,1,1
40112,0,0,1,1,1,1,1,1,1,1
40113,0,1,0,1,1,1,1,1,1,1
40114,0,1,0,1,0,1,1,1,1,1
40115,0,0,1,0,0,1,1,1,1,0
40116,1,0,0,1,1,1,1,1,1,1
40117,0,1,1,0,0,1,1,1,1,0
40118,0,0,0,1,1,1,1,1,1,1
40119,0,0,0,1,1,1,1,1,1,1
40120,0,1,0,1,1,1,1,1,1,1
40121,0,1,0,0,1,1,1,1,1,1
40122,0,0,0,1,1,1,1,1,1,1
40123,0,1,0,1,1,1,1,1,1,1
40124,0,1,1,0,1,1,1,1,1,1
40125,0,1,0,1,1,1,1,1,1,1
40126,0,1,1,1,1,1,1,1,1,1
40127,0,1,0,1,1,1,1,1,1,1
40128,1,1,0,1,1,1,1,1,1,1
40129,1,0,0,1,1,1,1,1,1,0
40130,0,1,1,1,1,1,1,1,1,1
40201,0,0,1,1,1,1,1,1,1,1
40202,0,0,0,0,1,1,1,1,1,1
40203,0,1,1,1,1,1,1,1,1,1
40204,,0,0,1,1,1,1,1,1,1
40205,0,0,0,1,1,1,1,1,1,1
40206,0,1,0,0,1,1,1,1,1,1
40207,0,0,0,0,0,1,1,1,1,1
40208,0,0,0,1,1,1,1,1,1,1
40209,0,0,1,1,1,1,1,1,1,1
40210,0,1,0,1,1,1,1,1,1,1
40211,0,1,0,1,1,1,1,1,1,1
40212,0,1,1,0,1,1,1,1,1,1
40213,0,0,1,1,1,1,1,1,1,1
40214,0,1,0,1,1,1,1,1,1,1
40215,0,0,0,1,1,1,1,1,1,1
40216,0,0,0,0,1,1,1,1,1,1
40217,0,1,0,1,1,1,1,1,1,1
40218,0,0,1,0,1,1,1,1,1,1
40219,0,1,1,1,1,1,1,1,1,1
40220,0,0,1,1,1,1,1,1,1,1
40221,0,1,0,1,1,1,1,1,1,1
40222,0,0,0,1,1,1,1,1,1,1
40223,0,1,1,0,1,1,1,1,1,1
40224,0,0,0,0,1,1,1,1,1,1
40225,0,0,0,1,1,1,1,1,1,0
40226,0,1,0,0,1,1,1,1,1,1
40227,0,0,0,1,1,1,1,1,1,1
40228,0,0,1,1,0,1,1,1,1,1
40229,0,0,0,1,1,1,1,1,1,1
40230,0,1,1,1,1,1,1,1,1,1
40301,0,1,1,1,1,0,1,1,1,1
40302,0,1,0,1,0,0,1,1,1,1
40303,0,1,0,0,0,0,1,1,1,0
40304,0,0,0,1,1,0,1,1,1,1
40305,1,1,1,1,0,1,1,1,1,0
40306,0,0,1,1,1,0,1,1,1,1
40307,0,0,1,1,1,0,1,1,1,1
40308,0,0,1,1,1,1,1,1,1,1
40309,0,0,0,1,1,0,1,1,1,1
40310,0,1,0,0,1,0,1,1,1,1
40311,0,0,1,0,1,0,1,1,1,1
40312,0,0,0,1,1,0,1,1,1,1
40313,0,1,1,1,1,0,1,1,1,1
40314,0,0,0,0,1,0,1,1,1,1
40315,0,1,1,1,1,0,1,1,1,1
40316,1,1,1,1,1,0,1,1,1,1
40317,0,0,0,1,1,1,1,1,1,1
40318,0,0,0,0,1,1,1,1,1,1
40319,0,0,0,1,1,0,1,1,1,1
40320,0,1,1,1,0,0,1,0,1,0
40321,0,0,0,1,1,0,1,1,1,1
40322,0,0,1,1,1,0,1,1,1,1
40323,0,1,1,0,1,0,1,1,1,1
40324,0,0,0,1,1,0,1,1,1,1
40325,0,0,0,0,0,0,1,0,1,1
40326,0,1,0,0,1,0,1,0,1,0
40327,0,1,0,1,1,0,1,1,1,1
40328,0,1,1,1,1,0,1,1,1,1
40329,0,1,1,1,1,1,1,1,1,1
40330,0,0,0,0,1,0,1,1,1,1
40401,1,1,0,1,1,1,1,1,1,1
40402,0,0,1,1,1,1,1,1,1,1
40403,0,1,0,1,1,1,1,1,1,1
40404,0,1,1,1,1,1,1,1,1,1
40405,0,1,0,1,1,1,1,1,1,1
40406,0,1,1,1,1,1,1,1,1,1
40407,0,0,0,1,1,1,1,1,1,1
40408,0,0,0,1,1,1,1,1,1,1
40409,0,0,1,1,1,1,1,1,1,1
40410,0,1,0,1,1,1,1,1,1,1
40411,0,1,1,1,1,1,1,1,1,1
40412,0,0,0,0,1,1,1,1,1,1
40413,0,1,0,1,1,1,1,1,1,1
40414,0,1,1,1,1,1,1,1,1,1
40415,1,0,0,1,1,1,1,1,1,1
40416,0,1,1,1,1,1,1,1,1,1
40417,0,1,1,1,1,1,1,1,1,1
40418,0,1,1,0,1,1,1,1,1,1
40419,0,0,1,0,1,1,1,1,1,1
40420,0,1,0,0,1,1,1,1,1,1
40421,0,1,0,1,1,1,1,1,1,1
40422,0,0,0,0,1,1,1,1,1,1
40423,0,1,1,1,1,1,1,1,1,1
40424,0,0,0,1,1,1,1,1,1,1
40425,0,1,1,1,1,1,1,1,1,1
40426,0,1,1,1,1,1,1,1,1,1
40427,0,0,1,1,1,1,1,1,1,1
40428,0,1,0,1,1,1,1,1,1,1
40429,0,0,0,1,1,1,1,1,1,1
40430,1,0,1,1,1,1,1,1,1,1
40501,0,0,0,0,1,1,1,1,1,1
40502,0,0,1,0,0,1,1,1,1,0
40503,0,0,0,0,1,1,1,1,1,1
40504,0,1,0,0,1,1,1,1,1,1
40505,0,1,0,0,1,1,1,1,1,1
40506,0,1,0,0,1,1,1,1,1,1
40507,0,1,0,0,1,1,1,1,1,1
40508,0,1,0,0,0,1,1,1,1,1
40509,0,1,0,0,1,1,1,1,1,1
40510,0,1,0,0,1,1,1,1,1,1
40511,0,1,0,0,0,1,1,1,1,1
40512,0,1,0,0,1,1,1,1,1,1
40513,0,0,0,0,1,1,1,1,1,1
40514,0,1,0,0,1,1,1,1,1,1
40515,0,1,1,0,1,1,1,1,1,1
40516,0,1,0,0,1,1,1,1,1,1
40517,0,0,0,0,1,1,1,1,1,1
40518,0,1,0,0,1,1,1,1,1,1
40519,0,1,0,0,1,1,1,1,1,1
40520,0,1,1,0,1,1,1,1,1,1
40521,0,1,1,1,1,1,1,1,1,1
40522,0,1,0,0,1,1,1,1,1,1
40523,0,1,0,0,1,1,1,1,1,1
40524,1,1,0,1,1,1,1,1,1,1
40525,0,1,0,0,1,1,1,1,1,1
40526,0,1,0,0,1,1,1,1,1,1
40527,0,1,0,1,1,1,1,1,1,1
40528,0,1,1,0,1,1,1,1,1,1
40529,0,1,0,1,1,1,1,1,1,1
40530,0,1,0,0,0,1,1,1,1,1
40601,1,1,0,0,1,1,1,1,1,1
40602,0,1,0,0,0,1,1,1,1,1
40603,0,1,0,0,1,1,1,1,1,1
40604,0,0,0,0,1,1,1,1,1,1
40605,0,1,1,0,1,1,1,1,1,1
40606,0,1,1,0,0,1,1,1,1,1
40607,0,0,0,0,1,1,1,1,1,1
40608,0,1,0,0,1,1,1,1,1,1
40609,0,0,0,1,1,1,1,1,1,1
40610,0,0,0,0,1,1,1,1,1,1
40611,1,1,0,0,1,1,1,1,1,1
40612,0,1,0,0,1,1,1,1,1,1
40613,0,0,0,0,1,1,1,1,1,1
40614,0,0,0,1,1,1,1,1,1,1
40615,0,0,0,0,0,1,1,1,1,1
40616,0,1,0,0,0,1,1,1,1,1
40617,0,1,0,0,1,1,1,1,1,1
40618,0,1,0,0,1,1,1,1,1,1
40619,0,1,0,0,1,1,1,1,1,1
40620,0,1,0,1,1,1,1,1,1,1
40621,0,0,0,0,1,1,1,1,1,1
40622,0,1,1,0,1,1,1,1,1,1
40623,0,0,0,1,1,1,1,1,1,1
40624,0,0,0,0,1,1,1,1,1,1
40625,0,1,1,1,1,1,1,1,1,1
40626,0,1,1,0,1,1,1,1,1,1
40627,0,1,0,0,1,1,1,1,1,1
40628,0,1,1,0,1,1,1,1,1,1
40629,0,0,0,0,1,1,1,1,1,1
40630,0,0,0,0,1,1,1,1,1,1
40701,0,0,0,0,1,1,1,1,1,1
40702,0,0,0,1,1,1,1,1,1,1
40703,0,0,1,1,1,1,1,1,1,1
40704,0,1,1,0,1,1,1,1,1,0
40705,0,1,1,0,1,1,1,1,1,1
40706,0,0,1,1,1,1,1,1,1,1
40707,0,0,1,0,1,1,1,1,1,1
40708,0,1,0,0,1,1,1,1,1,1
40709,0,0,0,1,1,1,1,1,1,1
40710,0,0,1,0,1,1,1,1,1,1
40711,0,1,0,0,1,1,1,1,1,1
40712,0,1,1,1,1,1,1,1,1,1
40713,1,1,1,1,1,1,1,1,1,1
40714,0,0,0,1,1,1,1,1,1,1
40715,0,0,1,1,1,1,1,1,1,1
40716,0,0,0,1,1,1,1,1,1,1
40717,0,1,0,1,1,1,1,1,1,1
40718,0,1,0,1,1,1,1,1,1,1
40719,0,1,1,1,1,1,1,1,1,1
40720,0,0,0,1,1,1,1,1,1,1
40721,0,1,1,1,1,1,1,1,1,1
40722,0,0,0,1,1,1,1,1,1,1
40723,1,1,0,1,1,1,1,1,1,1
40724,0,0,1,1,1,1,1,1,1,1
40725,0,1,0,0,1,1,1,1,1,1
40726,0,1,1,1,1,1,1,1,1,1
40727,0,1,1,0,1,1,1,1,1,1
40728,0,1,0,1,1,1,1,1,1,1
40729,0,0,0,1,1,1,1,1,1,1
40730,0,0,0,1,1,1,1,1,1,1
40801,0,0,0,0,1,1,1,1,1,1
40802,0,0,0,0,0,1,1,1,1,0
40803,1,1,1,1,1,1,1,1,1,1
40804,0,1,1,0,1,1,1,1,1,1
40805,0,0,0,0,1,1,1,1,1,1
40806,0,1,0,0,1,1,1,1,1,1
40807,0,0,0,0,1,1,1,1,1,1
40808,0,1,1,1,1,1,1,1,1,1
40809,0,0,1,1,1,1,1,1,1,1
40810,0,0,1,1,1,1,1,1,1,0
40811,0,0,0,0,0,1,1,1,1,1
40812,0,0,0,1,1,1,1,1,1,0
40813,0,1,1,1,1,1,1,1,1,1
40814,0,1,1,0,1,1,1,1,1,1
40815,0,1,0,0,1,1,1,1,1,1
40816,0,1,1,0,1,1,1,1,1,1
40817,0,0,0,1,1,1,1,1,1,1
40818,0,0,0,1,1,1,1,1,1,1
40819,0,0,1,1,1,1,1,1,1,1
40820,0,1,0,1,1,1,1,1,1,1
40821,0,0,0,1,1,1,1,1,1,0
40822,0,1,0,0,1,1,1,1,1,1
40823,1,0,0,0,0,1,1,1,1,0
40824,0,0,0,0,1,1,1,1,1,0
40825,0,1,0,0,1,1,1,1,1,1
40826,0,0,0,1,1,1,1,1,1,1
40827,0,0,0,1,1,1,1,1,1,1
40828,0,1,0,0,1,1,1,1,1,0
40829,0,1,0,0,0,1,1,1,1,0
40830,0,0,1,1,1,1,1,1,1,0
40901,0,1,1,0,1,1,1,1,1,1
40902,0,1,1,1,1,0,1,1,1,1
40903,0,1,0,1,1,0,1,1,1,1
40904,0,0,0,0,1,1,1,1,1,1
40905,0,1,0,0,1,1,1,1,1,1
40906,0,1,0,1,1,0,1,1,1,1
40907,0,1,0,0,1,1,1,1,1,1
40908,0,1,1,1,1,0,1,1,1,1
40909,0,0,0,1,1,0,1,1,1,1
40910,0,0,0,0,1,1,1,1,1,0
40911,0,1,1,1,1,1,1,1,1,1
40912,0,0,0,1,1,0,1,1,1,1
40913,0,1,1,1,1,0,1,1,1,1
40914,1,1,1,0,1,0,1,1,1,1
40915,0,1,0,1,1,0,1,1,1,1
40916,0,1,1,1,1,1,1,1,1,1
40917,0,0,0,1,1,0,1,1,1,1
40918,0,1,1,0,1,0,1,1,0,1
40919,0,0,1,1,1,1,1,1,1,1
40920,0,0,1,1,1,0,1,1,1,1
40921,0,1,1,1,1,0,1,1,1,1
40922,0,1,1,1,1,1,1,1,1,1
40923,0,1,0,1,1,1,1,1,1,1
40924,0,0,1,1,1,0,1,1,1,1
40925,0,0,0,1,1,0,1,1,1,1
40926,0,1,0,1,1,0,1,1,1,1
40927,0,0,1,1,1,0,1,1,1,1
40928,0,1,1,1,1,0,1,1,1,1
40929,0,1,1,1,1,0,1,1,1,1
40930,0,0,1,1,1,0,1,1,1,1
41001,1,1,0,0,1,0,1,1,1,1
41002,0,0,0,0,1,1,1,1,1,1
41003,0,1,0,0,1,1,1,1,1,1
41004,0,1,1,1,1,0,1,1,1,1
41005,0,0,1,1,1,1,1,1,1,1
41006,0,0,0,1,1,1,1,1,1,1
41007,0,0,0,1,1,0,1,1,1,1
41008,0,1,1,0,1,1,1,1,1,1
41009,0,1,0,0,1,1,1,1,1,1
41010,0,0,1,1,1,1,1,1,1,1
41011,0,1,1,0,1,1,1,1,1,0
41012,0,0,1,1,1,1,1,1,1,1
41013,0,0,1,1,1,1,1,1,1,1
41014,0,1,0,1,1,1,1,1,1,1
41015,0,0,1,1,1,1,1,1,1,1
41016,1,1,0,1,1,0,1,1,1,1
41017,0,1,0,0,1,1,1,1,1,1
41018,0,0,1,1,1,1,1,1,1,1
41019,0,0,0,0,1,1,1,1,1,1
41020,0,1,0,1,1,1,1,1,1,1
41021,0,1,0,1,1,1,1,1,1,1
41022,0,0,1,0,1,1,1,1,1,1
41023,0,0,0,0,1,1,1,1,1,1
41024,0,0,0,1,1,1,1,1,1,1
41025,0,1,0,0,0,0,1,1,1,1
41026,0,1,1,0,1,1,1,1,1,0
41027,1,0,0,0,1,1,1,1,1,1
41028,0,1,0,1,1,0,1,1,1,1
41029,0,0,0,0,1,1,1,1,1,1
41030,0,0,0,1,1,1,1,1,1,1
41101,0,1,0,0,1,0,0,1,1,1
41102,0,0,0,0,1,1,1,1,1,1
41103,0,1,1,1,1,1,1,1,1,0
41104,0,0,0,1,1,1,0,1,1,1
41105,0,0,0,1,1,1,1,1,1,1
41106,0,0,1,1,1,1,1,1,1,1
41107,0,0,0,0,0,0,0,1,1,0
41108,0,0,0,0,1,1,1,1,1,1
41109,0,0,0,0,1,1,1,1,1,1
41110,0,1,0,1,1,1,0,1,1,1
41111,0,1,1,1,1,1,1,1,1,1
41112,0,1,0,1,1,1,1,1,1,1
41113,0,1,0,0,1,1,0,1,1,0
41114,1,0,1,1,1,1,1,1,1,1
41115,0,0,0,0,1,1,1,1,1,1
41116,0,0,0,1,1,0,0,1,1,1
41117,0,0,0,0,1,1,1,1,1,1
41118,0,1,0,0,1,1,1,1,1,1
41119,0,0,0,0,1,0,0,1,1,1
41120,0,1,0,1,1,1,1,1,1,1
41121,0,0,1,1,1,1,1,1,1,1
41122,0,1,0,0,1,0,0,1,1,1
41123,0,0,1,0,1,1,1,1,1,1
41124,0,1,0,1,1,1,1,1,1,1
41125,0,0,1,1,1,0,0,1,1,1
41126,0,1,0,1,1,1,1,1,1,1
41127,0,0,0,0,1,1,1,1,1,1
41128,0,0,0,0,1,0,0,1,1,1
41129,0,0,0,1,1,1,1,1,1,0
41130,0,1,0,0,1,1,1,1,1,1
41201,0,1,0,0,1,1,1,1,1,0
41202,0,1,0,1,1,1,1,1,1,1
41203,0,1,1,1,0,1,1,1,1,0
41204,0,0,0,0,1,1,1,1,1,1
41205,0,1,0,1,1,1,1,1,1,1
41206,0,1,0,0,1,1,1,1,1,1
41207,1,1,0,1,1,1,1,1,1,1
41208,0,0,0,1,1,1,1,1,1,1
41209,0,0,0,0,1,1,1,1,1,0
41210,0,1,1,1,1,1,1,1,1,1
41211,0,1,0,1,1,1,1,1,1,0
41212,0,1,0,0,1,1,1,1,1,1
41213,0,1,0,0,1,1,1,1,1,1
41214,0,1,0,0,1,1,1,1,1,0
41215,0,0,1,1,1,1,1,1,1,1
41216,0,1,0,0,1,1,1,1,1,1
41217,0,0,0,0,1,1,1,1,1,0
41218,1,1,0,0,1,1,1,1,1,1
41219,0,1,0,1,1,1,0,1,1,1
41220,0,1,0,1,1,1,1,1,1,0
41221,0,1,0,0,1,1,1,1,1,1
41222,0,1,0,0,0,1,1,0,1,0
41223,0,0,0,1,1,1,1,1,1,1
41224,0,1,0,0,1,1,1,1,1,1
41225,0,0,0,0,1,1,0,1,1,0
41226,0,0,0,1,1,1,1,1,1,1
41227,0,1,0,0,1,1,1,1,1,0
41228,0,0,0,0,1,1,1,1,1,1
41229,0,1,0,1,1,1,1,1,1,1
41230,0,1,0,0,1,1,1,0,1,0
41301,0,0,1,0,1,0,1,1,1,1
41302,0,1,0,0,1,0,1,1,1,1
41303,0,1,0,1,1,0,1,1,1,1
41304,0,0,0,0,1,0,1,1,1,1
41305,0,0,1,1,1,0,1,1,1,1
41306,0,1,0,1,1,1,1,1,1,1
41307,0,0,1,0,1,0,1,1,1,0
41308,0,0,0,0,1,0,1,1,1,0
41309,1,1,1,1,1,0,1,1,1,1
41310,1,1,0,1,1,1,1,1,1,1
41311,0,0,0,0,1,0,1,1,1,1
41312,0,1,0,1,0,1,1,1,1,1
41313,0,1,1,0,1,0,1,1,1,1
41314,0,0,1,0,1,0,1,1,1,0
41315,0,0,0,0,1,0,1,0,1,1
41316,0,0,0,0,1,0,1,1,1,1
41317,0,0,0,0,1,0,1,1,1,1
41318,0,1,0,1,1,1,1,1,1,1
41319,0,0,0,1,1,1,1,1,1,1
41320,0,0,1,1,1,0,1,1,1,1
41321,0,0,0,1,1,0,1,1,1,1
41322,0,0,0,1,1,0,1,1,1,1
41323,0,0,0,1,1,0,1,1,1,1
41324,0,0,1,1,1,0,1,1,1,1
41325,0,0,1,1,1,0,1,0,1,1
41326,0,1,0,0,1,1,1,1,1,1
41327,0,1,0,1,1,0,1,1,1,1
41328,0,1,0,1,1,0,1,1,1,1
41329,0,1,1,1,1,0,1,1,1,1
41330,0,0,0,1,0,0,1,0,1,1
41401,0,1,0,0,1,0,1,1,1,1
41402,0,1,1,0,0,0,1,0,1,0
41403,0,0,0,0,0,1,1,1,1,0
41404,0,0,0,0,0,0,1,0,1,0
41405,0,1,0,0,1,0,1,1,1,1
41406,0,1,1,0,1,1,1,1,1,1
41407,0,0,1,1,1,1,1,0,1,1
41408,0,0,0,0,0,0,1,1,1,0
41409,0,1,0,0,0,1,1,1,1,1
41410,1,0,0,0,1,1,1,1,1,1
41411,0,0,0,0,0,0,1,1,1,0
41412,0,1,0,0,1,1,1,1,1,1
41413,0,0,0,0,1,1,1,0,1,1
41414,0,0,1,0,0,0,1,0,1,0
41415,0,1,0,0,0,1,1,0,1,0
41416,0,0,0,0,0,1,1,1,1,0
41417,0,0,0,1,1,1,1,1,1,1
41418,0,0,0,0,0,1,1,0,1,0
41419,0,0,0,0,1,0,1,1,1,0
41420,0,1,0,0,0,1,1,0,1,0
41421,0,0,0,0,0,0,1,0,1,0
41422,0,1,0,0,0,0,1,0,1,0
41423,1,1,0,1,0,1,1,1,1,1
41424,0,1,0,0,1,1,1,1,1,1
41425,0,0,0,0,0,1,1,1,1,0
41426,0,1,0,0,0,0,1,0,1,0
41427,0,0,0,0,0,1,1,0,1,1
41428,0,1,1,0,0,1,1,1,1,0
41429,0,1,0,0,0,1,1,1,1,0
41430,0,0,0,0,1,1,1,1,1,0
41501,0,0,0,0,0,0,1,0,1,1
41502,0,0,0,0,0,0,1,0,1,1
41503,0,0,0,0,0,0,1,0,1,1
41504,0,0,0,0,0,0,1,0,1,0
41505,0,1,0,0,0,0,1,0,1,0
41506,0,0,0,0,0,0,1,0,1,0
41507,0,0,0,0,0,0,0,0,1,0
41508,0,1,0,0,0,0,1,0,1,0
41509,0,1,0,0,0,0,1,0,1,0
41510,0,0,0,0,0,0,1,0,1,0
41511,0,0,0,0,1,0,1,0,1,0
41512,0,1,0,0,1,0,1,0,1,0
41513,0,1,0,0,0,0,1,0,1,0
41514,0,0,0,0,0,0,1,0,1,0
41515,0,0,0,0,0,0,0,0,1,0
41516,0,0,0,0,0,0,1,0,1,0
41517,0,1,0,0,0,0,0,0,1,0
41518,0,1,0,0,0,0,0,0,1,0
41519,0,0,0,0,0,0,1,0,1,0
41520,0,0,0,0,1,0,0,0,1,0
41521,0,0,0,0,0,0,0,0,1,0
41522,0,0,0,0,0,0,0,0,1,0
41523,0,0,0,0,0,0,0,0,1,0
41524,0,0,0,0,0,0,1,0,1,0
41525,0,1,0,0,0,0,0,0,1,0
41526,0,1,0,0,0,0,1,0,1,0
41527,1,1,0,0,0,0,1,1,1,1
41528,0,1,0,0,0,0,0,0,1,0
41529,0,0,0,0,0,0,0,0,1,0
41530,0,0,0,0,1,0,0,0,1,0
41601,0,0,0,0,0,0,0,0,1,0
41602,0,0,1,0,0,0,1,0,1,0
41603,0,1,0,0,0,0,0,0,1,0
41604,0,0,1,0,0,0,0,0,1,0
41605,0,1,0,0,0,0,1,0,1,0
41606,0,0,0,0,0,0,1,0,1,0
41607,0,0,0,0,0,0,0,0,1,0
41608,0,0,0,0,0,0,1,0,1,0
41609,0,0,0,0,0,0,0,0,1,0
41610,0,0,0,0,0,0,1,0,1,0
41611,0,1,0,0,0,0,0,0,1,0
41612,1,1,0,0,0,0,0,0,1,0
41613,0,0,0,0,0,0,0,0,1,0
41614,0,0,0,0,1,0,0,0,1,1
41615,0,1,0,0,0,0,0,0,1,0
41616,0,1,0,0,0,0,1,0,1,0
41617,0,0,0,0,0,0,1,0,1,0
41618,0,0,0,0,1,0,1,1,1,0
41619,0,0,0,0,0,0,0,0,1,0
41620,0,0,1,1,1,0,0,1,1,1
41621,0,0,0,0,1,0,0,0,1,0
41622,0,0,0,0,0,0,1,0,1,0
41623,0,0,0,0,1,0,1,0,1,0
41624,0,0,0,0,0,0,0,0,1,0
41625,0,0,0,0,0,0,1,0,1,0
41626,0,0,0,0,0,0,0,0,1,0
41627,0,0,0,0,0,0,1,0,1,0
41628,0,0,0,0,0,0,1,0,1,0
41629,0,0,0,0,0,0,0,0,1,0
41630,0,0,0,0,0,0,0,0,1,1
41701,0,0,0,0,1,1,1,1,1,0
41702,0,1,0,0,1,1,1,1,1,0
41703,0,0,0,0,1,1,1,1,1,1
41704,0,1,0,0,1,1,1,1,1,1
41705,0,0,1,0,1,1,1,0,1,1
41706,0,1,1,0,1,1,1,1,1,1
41707,0,0,1,0,1,1,1,1,1,1
41708,0,1,0,0,1,1,1,1,1,0
41709,0,0,0,0,1,1,1,0,1,0
41710,0,0,1,0,1,1,1,1,1,1
41711,0,0,0,0,0,1,1,1,1,1
41712,0,0,1,1,1,1,1,1,1,0
41713,0,0,0,0,1,0,1,1,1,1
41714,0,0,1,0,1,0,0,0,1,0
41715,1,1,0,0,0,1,1,1,1,1
41716,0,0,0,1,1,1,1,1,1,1
41717,0,0,0,0,1,1,1,1,1,0
41718,0,0,0,0,1,1,1,0,1,0
41719,0,0,0,0,1,1,1,0,1,1
41720,0,1,0,0,1,1,1,1,1,1
41721,0,1,0,0,1,0,1,0,1,1
41722,0,1,0,0,1,0,1,1,1,1
41723,0,0,0,0,1,1,1,0,1,0
41724,0,0,0,1,1,1,1,1,1,1
41725,0,1,0,0,1,1,1,1,1,1
41726,0,0,0,0,0,0,1,1,1,0
41727,0,0,0,1,1,1,1,1,1,0
41728,0,1,0,1,1,1,1,1,1,1
41729,1,0,0,0,1,1,1,1,1,1
41730,0,0,0,1,0,1,1,1,1,1
41801,0,1,0,0,1,1,1,1,1,1
41802,0,0,0,1,0,0,1,0,1,0
41803,0,0,0,0,0,0,1,0,1,0
41804,1,1,0,0,1,1,1,1,1,0
41805,0,1,1,0,0,1,1,1,1,0
41806,0,0,0,0,0,1,1,0,1,1
41807,0,1,0,0,0,0,1,0,1,0
41808,0,0,0,0,0,0,1,0,1,1
41809,0,1,0,1,0,1,1,0,1,1
41810,0,0,0,0,0,0,1,0,1,0
41811,0,1,1,0,1,1,1,1,1,0
41812,0,1,0,0,0,0,1,0,1,1
41813,1,0,0,0,1,1,1,1,1,0
41814,0,1,1,1,1,0,1,1,1,1
41815,0,1,0,0,1,1,1,1,1,0
41816,0,0,1,0,1,0,1,0,1,1
41817,0,0,0,0,0,0,1,1,1,0
41818,1,1,0,0,1,0,1,1,1,1
41819,0,0,0,0,0,0,1,0,1,1
41820,0,0,1,0,0,1,1,0,1,0
41821,0,0,0,1,0,0,1,1,1,1
41822,0,1,0,0,0,0,1,1,1,1
41823,0,1,0,0,0,0,1,1,1,1
41824,0,1,0,0,1,0,0,0,1,0
41825,0,1,0,0,1,0,1,0,1,0
41826,0,1,1,0,1,0,1,1,1,1
41827,0,0,0,0,0,0,1,0,1,0
41828,0,0,0,1,1,0,1,1,1,0
41829,0,0,0,0,1,1,1,1,1,0
41830,0,0,0,0,1,1,1,1,1,1
41901,0,0,0,0,1,0,1,1,1,0
41902,0,1,0,0,1,1,1,1,1,1
41903,0,1,0,1,1,1,1,1,1,1
41904,0,1,1,1,1,1,1,1,1,1
41905,0,0,1,1,1,1,1,1,1,1
41906,0,1,0,0,1,1,1,1,1,1
41907,0,1,1,1,1,0,1,1,1,1
41908,0,1,0,1,1,1,1,1,1,1
41909,0,1,0,1,1,1,1,1,1,1
41910,0,1,1,1,1,1,1,1,1,1
41911,0,1,0,1,1,1,1,1,1,1
41912,0,0,1,0,1,1,1,1,1,1
41913,0,0,0,0,1,0,1,1,1,1
41914,0,0,0,1,1,1,1,1,1,1
41915,0,1,0,0,1,1,1,1,1,1
41916,0,0,0,0,1,1,1,1,1,1
41917,0,0,0,0,1,1,1,1,1,1
41918,0,0,0,1,1,1,1,1,1,1
41919,0,0,0,1,1,1,1,1,1,1
41920,0,0,0,0,1,1,1,1,1,1
41921,0,1,0,0,1,1,1,1,1,1
41922,0,0,1,1,1,1,1,1,1,1
41923,0,0,0,0,1,1,1,1,1,1
41924,1,1,0,0,1,1,1,1,1,1
41925,0,0,1,0,1,0,1,1,1,1
41926,0,0,0,0,1,1,1,0,1,0
41927,0,0,1,1,1,1,1,1,1,1
41928,0,0,0,0,1,1,1,1,1,1
41929,0,1,1,1,1,1,1,1,1,1
41930,0,0,0,0,1,1,1,1,1,1
42001,0,0,0,0,1,1,1,1,1,1
42002,0,0,0,1,1,1,1,1,1,1
42003,0,0,1,0,1,1,1,1,1,1
42004,0,0,0,0,1,1,1,1,1,0
42005,0,1,0,1,1,1,1,1,1,1
42006,0,1,0,1,1,1,1,1,1,1
42007,0,0,0,0,1,1,1,1,1,0
42008,0,0,0,1,1,1,1,1,1,1
42009,0,1,0,0,1,1,1,1,1,0
42010,0,0,1,0,1,1,1,1,1,0
42011,1,1,0,0,1,1,1,1,1,1
42012,1,0,0,0,1,1,1,1,1,1
42013,0,0,1,0,1,1,1,1,1,0
42014,0,0,0,0,1,1,1,1,1,1
42015,0,0,0,1,1,1,1,1,1,1
42016,0,0,0,1,1,1,1,1,1,0
42017,0,0,0,1,1,1,1,1,1,1
42018,0,0,1,1,1,1,1,1,1,1
42019,0,0,0,0,1,1,1,1,1,0
42020,0,0,0,1,1,1,1,1,1,1
42021,0,0,0,0,1,1,1,1,1,1
42022,0,0,0,1,1,1,1,1,1,0
42023,0,0,0,1,1,1,1,1,1,1
42024,1,0,0,1,1,1,1,1,1,1
42025,0,1,0,1,1,1,1,1,1,1
42026,0,0,0,0,1,1,1,1,1,1
42027,1,0,1,1,1,1,1,1,1,1
42028,0,0,1,1,1,1,1,1,1,0
42029,0,0,0,0,1,1,1,1,1,0
42030,0,0,0,0,1,1,1,1,1,0
42101,0,0,0,0,1,1,1,1,1,0
42102,0,1,0,1,1,1,1,1,1,1
42103,0,0,0,0,1,1,1,1,1,1
42104,0,0,0,0,1,1,1,1,1,1
42105,0,1,0,0,1,1,1,1,1,1
42106,0,0,0,0,1,1,1,1,1,1
42107,0,0,0,1,1,1,1,1,1,1
42108,1,0,1,1,1,1,1,0,1,0
42109,0,0,1,0,1,1,1,1,1,1
42110,0,0,0,0,1,1,1,1,1,1
42111,0,1,1,0,1,1,1,1,1,1
42112,0,0,0,0,1,1,1,1,1,0
42113,0,1,0,1,1,1,1,1,1,1
42114,0,0,0,0,1,1,1,1,1,1
42115,0,1,1,0,1,1,1,1,1,1
42116,0,1,1,1,1,1,1,1,1,0
42117,0,1,1,1,1,1,1,1,1,1
42118,0,1,0,0,1,1,1,1,1,1
42119,0,0,0,0,1,1,1,1,1,1
42120,0,1,1,1,1,1,1,1,1,1
42121,0,0,0,0,1,1,1,1,1,1
42122,0,1,0,1,1,1,1,1,1,1
42123,0,1,1,0,1,1,1,1,1,1
42124,0,1,0,0,1,1,1,1,1,0
42125,0,0,0,0,1,1,1,1,1,1
42126,0,0,0,1,1,1,1,1,1,1
42127,0,1,0,0,1,1,1,1,1,1
42128,0,1,0,0,1,1,1,1,1,1
42129,0,1,1,1,1,1,1,1,1,1
42130,0,1,0,1,1,1,1,1,1,1
42201,0,1,1,0,1,1,1,1,1,0
42202,0,1,0,0,1,1,1,1,1,1
42203,0,0,1,1,1,1,1,1,1,1
42204,0,1,1,1,1,1,1,1,1,1
42205,0,0,0,0,1,1,1,1,1,1
42206,0,0,0,0,1,1,1,1,1,0
42207,0,0,1,0,0,1,1,1,1,1
42208,0,0,1,1,1,1,1,1,1,1
42209,0,1,0,0,1,1,1,1,1,1
42210,0,1,0,0,0,1,1,1,1,1
42211,0,0,0,0,1,1,1,1,1,1
42212,0,1,1,0,1,1,1,1,1,1
42213,0,0,0,1,1,1,1,1,1,1
42214,0,0,1,0,1,1,1,1,1,1
42215,0,0,1,0,1,1,1,1,1,1
42216,0,0,0,0,1,1,1,1,1,0
42217,0,1,0,0,1,1,1,1,1,1
42218,0,1,0,1,1,1,1,1,1,1
42219,0,0,0,1,1,1,1,1,1,0
42220,0,0,1,0,1,1,1,1,1,1
42221,0,0,0,1,1,1,1,1,1,1
42222,0,0,0,0,1,1,1,1,1,1
42223,0,0,1,0,1,1,1,1,1,1
42224,0,1,0,1,1,1,1,1,1,1
42225,0,0,0,0,1,1,1,1,1,1
42226,0,0,0,0,1,1,1,1,1,0
42227,0,0,0,0,1,1,1,1,1,0
42228,0,1,1,1,1,1,1,1,1,1
42229,0,0,0,1,1,1,1,1,1,0
42230,0,0,0,1,1,1,1,1,1,1
42301,0,0,0,1,1,1,1,1,1,1
42302,0,0,0,0,1,1,1,1,1,1
42303,0,0,0,0,1,1,1,1,1,1
42304,0,0,0,0,1,1,1,1,1,0
42305,0,0,0,1,1,1,1,1,1,1
42306,0,0,0,0,1,1,1,1,1,1
42307,0,0,1,1,1,1,1,1,1,1
42308,0,0,0,0,1,1,1,1,1,1
42309,0,0,0,0,1,0,1,1,1,1
42310,0,0,0,1,1,1,1,1,1,1
42311,0,1,0,1,1,1,1,1,1,1
42312,0,1,0,1,1,0,1,1,1,0
42313,0,0,0,1,1,1,1,1,1,0
42314,0,0,0,1,1,1,1,1,1,1
42315,0,0,0,1,1,1,1,1,1,1
42316,0,0,1,0,1,1,1,1,1,1
42317,0,0,0,1,1,1,1,1,1,1
42318,0,0,0,0,1,1,1,1,1,1
42319,0,1,0,0,1,1,1,1,1,1
42320,0,0,0,0,1,1,1,1,1,1
42321,0,1,1,0,1,1,1,1,1,0
42322,0,0,0,1,1,1,1,1,1,1
42323,0,0,0,1,1,1,1,1,1,1
42324,0,0,0,0,1,0,1,1,1,0
42325,0,0,0,0,1,1,1,1,1,1
42326,0,0,0,0,1,1,1,1,1,1
42327,0,0,0,0,1,1,1,1,1,1
42328,0,0,0,1,1,1,1,1,1,1
42329,0,0,0,0,1,1,1,1,1,1
42330,0,0,0,0,1,1,1,1,1,1
42401,0,1,0,0,1,1,1,1,1,1
42402,0,1,0,0,1,1,1,1,1,1
42403,0,0,0,0,1,1,1,1,1,1
42404,0,0,0,1,1,1,1,1,1,1
42405,0,1,0,1,1,1,1,1,1,1
42406,0,1,0,0,1,1,1,1,1,1
42407,0,0,0,0,1,1,1,1,1,1
42408,0,1,1,1,1,1,1,1,1,1
42409,0,1,0,0,1,1,1,1,1,1
42410,0,0,0,0,1,1,1,1,1,1
42411,0,0,0,1,1,1,1,1,1,1
42412,0,0,0,1,1,1,1,1,1,1
42413,0,1,1,0,1,1,1,1,1,1
42414,0,0,0,0,1,1,1,1,1,1
42415,0,0,0,1,1,1,1,1,1,1
42416,0,1,0,1,1,1,1,1,1,1
42417,0,1,1,1,1,1,1,1,1,1
42418,0,0,0,1,1,1,1,1,1,1
42419,0,1,1,1,1,1,1,1,1,1
42420,0,0,0,1,1,1,1,1,1,1
42421,0,0,0,0,1,1,1,1,1,1
42422,0,0,0,1,1,1,1,1,1,1
42423,0,1,0,0,1,1,1,1,1,1
42424,0,1,0,0,1,1,1,1,1,1
42425,0,0,0,0,1,1,1,1,1,1
42426,0,0,0,0,1,1,1,1,1,0
42427,0,0,0,0,1,1,1,1,1,1
42428,0,0,0,1,1,0,1,1,1,1
42429,0,1,0,1,1,1,1,1,1,1
42430,0,1,0,1,1,1,1,1,1,1
42501,1,0,1,0,1,1,1,1,1,1
42502,0,0,0,0,1,1,1,1,1,1
42503,0,0,0,0,1,1,1,1,1,1
42504,0,1,0,0,1,1,1,1,1,1
42505,0,0,1,0,1,1,1,1,1,0
42506,0,0,0,0,1,1,1,1,1,0
42507,0,0,0,0,1,1,1,0,1,0
42508,0,0,0,0,1,1,1,1,1,1
42509,0,0,0,0,1,1,1,1,1,0
42510,1,1,1,1,1,0,1,1,1,1
42511,0,1,0,0,1,0,1,1,1,0
42512,0,1,0,1,1,1,1,1,1,1
42513,0,1,1,1,1,0,1,1,1,1
42514,0,1,0,0,1,1,1,1,1,0
42515,0,1,1,0,1,0,1,1,1,1
42516,0,0,0,0,1,1,1,1,1,0
42517,0,1,0,1,1,0,1,1,1,1
42518,0,0,0,1,1,0,1,1,1,1
42519,0,0,0,0,1,1,1,1,1,0
42520,0,0,1,1,1,0,1,1,1,0
42521,0,1,0,1,1,0,1,1,1,1
42522,0,1,0,1,1,1,1,1,1,1
42523,0,0,0,0,1,1,1,1,1,0
42524,0,0,0,1,1,0,1,1,1,1
42525,0,1,1,0,1,1,1,0,1,1
42526,0,1,1,1,1,1,1,1,1,0
42527,0,0,0,1,1,0,1,1,1,0
42528,0,0,0,1,1,1,1,1,1,0
42529,0,0,1,1,1,0,1,1,1,0
42530,0,1,1,1,1,0,1,1,1,1
42601,0,0,1,0,1,1,1,1,1,1
42602,0,1,0,0,1,1,1,1,1,1
42603,0,0,0,0,1,1,1,1,1,1
42604,0,1,0,0,1,1,1,1,1,1
42605,0,0,0,1,1,1,1,1,1,0
42606,0,0,0,1,1,1,1,1,1,1
42607,0,0,0,0,1,1,1,0,1,1
42608,0,1,1,0,1,1,1,1,1,1
42609,0,0,0,0,1,1,1,1,1,0
42610,1,1,1,1,1,1,1,1,1,1
42611,0,0,0,0,1,1,1,1,1,0
42612,0,0,0,0,1,1,1,1,1,1
42613,0,0,1,1,1,1,1,1,1,1
42614,0,0,0,0,1,1,1,1,1,1
42615,0,0,0,0,1,1,1,1,1,1
42616,1,1,0,0,1,1,1,1,1,1
42617,0,0,0,0,1,1,1,1,1,0
42618,0,1,0,0,1,1,1,1,1,1
42619,0,0,0,0,1,1,1,1,1,1
42620,0,0,0,0,1,1,1,1,1,1
42621,0,0,0,0,1,1,1,1,1,1
42622,0,0,1,1,1,1,1,0,1,0
42623,0,0,1,1,1,1,1,1,1,1
42624,0,0,0,0,1,1,1,1,1,1
42625,0,1,1,1,1,1,1,1,1,1
42626,0,1,0,0,1,1,1,1,1,1
42627,0,1,0,1,1,1,1,1,1,1
42628,0,0,0,0,1,1,1,1,1,1
42629,0,0,1,1,1,1,1,1,1,0
42630,0,0,0,1,1,1,1,1,1,1
42701,0,0,1,0,1,0,1,1,1,1
42702,1,1,1,0,1,0,1,1,1,0
42703,0,1,1,1,1,0,1,1,1,1
42704,0,1,1,1,1,0,1,1,1,1
42705,0,1,1,1,1,1,1,1,1,1
42706,0,0,0,1,1,0,1,1,1,1
42707,0,0,0,0,1,1,1,1,1,1
42708,0,1,1,1,1,1,1,1,1,1
42709,0,1,0,1,1,0,1,1,1,1
42710,0,1,1,1,1,0,1,1,1,1
42711,0,1,0,0,1,0,1,1,1,1
42712,0,0,1,1,1,0,1,1,1,1
42713,0,1,0,1,1,1,1,1,1,1
42714,0,1,1,0,1,0,1,1,1,1
42715,0,0,0,1,1,0,1,1,1,1
42716,1,1,1,0,1,0,1,1,1,1
42717,0,0,0,1,1,0,1,1,1,1
42718,0,1,1,1,1,0,1,1,1,1
42719,0,0,0,0,1,0,1,1,1,1
42720,0,1,1,0,1,0,1,1,1,1
42721,0,1,0,0,1,1,1,1,1,1
42722,0,0,0,0,1,1,1,1,1,1
42723,0,1,1,1,1,1,1,1,1,1
42724,0,0,0,1,1,1,1,1,1,1
42725,0,1,0,1,1,1,1,1,1,1
42726,0,1,0,1,1,1,1,1,1,1
42727,0,1,0,0,1,1,1,1,1,1
42728,0,1,0,1,1,1,1,1,1,1
42729,0,1,1,1,1,1,1,1,1,1
42730,0,1,0,1,1,1,1,1,1,1
42801,0,0,1,0,1,0,1,1,1,1
42802,0,1,1,1,0,0,1,1,1,0
42803,0,0,1,1,1,0,1,1,1,1
42804,0,1,0,0,0,0,1,1,1,0
42805,0,0,0,1,1,0,1,1,1,1
42806,0,1,0,1,1,0,1,1,1,1
42807,0,1,0,1,1,0,1,1,1,1
42808,0,1,1,0,0,0,1,1,1,1
42809,0,1,1,0,1,0,1,1,1,1
42810,0,1,0,1,1,0,1,1,1,1
42811,0,1,1,1,1,0,1,1,1,1
42812,0,0,0,1,0,0,1,1,1,1
42813,0,1,0,1,1,0,1,1,1,1
42814,0,1,1,1,1,0,1,0,1,1
42815,0,1,1,0,1,0,1,1,1,1
42816,0,0,0,1,1,0,1,1,0,1
42817,0,1,1,1,1,0,1,1,1,1
42818,0,1,0,1,1,0,1,1,1,0
42819,0,0,1,1,1,0,1,1,1,1
42820,0,1,1,1,1,0,1,1,1,1
42821,0,0,1,1,1,1,1,1,1,1
42822,0,1,0,0,1,0,1,1,1,0
42823,0,1,0,1,1,1,1,1,1,1
42824,0,0,1,1,1,0,1,1,1,1
42825,0,1,1,0,1,1,1,1,1,0
42826,0,1,0,1,1,1,1,1,1,1
42827,0,1,1,1,1,0,1,1,1,1
42828,0,1,0,1,1,0,1,1,1,1
42829,0,1,0,0,1,0,1,1,1,1
42830,0,0,0,0,1,1,1,1,1,1
42901,0,0,0,0,1,1,1,1,1,1
42902,0,0,0,0,1,1,1,1,1,1
42903,0,1,0,0,1,1,1,1,1,0
42904,0,1,0,0,1,1,1,1,1,1
42905,0,0,1,1,1,1,1,1,1,1
42906,0,1,1,1,1,1,1,1,1,1
42907,0,1,0,1,1,1,1,1,1,1
42908,0,0,0,0,1,1,1,1,1,1
42909,0,0,1,0,1,0,1,1,1,0
42910,0,0,1,1,1,0,1,1,1,0
42911,0,0,0,0,1,1,1,1,1,0
42912,0,0,0,0,0,0,1,1,1,0
42913,0,1,1,1,0,1,1,1,1,1
42914,0,0,1,1,0,1,1,1,1,1
42915,0,0,0,1,0,0,1,1,1,1
42916,0,1,1,1,1,0,1,1,1,1
42917,0,0,1,1,1,1,1,1,1,1
42918,0,0,0,0,1,1,1,1,1,1
42919,0,0,1,1,1,1,1,1,1,1
42920,0,0,0,0,0,0,1,1,1,1
42921,0,0,0,0,0,0,1,1,1,1
42922,0,0,1,1,1,1,1,1,1,1
42923,0,0,0,0,1,1,1,1,1,1
42924,0,1,0,0,1,1,1,1,1,1
42925,0,1,1,0,1,1,1,1,1,1
42926,0,0,0,0,1,1,1,1,1,1
42927,0,1,0,0,1,1,1,1,1,1
42928,0,0,1,0,1,1,1,1,1,0
42929,0,0,0,1,1,1,1,1,1,1
42930,0,1,1,1,1,1,1,1,1,1
43001,0,1,0,1,1,1,1,1,1,1
43002,0,1,0,0,1,1,1,1,1,1
43003,0,1,0,0,1,1,1,1,1,1
43004,0,1,0,0,1,1,1,1,1,1
43005,0,1,0,0,1,1,1,1,1,1
43006,0,1,0,1,1,1,1,1,1,1
43007,0,1,0,1,1,1,1,1,1,1
43008,1,1,0,0,1,1,1,1,1,1
43009,0,0,0,0,1,1,1,1,1,1
43010,0,1,0,1,1,1,1,1,1,1
43011,0,1,0,0,1,1,1,1,1,1
43012,0,0,0,0,0,1,1,1,1,1
43013,0,1,0,0,0,0,1,1,1,1
43014,0,1,0,1,1,0,1,1,1,1
43015,0,1,0,0,1,0,1,1,1,1
43016,0,1,0,0,1,1,1,1,1,1
43017,0,1,0,1,0,1,1,1,1,0
43018,1,1,0,0,1,0,1,1,1,1
43019,0,1,1,1,1,1,1,1,1,1
43020,0,0,0,1,0,1,1,1,1,1
43021,1,0,0,1,0,0,1,1,1,1
43022,1,1,0,0,0,1,1,1,1,1
43023,0,0,0,0,1,0,0,1,1,1
43024,0,0,0,0,1,0,1,1,1,0
43025,1,1,0,1,1,0,1,1,1,1
43026,0,1,0,1,1,0,1,1,1,1
43027,0,1,1,0,1,0,1,1,1,1
43028,0,1,0,1,1,0,1,1,1,1
43029,0,1,0,0,1,0,1,1,1,0
43030,0,1,0,0,1,0,1,1,1,0
43101,0,1,1,0,0,0,1,1,1,0
43102,0,1,0,0,1,0,1,1,1,1
43103,0,0,0,0,1,1,1,1,1,0
43104,0,1,0,0,0,1,1,1,1,1
43105,0,1,0,0,1,1,1,0,1,1
43106,0,0,1,0,0,0,1,0,1,0
43107,0,1,1,0,1,1,1,1,1,1
43108,0,1,0,0,1,1,1,0,1,1
43109,0,1,1,1,1,1,1,1,1,1
43110,0,1,0,0,0,1,1,1,1,1
43111,0,0,0,0,1,0,1,1,1,1
43112,0,0,1,0,1,0,1,0,1,1
43113,0,0,0,0,1,0,1,1,1,0
43114,0,1,0,0,1,0,1,1,1,1
43115,0,0,0,0,1,0,1,1,1,1
43116,0,0,0,1,1,0,1,1,1,1
43117,0,1,0,0,1,0,1,0,1,0
43118,0,0,0,0,1,0,1,1,1,1
43119,0,0,0,0,1,1,1,1,1,1
43120,0,1,0,0,1,0,1,1,1,0
43121,0,1,0,0,0,1,1,0,1,0
43122,0,1,0,0,1,1,1,0,1,1
43123,0,1,0,0,1,0,1,1,1,1
43124,1,1,1,0,1,1,1,1,1,1
43125,0,0,0,0,0,0,1,0,1,0
43126,0,0,0,0,1,1,1,0,1,0
43127,0,1,0,1,1,1,1,1,1,1
43128,0,1,0,0,0,1,1,1,1,0
43129,0,1,0,0,0,0,1,1,1,1
43130,0,0,0,0,0,0,1,0,1,0
43201,0,1,0,0,0,1,1,1,1,0
43202,0,0,0,0,1,1,1,1,1,1
43203,0,0,1,1,1,1,1,1,1,1
43204,0,0,0,0,1,1,1,1,1,1
43205,0,0,0,1,0,1,1,1,1,1
43206,0,0,1,1,1,1,1,1,1,1
43207,0,0,0,1,1,1,1,1,1,1
43208,0,0,0,1,1,1,1,1,1,1
43209,0,1,0,1,1,1,1,1,1,1
43210,0,1,0,1,1,1,1,1,1,1
43211,0,0,0,0,0,0,1,1,1,0
43212,0,0,1,1,1,1,1,1,1,1
43213,0,1,1,1,1,0,1,1,1,1
43214,0,1,0,0,1,0,1,1,1,1
43215,0,1,0,0,1,0,1,1,1,1
43216,0,0,0,1,1,0,1,1,1,1
43217,0,1,0,1,1,0,1,1,1,1
43218,0,1,1,0,1,0,1,0,1,0
43219,0,0,0,0,1,0,1,1,1,0
43220,0,0,0,0,1,0,1,1,1,1
43221,0,0,0,1,1,0,1,1,1,1
43222,0,0,0,0,1,0,1,1,1,1
43223,0,0,0,0,1,0,1,1,1,1
43224,0,1,1,0,0,1,1,1,1,1
43225,0,1,0,0,0,0,1,0,1,0
43226,0,1,1,0,1,0,1,1,1,1
43227,0,1,1,1,1,0,1,1,1,1
43228,0,1,0,1,0,0,1,1,1,0
43229,0,1,0,0,0,1,1,1,1,1
43230,0,0,0,0,0,1,1,1,1,1
43301,0,0,0,0,1,0,1,1,1,0
43302,0,0,0,0,1,0,1,1,1,0
43303,0,0,0,0,1,0,1,1,1,1
43304,1,1,0,0,1,1,1,0,1,0
43305,0,0,1,0,1,1,1,1,1,1
43306,0,1,0,0,1,1,1,1,1,1
43307,0,0,0,1,1,1,1,1,1,1
43308,0,0,0,0,1,1,1,1,1,0
43309,0,0,0,1,1,1,1,1,1,1
43310,0,0,1,0,1,1,1,1,1,0
43311,0,1,0,1,1,0,1,1,1,0
43312,0,0,0,0,1,1,1,1,1,0
43313,0,1,0,0,1,0,1,1,1,1
43314,0,0,0,0,1,1,1,1,1,0
43315,0,0,0,0,1,1,1,1,1,0
43316,0,0,0,0,1,1,1,1,1,1
43317,0,0,0,0,1,1,1,1,1,1
43318,0,0,0,0,1,1,1,1,1,1
43319,0,0,0,0,1,1,1,1,1,0
43320,0,0,0,0,1,1,1,0,1,0
43321,0,0,0,0,1,0,1,1,1,1
43322,0,0,0,1,1,0,1,1,1,1
43323,0,1,1,1,1,0,1,0,1,1
43324,0,1,0,1,1,1,1,1,1,1
43325,0,0,0,0,1,1,1,1,1,0
43326,0,1,0,0,1,0,1,1,1,1
43327,0,0,0,1,1,0,1,1,1,1
43328,0,0,0,1,1,0,1,1,1,1
43329,0,0,0,1,1,0,1,1,1,0
43330,0,0,0,0,1,0,1,1,1,1
43401,0,0,0,1,0,1,1,1,1,1
43402,0,1,0,1,1,1,1,1,1,1
43403,0,1,0,0,0,1,1,1,1,0
43404,0,1,0,0,0,1,1,0,1,0
43405,0,0,0,1,1,1,1,1,1,1
43406,0,0,0,1,1,1,1,1,1,1
43407,0,0,0,1,1,1,1,1,1,1
43408,0,0,0,0,1,1,1,1,1,1
43409,0,1,0,0,1,1,1,1,1,1
43410,0,1,0,0,1,1,1,1,1,0
43411,0,0,0,1,1,1,1,1,1,1
43412,0,1,1,0,1,0,1,1,1,0
43413,0,0,1,0,0,1,1,0,1,0
43414,0,1,0,0,1,1,1,1,1,1
43415,0,0,0,0,1,1,1,1,1,0
43416,0,0,0,0,1,1,1,1,1,1
43417,0,0,1,0,1,1,1,1,1,1
43418,0,0,0,1,1,1,1,1,1,1
43419,0,1,0,0,1,1,1,1,1,1
43420,0,0,1,0,1,1,1,1,1,0
43421,0,1,1,1,1,1,1,1,1,1
43422,0,0,0,0,0,1,1,1,1,0
43423,0,0,0,1,1,1,1,1,1,1
43424,0,1,1,0,1,1,1,1,1,0
43425,0,1,1,0,1,0,1,0,1,1
43426,0,1,1,1,1,1,1,1,1,1
43427,0,0,0,0,1,1,1,1,1,0
43428,0,0,0,0,1,1,1,1,1,1
43429,0,0,1,0,1,1,1,1,1,1
43430,0,1,1,0,0,1,1,1,1,1
43501,1,1,0,0,1,0,1,1,1,1
43502,0,1,0,0,1,0,1,1,1,1
43503,0,0,0,0,1,0,1,1,1,0
43504,0,0,1,0,1,0,1,1,1,1
43505,0,1,0,1,1,0,1,1,1,1
43506,0,1,1,1,1,0,1,1,1,1
43507,0,0,0,0,0,0,1,1,1,1
43508,0,0,0,0,1,0,1,1,1,1
43509,1,0,0,1,1,0,1,1,1,1
43510,0,1,0,0,1,0,1,1,1,0
43511,0,0,0,0,0,0,1,1,1,1
43512,0,0,0,0,1,0,1,1,1,1
43513,0,0,0,0,1,1,1,1,1,1
43514,0,1,0,0,1,0,1,1,1,0
43515,0,1,0,0,1,0,1,1,1,1
43516,0,0,0,0,1,1,1,1,1,1
43517,0,0,1,0,1,1,1,1,1,1
43518,0,0,1,0,1,1,1,1,1,1
43519,0,0,0,0,1,1,1,1,1,1
43520,0,0,0,0,1,1,1,1,1,1
43521,0,0,0,0,1,0,1,1,0,1
43522,0,0,0,0,1,0,1,1,1,1
43523,0,1,0,0,0,0,1,1,1,1
43524,0,1,0,0,0,0,1,1,1,1
43525,0,0,0,0,0,0,1,1,1,1
43526,0,0,0,1,1,0,1,1,1,1
43527,0,0,0,0,1,0,1,1,1,1
43528,0,1,0,0,0,0,1,1,1,1
43529,0,0,0,0,1,0,1,1,1,1
43530,0,0,0,0,1,0,1,1,1,1
43601,0,0,0,0,1,1,1,1,1,1
43602,0,0,0,0,1,1,1,1,1,1
43603,0,0,1,0,1,1,1,1,1,1
43604,0,1,0,1,1,1,1,1,1,0
43605,0,1,0,0,1,1,1,1,1,1
43606,1,0,0,0,1,1,1,1,1,0
43607,0,1,0,0,1,1,1,1,1,1
43608,0,0,0,1,1,1,1,1,1,1
43609,0,1,0,0,1,1,1,1,1,1
43610,0,0,0,0,1,1,1,1,1,1
43611,0,1,0,0,0,1,1,1,1,1
43612,0,0,0,0,1,1,1,1,1,1
43613,0,0,0,0,0,1,1,1,1,1
43614,0,0,0,0,1,1,1,1,1,1
43615,0,1,0,0,1,1,1,1,1,1
43616,0,1,0,0,0,1,1,1,1,1
43617,0,0,0,1,1,1,1,1,1,1
43618,0,0,0,0,0,1,1,1,1,0
43619,0,1,0,1,1,1,1,1,1,1
43620,0,0,0,0,0,1,1,1,1,1
43621,0,0,0,0,1,1,1,1,1,1
43622,1,1,0,1,1,1,1,1,1,1
43623,0,1,0,0,1,1,1,1,1,1
43624,0,0,0,0,1,1,1,1,1,1
43625,0,1,0,0,1,1,1,1,1,1
43626,0,0,0,1,0,1,1,1,1,1
43627,0,1,0,0,1,1,1,1,1,1
43628,0,1,0,0,1,1,1,1,1,1
43629,0,1,0,0,1,1,1,1,1,1
43630,0,0,0,0,1,1,1,1,1,1
43701,0,1,1,0,1,1,1,1,1,1
43702,0,1,0,1,1,1,1,1,1,1
43703,0,1,1,0,1,1,1,1,1,1
43704,0,1,1,0,1,1,1,1,1,1
43705,0,1,1,0,0,1,1,1,1,1
43706,0,1,0,0,0,1,1,1,1,0
43707,0,0,0,0,1,1,1,1,1,1
43708,0,0,0,1,1,1,1,1,1,1
43709,0,0,0,0,1,1,1,1,1,1
43710,1,1,0,0,0,1,1,1,1,1
43711,0,0,0,0,0,1,1,1,1,1
43712,0,0,0,0,0,1,1,1,1,0
43713,0,1,0,0,0,1,1,1,1,0
43714,0,0,1,0,0,1,1,1,1,1
43715,1,1,0,0,0,1,1,1,1,1
43716,0,0,0,1,1,1,1,1,1,1
43717,0,0,0,0,0,1,1,1,1,1
43718,0,0,0,0,0,1,1,1,1,1
43719,1,1,0,0,1,1,1,1,1,1
43720,0,1,1,0,0,1,1,1,1,0
43721,0,1,0,0,1,1,1,1,1,1
43722,0,0,0,1,1,1,1,1,1,1
43723,1,0,0,0,1,1,1,1,1,1
43724,0,1,0,0,1,1,1,1,1,1
43725,0,0,0,0,1,1,1,1,1,1
43726,1,1,0,0,1,1,1,1,1,1
43727,0,0,0,0,1,1,1,1,1,1
43728,0,0,0,0,1,1,1,1,1,1
43729,0,0,0,0,1,1,1,1,1,1
43730,0,0,1,0,1,1,1,1,1,1
43801,1,1,0,0,1,1,1,1,1,1
43802,0,0,0,0,1,1,1,1,1,1
43803,0,0,0,0,1,1,1,1,1,0
43804,0,1,0,0,1,1,1,1,1,1
43805,0,0,0,0,1,1,1,1,1,1
43806,1,0,0,1,1,1,1,1,1,1
43807,0,0,0,0,1,1,1,1,1,1
43808,0,0,0,0,0,1,1,1,1,1
43809,0,0,1,1,1,1,1,1,1,1
43810,0,0,0,0,1,1,1,1,1,1
43811,0,0,0,0,1,1,1,1,1,1
43812,0,1,0,0,0,1,1,1,1,1
43813,0,0,0,0,0,1,1,1,1,0
43814,0,1,0,0,1,1,1,1,1,1
43815,0,1,1,1,0,1,1,1,1,1
43816,0,0,0,0,0,1,1,1,1,0
43817,0,0,0,0,1,1,1,1,1,1
43818,0,0,0,0,1,1,1,1,1,1
43819,0,1,1,1,1,1,1,1,1,1
43820,0,1,0,0,1,1,1,1,1,1
43821,0,1,1,0,1,1,1,1,1,1
43822,1,,0,0,1,1,1,1,1,1
43823,0,0,0,0,1,1,1,1,1,1
43824,0,0,1,0,1,1,1,1,1,1
43825,0,1,1,0,1,1,1,1,1,1
43826,0,0,0,0,1,1,1,1,1,1
43827,0,0,0,0,1,1,1,1,0,1
43828,1,0,0,0,1,1,1,1,1,1
43829,0,,0,0,1,1,1,1,1,1
43830,0,1,0,0,1,1,1,1,1,1
43901,0,0,0,1,0,1,1,1,1,1
43902,0,1,0,0,0,1,1,1,1,1
43903,0,1,0,1,1,1,1,1,1,1
43904,0,1,0,0,1,1,1,1,0,1
43905,0,1,0,1,1,1,1,1,1,1
43906,0,0,0,0,0,1,1,1,1,0
43907,0,0,0,0,0,1,1,1,1,0
43908,0,0,0,0,1,1,1,0,1,0
43909,0,1,0,0,1,1,1,1,1,0
43910,0,0,0,0,1,1,1,1,1,1
43911,0,0,0,0,1,1,1,1,1,0
43912,0,0,1,0,0,1,1,1,1,0
43913,0,1,1,1,1,1,1,1,1,1
43914,0,1,1,0,1,1,1,1,1,0
43915,0,1,0,0,0,1,1,1,1,0
43916,0,1,0,0,1,1,1,1,1,0
43917,0,1,0,0,1,1,1,1,1,1
43918,0,1,0,0,1,1,1,1,1,1
43919,0,1,0,1,1,1,1,1,1,1
43920,0,0,0,0,0,1,1,1,1,0
43921,0,0,0,1,0,1,1,1,1,1
43922,0,1,1,0,1,1,0,0,1,1
43923,0,1,0,0,1,0,1,1,1,1
43924,0,1,0,1,1,0,1,1,1,0
43925,0,0,1,1,1,1,1,1,1,1
43926,1,1,0,1,1,0,1,1,1,1
43927,0,1,0,1,1,1,1,1,1,1
43928,0,0,0,1,0,1,1,0,1,1
43929,0,0,0,0,1,1,1,1,1,0
43930,0,1,1,0,1,1,1,1,1,1
44001,0,1,0,0,0,0,1,0,1,0
44002,0,1,0,0,1,0,1,1,1,0
44003,0,0,0,0,1,0,1,1,1,0
44004,0,1,0,0,1,0,1,1,1,1
44005,0,0,0,0,1,0,1,0,1,1
44006,1,1,0,0,1,0,1,1,1,0
44007,0,0,0,0,1,0,1,0,1,1
44008,0,1,0,0,1,0,1,0,1,1
44009,0,1,0,0,1,0,1,1,1,1
44010,0,0,0,0,0,0,1,1,1,1
44011,0,0,0,0,0,0,1,0,1,0
44012,0,0,0,0,1,0,1,0,1,1
44013,0,0,0,0,0,0,1,0,1,1
44014,0,1,0,0,0,0,1,0,1,1
44015,0,1,0,1,0,0,1,1,1,1
44016,1,1,0,0,0,0,1,1,1,1
44017,0,1,1,0,0,0,1,1,1,1
44018,0,1,0,0,0,0,1,1,1,1
44019,0,1,0,1,1,0,1,1,1,1
44020,0,0,0,1,1,0,1,1,1,1
44021,0,0,0,1,1,0,1,1,1,1
44022,0,1,0,0,1,0,1,1,1,1
44023,0,0,0,0,1,0,1,1,1,1
44024,0,0,0,0,0,0,1,0,1,0
44025,0,1,0,0,1,0,1,1,1,1
44026,0,0,0,0,1,0,1,0,1,0
44027,0,1,0,0,1,0,1,0,1,1
44028,0,0,0,1,1,0,1,1,1,1
44029,0,0,0,0,0,0,1,1,1,0
44030,0,1,1,0,1,0,1,0,1,1
44101,0,1,1,0,1,0,1,1,1,1
44102,0,0,1,1,0,0,1,0,1,0
44103,0,1,0,0,0,0,1,0,1,0
44104,0,0,0,0,1,0,1,1,1,1
44105,0,0,0,0,1,0,1,1,1,0
44106,0,0,0,0,0,0,1,1,1,0
44107,1,0,0,0,1,0,1,1,1,1
44108,0,0,0,1,1,0,1,1,1,1
44109,0,0,0,1,1,0,1,1,1,1
44110,0,0,0,1,1,0,1,1,1,0
44111,0,1,1,0,1,0,1,1,1,1
44112,0,1,1,0,1,0,1,1,1,1
44113,0,1,1,1,1,0,1,1,1,1
44114,0,0,0,1,1,0,1,1,1,1
44115,0,1,0,0,1,0,1,1,1,1
44116,0,0,0,1,1,0,1,1,1,1
44117,0,1,1,1,1,0,1,1,1,0
44118,0,1,1,1,1,0,1,1,1,1
44119,0,0,0,0,0,0,1,1,1,1
44120,0,1,0,1,0,0,1,1,1,1
44121,0,0,0,0,0,0,1,1,1,1
44122,0,0,0,0,0,0,1,1,1,0
44123,0,1,0,0,0,0,1,1,1,0
44124,0,1,0,0,0,0,1,0,1,0
44125,0,0,1,0,1,0,1,1,1,1
44126,0,0,0,1,1,0,1,1,1,1
44127,0,0,0,0,0,0,1,1,1,1
44128,0,0,0,1,1,0,1,1,1,1
44129,0,1,0,0,0,0,1,1,1,1
44130,0,0,1,1,1,0,1,1,1,1
44201,0,0,1,0,1,0,1,0,1,0
44202,1,1,0,0,0,0,1,0,1,0
44203,0,1,0,1,0,0,1,0,1,0
44204,0,0,0,0,1,0,1,1,1,0
44205,0,1,0,0,0,0,1,0,1,0
44206,0,0,0,0,1,0,1,1,1,0
44207,0,1,0,0,0,0,1,0,1,0
44208,0,1,0,0,0,0,1,0,1,0
44209,0,0,0,0,0,0,1,0,1,0
44210,0,1,1,1,0,0,1,0,1,0
44211,0,1,0,0,1,0,1,1,1,0
44212,0,1,0,0,0,0,0,1,1,1
44213,0,1,0,1,1,1,1,1,1,1
44214,0,1,0,1,1,1,0,0,1,0
44215,0,1,0,0,0,1,1,0,1,1
44216,0,1,1,0,1,0,1,1,1,1
44217,0,,1,0,1,0,0,1,1,1
44218,0,0,0,1,1,0,1,1,1,1
44219,0,1,0,0,0,0,1,0,1,1
44220,0,1,1,0,1,0,1,1,1,1
44221,0,1,0,0,1,0,1,0,1,1
44222,0,0,0,1,1,0,1,1,1,1
44223,0,1,0,0,1,0,1,1,1,0
44224,0,0,1,1,1,0,1,1,1,1
44225,0,1,0,0,1,1,1,0,1,0
44226,0,1,1,1,1,0,1,1,1,1
44227,0,1,0,1,1,0,1,1,1,1
44228,0,1,0,0,1,0,1,1,1,1
44229,0,1,1,1,1,0,1,1,1,1
44230,0,0,0,0,1,0,1,0,1,0
44301,0,0,0,0,0,0,1,1,1,0
44302,0,0,1,0,1,0,1,0,1,0
44303,0,0,0,0,1,0,1,1,1,1
44304,0,0,0,0,0,0,1,1,1,0
44305,0,0,0,0,1,0,1,1,1,0
44306,0,0,1,0,1,1,1,1,1,0
44307,0,0,0,0,0,0,1,1,1,1
44308,0,0,0,0,0,1,1,1,1,0
44309,0,0,0,1,1,1,1,1,1,1
44310,0,0,0,0,1,0,1,1,1,1
44311,0,1,0,0,1,1,1,1,1,1
44312,0,0,0,0,1,0,1,1,1,0
44313,0,0,0,0,0,0,1,1,1,0
44314,0,1,0,1,1,0,1,1,1,1
44315,0,0,0,0,1,0,1,0,1,0
44316,0,0,0,0,1,1,1,1,1,1
44317,0,1,0,0,1,1,1,1,1,1
44318,0,1,0,0,1,0,1,0,1,0
44319,0,1,0,0,1,0,1,1,1,0
44320,0,1,0,0,1,1,1,1,1,1
44321,0,0,0,0,1,1,1,1,1,1
44322,0,0,0,0,1,1,1,1,1,1
44323,0,1,0,0,0,1,1,1,1,1
44324,1,0,0,0,1,1,1,1,1,1
44325,0,1,0,0,1,1,1,1,1,1
44326,0,0,0,0,1,1,1,1,1,1
44327,1,0,0,0,1,1,1,1,1,1
44328,0,0,0,0,0,1,1,1,1,1
44329,1,1,1,0,1,1,1,1,1,1
44330,0,0,0,0,1,1,1,1,1,1
44401,0,0,0,0,1,0,1,1,1,1
44402,0,0,0,0,1,1,1,1,1,1
44403,0,0,0,1,1,0,1,1,1,1
44404,0,1,0,0,1,0,0,1,1,0
44405,1,,0,0,1,1,1,1,1,0
44406,0,0,0,0,1,0,1,1,1,0
44407,0,0,0,0,1,0,1,1,0,0
44408,0,1,0,0,1,0,1,1,1,0
44409,0,0,0,0,1,1,0,1,1,0
44410,0,0,0,0,1,0,1,1,1,0
44411,1,1,0,0,1,1,1,1,1,0
44412,0,0,0,0,1,1,1,1,1,1
44413,0,0,0,0,1,1,0,1,1,0
44414,0,0,0,0,1,1,1,1,1,1
44415,0,0,0,0,1,1,1,1,1,1
44416,0,0,0,0,1,0,1,1,1,1
44417,1,1,0,0,1,0,1,1,1,0
44418,1,,0,0,1,0,1,1,1,0
44419,0,0,0,0,1,0,0,1,1,0
44420,0,1,0,0,1,1,1,1,1,1
44421,0,0,0,0,1,1,1,1,1,0
44422,0,0,1,0,1,0,1,1,1,0
44423,0,0,0,0,0,1,1,0,1,0
44424,0,1,0,0,1,0,1,0,1,0
44425,0,1,0,0,1,0,1,1,1,0
44426,1,0,0,0,1,1,1,1,1,0
44427,1,1,0,0,1,1,1,1,1,1
44428,0,0,0,0,1,0,0,1,1,1
44429,0,1,1,0,1,0,1,1,1,1
44430,0,0,0,0,1,1,1,1,1,1
44501,0,1,0,1,1,1,1,1,1,0
44502,0,0,0,1,1,1,1,1,1,1
44503,0,1,0,1,1,1,1,1,1,1
44504,0,1,0,1,1,1,1,1,1,1
44505,0,0,0,0,1,1,1,1,1,0
44506,0,0,0,1,1,1,1,1,1,1
44507,0,0,0,0,1,1,1,1,1,1
44508,0,0,0,1,1,1,1,1,1,1
44509,0,1,0,1,1,1,1,1,1,1
44510,0,0,0,1,1,1,1,1,1,1
44511,0,1,0,1,1,1,1,1,1,1
44512,0,1,0,1,1,1,1,1,1,1
44513,0,0,0,0,1,1,1,1,1,1
44514,0,1,1,1,1,1,1,1,1,1
44515,0,0,0,0,1,1,1,1,1,1
44516,0,0,0,1,1,1,1,1,1,0
44517,0,1,0,0,1,1,1,1,1,1
44518,0,0,0,1,1,1,1,1,1,1
44519,0,0,0,0,1,1,1,1,1,1
44520,0,0,0,0,1,1,1,1,0,1
44521,0,0,0,1,1,1,1,1,1,1
44522,0,0,0,1,1,1,1,1,1,1
44523,0,0,0,0,1,1,1,1,1,0
44524,0,1,0,0,1,1,1,1,1,1
44525,0,1,0,1,1,1,1,1,1,1
44526,0,1,0,1,1,1,1,1,1,1
44527,0,0,0,0,1,1,1,1,1,1
44528,0,0,0,0,1,1,1,1,1,1
44529,0,0,0,0,1,1,1,1,1,1
44530,0,1,1,1,1,1,1,1,1,1
44601,0,0,0,0,1,1,1,1,1,0
44602,0,0,0,0,0,1,1,1,1,1
44603,0,0,0,0,1,1,1,1,1,1
44604,0,0,0,0,1,1,1,1,1,1
44605,0,0,0,1,1,1,1,1,1,1
44606,0,1,0,0,1,1,1,1,1,0
44607,0,0,0,0,1,1,1,1,1,0
44608,0,0,0,0,1,1,1,1,1,1
44609,0,0,0,1,1,1,1,1,1,1
44610,0,0,0,0,1,1,1,1,1,1
44611,0,0,0,0,1,0,1,1,1,1
44612,0,0,0,1,1,1,1,1,1,1
44613,0,0,0,1,1,1,1,1,1,1
44614,0,0,0,0,1,1,1,1,1,1
44615,0,0,0,1,1,1,1,1,1,1
44616,0,0,1,0,1,1,1,1,1,1
44617,0,0,0,0,1,1,1,1,1,0
44618,0,0,0,0,1,1,1,1,1,1
44619,0,1,0,0,1,1,1,1,1,1
44620,0,0,0,0,0,1,1,1,1,0
44621,0,0,0,0,1,1,1,1,1,1
44622,0,0,0,0,1,1,1,1,1,0
44623,0,1,0,0,1,1,1,1,1,1
44624,0,1,0,0,1,1,1,1,1,1
44625,0,1,0,0,1,1,1,1,1,1
44626,0,1,0,0,1,1,1,1,1,0
44627,0,0,1,0,1,1,1,1,1,1
44628,0,1,0,0,1,0,1,1,1,0
44629,0,0,0,0,1,1,1,1,1,0
44630,0,1,0,0,1,1,1,1,1,1
44701,0,0,0,0,1,1,1,1,1,0
44702,0,1,0,0,1,1,1,1,1,1
44703,0,0,0,0,1,1,1,1,1,1
44704,0,1,1,0,1,1,1,1,1,1
44705,0,1,0,0,1,1,1,1,1,1
44706,0,0,0,0,1,1,1,1,1,1
44707,1,0,0,0,1,1,1,1,1,1
44708,0,1,0,0,1,1,1,1,1,1
44709,0,0,1,0,1,1,1,1,1,1
44710,0,0,1,0,1,1,1,1,1,1
44711,0,0,0,0,1,1,1,1,1,0
44712,0,0,0,0,1,1,1,1,1,1
44713,0,0,0,0,1,1,1,1,1,1
44714,0,0,0,0,1,1,1,1,1,1
44715,0,0,1,0,1,1,1,1,1,0
44716,0,1,1,0,1,1,1,1,1,0
44717,0,0,0,0,1,1,1,1,1,1
44718,0,0,0,0,1,1,0,1,1,1
44719,0,0,0,0,1,1,1,1,1,1
44720,0,0,0,0,1,1,1,1,1,0
44721,0,1,0,0,1,1,0,1,1,1
44722,0,1,0,0,1,1,1,1,1,0
44723,0,0,0,0,1,1,1,1,1,1
44724,0,0,0,0,1,1,0,1,0,1
44725,1,1,0,0,1,1,1,1,1,1
44726,0,0,0,0,1,1,1,1,1,1
44727,0,0,0,0,1,1,0,1,1,1
44728,0,0,0,0,1,1,1,1,1,1
44729,0,0,0,0,1,1,1,1,1,0
44730,0,0,0,0,1,1,1,1,1,0
44801,0,0,0,1,1,1,1,1,1,1
44802,0,0,0,0,1,1,1,1,1,0
44803,0,0,0,0,1,1,1,1,1,1
44804,0,0,1,0,1,1,1,1,1,1
44805,0,0,0,0,1,1,1,1,1,1
44806,0,0,0,0,1,1,1,1,1,0
44807,0,1,0,0,1,1,1,1,1,1
44808,1,1,0,0,1,1,1,1,1,0
44809,1,0,0,0,1,1,1,1,1,1
44810,0,0,0,0,1,1,1,1,1,1
44811,0,0,1,0,1,1,1,1,1,1
44812,0,1,1,0,1,1,1,1,1,0
44813,0,0,0,0,1,1,1,1,1,1
44814,0,0,0,0,1,1,1,1,1,1
44815,0,0,0,0,1,1,1,1,1,1
44816,0,0,0,0,1,1,1,1,1,1
44817,0,0,0,0,1,1,1,1,1,0
44818,0,0,0,0,1,1,1,1,1,1
44819,1,1,1,0,1,1,1,1,1,0
44820,0,0,0,0,1,1,1,1,1,0
44821,0,0,0,0,1,1,1,1,1,0
44822,0,0,0,0,1,1,1,1,1,1
44823,0,0,1,0,1,1,1,1,1,1
44824,0,0,1,0,1,1,1,1,1,0
44825,0,1,1,0,1,1,0,1,1,1
44826,0,1,0,0,1,1,1,1,1,1
44827,0,0,0,0,1,1,1,1,1,0
44828,0,0,0,0,1,1,1,1,1,0
44829,0,0,0,1,1,1,1,1,1,1
44830,0,0,0,0,1,1,1,1,1,0
44901,0,1,0,0,1,1,1,1,1,1
44902,1,0,0,0,1,1,1,1,1,0
44903,0,1,1,0,1,0,1,1,1,1
44904,0,0,0,0,1,1,1,1,1,1
44905,0,1,1,0,1,1,1,1,1,1
44906,0,0,0,0,1,1,1,1,1,0
44907,0,1,0,0,1,1,1,1,1,0
44908,0,0,1,0,1,1,1,1,1,0
44909,0,0,0,0,1,1,1,1,1,0
44910,0,0,1,0,1,1,1,1,1,0
44911,0,0,0,0,1,1,1,1,1,0
44912,0,0,0,0,1,1,1,1,1,0
44913,1,1,0,0,1,1,1,1,1,1
44914,0,0,0,0,1,1,1,1,1,0
44915,0,0,0,0,1,1,1,1,1,1
44916,0,1,0,0,1,1,1,1,1,0
44917,0,0,0,0,1,1,1,1,1,0
44918,0,1,0,0,1,1,1,1,1,1
44919,0,0,1,0,1,1,1,1,1,1
44920,0,1,0,0,1,1,1,1,1,1
44921,0,0,0,1,1,1,1,1,1,1
44922,0,1,1,0,1,1,1,1,1,0
44923,0,0,0,0,1,1,1,1,1,1
44924,0,0,0,0,1,1,1,1,1,0
44925,0,0,0,0,1,1,1,1,1,0
44926,0,0,0,0,1,1,1,1,1,1
44927,0,1,0,0,1,1,1,1,1,0
44928,0,0,0,0,1,1,1,1,1,1
44929,0,0,1,1,1,1,1,1,1,1
44930,0,0,0,0,1,1,1,1,1,0
45001,0,1,0,0,1,1,1,1,1,0
45002,0,0,0,0,1,1,1,1,1,0
45003,0,1,0,0,1,1,1,1,1,1
45004,0,1,0,0,1,1,1,1,1,1
45005,0,0,0,0,1,1,1,1,1,1
45006,0,0,0,0,1,1,1,1,1,1
45007,0,0,0,0,1,1,1,1,1,0
45008,0,0,0,0,1,1,1,1,1,0
45009,0,0,0,0,1,1,1,1,1,0
45010,0,0,0,0,1,1,1,1,1,1
45011,0,0,0,0,1,1,1,1,1,0
45012,0,0,0,0,1,1,1,1,1,0
45013,0,0,0,0,1,1,1,1,1,0
45014,0,0,0,0,1,1,1,1,1,0
45015,0,0,0,0,1,1,1,1,1,1
45016,0,0,0,1,1,1,1,1,1,0
45017,0,0,0,0,1,1,1,1,1,0
45018,0,0,0,0,1,1,1,1,1,1
45019,0,1,0,0,1,1,1,1,1,0
45020,0,0,0,1,1,1,1,1,1,0
45021,0,0,0,0,1,1,1,1,1,1
45022,0,0,0,0,1,1,1,1,1,1
45023,0,0,0,1,1,1,1,1,1,0
45024,0,0,0,0,1,1,1,1,1,1
45025,0,0,0,1,1,1,1,1,1,1
45026,0,0,0,0,1,1,1,1,1,1
45027,0,0,0,0,1,1,1,1,1,1
45028,0,0,0,0,1,1,1,1,1,0
45029,0,0,1,0,1,1,1,1,1,1
45030,0,0,0,0,1,1,1,1,0,1
45301,0,1,1,0,1,1,1,1,1,1
45302,0,1,0,0,1,1,1,1,1,0
45303,0,0,1,0,1,1,1,1,1,1
45304,0,1,1,0,1,1,1,1,1,1
45305,0,1,0,0,1,1,1,1,1,0
45306,0,0,0,0,1,1,1,1,1,0
45307,0,1,0,0,1,1,1,1,1,0
45308,0,1,0,0,1,1,1,1,1,1
45309,0,1,0,0,1,1,1,1,1,0
45310,0,0,1,0,1,1,1,1,1,0
45311,0,1,1,0,1,1,1,1,1,0
45312,0,0,0,1,1,1,1,1,1,1
45313,0,1,0,0,1,1,1,1,1,0
45314,1,1,0,0,1,1,1,1,1,0
45315,0,1,0,0,1,1,1,1,1,0
45316,0,1,0,0,1,1,1,1,1,0
45317,0,0,0,0,1,1,1,1,1,0
45318,0,0,0,0,1,1,1,1,1,0
45319,0,0,0,0,1,1,1,1,1,1
45320,0,1,0,0,1,1,1,1,1,0
45321,0,1,1,0,1,1,1,1,1,1
45322,0,0,1,0,1,1,1,1,1,1
45323,0,1,0,0,1,1,1,1,1,0
45324,1,1,0,0,1,1,1,1,1,1
45325,0,0,0,0,1,1,1,1,1,1
45326,0,0,1,1,1,1,1,1,1,1
45327,0,1,0,0,1,1,1,1,1,0
45328,0,1,0,0,1,1,1,1,1,0
45329,0,1,0,0,1,1,1,1,1,0
45330,0,0,0,1,1,1,1,1,1,0
45401,0,1,1,0,1,1,1,1,1,0
45402,0,1,0,0,1,1,1,1,1,0
45403,0,0,0,0,1,1,1,1,1,0
45404,0,0,1,0,1,1,1,1,1,1
45405,0,1,1,0,1,1,1,1,1,1
45406,0,1,0,0,1,1,1,1,1,1
45407,0,1,0,1,1,1,1,1,1,1
45408,0,1,1,0,1,1,1,1,1,1
45409,1,1,0,0,1,1,1,1,1,1
45410,1,0,0,0,1,1,1,1,1,1
45411,1,1,1,0,1,1,1,1,1,0
45412,0,1,0,0,1,1,1,1,1,1
45413,0,1,1,0,1,1,1,1,1,1
45414,0,0,0,0,1,1,1,1,1,0
45415,0,0,0,0,1,1,1,1,1,0
45416,1,1,0,0,1,1,1,1,1,1
45417,0,1,0,0,1,1,1,1,1,0
45418,0,1,0,0,1,1,1,1,1,1
45419,0,1,0,0,1,1,1,1,1,0
45420,0,1,0,0,1,1,1,1,1,1
45421,0,0,0,0,1,1,1,1,1,1
45422,0,0,0,0,1,1,1,1,1,0
45423,0,0,0,0,1,1,1,1,1,0
45424,1,1,0,0,1,1,1,1,1,1
45425,0,0,0,0,1,1,1,1,1,1
45426,0,0,0,0,1,1,1,1,1,0
45427,0,1,0,0,1,1,1,1,1,1
45428,0,1,0,0,1,1,1,1,1,1
45429,0,0,0,1,1,1,1,1,1,0
45430,0,1,0,0,1,1,1,1,1,1
45501,0,1,0,1,1,1,1,1,1,0
45502,0,0,0,1,1,1,1,1,1,1
45503,0,1,0,1,1,1,1,1,1,1
45504,0,1,0,1,1,1,1,1,1,1
45505,0,0,0,0,1,1,1,1,1,0
45506,0,0,0,1,1,1,1,1,1,1
45507,0,0,0,0,1,1,1,1,1,1
45508,0,0,0,1,1,1,1,1,1,1
45509,0,1,0,1,1,1,1,1,1,1
45510,0,0,0,1,1,1,1,1,1,1
45511,0,1,0,1,1,1,1,1,1,1
45512,0,1,0,1,1,1,1,1,1,1
45513,0,0,0,0,1,1,1,1,1,1
45514,0,1,1,1,1,1,1,1,1,1
45515,0,0,0,0,1,1,1,1,1,1
45516,0,0,0,1,1,1,1,1,1,0
45517,0,1,0,0,1,1,1,1,1,1
45518,0,0,0,1,1,1,1,1,1,1
45519,0,0,0,0,1,1,1,1,1,1
45520,0,0,0,0,1,1,1,1,0,1
45521,0,0,0,1,1,1,1,1,1,1
45522,0,0,0,1,1,1,1,1,1,1
45523,0,0,0,0,1,1,1,1,1,0
45524,0,1,0,0,1,1,1,1,1,1
45525,0,1,0,1,1,1,1,1,1,1
45526,0,1,0,1,1,1,1,1,1,1
45527,0,0,0,0,1,1,1,1,1,1
45528,0,0,0,0,1,1,1,1,1,1
45529,0,0,0,0,1,1,1,1,1,1
45530,0,1,1,1,1,1,1,1,1,1
45601,0,0,0,0,1,1,0,1,1,1
45602,0,0,0,0,1,1,1,1,1,1
45603,1,1,0,0,1,1,1,1,1,1
45604,0,0,1,0,1,1,1,1,1,1
45605,0,0,0,0,1,1,1,1,1,1
45606,0,0,0,0,1,1,1,1,1,1
45607,1,1,0,0,1,1,0,1,1,0
45608,0,0,0,0,1,1,1,1,1,0
45609,1,1,0,1,1,1,1,1,1,1
45610,0,0,0,1,1,1,0,1,0,1
45611,0,0,0,1,1,1,1,1,1,1
45612,0,0,0,1,1,1,1,1,1,0
45613,0,0,0,0,1,1,1,1,1,1
45614,0,0,0,0,1,1,1,1,1,0
45615,0,0,0,0,1,1,1,1,1,0
45616,0,0,0,0,1,1,1,1,1,1
45617,0,0,0,0,1,1,1,1,1,0
45618,0,1,0,0,1,1,1,1,1,0
45619,0,0,0,0,1,1,1,1,1,1
45620,0,1,0,0,1,1,1,1,1,0
45621,0,0,0,0,1,1,1,1,1,0
45622,0,0,0,0,1,1,1,1,1,1
45623,0,1,0,0,1,1,1,1,1,0
45624,0,0,0,0,1,1,1,1,1,0
45625,0,1,0,0,1,1,1,1,1,0
45626,0,0,0,0,1,1,1,1,1,0
45627,0,1,0,0,1,1,1,1,1,0
45628,0,1,0,0,1,1,1,1,1,1
45629,0,0,0,1,1,1,1,1,1,1
45630,0,0,0,0,1,1,1,1,0,0
45801,0,0,0,0,1,1,1,1,1,1
45802,1,1,0,0,1,1,1,1,1,1
45803,0,1,0,1,1,1,1,1,1,1
45804,0,1,0,1,1,1,1,1,1,1
45805,0,0,0,1,1,1,1,1,1,1
45806,0,1,0,1,1,1,1,1,1,1
45807,0,1,1,1,1,1,1,1,1,1
45808,0,1,1,0,1,1,1,1,1,1
45809,0,0,0,0,1,1,1,1,1,1
45810,0,0,0,0,1,1,1,1,1,1
45811,0,0,0,1,1,1,1,1,1,1
45812,0,0,1,0,1,1,1,1,1,1
45813,1,1,0,0,1,1,1,1,1,1
45814,1,1,1,1,1,1,1,1,1,1
45815,0,0,0,0,1,1,1,1,1,1
45816,0,1,0,0,1,1,1,1,1,1
45817,0,0,0,0,1,1,1,1,1,1
45818,0,0,0,1,1,1,1,1,1,1
45819,0,0,0,0,1,1,1,1,1,1
45820,0,0,0,0,1,1,1,1,1,1
45901,0,1,0,0,1,1,1,1,1,0
45902,0,1,0,0,1,1,1,1,1,0
45903,0,0,1,0,1,1,1,1,1,1
45904,1,0,1,0,1,1,1,1,1,0
45905,0,0,0,0,1,1,1,1,1,1
45906,0,1,0,0,1,1,1,1,1,1
45907,0,0,0,0,1,1,1,1,1,1
45908,0,0,0,0,1,1,1,1,1,1
45909,0,1,0,1,1,1,1,1,1,0
45910,1,1,0,0,1,1,1,1,1,1
45911,0,0,0,0,1,1,1,1,1,0
45912,0,0,0,0,1,1,1,1,1,1
45913,0,0,0,0,1,1,1,1,1,1
45914,0,0,0,0,1,1,1,1,1,1
45915,0,1,0,0,1,1,1,1,1,0
45916,0,0,1,1,1,1,1,1,1,1
45917,0,1,0,0,1,1,1,1,1,1
45918,0,0,0,0,1,1,1,1,1,1
45919,0,0,0,0,1,1,1,1,1,1
45920,0,0,0,1,1,1,1,1,1,1
45921,0,1,0,0,1,1,1,1,1,1
45922,1,1,0,0,1,1,1,1,1,1
45923,1,0,0,0,1,1,1,1,1,1
45924,0,1,1,0,1,1,1,1,1,0
45925,1,1,0,0,1,1,1,1,1,1
45926,0,1,0,0,1,1,1,1,1,1
45927,0,0,0,0,1,1,1,1,1,0
45928,0,1,1,0,1,1,1,1,1,1
45929,0,0,1,0,1,1,1,1,1,0
45930,0,1,0,0,1,1,1,1,1,1
46001,1,0,0,0,1,1,1,1,1,0
46002,0,1,0,0,1,1,1,1,1,1
46003,0,0,1,1,1,1,1,1,1,1
46004,0,0,0,1,1,1,1,1,1,1
46005,1,1,1,0,1,1,1,1,1,1
46006,0,1,1,0,1,1,1,1,1,1
46007,1,1,0,0,1,1,1,1,1,1
46008,0,0,0,0,1,1,1,1,1,1
46009,0,1,0,1,1,0,1,1,1,1
46010,0,1,0,1,1,1,1,1,1,1
46011,0,1,0,1,1,1,1,1,1,1
46012,1,0,0,0,1,1,1,1,1,1
46013,1,1,0,1,1,1,1,1,1,1
46014,0,0,0,0,1,1,1,1,1,1
46015,0,1,0,0,1,0,1,1,1,1
46016,0,1,1,0,1,1,1,1,1,0
46017,1,1,0,0,1,1,1,1,1,1
46018,0,1,0,1,1,1,1,1,1,1
46019,0,1,1,1,1,1,1,1,1,1
46020,0,0,0,0,1,1,1,1,1,1
46021,0,1,0,0,1,1,1,1,1,1
46022,0,0,0,0,1,1,1,1,1,1
46023,0,0,0,0,1,1,1,1,1,1
46024,0,0,1,0,1,1,1,1,1,1
46025,0,0,0,1,1,1,1,1,1,1
46026,1,,0,0,1,1,1,1,1,0
46027,0,0,0,0,1,1,1,1,1,1
46028,0,1,0,0,1,1,1,1,1,1
46029,1,0,0,0,1,1,1,1,1,1
46030,0,0,0,1,1,1,1,1,1,1
46101,0,0,1,0,1,1,1,1,1,1
46102,0,1,1,1,1,1,1,1,1,1
46103,0,1,1,1,1,1,1,1,1,1
46104,0,1,0,0,1,1,1,1,1,1
46105,0,1,0,0,1,1,1,1,1,1
46106,0,0,1,0,1,1,1,1,1,1
46107,1,1,1,0,1,1,1,1,1,1
46108,0,0,0,0,1,1,1,1,1,1
46109,0,0,0,0,1,1,1,1,1,1
46110,1,1,0,1,1,1,1,1,1,1
46111,0,0,0,0,1,1,1,1,1,1
46112,0,0,1,1,1,1,1,1,1,1
46113,0,0,0,1,1,1,1,1,1,1
46114,0,,1,1,1,1,1,1,1,1
46115,0,1,0,1,1,1,1,1,1,1
46116,0,1,0,1,1,1,1,1,1,1
46117,0,1,1,0,1,1,1,1,1,1
46118,0,0,0,1,1,1,1,1,1,1
46119,0,0,0,1,1,1,1,1,1,1
46120,1,0,0,1,1,1,1,1,1,1
46201,1,1,0,0,1,1,1,1,1,1
46202,0,1,1,1,1,1,1,1,1,1
46203,0,0,1,1,1,1,1,1,1,1
46204,0,1,0,0,1,1,1,1,1,1
46205,0,0,1,1,1,1,1,1,1,1
46206,0,0,1,0,1,1,1,1,1,1
46207,0,0,0,1,1,1,1,1,1,1
46208,0,0,0,0,1,1,1,1,1,1
46209,0,0,0,0,1,1,1,1,1,1
46210,0,0,0,1,1,1,1,1,1,1
46211,0,1,0,1,1,1,1,1,1,1
46212,0,0,0,1,1,1,1,1,1,1
46213,0,0,0,1,1,1,1,1,1,1
46214,0,0,0,1,1,1,1,1,1,1
46215,0,0,0,1,1,1,1,1,1,1
46216,0,0,0,0,1,1,1,1,1,1
46217,0,0,0,1,1,1,1,1,1,1
46218,0,0,0,0,1,1,1,1,1,1
46219,0,1,0,0,1,1,1,1,1,1
46220,0,0,0,1,1,1,1,1,1,1
46221,0,0,0,1,1,1,1,1,1,1
46222,0,0,0,0,1,1,1,1,1,1
46223,0,0,0,1,1,1,1,1,1,1
46224,0,1,0,0,1,1,1,1,1,1
46225,0,0,0,0,1,1,1,1,1,1
46226,0,0,0,0,1,1,1,1,1,1
46227,0,0,0,0,1,1,1,1,1,1
46228,0,1,0,1,1,1,1,1,1,1
46229,0,0,1,1,1,1,1,1,1,1
46230,1,1,0,1,1,1,1,1,1,1
46301,0,1,0,0,1,1,1,1,1,1
46302,0,0,0,1,1,1,1,1,1,1
46303,0,0,0,0,0,1,1,1,1,1
46304,0,1,0,0,1,1,1,1,1,1
46305,0,0,0,1,1,1,1,1,1,1
46306,0,0,0,1,0,1,1,1,1,1
46307,0,1,0,1,1,1,1,1,1,1
46308,0,0,0,0,1,1,1,1,1,1
46309,0,1,0,0,0,1,1,1,1,1
46310,0,1,0,0,1,1,1,1,1,1
46311,0,0,0,0,1,1,1,1,1,1
46312,0,1,0,0,1,1,1,1,1,1
46313,0,0,0,1,1,1,1,1,1,1
46314,0,0,0,0,1,1,1,1,1,1
46315,0,1,0,0,0,1,1,1,1,1
46316,0,1,0,0,1,1,1,1,1,1
46317,0,0,0,0,1,1,1,1,1,1
46318,1,1,1,1,0,1,1,1,1,1
46319,0,0,0,0,1,1,1,1,1,1
46320,0,0,0,1,1,1,1,1,1,1
46321,0,0,0,0,0,1,1,1,1,1
46322,1,1,0,1,1,1,1,1,1,1
46323,0,0,0,0,1,1,0,1,1,1
46324,0,0,1,1,0,1,1,1,1,1
46325,0,1,0,1,1,1,1,1,1,1
46326,0,1,0,1,1,1,1,1,1,1
46327,0,0,0,1,1,1,1,1,1,1
46328,0,1,1,0,1,1,1,1,1,1
46329,0,0,0,1,1,1,1,1,1,1
46330,0,1,0,1,1,1,1,1,1,1
46401,0,0,0,1,1,1,1,1,1,1
46402,0,1,0,0,1,1,1,1,1,1
46403,0,1,0,0,0,1,1,1,1,1
46404,0,0,0,0,1,1,1,1,0,1
46405,0,0,0,1,1,1,1,1,1,1
46406,0,0,0,0,0,1,1,1,1,1
46407,0,1,0,0,1,1,1,1,1,0
46408,0,1,0,0,1,1,1,1,1,1
46409,0,1,0,0,1,1,1,1,1,1
46410,0,0,1,1,1,1,1,1,1,1
46411,0,0,0,1,1,1,1,1,1,1
46412,0,0,0,0,1,1,1,1,1,1
46413,0,0,0,0,1,1,1,1,1,0
46414,0,1,0,0,1,1,1,1,1,1
46415,0,0,0,0,0,1,1,1,1,1
46416,0,1,0,0,0,1,1,1,1,1
46417,0,0,0,1,1,1,1,1,0,1
46418,0,0,0,0,0,1,1,1,1,1
46419,0,0,0,1,1,1,1,1,1,1
46420,0,0,0,0,1,1,1,1,1,1
46421,0,0,0,1,0,1,1,1,1,1
46422,0,0,0,0,1,1,1,1,1,1
46423,0,1,0,0,1,1,1,1,1,1
46424,0,1,1,0,1,1,1,1,1,1
46425,0,1,0,0,1,1,1,1,1,1
46426,0,0,0,0,1,1,1,1,1,1
46427,0,0,0,1,1,1,1,1,1,1
46428,0,1,0,1,1,1,1,1,1,1
46429,0,1,0,1,1,1,1,1,1,1
46430,0,0,0,0,1,1,1,1,1,0
46501,1,1,0,0,1,1,1,1,1,1
46502,0,0,1,0,1,1,1,1,1,1
46503,0,1,0,0,1,1,1,1,1,1
46504,0,1,0,0,1,1,1,1,1,1
46505,0,0,1,0,1,1,1,1,1,0
46506,0,1,0,1,1,1,1,1,1,1
46507,0,0,0,0,1,1,1,1,1,1
46508,0,1,0,0,1,1,1,1,1,1
46509,0,1,0,0,1,1,1,1,1,1
46510,0,1,0,0,1,1,1,1,1,1
46511,0,1,0,0,1,1,1,1,1,1
46512,0,0,0,0,1,1,1,1,1,1
46513,0,1,0,0,1,1,1,1,1,1
46514,1,1,1,0,1,1,1,1,1,1
46515,0,0,0,1,1,1,1,1,1,1
46516,1,1,0,0,1,1,1,1,1,1
46517,0,1,0,0,1,1,1,1,1,1
46518,0,0,0,0,1,1,1,1,1,1
46519,0,1,0,0,1,1,1,1,1,1
46520,0,1,0,0,1,1,1,1,1,1
46521,0,1,0,0,1,1,1,1,1,1
46522,0,0,0,1,1,1,1,1,1,1
46523,0,1,0,0,1,1,1,1,1,1
46524,0,1,0,0,1,1,1,1,1,1
46525,0,1,0,0,1,1,1,1,1,1
46526,1,1,0,0,1,1,1,1,1,1
46527,0,0,0,1,1,1,1,1,1,1
46528,0,0,0,1,1,1,1,1,1,1
46529,0,0,0,0,1,1,1,1,1,1
46601,0,0,0,0,1,1,1,1,1,1
46602,0,0,0,0,1,1,1,1,1,1
46603,0,1,1,0,1,1,1,1,1,1
46604,0,0,0,0,1,1,1,1,1,1
46605,1,1,1,0,1,1,1,1,1,0
46606,1,0,0,0,1,1,1,1,1,1
46607,0,1,0,0,1,1,1,1,1,1
46608,0,0,0,1,1,1,1,1,1,1
46609,0,1,0,0,1,1,1,1,1,1
46610,0,0,0,0,1,1,1,1,1,1
46611,0,0,0,1,1,1,1,1,1,1
46612,1,0,0,1,1,1,1,1,1,1
46613,0,1,1,1,1,1,1,1,1,1
46614,0,0,0,0,1,1,1,1,1,1
46615,0,1,0,0,1,1,1,1,1,1
46616,0,0,1,0,1,1,1,1,1,1
46617,0,0,0,0,1,1,1,1,1,1
46618,0,1,0,0,1,1,1,1,1,1
46619,1,0,0,0,1,1,1,1,1,1
46620,0,0,0,0,1,1,1,1,1,1
46701,1,0,0,0,1,1,1,1,1,0
46702,0,0,1,0,1,1,1,1,1,1
46703,1,1,0,1,1,1,1,1,1,1
46704,0,0,0,0,1,1,1,1,1,1
46705,0,0,0,0,1,1,1,1,1,0
46706,0,0,0,0,1,1,1,1,1,0
46707,0,1,0,1,1,1,1,1,1,1
46708,0,0,0,0,1,1,1,1,1,1
46709,0,0,1,1,1,1,1,1,1,1
46710,0,0,0,0,1,1,1,1,1,1
46711,0,0,1,1,1,1,1,1,1,1
46712,0,1,0,0,1,1,1,1,1,1
46713,0,0,0,0,1,1,1,1,1,0
46714,0,0,0,1,1,1,1,1,1,1
46715,0,0,0,0,1,1,1,1,1,1
46716,0,0,0,0,1,1,1,1,1,1
46717,0,0,1,0,1,1,1,1,1,1
46718,0,0,1,0,1,1,1,1,1,1
46719,0,0,0,0,1,1,1,1,1,1
46720,0,1,0,0,1,1,1,1,1,0
46721,0,0,0,0,1,1,1,1,1,1
46722,0,0,0,1,1,1,1,1,1,1
46723,0,0,0,0,1,1,1,1,0,1
46724,0,1,1,0,1,1,1,1,1,0
46725,0,1,0,0,1,1,1,1,1,1
46726,0,0,0,1,1,1,1,1,1,1
46727,0,0,0,0,1,1,1,1,1,1
46728,0,1,0,0,1,1,1,1,1,1
46729,0,0,0,0,1,1,1,1,1,0
46730,0,1,0,0,1,1,1,1,1,0
46801,0,1,0,0,1,1,1,1,1,1
46802,0,0,1,0,1,1,1,1,1,1
46803,0,0,0,1,1,1,1,1,1,1
46804,0,0,1,0,1,1,1,1,1,1
46805,0,0,0,1,1,1,1,1,1,1
46806,0,0,0,0,1,1,1,1,1,1
46807,0,0,0,1,1,1,1,1,0,1
46808,0,0,0,0,1,1,1,1,1,1
46809,0,0,0,0,1,1,1,1,1,1
46810,0,0,0,0,1,1,1,1,1,1
46811,0,0,0,0,1,0,1,1,1,1
46812,0,1,0,0,1,1,1,1,1,1
46813,0,0,0,1,1,1,1,1,1,1
46814,0,1,1,0,1,1,1,1,1,1
46815,0,0,0,0,1,1,1,1,1,0
46816,0,1,0,1,1,1,1,1,1,1
46817,0,1,0,0,1,1,1,1,1,1
46818,0,0,0,0,1,1,1,1,1,1
46819,0,0,0,1,1,1,1,1,1,1
46820,0,0,0,1,1,0,1,1,1,1
46821,0,0,0,0,1,1,1,1,1,1
46822,0,0,0,0,1,1,1,1,1,1
46823,0,0,0,0,0,0,1,1,1,1
46824,0,1,0,0,1,1,1,1,1,1
46825,0,0,0,0,1,1,1,1,1,1
46826,0,1,0,0,1,1,1,1,1,0
46827,0,0,0,1,1,1,1,1,1,1
46828,0,1,0,1,1,1,1,1,1,1
46829,0,1,0,0,1,1,1,1,1,1
46830,0,1,0,1,1,1,1,1,1,1
46901,1,1,0,0,1,1,1,1,1,1
46902,0,1,0,1,1,1,1,1,1,1
46903,0,0,0,0,1,1,1,1,1,1
46904,0,0,0,0,1,1,1,1,1,1
46905,0,0,0,0,1,1,1,1,1,1
46906,0,1,0,0,1,1,1,1,1,1
46907,1,1,0,0,1,1,1,1,1,1
46908,0,1,0,0,1,1,1,1,1,1
46909,0,0,1,0,1,1,1,1,1,1
46910,0,1,0,0,1,1,1,1,1,1
46911,0,0,0,1,1,1,0,1,0,1
46912,0,1,0,0,0,1,1,1,1,1
46913,0,1,1,1,1,1,1,1,1,1
46914,0,1,0,0,1,1,1,1,1,0
46915,0,0,0,0,1,1,1,0,1,0
46916,0,0,0,0,1,1,1,1,1,1
46917,0,1,0,0,1,1,1,1,1,1
46918,0,1,0,0,1,1,1,1,1,1
46919,0,1,0,0,1,1,1,1,1,1
46920,0,1,1,0,1,1,1,1,1,1
46921,0,0,0,0,1,1,1,1,1,1
46922,0,1,1,0,1,1,1,1,1,0
46923,0,1,1,1,1,1,1,1,1,1
46924,0,1,1,0,0,1,1,1,1,0
46925,0,1,0,0,1,1,1,1,1,1
46926,0,1,0,0,1,1,1,1,1,1
46927,0,0,0,0,1,1,1,1,1,1
46928,0,1,0,0,1,1,1,1,1,1
46929,0,1,0,0,1,1,1,1,1,1
46930,0,1,1,0,0,1,1,1,1,0
47001,0,0,0,1,1,1,1,1,1,1
47002,0,0,0,1,1,1,1,1,1,1
47003,0,0,0,1,1,1,1,1,1,1
47004,0,1,0,0,1,1,1,1,1,1
47005,0,0,0,1,1,1,1,1,1,1
47006,0,0,0,0,1,1,1,1,1,1
47007,1,0,1,0,1,1,1,1,1,0
47008,0,0,0,1,1,1,1,1,1,1
47009,1,0,0,1,1,1,1,1,1,1
47010,0,0,0,0,1,1,1,1,1,1
47011,0,1,0,0,1,1,1,1,1,1
47012,0,1,0,1,1,1,1,1,1,1
47013,0,0,0,0,1,1,1,1,1,1
47014,0,1,1,1,1,1,1,1,1,1
47015,0,0,0,1,1,1,1,1,1,1
47016,0,0,0,1,1,1,1,1,1,1
47017,0,0,0,1,1,1,1,1,1,1
47018,0,0,0,0,1,1,1,1,1,0
47019,0,1,0,0,1,1,1,1,1,1
47020,0,0,1,0,1,1,1,1,1,1
47021,0,0,0,1,1,1,1,1,1,1
47022,0,1,0,1,0,1,1,1,1,1
47023,0,1,0,1,1,1,1,1,1,1
47024,1,0,0,1,1,1,1,1,1,0
47025,0,0,0,0,1,1,1,1,1,0
47026,0,1,0,1,1,1,1,1,1,1
47027,0,1,0,0,1,1,1,1,1,1
47028,0,0,0,1,1,1,1,1,1,1
47029,0,0,0,0,1,1,1,1,1,1
47030,0,1,0,0,1,1,1,1,1,1
47101,0,0,0,0,0,1,0,0,1,0
47102,0,0,0,0,0,0,1,0,1,1
47103,0,0,0,0,0,0,1,0,0,0
47104,0,0,0,0,0,0,1,0,1,0
47105,0,0,0,0,0,0,0,0,1,0
47106,0,0,0,0,0,0,0,0,1,0
47107,0,0,0,0,0,0,0,0,1,0
47108,0,0,0,0,0,1,0,0,1,0
47109,0,0,0,0,0,1,0,0,1,0
47110,0,0,0,0,0,0,0,0,1,0
47111,0,0,0,0,0,0,0,0,1,0
47112,1,0,0,0,0,0,1,0,1,0
47113,0,0,0,0,0,0,0,0,1,0
47114,0,0,0,0,0,0,0,0,0,0
47115,0,1,0,0,0,1,0,0,1,0
47116,1,0,0,0,0,0,0,0,1,0
47117,0,0,1,0,0,1,0,0,1,0
47118,0,0,0,0,0,1,0,0,0,0
47119,0,0,0,0,0,0,1,0,1,0
47120,0,1,0,0,0,0,1,0,1,0
47121,0,1,0,0,0,0,1,0,1,0
47122,0,0,1,0,0,0,1,0,1,0
47123,0,0,1,0,0,0,1,0,1,0
47124,0,0,0,0,0,1,1,0,1,0
47125,0,0,0,0,0,0,0,0,1,0
47126,0,0,0,0,0,1,0,0,1,0
47127,0,0,0,0,0,0,0,0,1,0
47128,0,0,0,0,0,0,0,0,1,0
47129,1,1,1,0,0,0,0,0,1,0
47130,0,0,0,0,0,1,0,0,1,0
47201,0,1,0,0,0,0,1,1,1,0
47202,0,0,0,0,0,0,0,0,1,0
47203,0,0,0,1,1,0,1,0,1,0
47204,0,1,0,0,0,0,1,1,1,0
47205,0,0,0,0,0,0,1,1,1,0
47206,0,0,0,0,1,1,1,1,1,1
47207,0,0,0,0,0,1,1,1,1,0
47208,0,1,0,1,0,0,1,1,1,0
47209,1,,0,0,0,1,1,0,1,0
47210,0,0,0,0,1,0,1,1,1,1
47211,0,1,0,1,1,0,1,1,1,0
47212,0,0,0,0,1,1,1,1,1,0
47213,0,0,0,0,1,0,1,1,1,0
47214,0,1,0,0,1,1,1,1,1,1
47215,0,0,0,0,1,1,1,0,1,0
47216,0,0,0,0,0,1,1,1,1,0
47217,0,1,0,0,1,1,1,0,1,0
47218,0,1,0,0,0,1,1,1,1,0
47219,0,1,0,0,1,1,1,1,1,0
47220,0,0,1,0,1,0,1,1,1,0
47221,0,0,1,0,1,1,1,1,1,0
47222,0,0,0,0,0,0,1,1,1,0
47223,0,0,0,0,0,0,1,0,0,0
47224,1,1,0,0,1,1,1,1,1,1
47225,0,0,0,0,0,0,1,1,1,1
47226,0,0,0,0,1,0,1,1,1,1
47227,0,1,0,0,1,1,1,1,1,1
47228,0,0,0,0,1,0,1,1,1,0
47229,0,0,1,1,1,1,1,1,1,0
47230,0,1,1,1,1,1,1,1,1,1
47301,0,0,1,0,0,0,0,0,1,0
47302,0,0,0,0,0,0,0,0,1,0
47303,0,0,0,0,0,0,1,0,1,0
47304,0,0,0,1,1,1,1,0,1,1
47305,0,0,0,0,0,0,0,0,1,0
47306,0,0,0,0,0,0,1,0,1,1
47307,0,1,0,0,0,0,1,0,1,0
47308,0,1,0,0,0,0,1,0,1,1
47309,0,0,0,0,0,0,0,0,1,1
47310,0,0,0,0,0,0,0,0,1,0
47311,0,0,0,0,0,0,1,1,1,0
47312,0,1,1,0,1,0,1,0,1,0
47313,0,0,0,0,0,0,1,0,1,0
47314,0,1,1,0,0,0,1,0,1,0
47315,0,0,0,0,0,0,1,0,1,0
47316,0,0,0,0,0,0,1,0,1,0
47317,0,0,0,0,1,0,0,0,1,0
47318,0,0,0,0,0,0,0,0,1,0
47319,0,0,0,0,0,0,0,0,1,0
47320,0,1,0,0,0,0,0,0,1,0
47321,0,0,1,0,0,0,1,0,1,0
47322,1,0,0,0,0,0,1,0,1,0
47323,0,0,0,0,0,0,1,0,1,0
47324,0,0,1,0,0,0,1,0,1,0
47325,0,0,0,0,0,0,0,0,1,0
47326,0,0,0,0,0,0,0,0,1,0
47327,0,0,1,0,0,0,0,0,1,0
47328,0,0,0,0,0,0,1,0,1,0
47329,0,0,0,0,0,0,1,0,1,0
47330,0,0,0,0,0,0,0,0,0,0
47401,0,0,0,0,0,0,1,0,1,0
47402,0,1,1,0,0,0,1,0,1,0
47403,0,0,0,0,0,0,1,0,1,0
47404,0,0,0,0,0,0,0,0,1,0
47405,0,0,0,0,0,0,1,0,1,0
47406,0,0,0,0,0,1,1,0,1,0
47407,0,1,1,0,0,0,0,0,1,0
47408,0,0,0,0,0,1,0,0,1,0
47409,0,0,0,0,0,0,1,0,1,0
47410,0,0,0,0,0,0,1,0,1,0
47411,0,0,0,0,0,0,1,0,1,0
47412,0,0,0,0,0,1,1,1,1,0
47413,0,0,0,0,0,0,1,0,1,0
47414,0,1,1,0,0,0,1,0,1,1
47415,0,0,0,0,0,0,1,0,0,0
47416,0,0,1,0,0,0,1,0,1,0
47417,0,0,0,0,0,0,0,0,1,0
47418,0,1,1,0,0,0,1,0,1,0
47419,0,0,0,0,0,0,1,0,1,0
47420,0,0,0,0,0,0,1,0,1,0
47421,0,1,0,0,0,1,1,0,1,0
47422,0,0,0,0,0,0,1,0,1,0
47423,0,0,0,0,0,0,1,1,1,0
47424,0,1,0,0,0,0,1,0,1,0
47425,0,1,0,0,0,0,1,0,1,0
47426,0,0,0,0,0,0,1,0,1,0
47427,0,1,1,0,0,0,1,0,1,0
47428,0,0,0,0,0,0,1,0,1,0
47429,0,1,1,0,0,0,1,0,1,0
47430,0,0,0,0,0,0,1,0,1,0
47501,0,0,0,0,0,1,1,0,1,0
47502,0,0,0,0,0,1,1,0,1,1
47503,0,0,0,0,0,1,0,0,1,0
47504,1,0,0,0,1,1,0,0,1,0
47505,0,0,0,0,0,1,1,0,1,1
47506,0,1,0,0,0,1,1,0,1,0
47507,0,0,0,0,0,1,0,0,1,0
47508,0,1,0,0,0,1,0,0,1,0
47509,0,0,0,0,0,1,1,0,1,1
47510,0,1,0,0,0,1,1,0,1,0
47511,0,0,0,0,0,1,1,0,1,0
47512,0,0,0,0,0,1,1,0,1,0
47513,0,0,1,0,0,1,1,0,1,0
47514,0,1,0,0,0,1,1,0,1,0
47515,0,0,0,0,0,1,0,0,1,0
47516,0,0,0,0,0,1,1,0,1,0
47517,0,0,0,0,0,1,1,0,1,0
47518,1,0,0,0,0,1,1,0,1,0
47519,0,1,1,0,0,1,0,0,1,0
47520,0,1,0,0,0,1,0,0,1,0
47521,0,1,0,0,0,1,1,0,1,0
47522,0,0,0,0,0,1,1,0,1,0
47523,0,0,0,0,0,1,1,0,1,0
47524,0,1,0,0,0,1,1,0,1,0
47525,0,0,0,1,0,1,1,0,1,1
47526,0,0,0,0,0,1,0,0,1,0
47527,0,0,0,0,0,1,1,0,1,0
47528,0,1,0,0,0,1,1,0,1,0
47529,0,0,0,0,0,1,1,0,1,0
47530,0,1,0,0,0,1,0,0,1,0
47601,0,1,0,0,1,1,1,1,1,1
47602,0,0,0,0,1,1,1,1,1,0
47603,0,0,0,1,1,1,1,1,1,1
47604,0,0,0,1,1,1,1,1,1,1
47605,0,0,1,0,1,1,1,0,1,0
47606,1,1,0,0,1,1,1,1,1,1
47607,0,0,1,1,1,1,1,1,1,1
47608,0,1,0,1,1,1,1,1,1,1
47609,0,1,0,1,1,1,1,1,0,1
47610,0,1,0,0,1,1,1,1,1,1
47611,1,0,0,0,1,1,1,0,1,0
47612,0,1,0,0,1,1,1,1,1,1
47613,0,0,0,0,1,1,1,1,1,1
47614,0,1,1,0,1,1,1,1,1,0
47615,0,0,0,0,1,1,1,1,1,1
47616,0,0,0,0,1,1,1,1,1,1
47617,1,0,0,1,1,1,1,1,1,0
47618,0,0,0,1,1,1,1,1,1,1
47619,0,0,0,0,1,1,1,1,1,0
47620,0,0,0,0,1,1,1,1,1,0
47621,0,0,0,0,1,1,1,1,1,0
47622,0,0,0,1,1,1,1,1,1,1
47623,0,0,0,0,1,1,1,1,1,1
47624,0,0,1,0,1,1,1,1,1,1
47625,0,0,1,0,1,1,1,1,1,1
47626,0,0,0,0,1,1,1,1,1,1
47627,0,0,0,0,0,1,1,0,1,0
47628,0,1,0,0,1,1,1,1,1,1
47629,0,0,0,0,1,1,1,1,1,0
47630,0,0,0,1,1,1,1,0,1,1
47701,0,0,0,0,1,1,1,1,1,0
47702,0,1,0,0,0,1,1,1,1,0
47703,0,0,0,0,0,1,1,1,1,0
47704,0,0,0,0,0,1,1,0,1,0
47705,0,1,0,0,0,1,1,1,1,0
47706,0,0,0,0,1,1,1,0,1,0
47707,0,0,0,1,1,1,1,1,1,0
47708,0,1,1,0,1,1,1,1,1,0
47709,0,0,0,1,1,1,1,1,1,1
47710,0,0,0,0,1,1,1,1,1,0
47711,0,0,0,0,1,1,1,1,1,1
47712,0,0,0,0,1,1,1,1,1,0
47713,0,0,0,0,0,1,1,1,1,0
47714,0,1,1,0,1,1,1,1,1,0
47715,0,1,0,0,1,1,1,1,1,0
47716,0,0,0,0,1,1,1,1,1,1
47717,0,0,1,0,1,1,1,1,1,0
47718,0,0,1,0,0,1,0,0,1,0
47719,0,0,0,1,1,1,1,1,1,1
47720,0,0,0,1,1,1,1,1,1,1
47721,0,0,0,1,1,1,1,1,1,1
47722,0,0,0,1,1,1,1,1,1,1
47723,1,0,0,0,1,1,1,1,1,0
47724,0,0,1,0,0,1,1,1,1,0
47725,0,0,0,1,1,1,1,1,1,0
47726,0,0,0,0,0,1,1,1,0,0
47727,0,1,0,0,1,1,1,1,1,0
47728,0,0,0,1,1,1,1,1,1,0
47729,0,0,0,0,1,1,1,1,1,0
47730,0,1,0,0,1,1,1,1,1,0
47801,0,0,1,0,0,1,1,0,1,0
47802,0,1,0,0,1,1,1,1,1,1
47803,0,0,0,0,0,0,1,1,1,0
47804,0,1,1,0,0,1,1,1,1,0
47805,0,0,0,0,0,1,1,1,1,0
47806,0,1,0,0,0,0,1,1,1,0
47807,1,0,0,0,0,1,1,0,1,0
47808,0,0,0,0,0,1,1,0,1,0
47809,0,0,0,0,1,0,1,1,1,0
47810,0,0,0,0,0,1,1,1,1,1
47811,0,0,0,1,1,1,0,1,1,1
47812,0,0,0,0,0,1,1,1,1,0
47813,0,0,0,0,1,1,1,1,1,1
47814,0,0,0,0,0,1,1,1,1,0
47815,0,0,0,0,1,1,1,1,1,0
47816,0,1,0,0,0,1,1,1,1,1
47817,0,1,0,0,0,1,1,1,1,0
47818,0,0,0,0,1,1,1,1,1,0
47819,1,0,0,0,1,1,1,1,1,1
47820,0,0,0,1,1,1,1,1,1,1
47821,0,0,0,0,1,1,1,1,1,0
47822,1,0,0,0,1,1,0,1,1,1
47823,0,0,0,0,0,1,0,0,1,0
47824,0,0,0,0,1,0,0,0,1,0
47825,0,1,0,0,1,1,1,1,1,1
47826,0,1,0,0,0,1,1,1,1,0
47827,0,0,0,0,0,0,1,1,1,0
47828,0,1,0,0,0,1,0,0,0,0
47829,0,0,0,1,1,1,0,1,1,1
47830,0,0,0,0,1,1,1,1,1,0
47901,0,0,0,0,0,0,1,0,1,0
47903,0,1,1,0,0,1,1,0,1,1
47904,0,0,0,1,0,1,1,0,1,1
47905,0,1,0,0,0,1,1,0,1,0
47906,0,0,0,0,0,1,0,0,1,0
47907,0,0,0,0,0,1,1,0,1,0
47908,0,0,0,0,0,1,0,0,1,0
47909,0,0,0,0,0,0,1,0,1,0
47910,0,0,0,0,0,1,0,0,1,0
47911,0,0,0,0,1,1,1,0,1,1
47912,0,0,0,0,0,1,0,0,0,0
47913,0,0,0,0,0,0,1,0,1,0
47914,1,0,0,0,0,1,0,0,1,0
47915,0,1,0,0,0,0,0,0,1,0
47916,0,0,0,0,0,1,1,0,1,0
47917,0,0,0,0,0,1,1,0,1,0
47918,0,0,1,0,0,1,1,0,1,0
47919,0,0,0,0,0,1,1,0,1,1
47920,0,0,0,1,1,0,0,0,1,1
47921,0,0,1,0,0,1,1,0,1,0
47922,0,1,0,0,0,0,1,0,1,0
47923,0,0,0,1,1,1,1,0,1,1
47924,0,0,0,0,0,1,1,1,1,0
47925,0,0,0,0,1,1,1,0,1,0
47926,0,0,0,1,1,1,1,1,1,0
47927,0,0,0,0,0,1,1,0,1,1
47928,0,1,0,0,1,1,0,1,1,1
47929,0,0,0,0,0,1,0,0,1,0
47930,0,0,0,0,0,1,0,1,1,0
48001,0,0,0,1,1,0,1,1,1,1
48002,0,1,0,0,1,0,0,1,1,0
48003,0,1,0,0,1,0,1,0,1,0
48004,0,0,0,0,1,0,1,0,1,0
48005,0,0,0,0,1,0,1,0,1,0
48006,0,0,0,0,1,0,1,0,1,1
48007,0,0,0,0,1,0,1,0,1,1
48008,0,0,1,0,1,0,1,1,1,0
48009,0,1,0,0,1,0,1,0,1,1
48010,0,1,0,0,1,0,1,1,1,0
48011,0,1,1,0,1,0,1,1,1,1
48012,0,0,0,0,1,0,1,1,1,1
48013,0,0,0,0,0,1,1,1,1,0
48014,0,0,0,1,1,0,1,1,1,0
48015,0,0,0,0,1,0,1,1,1,0
48016,0,1,0,0,0,0,1,0,1,0
48017,0,0,0,0,1,0,1,0,1,0
48018,0,0,0,0,1,0,1,0,1,0
48019,0,1,0,0,1,0,1,1,1,0
48020,0,0,1,0,1,0,1,1,1,0
48021,0,0,0,0,0,1,0,0,1,0
48022,0,0,1,0,1,0,1,1,1,0
48023,0,0,0,0,0,0,1,0,1,0
48024,0,0,1,0,1,0,1,1,1,0
48025,0,0,0,0,1,0,1,1,1,0
48026,0,0,0,0,0,0,1,0,1,0
48027,0,0,1,0,1,0,1,0,1,0
48028,0,1,0,0,0,0,1,1,1,1
48029,0,0,0,0,1,0,1,1,1,0
48030,0,0,0,0,1,0,1,1,1,0
48101,0,1,0,0,0,0,0,1,1,0
48102,0,0,0,1,1,0,0,1,1,0
48103,0,1,0,0,0,0,0,0,1,0
48104,0,1,0,0,0,0,1,1,1,0
48105,0,0,0,0,1,0,1,1,1,1
48106,0,1,0,0,1,1,1,1,1,0
48107,0,0,1,0,0,0,1,1,1,1
48108,0,0,0,0,0,0,1,0,1,0
48109,0,1,0,0,0,1,1,0,1,0
48110,0,0,0,0,0,0,1,0,1,0
48111,0,0,1,0,0,0,1,1,1,0
48112,0,0,1,0,0,0,1,0,1,0
48113,0,0,0,0,0,1,1,1,1,0
48114,0,1,1,0,0,1,1,0,1,0
48115,0,0,0,0,0,0,1,0,1,0
48116,0,0,0,0,0,1,1,0,1,1
48117,0,0,0,1,1,1,1,1,1,0
48118,1,0,1,0,1,0,1,1,1,0
48119,0,0,0,0,0,0,1,1,1,0
48120,0,0,0,0,1,1,1,1,1,1
48121,0,1,0,0,0,0,1,0,1,0
48122,0,0,0,0,0,1,0,0,1,0
48123,0,0,0,0,0,0,1,1,1,0
48124,0,0,0,0,0,0,0,1,1,0
48125,0,1,0,0,0,0,1,0,1,1
48126,0,0,0,1,1,0,1,1,1,1
48127,0,0,0,0,0,0,1,0,1,0
48128,0,0,0,0,0,0,1,0,1,0
48129,0,0,0,0,0,0,1,0,1,0
48130,0,1,0,0,0,0,1,0,1,1
48201,0,0,1,0,1,1,1,1,1,1
48202,0,0,1,0,1,1,1,1,1,1
48203,0,1,1,0,1,1,1,1,1,0
48204,0,0,0,1,1,1,1,1,1,1
48205,0,1,0,0,1,1,1,1,1,1
48206,0,0,0,0,1,1,1,1,1,1
48207,0,0,0,1,1,1,1,1,1,1
48208,0,1,0,1,1,1,1,1,1,1
48209,0,0,0,0,1,1,1,1,1,0
48210,0,1,0,1,1,1,1,1,1,0
48211,0,0,0,1,1,1,1,1,1,1
48212,0,0,0,0,1,1,1,1,1,1
48213,0,0,0,1,1,1,1,1,1,1
48214,0,0,0,1,1,1,1,1,1,1
48215,0,1,0,0,1,1,1,1,1,0
48216,0,1,1,0,1,1,1,1,1,0
48217,0,1,0,1,1,1,1,1,1,1
48218,0,0,0,0,1,1,1,1,1,0
48219,0,0,0,1,1,1,1,1,1,1
48220,0,0,0,1,1,1,1,1,1,0
48221,0,0,0,1,1,1,1,1,1,1
48222,0,0,0,1,1,1,1,1,1,1
48223,0,0,0,1,1,1,1,1,1,1
48224,0,0,0,1,1,1,1,1,1,1
48225,0,1,1,1,1,1,1,1,1,1
48226,0,1,0,1,1,1,1,1,1,1
48227,0,1,0,1,1,1,1,1,1,1
48228,0,0,0,1,1,1,1,1,1,1
48229,0,0,0,0,1,1,1,1,1,1
48230,1,0,0,1,1,1,1,1,1,1
48301,0,1,0,0,1,1,1,1,1,1
48302,0,1,0,0,1,1,1,1,1,1
48303,0,1,0,0,1,1,1,1,1,1
48304,0,0,0,1,1,1,1,1,1,1
48305,0,1,0,1,1,1,1,1,1,1
48306,0,0,0,0,1,1,1,1,1,1
48307,0,0,0,0,1,1,1,1,1,1
48308,0,1,0,1,1,1,1,1,1,1
48309,0,0,0,0,1,1,1,1,1,1
48310,0,1,0,1,1,1,1,1,1,1
48311,0,1,0,0,1,1,1,1,1,1
48312,0,0,0,1,1,1,1,1,1,1
48313,0,1,1,1,1,1,1,1,1,1
48314,0,0,0,0,1,1,1,1,1,1
48315,0,0,0,1,1,1,1,1,1,1
48316,0,1,0,0,1,1,0,1,1,0
48317,0,1,0,1,1,1,1,1,1,1
48318,0,1,0,0,1,1,1,1,1,1
48319,0,1,1,0,1,1,1,1,1,1
48320,0,0,0,0,1,1,1,1,1,1
48321,0,0,0,0,1,1,1,1,1,1
48322,0,0,0,1,1,1,1,1,1,1
48323,0,0,0,1,1,1,1,1,1,1
48324,0,0,0,0,1,1,0,1,1,1
48325,0,0,0,1,1,1,1,1,1,1
48326,0,1,0,0,1,1,1,1,1,1
48327,0,0,1,0,1,1,1,1,1,1
48328,0,1,0,0,1,1,1,1,1,1
48329,0,0,0,0,1,1,1,1,1,1
48330,0,1,0,1,1,1,1,1,1,1
48401,0,1,0,0,1,1,1,1,1,1
48402,0,0,0,0,1,1,1,1,1,1
48403,0,0,0,0,1,1,1,1,1,1
48404,0,0,1,0,1,1,1,1,1,1
48405,0,1,1,0,1,1,1,1,1,1
48406,0,1,0,1,1,1,1,1,1,1
48407,0,0,0,0,1,1,1,1,1,1
48408,1,0,0,0,1,1,1,1,1,0
48409,0,0,0,1,1,1,1,1,1,1
48410,1,0,0,0,1,1,1,1,1,0
48411,0,0,0,1,1,1,1,1,1,1
48412,1,1,1,0,1,1,1,1,1,1
48413,0,1,1,0,1,1,1,1,1,1
48414,0,1,1,1,1,1,1,1,1,1
48415,1,1,1,0,1,1,1,1,1,1
48416,1,1,1,0,1,1,1,1,1,0
48417,0,0,0,1,1,1,1,1,1,1
48418,0,0,0,1,0,1,1,1,1,1
48419,0,0,1,1,0,1,1,1,1,1
48420,0,0,0,1,1,1,1,1,1,1
48421,0,1,0,0,1,1,1,1,1,1
48422,0,0,0,0,0,1,1,1,1,1
48423,0,1,1,1,1,1,1,1,1,1
48424,0,1,0,1,0,1,1,1,1,1
48425,0,0,0,0,0,1,1,1,1,0
48426,0,0,0,1,1,1,1,1,1,1
48427,0,1,0,0,0,1,1,1,1,1
48428,0,1,0,1,0,1,1,1,1,1
48429,0,0,0,1,1,1,1,1,1,1
48430,0,1,1,1,0,1,1,1,1,1
48501,0,1,0,1,1,1,1,1,1,1
48502,0,0,1,1,1,1,1,1,1,0
48503,0,1,0,1,1,1,1,1,1,1
48504,0,0,0,1,1,1,1,1,1,1
48505,0,1,1,1,1,1,1,1,1,1
48506,0,1,0,1,1,1,1,1,1,1
48507,0,1,0,1,0,1,1,1,1,1
48508,0,1,0,1,1,1,1,1,1,1
48509,0,0,0,1,1,1,1,1,1,1
48510,0,0,0,0,1,1,1,1,1,1
48511,0,0,0,0,1,1,1,1,1,0
48512,0,1,0,1,1,1,1,1,1,1
48513,0,0,1,0,1,1,1,1,1,1
48514,0,1,0,1,1,1,1,1,1,1
48515,0,0,0,0,1,1,1,1,1,0
48516,0,1,1,0,0,1,1,1,1,1
48517,0,1,0,0,1,1,1,1,1,0
48518,0,0,0,0,1,1,1,1,1,0
48519,0,0,0,0,0,1,1,1,1,0
48520,0,0,0,0,1,1,1,1,1,0
48521,0,1,0,1,0,1,1,1,1,1
48522,0,1,0,1,0,1,1,1,1,1
48523,0,1,1,1,1,1,1,1,1,1
48524,0,0,0,1,1,1,1,1,1,1
48525,0,0,1,0,1,1,1,1,0,1
48526,0,0,0,1,0,1,1,1,1,1
48527,0,1,0,0,1,1,1,1,1,1
48528,0,1,0,0,1,1,1,1,1,1
48529,0,1,0,1,1,1,1,1,1,0
48530,0,0,0,1,1,1,1,1,1,1
48601,0,0,0,0,1,1,1,1,1,1
48602,0,0,0,0,1,1,1,1,1,1
48603,0,0,0,0,1,1,1,1,1,0
48604,0,0,0,1,1,1,1,1,1,0
48605,0,0,0,0,1,1,1,1,1,1
48606,0,1,0,0,1,1,1,1,1,0
48607,0,1,0,0,1,1,1,1,1,1
48608,0,0,0,0,1,1,1,1,1,0
48609,0,0,1,0,1,1,1,1,1,1
48610,0,1,0,0,1,1,1,1,1,1
48611,0,1,0,0,1,1,1,1,1,1
48612,0,0,0,0,1,1,1,1,1,1
48613,0,0,0,0,1,1,1,1,1,0
48614,0,0,0,1,1,1,1,1,1,1
48615,0,0,1,1,1,1,1,1,1,1
48616,0,1,0,0,1,1,1,1,1,1
48617,0,0,0,0,1,1,1,1,1,1
48618,0,0,0,0,0,1,0,1,1,0
48619,0,1,0,1,1,1,1,1,1,0
48620,0,0,1,1,1,1,1,1,1,1
48621,0,1,1,0,1,1,1,1,1,1
48622,0,0,1,1,1,1,1,1,1,1
48623,0,1,0,0,1,1,1,1,1,1
48624,0,1,0,1,1,1,1,1,1,1
48625,0,1,0,0,1,1,1,1,1,1
48626,0,1,0,0,1,1,1,1,1,1
48627,0,0,0,1,1,1,1,1,1,1
48628,0,1,1,0,1,1,1,1,1,1
48629,0,0,0,0,1,1,1,1,1,1
48630,0,0,0,0,1,1,1,1,1,1
48701,0,0,0,1,0,1,1,1,1,1
48702,0,0,0,1,0,1,1,1,1,1
48703,0,0,0,1,1,1,1,1,1,1
48704,0,0,0,1,1,1,1,1,1,1
48705,0,0,0,0,1,1,1,1,1,0
48706,0,0,0,0,1,1,1,1,1,1
48707,0,1,0,1,1,1,1,1,1,1
48708,0,1,0,0,1,1,1,1,1,1
48709,0,0,0,0,1,1,1,1,1,0
48710,0,0,0,1,1,1,1,1,1,1
48711,0,1,1,0,1,1,1,1,1,1
48712,0,1,0,0,1,1,1,1,1,1
48713,0,1,0,1,1,1,1,1,1,1
48714,0,0,0,0,1,1,1,1,1,1
48715,0,1,1,0,1,1,1,1,1,1
48716,0,1,0,0,1,1,1,1,1,1
48717,0,0,0,0,1,0,1,1,1,1
48718,0,1,0,0,1,1,1,1,1,1
48719,0,0,1,1,1,0,1,1,1,1
48720,0,0,0,0,1,0,1,1,1,1
48721,0,0,0,0,1,1,1,1,1,0
48722,0,0,1,1,1,1,1,1,1,1
48723,0,1,0,1,1,0,1,1,1,1
48724,0,1,1,1,1,1,1,1,1,0
48725,0,0,0,0,1,1,1,1,1,1
48726,0,0,0,1,1,1,1,1,1,1
48727,0,0,1,1,1,1,1,1,1,0
48728,0,1,1,0,1,0,1,1,1,1
48729,0,0,0,1,1,0,1,1,1,0
48730,0,0,0,0,1,1,1,1,1,1
48801,0,0,0,0,1,1,1,1,1,0
48802,0,0,0,1,1,1,1,1,1,1
48803,0,0,0,1,1,1,1,1,1,1
48804,0,1,0,0,1,1,1,1,1,0
48805,0,0,0,1,1,1,1,1,1,0
48806,0,1,0,0,1,1,1,1,1,0
48807,0,0,0,1,1,1,0,1,1,1
48808,0,0,0,0,1,1,0,1,1,1
48809,0,1,0,1,1,1,1,1,1,1
48810,0,0,0,0,1,1,1,1,1,1
48811,0,0,1,0,1,1,1,1,1,1
48812,0,0,0,1,1,1,1,1,1,1
48813,0,1,0,1,1,1,1,1,1,1
48814,0,1,0,0,1,1,1,1,1,0
48815,0,0,0,1,1,1,1,1,1,1
48901,0,0,1,1,1,1,1,1,1,1
48902,0,0,0,1,1,1,1,1,1,1
48903,0,0,0,0,1,1,1,1,1,1
48904,0,0,0,0,1,1,1,1,1,1
48905,0,0,0,0,1,1,1,1,1,1
48906,0,0,0,0,1,1,1,1,1,1
48907,0,0,0,0,1,1,1,1,1,1
48908,0,1,1,0,1,1,1,1,1,1
48909,0,1,1,0,1,1,1,1,0,1
48910,0,1,1,1,1,1,1,1,1,1
48911,0,1,0,0,1,1,1,1,1,1
48912,0,1,0,0,1,1,1,1,1,1
48913,0,1,0,0,1,1,1,1,1,1
48914,0,0,1,1,1,1,1,1,1,1
48915,0,1,1,1,1,1,1,1,1,1
48916,0,0,1,0,1,1,1,1,1,1
48917,0,0,0,1,1,1,1,1,1,1
48918,0,0,0,1,1,1,1,1,1,1
48919,0,0,0,0,1,1,1,1,1,1
48920,0,1,0,0,1,1,1,1,1,1
48921,0,1,1,0,1,1,1,1,1,0
48922,0,0,1,0,1,1,1,1,1,1
48923,0,1,0,1,1,1,1,1,1,1
48924,0,0,0,0,1,1,1,1,1,1
48925,0,1,0,0,0,1,1,1,1,0
48926,0,1,0,0,1,1,1,1,1,1
48927,0,0,0,0,1,1,1,1,1,1
48928,0,1,0,1,0,1,1,1,1,1
48929,0,1,0,0,1,1,1,1,1,1
48930,0,0,0,0,1,1,0,1,1,0
49001,0,1,1,0,1,1,1,1,1,1
49002,0,0,0,0,1,1,1,1,1,1
49003,0,1,0,1,1,1,1,1,1,1
49004,0,0,0,0,1,1,1,1,1,0
49005,0,0,1,0,1,1,1,1,1,0
49006,0,0,1,0,1,1,1,1,1,1
49007,0,0,1,0,1,1,1,1,1,1
49008,0,1,1,0,1,1,1,1,1,0
49009,0,1,0,0,1,1,1,1,1,1
49010,1,1,1,0,1,1,1,1,1,0
49011,0,1,0,1,1,1,1,1,1,1
49012,0,1,1,0,1,1,1,1,1,0
49013,0,0,0,1,1,1,1,1,1,1
49014,0,0,0,0,1,1,1,1,1,1
49015,0,1,0,0,1,1,1,1,1,0
49016,0,1,1,1,1,1,1,1,1,1
49017,0,0,1,1,1,1,1,1,1,1
49018,0,0,0,1,1,1,1,1,1,1
49019,0,1,1,0,1,1,1,1,1,1
49020,0,0,0,1,1,1,1,1,1,1
49021,0,1,1,0,1,1,1,1,1,0
49022,0,0,0,0,1,1,1,1,1,1
49023,0,1,1,0,1,1,1,1,1,0
49024,0,0,0,0,1,1,1,1,1,0
49025,0,1,1,0,1,1,1,1,1,1
49026,0,0,1,0,1,1,1,1,1,0
49027,0,1,0,0,1,1,1,1,1,1
49028,0,0,1,0,1,1,1,1,1,0
49029,0,0,0,1,1,1,1,1,1,1
49030,0,0,0,0,1,1,1,1,1,1
49101,0,0,1,0,1,1,1,1,1,0
49102,0,1,0,0,1,1,1,1,1,0
49103,0,1,0,0,1,1,1,1,1,0
49104,0,0,0,1,1,1,1,1,1,1
49105,0,1,1,0,1,1,1,1,1,1
49106,0,1,1,0,1,1,1,1,1,0
49107,0,0,0,0,1,1,1,1,1,1
49108,0,1,0,1,1,1,1,1,1,1
49109,0,1,1,0,1,1,1,1,1,1
49110,0,1,0,0,1,1,1,1,1,1
49111,0,1,1,1,1,1,1,1,1,1
49112,0,0,0,0,1,1,1,1,1,1
49113,0,0,0,0,1,1,1,1,1,1
49114,1,0,1,1,0,1,1,1,1,1
49115,0,1,0,1,0,1,1,1,1,1
49116,0,1,0,0,0,1,1,1,1,0
49117,0,0,1,0,1,1,1,1,1,0
49118,0,0,0,1,1,1,1,1,1,1
49119,0,0,0,0,1,0,1,1,1,1
49120,0,1,1,0,1,1,1,1,1,0
49121,0,0,0,1,1,1,1,1,1,1
49122,0,1,1,1,1,1,1,1,1,1
49123,0,0,1,1,1,1,1,1,1,1
49124,0,1,1,0,1,1,1,1,1,0
49125,0,1,0,0,1,0,1,1,1,1
49126,0,0,0,0,1,0,1,1,1,1
49127,0,0,0,0,1,1,1,1,1,0
49128,0,0,0,0,1,0,1,1,1,1
49129,0,0,0,1,1,1,1,1,1,1
49130,0,0,0,1,1,1,1,1,1,1
49201,0,1,1,0,1,1,0,1,1,0
49202,0,1,0,0,1,1,1,1,1,1
49203,0,1,0,0,1,1,1,1,1,1
49204,1,0,1,0,1,1,1,1,1,1
49205,0,1,0,0,1,1,1,1,1,1
49206,0,0,0,0,1,1,1,1,1,1
49207,0,0,0,0,1,1,1,1,1,1
49208,0,0,0,0,1,1,1,1,1,1
49209,0,0,0,0,1,1,1,1,1,1
49210,0,1,0,0,1,1,1,1,1,0
49211,0,1,0,0,1,1,1,1,1,1
49212,0,0,0,1,1,1,1,1,1,1
49213,0,0,0,0,1,1,1,1,1,1
49214,0,0,0,0,1,1,0,1,1,0
49215,0,0,0,0,1,1,1,1,1,0
49216,0,0,0,0,1,1,1,1,1,1
49217,0,0,0,0,1,1,1,1,1,0
49218,0,1,0,0,1,1,1,1,1,1
49219,0,0,1,0,1,1,1,1,1,1
49220,1,1,1,1,1,1,1,1,1,1
49221,0,0,0,0,1,1,1,1,1,0
49222,0,0,0,0,1,1,1,1,1,0
49223,0,0,1,1,1,1,1,1,1,1
49224,0,0,0,0,1,1,1,1,1,1
49225,0,0,1,0,1,1,1,1,1,1
49226,0,0,0,1,1,1,1,1,1,1
49227,1,1,0,1,1,1,1,1,1,1
49228,0,0,0,0,1,1,1,1,1,1
49229,0,1,1,0,1,1,1,1,1,1
49230,0,0,0,1,1,1,1,1,1,1
49301,0,0,1,1,1,1,1,1,1,1
49302,0,0,0,1,1,1,1,1,1,1
49303,0,1,0,0,1,1,1,1,1,1
49304,0,0,1,0,1,1,1,1,1,1
49305,0,0,0,1,1,1,1,1,1,1
49306,0,0,0,1,1,1,1,1,1,1
49307,0,0,1,1,1,1,1,1,1,0
49308,0,1,1,1,1,1,1,1,1,1
49309,0,0,0,0,1,1,1,1,1,0
49310,0,0,0,1,1,1,1,1,1,1
49311,1,0,0,0,1,1,1,1,1,0
49312,0,0,1,0,1,1,1,1,1,0
49313,0,0,0,0,1,1,1,1,1,0
49314,0,0,0,1,1,1,1,1,1,0
49315,0,0,0,0,1,1,1,1,1,0
49316,0,0,0,0,1,1,1,1,1,1
49317,0,0,0,0,1,1,1,1,1,0
49318,0,0,0,0,1,1,1,1,1,1
49319,0,0,1,1,1,1,1,1,1,0
49320,0,0,0,1,1,1,1,1,1,1
49321,0,0,0,0,1,1,1,1,1,1
49322,0,0,0,1,1,1,1,1,1,1
49323,0,0,1,0,1,1,1,1,1,0
49324,0,0,0,1,1,1,1,1,1,1
49325,0,0,0,1,1,1,1,1,1,1
49401,0,0,0,0,0,1,1,1,1,1
49402,0,1,0,0,1,1,1,1,1,1
49403,0,0,0,1,1,1,1,1,1,1
49404,0,1,0,1,0,1,1,1,1,1
49405,0,,0,0,1,1,1,1,1,1
49406,0,0,0,1,1,1,1,1,1,0
49407,,0,0,1,1,1,1,1,1,1
49408,0,1,1,1,1,1,1,1,1,1
49409,0,1,0,1,1,1,1,1,1,1
49410,0,0,0,1,1,1,1,1,1,1
49411,0,1,0,1,1,1,1,1,1,1
49412,0,0,0,1,1,1,1,1,1,1
49413,0,1,0,1,0,1,1,1,1,1
49414,0,1,0,0,1,1,1,1,1,1
49415,0,1,1,0,1,1,1,1,1,0
49416,0,0,0,0,1,1,1,1,1,0
49417,0,1,0,0,1,1,1,1,1,0
49418,0,1,0,0,1,1,1,1,1,1
49419,0,0,0,0,1,1,1,1,1,0
49420,0,0,0,0,1,1,1,1,1,0
49421,0,0,0,1,1,1,1,1,1,1
49422,0,0,0,1,1,1,1,1,1,1
49423,0,1,0,1,1,1,1,1,1,1
49424,0,0,0,1,1,1,1,1,1,0
49425,0,0,0,1,1,1,1,1,1,1
49426,0,0,1,1,1,1,1,1,1,1
49427,0,0,0,1,1,1,1,1,1,1
49428,0,0,0,1,1,1,1,1,1,1
49429,0,0,0,1,1,1,1,1,1,1
49430,0,0,0,1,1,1,1,1,1,1
49501,0,0,0,0,1,1,1,1,1,0
49502,0,1,1,0,1,1,1,1,1,0
49503,0,0,1,0,1,1,1,1,1,1
49504,0,1,1,0,1,1,1,1,1,1
49505,0,0,1,0,1,1,1,1,1,1
49506,0,0,1,1,1,1,1,1,1,1
49507,0,0,0,1,1,1,1,1,1,1
49508,0,1,0,1,0,1,1,1,1,0
49509,0,1,0,1,1,1,1,1,1,0
49510,0,1,0,0,1,1,1,1,1,0
49511,0,0,0,1,1,1,1,1,1,0
49512,0,0,0,1,1,1,1,1,1,1
49513,0,0,0,1,1,1,1,1,1,1
49514,0,1,1,1,1,1,1,1,1,1
49515,0,1,0,0,1,1,1,1,1,0
49516,0,0,0,1,1,1,1,1,1,1
49517,0,1,1,0,1,1,1,1,1,1
49518,0,1,0,1,1,1,1,1,1,1
49519,0,,0,1,1,1,1,1,1,1
49520,0,0,1,1,1,1,1,1,1,1
49521,0,0,0,0,1,1,1,1,1,0
49522,0,1,0,1,1,1,1,1,1,1
49523,0,1,0,1,0,1,1,1,1,1
49524,0,0,0,1,1,1,1,1,1,1
49525,0,0,0,1,1,1,1,1,1,1
49526,0,0,1,1,1,1,1,1,1,0
49527,0,0,0,0,1,1,1,1,1,1
49528,0,0,0,1,1,1,1,1,1,1
49529,0,0,1,1,1,1,1,1,1,1
49530,0,0,0,1,1,1,1,1,1,1
49601,0,1,1,0,1,1,1,1,1,0
49602,0,1,1,1,1,1,1,1,1,1
49603,0,0,0,0,1,1,1,1,1,1
49604,0,1,1,0,1,1,1,1,1,0
49605,0,1,0,1,1,1,1,1,1,1
49606,0,0,1,0,1,1,1,1,1,0
49607,0,1,1,0,1,1,1,1,1,1
49608,0,0,0,0,1,1,1,1,1,1
49609,0,0,0,1,1,1,1,1,1,1
49610,0,1,1,0,1,1,1,1,1,1
49611,0,0,0,0,1,1,1,1,1,1
49612,0,0,0,1,1,1,1,1,1,1
49613,0,0,0,1,1,1,1,1,1,1
49614,0,1,0,0,1,1,1,1,1,1
49615,0,0,0,0,1,1,1,1,1,0
49701,0,1,0,1,1,1,1,1,1,1
49702,0,0,1,0,1,1,1,1,1,1
49703,0,0,0,0,1,1,1,1,0,0
49704,0,0,1,1,1,1,1,1,1,0
49705,0,0,1,1,1,1,1,1,1,1
49706,0,0,0,0,1,1,1,1,1,1
49707,0,0,0,0,1,1,1,1,1,1
49708,0,0,0,1,1,1,1,1,1,1
49709,0,1,1,1,1,1,1,1,1,1
49710,0,0,0,1,1,1,1,1,1,1
49711,0,0,0,1,1,1,1,1,1,1
49712,0,0,0,0,1,1,1,1,1,1
49713,0,0,1,0,1,1,1,1,1,0
49714,0,1,0,0,1,1,1,1,1,1
49715,0,1,0,1,1,1,1,1,1,1
49716,0,0,0,1,1,1,1,1,1,1
49717,0,0,0,1,1,0,1,1,1,1
49718,0,0,1,0,1,1,1,1,1,1
49719,0,0,0,1,0,1,1,1,1,1
49801,0,1,0,0,1,1,1,0,1,0
49802,0,0,0,0,0,0,0,0,1,1
49803,1,0,1,0,1,1,1,1,1,0
49804,0,0,1,0,1,1,1,1,1,1
49805,0,0,0,0,1,0,1,1,1,0
49806,0,0,0,0,0,0,0,0,1,0
49807,0,0,0,1,1,1,1,1,1,1
49808,0,0,0,0,1,1,1,1,1,1
49809,0,0,0,0,0,0,1,1,1,0
49810,0,0,0,0,1,0,1,1,1,0
49811,0,0,0,0,0,0,0,1,1,0
49812,0,0,0,1,1,0,1,1,1,1
49813,1,1,0,0,0,1,1,1,1,0
49814,0,1,0,0,0,0,0,0,1,0
49815,0,1,0,0,1,0,1,1,1,0
49816,0,1,0,0,1,1,0,1,1,0
49817,0,0,0,0,0,0,1,1,1,0
49818,1,0,0,0,0,0,1,0,1,0
49819,1,1,0,0,0,0,0,1,1,0
49820,1,0,0,0,0,0,1,0,1,0
49821,0,0,0,0,1,0,1,1,1,0
49822,0,1,0,0,1,0,1,1,1,0
49823,0,1,0,0,1,0,1,1,1,0
49824,1,0,0,0,1,1,1,1,1,0
49825,0,0,0,0,1,1,1,1,1,0
49826,0,0,0,0,1,1,1,1,1,0
49827,1,0,0,0,0,0,1,0,1,0
49828,0,0,0,0,1,1,0,1,1,0
49829,0,0,0,0,1,1,1,1,1,0
49830,0,1,0,0,0,1,1,1,1,1
49901,0,0,0,0,1,1,1,1,1,0
49902,0,0,0,0,1,0,1,1,1,0
49903,1,1,0,0,1,1,0,1,1,0
49904,0,1,0,0,0,1,1,1,1,0
49905,0,1,1,0,1,0,1,1,1,1
49906,0,1,0,0,1,0,0,1,1,0
49907,0,0,0,0,1,0,1,1,1,1
49908,0,1,0,0,0,0,1,1,1,0
49909,0,0,0,0,0,0,1,0,1,0
49910,0,0,0,0,1,0,1,1,1,0
49911,0,1,1,0,1,1,1,1,1,0
49912,0,0,0,0,0,0,0,0,1,0
49913,0,0,0,1,1,0,1,1,1,1
49914,0,1,0,0,1,0,0,1,1,0
49915,0,0,0,1,1,0,1,1,1,1
49916,0,0,0,1,1,1,1,1,1,0
49917,0,0,0,0,1,1,1,1,1,0
49918,0,1,0,0,1,0,1,1,1,1
49919,0,1,0,0,1,0,1,1,1,0
49920,0,0,0,0,1,0,1,1,1,0
49921,0,1,0,0,1,0,1,1,1,0
49922,1,1,0,0,1,0,1,1,1,0
49923,0,0,0,0,0,0,1,0,1,0
49924,0,1,0,0,1,1,1,0,1,0
49925,0,0,0,1,1,0,1,1,1,1
49926,0,0,0,1,1,0,1,1,1,1
49927,0,0,0,0,1,0,1,1,1,1
49928,0,0,0,0,0,0,1,1,1,0
49929,0,1,0,0,0,0,1,1,1,0
49930,0,0,0,0,0,0,1,0,1,0
50001,0,1,0,1,1,1,1,1,1,1
50002,0,1,0,0,1,1,1,1,1,0
50003,0,0,0,0,1,1,1,1,1,1
50004,0,1,0,0,1,1,1,1,1,0
50005,0,0,0,1,1,1,1,1,1,1
50006,0,0,0,0,1,1,1,1,1,1
50007,0,0,0,0,1,1,1,1,1,1
50008,0,1,0,0,1,1,1,1,1,1
50009,0,0,0,0,1,1,1,1,1,1
50010,0,0,0,0,1,0,1,1,1,0
50011,0,0,0,0,1,1,1,1,1,0
50012,0,0,0,0,1,1,1,1,1,1
50013,0,0,0,0,1,1,1,1,1,1
50014,0,0,0,0,1,1,0,1,1,1
50015,1,0,1,0,1,1,1,1,1,0
50016,0,0,0,0,1,1,1,1,1,1
50017,0,1,0,0,1,0,1,1,1,1
50018,0,1,0,0,1,1,1,1,1,1
50019,0,1,1,0,1,1,0,1,1,0
50020,0,0,0,0,1,1,1,1,1,1
50021,0,1,0,0,1,1,1,1,1,0
50022,0,0,0,0,1,1,1,1,1,0
50023,1,1,0,0,1,1,0,1,1,1
50024,0,0,0,0,1,1,1,1,1,0
50025,0,0,0,0,1,1,1,1,1,1
50026,0,1,0,0,1,1,0,1,1,0
50027,0,0,0,0,1,1,1,1,1,1
50028,0,0,1,1,1,1,1,1,1,1
50029,0,0,0,0,1,0,0,1,1,0
50030,0,0,0,0,1,1,1,0,1,0
50101,0,1,1,0,1,0,1,1,1,1
50102,0,0,0,0,1,0,1,1,1,1
50103,0,0,0,0,1,0,0,0,1,1
50104,1,0,0,0,1,1,1,1,1,0
50105,0,1,0,0,1,0,1,1,1,1
50106,0,1,1,0,1,1,1,1,1,1
50107,0,0,0,0,1,0,1,1,1,1
50108,0,0,0,0,1,0,1,1,1,1
50109,0,0,1,0,1,1,1,1,1,0
50110,0,0,1,1,1,0,1,1,1,0
50111,0,0,0,0,1,0,0,1,1,0
50112,0,0,0,0,1,1,1,1,1,0
50113,0,1,1,0,1,0,1,1,1,0
50114,1,1,0,1,0,0,1,1,1,1
50115,0,1,0,0,1,0,1,1,1,1
50116,0,0,0,0,1,1,1,1,1,0
50117,1,0,0,0,1,0,1,1,1,1
50118,1,1,1,0,0,1,0,1,1,0
50119,1,0,0,0,0,1,0,0,1,0
50120,0,0,0,0,0,1,0,0,1,0
50121,0,0,1,0,0,1,0,0,1,0
50122,0,1,0,0,0,0,0,0,1,0
50123,0,0,0,0,1,0,1,1,1,0
50124,0,0,0,0,1,0,1,1,1,0
50125,0,0,0,0,1,0,1,1,1,1
50126,0,0,0,0,1,1,1,1,1,0
50127,1,1,0,0,1,1,1,1,1,0
50128,0,1,1,0,1,0,1,1,1,1
50129,0,1,0,0,0,1,0,1,1,0
50130,0,0,0,1,1,0,1,1,1,1
50201,0,0,1,1,1,1,1,1,1,1
50202,0,1,0,0,1,1,0,1,1,1
50203,0,1,1,1,1,1,1,1,1,1
50204,0,1,0,1,1,1,1,1,1,0
50205,0,0,0,0,1,1,1,1,1,0
50206,0,1,0,0,1,1,1,1,1,0
50207,0,1,0,1,1,1,1,1,1,1
50208,0,0,0,0,1,1,1,1,1,0
50209,1,1,0,0,1,1,1,1,1,1
50210,0,0,0,1,1,1,1,1,1,1
50211,0,0,0,0,1,0,1,1,1,0
50212,0,1,0,0,1,1,1,1,1,1
50213,1,1,1,0,1,1,1,1,1,1
50214,1,1,1,1,1,1,1,1,1,1
50215,0,1,0,0,1,1,1,1,1,0
50216,0,0,0,0,1,1,1,1,1,0
50217,0,1,0,0,1,1,1,1,1,0
50218,1,0,0,0,1,0,1,1,1,1
50219,0,1,0,1,1,1,1,1,1,0
50220,0,1,0,0,1,1,1,1,1,1
50221,0,1,1,0,1,1,1,1,1,1
50222,0,1,1,0,1,1,1,1,1,1
50223,0,0,0,0,1,1,0,1,1,1
50224,1,0,0,0,1,1,1,1,1,1
50225,0,1,1,1,1,1,1,1,1,1
50226,0,0,0,1,1,1,1,1,1,1
50227,0,1,1,0,1,1,1,1,1,1
50228,1,1,1,1,1,1,1,1,1,1
50229,1,1,0,1,1,1,1,1,1,1
50230,0,0,1,1,1,1,1,1,1,1
50301,0,0,0,0,1,1,1,1,1,1
50302,0,0,0,1,1,1,1,1,1,1
50303,0,0,0,1,1,1,1,1,1,1
50304,0,1,0,0,1,1,1,1,1,1
50305,0,1,0,0,1,1,1,1,1,1
50306,0,1,0,0,1,0,1,1,1,1
50307,0,1,0,0,1,1,1,1,1,1
50308,0,1,1,0,1,1,1,1,1,1
50309,0,1,0,1,1,1,0,1,1,1
50310,0,1,1,1,1,1,0,1,1,1
50311,0,0,0,1,1,1,1,1,1,1
50312,0,0,1,0,1,1,1,1,1,1
50313,0,0,0,0,1,1,0,1,1,0
50314,0,1,0,0,1,1,1,1,1,0
50315,1,0,0,0,1,1,1,1,1,1
50316,1,1,1,0,1,0,1,1,1,1
50317,0,1,0,0,1,1,1,1,1,1
50318,1,0,0,0,1,1,1,1,1,0
50319,0,1,0,0,1,1,1,1,1,1
50320,0,0,0,0,1,1,1,1,1,1
50321,0,0,1,0,1,1,0,1,1,1
50322,0,1,0,1,1,1,1,1,1,1
50323,0,1,0,1,1,1,1,1,1,1
50324,0,1,0,0,1,1,1,1,1,1
50325,1,1,0,0,1,1,1,1,1,1
50326,1,1,0,1,1,1,1,1,1,1
50327,1,1,0,0,1,1,1,1,1,0
50328,0,1,0,0,1,1,1,1,1,0
50329,0,1,1,1,1,1,1,1,1,1
50330,0,1,0,1,1,1,0,1,1,1
50401,0,1,1,0,1,1,1,1,1,0
50402,0,1,0,0,1,1,1,1,1,1
50403,0,0,0,1,1,1,1,1,1,1
50404,1,1,0,0,1,1,1,1,1,1
50405,0,0,0,1,1,1,0,1,1,0
50406,0,0,0,0,1,1,1,1,1,0
50407,0,0,0,0,1,1,0,1,1,1
50408,0,1,0,0,1,1,1,1,1,1
50409,0,1,1,0,1,1,1,1,1,1
50410,0,0,1,1,1,1,1,1,1,1
50411,0,1,0,0,1,1,1,1,1,1
50412,1,1,0,0,1,1,1,1,1,1
50413,0,0,0,1,1,1,1,1,1,1
50414,0,1,0,1,1,1,1,1,1,1
50415,1,1,1,1,1,1,1,1,1,0
50416,1,0,1,0,1,1,1,1,1,0
50417,0,0,0,0,1,1,1,1,1,1
50418,0,0,0,1,1,1,0,1,1,1
50419,0,1,0,0,1,1,1,1,1,1
50420,0,1,0,0,1,1,1,1,1,1
50421,0,0,1,1,1,1,1,1,1,1
50422,0,0,0,0,1,1,1,1,1,1
50423,0,1,0,1,1,1,1,1,1,1
50424,1,0,0,1,1,1,1,1,1,1
50425,0,0,0,1,1,1,1,1,1,1
50426,0,1,0,0,1,1,0,1,1,0
50427,0,1,0,0,1,1,0,1,1,1
50428,0,1,0,0,1,1,1,1,1,1
50429,0,0,0,0,1,1,1,1,1,1
50430,0,1,0,1,1,1,1,1,1,0
50501,1,0,0,0,1,1,1,1,1,0
50502,0,0,0,0,1,1,1,1,1,0
50503,0,0,0,0,1,1,1,1,1,1
50504,0,1,0,0,1,1,1,1,1,0
50505,0,0,0,0,1,1,1,1,1,1
50506,0,0,0,0,1,1,1,1,1,0
50507,1,1,0,0,1,1,1,1,1,0
50508,0,0,1,0,1,1,1,1,1,1
50509,0,0,0,0,1,1,1,1,1,1
50510,1,0,0,0,1,1,1,1,1,0
50511,0,0,0,0,1,1,1,1,1,0
50512,0,0,0,1,1,1,1,1,1,1
50513,0,0,0,1,1,1,1,1,1,1
50514,0,0,0,0,1,1,1,1,1,1
50515,0,0,0,0,1,1,1,1,1,1
50516,0,0,0,0,1,1,1,1,1,0
50517,0,0,0,1,1,1,1,1,1,1
50601,0,1,0,0,1,0,1,1,1,1
50602,0,1,0,0,1,1,0,1,1,1
50603,0,1,0,0,1,1,0,1,1,0
50604,0,0,0,0,1,1,1,1,1,0
50605,0,0,0,0,1,1,0,1,1,1
50606,0,0,0,0,1,1,1,1,1,1
50607,0,0,0,0,1,1,0,1,1,0
50608,0,1,1,0,1,1,0,1,1,0
50609,0,0,0,0,1,1,1,1,1,1
50610,0,1,0,0,1,1,1,1,1,1
50611,0,0,0,0,1,1,0,1,1,0
50612,0,1,1,0,1,1,0,1,1,1
50613,0,0,0,0,1,1,0,1,1,1
50614,0,1,0,0,1,1,1,1,1,1
50615,1,1,0,0,0,0,0,1,1,0
50616,0,0,0,0,1,1,1,1,1,1
50617,0,0,0,0,1,1,0,1,1,1
50618,0,0,0,0,1,1,1,1,1,0
50619,0,1,0,0,1,1,1,1,1,1
50620,0,1,0,0,1,1,1,1,1,0
50621,0,1,0,1,1,1,1,1,1,1
50622,0,1,0,0,1,1,0,0,1,0
50623,0,0,0,0,1,0,0,1,1,1
50624,0,0,0,0,1,1,1,1,1,1
50625,0,0,0,0,1,1,1,1,1,0
50626,0,1,1,0,1,1,1,1,1,1
50627,0,0,0,1,1,0,0,1,1,1
50628,0,1,0,0,1,1,1,1,1,1
50629,0,0,0,1,1,1,0,1,1,1
50630,1,0,0,0,1,1,1,0,1,0
50701,0,0,0,0,1,1,1,1,1,0
50702,0,1,1,0,1,1,0,1,1,1
50703,0,0,0,0,1,1,0,1,1,0
50704,0,1,0,0,1,1,1,1,1,1
50705,0,1,0,0,1,1,1,1,1,1
50706,0,0,0,0,1,1,1,1,1,0
50707,0,0,0,0,1,1,1,1,1,0
50708,0,0,0,0,1,1,1,1,1,1
50709,0,0,0,0,1,1,0,1,1,1
50710,0,1,0,0,1,1,1,1,1,1
50711,0,0,0,0,1,1,1,1,1,1
50712,0,0,0,0,1,1,1,1,1,1
50713,0,0,1,0,1,1,0,1,1,1
50714,1,0,0,0,1,1,1,1,1,0
50715,0,0,0,0,1,1,0,1,1,0
50716,0,0,0,1,1,1,1,1,1,1
50717,0,0,0,0,1,1,0,1,1,0
50718,0,1,1,0,1,1,1,1,1,1
50719,0,0,0,0,1,1,0,1,1,0
50720,0,1,0,0,1,1,0,1,1,0
50721,0,1,0,0,1,1,1,1,1,0
50722,0,0,1,0,1,1,0,1,1,1
50723,0,0,0,0,1,1,1,1,1,0
50724,0,0,0,0,1,1,0,1,1,1
50725,0,1,0,0,1,1,1,1,1,0
50726,0,0,0,0,1,1,0,1,1,0
50727,1,1,0,0,1,1,0,1,1,1
50728,0,0,0,0,1,1,0,1,1,1
50729,0,0,0,0,1,1,1,1,1,1
50730,0,0,0,0,1,1,1,1,1,0
50801,0,1,1,0,1,1,1,1,1,1
50802,0,0,0,1,1,0,1,1,1,0
50803,0,0,0,0,1,1,1,1,1,1
50804,0,1,0,1,1,1,1,1,1,0
50805,0,0,1,0,1,1,1,1,1,0
50806,0,0,0,0,1,0,1,1,1,1
50807,0,1,0,0,1,1,1,1,1,0
50808,0,0,0,0,1,1,1,1,1,1
50809,0,,0,1,1,0,1,1,0,1
50810,0,0,0,1,1,0,1,1,1,1
50811,0,1,0,0,1,1,1,1,1,1
50812,0,0,1,1,1,1,1,1,1,1
50813,0,1,0,0,1,0,1,1,1,1
50814,0,0,0,0,1,1,1,1,1,1
50815,0,0,0,0,1,0,1,1,1,1
50816,0,1,0,0,1,0,1,1,1,1
50817,0,1,0,0,1,1,1,1,1,1
50818,0,1,0,0,1,0,1,1,1,1
50819,0,0,0,1,1,0,1,1,1,1
50820,0,0,0,0,1,1,1,1,1,1
50821,0,0,0,0,1,1,1,1,1,1
50822,0,0,0,1,1,1,1,1,1,1
50823,0,1,0,1,1,0,1,1,1,1
50824,0,1,0,0,1,1,1,1,1,1
50825,0,1,0,0,1,1,1,1,1,0
50826,0,0,0,0,1,1,1,1,1,1
50827,0,0,0,0,1,1,1,1,1,1
50828,0,0,0,1,1,1,1,1,1,0
50829,1,0,0,0,1,1,1,1,1,1
50830,0,0,0,0,1,1,1,1,1,0
50901,0,0,0,0,1,1,1,1,1,1
50902,0,0,1,0,1,1,1,1,1,1
50903,1,0,0,0,1,1,1,1,1,1
50904,0,0,0,0,1,1,1,1,1,1
50905,0,0,0,0,1,1,1,1,1,0
50906,0,0,1,0,1,1,1,1,1,1
50907,0,0,0,0,1,1,1,1,1,1
50908,0,0,0,0,1,1,1,1,1,0
50909,0,1,0,0,1,1,1,1,1,0
50910,0,0,0,0,1,1,1,1,1,1
50911,0,0,0,0,1,1,1,1,1,1
50912,0,1,1,0,1,1,1,1,1,0
50913,0,0,0,1,1,1,1,1,0,1
50914,0,0,1,0,1,1,1,1,1,1
50915,0,0,0,0,1,1,1,1,1,1
50916,0,0,1,1,1,1,1,1,1,1
50917,0,1,0,0,1,1,1,1,1,1
50918,0,0,0,0,1,1,1,1,1,1
50919,0,0,0,0,1,1,1,1,1,0
50920,0,0,0,1,1,1,1,1,1,1
50921,0,0,0,1,1,1,1,1,1,0
50922,0,1,1,0,1,1,1,1,1,1
50923,0,1,0,0,1,1,1,1,1,1
50924,0,0,0,1,1,1,1,1,1,1
50925,1,0,0,0,1,1,1,1,1,1
50926,0,0,0,1,1,1,1,1,1,1
50927,0,1,0,0,1,1,1,1,1,1
50928,0,0,0,1,1,1,1,1,1,1
50929,0,0,0,1,1,1,1,1,1,1
50930,0,1,0,0,1,1,1,1,1,1
51001,0,1,0,0,1,0,1,1,1,1
51002,1,1,0,0,1,0,1,1,1,1
51003,0,1,1,0,1,1,1,1,1,0
51004,0,1,1,0,1,0,1,1,1,1
51005,0,0,0,0,1,1,1,1,0,0
51006,0,1,0,0,1,0,1,1,1,0
51007,0,0,1,0,1,1,1,1,1,0
51008,0,0,0,0,1,0,1,1,1,0
51009,0,0,0,0,1,0,1,1,1,0
51010,0,0,1,0,1,1,1,1,1,1
51011,0,1,0,0,1,1,1,1,1,0
51012,0,0,1,1,1,0,1,1,1,0
51013,0,1,0,0,1,1,1,1,1,0
51014,0,0,0,0,1,1,1,1,1,1
51015,0,1,1,0,1,0,1,1,1,1
51016,0,1,0,0,1,1,1,1,1,1
51017,0,0,0,0,1,0,1,1,1,0
51018,0,1,1,1,1,1,1,1,1,1
51019,0,0,1,1,1,1,1,1,1,0
51020,0,0,0,0,1,0,1,1,1,0
51021,0,1,0,0,1,0,1,1,1,1
51022,0,0,0,1,1,1,1,1,1,1
51023,0,1,0,0,1,1,1,1,1,0
51024,0,0,0,0,1,1,1,1,1,0
51025,0,1,0,0,1,0,1,1,1,1
51026,0,1,0,0,1,0,1,1,1,0
51027,0,1,0,0,1,0,1,1,1,0
51028,0,0,0,0,1,0,1,1,1,1
51029,0,1,0,0,1,1,1,1,1,0
51030,0,1,0,0,1,1,1,1,1,0
51101,0,1,0,0,1,1,1,1,1,0
51102,0,1,1,1,1,1,1,1,1,1
51103,0,0,0,0,1,1,1,1,1,1
51104,0,1,0,1,1,1,1,1,1,1
51105,0,0,1,0,1,1,1,1,1,0
51106,0,1,0,1,1,1,1,1,1,1
51107,0,1,1,0,1,1,1,1,1,1
51108,0,1,0,0,1,1,1,1,1,1
51109,0,0,1,1,1,1,1,1,1,1
51110,0,0,1,0,1,1,1,1,1,1
51111,0,1,1,0,1,1,1,1,1,1
51112,0,1,0,0,1,1,1,1,1,1
51113,0,1,1,0,1,1,1,1,1,0
51114,0,1,0,1,1,1,1,1,1,1
51115,0,1,1,0,1,1,1,1,1,0
51116,0,1,0,0,1,1,1,1,1,0
51117,0,0,0,0,1,1,1,1,1,0
51118,0,0,0,0,1,1,1,1,1,1
51119,0,0,0,0,1,1,1,1,1,1
51120,0,1,1,0,1,1,1,1,1,0
51121,0,0,0,1,1,1,1,1,1,1
51122,0,0,0,0,1,1,1,1,1,0
51123,0,0,0,0,1,1,1,1,1,1
51124,0,1,1,0,1,1,1,1,1,0
51125,0,0,0,1,1,1,1,1,1,1
51126,0,1,0,1,1,1,1,1,1,1
51127,0,0,1,0,1,1,1,1,1,1
51128,0,0,1,0,1,1,1,1,1,1
51129,0,0,0,0,1,1,1,1,1,1
51130,0,0,1,1,1,1,1,1,1,1
51201,0,1,0,0,1,0,1,1,1,1
51202,0,0,0,0,1,0,1,1,1,1
51203,0,0,1,0,1,0,1,1,1,1
51204,0,0,0,0,1,0,1,1,1,1
51205,0,1,0,0,1,0,1,1,1,1
51206,0,1,0,0,1,0,1,1,1,0
51207,0,1,1,0,1,0,1,1,1,1
51208,0,1,0,0,1,0,1,1,1,0
51209,0,1,0,0,1,0,1,1,1,0
51210,0,0,0,0,1,1,1,1,1,1
51211,0,1,0,0,1,0,1,1,1,0
51212,0,1,0,0,1,1,1,1,1,1
51213,1,1,0,0,1,0,1,1,1,0
51214,0,1,0,0,1,0,1,1,1,1
51215,0,1,0,0,1,1,1,1,1,1
51216,0,1,0,0,1,0,1,1,1,1
51217,0,0,0,0,1,1,1,1,1,1
51218,1,0,0,0,1,0,1,1,1,0
51219,0,1,0,0,1,1,1,1,1,0
51220,0,1,0,0,1,0,1,1,1,0
51221,0,1,0,0,1,1,1,1,1,1
51222,0,0,0,0,1,1,1,1,1,0
51223,0,1,0,0,1,1,1,1,1,0
51224,0,1,0,0,1,0,1,1,1,0
51225,0,0,0,0,1,1,1,1,1,0
51226,0,0,1,1,1,1,1,1,1,1
51227,0,0,0,0,1,0,1,1,1,0
51228,0,1,0,0,1,1,1,1,1,1
51229,0,1,0,0,1,1,1,1,1,1
51230,0,1,1,0,1,1,1,1,1,1
51301,0,1,1,0,1,1,1,1,1,1
51302,0,1,0,0,1,1,0,1,1,1
51303,0,0,1,1,1,1,1,1,1,1
51304,0,1,0,0,1,1,1,1,1,0
51305,0,1,0,0,1,1,1,1,1,1
51306,0,0,0,0,1,1,1,1,1,0
51307,0,1,0,0,1,1,1,1,1,1
51308,0,1,0,0,1,1,1,1,1,1
51309,0,1,0,0,1,1,1,1,1,0
51310,0,1,0,0,1,1,1,1,1,0
51311,0,0,0,0,1,1,1,1,1,0
51312,0,1,1,0,1,1,1,1,1,1
51313,1,1,0,0,1,1,1,1,1,0
51314,0,0,0,0,1,1,1,1,1,0
51315,0,1,0,0,1,1,1,1,1,0
51316,0,0,0,0,1,1,1,1,1,0
51317,0,1,0,0,1,1,1,1,1,1
51318,0,0,0,0,1,1,1,1,1,0
51319,1,0,1,0,1,1,1,1,1,0
51320,0,1,0,0,1,1,1,1,1,1
51321,0,0,1,0,1,1,1,1,1,0
51322,0,0,0,0,1,1,1,1,1,0
51323,0,0,0,0,1,1,1,1,1,1
51324,0,1,0,0,1,0,1,1,1,1
51325,0,1,0,0,1,1,1,1,1,0
51326,0,1,0,0,1,1,1,1,1,1
51327,0,0,0,0,1,0,1,1,1,0
51328,0,1,0,0,1,1,1,1,1,1
51329,0,1,0,0,1,1,1,1,1,0
51330,0,0,0,0,1,1,1,1,1,0
51401,0,0,0,1,1,1,1,1,1,1
51402,0,1,0,0,1,1,1,1,1,1
51403,0,0,0,0,1,1,0,1,1,1
51404,0,1,1,1,1,1,1,1,1,1
51405,1,1,0,1,1,1,0,1,1,1
51406,0,1,0,0,1,1,1,1,1,1
51407,0,0,0,0,1,1,1,1,1,0
51408,0,1,0,0,1,1,1,1,1,1
51409,0,0,1,1,1,1,1,1,1,1
51410,0,1,0,0,1,1,1,1,1,1
51411,0,1,0,0,1,1,1,1,1,1
51412,0,0,0,1,1,1,1,1,1,1
51413,0,0,0,1,1,1,1,1,1,0
51414,0,1,1,1,1,1,1,1,1,1
51415,0,0,0,0,1,1,1,1,1,1
51416,0,1,1,0,1,1,1,1,1,1
51417,0,1,0,0,1,1,1,1,1,1
51418,0,0,0,1,1,1,1,1,1,1
51419,1,0,0,1,1,1,1,1,1,1
51420,1,0,1,0,1,1,1,1,1,1
51421,0,1,0,1,1,1,1,1,1,1
51422,0,0,0,0,1,1,1,1,1,1
51423,1,1,0,0,1,1,1,1,1,1
51424,0,1,0,1,1,1,1,1,1,1
51425,0,1,0,1,1,1,0,1,1,1
51426,0,1,0,1,1,1,0,1,1,1
51427,1,1,0,1,1,1,1,1,1,1
51428,1,1,1,0,1,1,1,1,1,1
51429,0,0,0,0,1,1,1,1,1,1
51430,0,0,0,0,1,1,1,1,1,1
51501,0,1,0,1,1,1,0,1,1,1
51502,0,1,0,0,1,1,1,1,1,1
51503,0,0,0,1,1,1,1,1,1,1
51504,0,0,0,0,1,1,0,1,1,0
51505,0,0,0,0,1,1,1,1,1,1
51506,0,1,1,1,1,1,1,1,1,1
51507,0,1,0,0,1,1,1,1,1,1
51508,0,0,0,0,1,1,1,1,1,1
51509,0,0,0,0,1,1,1,1,1,0
51510,0,0,0,0,1,1,1,1,1,0
51511,0,0,0,0,1,1,1,1,1,1
51512,0,0,0,1,1,1,1,1,1,1
51513,1,0,0,1,1,1,1,1,1,1
51514,0,0,0,0,1,1,0,1,1,1
51515,1,1,0,1,1,1,1,1,1,1
51516,0,1,1,0,1,1,1,1,1,1
51517,1,1,0,0,1,1,1,1,1,1
51518,0,1,0,0,1,1,1,1,1,1
51519,0,0,0,0,1,1,1,1,1,1
51520,0,1,0,0,1,1,1,1,1,0
51521,0,0,0,0,1,1,1,1,1,1
51522,0,0,0,1,1,1,1,1,1,1
51523,0,1,1,1,1,1,1,1,1,1
51524,0,0,0,1,1,1,1,1,1,1
51525,0,1,0,0,1,1,1,1,1,1
51526,0,0,1,1,1,1,1,1,1,1
51527,0,1,1,0,1,1,1,1,1,1
51528,0,1,0,0,1,1,1,1,1,1
51529,0,1,0,0,1,1,1,1,1,1
51530,1,0,0,1,1,1,1,1,1,1
51601,0,0,0,1,1,1,1,1,1,0
51602,0,0,0,0,1,1,1,1,1,1
51603,0,1,1,0,1,1,1,1,1,1
51604,0,1,0,0,1,1,1,1,1,1
51605,0,1,0,0,1,1,1,1,1,0
51606,0,1,0,0,1,1,0,1,1,1
51607,0,0,0,0,1,1,1,1,1,1
51608,1,1,1,0,1,1,0,1,1,1
51609,1,1,0,0,1,1,1,1,1,1
51610,0,0,1,1,1,1,1,1,1,1
51611,0,0,0,1,1,1,1,1,1,1
51612,1,1,0,0,1,1,1,1,1,1
51613,0,0,0,1,1,1,1,1,1,1
51614,0,1,0,0,1,1,1,1,1,1
51615,0,1,0,1,1,1,1,1,1,1
51616,0,1,1,1,1,1,1,1,1,1
51617,0,0,0,1,1,1,1,1,1,1
51618,0,1,0,1,1,1,1,1,1,1
51619,0,0,0,0,1,1,1,1,1,1
51620,1,0,0,1,1,1,1,1,1,1
51621,0,0,0,0,1,1,1,1,1,1
51622,0,0,0,1,1,1,1,1,1,1
51623,0,0,0,0,1,1,1,1,1,1
51624,0,0,0,0,1,1,1,1,1,1
51625,0,0,1,0,1,1,1,1,1,1
51626,0,0,1,1,1,1,1,1,1,1
51627,0,0,0,1,1,1,1,1,1,1
51628,0,0,0,0,1,1,1,1,1,1
51629,1,0,0,0,1,1,1,1,1,1
51630,0,0,0,0,1,1,0,1,1,1
51701,0,1,1,0,1,1,1,1,1,0
51702,0,0,0,0,1,1,1,1,1,1
51703,0,0,0,0,1,1,1,1,1,1
51704,0,1,0,0,1,1,1,1,1,0
51705,0,0,0,1,1,1,1,1,1,1
51706,0,0,0,0,1,1,1,1,1,1
51707,0,1,0,1,1,1,1,1,1,0
51708,0,1,0,0,1,1,1,1,1,1
51709,0,1,1,1,1,1,1,1,1,1
51710,0,1,0,0,1,1,1,1,1,1
51711,0,1,1,1,1,1,1,1,1,0
51712,0,1,0,0,1,1,1,1,1,1
51713,0,1,1,1,1,1,1,1,1,1
51714,0,0,0,1,1,1,1,1,1,1
51715,0,0,0,0,1,1,1,1,1,0
51716,0,1,1,0,1,1,1,1,1,1
51717,0,1,1,1,1,1,1,1,1,1
51718,0,0,0,0,1,1,1,1,1,1
51719,0,1,0,0,0,1,1,1,1,0
51720,0,,0,0,1,1,1,1,1,0
51721,0,0,0,0,1,1,1,1,1,1
51722,0,0,0,1,1,1,1,1,1,0
51723,0,1,1,1,1,1,1,1,1,1
51724,0,1,0,0,1,1,1,1,1,0
51725,1,1,0,0,1,1,1,1,1,1
51726,0,1,0,0,1,1,1,1,1,0
51727,0,0,0,0,1,1,1,1,1,0
51728,0,1,1,0,1,1,1,1,1,1
51729,0,0,0,1,1,1,1,1,1,1
51730,0,0,0,0,1,1,1,1,1,0
51801,0,0,0,1,1,1,1,1,1,1
51802,0,1,0,1,1,1,1,1,1,0
51803,0,0,0,0,1,1,0,1,1,0
51804,1,1,1,0,1,1,0,1,1,0
51805,0,0,0,1,1,0,1,1,1,1
51806,1,1,1,0,1,1,0,1,1,1
51807,1,1,0,0,1,1,1,1,1,1
51808,0,0,0,0,1,0,1,1,1,0
51809,0,1,1,1,1,1,1,1,1,1
51810,0,1,0,0,1,0,1,1,1,0
51811,0,0,0,0,1,1,1,1,1,1
51812,0,1,1,0,1,0,1,1,1,1
51813,0,1,1,1,1,1,1,1,1,1
51814,0,1,1,0,1,0,1,1,1,1
51815,0,0,1,0,1,0,1,1,1,0
51816,0,1,0,1,1,1,1,1,1,1
51817,0,1,1,0,1,0,1,1,1,0
51818,0,1,1,0,1,0,1,1,1,1
51819,0,1,0,0,1,0,0,1,1,0
51820,0,0,1,0,1,1,1,1,1,1
51821,0,1,0,1,1,1,1,1,1,1
51822,0,0,0,0,1,0,1,1,1,1
51823,1,0,1,0,1,0,1,1,1,1
51824,1,1,1,0,1,0,1,1,1,1
51825,0,1,0,0,1,1,1,1,1,1
51826,0,0,1,0,1,0,0,1,1,0
51827,1,0,0,0,1,0,0,1,1,0
51828,0,0,1,0,1,1,1,1,1,0
51829,0,1,0,0,1,0,1,1,1,0
51830,0,1,0,0,1,0,0,1,1,1
51901,0,1,0,0,1,1,0,1,1,0
51902,0,1,0,0,1,1,0,1,1,0
51903,0,0,0,1,1,1,0,1,1,1
51904,0,1,0,0,1,1,0,1,1,0
51905,0,0,0,1,1,0,1,1,1,0
51906,1,1,0,1,1,1,1,1,1,1
51907,0,0,0,0,1,1,1,1,1,0
51908,0,1,0,0,1,1,1,1,1,0
51909,1,0,0,1,1,1,0,1,1,1
51910,0,0,0,0,1,1,1,1,1,1
51911,0,1,0,0,1,1,1,1,1,1
51912,1,1,0,0,1,1,1,1,1,1
51913,0,1,0,0,1,0,0,1,1,1
51914,1,1,0,0,1,1,1,1,1,0
51915,0,1,0,0,1,1,1,1,1,0
51916,0,1,0,0,1,1,1,1,1,0
51917,0,0,0,0,0,1,0,1,1,0
51918,0,0,0,0,1,1,1,1,1,0
51919,0,1,0,0,1,1,0,1,1,0
51920,0,1,0,0,1,1,0,1,1,1
51921,0,1,1,0,1,1,1,1,1,1
51922,0,0,0,0,1,1,1,1,1,1
51923,1,0,1,0,1,1,1,1,1,1
51924,0,0,1,0,1,1,1,1,1,0
51925,0,1,0,0,1,1,1,1,1,1
51926,0,1,0,0,1,1,0,1,1,1
51927,0,1,0,0,1,1,0,1,1,0
51928,1,1,0,0,1,1,1,1,1,1
51929,0,0,0,1,1,0,1,1,1,1
51930,1,0,0,0,1,1,1,1,1,0
52001,0,0,1,0,1,1,1,1,1,0
52002,0,0,0,1,1,1,0,1,1,0
52003,0,1,1,0,1,1,1,1,1,1
52004,0,1,0,0,1,1,1,1,1,1
52005,1,1,1,0,1,1,1,1,1,0
52006,0,1,1,1,1,1,1,1,1,1
52007,0,1,0,0,1,0,1,1,1,0
52008,0,1,0,0,1,1,1,1,1,1
52009,0,1,0,0,1,1,1,1,1,1
52010,0,1,0,0,1,1,1,1,1,0
52011,0,1,0,0,1,1,1,1,1,1
52012,0,1,0,0,1,1,1,1,1,1
52013,0,0,1,0,1,1,1,1,1,1
52014,0,1,1,1,1,1,1,1,1,1
52015,0,0,0,0,1,1,0,1,1,0
52016,0,1,0,0,1,1,1,1,1,0
52017,0,1,0,0,1,1,1,1,1,1
52018,0,1,1,1,1,1,1,1,1,1
52019,0,0,0,0,1,1,0,1,1,0
52020,0,1,0,0,1,1,1,1,1,1
52021,1,0,1,0,1,1,1,1,1,1
52022,0,1,0,0,1,1,1,1,1,1
52023,0,0,1,0,1,1,1,1,1,0
52024,0,0,0,1,1,1,1,1,1,1
52025,0,0,0,1,1,1,1,1,1,1
52026,0,1,0,0,1,1,1,1,1,1
52027,1,1,0,0,1,1,1,1,1,1
52028,0,0,0,0,1,1,1,1,1,1
52029,0,0,0,0,1,1,1,1,1,1
52030,0,1,1,0,1,1,1,1,1,0
52101,0,1,0,0,1,1,1,1,1,1
52102,0,1,0,0,1,1,1,1,1,0
52103,0,0,0,1,1,1,1,1,1,1
52104,0,1,1,0,1,1,1,1,1,0
52105,0,0,0,0,1,1,1,1,1,1
52106,0,0,0,0,1,1,0,1,1,1
52107,0,1,0,0,1,1,1,1,1,1
52108,0,1,1,0,1,1,1,1,1,1
52109,0,0,1,0,1,0,1,1,1,1
52110,0,0,0,1,1,1,1,1,1,1
52111,0,1,1,0,1,1,1,1,1,1
52112,0,1,1,0,1,1,1,1,1,0
52113,0,1,0,0,1,0,1,0,1,0
52114,0,0,0,0,1,1,1,1,1,1
52115,0,1,0,0,1,1,1,1,1,1
52116,0,1,1,0,1,0,1,1,1,0
52117,0,0,1,1,1,1,1,1,1,0
52118,0,0,0,0,1,1,1,1,1,1
52119,0,1,1,0,1,1,1,1,1,1
52120,0,0,0,1,1,1,1,1,1,1
52121,0,0,1,1,1,1,1,1,1,1
52122,0,0,1,0,1,1,1,1,1,1
52123,1,0,0,1,1,1,1,1,1,1
52124,0,0,0,1,1,1,1,1,1,1
52125,0,0,0,1,1,1,1,1,1,1
52126,0,0,0,1,1,1,1,1,1,1
52127,0,0,1,0,1,1,1,1,1,1
52128,0,0,1,0,1,1,1,1,1,1
52129,1,0,0,0,1,1,1,1,1,1
52130,0,0,1,1,1,1,1,1,1,1
52201,0,0,0,0,1,1,1,1,1,1
52202,0,1,1,0,1,1,1,1,1,0
52203,0,1,1,0,1,1,1,1,1,1
52204,0,1,0,0,1,1,1,1,1,1
52205,0,1,0,0,1,1,1,1,1,1
52206,0,0,0,0,1,1,1,1,1,0
52207,1,1,0,0,1,1,1,0,1,0
52208,0,1,0,0,1,1,1,1,1,1
52209,1,1,0,0,1,1,1,1,1,1
52210,0,0,0,0,1,1,1,1,1,1
52211,0,1,0,0,1,1,1,1,1,1
52212,0,1,0,0,1,1,1,1,1,1
52213,0,1,0,0,1,1,1,1,1,1
52214,0,0,0,0,1,1,1,1,1,1
52215,0,0,0,0,1,1,1,1,1,1
52216,1,1,1,1,1,1,1,1,1,1
52217,0,1,0,0,1,1,1,1,1,1
52218,0,1,1,0,1,1,1,1,1,1
52219,0,1,0,0,0,1,1,1,1,1
52220,0,0,0,0,1,1,1,1,1,0
52221,0,1,1,1,1,1,1,1,1,1
52222,0,0,1,1,1,1,1,1,1,1
52223,0,0,1,1,1,1,1,1,1,1
52224,0,0,1,1,1,1,1,1,1,1
52225,0,1,1,0,1,1,1,1,1,1
52226,1,0,0,0,1,1,1,1,1,1
52227,0,1,0,0,1,1,1,1,1,1
52228,0,0,0,0,1,1,1,1,1,1
52229,0,0,0,0,1,1,1,1,1,1
52230,0,0,0,0,1,1,1,1,1,0
52301,1,0,1,1,1,1,1,1,1,1
52302,1,1,0,0,1,1,1,1,1,1
52303,1,0,1,0,1,1,0,1,1,1
52304,0,1,1,0,1,1,1,1,1,0
52305,1,1,1,0,1,1,0,1,1,0
52306,0,0,0,0,1,1,1,1,1,1
52307,0,1,0,0,1,1,1,1,1,1
52308,0,0,0,0,1,1,1,1,1,0
52309,0,1,1,0,1,1,1,1,1,1
52310,0,0,0,1,1,1,0,1,1,1
52311,0,1,0,0,1,1,1,1,1,1
52312,1,1,0,0,1,1,1,1,1,1
52313,0,1,1,0,1,1,1,1,1,1
52314,0,1,0,0,1,1,0,1,1,1
52315,0,0,0,1,1,1,1,1,1,1
52316,0,0,0,0,1,1,0,1,1,1
52317,0,1,0,1,1,1,1,1,1,1
52318,0,1,0,0,1,1,0,1,1,0
52319,1,1,1,0,1,1,0,0,1,0
52320,1,1,1,1,1,1,1,1,1,1
52321,0,1,0,0,1,1,0,1,1,1
52322,0,0,0,0,1,1,1,1,1,1
52323,0,1,1,0,1,1,1,1,1,1
52324,0,1,0,0,1,1,1,1,1,0
52325,0,0,0,0,1,1,0,1,1,0
52326,1,1,0,1,1,1,1,1,1,1
52327,0,0,0,1,1,1,1,1,1,1
52328,1,0,0,1,1,1,1,1,1,1
52329,1,1,1,0,1,1,0,1,1,1
52330,0,0,0,1,1,1,1,1,1,1
52401,0,1,0,0,1,1,1,1,1,0
52402,0,1,0,0,1,1,1,1,1,1
52403,0,0,0,1,1,1,1,1,1,1
52404,0,0,0,0,1,1,0,1,1,0
52405,0,0,0,1,1,1,1,1,1,1
52406,1,0,0,1,1,1,1,1,1,1
52407,0,1,0,0,1,1,0,1,1,0
52408,0,0,0,0,1,1,1,1,1,1
52409,0,0,0,0,1,1,0,1,1,1
52410,0,1,0,0,1,1,1,1,1,0
52411,0,0,0,1,1,1,1,1,1,1
52412,0,1,0,0,1,1,0,1,1,0
52413,0,1,0,1,1,1,1,1,1,1
52414,0,1,0,0,1,1,1,1,1,1
52415,0,1,0,0,1,1,1,1,1,1
52416,1,0,1,1,1,1,1,1,1,1
52417,0,1,1,0,1,1,1,1,1,1
52418,1,1,0,0,1,1,0,1,1,1
52419,0,1,1,0,1,1,1,1,1,1
52420,0,1,0,0,1,1,1,1,1,1
52421,0,0,0,0,1,1,0,1,1,0
52422,0,1,0,0,1,1,1,1,1,0
52423,0,1,0,0,1,1,0,1,1,1
52424,0,0,1,0,1,1,1,1,1,1
52425,0,1,0,0,1,1,0,1,1,0
52426,0,0,0,1,1,1,0,1,1,0
52427,0,0,0,1,1,1,1,1,1,1
52428,0,0,0,0,1,1,1,1,1,1
52429,0,1,1,1,1,1,1,1,1,1
52430,1,1,0,0,1,1,1,1,1,1
52501,0,1,0,0,1,1,0,1,1,1
52502,1,1,0,0,1,1,0,1,1,0
52503,1,0,0,0,1,1,1,1,1,1
52504,0,1,0,0,1,1,1,1,1,1
52505,1,0,0,1,1,1,0,1,1,1
52506,1,1,0,1,1,1,1,1,1,1
52507,0,1,0,1,1,1,1,1,1,1
52508,1,0,0,0,1,1,1,1,1,0
52509,0,0,0,0,1,1,0,1,1,1
52510,0,1,0,1,1,1,1,1,1,1
52511,0,1,0,1,1,1,1,1,1,1
52512,0,1,0,0,1,1,1,1,1,1
52513,1,1,0,0,1,1,1,1,1,1
52514,0,1,0,0,1,1,1,1,1,1
52515,0,1,0,0,1,1,1,1,1,1
52516,0,1,0,0,1,1,0,1,1,1
52517,0,1,0,0,1,1,0,1,1,1
52518,0,0,0,1,1,1,1,1,1,1
52519,0,0,0,0,1,1,1,1,1,1
52520,0,1,0,1,1,1,1,1,1,1
52521,0,0,0,0,1,1,0,1,1,1
52522,0,0,0,0,1,1,1,1,1,0
52523,0,0,0,1,1,1,1,1,1,1
52524,0,0,0,1,1,1,1,1,1,1
52525,0,1,0,0,1,1,0,1,1,1
52526,0,1,1,1,1,1,1,1,1,1
52527,0,1,0,0,1,1,1,1,1,1
52528,1,1,0,0,1,1,1,1,1,1
52529,0,1,1,1,1,1,1,1,1,1
52530,1,1,0,1,1,1,1,1,1,0
52601,1,1,0,0,1,0,1,1,1,1
52602,0,0,1,0,1,0,1,0,1,1
52603,0,0,0,0,0,0,1,0,1,1
52604,0,0,0,0,0,0,0,1,1,0
52605,0,1,0,0,1,0,1,1,1,0
52606,0,0,0,0,0,0,1,1,1,1
52607,0,1,0,0,0,0,1,1,1,0
52608,0,0,0,0,0,0,1,0,1,0
52609,0,0,0,1,0,0,1,1,1,0
52610,1,0,0,0,1,0,1,1,1,1
52611,1,1,0,0,0,0,1,1,1,0
52612,0,0,0,0,1,0,1,1,1,1
52613,0,0,0,0,0,0,1,0,1,0
52614,0,0,0,0,1,0,1,1,1,1
52615,0,0,0,0,1,0,1,0,1,1
52616,0,0,1,0,1,0,1,1,1,1
52617,0,0,0,0,1,0,1,1,1,0
52618,0,0,0,0,1,0,1,1,1,1
52619,0,0,0,0,0,0,1,1,1,0
52620,1,0,0,0,1,0,1,1,1,1
52621,0,0,1,0,1,0,1,0,1,1
52622,0,0,0,0,1,0,1,1,1,0
52623,0,0,0,0,1,0,1,1,1,1
52624,0,0,0,0,0,0,1,1,1,0
52625,0,0,1,0,1,0,1,1,1,1
52626,0,0,0,0,0,0,1,1,1,1
52627,0,0,0,0,0,0,1,1,1,0
52628,0,1,0,0,1,0,1,1,1,0
52629,0,0,0,0,0,0,1,0,1,0
52630,0,1,0,0,0,0,1,1,1,0
52701,0,0,0,1,1,1,1,0,1,1
52702,0,0,0,0,1,1,1,1,1,0
52703,0,0,0,0,1,0,0,1,1,0
52704,1,0,0,1,1,0,1,1,1,1
52705,0,1,0,1,1,1,1,1,1,1
52706,1,0,1,1,1,0,1,1,1,1
52707,0,1,1,1,1,1,0,1,1,1
52708,0,0,1,0,1,1,1,1,1,1
52709,0,0,0,0,1,0,1,1,1,1
52710,0,0,1,0,1,0,1,1,1,1
52711,0,0,0,1,1,1,1,1,1,1
52712,0,0,1,1,1,1,1,1,1,1
52713,0,1,0,1,1,0,1,1,1,1
52714,0,0,0,0,1,1,1,1,1,0
52715,0,0,0,0,1,1,1,1,1,1
52716,0,1,1,0,1,0,1,1,1,1
52717,0,0,1,0,1,1,1,1,1,1
52718,0,0,0,0,1,1,1,1,1,1
52719,0,0,1,0,1,1,0,1,1,1
52720,0,1,0,0,1,1,1,1,1,1
52721,0,0,0,0,1,1,1,1,1,1
52722,0,1,0,0,1,1,1,1,1,1
52723,0,0,0,0,1,1,1,1,1,1
52724,0,1,0,0,1,1,1,1,1,1
52725,0,1,0,0,1,1,1,1,1,1
52726,0,0,0,1,1,1,1,1,1,0
52727,1,0,1,0,1,1,1,1,1,0
52728,0,0,0,0,1,1,1,1,1,1
52729,0,0,0,0,1,1,0,1,1,1
52730,0,1,1,0,1,1,1,1,1,0
52801,0,0,0,0,0,0,1,0,1,0
52802,0,1,0,0,0,0,1,0,1,0
52803,0,1,0,0,1,0,1,1,1,0
52804,0,0,0,0,0,0,1,0,1,1
52805,0,0,0,0,0,0,1,1,1,1
52806,0,0,1,0,1,0,1,1,1,0
52807,0,0,0,0,1,0,0,0,1,0
52808,0,1,0,0,1,0,1,0,1,1
52809,0,0,0,0,0,0,1,1,1,0
52810,0,1,1,0,1,0,1,1,1,1
52811,0,1,0,0,1,0,1,0,1,0
52812,0,0,0,0,1,0,1,1,1,1
52813,0,0,0,1,0,0,1,0,1,0
52814,0,0,0,0,1,1,1,0,1,0
52815,0,0,0,0,1,0,1,1,1,1
52816,0,0,0,0,0,1,1,1,1,1
52817,0,0,0,0,1,0,1,0,1,1
52818,0,0,0,0,1,0,1,1,1,1
52819,0,0,0,0,0,0,1,0,1,0
52820,0,1,1,0,1,0,1,1,1,1
52821,1,1,0,0,0,0,1,1,1,0
52822,0,1,1,0,0,0,1,1,1,0
52823,1,0,0,0,0,0,1,1,1,0
52824,0,1,0,0,1,1,1,1,1,0
52825,0,1,0,0,0,1,1,1,1,0
52826,1,1,0,0,1,0,1,1,1,0
52827,0,1,0,0,0,0,1,1,1,0
52828,0,0,0,0,1,0,1,1,1,1
52829,0,0,0,0,1,1,1,1,1,1
52830,0,0,0,1,1,0,1,1,1,1
52901,0,0,0,0,1,0,0,1,1,1
52902,0,0,1,0,1,0,1,1,1,1
52903,0,0,0,1,1,1,1,1,1,1
52904,0,0,1,0,1,1,1,1,1,1
52905,0,0,1,0,1,0,1,0,1,1
52906,0,0,0,0,1,0,1,1,1,1
52907,0,1,0,0,1,1,1,1,1,1
52908,0,0,0,0,1,1,1,1,1,0
52909,0,1,0,0,1,0,1,1,1,0
52910,0,0,0,0,1,0,1,1,1,1
52911,0,0,0,0,1,1,1,1,1,1
52912,0,0,0,0,1,1,1,1,1,0
52913,0,0,0,0,1,1,1,1,1,1
52914,0,1,0,0,1,0,1,1,1,1
52915,0,1,0,0,1,1,1,1,1,1
52916,0,1,0,0,1,1,1,1,1,0
52917,0,1,0,0,1,1,1,1,1,0
52918,0,0,0,0,1,1,1,1,1,0
52919,0,1,0,0,0,0,0,0,1,0
52920,1,0,0,0,1,0,1,1,1,1
52921,0,1,1,0,1,0,1,1,1,1
52922,0,0,0,0,1,1,1,1,1,1
52923,0,1,0,0,1,0,1,1,1,0
52924,0,0,0,0,1,0,1,0,1,0
52925,0,0,0,0,1,0,1,1,1,0
52926,0,0,0,0,1,0,1,1,1,0
52927,0,0,1,0,1,0,1,1,1,1
52928,0,1,1,1,1,1,1,1,1,1
52929,0,0,0,1,1,0,1,1,1,1
52930,0,0,0,0,1,0,1,1,1,0
53101,0,1,1,0,1,0,1,1,1,1
53102,0,0,0,1,1,1,1,1,1,1
53103,0,1,0,1,1,0,1,1,1,1
53104,0,0,1,1,1,1,1,1,1,1
53105,0,1,1,1,1,1,1,1,1,1
53106,0,0,1,0,1,0,1,0,1,1
53107,0,1,1,1,0,1,1,1,1,0
53108,0,0,0,0,0,1,1,1,1,1
53109,0,1,1,1,1,0,1,1,1,1
53110,0,1,0,1,1,0,1,1,1,1
53111,0,1,1,1,1,1,1,1,1,1
53112,0,1,0,0,1,0,1,1,1,1
53113,0,0,0,1,1,0,1,1,1,1
53114,0,0,1,1,1,1,1,1,1,1
53115,0,1,0,0,1,0,1,1,1,1
53116,0,1,1,0,1,0,1,1,1,1
53117,0,0,0,1,1,0,1,1,1,1
53118,0,0,0,1,1,1,1,1,1,1
53119,0,0,1,1,1,0,1,1,0,1
53120,0,0,1,1,1,1,0,1,1,1
53121,0,0,0,1,1,1,1,1,1,1
53122,0,0,1,1,1,0,1,1,1,1
53123,0,0,0,1,1,0,1,1,1,1
53124,0,0,0,1,1,0,1,1,1,1
53125,0,1,1,0,1,1,0,1,1,1
53126,0,1,0,1,1,0,1,1,1,1
53127,0,1,0,1,1,0,1,1,1,1
53128,0,1,0,1,1,0,1,1,1,1
53129,0,0,1,1,1,1,1,1,1,1
53130,0,0,0,0,0,1,1,1,1,1
53201,0,1,0,0,1,0,1,1,1,1
53202,0,1,0,0,1,1,1,1,1,0
53203,1,1,0,0,1,1,1,1,1,0
53204,0,1,0,0,1,1,1,1,1,0
53205,0,1,0,0,1,1,1,1,1,0
53206,0,1,0,0,1,0,1,1,1,0
53207,0,0,0,0,1,0,1,1,1,1
53208,0,1,0,0,1,1,1,1,1,0
53209,0,1,0,0,1,1,1,1,1,0
53210,0,0,0,0,1,1,1,1,1,0
53211,0,0,0,0,1,0,0,1,1,0
53212,0,1,0,0,1,1,1,1,1,1
53213,0,1,0,0,1,0,1,1,1,0
53214,0,1,0,0,1,1,1,1,1,0
53215,1,1,0,0,1,1,1,1,1,0
53216,0,0,0,0,1,0,1,1,1,0
53217,0,,0,0,1,0,1,1,1,0
53218,1,1,0,0,1,1,1,1,1,1
53219,0,0,0,1,1,0,1,1,1,1
53220,0,0,0,0,1,0,1,1,1,0
53221,0,1,0,0,1,1,1,1,1,0
53222,0,1,0,1,1,0,1,1,1,1
53223,0,1,1,0,1,1,0,0,1,0
53224,0,0,0,0,1,1,1,1,1,0
53225,1,1,0,0,1,1,1,1,1,0
53226,0,1,0,0,1,1,1,1,1,1
53227,0,1,0,0,1,0,1,1,1,0
53228,0,0,0,0,1,1,1,1,1,0
53229,0,1,0,0,1,1,1,1,1,0
53230,0,1,0,1,1,0,1,1,1,1
53301,1,0,1,0,1,1,1,1,1,1
53302,0,0,1,1,1,1,1,1,1,1
53303,0,1,0,1,1,1,1,1,1,1
53304,0,0,1,1,1,1,1,1,1,1
53305,0,0,0,1,1,1,1,1,1,1
53306,0,1,1,1,1,1,1,1,1,1
53307,0,1,0,1,1,1,1,1,1,1
53308,1,0,0,1,1,1,1,1,1,1
53309,1,0,0,1,1,1,1,1,1,1
53310,1,1,0,1,1,1,1,1,1,1
53311,0,0,0,1,1,1,1,1,1,1
53312,0,0,0,0,1,1,1,1,1,1
53313,0,1,0,1,1,1,1,1,1,1
53314,0,1,1,1,1,1,1,1,1,1
53315,0,0,1,0,1,1,1,1,1,1
53316,1,1,0,1,1,1,1,1,1,1
53317,0,1,1,1,1,1,1,1,1,1
53318,0,0,0,1,1,1,1,1,1,1
53319,0,0,0,1,0,1,1,1,1,1
53320,0,0,1,1,1,1,1,1,1,1
53321,1,1,0,1,1,1,1,1,1,1
53322,0,0,0,1,1,1,1,1,1,1
53323,0,1,1,1,1,1,1,1,1,1
53324,0,0,1,1,1,1,1,1,1,1
53325,0,0,1,1,1,1,1,1,1,1
53326,0,0,1,1,1,1,1,1,1,1
53327,0,1,1,1,1,1,1,1,1,1
53328,0,1,1,1,1,1,1,1,1,1
53329,0,1,1,1,1,1,1,1,1,1
53330,0,0,0,1,1,1,1,1,1,1
53401,0,1,1,1,0,1,1,1,1,1
53402,0,0,1,1,1,1,1,1,1,1
53403,0,1,1,1,1,0,1,1,1,1
53404,0,0,1,1,1,0,1,1,1,1
53405,0,0,0,1,1,0,1,1,1,1
53406,0,1,0,1,1,1,1,1,1,1
53407,0,0,1,1,1,1,0,1,1,1
53408,0,1,1,1,1,1,1,1,1,1
53409,0,0,0,1,1,1,1,1,1,1
53410,0,1,0,1,1,1,1,1,1,1
53411,0,0,1,1,1,0,1,1,1,1
53412,0,0,0,1,1,1,1,1,1,1
53413,0,1,0,1,1,1,1,1,1,1
53414,0,0,1,1,1,0,1,1,1,1
53415,0,1,1,1,1,0,1,1,1,1
53416,0,0,1,1,1,1,0,1,1,1
53417,0,1,0,0,1,1,1,1,1,1
53418,0,1,1,1,1,0,1,1,1,0
53419,0,0,0,1,1,1,0,1,1,1
53420,0,1,0,1,1,1,1,1,1,1
53421,0,0,1,1,1,0,1,1,1,1
53422,0,1,0,1,1,1,1,1,1,1
53423,0,1,0,0,1,1,0,1,1,0
53424,0,0,0,1,1,1,1,1,1,1
53425,0,0,0,1,1,0,1,1,1,1
53426,0,0,1,1,1,1,1,1,1,1
53427,0,1,0,1,1,1,1,1,1,1
53428,0,0,0,1,1,1,1,1,1,0
53429,0,0,0,1,1,0,1,1,1,1
53430,0,1,1,1,1,1,0,1,1,1
53501,0,0,1,1,0,1,1,1,1,1
53502,0,0,1,1,0,0,1,1,1,1
53503,0,0,1,0,1,1,1,1,1,0
53504,0,1,0,1,1,0,1,1,1,0
53505,0,0,0,1,1,1,1,1,1,1
53506,0,0,0,0,1,1,1,1,1,1
53507,0,0,0,1,1,0,1,1,1,1
53508,0,0,0,0,0,1,1,1,1,1
53509,0,1,1,1,1,1,1,1,1,1
53510,0,0,0,1,1,1,1,1,1,1
53511,0,0,1,1,0,1,1,1,1,1
53512,0,0,0,1,0,0,1,1,1,1
53513,0,0,0,1,1,0,1,1,1,0
53514,0,1,1,1,1,1,1,1,1,1
53515,0,0,0,1,0,0,1,1,1,0
53516,0,1,0,1,1,1,1,1,1,1
53517,0,0,0,1,1,1,1,1,1,1
53518,0,0,0,1,1,0,1,1,1,1
53519,0,0,0,0,1,1,1,1,1,0
53520,0,1,0,1,0,0,1,1,1,1
53521,0,0,1,1,1,0,1,1,1,1
53522,0,0,0,1,1,0,1,1,1,1
53523,0,1,0,1,1,1,1,1,1,0
53524,0,0,1,1,1,1,1,1,1,1
53525,1,1,0,1,1,1,1,1,1,0
53526,0,1,1,0,1,0,1,1,1,1
53527,0,0,0,1,0,0,1,1,1,1
53528,0,0,0,1,1,1,1,1,1,0
53529,0,0,0,1,1,1,1,1,1,1
53530,0,0,0,0,1,0,1,1,1,1
53601,0,0,1,1,0,1,1,1,1,1
53602,0,,0,1,1,1,1,1,1,1
53603,0,0,1,1,1,1,1,1,1,1
53604,1,1,1,1,0,1,1,1,1,1
53605,0,0,1,1,1,1,1,1,1,1
53606,0,1,1,1,0,1,1,1,1,1
53607,0,1,1,1,1,1,1,1,1,1
53608,0,,0,1,1,1,1,1,1,1
53701,0,1,1,1,1,1,0,1,1,1
53702,0,0,0,1,1,1,1,1,1,1
53703,0,1,1,1,1,1,1,1,1,1
53704,0,0,1,1,1,1,1,1,1,1
53705,0,1,0,0,1,1,1,1,1,1
53706,0,1,1,1,1,1,0,1,1,1
53707,0,1,0,1,1,1,1,1,1,1
53708,0,1,1,1,1,1,1,1,1,1
53709,0,0,1,1,1,1,1,1,1,1
53710,0,0,0,1,1,1,1,1,1,1
53711,0,0,0,1,1,1,1,1,1,1
53712,0,0,0,1,1,1,1,1,1,1
53713,1,0,0,1,1,1,1,1,1,1
53714,0,1,1,1,1,1,1,1,1,1
53715,0,0,1,1,1,1,1,1,1,1
53716,0,0,0,1,1,1,1,1,1,1
53717,0,1,1,0,1,1,0,1,1,1
53718,0,0,0,1,1,1,1,1,1,1
53719,0,0,1,1,1,1,1,1,1,1
53720,0,1,1,1,1,1,0,1,1,1
53721,0,0,0,0,1,1,1,1,1,1
53722,0,0,0,1,1,1,0,1,1,1
53723,0,0,0,1,1,1,1,1,1,1
53724,0,1,0,1,1,0,1,1,1,1
53725,0,1,0,1,0,1,1,1,1,1
53726,0,0,0,1,1,1,1,1,1,1
53727,0,0,0,1,1,1,1,1,1,1
53728,0,1,1,1,1,1,1,1,1,1
53729,0,0,1,1,1,1,1,1,1,1
53730,0,0,0,1,1,1,1,1,1,1
53801,0,0,1,0,1,1,1,1,1,0
53802,0,0,1,0,1,1,1,1,1,1
53803,0,0,0,1,1,1,1,1,1,1
53804,0,0,0,1,1,1,1,1,1,0
53805,0,0,0,0,1,1,1,1,1,1
53806,1,0,1,0,1,1,1,1,1,1
53807,0,0,0,1,1,1,1,1,1,1
53808,0,0,0,0,1,1,1,1,1,1
53809,0,1,0,1,1,1,1,1,1,1
53810,0,0,1,1,1,1,1,1,1,0
53811,1,1,1,0,1,1,1,1,1,1
53812,0,0,1,1,1,1,1,1,1,0
53813,0,1,0,0,1,1,1,1,1,0
53814,0,0,1,1,1,1,1,1,1,0
53815,1,1,1,0,1,1,1,1,1,1
53816,0,1,1,1,1,1,1,1,1,1
53817,0,1,1,0,1,1,1,1,1,0
53818,0,1,0,0,1,1,1,1,1,1
53901,0,0,0,0,1,1,1,1,1,0
53902,0,,1,1,1,1,1,1,1,0
53903,1,0,1,0,1,1,1,1,1,1
54101,0,0,1,0,1,1,1,1,1,0
54102,0,1,0,0,1,0,1,1,1,0
54103,0,0,0,0,1,1,1,1,1,1
54104,0,0,0,1,1,1,1,1,1,1
54105,0,1,1,0,1,1,1,1,1,1
54106,0,0,0,1,1,1,1,1,1,1
54107,0,0,0,1,1,1,1,1,1,0
54108,0,0,0,0,1,1,1,1,1,1
54109,0,1,0,1,1,1,1,1,1,0
54110,0,1,1,1,1,1,1,1,1,1
54111,0,0,1,0,1,1,1,1,1,1
54112,0,0,0,0,1,1,1,1,1,0
54113,0,0,0,0,1,1,1,1,1,1
54114,0,0,0,1,1,0,1,1,1,1
54115,0,0,0,0,1,1,1,1,1,1
54116,0,0,0,1,1,1,1,1,1,1
54117,0,0,1,0,1,1,1,1,1,0
54118,0,0,0,1,1,1,1,1,1,0
54119,0,1,0,0,1,1,1,1,1,1
54120,0,1,1,1,1,1,1,1,1,1
54121,0,0,0,1,1,1,1,1,1,1
54122,0,1,0,1,1,1,1,1,1,1
54123,0,0,0,0,1,1,1,1,1,1
54124,0,0,0,1,1,1,1,1,1,1
54125,0,1,0,1,1,1,1,1,1,1
54126,0,1,0,0,1,0,1,1,1,1
54127,0,0,0,1,1,1,1,1,1,1
54128,0,1,1,0,1,1,1,1,1,1
54129,0,0,0,0,1,1,1,1,1,1
54130,0,0,0,0,1,1,1,1,1,0
54201,0,0,0,0,1,1,1,1,1,0
54202,0,1,1,0,1,1,1,1,1,1
54203,0,0,0,1,1,1,1,1,1,1
54204,0,0,0,0,1,1,1,1,1,1
54205,0,0,0,1,1,1,1,1,1,1
54206,0,0,0,0,1,1,1,1,1,1
54207,0,1,0,0,1,1,1,1,1,0
54208,0,0,0,0,1,1,1,1,1,0
54209,0,1,0,0,1,1,1,1,1,1
54210,0,0,1,1,1,1,1,1,1,0
54211,0,0,1,0,1,1,1,1,1,1
54212,0,1,0,0,1,1,0,1,1,0
54213,0,1,0,0,1,1,1,1,1,0
54214,0,0,1,0,1,1,1,1,1,0
54215,1,1,1,0,1,1,1,1,1,1
54216,0,0,0,0,1,1,1,1,1,0
54217,0,1,0,0,1,1,0,1,1,0
54218,0,0,0,0,1,1,1,1,1,0
54219,0,0,0,1,1,1,0,1,1,0
54220,0,0,0,1,1,1,1,1,1,1
54221,0,0,0,1,1,1,1,1,1,1
54222,0,0,0,0,1,1,1,1,1,1
54223,1,0,0,0,1,1,1,1,1,1
54224,0,0,1,1,1,1,1,1,1,1
54225,0,0,0,0,1,1,1,1,1,1
54226,0,1,0,0,1,1,1,1,1,1
54227,0,1,1,1,1,1,1,1,1,1
54228,0,0,0,1,1,1,1,1,1,1
54229,0,0,0,0,0,1,1,1,1,1
54230,0,0,0,1,1,1,1,1,1,1
54301,0,0,0,0,1,1,1,1,1,0
54302,0,1,0,0,1,1,1,1,1,1
54303,0,0,1,0,1,1,1,1,1,1
54304,1,1,0,1,1,1,1,1,1,1
54305,0,0,0,1,1,1,1,1,1,1
54306,0,0,1,1,1,1,1,1,1,0
54307,0,1,0,1,1,1,1,1,1,1
54308,0,0,1,0,1,1,1,1,1,1
54309,0,0,0,1,1,1,0,1,1,1
54310,0,0,1,0,1,1,1,1,1,1
54311,0,0,1,0,1,1,0,1,1,1
54312,0,0,1,0,1,1,1,1,1,1
54313,0,0,0,1,1,1,1,1,1,1
54314,0,1,1,1,0,1,0,1,1,1
54315,0,0,0,1,1,1,1,1,1,1
54316,0,1,0,1,1,1,1,1,1,1
54317,0,0,0,1,1,1,1,1,1,1
54318,0,0,0,0,1,1,1,1,1,1
54319,0,0,0,1,1,1,1,1,1,1
54320,0,0,0,1,1,1,0,1,1,1
54321,0,0,1,1,1,1,1,1,1,1
54322,0,0,0,1,1,1,1,1,1,1
54323,0,0,0,1,1,1,1,1,1,1
54324,0,0,1,1,1,1,1,1,1,1
54325,0,0,0,1,1,1,1,1,1,1
54326,1,1,0,0,1,1,0,1,1,0
54327,0,1,1,0,1,1,1,1,1,1
54328,0,0,0,0,1,1,1,1,1,1
54329,1,0,0,1,1,1,1,1,1,1
54330,0,0,0,0,1,1,1,1,0,1
54401,0,0,0,1,1,1,1,1,1,1
54402,0,1,0,0,1,1,1,1,1,1
54403,0,0,0,0,1,1,1,1,0,1
54404,0,0,1,0,1,0,1,1,1,0
54405,0,0,0,0,1,1,1,1,1,1
54406,0,0,0,1,1,1,1,1,1,1
54407,0,1,0,1,1,1,1,1,1,1
54408,0,0,0,0,1,1,1,1,1,1
54409,0,0,0,0,1,1,1,1,0,1
54410,0,1,1,0,1,1,1,1,1,1
54411,0,1,0,0,1,1,1,1,1,0
54412,0,1,1,0,1,1,1,1,1,1
54413,0,1,0,0,1,1,1,1,1,0
54414,0,0,0,1,1,1,1,1,1,1
54415,0,0,0,0,1,1,1,1,1,1
54416,0,1,0,0,1,1,1,1,1,1
54417,0,0,0,0,1,1,1,1,1,1
54418,0,0,0,0,1,1,1,1,1,0
54419,0,0,1,1,1,1,1,1,1,1
54420,0,0,0,0,1,1,1,1,1,1
54421,0,0,0,1,1,1,1,1,1,1
54422,0,0,0,0,1,1,1,1,1,1
54423,0,0,0,0,1,1,1,1,1,0
54424,0,0,0,0,1,1,1,1,1,0
54425,0,1,0,0,1,1,1,1,1,1
54426,0,0,0,0,1,1,1,1,1,1
54427,0,0,0,1,1,1,1,1,1,1
54428,0,0,0,0,1,1,1,1,1,1
54429,0,1,0,0,1,1,1,1,1,1
54430,0,0,0,0,1,1,1,1,1,1
54501,0,0,1,0,1,1,1,1,1,1
54502,0,0,1,0,1,1,1,1,1,1
54503,0,1,0,0,1,1,1,1,1,1
54504,0,0,1,0,1,1,1,1,1,1
54505,0,0,1,0,1,1,1,1,1,0
54506,0,1,0,0,1,1,1,1,1,0
54507,0,1,0,1,1,1,1,1,1,1
54508,0,0,0,1,1,1,1,1,1,1
54509,0,1,0,0,1,1,1,1,1,1
54510,0,0,0,0,1,1,1,1,1,1
54511,0,0,1,0,1,1,1,1,1,1
54512,0,0,0,0,1,1,1,1,1,0
54513,0,0,0,0,1,1,1,1,1,0
54514,0,0,0,1,1,1,1,1,1,1
54515,0,0,0,0,1,1,1,1,1,0
54516,0,0,0,1,1,1,1,1,1,1
54517,0,0,0,0,1,1,1,1,1,1
54518,1,1,0,0,1,1,1,1,1,0
54601,0,0,0,0,1,1,1,1,1,1
54602,0,0,0,0,1,1,1,1,0,0
54603,0,1,0,0,1,0,1,1,1,0
54604,0,0,0,0,1,0,1,1,1,0
54605,0,0,0,1,1,1,1,1,1,1
54606,1,1,0,0,1,1,1,1,1,0
54607,0,0,0,0,1,0,1,1,1,1
54608,0,1,1,0,1,1,1,1,1,0
54609,0,0,0,0,1,1,1,1,1,0
54610,1,1,0,0,1,0,1,1,1,0
54611,0,0,0,0,1,1,1,1,1,0
54612,0,1,0,0,1,1,1,1,1,0
54613,0,0,0,0,1,0,1,1,1,1
54614,0,0,0,0,1,1,1,1,1,0
54615,0,0,0,0,1,1,1,1,1,0
54616,0,0,0,0,1,1,1,1,1,1
54617,0,0,0,1,1,1,1,1,1,1
54618,0,1,0,0,1,0,0,1,1,1
54619,0,1,0,0,1,0,1,1,1,0
54620,0,0,0,1,1,0,1,1,1,1
54621,0,0,1,1,1,0,1,1,1,1
54622,0,0,0,0,1,0,1,1,1,0
54623,0,0,0,0,1,1,1,1,1,1
54624,0,1,0,0,1,1,1,1,1,0
54625,0,0,1,1,1,0,1,1,1,1
54626,0,0,0,0,1,1,1,1,1,0
54627,1,1,0,1,1,1,1,1,1,1
54628,0,0,0,0,1,1,1,1,1,0
54629,0,0,0,0,1,1,1,0,1,1
54630,0,0,1,0,1,0,1,1,1,0
54701,0,0,0,1,1,1,1,1,1,1
54702,0,1,1,0,1,1,1,1,1,1
54703,0,0,0,0,1,1,1,1,1,0
54704,0,1,0,0,1,1,1,1,1,1
54705,0,0,0,0,1,1,1,1,1,1
54706,0,1,0,1,1,1,1,1,1,0
54707,0,0,0,1,1,1,1,1,1,1
54708,0,1,0,1,1,1,1,1,1,0
54709,0,1,0,0,1,1,1,1,1,0
54710,0,0,0,1,1,1,1,1,1,1
54711,0,0,1,0,1,1,1,1,1,0
54712,0,0,0,0,1,1,1,1,1,1
54713,0,0,1,0,1,1,1,1,1,1
54714,0,0,0,0,1,1,1,1,1,1
54715,0,0,1,0,1,1,1,1,1,1
54716,0,0,0,0,1,1,1,1,1,1
54717,0,0,0,0,1,1,1,1,0,0
54718,0,0,0,0,1,1,1,1,1,1
54719,0,0,0,0,1,1,1,1,1,1
54720,0,0,0,0,1,1,1,1,1,0
54721,0,0,0,1,1,1,1,1,1,1
54801,0,0,0,1,1,1,1,1,1,1
54802,0,1,1,0,1,1,1,1,1,1
54803,0,1,0,0,1,1,1,1,1,0
54804,0,0,1,0,1,1,1,1,1,1
54805,0,1,0,0,1,1,1,1,1,0
54806,0,0,0,0,1,1,1,1,1,0
54807,0,0,0,0,1,1,1,1,1,1
54808,0,0,0,0,1,1,1,1,1,0
54809,0,0,1,1,1,1,1,1,1,1
54810,1,1,0,1,1,1,1,1,1,1
54811,0,1,0,0,1,1,1,1,1,1
54812,0,0,0,0,1,1,1,1,1,0
54813,0,0,1,1,1,1,1,1,1,1
54814,0,0,1,1,1,1,1,1,1,1
54815,0,0,0,0,1,1,1,1,1,0
54816,1,1,1,0,1,1,1,1,1,0
54817,0,0,0,1,1,1,1,1,1,1
54818,0,0,0,0,1,1,1,1,1,0
54819,0,0,0,1,1,1,1,1,1,1
54820,0,1,0,0,1,1,1,1,1,1
54821,0,0,0,0,1,1,1,1,1,1
54822,0,0,1,1,1,1,1,1,1,1
54823,0,1,0,1,1,1,1,1,1,1
54824,0,0,0,1,1,1,1,1,1,1
54825,1,0,0,1,1,1,1,1,1,1
54826,0,1,0,1,1,1,1,1,1,1
54901,1,1,0,0,1,1,1,1,1,0
54902,0,0,0,0,1,1,1,1,1,0
54903,0,1,0,1,1,1,1,1,1,0
54904,0,1,0,0,1,1,1,1,1,0
54905,0,0,0,0,1,1,1,1,1,0
54906,0,1,0,0,1,1,1,1,1,1
54907,0,0,1,0,1,1,1,1,1,0
54908,0,1,0,0,1,1,1,1,1,0
54909,0,1,0,1,1,1,1,1,1,0
54910,0,1,0,0,1,1,1,1,1,0
54911,0,1,0,0,1,1,1,1,1,1
54912,0,,0,0,1,1,1,1,1,1
54913,0,0,0,0,1,1,1,1,1,1
54914,0,0,0,0,1,1,1,1,1,0
54915,0,0,0,0,1,1,1,1,1,0
54916,0,0,0,0,1,1,1,1,1,0
54917,0,0,0,0,1,1,1,1,1,1
54918,0,1,0,0,1,1,1,1,1,0
54919,0,1,1,0,1,1,1,1,1,0
54920,0,1,0,0,1,1,1,1,1,0
54921,1,1,0,0,1,1,1,1,1,0
54922,0,1,1,0,1,1,1,1,1,0
54923,0,1,0,0,1,1,1,1,1,0
54924,0,0,0,0,1,1,1,1,1,1
54925,0,0,0,0,1,1,1,1,1,0
54926,0,1,0,0,1,1,1,1,1,0
54927,0,1,1,0,0,1,1,1,1,1
54928,0,1,1,0,1,1,1,1,1,0
54929,0,1,0,0,1,1,1,1,1,0
54930,0,1,0,0,1,1,1,1,1,1
55001,0,0,0,0,1,1,1,1,1,0
55002,0,0,0,0,1,1,1,1,1,1
55003,0,0,0,1,1,1,1,1,1,1
55004,0,0,0,1,1,1,1,1,1,1
55005,0,1,0,0,1,1,1,1,1,1
55006,0,1,0,1,1,1,1,1,1,1
55007,0,0,0,0,1,1,1,1,1,0
55008,0,1,1,1,1,1,1,1,1,1
55009,0,1,0,1,1,1,1,1,1,0
55010,0,1,0,0,1,1,1,1,1,1
55011,1,0,1,0,1,1,1,1,1,0
55012,0,1,1,0,1,1,1,1,1,1
55013,0,0,0,0,1,1,1,1,1,0
55014,0,1,1,0,1,1,1,1,1,1
55015,0,0,0,0,1,1,1,1,1,1
55016,0,0,0,0,1,1,1,1,1,1
55017,1,0,1,0,1,1,1,1,1,1
55018,,0,1,1,1,1,1,1,1,1
55019,0,1,0,1,1,1,1,1,1,1
55020,0,0,0,1,1,1,1,1,1,1
55021,0,0,0,1,1,1,1,1,1,1
55022,0,0,1,0,1,1,1,1,1,1
55023,0,1,1,0,1,1,1,1,1,0
55024,0,0,1,1,1,1,1,1,1,1
55025,0,0,0,0,1,1,1,1,1,1
55026,0,1,0,0,1,1,1,1,1,1
55027,0,1,0,0,1,1,1,1,1,1
55028,0,0,0,0,1,1,1,1,1,1
55029,0,0,0,1,1,1,1,1,1,0
55030,0,1,0,1,1,1,1,1,1,1
55101,1,0,0,0,1,1,1,1,1,0
55102,0,0,1,0,1,1,1,1,1,1
55103,0,0,1,1,1,1,1,1,1,1
55104,0,1,1,1,1,1,1,1,1,1
55105,0,0,0,0,1,1,1,1,1,1
55106,0,0,0,0,1,1,1,1,1,1
55107,0,0,0,1,1,1,1,1,1,1
55108,0,1,0,1,1,1,1,1,1,0
55109,0,1,1,1,1,1,1,1,1,1
55110,1,1,0,1,1,1,1,1,1,1
55111,0,1,1,0,1,1,1,1,1,1
55112,0,0,0,1,1,1,1,1,1,1
55113,1,0,0,1,1,1,1,1,1,1
55114,0,0,0,1,1,1,1,1,1,1
55115,1,0,0,1,1,1,1,1,1,1
55116,0,0,0,0,1,1,1,1,1,1
55117,1,0,0,0,1,1,1,1,1,1
55118,0,0,0,0,1,1,1,1,1,1
55201,0,0,0,0,1,1,1,1,1,1
55202,0,1,1,0,1,1,1,1,1,1
55203,0,0,1,1,1,1,1,1,1,1
55204,0,1,0,0,1,1,1,1,1,1
55205,0,0,0,0,1,1,1,1,1,1
55206,0,1,1,0,1,1,1,1,1,1
55207,0,0,0,0,1,1,1,1,1,0
55208,1,0,1,0,1,1,1,1,1,1
55209,1,0,0,0,1,1,1,1,1,0
55210,0,1,0,0,1,1,1,1,1,1
55211,0,0,1,0,1,1,1,1,1,1
55212,0,0,1,0,1,1,1,1,1,1
55213,0,0,1,0,1,1,1,1,1,1
55214,0,1,1,0,1,1,1,1,1,1
55215,0,1,1,0,1,1,1,1,1,1
55216,0,0,0,0,1,1,1,1,1,1
55217,0,1,1,0,1,1,1,1,1,1
55218,0,0,0,0,1,1,1,1,1,1
55219,0,0,0,1,1,1,1,1,1,1
55220,1,1,1,0,1,1,1,1,1,0
55301,0,0,0,0,1,1,1,1,1,1
55302,0,0,1,0,1,1,1,1,1,1
55303,0,1,1,1,1,1,1,1,1,1
55304,0,1,1,0,1,1,1,1,1,1
55305,0,0,0,1,1,1,1,1,1,1
55306,0,0,0,1,1,1,1,1,1,1
55307,0,1,0,1,1,1,1,1,1,1
55308,0,0,0,1,1,1,1,1,1,1
55309,0,1,0,1,1,1,1,1,1,1
55310,0,0,0,1,1,1,1,1,1,1
55311,0,,0,1,1,1,1,1,1,1
55312,0,1,0,1,1,1,1,1,1,1
55313,0,0,0,0,1,1,1,1,1,1
55314,0,0,0,1,1,1,1,1,1,1
55401,0,1,0,0,1,0,1,1,1,1
55402,0,0,0,0,1,0,1,0,1,0
55403,0,0,0,0,1,0,0,0,1,0
55404,0,1,0,0,1,0,1,0,1,1
55405,0,0,0,0,1,0,1,0,1,0
55406,0,1,0,0,1,0,1,1,1,1
55407,0,0,0,0,1,0,1,1,1,1
55408,0,0,0,0,1,0,1,1,1,1
55409,0,0,0,1,1,0,0,1,1,1
55410,0,0,1,0,1,0,1,1,1,0
55411,0,0,0,0,0,0,1,0,1,1
55412,0,0,0,0,0,0,0,0,1,0
55413,0,0,0,0,0,0,0,0,1,0
55414,0,1,1,0,0,0,1,0,1,0
55415,0,0,1,0,0,0,1,0,1,0
55416,0,0,0,0,0,0,0,0,1,0
55417,0,0,0,0,1,0,1,0,1,1
55418,0,1,0,0,0,0,1,0,1,0
55419,0,1,0,0,0,0,1,0,1,0
55420,0,1,0,0,0,0,1,0,1,0
55421,0,0,0,0,0,0,1,0,1,0
55422,1,0,0,0,0,0,1,0,1,0
55423,0,1,0,0,1,0,1,1,1,1
55424,0,0,0,0,0,0,0,0,1,0
55425,0,1,0,0,1,0,1,0,1,1
55426,0,0,0,0,0,0,1,0,1,0
55427,0,0,0,0,0,0,1,0,1,0
55428,0,1,0,0,1,0,0,0,1,0
55429,0,0,0,0,0,0,1,0,1,0
55430,0,0,0,0,0,0,0,0,1,0
55501,1,1,0,0,1,1,0,0,1,0
55502,0,0,0,0,0,1,1,0,1,0
55503,0,0,0,0,0,0,0,0,1,0
55504,0,0,0,0,0,1,1,0,1,0
55505,0,0,0,0,0,0,0,0,1,0
55506,0,1,0,0,0,0,1,0,0,0
55507,0,1,0,0,1,1,1,0,1,0
55508,0,1,1,0,1,1,1,1,1,1
55509,0,0,1,0,0,1,1,0,1,0
55510,0,1,0,0,0,1,1,0,1,0
55511,0,0,0,0,1,0,1,1,1,1
55512,0,1,0,0,0,1,1,0,1,0
55513,0,0,0,0,0,1,1,0,1,0
55514,1,0,1,0,1,1,1,1,1,1
55515,1,0,0,0,1,1,1,0,1,1
55516,0,0,0,0,0,0,1,0,1,0
55517,0,0,0,0,0,1,0,0,1,0
55518,0,0,0,0,0,0,1,0,1,0
55519,0,1,0,0,1,1,1,0,1,0
55520,0,1,0,0,0,1,1,1,1,1
55521,0,0,0,0,0,0,1,0,1,1
55522,0,0,0,0,1,1,1,1,1,1
55523,0,0,0,0,0,1,1,0,1,0
55524,1,1,0,0,0,1,1,0,1,1
55525,0,1,0,0,0,1,1,1,1,0
55526,0,1,0,0,1,0,1,0,1,1
55527,0,0,0,0,0,0,0,0,1,0
55528,0,0,0,0,0,0,1,0,1,0
55529,0,0,0,0,0,1,1,0,1,0
55530,0,0,0,0,0,1,1,0,0,0
55601,0,0,1,0,1,1,1,1,1,0
55602,0,1,0,0,1,0,1,1,1,0
55603,0,0,0,0,1,0,0,0,1,1
55604,1,1,1,1,1,1,1,1,1,1
55605,0,0,0,0,1,1,1,1,1,0
55606,1,0,0,0,1,0,1,1,1,1
55607,1,0,1,1,1,1,1,1,1,0
55608,1,1,0,0,1,0,1,1,1,0
55609,0,0,0,0,1,1,1,1,1,0
55610,0,1,1,1,1,1,1,1,1,0
55611,0,0,0,1,1,1,0,0,1,1
55612,0,0,1,0,1,1,1,1,1,0
55613,0,0,0,0,1,0,1,0,1,1
55614,0,0,0,0,1,1,1,1,1,0
55615,0,0,0,0,1,1,0,0,1,0
55616,0,0,0,0,0,1,1,1,1,0
55617,0,0,0,0,0,1,1,1,1,0
55618,1,1,0,0,1,0,1,1,1,1
55619,0,0,0,0,0,1,1,1,1,0
55620,0,1,0,0,0,1,1,1,1,0
55621,0,1,0,0,1,0,1,0,1,0
55622,0,0,1,0,0,1,1,1,1,0
55623,1,0,0,0,1,1,1,1,1,0
55624,0,0,0,0,1,1,1,1,1,0
55625,1,1,0,0,1,1,1,1,1,0
55626,0,0,0,0,1,1,1,1,1,0
55627,0,0,0,0,0,0,1,1,1,0
55628,0,0,0,0,1,1,1,1,1,1
55629,0,1,0,0,0,1,1,1,1,0
55630,1,0,0,0,0,0,1,0,1,0
55701,0,1,0,0,0,0,1,1,1,0
55702,0,0,1,1,1,0,1,0,1,1
55703,0,1,1,0,0,0,1,1,1,0
55704,0,0,0,0,0,0,1,0,0,0
55705,0,1,0,0,1,0,1,1,1,0
55706,0,0,0,0,0,0,0,0,0,0
55707,0,0,0,0,0,0,1,1,1,0
55708,0,0,0,0,0,0,0,1,1,0
55709,0,0,0,0,1,0,1,0,1,1
55710,0,0,0,0,0,0,1,0,1,1
55711,0,0,0,0,0,0,1,0,1,0
55712,0,0,0,0,0,0,1,0,1,0
55713,0,1,1,0,1,0,1,1,1,0
55714,0,1,0,0,0,0,1,1,1,0
55715,0,0,0,0,0,0,1,0,1,0
55716,0,0,0,0,0,0,1,0,1,0
55717,0,0,0,0,1,0,1,0,1,0
55718,0,0,0,0,1,0,1,0,1,0
55719,0,0,1,0,0,0,1,1,1,0
55720,0,0,0,0,0,0,0,0,1,0
55721,0,0,0,0,1,0,1,1,1,1
55722,0,0,0,0,1,0,1,1,1,1
55723,0,0,0,0,1,0,1,1,1,0
55724,0,0,0,0,1,0,1,0,1,1
55725,0,1,1,0,1,0,1,1,1,1
55726,0,0,0,1,1,0,1,1,1,0
55727,0,1,1,0,0,0,1,0,1,0
55728,0,1,1,0,1,0,1,1,1,0
55729,0,1,0,0,1,0,1,1,1,1
55730,0,1,0,0,0,0,1,0,1,0
55801,0,0,1,0,0,0,0,0,1,0
55802,0,0,0,0,1,0,0,1,1,1
55803,0,0,0,0,1,0,0,0,1,0
55804,0,0,0,0,1,0,0,0,1,0
55805,1,0,0,0,0,0,1,0,1,0
55806,0,0,1,0,1,0,0,0,1,1
55807,0,0,0,0,0,0,1,0,1,0
55808,0,0,1,0,0,0,0,0,0,0
55809,0,0,0,0,0,0,0,0,1,0
55810,0,0,1,0,1,0,1,1,1,0
55811,0,0,0,0,0,0,1,0,1,0
55812,0,1,0,0,0,0,0,0,1,0
55813,0,0,0,0,1,0,1,0,1,0
55814,0,0,0,0,0,0,1,0,1,1
55815,0,0,0,0,0,0,0,0,1,0
55816,0,0,0,0,1,0,1,0,1,1
55817,1,0,0,0,1,0,1,0,1,0
55818,1,0,0,0,1,0,0,0,1,1
55819,0,1,0,0,0,0,0,0,1,0
55820,0,0,0,0,0,0,1,1,0,0
55821,0,0,0,0,0,0,0,0,1,0
55822,0,0,0,0,0,0,1,0,1,0
55823,0,0,0,0,0,1,0,0,1,0
55824,0,0,0,0,0,0,1,0,1,0
55825,1,0,0,0,0,0,1,0,1,0
55826,0,0,0,0,1,0,1,0,1,0
55827,0,0,0,0,0,0,1,0,1,0
55828,0,0,0,0,0,0,1,1,1,0
55829,0,0,0,0,0,0,0,0,1,0
55830,0,1,0,0,0,0,1,1,1,0
55901,0,0,0,0,0,0,1,0,0,0
55902,0,0,0,0,0,0,0,0,1,0
55903,0,0,0,0,0,0,0,0,0,0
55904,0,1,0,0,0,0,1,0,1,0
55905,0,0,0,0,0,0,0,0,1,0
55906,0,0,0,0,0,0,1,0,1,0
55907,1,0,0,0,0,1,1,0,1,0
55908,0,0,0,0,0,0,0,0,1,0
55909,0,0,0,0,0,0,0,0,1,0
55910,0,0,0,0,0,0,1,0,1,0
55911,0,0,0,0,0,0,0,0,1,0
55912,0,0,0,0,0,0,1,0,1,0
55913,0,0,0,0,0,1,1,0,1,0
55914,0,0,0,0,0,0,1,0,1,0
55915,0,1,0,0,0,0,1,0,1,0
55916,0,1,0,0,0,0,1,0,1,0
55917,0,0,0,0,0,0,1,0,1,0
55918,0,0,0,0,0,0,0,0,0,0
55919,0,0,0,0,0,1,1,0,1,1
55920,0,0,0,0,0,0,0,0,1,0
55921,0,0,0,0,0,1,1,0,1,0
55922,0,0,0,0,0,0,0,0,1,0
55923,0,0,0,0,0,1,1,1,0,0
55924,0,0,0,0,0,0,0,0,1,0
55925,0,0,0,0,0,0,1,1,1,0
55926,0,1,0,0,0,1,1,0,1,0
55927,0,0,0,0,0,0,1,0,1,0
55928,0,0,0,0,0,0,1,0,1,0
55929,0,0,0,0,0,0,1,0,0,0
55930,0,0,0,0,0,1,1,0,1,0
56001,0,0,0,0,0,0,0,0,1,0
56002,0,0,0,0,0,0,1,0,1,0
56003,0,0,0,0,1,0,1,0,1,0
56004,0,1,1,1,1,0,1,1,1,1
56005,0,1,0,0,0,0,1,0,1,0
56006,0,0,0,0,1,0,1,0,1,1
56007,0,0,1,0,1,0,1,1,1,1
56008,0,0,0,0,1,0,1,0,1,1
56009,0,1,1,1,0,0,1,0,1,0
56010,0,1,1,0,0,0,0,0,1,0
56011,0,0,0,0,0,1,0,0,1,0
56012,1,0,0,0,0,0,1,0,1,0
56013,0,0,0,0,0,0,0,1,1,0
56014,0,0,0,0,1,0,1,1,1,1
56015,0,0,0,0,0,0,1,0,1,0
56016,0,0,0,0,0,0,1,0,0,1
56017,0,0,0,0,0,0,1,0,1,0
56018,0,0,0,0,0,0,0,1,1,0
56019,0,1,0,0,1,0,1,0,1,1
56020,0,1,0,0,0,0,1,0,1,0
56021,0,0,0,0,0,0,1,0,1,0
56022,0,0,0,0,0,0,1,0,1,0
56023,0,0,1,0,1,1,1,1,1,1
56024,0,0,0,0,0,0,0,0,1,0
56025,0,0,0,0,0,0,1,0,1,0
56026,0,0,0,0,1,1,1,1,1,1
56027,0,0,0,0,1,0,1,1,1,1
56028,1,1,1,1,1,0,1,0,1,1
56029,0,1,0,0,1,0,1,0,1,0
56030,0,1,0,1,1,1,1,0,1,0
56101,0,1,0,0,0,1,1,0,1,0
56102,0,1,0,0,1,1,1,0,1,1
56103,0,0,1,0,1,0,1,1,1,1
56104,0,1,0,0,0,0,1,0,1,0
56105,0,0,0,0,0,0,0,0,1,0
56106,0,1,0,0,0,0,1,0,1,0
56107,0,0,0,0,0,0,1,0,1,1
56108,0,0,0,0,0,0,1,0,1,0
56109,1,0,0,0,1,0,1,1,1,1
56110,1,0,0,0,0,0,1,0,1,0
56111,0,0,1,1,1,0,1,1,1,1
56112,0,0,0,0,0,0,1,0,1,0
56113,0,0,0,0,0,0,1,0,1,0
56114,0,1,0,0,0,0,1,0,1,0
56115,0,0,0,0,0,0,1,1,1,0
56116,0,0,0,0,0,1,1,0,1,0
56117,0,0,0,0,0,0,1,0,1,0
56118,0,0,1,0,0,0,1,0,1,0
56119,0,0,0,0,0,0,1,0,0,0
56120,1,0,0,0,0,1,0,1,1,0
56121,0,0,0,0,0,0,1,1,1,0
56122,0,0,0,0,0,1,1,0,1,0
56123,0,0,0,0,0,0,1,0,1,0
56124,0,0,0,0,0,0,1,0,1,1
56125,0,0,0,0,0,0,1,0,1,1
56126,0,0,0,0,0,0,1,0,1,1
56127,0,1,0,0,0,0,1,0,1,1
56128,0,0,0,0,0,0,0,0,1,0
56129,0,0,0,0,0,0,0,0,1,0
56130,0,1,0,0,0,0,0,0,1,0
56201,0,1,0,0,0,0,1,1,1,1
56202,0,0,0,0,0,0,1,1,1,1
56203,0,0,1,0,1,0,1,1,1,1
56204,0,0,0,0,0,0,1,0,1,0
56205,0,1,0,0,1,1,1,0,1,1
56206,0,0,1,0,1,1,1,1,1,1
56207,0,0,1,0,1,1,1,1,1,1
56208,0,0,0,0,0,0,1,1,1,0
56209,0,1,0,0,0,1,1,0,1,0
56210,0,0,0,0,0,0,1,0,1,0
56211,0,1,1,0,0,0,0,1,1,0
56212,0,0,0,0,0,0,1,0,1,1
56213,0,1,1,0,1,0,1,0,1,1
56214,0,1,0,0,0,0,1,0,1,1
56215,0,1,0,0,1,0,1,0,1,1
56216,0,1,0,0,1,0,1,1,1,1
56217,1,1,0,0,1,0,1,1,1,1
56218,0,0,0,0,0,0,1,0,1,0
56219,0,0,0,0,0,0,1,0,1,0
56220,0,1,0,0,1,0,1,1,1,1
56221,0,0,0,0,1,0,1,0,1,1
56222,0,0,0,0,1,0,1,1,1,0
56223,0,1,0,1,1,0,1,1,1,1
56224,0,0,1,0,0,0,1,1,1,0
56225,0,1,0,0,0,0,1,1,1,1
56226,0,0,0,0,0,0,0,0,1,0
56227,0,0,0,1,1,0,1,1,1,1
56228,0,1,1,0,1,0,1,1,1,1
56229,1,1,0,0,0,0,0,0,1,0
56230,0,0,0,0,0,0,1,0,1,0
56301,0,0,1,0,1,0,1,0,1,0
56302,0,0,0,0,0,0,1,1,1,0
56303,0,0,0,0,1,0,1,0,1,1
56304,1,0,0,0,1,0,1,1,1,1
56305,0,0,0,0,1,1,1,1,1,0
56306,0,0,0,0,1,1,1,0,1,0
56307,0,0,0,0,1,0,1,1,1,0
56308,0,0,0,0,1,1,1,0,1,0
56309,0,0,0,0,0,1,1,0,1,0
56310,0,0,0,0,1,0,1,1,1,0
56311,0,0,0,0,1,0,1,0,1,1
56312,0,0,0,0,1,1,1,1,1,0
56313,1,1,1,0,1,0,1,1,1,1
56314,0,0,1,0,1,0,1,0,1,1
56315,1,0,0,0,0,1,1,1,1,1
56316,0,0,0,0,1,0,1,0,1,0
56317,0,0,0,0,1,0,1,1,1,0
56318,1,1,0,0,1,0,1,0,1,1
56319,0,0,0,0,0,0,1,0,1,0
56320,0,1,0,0,1,0,1,0,1,1
56321,0,0,0,0,1,0,1,0,1,1
56322,1,0,0,0,0,0,1,0,1,0
56323,0,1,1,0,1,0,1,0,1,1
56324,0,1,0,0,1,0,1,1,1,1
56325,0,0,0,0,0,0,1,0,1,0
56326,0,0,0,0,1,0,1,1,1,0
56327,0,1,1,0,0,0,1,0,1,0
56328,1,1,0,0,1,0,1,0,1,0
56329,0,0,0,0,0,0,1,0,1,0
56330,1,0,0,0,1,0,1,0,1,0
56401,1,0,0,0,0,0,0,0,0,0
56402,0,0,1,0,1,0,0,0,1,0
56403,0,0,1,0,0,0,1,0,1,1
56404,0,1,0,0,0,0,1,0,1,0
56405,0,1,0,0,0,0,1,0,1,0
56406,0,0,0,0,0,0,1,0,1,0
56407,0,0,0,0,0,0,1,0,1,1
56408,0,1,0,0,0,0,1,0,1,1
56409,0,1,0,0,0,0,1,0,0,0
56410,0,0,0,0,0,0,1,0,1,0
56411,0,0,0,0,0,0,1,0,1,0
56412,0,1,0,0,0,0,1,0,1,0
56413,0,1,1,0,0,0,1,0,1,0
56414,0,1,0,0,0,0,1,0,1,0
56415,0,0,0,0,0,0,0,0,1,0
56416,0,0,0,0,0,0,1,0,1,0
56417,0,0,0,0,0,0,1,0,1,0
56418,1,1,0,0,0,0,1,0,1,0
56419,1,0,0,0,0,0,1,0,1,0
56420,0,1,0,0,0,0,0,0,0,0
56421,0,0,0,0,0,0,1,0,1,0
56422,0,0,0,0,0,0,1,0,1,1
56423,0,0,0,0,0,0,1,0,1,0
56424,0,0,0,0,0,0,1,0,1,0
56425,0,0,1,0,0,0,0,0,1,0
56426,0,0,0,0,0,0,1,0,1,0
56427,0,1,0,0,0,0,1,0,1,0
56428,1,0,0,0,0,0,1,0,1,0
56429,0,0,0,0,0,0,1,0,1,0
56430,0,0,0,0,0,0,1,0,0,0
56501,0,0,0,0,0,0,1,0,1,0
56502,0,0,0,0,0,0,1,0,1,0
56503,0,0,0,0,0,0,0,0,1,0
56504,0,0,0,0,0,0,1,0,1,0
56505,0,0,0,0,0,0,1,0,1,0
56506,0,0,0,0,0,0,1,1,1,1
56507,0,0,0,0,0,0,0,0,1,0
56508,0,0,0,0,0,0,1,0,1,0
56509,0,0,0,1,0,0,1,0,1,1
56510,0,0,0,0,0,0,1,0,1,0
56511,0,1,0,0,1,0,1,0,1,0
56512,0,0,1,0,0,0,0,0,1,0
56513,0,0,0,0,0,0,1,0,1,0
56514,0,0,0,0,1,0,1,0,1,0
56515,0,1,0,0,0,0,1,1,1,0
56516,0,0,0,0,0,0,1,1,1,0
56517,0,0,0,0,0,0,1,0,1,0
56518,0,0,0,0,0,0,0,0,1,0
56519,0,1,0,0,0,0,1,0,1,0
56520,0,0,0,0,1,0,0,0,1,0
56521,1,0,0,0,1,0,1,0,1,1
56522,0,0,0,0,0,0,1,0,1,0
56523,0,0,0,0,1,0,1,0,1,1
56524,0,0,0,0,0,0,1,0,1,0
56525,0,0,1,0,0,0,0,0,1,0
56526,0,0,0,0,1,0,1,0,1,1
56527,0,1,0,0,0,0,1,0,1,0
56528,0,1,0,0,0,0,0,0,1,0
56529,0,1,0,0,0,0,1,0,1,0
56530,0,0,0,0,0,0,1,0,1,0
56601,0,0,0,0,0,0,0,0,1,0
56602,0,0,0,0,0,0,1,0,1,0
56603,0,0,0,0,0,0,0,0,1,0
56604,0,0,1,0,0,0,1,1,1,0
56605,0,0,0,0,0,0,1,0,1,0
56606,0,1,0,0,0,0,1,0,1,0
56607,0,0,0,0,0,0,1,0,1,0
56608,0,1,0,0,0,0,1,0,1,0
56609,0,0,0,1,0,0,1,0,1,0
56610,0,1,0,0,0,0,1,0,1,0
56611,0,0,0,0,0,0,1,0,1,0
56612,1,0,1,0,0,0,1,1,1,1
56613,0,1,0,0,0,0,1,0,1,0
56614,0,0,0,0,0,0,1,0,1,0
56615,0,0,0,0,0,0,1,0,1,0
56616,0,0,0,0,0,0,1,0,1,0
56617,0,0,0,0,0,0,1,0,1,0
56618,0,0,0,0,0,0,1,0,1,0
56619,0,0,0,0,0,0,1,0,1,0
56620,0,0,0,0,0,0,1,0,1,0
56621,0,0,0,0,0,0,1,0,1,0
56622,0,0,0,0,0,0,1,0,1,0
56623,0,0,0,0,0,0,1,0,1,0
56624,0,0,0,0,0,0,0,1,1,0
56625,0,0,1,0,1,0,1,0,1,0
56626,0,0,0,0,0,0,1,0,1,0
56627,0,0,0,0,0,0,1,0,1,0
56628,0,0,0,0,0,0,0,0,1,0
56629,0,0,0,0,0,0,1,0,1,0
56630,0,1,1,0,0,0,1,0,1,0
56701,0,1,0,0,1,0,1,0,1,0
56702,0,0,0,0,0,0,1,0,1,0
56703,0,1,0,0,0,0,1,1,1,0
56704,0,0,0,0,0,1,1,0,1,0
56705,0,1,0,0,0,0,1,0,1,0
56706,0,0,0,0,0,0,1,0,1,0
56707,0,0,0,0,0,0,1,0,1,0
56708,0,0,0,0,0,0,0,0,1,0
56709,0,0,0,1,0,1,1,0,1,0
56710,0,0,0,0,0,0,0,0,0,0
56711,0,0,0,0,0,0,1,0,1,0
56712,0,0,0,0,1,1,1,1,1,0
56713,0,0,0,0,0,1,1,0,1,0
56714,0,0,0,0,1,1,1,0,1,1
56715,0,0,1,0,1,1,1,1,1,1
56716,0,0,0,0,0,1,1,0,1,0
56717,0,0,0,0,1,1,1,0,1,0
56718,0,0,0,0,0,1,1,0,1,0
56719,0,1,0,0,0,0,1,0,1,1
56720,0,0,0,1,0,0,1,1,1,1
56721,0,1,0,0,0,0,1,0,1,0
56722,0,0,0,0,0,1,1,0,1,0
56723,0,0,0,0,0,0,0,0,1,0
56724,0,1,0,0,0,0,1,0,1,0
56725,0,0,0,0,0,0,0,0,1,0
56726,0,0,0,0,0,0,1,0,1,0
56727,0,0,1,0,0,0,1,0,1,0
56728,0,0,0,0,0,0,1,0,1,0
56729,0,0,1,0,0,0,1,0,1,0
56730,0,0,0,0,0,1,0,1,1,0
56801,0,1,0,0,0,0,1,0,1,0
56802,0,1,0,0,0,0,1,0,1,1
56803,0,1,1,0,0,0,1,0,1,0
56804,0,0,0,0,1,0,1,0,1,0
56805,0,1,0,0,0,0,0,0,1,0
56806,0,0,0,0,0,0,1,0,1,0
56807,0,0,0,0,0,0,1,0,1,0
56808,0,0,0,0,0,0,0,0,1,0
56809,0,1,0,0,0,0,1,0,1,0
56810,1,0,0,0,0,0,1,0,0,0
56811,0,0,0,0,0,1,1,1,1,1
56812,0,0,0,0,0,1,1,1,1,0
56813,0,0,0,0,0,0,1,0,1,0
56814,0,0,0,0,0,0,1,0,1,0
56815,0,0,0,0,0,0,1,0,0,0
56816,0,0,0,0,1,0,1,1,1,1
56817,0,1,0,0,0,1,1,0,1,0
56818,0,0,0,0,0,1,1,0,1,0
56819,0,0,0,0,0,0,1,0,1,0
56820,0,0,0,0,0,0,1,1,1,1
56821,0,0,0,0,1,0,1,0,1,1
56822,0,0,0,0,0,0,1,1,1,1
56823,0,0,0,0,0,0,1,0,1,0
56824,0,0,0,0,0,0,1,0,1,0
56825,0,0,0,0,0,0,1,1,1,0
56826,1,1,0,0,0,0,1,0,1,0
56827,0,0,0,0,0,0,1,1,1,1
56828,0,0,0,0,0,1,1,0,1,0
56829,0,0,0,0,0,0,1,0,1,0
56830,1,0,0,0,0,0,1,1,1,1
56901,0,1,0,0,0,0,1,0,1,0
56902,0,1,0,0,1,0,0,0,1,1
56903,0,0,0,0,0,1,0,0,1,0
56904,0,0,0,0,0,0,1,0,1,0
56905,0,1,0,0,1,0,1,0,1,1
56906,0,0,0,0,0,1,0,0,1,0
56907,0,0,0,0,1,0,0,0,1,0
56908,0,0,0,0,0,0,1,0,1,0
56909,0,0,0,0,1,0,1,1,1,0
56910,0,0,0,0,1,0,1,1,1,1
56911,0,0,0,0,0,0,0,0,1,0
56912,0,1,0,0,0,0,1,0,1,0
56913,0,0,0,0,0,0,1,0,1,0
56914,0,1,0,0,0,0,1,0,1,0
56915,0,0,0,0,0,0,0,0,1,0
56916,0,0,0,0,0,0,1,0,1,0
56917,0,1,1,0,0,0,1,0,1,0
56918,0,1,1,0,0,0,1,0,1,0
56919,0,0,0,0,0,0,1,0,1,1
56920,0,0,0,0,1,0,1,1,1,0
56921,0,0,0,0,0,0,1,0,1,0
56922,0,1,1,0,0,0,1,0,1,0
56923,0,0,0,0,0,0,1,0,1,0
56924,0,0,0,0,0,0,1,1,1,0
56925,0,1,0,0,0,0,1,0,1,0
56926,0,1,0,0,0,0,1,0,1,0
56927,0,0,0,0,0,0,1,1,1,1
56928,0,1,0,1,0,0,1,0,1,0
56929,0,0,1,0,1,0,1,1,1,0
56930,0,0,0,0,0,0,1,0,1,0
57001,0,0,0,0,0,1,0,0,1,0
57002,0,0,0,0,0,1,0,0,1,0
57003,0,0,0,0,0,1,1,1,1,0
57004,0,1,0,0,0,0,1,0,1,0
57005,0,0,0,0,0,0,0,0,1,0
57006,0,0,0,0,0,1,0,0,1,0
57007,0,0,0,0,0,1,1,0,1,0
57008,0,0,0,0,0,1,1,0,1,0
57009,1,1,0,0,0,1,0,0,1,0
57010,0,0,0,0,0,0,1,0,1,0
57011,0,0,1,0,0,1,1,0,1,0
57012,0,0,0,0,0,1,0,0,1,0
57013,0,0,0,0,0,1,1,0,1,0
57014,0,0,0,1,0,1,0,0,1,0
57015,0,0,1,1,0,1,1,1,1,1
57016,0,0,0,0,0,1,0,0,1,0
57017,0,1,0,0,0,1,0,0,1,0
57018,0,0,0,0,0,1,1,0,1,0
57019,0,0,0,0,0,1,1,0,0,0
57020,0,1,0,0,0,1,0,0,1,0
57021,0,0,0,0,0,0,0,0,1,0
57022,0,0,0,0,0,1,1,0,1,0
57023,0,0,0,0,0,1,1,0,1,0
57024,0,0,0,0,0,1,1,0,1,0
57025,0,0,0,0,0,1,1,1,1,0
57026,0,0,0,0,0,0,1,0,1,0
57027,0,0,0,1,1,0,1,0,1,1
57028,1,0,0,0,0,0,1,0,1,0
57029,0,1,0,0,0,1,1,1,1,1
57030,1,1,0,0,1,1,1,1,1,1
57101,0,0,1,0,1,0,1,1,1,0
57102,0,0,1,0,0,0,1,0,1,0
57103,0,0,0,1,0,0,1,1,1,1
57104,0,0,0,0,1,0,1,1,1,1
57105,0,1,1,1,1,0,1,1,1,1
57106,0,1,0,1,1,0,1,1,1,1
57107,0,0,0,1,1,0,1,1,0,0
57108,0,0,1,0,1,0,1,1,1,0
57109,0,0,0,0,1,1,1,0,1,0
57110,0,0,0,0,1,0,1,0,1,0
57111,0,0,0,0,1,0,1,1,1,0
57112,0,0,0,0,1,0,1,1,1,0
57113,0,0,0,0,0,0,1,0,1,0
57114,0,1,0,1,1,0,1,1,1,0
57115,0,0,0,0,1,0,1,1,1,1
57116,0,1,1,0,1,0,1,1,1,1
57117,0,1,0,0,0,0,1,0,1,0
57118,0,0,0,1,1,0,1,1,1,1
57119,0,0,0,1,1,0,1,0,1,1
57120,0,1,1,0,1,0,1,1,1,1
57121,0,0,1,0,1,0,1,1,1,1
57122,0,0,1,0,1,0,1,1,1,1
57123,0,0,0,0,0,1,1,0,1,1
57124,0,0,0,0,1,0,1,0,1,0
57125,0,0,0,0,0,0,1,1,1,0
57126,0,0,0,1,0,0,1,0,1,1
57127,0,1,0,1,1,0,1,1,1,0
57128,0,0,0,1,1,0,1,1,1,1
57129,0,0,0,0,1,0,1,1,1,1
57130,0,0,0,0,1,0,1,1,1,0
57201,0,0,0,0,0,0,0,0,1,0
57202,0,1,1,0,1,1,1,1,1,0
57203,0,0,1,0,0,1,1,1,1,1
57204,0,1,0,1,1,0,1,1,1,1
57205,0,0,0,0,1,1,1,1,1,1
57206,0,0,0,1,1,0,1,1,1,1
57207,0,0,1,0,1,1,1,1,1,1
57208,0,1,0,0,0,1,1,1,1,0
57209,0,0,0,0,1,0,1,1,1,0
57210,0,0,0,0,1,0,1,1,1,1
57211,0,0,0,0,1,1,1,1,1,0
57212,0,0,0,0,0,0,1,0,1,0
57213,0,1,0,0,1,1,1,1,1,0
57214,0,1,1,0,1,0,1,1,1,0
57215,0,0,0,0,0,1,1,0,1,0
57216,0,1,0,0,0,1,1,0,1,0
57217,0,1,0,1,0,1,1,1,1,0
57218,0,0,1,1,0,0,1,1,1,1
57219,0,0,0,1,0,0,1,1,1,1
57220,0,1,1,0,1,0,1,1,1,1
57221,0,0,0,1,1,0,1,1,1,1
57222,0,0,0,0,1,0,1,1,1,0
57223,0,0,0,0,0,0,1,0,1,0
57224,0,1,0,1,1,0,1,1,1,1
57225,0,0,0,1,1,1,1,1,1,0
57226,0,0,0,1,1,1,1,1,1,0
57227,0,0,0,1,1,0,1,1,1,1
57228,0,1,1,0,1,0,1,1,1,1
57229,0,0,0,1,1,1,1,0,1,1
57230,0,1,1,1,1,1,1,1,1,0
57301,0,0,0,0,1,0,1,1,1,0
57302,0,1,0,0,1,1,1,1,1,1
57303,0,0,0,1,1,1,1,1,0,0
57304,0,0,0,0,1,0,1,1,1,0
57305,0,0,0,0,1,1,1,1,1,0
57306,0,0,0,0,1,1,1,1,1,1
57307,0,0,1,1,1,0,1,1,1,0
57308,0,0,0,0,1,1,0,1,1,1
57309,0,0,0,0,1,0,1,1,1,0
57310,1,0,0,1,1,1,1,1,1,0
57311,0,0,0,0,1,0,1,0,1,0
57312,0,1,0,0,1,1,1,1,1,0
57313,1,1,1,0,1,0,1,1,1,0
57314,0,,0,1,1,0,1,1,1,1
57315,1,0,0,1,1,1,1,1,0,1
57316,0,0,0,0,1,1,1,0,1,0
57317,0,0,0,0,1,1,1,0,1,0
57318,0,0,0,0,1,0,0,1,1,0
57319,0,0,0,1,1,1,1,1,1,1
57320,1,1,0,0,1,0,1,1,1,0
57321,0,0,0,0,1,0,1,1,1,1
57322,0,1,0,0,1,0,0,1,1,0
57323,0,0,0,0,1,0,1,1,1,0
57324,0,0,1,0,1,1,1,1,1,1
57325,0,1,1,0,1,1,1,1,1,0
57326,0,0,0,0,0,1,0,1,1,0
57327,0,0,0,1,1,1,1,1,1,1
57328,0,1,0,0,1,0,1,1,1,0
57329,0,1,0,0,1,0,1,1,1,1
57330,0,0,0,0,1,1,1,1,1,0
57501,0,0,1,1,1,0,1,1,1,1
57502,0,1,1,1,1,1,1,1,1,0
57503,0,1,0,0,0,1,1,1,1,0
57504,0,1,0,0,0,1,1,1,1,1
57505,0,0,0,0,1,1,1,1,1,1
57506,0,0,1,0,0,1,0,1,1,1
57507,0,0,0,0,1,1,1,1,1,0
57508,0,0,0,0,0,1,1,1,1,0
57509,0,0,1,1,1,1,1,1,1,1
57510,0,0,0,1,0,0,1,1,1,0
57511,0,0,1,1,1,1,1,1,1,1
57512,0,1,1,0,1,1,1,1,1,0
57513,0,0,0,1,1,1,1,1,1,1
57514,0,1,0,1,1,1,1,1,1,1
57515,0,0,0,0,0,1,1,1,1,0
57516,0,0,0,0,1,1,1,1,1,1
57517,0,1,1,1,1,1,1,1,1,1
57518,0,0,0,0,1,1,0,1,1,0
57519,0,0,1,1,0,1,1,1,1,0
57520,0,1,1,1,1,1,1,1,1,0
57521,1,1,0,1,1,1,1,1,1,1
57522,0,0,0,1,0,1,1,1,1,0
57523,0,0,0,1,1,1,1,1,1,1
57524,0,0,0,1,1,1,1,1,1,1
57525,1,1,1,1,1,1,1,1,1,0
57526,0,0,0,0,0,1,1,1,1,0
57527,0,0,1,1,1,1,1,1,1,1
57528,0,,0,0,1,1,1,0,1,1
57529,0,1,0,1,1,1,1,1,1,1
57530,0,0,0,0,0,1,1,1,1,0
57601,0,0,0,1,1,1,1,1,0,1
57602,0,1,1,0,1,0,1,1,1,0
57603,0,1,1,1,1,1,1,1,1,0
57604,0,1,0,0,1,1,1,1,1,1
57605,0,0,1,0,1,1,1,1,1,0
57606,0,0,0,1,1,1,1,1,1,0
57701,1,1,0,0,1,1,1,1,1,0
57702,0,0,0,1,1,1,1,1,1,1
57703,0,0,0,1,1,1,1,1,1,1
57704,0,0,1,0,1,1,1,1,1,1
57705,0,1,0,0,1,1,1,1,1,1
57706,0,1,0,1,1,1,1,1,1,1
57707,0,0,1,0,1,1,1,1,1,1
57708,0,0,0,1,1,1,1,1,1,0
57709,0,0,0,0,1,1,1,1,1,0
57710,0,0,0,1,1,1,1,1,1,0
57711,0,0,0,1,1,1,1,1,1,1
57712,0,1,1,1,1,1,1,1,1,1
57713,1,1,0,1,1,1,1,1,1,1
57714,0,0,1,1,1,1,1,1,1,1
57715,0,0,1,0,1,1,1,1,1,1
57716,0,1,1,0,1,1,1,1,1,1
57717,0,0,0,1,1,1,1,1,1,1
57718,0,1,0,0,1,1,1,1,1,0
57719,0,1,1,0,1,1,1,1,1,1
57720,0,0,1,1,1,1,1,1,1,1
57721,0,0,1,0,1,1,1,1,1,0
57722,0,1,0,1,1,1,1,1,1,1
57723,0,0,0,0,1,1,1,1,1,0
57724,0,0,1,0,1,1,1,1,1,1
57725,0,1,0,0,1,1,1,1,1,1
57726,0,0,0,0,1,1,1,1,1,0
57727,0,0,0,1,1,1,1,1,1,1
57728,0,0,0,1,1,1,1,1,1,0
57729,0,1,0,0,1,1,1,1,1,0
57730,0,0,1,0,1,1,1,1,1,1
57801,0,1,1,0,1,0,1,1,1,0
57802,0,0,0,0,1,1,1,1,1,0
57803,0,1,1,1,1,0,1,1,1,1
57804,0,0,0,0,1,1,1,1,1,1
57805,0,1,1,1,1,1,1,1,1,1
57806,1,1,1,1,1,1,0,1,1,0
57807,0,1,0,0,1,0,0,1,1,1
57808,0,1,1,1,1,0,0,1,1,1
57809,0,1,0,0,1,0,0,1,1,0
57810,0,0,0,0,1,0,1,1,1,1
57811,0,0,0,0,1,0,1,1,1,1
57812,0,0,0,0,1,1,0,1,1,1
57813,0,1,0,0,1,1,0,1,1,0
57814,0,1,1,0,1,1,1,1,1,0
57815,0,1,1,1,1,0,1,1,1,0
57816,0,1,0,0,1,1,1,1,1,1
57817,0,1,1,0,1,1,1,1,1,0
57818,0,0,0,0,1,1,1,1,1,1
57819,1,0,1,0,1,1,1,1,1,0
57820,1,0,0,0,1,1,1,1,1,0
57821,0,1,0,0,1,1,1,1,1,0
57822,0,0,0,0,1,0,1,1,1,0
57823,0,1,1,0,1,0,0,1,1,1
57824,0,0,0,0,1,0,1,0,1,0
57825,0,1,0,0,1,1,1,1,1,0
57826,0,1,0,0,1,1,1,1,1,1
57827,1,1,0,0,1,1,0,1,1,1
57828,0,1,1,0,1,1,1,1,1,1
57829,0,0,0,1,1,1,0,1,1,0
57830,0,0,1,0,1,1,0,1,1,1
57901,0,1,0,0,1,1,1,1,1,1
57902,0,0,0,0,1,1,0,1,1,1
57903,0,0,1,1,1,1,0,1,1,1
57904,0,0,1,0,1,0,1,1,1,1
57905,0,1,0,0,1,1,0,1,1,1
57906,0,1,0,0,1,0,1,1,1,1
57907,0,1,0,1,1,0,0,1,1,1
57908,1,1,0,0,1,1,0,1,1,0
57909,1,1,0,0,1,0,0,1,1,1
57910,0,1,1,1,1,1,0,1,1,1
57911,0,1,1,0,1,0,0,1,1,0
57912,0,0,0,0,1,1,0,1,1,1
57913,0,0,0,1,1,1,1,1,1,1
57914,0,1,0,0,1,1,1,1,1,1
57915,0,0,0,1,1,1,0,1,1,1
57916,0,0,0,0,1,1,0,1,1,0
57917,0,0,0,0,1,1,1,1,1,1
57918,0,1,0,0,0,1,1,1,1,1
57919,0,0,1,1,1,0,0,1,1,1
57920,0,1,0,1,1,1,1,1,1,1
57921,0,1,0,0,1,1,1,1,1,1
57922,0,0,0,1,1,1,1,1,1,1
57923,0,1,0,1,1,1,0,1,1,1
57924,0,1,1,0,1,1,1,1,1,1
57925,0,1,1,0,1,1,0,1,1,1
57926,0,0,0,0,1,1,1,1,1,1
57927,0,0,0,0,1,1,1,1,1,1
57928,0,0,0,0,1,1,1,1,1,1
57929,0,1,0,0,1,1,0,1,1,1
57930,0,0,0,1,1,1,1,1,1,1
58001,0,0,0,0,1,1,1,1,1,1
58002,0,0,0,1,1,1,1,1,1,1
58003,0,0,0,1,1,1,1,1,1,1
58004,0,0,0,0,1,1,1,1,1,1
58005,0,1,1,0,1,1,1,1,1,1
58006,0,1,0,1,1,1,1,1,1,1
58007,0,0,0,0,1,1,1,1,1,1
58008,0,0,0,1,1,1,1,1,1,1
58009,0,1,0,0,1,1,1,1,1,1
58010,0,0,0,1,1,1,1,1,1,1
58011,0,0,0,0,1,1,1,1,1,1
58012,0,0,0,1,1,1,1,1,1,1
58013,0,0,0,,1,1,1,1,1,1
58014,0,0,0,1,1,1,1,1,1,1
58015,0,0,0,0,1,1,1,1,1,0
58016,0,0,1,1,1,1,1,1,1,0
58017,0,1,0,1,1,1,1,1,1,1
58018,0,0,1,1,1,1,1,1,1,1
58019,0,0,1,1,1,1,1,1,1,1
58020,0,0,0,1,1,1,1,1,1,1
58021,1,0,0,1,1,1,1,1,1,1
58022,0,0,1,1,1,1,1,1,1,1
58023,0,0,0,1,0,1,1,1,1,1
58024,0,0,0,1,1,1,1,1,1,1
58025,0,0,0,1,1,1,1,1,1,1
58026,0,0,0,1,1,1,1,1,1,1
58027,0,0,0,1,1,1,1,1,1,1
58028,0,1,1,0,1,1,1,1,1,1
58029,0,0,0,1,1,1,1,1,1,1
58030,0,0,0,0,1,1,1,1,1,0
58101,0,0,0,0,1,0,1,1,1,0
58102,1,1,1,1,1,0,1,1,1,1
58103,0,1,0,0,1,0,1,1,1,0
58104,1,1,1,1,1,0,1,1,1,0
58105,0,1,0,0,1,0,1,1,1,0
58106,0,0,1,1,1,0,1,1,1,1
58107,0,0,1,1,1,0,1,1,1,0
58108,0,0,1,1,1,0,1,1,1,1
58109,1,0,1,0,1,1,1,1,1,0
58110,0,1,1,0,1,1,1,1,1,1
58111,0,0,0,1,1,0,1,1,1,1
58112,0,0,0,0,1,1,1,1,1,1
58113,0,0,0,0,1,0,1,1,1,1
58114,0,0,0,1,1,1,1,1,1,1
58115,0,0,1,1,1,1,1,1,1,1
58116,0,0,0,1,1,0,1,1,1,1
58117,0,1,0,0,1,0,1,1,1,0
58118,0,0,0,0,1,0,1,1,1,1
58201,0,0,1,0,1,1,1,1,1,1
58202,0,0,0,0,1,1,1,1,1,0
58203,1,1,0,1,1,1,1,1,1,1
58204,0,0,1,1,1,1,1,1,1,0
58205,0,1,1,1,1,1,1,1,1,1
58206,0,1,0,0,1,1,1,1,1,1
58207,0,0,1,0,1,1,1,1,1,0
58208,0,0,0,1,1,1,1,1,1,0
58209,0,1,0,1,1,1,1,1,1,1
58210,1,1,0,0,1,1,1,1,1,1
58211,1,1,0,1,1,1,1,1,1,0
58212,0,1,0,1,1,1,1,1,1,1
58213,0,1,0,0,1,1,1,1,1,1
58214,0,0,0,0,1,1,1,1,1,1
58215,1,1,0,0,1,1,1,1,1,1
58216,0,1,0,0,1,1,1,1,1,1
58217,0,1,0,1,1,1,1,1,1,1
58218,0,0,0,1,1,1,1,1,1,1
58219,0,1,0,1,1,1,1,1,1,1
58220,0,0,0,1,1,1,1,1,1,1
58221,1,0,0,1,1,1,1,1,1,1
58222,0,0,0,0,1,1,1,1,1,0
58223,0,1,0,0,1,1,1,1,1,0
58224,0,1,0,0,1,1,1,1,1,0
58225,0,1,1,1,1,1,1,1,1,1
58226,0,0,1,0,1,1,1,1,1,1
58227,0,1,0,0,1,1,1,1,1,1
58228,0,0,1,1,1,1,1,1,1,1
58229,1,1,0,0,1,1,1,1,1,1
58230,1,0,1,0,1,1,1,1,1,1
58301,0,1,0,1,1,1,1,1,1,1
58302,0,0,0,0,1,1,1,1,1,1
58303,1,1,0,1,1,1,1,1,1,1
58304,0,0,0,0,1,1,1,1,1,1
58305,0,1,0,0,1,1,1,1,1,0
58306,0,1,0,0,1,1,1,1,1,1
58307,0,1,0,0,1,1,1,1,1,1
58308,0,1,0,0,1,1,1,1,1,1
58309,0,1,1,1,1,1,1,1,1,1
58310,0,0,1,0,1,1,1,1,1,1
58311,0,0,0,0,1,1,1,1,1,1
58312,0,1,1,0,1,1,1,1,1,1
58313,1,1,1,1,1,1,1,1,1,1
58314,0,0,0,1,1,1,1,1,1,1
58315,0,1,1,0,1,1,1,1,1,1
58316,0,1,0,0,1,1,1,1,1,1
58317,1,0,0,0,1,1,1,1,1,1
58318,1,1,0,0,1,1,1,1,1,0
58319,0,1,0,0,1,1,1,1,1,1
58320,0,1,1,0,1,1,1,1,1,1
58321,0,0,0,1,1,1,1,1,1,1
58322,1,0,0,1,1,1,1,1,1,1
58323,0,1,0,0,1,1,1,1,1,0
58324,1,1,0,1,1,1,1,1,1,0
58325,0,1,1,0,1,1,1,1,1,0
58326,0,1,0,1,1,1,1,1,1,1
58327,0,0,0,0,1,1,1,1,1,1
58328,0,0,1,0,1,1,1,1,1,0
58329,0,1,0,1,1,1,1,1,1,1
58330,0,0,1,1,1,1,1,1,1,1
58401,0,1,0,1,1,0,0,0,1,1
58402,0,0,0,0,0,0,1,1,1,0
58403,0,0,0,0,0,0,1,0,1,0
58404,1,0,1,0,1,0,1,0,1,1
58405,0,1,0,0,1,0,1,1,1,0
58406,0,0,0,0,0,0,0,0,1,0
58407,0,0,0,0,1,0,1,0,1,0
58408,0,1,0,0,0,0,1,0,1,0
58409,0,1,0,0,1,0,1,0,1,0
58410,0,0,0,0,1,0,1,0,1,0
58411,0,1,0,0,1,0,0,0,1,0
58412,0,0,0,0,0,0,1,0,1,0
58413,0,0,0,0,1,0,0,1,1,1
58414,1,0,0,0,1,0,1,1,1,1
58415,0,0,1,0,1,0,1,1,1,1
58416,0,0,0,0,0,0,0,0,1,0
58417,0,0,1,0,1,0,1,1,1,1
58418,1,0,0,0,1,0,1,1,1,1
58419,0,0,0,0,1,0,1,0,1,1
58420,0,0,0,0,1,0,1,1,1,1
58421,0,0,0,0,1,0,1,1,1,0
58422,0,1,1,0,1,0,1,0,1,1
58423,0,0,0,0,1,0,1,1,1,0
58424,0,1,0,0,1,0,1,1,1,1
58425,0,0,0,0,1,0,1,0,1,0
58426,0,1,0,0,1,0,1,0,1,1
58427,0,0,1,0,1,0,1,1,1,0
58428,0,1,0,0,1,0,1,0,1,0
58429,0,1,0,0,0,0,1,0,1,0
58430,0,0,0,0,0,0,1,1,1,0
58501,0,1,0,0,1,0,1,1,1,1
58502,0,1,1,0,1,0,1,1,1,1
58503,0,0,1,0,1,0,1,1,1,1
58504,0,1,1,0,1,0,1,1,1,0
58505,0,0,0,0,1,0,1,1,1,1
58506,0,1,0,0,1,0,1,1,1,1
58507,0,1,0,1,1,0,1,1,1,1
58508,0,0,0,0,1,0,1,1,1,1
58509,0,0,0,0,1,0,1,1,1,0
58510,0,0,0,0,1,0,1,0,1,0
58511,0,0,0,0,0,0,1,0,1,0
58512,0,0,1,0,1,0,1,0,1,1
58513,0,0,0,0,1,0,1,1,1,1
58514,0,0,1,1,1,0,1,1,1,1
58515,0,0,0,0,1,0,1,1,1,0
58516,0,0,0,0,1,0,1,1,1,1
58517,0,0,0,0,1,0,1,0,1,0
58518,0,1,1,0,1,0,1,0,1,1
58519,0,0,0,0,1,0,1,1,1,0
58520,0,0,0,0,1,0,1,0,1,1
58521,1,0,0,0,1,0,0,0,1,0
58522,0,0,0,0,1,0,1,1,1,0
58523,0,0,0,0,1,0,1,1,1,0
58524,0,1,1,0,0,0,1,0,1,0
58525,0,0,0,0,1,0,1,1,1,0
58526,0,1,0,0,1,0,1,1,1,1
58527,0,0,0,0,1,0,1,1,1,1
58528,0,0,0,0,1,0,1,1,1,0
58529,0,0,0,0,1,0,1,1,1,0
58530,0,0,0,0,0,0,1,0,1,0
58601,0,0,0,0,1,1,1,1,1,1
58602,0,0,0,0,1,1,1,0,1,1
58603,0,0,0,0,1,1,1,1,1,0
58604,0,1,0,0,1,0,1,1,1,1
58605,0,1,0,0,0,0,1,0,1,0
58606,0,1,0,0,1,0,1,0,1,0
58607,0,0,0,1,1,1,1,1,1,1
58608,0,0,0,0,0,0,1,0,1,0
58609,0,0,0,0,1,1,1,0,1,0
58610,0,0,0,0,1,1,1,0,1,0
58611,0,0,0,0,0,1,0,0,1,0
58612,0,0,0,0,0,0,1,0,1,0
58613,0,1,0,0,1,1,1,0,1,1
58614,0,0,0,0,1,1,1,1,1,1
58615,0,1,0,0,1,1,1,1,1,1
58616,0,1,1,0,0,1,1,1,1,0
58617,0,0,0,0,1,1,0,0,1,1
58618,0,0,0,0,0,1,0,0,1,0
58619,0,0,0,0,1,1,1,1,1,1
58620,0,0,0,0,1,1,1,1,1,0
58621,0,0,0,0,1,1,1,1,1,1
58622,0,0,0,0,1,0,1,1,1,1
58623,0,0,0,0,1,1,1,1,1,1
58624,0,0,0,1,1,1,1,0,1,1
58625,0,0,0,0,0,1,1,0,1,0
58626,0,0,0,0,1,1,1,0,1,0
58627,0,0,0,0,0,1,1,0,1,0
58628,0,0,0,0,0,0,0,0,0,0
58629,0,0,0,0,1,1,0,0,1,0
58630,0,0,0,0,1,1,1,0,1,0
58701,0,0,0,0,1,0,0,0,1,0
58702,0,1,0,0,1,0,1,1,1,1
58703,0,1,0,0,1,0,1,1,1,0
58704,0,0,0,0,1,0,1,0,1,0
58705,0,0,0,0,1,0,1,1,1,0
58706,0,0,0,0,1,0,0,0,1,0
58707,0,0,0,0,1,0,1,0,1,0
58708,0,1,1,0,1,0,0,1,1,1
58709,0,0,0,0,1,0,1,1,1,0
58710,0,0,0,0,1,0,1,1,1,0
58711,0,0,0,0,1,0,1,0,1,0
58712,0,1,0,0,1,0,1,1,1,1
58713,0,0,0,0,1,0,1,0,1,0
58714,0,0,0,0,1,0,0,1,1,0
58715,0,0,0,0,1,0,1,0,1,0
58716,0,0,0,0,1,0,1,0,1,1
58717,0,0,0,0,1,0,1,1,1,1
58718,0,0,0,0,1,0,1,1,1,0
58719,0,0,1,0,1,0,1,1,1,0
58720,0,0,0,0,1,0,1,1,1,1
58721,0,1,0,0,1,0,1,1,1,0
58722,0,0,0,0,1,0,1,1,1,0
58723,0,0,0,0,0,0,1,1,1,0
58724,0,0,0,0,1,0,1,1,1,1
58725,0,0,0,0,1,0,0,0,1,0
58726,0,0,0,0,1,0,0,0,1,0
58727,0,0,0,0,1,0,1,1,1,0
58728,0,1,0,0,1,0,1,1,1,1
58729,0,0,0,0,1,0,0,0,1,0
58730,0,0,0,0,1,0,0,1,1,0
58801,0,1,0,0,1,0,1,1,1,0
58802,0,1,0,0,1,0,1,1,1,1
58803,1,0,0,0,1,0,1,1,1,1
58804,0,1,1,0,1,0,1,1,1,1
58805,0,1,1,0,1,0,1,1,1,1
58806,0,0,1,1,1,0,1,1,1,1
58807,0,1,0,0,1,0,1,1,1,0
58808,0,0,0,1,1,0,1,1,1,1
58809,0,1,0,0,1,0,1,1,1,1
58810,0,0,0,0,1,0,1,1,1,0
58811,0,0,0,0,1,0,1,1,1,1
58812,0,0,0,0,1,0,1,1,1,0
58813,0,0,0,0,1,0,1,1,1,0
58814,0,0,0,1,1,0,1,1,1,1
58815,0,1,1,0,1,0,1,1,1,1
58816,1,1,0,0,1,0,1,1,1,1
58817,0,1,0,1,1,0,1,1,1,1
58818,0,1,0,1,1,0,1,1,1,1
58819,0,1,0,0,1,0,1,1,1,1
58820,0,0,0,0,1,0,1,1,1,0
58821,0,0,1,0,1,0,1,1,1,1
58822,0,0,0,0,1,0,1,1,1,1
58823,0,0,1,0,1,0,1,1,1,1
58824,0,1,0,0,1,0,1,1,1,1
58825,1,0,1,0,1,0,1,1,1,1
58826,0,1,0,0,1,0,1,1,1,1
58827,0,0,1,1,1,0,0,1,1,1
58828,0,1,0,0,1,0,1,1,1,1
58829,0,0,1,1,1,0,1,1,1,1
58830,0,0,1,0,1,0,1,1,1,1
58901,0,0,0,0,1,0,1,0,1,0
58902,0,0,0,0,1,0,1,0,1,0
58903,0,0,0,0,1,0,1,1,1,1
58904,0,0,0,0,1,0,1,1,1,0
58905,0,,0,0,1,0,0,1,1,0
58906,0,0,0,0,0,0,0,0,1,0
58907,0,0,1,0,1,0,1,0,1,0
58908,0,0,0,0,1,0,1,0,1,1
58909,0,1,0,0,1,0,1,0,1,0
58910,0,1,1,0,0,0,1,1,1,0
58911,0,0,0,0,1,0,1,1,1,1
58912,0,0,0,0,1,0,0,0,1,0
58913,0,0,0,0,1,0,1,0,1,1
58914,0,1,0,0,1,0,1,1,1,0
58915,0,0,0,0,1,0,1,1,1,0
58916,0,1,0,0,1,0,1,0,1,0
58917,0,1,0,0,1,0,1,1,1,0
58918,0,1,0,0,1,0,1,1,1,1
58919,0,0,0,0,1,0,1,1,0,1
58920,0,0,0,1,1,0,1,0,1,1
58921,0,0,0,0,0,0,1,0,1,1
58922,0,0,0,0,0,0,1,0,1,0
58923,0,0,0,0,1,0,1,1,1,0
58924,0,0,0,0,1,0,1,0,1,0
58925,0,1,0,0,1,0,1,0,1,1
58926,0,0,0,0,1,0,1,0,1,0
58927,0,1,0,0,1,0,1,0,1,0
58928,0,1,0,0,1,0,1,1,1,1
58929,0,0,0,0,1,0,1,1,1,0
58930,0,0,0,0,1,0,1,0,1,0
59001,0,0,0,0,0,1,1,0,1,0
59002,0,0,0,0,1,1,1,1,1,1
59003,0,0,0,0,1,1,1,0,1,0
59004,0,0,0,0,1,1,1,0,1,1
59005,1,0,0,0,0,0,0,0,1,0
59006,0,0,0,0,1,0,1,0,1,0
59007,0,0,0,0,1,0,0,0,1,0
59008,0,0,0,0,0,0,0,0,1,0
59009,0,0,0,0,1,0,1,0,1,0
59010,0,1,0,0,1,0,0,0,1,0
59011,0,1,0,0,1,0,1,0,1,1
59012,0,0,0,0,1,0,0,0,1,0
59013,0,0,0,0,0,0,1,0,1,0
59014,0,1,0,0,0,0,0,0,1,0
59015,0,0,0,0,1,0,0,0,1,0
59016,0,0,0,0,1,0,1,0,1,0
59017,0,0,0,0,0,0,0,0,1,0
59018,0,0,0,0,1,0,0,0,1,0
59019,0,0,0,0,1,0,0,0,1,0
59020,0,0,0,0,0,1,1,0,1,0
59021,0,0,0,0,1,1,1,1,1,0
59022,0,0,0,0,0,1,1,0,1,0
59023,0,0,0,0,1,1,1,0,1,1
59024,0,1,0,0,1,0,1,1,1,1
59025,0,0,0,0,1,0,1,1,1,1
59026,0,0,0,0,1,0,1,0,1,0
59027,0,0,0,0,0,0,1,1,1,0
59028,0,0,0,0,1,1,1,1,1,1
59029,0,0,0,0,1,1,1,1,1,1
59030,1,1,0,0,1,0,1,1,1,0
59101,0,1,0,0,1,0,1,1,1,1
59102,0,0,0,0,1,1,1,1,1,0
59103,0,0,1,0,1,0,1,0,1,1
59104,0,1,1,0,1,1,1,1,1,0
59105,0,0,0,0,1,0,0,0,1,0
59106,0,0,0,0,1,0,1,1,1,0
59107,0,0,0,0,1,0,1,1,1,1
59108,1,0,0,0,1,0,1,1,1,1
59109,0,0,0,0,1,0,1,1,1,0
59110,0,0,0,1,1,1,1,1,1,0
59111,0,1,0,0,1,0,1,1,1,1
59112,0,0,0,0,1,0,1,1,1,1
59113,0,0,0,0,1,0,1,0,1,1
59114,0,1,0,1,1,1,1,1,1,0
59115,0,1,0,0,1,0,1,1,1,1
59116,0,0,0,0,1,0,1,1,1,1
59117,0,0,0,0,1,0,1,1,1,1
59118,1,1,0,1,1,0,1,1,1,1
59119,0,0,0,0,1,1,1,1,1,1
59120,0,1,0,0,1,0,0,1,1,0
59121,0,0,0,0,1,0,1,0,1,0
59122,0,0,0,0,1,0,1,0,1,1
59123,1,0,0,0,1,0,1,1,1,1
59124,0,0,0,0,1,0,1,1,1,1
59125,0,0,0,1,1,0,1,1,1,1
59126,0,0,0,0,1,1,1,1,1,1
59127,0,0,0,0,1,0,1,0,1,0
59128,0,0,0,0,1,0,1,1,1,1
59129,1,0,0,0,1,0,1,1,1,0
59130,0,0,0,0,1,0,1,1,1,1
59201,0,0,0,0,1,0,0,1,1,1
59202,0,0,0,0,0,0,1,1,1,0
59203,0,1,0,0,1,0,1,0,1,1
59204,1,0,0,0,1,0,1,1,1,0
59205,0,1,0,0,1,0,1,1,1,1
59206,0,0,0,0,1,0,1,0,1,0
59207,0,0,0,0,0,0,1,1,1,0
59208,0,0,0,1,1,0,1,1,1,1
59209,0,0,0,0,0,0,0,0,1,0
59210,0,1,0,0,1,0,1,1,1,1
59211,0,0,1,0,1,0,1,1,1,1
59212,0,1,0,0,0,0,1,0,1,1
59213,0,0,0,0,1,0,1,0,1,0
59214,0,0,0,0,0,0,1,0,1,0
59215,0,0,0,1,1,0,0,0,1,0
59216,0,1,0,0,1,0,1,0,1,0
59217,0,0,0,0,1,0,1,0,1,1
59218,0,0,0,0,1,0,1,1,1,1
59219,0,0,0,0,1,0,1,0,1,0
59220,0,1,0,0,1,0,1,1,1,1
59221,0,1,0,0,0,0,1,1,1,0
59222,0,1,0,0,0,0,1,1,1,0
59223,0,1,0,0,1,0,0,0,1,1
59224,0,0,0,0,0,1,1,1,0,0
59225,0,0,0,0,0,0,1,1,1,0
59226,0,0,0,0,1,0,1,1,1,0
59227,0,0,0,0,1,0,0,0,1,0
59228,0,1,0,1,1,0,1,1,1,1
59229,0,1,0,0,1,0,1,1,1,0
59230,0,0,0,0,0,0,1,1,1,0
59301,0,0,0,0,1,0,1,0,1,0
59302,0,0,0,0,0,0,0,0,0,0
59303,0,0,0,0,1,0,1,0,1,0
59304,0,0,0,0,1,0,0,0,1,0
59305,0,0,0,0,1,0,1,0,1,1
59306,0,0,0,0,1,0,1,1,1,0
59307,0,1,0,0,0,0,1,0,1,1
59308,0,1,0,0,1,0,1,1,1,1
59309,0,1,0,0,1,0,1,0,1,0
59310,0,0,0,0,0,0,0,0,1,0
59311,0,0,0,0,0,0,1,0,1,1
59312,0,0,0,1,1,0,1,1,1,1
59313,0,0,0,0,0,0,1,0,1,0
59314,0,0,1,0,1,1,1,1,1,0
59315,0,0,0,0,1,0,1,1,1,1
59316,0,0,0,0,0,1,1,0,1,0
59317,0,0,0,0,1,0,1,1,1,1
59318,0,0,1,0,1,0,1,1,1,1
59319,0,0,0,0,1,0,1,0,1,1
59320,0,0,0,0,1,0,1,1,1,0
59321,1,0,0,0,0,0,1,0,1,0
59322,0,1,0,0,1,0,1,1,1,0
59323,0,0,0,0,1,0,1,0,1,1
59324,0,1,0,0,1,0,1,0,1,0
59325,0,1,0,0,1,0,1,1,1,1
59326,0,0,0,0,1,0,1,1,1,1
59327,0,0,0,0,1,0,1,1,1,0
59328,0,0,0,0,0,0,0,0,1,0
59329,0,0,0,0,1,0,1,0,1,0
59330,0,0,0,0,1,0,1,1,0,0
59401,0,0,0,0,1,1,1,1,1,1
59402,0,0,0,0,1,1,1,0,1,1
59403,0,0,0,1,1,0,1,0,1,1
59404,0,0,0,1,1,0,1,1,1,1
59405,0,0,0,1,1,0,1,1,1,1
59406,0,0,0,0,1,0,1,1,1,0
59407,0,1,0,0,1,1,1,1,1,1
59408,0,1,1,0,1,1,1,1,1,1
59409,0,0,0,1,1,0,1,1,1,1
59410,0,1,0,0,1,1,1,0,1,0
59411,0,1,1,0,1,0,1,0,1,1
59412,0,0,0,1,1,1,1,1,1,1
59413,0,0,0,0,1,0,1,1,1,0
59414,0,0,0,0,1,1,1,1,1,1
59415,0,0,0,0,1,1,1,1,1,1
59416,0,0,1,0,1,0,0,1,1,0
59417,0,0,0,0,1,0,0,0,1,0
59418,0,0,0,0,1,0,1,1,1,1
59419,0,0,0,0,1,0,0,1,1,1
59420,0,1,0,0,1,1,1,0,1,1
59421,0,1,0,0,1,0,1,1,1,1
59422,0,0,0,0,1,0,0,0,1,0
59423,0,0,0,0,1,0,1,1,1,1
59424,0,1,0,0,1,1,1,0,1,1
59425,0,0,0,1,1,1,1,1,1,1
59426,0,0,0,0,1,0,1,0,1,1
59427,0,0,0,1,1,0,1,1,1,1
59428,0,1,0,1,1,0,1,1,1,1
59429,0,0,0,0,1,1,1,1,1,1
59430,0,0,0,0,1,1,1,1,1,1
59501,0,0,0,0,1,0,1,0,1,0
59502,0,0,0,0,1,0,1,1,1,1
59503,0,1,0,1,1,0,1,1,1,1
59504,0,1,0,0,1,0,1,1,1,1
59505,0,0,1,1,1,0,1,1,1,1
59506,0,0,0,0,1,0,1,1,1,1
59507,0,0,1,0,1,0,1,1,1,1
59508,0,1,0,0,1,0,1,1,1,0
59509,0,0,0,0,1,0,1,1,1,0
59510,0,0,0,0,1,0,1,0,1,0
59511,0,1,0,0,1,0,1,1,1,1
59512,0,0,0,0,1,0,1,1,1,1
59513,0,1,1,1,1,0,1,1,1,1
59514,0,0,0,0,1,0,1,1,1,0
59515,0,0,0,0,1,0,1,0,1,0
59516,0,1,0,0,1,0,1,1,1,1
59517,0,1,0,0,1,0,1,0,1,1
59518,0,0,0,0,1,0,1,1,1,1
59519,0,1,0,0,1,0,0,0,1,1
59520,0,0,0,0,1,0,1,1,1,0
59521,0,0,0,0,1,0,1,0,1,1
59522,0,0,0,0,1,0,1,1,1,0
59523,0,0,0,0,1,0,1,1,1,1
59524,0,0,0,0,1,0,0,0,1,0
59525,0,0,0,0,1,0,1,0,1,1
59526,0,0,0,0,1,0,1,0,1,0
59527,0,1,0,0,1,0,1,0,1,1
59528,0,0,0,0,1,0,1,1,1,0
59529,0,0,0,0,1,0,1,0,1,0
59530,0,0,0,0,1,0,0,0,1,0
59601,0,0,0,0,1,0,0,1,1,1
59602,0,0,0,0,1,0,1,0,1,1
59603,0,0,0,0,1,0,0,1,1,1
59604,0,0,0,0,1,0,0,0,1,0
59605,0,1,1,0,1,0,0,1,1,1
59606,0,1,0,0,1,0,1,1,1,1
59607,0,1,0,0,1,0,1,1,1,1
59608,0,0,0,0,1,0,1,1,1,0
59609,0,1,1,0,1,0,1,0,1,1
59610,0,0,0,0,0,0,1,1,1,1
59611,0,0,0,0,1,0,1,1,1,1
59612,0,0,0,0,1,0,0,1,1,0
59613,0,0,0,0,1,0,0,1,1,1
59614,0,0,0,0,1,0,1,1,1,1
59615,1,0,0,0,1,0,0,1,1,1
59616,1,1,0,0,1,0,1,0,1,1
59617,0,0,0,1,1,0,1,1,1,1
59618,1,0,0,1,1,0,1,1,1,0
59619,0,0,0,0,1,0,0,1,1,1
59620,0,1,0,0,1,0,1,1,1,1
59621,0,0,0,1,1,0,1,1,1,1
59622,0,0,1,0,1,0,1,1,1,1
59623,0,0,0,0,1,0,1,1,1,1
59624,0,1,0,1,1,0,1,1,1,1
59625,0,0,1,0,1,0,1,1,1,1
59626,1,0,0,0,1,0,0,1,1,1
59627,1,1,1,0,1,0,1,1,1,1
59628,0,0,0,0,1,0,1,0,1,1
59629,0,0,0,0,1,0,1,1,1,1
59630,0,1,0,0,1,0,1,1,1,1
59701,0,1,0,0,1,1,1,0,1,0
59702,0,1,0,1,1,1,1,1,1,1
59703,0,0,0,0,1,0,1,0,1,0
59704,0,0,0,0,1,1,1,1,1,0
59705,0,0,0,0,1,0,1,1,1,1
59706,0,0,0,0,1,0,1,0,1,1
59707,0,0,0,0,1,1,1,1,1,0
59708,0,0,0,0,1,1,1,1,1,1
59709,0,0,0,0,1,1,1,0,1,0
59710,0,1,0,1,1,1,1,1,1,1
59711,0,0,0,0,1,1,1,1,1,1
59712,0,0,0,0,1,1,1,0,1,1
59713,0,0,0,0,1,1,1,1,1,1
59714,1,1,0,1,1,1,1,1,1,1
59715,0,0,0,0,1,1,1,1,1,0
59716,0,1,1,0,1,1,1,1,1,1
59717,1,1,0,0,1,0,1,0,1,0
59718,0,1,0,0,1,1,1,1,1,1
59719,0,0,0,0,1,1,1,1,1,1
59720,0,0,1,0,1,1,1,1,1,0
59721,0,1,0,1,1,1,1,1,1,0
59722,0,1,0,0,1,1,1,0,1,0
59723,0,0,0,0,1,1,1,1,1,1
59724,0,1,1,1,1,1,1,1,1,1
59725,0,0,0,0,1,1,1,1,1,0
59726,0,0,0,1,1,1,1,1,1,1
59727,0,0,0,0,1,1,1,1,1,0
59728,0,0,0,0,1,1,1,1,1,1
59729,0,1,0,1,1,1,1,1,1,1
59730,1,0,0,0,1,1,1,1,1,1
59801,1,0,0,0,1,0,1,1,1,0
59802,0,1,0,0,1,0,1,0,1,0
59803,0,1,0,0,1,0,1,1,1,0
59804,0,0,0,0,1,0,1,1,1,1
59805,0,0,0,0,1,0,1,1,1,1
59806,0,1,1,0,1,0,1,1,1,1
59807,0,1,1,1,1,0,1,1,1,0
59808,0,1,0,0,1,0,1,1,1,1
59809,0,0,0,0,1,0,1,1,1,1
59810,0,0,0,0,1,0,1,0,1,0
59811,0,0,0,0,1,0,1,1,1,0
59812,0,0,1,0,1,0,1,0,1,1
59813,0,1,1,0,1,0,1,1,1,1
59814,0,0,1,0,1,1,1,1,1,0
59815,0,0,0,0,1,0,1,1,1,1
59816,0,1,1,0,1,0,1,1,1,0
59817,0,1,0,0,1,1,1,1,1,0
59818,0,1,0,0,1,1,1,0,1,0
59819,0,0,0,0,1,0,1,0,1,0
59820,0,0,1,0,1,0,1,1,1,0
59821,0,1,1,0,1,0,1,1,1,1
59822,0,0,0,0,1,1,1,0,1,0
59823,0,1,0,0,1,0,1,0,1,1
59824,0,0,0,0,1,0,1,0,1,0
59825,0,0,1,0,1,0,1,0,1,0
59826,0,1,0,0,1,0,1,0,1,0
59827,0,0,0,0,1,1,1,1,1,0
59828,0,0,1,0,1,1,1,1,1,1
59829,0,1,0,0,1,1,1,0,1,0
59830,0,0,1,0,1,0,1,0,1,0
59901,0,0,0,0,1,1,1,1,1,0
59902,0,1,0,0,1,1,1,1,1,0
59903,0,1,0,0,1,1,1,1,1,1
59904,0,1,0,0,1,1,1,0,1,0
59905,0,0,0,0,1,1,1,1,1,0
59906,0,1,0,0,1,1,1,1,1,0
59907,1,0,0,0,1,1,1,1,1,0
59908,0,1,0,0,1,1,1,1,1,1
59909,0,1,0,1,1,1,1,1,1,1
59910,0,0,0,0,1,1,1,1,1,1
59911,0,0,0,0,1,1,1,1,1,0
59912,0,1,0,0,1,1,1,1,1,0
59913,0,0,0,0,1,1,1,0,1,1
59914,0,0,0,0,1,1,1,0,1,1
59915,0,0,0,1,1,1,1,1,1,1
59916,0,0,0,0,1,1,1,1,1,0
59917,0,0,1,1,1,1,1,1,1,1
59918,0,0,0,0,1,1,1,1,1,1
59919,0,0,0,0,1,1,1,1,1,1
59920,0,1,0,1,1,1,1,1,1,1
59921,0,0,0,0,1,1,1,1,1,1
59922,0,1,0,0,1,1,1,1,1,0
59923,0,1,0,0,1,1,1,1,1,0
59924,0,0,0,0,1,1,1,1,1,1
59925,0,0,0,0,1,1,1,1,1,1
59926,0,1,1,1,1,1,1,1,1,1
59927,0,0,0,0,1,1,1,1,1,1
59928,0,0,0,1,1,1,1,1,1,1
59929,0,0,0,0,1,1,1,1,1,0
59930,0,0,0,0,1,1,0,1,1,0
60001,0,0,0,0,1,1,1,1,1,0
60002,0,0,0,1,1,1,1,1,1,1
60003,0,0,0,0,1,1,1,1,1,0
60004,0,0,1,0,1,1,1,1,1,1
60005,0,1,0,0,1,1,0,1,1,0
60006,0,0,0,0,1,1,1,1,1,1
60007,1,1,0,1,1,1,1,1,1,1
60008,0,1,1,0,1,1,1,1,1,1
60009,0,0,0,0,1,1,1,1,1,1
60010,0,0,0,1,1,1,1,1,1,1
60011,0,1,0,0,1,1,1,1,1,1
60012,0,1,1,1,1,1,1,1,1,1
60013,0,0,0,0,1,1,1,1,1,1
60014,0,1,1,0,1,1,0,1,1,1
60015,0,0,0,0,1,1,1,1,1,1
60016,0,1,0,1,1,1,1,1,1,1
60017,0,1,0,1,1,1,1,1,1,1
60018,0,0,0,0,1,1,1,1,1,0
60019,0,0,0,0,1,1,1,1,1,0
60020,0,1,0,0,1,1,1,1,1,1
60021,0,1,1,0,1,1,1,1,1,0
60022,0,0,0,1,1,1,1,1,1,0
60023,0,0,1,0,1,1,1,1,1,0
60024,0,0,1,0,1,1,1,1,1,1
60025,0,0,0,0,1,1,1,1,1,1
60026,0,1,0,1,1,1,1,1,1,1
60027,0,1,0,0,1,1,1,1,1,1
60028,1,1,0,1,1,1,1,1,1,0
60029,1,1,0,0,1,1,1,1,1,0
60030,0,1,0,1,1,1,1,1,1,1
60101,0,0,0,1,1,1,1,1,1,1
60102,0,1,0,0,1,1,1,1,1,1
60103,0,0,0,0,1,1,1,1,1,1
60104,0,1,0,1,1,1,1,1,1,1
60105,1,0,0,1,1,1,1,1,1,1
60106,0,0,0,0,1,1,0,1,1,1
60107,0,1,0,1,1,1,1,1,1,1
60108,0,1,1,1,1,1,1,1,1,1
60109,1,1,0,0,1,1,0,1,1,1
60110,0,1,1,0,1,1,0,1,1,1
60111,0,0,0,1,1,1,1,1,1,1
60112,0,0,1,1,1,1,0,1,1,1
60113,1,1,0,1,1,1,0,1,1,0
60114,0,0,0,0,1,1,1,1,1,0
60115,0,1,1,1,0,1,1,1,1,0
60116,0,1,0,1,1,1,1,1,1,1
60117,1,1,0,0,1,1,0,1,1,0
60118,0,0,0,1,1,1,0,1,1,1
60119,0,0,1,0,1,1,0,1,1,1
60120,0,1,1,0,1,1,0,1,1,0
60121,1,1,0,0,1,1,0,1,1,0
60122,0,1,0,0,1,1,1,1,1,1
60123,0,1,0,0,1,1,1,1,1,1
60124,0,0,0,1,1,1,0,1,1,1
60125,0,1,0,0,1,1,1,1,1,1
60126,0,1,0,0,1,1,0,1,1,1
60127,0,1,0,0,1,1,0,1,1,1
60128,0,1,0,0,1,1,1,1,1,1
60129,1,0,0,0,1,1,0,1,1,1
60130,0,0,0,0,1,1,1,1,1,1
60201,0,0,0,0,1,0,1,1,1,1
60202,0,0,0,1,1,1,1,1,1,1
60203,0,0,0,0,1,1,1,1,1,1
60204,0,1,1,1,1,0,1,1,1,1
60205,0,0,0,0,1,0,1,1,1,1
60206,0,0,0,1,1,0,1,1,1,1
60207,1,0,1,0,1,0,1,1,1,1
60208,0,0,0,1,1,0,1,1,1,1
60209,0,0,0,0,1,1,1,1,1,1
60210,0,0,0,0,1,1,1,1,1,1
60211,0,0,0,0,1,1,1,1,1,1
60212,0,0,0,0,1,1,1,1,1,1
60213,1,0,1,1,1,0,1,1,1,1
60214,1,0,0,1,1,1,1,1,1,1
60215,0,0,0,0,1,1,1,1,1,1
60216,0,1,0,0,1,0,1,1,1,1
60217,0,0,0,0,1,0,1,1,1,1
60218,0,0,0,0,1,1,1,1,1,1
60219,0,0,0,0,1,1,1,1,1,1
60220,0,0,0,0,1,1,1,1,1,1
60221,1,0,0,0,1,1,1,1,1,0
60222,0,1,0,1,1,0,1,1,1,1
60223,0,1,1,1,1,1,1,1,1,0
60224,0,0,0,0,1,1,1,1,1,1
60225,0,0,0,0,1,1,1,1,1,1
60226,0,0,0,1,1,1,1,1,1,1
60227,0,0,0,1,1,0,1,1,1,1
60228,0,1,0,0,0,1,1,1,1,0
60229,0,0,0,0,1,1,1,1,1,1
60230,0,0,0,1,1,1,1,1,1,1
60301,1,1,0,0,1,1,1,1,1,0
60302,0,0,0,0,1,1,1,1,1,1
60303,0,0,0,1,1,1,1,1,1,1
60304,0,1,0,1,1,1,1,1,1,1
60305,0,0,0,0,1,1,1,1,1,1
60306,0,0,0,0,1,1,1,1,1,1
60307,0,1,0,0,1,1,1,1,1,1
60308,0,1,0,0,1,1,1,1,1,1
60309,0,1,0,0,1,1,1,1,1,1
60310,0,0,0,0,1,1,1,1,1,1
60311,0,1,0,0,1,1,1,1,1,1
60312,0,0,0,0,1,1,1,1,1,1
60313,0,0,1,0,1,1,1,1,1,0
60314,0,1,0,0,1,1,1,1,1,0
60315,0,1,0,0,1,1,1,1,1,1
60316,0,0,0,0,1,1,1,1,1,1
60317,0,0,1,1,1,1,1,1,1,1
60318,0,0,1,0,1,1,1,1,1,1
60319,0,0,0,1,1,1,1,1,1,1
60320,0,0,0,1,1,1,1,1,1,1
60321,0,0,0,1,1,0,1,1,1,1
60322,0,0,1,0,1,1,1,1,1,1
60323,1,0,0,1,1,1,1,1,1,1
60324,0,0,0,1,1,1,1,1,1,1
60325,0,1,0,0,1,1,1,1,1,1
60326,0,1,0,0,1,1,1,1,1,0
60327,0,1,0,0,1,1,1,1,1,1
60328,0,0,0,1,1,1,0,1,1,1
60329,0,0,0,1,1,1,1,1,1,0
60330,1,0,0,1,1,1,1,1,1,1
60401,0,0,0,0,1,1,1,1,1,1
60402,0,1,0,1,1,1,1,1,1,1
60403,0,1,0,0,1,1,1,1,1,1
60404,0,0,0,0,1,1,1,1,1,1
60405,0,1,1,0,1,1,1,1,1,1
60406,0,1,0,1,1,1,1,1,1,1
60407,0,0,0,0,1,1,1,1,1,1
60408,0,0,0,0,1,1,1,1,1,0
60409,0,1,0,1,1,1,1,1,1,0
60410,0,0,0,1,1,1,1,1,1,0
60411,0,0,0,1,1,1,1,1,1,1
60412,0,0,0,1,1,1,1,1,1,1
60413,0,0,0,1,1,1,1,1,1,1
60414,0,0,0,0,1,1,1,1,1,1
60415,0,0,1,1,1,1,1,1,1,1
60416,0,1,0,1,1,1,1,1,1,1
60417,0,0,1,0,1,1,1,1,1,1
60418,0,1,1,1,1,1,1,1,1,1
60419,0,1,0,0,1,1,1,1,1,1
60420,0,1,0,1,1,1,1,1,1,1
60421,0,1,1,1,1,1,1,1,1,1
60422,0,0,0,1,1,1,1,1,1,1
60423,0,0,0,0,1,1,1,1,1,0
60424,0,0,0,0,1,1,1,1,1,0
60425,0,1,0,1,1,1,1,1,1,1
60426,0,1,1,1,1,1,1,1,1,0
60427,0,1,0,0,1,1,1,1,1,1
60428,0,0,0,0,1,1,1,1,1,1
60429,1,1,1,0,1,1,1,1,1,1
60430,1,1,1,1,1,1,1,1,1,1
60501,0,1,0,0,1,1,1,1,1,0
60502,0,1,1,1,1,1,1,1,1,1
60503,0,0,0,0,1,1,1,1,1,0
60504,0,1,0,1,1,1,1,1,1,1
60505,0,1,0,0,1,1,1,1,1,1
60506,0,0,0,0,1,1,1,1,1,1
60507,0,0,0,0,1,1,1,1,1,1
60508,0,0,0,0,1,1,1,1,1,1
60509,0,0,0,1,1,1,1,1,1,1
60510,0,1,0,0,1,1,1,1,1,1
60511,1,1,1,0,1,1,1,1,1,1
60512,0,1,0,0,1,1,1,1,1,1
60513,1,1,1,0,1,1,1,1,1,0
60514,1,0,1,0,1,1,1,1,1,1
60515,0,,1,1,1,1,1,1,1,1
60516,0,0,0,0,1,1,1,1,1,1
60517,1,1,0,1,1,1,1,1,1,1
60518,0,0,0,0,1,1,1,1,1,0
60519,1,0,0,0,1,1,1,1,1,0
60520,0,1,1,0,1,1,1,1,1,0
60521,0,0,0,0,1,1,1,1,1,1
60522,0,1,1,1,1,0,1,1,1,1
60523,0,0,1,1,1,1,1,1,1,1
60524,0,0,0,0,1,1,1,1,1,1
60525,0,0,0,1,1,1,1,1,1,1
60526,1,1,0,1,1,1,1,1,1,1
60601,0,1,0,1,1,1,1,1,1,1
60602,0,0,0,1,1,1,1,1,1,1
60603,0,0,0,0,1,0,0,1,1,0
60604,0,1,1,0,1,0,1,1,1,1
60605,0,0,0,1,1,0,0,1,1,1
60606,0,0,0,0,1,0,0,1,1,1
60607,0,1,1,0,1,0,1,1,1,1
60608,0,1,0,1,1,0,1,1,1,1
60609,0,1,0,0,1,1,1,1,1,0
60610,0,0,0,1,1,0,1,1,1,1
60611,0,1,1,1,1,0,1,1,1,1
60612,0,0,0,0,1,1,1,1,1,0
60613,0,0,0,0,1,1,1,1,1,1
60614,0,1,0,1,1,1,1,1,1,1
60615,0,0,1,1,1,0,0,1,1,1
60616,0,1,0,0,1,1,0,1,1,1
60617,0,0,1,1,1,1,1,1,1,1
60618,0,1,0,1,1,1,0,1,1,1
60619,0,0,1,1,1,1,1,1,1,1
60620,0,0,0,0,1,1,0,1,1,0
60621,0,1,0,0,1,1,1,1,1,1
60622,0,0,0,0,1,1,0,1,1,1
60623,0,0,1,0,1,0,0,1,1,0
60624,0,0,0,0,1,0,1,1,1,1
60625,0,1,0,1,1,1,1,0,1,0
60626,0,0,0,0,0,1,1,1,1,1
60627,0,0,0,1,1,0,1,1,1,1
60628,0,0,0,1,1,0,1,1,1,1
60629,0,1,0,1,1,1,0,1,1,1
60630,0,0,1,0,1,1,0,1,1,0
60701,0,1,0,1,1,1,1,1,1,1
60702,0,0,0,0,1,1,1,1,1,1
60703,0,1,0,1,1,1,1,1,1,1
60704,0,1,0,1,1,0,0,1,1,1
60705,0,0,0,0,1,1,1,1,1,0
60706,0,1,0,0,1,1,1,1,1,1
60707,0,0,0,0,1,1,0,1,1,1
60708,0,1,0,1,1,1,1,1,1,1
60709,0,0,0,1,1,1,1,1,1,1
60710,0,0,0,0,1,1,1,1,1,1
60711,0,0,0,1,1,1,1,1,1,1
60712,0,1,0,0,1,1,1,1,1,0
60713,0,1,0,1,1,1,1,1,1,1
60714,0,1,1,0,1,1,1,1,1,1
60715,0,1,0,0,1,1,1,1,1,1
60716,0,1,1,0,1,1,1,1,1,1
60717,0,0,0,0,1,1,1,1,1,1
60718,0,0,0,1,1,1,1,1,1,1
60719,1,0,1,1,1,1,1,1,1,1
60720,1,1,0,0,1,1,1,1,1,1
60721,1,1,0,1,1,1,1,1,1,1
60722,0,0,0,0,1,1,1,1,1,1
60723,0,0,0,0,1,1,1,1,1,1
60724,0,1,1,1,1,1,1,1,1,1
60725,0,1,1,0,1,1,1,1,1,1
60726,0,0,0,1,1,1,1,1,1,1
60727,0,0,0,1,1,1,1,1,1,1
60728,0,1,0,1,1,1,1,1,1,1
60729,0,0,0,0,1,1,1,1,1,1
60730,0,0,0,1,1,1,1,1,1,1
60801,0,1,0,1,1,1,1,1,1,1
60802,1,0,0,0,1,1,1,1,1,1
60803,0,0,0,0,1,1,0,1,1,1
60804,1,0,0,0,1,1,1,1,1,0
60805,0,0,0,1,1,1,1,1,1,1
60806,0,0,0,0,1,1,1,1,1,1
60807,1,0,1,0,1,1,1,1,1,1
60808,0,0,0,1,1,1,1,1,1,1
60809,1,1,0,1,1,1,0,1,1,1
60810,0,0,0,0,1,1,0,1,1,1
60811,0,0,0,0,1,1,1,1,1,1
60812,0,0,0,0,1,1,0,1,1,0
60813,0,0,0,0,1,1,1,1,1,0
60814,0,1,0,1,1,1,1,1,1,0
60815,0,0,0,1,1,1,1,1,1,1
60816,0,0,0,1,1,1,0,1,1,0
60817,1,0,0,0,1,1,1,1,1,0
60818,0,0,0,0,1,1,1,1,1,1
60819,0,0,0,0,1,1,0,1,1,0
60820,0,0,0,0,1,1,1,1,1,0
60821,0,1,0,0,1,1,1,1,1,1
60822,0,1,0,0,1,1,1,1,1,0
60823,0,1,0,0,1,1,1,1,1,0
60824,0,0,0,0,1,1,1,1,1,1
60825,0,0,0,0,1,1,0,1,1,0
60826,0,1,0,0,1,1,1,1,1,0
60827,0,1,0,0,1,1,1,1,1,1
60828,0,0,0,0,1,1,1,1,1,1
60829,0,0,0,1,1,1,1,1,1,1
60830,0,0,1,0,1,1,1,1,1,0
60901,0,0,1,0,1,1,1,1,1,1
60902,0,0,0,0,1,1,1,1,1,1
60903,0,0,0,1,1,1,1,1,1,1
60904,0,1,0,0,1,1,1,1,1,0
60905,0,1,0,1,1,1,1,1,1,1
60906,0,1,1,0,1,1,1,1,1,1
60907,0,0,0,0,1,1,1,1,1,1
60908,0,0,0,0,1,1,1,1,1,1
60909,0,0,0,0,1,1,1,1,1,1
60910,0,0,0,0,1,1,1,1,1,0
60911,0,0,0,1,1,1,1,1,1,1
60912,0,0,0,0,1,1,1,1,1,1
60913,0,0,1,1,1,1,1,1,1,1
60914,0,1,0,0,1,1,1,1,1,1
60915,0,1,1,1,1,1,1,1,1,1
60916,0,1,1,1,1,1,1,1,1,1
60917,0,1,0,0,1,1,1,1,1,1
60918,0,1,0,1,1,1,1,1,1,1
60919,0,0,0,0,1,1,1,1,1,0
60920,0,0,0,1,1,1,1,1,1,1
60921,0,1,0,0,1,1,1,1,1,1
60922,0,1,0,1,1,1,1,1,1,1
60923,0,1,1,0,1,1,1,1,1,0
60924,0,1,1,0,1,1,1,1,1,1
60925,0,0,0,1,1,1,1,1,1,1
60926,0,0,0,0,1,1,1,1,1,1
60927,0,0,0,0,1,0,1,1,1,1
60928,0,0,0,0,1,1,1,1,1,1
60929,0,0,0,0,1,1,1,1,1,1
60930,0,0,0,1,1,1,1,1,1,1
61001,0,0,0,0,1,0,0,1,1,1
61002,0,0,0,0,1,0,1,1,1,0
61003,0,1,0,1,1,0,1,1,1,1
61004,0,1,1,0,1,0,1,1,1,1
61005,1,0,1,0,1,0,1,1,1,1
61006,0,0,0,0,1,1,1,1,1,1
61007,0,1,0,0,1,1,1,1,1,0
61008,0,1,1,0,1,1,1,1,1,1
61009,0,1,1,0,1,1,1,1,1,0
61010,0,0,1,0,1,1,1,1,1,0
61011,0,0,0,1,1,1,1,1,1,1
61012,0,1,1,0,1,1,0,1,1,0
61013,0,0,1,0,1,1,1,1,1,1
61014,0,0,0,0,1,1,0,1,1,1
61015,0,1,0,0,1,1,1,1,1,0
61016,0,0,0,1,1,1,0,1,1,1
61017,0,1,0,0,1,1,0,1,1,1
61018,0,0,1,0,1,1,1,1,1,1
61019,0,0,0,1,1,1,1,1,1,1
61020,0,0,1,0,1,1,1,1,1,1
61021,0,0,0,0,1,0,1,1,1,0
61022,0,0,0,1,1,0,1,1,1,1
61023,0,0,0,1,1,1,1,1,1,1
61024,0,1,0,1,1,0,1,1,1,0
61025,0,0,0,1,0,1,1,1,1,1
61026,0,1,0,0,1,1,1,1,1,1
61027,0,1,1,0,1,1,1,1,1,1
61028,0,1,0,0,1,0,1,1,1,1
61029,0,1,0,0,1,0,1,1,1,1
61030,0,0,0,1,1,0,1,1,1,1
61101,0,0,0,0,1,1,1,1,1,1
61102,0,0,0,0,0,0,1,0,1,0
61103,0,0,0,0,1,1,1,1,1,1
61104,0,0,0,0,1,1,1,1,1,1
61105,0,0,1,0,1,1,1,1,1,0
61106,0,1,0,0,1,1,1,1,1,1
61107,0,0,0,0,1,0,1,0,1,0
61108,1,0,0,0,1,0,1,1,1,0
61109,0,1,0,0,1,1,1,1,1,1
61110,0,0,0,0,1,1,1,1,1,0
61111,0,0,0,0,1,1,1,1,1,1
61112,0,1,0,0,1,1,1,1,1,1
61113,0,1,0,0,1,0,1,1,1,0
61114,0,0,0,0,1,1,1,1,1,1
61115,0,0,0,0,1,0,1,1,1,1
61116,0,0,0,0,1,1,1,1,1,1
61117,1,0,0,0,1,1,1,1,1,1
61118,0,0,0,0,0,0,1,1,1,0
61119,0,0,0,0,1,1,1,0,1,1
61120,0,0,0,0,1,0,1,0,1,0
61121,0,0,0,1,1,1,1,1,1,1
61122,0,0,0,0,1,1,1,1,1,1
61123,0,0,0,0,1,1,1,1,1,1
61124,0,0,0,0,1,0,1,0,1,0
61125,0,1,0,0,1,1,1,1,1,1
61126,0,0,0,0,1,0,1,0,1,0
61127,0,0,0,0,1,1,1,1,1,1
61128,0,0,0,0,1,1,1,1,1,1
61129,0,0,0,0,1,1,1,1,1,0
61130,0,1,0,0,1,1,1,1,1,1
61201,0,0,0,0,1,0,1,0,1,0
61202,0,1,0,0,1,1,1,1,1,1
61203,0,0,0,0,1,1,1,1,1,1
61204,0,1,0,0,1,1,1,1,1,0
61205,0,0,0,0,1,1,1,1,0,1
61206,0,0,0,0,1,1,1,1,1,1
61207,0,1,0,0,1,1,1,1,1,1
61208,1,0,0,0,1,0,1,1,1,1
61209,0,0,0,0,1,1,1,1,1,1
61210,0,1,0,0,1,1,1,1,1,1
61211,0,0,0,0,1,1,1,1,1,0
61212,0,0,0,0,1,1,1,1,1,1
61213,0,0,0,0,1,1,1,1,1,0
61214,0,0,0,0,1,0,1,1,1,1
61215,0,1,0,0,1,1,1,1,1,1
61216,0,0,0,1,1,1,1,1,1,1
61217,0,0,0,0,1,1,1,1,1,1
61218,1,1,1,0,1,1,1,1,1,1
61219,0,1,0,0,1,1,1,1,1,0
61220,0,0,0,0,1,0,1,0,1,1
61221,0,1,0,0,1,0,1,1,1,0
61222,0,0,0,0,1,1,1,1,1,1
61223,0,1,0,0,1,0,1,1,1,1
61224,0,1,0,0,1,0,1,1,1,0
61225,0,0,0,0,1,1,1,1,1,0
61226,0,1,0,1,1,1,1,1,1,1
61227,0,0,0,0,1,1,1,1,1,1
61228,0,0,0,1,1,1,1,1,1,1
61229,0,1,0,0,1,0,1,0,1,0
61230,0,0,0,0,1,0,1,1,1,0
61301,0,0,0,0,1,1,1,1,1,0
61302,0,1,0,0,0,1,1,1,1,0
61303,0,0,0,0,1,1,1,1,1,0
61304,0,1,0,0,1,1,1,1,1,0
61305,0,0,0,0,1,1,1,1,1,1
61306,1,0,0,0,1,1,1,1,1,1
61307,0,1,0,0,0,1,1,1,1,0
61308,0,1,0,1,1,1,1,1,1,0
61309,0,0,0,0,1,1,1,1,1,1
61310,0,0,0,1,1,1,1,1,1,1
61311,0,1,0,0,1,1,1,1,1,0
61312,0,1,0,0,1,1,1,1,1,0
61313,0,0,0,0,1,1,1,1,1,0
61314,0,0,0,0,1,1,1,1,1,0
61315,0,0,0,0,1,1,1,1,1,1
61316,1,0,0,0,1,1,1,1,1,0
61317,0,0,0,0,1,1,1,1,1,0
61318,0,1,0,0,1,1,1,1,1,1
61319,0,1,0,0,1,1,1,1,1,1
61320,0,0,0,0,1,1,1,1,1,1
61321,0,0,0,0,0,1,1,1,1,1
61322,0,0,0,0,1,1,1,1,1,0
61323,0,0,0,0,1,1,1,0,1,0
61324,0,0,0,0,1,1,1,1,1,1
61325,0,1,0,0,1,1,1,1,1,1
61326,0,0,0,0,1,1,1,1,1,1
61327,0,1,0,0,0,1,1,1,1,0
61328,0,0,0,0,1,1,1,1,1,1
61329,0,0,0,0,1,1,1,1,1,1
61330,0,0,0,0,1,1,1,1,1,1
61401,0,1,0,0,1,1,1,1,1,0
61402,0,1,0,0,1,1,1,1,1,0
61403,0,0,0,0,1,1,1,1,1,1
61404,0,0,0,0,1,1,1,1,1,1
61405,0,0,0,0,1,1,1,1,1,0
61406,0,0,0,0,1,1,1,1,1,0
61407,0,0,0,0,1,1,1,1,1,1
61408,0,0,0,0,1,1,1,1,1,1
61409,0,0,0,0,1,1,1,1,1,0
61410,0,0,0,0,1,1,1,1,1,1
61411,0,0,0,1,1,1,1,1,1,1
61412,0,1,0,0,0,1,1,1,1,0
61413,0,0,0,0,0,1,1,1,1,1
61414,0,0,0,0,0,1,1,1,1,0
61415,0,0,1,0,1,1,1,1,1,1
61416,0,0,0,0,1,1,1,1,1,1
61417,0,0,0,0,1,1,1,1,1,1
61418,0,0,1,0,1,1,1,1,1,0
61419,0,1,0,0,0,1,1,1,1,0
61420,0,1,0,0,1,1,1,1,1,1
61421,0,1,0,0,0,1,1,1,1,0
61422,0,1,1,0,0,1,1,1,1,0
61423,0,0,1,0,1,1,1,1,1,0
61424,0,0,0,0,0,1,1,0,1,0
61425,0,,0,0,1,1,1,1,1,0
61426,0,0,0,0,1,1,1,1,1,0
61427,1,1,1,0,1,1,1,1,1,1
61428,0,0,1,0,1,1,1,1,1,0
61429,0,0,0,0,0,1,1,1,1,0
61430,0,1,0,0,0,1,1,0,1,0
61501,0,1,0,0,1,1,0,1,1,0
61502,0,1,0,0,1,1,1,1,1,0
61503,0,0,0,0,1,1,1,1,1,1
61504,0,0,0,1,1,1,0,1,1,1
61505,0,0,0,0,1,1,0,1,1,1
61506,0,0,0,0,1,1,1,1,1,0
61507,0,0,0,0,1,1,0,1,1,1
61508,0,0,0,0,1,1,1,1,1,1
61509,0,0,0,0,1,1,1,1,1,1
61510,0,1,0,0,1,1,1,1,1,1
61511,0,0,0,0,1,1,1,1,1,1
61512,0,0,0,0,1,1,1,1,1,1
61513,0,1,0,0,1,1,0,1,1,0
61514,1,0,1,0,1,1,0,1,1,0
61515,0,1,0,0,1,1,0,1,1,1
61516,1,0,0,0,1,1,1,1,1,0
61517,0,0,0,0,1,1,1,1,1,1
61518,0,1,1,1,1,1,0,1,1,1
61519,0,0,0,0,1,1,0,1,1,1
61520,0,0,0,0,1,1,0,1,1,1
61521,0,1,0,0,1,1,0,1,1,1
61522,0,0,0,0,1,1,1,1,1,1
61523,0,0,0,0,1,1,1,1,1,1
61524,0,0,0,0,1,1,0,1,1,0
61525,0,1,1,0,1,1,1,1,1,1
61526,0,1,0,0,1,1,1,1,1,1
61527,0,1,0,0,1,0,0,1,1,0
61528,0,0,0,1,1,1,0,1,1,1
61529,0,0,0,1,1,1,1,1,1,1
61530,0,0,0,0,1,1,1,1,0,1
61601,0,1,1,0,1,1,0,1,1,1
61602,1,1,0,0,1,1,0,1,1,1
61603,0,0,0,0,1,1,0,1,1,1
61604,1,0,0,0,1,1,1,1,1,1
61605,1,0,0,0,1,1,1,1,1,1
61606,0,0,0,0,1,1,0,1,1,1
61607,1,0,0,0,1,1,1,1,1,1
61608,0,1,0,0,1,1,0,1,1,0
61609,0,1,0,0,1,1,1,1,1,1
61610,0,0,0,0,1,1,1,1,1,1
61611,0,1,0,0,1,1,0,1,1,0
61612,0,0,0,0,1,1,0,1,1,1
61613,0,0,0,0,1,1,0,1,1,1
61614,0,0,0,0,1,1,1,1,1,0
61615,0,0,0,0,1,1,0,1,1,0
61616,0,1,0,0,1,1,0,1,1,1
61617,0,0,0,0,1,1,0,1,1,1
61618,0,1,0,0,1,1,0,1,1,1
61619,0,0,0,0,1,1,0,1,1,1
61620,1,0,0,0,1,1,0,1,1,0
61621,0,1,0,0,1,1,0,1,1,1
61622,0,0,0,0,1,1,1,1,1,1
61623,0,0,0,0,1,1,1,1,1,1
61624,1,0,0,0,1,1,0,1,1,0
61625,0,0,0,1,1,1,1,1,1,1
61626,0,0,0,0,1,1,1,1,1,1
61627,0,0,0,0,1,1,1,1,1,0
61628,0,0,0,0,1,1,0,1,1,1
61629,0,1,0,0,1,1,0,1,1,0
61630,0,0,0,0,1,1,1,1,1,1
61701,0,0,0,1,1,1,1,1,1,1
61702,0,0,0,0,1,1,1,1,1,1
61703,0,0,0,0,0,1,0,1,1,0
61704,0,0,0,0,1,1,0,1,1,1
61705,0,0,0,0,1,1,0,1,1,1
61706,0,1,0,0,1,1,1,1,1,1
61707,0,0,0,0,1,1,1,1,1,1
61708,0,1,0,0,1,1,0,1,1,1
61709,1,1,0,0,1,1,0,1,1,1
61710,0,0,0,0,1,1,0,1,1,1
61711,0,0,0,0,1,1,1,1,1,1
61712,0,1,0,0,0,1,0,1,1,1
61713,0,1,0,0,1,1,1,1,1,1
61714,0,0,0,0,1,1,0,1,1,1
61715,0,0,0,0,1,1,1,1,1,1
61716,0,0,0,1,1,1,1,1,1,1
61717,0,0,0,1,1,1,1,1,1,1
61718,0,1,0,0,1,1,0,1,1,1
61719,0,0,1,0,1,1,0,1,1,1
61720,0,0,0,0,1,1,1,1,1,1
61721,0,1,0,0,1,1,0,1,1,1
61722,0,1,1,0,1,1,1,1,1,1
61723,0,1,0,0,1,1,0,1,1,1
61724,0,1,0,0,1,1,0,1,1,1
61725,0,1,0,0,1,1,0,1,1,1
61726,0,0,0,0,1,1,1,1,1,1
61727,0,0,0,0,1,1,0,1,1,0
61728,0,0,0,0,1,1,0,1,1,0
61729,0,0,0,0,1,1,0,1,1,0
61730,1,0,0,0,1,1,0,1,1,1
61801,0,1,0,0,1,1,1,1,1,1
61802,0,0,0,0,1,1,1,1,1,1
61803,1,1,0,0,1,1,1,1,1,1
61804,0,0,0,1,1,1,1,1,1,1
61805,1,0,0,0,1,1,1,1,1,1
61806,0,1,1,0,1,1,1,1,1,1
61807,0,1,0,0,1,1,1,1,1,1
61808,1,0,0,0,1,1,1,1,1,1
61809,0,0,0,0,1,1,1,1,1,0
61810,0,0,1,0,1,1,1,1,1,1
61811,0,0,0,1,1,1,1,1,1,1
61812,0,1,0,0,1,1,1,1,1,1
61813,0,0,0,1,1,1,0,1,1,1
61814,0,1,0,0,1,1,1,1,1,0
61815,0,0,0,0,1,1,1,1,1,1
61816,0,1,0,0,1,1,1,1,1,1
61817,0,0,0,1,1,1,0,1,1,1
61818,0,1,0,1,1,1,0,1,1,1
61819,0,1,1,0,1,1,1,1,1,1
61820,0,0,0,0,1,1,1,1,1,1
61821,0,0,1,0,1,1,1,1,1,1
61822,1,1,1,1,1,1,1,1,1,1
61823,0,1,1,0,1,1,1,1,1,1
61824,0,0,0,0,1,1,1,1,1,1
61825,0,0,0,0,1,1,0,1,1,1
61826,0,0,0,0,1,1,1,1,1,0
61827,0,0,1,0,1,1,1,1,1,1
61828,0,0,0,0,1,1,0,1,1,1
61829,0,0,0,0,1,1,1,1,1,1
61830,0,0,0,0,1,1,1,1,1,1
61901,0,1,1,1,1,1,1,1,1,1
61902,0,0,0,1,1,1,1,1,1,1
61903,1,0,1,1,1,1,1,1,1,1
61904,0,0,0,0,1,1,1,1,1,1
61905,0,0,0,1,1,1,0,1,1,1
61906,1,0,1,0,1,1,0,1,1,1
61907,0,1,0,0,1,1,1,1,1,1
61908,0,1,0,0,1,1,1,1,1,1
61909,1,0,0,0,1,1,1,1,1,1
61910,0,1,0,0,1,1,0,1,1,1
61911,0,1,0,0,1,1,0,1,1,1
61912,0,1,1,0,1,1,1,1,1,1
61913,0,,0,1,1,1,1,1,1,1
61914,0,0,0,0,1,1,0,1,1,1
61915,0,0,0,1,1,1,1,1,1,1
61916,0,,0,0,1,1,1,1,1,1
61917,0,0,0,1,1,1,1,1,1,1
61918,0,1,1,1,1,1,1,1,1,1
61919,0,0,1,0,1,1,1,1,1,1
61920,0,0,0,1,1,1,1,1,1,1
61921,0,0,0,0,1,1,1,1,1,1
61922,0,0,0,1,1,1,1,1,1,1
61923,0,1,0,0,1,1,1,1,1,1
61924,0,0,0,0,1,1,1,1,1,1
61925,0,0,1,0,1,1,0,1,1,0
61926,0,0,0,0,1,1,1,1,1,1
61927,0,0,0,1,1,1,1,1,1,1
61928,0,1,0,0,1,1,1,1,1,1
61929,0,0,0,0,1,1,1,1,1,1
61930,0,0,0,1,1,1,1,1,1,0
62001,0,0,1,1,1,1,1,1,1,1
62002,0,0,1,0,1,1,1,1,1,1
62003,0,1,1,0,1,1,1,1,1,1
62004,0,0,1,1,1,1,1,1,1,1
62005,1,1,0,1,1,1,1,1,1,1
62006,0,0,1,0,1,1,1,1,1,1
62007,0,0,1,1,1,1,1,1,1,1
62008,0,0,1,1,1,1,1,1,1,1
62009,0,1,1,1,1,1,1,1,1,1
62010,0,1,1,1,1,1,1,1,1,1
62011,1,0,1,1,1,1,1,1,1,1
62012,0,0,1,1,1,1,1,1,1,1
62013,0,0,0,1,1,1,1,1,1,1
62014,0,1,1,1,1,1,1,1,1,1
62015,0,0,1,1,1,1,1,1,1,1
62016,0,0,1,1,1,1,1,1,1,1
62017,0,0,1,0,1,1,1,1,1,1
62018,0,0,0,1,1,1,1,1,1,1
62019,0,0,1,1,1,1,1,1,1,1
62020,0,0,1,1,1,1,1,1,1,1
62021,0,0,0,1,1,1,0,1,1,1
62022,1,0,1,1,1,1,1,1,1,1
62023,0,1,1,1,1,1,1,1,1,0
62024,1,0,0,1,1,1,1,1,1,0
62025,0,1,0,0,1,1,1,1,1,1
62026,0,1,1,1,1,1,1,1,1,1
62027,1,0,0,1,1,1,1,1,1,1
62028,0,1,0,0,1,1,1,1,1,1
62029,0,0,0,1,1,1,1,1,1,1
62030,0,1,0,1,1,1,0,1,1,0
62101,0,0,0,0,0,1,1,1,1,0
62102,0,1,0,0,1,1,1,1,1,1
62103,0,1,0,0,1,1,1,1,1,1
62104,0,0,0,0,1,1,1,1,1,0
62105,0,1,0,0,1,1,1,1,1,0
62106,1,1,0,0,1,1,1,1,1,1
62107,0,0,0,0,1,1,1,1,1,1
62108,0,0,0,0,1,1,1,1,1,0
62109,0,1,1,0,0,1,1,1,1,0
62110,0,1,1,0,1,1,1,1,1,1
62111,0,1,0,0,1,1,1,1,1,1
62112,0,0,0,0,1,1,1,1,1,1
62113,0,0,1,0,0,1,1,1,1,0
62114,0,1,0,0,1,1,1,1,1,1
62115,0,1,0,0,1,1,1,1,1,1
62116,0,1,0,0,1,1,1,1,1,1
62117,0,0,0,0,1,1,1,1,1,1
62118,0,1,1,1,1,1,1,1,1,0
62119,0,0,0,0,1,1,1,1,1,0
62120,0,1,0,0,1,1,1,1,1,1
62121,0,0,0,0,1,1,1,1,1,1
62122,0,0,0,0,1,1,1,1,1,0
62123,0,0,0,1,1,1,1,1,1,1
62124,0,1,1,0,1,1,1,1,1,1
62125,0,0,0,0,1,1,1,1,1,1
62126,0,0,0,1,1,1,1,1,1,1
62127,0,1,1,1,1,1,1,1,1,1
62128,0,1,0,0,1,1,1,1,1,1
62129,0,1,1,0,1,1,1,1,1,1
62130,0,0,0,0,1,1,1,1,1,1
62201,0,0,0,0,1,1,1,1,1,0
62202,0,1,0,0,1,1,1,1,1,0
62203,0,0,1,1,1,1,1,1,1,1
62204,0,0,0,0,1,1,1,1,1,0
62205,0,0,0,0,1,1,1,1,1,1
62206,0,1,0,0,1,1,1,1,1,1
62207,0,1,0,0,1,1,1,1,1,1
62208,0,0,0,0,1,1,1,1,1,1
62209,0,1,0,1,1,1,1,1,1,1
62210,0,0,1,0,1,1,1,1,0,1
62211,1,1,0,0,1,1,1,1,1,1
62212,0,0,1,0,1,1,1,1,1,1
62213,0,0,0,0,1,1,1,1,1,0
62214,0,0,0,0,0,1,1,1,1,0
62215,1,0,0,0,0,1,1,1,1,0
62216,0,0,0,1,1,1,1,1,1,0
62217,0,0,0,0,1,1,1,1,1,1
62218,0,0,1,1,1,1,1,1,1,1
62219,0,0,0,1,1,1,1,1,1,1
62220,0,0,0,0,1,1,1,1,1,1
62221,0,0,0,0,1,1,1,1,1,1
62222,0,1,0,0,1,1,1,1,1,1
62223,0,1,1,0,1,1,1,1,1,0
62224,0,1,0,1,1,1,1,1,1,1
62225,0,1,0,0,0,1,1,1,1,0
62226,0,0,1,0,0,1,1,1,1,1
62227,0,1,0,0,1,1,1,1,1,1
62228,0,1,0,0,1,1,1,1,1,1
62229,0,0,0,0,1,1,1,1,1,1
62230,0,1,1,1,1,1,1,1,1,1
62301,0,0,0,1,1,1,1,1,1,1
62302,0,1,0,0,1,1,1,1,1,0
62303,0,0,1,1,1,1,1,1,1,1
62304,0,0,0,0,1,1,1,1,1,1
62305,0,0,0,1,1,1,1,1,1,1
62306,0,1,0,0,1,1,1,1,1,1
62307,1,0,0,0,1,1,1,1,1,1
62308,0,1,1,0,1,1,1,1,1,1
62309,0,0,0,0,1,1,1,1,1,1
62310,0,1,0,0,1,1,1,1,1,1
62311,0,1,0,0,1,1,1,1,1,1
62312,0,0,0,1,1,1,1,1,1,1
62313,0,1,0,0,1,1,1,1,1,1
62314,0,1,1,0,1,1,1,1,1,1
62315,0,1,0,0,1,1,1,1,1,1
62316,0,1,0,0,1,1,1,1,1,1
62317,0,0,1,0,1,1,1,1,1,1
62318,0,1,0,0,1,1,1,1,0,1
62319,0,1,0,0,1,1,1,1,1,1
62320,0,1,0,1,1,1,1,1,1,1
62321,0,1,1,1,0,1,1,1,1,0
62322,0,0,0,0,0,1,1,1,1,0
62323,0,1,0,0,1,1,1,1,1,0
62324,0,1,0,1,1,1,1,1,1,1
62325,0,1,0,0,0,1,1,1,1,1
62326,0,1,0,0,1,1,1,1,1,1
62327,0,1,0,0,1,1,1,1,1,1
62328,0,0,0,0,1,1,1,1,1,0
62329,0,1,0,0,1,1,1,1,1,1
62330,0,0,0,0,1,1,1,1,1,1
62401,0,1,1,0,1,1,1,1,1,1
62402,0,1,0,0,1,1,1,1,1,1
62403,0,0,0,0,1,1,1,1,1,1
62404,0,0,1,0,1,1,1,1,1,1
62405,0,0,0,0,1,1,1,1,1,1
62406,0,1,0,0,1,1,1,1,1,1
62407,0,0,0,0,0,1,1,1,1,0
62408,0,0,0,0,1,1,1,1,1,0
62409,0,0,0,0,1,1,1,1,1,1
62410,1,1,1,1,1,1,1,1,1,1
62411,0,0,0,,1,1,1,1,1,1
62412,0,1,1,0,1,1,1,1,1,0
62413,0,0,0,0,1,1,1,1,1,1
62414,0,0,1,0,1,1,1,1,1,0
62415,0,1,1,1,1,1,1,1,1,1
62416,0,0,0,1,1,1,1,1,1,1
62417,0,1,1,1,1,1,1,1,1,1
62418,1,1,0,0,1,1,1,1,1,1
62419,0,1,1,1,1,1,1,1,1,1
62420,0,0,0,0,1,1,1,1,1,1
62421,0,0,1,1,1,1,1,1,1,1
62422,0,0,0,1,1,1,1,1,1,1
62423,0,0,0,0,1,1,1,1,1,1
62424,1,1,1,1,1,1,1,1,1,1
62425,0,1,0,0,1,1,1,1,1,1
62426,0,1,1,0,1,1,1,1,1,1
62427,0,1,0,0,1,1,1,1,1,1
62428,0,1,0,0,1,1,1,1,1,1
62429,0,1,0,0,1,1,1,1,1,1
62430,1,1,1,1,1,1,1,1,1,1
62501,1,1,0,0,1,1,0,1,1,0
62502,0,0,0,0,1,1,1,1,1,1
62503,0,0,0,0,1,1,1,1,1,1
62504,0,0,0,1,1,1,1,1,1,1
62505,1,1,0,1,1,1,1,1,1,1
62506,0,0,0,0,1,1,1,1,1,1
62507,0,0,0,0,1,1,1,1,1,1
62508,0,0,0,0,1,1,1,1,1,1
62509,0,0,0,1,1,1,1,1,1,1
62510,0,1,0,0,1,1,1,1,1,1
62511,0,1,0,1,1,1,1,1,1,1
62512,0,1,0,0,1,1,1,1,1,1
62513,0,0,0,0,1,1,1,1,1,1
62514,1,1,0,0,1,1,1,1,1,1
62515,0,1,0,1,1,1,1,1,1,1
62516,0,0,0,1,1,1,1,1,1,1
62517,0,0,1,0,1,1,1,1,1,1
62518,0,0,0,0,1,1,1,1,1,1
62519,0,0,0,0,1,1,1,1,1,1
62520,0,0,0,0,1,1,1,1,1,1
62521,0,1,0,0,1,1,1,1,1,1
62522,1,1,0,0,1,1,1,1,1,1
62523,0,0,0,0,1,1,1,1,1,0
62524,1,1,1,0,1,1,1,1,1,1
62525,0,0,1,0,1,1,1,1,1,1
62526,0,1,0,0,1,1,1,1,1,1
62527,0,1,0,0,1,1,1,1,1,0
62528,1,0,0,0,1,1,1,1,1,1
62529,1,1,0,0,1,1,0,1,1,1
62530,0,1,0,1,1,1,0,1,1,1
62601,1,1,0,1,1,1,1,1,1,1
62602,0,1,0,0,0,1,1,1,1,0
62603,0,0,0,0,1,1,1,1,1,1
62604,0,1,0,1,1,1,1,1,1,1
62605,0,0,0,0,0,1,1,1,1,0
62606,0,1,0,1,1,1,1,1,1,1
62607,0,0,0,0,1,1,1,1,1,1
62608,0,1,0,1,1,1,1,1,1,1
62609,0,1,0,0,1,1,1,1,1,1
62610,0,1,0,0,1,1,1,1,1,1
62611,0,0,0,0,1,1,0,1,1,1
62612,0,0,0,0,0,1,1,1,1,0
62613,0,1,0,0,1,1,1,1,1,1
62614,1,1,0,0,1,1,1,1,1,0
62615,0,0,0,0,1,1,1,1,1,1
62616,1,0,0,0,1,1,1,1,1,0
62617,0,1,0,1,1,1,1,1,1,0
62618,0,0,0,0,1,1,1,1,1,0
62619,0,1,0,0,1,1,1,1,1,0
62620,1,0,0,1,1,1,1,1,1,1
62621,0,1,0,0,1,1,1,1,1,0
62622,0,0,0,0,1,1,1,1,1,1
62623,0,1,0,0,1,1,1,1,1,1
62624,0,1,0,0,0,1,1,1,1,0
62625,0,0,0,0,1,1,1,1,1,1
62626,1,1,0,0,1,1,1,1,1,1
62627,0,1,0,0,1,1,1,1,1,1
62628,0,1,1,0,1,1,1,1,0,1
62629,0,0,0,0,0,1,1,1,1,1
62630,0,0,0,0,1,1,0,1,1,1
62701,1,0,0,0,1,1,1,1,1,1
62702,0,0,0,1,1,1,1,1,1,1
62703,0,1,0,0,1,1,1,1,1,0
62704,0,1,0,0,1,1,1,1,1,1
62705,0,1,0,0,1,1,1,1,1,1
62706,0,1,0,0,1,1,1,1,1,1
62707,0,0,0,0,1,1,1,1,1,1
62708,0,1,0,0,1,1,1,1,1,1
62709,0,0,1,0,1,1,1,1,1,1
62710,1,1,0,0,1,1,1,1,1,1
62711,1,1,0,0,1,1,1,1,1,0
62712,1,0,0,1,1,1,1,1,1,1
62713,0,1,0,1,1,1,1,1,1,1
62714,0,0,0,0,1,1,0,1,1,1
62715,0,1,0,0,1,1,1,1,1,1
62716,0,0,0,0,1,1,1,1,1,0
62717,0,1,0,0,0,1,1,1,1,1
62718,0,1,0,0,1,1,1,1,1,1
62719,0,0,0,0,1,1,1,1,1,1
62720,0,1,0,0,1,1,1,1,1,1
62721,0,0,0,0,1,1,1,1,1,1
62722,1,0,0,0,1,1,1,1,1,1
62723,0,0,0,0,1,1,1,1,1,1
62724,0,0,1,0,1,1,1,1,1,1
62725,1,1,0,1,1,1,1,1,1,1
62726,0,0,0,0,1,1,1,1,1,1
62727,1,0,0,0,1,1,1,1,1,1
62728,1,0,0,0,1,1,1,1,1,1
62729,1,1,0,0,1,1,1,1,1,1
62730,0,0,0,1,1,1,1,1,1,1
62801,1,0,0,0,1,1,1,1,1,0
62802,1,1,0,0,1,1,1,1,1,0
62803,1,0,0,0,1,1,1,1,1,1
62804,0,0,0,0,1,1,1,1,1,1
62805,1,1,0,0,1,1,1,1,1,1
62806,0,,0,0,1,1,1,1,1,1
62807,0,1,0,0,1,1,1,1,1,1
62808,1,1,0,0,1,1,0,1,1,1
62809,1,1,0,0,1,1,1,1,1,1
62810,0,1,0,0,1,1,1,1,1,0
62811,0,0,0,0,1,1,1,1,1,1
62812,0,1,0,0,1,1,1,1,1,1
62813,0,1,0,0,1,1,1,1,1,1
62814,1,1,0,0,1,1,1,1,1,1
62815,0,1,0,1,1,1,1,1,1,1
62816,1,1,0,1,1,1,1,1,1,1
62817,0,1,0,0,1,1,0,1,1,1
62818,0,1,0,0,1,1,0,1,1,1
62819,0,1,0,0,1,1,1,1,1,1
62820,0,0,0,0,1,1,1,1,1,1
62821,0,0,0,0,1,1,1,1,1,1
62822,0,1,0,1,1,1,0,1,1,1
62823,0,0,0,0,1,1,1,1,1,1
62824,0,0,0,0,1,1,0,1,1,1
62825,1,0,0,0,1,1,0,1,1,1
62826,0,0,0,0,1,1,1,1,1,1
62827,0,1,0,0,1,1,1,1,1,1
62828,0,0,0,0,1,1,1,1,1,0
62829,1,0,0,0,1,1,1,1,1,1
62830,0,1,0,0,1,1,0,1,0,1
62901,0,1,0,0,1,1,1,1,1,0
62902,0,1,0,1,1,1,1,1,1,1
62903,1,1,0,0,1,1,1,1,1,0
62904,0,1,0,0,1,1,1,1,1,0
62905,0,0,0,1,1,1,1,1,1,1
62906,0,1,0,0,1,1,1,1,1,1
62907,0,0,0,0,1,1,1,1,1,0
62908,0,0,0,0,1,1,1,1,1,1
62909,0,1,0,0,1,1,1,1,1,0
62910,0,0,1,0,1,1,1,1,1,1
62911,0,1,0,1,1,1,1,1,1,1
62912,0,1,0,0,1,1,1,1,1,0
62913,0,1,0,1,0,1,1,1,1,1
62914,0,0,0,0,1,1,1,1,1,1
62915,0,0,0,0,1,1,1,1,1,0
62916,0,0,0,0,1,1,1,1,1,1
62917,0,1,0,1,1,1,1,1,1,1
62918,0,0,0,0,1,1,1,1,1,1
62919,0,1,0,0,1,1,1,1,1,0
62920,0,0,0,0,1,1,1,1,1,0
62921,0,1,0,0,1,1,1,1,1,1
62922,0,1,0,0,1,1,1,1,1,1
62923,1,0,0,0,1,1,1,1,1,1
62924,0,1,0,0,1,1,1,1,1,0
62925,0,0,0,0,1,1,1,1,1,1
62926,0,0,0,0,1,1,1,1,1,1
62927,0,0,0,0,1,1,1,1,1,1
62928,0,0,1,0,1,1,1,1,1,1
62929,0,0,0,0,1,1,1,1,1,1
62930,0,0,0,0,1,1,1,1,1,1
63001,0,0,0,0,1,1,1,1,1,1
63002,0,0,0,0,1,1,1,1,1,1
63003,0,1,0,0,1,1,1,1,1,0
63004,0,0,0,0,1,1,1,1,1,1
63005,0,0,0,0,1,1,1,1,1,1
63006,0,1,0,0,1,1,1,1,1,0
63007,0,0,0,0,1,1,1,1,1,1
63008,0,0,0,0,1,1,1,1,1,1
63009,0,0,0,0,1,1,1,1,1,0
63010,0,1,0,0,1,1,1,1,1,1
63011,0,0,0,0,1,1,1,1,1,1
63012,0,1,1,0,1,1,1,1,1,1
63013,0,0,0,0,1,1,1,1,1,1
63014,0,0,0,0,1,1,1,1,1,1
63015,1,0,0,0,1,1,1,1,1,1
63016,0,0,0,0,1,1,1,1,1,1
63017,0,0,0,0,1,1,1,1,1,1
63018,0,0,0,0,1,1,1,1,1,1
63019,0,0,0,0,1,1,1,1,1,1
63020,0,0,0,0,1,1,1,1,1,1
63021,0,0,1,0,1,1,1,1,1,1
63022,0,0,0,0,1,1,1,1,1,1
63023,0,1,0,0,1,1,1,1,1,1
63024,0,1,0,0,1,1,1,1,1,1
63025,0,0,0,0,1,1,1,1,1,1
63026,0,0,0,0,1,1,1,1,1,1
63027,0,1,1,0,1,1,1,1,1,1
63028,0,0,1,1,1,1,1,1,1,1
63029,0,0,0,0,1,1,1,1,1,1
63030,0,0,0,0,1,1,1,1,1,0
63101,0,1,0,0,1,1,1,1,1,0
63102,0,1,0,0,0,1,1,1,1,0
63103,0,0,0,0,1,1,1,1,1,1
63104,0,0,0,1,1,1,1,1,1,1
63105,0,0,0,0,1,1,1,1,1,1
63106,0,0,0,1,1,1,1,1,1,1
63107,0,0,1,0,1,1,1,1,1,0
63108,0,1,0,0,1,1,1,1,1,0
63109,0,0,0,0,1,1,1,1,1,1
63110,0,1,1,0,1,1,1,1,1,1
63111,0,0,0,0,1,1,1,1,1,0
63112,0,1,0,0,1,1,1,1,1,0
63113,0,0,0,0,1,1,1,1,1,0
63114,0,0,0,1,1,1,1,1,1,1
63115,0,1,0,1,1,1,1,1,1,1
63116,0,0,0,1,1,1,1,1,1,0
63117,0,0,0,0,1,1,1,1,1,0
63118,0,1,0,0,1,1,1,1,1,0
63119,0,0,0,0,1,1,1,1,1,1
63120,0,0,0,0,1,1,1,1,1,1
63121,0,0,0,1,1,1,1,1,1,0
63122,0,0,0,0,1,1,1,1,1,1
63123,0,1,1,0,1,1,1,1,1,1
63124,0,0,0,0,1,1,1,1,1,1
63125,0,0,0,0,1,1,1,1,1,1
63126,1,1,1,0,1,1,1,1,1,1
63127,0,0,0,0,1,1,1,1,1,1
63128,1,1,0,0,1,1,1,1,1,1
63129,0,1,0,0,1,1,1,1,1,1
63130,0,1,0,0,1,1,1,1,1,1
63201,0,0,0,0,1,1,1,1,1,0
63202,0,0,0,0,1,1,1,1,1,0
63203,0,1,0,0,1,1,1,1,1,0
63204,0,1,0,1,1,1,1,1,1,1
63205,0,0,0,0,1,1,1,1,1,1
63206,0,0,0,0,1,1,1,1,1,0
63207,0,0,0,0,0,1,1,1,1,0
63208,0,0,0,0,0,1,1,1,1,0
63209,0,0,0,0,0,1,1,1,1,1
63210,0,0,0,0,0,1,1,1,1,0
63211,0,1,0,0,1,1,1,1,1,1
63212,0,0,0,0,1,1,1,1,1,1
63213,0,0,0,0,1,1,1,1,1,1
63214,1,0,0,1,1,1,1,1,1,1
63215,1,1,0,0,1,1,1,1,1,1
63216,0,0,0,0,1,1,1,1,1,1
63217,1,0,0,0,1,1,1,1,1,0
63218,0,0,0,0,1,1,1,1,1,1
63219,0,0,0,0,1,1,1,1,1,1
63220,0,0,0,0,1,1,1,1,1,0
63221,0,1,0,0,1,1,1,1,1,1
63222,0,0,0,0,0,1,1,1,1,0
63223,0,1,0,0,1,1,1,1,1,1
63224,0,1,0,0,0,1,1,1,1,0
63225,0,0,0,0,0,1,1,1,1,1
63226,0,1,0,0,0,1,1,1,1,0
63227,0,1,0,0,1,1,1,1,1,0
63228,0,0,0,0,1,1,1,1,1,1
63229,0,1,0,0,1,1,1,1,1,1
63230,0,1,0,1,1,1,1,1,1,1
63301,0,0,0,0,1,1,0,1,1,1
63302,0,1,0,1,1,1,1,1,1,1
63303,1,1,0,0,1,1,0,1,1,1
63304,0,0,0,0,1,1,0,1,1,1
63305,1,0,0,0,1,1,0,1,1,1
63306,0,0,0,0,1,1,1,1,1,1
63307,0,0,0,0,1,1,0,1,1,1
63308,0,1,0,0,1,1,1,1,1,1
63309,0,0,0,0,1,1,0,1,1,1
63310,0,0,0,1,1,1,0,1,1,1
63311,0,0,0,0,1,1,0,1,1,1
63312,0,0,0,0,1,1,1,1,1,1
63313,0,1,0,0,1,1,1,1,1,0
63314,1,1,0,0,1,1,0,1,1,1
63315,1,0,0,0,1,1,1,1,1,1
63316,1,0,0,1,1,1,1,1,1,1
63317,0,0,0,1,1,1,1,1,1,1
63318,0,1,0,1,1,1,0,1,1,1
63319,0,0,0,1,1,1,0,1,1,1
63320,1,1,0,0,1,1,1,1,1,1
63321,0,0,0,0,1,1,0,1,1,1
63322,0,0,0,0,1,1,0,1,1,1
63323,0,0,0,0,1,1,1,1,1,1
63324,0,0,0,0,1,1,0,1,1,1
63325,0,0,0,0,1,1,0,1,1,1
63326,0,0,0,0,1,1,0,1,1,1
63327,0,1,0,1,1,1,1,1,1,1
63328,0,1,0,1,1,1,0,1,1,1
63329,0,1,1,0,1,1,1,1,1,1
63330,0,1,0,1,1,1,1,1,1,1
63401,0,0,0,0,1,1,1,1,1,0
63402,0,1,1,1,1,1,1,1,1,1
63403,0,1,0,0,1,1,1,1,1,0
63404,0,0,0,0,1,1,1,1,1,0
63405,0,1,0,0,1,1,1,1,1,0
63406,0,1,0,0,1,1,1,1,1,1
63407,0,0,0,0,0,1,1,1,1,1
63408,0,0,0,0,1,1,1,1,1,0
63409,0,0,0,0,1,1,1,1,1,0
63410,0,1,0,0,1,1,1,1,1,1
63411,0,0,0,0,0,1,1,1,1,0
63412,0,1,0,0,1,1,1,1,1,1
63413,0,1,0,0,1,1,1,1,1,0
63414,0,0,0,0,1,1,1,1,1,0
63415,0,1,0,0,1,1,1,1,1,1
63416,0,0,0,0,0,1,1,1,1,0
63417,0,1,0,0,1,1,1,1,1,1
63418,0,1,0,0,1,1,1,1,1,0
63419,0,0,0,0,1,1,1,1,1,1
63420,0,0,0,0,1,1,1,1,1,0
63421,0,1,0,0,1,1,1,1,1,1
63422,0,1,0,0,1,1,1,1,1,1
63423,0,1,0,0,1,1,1,1,1,1
63424,0,1,0,0,1,1,1,1,1,0
63425,0,1,0,0,1,1,1,1,1,0
63426,0,0,0,1,1,1,1,1,1,1
63427,1,0,0,0,1,1,1,1,1,0
63428,0,1,0,0,1,1,1,1,1,1
63429,0,0,0,0,1,1,1,1,1,1
63430,0,0,0,0,1,1,1,1,1,0
63501,0,1,0,0,1,1,1,1,1,0
63502,1,0,0,1,1,1,1,1,1,1
63503,0,1,0,0,1,1,1,1,1,0
63504,0,0,0,0,1,1,1,1,1,1
63505,1,0,0,0,1,1,1,1,1,1
63506,0,0,0,0,1,1,1,1,1,1
63507,0,1,1,0,1,1,1,1,1,1
63508,0,1,0,0,1,1,1,1,1,1
63509,0,1,0,0,1,1,1,1,1,0
63510,0,0,0,1,1,1,1,1,1,1
63511,0,0,0,0,0,1,1,1,1,1
63512,0,1,0,0,1,1,1,1,1,1
63513,0,0,0,0,1,1,1,1,1,1
63514,0,1,0,0,1,1,1,1,1,1
63515,0,1,0,0,1,1,1,1,1,0
63516,0,1,0,1,1,1,1,1,1,1
63517,0,1,0,0,1,1,1,1,1,1
63518,0,1,0,0,1,1,1,1,1,1
63519,0,1,0,0,1,1,1,1,1,1
63520,0,0,0,0,1,1,1,1,1,1
63521,0,0,0,0,1,1,1,1,1,1
63522,1,0,0,0,1,1,1,1,1,0
63523,0,0,0,1,1,1,1,1,1,1
63524,0,1,0,0,1,1,1,1,1,0
63525,0,1,0,1,1,1,1,1,1,1
63526,1,1,0,0,1,1,1,1,1,1
63527,0,0,1,0,1,1,1,1,1,1
63528,1,1,1,0,1,1,1,1,1,0
63529,1,1,0,0,0,1,1,1,1,0
63530,0,0,0,0,1,1,1,1,1,1
63601,0,1,0,1,1,1,1,1,1,1
63602,0,0,1,0,1,1,1,1,1,1
63603,0,1,0,0,1,1,1,1,1,0
63604,0,1,0,1,1,1,1,1,1,1
63605,0,0,0,0,1,1,1,1,1,0
63606,1,1,0,1,0,1,1,1,1,1
63607,0,0,0,1,1,1,1,1,1,1
63608,0,0,0,1,1,1,1,1,1,1
63609,0,1,0,1,1,1,1,1,1,1
63610,0,0,0,1,1,1,1,1,1,1
63611,0,0,0,0,1,1,1,1,1,1
63612,0,1,0,0,1,1,1,1,1,1
63613,0,1,0,1,1,1,1,1,1,1
63614,0,1,0,0,1,1,1,1,1,0
63615,0,0,0,1,1,1,1,1,1,1
63616,0,0,0,0,1,1,1,1,1,0
63617,1,1,0,1,1,1,1,1,1,1
63618,1,0,0,1,1,1,1,1,1,1
63619,0,0,0,0,1,1,1,1,1,1
63620,0,0,0,0,1,1,1,1,0,1
63621,1,0,0,0,1,1,1,1,1,1
63622,0,1,0,1,1,1,1,1,1,1
63623,1,1,0,1,1,1,1,1,1,1
63624,0,0,0,0,1,1,1,1,1,1
63625,1,0,0,1,1,1,1,1,1,1
63626,0,0,0,1,1,1,1,1,1,1
63627,0,0,0,0,1,1,1,1,1,0
63628,0,0,0,0,1,1,1,1,1,1
63629,0,1,0,0,1,1,1,1,1,1
63630,1,0,0,0,1,1,1,1,1,1
63701,0,0,1,0,1,1,1,1,1,1
63702,0,0,0,0,1,1,1,1,1,1
63703,0,1,1,1,1,1,1,1,1,1
63704,0,1,0,0,1,1,1,1,1,1
63705,0,0,0,1,1,1,1,1,1,1
63706,0,1,1,1,1,1,1,1,1,1
63707,0,1,1,1,1,1,1,1,1,1
63708,0,1,1,1,1,1,1,1,1,1
63709,0,0,0,1,0,1,1,1,1,1
63710,0,0,1,0,1,1,1,1,1,1
63711,0,0,1,1,1,1,1,1,1,1
63712,0,0,0,0,1,1,1,1,1,1
63713,0,1,0,1,0,1,1,1,1,1
63714,0,1,1,1,1,1,1,1,1,1
63715,0,1,1,1,1,1,1,1,1,1
63716,0,0,0,1,1,1,1,1,1,1
63717,0,0,0,1,1,1,1,1,1,1
63718,0,0,1,1,1,1,1,1,1,1
63719,0,1,0,0,0,1,1,1,1,1
63720,0,0,0,1,1,1,1,1,1,1
63721,0,1,0,0,1,1,1,1,1,1
63722,1,0,1,1,1,1,1,1,1,1
63723,0,0,0,1,1,1,1,1,1,0
63724,0,1,0,0,1,1,1,1,1,1
63725,0,1,0,0,1,1,1,1,1,1
63726,0,1,1,1,1,1,1,1,1,1
63727,0,0,1,0,1,1,1,1,1,1
63728,0,1,0,0,1,1,1,1,1,1
63729,0,0,0,0,1,1,1,1,1,0
63730,0,0,0,0,1,1,1,1,1,1
63801,0,1,0,1,1,1,1,1,1,0
63802,0,0,1,1,1,0,1,1,1,1
63803,0,0,1,0,1,1,1,1,1,1
63804,0,1,0,1,1,0,1,1,1,1
63805,1,1,0,0,1,0,1,1,1,1
63806,0,0,0,0,1,1,1,1,1,1
63807,0,1,0,0,1,1,1,1,1,1
63808,0,0,0,0,1,0,0,1,1,1
63809,0,1,0,0,1,0,1,1,1,1
63810,0,0,0,0,0,0,1,1,1,1
63811,0,0,0,0,1,0,1,1,1,1
63812,0,0,0,1,1,1,1,1,1,1
63813,0,1,1,0,1,0,1,1,1,1
63814,0,0,0,0,1,1,1,1,1,1
63815,0,1,0,0,1,1,1,1,1,1
63816,0,0,0,0,1,0,1,1,1,1
63817,1,0,0,0,1,0,1,1,1,1
63818,0,0,0,1,1,1,1,1,1,1
63819,0,1,1,1,0,0,1,1,1,1
63820,0,1,1,0,1,0,1,1,1,1
63821,0,1,0,1,1,1,1,1,1,0
63822,0,0,1,0,1,0,1,1,1,1
63823,0,0,0,1,0,1,1,1,1,1
63824,0,1,0,0,1,0,1,1,1,1
63825,0,1,1,0,1,1,1,1,1,1
63826,1,0,0,0,1,0,1,1,1,1
63827,0,1,0,1,1,1,1,1,1,1
63828,0,1,0,0,1,1,1,1,1,1
63829,0,,0,1,1,0,1,1,1,1
63830,0,0,1,0,1,1,1,1,1,1
63901,0,1,0,0,1,0,1,1,1,0
63902,0,1,0,0,1,0,1,1,1,0
63903,0,1,0,0,1,0,1,1,1,0
63904,0,0,0,0,1,0,1,0,1,1
63905,0,0,1,0,1,0,1,1,1,0
63906,0,1,0,0,1,0,1,1,1,1
63907,0,1,0,0,1,0,1,1,1,0
63908,0,0,1,1,1,0,1,1,1,1
63909,0,0,0,0,1,0,1,0,1,1
63910,0,0,0,0,1,0,1,0,1,0
63911,0,0,0,0,1,0,1,1,1,1
63912,0,0,0,0,1,0,1,1,1,1
63913,0,1,0,0,1,0,1,1,1,0
63914,0,1,0,0,1,0,1,1,1,1
63915,0,1,0,0,1,0,1,0,1,0
63916,0,1,0,0,1,0,1,1,1,0
63917,0,0,0,0,1,0,1,1,1,0
63918,0,0,0,0,0,0,1,0,1,0
63919,0,0,0,0,1,0,1,0,1,0
63920,0,0,0,0,1,0,1,1,1,1
63921,0,1,0,0,1,0,1,1,1,0
63922,0,1,0,0,1,0,1,0,1,0
63923,0,1,0,0,1,0,1,1,1,0
63924,0,0,0,0,1,0,1,0,1,0
63925,0,1,1,0,1,0,1,1,1,1
63926,0,1,0,0,1,0,1,1,1,0
63927,0,0,0,0,1,0,1,1,1,0
63928,0,0,0,1,1,0,1,1,1,1
63929,0,0,0,1,1,0,1,1,1,1
63930,0,1,0,0,1,0,1,1,1,0
64001,0,1,0,0,1,1,1,1,1,0
64002,0,0,0,0,1,0,0,0,1,1
64003,0,0,0,1,1,1,1,1,1,1
64004,0,0,0,0,1,0,1,1,1,1
64005,0,0,0,0,1,0,1,1,1,0
64006,0,0,0,0,1,0,1,1,1,1
64007,0,0,1,0,1,0,1,1,1,1
64008,0,0,0,0,1,0,1,1,1,1
64009,0,0,0,0,1,0,0,1,1,0
64010,0,1,0,0,1,0,1,1,1,1
64011,0,0,1,0,1,0,0,1,1,1
64012,0,0,0,1,1,1,1,1,1,1
64013,0,0,0,0,1,0,1,1,1,0
64014,0,0,0,0,1,0,1,1,1,1
64015,0,1,0,0,1,1,1,1,1,0
64016,0,1,0,0,1,0,1,0,1,0
64017,0,1,0,0,1,0,1,1,1,1
64018,0,1,0,0,1,1,1,1,1,1
64019,0,1,0,0,1,0,1,1,1,1
64020,0,1,0,0,1,0,1,1,1,1
64021,0,1,0,0,0,1,1,1,1,0
64022,0,0,0,0,1,0,1,1,1,0
64023,0,1,0,0,1,0,1,1,1,0
64024,0,0,0,0,1,0,1,1,1,1
64025,0,0,0,0,1,1,1,1,1,1
64026,0,1,0,0,1,0,1,1,1,0
64027,0,0,0,0,1,0,1,1,1,0
64028,0,0,0,0,1,1,1,1,1,1
64029,0,1,0,0,1,0,1,1,1,1
64030,0,1,0,1,1,0,1,1,1,1
64101,0,1,1,0,0,0,1,0,1,0
64102,0,1,0,0,1,1,1,1,1,1
64103,0,0,0,0,1,1,1,1,1,1
64104,0,0,0,0,1,1,1,1,1,0
64105,1,0,0,0,1,1,1,0,1,1
64106,0,1,0,0,1,1,1,1,1,1
64107,0,1,0,0,1,1,1,0,1,0
64108,0,0,0,0,1,1,1,1,1,1
64109,0,0,0,0,1,1,1,0,1,0
64110,0,0,0,0,0,1,0,0,1,0
64111,0,0,0,0,1,1,1,0,1,0
64112,0,1,0,0,1,1,1,1,1,0
64113,0,1,0,0,1,1,1,0,1,0
64114,0,0,0,0,1,1,1,1,1,0
64115,0,0,0,0,1,1,1,1,1,1
64116,0,1,0,1,1,1,1,1,1,1
64117,0,0,0,0,1,0,1,1,1,0
64118,0,1,0,0,1,1,1,0,1,1
64119,0,0,0,0,1,1,1,1,1,1
64120,0,1,0,0,1,1,1,1,1,1
64121,0,0,0,0,1,1,1,0,1,1
64122,0,1,0,1,1,1,1,1,1,1
64123,0,0,0,0,1,1,1,1,1,0
64124,0,1,0,0,1,0,1,1,1,1
64125,0,1,0,0,1,0,1,1,1,0
64126,0,0,0,0,1,1,1,1,1,0
64127,0,0,1,0,1,0,1,1,1,1
64128,0,0,0,0,1,1,1,1,1,1
64129,0,1,0,0,1,0,1,1,1,0
64130,0,0,0,0,1,1,1,0,1,1
64201,1,1,0,0,0,0,1,1,1,0
64202,0,1,0,0,1,1,1,0,1,0
64203,0,0,0,0,1,0,1,1,1,0
64204,0,0,0,1,1,0,1,1,1,1
64205,0,0,0,0,1,1,1,1,1,1
64206,0,1,1,0,1,1,1,1,1,0
64207,0,0,1,1,1,0,1,1,1,1
64208,0,0,1,0,1,1,1,1,1,0
64209,0,1,0,0,1,1,1,1,1,0
64210,0,1,0,0,1,1,1,1,1,0
64211,0,1,1,0,1,1,1,1,1,1
64212,0,1,1,0,1,0,1,1,1,0
64213,0,1,0,0,1,1,1,1,1,0
64214,0,0,1,0,1,0,1,1,1,1
64215,1,0,1,0,1,0,1,1,1,0
64216,0,1,0,0,1,0,1,1,1,1
64217,0,0,0,0,1,0,1,1,1,1
64218,1,1,0,1,1,0,1,1,1,1
64219,0,0,0,0,1,0,1,1,1,1
64220,1,0,1,1,1,1,1,1,1,1
64221,1,1,1,0,1,1,1,1,1,1
64222,0,1,0,0,1,0,1,1,1,0
64223,0,0,0,0,1,1,1,1,1,1
64224,0,1,0,0,1,1,1,1,1,0
64225,0,1,0,0,1,1,1,1,1,0
64226,0,0,0,0,1,1,1,1,1,1
64227,0,1,0,0,1,1,1,1,1,1
64228,1,0,0,0,1,1,1,1,1,0
64229,0,1,0,0,1,1,1,0,1,0
64230,0,0,0,0,1,0,1,0,1,0
64301,0,0,0,0,1,1,1,1,1,0
64302,0,1,0,0,1,1,1,1,1,1
64303,0,1,0,0,1,1,1,1,1,0
64304,0,0,0,0,1,1,1,1,1,0
64305,0,1,1,1,1,1,1,1,1,1
64306,0,1,0,0,1,1,1,1,1,0
64307,0,1,0,0,1,1,1,1,1,0
64308,0,0,0,0,1,0,1,1,1,0
64309,0,0,0,0,1,1,1,1,1,0
64310,0,0,0,0,1,1,1,1,1,0
64311,0,1,0,0,1,1,1,1,1,0
64312,0,1,0,0,1,0,1,1,1,0
64313,0,1,1,0,1,1,1,1,1,0
64314,0,0,0,0,1,1,1,1,1,0
64315,0,1,1,0,1,1,1,1,1,1
64316,0,1,1,0,1,1,1,1,1,1
64317,0,0,0,0,1,1,1,1,1,1
64318,0,1,1,1,1,1,1,1,1,1
64319,0,0,0,0,1,1,1,1,1,0
64320,0,1,1,0,1,1,1,1,1,1
64321,0,1,1,0,1,0,1,1,1,0
64322,0,0,0,0,1,1,1,1,1,0
64323,0,1,1,0,1,1,1,1,1,0
64324,0,1,0,1,1,1,1,1,1,0
64325,0,0,0,0,1,1,1,1,1,0
64326,1,1,0,0,1,1,1,1,1,0
64327,0,0,0,1,1,1,1,1,1,1
64328,0,0,1,1,1,1,1,1,1,1
64329,0,1,0,0,1,1,1,1,1,0
64330,0,1,0,1,1,1,1,1,1,0
64401,0,0,0,0,1,0,1,1,1,0
64402,0,0,0,0,1,0,1,1,1,0
64403,0,0,1,0,0,0,1,1,1,0
64404,0,0,0,0,1,0,1,1,1,0
64405,0,1,0,0,1,0,1,1,1,0
64406,0,0,0,0,0,0,1,1,1,0
64407,0,0,0,0,1,1,1,0,1,0
64408,0,0,1,0,1,1,1,1,1,1
64409,0,0,0,0,0,0,1,1,1,1
64410,0,0,0,0,1,1,1,1,1,0
64411,0,0,1,0,1,1,1,1,1,1
64412,0,0,0,0,0,1,1,1,1,0
64413,1,0,0,0,1,0,1,1,1,0
64414,0,1,0,0,1,0,1,1,1,0
64415,0,0,1,0,0,0,1,1,1,1
64416,0,0,0,0,1,0,1,1,1,0
64417,0,1,0,0,1,0,1,1,1,1
64418,0,0,0,0,0,1,1,1,1,1
64419,0,,0,0,1,0,1,1,1,0
64420,0,0,0,0,1,0,1,1,1,1
64421,0,0,0,0,1,1,1,1,1,0
64422,0,0,0,0,1,0,1,1,1,0
64423,0,0,0,0,0,0,0,0,1,0
64424,0,1,1,1,0,0,1,1,1,1
64425,0,0,0,0,1,1,1,1,1,0
64426,0,0,0,0,1,1,1,1,1,1
64427,0,0,0,0,0,1,1,1,1,1
64428,0,0,0,0,1,1,1,1,1,1
64429,0,0,0,0,1,1,1,1,1,1
64430,0,0,0,0,0,1,1,1,1,1
64501,0,0,0,0,1,1,1,0,1,0
64502,0,0,0,0,0,1,1,1,1,0
64503,0,0,0,0,1,1,1,0,1,0
64504,0,0,0,0,1,1,1,1,1,1
64505,0,1,0,1,0,1,1,1,1,1
64506,0,1,1,0,1,1,1,1,1,1
64507,0,0,0,0,1,1,1,1,1,1
64508,1,0,0,0,0,1,1,1,1,1
64509,0,1,1,0,1,1,1,1,1,0
64510,0,0,0,0,1,1,1,1,1,1
64511,0,0,0,1,0,1,1,1,1,1
64512,0,0,0,0,1,1,1,1,1,1
64513,0,1,0,0,1,1,1,1,1,1
64514,0,1,0,0,0,1,1,1,1,0
64515,0,0,0,0,1,1,1,1,1,1
64516,0,1,0,0,1,1,1,1,1,1
64517,0,1,1,1,0,1,1,1,1,1
64518,0,0,0,0,1,1,1,0,1,1
64519,0,1,0,1,1,1,1,1,1,1
64520,0,0,0,0,0,1,1,1,1,1
64521,1,1,0,0,1,1,1,1,1,1
64522,0,1,0,0,1,1,1,1,1,0
64523,0,0,1,0,0,1,1,1,1,1
64524,0,0,1,0,1,1,1,1,1,1
64525,0,0,0,0,1,1,1,1,1,1
64526,0,1,0,0,0,1,1,1,1,1
64527,0,0,0,0,1,1,1,1,1,0
64528,1,1,1,0,1,1,1,1,1,1
64529,0,0,0,0,1,1,1,1,1,0
64530,0,0,0,0,1,1,1,1,1,1
64601,0,1,0,0,1,1,1,1,1,0
64602,0,1,1,0,0,1,1,1,1,0
64603,0,0,0,0,1,1,1,1,1,0
64604,0,0,0,0,1,1,1,1,1,0
64605,0,0,0,0,1,1,1,1,1,0
64606,0,0,0,0,1,1,1,1,1,0
64607,0,0,0,0,1,1,1,1,1,1
64608,0,0,0,0,1,1,1,1,1,0
64609,1,1,1,0,0,1,1,1,1,1
64610,0,0,0,0,1,1,1,1,1,0
64611,1,0,0,0,1,1,1,1,1,0
64612,0,0,0,0,1,1,1,1,1,0
64613,0,0,0,0,1,1,1,1,1,1
64614,0,1,0,0,1,1,1,1,1,1
64615,0,1,0,0,1,1,1,1,1,0
64616,0,0,0,0,1,1,1,1,1,0
64617,0,0,0,0,1,1,1,1,1,0
64618,0,0,0,0,1,1,1,1,1,0
64619,0,0,0,0,1,1,1,1,1,1
64620,1,0,1,0,1,1,1,1,1,1
64621,0,0,0,0,1,1,1,1,1,1
64622,0,0,0,0,1,1,1,1,1,0
64623,0,0,0,0,1,1,1,1,1,0
64624,0,1,0,1,1,1,1,1,1,0
64625,0,0,0,0,1,1,1,1,1,0
64626,0,1,0,0,1,0,1,1,1,0
64627,0,0,0,0,1,1,1,1,1,0
64628,0,0,0,0,1,1,1,1,1,0
64629,0,0,0,0,1,1,1,1,1,1
64630,0,0,0,1,1,1,1,1,1,1
64701,0,1,0,0,1,1,1,1,1,1
64702,1,0,0,0,0,1,1,1,1,1
64703,0,1,0,1,1,1,1,1,1,1
64704,0,1,0,0,1,1,1,1,1,1
64705,1,0,1,0,1,1,1,1,1,0
64706,0,0,0,0,1,1,1,1,1,0
64707,0,0,1,0,1,1,1,1,1,0
64708,0,0,1,0,1,1,1,1,1,0
64709,0,1,0,0,1,1,1,1,1,1
64710,0,0,0,0,1,1,1,1,1,1
64711,0,0,0,1,1,1,1,1,1,1
64712,0,,1,1,1,0,1,1,1,1
64713,1,0,0,0,1,1,1,1,1,0
64714,0,0,0,0,1,1,1,1,1,0
64715,1,0,0,0,1,1,1,1,1,1
64716,0,1,0,0,1,1,1,1,1,0
64717,0,0,0,0,1,1,0,1,1,1
64718,0,0,1,0,1,1,1,1,1,0
64719,1,0,0,0,1,1,1,1,1,0
64720,0,0,0,0,1,0,1,1,1,0
64721,0,1,0,0,1,1,1,1,1,1
64722,0,1,0,0,1,1,0,1,1,0
64723,0,0,0,0,1,1,1,1,1,0
64724,0,0,0,0,1,1,1,1,1,1
64725,0,0,0,0,1,1,1,1,1,1
64726,0,0,1,1,1,1,1,1,1,1
64727,0,0,0,0,1,1,1,1,1,1
64728,0,1,1,0,1,1,1,1,1,1
64729,0,0,0,0,1,1,1,1,1,0
64730,0,0,0,0,1,1,1,1,1,1
64801,0,1,0,0,1,1,1,1,1,0
64802,0,1,0,0,1,1,1,1,1,0
64803,0,1,0,0,1,1,1,1,1,0
64804,0,0,0,0,1,0,1,1,1,0
64805,0,1,0,1,1,1,1,1,1,0
64806,0,,0,0,1,0,1,1,1,0
64807,0,0,0,0,1,0,1,0,1,0
64808,0,1,0,0,1,0,1,1,1,1
64809,0,1,1,1,1,1,1,1,1,0
64810,0,0,0,0,1,1,1,1,1,1
64811,0,0,0,0,1,1,1,1,1,0
64812,0,0,0,0,1,1,1,1,1,0
64813,0,1,0,0,1,1,1,1,1,0
64814,0,0,0,0,1,0,1,0,1,0
64815,0,1,0,0,1,1,1,1,1,0
64816,0,0,0,0,1,0,1,1,1,1
64817,0,0,0,0,1,0,1,1,1,0
64818,0,1,0,0,1,1,1,1,1,0
64819,0,1,0,0,1,1,1,1,1,1
64820,0,0,0,0,1,0,1,0,1,0
64821,0,0,0,0,1,0,1,1,1,1
64822,0,0,0,0,1,1,1,1,1,1
64823,0,0,0,0,1,0,1,1,1,0
64824,0,0,0,0,1,0,1,0,1,0
64825,0,0,0,0,1,1,1,1,1,0
64826,0,0,0,0,1,0,1,1,1,1
64827,0,0,0,0,1,0,1,0,1,0
64828,0,0,0,0,1,0,1,1,1,0
64829,0,1,0,0,1,0,1,1,1,1
64830,0,1,0,0,1,1,1,1,1,0
64901,0,0,0,0,1,0,1,1,1,1
64902,0,1,0,0,1,0,1,1,1,1
64903,0,1,1,1,1,0,1,1,1,1
64904,0,1,0,0,1,1,1,1,1,1
64905,0,1,0,0,1,0,1,1,1,1
64906,0,1,0,0,1,1,1,1,1,0
64907,0,1,0,0,1,1,1,1,1,1
64908,0,1,0,0,1,1,1,1,1,1
64909,0,0,1,0,1,1,1,1,1,1
64910,0,1,0,0,1,1,1,1,1,0
64911,0,0,1,1,1,1,1,1,1,1
64912,0,0,0,1,1,1,1,1,1,1
64913,0,1,0,0,1,1,1,1,1,1
64914,0,0,0,0,1,1,1,1,1,1
64915,0,0,0,0,1,1,1,1,1,0
64916,0,1,0,0,1,1,1,1,1,1
64917,1,0,1,0,1,0,1,1,1,1
64918,0,1,0,0,1,1,1,1,1,1
64919,0,0,1,1,1,1,1,1,1,1
64920,0,1,1,1,1,0,1,1,1,1
64921,0,0,0,0,1,0,1,1,1,1
64922,0,0,0,1,1,1,1,1,1,1
64923,0,1,0,0,1,1,0,1,1,1
64924,0,1,0,0,1,0,1,1,1,1
64925,0,0,0,0,1,1,1,1,1,1
64926,0,0,1,0,1,1,1,1,1,1
64927,0,0,0,0,1,1,1,1,1,1
64928,0,1,0,0,1,1,1,1,1,0
64929,0,0,0,1,1,0,0,1,1,1
64930,0,0,0,0,1,0,1,1,1,1
65001,0,1,0,0,1,1,1,1,1,0
65002,0,0,1,0,1,1,1,1,1,1
65003,0,1,0,0,1,1,1,1,1,1
65004,0,0,0,0,1,1,0,1,1,1
65005,0,1,0,0,1,1,1,1,1,1
65006,0,1,0,0,0,1,1,1,1,1
65007,0,1,0,0,1,1,1,1,1,0
65008,0,,0,0,0,1,1,1,1,1
65009,0,1,0,0,1,1,1,1,1,1
65010,0,0,1,1,1,1,1,1,1,1
65011,0,1,0,0,1,1,1,1,1,1
65012,0,0,0,1,1,1,1,1,1,1
65013,0,1,0,0,1,1,1,1,1,1
65014,0,1,0,0,1,1,1,1,1,1
65015,0,0,1,0,1,1,0,1,1,0
65016,0,1,0,1,1,1,1,1,1,1
65017,0,0,0,0,1,1,1,1,1,0
65018,0,1,0,1,1,1,1,1,1,1
65019,0,1,1,0,1,1,1,1,1,1
65020,0,1,0,0,1,1,1,1,1,1
65021,0,0,0,0,1,1,1,1,1,0
65022,0,1,0,0,1,1,1,1,1,1
65023,0,1,0,0,1,1,1,1,1,1
65024,0,1,0,0,1,1,1,1,1,1
65025,1,,0,0,1,1,1,1,1,1
65026,0,0,0,1,1,1,1,1,1,1
65027,0,1,0,0,1,1,1,1,1,1
65028,0,1,0,0,1,1,1,1,1,1
65029,0,0,0,0,1,1,1,1,1,1
65030,1,1,0,0,1,1,1,1,1,1
65101,0,0,0,0,1,1,1,1,1,1
65102,0,1,0,0,1,1,1,1,1,0
65103,0,0,0,1,1,1,1,1,1,1
65104,0,0,0,1,1,1,1,1,1,1
65105,0,1,0,0,1,1,1,1,1,0
65106,0,1,0,0,1,1,1,1,1,1
65107,0,1,0,1,1,1,1,1,1,1
65108,0,0,0,0,1,1,1,1,1,1
65109,0,0,0,0,1,1,1,1,1,1
65110,0,1,1,0,1,1,1,1,1,0
65111,0,0,0,0,1,1,1,1,1,1
65112,1,0,0,0,1,1,1,1,1,0
65113,0,0,1,0,1,1,1,1,1,1
65114,0,0,0,1,1,1,1,1,1,1
65115,0,1,1,1,1,1,1,1,1,1
65201,0,1,0,0,1,0,1,1,1,1
65202,0,0,0,0,1,0,1,1,1,0
65203,0,0,0,0,0,0,1,1,1,0
65204,0,0,0,0,1,1,1,1,1,1
65205,0,1,0,0,1,0,1,1,1,1
65206,0,1,0,0,1,0,1,1,1,1
65207,0,0,0,0,1,1,1,1,1,1
65208,0,0,1,0,1,0,1,1,1,1
65209,0,0,0,0,1,1,1,1,1,1
65210,0,1,0,0,1,1,1,1,1,0
65211,0,0,1,0,1,1,1,1,1,1
65212,0,1,0,0,1,1,1,1,1,1
65213,0,1,0,0,1,1,1,1,1,1
65214,0,0,0,0,1,1,0,1,1,0
65215,0,1,0,0,1,1,1,1,1,0
65216,0,0,0,0,1,1,1,1,1,1
65217,0,1,0,0,1,1,1,1,1,1
65218,0,0,0,0,1,1,1,1,1,0
65219,0,1,1,0,1,1,1,1,1,1
65220,0,1,0,0,1,1,1,1,1,0
65221,0,1,0,1,1,1,1,1,1,1
65222,0,0,0,1,1,1,1,1,1,1
65223,0,0,0,0,1,1,1,1,1,1
65224,0,1,1,0,1,1,1,1,1,0
65225,0,0,0,1,1,1,1,1,1,1
65226,0,1,0,0,1,1,1,1,1,1
65227,0,0,0,0,1,1,1,1,1,1
65228,0,1,0,0,1,0,1,1,1,0
65229,0,0,0,0,1,1,1,1,1,1
65230,0,0,0,0,1,1,1,1,1,1
65301,0,1,0,0,1,1,1,1,1,0
65302,0,0,0,0,1,1,1,1,1,0
65303,1,0,0,0,1,1,1,1,1,0
65304,0,0,0,0,1,1,1,1,1,1
65305,0,1,1,0,1,1,0,1,1,1
65306,0,0,1,0,1,1,1,1,1,1
65307,0,1,0,0,1,1,1,1,1,0
65308,0,0,0,0,1,1,1,1,1,1
65309,0,0,0,0,1,1,1,1,1,1
65310,0,1,0,0,1,1,1,1,1,1
65311,0,0,1,0,1,1,1,1,1,1
65312,0,0,0,0,0,1,1,1,1,0
65313,1,0,0,0,1,1,1,1,1,1
65314,0,0,0,1,1,1,1,1,1,1
65315,0,0,0,1,1,1,1,1,1,1
65316,0,1,1,0,1,1,1,1,1,1
65317,0,0,0,0,1,1,1,1,1,1
65318,0,1,0,1,1,1,1,1,1,1
65319,0,0,1,1,1,1,1,1,1,1
65320,0,0,0,0,1,1,1,1,1,1
65321,0,0,0,1,1,1,1,1,1,1
65322,0,1,0,0,1,1,1,1,1,1
65323,0,0,0,0,1,1,1,1,1,1
65324,0,1,0,0,1,1,1,1,1,1
65325,0,1,0,0,1,1,1,1,1,0
65326,0,0,1,0,1,1,0,1,1,0
65327,0,1,0,0,1,1,1,1,1,1
65328,0,0,0,1,1,1,1,1,1,1
65329,0,1,0,0,1,1,0,1,1,0
65330,0,1,0,0,1,1,1,1,1,0
65401,0,0,0,1,1,1,1,1,1,0
65402,0,1,0,0,1,1,1,1,1,1
65403,0,1,0,1,1,1,1,1,1,1
65404,0,1,0,1,1,1,1,1,1,1
65405,0,1,0,1,1,1,1,1,1,1
65406,0,1,1,0,1,1,1,1,1,0
65501,0,0,0,0,1,1,1,1,1,1
65502,0,1,0,1,0,1,1,1,1,1
65503,0,1,0,1,1,1,1,1,1,1
65504,0,1,0,0,1,1,1,1,1,0
65505,0,1,1,1,0,1,1,1,1,1
65506,0,0,0,0,1,1,1,1,1,1
65507,0,0,0,0,1,1,1,1,1,0
65508,0,0,1,1,0,1,1,1,1,1
65509,0,0,1,0,1,1,1,1,1,1
65510,0,1,1,0,1,1,1,1,1,1
65511,0,0,0,0,1,1,1,1,1,1
65512,0,1,0,1,1,1,1,1,1,1
65513,0,,0,1,1,1,1,1,1,1
65514,0,1,1,0,0,1,1,1,1,1
65515,0,0,0,0,1,1,1,1,1,1
65516,0,0,0,1,1,1,1,1,1,1
65517,0,1,0,0,0,1,1,1,1,1
65518,0,0,0,0,1,1,1,1,1,0
65519,0,0,1,0,1,1,1,1,1,1
65520,0,0,1,1,0,1,1,1,1,1
65521,0,0,0,1,1,1,1,1,1,1
65522,0,0,0,1,1,1,1,1,1,1
65523,0,1,0,0,0,1,1,1,1,0
65524,0,0,0,1,1,1,1,1,1,1
65525,0,1,0,0,1,1,1,1,1,1
65526,0,1,0,0,0,1,1,1,1,1
65527,0,0,0,0,1,1,1,1,1,1
65528,0,1,0,0,1,1,1,1,1,1
65529,0,0,1,0,1,1,1,1,1,1
65530,0,0,0,0,1,1,1,1,1,0
65601,0,0,0,0,1,1,1,1,1,1
65602,0,1,0,0,1,1,1,1,1,1
65603,0,1,0,0,1,1,1,1,1,1
65604,0,0,0,0,1,1,1,1,1,0
65605,0,1,0,0,1,1,1,1,1,0
65606,0,1,0,0,1,1,1,1,1,1
65607,0,0,0,0,1,1,1,1,1,1
65608,0,0,0,0,1,1,1,1,1,1
65609,0,1,0,0,1,1,1,1,1,1
65610,0,1,1,0,0,1,1,1,1,1
65611,0,0,0,0,1,1,1,1,1,0
65612,0,1,0,0,1,1,1,1,1,1
65613,0,0,0,1,1,1,1,1,1,1
65614,0,0,0,1,1,1,1,1,1,1
65615,1,0,0,0,1,1,1,1,1,0
65616,0,1,0,0,0,1,1,1,1,1
65617,0,0,0,1,1,1,1,1,1,1
65618,0,1,0,0,1,1,1,1,1,0
65619,0,1,0,0,1,1,1,1,1,1
65620,0,1,1,1,1,1,1,1,1,1
65621,0,0,0,0,1,1,1,1,1,1
65622,0,1,0,0,1,1,1,1,1,1
65623,0,0,0,0,1,1,1,1,1,0
65624,0,0,0,0,1,1,1,1,1,1
65625,0,0,0,0,1,1,1,1,1,1
65626,0,0,0,1,1,1,1,1,1,1
65627,0,0,0,1,1,1,1,1,1,1
65628,0,1,0,0,1,1,1,1,1,1
65629,0,1,0,0,1,1,1,1,1,0
65630,0,1,0,1,1,1,1,1,1,1
65701,0,1,0,0,1,1,1,1,1,1
65702,0,0,0,1,1,1,1,1,1,0
65703,0,0,1,1,1,1,1,1,1,1
65704,0,0,0,0,1,1,1,1,1,1
65705,0,0,0,1,1,1,1,1,1,1
65706,0,0,0,0,1,1,1,1,1,1
65707,0,1,0,0,1,1,1,1,1,1
65708,0,1,0,0,1,1,1,1,1,0
65709,0,,0,0,1,1,1,1,1,1
65710,0,1,0,0,1,1,1,1,1,0
65711,0,1,0,0,1,1,1,1,1,1
65712,0,0,0,0,1,1,1,1,1,0
65713,0,1,0,0,1,1,1,1,1,0
65714,0,0,0,0,1,1,1,1,1,1
65715,1,0,0,0,1,1,1,1,1,1
65716,1,0,0,0,1,1,1,1,1,0
65717,0,1,1,0,1,1,1,1,1,1
65718,0,0,0,0,1,1,1,1,1,1
65719,0,1,0,0,1,1,1,1,1,1
65720,0,0,0,0,1,1,1,1,1,0
65721,0,0,0,0,1,1,1,1,1,0
65722,0,1,0,0,1,1,1,1,1,1
65723,0,0,0,0,1,1,1,1,1,1
65724,0,0,0,0,1,1,1,1,1,1
65725,0,0,0,0,1,1,1,1,1,1
65726,1,0,0,0,1,1,1,1,1,1
65727,0,1,0,1,1,1,1,1,1,1
65728,0,1,0,0,1,1,1,1,1,1
65729,0,0,0,0,1,1,1,1,1,0
65730,0,1,0,0,1,1,1,1,1,0
65801,0,1,1,1,1,1,1,1,1,1
65802,0,1,1,1,1,1,1,1,1,1
65803,0,1,1,0,1,1,1,1,1,0
65804,0,1,1,0,1,1,1,1,1,1
65805,1,0,0,1,1,1,1,1,1,1
65806,1,1,0,0,1,1,1,1,1,0
65807,1,1,0,0,1,1,1,1,1,0
65808,0,1,0,0,1,1,1,1,1,0
65809,0,0,0,0,1,1,1,1,1,1
65810,0,0,1,1,1,1,1,1,1,1
65811,0,1,1,0,0,1,1,1,1,0
65812,0,1,0,0,1,1,1,1,1,1
65813,0,1,1,0,1,1,1,1,0,1
65814,0,0,0,0,1,1,1,1,0,1
65815,0,0,0,0,1,1,1,1,1,0
65816,0,1,1,0,1,1,1,1,1,1
65817,1,1,0,1,1,1,1,1,1,1
65818,0,1,0,1,1,1,1,1,1,1
65819,0,1,1,1,1,1,1,1,1,1
65820,0,1,0,1,1,1,1,1,1,1
65821,0,1,0,1,1,1,1,1,1,1
65822,0,0,0,1,1,1,1,1,1,1
65823,1,1,1,1,1,1,1,1,1,1
65824,0,1,0,0,1,1,1,1,1,0
65825,0,0,0,1,1,1,1,1,1,1
65826,0,0,1,1,1,1,1,1,1,1
65827,0,0,0,1,1,1,1,1,1,1
65828,0,0,0,1,1,1,1,1,1,1
65829,0,0,1,1,1,1,1,1,1,1
65830,0,1,0,0,1,1,1,1,1,0
65901,0,0,1,0,1,1,1,1,1,1
65902,0,1,0,1,1,1,1,1,1,1
65903,0,0,1,0,1,1,1,1,1,0
65904,0,1,1,1,0,1,1,1,1,1
65905,0,0,0,0,1,1,1,1,1,1
65906,0,0,0,0,1,1,1,1,1,1
65907,0,1,0,1,1,1,1,1,1,1
65908,0,1,1,1,1,1,1,1,1,1
65909,0,1,1,1,1,1,1,1,1,1
65910,0,1,0,0,1,1,1,1,1,1
65911,0,0,0,1,1,1,1,1,1,1
65912,0,1,1,0,1,1,1,1,1,1
65913,0,0,0,1,1,1,1,1,1,1
65914,0,0,1,1,1,1,1,1,1,1
65915,0,0,1,1,1,1,1,1,1,1
65916,0,0,1,0,1,1,1,1,1,1
65917,1,1,1,0,1,1,1,1,1,1
65918,0,1,1,1,1,1,1,1,1,1
65919,0,1,0,0,1,1,1,1,1,1
65920,0,1,1,1,1,1,1,1,1,1
65921,1,1,0,0,1,1,1,1,1,1
65922,0,0,1,1,1,1,1,1,1,1
65923,0,1,1,1,1,1,1,1,1,1
65924,0,1,0,1,1,1,1,1,1,1
65925,0,0,1,1,1,1,1,1,1,1
65926,0,0,1,0,1,1,1,1,1,0
65927,0,1,0,1,1,1,1,1,1,1
65928,0,1,1,1,1,1,1,1,1,1
65929,0,1,1,1,1,1,1,1,1,1
65930,1,0,0,1,1,1,1,1,1,1
66001,1,1,1,0,1,0,1,1,1,1
66002,0,0,1,1,0,0,1,1,1,1
66003,0,0,0,1,1,0,1,1,1,1
66004,0,1,0,0,1,0,1,1,1,0
66005,0,0,1,1,1,0,1,1,1,1
66006,0,0,0,0,1,0,1,1,1,1
66007,0,1,0,0,1,0,1,1,1,1
66008,0,1,0,1,1,0,1,1,1,1
66009,0,1,0,0,1,0,1,1,1,1
66010,0,0,0,0,1,0,1,1,1,1
66011,0,1,0,1,1,1,1,1,1,1
66012,0,0,0,0,1,0,1,1,1,1
66013,0,0,0,0,1,0,1,1,1,0
66014,1,1,0,0,1,0,1,1,1,1
66015,0,0,0,0,1,0,1,1,1,1
66016,0,0,0,0,1,0,1,1,1,0
66017,1,1,0,0,1,1,1,1,1,1
66018,1,0,0,0,1,0,1,1,1,1
66019,0,0,0,0,1,0,1,1,1,1
66020,0,0,0,0,1,1,1,1,1,1
66021,0,0,0,1,1,1,1,1,1,1
66022,0,1,0,1,0,1,1,1,1,1
66023,0,0,0,1,1,0,1,1,1,1
66024,0,0,0,0,1,0,1,1,1,1
66025,0,0,1,1,1,0,1,1,1,0
66026,0,0,0,1,1,0,1,1,1,1
66027,0,0,0,0,1,0,1,1,1,1
66028,0,0,0,0,1,0,1,1,1,1
66029,0,0,0,0,1,0,1,1,1,1
66030,0,0,0,0,1,0,1,1,1,0
66101,0,1,1,0,1,0,1,1,1,1
66102,0,0,0,1,1,0,1,1,1,1
66103,0,0,0,0,1,0,1,1,1,1
66104,0,1,0,0,1,0,1,1,1,1
66105,0,0,0,0,1,0,1,1,1,1
66106,0,0,1,0,1,1,1,1,1,0
66107,0,0,0,0,1,0,1,1,1,1
66108,0,0,0,1,1,0,1,1,1,1
66109,0,0,0,0,1,0,1,1,1,0
66110,0,0,0,1,1,0,1,1,1,0
66111,0,0,1,0,1,0,1,1,1,1
66112,0,0,0,0,1,0,1,1,1,0
66113,0,1,0,1,1,0,1,1,1,1
66114,0,1,0,0,1,0,1,1,1,0
66115,0,0,0,0,1,0,1,1,1,1
66116,0,0,0,0,1,0,1,1,1,1
66117,0,0,0,0,1,0,1,1,1,1
66118,0,1,1,0,1,0,1,1,1,0
66119,0,0,0,1,1,0,1,1,1,1
66120,0,0,0,1,1,0,1,1,1,1
66121,0,0,0,0,1,0,1,1,1,1
66122,0,0,0,1,1,0,1,1,1,1
66123,0,0,0,0,1,0,1,1,1,0
66124,0,0,0,0,1,0,1,1,1,1
66125,0,0,0,0,0,0,1,1,1,1
66126,0,0,0,0,1,0,1,1,1,1
66127,0,0,0,1,1,1,1,1,1,1
66128,0,0,0,0,1,0,1,1,1,1
66129,0,1,0,1,1,0,1,1,1,1
66130,0,0,0,0,1,0,1,1,1,0
66201,0,0,0,0,1,1,1,1,1,0
66202,0,0,0,0,1,0,1,1,1,1
66203,0,0,0,0,1,1,1,1,1,1
66204,0,1,0,0,1,1,1,1,1,1
66205,0,1,0,0,1,0,1,1,1,1
66206,0,0,0,0,1,1,1,1,1,1
66207,0,1,0,0,1,1,1,1,1,1
66208,0,1,0,0,1,1,1,1,1,0
66209,0,0,0,1,1,1,1,1,1,0
66210,0,1,0,0,1,1,1,1,1,1
66211,0,0,0,0,1,1,1,1,1,0
66212,0,0,0,0,1,1,1,1,1,1
66213,0,0,1,1,1,1,1,1,1,1
66214,0,0,1,0,1,1,1,1,1,0
66215,0,0,0,0,1,1,1,1,1,1
66216,0,1,0,0,1,1,1,1,1,1
66217,0,0,1,1,1,1,1,1,1,1
66218,0,0,0,0,1,1,1,1,1,0
66219,0,0,0,0,1,1,1,1,1,1
66220,0,0,1,0,1,0,1,1,1,1
66221,0,1,0,1,1,1,1,1,1,1
66222,0,0,0,0,1,1,1,1,1,1
66223,0,0,1,0,1,1,1,1,1,0
66224,0,0,0,0,1,1,1,1,1,1
66225,0,1,0,0,1,1,1,1,1,1
66226,0,0,0,0,1,0,1,1,1,0
66227,0,1,0,0,1,1,1,1,1,1
66228,0,1,0,0,1,1,1,1,1,1
66229,0,0,0,0,1,1,1,1,1,1
66230,1,1,0,0,1,1,1,1,1,1
66301,0,0,0,0,1,1,1,1,1,0
66302,0,0,0,0,1,1,1,1,1,1
66303,0,1,0,0,1,1,1,1,1,1
66304,1,1,0,0,1,1,1,1,1,0
66305,0,1,0,0,1,1,0,1,1,0
66306,0,0,0,0,1,1,1,1,1,0
66307,0,0,0,0,1,1,1,1,1,1
66308,0,0,0,0,1,1,0,1,1,0
66309,0,0,1,0,1,1,1,1,1,1
66310,0,0,0,0,1,1,1,1,1,0
66311,0,1,0,0,1,1,0,1,1,0
66312,0,0,1,1,1,1,1,1,1,1
66313,1,0,1,0,1,1,1,1,1,1
66314,0,1,0,0,1,1,1,1,1,0
66315,0,0,1,0,1,1,1,1,1,1
66316,0,0,1,0,1,1,1,1,1,1
66317,0,0,0,0,1,1,0,1,1,0
66318,1,0,0,0,1,1,1,1,1,1
66319,0,1,0,0,1,1,1,1,1,1
66320,0,0,1,0,1,1,1,1,1,1
66321,0,0,0,0,1,1,1,1,1,0
66322,0,1,1,0,1,1,1,1,1,0
66323,0,0,0,0,1,1,1,1,1,1
66324,0,1,1,0,1,1,1,1,1,0
66325,0,0,0,0,1,1,1,1,1,1
66326,0,1,0,1,1,1,1,1,1,1
66327,0,1,0,0,1,1,1,1,1,0
66328,0,1,1,0,1,1,1,1,1,1
66329,0,0,0,0,1,1,1,1,1,1
66330,0,0,0,0,1,1,1,1,1,0
66401,0,0,0,1,1,1,1,1,1,1
66402,1,1,0,0,1,1,1,1,1,0
66403,0,1,0,0,1,1,1,1,1,1
66404,0,0,1,0,1,1,1,1,1,1
66405,0,0,1,1,1,1,0,1,1,1
66406,0,0,0,0,1,1,1,1,1,1
66407,0,0,0,0,1,1,1,1,1,1
66408,0,0,0,0,1,1,0,1,1,0
66409,0,0,1,0,1,1,1,1,1,1
66410,0,0,0,1,1,1,1,1,1,1
66411,0,1,0,0,1,1,1,1,1,0
66412,0,0,0,0,1,1,1,1,1,1
66413,0,1,0,0,1,1,1,1,1,0
66414,0,1,1,1,1,1,0,1,1,1
66415,0,0,1,0,1,1,1,1,1,1
66416,0,1,0,0,1,1,0,1,1,0
66417,0,0,1,0,1,1,1,1,1,1
66418,0,0,0,0,1,1,0,1,1,0
66419,0,1,1,0,1,1,1,1,1,1
66420,0,0,0,0,1,1,1,1,1,1
66421,0,0,0,1,1,1,1,1,1,1
66422,0,1,1,0,1,1,1,1,1,1
66423,0,1,0,0,1,1,1,1,1,1
66424,0,0,0,0,1,1,1,1,1,1
66425,0,1,1,0,1,1,1,1,1,1
66426,0,0,1,0,1,1,1,1,1,1
66427,0,1,0,1,1,1,1,1,1,0
66428,0,1,0,0,1,1,1,1,1,1
66429,0,1,0,0,1,1,1,1,1,0
66430,0,1,1,0,1,1,0,1,1,1
66501,0,1,0,0,1,1,1,1,1,1
66502,0,1,0,0,1,1,1,1,1,0
66503,0,0,0,1,1,1,1,1,1,1
66504,0,0,0,1,1,1,1,1,1,1
66505,0,0,1,0,1,1,1,1,1,1
66506,1,1,0,0,1,1,1,1,1,0
66507,0,1,1,0,1,1,1,1,1,1
66508,0,1,0,0,1,1,1,1,1,0
66509,0,0,0,0,1,1,1,1,1,0
66510,0,1,1,0,1,1,1,1,1,1
66511,0,1,0,0,1,1,1,1,1,1
66512,0,0,0,0,1,1,1,1,1,1
66513,0,0,0,0,1,1,1,1,1,0
66514,0,1,1,1,1,1,1,1,1,1
66515,0,1,0,1,1,1,1,1,1,1
66516,0,1,0,0,1,1,1,1,1,1
66517,0,1,1,0,1,1,1,1,1,1
66518,0,1,0,0,1,0,1,1,1,1
66519,0,0,0,0,1,1,1,1,1,1
66520,0,1,0,0,1,1,1,1,1,1
66521,1,0,0,0,1,1,1,1,1,1
66522,0,0,0,0,1,1,1,1,1,0
66523,0,1,1,0,1,1,1,1,1,0
66524,0,0,0,0,1,1,1,1,1,0
66525,0,1,1,0,1,1,1,1,1,1
66526,0,1,0,0,1,1,1,1,1,1
66527,0,0,0,0,1,1,1,1,1,0
66528,0,0,0,0,1,1,1,1,1,1
66529,0,0,0,0,1,1,1,1,1,1
66530,0,1,0,0,1,1,1,1,1,0
66601,0,0,0,0,1,1,1,1,1,1
66602,0,1,0,0,1,1,1,1,1,1
66603,1,1,1,0,1,0,1,1,1,1
66604,0,0,1,0,1,1,1,1,1,0
66605,0,0,1,0,1,1,1,0,1,0
66606,0,1,1,0,1,0,1,1,1,1
66607,0,0,0,0,1,1,1,1,1,0
66608,0,,0,0,1,1,1,1,1,1
66609,0,0,0,0,0,0,1,1,1,0
66610,0,0,0,0,1,1,1,1,1,0
66611,0,1,0,0,1,1,1,0,1,0
66612,0,0,0,0,1,1,1,0,1,0
66613,0,1,0,0,0,0,1,1,1,0
66614,0,0,0,0,1,0,1,1,1,1
66615,0,0,0,0,1,1,1,1,1,1
66616,0,0,0,0,1,0,1,1,1,1
66617,0,1,0,0,0,0,1,1,1,0
66618,0,0,0,0,1,1,1,1,1,0
66619,0,1,0,1,1,0,1,1,1,1
66620,0,1,1,0,1,0,1,1,0,1
66621,0,1,0,0,1,1,1,1,1,0
66622,0,1,1,0,1,0,1,1,1,1
66623,0,0,0,1,1,0,1,1,1,1
66624,0,0,0,0,1,1,1,0,1,0
66625,0,1,0,0,1,1,1,1,1,0
66626,0,1,0,0,1,1,1,1,1,0
66627,0,1,1,0,1,1,1,0,1,1
66628,0,0,0,0,1,0,1,1,1,1
66629,0,0,0,1,1,0,1,1,1,1
66630,0,0,0,0,1,0,1,0,1,0
66701,0,0,0,0,1,1,1,1,1,1
66702,0,0,1,0,1,1,1,1,1,1
66703,0,1,0,0,1,1,1,1,1,1
66704,0,0,0,0,1,1,1,1,1,0
66705,0,1,0,0,1,1,1,1,1,1
66706,1,0,0,1,1,1,1,1,1,1
66707,0,1,1,0,1,1,1,1,1,1
66708,0,1,0,0,1,1,1,1,1,0
66709,1,1,1,,1,1,1,1,1,1
66710,0,0,0,0,1,1,1,0,1,0
66711,0,0,0,1,1,1,1,1,1,1
66712,1,1,0,0,1,1,1,1,1,0
66713,1,1,1,0,1,1,1,1,1,1
66714,0,1,1,0,1,1,1,1,1,1
66715,0,1,0,0,1,1,1,0,1,0
66716,0,0,0,0,1,1,1,1,1,1
66717,0,1,0,0,1,1,1,1,1,0
66718,0,1,0,0,1,1,1,1,1,0
66719,0,1,0,1,1,0,1,1,1,1
66720,0,0,0,0,1,1,1,1,1,1
66721,0,1,0,0,1,1,1,1,1,1
66722,0,0,0,0,1,1,1,1,1,0
66723,0,1,0,0,1,1,1,1,1,1
66724,0,0,0,0,1,1,1,1,1,0
66725,0,1,0,0,1,1,1,1,1,1
66726,0,0,0,1,1,1,1,1,1,1
66727,0,0,0,0,1,1,1,1,1,1
66728,0,1,0,0,1,1,1,1,1,1
66729,0,1,1,0,1,1,1,1,1,1
66730,0,0,0,1,1,1,1,1,1,1
66801,0,0,0,0,1,1,1,1,1,1
66802,1,1,0,0,1,1,1,1,1,1
66803,0,0,0,0,1,0,1,1,1,1
66804,1,1,0,0,1,1,1,1,1,1
66805,0,1,0,0,1,1,1,1,1,1
66806,0,0,1,1,1,0,1,1,1,1
66807,0,1,0,0,1,1,1,1,1,0
66808,0,0,0,0,1,1,1,1,1,1
66809,0,0,0,0,1,0,1,1,1,1
66810,0,1,0,0,1,1,1,1,1,1
66811,0,1,0,0,1,1,1,1,1,1
66812,0,0,1,0,1,1,1,1,1,0
66813,0,1,0,0,1,1,1,0,1,0
66814,0,0,0,0,1,1,1,1,1,0
66815,0,1,0,1,1,0,1,1,1,1
66816,0,1,0,0,1,1,1,1,1,1
66817,0,1,0,0,1,1,1,1,1,1
66818,0,1,1,0,1,0,1,1,1,1
66819,0,1,0,0,1,1,1,1,1,0
66820,0,0,0,0,1,1,1,1,1,1
66821,0,1,0,1,1,0,1,1,1,1
66822,1,0,1,1,1,1,1,1,1,1
66823,0,0,0,0,1,1,1,1,1,1
66824,0,0,0,1,1,1,1,1,1,1
66825,0,1,1,0,1,1,1,0,1,0
66826,0,0,0,1,1,1,1,1,1,1
66827,0,0,0,0,1,0,1,1,1,0
66828,0,1,1,1,1,1,1,1,1,1
66829,0,0,0,0,1,1,1,1,1,1
66830,0,0,0,0,1,0,1,1,1,1
66901,0,0,0,0,1,1,1,1,1,1
66902,0,0,0,1,1,1,1,1,1,1
66903,1,0,0,1,1,1,1,1,1,1
66904,1,0,1,0,1,0,1,1,1,1
66905,0,1,1,0,1,1,0,1,1,1
66906,0,0,0,0,1,1,1,1,1,1
66907,0,1,1,1,1,1,1,1,1,1
66908,0,1,1,0,1,1,0,1,1,1
66909,0,1,1,1,1,1,1,1,1,1
66910,0,0,1,0,1,1,1,1,1,1
66911,0,0,0,0,1,0,1,1,1,0
66912,0,0,0,0,1,1,1,1,0,1
66913,0,0,1,1,1,0,1,1,1,1
66914,0,0,1,0,1,1,1,1,1,1
66915,0,1,0,0,1,1,1,1,1,0
66916,0,1,1,1,1,0,1,1,1,1
66917,0,0,1,0,1,1,1,1,1,0
66918,0,1,1,0,1,1,1,1,1,1
66919,0,0,0,0,1,1,1,1,1,1
66920,0,1,1,0,1,0,1,1,1,1
66921,0,0,0,1,1,1,1,1,1,0
66922,0,0,0,0,1,0,1,1,1,0
66923,1,1,1,0,1,0,1,1,1,1
66924,0,1,0,0,1,1,1,1,1,0
66925,0,0,0,0,1,1,1,1,1,1
66926,1,0,0,1,1,0,1,1,1,1
66927,1,0,0,1,1,1,1,1,1,1
66928,0,0,0,0,1,1,1,1,1,1
66929,0,1,1,0,1,0,1,1,1,1
66930,0,1,0,0,1,1,1,1,1,0
67001,0,0,0,0,1,1,1,1,1,1
67002,0,1,0,0,1,1,1,1,1,0
67003,0,0,0,0,1,1,1,1,1,1
67004,0,1,1,0,1,1,1,1,1,1
67005,1,1,0,0,1,1,1,1,1,1
67006,0,1,0,0,1,1,1,1,1,0
67007,0,0,1,0,1,1,1,1,1,1
67008,0,0,0,0,1,1,1,1,1,1
67009,0,0,1,0,1,1,1,1,1,1
67010,0,1,0,0,1,1,1,1,1,1
67011,1,1,0,0,1,1,1,1,1,1
67012,0,1,0,0,1,1,1,1,1,1
67013,0,1,0,0,1,1,1,1,1,1
67014,0,0,0,0,1,1,1,1,1,1
67015,0,0,0,0,1,1,1,1,1,1
67016,0,1,1,0,1,1,1,1,1,1
67017,0,1,0,0,1,1,1,1,1,1
67018,0,1,0,0,1,1,1,1,1,1
67019,0,0,0,0,1,1,1,1,1,1
67020,0,0,0,0,1,1,1,1,1,1
67021,0,0,0,0,1,1,1,1,1,1
67022,0,0,0,1,1,1,1,1,1,1
67023,0,0,0,0,1,1,1,1,1,1
67024,0,1,0,0,1,1,1,1,1,1
67025,0,1,0,1,1,1,1,1,1,1
67026,0,0,0,0,1,1,1,1,1,1
67027,0,0,0,0,1,1,1,1,1,1
67028,0,1,1,0,1,1,1,1,1,1
67029,0,1,1,0,1,1,1,1,1,1
67030,1,1,0,0,1,1,1,1,1,1
67101,0,0,0,1,1,1,1,1,1,1
67102,0,1,0,0,1,1,1,1,1,1
67103,0,0,0,0,1,1,1,1,1,1
67104,0,0,0,0,1,1,1,1,1,0
67105,0,,0,0,1,1,1,1,1,1
67106,0,1,1,1,1,1,1,1,1,1
67107,0,0,0,0,1,1,1,1,1,1
67108,0,0,1,0,1,1,1,1,1,1
67109,0,0,0,1,1,1,1,1,1,1
67110,0,0,0,1,1,1,1,1,1,1
67111,0,1,0,0,1,1,1,1,1,1
67112,0,1,0,0,1,1,1,1,1,1
67113,0,0,0,0,1,1,1,1,1,1
67114,0,0,0,0,1,1,1,1,1,1
67115,0,0,0,0,1,1,1,1,1,0
67116,0,0,0,0,1,1,1,1,1,0
67117,0,0,1,0,1,1,1,1,1,1
67118,0,0,1,1,1,1,1,1,1,0
67119,0,1,1,0,1,1,1,1,1,1
67120,0,1,0,0,1,1,1,1,1,1
67121,0,0,0,0,1,1,1,1,1,1
67122,1,0,0,0,1,1,1,1,1,1
67123,0,1,0,0,1,1,1,1,1,1
67124,1,1,0,0,1,1,1,1,1,1
67125,0,0,0,0,1,1,1,1,1,1
67126,0,0,0,1,1,1,1,1,1,1
67127,0,0,0,0,1,1,1,1,1,1
67128,0,1,0,1,1,1,1,1,1,1
67129,0,0,0,0,1,1,1,1,1,1
67130,0,0,0,0,1,1,1,1,1,0
67201,1,1,1,0,1,1,1,1,1,1
67202,1,1,0,0,1,1,1,1,1,1
67203,0,0,1,0,1,1,1,1,1,1
67204,0,1,0,0,1,1,1,1,1,0
67205,1,1,0,0,1,1,1,1,1,1
67206,0,1,1,0,1,1,1,1,1,1
67207,0,0,0,0,1,1,1,1,1,1
67208,0,0,0,0,1,1,1,1,1,1
67209,0,0,0,0,1,1,1,1,1,1
67210,0,0,0,0,1,1,1,1,1,0
67211,0,0,0,1,1,1,1,1,1,1
67212,0,0,0,0,1,1,1,1,1,1
67213,0,1,1,0,1,1,1,1,1,1
67214,0,0,0,0,1,1,1,1,1,1
67215,1,0,1,1,1,1,1,1,1,1
67216,0,0,0,1,1,1,1,1,1,1
67217,0,0,0,0,1,1,1,1,1,1
67218,0,1,1,0,1,1,1,1,1,1
67219,0,1,0,1,1,1,1,1,1,1
67220,0,0,0,0,1,0,1,1,1,1
67221,0,1,1,0,1,1,1,1,1,1
67222,0,0,0,1,1,1,1,1,1,1
67223,0,1,0,0,1,1,1,1,1,1
67224,0,1,1,0,1,1,1,1,1,1
67225,0,0,0,0,1,1,1,1,1,1
67226,0,0,0,0,1,1,1,1,1,1
67227,0,1,1,0,1,1,1,1,1,1
67228,0,0,0,0,1,1,1,1,1,1
67229,0,1,0,0,1,1,1,1,1,0
67230,0,0,0,0,1,1,1,1,1,1
67301,0,1,0,0,1,0,1,1,1,1
67302,0,0,0,0,1,0,1,1,1,0
67303,0,0,0,1,1,1,1,1,1,1
67304,0,0,0,0,1,0,1,1,1,1
67305,0,1,0,0,1,1,1,1,1,1
67306,0,0,0,0,1,0,1,1,1,0
67307,1,1,0,0,1,0,1,1,1,1
67308,0,1,1,0,1,0,1,1,1,1
67309,0,1,1,1,1,0,1,1,1,1
67310,0,0,0,0,1,0,1,1,1,1
67311,0,0,0,0,1,1,1,1,1,1
67312,0,0,1,0,1,1,1,1,1,0
67313,0,1,1,0,1,0,1,1,1,0
67314,0,0,0,0,1,1,1,1,1,1
67315,1,1,0,0,1,0,1,1,1,1
67316,1,0,0,0,1,0,1,1,1,1
67317,0,0,0,1,1,0,1,1,1,1
67318,1,0,0,0,1,1,1,1,1,1
67319,0,1,1,0,1,0,1,1,1,1
67320,0,0,0,0,1,1,1,1,1,0
67321,0,1,1,1,1,1,1,1,1,1
67322,0,0,1,1,1,0,1,1,1,1
67323,0,0,0,1,1,1,1,1,1,1
67324,1,1,1,1,1,1,1,1,1,1
67325,0,0,0,0,1,0,1,1,1,1
67326,0,0,1,1,1,1,1,1,1,1
67327,0,0,0,0,1,1,1,1,1,1
67328,0,1,0,0,1,0,1,1,1,1
67329,1,1,0,0,1,1,1,1,1,0
67330,0,1,0,0,1,1,1,1,1,1
67401,0,0,0,1,1,1,1,1,1,1
67402,0,1,1,1,1,1,1,1,1,1
67403,0,0,0,1,1,1,1,1,1,1
67404,0,0,0,1,1,1,1,1,1,1
67405,0,1,1,0,1,1,1,1,1,1
67406,0,1,0,0,1,1,1,1,1,0
67407,0,1,0,0,1,1,1,1,1,1
67408,0,0,0,0,1,1,1,1,1,1
67409,0,0,1,1,1,1,1,1,1,0
67410,0,1,0,1,1,1,1,1,1,1
67411,0,1,1,1,1,1,1,1,1,1
67412,0,1,1,0,1,1,1,1,1,1
67413,0,0,0,1,1,1,1,1,1,1
67414,0,0,0,0,1,1,1,1,1,1
67415,0,1,1,1,1,1,1,1,1,1
67416,0,0,1,0,1,1,1,1,1,1
67417,0,0,0,1,1,1,1,1,1,1
67418,0,0,0,0,1,1,1,1,1,1
67419,0,0,1,0,1,1,1,1,1,1
67420,0,1,0,1,1,1,1,1,1,1
67421,0,1,1,1,1,1,1,1,1,1
67422,0,0,1,0,1,1,1,1,1,1
67423,0,0,0,0,1,1,1,1,1,1
67424,0,1,1,0,1,1,1,1,1,1
67425,0,1,0,0,1,1,1,1,1,1
67426,0,0,0,0,0,1,1,1,1,1
67427,0,0,0,1,1,1,1,1,1,1
67428,0,1,0,1,1,1,1,1,1,1
67429,0,0,,0,1,1,1,1,1,1
67430,1,0,1,1,1,1,1,1,1,1
67501,0,0,0,0,1,1,1,1,1,1
67502,0,0,1,0,1,1,1,1,1,0
67503,0,0,0,0,1,1,1,1,1,0
67504,0,0,0,1,1,1,1,1,1,1
67505,0,0,0,0,1,1,1,1,1,0
67506,0,0,0,0,1,1,1,0,1,0
67507,0,0,0,0,1,1,1,1,1,1
67508,0,0,0,0,1,1,1,1,1,1
67509,0,1,0,0,1,1,1,1,1,0
67510,0,1,0,0,1,1,1,1,1,1
67511,1,1,0,0,1,1,1,1,1,1
67512,0,0,0,0,1,1,1,1,1,1
67513,0,0,0,0,1,1,1,1,1,1
67514,0,1,0,0,1,1,1,1,1,0
67515,0,0,0,0,0,1,1,1,1,0
67516,0,1,0,0,1,1,1,0,1,0
67517,0,0,1,0,0,1,1,1,1,1
67518,0,0,0,0,1,1,1,1,1,1
67519,0,0,0,0,1,1,1,0,1,0
67520,0,0,0,0,1,1,1,1,1,0
67521,0,0,0,0,1,1,1,0,1,0
67522,0,0,0,0,1,1,1,1,1,1
67523,0,0,0,1,1,1,1,1,1,1
67524,0,0,0,1,1,1,1,1,1,0
67525,0,1,0,0,1,1,1,0,1,1
67526,0,0,0,0,1,1,1,0,1,0
67527,0,0,0,1,1,1,1,1,1,0
67528,0,0,0,0,1,0,1,0,1,0
67529,0,1,0,0,1,1,1,1,1,1
67530,0,1,0,0,1,1,1,1,1,1
67601,0,0,0,0,1,1,1,1,1,1
67602,0,0,1,0,1,1,1,1,1,1
67603,0,0,0,0,1,1,1,1,1,1
67604,1,1,0,1,1,1,1,1,1,1
67605,0,1,0,0,0,1,1,1,1,1
67606,0,1,0,0,1,1,1,1,1,1
67607,0,1,0,0,1,1,1,1,1,0
67608,0,0,1,0,1,1,1,1,1,1
67609,0,0,0,0,1,1,1,1,1,0
67610,0,0,0,1,1,1,1,1,1,1
67611,0,0,0,1,1,1,1,1,1,1
67612,1,1,0,0,1,1,1,1,1,0
67613,0,0,1,0,1,1,1,0,1,1
67614,0,1,0,0,1,1,1,1,1,1
67615,0,1,1,0,1,1,1,1,1,1
67616,0,0,0,1,1,1,1,1,1,1
67617,1,0,0,0,1,1,1,1,1,1
67618,0,0,0,0,1,1,1,1,1,1
67619,0,1,1,0,1,1,1,1,1,1
67620,0,0,0,0,1,1,1,1,1,1
67621,0,1,0,0,1,1,1,1,1,1
67622,0,0,0,1,1,1,1,1,1,1
67623,1,1,1,0,1,1,1,1,1,1
67624,0,1,1,0,1,1,1,1,1,1
67625,0,1,1,0,1,1,1,1,1,1
67626,1,0,1,0,1,1,1,1,1,1
67627,0,0,1,0,1,1,1,1,1,1
67628,0,1,1,1,1,1,1,1,1,1
67629,0,1,0,0,1,1,1,1,1,1
67630,0,0,0,0,1,0,1,1,1,1
67701,1,1,1,0,1,1,1,1,1,1
67702,1,0,1,0,1,1,1,1,1,1
67703,0,1,1,1,1,1,1,1,1,1
67704,0,0,0,0,1,1,1,1,1,0
67705,1,1,1,0,1,1,1,1,1,1
67706,0,0,0,0,1,0,1,1,1,1
67707,0,0,0,0,1,1,1,1,1,1
67708,0,0,1,0,1,1,1,1,1,1
67709,0,0,1,0,1,1,1,1,1,1
67710,0,1,1,1,1,1,1,1,1,1
67711,0,1,1,0,1,1,1,1,1,1
67712,1,1,1,0,1,1,1,1,1,1
67713,0,0,1,0,1,1,1,1,1,1
67714,1,1,1,0,1,1,1,1,1,1
67715,1,0,0,0,1,1,1,1,1,1
67716,0,1,1,1,1,1,1,1,1,1
67717,0,0,0,1,1,1,1,1,1,1
67718,0,1,1,0,1,1,1,1,1,1
67719,0,1,0,1,1,1,1,1,1,1
67720,1,1,1,0,1,1,1,1,1,1
67721,1,1,1,0,1,1,1,1,1,1
67722,0,0,1,1,1,1,1,1,1,1
67723,0,0,0,0,1,1,1,1,1,1
67724,0,0,0,0,1,1,1,1,1,1
67725,0,0,0,1,1,1,1,1,1,1
67726,0,1,1,0,1,1,1,1,1,1
67727,1,0,0,0,1,1,1,1,1,0
67728,0,1,1,1,1,1,1,1,1,1
67729,1,0,1,0,1,1,1,1,1,1
67730,1,0,0,0,1,1,1,1,1,1
67801,0,1,1,1,1,1,1,1,1,1
67802,0,0,0,1,1,1,1,1,1,1
67803,0,0,0,1,1,1,1,1,1,1
67804,0,1,1,1,1,1,1,1,1,1
67805,1,0,0,1,1,1,1,1,1,1
67806,0,1,0,0,1,1,1,1,1,1
67807,0,0,1,1,1,1,1,1,1,1
67808,0,0,1,0,1,1,1,1,1,1
67809,0,0,1,0,1,1,1,1,1,0
67810,0,0,1,1,1,1,1,1,1,1
67811,0,0,0,0,1,1,1,1,1,1
67812,0,0,0,1,1,1,1,1,1,1
67813,1,1,1,0,1,1,1,1,1,0
67814,0,0,0,0,1,1,1,1,1,1
67815,0,1,0,0,1,1,1,1,1,1
67816,1,0,0,0,1,1,1,1,1,1
67817,1,0,0,0,1,1,1,1,1,0
67818,1,1,1,0,1,1,1,1,1,1
67819,0,1,1,0,1,1,1,1,1,1
67820,0,0,1,0,1,1,1,1,1,0
67821,0,0,1,0,1,1,1,1,1,1
67822,0,0,0,0,1,1,1,1,1,1
67823,0,1,1,1,1,1,1,1,1,1
67824,0,0,0,1,1,1,1,1,1,1
67825,1,1,1,0,1,1,1,1,1,1
67826,0,0,0,1,1,1,1,1,1,1
67827,0,0,0,0,1,1,1,1,1,1
67828,0,1,0,0,1,1,1,1,1,1
67829,0,0,1,1,1,1,1,1,1,1
67830,0,0,0,0,1,1,1,1,1,1
67901,0,0,0,0,1,1,1,1,1,1
67902,0,1,1,0,1,1,1,1,1,1
67903,1,1,0,1,1,1,1,1,1,1
67904,1,1,1,1,1,1,1,1,1,1
67905,0,0,0,1,1,1,1,1,1,1
67906,0,0,0,1,1,1,1,1,1,1
67907,0,1,1,0,1,1,1,1,1,1
67908,0,0,1,1,1,1,1,1,1,1
67909,1,0,1,0,1,1,1,1,1,1
67910,0,0,1,0,1,1,1,1,1,1
67911,1,1,0,0,1,1,1,1,1,1
67912,1,1,0,0,1,1,1,1,1,1
67913,1,1,1,0,1,1,1,1,1,1
67914,1,1,0,1,1,1,1,1,1,1
67915,0,1,0,0,1,1,1,1,1,1
67916,1,1,0,0,1,1,1,1,1,1
67917,1,0,0,0,1,1,1,1,1,1
67918,0,1,0,0,1,1,1,1,1,1
67919,1,0,0,0,1,1,1,1,1,1
67920,1,0,0,0,1,1,1,1,1,1
67921,0,1,0,0,1,1,1,1,1,1
67922,0,1,0,1,1,1,1,1,1,1
67923,0,0,0,0,1,1,1,1,1,1
67924,0,1,1,0,1,1,1,1,1,1
67925,1,1,0,0,1,1,1,1,1,1
67926,0,0,0,0,1,1,1,1,1,1
67927,0,1,1,1,1,1,1,1,1,1
67928,1,0,1,0,1,1,1,1,1,1
67929,0,0,0,1,1,1,1,1,1,1
67930,0,0,1,0,1,1,0,1,1,1
68001,1,0,1,0,1,1,1,1,1,1
68002,0,0,0,1,1,1,1,1,1,1
68003,0,1,0,1,1,1,1,1,1,1
68004,0,1,0,0,1,1,1,1,1,1
68005,1,0,1,0,1,1,1,1,1,1
68006,0,1,0,0,1,1,1,1,1,0
68007,0,0,1,1,1,1,1,1,1,1
68008,0,0,0,0,1,1,1,1,1,1
68009,0,1,0,0,1,1,1,1,1,1
68010,0,1,1,0,1,1,1,1,1,1
68011,0,0,0,1,1,0,1,1,1,1
68012,1,0,1,0,1,1,1,1,1,1
68013,0,1,0,0,1,1,1,1,1,1
68014,1,1,0,0,1,1,1,1,1,1
68015,0,0,0,1,1,1,1,1,1,1
68016,0,1,0,0,1,1,1,1,1,1
68017,0,0,0,0,1,1,1,1,1,1
68018,0,0,0,0,1,1,1,1,1,1
68019,0,0,1,0,1,1,1,1,1,1
68020,0,1,1,1,1,1,1,1,1,1
68021,0,1,0,1,1,1,1,1,1,1
68022,0,1,0,0,1,1,1,1,1,1
68023,0,0,1,0,1,1,1,1,1,1
68024,0,0,0,1,1,1,1,1,1,1
68025,1,1,0,0,1,1,1,1,1,1
68026,0,1,0,1,1,1,1,1,1,1
68027,0,1,0,0,1,1,1,1,1,1
68028,0,0,0,0,1,1,1,1,1,1
68029,0,0,0,0,1,1,1,1,1,0
68030,0,0,1,0,1,1,1,1,1,1
68101,0,0,1,0,1,1,1,1,1,1
68102,1,0,0,0,1,1,1,1,1,0
68103,0,1,0,1,1,1,1,1,1,1
68104,1,0,0,1,1,1,1,1,1,1
68105,0,1,1,0,1,1,1,1,1,0
68106,0,0,0,0,1,1,1,1,1,1
68107,0,0,0,1,1,1,1,1,1,1
68108,1,0,0,0,1,1,1,1,1,0
68109,1,1,0,1,1,1,1,1,1,1
68110,0,0,1,1,1,1,1,1,1,1
68111,1,1,1,0,1,1,1,1,1,1
68112,0,0,0,1,1,1,1,1,1,1
68113,1,1,0,1,1,1,1,1,1,0
68114,0,0,0,1,1,1,1,1,1,1
68115,0,0,0,0,1,1,1,1,1,0
68116,0,0,0,0,0,0,1,0,0,0
68117,0,0,0,0,1,1,1,1,1,0
68118,1,0,0,0,1,0,1,0,1,1
68119,0,0,0,0,1,0,1,0,0,0
68120,0,0,0,0,0,0,1,0,1,0
68121,0,1,1,1,1,1,1,1,1,1
68122,1,0,0,1,1,1,1,1,1,1
68123,0,0,0,1,1,1,1,1,1,1
68124,0,0,1,1,1,1,1,1,1,1
68125,0,0,0,0,1,1,1,1,1,0
68126,1,0,1,1,1,1,1,1,1,1
68127,0,0,1,1,1,1,1,1,1,1
68128,0,1,0,0,1,1,1,1,1,1
68129,0,0,0,0,1,1,1,1,1,1
68130,0,0,0,1,1,1,1,1,1,1
68201,0,0,1,0,1,1,1,1,1,1
68202,0,0,0,0,1,1,1,1,1,1
68203,0,0,0,0,1,1,1,1,1,1
68204,0,1,0,1,1,1,1,1,1,1
68205,0,1,0,1,1,1,1,1,1,1
68206,1,1,1,0,1,1,1,1,1,1
68207,0,1,1,0,1,1,1,1,1,1
68208,0,0,1,0,1,1,1,1,1,1
68209,0,0,0,0,1,1,1,1,1,1
68210,0,0,0,0,1,1,1,1,1,1
68211,0,0,0,0,1,0,1,1,1,1
68212,1,0,0,1,1,1,1,1,1,1
68213,1,1,1,1,1,1,1,1,1,1
68214,0,1,1,1,1,0,1,1,1,1
68215,0,1,0,1,1,1,1,1,1,1
68216,0,0,0,0,1,1,1,1,1,1
68217,0,1,0,0,1,1,1,1,1,0
68218,0,1,0,0,1,1,1,1,1,1
68219,1,0,1,0,1,1,1,1,1,1
68220,0,0,1,0,1,1,1,1,1,1
68221,1,1,1,1,1,1,1,1,1,1
68222,0,0,1,1,1,1,1,1,1,1
68223,0,0,1,0,1,1,1,1,1,1
68224,0,0,0,1,1,1,1,1,1,1
68225,1,1,1,0,1,1,1,1,1,1
68226,0,1,1,1,1,1,1,1,1,1
68227,0,1,1,0,1,1,1,1,1,1
68228,1,1,1,1,1,1,1,1,1,1
68229,0,0,0,0,1,1,1,1,1,1
68230,1,0,0,1,1,1,1,1,1,1
68301,0,1,0,1,1,1,1,1,1,1
68302,0,0,0,1,1,1,1,1,1,1
68303,0,0,1,0,1,1,1,1,1,1
68304,0,0,1,1,1,1,1,1,1,1
68305,0,0,0,1,1,1,1,1,1,1
68306,0,0,1,1,1,1,1,1,1,1
68307,0,0,1,0,1,1,1,1,1,1
68308,0,1,1,0,1,1,1,1,1,0
68309,0,0,1,1,1,1,1,1,1,1
68310,0,0,0,1,1,1,1,1,1,1
68311,0,0,1,0,1,1,1,1,1,1
68312,0,0,0,0,1,1,1,1,1,1
68313,0,0,0,0,1,1,1,1,1,1
68314,0,0,1,1,1,1,1,1,1,1
68315,0,1,1,1,1,1,1,1,1,1
68316,0,1,1,0,1,1,1,1,1,1
68317,0,0,0,1,1,1,1,1,1,1
68318,0,1,0,0,1,1,1,1,1,1
68319,0,1,1,0,1,1,1,1,1,1
68320,0,0,1,0,1,1,1,1,1,1
68321,0,1,0,0,1,1,1,1,1,1
68322,0,0,0,0,1,1,1,1,1,1
68323,0,1,1,1,1,1,1,1,1,1
68324,0,0,0,1,1,1,1,1,0,1
68325,0,0,0,0,0,1,0,0,1,0
68326,0,0,0,1,1,1,1,1,0,1
68327,0,1,0,0,1,1,1,1,1,1
68328,0,1,1,1,1,1,1,1,1,1
68329,1,1,1,1,1,1,1,1,1,1
68330,0,1,1,1,1,1,1,1,1,1
68401,0,0,1,1,1,1,1,1,1,1
68402,0,0,0,0,1,1,1,1,1,1
68403,0,1,0,0,1,1,1,1,1,1
68404,0,0,0,1,1,1,1,1,1,1
68405,0,0,0,0,1,0,1,0,0,1
68406,0,1,0,1,1,1,1,1,1,1
68407,0,1,0,0,1,1,1,1,1,1
68408,0,0,1,0,1,0,1,1,0,1
68409,0,0,0,1,1,1,1,1,1,1
68410,0,0,1,0,1,1,1,1,1,1
68411,0,0,0,0,1,0,1,1,1,1
68412,0,0,1,1,1,1,1,1,1,1
68413,0,0,0,0,1,1,1,1,1,1
68414,0,0,1,1,1,0,1,1,1,1
68415,0,1,1,0,1,1,1,0,1,1
68416,0,0,0,0,1,1,1,1,1,1
68417,1,0,1,0,1,0,1,1,1,1
68418,0,0,1,0,1,1,1,1,1,1
68419,0,1,0,0,1,0,1,1,1,1
68420,0,0,0,0,1,0,1,1,1,1
68421,0,0,0,0,1,1,0,0,1,0
68422,1,0,0,1,1,1,1,0,1,1
68423,0,0,0,0,1,0,1,1,1,1
68424,1,1,0,0,1,1,1,1,1,1
68425,0,0,0,1,1,1,1,1,1,1
68426,1,1,0,1,1,1,1,1,1,1
68427,1,1,0,0,1,1,1,1,1,1
68428,0,0,1,1,1,1,1,1,1,1
68429,0,0,1,0,1,1,1,1,1,1
68430,1,1,0,1,1,1,1,1,1,1
68501,1,1,1,0,1,1,1,1,1,1
68502,0,0,0,1,1,0,1,1,1,1
68503,0,0,1,0,1,1,1,1,1,0
68504,0,0,0,1,1,1,1,1,1,1
68505,0,0,0,1,1,1,1,1,1,1
68506,0,0,0,1,1,1,1,1,1,1
68507,1,0,1,1,1,1,1,1,1,1
68508,1,0,0,0,1,1,1,1,1,1
68509,0,0,0,1,1,1,1,1,1,1
68510,0,1,1,1,1,1,1,1,1,1
68511,0,0,0,0,1,1,1,1,1,1
68512,0,0,0,0,1,1,1,1,1,1
68513,1,1,0,0,1,1,1,1,1,0
68514,0,1,0,0,1,1,1,1,1,1
68515,0,1,1,0,1,1,1,1,1,0
68516,1,1,1,0,1,1,1,1,1,1
68517,1,1,0,0,1,1,1,1,1,1
68518,0,1,0,0,1,1,1,1,1,1
68519,0,0,0,0,1,1,1,1,1,1
68520,0,0,0,0,1,1,1,1,1,1
68521,1,0,1,0,1,1,1,1,1,0
68522,0,0,0,0,1,1,1,1,1,1
68523,0,1,0,0,1,1,1,1,1,1
68524,0,0,0,1,1,1,1,1,1,1
68525,0,0,0,1,1,0,1,1,1,1
68526,0,1,1,0,1,1,1,1,1,1
68527,0,0,0,0,1,1,1,1,1,1
68528,0,0,0,0,1,0,1,1,1,1
68529,0,0,0,0,1,0,1,1,1,1
68530,1,1,0,0,1,1,1,1,1,1
68601,0,1,1,0,1,1,1,1,1,1
68602,0,0,0,0,1,1,1,1,1,1
68603,0,1,0,0,1,1,1,1,1,1
68604,0,0,0,0,1,1,1,1,1,1
68605,0,1,1,0,1,1,1,1,1,1
68606,0,0,0,0,1,1,1,1,1,1
68607,0,0,0,1,1,1,1,1,1,1
68608,0,0,0,0,1,1,1,1,1,1
68609,0,1,0,0,1,1,1,1,1,1
68610,0,1,0,0,0,0,1,1,1,0
68611,0,0,0,0,1,1,1,1,1,1
68612,0,0,0,0,1,1,1,1,1,1
68613,0,0,0,0,1,1,1,1,1,1
68614,0,1,1,1,1,1,1,1,1,1
68615,0,1,0,0,0,1,1,1,1,0
68616,0,0,0,0,1,0,1,1,1,0
68617,0,1,0,0,1,1,1,1,1,0
68618,0,1,0,1,1,0,1,1,1,1
68619,0,1,1,0,1,1,1,1,1,0
68620,0,1,0,0,1,1,1,1,1,1
68621,1,1,0,0,1,0,1,1,1,0
68622,0,1,0,0,1,0,1,1,1,1
68623,0,0,0,0,1,1,1,1,1,1
68624,0,1,1,1,1,0,1,1,1,1
68625,0,1,1,0,1,0,1,1,1,1
68626,0,0,0,1,1,1,1,1,1,1
68627,0,0,0,0,1,0,1,1,1,1
68628,0,1,0,0,1,0,1,1,1,1
68629,0,0,1,1,1,1,1,1,1,1
68630,1,1,0,0,1,0,1,1,1,0
68701,0,0,0,0,1,1,1,1,1,1
68702,1,1,0,0,1,1,1,1,1,1
68703,0,0,0,1,1,1,1,1,1,1
68704,0,0,0,0,1,1,1,1,1,1
68705,0,1,1,1,1,1,1,1,1,0
68706,0,0,1,0,1,1,1,1,1,1
68707,0,0,0,0,1,1,1,1,1,1
68708,1,1,0,1,1,1,1,1,1,1
68709,0,0,1,1,1,1,1,1,1,1
68710,0,0,1,0,1,1,1,1,1,1
68711,0,0,0,1,1,1,1,1,1,1
68712,0,0,0,1,1,1,1,1,1,1
68713,0,1,0,1,1,1,1,1,1,1
68714,0,0,0,0,1,1,1,1,1,1
68715,1,0,1,0,1,1,1,1,1,0
68716,0,1,0,0,1,1,1,1,1,1
68717,0,1,1,1,1,1,1,1,1,1
68718,0,1,1,0,1,1,1,1,1,1
68719,0,0,0,0,1,1,1,1,1,1
68720,0,0,0,1,1,1,1,1,1,1
68721,0,1,1,0,1,1,1,1,1,1
68722,0,1,0,0,1,1,1,1,1,0
68723,0,1,0,0,1,1,1,0,1,1
68724,0,1,1,0,1,1,1,1,1,0
68725,0,0,0,1,1,1,1,1,1,1
68726,0,1,0,0,1,1,1,1,1,1
68727,0,0,1,0,1,1,1,1,1,1
68728,0,0,1,0,1,1,1,1,1,0
68729,0,0,1,0,1,1,1,0,1,0
68730,0,0,0,0,1,1,1,1,1,0
68801,0,1,0,0,1,1,1,1,1,0
68802,0,1,0,0,1,1,1,1,1,1
68803,0,0,0,0,1,1,1,1,1,1
68804,1,0,0,0,1,1,1,1,1,1
68805,0,1,0,0,1,1,1,1,1,1
68806,0,0,0,0,1,1,1,1,1,1
68807,0,0,0,0,1,1,1,1,1,1
68808,0,0,0,0,1,1,1,1,1,0
68809,0,0,0,0,1,1,1,1,1,0
68810,0,0,0,0,1,1,1,1,1,1
68811,0,1,0,0,1,1,1,1,1,1
68812,0,0,0,0,1,1,1,1,1,1
68813,0,0,0,0,1,1,0,1,1,1
68814,0,0,0,0,1,1,1,1,1,0
68815,0,0,0,0,1,1,1,1,1,1
68816,0,0,0,0,1,1,1,1,1,1
68817,0,0,0,0,1,1,1,1,1,1
68818,0,0,0,0,1,1,1,1,1,0
68819,0,0,0,0,1,1,1,1,1,1
68820,0,0,0,0,1,1,1,1,1,1
68821,0,0,0,1,1,1,1,1,1,1
68822,0,1,0,0,1,1,1,1,0,1
68823,0,1,1,0,1,1,1,1,1,1
68824,1,1,0,0,1,1,1,1,1,0
68825,0,0,0,0,1,1,1,1,1,1
68826,0,1,1,1,1,1,1,1,1,1
68827,0,0,0,0,1,1,1,1,1,1
68828,0,0,0,0,1,1,1,1,1,1
68829,1,1,0,0,1,1,1,1,1,1
68830,0,0,0,0,1,1,1,1,1,1
68901,1,1,1,0,1,1,1,1,1,0
68902,0,0,0,0,1,1,1,1,1,1
68903,0,1,0,0,1,1,1,1,1,0
68904,0,1,0,0,1,1,1,1,1,1
68905,1,0,0,0,1,1,1,1,1,1
68906,0,0,0,0,1,1,1,1,1,1
68907,0,1,0,0,1,1,1,1,1,1
68908,0,0,0,0,1,1,1,1,1,0
68909,0,1,1,0,1,1,1,1,1,1
68910,1,1,0,0,1,1,1,1,1,1
68911,0,0,0,0,1,1,1,1,1,1
68912,0,1,0,0,1,1,1,1,1,1
68913,0,1,0,0,1,1,1,1,1,1
68914,0,0,0,0,1,1,1,1,1,1
68915,0,1,1,0,1,1,1,1,1,1
68916,0,0,0,0,1,1,1,1,1,1
68917,0,0,0,0,1,1,1,1,1,1
68918,0,1,1,0,1,1,1,1,1,1
68919,0,1,0,0,1,1,1,1,1,1
68920,0,0,0,0,1,1,1,1,1,1
68921,0,1,0,0,1,1,1,1,1,1
68922,0,1,0,0,1,1,1,1,1,1
68923,0,0,0,0,1,1,1,1,1,1
68924,0,0,0,0,1,1,1,1,1,1
68925,0,1,0,0,1,1,1,1,1,1
68926,0,1,0,1,1,1,1,1,1,1
68927,1,0,0,1,1,1,1,1,1,1
68928,0,1,0,0,1,1,1,1,1,1
68929,0,1,1,0,1,1,1,1,1,1
68930,0,1,0,0,1,1,1,1,1,1
69001,0,1,1,0,1,1,1,1,1,1
69002,0,1,0,0,1,1,1,1,1,1
69003,0,1,1,0,1,1,1,1,1,1
69004,0,0,1,0,1,1,1,1,1,1
69005,0,0,0,0,1,1,1,1,1,1
69006,1,0,1,0,1,1,1,1,1,1
69007,1,0,1,0,1,1,1,1,1,1
69008,0,0,1,0,1,1,1,1,1,1
69009,1,1,0,0,1,1,0,1,1,1
69010,0,1,0,0,1,1,1,1,1,1
69011,0,1,0,1,1,1,1,1,1,1
69012,0,0,1,1,1,1,1,1,1,1
69013,1,0,1,0,1,1,1,1,1,1
69014,0,0,1,0,1,1,1,1,1,1
69015,0,0,1,0,1,1,1,1,1,1
69016,0,0,0,0,1,1,1,1,1,1
69017,0,0,0,0,1,1,1,1,1,1
69018,1,0,1,0,1,1,1,1,1,1
69019,1,0,0,0,1,1,1,1,1,1
69020,0,0,0,0,1,1,1,1,1,0
69021,0,0,1,1,1,1,1,1,1,1
69022,0,0,1,0,1,1,1,1,1,1
69023,0,1,1,0,1,1,1,1,1,1
69024,1,1,1,0,1,1,1,1,1,1
69025,0,1,1,0,1,1,1,1,1,1
69026,0,1,0,0,1,1,1,1,1,1
69027,1,1,1,0,1,1,1,1,1,1
69028,0,0,0,0,1,1,1,1,1,1
69029,0,0,0,0,1,1,1,1,1,1
69030,0,1,1,0,1,1,1,1,1,1
69101,0,1,0,0,1,1,1,1,1,0
69102,0,1,1,1,1,1,1,1,1,1
69103,0,0,1,0,1,1,1,1,1,0
69104,0,1,1,0,1,1,1,1,1,1
69105,0,1,1,0,1,1,1,1,1,1
69106,0,1,0,0,1,1,1,1,1,1
69107,0,1,0,0,1,1,1,1,1,1
69108,0,0,0,0,1,1,1,1,1,1
69109,1,1,1,1,1,1,1,1,1,1
69110,0,0,0,0,1,1,1,1,1,0
69111,0,0,0,0,1,1,1,1,1,1
69112,0,0,0,1,1,1,1,1,1,1
69113,1,1,0,0,1,1,1,0,1,1
69114,1,1,0,0,1,1,0,1,1,1
69115,0,1,1,1,1,1,1,1,1,1
69116,0,1,0,0,1,1,1,1,1,1
69117,1,1,0,1,1,1,1,1,1,1
69118,0,1,0,0,1,1,1,1,1,1
69119,0,0,1,1,1,1,1,1,1,1
69120,0,1,0,1,1,1,1,1,1,1
69121,0,0,0,0,1,1,1,1,1,1
69122,0,0,1,0,1,1,1,1,1,1
69123,0,1,1,0,1,1,0,0,1,0
69124,0,0,0,0,1,1,1,1,1,1
69125,0,0,0,0,1,1,1,1,1,1
69126,0,0,1,0,1,1,1,1,1,1
69127,0,0,0,1,1,1,1,1,1,1
69128,0,1,0,0,1,1,1,1,1,1
69129,0,0,0,0,1,1,1,1,1,1
69130,1,1,0,0,1,1,1,1,1,1
69201,0,1,1,0,1,1,1,1,1,1
69202,0,0,1,1,1,1,1,1,1,1
69203,0,1,0,0,1,1,1,1,1,0
69204,0,0,1,0,1,1,1,1,1,1
69205,0,0,0,0,1,1,1,1,1,1
69206,0,1,0,1,1,1,1,1,1,1
69207,0,0,0,0,1,1,1,1,1,1
69208,1,0,0,0,1,1,1,1,1,1
69209,0,1,0,0,1,1,1,1,1,0
69210,0,1,1,0,1,1,1,1,1,0
69211,0,1,1,1,1,1,1,1,1,1
69212,0,1,0,1,1,1,1,1,1,1
69213,0,0,0,0,1,1,1,1,1,0
69214,0,0,0,0,1,1,1,1,1,1
69215,0,0,0,0,1,1,1,1,1,1
69216,0,1,0,0,1,1,1,1,1,0
69217,0,0,0,0,1,1,1,1,1,0
69218,0,1,1,0,1,1,1,1,1,0
69219,0,0,1,0,1,1,1,1,1,1
69220,0,1,0,0,1,1,1,1,1,1
69221,0,0,0,0,1,1,1,1,1,1
69222,0,0,0,0,1,1,1,1,1,1
69223,0,1,0,0,1,1,1,1,1,1
69224,0,0,0,0,1,1,1,1,1,1
69225,0,1,0,0,1,1,1,1,1,1
69226,0,1,0,0,1,1,1,1,1,1
69227,0,1,0,0,1,1,1,1,1,0
69228,0,0,0,1,1,1,1,1,1,1
69229,0,1,1,0,1,1,1,1,1,1
69230,1,0,0,0,1,1,1,1,1,0
69301,0,1,0,0,1,1,1,1,1,0
69302,0,1,1,1,1,1,1,1,1,1
69303,0,1,0,1,1,1,1,1,1,1
69304,0,0,0,0,1,1,1,1,1,1
69305,0,1,0,1,0,1,1,1,1,0
69306,0,0,0,0,1,1,1,1,1,1
69307,0,0,0,1,1,1,1,1,1,1
69308,1,1,0,0,1,1,1,1,1,1
69309,0,0,0,0,1,1,1,1,1,0
69310,0,0,0,0,1,1,1,1,1,1
69311,0,0,0,0,1,1,1,1,1,1
69312,0,1,0,0,1,1,1,1,1,1
69313,0,1,1,0,1,0,1,1,1,0
69314,0,0,1,1,1,1,1,1,1,0
69315,0,0,1,0,1,1,1,1,1,1
69316,0,1,0,0,1,1,1,1,1,1
69317,0,0,0,0,1,1,1,1,1,1
69318,0,0,0,1,1,1,1,1,1,1
69319,0,1,1,1,1,1,1,1,1,1
69320,1,0,1,1,1,1,1,1,1,1
69321,0,1,1,1,1,1,1,1,1,1
69322,0,0,0,0,1,1,1,1,1,1
69323,0,0,0,0,1,1,1,1,1,1
69324,0,0,1,0,1,1,1,1,1,1
69325,0,0,1,1,1,1,1,1,1,1
69326,0,0,0,1,1,1,1,1,1,1
69327,1,0,0,0,1,1,1,1,1,1
69328,0,0,0,1,1,1,1,1,1,1
69329,0,1,1,1,1,1,1,1,1,0
69330,0,1,0,0,1,1,1,1,1,1
69401,0,1,0,0,1,1,1,1,1,0
69402,0,0,0,0,1,1,0,1,1,1
69403,0,1,0,0,1,1,0,1,1,1
69404,0,0,0,0,1,1,0,1,1,0
69405,0,0,0,0,1,1,0,1,1,0
69406,0,1,0,0,1,0,0,1,1,0
69407,1,0,0,1,1,1,1,1,1,1
69408,0,1,0,0,1,1,0,1,1,1
69409,0,0,0,1,1,1,0,1,1,1
69410,0,0,0,1,1,1,1,1,1,1
69411,0,1,0,0,1,0,1,1,1,1
69412,0,1,0,1,1,0,1,1,1,1
69413,0,1,0,0,1,1,0,1,1,1
69414,0,1,0,0,1,1,1,1,1,0
69415,0,0,0,0,1,0,1,1,1,1
69416,0,0,0,0,1,0,1,1,1,1
69417,1,1,1,0,1,1,1,1,1,1
69419,0,1,1,0,1,1,1,1,1,0
69420,0,0,0,1,1,1,0,1,1,1
69421,0,1,0,0,1,1,1,1,1,0
69422,0,0,0,0,1,1,1,1,1,1
69423,0,1,1,0,1,1,1,1,1,0
69424,0,1,0,1,1,1,1,1,1,1
69425,0,0,0,1,1,1,1,1,1,1
69426,0,0,0,0,1,0,0,1,1,1
69427,0,1,0,1,1,0,0,1,1,1
69428,0,0,0,0,1,1,0,1,1,1
69429,0,1,0,0,1,1,1,1,1,1
69430,0,0,1,1,1,0,0,1,1,1
69501,0,1,0,0,0,1,1,0,1,0
69502,0,0,0,1,1,1,1,0,1,0
69503,0,0,0,0,1,1,1,0,1,1
69504,0,0,0,0,1,1,1,0,1,1
69505,0,0,0,1,1,1,1,0,1,0
69506,0,0,0,0,1,0,1,0,1,0
69507,1,0,0,0,0,0,1,0,1,0
69508,0,0,0,0,1,1,1,1,1,1
69509,0,0,0,0,1,1,0,0,0,0
69510,0,0,0,0,1,1,1,1,0,1
69511,1,0,0,0,1,1,1,1,0,1
69512,0,0,0,0,1,1,1,1,0,1
69513,0,1,0,0,1,1,1,0,0,0
69514,0,0,0,0,1,1,1,1,0,0
69515,0,1,0,0,1,1,1,0,1,0
69516,0,0,0,0,1,1,1,1,0,0
69517,0,0,0,0,1,1,1,1,0,0
69518,0,0,0,0,1,1,1,1,1,0
69519,0,0,0,0,1,1,1,0,1,0
69520,0,1,0,0,1,1,1,1,1,0
69521,0,0,0,0,1,1,1,1,1,0
69522,0,1,0,0,1,1,1,1,1,0
69523,0,1,0,0,1,1,0,1,1,0
69524,0,0,0,0,1,1,1,1,1,1
69525,1,0,0,0,1,1,1,1,1,0
69526,0,0,0,0,1,1,1,1,1,0
69527,0,0,0,1,1,1,1,1,1,1
69528,0,0,0,0,1,0,1,1,1,0
69529,0,1,0,0,1,1,1,1,1,0
69530,0,1,0,0,1,0,1,1,1,0
69601,0,1,1,1,1,1,1,1,1,0
69602,1,0,0,0,1,1,1,1,1,0
69603,1,1,0,0,1,1,1,1,1,1
69604,0,1,0,0,1,1,1,1,1,1
69605,0,0,0,0,1,1,1,1,1,0
69606,0,0,0,1,1,1,1,1,1,1
69607,0,0,0,0,1,1,1,1,1,1
69608,1,1,0,0,1,0,1,1,1,0
69609,0,0,0,1,1,0,1,1,1,1
69610,1,0,0,0,1,0,1,1,1,0
69611,0,0,0,0,1,0,0,1,1,1
69612,0,1,1,0,1,0,1,1,1,0
69613,0,0,0,1,1,1,1,1,1,1
69614,0,0,0,0,1,1,1,1,1,1
69615,1,0,0,0,1,1,1,1,1,1
69616,0,0,0,0,1,1,1,1,1,0
69617,0,0,0,0,1,1,1,1,1,1
69618,1,0,1,0,1,1,0,1,1,0
69619,0,0,0,0,1,1,1,1,1,1
69620,0,0,0,0,1,1,1,1,1,1
69621,0,1,0,0,1,1,1,1,1,1
69622,0,1,0,0,1,1,1,1,1,1
69623,0,1,1,0,1,1,1,1,1,0
69624,0,0,0,0,1,1,1,1,1,1
69625,0,0,0,0,1,1,1,1,1,0
69626,0,0,0,0,1,0,1,1,1,1
69627,0,0,0,1,1,1,1,1,1,1
69628,0,1,1,1,1,0,1,1,1,1
69629,0,0,0,1,1,0,1,1,1,1
69630,0,1,0,0,1,1,1,1,1,0
69701,0,1,0,0,1,1,1,1,1,1
69702,0,0,0,0,1,1,1,1,1,1
69703,0,1,0,0,1,1,1,1,1,1
69704,0,0,0,0,1,0,0,1,1,1
69705,0,0,0,0,1,1,1,1,1,1
69706,1,1,0,0,1,1,1,1,1,1
69707,0,0,1,0,1,1,1,1,1,0
69708,0,1,0,0,1,1,1,1,1,1
69709,0,0,0,0,1,0,1,1,1,1
69710,0,0,0,0,1,1,1,0,1,0
69711,0,0,0,0,1,1,1,1,1,0
69712,0,1,0,0,1,1,1,1,1,1
69713,0,0,0,1,1,1,1,1,1,1
69714,0,0,0,0,1,1,1,1,1,1
69715,0,1,0,0,1,1,1,1,1,1
69716,0,0,0,0,1,1,1,1,1,0
69717,0,1,1,0,1,1,1,1,1,1
69718,0,0,1,0,1,1,1,1,1,0
69719,0,1,0,0,0,1,1,1,1,1
69720,0,0,0,0,1,1,1,0,1,0
69721,0,0,0,0,1,1,1,0,1,0
69722,0,1,1,0,1,1,1,1,1,1
69723,0,1,0,0,1,1,1,1,1,1
69724,0,0,0,0,0,1,1,1,1,0
69725,1,1,0,0,1,1,1,1,1,0
69726,0,1,0,0,1,1,1,1,1,0
69727,0,0,0,0,1,1,1,1,1,1
69728,0,0,1,0,1,1,1,1,1,1
69729,0,0,0,1,1,1,1,1,1,1
69730,0,0,0,0,1,1,1,0,0,1
69801,0,1,0,0,1,1,1,1,1,0
69802,0,0,1,0,1,1,1,1,1,0
69803,0,0,0,0,1,1,1,0,1,1
69804,0,0,0,1,1,1,1,0,1,1
69805,0,0,0,0,1,1,1,1,1,1
69806,0,0,0,0,1,1,1,1,1,0
69807,0,0,0,0,1,1,1,1,1,0
69808,0,1,0,0,1,1,1,1,1,0
69809,0,0,0,0,1,1,1,1,1,1
69810,0,1,1,1,1,1,1,1,1,1
69811,0,0,0,0,1,1,1,1,1,1
69812,0,0,0,0,1,1,1,1,1,0
69813,1,1,1,0,1,1,1,1,1,1
69814,0,0,0,1,1,0,1,1,1,1
69815,0,0,0,0,1,1,1,1,1,1
69816,0,0,0,0,1,0,1,1,1,0
69817,0,0,0,0,1,1,1,1,1,0
69818,0,0,0,0,1,1,1,0,1,1
69819,1,0,1,0,1,1,1,1,1,1
69820,0,0,0,0,1,1,1,1,1,0
69821,0,1,0,0,1,1,0,1,1,0
69822,0,0,0,0,1,1,1,0,1,0
69823,0,0,0,0,1,1,1,1,1,1
69824,0,0,0,0,1,0,1,1,1,0
69825,0,0,0,0,1,1,1,1,1,0
69826,0,0,0,0,1,0,1,1,1,0
69827,0,0,0,0,1,0,1,1,1,1
69828,0,1,0,0,1,1,1,1,1,0
69829,0,1,0,0,1,1,1,1,1,0
69830,0,1,0,0,1,1,1,0,1,1
69901,0,1,1,0,1,1,1,1,1,0
69902,0,0,0,0,1,1,1,0,1,0
69903,0,0,0,0,1,1,1,1,1,0
69904,0,0,1,0,1,1,1,1,1,1
69905,0,0,0,1,1,1,1,1,1,1
69906,0,0,0,0,1,1,1,1,1,0
69907,0,0,0,1,1,1,1,1,1,1
69908,0,0,0,0,1,1,1,1,1,1
69909,0,0,0,0,1,1,1,1,1,1
69910,0,0,0,0,1,1,1,1,1,1
69911,0,0,0,0,1,0,0,0,1,0
69912,0,0,1,0,1,1,1,1,1,1
69913,0,1,0,0,1,1,1,1,1,1
69914,1,0,0,0,1,0,1,1,1,1
69915,0,0,0,0,1,1,1,1,1,0
69916,0,0,0,0,1,1,1,1,1,0
69917,1,0,0,0,1,1,1,1,1,1
69918,0,0,0,0,1,0,1,1,1,0
69919,0,0,0,0,0,1,1,0,1,0
69920,1,0,0,0,1,1,1,0,1,0
69921,0,0,0,0,1,1,1,1,1,1
69922,1,0,0,0,1,1,1,0,1,1
69923,0,1,0,0,1,1,0,1,1,0
69924,0,0,0,0,1,1,1,0,1,0
69925,0,0,0,0,1,1,1,0,1,0
69926,0,0,0,0,1,1,1,1,1,0
69927,0,1,0,0,1,1,1,1,1,0
69928,0,0,0,0,1,1,1,1,1,1
69929,0,0,0,0,1,1,1,1,1,0
69930,0,1,1,0,1,1,1,1,1,1
70001,0,1,0,0,1,1,1,1,1,1
70002,0,0,0,1,1,1,1,1,1,1
70003,0,0,0,1,1,1,1,1,1,1
70004,0,1,0,0,1,1,1,1,1,0
70005,0,1,0,0,1,1,1,1,1,1
70006,0,1,0,1,1,1,1,1,1,1
70007,0,0,0,0,1,1,1,1,1,1
70008,0,0,0,0,1,1,1,1,1,1
70009,0,1,0,0,1,1,1,1,1,1
70010,0,0,1,1,1,1,1,1,1,1
70011,0,0,0,0,1,1,1,1,1,1
70012,0,1,0,0,1,1,1,1,1,0
70013,0,0,0,0,1,1,1,1,1,1
70014,0,1,0,0,1,1,1,1,1,1
70015,0,0,0,0,1,1,1,1,1,1
70016,0,1,0,0,1,1,1,1,1,1
70017,0,0,0,0,1,1,1,1,1,1
70018,0,0,0,0,1,1,1,1,1,1
70019,0,0,0,0,1,1,1,1,1,0
70020,0,0,0,0,1,1,1,1,1,1
70021,0,0,0,0,1,1,1,1,1,0
70022,0,1,1,0,1,1,1,1,1,1
70023,0,1,0,0,1,1,1,1,1,1
70024,0,1,1,0,1,1,1,1,1,1
70025,0,0,0,0,1,1,1,1,1,1
70026,0,1,1,0,1,1,1,1,1,1
70027,0,0,0,0,1,1,1,1,1,1
70028,0,0,0,0,1,1,1,1,1,1
70029,0,1,0,1,1,1,1,1,1,1
70030,0,0,0,0,1,1,1,1,1,1
70101,0,0,0,0,1,1,1,1,1,1
70102,0,1,0,0,1,1,1,1,1,1
70103,0,1,0,0,1,1,1,1,1,1
70104,0,0,1,0,1,1,1,1,1,0
70105,1,1,0,1,1,1,1,1,1,1
70106,0,0,0,0,1,1,1,1,1,0
70107,0,1,0,0,1,1,1,1,1,1
70108,0,0,0,0,1,1,1,1,1,1
70109,1,0,0,0,1,1,1,1,1,1
70110,0,1,1,0,1,1,1,1,1,1
70111,0,1,0,0,1,1,1,1,1,1
70112,0,0,0,0,1,1,1,1,1,0
70113,0,1,0,0,1,1,1,1,1,0
70114,0,0,0,0,1,1,1,1,1,1
70115,0,1,0,0,1,1,1,1,1,0
70116,0,0,0,0,1,1,1,1,1,1
70117,0,0,0,0,1,1,1,1,1,1
70118,0,1,0,0,1,1,1,1,1,0
70119,0,0,0,0,1,1,1,1,1,1
70120,0,0,0,0,1,1,1,1,1,1
70121,0,1,1,0,1,1,1,1,1,1
70122,0,1,0,0,1,1,1,1,1,1
70123,0,1,1,0,1,1,1,1,1,1
70124,0,1,0,1,1,1,1,1,1,1
70125,0,0,0,0,1,1,1,1,1,1
70126,0,0,0,0,1,1,1,1,1,1
70127,0,0,0,0,1,1,1,1,1,1
70128,0,0,0,0,1,1,1,1,1,1
70129,0,1,0,0,1,1,1,1,1,1
70130,0,0,1,0,1,1,1,1,1,1
70201,0,1,0,0,0,1,0,1,1,1
70202,0,0,0,0,1,1,1,1,1,0
70203,0,1,0,0,1,1,1,1,1,1
70204,0,0,0,0,1,1,1,1,1,1
70205,1,1,0,1,1,1,1,1,1,1
70206,1,1,0,0,1,0,1,1,1,1
70207,0,1,1,1,1,1,1,1,1,1
70208,0,0,0,0,1,1,1,1,1,1
70209,0,0,0,1,1,1,1,1,1,1
70210,0,0,0,0,1,1,1,1,1,1
70211,0,1,1,0,1,1,1,1,1,1
70212,0,1,0,1,1,1,1,1,1,1
70213,0,0,0,1,1,1,0,1,1,1
70214,0,1,0,0,1,1,1,1,1,1
70215,0,0,0,0,1,1,1,1,1,1
70216,0,0,0,0,1,1,1,1,1,0
70217,0,0,0,0,1,1,1,1,1,1
70218,0,1,0,0,1,1,1,1,1,1
70219,0,0,0,1,1,1,1,1,1,0
70220,1,0,0,0,1,1,1,1,1,1
70221,0,1,0,0,1,1,1,1,1,1
70222,0,0,0,0,1,1,1,1,1,1
70223,0,1,0,0,1,1,1,1,1,0
70224,0,0,0,1,1,1,1,1,1,1
70225,0,0,0,0,1,1,1,1,1,1
70226,0,1,0,1,1,1,1,1,1,1
70227,0,0,1,0,1,1,1,1,1,1
70228,0,0,0,0,1,1,1,1,1,1
70229,1,0,0,0,1,1,1,1,1,1
70230,0,0,0,0,1,1,1,1,1,1
70301,1,1,0,0,1,1,1,1,1,0
70302,0,0,0,0,1,1,1,1,1,0
70303,0,0,1,0,1,1,1,1,1,1
70304,0,0,0,0,1,1,1,1,1,0
70305,0,0,0,0,1,1,1,1,1,1
70306,1,1,1,0,1,1,1,1,1,1
70307,0,0,0,0,1,1,1,1,1,1
70308,0,0,0,1,1,1,1,1,1,1
70309,0,0,0,1,1,1,1,1,1,1
70310,0,1,0,0,1,1,1,1,1,1
70311,0,1,0,0,1,1,1,1,1,1
70312,0,1,0,0,1,1,1,1,1,1
70313,0,1,0,0,1,1,1,1,1,0
70314,1,0,0,0,1,0,1,1,1,1
70315,1,0,0,0,1,1,1,1,1,0
70316,0,0,0,0,1,1,1,1,1,1
70317,1,0,0,1,1,1,1,1,1,1
70318,1,1,0,0,1,1,1,1,1,0
70319,0,1,0,1,1,1,1,1,1,1
70320,0,0,0,1,1,1,1,1,1,1
70321,0,1,0,0,1,1,1,1,1,1
70322,0,1,0,0,1,1,1,1,1,0
70323,0,0,0,0,1,1,1,1,1,1
70324,0,0,0,1,1,1,1,1,1,1
70325,1,0,0,0,1,1,1,1,1,1
70326,0,1,0,0,1,1,1,1,1,1
70327,0,0,0,0,1,1,1,1,1,1
70328,1,1,0,0,1,1,1,1,1,1
70329,0,0,0,0,1,1,1,1,1,1
70330,0,1,0,0,1,1,1,1,1,1
70401,0,0,0,1,1,1,1,1,1,1
70402,0,1,1,1,1,1,1,1,1,0
70403,0,0,0,1,1,1,1,1,1,1
70404,0,1,0,1,1,1,1,1,1,1
70405,0,1,0,0,1,1,1,1,1,1
70406,0,0,0,0,1,1,1,1,1,1
70407,0,1,0,0,1,1,1,1,1,1
70408,1,1,0,0,1,1,1,1,1,1
70409,0,1,0,0,1,1,1,1,1,0
70410,0,1,0,0,1,1,1,1,1,1
70411,0,0,0,0,1,1,1,1,1,1
70412,0,0,0,1,1,1,1,1,1,1
70413,0,0,0,0,1,1,1,1,1,1
70414,0,0,0,0,1,1,1,1,1,1
70415,0,0,0,1,1,1,1,1,1,1
70416,1,1,0,0,1,1,1,1,1,1
70417,1,0,0,1,1,1,1,1,1,1
70418,0,1,0,0,1,1,1,1,1,1
70419,1,0,1,0,1,1,1,1,1,1
70420,1,0,0,1,1,1,1,1,1,1
70421,0,1,0,0,1,1,1,1,1,1
70422,1,0,0,0,1,1,1,1,1,1
70423,0,0,0,0,1,1,1,1,1,1
70424,0,1,0,1,1,1,1,1,1,1
70425,0,1,0,0,1,1,1,1,1,1
70426,0,1,0,0,1,1,1,1,1,1
70427,0,0,0,0,1,1,1,1,1,1
70428,0,0,0,1,1,1,1,1,1,1
70429,0,1,0,1,1,1,1,1,1,1
70430,0,0,0,0,1,1,1,1,1,1
70501,0,1,0,0,1,1,1,1,1,1
70502,0,0,0,0,1,1,1,1,1,1
70503,0,0,0,1,1,1,1,1,1,1
70504,1,0,1,0,1,1,1,1,1,1
70505,0,0,0,0,1,1,1,1,1,1
70506,0,0,0,0,1,1,1,1,1,1
70507,0,,0,1,1,1,1,1,1,1
70508,0,0,1,0,1,1,1,1,1,1
70509,1,1,0,0,1,1,1,1,1,1
70510,0,1,0,0,1,1,1,1,1,1
70511,0,1,0,0,1,1,1,1,1,1
70512,0,0,1,0,1,1,1,1,1,1
70513,0,1,0,0,1,1,1,1,1,1
70514,0,0,0,0,1,1,1,1,1,1
70515,0,0,0,0,1,1,1,1,1,1
70516,0,0,0,0,1,1,1,1,1,1
70517,0,1,1,0,1,1,1,1,1,1
70518,0,0,1,0,1,1,1,1,1,1
70519,0,1,0,0,1,1,1,1,1,1
70520,0,0,0,0,1,1,1,1,1,1
70521,0,0,1,1,1,1,1,1,1,1
70522,0,1,0,0,1,1,1,1,1,1
70523,0,0,0,0,1,1,1,1,0,1
70524,0,0,0,0,0,1,1,1,1,1
70525,0,0,0,1,1,1,1,1,1,1
70526,0,0,0,0,1,1,1,1,1,1
70527,0,0,1,0,1,1,1,1,1,1
70528,0,1,0,1,1,1,1,1,1,1
70529,0,1,0,1,1,1,1,1,1,1
70530,0,0,0,0,1,1,1,1,1,1
70601,0,0,0,0,1,1,1,1,1,1
70602,0,0,0,0,1,1,1,1,1,1
70603,0,0,0,1,1,1,1,1,1,1
70604,0,0,0,0,1,1,1,1,1,0
70605,0,0,1,1,1,1,1,1,1,1
70606,0,0,0,0,1,1,1,1,1,1
70607,0,1,0,1,1,1,1,1,1,1
70608,0,0,0,1,1,1,1,1,1,1
70609,0,1,0,1,1,1,1,1,1,1
70610,0,1,0,0,1,1,1,1,1,1
70611,0,1,0,0,1,1,1,1,1,1
70612,0,0,0,0,1,1,1,1,1,1
70613,0,0,0,1,1,1,1,1,1,1
70614,0,1,0,1,1,1,1,1,1,1
70615,0,0,0,1,1,1,1,1,1,1
70616,1,0,0,1,1,1,1,1,1,1
70617,0,1,0,1,1,1,1,1,1,1
70618,0,0,0,1,1,1,1,1,1,1
70619,0,1,0,1,1,1,1,1,1,1
70620,0,1,0,0,1,1,1,1,1,1
70621,0,0,0,0,1,1,1,1,1,1
70622,0,0,0,0,1,1,1,1,1,1
70623,0,0,0,0,1,1,1,1,1,1
70624,0,0,1,0,1,1,1,1,1,1
70625,0,0,0,0,1,1,1,1,1,1
70626,0,1,0,1,1,1,1,1,1,1
70627,0,1,0,0,1,1,1,1,1,1
70628,0,0,0,0,1,1,1,1,1,1
70629,0,1,0,0,1,1,1,1,1,1
70630,0,1,0,0,1,1,1,1,1,1
70701,0,1,0,0,1,1,1,1,1,1
70702,0,1,0,1,1,1,1,1,1,1
70703,0,1,0,0,1,1,1,1,1,1
70704,0,1,1,0,1,1,1,1,1,1
70705,0,1,0,0,1,1,1,1,1,1
70706,0,0,0,0,0,1,1,0,1,0
70707,0,1,0,0,0,1,1,0,1,1
70708,0,0,0,0,1,1,1,1,1,1
70709,0,1,0,0,1,1,1,1,1,0
70710,0,0,0,0,1,1,0,1,1,1
70711,0,0,0,0,1,1,1,1,1,1
70712,0,1,0,0,1,1,1,1,1,0
70713,0,0,0,0,1,1,1,1,1,1
70714,0,0,0,0,1,1,1,1,1,1
70715,0,0,0,0,1,1,1,1,1,1
70716,0,0,0,0,1,1,1,1,1,0
70717,0,1,0,1,1,1,1,1,1,1
70718,0,0,0,1,1,1,1,1,1,1
70719,0,0,0,0,1,1,1,1,1,1
70720,0,0,1,0,1,1,1,1,1,1
70721,0,0,0,1,1,1,1,1,1,1
70722,0,1,0,0,1,1,1,1,1,1
70723,0,1,0,0,1,1,1,1,1,0
70724,0,1,0,0,1,1,1,1,1,1
70725,0,1,0,0,1,1,1,1,1,1
70726,0,0,0,0,1,1,1,1,1,1
70727,0,0,0,0,1,1,1,1,1,0
70728,0,0,0,0,1,1,0,1,1,0
70729,0,0,0,0,1,1,1,1,1,1
70730,0,0,0,0,1,1,0,1,1,0
70801,0,0,0,1,1,1,1,1,1,1
70802,0,0,0,0,1,1,1,1,1,1
70803,0,1,0,1,1,1,1,1,1,1
70804,0,1,0,0,1,1,1,1,1,0
70805,0,1,1,0,1,1,1,1,1,1
70806,0,1,0,0,1,1,1,1,1,1
70807,0,1,0,0,1,1,1,1,1,1
70808,0,1,0,0,1,1,1,1,1,1
70809,1,1,0,1,1,1,1,1,1,1
70810,0,0,1,0,1,1,1,1,1,1
70811,0,1,0,1,1,1,1,1,1,1
70812,0,1,0,1,1,1,1,1,1,1
70813,0,1,0,0,1,1,1,1,1,1
70814,0,1,1,0,1,1,1,1,1,1
70815,0,0,1,0,1,1,1,1,1,1
70816,0,0,0,1,1,1,1,1,1,1
70817,0,0,0,0,1,1,1,1,1,0
70818,0,0,0,0,1,1,1,1,1,1
70819,1,1,1,1,1,1,1,1,1,1
70820,1,0,0,0,1,1,1,1,1,1
70821,0,1,0,1,1,1,1,1,1,1
70822,0,0,0,0,1,1,1,1,1,0
70823,0,1,1,0,1,1,1,1,1,1
70824,0,1,0,0,1,1,1,1,1,1
70825,0,0,0,1,1,1,1,1,1,1
70826,0,0,0,1,1,1,1,1,1,1
70827,0,0,0,1,1,1,1,1,1,1
70828,0,0,0,0,1,1,1,1,1,1
70829,0,0,0,1,1,1,1,1,1,1
70830,0,0,0,0,1,1,1,1,1,1
70901,0,0,0,0,1,1,1,1,1,1
70902,0,0,0,0,1,1,1,1,1,0
70903,0,0,1,1,1,1,1,1,1,1
70904,0,0,0,0,1,1,1,1,1,1
70905,0,0,0,0,1,1,1,1,1,1
70906,0,0,0,0,1,1,1,1,1,0
70907,0,1,0,0,1,1,1,1,1,1
70908,0,1,0,0,1,1,1,1,1,0
70909,0,0,0,0,1,1,1,1,1,0
70910,0,1,0,1,1,1,1,1,1,1
70911,0,1,0,0,1,1,1,1,1,0
70912,0,1,0,0,1,1,1,1,1,1
70913,0,0,0,1,1,1,1,1,1,1
70914,0,1,0,0,1,1,1,1,1,1
70915,0,1,0,0,1,1,1,1,1,1
70916,0,1,0,1,1,1,1,1,1,1
70917,0,0,0,0,1,1,1,1,1,0
70918,0,1,1,0,0,1,1,1,1,1
70919,0,1,0,1,1,1,1,1,1,1
70920,0,0,0,0,1,1,1,1,1,1
70921,0,0,0,0,1,1,1,1,1,1
70922,0,1,0,0,1,1,1,1,1,1
70923,1,0,1,1,1,1,1,1,1,1
70924,0,0,1,0,1,1,1,1,1,1
70925,0,0,0,1,1,1,1,1,1,1
70926,0,0,0,1,1,1,1,1,1,1
70927,1,1,1,1,1,1,1,1,1,1
70928,0,0,0,1,1,1,1,1,1,1
70929,0,0,0,0,1,1,1,1,1,1
70930,0,0,1,0,1,1,1,1,1,1
71001,0,0,0,0,1,1,1,1,1,0
71002,0,1,0,0,1,1,1,1,1,1
71003,0,0,0,0,1,1,1,1,1,1
71004,0,0,0,1,1,1,1,1,1,1
71005,0,0,0,1,1,1,1,1,1,0
71006,0,0,0,0,1,1,1,1,1,1
71007,1,1,0,0,1,1,1,1,1,1
71008,0,0,0,0,1,1,1,1,1,1
71009,0,1,0,0,1,1,1,1,1,1
71010,0,0,0,0,1,1,1,1,1,1
71011,0,0,0,0,1,1,1,1,1,1
71012,0,1,0,0,1,1,1,1,1,1
71013,0,1,0,0,1,1,1,1,1,1
71014,0,1,0,0,1,1,1,0,1,1
71015,0,1,0,0,1,1,1,1,1,0
71016,0,0,0,0,1,1,1,1,1,0
71017,0,0,0,0,1,1,1,1,1,1
71018,0,0,0,0,1,1,1,1,1,1
71019,0,0,0,0,1,1,1,1,1,1
71020,0,0,0,0,1,1,1,1,1,1
71021,0,0,0,0,1,1,1,1,1,1
71022,0,0,1,0,1,1,1,1,1,1
71023,0,0,0,1,1,1,1,1,1,1
71024,0,1,1,1,1,1,1,1,1,0
71025,0,1,1,0,1,1,1,1,1,1
71026,0,0,0,1,1,1,1,1,1,1
71027,0,0,1,0,1,1,1,1,1,1
71028,1,1,0,0,1,1,1,1,1,1
71029,0,0,0,0,1,1,1,1,1,1
71030,0,0,0,0,1,1,1,1,1,1
71101,0,1,0,0,1,1,1,1,1,1
71102,1,1,1,0,1,0,1,1,1,1
71103,0,1,0,0,1,0,1,1,1,1
71104,0,1,1,0,1,0,1,1,1,1
71105,1,1,0,0,1,1,1,1,1,1
71106,0,0,0,0,1,1,1,1,1,1
71107,0,1,0,0,1,0,1,1,1,1
71108,0,1,0,0,1,0,1,1,1,0
71109,0,1,0,0,1,0,1,1,1,1
71110,0,1,0,0,1,1,1,1,1,1
71111,0,0,1,0,1,1,0,1,1,1
71112,1,0,1,1,1,1,1,1,1,1
71113,0,0,0,0,1,1,1,1,1,1
71114,0,0,0,0,1,0,0,1,1,1
71115,0,0,0,0,1,1,0,1,1,1
71116,0,0,0,0,1,0,1,1,1,0
71117,0,0,0,0,1,0,1,1,1,1
71118,0,0,0,0,1,1,1,1,1,1
71119,0,,0,0,1,1,1,1,1,0
71120,0,0,1,1,1,1,1,1,1,0
71121,0,0,0,0,1,1,1,1,1,1
71122,0,0,0,1,1,0,1,1,1,1
71123,0,1,1,0,1,0,0,1,1,1
71124,1,1,0,0,1,1,1,1,1,1
71125,0,0,0,0,1,0,1,1,1,1
71126,0,1,0,0,1,1,0,1,1,1
71127,0,1,1,0,1,1,1,1,1,1
71128,0,1,1,0,1,0,1,1,1,1
71129,0,0,1,0,1,0,1,1,1,1
71130,0,0,0,0,1,1,1,1,1,1
71201,0,1,0,1,1,1,1,1,1,1
71202,0,1,1,1,1,1,1,1,1,1
71203,0,1,0,0,1,1,1,1,1,0
71204,1,0,1,0,1,1,1,1,1,1
71205,0,1,0,1,1,1,1,1,1,1
71206,1,0,0,1,1,1,1,1,1,1
71207,0,1,0,0,1,1,1,1,1,1
71208,0,0,0,0,1,1,1,1,1,0
71209,0,0,0,1,1,1,1,1,1,1
71210,0,0,1,0,1,1,1,1,1,1
71211,0,0,0,1,1,1,1,1,1,1
71212,0,0,0,0,1,1,1,1,1,1
71213,0,0,0,1,1,1,1,1,1,1
71214,0,0,0,0,1,1,1,1,1,1
71215,0,1,1,0,1,1,1,1,1,1
71216,0,1,0,0,1,1,1,1,1,1
71217,0,1,1,0,1,1,1,1,1,1
71218,0,1,1,0,1,1,1,1,1,1
71219,0,1,0,1,1,1,1,1,1,1
71220,0,0,0,0,1,1,1,1,1,0
71221,0,0,0,1,1,1,1,1,1,0
71222,0,1,1,0,1,1,1,1,1,1
71223,0,0,1,1,1,1,1,1,1,1
71224,0,1,1,0,1,1,1,1,1,1
71225,1,1,0,0,1,1,1,1,1,1
71226,0,1,1,0,1,1,1,1,1,1
71227,1,0,1,1,1,1,1,1,1,1
71228,0,0,0,0,1,1,1,1,1,1
71229,0,0,0,0,1,1,1,1,1,0
71230,1,0,1,1,1,1,1,1,1,1
71301,0,1,1,1,1,1,1,1,1,1
71302,0,1,1,0,1,1,1,1,1,1
71303,0,0,0,0,1,1,1,1,1,1
71304,1,0,0,0,1,1,1,1,1,1
71305,0,1,0,0,1,1,1,1,1,1
71306,0,1,1,1,1,1,1,1,1,1
71307,0,1,1,0,1,1,1,1,1,1
71308,0,1,0,1,1,1,1,1,1,1
71309,0,1,1,1,1,1,1,1,1,1
71310,0,1,1,1,1,1,1,1,1,1
71311,0,0,0,1,1,1,1,1,1,1
71312,0,1,1,0,1,1,1,1,1,1
71313,0,0,0,0,1,1,1,1,1,1
71314,0,0,1,0,1,1,1,1,1,1
71315,0,0,0,0,1,1,1,1,1,1
71316,0,1,1,0,1,1,1,1,1,1
71317,0,0,1,1,1,1,1,1,1,1
71318,0,0,1,1,1,1,1,1,1,1
71319,0,1,0,1,1,1,1,1,1,1
71320,0,0,0,1,1,1,1,1,1,1
71321,0,0,0,0,1,1,1,1,1,1
71322,0,0,0,1,1,1,1,1,1,1
71323,0,1,1,1,1,1,1,1,1,1
71324,0,1,1,1,1,1,1,1,1,1
71325,0,0,0,1,1,1,1,1,1,1
71326,0,1,1,1,1,1,1,1,1,1
71327,0,0,1,1,1,1,1,1,1,1
71328,0,0,0,1,1,1,1,1,1,1
71329,0,1,1,1,1,1,1,1,1,1
71330,0,1,1,1,1,1,1,1,1,1
71401,1,0,0,1,1,1,1,1,1,1
71402,1,0,0,0,1,1,1,1,1,1
71403,0,0,0,1,1,1,1,1,1,1
71404,0,1,1,0,1,1,1,1,1,1
71405,0,1,0,0,1,1,1,1,1,1
71406,1,1,0,0,1,1,1,1,1,1
71407,0,0,1,1,1,1,1,1,1,1
71408,0,0,0,1,1,1,1,1,1,1
71409,0,0,0,1,1,1,1,1,1,1
71410,0,1,1,1,1,1,1,1,1,1
71411,0,0,1,1,1,1,1,1,1,1
71412,0,0,0,1,1,1,1,1,1,1
71413,0,1,1,1,1,1,1,1,1,1
71414,0,0,0,1,1,1,1,1,1,1
71415,0,0,0,0,1,1,1,1,1,1
71416,1,1,0,1,1,1,1,1,1,1
71417,0,0,0,0,1,1,1,1,1,1
71418,0,0,0,0,1,1,1,1,1,1
71419,0,1,0,1,1,1,1,1,1,0
71420,0,1,1,0,1,1,1,1,1,0
71421,0,1,0,0,1,1,1,1,1,1
71422,0,1,1,1,1,1,1,1,1,1
71423,1,1,0,1,1,1,1,1,1,1
71424,0,0,0,1,1,1,1,1,1,1
71425,0,0,1,0,1,1,1,1,1,1
71426,0,1,1,1,1,1,1,1,1,1
71427,0,1,0,0,1,1,1,1,1,1
71428,0,0,0,0,1,1,1,1,1,1
71429,0,1,1,1,1,1,1,1,1,1
71430,0,0,1,1,1,1,1,1,1,1
71501,0,0,1,1,1,1,1,1,1,1
71502,0,1,0,1,1,1,1,1,1,1
71503,0,0,0,1,1,0,1,1,1,1
71504,0,0,0,1,1,1,1,1,1,1
71505,0,0,0,1,1,1,1,1,1,0
71506,0,1,0,0,1,0,1,1,1,1
71507,0,0,0,1,1,1,1,1,1,1
71508,0,0,1,1,1,1,1,1,1,1
71509,0,0,0,1,1,1,1,1,1,1
71510,0,0,0,1,1,1,1,1,1,1
71511,0,1,1,1,1,0,1,1,1,1
71512,0,0,0,1,1,1,1,1,1,1
71513,0,0,1,1,1,1,1,1,1,1
71514,0,1,1,1,1,1,1,1,1,1
71515,0,0,0,1,1,1,1,1,1,1
71516,0,0,1,0,1,1,1,1,1,1
71517,0,0,1,1,1,1,1,1,1,0
71518,0,1,0,0,1,1,1,1,1,1
71519,0,1,1,1,1,1,1,1,1,1
71520,0,1,1,0,1,1,1,1,1,1
71521,0,1,1,1,1,1,1,1,1,1
71522,0,0,0,1,1,1,1,1,1,1
71523,0,1,1,1,1,0,1,1,1,1
71524,0,1,1,1,1,0,1,1,1,1
71525,0,1,1,1,1,1,1,1,1,1
71526,0,1,0,1,1,1,1,1,1,1
71527,0,1,1,1,1,0,1,1,1,1
71528,0,1,1,0,1,1,1,1,1,1
71529,0,1,1,1,1,1,1,1,1,1
71530,0,0,1,1,1,1,1,1,1,1
71601,1,1,0,0,1,1,1,1,1,1
71602,0,0,0,0,1,1,1,1,1,1
71603,0,0,0,0,1,1,1,1,1,1
71604,0,0,0,0,1,1,1,1,1,1
71605,0,1,0,1,1,1,1,1,1,1
71606,1,1,0,1,1,1,1,1,1,1
71607,0,0,0,1,1,1,1,1,1,1
71608,0,0,0,0,1,1,1,1,1,1
71609,0,1,0,1,1,1,1,1,1,1
71610,1,1,0,1,1,1,1,1,1,1
71611,1,1,0,0,1,1,1,1,1,0
71612,0,1,0,0,1,1,1,1,1,1
71613,0,1,0,0,1,1,1,1,1,0
71614,0,1,0,0,1,1,1,1,1,1
71615,0,1,0,0,1,1,1,1,1,1
71616,0,0,0,0,1,1,1,1,1,1
71617,0,0,0,0,1,1,1,1,1,0
71618,0,0,0,0,1,1,1,1,1,0
71619,0,0,0,0,1,1,1,1,1,1
71620,0,1,1,1,1,1,1,1,1,1
71621,1,0,0,1,1,1,1,1,1,1
71622,0,1,0,1,1,1,1,1,1,1
71623,0,1,0,0,1,1,1,1,1,1
71624,0,1,0,0,1,1,1,1,1,1
71625,0,1,0,1,1,1,1,1,1,1
71626,0,0,1,0,1,1,1,1,1,1
71627,0,0,1,0,1,1,1,1,1,1
71628,0,0,0,1,1,1,1,1,1,1
71629,0,0,0,1,1,1,1,1,1,1
71630,0,0,0,0,1,1,1,1,1,1
71701,0,1,1,0,1,1,1,1,1,1
71702,0,0,0,1,1,1,1,1,1,1
71703,0,1,0,1,1,1,1,1,1,1
71704,0,0,0,1,1,1,1,1,1,1
71705,0,0,0,0,1,1,1,1,1,1
71706,0,1,0,1,1,1,1,1,1,1
71707,0,0,0,1,1,1,1,1,1,1
71708,0,0,0,0,1,1,1,1,1,1
71709,0,1,0,0,1,1,1,1,1,1
71710,0,0,0,0,1,1,1,1,1,1
71711,0,0,0,0,1,1,1,1,1,1
71712,0,0,0,0,1,1,1,1,1,1
71713,0,0,0,0,1,1,1,1,1,1
71714,0,0,0,0,1,1,1,1,1,1
71715,0,1,0,0,1,1,1,1,1,1
71716,0,0,0,0,1,1,1,1,1,1
71717,0,0,1,1,1,1,1,1,1,1
71718,0,0,1,1,1,1,1,1,1,1
71719,0,0,0,1,1,1,1,1,1,1
71720,0,1,0,0,1,1,1,1,1,1
71721,0,0,0,0,1,1,1,1,1,1
71722,0,0,0,1,1,1,1,1,1,1
71723,0,0,0,0,0,1,1,1,1,1
71724,0,0,0,0,1,1,1,1,1,1
71725,0,1,0,0,1,1,1,1,1,0
71726,0,1,0,0,1,1,1,1,1,0
71727,0,0,0,0,1,1,1,1,1,0
71728,0,1,0,0,1,1,1,1,1,1
71729,0,0,0,0,1,1,1,1,1,1
71730,0,1,0,0,1,1,1,1,1,1
71801,0,1,0,0,1,1,0,1,1,1
71802,1,1,0,1,1,1,1,1,1,1
71803,0,1,0,1,1,1,0,1,1,1
71804,0,0,1,1,1,1,1,1,1,1
71805,0,0,0,1,1,1,0,1,1,1
71806,0,0,1,1,1,1,1,1,1,1
71807,0,0,0,0,1,1,0,1,1,1
71808,0,1,0,0,1,1,0,1,1,0
71809,0,1,0,1,1,1,1,1,1,1
71810,0,0,1,1,1,0,1,1,1,1
71811,0,0,0,0,1,0,1,1,1,0
71812,0,0,0,1,1,0,1,1,1,1
71813,0,0,0,0,1,0,1,1,1,1
71814,0,0,0,1,1,1,1,1,1,1
71815,0,1,0,0,1,0,1,1,1,1
71816,0,1,0,0,1,1,1,1,1,1
71817,0,0,0,0,1,1,1,1,1,1
71818,0,0,0,0,1,1,1,1,1,1
71819,0,0,0,0,1,1,1,1,1,0
71820,0,1,0,0,1,1,0,1,1,0
71821,0,0,0,1,1,1,0,1,1,1
71822,0,0,0,0,1,1,0,1,1,1
71823,0,0,0,1,1,1,1,1,1,1
71824,0,0,1,1,1,1,1,1,1,1
71825,0,1,1,0,1,1,0,1,1,0
71826,0,0,0,0,1,1,1,1,1,1
71827,0,1,0,0,1,1,0,1,1,1
71828,0,1,0,0,1,0,1,1,1,0
71829,0,0,1,1,1,1,1,1,1,1
71830,0,0,0,1,1,1,1,1,1,1
71901,0,0,1,1,1,0,1,1,1,1
71902,0,1,0,0,1,1,0,1,1,1
71903,0,0,0,1,1,1,1,1,1,1
71904,0,0,1,0,1,1,1,1,1,1
71905,0,1,0,1,1,1,1,1,1,0
71906,0,1,1,0,1,1,1,1,1,1
71907,0,1,1,0,1,0,0,1,1,1
71908,1,1,0,0,1,1,0,1,1,1
71909,0,0,0,0,1,1,0,1,1,1
71910,0,1,0,0,1,1,0,1,1,1
71911,0,0,0,0,1,1,1,1,1,1
71912,0,0,0,1,1,1,1,1,1,1
71913,1,0,0,1,1,1,1,1,1,1
71914,0,0,0,0,1,1,1,1,1,1
71915,1,1,0,0,1,1,1,1,1,1
71916,0,0,0,0,1,1,0,1,1,1
71917,0,1,0,0,1,1,1,1,1,1
71918,0,1,1,1,1,1,1,1,1,1
71919,0,0,1,1,1,1,1,1,1,1
71920,0,0,0,0,1,1,0,1,1,1
71921,0,0,0,1,1,1,0,1,1,1
71922,0,1,0,1,1,1,1,1,1,1
71923,0,1,0,1,1,0,0,1,1,1
71924,0,1,0,0,1,1,1,1,1,0
71925,0,1,0,0,1,0,0,1,1,1
71926,0,1,1,0,1,0,0,1,1,1
71927,1,1,0,0,1,1,1,1,1,0
71928,0,0,0,1,1,1,1,1,1,1
71929,0,1,0,0,1,0,0,1,1,1
71930,0,0,0,1,1,1,1,1,1,1
72001,0,1,0,1,1,1,1,1,1,1
72002,0,0,0,0,1,1,1,1,1,0
72003,0,0,0,0,1,1,1,1,1,1
72004,1,0,0,0,1,1,1,1,1,1
72005,0,0,0,0,1,1,1,1,1,1
72006,0,0,1,0,1,1,1,1,1,1
72007,0,1,0,0,1,1,1,1,1,1
72008,0,1,1,1,1,1,1,1,1,1
72009,0,1,0,1,1,1,1,1,1,1
72010,0,0,1,0,1,1,1,1,1,1
72011,0,0,0,0,1,1,1,1,1,1
72012,0,0,0,0,1,1,1,1,1,1
72013,0,0,0,1,1,1,1,1,1,1
72014,0,1,0,1,1,1,1,1,1,1
72015,0,0,1,1,1,1,1,1,1,1
72016,0,0,1,0,1,1,1,1,1,1
72017,0,0,0,1,1,1,1,1,1,1
72018,0,1,0,1,1,1,1,1,1,1
72019,0,0,0,0,1,1,1,1,1,1
72020,1,0,0,1,1,1,1,1,1,1
72021,0,1,1,1,1,1,1,1,1,1
72022,0,1,1,1,1,1,1,1,1,1
72023,0,0,0,0,1,1,1,1,1,1
72024,0,0,1,1,1,1,1,1,1,1
72025,0,0,0,0,1,1,1,1,1,1
72026,0,0,0,0,1,1,1,1,1,1
72027,0,1,0,0,1,1,1,1,1,1
72028,0,0,0,1,1,1,1,1,1,1
72029,0,,1,1,1,1,1,1,1,1
72030,0,0,0,0,1,1,1,1,1,0
72101,0,0,0,1,1,1,1,1,1,1
72102,0,0,0,1,1,1,1,1,1,1
72103,1,0,0,0,1,1,1,1,1,1
72104,0,1,1,0,1,1,1,1,1,1
72105,0,1,0,0,1,1,1,1,1,0
72106,0,1,0,0,1,1,1,1,1,1
72107,0,0,0,0,1,1,1,1,1,1
72108,0,0,0,0,1,1,1,1,1,0
72109,0,1,0,1,1,1,1,1,1,1
72110,0,0,0,0,1,1,1,1,1,1
72111,0,1,1,0,1,1,1,1,1,1
72112,0,0,0,1,1,1,1,1,1,1
72113,0,0,0,0,1,1,1,1,1,1
72114,0,1,1,0,1,1,1,0,1,0
72115,0,0,1,0,1,1,1,1,1,1
72116,0,1,0,0,1,1,1,1,1,1
72117,0,0,0,0,1,1,1,1,1,0
72118,0,0,0,0,1,1,1,1,1,1
72119,0,0,1,0,1,1,1,1,1,0
72120,0,1,0,1,1,1,1,1,1,1
72121,0,0,0,0,1,1,1,1,1,1
72122,0,1,0,0,1,1,1,1,1,1
72123,0,0,0,0,1,1,1,1,1,1
72124,0,1,0,0,1,1,1,1,1,1
72125,0,1,0,0,1,1,1,1,1,1
72126,0,0,0,1,1,1,1,1,1,1
72127,0,0,0,0,1,1,1,1,1,1
72128,0,1,0,0,1,1,1,1,1,1
72129,0,1,0,1,1,1,1,1,1,1
72130,0,0,1,1,1,1,1,1,1,1
