hh_id,d_cm,d_nutr,d_satt,d_educ,d_elct,d_wtr,d_sani,d_hsg,d_ckfl,d_asst
1001,0,0,0,0,0,1,1,0,1,0
1002,0,0,0,0,1,1,1,1,1,0
1003,0,0,0,0,1,1,1,0,0,0
1004,0,0,0,0,1,1,1,0,1,0
1005,0,0,0,0,1,1,1,1,1,0
1006,1,0,0,0,1,1,1,0,1,0
1007,0,0,0,1,1,1,1,1,1,1
1008,0,0,0,0,1,1,0,0,1,1
1009,0,0,0,1,1,1,1,1,1,1
1010,1,1,0,0,0,1,1,0,1,0
1011,0,0,0,1,1,1,1,1,1,1
1012,0,1,0,0,0,1,1,0,1,0
1013,0,0,0,0,1,1,1,1,1,1
1014,0,0,0,0,1,1,1,1,1,0
1015,0,0,0,0,1,1,1,0,1,1
1016,0,1,0,0,1,1,1,0,1,0
1017,0,1,0,1,1,0,1,1,1,0
1018,0,0,0,0,0,1,1,0,1,0
1019,0,0,0,0,0,1,1,0,1,0
1020,0,0,0,1,1,0,1,0,1,0
1021,0,0,0,0,1,1,1,0,0,0
1022,0,0,0,0,0,0,0,0,1,0
1023,0,0,0,0,0,0,1,0,0,0
1024,0,0,0,0,1,0,1,0,0,0
1025,0,0,0,0,1,1,1,1,1,0
2001,0,0,0,0,1,0,1,1,1,0
2002,1,,0,0,0,0,1,0,1,0
2003,0,0,0,0,0,1,1,1,1,0
2004,0,0,0,0,1,0,1,0,1,0
2005,0,0,0,0,0,0,1,1,1,0
2006,0,0,0,0,1,0,1,1,1,0
2007,0,0,0,0,1,1,1,1,1,0
2008,0,0,0,0,1,0,1,1,1,0
2009,0,0,0,0,1,1,1,1,1,0
2010,0,0,0,0,0,0,1,1,1,0
2011,1,0,0,0,1,1,1,1,1,0
2012,0,0,0,1,1,1,1,1,1,0
2013,0,0,0,1,1,1,1,1,1,1
2014,0,0,0,0,1,0,1,1,1,1
2015,0,0,1,0,0,0,1,1,1,1
2016,0,1,0,0,0,1,1,0,1,0
2017,0,0,0,1,1,0,1,0,1,0
2018,0,0,0,1,1,0,1,1,1,0
2019,0,0,0,0,0,0,1,1,1,0
2020,0,0,0,0,1,0,1,1,1,0
2021,0,0,0,1,1,0,1,1,1,1
2022,0,0,0,1,1,0,1,1,1,1
2023,0,1,1,0,1,0,1,1,1,1
2024,0,0,0,0,1,0,1,1,1,1
2025,0,0,0,0,1,0,1,1,1,1
3001,0,0,0,0,0,1,1,0,1,0
3002,0,0,0,0,1,0,1,1,1,0
3003,1,0,0,1,1,0,1,1,1,0
3004,0,0,0,0,1,0,1,0,0,1
3005,0,0,0,1,1,1,1,1,1,1
3006,0,0,0,1,1,1,1,1,1,1
3007,0,0,0,0,1,0,1,1,1,0
3008,0,0,0,1,1,0,1,1,1,1
3009,0,1,0,0,1,0,1,0,1,0
3010,0,0,0,0,0,1,0,1,0,0
3011,0,0,0,1,1,0,1,1,1,1
3012,0,,0,0,1,0,1,1,1,0
3013,0,0,0,0,1,1,1,0,1,0
3014,0,0,0,1,1,0,1,0,1,1
3015,0,0,0,0,1,0,1,1,1,1
3016,0,1,0,0,1,0,1,0,1,0
3017,0,0,0,0,1,0,1,0,1,0
3018,1,1,0,1,1,0,1,0,1,1
3019,0,0,0,0,1,1,1,1,1,0
3020,0,0,0,0,1,0,1,0,1,0
3021,0,0,0,0,1,0,1,0,1,0
3022,1,0,0,0,1,0,1,1,1,0
3023,0,0,0,0,1,0,1,1,1,1
3024,0,0,0,0,0,0,1,0,1,0
3025,0,0,0,0,1,0,1,1,1,0
4001,0,0,0,0,1,0,1,0,1,0
4002,0,1,0,0,0,0,1,0,1,0
4003,0,0,0,1,1,0,1,1,1,1
4004,0,0,0,0,1,0,1,0,1,0
4005,0,0,0,0,1,0,1,0,0,0
4006,0,0,0,0,1,0,1,1,1,0
4007,0,0,0,0,1,0,1,1,1,1
4008,0,1,0,0,1,0,1,1,1,1
4009,0,0,0,0,1,0,1,0,0,0
4010,0,0,0,0,1,0,1,1,1,0
4011,1,0,0,0,1,0,1,1,1,0
4012,0,0,0,0,1,0,1,0,1,0
4013,0,0,0,1,1,0,1,1,1,1
4014,0,1,0,1,0,0,1,0,1,0
4015,0,0,0,0,1,0,1,1,1,0
4016,0,0,0,1,1,1,1,1,1,0
4017,0,0,0,0,1,0,1,1,1,1
4018,0,0,0,1,1,0,1,1,1,1
4019,0,0,0,0,1,0,1,0,1,0
4020,0,0,0,0,1,0,1,1,1,1
4021,0,0,0,0,1,0,1,1,1,0
4022,0,0,0,0,1,0,1,0,0,0
4023,0,0,0,0,1,0,1,1,1,0
4024,0,0,0,0,1,0,1,1,1,0
4025,0,0,0,1,1,0,1,1,1,1
5001,0,1,1,0,1,0,1,1,1,1
5002,0,1,0,0,0,1,1,0,1,0
5003,0,1,1,1,1,0,1,1,1,1
5004,0,1,0,0,1,1,1,1,1,0
5005,0,0,0,1,1,1,1,1,1,0
5006,0,1,0,0,0,1,1,1,1,0
5007,0,0,0,1,1,0,1,1,1,0
5008,0,0,0,0,1,1,1,1,1,0
5009,0,0,0,0,1,1,1,1,1,1
5010,0,0,1,1,1,0,1,1,1,1
5011,0,0,0,0,0,0,1,1,1,0
5012,0,0,0,0,0,0,1,0,1,0
5013,0,0,0,1,1,1,1,0,1,0
5014,0,0,0,0,0,0,1,0,1,0
5015,0,0,0,0,1,1,1,1,1,0
5016,0,0,0,0,0,0,1,0,1,1
5017,0,0,0,0,1,1,1,0,1,1
5018,0,0,0,0,0,1,1,0,1,0
5019,0,0,0,0,1,0,1,0,1,1
5020,0,0,0,0,1,0,1,1,1,1
5021,0,0,0,0,1,0,1,1,1,1
5022,1,1,0,0,1,0,1,1,1,1
5023,0,0,0,0,1,0,1,1,0,0
5024,0,1,0,0,1,0,1,0,1,1
5025,0,0,0,1,1,0,1,1,1,1
6001,0,0,1,0,1,1,1,1,1,1
6002,0,0,0,0,0,1,1,0,0,0
6003,0,0,0,0,1,1,1,1,1,1
6004,0,0,0,0,1,1,1,1,1,0
6005,0,0,0,1,0,1,1,1,1,0
6006,0,1,0,0,1,1,1,0,1,1
6007,0,0,1,0,0,1,1,0,1,0
6008,0,0,0,1,1,0,1,1,1,1
6009,0,0,0,1,1,0,1,1,1,1
6010,0,0,1,0,1,0,1,1,1,0
6011,0,0,0,0,1,0,1,1,0,1
6012,0,0,0,1,1,0,1,1,1,1
6013,0,0,0,0,1,0,1,1,1,1
6014,0,0,0,1,1,0,1,1,1,1
6015,1,1,1,0,1,0,1,1,1,0
6016,0,0,0,0,0,0,1,1,1,0
6017,0,0,0,0,1,1,1,1,1,1
6018,0,0,0,0,0,0,0,1,1,0
6019,0,0,0,0,0,1,1,1,1,0
6020,0,0,0,1,1,0,1,1,1,1
6021,0,0,0,0,1,1,1,1,1,1
6022,0,0,0,0,1,1,1,1,1,0
6023,1,0,0,0,1,0,1,1,1,1
6024,0,0,0,1,1,0,0,1,1,0
6025,0,0,0,1,1,0,1,1,1,1
7001,0,0,0,0,1,0,1,1,1,1
7002,0,0,0,0,1,0,1,1,1,1
7003,0,0,0,0,1,0,1,1,1,1
7004,0,0,0,0,1,0,1,1,1,1
7005,0,0,0,0,1,0,1,1,1,0
7006,0,0,0,1,1,0,1,1,1,0
7007,0,0,0,1,1,0,1,1,1,1
7008,0,0,0,1,1,0,1,1,1,1
7009,0,1,0,1,1,0,1,1,1,1
7010,0,0,0,1,1,1,1,0,1,1
7011,0,0,0,0,1,0,1,1,1,0
7012,0,0,0,1,1,0,1,1,1,1
7013,0,0,0,1,1,0,1,1,1,1
7014,0,0,0,0,1,0,1,1,1,0
7015,0,0,0,0,1,0,1,1,1,0
7016,0,0,1,0,1,0,1,0,1,0
7017,0,1,0,1,0,0,1,1,1,0
7018,0,0,0,0,1,0,0,0,0,0
7019,0,1,0,1,1,0,1,1,1,1
7020,0,1,0,1,1,0,1,1,1,1
7021,0,0,0,1,1,0,1,1,1,1
7022,1,0,0,1,1,0,1,1,1,0
7023,0,1,0,0,1,0,1,1,1,0
7024,0,1,0,0,1,0,1,1,1,1
7025,0,0,0,0,0,0,1,1,1,0
8001,0,0,0,0,1,1,1,1,1,0
8002,0,0,0,1,1,1,1,1,1,1
8003,0,0,0,0,1,1,1,1,1,1
8004,0,1,0,1,1,1,1,1,1,1
8005,0,0,0,1,1,1,1,1,1,0
8006,0,0,0,0,1,0,1,1,1,0
8007,0,0,1,1,1,1,1,0,1,1
8008,1,0,0,0,1,1,1,0,1,0
8009,0,0,0,0,1,1,1,0,1,0
8010,1,1,0,0,1,0,1,0,1,1
8011,0,0,0,0,1,1,1,1,1,0
8012,0,0,0,0,0,0,1,0,1,0
8013,0,0,1,0,1,1,1,1,1,1
8014,1,1,1,0,1,1,1,1,1,0
8015,0,0,0,0,1,1,1,1,1,1
8016,0,0,0,0,1,0,1,0,1,0
8017,0,0,0,0,1,1,1,1,0,0
8018,0,0,1,1,1,1,1,1,1,1
8019,0,0,0,0,1,1,1,1,1,1
8020,1,0,0,1,1,1,1,1,1,0
8021,0,0,0,0,0,1,1,0,1,1
8022,0,0,0,0,1,0,1,1,1,0
8023,0,0,0,0,1,0,1,0,0,1
8024,0,0,0,0,1,0,1,1,1,0
8025,1,0,0,1,0,0,1,0,1,0
9002,0,1,0,1,1,1,1,1,1,0
9003,0,1,0,1,1,1,1,1,1,0
9004,0,0,0,1,1,1,1,1,1,1
9005,0,0,0,0,1,1,1,0,1,0
9006,0,0,0,1,1,1,1,1,1,0
9007,0,0,0,1,1,1,1,1,1,1
9008,0,0,0,0,1,1,1,1,1,1
9009,0,0,0,0,0,1,1,0,1,0
9010,0,0,0,1,1,0,1,1,1,1
9011,0,0,0,1,0,1,1,0,1,0
9012,0,0,1,0,1,1,1,0,1,1
9013,0,1,0,0,1,1,1,1,1,0
9014,0,0,0,0,1,1,1,0,1,1
9015,0,0,0,1,1,1,1,1,1,0
9016,0,0,0,0,1,0,1,1,1,1
9017,0,1,0,0,0,1,1,0,1,0
9018,0,0,0,0,1,1,1,1,1,1
9019,0,0,0,0,1,0,1,1,1,1
9020,0,0,0,1,1,1,1,0,1,1
9021,0,0,0,0,1,0,1,0,1,0
9022,0,0,0,0,1,1,1,1,1,1
9023,0,0,0,1,1,0,1,0,1,1
9024,0,0,0,0,1,0,1,1,1,1
9025,0,0,1,0,1,1,1,0,1,0
10001,0,0,0,0,1,0,1,1,1,0
10002,0,0,0,0,1,0,1,0,1,1
10003,0,0,0,0,1,1,1,1,1,1
10004,,1,0,1,1,0,1,0,1,0
10005,0,0,0,1,1,0,1,1,1,1
10006,0,0,0,1,1,0,1,1,1,1
10007,0,0,0,1,1,0,1,1,1,0
10008,0,0,0,1,1,0,1,1,1,1
10009,0,1,1,0,1,0,1,0,1,1
10010,0,1,0,0,1,0,1,1,1,1
10011,0,0,1,1,0,0,1,1,1,1
10012,0,1,0,1,1,0,1,1,1,0
10013,0,0,0,1,1,0,1,0,1,1
10014,0,0,0,0,1,0,1,0,1,1
10015,0,0,0,0,1,0,1,0,1,0
10016,0,0,0,1,1,0,1,1,1,1
10017,1,0,0,0,1,1,1,0,1,0
10018,0,0,0,1,1,0,1,1,1,1
10019,0,0,0,0,1,0,1,1,1,0
10020,0,0,0,1,1,0,1,1,1,1
10021,0,1,1,0,1,0,1,0,1,0
10022,0,0,0,1,1,0,1,1,1,0
10023,0,0,0,0,1,0,1,0,1,0
10024,0,,0,0,1,0,1,1,1,1
10025,0,0,0,0,1,0,1,1,1,1
11001,0,0,0,1,1,0,1,1,1,1
11002,0,1,0,0,1,1,1,1,1,1
11003,0,0,0,0,1,0,1,1,1,1
11004,0,0,0,0,1,1,1,1,1,1
11005,0,0,0,0,1,0,1,1,1,0
11006,0,1,0,0,1,1,1,1,1,1
11007,,0,0,0,1,0,1,1,1,0
11008,0,0,0,0,1,0,1,1,1,0
11009,0,0,0,0,1,0,1,1,1,1
11010,0,0,0,0,1,1,1,1,1,0
11011,0,0,0,0,1,0,1,1,1,1
11012,0,0,0,0,1,0,1,1,1,1
11013,0,0,0,0,1,0,1,1,1,0
11014,0,0,0,0,1,0,1,1,1,1
11015,0,0,0,0,1,0,1,1,1,1
11016,0,0,0,1,1,1,1,1,1,1
11017,0,0,0,0,1,1,1,1,1,1
11018,0,0,0,1,1,0,1,1,1,1
11019,0,0,0,0,1,0,1,1,1,0
11020,0,0,0,0,1,0,1,1,1,0
11021,0,0,0,0,1,0,1,1,1,1
11022,0,0,0,0,0,1,1,1,1,0
11023,0,0,0,0,1,0,1,1,1,1
11024,0,0,0,0,1,1,1,1,1,1
11025,0,0,0,1,1,1,1,1,1,1
12001,0,0,0,1,1,1,1,1,1,0
12002,0,0,0,1,1,0,1,1,1,0
12003,0,0,0,0,1,1,1,1,1,1
12004,0,0,0,0,1,0,1,1,1,1
12005,0,0,0,0,0,0,1,0,1,0
12006,0,0,0,0,1,1,1,1,1,1
12007,0,1,0,0,1,1,0,1,1,1
12008,0,1,0,0,1,1,1,1,1,1
12009,0,0,0,0,1,0,1,1,1,0
12010,0,0,0,0,0,0,0,1,1,0
12011,0,0,0,0,1,0,1,1,1,1
12013,0,0,0,0,1,1,1,1,1,1
12014,0,0,0,1,1,0,1,1,1,1
12015,1,1,0,0,1,0,1,1,1,1
12016,0,0,0,0,1,0,1,1,1,0
12017,0,0,0,0,1,1,1,1,1,0
12018,0,0,0,1,1,0,1,1,1,1
12019,0,0,0,1,1,0,1,1,1,1
12020,0,0,0,0,1,0,1,1,1,1
12021,0,,0,0,0,0,1,1,1,0
12022,0,1,0,1,1,1,1,1,1,1
12023,0,0,0,0,1,1,1,1,1,1
12024,0,0,0,0,1,0,1,1,1,1
12025,0,0,0,0,1,1,1,1,1,1
13001,0,0,0,0,1,0,1,1,1,0
13002,0,0,0,1,1,0,1,1,1,0
13003,0,1,0,0,1,0,1,1,1,1
13004,0,1,0,1,1,0,1,1,1,1
13005,0,0,0,1,1,1,1,1,1,1
13006,0,0,0,0,1,0,1,1,1,0
13007,0,0,0,1,1,1,1,1,1,1
13008,0,1,0,0,0,0,1,1,1,0
13009,0,0,0,1,1,1,1,1,1,1
13010,0,0,0,1,1,0,1,1,1,1
13011,0,0,0,0,1,0,1,1,1,0
13012,0,0,0,1,1,0,1,1,1,1
13013,0,0,0,0,1,0,1,1,1,0
13014,0,0,1,0,1,0,1,1,1,1
13015,0,0,0,1,1,0,1,0,1,1
13016,0,0,0,1,1,0,1,1,1,1
13017,0,0,0,0,1,0,1,1,0,0
13018,0,1,0,0,1,0,1,1,1,0
13019,0,0,0,0,1,1,1,1,1,0
13020,0,0,0,0,1,0,1,1,1,0
13021,0,0,0,1,1,0,1,1,1,1
13022,0,0,0,1,1,0,1,1,1,1
13023,0,0,0,0,1,1,1,1,1,1
13024,0,0,0,1,1,1,1,1,1,1
13025,0,0,1,0,1,0,1,1,1,0
14001,0,0,0,1,1,0,1,1,1,1
14002,0,1,0,0,1,0,1,0,1,0
14003,0,1,0,0,0,1,1,1,1,0
14004,0,0,0,0,1,0,1,1,1,1
14005,0,0,0,0,1,0,1,1,1,1
14006,0,0,0,0,0,1,0,0,0,0
14007,,,0,1,0,0,1,1,1,0
14008,0,0,0,1,1,0,1,1,1,0
14009,0,1,0,0,0,1,1,0,1,0
14010,0,1,0,0,0,1,1,0,1,0
14011,0,0,0,0,1,0,1,1,0,0
14012,1,1,0,1,1,0,1,1,1,0
14013,1,1,0,0,1,0,1,0,1,1
14014,0,0,1,1,0,0,1,1,1,0
14015,1,0,0,0,1,1,1,0,1,0
14016,0,0,0,0,1,1,1,1,1,0
14017,0,0,0,0,0,0,1,0,1,0
14018,0,0,0,0,0,0,1,0,1,0
14019,1,0,0,0,1,0,1,0,1,0
14020,0,0,0,1,1,1,1,1,1,1
14021,0,0,0,0,1,0,1,0,1,0
14022,0,1,0,0,1,1,1,1,1,0
14023,0,1,0,1,0,1,1,0,1,0
14024,0,1,1,0,1,1,1,1,1,0
14025,0,0,0,1,1,0,1,1,1,1
15001,0,0,0,0,1,0,1,1,1,1
15002,0,0,0,0,0,0,1,1,1,0
15003,,0,0,0,1,0,1,1,1,0
15004,0,0,0,0,1,1,1,1,1,0
15005,0,0,0,0,1,0,1,1,1,0
15006,0,0,0,0,1,1,1,1,1,1
15007,0,0,0,0,1,0,1,1,1,0
15008,0,0,0,0,0,1,0,0,1,0
15009,0,0,0,0,0,0,1,0,1,0
15010,0,0,0,1,1,0,1,1,1,0
15011,0,1,0,0,1,0,1,1,1,0
15012,0,1,0,0,0,0,1,0,1,0
15013,0,0,0,0,1,0,1,1,1,0
15014,0,1,0,0,1,0,1,1,1,1
15015,0,0,0,1,1,1,1,1,1,1
15016,0,0,0,0,0,0,1,1,1,0
15017,0,0,0,0,0,0,1,1,1,0
15018,0,0,0,1,1,0,1,1,1,0
15019,0,0,0,0,1,0,0,0,1,0
15020,1,0,0,0,1,0,1,0,1,1
15021,0,0,0,1,1,1,1,1,1,0
15022,0,0,0,1,1,0,1,1,1,1
15023,0,0,0,0,0,0,1,0,1,0
15024,0,0,0,0,0,0,1,0,1,0
15025,0,,0,0,1,1,1,0,1,0
16001,0,0,0,0,1,0,1,0,1,0
16002,0,0,0,0,0,1,1,0,1,0
16003,1,0,0,1,1,0,1,1,1,0
16004,0,1,0,0,0,0,1,0,1,0
16005,0,0,0,0,0,0,1,0,1,0
16006,0,0,0,0,1,0,1,1,1,0
16007,0,0,0,0,0,0,1,0,1,0
16008,0,0,0,1,1,0,1,1,1,1
16009,0,0,0,0,0,0,1,0,1,0
16010,0,1,0,0,1,0,1,0,1,1
16011,0,1,0,1,1,0,1,1,1,0
16012,0,0,0,0,1,0,1,0,1,0
16013,0,1,0,1,1,0,1,1,1,0
16014,0,0,0,0,1,0,1,0,1,1
16015,0,0,0,0,0,0,1,1,1,0
16016,1,0,0,0,0,0,1,0,1,0
16017,0,1,0,1,1,0,1,1,1,0
16018,0,1,0,0,0,0,1,0,0,1
16019,0,0,0,0,1,0,0,0,1,0
16020,0,0,0,0,0,0,1,0,1,0
16021,0,0,0,0,1,0,1,0,1,0
16022,0,0,0,0,0,0,1,0,1,0
16023,0,0,0,0,0,0,1,0,1,0
16024,0,0,0,1,1,0,1,1,1,1
16025,0,1,0,0,0,0,0,0,1,0
17001,0,1,0,1,1,0,1,1,1,1
17002,0,0,0,1,1,0,1,1,1,1
17003,0,1,0,1,1,1,1,1,1,1
17004,0,0,0,1,1,0,1,1,1,1
17005,0,0,0,0,1,1,1,1,1,0
17006,0,0,0,1,1,0,1,1,1,1
17007,1,0,0,0,1,0,1,1,1,1
17008,0,0,0,1,1,1,1,1,1,1
17009,0,1,0,1,1,1,1,1,1,1
17010,0,0,0,1,1,1,1,1,1,1
17011,0,0,1,1,1,1,1,1,1,1
17012,0,1,0,0,1,1,1,1,1,1
17013,0,0,0,1,1,0,1,1,1,1
17014,0,0,0,1,1,1,1,1,1,1
17015,0,0,0,0,1,0,1,1,1,0
17016,0,0,0,1,1,1,1,1,1,1
17017,0,0,0,1,1,0,1,1,1,0
17018,0,0,0,0,1,1,1,1,1,0
17019,0,0,0,0,1,1,1,1,1,1
17020,0,0,0,1,1,1,1,1,1,0
17021,0,1,0,1,1,0,1,1,1,0
17022,0,0,0,0,1,1,1,1,1,1
17023,0,0,0,0,1,0,1,1,1,0
17024,0,0,0,0,1,1,1,1,1,0
17025,0,0,0,0,1,0,1,1,1,1
18001,0,0,0,0,1,1,1,0,1,0
18002,0,1,1,1,1,1,1,1,1,0
18003,0,0,0,0,0,1,1,1,1,0
18004,0,0,1,1,1,1,1,1,1,1
18005,0,0,0,0,1,1,1,1,1,1
18006,0,0,0,1,1,1,1,1,1,0
18007,0,0,0,0,1,1,1,1,1,1
18008,0,0,0,0,0,1,1,0,0,0
18009,0,0,0,1,1,1,1,1,1,0
18010,0,1,1,0,1,1,1,1,1,0
18011,0,0,0,1,1,1,1,1,1,0
18012,0,0,0,0,1,1,1,1,1,1
18013,0,0,0,1,1,1,1,1,1,0
18014,0,1,0,0,1,1,1,1,1,1
18015,0,1,0,0,1,1,1,1,1,0
18016,0,0,0,1,1,1,1,1,1,1
18017,0,1,0,0,1,1,1,1,1,0
18018,0,0,0,0,0,1,1,1,1,0
18019,0,0,0,1,1,1,1,1,1,1
18020,1,1,0,1,1,1,1,1,1,1
18021,0,0,0,1,1,1,1,1,1,1
18022,1,1,0,1,1,1,1,1,1,1
18023,0,0,0,1,1,1,1,1,1,0
18024,0,0,0,1,1,1,1,1,1,1
18025,0,1,0,0,1,1,1,1,1,1
19001,0,0,0,1,1,1,1,1,1,1
19002,0,0,0,1,1,1,1,1,1,1
19003,0,0,0,0,1,1,1,1,1,1
19004,0,0,0,0,1,1,1,1,1,0
19005,0,0,0,1,1,0,1,1,1,1
19006,0,0,0,1,1,1,1,1,1,1
19007,0,0,0,1,1,0,1,1,1,0
19008,0,1,0,0,1,1,1,1,1,1
19009,0,0,0,0,1,0,1,1,1,0
19010,0,1,0,0,1,0,1,0,1,1
19011,0,0,0,0,1,0,1,1,1,1
19012,0,0,0,0,0,0,1,0,1,0
19013,0,0,0,0,1,0,1,0,0,0
19014,0,1,0,0,1,0,1,1,1,0
19015,0,0,0,1,1,0,1,1,1,1
19016,0,0,0,0,1,1,1,0,1,1
19017,0,0,0,1,1,0,1,1,1,1
19018,0,1,0,0,1,0,1,1,1,0
19019,0,1,0,0,1,0,1,1,1,0
19020,0,1,0,1,1,0,1,1,1,1
19021,0,0,0,1,1,0,1,1,1,1
19022,0,0,0,1,1,0,1,1,1,0
19023,0,0,0,1,1,0,1,1,1,1
19024,0,1,0,0,1,0,1,1,1,0
19025,0,0,0,0,1,0,1,1,1,0
20001,0,0,0,1,1,0,1,0,1,0
20002,0,1,0,0,1,0,1,0,1,0
20003,0,0,0,0,0,0,1,0,1,0
20004,0,0,0,0,1,0,1,1,1,0
20005,0,0,0,0,1,0,1,1,1,0
20006,0,0,0,0,0,0,1,0,1,0
20007,0,0,0,1,1,0,1,1,1,1
20008,0,1,0,0,1,0,1,1,1,0
20009,0,0,1,0,1,0,1,1,1,0
20010,0,0,0,1,1,0,1,1,1,1
20011,0,0,0,1,1,0,1,1,1,1
20012,0,0,0,1,1,0,1,1,1,1
20013,0,0,0,0,1,0,1,1,1,1
20014,1,1,0,0,1,0,1,1,1,0
20015,0,1,0,0,1,0,1,1,1,0
20016,0,1,0,0,1,0,1,0,1,0
20017,1,1,1,1,1,0,1,1,1,1
20018,0,0,0,0,1,0,1,1,1,0
20019,0,0,0,1,1,0,1,1,1,0
20020,1,1,0,0,1,0,1,1,1,1
20021,0,0,0,0,0,0,1,1,1,0
20022,0,0,0,0,0,0,1,0,1,0
20023,1,1,0,0,0,0,1,0,1,0
20024,1,0,0,0,1,0,1,1,1,0
20025,0,0,0,0,0,0,1,1,1,0
21001,0,0,0,0,1,0,1,1,1,0
21002,0,0,0,0,1,1,1,1,1,1
21003,0,0,0,0,0,1,1,1,1,0
21004,0,0,1,0,1,1,1,1,1,0
21005,0,0,0,0,1,1,1,1,1,1
21006,0,0,0,0,1,0,1,1,1,0
21007,0,0,0,1,1,0,1,1,1,0
21008,0,0,0,0,1,1,1,1,1,0
21009,0,0,0,0,1,0,1,1,1,1
21010,0,0,0,1,1,0,1,1,1,0
21011,0,0,0,1,1,0,1,1,1,0
21012,0,0,0,0,1,0,1,1,1,0
21013,0,1,0,0,1,0,1,1,1,0
21014,0,0,0,1,0,1,1,1,1,0
21015,0,1,0,1,1,0,1,1,1,0
21016,0,0,0,1,1,0,1,1,1,1
21017,0,0,0,0,1,0,1,1,1,1
21018,0,0,0,1,1,0,1,1,1,1
21019,0,0,0,0,0,0,1,1,1,0
21020,0,0,1,0,0,1,1,1,1,0
21021,0,0,0,1,1,0,1,1,1,1
21022,0,1,0,0,0,0,1,1,1,0
21023,0,0,0,0,1,0,1,1,1,1
21024,0,0,1,0,1,1,1,1,1,0
21025,0,0,0,1,1,0,1,1,1,0
22001,0,0,0,0,1,1,1,1,1,1
22002,0,1,1,1,1,0,1,1,0,1
22003,0,0,0,1,0,0,1,0,0,0
22004,0,0,0,0,0,0,1,1,0,0
22005,0,0,0,0,0,1,1,0,1,0
22006,0,0,0,0,0,0,1,1,1,0
22007,0,0,0,1,1,1,1,0,1,1
22008,0,0,1,1,1,1,1,0,1,0
22009,0,0,0,0,0,1,1,0,0,0
22010,0,1,0,0,0,1,1,1,1,0
22011,,1,1,1,1,1,1,0,1,0
22012,1,0,0,1,1,1,1,1,1,0
22013,0,1,0,0,0,1,1,0,1,0
22014,0,0,0,0,1,1,1,1,1,1
22015,0,1,0,0,0,1,1,0,1,0
22016,0,1,0,0,0,1,1,0,1,0
22017,0,0,0,1,1,1,1,1,1,1
22018,0,1,0,0,1,1,1,1,1,0
22019,0,1,0,0,1,1,1,1,1,0
22020,0,0,0,1,1,1,1,1,1,0
22021,0,0,1,1,1,1,1,1,1,1
22022,0,1,0,0,1,1,1,1,1,1
22023,0,0,0,1,1,1,1,1,1,1
22024,0,0,1,1,1,1,1,1,1,1
22025,0,0,0,1,1,1,1,1,1,1
23001,0,0,0,0,0,1,1,1,1,0
23002,0,0,0,0,1,1,1,1,1,0
23003,0,0,0,0,0,1,1,1,1,0
23004,0,0,0,1,1,1,1,1,1,1
23005,0,0,0,0,1,1,1,1,1,0
23006,0,0,0,0,1,1,1,0,1,1
23007,0,0,0,0,1,0,1,1,1,1
23008,0,0,0,1,1,1,1,1,1,0
23009,0,0,0,0,0,0,1,1,1,0
23010,0,1,0,0,1,1,1,0,1,0
23011,0,0,0,0,1,0,1,0,1,0
23012,0,0,0,1,1,0,1,1,1,1
23013,0,0,1,1,1,0,1,1,1,1
23014,0,0,0,0,0,1,1,0,1,0
23015,0,0,0,0,1,1,1,0,1,0
23016,0,0,0,1,1,1,1,1,1,1
23017,0,0,0,0,1,1,1,1,1,0
23018,0,0,0,1,1,1,1,1,1,0
23019,0,0,0,0,1,1,1,1,1,1
23020,0,0,0,0,1,1,1,1,1,0
23021,0,0,0,1,1,1,1,1,1,1
23022,0,1,0,1,1,1,1,1,1,0
23023,0,0,0,1,1,0,1,1,1,1
23024,0,0,0,1,1,1,1,1,1,0
23025,0,0,0,0,0,0,1,1,1,0
24001,0,0,0,1,1,0,1,1,1,1
24002,0,0,0,0,1,0,1,0,1,1
24003,0,0,0,0,0,0,1,0,1,0
24004,0,0,0,1,1,1,1,1,1,1
24005,0,1,0,0,1,0,1,1,1,1
24006,0,0,0,0,1,0,1,0,1,1
24007,0,0,0,1,1,0,1,1,1,1
24008,0,0,0,0,1,0,1,0,1,0
24009,,1,0,0,1,0,1,0,1,0
24010,0,0,0,0,1,1,1,0,1,1
24011,0,1,0,0,1,0,1,0,1,1
24012,1,0,0,1,1,1,1,0,1,0
24013,0,0,0,0,1,0,1,1,1,1
24014,0,0,0,1,1,0,1,0,1,1
24015,0,1,1,1,1,1,1,1,1,1
24016,0,0,0,0,0,0,1,0,1,0
24017,0,1,0,1,1,1,1,1,1,1
24018,0,0,0,0,0,1,0,0,0,0
24019,0,0,0,0,0,1,0,0,0,0
24020,0,0,0,0,0,1,1,0,1,0
24021,0,0,0,0,1,0,0,0,1,0
24022,0,1,0,1,1,1,1,1,1,1
24023,0,0,0,0,1,1,1,1,1,0
24024,0,0,0,1,1,1,1,1,1,0
24025,0,0,0,1,1,1,1,1,1,0
25001,0,0,0,0,0,1,1,1,1,0
25002,0,0,0,0,0,0,1,1,1,1
25003,0,1,0,0,1,1,1,1,1,0
25004,0,1,0,0,0,1,1,1,1,1
25005,0,1,0,0,0,1,1,0,1,0
25006,0,0,0,0,0,1,0,0,1,0
25007,0,,0,0,1,0,1,1,1,0
25008,0,0,0,0,0,0,1,1,1,0
25009,0,0,0,0,0,0,1,1,1,0
25010,1,1,0,0,1,1,1,1,1,1
25011,0,0,0,0,0,0,1,0,1,0
25012,0,0,0,0,0,0,1,1,1,0
25013,0,1,0,0,0,0,1,0,1,0
25014,1,1,0,0,0,1,1,1,1,0
25015,1,0,1,0,0,1,1,0,1,0
25016,1,0,0,0,0,1,1,0,1,0
25017,0,0,0,0,1,1,1,1,1,1
25018,0,0,0,0,0,1,1,0,1,0
25019,0,1,1,0,0,1,1,0,1,0
25020,0,1,0,0,0,1,1,0,1,0
25021,0,0,0,0,1,0,1,1,1,0
25022,0,0,0,0,0,1,1,0,1,0
25023,0,0,0,0,0,0,1,0,1,0
25024,0,0,0,0,0,0,1,0,1,0
25025,0,0,0,0,1,1,1,1,1,0
26001,0,0,1,0,1,1,1,1,1,1
26002,0,0,0,0,1,1,1,1,1,1
26003,0,0,0,1,1,1,1,1,1,0
26004,0,0,0,1,1,1,1,1,1,0
26005,0,0,0,0,1,1,1,1,1,0
26006,0,0,0,0,1,1,1,1,1,0
26007,0,0,0,1,1,1,1,1,1,0
26008,0,0,0,0,1,1,1,1,1,1
26009,0,0,0,0,1,1,1,1,1,0
26010,0,0,0,0,1,1,1,1,1,1
26011,0,0,0,0,1,1,1,1,1,0
26012,0,0,1,0,1,1,1,1,1,1
26013,0,1,0,0,1,1,1,1,1,0
26014,0,0,0,0,1,1,1,1,1,0
26015,1,0,0,0,1,1,1,1,1,1
26016,0,0,0,1,1,1,1,1,1,1
26017,0,0,0,0,1,1,1,1,1,0
26018,0,0,0,1,1,1,1,1,1,0
26019,0,0,0,0,1,1,1,1,1,0
26020,0,0,0,0,1,1,1,1,1,0
26021,0,0,0,0,1,1,1,1,1,1
26022,0,0,0,1,1,1,1,1,1,1
26023,0,0,0,1,0,1,1,1,1,0
26024,0,0,0,0,1,1,1,1,1,1
26025,0,0,0,0,1,1,1,1,1,0
27001,0,0,0,0,1,1,1,1,1,1
27002,0,0,0,1,1,1,1,1,1,0
27003,0,1,0,0,1,1,1,0,1,1
27004,0,1,0,1,1,1,1,0,1,1
27005,0,1,0,1,1,1,1,0,1,1
27006,0,0,0,1,1,1,1,1,1,0
27007,0,0,0,0,0,1,1,1,1,0
27008,0,0,0,0,1,1,1,0,1,1
27009,0,0,0,1,1,1,1,0,1,0
27010,0,0,0,0,1,1,1,1,1,0
27011,0,0,0,0,1,1,1,1,1,1
27012,0,1,0,0,1,1,1,1,1,1
27013,1,0,0,0,0,1,1,1,1,0
27014,0,0,0,1,1,1,1,1,1,0
27015,0,0,0,1,1,1,1,0,0,1
27016,0,0,0,0,1,1,1,1,1,1
27017,0,0,0,0,1,1,1,1,1,0
27018,0,0,0,0,1,1,1,1,1,0
27019,1,0,0,1,1,1,1,1,1,0
27020,0,0,0,0,1,1,1,1,1,1
27021,0,0,0,0,1,1,1,1,1,1
27022,0,0,0,0,1,0,1,1,1,1
27023,1,1,0,0,1,1,1,1,1,1
27024,0,0,0,0,1,1,1,1,1,1
27025,0,0,0,0,1,1,1,1,1,1
28001,0,0,0,0,1,1,1,1,1,0
28002,0,1,0,0,1,0,1,0,1,0
28003,0,0,0,0,0,1,1,0,1,0
28004,0,0,1,0,1,1,1,1,1,1
28005,0,0,0,0,1,0,1,0,1,0
28006,0,0,0,0,1,0,1,0,1,0
28007,0,0,0,0,0,1,1,1,0,0
28008,1,1,0,1,1,1,1,0,1,1
28009,0,0,0,0,1,1,1,0,1,0
28010,0,1,1,0,1,0,1,1,1,0
28011,1,1,1,1,0,1,1,1,1,0
28012,0,0,0,0,0,0,1,0,0,0
28013,0,1,1,0,1,1,1,0,1,1
28014,0,0,0,0,1,0,1,1,0,0
28015,0,1,0,1,1,1,1,1,1,1
28016,0,0,0,0,0,1,1,0,0,0
28017,0,0,0,0,0,1,1,1,1,0
28018,1,0,0,0,1,0,1,1,1,1
28019,0,1,0,1,1,1,1,1,1,0
28020,0,0,0,0,1,0,0,0,1,0
28021,0,0,0,1,1,0,1,0,1,0
28022,0,0,0,0,1,0,1,0,1,1
28023,0,0,0,0,1,1,1,1,1,0
28024,0,0,0,0,1,0,1,0,1,0
28025,0,0,0,0,1,1,1,0,1,0
29001,0,1,0,1,1,0,1,0,1,1
29002,0,0,0,1,1,0,1,1,1,0
29003,0,0,0,0,1,1,1,0,1,0
29004,0,0,0,0,1,1,1,1,1,1
29005,0,0,0,0,1,1,1,0,0,0
29006,0,1,0,0,0,1,1,0,1,0
29007,0,0,0,0,1,0,1,1,0,0
29008,0,0,0,0,0,1,1,0,0,0
29009,0,0,0,0,1,0,1,1,1,0
29010,0,1,0,0,1,1,1,0,1,0
29011,0,0,0,0,1,0,1,0,1,0
29012,0,1,0,1,1,1,1,1,1,0
29013,0,1,0,0,1,0,1,0,1,1
29014,0,1,0,0,0,1,1,0,1,0
29015,0,0,0,0,1,0,1,0,0,1
29016,0,1,0,0,0,1,1,0,1,0
29017,0,0,0,0,0,0,1,0,0,0
29018,0,0,0,0,0,1,1,1,1,0
29019,0,0,0,0,1,0,1,0,1,1
29020,0,1,0,0,1,0,1,1,1,1
29021,0,0,0,1,1,0,1,0,0,1
29022,0,0,0,0,1,1,1,0,1,1
29023,0,0,1,0,0,0,1,0,1,0
29024,0,1,0,0,1,1,1,1,0,1
29025,0,0,0,0,1,0,1,1,0,0
30001,0,0,0,0,1,1,1,1,1,0
30002,0,0,0,0,1,1,1,1,1,0
30003,0,1,0,1,0,1,1,1,1,0
30004,0,1,0,0,1,1,1,1,1,1
30005,0,0,0,0,1,1,1,1,1,1
30006,0,1,0,1,1,1,1,1,1,0
30007,0,0,0,0,1,1,1,1,1,0
30008,1,0,0,1,0,1,1,1,1,0
30009,0,0,0,1,1,1,1,1,1,0
30010,1,1,0,0,0,1,1,1,1,1
30011,0,0,0,1,1,1,1,1,0,1
30012,0,1,0,0,1,0,1,1,1,1
30013,0,0,0,0,1,1,1,1,1,0
30014,0,0,0,0,1,1,1,1,1,1
30015,0,1,0,0,1,1,1,1,1,0
30016,0,0,0,0,1,1,1,1,1,1
30017,0,1,0,1,1,1,1,1,1,1
30018,0,1,0,0,0,1,1,1,1,0
30019,0,0,0,0,1,1,1,1,1,0
30020,0,0,0,0,1,1,1,1,1,0
30021,0,1,0,1,1,1,1,1,1,1
30022,0,0,0,0,1,1,1,1,1,0
30023,0,0,0,0,1,1,1,1,1,1
30024,0,1,0,0,0,1,1,0,0,1
30025,0,0,0,1,0,1,1,1,0,0
31001,0,0,1,1,1,1,1,1,1,1
31002,0,0,0,0,0,1,1,1,1,0
31003,1,0,0,1,1,1,1,1,1,1
31004,,0,0,0,1,1,1,1,1,1
31005,0,1,0,1,1,1,1,1,1,1
31006,0,0,0,1,1,1,1,1,1,1
31007,0,1,1,0,1,1,1,1,1,1
31008,0,0,0,0,1,1,1,1,1,1
31009,0,1,0,0,1,1,1,1,1,1
31010,0,0,0,0,1,1,1,1,1,0
31011,0,0,0,0,1,1,1,1,1,1
31012,0,0,0,1,1,1,1,1,1,1
31013,0,1,0,0,1,1,1,1,1,1
31014,0,0,0,0,1,1,1,1,1,0
31015,0,0,0,1,1,1,1,1,1,1
31016,0,0,0,0,1,1,1,1,1,1
31017,0,0,0,1,1,1,1,1,1,1
31018,0,0,0,0,1,1,1,1,1,0
31019,0,1,0,1,1,1,1,1,1,1
31020,0,1,0,1,1,1,1,1,1,1
31021,0,0,0,0,0,1,1,1,1,0
31022,0,0,1,0,1,1,1,1,1,1
31023,0,0,0,0,1,1,1,1,1,1
31024,0,0,0,1,1,1,1,1,1,1
31025,0,1,0,1,1,1,1,1,1,1
32001,0,0,0,0,1,0,1,1,1,0
32002,0,0,0,1,1,1,1,0,1,1
32003,1,1,1,0,0,1,1,1,1,0
32004,0,0,1,0,1,1,1,1,1,0
32005,0,0,0,0,1,1,1,0,1,0
32006,0,0,0,1,1,1,1,1,1,1
32007,0,0,0,0,1,1,0,0,1,0
32008,0,1,0,0,1,1,1,1,1,1
32009,1,1,0,0,1,1,1,1,1,0
32010,0,0,0,0,1,1,1,0,1,0
32011,0,0,0,0,0,1,1,0,0,0
32012,0,1,1,1,1,1,1,1,1,0
32013,0,0,0,1,1,1,1,1,1,0
32014,0,0,0,0,1,1,1,0,1,0
32015,0,0,0,0,1,1,1,1,1,1
32016,0,0,0,0,1,1,1,1,1,1
32017,0,0,0,1,1,1,1,0,1,0
32018,0,1,0,0,0,1,1,0,1,0
32019,0,0,0,0,0,1,1,1,1,0
32020,0,0,0,0,1,1,1,0,1,0
32021,0,0,0,0,1,1,1,0,1,0
32022,0,1,0,1,1,1,1,1,1,1
32023,0,0,0,1,1,1,1,1,1,0
32024,0,0,0,1,1,1,1,1,1,1
32025,0,0,0,0,1,1,1,1,1,1
33001,0,1,0,0,1,0,1,1,1,1
33002,0,0,0,1,1,1,1,1,1,0
33003,0,0,0,0,0,0,1,0,1,0
33004,0,0,0,1,1,1,1,1,1,0
33005,0,0,0,1,0,1,1,0,1,0
33006,0,1,0,0,1,0,1,1,1,0
33007,0,1,0,1,1,0,1,1,1,0
33008,0,0,0,1,1,0,1,1,1,0
33009,1,0,0,0,1,0,1,1,1,1
33010,0,1,0,1,1,0,1,1,1,1
33011,0,1,0,0,1,1,1,1,1,1
33012,0,1,0,0,1,1,1,1,1,1
33013,0,0,0,0,1,1,1,0,0,0
33014,0,1,0,0,1,0,1,1,1,0
33015,0,1,0,1,1,0,1,1,1,1
33016,0,0,0,1,1,0,1,1,1,0
33017,0,0,0,0,1,0,1,1,1,0
33018,0,0,0,1,1,0,1,0,1,0
33019,0,0,0,0,0,1,1,1,1,1
33020,0,1,0,1,1,0,1,0,1,0
33021,0,0,0,0,1,1,1,1,1,0
33022,0,0,0,0,1,1,1,1,1,0
33023,0,0,0,0,1,0,1,1,1,1
33024,0,0,0,0,1,0,1,1,1,0
33025,0,1,0,0,0,0,1,1,1,0
34001,0,0,0,0,1,0,1,1,1,0
34002,0,0,0,0,0,0,1,0,1,1
34003,1,0,0,1,1,0,1,0,1,1
34004,0,1,0,0,1,0,1,0,1,0
34005,0,1,0,0,1,1,1,1,1,1
34006,0,0,0,1,1,0,1,1,1,0
34007,0,0,0,0,0,1,1,0,1,0
34008,0,0,0,1,1,1,1,1,1,0
34009,0,0,1,0,1,0,1,1,1,1
34010,0,0,1,0,1,1,1,1,1,0
34011,0,0,0,1,0,0,1,0,1,0
34012,0,0,0,0,1,0,1,1,1,0
34013,0,1,0,0,0,0,1,0,1,0
34014,0,0,0,0,1,0,1,0,1,1
34015,0,0,0,0,1,0,1,1,1,0
34016,0,0,0,1,1,0,1,1,1,1
34017,0,0,0,0,1,0,0,0,0,0
34018,0,0,0,1,1,1,1,1,1,1
34019,0,0,0,0,0,0,1,0,0,0
34020,0,0,0,0,1,0,1,0,1,0
34021,0,1,0,0,0,0,0,0,1,0
34022,0,0,0,0,1,0,1,1,1,0
34023,0,0,1,0,1,0,1,0,1,0
34024,0,0,0,0,0,0,1,0,1,0
34025,0,0,0,1,1,0,1,0,1,1
35001,0,0,0,0,1,0,1,0,1,0
35002,0,0,0,0,1,1,1,0,1,0
35003,0,0,0,1,1,0,1,0,1,1
35004,1,0,0,0,1,1,1,0,1,1
35005,0,0,0,1,1,0,1,1,1,0
35006,1,0,0,0,1,1,1,0,0,0
35007,0,0,0,1,1,1,1,0,1,0
35008,1,0,0,0,0,0,1,0,1,0
35010,0,0,0,0,1,1,1,0,1,0
35011,0,0,0,0,1,0,1,0,0,1
35012,0,1,0,1,1,1,1,0,1,1
35013,0,0,0,0,1,0,1,1,1,0
35014,0,0,0,0,0,1,1,0,0,0
35015,0,0,0,0,1,0,1,0,1,0
35016,0,0,0,0,0,1,1,1,1,0
35017,0,0,0,1,1,0,1,1,1,1
35018,0,0,1,0,0,0,1,0,1,0
35019,0,1,0,0,0,0,1,0,1,0
35020,0,0,0,0,1,0,1,0,1,0
35021,0,0,1,1,0,0,1,0,1,0
35022,0,1,0,1,1,1,1,0,1,0
35023,0,0,0,0,0,0,1,0,1,0
35024,0,0,0,0,1,1,0,1,1,0
35025,0,0,0,0,1,0,1,0,1,0
36001,0,0,0,1,1,0,1,1,1,1
36002,0,0,0,0,0,0,0,0,0,0
36003,0,1,0,0,0,0,0,0,0,0
36004,0,1,0,0,1,0,1,0,1,0
36005,0,1,0,0,1,0,1,0,1,1
36006,0,0,0,0,1,0,1,0,1,1
36007,0,0,0,0,1,0,1,1,1,0
36008,0,0,0,1,1,0,1,0,1,0
36009,0,0,0,0,1,0,1,0,1,0
36010,0,0,0,0,1,0,1,0,1,1
36011,0,0,0,0,0,0,0,0,0,0
36012,0,1,0,0,1,0,1,0,1,0
36013,0,0,0,0,1,0,1,1,1,1
36014,0,0,0,0,1,0,1,1,1,0
36015,0,0,0,0,0,0,1,1,1,0
36016,0,1,0,0,0,0,0,0,1,0
36017,0,0,0,1,1,0,1,1,1,1
36018,0,0,0,1,1,0,1,0,1,1
36019,0,0,0,0,1,0,1,0,1,0
36020,0,0,0,0,1,0,1,0,1,0
36021,0,0,0,1,1,0,1,0,1,1
36022,0,0,0,0,0,0,1,0,0,0
36023,0,1,0,0,1,0,0,0,1,1
36024,0,0,0,0,0,0,0,0,0,0
36025,0,0,0,0,0,0,0,0,0,0
37001,0,0,0,1,1,0,1,1,1,1
37002,0,0,0,1,1,0,1,1,1,1
37003,0,0,0,1,1,0,1,0,1,0
37004,0,0,0,1,1,0,1,1,1,1
37005,0,0,0,0,1,0,1,1,1,1
37006,0,0,0,0,1,0,1,0,1,0
37007,0,0,0,0,1,1,1,1,1,1
37008,0,0,0,0,1,0,1,1,1,1
37009,0,0,0,1,1,0,1,0,1,1
37010,0,1,1,0,1,0,1,0,1,1
37011,0,0,0,1,1,0,1,0,1,1
37012,0,0,0,0,1,0,1,1,1,1
37013,1,0,0,0,1,0,1,1,1,1
37014,0,0,0,0,1,0,1,0,1,0
37015,0,1,1,0,1,1,1,1,1,1
37016,0,0,0,0,1,0,1,0,1,0
37017,0,,0,0,1,1,1,0,1,1
37018,0,0,0,0,0,1,1,0,0,0
37019,0,0,0,0,1,0,1,0,1,0
37020,0,0,0,0,1,0,1,0,1,1
37021,0,0,0,0,1,0,1,1,0,0
37022,0,0,0,0,1,0,1,0,1,0
37023,0,0,0,1,1,0,1,1,1,0
37024,0,0,0,0,1,0,1,0,1,1
37025,0,0,0,1,1,0,0,0,1,0
38001,0,0,0,1,1,0,1,1,1,1
38002,0,0,0,0,1,0,1,1,1,1
38003,0,0,0,0,1,0,1,1,1,1
38004,0,0,0,1,1,1,1,1,1,1
38005,0,1,0,0,1,0,1,1,1,1
38006,0,0,0,1,1,0,1,1,1,0
38007,0,0,0,0,1,0,1,1,1,0
38008,0,0,0,0,1,0,1,1,1,1
38009,1,0,1,1,1,0,1,1,1,0
38010,0,0,0,1,1,0,1,1,1,1
38011,0,0,1,0,1,0,1,0,1,0
38012,0,1,0,0,1,0,1,1,1,0
38013,0,0,0,0,1,1,1,1,1,0
38014,0,0,0,0,1,0,1,1,1,0
38015,0,0,0,1,1,1,1,1,1,1
38016,0,1,1,0,1,0,1,1,1,0
38017,0,0,0,0,1,1,1,1,1,1
38018,0,0,0,1,1,0,1,1,1,0
38019,0,0,1,0,1,1,1,0,1,0
38020,0,0,0,0,1,0,1,1,1,1
38021,0,0,0,0,1,0,1,1,1,1
38022,0,0,0,1,1,1,1,1,1,1
38023,0,,0,0,1,0,1,1,1,1
38024,0,0,0,1,1,0,1,1,1,0
38025,0,0,0,1,1,0,1,0,1,0
39001,0,0,0,0,1,0,1,1,1,1
39002,0,0,1,0,1,0,1,1,1,1
39003,0,0,0,0,1,0,1,1,1,0
39004,0,1,0,0,1,0,1,1,1,1
39005,0,0,0,1,1,0,1,1,1,1
39006,0,0,0,0,1,0,1,1,1,0
39007,0,0,0,1,1,0,1,1,1,1
39008,0,0,0,0,1,0,1,1,1,1
39009,0,0,0,0,1,0,1,1,0,0
39010,0,0,0,1,1,0,1,1,0,1
39011,0,1,0,0,1,0,1,1,1,1
39012,0,0,0,1,1,0,1,1,1,0
39013,0,0,1,1,1,0,1,1,1,1
39014,0,0,0,0,1,0,1,1,1,1
39015,,0,0,1,1,0,1,1,1,1
39016,0,0,0,0,0,1,1,1,1,0
39017,0,0,0,0,1,0,1,1,1,1
39018,0,0,0,1,1,0,1,1,1,1
39019,0,0,0,0,0,0,1,0,1,0
39020,0,1,0,0,1,0,1,1,1,1
39021,0,0,0,1,1,0,1,1,1,1
39022,0,0,0,0,1,0,1,1,0,0
39023,0,0,0,0,1,0,1,1,1,1
39024,0,0,0,0,1,0,1,1,1,1
39025,0,0,0,1,1,0,1,1,1,1
40001,0,0,0,0,1,0,1,1,1,1
40002,0,0,0,0,1,0,1,1,1,1
40003,0,0,0,0,1,0,1,1,1,0
40004,0,0,0,1,1,1,1,1,1,0
40005,0,0,0,0,1,0,1,1,1,0
40006,0,0,0,0,1,0,1,1,1,1
40007,0,1,0,0,1,0,1,1,1,0
40008,0,,0,0,1,0,1,1,1,1
40009,0,0,0,1,1,0,1,1,1,1
40011,0,0,0,1,1,0,1,1,1,1
40012,0,0,0,1,1,0,1,1,1,1
40013,0,0,0,0,1,1,1,1,1,0
40014,0,0,0,1,1,0,1,1,1,1
40015,0,0,0,0,1,1,1,1,1,1
40016,0,,0,0,1,1,1,1,1,1
40017,0,0,0,1,1,1,1,1,1,1
40018,0,0,0,1,1,1,1,1,1,1
40019,0,0,0,1,1,0,1,1,1,1
40020,0,0,0,0,1,0,1,1,1,0
40021,0,0,1,1,1,0,1,1,1,1
40022,0,0,0,1,1,0,1,1,1,1
40023,0,0,0,1,1,0,1,1,1,0
40024,0,0,0,1,1,0,1,1,1,1
40025,0,0,0,0,1,0,1,1,1,1
41001,0,0,0,0,0,0,0,0,0,0
41002,0,0,0,1,0,0,1,0,0,0
41003,0,0,0,0,0,0,0,0,0,0
41005,0,0,0,0,0,0,1,0,0,0
41006,0,1,1,0,0,0,1,0,1,0
41007,0,0,0,0,0,0,1,0,1,0
41008,0,0,0,1,0,0,1,0,1,0
41009,0,,0,0,0,0,0,0,0,0
41010,0,0,0,1,0,0,1,0,1,0
41012,0,0,0,0,0,0,1,0,1,0
41013,0,0,0,0,0,0,1,0,0,0
41014,0,1,0,0,0,0,1,0,0,0
41015,0,0,0,0,1,0,1,0,0,0
41016,0,0,0,0,0,0,1,0,1,0
41017,0,0,0,0,0,0,1,0,0,0
41018,0,0,0,0,0,0,1,0,1,0
41019,0,,0,0,0,0,0,0,0,0
41020,0,0,0,0,0,0,1,0,0,0
41021,0,1,0,0,0,0,0,0,0,0
41022,0,0,0,0,0,0,1,1,0,0
41023,0,0,0,0,0,0,1,0,1,0
41024,0,0,0,0,0,0,1,0,0,1
41025,0,0,1,0,0,0,1,0,1,0
42001,0,0,0,1,1,0,1,0,1,1
42002,0,0,0,0,0,0,1,0,0,0
42003,0,0,0,0,0,0,1,0,1,0
42004,0,0,0,0,0,0,1,0,1,0
42006,0,0,0,0,0,0,1,0,0,0
42007,0,1,0,0,1,0,0,0,1,0
42008,0,0,0,0,1,0,0,0,1,0
42009,0,0,0,1,0,0,1,0,1,1
42010,0,0,0,0,0,0,1,0,0,0
42011,0,0,0,0,0,0,1,0,0,0
42012,0,1,0,1,1,0,1,0,1,0
42013,0,0,0,0,1,0,0,0,1,0
42014,0,0,0,0,1,0,1,0,1,1
42015,0,0,0,0,0,0,0,0,0,0
42016,0,0,0,0,0,0,0,1,0,0
42017,0,0,0,0,1,0,0,1,1,0
42018,0,1,0,1,0,0,1,1,1,0
42019,0,0,0,1,0,0,1,0,1,1
42020,0,0,0,0,0,0,1,0,0,0
42021,0,0,0,0,0,0,0,0,0,0
42022,0,0,0,0,0,0,1,0,0,0
42023,0,0,0,0,0,0,1,0,1,0
42024,0,1,0,0,0,0,1,0,1,0
42025,0,0,0,0,1,0,1,0,0,0
43001,0,0,0,0,0,0,0,0,0,0
43002,0,0,0,0,0,0,1,0,0,0
43003,0,0,0,0,0,0,1,0,0,0
43004,0,0,0,0,0,0,0,0,0,0
43005,0,0,0,0,0,0,0,0,1,0
43006,0,0,0,0,0,0,1,1,1,0
43007,0,0,0,0,0,0,1,0,0,0
43008,0,1,0,0,0,0,1,0,1,0
43009,0,1,0,0,0,0,0,0,1,0
43010,0,1,0,1,1,0,1,1,1,1
43011,0,,0,0,0,0,1,0,1,0
43012,0,0,0,0,0,0,1,0,0,0
43013,1,0,0,0,0,0,0,0,0,0
43014,1,0,0,0,0,0,1,0,1,1
43015,0,0,0,0,0,0,1,0,0,0
43016,0,0,0,0,0,0,1,0,0,0
43017,0,0,0,0,0,0,1,0,1,0
43018,0,0,0,0,0,0,1,0,1,0
43019,0,0,0,0,0,0,1,0,1,0
43020,0,0,0,0,0,0,0,1,0,0
43021,0,0,0,0,0,1,0,0,0,0
43022,1,1,0,0,0,0,1,0,0,0
43024,0,0,0,0,0,0,1,1,0,0
43025,1,0,0,0,1,0,1,0,1,1
44001,0,0,0,0,0,0,0,0,1,0
44002,0,0,0,0,0,0,1,0,1,0
44003,0,0,0,0,0,0,1,0,1,0
44004,0,0,0,0,0,0,0,0,0,0
44005,0,0,0,0,0,0,0,0,0,0
44006,0,0,0,0,1,0,0,0,1,0
44007,0,0,0,0,1,0,1,1,0,0
44008,0,1,0,0,1,0,1,0,1,0
44009,0,0,0,0,1,0,1,0,1,1
44010,0,0,0,0,0,0,1,0,1,0
44011,0,0,0,0,0,0,1,0,1,0
44012,0,0,0,1,1,0,1,0,1,1
44013,0,0,0,0,1,0,1,0,1,1
44014,0,0,0,0,1,0,1,0,1,1
44015,0,1,0,0,0,0,1,0,1,0
44016,0,,0,0,0,0,1,0,0,0
44017,0,0,0,0,0,1,1,0,0,0
44018,0,0,0,0,1,0,1,0,0,0
44019,0,0,0,0,0,0,1,1,1,0
44020,0,0,0,0,0,1,1,0,1,0
44021,0,0,0,0,0,0,1,0,1,0
44022,0,0,0,0,0,0,1,0,0,0
44025,0,1,0,0,0,0,1,0,1,0
45001,0,0,0,0,0,0,0,0,0,0
45002,0,0,0,0,0,0,1,0,0,0
45003,0,0,0,0,0,1,0,0,0,0
45004,0,0,0,0,1,0,1,0,1,0
45005,0,0,0,0,0,1,1,0,0,0
45006,0,0,0,1,0,0,1,0,0,0
45007,0,0,0,0,1,0,1,1,0,1
45008,0,1,0,0,1,0,0,0,1,1
45009,0,0,0,0,0,0,1,0,1,0
45010,0,0,0,0,0,0,1,0,1,0
45011,0,0,0,0,0,0,1,0,0,1
45012,0,0,1,0,0,0,1,0,1,0
45013,0,0,0,0,1,0,1,0,1,1
45014,0,0,0,0,1,0,1,1,1,0
45015,0,0,0,0,1,0,1,1,0,1
45016,0,0,0,0,0,0,1,0,0,0
45017,0,0,0,1,0,0,1,0,0,0
45018,0,,0,0,1,0,1,1,1,0
45019,0,0,0,0,1,1,0,1,1,0
45020,0,0,0,0,0,0,1,0,1,0
45021,0,0,0,0,1,0,1,1,1,1
45022,0,0,0,0,0,0,1,0,0,0
45023,0,0,0,0,0,0,1,0,0,0
45024,0,0,0,0,0,0,1,0,1,0
45025,0,0,0,0,1,0,1,0,1,0
46001,0,0,0,0,0,1,1,1,0,0
46002,0,0,0,0,0,0,0,0,1,0
46003,0,0,0,1,0,0,1,0,1,0
46004,0,1,0,0,0,0,1,0,0,0
46005,0,,0,0,0,0,1,0,0,0
46006,0,0,0,0,0,1,1,0,0,0
46007,1,0,0,0,0,0,1,0,1,0
46008,0,0,0,0,0,0,1,0,0,0
46009,0,,0,0,0,0,1,0,0,0
46010,0,,0,0,0,0,0,0,1,0
46011,0,0,0,0,1,0,0,1,1,0
46012,0,0,0,0,0,0,0,0,0,0
46013,0,0,0,0,0,0,0,0,1,0
46014,0,1,1,0,1,0,0,1,1,0
46016,0,1,0,0,0,0,0,0,0,0
46017,0,0,0,0,0,0,1,0,1,0
46018,0,0,0,0,1,0,1,0,1,0
46020,0,0,0,0,,0,1,0,1,0
46021,0,0,0,0,0,0,1,0,0,0
46022,0,0,1,0,1,0,0,0,1,0
46023,0,0,0,0,0,0,1,0,1,0
46024,0,0,0,0,0,0,1,0,1,0
46025,0,0,0,0,0,0,1,0,1,0
47001,0,0,0,1,1,0,1,1,1,1
47002,0,1,0,0,1,0,1,0,1,0
47003,0,0,0,0,1,1,1,0,0,1
47004,0,0,0,0,0,0,0,0,1,0
47005,0,0,0,0,1,0,1,1,1,0
47007,0,,0,0,0,0,1,0,1,0
47008,0,1,0,0,0,0,1,0,1,1
47009,1,0,0,0,0,0,1,0,1,0
47010,1,0,0,0,0,0,1,0,0,0
47011,0,1,0,0,1,0,1,0,1,1
47012,0,0,0,0,0,0,1,0,1,0
47013,0,0,0,0,0,0,0,0,0,0
47014,0,0,0,0,1,0,0,0,1,0
47015,0,1,0,0,1,0,0,1,1,1
47016,0,1,0,0,1,1,1,0,1,0
47017,0,0,0,0,0,0,0,1,1,1
47018,0,0,0,0,0,0,1,0,1,0
47019,0,0,0,0,1,0,1,0,1,1
47020,0,0,0,0,0,0,1,0,1,0
47021,0,0,0,0,1,0,0,1,1,0
47022,0,0,0,1,1,0,1,1,1,1
47023,0,0,1,1,1,0,1,1,1,1
47024,0,0,0,0,0,0,1,0,0,0
47025,0,0,0,0,1,1,1,1,1,1
48001,0,1,0,0,0,0,1,0,1,0
48002,0,0,0,0,0,0,1,1,1,0
48003,0,0,0,0,0,0,1,0,1,0
48004,0,0,0,0,1,0,1,1,1,0
48005,0,0,0,0,1,0,1,0,1,0
48006,0,0,0,0,0,0,1,0,0,0
48007,0,0,0,0,1,0,1,0,1,0
48008,0,1,0,0,0,0,0,0,0,0
48009,0,0,0,1,0,0,1,0,1,1
48010,0,0,0,0,0,0,1,0,0,0
48011,0,0,0,0,1,0,1,0,0,1
48012,0,1,1,0,1,0,1,1,1,0
48013,0,0,0,0,0,0,1,0,0,0
48014,0,0,0,0,1,0,1,0,1,1
48015,0,,0,0,1,0,1,0,0,0
48016,0,0,0,0,0,0,1,0,0,0
48017,0,0,0,0,0,0,1,0,1,0
48018,0,0,0,0,0,0,0,0,1,0
48019,0,0,0,0,1,1,0,1,1,1
48020,0,0,0,0,1,0,1,1,1,1
48021,0,0,0,0,0,0,1,0,0,0
48022,0,0,0,0,1,0,1,0,1,0
48023,0,0,0,0,0,0,1,0,1,0
48024,0,0,0,0,0,0,1,0,1,1
49001,0,0,0,0,0,0,1,1,0,0
49002,0,,0,0,0,0,1,0,0,0
49003,0,0,0,1,0,0,1,0,0,0
49004,0,0,0,0,0,0,0,0,0,0
49005,0,0,0,0,0,0,1,0,0,0
49006,0,0,0,0,0,0,1,0,1,0
49007,0,0,0,1,0,0,1,0,1,0
49008,0,0,0,0,0,0,1,0,0,0
49009,0,0,0,0,0,0,1,1,1,0
49010,0,0,0,0,0,0,1,0,1,0
49011,0,0,0,0,1,0,1,0,1,1
49012,0,0,0,0,0,0,1,0,1,0
49013,0,0,0,0,0,0,1,0,0,0
49014,0,1,1,0,0,0,0,0,1,0
49015,0,0,0,0,0,0,1,0,0,0
49016,0,0,0,1,0,0,1,0,1,0
49017,1,0,1,0,0,0,1,0,0,1
49019,0,1,0,0,0,0,1,0,0,0
49020,0,0,0,0,1,0,1,0,0,0
49021,0,0,0,0,0,0,1,0,0,0
49022,0,0,0,0,0,0,0,0,1,0
49023,0,0,0,0,0,0,1,0,0,0
49024,0,0,0,0,0,0,1,0,1,0
49025,0,,0,0,0,0,1,0,0,0
50002,0,0,0,0,0,0,1,0,1,0
50003,0,0,0,0,1,0,1,1,1,1
50005,0,0,0,0,1,0,1,1,1,0
50006,0,0,0,0,0,0,1,0,1,0
50007,0,0,0,0,1,0,0,0,1,0
50008,0,1,0,0,0,0,1,0,0,0
50009,0,0,0,0,0,0,1,0,1,0
50010,0,0,0,0,1,1,1,1,1,1
50011,0,0,0,0,0,0,0,0,1,0
50012,0,0,0,0,0,0,0,0,1,0
50013,0,0,0,0,0,0,0,0,1,0
50014,0,0,0,0,0,0,1,0,1,0
50015,0,0,0,0,1,0,1,0,1,0
50016,0,0,0,0,0,0,1,0,1,0
50017,0,0,0,0,0,0,0,0,0,0
50018,0,0,0,0,0,0,1,0,1,0
50019,0,0,0,0,0,0,1,0,0,0
50020,0,0,0,1,0,0,1,1,1,1
50021,0,1,0,0,0,0,1,0,1,0
50022,0,0,0,0,0,0,1,0,1,0
50023,0,,0,0,0,0,0,0,1,0
50024,0,0,0,1,0,0,1,0,1,1
50025,0,0,0,0,1,0,1,0,1,0
51001,0,0,0,0,0,0,1,0,1,0
51003,0,0,0,0,0,0,1,0,0,0
51004,0,0,0,0,0,0,0,0,0,0
51005,0,0,0,0,0,0,0,0,0,0
51006,0,0,0,0,0,0,1,0,0,0
51007,0,0,1,0,1,0,0,0,1,0
51008,0,0,0,0,0,0,0,0,1,0
51009,0,0,0,0,0,0,0,0,0,0
51010,0,0,0,0,0,0,1,0,1,0
51011,0,0,0,0,0,0,0,0,1,0
51013,0,0,0,0,0,0,0,0,0,0
51014,0,0,0,0,0,0,0,0,1,0
51015,0,0,0,0,0,0,1,0,0,1
51016,0,1,0,0,0,0,1,1,1,0
51017,0,,0,0,0,0,1,0,1,0
51018,0,0,0,0,0,0,1,1,0,0
51019,0,0,0,0,0,0,0,0,1,0
51020,0,1,0,1,1,0,1,1,1,1
51021,0,0,0,0,0,0,0,0,0,0
51022,0,1,0,0,0,0,1,0,1,0
51023,0,0,0,0,0,0,0,0,0,0
51024,0,0,0,0,0,0,0,0,0,0
51025,0,0,0,0,0,0,1,0,0,0
52001,0,0,0,1,1,0,1,0,1,1
52003,0,1,0,0,1,0,1,0,1,1
52004,0,0,1,0,0,0,1,0,1,0
52005,0,0,0,0,0,0,1,0,1,0
52006,0,0,0,0,0,0,1,0,0,0
52007,0,1,0,0,0,0,1,0,1,0
52009,0,0,0,0,1,0,0,0,1,1
52010,0,0,0,0,1,0,1,0,0,0
52011,0,0,0,0,0,0,1,1,0,0
52012,0,0,0,0,0,0,1,0,0,0
52013,0,0,0,0,0,0,1,0,0,0
52014,0,1,0,0,1,0,1,0,1,1
52015,0,,0,0,0,0,1,1,0,0
52016,0,0,0,0,1,0,0,0,1,0
52017,0,0,0,0,0,0,1,1,1,0
52018,0,0,0,0,0,0,1,0,1,0
52019,0,0,0,0,0,0,1,0,1,0
52020,0,0,0,0,1,0,1,0,1,1
52021,0,,0,0,0,0,1,0,1,0
52022,0,0,0,0,0,0,1,0,1,0
52023,0,1,0,0,0,0,1,0,0,0
52024,0,0,0,0,0,0,1,0,0,0
52025,0,0,0,0,1,0,1,0,1,1
53001,0,0,0,0,0,0,1,1,1,0
53002,0,0,0,0,0,0,1,0,0,0
53003,0,1,0,0,0,0,1,0,1,0
53004,0,1,0,0,0,0,1,0,0,0
53005,0,0,0,1,0,0,1,0,1,0
53006,0,0,0,0,0,0,1,0,0,0
53007,0,0,0,0,0,0,1,0,0,0
53008,0,0,0,0,1,0,1,0,0,0
53009,0,0,0,0,0,0,1,0,1,0
53010,0,0,0,0,1,0,0,1,1,0
53011,0,0,0,0,1,0,0,0,1,0
53012,1,0,0,0,0,0,1,0,1,0
53013,0,0,0,0,0,0,1,0,1,0
53014,0,0,0,0,0,0,1,0,0,0
53015,0,0,0,0,0,0,1,0,1,0
53016,0,0,0,0,1,0,1,0,1,0
53017,0,0,0,1,1,0,1,0,1,1
53018,0,0,0,0,0,0,1,0,0,0
53019,0,1,0,0,1,0,0,0,1,0
53020,0,1,0,0,0,0,0,0,0,0
53021,0,0,0,0,0,0,1,1,0,0
53022,0,0,0,0,0,0,1,0,0,0
53023,0,0,0,0,1,0,1,0,1,1
53025,0,0,0,0,0,0,1,0,0,0
54001,0,0,0,0,0,0,0,0,0,0
54002,0,0,0,0,0,0,1,0,0,0
54003,0,0,0,0,0,0,1,0,1,0
54004,0,0,0,0,0,0,1,1,0,0
54005,0,0,0,0,0,0,0,0,1,0
54006,0,0,0,0,0,0,1,0,1,0
54007,0,1,1,1,1,0,1,0,1,0
54008,0,0,0,0,1,0,0,0,1,0
54009,,0,0,0,0,0,1,0,0,0
54010,0,1,0,0,1,0,1,0,1,1
54011,0,0,0,0,,0,1,0,1,0
54012,1,0,0,0,0,0,1,0,0,0
54013,0,0,0,0,0,0,1,0,1,0
54014,0,1,0,0,0,0,0,0,1,0
54015,0,0,0,0,0,0,1,0,1,0
54016,0,0,0,0,0,0,1,0,1,0
54017,0,1,0,0,0,0,1,0,1,0
54018,0,0,0,0,0,0,1,0,1,0
54019,0,0,0,0,0,0,1,0,0,0
54020,0,0,0,0,1,0,1,0,1,1
54021,0,0,0,0,0,0,1,0,0,0
54022,0,0,0,0,0,0,1,0,0,1
54023,0,1,1,0,0,0,1,0,1,0
54024,0,0,0,1,0,0,1,1,1,1
54025,0,0,0,0,0,0,1,0,0,0
55001,0,0,0,0,1,0,1,0,1,0
55002,0,0,0,0,0,0,0,0,1,0
55003,0,0,0,0,1,0,1,1,1,1
55004,0,0,0,0,1,0,1,1,1,1
55005,0,0,0,0,1,0,1,1,1,0
55006,0,0,0,0,0,0,1,0,1,0
55007,,0,0,0,1,0,1,1,1,0
55008,0,0,0,1,0,0,1,0,1,0
55009,0,0,0,0,1,0,1,0,1,1
55010,0,1,0,1,0,0,1,0,1,0
55011,0,0,0,1,1,0,1,0,1,0
55012,0,0,0,0,0,0,1,0,0,0
55013,0,0,0,0,0,0,1,0,1,0
55014,0,0,0,0,0,0,1,1,1,0
55015,0,0,0,0,0,0,1,0,1,0
55016,0,0,0,0,0,0,1,0,1,0
55017,0,1,0,0,0,0,0,0,0,0
55018,0,0,0,0,0,0,1,1,0,0
55019,0,1,0,0,0,0,1,0,0,0
55020,0,0,0,0,0,0,0,0,1,0
55022,0,0,0,0,0,0,1,1,1,0
55023,0,0,0,0,1,0,0,1,1,0
55024,0,1,0,0,1,0,0,0,1,0
55025,0,0,0,0,0,0,1,0,1,0
56001,0,0,0,1,1,1,1,0,1,1
56002,0,0,0,0,1,0,1,1,1,1
56003,0,0,1,0,0,0,0,0,1,0
56004,0,0,0,0,0,0,1,1,1,1
56005,0,0,0,0,0,1,1,0,1,0
56006,0,0,0,0,1,1,1,1,1,0
56007,0,1,0,0,0,1,1,0,1,0
56008,0,1,1,0,1,1,1,1,1,0
56009,0,0,1,0,1,1,1,0,1,0
56010,0,0,0,1,1,1,1,1,1,1
56011,0,0,0,1,1,0,1,1,1,1
56012,0,0,0,0,1,0,1,0,0,0
56013,0,0,0,0,0,0,0,0,1,0
56014,0,0,0,1,1,0,1,1,1,1
56015,0,0,0,1,1,1,1,1,1,1
56016,0,1,0,0,0,0,1,1,1,1
56017,0,0,0,0,0,1,1,0,0,1
56018,0,0,0,1,0,0,1,0,1,0
56019,0,0,0,0,1,1,1,0,1,1
56020,0,0,0,0,0,1,1,0,1,0
56021,0,1,0,0,1,1,1,1,1,0
56022,0,0,0,0,1,1,1,0,1,0
56023,0,0,0,0,1,1,1,0,1,0
56024,0,0,0,0,0,1,0,0,1,0
56025,0,1,0,0,0,0,0,0,1,0
57001,0,0,0,0,0,1,1,1,1,0
57002,0,1,0,0,0,1,1,0,1,0
57003,0,0,0,0,0,1,0,0,0,0
57004,0,0,0,0,0,1,0,0,1,0
57005,0,0,0,0,1,1,1,0,1,0
57006,0,0,0,0,1,1,1,1,1,1
57007,0,0,0,1,1,1,0,1,1,1
57008,0,1,0,,1,1,,1,1,0
57009,1,0,1,0,0,0,1,0,1,0
57011,0,0,0,0,1,0,1,1,1,1
57012,0,0,0,0,1,0,1,0,1,0
57013,0,1,0,0,0,1,1,1,1,0
57014,0,0,0,0,1,0,0,1,1,1
57015,0,0,0,0,1,0,1,1,1,1
57016,0,0,0,0,1,0,1,1,1,0
57017,0,0,0,0,1,1,1,1,1,1
57018,0,0,0,0,1,0,1,1,1,0
57019,0,0,0,1,1,0,1,1,1,1
57020,0,0,0,0,1,1,1,1,1,0
57021,0,0,0,0,0,0,1,1,1,0
57022,0,1,1,0,1,1,1,1,1,0
57023,0,0,0,0,1,1,1,1,1,1
57024,0,0,0,1,1,0,1,1,1,0
57025,0,,0,0,0,1,1,1,1,0
58001,0,0,1,0,0,0,1,1,1,0
58002,0,0,0,1,1,0,1,1,1,1
58003,1,0,0,0,1,1,1,1,1,1
58004,0,0,0,0,1,0,1,1,1,1
58005,0,0,0,0,0,1,1,1,1,0
58007,0,0,0,1,1,0,1,1,1,1
58008,0,0,0,0,1,0,1,1,1,1
58009,0,0,0,0,1,1,1,1,1,0
58011,0,0,0,0,1,0,1,1,1,1
58012,0,0,0,0,1,0,1,1,1,0
58013,0,0,0,0,1,1,1,1,1,1
58014,0,0,0,1,1,1,1,1,1,1
58015,0,,0,0,1,1,0,1,1,0
58016,0,0,0,0,1,1,1,1,1,1
58017,0,0,0,1,1,1,1,1,1,1
58018,0,0,0,0,1,0,1,1,1,0
58019,0,0,0,0,1,0,1,1,1,0
58021,0,0,0,1,1,0,1,1,1,0
58022,0,0,0,0,1,1,1,1,1,1
58023,0,0,0,1,1,0,1,1,1,0
58024,0,0,0,0,1,0,1,1,1,0
58025,0,0,0,0,1,1,1,1,1,1
59001,0,0,0,0,1,1,1,1,1,1
59002,0,0,0,0,1,0,0,1,1,0
59003,0,0,0,1,1,0,1,1,1,1
59004,0,0,0,0,1,0,1,1,1,1
59005,0,1,0,0,1,0,1,1,1,0
59006,1,1,0,0,1,0,1,1,1,0
59007,0,1,0,0,1,0,1,1,1,1
59008,0,,0,0,1,0,0,1,1,0
59009,0,0,0,0,1,0,1,1,1,0
59010,0,0,0,0,1,0,1,1,1,1
59011,0,0,0,0,1,0,1,1,1,0
59012,0,0,0,1,1,1,1,1,1,0
59013,0,0,0,0,1,0,1,1,1,0
59014,0,0,0,0,1,0,1,1,1,1
59015,0,0,0,1,1,1,0,1,1,1
59016,0,0,0,0,1,0,0,1,1,1
59017,0,0,0,0,0,0,0,1,1,0
59018,0,0,0,1,1,1,0,1,1,0
59019,0,0,0,1,1,1,1,1,1,1
59020,0,0,0,0,1,1,1,1,1,0
59021,,,0,1,1,1,1,1,1,0
59023,0,1,0,1,1,1,1,1,1,0
59024,0,0,0,0,1,1,1,1,1,0
59025,0,0,0,0,0,1,1,1,1,0
60001,0,0,0,0,1,1,1,1,1,1
60002,0,0,0,0,1,1,1,0,1,0
60003,0,1,0,0,1,1,1,1,1,0
60004,0,0,0,1,1,1,1,1,1,1
60005,0,0,0,1,1,0,1,1,1,0
60006,0,1,0,0,1,1,1,1,1,0
60007,0,1,0,1,1,1,1,1,1,1
60008,0,0,0,1,1,0,1,1,1,1
60009,0,0,0,1,1,0,1,1,1,1
60010,0,0,0,0,1,0,1,1,1,1
60011,0,0,0,0,1,0,1,1,1,0
60012,0,0,0,0,1,0,1,1,1,0
60013,0,1,0,0,1,1,1,1,1,0
60014,1,0,0,0,1,0,1,1,1,0
60015,0,0,0,0,1,1,1,1,1,1
60016,0,0,0,1,1,0,1,1,1,0
60017,0,,0,0,1,0,1,1,1,1
60018,0,0,0,1,1,0,1,1,1,1
60019,0,0,0,0,1,0,1,1,1,0
60020,0,0,0,0,1,1,1,1,1,1
60021,0,0,0,1,1,0,1,1,1,0
60022,0,0,0,1,0,0,1,1,1,1
60024,0,0,0,0,1,0,1,1,1,1
60025,0,0,0,0,1,1,1,1,1,0
61001,0,0,0,1,1,0,1,1,1,1
61002,0,1,1,1,1,0,1,1,1,0
61003,0,0,0,1,1,1,1,1,1,1
61004,0,0,0,0,1,0,1,1,1,1
61006,0,0,0,1,1,0,1,1,1,1
61007,0,1,0,1,1,0,1,1,1,0
61008,0,1,0,0,1,1,1,1,1,0
61009,0,0,0,0,1,1,1,1,1,1
61010,0,0,0,1,1,1,1,1,1,0
61011,0,1,0,0,1,1,1,1,1,0
61012,0,0,0,0,1,1,1,1,1,1
61013,0,1,0,0,1,1,1,1,1,1
61014,0,1,0,0,1,1,1,1,1,0
61015,0,0,0,0,1,1,1,1,1,1
61016,0,0,0,0,1,1,1,1,1,0
61017,0,1,0,0,1,1,1,1,1,1
61018,0,1,0,1,1,1,1,1,1,0
61019,0,0,0,0,1,1,1,1,1,1
61020,0,0,0,0,1,1,1,1,1,1
61021,0,0,0,1,1,1,1,1,1,1
61022,0,0,0,1,1,1,1,1,1,1
61023,0,0,0,0,1,1,1,1,1,0
61024,1,,0,0,1,1,1,1,1,1
61025,0,0,1,1,1,1,1,1,1,1
62001,0,0,0,0,0,1,1,0,1,0
62003,1,1,0,0,1,1,1,1,1,1
62005,0,0,0,1,1,1,1,1,1,0
62006,0,1,0,0,1,1,1,1,1,0
62007,0,1,0,0,1,1,1,1,1,0
62008,0,,0,1,1,1,1,1,1,1
62010,0,1,1,1,1,0,1,1,1,1
62011,0,1,0,1,1,1,1,1,1,0
62012,0,0,0,0,1,1,0,1,1,0
62013,0,0,0,0,1,1,1,1,1,0
62014,0,0,0,,1,1,1,1,1,1
62015,0,0,0,1,1,1,1,1,1,1
62016,0,0,0,0,1,1,1,1,1,0
62017,0,0,1,1,1,1,1,1,1,0
62019,0,0,0,0,1,1,1,1,1,0
62020,0,0,0,0,1,1,1,0,1,1
62021,0,0,0,0,1,1,1,1,1,0
62022,0,0,0,0,1,0,1,0,1,1
62023,0,0,0,0,1,1,1,1,1,0
62024,0,0,0,1,1,1,1,1,1,1
62025,0,0,0,0,1,1,1,1,1,1
63001,0,1,0,1,1,1,1,1,1,0
63002,0,0,0,1,1,1,1,1,1,1
63003,0,1,0,0,1,1,1,0,1,1
63004,0,1,0,1,1,0,1,1,1,1
63005,0,1,0,0,0,1,1,1,1,0
63007,0,0,0,1,1,1,1,1,1,1
63008,0,0,0,1,1,1,1,1,1,1
63009,0,0,0,1,1,1,1,1,1,1
63010,0,1,0,0,1,1,1,1,1,1
63011,0,1,0,0,1,1,1,1,1,1
63012,0,1,0,1,1,0,1,1,1,1
63013,0,0,0,0,1,0,1,1,1,0
63015,0,1,0,0,1,1,1,1,1,0
63016,0,0,0,1,1,1,1,1,1,1
63017,0,0,0,1,1,1,1,1,1,0
63018,0,1,0,0,1,1,1,1,1,1
63020,0,1,0,0,1,1,1,1,1,0
63021,0,0,0,0,1,1,1,1,1,0
63022,0,0,0,0,1,1,1,1,1,1
63024,0,0,0,1,1,0,1,1,1,1
63025,0,0,0,1,1,0,1,1,1,1
64001,0,0,0,1,1,1,1,1,1,1
64002,0,0,0,0,1,1,1,1,1,0
64003,0,0,0,1,1,1,1,1,1,1
64004,0,1,1,0,1,1,1,1,1,1
64005,0,0,0,0,1,1,1,1,1,1
64006,0,0,0,1,1,1,1,1,1,1
64007,0,0,1,1,1,1,1,1,1,1
64008,0,0,0,0,1,1,1,1,1,0
64009,0,1,1,0,0,1,1,1,1,0
64011,0,0,0,1,1,1,1,1,1,1
64012,0,1,1,0,1,1,1,0,1,0
64013,0,0,0,0,1,1,1,1,1,0
64014,0,,1,0,1,1,1,1,1,0
64015,0,0,0,1,0,1,1,1,1,1
64016,0,0,0,1,1,1,1,1,1,1
64017,0,0,0,1,1,1,1,1,1,1
64018,0,,1,1,1,1,1,1,1,0
64019,0,0,0,0,1,1,1,1,1,1
64020,0,0,0,0,1,1,1,1,1,0
64021,0,0,0,0,1,1,1,1,1,0
64022,0,0,0,1,1,1,1,1,1,1
64023,0,0,0,0,1,1,1,1,0,0
64024,0,1,0,1,1,1,1,1,1,0
64025,0,0,0,1,1,1,1,1,1,0
65001,0,1,0,0,1,1,1,1,1,1
65002,0,0,0,1,1,1,1,1,1,0
65003,0,0,0,1,1,1,1,1,1,1
65004,0,1,0,1,1,1,1,1,1,1
65005,0,,0,1,1,1,1,1,1,1
65007,0,,0,0,1,1,1,1,1,0
65008,0,1,0,1,1,1,1,1,1,1
65009,0,0,0,0,1,1,1,1,1,1
65010,0,1,0,0,1,1,1,1,1,1
65011,0,,0,0,1,1,1,1,1,1
65012,0,1,0,1,1,1,1,1,1,1
65013,0,0,0,0,1,1,1,1,1,1
65014,0,0,0,1,1,1,1,1,1,1
65015,0,1,0,0,1,1,1,1,1,1
65016,0,0,0,0,1,1,1,1,1,1
65017,0,0,0,1,1,1,1,1,1,0
65018,0,0,0,1,1,1,1,1,1,1
65019,0,1,0,1,1,1,1,1,1,0
65020,0,0,0,0,1,1,1,1,1,0
65021,0,1,0,1,1,1,1,1,1,0
65022,0,0,0,1,1,1,1,0,1,0
65023,0,0,0,0,1,1,1,1,1,0
65024,0,0,0,1,1,1,1,1,1,0
65025,0,0,0,1,1,1,1,1,1,1
66001,0,0,0,1,0,1,1,1,1,0
66002,0,0,0,0,0,1,1,1,1,0
66003,0,1,0,1,1,1,1,1,1,1
66004,0,0,1,0,0,1,1,1,1,1
66005,0,0,0,1,0,1,1,1,1,0
66006,0,1,1,1,1,1,1,1,1,0
66007,0,1,0,0,1,1,1,1,1,0
66008,0,1,0,0,0,1,1,1,1,0
66009,0,0,0,1,1,1,1,1,1,1
66010,0,0,0,0,1,1,1,1,1,0
66011,0,0,0,0,1,1,1,1,1,1
66012,0,0,0,1,1,1,1,1,1,1
66013,0,0,0,1,1,1,1,1,1,1
66014,0,0,0,0,0,1,1,1,1,0
66015,0,0,0,0,1,1,1,1,1,1
66016,0,0,0,0,1,1,1,1,1,1
66017,0,0,0,1,1,1,1,1,1,1
66019,0,0,0,0,0,1,1,1,0,0
66020,1,0,0,0,1,1,1,1,1,0
66021,0,0,0,0,1,1,1,1,1,1
66022,0,0,0,1,1,1,1,0,1,0
66023,0,0,1,1,1,1,1,1,1,1
66024,0,0,0,1,1,1,1,1,1,1
66025,0,0,0,0,0,1,1,1,1,0
67001,0,1,0,0,1,0,1,1,1,1
67002,0,0,0,0,1,1,1,1,1,1
67003,0,0,0,,1,1,1,1,1,0
67004,0,0,0,1,1,0,1,0,1,1
67006,0,0,0,1,1,0,1,1,1,1
67007,0,,0,0,1,0,1,1,1,0
67008,0,0,0,1,1,0,1,1,1,1
67009,0,1,0,0,1,0,1,1,1,1
67012,0,0,0,0,1,1,1,1,1,0
67013,0,0,0,0,1,0,1,1,1,0
67014,0,0,0,0,1,0,1,1,1,1
67015,0,0,0,0,1,1,1,1,1,1
67016,0,0,0,0,1,0,1,1,1,1
67017,0,0,0,0,1,0,1,1,1,1
67018,0,0,0,0,1,1,1,1,1,1
67019,0,1,0,0,1,1,1,1,1,0
67020,0,0,0,1,1,0,1,1,1,1
67021,0,1,0,0,1,0,1,1,1,0
67022,0,1,0,0,1,0,1,1,1,0
67023,0,1,0,1,1,0,1,1,1,1
67024,0,0,0,0,1,1,1,1,1,1
67025,0,1,0,0,1,0,1,1,1,0
68001,0,0,0,0,1,1,1,1,1,0
68002,0,0,0,0,1,1,1,1,1,0
68003,0,0,0,1,1,1,0,1,1,0
68004,0,0,0,0,1,0,1,1,1,0
68005,0,0,0,1,1,0,1,1,1,1
68006,0,0,0,0,1,0,1,1,1,0
68007,0,0,1,1,1,0,1,1,1,1
68008,0,0,0,1,1,0,1,0,1,1
68009,0,0,0,1,1,0,1,1,1,1
68010,0,0,0,0,1,1,1,1,1,0
68011,0,1,0,0,1,0,1,1,1,0
68012,0,0,0,1,1,0,1,1,1,0
68013,0,1,0,0,1,1,1,1,1,1
68014,0,0,1,1,1,0,1,1,1,0
68015,0,1,1,0,1,1,1,1,1,1
68016,0,0,0,1,1,0,1,1,1,1
68017,0,0,0,0,1,1,1,1,1,0
68018,0,0,0,1,1,0,1,1,1,1
68019,0,1,0,0,1,0,1,1,1,1
68020,0,0,0,0,1,0,1,0,1,0
68021,0,1,0,0,0,1,1,0,1,0
68022,0,1,0,0,1,0,1,1,1,1
68023,0,0,0,0,1,0,1,1,1,0
68025,0,0,0,1,1,0,1,1,1,1
69001,0,0,0,0,1,0,1,1,1,1
69002,0,0,0,0,1,1,1,1,1,0
69003,0,0,0,1,1,0,1,1,1,0
69004,0,0,0,0,1,0,1,1,1,0
69005,0,0,0,0,1,0,1,1,1,1
69006,0,0,0,0,1,1,1,0,1,0
69007,0,1,0,0,1,1,1,0,1,0
69008,0,0,0,0,1,0,1,1,1,0
69009,0,1,0,0,1,1,1,1,1,1
69010,0,,0,0,1,0,1,1,1,0
69011,0,0,0,1,1,0,1,1,1,1
69012,0,0,0,0,1,0,1,1,1,1
69013,0,0,0,0,1,1,1,1,1,1
69014,0,0,0,1,1,0,1,1,1,1
69015,0,1,0,1,1,0,1,1,1,1
69016,0,0,0,0,1,0,1,1,1,1
69017,0,1,0,1,1,0,1,1,1,1
69018,0,1,0,0,0,0,1,0,1,0
69019,0,1,1,0,1,0,1,1,1,1
69020,0,1,1,1,1,0,1,1,1,0
69021,1,0,0,1,1,0,1,1,1,1
69022,0,0,0,0,1,0,1,1,1,1
69023,0,1,0,1,1,1,1,1,1,1
69024,0,0,0,0,0,0,1,1,1,0
69025,0,1,0,0,1,0,1,1,1,1
70001,0,0,0,1,1,1,1,1,1,1
70002,0,1,0,1,1,1,1,1,1,1
70003,0,0,0,0,1,1,1,1,1,0
70004,0,1,0,0,1,1,1,1,1,1
70005,0,1,0,0,1,1,1,1,1,0
70006,0,0,0,0,1,1,1,1,1,1
70007,0,0,0,0,1,1,1,1,1,0
70008,0,0,0,0,1,1,1,1,1,1
70009,0,0,0,1,1,1,1,1,1,1
70010,0,1,0,0,1,1,1,1,1,1
70011,0,0,0,1,1,1,1,1,1,1
70012,0,0,0,1,1,1,1,1,1,1
70013,0,0,0,1,1,1,1,1,1,1
70014,0,1,0,0,1,1,1,1,1,0
70015,0,0,0,0,1,1,1,0,1,0
70016,0,0,0,1,1,1,1,1,1,1
70017,0,0,0,0,1,1,1,1,1,0
70018,0,1,0,0,1,1,1,1,1,1
70019,0,1,0,0,1,1,1,1,1,1
70020,0,0,0,1,1,1,1,1,0,1
70021,0,0,0,0,0,1,1,1,1,0
70022,1,1,1,1,1,1,1,1,1,1
70023,0,0,0,1,1,1,1,1,1,1
70024,0,0,0,0,1,1,1,1,1,1
70025,0,0,0,0,1,1,1,1,1,1
71001,0,0,0,0,1,1,1,0,1,1
71002,0,0,0,0,1,1,1,1,1,1
71003,0,0,0,1,1,1,1,1,1,0
71004,0,0,0,1,0,1,1,1,1,1
71005,0,0,0,0,0,1,1,0,1,0
71006,0,1,0,0,1,1,1,1,1,0
71007,0,0,0,1,1,1,1,1,1,1
71008,0,1,0,1,1,1,1,1,1,0
71009,0,1,0,0,0,1,1,1,1,1
71010,0,0,0,1,0,1,1,1,1,1
71011,0,0,0,0,0,1,1,1,1,0
71012,0,0,0,0,1,1,1,1,1,0
71013,1,0,0,0,1,1,1,1,1,0
71014,0,0,0,1,1,1,1,1,1,0
71015,0,0,0,1,0,1,1,1,1,0
71016,0,0,0,0,1,1,1,0,1,0
71017,0,0,0,1,0,1,1,1,1,0
71018,0,0,0,1,1,1,1,1,1,1
71019,0,0,0,0,1,1,1,1,1,0
71020,0,1,1,1,1,1,1,1,1,1
71021,0,1,0,1,1,1,1,1,1,1
71022,0,0,0,0,0,1,0,0,1,0
71023,0,0,0,0,1,1,1,1,1,1
71024,0,0,0,0,1,1,1,0,1,0
71025,0,0,0,0,1,1,1,0,1,0
72002,0,0,0,1,1,0,1,1,1,1
72003,0,0,0,0,1,1,1,1,1,1
72004,0,1,0,0,0,1,1,1,1,0
72005,0,0,0,1,1,1,1,1,1,1
72006,0,0,0,1,1,1,1,0,1,1
72007,0,0,0,1,1,1,1,1,1,1
72008,0,0,0,1,0,1,1,1,1,0
72009,0,1,0,1,1,1,1,1,1,1
72010,0,0,0,0,0,0,1,1,1,0
72011,0,0,0,0,1,1,1,1,1,1
72012,0,1,0,0,1,1,1,1,1,1
72013,0,0,0,0,1,1,1,1,1,1
72014,0,0,0,1,1,0,1,1,1,0
72015,0,,0,0,0,1,1,0,1,0
72016,0,0,0,0,0,1,1,0,1,0
72017,0,0,0,0,1,1,1,0,1,0
72018,0,1,0,1,1,1,1,1,1,1
72019,0,0,0,0,1,1,1,1,1,0
72020,0,0,0,0,0,1,1,0,0,0
72021,0,1,0,1,1,1,1,1,1,1
72022,0,1,0,0,1,1,1,1,1,1
72023,0,0,0,0,1,1,1,1,1,0
72024,0,0,0,0,1,0,1,1,1,1
72025,0,0,0,0,1,0,1,1,1,1
73001,0,1,0,0,1,0,1,1,1,0
73002,0,0,0,0,1,1,1,1,1,0
73003,0,0,0,1,1,0,1,1,1,1
73004,1,0,0,1,1,1,1,1,1,0
73005,0,0,0,0,1,0,1,1,1,0
73006,0,1,0,0,1,1,1,1,1,0
73007,0,0,0,0,1,0,1,1,1,1
73008,0,0,0,0,1,0,1,1,1,1
73009,0,0,0,1,1,1,0,1,1,1
73010,0,0,0,0,1,0,1,1,1,0
73011,0,0,0,0,1,1,1,1,1,0
73012,0,0,0,1,1,1,1,1,1,1
73013,0,0,0,0,1,1,1,1,1,0
73015,0,0,0,1,1,1,1,1,1,1
73016,0,0,0,0,1,1,1,1,1,0
73017,0,0,0,0,1,1,1,1,1,0
73018,0,0,0,0,1,1,1,1,1,0
73019,0,1,1,0,1,1,1,1,1,1
73020,0,0,0,0,1,0,1,1,1,1
73021,0,0,0,0,1,1,1,1,1,1
73022,0,0,0,1,1,0,1,1,1,1
73023,0,0,0,0,1,1,1,1,1,0
73024,0,1,0,0,1,0,1,1,1,0
73025,0,0,0,1,1,1,1,1,1,1
74001,0,0,0,0,1,0,1,1,1,0
74002,0,0,0,1,1,0,1,1,1,0
74003,0,0,0,,1,0,1,1,1,0
74004,0,0,0,0,0,0,1,0,1,0
74005,0,0,0,0,1,0,1,1,1,1
74006,1,0,1,0,1,0,1,1,1,1
74007,0,0,0,0,1,0,1,0,1,0
74008,0,0,0,0,1,1,1,0,1,0
74009,0,0,0,0,1,0,1,1,1,1
74010,0,0,0,0,0,0,1,1,1,0
74011,0,0,0,1,0,0,1,0,1,0
74013,0,0,0,1,1,0,1,0,1,1
74014,0,0,0,1,1,0,1,1,1,1
74015,0,0,0,0,1,0,1,0,1,0
74016,0,0,0,1,1,0,1,0,1,1
74018,0,0,0,0,1,0,1,1,1,0
74019,0,0,0,0,1,0,1,0,1,0
74020,0,0,0,0,1,0,1,1,1,0
74021,0,0,1,1,1,0,1,1,1,1
74023,0,0,0,1,1,0,1,1,1,0
74024,0,0,0,1,1,0,1,1,1,1
74025,0,0,0,0,0,0,1,0,0,0
75001,0,0,0,,1,1,1,1,1,0
75002,0,0,0,0,0,1,1,0,1,0
75003,0,0,0,1,1,1,1,1,1,1
75004,0,0,1,0,1,0,1,1,1,0
75005,0,0,0,0,1,1,1,1,1,0
75006,0,0,0,0,0,0,1,0,1,0
75007,0,0,0,0,1,1,1,0,1,0
75008,0,0,0,0,1,0,1,0,1,0
75009,0,0,0,0,0,0,1,0,1,0
75010,0,0,0,1,1,1,1,0,1,0
75011,0,0,0,1,1,1,1,0,1,0
75012,0,0,0,1,1,0,1,0,1,1
75013,0,0,0,0,0,1,1,0,0,0
75014,1,1,0,1,1,0,1,1,1,0
75015,0,0,0,0,1,1,1,0,1,0
75016,0,0,0,0,1,0,1,0,1,0
75017,0,0,0,0,0,0,1,0,1,0
75018,0,0,0,0,1,0,1,0,1,1
75019,0,0,0,0,1,1,1,0,1,0
75020,0,0,0,1,1,0,1,0,1,0
75021,0,0,0,0,1,1,0,0,1,0
75022,0,0,0,0,1,0,1,0,1,0
75023,0,0,0,0,1,0,1,0,1,0
75024,0,0,0,1,1,0,1,0,1,0
76001,0,0,0,0,1,1,1,1,1,1
76002,0,0,0,1,1,1,1,1,1,1
76003,0,1,1,1,1,1,1,1,1,1
76004,1,1,0,0,1,1,1,1,1,1
76005,0,0,0,0,1,1,1,1,1,1
76006,0,1,0,1,1,1,1,1,1,0
76007,0,,0,1,1,1,1,1,1,1
76008,0,0,0,0,1,1,1,1,1,0
76009,1,1,0,0,1,1,1,1,1,0
76010,0,0,0,1,1,1,1,1,1,1
76011,0,1,0,0,1,1,1,1,1,0
76012,0,,0,1,1,1,1,1,1,0
76014,0,1,0,1,1,0,1,1,1,1
76015,1,0,0,1,1,1,1,1,1,0
76017,0,1,0,1,0,1,1,1,1,1
76018,0,0,0,1,1,1,1,1,1,1
76020,0,1,1,1,1,1,1,1,1,1
76024,1,0,0,0,1,0,1,1,1,1
76025,0,0,0,1,1,1,1,1,1,1
77001,0,1,0,0,1,1,1,1,1,1
77002,0,0,1,0,1,1,1,1,1,0
77003,0,0,0,0,1,1,1,1,1,0
77004,0,0,0,0,1,1,1,1,1,1
77005,0,0,0,1,1,1,1,1,1,1
77006,1,1,0,0,1,1,1,1,1,0
77007,1,0,0,0,1,1,1,1,1,1
77008,0,1,0,0,1,1,1,1,1,1
77009,0,0,0,1,1,1,1,1,1,1
77010,0,0,0,1,1,1,1,1,1,1
77011,0,0,0,0,1,1,1,1,1,0
77012,0,0,0,1,1,1,1,1,1,0
77013,0,0,0,0,1,1,1,1,1,1
77014,0,0,0,0,1,1,1,1,1,0
77015,0,0,0,1,1,1,1,1,1,1
77016,0,0,0,1,1,1,1,1,1,1
77017,0,0,0,0,0,1,1,0,1,0
77018,0,0,0,1,1,1,1,1,1,1
77019,0,0,0,1,1,1,1,1,1,1
77020,0,1,0,0,1,1,1,1,1,0
77021,0,,0,1,1,1,1,0,1,0
77022,0,0,0,1,1,1,1,1,1,1
77023,0,1,0,0,1,1,1,1,1,0
77024,0,0,0,0,1,1,1,1,1,1
77025,1,0,0,0,1,1,1,1,1,0
78001,0,0,0,1,1,1,1,1,1,1
78002,0,1,0,0,1,1,1,1,1,0
78003,0,0,0,1,1,1,1,1,1,1
78004,0,0,0,0,1,1,1,1,1,0
78005,0,0,0,0,1,1,1,1,1,1
78006,0,0,0,1,0,1,1,1,1,0
78008,0,0,0,1,1,1,1,1,1,1
78009,0,0,0,0,1,1,1,1,1,0
78010,0,0,0,0,1,1,1,1,1,0
78011,0,0,0,0,1,1,1,1,1,0
78012,0,0,0,0,1,1,1,1,1,0
78013,0,0,0,1,1,1,1,0,1,0
78014,0,0,0,0,1,1,0,0,1,0
78015,0,0,0,1,1,1,0,1,1,0
78016,0,1,0,0,1,0,1,0,1,0
78017,1,0,0,0,0,0,1,0,1,0
78018,0,0,0,0,1,0,1,1,1,0
78019,0,0,0,0,1,0,1,1,1,1
78020,0,0,0,0,0,0,1,1,1,0
78021,0,0,0,1,1,1,1,1,1,0
78022,0,0,0,0,1,0,1,1,1,0
78023,0,0,0,0,1,1,0,1,1,0
78024,0,0,0,1,1,1,1,1,1,1
78025,0,1,0,0,1,1,1,1,1,0
79002,0,0,0,0,1,0,1,1,1,0
79003,0,0,0,1,1,0,1,0,1,0
79004,0,0,0,0,0,1,1,1,1,0
79005,0,0,0,1,0,1,1,0,1,1
79006,0,0,0,0,1,1,1,1,1,0
79007,1,0,0,0,0,0,1,1,1,0
79008,0,0,0,0,0,0,1,0,0,0
79009,0,0,0,0,1,1,1,0,0,1
79010,0,0,0,0,1,1,1,1,1,0
79011,0,1,0,0,1,1,1,1,1,1
79012,0,1,0,0,1,1,1,1,1,0
79013,0,0,0,0,0,1,1,1,0,0
79015,0,0,0,1,1,1,1,0,1,0
79016,0,0,0,0,1,1,1,1,1,1
79017,0,0,0,0,1,1,1,1,1,1
79018,0,1,0,0,1,1,1,1,1,1
79019,0,0,0,0,1,1,1,1,1,0
79020,0,0,0,1,1,0,1,1,1,1
79022,,,0,0,1,1,1,1,1,1
79023,0,0,0,0,0,0,1,1,1,0
79024,0,1,0,0,1,0,1,1,1,1
79025,0,0,0,0,0,0,1,0,0,0
80001,0,0,0,0,1,1,1,1,1,1
80002,0,1,0,1,1,0,1,1,1,1
80003,0,0,0,0,0,0,0,0,1,0
80004,0,0,0,0,1,1,1,1,1,0
80005,0,0,0,1,1,0,1,1,1,0
80006,1,1,0,0,1,0,1,1,1,1
80007,0,0,0,0,1,0,1,0,1,0
80008,0,0,0,1,1,1,1,1,1,0
80009,0,0,0,1,1,1,1,1,1,0
80010,0,0,0,0,1,1,1,1,1,1
80011,0,1,0,1,0,1,1,1,1,0
80012,0,0,0,1,1,1,1,1,1,1
80013,0,1,1,0,1,1,1,1,1,0
80014,0,0,0,1,1,0,1,1,1,1
80015,0,0,0,0,0,1,1,1,1,0
80018,0,0,0,0,1,0,1,1,1,0
80020,0,0,0,0,1,0,1,1,1,0
80021,0,0,0,1,1,1,1,1,1,1
80022,0,0,0,0,1,0,1,1,1,0
80023,0,0,0,0,1,0,1,1,1,0
80024,0,0,0,1,1,1,1,1,1,1
80025,0,1,0,1,0,1,1,0,1,0
81001,1,0,0,0,1,0,1,0,1,0
81002,0,0,0,0,1,1,1,0,1,0
81003,0,0,0,0,1,0,1,0,1,0
81004,0,0,0,0,1,1,1,1,1,1
81005,0,0,0,0,1,0,1,0,0,1
81006,0,0,0,0,0,1,0,0,1,0
81007,0,0,0,0,1,1,1,0,1,1
81008,0,0,0,0,0,0,1,0,1,0
81009,0,1,0,0,1,0,1,1,1,0
81010,0,0,0,1,1,1,1,0,1,0
81011,0,0,0,0,0,0,1,0,1,0
81012,0,1,0,0,0,0,0,0,0,0
81013,0,0,0,0,1,0,1,0,1,0
81014,0,1,0,0,0,0,1,0,1,1
81015,0,0,0,0,1,0,1,1,1,0
81016,0,1,0,0,1,0,1,1,1,0
81017,0,0,0,0,0,1,0,1,1,0
81018,0,0,0,0,0,1,0,0,1,0
81019,0,0,0,0,0,1,0,0,1,0
81020,0,0,0,0,0,1,1,0,1,0
81021,0,0,0,0,0,0,1,0,0,0
81022,0,0,0,0,1,1,1,1,1,0
81023,0,0,0,0,0,0,1,0,1,0
81024,0,0,0,0,1,0,1,0,1,0
81025,0,0,0,1,1,0,0,1,0,0
82001,0,0,1,0,1,1,0,0,1,0
82002,0,1,0,1,1,1,1,1,1,0
82003,0,0,1,0,1,1,0,0,1,0
82004,0,0,0,0,1,0,1,0,0,0
82005,0,0,0,0,0,1,0,0,1,0
82006,0,0,0,1,1,1,1,1,1,1
82007,1,1,1,1,1,1,1,1,1,1
82008,0,0,0,0,1,0,1,1,0,1
82009,0,0,0,0,1,1,1,0,1,1
82010,0,0,0,0,1,1,1,0,1,0
82011,0,0,1,0,1,1,1,1,1,1
82012,0,0,0,0,0,0,0,0,0,0
82013,0,0,0,1,1,1,1,1,1,1
82014,0,0,0,1,1,0,0,0,1,0
82015,0,0,0,0,1,0,0,0,1,0
82016,0,0,0,1,0,0,1,1,1,1
82017,0,0,0,0,0,0,1,0,0,0
82018,0,0,0,0,0,1,1,0,0,0
82019,0,0,0,0,0,1,1,1,1,0
82020,0,0,0,1,1,1,1,0,0,1
82021,0,0,0,0,0,0,1,0,1,0
82022,0,0,0,0,1,0,0,0,0,0
82023,0,1,0,0,0,0,1,0,1,0
82024,0,1,0,0,1,0,1,1,1,1
82025,0,0,0,0,1,0,0,0,1,0
83001,0,1,1,1,1,1,1,1,1,1
83002,0,1,1,1,1,1,1,1,1,1
83003,0,0,0,0,0,1,0,1,1,0
83004,0,0,0,0,1,0,0,0,1,0
83005,0,0,1,0,1,1,1,1,1,0
83006,0,0,0,0,1,0,0,0,1,0
83007,0,0,0,0,1,0,0,1,1,0
83008,0,0,0,1,1,1,0,1,1,1
83009,0,0,0,0,1,1,0,0,1,0
83010,0,0,0,0,1,0,1,1,1,0
83011,0,0,0,1,1,0,1,1,1,1
83012,0,0,0,0,1,0,0,1,1,0
83013,0,0,0,0,1,0,1,1,1,1
83014,0,0,0,1,1,1,1,1,1,1
83015,1,0,0,0,1,0,1,1,1,0
83016,0,0,0,0,0,0,1,0,1,0
83017,0,0,0,0,1,0,1,1,1,1
83018,0,1,1,1,1,1,1,1,1,1
83020,0,0,0,1,1,1,1,0,1,0
83021,0,0,0,0,1,0,1,1,1,0
83022,0,0,0,0,1,0,1,1,1,0
83023,0,1,0,0,1,0,1,1,1,0
83024,0,0,0,0,0,0,0,0,1,0
83025,0,0,0,0,1,1,0,0,1,0
84001,0,0,0,0,0,0,0,0,1,0
84002,0,0,0,0,1,1,0,1,1,0
84003,0,0,0,0,1,0,1,0,1,0
84004,0,0,0,0,0,0,0,0,1,0
84005,0,0,0,0,1,1,1,0,1,0
84006,0,0,0,0,1,1,1,1,1,0
84007,0,0,0,1,1,1,1,1,1,1
84008,0,0,0,0,1,1,1,1,1,0
84009,0,0,0,0,1,0,1,0,1,0
84010,0,0,0,0,1,1,0,0,1,0
84011,0,0,1,1,1,1,1,1,1,1
84012,0,0,0,0,1,0,1,1,1,1
84013,0,0,0,0,1,1,1,0,1,0
84014,0,0,1,1,1,1,0,0,1,1
84015,0,0,0,1,1,0,1,0,1,1
84016,0,1,0,0,1,0,1,0,0,0
84017,0,1,0,0,1,1,1,0,1,0
84018,0,0,0,1,1,1,1,0,1,0
84020,0,1,0,0,1,1,0,1,1,1
84021,0,0,0,0,1,1,0,0,1,0
84022,0,0,0,0,1,0,1,1,1,0
84023,0,0,0,0,1,0,1,1,1,0
84024,0,0,0,0,1,1,1,1,1,0
84025,0,0,0,0,0,0,0,1,1,0
85001,0,1,0,1,1,1,1,1,1,0
85002,0,1,0,0,1,0,0,1,1,0
85003,0,0,0,0,0,0,1,0,1,0
85004,0,0,0,0,0,0,0,0,0,0
85005,1,,0,0,1,1,1,0,1,1
85006,0,0,0,0,1,0,1,0,0,0
85007,0,0,0,0,1,1,1,0,1,0
85008,0,1,0,0,1,1,0,1,1,0
85009,0,0,0,0,1,1,0,1,1,0
85010,0,0,0,0,0,0,0,0,1,0
85011,0,0,0,1,1,0,1,1,1,0
85012,0,0,0,0,1,1,1,1,1,0
85013,0,0,0,0,1,0,1,0,0,0
85014,0,0,0,0,1,0,1,1,1,1
85015,0,0,0,0,1,1,1,1,1,1
85017,0,0,0,0,1,0,1,1,1,1
85018,0,0,0,1,1,0,1,1,0,0
85019,0,1,0,0,1,0,1,0,1,0
85020,0,0,0,1,1,0,1,1,1,1
85021,0,0,0,0,0,0,0,0,1,0
85022,0,0,0,0,0,0,1,0,1,0
85023,0,0,0,0,1,0,1,0,0,1
85024,0,0,0,1,1,0,1,1,0,0
85025,0,0,0,0,1,0,1,0,1,1
86001,0,0,1,0,0,0,1,0,1,1
86002,0,0,0,0,0,0,0,0,1,0
86004,0,0,0,0,1,1,1,0,1,1
86005,0,0,1,0,0,0,1,0,1,0
86006,0,0,0,0,1,0,1,1,1,0
86007,0,0,0,0,0,0,1,0,1,0
86008,0,0,0,0,0,0,0,0,0,0
86009,0,0,0,0,0,0,1,0,1,0
86010,0,0,0,0,0,0,1,0,0,0
86012,0,0,0,0,1,0,1,0,1,0
86013,0,0,0,0,1,0,1,0,1,1
86014,0,0,0,0,1,1,0,0,0,0
86015,0,0,0,0,1,0,1,0,0,1
86016,0,0,0,0,1,0,0,0,0,0
86017,0,0,0,0,0,0,1,0,0,0
86018,0,0,0,0,1,0,1,0,1,1
86019,0,0,0,0,0,0,0,0,1,0
86020,0,0,0,0,1,0,0,0,0,0
86021,0,0,0,0,0,0,0,0,1,0
86022,0,0,0,0,1,0,1,0,1,1
86023,0,0,0,1,0,0,1,0,1,0
86024,0,,0,0,0,0,0,0,1,0
86025,0,0,0,0,1,0,1,0,1,0
87001,0,1,0,0,0,0,0,0,1,0
87002,1,0,0,1,1,0,1,1,1,0
87003,0,0,0,0,0,0,0,0,1,0
87004,0,0,0,0,0,0,0,0,0,0
87006,0,0,0,0,1,0,1,0,1,0
87007,0,0,0,0,0,0,1,0,1,0
87008,0,0,0,1,1,0,1,0,0,1
87009,0,0,0,0,1,0,0,1,1,0
87010,0,0,0,0,0,1,0,0,0,0
87011,0,0,0,0,1,0,1,0,1,0
87012,0,1,0,0,1,0,1,1,1,1
87013,0,0,0,0,0,0,1,0,1,0
87014,0,1,0,0,0,0,0,0,1,0
87015,0,0,1,0,0,0,0,0,1,0
87016,0,0,0,1,1,0,1,0,1,1
87017,0,0,0,0,1,0,1,0,0,1
87018,0,0,0,0,1,0,0,0,1,0
87019,0,0,0,0,1,0,0,0,0,0
87020,0,0,0,0,0,0,1,0,0,0
87021,0,0,0,0,0,0,1,0,1,0
87022,0,0,0,0,0,0,0,0,0,0
87023,0,0,0,0,1,0,1,1,1,1
87024,0,1,0,0,0,1,0,0,0,0
87025,0,0,0,1,1,0,1,1,0,0
88001,0,0,0,0,1,1,1,1,0,0
88002,0,0,0,0,1,0,1,0,1,0
88003,0,0,0,0,1,0,0,0,1,0
88004,0,0,0,0,0,1,0,0,1,0
88005,0,0,0,0,1,0,1,0,1,0
88006,0,0,0,0,0,0,1,0,1,0
88007,0,1,0,1,1,1,1,1,1,0
88008,0,0,0,0,1,0,0,0,0,1
88010,0,0,0,0,1,1,1,1,1,0
88011,0,0,0,0,0,0,1,0,1,0
88012,0,1,0,0,0,0,0,0,1,0
88013,0,0,0,0,1,0,0,1,1,0
88014,0,1,0,0,0,0,1,0,0,0
88015,0,0,0,0,1,0,1,0,1,1
88016,0,0,0,0,0,0,0,0,1,0
88017,1,0,0,0,0,0,0,0,0,0
88018,0,0,0,0,0,0,1,0,1,0
88019,0,0,0,0,0,0,1,0,1,0
88020,0,0,0,0,1,0,1,1,1,0
88021,0,0,0,0,1,0,1,0,1,0
88022,0,0,0,0,1,0,1,0,1,1
88023,0,0,0,0,0,0,1,0,1,0
88024,0,0,0,0,1,0,1,0,1,1
88025,0,1,0,0,1,0,1,1,1,1
89001,0,0,0,0,1,1,1,0,1,0
89002,0,0,0,0,1,1,1,1,1,1
89003,0,1,0,0,0,0,1,1,0,0
89004,0,0,0,0,0,1,0,1,1,0
89006,0,0,0,0,1,1,1,0,1,0
89007,0,0,0,0,1,1,1,1,1,0
89008,0,0,0,1,1,1,1,1,1,1
89009,0,0,0,1,1,1,0,1,1,1
89011,0,1,0,1,1,1,1,1,1,1
89012,0,1,0,0,1,1,1,1,1,1
89013,0,0,0,1,1,1,1,1,1,1
89014,0,0,1,1,1,1,1,1,1,1
89016,0,1,0,0,1,1,1,0,1,0
89017,0,0,0,0,0,0,0,0,0,0
89018,0,0,0,0,0,1,0,0,1,0
89019,0,0,1,1,1,1,1,1,1,1
89020,0,0,1,1,1,1,1,1,1,1
89021,0,0,0,0,1,1,1,0,1,0
89022,0,0,0,1,1,1,1,0,1,0
89023,0,0,0,1,1,0,1,1,1,0
89024,0,0,0,0,1,1,1,0,1,1
89025,0,1,0,0,0,1,0,1,1,0
90001,0,0,0,1,0,1,1,1,1,1
90002,0,0,1,1,1,1,1,1,1,1
90003,0,1,1,1,1,1,1,1,1,0
90004,0,0,0,1,1,1,1,1,1,1
90005,0,0,0,1,1,1,1,1,1,1
90006,0,0,0,1,1,1,1,1,1,1
90007,0,0,0,1,1,1,1,1,1,1
90008,0,0,0,1,1,1,1,1,1,0
90009,0,0,0,1,1,1,1,1,1,1
90010,0,0,0,0,1,1,1,1,1,1
90011,0,0,0,1,1,1,1,1,1,0
90012,0,0,1,1,0,1,1,1,1,1
90013,0,0,0,1,1,1,1,1,1,1
90015,0,0,0,0,1,1,1,1,1,1
90016,0,0,0,1,1,1,1,1,1,1
90017,0,0,0,0,1,1,1,1,1,1
90018,0,0,0,1,1,1,1,1,1,1
90019,0,0,0,1,1,1,1,1,1,1
90020,0,0,1,1,1,1,1,1,1,1
90021,0,0,0,1,1,1,1,1,1,1
90022,0,0,0,1,0,1,1,1,1,0
90023,0,0,0,1,1,1,0,1,1,0
90024,0,0,0,1,1,1,1,1,1,0
90025,0,0,0,1,1,1,1,1,1,1
91001,0,0,1,1,1,1,1,1,1,1
91002,0,0,1,1,1,1,1,1,1,1
91003,0,0,0,1,1,1,1,1,1,1
91004,0,0,0,0,1,0,1,0,1,0
91005,0,0,0,0,1,0,1,1,1,0
91006,0,0,0,0,1,0,1,0,0,1
91007,0,0,0,1,1,0,1,1,1,1
91008,0,0,0,1,1,0,1,1,1,1
91009,0,0,0,1,1,0,1,1,0,0
91010,0,0,1,1,1,0,1,1,1,0
91011,0,0,0,1,1,0,1,1,1,1
91013,1,0,0,0,1,1,1,1,1,0
91014,0,0,0,1,1,0,1,1,1,1
91015,0,0,0,1,1,0,1,1,1,1
91016,0,0,0,0,1,0,1,1,1,0
91017,0,0,0,1,1,0,1,1,1,0
91018,0,0,1,0,0,1,1,1,1,0
91019,0,0,0,0,1,0,1,1,1,0
91020,1,1,0,0,0,0,1,0,1,0
91021,0,0,0,0,0,0,1,1,1,0
91022,0,0,0,0,1,0,1,1,1,1
91023,0,0,0,0,1,1,1,1,1,0
91024,0,0,1,1,1,1,1,1,1,1
91025,0,0,0,0,1,0,1,0,1,0
92001,0,0,0,1,1,0,1,1,1,1
92002,0,0,1,1,1,0,1,1,1,1
92003,0,0,0,1,1,0,1,1,1,1
92005,0,1,1,1,1,0,1,1,1,1
92006,0,0,0,0,0,0,0,0,1,0
92007,0,0,0,0,1,0,1,1,1,1
92008,0,0,0,0,1,0,1,1,1,1
92009,0,0,0,0,0,0,1,1,0,0
92010,0,0,0,1,1,0,1,1,1,1
92011,0,0,0,1,1,0,1,1,1,1
92012,0,0,0,1,1,0,1,1,1,1
92013,0,0,0,1,1,0,1,1,1,1
92014,0,0,0,1,1,1,1,1,1,1
92015,0,0,0,0,1,1,1,1,1,0
92016,0,0,0,1,1,0,1,1,1,1
92017,0,0,0,1,1,0,1,1,1,1
92018,0,0,0,1,1,0,0,1,1,1
92019,0,0,0,0,1,0,1,1,1,0
92020,0,0,0,1,1,0,1,1,1,0
92021,0,0,0,0,1,1,1,1,1,0
92022,0,1,0,0,0,1,0,0,1,0
92023,0,0,0,1,1,1,1,1,1,1
92024,0,0,0,1,1,1,1,1,1,1
92025,0,0,0,0,1,1,1,0,1,0
93001,0,0,0,1,1,1,1,1,1,1
93002,0,1,0,0,1,1,1,1,1,0
93003,0,0,0,0,1,1,1,1,1,1
93004,0,0,0,0,1,1,1,1,1,1
93005,0,,1,0,1,1,1,1,1,0
93006,0,0,0,1,1,1,1,1,1,1
93007,1,0,0,1,1,1,1,1,1,1
93008,0,1,0,1,1,1,1,1,1,1
93009,0,0,0,1,1,0,1,1,1,1
93010,0,1,0,1,1,0,1,1,1,1
93011,1,1,0,1,1,0,1,1,1,1
93012,0,0,0,1,0,0,1,0,1,0
93013,0,0,0,0,1,1,1,0,1,1
93014,0,0,0,0,1,0,1,1,1,0
93015,0,0,0,1,1,1,1,0,1,0
93016,0,1,0,0,1,0,1,1,1,0
93017,0,1,0,0,1,1,1,1,1,0
93018,0,0,0,1,1,1,1,1,1,1
93019,0,1,0,1,1,0,1,1,1,1
93020,0,0,1,1,1,1,1,1,1,1
93021,0,0,0,0,1,0,1,1,1,1
93022,0,0,0,1,1,0,1,1,1,1
93023,0,0,0,0,1,0,1,1,1,1
93024,0,0,0,0,1,1,1,1,1,1
93025,1,0,0,0,1,0,1,1,1,0
94001,0,0,0,1,1,1,1,1,1,1
94002,0,,0,0,1,1,1,1,1,1
94003,0,0,0,1,0,1,0,1,1,0
94004,0,0,0,0,1,1,0,1,1,0
94005,0,1,0,0,1,1,1,1,1,0
94006,0,0,1,1,1,0,1,1,1,1
94008,0,0,0,0,1,1,1,1,1,0
94009,0,1,0,0,0,1,1,1,1,0
94010,1,1,0,1,1,1,1,1,1,1
94011,0,0,0,1,1,0,1,1,1,1
94012,0,0,0,0,1,0,1,1,1,0
94013,0,0,0,1,1,1,1,0,1,0
94014,0,0,0,1,0,0,1,1,1,0
94015,0,0,0,0,1,0,1,1,1,0
94016,0,1,0,0,1,0,1,1,1,1
94018,0,0,0,0,1,1,1,0,1,1
94019,0,0,0,1,1,1,1,1,1,0
94020,0,0,0,0,1,0,1,1,1,1
94021,0,0,0,1,1,1,1,1,1,1
94022,0,0,1,1,1,0,1,1,1,1
94023,1,0,0,0,0,1,1,0,1,0
94024,0,1,0,1,1,0,1,1,1,1
94025,0,0,1,1,1,1,1,1,1,1
95001,0,0,0,0,1,0,0,0,0,0
95002,1,0,0,0,1,1,1,1,1,1
95003,0,0,0,0,1,0,1,1,1,1
95004,0,1,1,0,1,0,1,0,1,0
95005,1,0,0,0,1,0,1,1,1,1
95006,0,0,0,0,1,1,1,1,1,1
95007,1,0,0,1,1,0,1,0,1,1
95008,0,0,0,0,1,0,1,1,1,1
95009,0,0,0,0,0,0,1,0,0,0
95010,0,1,0,0,1,0,1,1,1,0
95011,0,0,0,1,1,1,1,0,1,1
95012,0,0,0,0,0,0,1,1,1,1
95013,0,0,1,0,1,1,1,0,1,0
95014,0,0,0,0,1,1,1,1,1,0
95015,0,0,0,0,1,1,1,0,1,0
95016,0,0,0,0,1,1,1,1,1,0
95017,0,0,0,0,1,0,1,1,1,1
95018,0,1,0,0,0,0,0,0,1,0
95019,0,0,0,0,1,0,1,1,1,1
95020,0,0,0,0,1,1,1,1,1,1
95021,0,0,0,0,1,1,1,1,1,0
95022,0,0,0,0,1,1,1,1,1,0
95023,0,0,0,1,1,0,1,1,1,1
95024,0,1,0,0,1,0,1,0,1,0
95025,0,0,0,0,1,1,1,0,1,0
96001,0,1,0,1,1,0,1,1,1,1
96002,0,0,0,1,1,1,1,1,1,1
96003,0,,0,0,1,1,1,1,1,0
96004,0,1,0,0,1,0,1,1,1,1
96005,0,0,0,1,1,0,1,1,1,0
96006,0,1,0,1,1,1,1,1,1,1
96007,0,1,0,0,1,1,1,1,1,0
96008,0,0,0,0,1,0,1,1,1,1
96010,0,0,0,0,0,0,1,1,1,1
96011,0,0,0,1,1,0,1,1,1,1
96012,0,0,0,0,1,0,1,1,1,0
96013,0,0,0,1,1,0,1,1,1,1
96014,0,0,0,0,1,0,1,1,1,0
96015,0,0,0,1,1,0,1,1,1,1
96016,0,0,0,0,1,0,1,1,1,1
96017,0,1,0,0,1,1,1,1,1,1
96018,0,0,0,1,1,1,1,1,1,1
96019,0,0,0,1,0,0,1,1,1,0
96020,0,1,0,0,1,0,1,1,1,1
96021,0,0,0,1,1,0,1,1,1,1
96022,0,1,0,1,1,0,1,1,1,1
96023,0,0,0,1,1,0,1,1,1,1
96024,0,0,0,0,1,1,0,0,1,0
96025,0,0,0,1,1,1,1,1,1,1
97001,0,0,0,1,1,0,1,1,1,1
97002,0,0,0,0,1,0,1,1,1,0
97003,0,0,0,0,1,1,0,1,1,0
97004,0,0,0,0,1,0,1,1,1,0
97006,0,1,0,0,1,1,1,1,1,1
97007,0,0,0,0,1,1,1,1,1,0
97008,0,0,0,0,1,1,1,1,1,1
97009,0,0,0,1,1,1,1,1,1,1
97010,1,0,0,0,1,1,1,1,1,0
97012,0,1,0,1,1,0,1,1,1,1
97013,0,0,0,0,1,0,1,1,1,0
97015,0,0,0,0,0,0,1,1,1,0
97016,1,1,0,0,1,0,1,1,1,0
97017,0,0,0,1,1,1,1,1,1,1
97018,0,0,0,1,1,0,1,1,1,1
97019,0,0,0,0,1,0,1,1,1,1
97020,0,0,0,0,1,0,1,1,1,1
97022,0,0,0,0,1,0,1,1,1,1
97023,0,0,0,1,1,1,1,1,1,1
97024,0,0,0,1,1,0,1,1,1,1
98001,0,0,0,0,1,1,1,1,1,1
98002,0,1,0,0,0,0,1,1,1,0
98003,0,1,0,1,1,1,1,1,1,1
98004,0,0,1,0,1,1,1,1,1,0
98005,0,0,0,0,0,1,1,0,1,0
98006,0,0,0,1,1,1,1,1,1,0
98007,1,1,0,1,1,0,1,1,1,1
98008,0,1,1,1,1,0,1,1,1,1
98009,0,0,0,0,1,0,0,1,1,1
98010,0,0,0,0,0,0,1,1,1,0
98011,0,0,0,0,1,0,1,0,1,0
98012,0,0,0,1,1,0,1,1,1,1
98013,1,1,1,1,1,0,1,1,1,1
98014,0,1,0,0,0,0,0,1,1,1
98015,0,0,0,0,1,0,1,1,1,1
98017,0,0,0,1,1,1,1,0,1,1
98018,0,0,0,0,1,0,1,1,1,0
98019,0,1,1,1,1,0,1,1,1,1
98020,0,1,0,1,1,1,1,1,1,1
98021,0,0,0,1,1,0,1,1,1,1
98022,0,0,0,0,1,1,1,1,1,0
98023,0,0,0,1,1,1,1,1,1,1
98024,0,0,0,0,1,1,1,1,1,1
98025,1,0,0,0,1,0,1,1,1,0
99001,0,0,0,1,1,0,1,1,1,0
99002,0,1,0,1,1,0,1,0,1,1
99003,0,0,0,1,1,0,1,1,1,1
99004,0,0,0,0,1,0,1,1,1,0
99007,0,0,0,1,1,0,1,1,1,1
99008,1,0,0,1,1,0,1,1,1,0
99009,0,1,0,1,1,0,1,0,1,0
99010,0,0,0,1,1,0,1,1,1,1
99011,0,0,0,0,1,0,1,1,1,1
99012,0,0,0,1,1,0,1,1,1,1
99013,0,0,0,0,1,1,1,1,1,1
99014,0,0,0,0,1,1,1,1,1,0
99015,0,0,0,0,1,1,1,1,1,0
99017,0,0,0,0,1,1,0,1,1,0
99018,1,0,0,1,1,1,1,1,1,0
99019,0,0,0,0,1,0,1,1,1,0
99021,1,0,1,1,1,1,1,1,1,1
99022,0,0,0,1,1,1,1,1,1,1
99023,0,0,0,1,1,1,1,1,1,1
99024,0,0,0,0,1,0,1,1,1,0
99025,0,0,0,0,1,0,1,1,1,0
100001,0,0,0,0,1,1,1,1,1,0
100002,0,0,0,0,1,1,1,1,1,0
100003,0,0,0,0,0,1,1,1,1,0
100004,0,0,0,1,1,1,1,1,1,0
100005,1,1,0,0,1,1,1,1,1,1
100006,0,1,1,1,1,1,1,1,1,1
100007,0,0,0,1,1,1,1,1,1,1
100008,0,0,0,0,0,1,1,1,1,0
100009,0,0,0,0,1,1,1,1,1,0
100010,0,0,0,1,1,0,1,1,1,0
100011,0,1,0,0,1,0,1,1,1,0
100012,0,0,0,0,1,1,1,1,1,0
100013,0,0,0,1,1,1,1,1,1,0
100014,0,0,0,1,1,0,1,1,1,1
100015,0,0,0,0,1,1,1,1,1,0
100016,0,0,0,0,1,1,1,0,1,1
100017,0,0,0,1,1,0,1,0,1,1
100018,0,1,0,0,1,1,1,1,1,1
100019,0,1,0,0,0,1,1,0,0,0
100020,0,0,0,1,1,1,1,1,1,1
100021,0,0,0,1,1,1,1,1,1,1
100022,0,0,0,0,1,1,1,1,1,1
100023,0,0,0,0,1,1,1,1,1,0
100024,1,1,0,0,1,1,1,1,1,1
100025,1,1,0,0,0,1,0,0,1,0
101001,0,0,0,0,1,1,1,1,1,0
101002,0,1,0,0,0,1,1,1,1,0
101003,0,0,0,0,1,1,1,1,1,1
101004,0,0,0,0,0,1,1,0,1,0
101005,0,0,0,0,0,1,1,0,1,0
101006,0,1,0,0,0,1,0,1,1,0
101007,0,1,0,0,1,1,1,1,1,0
101008,0,0,0,0,1,1,1,1,1,0
101009,0,1,0,0,1,1,1,1,1,0
101010,0,,0,0,1,1,1,1,1,0
101011,0,0,0,0,1,1,0,0,1,0
101012,1,0,0,1,1,1,1,1,1,0
101013,1,0,0,0,1,1,1,1,1,0
101014,0,0,0,1,1,1,1,1,1,1
101015,0,1,0,0,1,1,1,1,1,0
101016,,,0,1,1,1,1,1,1,1
101017,0,0,0,0,1,1,1,1,1,0
101018,0,0,0,0,1,1,1,1,1,0
101019,0,0,0,0,1,1,1,0,1,1
101020,0,0,0,1,1,1,1,1,1,1
101021,0,0,0,0,1,1,1,1,1,1
101022,0,0,0,1,1,1,1,1,1,1
101023,0,0,0,0,1,1,1,1,1,1
101024,0,0,0,1,1,1,1,1,1,1
101025,0,0,0,1,1,1,1,1,1,1
102001,0,0,0,0,1,1,1,1,1,1
102002,0,0,0,1,1,1,1,1,1,1
102003,0,0,0,1,1,1,1,1,1,1
102004,0,0,0,0,0,1,0,0,1,0
102005,0,0,0,0,1,1,1,0,1,1
102006,0,0,0,1,1,1,1,1,1,1
102007,0,0,0,0,1,1,1,1,1,1
102008,0,1,0,0,1,1,1,1,1,1
102009,0,0,0,0,1,1,1,0,1,1
102010,0,0,0,0,1,1,1,0,1,0
102011,0,0,0,1,1,1,1,1,1,0
102012,0,0,0,0,0,1,0,0,1,0
102013,0,0,0,1,1,1,1,1,1,1
102014,0,0,0,1,1,1,1,1,1,0
102015,0,0,0,0,1,0,1,1,1,0
102016,0,,0,0,1,1,1,0,1,0
102017,0,1,0,0,1,1,1,0,1,1
102018,0,0,0,0,1,1,1,0,1,1
102019,0,0,0,1,1,1,1,1,1,0
102020,0,0,0,0,1,1,0,1,1,0
102021,0,0,0,0,0,1,1,0,1,0
102022,0,1,0,1,1,1,1,1,1,1
102023,0,,0,0,1,1,1,1,1,0
102024,0,0,0,0,1,1,1,1,1,0
102025,0,0,0,0,1,1,1,1,1,0
103001,0,0,0,1,1,1,1,1,1,1
103002,0,0,0,1,1,1,1,1,1,1
103003,0,0,0,0,1,1,1,1,1,0
103004,,0,0,1,1,1,1,1,1,1
103005,0,0,1,0,1,0,1,1,1,0
103006,0,0,0,0,1,0,1,1,1,1
103008,0,0,0,0,1,1,1,1,1,1
103009,0,0,0,0,1,1,1,1,1,1
103010,1,1,0,0,1,1,1,1,1,0
103011,0,0,0,1,1,1,,1,1,1
103012,0,1,0,0,1,1,1,1,1,0
103013,0,0,0,0,1,1,1,1,1,0
103014,0,0,0,0,1,1,1,1,1,1
103015,0,0,0,1,1,1,1,1,1,1
103016,0,1,0,0,1,1,1,1,1,1
103019,1,1,0,0,1,1,1,1,1,1
103020,0,0,0,0,1,1,1,1,1,0
103021,0,0,0,1,1,0,1,1,1,1
103022,0,0,0,0,1,0,1,1,1,1
103023,0,0,0,1,1,1,1,1,1,1
103024,0,0,0,0,1,0,1,1,1,0
104001,0,0,0,0,0,1,1,0,1,1
104002,0,0,0,0,0,1,1,1,1,0
104003,0,0,0,0,0,1,1,1,0,0
104004,0,0,0,0,0,1,1,0,1,0
104005,0,0,0,0,0,1,1,0,1,0
104006,0,0,0,0,0,1,1,0,1,0
104007,0,,0,0,0,1,1,0,0,0
104008,0,1,0,1,0,1,1,1,1,1
104009,0,0,0,1,0,1,1,0,1,1
104010,0,0,0,0,0,1,1,1,1,0
104011,0,0,0,0,0,1,1,0,0,0
104012,0,0,0,0,0,1,1,0,1,1
104014,0,0,0,0,0,1,1,0,1,0
104015,0,0,0,0,0,1,1,0,1,0
104016,0,0,0,0,0,1,1,0,0,0
104017,0,0,0,0,0,0,1,0,1,0
104018,1,1,0,0,0,1,1,1,1,0
104019,0,0,0,0,0,1,1,0,0,0
104020,1,,0,0,0,1,1,0,0,0
104021,0,0,0,0,0,1,1,0,0,0
104022,0,0,0,0,0,1,1,0,0,0
104023,0,0,0,0,0,1,1,0,0,1
104024,0,0,0,0,0,1,1,0,0,0
104025,0,0,0,0,0,1,0,0,0,0
105001,0,0,0,1,1,1,1,1,1,0
105002,0,0,0,1,1,1,1,1,1,1
105003,0,1,0,1,1,1,1,0,1,0
105004,0,0,0,1,1,1,1,1,1,0
105005,0,0,0,0,1,1,1,1,1,1
105006,0,1,0,0,1,1,1,0,1,1
105007,0,0,0,0,1,1,1,1,1,1
105008,0,0,0,0,1,1,1,1,1,0
105009,0,0,0,0,1,1,1,1,1,1
105010,1,0,0,1,1,1,1,1,1,1
105011,0,1,0,0,1,1,1,1,1,0
105012,0,0,0,1,1,1,1,1,1,1
105013,0,0,0,1,1,1,1,1,1,1
105014,0,0,1,1,1,1,1,1,1,1
105016,0,0,0,0,1,1,1,1,1,1
105017,0,0,0,1,1,1,1,1,1,0
105018,0,1,0,0,1,1,1,1,1,0
105019,0,0,0,1,1,1,1,1,1,1
105020,0,0,0,1,1,1,1,1,1,0
105021,0,0,0,1,1,1,1,1,1,0
105022,0,0,0,1,1,0,1,1,1,1
105023,0,1,0,0,1,1,1,1,1,0
105024,0,0,0,0,1,1,1,1,1,1
105025,0,0,0,1,1,1,1,1,1,1
106001,0,0,0,0,0,0,1,0,1,0
106002,0,0,0,0,1,1,0,1,1,0
106003,0,0,0,0,1,0,1,0,1,0
106004,1,1,0,0,1,1,0,1,1,0
106005,0,0,0,0,1,0,1,1,1,0
106007,0,0,0,0,1,1,1,1,1,1
106008,0,1,0,0,1,0,1,1,1,0
106009,0,0,0,0,1,1,1,1,1,0
106010,0,0,0,1,1,0,1,1,1,1
106011,0,0,0,0,1,1,1,1,1,0
106012,0,0,0,0,1,1,1,1,1,0
106013,0,1,0,0,1,1,1,1,1,0
106014,0,1,0,0,0,1,0,0,1,0
106015,0,0,0,1,1,1,1,1,1,1
106016,0,0,0,0,1,1,1,1,1,1
106017,0,0,0,1,1,1,0,1,1,1
106018,1,1,0,0,1,1,1,1,1,1
106019,0,0,0,0,1,1,1,1,,0
106020,0,0,0,1,1,1,1,1,1,1
106021,0,0,0,1,1,1,1,1,1,1
106022,0,0,0,0,0,1,1,0,1,0
106023,0,1,0,0,1,1,1,1,1,1
106024,0,1,0,0,1,1,1,1,1,1
106025,1,1,1,0,1,1,1,1,1,0
107001,1,1,0,0,1,1,0,0,1,0
107002,0,1,0,0,1,1,1,1,1,1
107003,0,1,0,0,1,0,1,1,1,1
107004,0,0,0,0,1,1,1,1,1,0
107005,0,0,0,0,1,1,1,1,1,0
107006,0,0,0,1,1,1,1,1,1,1
107007,1,0,0,0,1,0,0,1,1,1
107008,0,0,0,0,1,1,1,1,1,1
107009,0,0,0,1,1,1,1,1,1,1
107011,0,0,0,0,0,0,1,0,0,0
107012,1,1,0,0,1,1,1,1,1,1
107013,0,0,0,1,1,1,1,1,1,1
107014,0,0,0,0,1,1,1,1,1,1
107015,0,0,0,0,1,1,0,1,1,0
107016,0,0,0,0,1,1,0,1,1,0
107017,0,0,0,0,0,0,0,0,0,0
107018,0,0,0,0,1,1,1,0,1,1
107019,0,0,0,0,1,1,1,1,1,0
107020,0,0,0,0,1,1,1,1,1,0
107021,0,0,0,0,1,1,1,1,1,0
107022,0,0,0,0,1,1,1,0,1,0
107023,0,0,0,1,1,1,0,1,1,1
107025,0,0,0,0,0,1,1,0,0,0
108001,0,0,0,1,0,1,0,0,1,0
108003,0,1,0,1,1,1,1,1,1,1
108004,0,1,0,0,1,1,1,1,1,1
108005,0,0,0,0,1,1,1,1,1,0
108006,0,1,1,1,1,1,1,1,1,1
108007,0,0,0,1,1,1,1,1,1,1
108008,0,1,0,1,1,1,1,1,1,1
108009,0,0,0,1,1,1,1,1,1,1
108010,1,1,1,1,1,1,1,1,1,1
108011,0,1,1,0,1,1,1,1,1,1
108012,0,0,0,1,1,1,1,1,1,1
108013,0,1,0,1,1,1,1,1,1,1
108014,0,0,0,1,1,1,1,1,1,1
108015,0,1,1,0,1,1,1,1,1,1
108016,0,0,1,1,1,1,1,1,1,1
108017,0,0,1,0,1,1,1,1,1,1
108018,0,0,0,1,1,1,1,1,1,1
108019,1,0,0,1,1,1,1,1,1,1
108020,0,1,0,1,1,1,1,1,1,1
108021,0,1,0,0,1,1,1,1,1,1
108022,0,0,0,0,0,1,1,1,1,0
108023,0,0,0,0,1,1,1,1,1,0
108024,0,1,0,1,1,1,1,1,1,1
109001,0,0,1,1,1,1,1,1,1,1
109002,1,1,1,1,1,1,1,1,1,1
109003,0,1,1,1,1,1,1,1,1,0
109004,0,1,0,0,1,0,1,1,1,0
109005,0,0,0,1,1,1,1,1,1,1
109006,0,0,0,1,1,1,1,1,1,1
109007,0,1,0,1,1,1,1,1,1,1
109008,0,0,0,0,1,1,1,1,1,0
109009,0,1,0,0,1,1,1,1,1,0
109010,0,0,0,0,1,1,1,1,1,0
109011,0,0,0,1,1,1,1,1,0,1
109012,0,0,0,1,1,0,1,1,1,1
109014,0,0,0,1,1,1,1,1,1,1
109015,1,1,0,1,1,0,1,1,1,1
109016,0,1,0,0,1,0,1,1,1,0
109017,0,1,0,0,1,0,1,1,1,1
109018,0,0,0,1,1,1,1,1,1,1
109019,0,0,0,1,1,1,1,1,1,1
109021,0,1,1,1,1,1,1,1,1,1
109022,0,0,1,1,1,0,1,1,1,1
109023,0,1,0,0,1,0,1,1,1,1
109024,0,1,0,0,1,0,1,1,1,1
109025,0,0,0,1,1,1,1,1,1,1
110001,0,1,0,0,1,0,1,1,1,0
110002,0,0,0,1,1,0,1,1,0,1
110003,0,0,0,0,1,0,1,1,1,0
110004,0,0,0,0,1,0,1,1,1,1
110005,0,0,0,0,1,1,1,1,1,0
110006,0,1,1,1,1,1,1,1,1,1
110008,0,0,0,0,0,1,0,1,1,0
110009,0,1,0,1,1,1,1,1,1,1
110010,0,1,0,0,1,1,1,1,1,1
110011,0,0,0,1,1,1,1,1,1,1
110012,1,1,0,1,1,1,1,1,1,1
110013,0,0,0,1,1,1,1,1,1,1
110014,0,0,0,1,1,1,1,1,1,1
110015,0,0,0,1,1,1,1,1,1,1
110016,,0,0,1,1,1,1,1,1,1
110017,0,1,0,1,1,1,1,1,1,1
110018,0,1,1,1,1,1,1,1,1,1
110019,0,0,0,1,1,1,1,1,1,1
110020,0,1,0,0,1,1,1,1,1,0
110021,0,0,0,0,1,1,1,1,1,1
110022,0,0,0,0,1,1,1,1,1,0
110023,0,0,0,1,1,1,1,1,1,1
110024,0,0,0,0,1,0,1,1,1,1
110025,0,0,0,1,1,1,1,1,,0
111001,0,0,1,1,1,1,1,1,1,0
111002,0,1,0,1,1,1,1,1,1,1
111003,1,0,0,1,1,1,1,1,1,1
111004,1,1,0,1,1,1,1,1,1,1
111005,0,1,0,0,1,1,1,1,1,1
111006,0,1,0,0,1,1,1,1,1,1
111007,0,0,0,1,1,1,1,1,1,1
111008,0,0,0,1,1,1,1,1,1,1
111009,0,1,0,0,1,1,1,1,1,1
111010,0,1,0,1,1,1,1,1,1,0
111011,0,0,0,0,1,1,1,1,1,0
111012,0,0,0,0,1,1,1,1,1,1
111013,0,1,1,1,1,1,1,1,1,1
111014,0,0,0,0,1,1,1,1,1,0
111015,0,0,0,1,1,1,1,1,1,1
111016,0,0,0,1,1,1,1,1,1,1
111017,0,0,0,1,1,1,1,1,1,1
111018,0,0,0,1,1,1,1,1,1,1
111019,0,0,0,1,1,1,1,1,1,1
111020,0,0,0,1,1,1,1,1,1,1
111021,1,1,0,0,1,1,1,1,1,1
111022,0,0,0,1,1,1,1,1,1,1
111023,0,0,0,1,1,1,1,1,1,1
111024,0,0,0,1,1,1,1,1,1,1
111025,0,0,0,0,1,1,1,1,1,0
112001,0,0,0,1,1,1,1,1,1,1
112002,0,0,0,0,1,1,1,1,1,0
112003,0,0,0,0,1,1,1,1,1,1
112004,0,0,0,1,1,1,1,1,1,1
112005,0,0,0,1,1,1,1,1,1,1
112006,0,0,0,1,1,1,1,1,1,1
112007,0,0,0,0,1,1,1,1,1,0
112008,0,0,0,1,1,1,1,1,1,1
112009,0,0,0,0,1,1,1,1,1,0
112010,0,0,0,0,1,1,1,1,1,1
112011,0,0,0,0,1,1,1,1,1,0
112012,0,0,0,0,0,1,1,0,1,0
112013,0,0,0,0,1,1,1,1,1,0
112014,0,0,0,1,1,1,1,1,1,0
112015,0,0,0,1,1,1,1,1,1,1
112016,0,1,0,1,1,1,1,1,1,1
112017,0,0,0,0,1,1,1,1,1,1
112018,0,0,0,1,1,1,1,1,1,1
112019,0,0,0,1,1,1,1,1,1,0
112021,0,0,0,1,1,1,1,1,1,0
112022,0,0,0,1,1,1,1,1,1,0
112023,0,0,0,0,1,1,1,1,1,1
112024,0,0,0,0,1,1,1,1,1,1
112025,0,0,0,1,1,1,1,1,1,1
113001,0,1,0,1,1,1,1,1,1,1
113002,0,0,0,1,1,1,1,0,1,1
113003,0,0,0,0,1,1,1,1,1,0
113004,0,0,0,1,1,1,1,1,1,1
113006,,,0,0,0,1,1,1,1,0
113007,0,0,0,0,1,1,0,1,1,1
113008,0,0,0,0,1,0,1,1,1,0
113009,0,0,0,0,1,1,1,1,1,1
113010,0,1,0,0,1,1,1,1,1,0
113011,0,1,0,0,1,1,1,1,1,0
113012,0,1,1,0,1,1,1,1,1,1
113013,0,0,0,1,1,1,1,1,1,1
113014,0,1,0,1,1,1,1,1,1,1
113015,0,0,1,0,1,0,1,1,1,0
113016,0,1,0,0,1,1,1,0,1,0
113017,1,1,0,0,1,1,0,1,1,1
113018,0,0,0,1,1,0,1,1,1,1
113019,0,0,0,0,1,1,1,1,1,0
113020,0,0,0,0,1,1,1,1,1,1
113021,1,0,0,1,1,1,1,1,1,1
113022,0,0,0,1,1,1,1,1,1,1
113023,0,1,0,1,1,1,1,1,1,1
114001,0,0,0,0,1,1,1,1,1,0
114002,0,0,0,0,1,1,1,1,1,1
114003,0,0,0,1,1,1,1,1,1,1
114004,0,0,0,0,1,1,0,1,1,1
114005,0,1,0,0,1,1,1,1,1,1
114006,0,0,0,0,0,0,1,1,1,1
114007,0,0,0,0,1,1,1,1,1,0
114008,0,0,0,0,1,1,0,1,1,0
114009,0,0,0,1,1,1,1,1,1,1
114010,0,0,1,0,1,1,1,1,1,0
114011,0,0,0,0,0,1,1,0,1,0
114012,0,0,0,1,1,1,0,1,1,1
114013,0,0,0,0,1,1,1,1,1,0
114014,1,0,0,0,1,1,1,1,1,0
114015,0,0,0,0,1,0,1,0,1,0
114016,0,0,0,1,1,1,0,1,1,0
114018,1,1,0,1,1,1,1,0,1,1
114019,0,0,0,0,1,1,1,1,1,1
114020,0,0,0,1,1,1,1,1,1,1
114021,0,0,0,0,1,1,1,0,1,0
114022,0,0,0,1,1,1,1,1,1,1
114023,0,1,0,0,1,1,1,1,1,1
114024,0,1,0,0,0,1,1,0,1,0
114025,0,0,0,0,1,1,1,1,1,0
115001,0,0,0,0,0,0,0,0,1,0
115002,0,1,0,0,1,1,1,1,1,0
115003,0,0,0,0,0,1,0,0,1,0
115004,0,0,0,0,1,1,1,0,0,0
115005,0,,0,0,1,1,1,1,1,0
115006,0,1,0,0,1,1,1,1,1,1
115007,0,0,0,0,1,1,1,0,1,0
115008,0,0,0,1,1,1,1,1,1,0
115009,0,0,0,0,1,1,0,1,1,1
115010,0,0,0,0,1,1,1,1,1,0
115011,0,0,0,0,0,1,1,1,1,0
115012,0,0,0,1,1,1,1,1,1,1
115013,0,0,0,0,1,1,1,1,1,1
115014,0,0,0,0,1,1,1,1,0,1
115015,0,0,0,0,1,1,1,1,1,1
115017,0,0,0,1,1,1,0,1,1,0
115018,0,0,0,0,1,1,1,1,1,0
115019,0,0,0,0,1,1,1,1,1,1
115020,0,0,0,1,1,1,1,1,0,1
115021,0,0,0,0,1,1,1,1,1,0
115022,0,0,0,1,1,1,1,1,1,1
115023,0,0,0,1,1,1,1,1,1,0
115024,0,0,0,0,1,1,1,1,1,1
115025,0,0,0,1,1,1,0,1,1,0
116001,0,0,0,0,1,0,1,1,1,0
116002,0,1,0,0,1,1,1,1,1,1
116003,0,0,0,1,1,1,1,1,1,1
116004,0,0,0,0,1,1,1,1,1,0
116005,0,0,1,0,1,1,1,1,1,0
116006,0,0,0,0,1,1,1,1,1,0
116007,0,0,0,0,1,1,1,1,1,0
116008,0,0,0,0,1,1,1,1,1,1
116009,0,0,0,0,1,1,1,1,1,0
116010,0,0,0,0,1,1,0,1,1,0
116011,0,0,0,0,1,1,1,1,1,0
116012,0,0,0,0,1,0,1,1,1,0
116013,0,0,0,1,1,1,1,1,1,1
116014,0,0,0,0,1,1,1,1,1,0
116015,0,0,0,0,1,1,1,1,1,0
116016,0,0,0,0,1,0,1,1,1,0
116017,0,0,0,0,1,1,1,1,1,0
116019,0,0,0,1,1,1,1,1,,1
116020,0,0,1,1,1,1,1,1,1,1
116021,0,0,0,1,1,1,1,1,1,1
116022,0,0,0,1,1,1,1,1,1,1
116023,0,0,0,0,1,1,1,1,1,0
117001,0,0,0,1,1,1,1,1,1,1
117002,0,0,0,1,1,1,1,1,1,1
117005,0,0,0,0,1,1,1,1,1,0
117006,0,0,0,0,1,1,1,1,1,0
117007,1,1,0,0,1,1,1,1,1,0
117008,0,0,0,0,1,0,1,1,1,0
117009,0,0,0,1,1,0,1,1,1,1
117010,0,0,0,0,1,0,1,1,1,0
117011,0,0,0,0,1,1,1,1,1,1
117012,0,0,0,0,1,0,1,1,1,0
117013,0,0,0,0,0,1,1,0,1,0
117014,0,0,0,0,1,1,1,1,1,0
117015,0,0,0,0,1,1,1,1,1,1
117016,0,0,0,0,1,1,1,1,1,0
117017,0,0,0,0,1,1,1,1,1,1
117018,0,0,0,1,1,1,1,1,1,1
117019,0,0,0,0,1,1,1,1,1,0
117020,0,0,0,0,1,1,1,1,1,0
117021,0,0,0,0,1,1,1,1,1,0
117022,0,1,0,0,1,1,1,1,1,1
117023,0,0,0,1,1,1,1,1,1,1
117024,0,0,0,0,1,1,1,1,1,0
117025,0,0,0,1,1,1,1,1,1,0
118001,0,0,0,1,1,1,1,1,1,0
118002,1,0,0,0,1,1,1,1,1,0
118003,0,1,0,0,1,1,0,1,1,0
118004,0,1,0,1,1,1,1,1,1,1
118005,0,0,0,1,1,1,1,1,1,1
118006,0,0,0,1,1,1,1,1,1,1
118007,0,0,0,0,1,1,1,1,1,1
118008,1,0,0,1,1,1,1,1,1,1
118009,0,1,0,1,1,1,1,1,1,0
118010,0,1,0,1,1,1,1,1,1,0
118011,0,1,0,0,1,1,1,1,1,1
118012,0,0,0,0,1,1,1,1,1,1
118013,0,0,0,0,1,1,1,1,1,0
118014,0,0,0,1,1,1,1,1,1,1
118015,0,0,0,0,1,1,1,0,1,1
118016,0,0,1,0,1,1,1,1,1,0
118017,0,1,0,0,1,1,1,1,1,0
118018,0,0,0,1,1,1,1,1,1,1
118019,0,1,0,1,1,1,1,1,1,1
118020,0,1,0,0,1,1,1,1,1,0
118021,0,1,0,0,1,1,1,1,1,1
118022,0,0,0,1,1,1,1,1,1,0
118023,1,1,1,0,1,1,1,1,1,1
118024,0,0,0,0,0,1,1,1,1,0
118025,0,0,0,0,1,1,1,1,1,1
119001,0,1,0,0,1,1,1,1,1,0
119002,0,0,0,0,1,1,1,0,1,0
119003,0,0,0,1,1,1,1,1,1,1
119004,0,1,0,0,1,1,1,1,1,0
119005,0,0,0,0,1,1,1,1,1,0
119007,0,0,0,1,1,1,1,1,1,1
119008,0,0,0,0,1,1,1,1,1,1
119010,0,1,1,0,1,1,1,1,1,0
119012,0,0,0,1,1,1,1,1,1,1
119013,0,0,0,0,1,1,1,1,1,0
119014,0,0,0,0,0,1,0,1,1,0
119015,0,0,0,0,,1,1,1,1,1
119016,0,1,0,1,1,1,1,1,1,1
119017,0,0,0,0,0,1,0,1,1,0
119018,0,0,0,0,1,1,1,0,1,0
119019,0,0,0,0,1,0,1,0,0,0
119020,0,1,0,0,1,1,1,1,1,0
119021,0,0,0,1,1,1,1,1,1,1
119022,0,0,0,0,1,1,1,1,1,1
119023,0,0,0,0,1,1,1,1,1,0
119024,1,1,0,1,1,1,1,1,1,0
119025,0,0,0,0,0,1,1,0,1,0
120001,0,0,1,1,1,1,1,1,1,1
120003,0,1,0,1,1,1,1,1,1,1
120005,0,0,0,1,1,1,1,1,1,1
120006,0,0,0,0,1,1,1,0,1,0
120007,0,0,0,0,1,1,1,1,1,0
120008,0,1,0,0,1,1,1,1,1,1
120009,0,0,0,1,1,1,1,1,1,1
120010,0,0,0,1,1,0,1,1,1,1
120011,0,0,0,0,1,1,1,1,1,0
120012,0,0,0,0,1,1,1,1,1,1
120013,0,1,0,0,0,1,1,1,1,0
120014,0,0,0,0,0,1,1,1,1,0
120015,1,1,0,1,1,1,1,1,1,0
120016,0,0,0,0,1,1,1,1,1,1
120017,0,0,0,1,1,1,1,1,1,1
120018,0,0,1,0,1,1,1,1,1,1
120019,0,0,0,1,1,1,1,1,1,1
120020,0,0,0,1,1,0,1,1,1,0
120021,0,1,0,0,1,1,1,1,1,1
120022,0,0,0,1,1,1,1,1,1,0
120023,0,0,0,0,1,1,1,1,1,1
120024,0,0,0,0,0,1,0,1,1,0
121001,0,,0,1,1,0,1,1,1,1
121003,0,1,0,0,1,0,0,1,1,1
121004,0,0,0,0,0,0,1,0,1,0
121005,0,0,0,0,1,0,1,1,0,0
121006,0,0,0,0,0,0,1,1,1,0
121007,0,0,0,0,0,0,1,1,1,0
121008,0,0,0,1,1,0,1,0,1,1
121009,0,0,0,0,1,0,1,0,1,1
121010,0,1,0,1,0,0,1,0,1,0
121011,0,0,0,0,0,0,1,0,1,0
121012,0,0,0,0,0,0,1,0,1,0
121013,0,0,0,0,0,0,1,0,1,0
121014,0,0,0,0,1,0,1,0,1,0
121015,0,0,0,0,0,0,1,0,1,0
121016,0,,0,0,0,0,1,0,0,0
121017,0,0,0,0,1,0,0,1,1,1
121018,0,1,0,0,0,0,1,0,1,0
121019,0,1,0,0,0,0,1,0,1,1
121020,0,1,0,1,0,0,1,1,1,0
121021,0,0,0,0,0,0,1,0,1,0
121022,0,,0,0,1,0,1,0,1,0
121023,0,0,0,0,0,0,1,0,1,0
121025,0,0,0,0,0,0,1,0,1,0
122002,0,0,0,0,0,0,1,0,1,0
122003,0,0,0,0,0,0,1,0,1,0
122004,0,0,0,0,0,0,1,0,1,0
122005,0,0,1,0,1,0,1,1,1,1
122006,0,1,0,0,1,0,0,0,1,0
122007,0,0,0,0,0,0,1,1,1,0
122008,0,0,0,0,0,0,1,0,1,0
122009,0,0,0,0,1,0,1,1,1,0
122010,0,1,0,0,0,0,1,0,1,0
122011,0,0,0,0,1,0,1,1,1,1
122012,0,0,0,1,1,0,1,1,1,1
122013,0,0,0,0,0,0,1,0,0,0
122014,0,1,0,0,0,0,1,0,0,0
122015,0,0,0,0,0,0,1,0,1,0
122016,0,0,0,0,0,0,1,1,1,0
122017,0,0,0,1,0,0,1,0,1,1
122018,0,1,0,1,1,0,1,1,1,1
122019,0,0,0,0,0,0,1,0,0,0
122020,0,0,0,0,0,0,1,0,0,0
122021,0,0,0,0,1,0,0,0,0,1
122022,0,0,0,0,1,0,0,1,1,0
122023,0,0,0,0,1,0,0,0,1,1
122024,0,1,0,0,1,0,1,1,1,1
122025,0,0,0,0,1,0,0,0,0,1
123001,0,0,0,0,0,0,1,0,1,0
123002,0,0,0,0,0,0,0,0,1,0
123003,0,0,0,1,1,0,1,1,1,1
123004,0,0,0,0,0,0,1,0,1,0
123005,0,0,0,1,1,0,1,0,1,0
123006,0,0,0,1,1,0,1,1,1,1
123007,0,,0,0,0,0,0,0,0,0
123008,0,0,0,0,0,0,1,0,1,0
123009,0,0,0,0,1,0,1,0,1,1
123010,0,1,0,0,1,0,1,0,1,1
123011,0,0,0,0,1,0,1,1,1,0
123012,0,0,0,0,0,0,1,0,1,1
123013,0,0,0,0,1,0,1,1,1,0
123014,0,0,0,0,1,0,1,0,1,0
123015,0,0,0,0,0,0,1,0,0,0
123016,0,0,0,0,0,0,1,0,1,1
123017,0,0,0,0,1,0,0,0,1,0
123018,0,0,0,0,0,0,0,0,0,0
123019,0,1,0,0,0,0,0,0,1,0
123020,0,0,0,0,0,0,0,0,1,0
123021,0,0,0,0,0,0,1,0,1,0
123022,0,0,0,0,0,0,0,1,0,0
123023,0,0,0,0,0,0,1,0,0,0
123024,0,0,0,1,1,0,1,1,1,1
124001,0,0,0,0,0,0,1,0,1,0
124003,0,0,0,0,1,0,0,0,1,1
124004,0,0,0,0,0,0,0,0,0,0
124005,0,0,0,0,0,0,0,0,1,0
124006,0,0,0,0,0,0,1,0,1,0
124007,0,0,0,0,0,0,0,0,1,0
124009,0,0,0,0,0,0,0,1,1,0
124010,0,0,0,0,0,0,1,0,0,0
124011,0,1,0,0,1,0,1,0,1,1
124013,1,1,0,0,0,0,1,0,1,0
124014,0,1,0,0,1,0,1,0,1,1
124015,0,0,0,0,0,0,0,0,1,0
124016,0,0,0,0,0,0,0,0,0,0
124017,0,0,0,0,0,0,1,0,0,1
124018,0,0,0,0,0,0,1,1,1,0
124019,0,1,0,0,1,0,0,0,1,0
124020,0,0,0,0,0,0,0,0,0,0
124021,0,0,0,0,1,0,1,0,1,1
124022,0,0,0,0,0,0,0,1,0,0
124023,0,0,0,0,0,0,0,0,0,0
124024,0,,0,0,0,0,1,0,0,0
124025,0,0,0,0,0,0,0,0,0,0
125001,0,0,0,0,0,0,1,0,0,0
125002,0,0,0,0,0,0,0,0,1,0
125003,0,0,0,0,0,0,1,0,1,1
125004,0,0,0,0,0,0,1,0,1,0
125005,0,1,0,1,1,0,1,1,1,1
125006,0,0,0,0,0,0,1,0,1,0
125007,,,0,0,0,0,1,0,1,0
125008,0,0,1,0,1,0,0,0,1,0
125009,0,0,0,1,0,0,1,0,1,0
125010,0,0,1,0,0,0,0,0,0,0
125011,0,0,0,0,0,0,1,0,0,0
125012,0,0,0,1,1,0,1,1,1,1
125013,0,0,0,0,0,0,0,0,1,0
125014,0,0,0,0,0,0,1,0,1,1
125015,0,0,0,0,0,0,1,1,1,0
125016,0,0,0,0,0,0,1,0,1,0
125017,0,0,0,1,0,0,1,1,1,1
125018,0,0,0,0,0,0,0,0,1,0
125019,0,1,1,1,1,0,0,0,1,1
125021,0,0,0,0,0,0,1,0,1,0
125022,0,0,0,1,1,0,1,1,1,1
125023,0,1,1,0,0,0,1,0,1,0
125024,0,0,0,0,1,0,1,1,1,0
125025,0,0,0,1,0,0,1,1,1,0
126001,0,0,0,0,0,0,1,1,1,0
126003,0,0,0,0,1,0,1,1,1,1
126004,0,0,0,0,1,0,0,0,1,0
126005,0,0,0,0,0,0,1,1,1,0
126006,0,0,0,1,0,0,1,0,1,0
126007,0,1,0,0,0,0,1,1,1,0
126008,0,0,0,0,1,0,1,0,1,1
126009,0,0,0,0,1,0,1,1,1,0
126010,0,0,1,0,1,0,1,0,1,1
126011,0,0,0,0,1,0,0,1,1,1
126012,0,0,0,0,0,0,0,0,1,0
126013,0,0,0,0,1,0,1,0,1,0
126014,0,0,0,0,0,0,1,0,1,0
126015,0,0,0,0,0,0,1,0,1,0
126016,0,0,0,0,0,0,1,0,1,0
126017,0,0,0,0,0,0,1,1,1,1
126018,0,0,0,0,0,0,1,0,0,0
126019,0,0,0,0,0,0,1,0,1,0
126020,0,0,0,0,1,0,1,0,1,0
126021,0,,0,0,0,0,1,0,1,0
126023,0,0,0,0,0,0,0,0,0,0
126024,0,0,0,0,1,0,0,0,1,0
126025,0,0,0,0,0,0,1,0,0,0
127002,0,0,0,0,1,0,1,0,1,1
127003,0,0,0,0,0,0,0,0,1,0
127004,0,0,0,0,0,0,1,0,1,0
127005,0,,0,0,1,0,1,1,1,1
127006,0,,0,0,0,0,0,0,0,0
127007,0,0,0,0,1,0,0,1,1,1
127009,0,0,0,0,0,0,1,0,1,0
127010,0,1,0,0,1,0,0,1,1,0
127011,0,0,0,0,0,0,0,0,1,0
127012,0,0,0,0,1,0,1,1,1,1
127013,0,0,1,0,1,0,1,1,1,0
127014,0,0,0,0,0,0,1,0,0,0
127016,0,0,0,0,0,0,1,0,1,1
127017,0,0,0,0,0,0,1,1,1,0
127018,0,0,0,0,0,0,1,0,0,0
127019,0,0,0,0,0,0,1,1,1,1
127020,0,1,0,1,0,0,1,1,1,0
127021,0,0,0,0,0,0,0,0,1,0
127023,0,,0,0,1,0,1,0,0,0
127024,0,0,0,0,1,0,1,1,1,1
127025,0,0,0,0,1,0,1,1,1,0
128001,0,0,0,0,0,0,1,1,1,0
128002,0,0,0,0,0,0,1,0,0,0
128003,0,0,0,0,0,0,1,0,0,0
128004,0,0,0,0,0,0,1,0,1,0
128005,0,0,0,0,1,0,1,0,1,0
128006,0,0,0,0,1,0,1,0,1,1
128008,0,0,0,0,1,0,1,0,1,0
128009,0,0,0,0,0,0,0,1,1,0
128010,0,0,0,0,1,0,1,1,1,1
128011,0,1,0,0,0,0,1,0,0,0
128012,0,1,0,0,0,0,1,0,1,0
128013,0,0,0,1,1,0,1,0,1,1
128015,0,0,0,0,0,0,0,0,0,0
128016,0,0,0,0,0,0,1,0,1,0
128017,0,0,0,0,0,0,0,0,1,0
128018,0,0,1,0,1,0,1,1,1,1
128019,0,0,0,0,0,0,1,0,0,0
128020,0,0,0,0,0,0,1,1,1,0
128021,0,0,0,0,1,0,1,0,1,1
128022,0,1,0,0,1,0,1,0,1,1
128023,0,0,0,0,0,0,1,0,1,0
128024,0,0,0,0,0,0,1,0,1,0
128025,0,0,0,0,0,0,1,0,0,0
129001,0,0,0,0,1,0,0,0,1,1
129002,1,0,1,0,1,0,1,1,1,1
129003,0,0,0,0,1,0,1,1,1,0
129004,0,0,0,0,0,0,1,0,0,0
129005,0,0,0,0,1,0,1,0,1,1
129006,0,1,1,0,1,0,1,0,1,0
129007,0,0,0,0,0,0,1,0,1,0
129008,0,0,0,1,1,0,0,1,1,1
129011,0,0,0,1,1,0,0,1,1,1
129012,0,1,0,0,1,0,0,1,1,0
129013,0,0,0,0,0,0,1,0,0,0
129014,0,0,0,0,1,0,0,0,1,1
129015,0,0,0,0,0,0,0,0,0,0
129016,0,0,0,0,1,0,1,0,1,1
129017,0,0,0,0,0,0,1,0,0,0
129018,0,0,0,0,1,0,1,1,1,1
129019,0,0,0,0,0,0,1,0,0,0
129020,0,0,0,0,0,0,1,1,1,0
129021,0,1,0,0,0,0,0,0,1,0
129022,0,0,0,0,0,0,1,1,0,0
129023,0,0,0,0,0,0,0,0,0,0
129024,0,0,0,0,0,0,1,0,1,0
129025,0,0,0,0,1,0,0,1,1,0
130001,0,0,0,0,0,1,1,0,1,1
130002,0,0,0,0,0,0,1,1,1,0
130003,0,1,0,0,1,0,1,1,1,0
130004,0,0,0,0,0,0,1,0,0,0
130005,0,0,0,1,1,0,1,1,1,1
130006,0,0,0,0,0,0,1,0,1,0
130007,0,0,0,0,0,0,1,1,1,0
130008,0,0,0,0,0,0,1,0,1,0
130009,0,1,0,0,0,0,1,0,1,0
130010,0,1,1,0,0,0,1,1,1,0
130011,0,1,0,0,0,0,1,1,0,0
130012,0,0,0,0,0,0,0,1,1,1
130013,0,1,0,0,1,0,0,0,1,0
130014,0,0,0,0,1,0,0,1,1,0
130015,0,0,0,0,0,0,1,0,1,0
130016,0,0,0,0,0,0,1,1,0,0
130017,0,0,0,0,0,0,1,1,1,0
130018,0,0,0,0,0,0,1,0,1,0
130019,0,0,0,0,0,0,1,1,0,0
130020,0,0,1,1,0,0,1,1,1,0
130021,0,0,0,1,1,1,1,1,1,1
130022,0,0,0,1,1,1,1,1,1,1
130023,0,1,0,0,0,0,1,0,1,0
130024,0,0,0,1,0,0,1,1,1,1
130025,0,0,0,0,0,0,1,1,1,0
131001,1,0,0,0,0,0,1,1,1,0
131002,0,0,0,0,1,1,1,1,1,0
131003,0,0,0,0,0,1,1,0,1,0
131004,0,0,0,0,0,1,1,0,1,0
131005,0,0,0,0,0,0,0,1,1,0
131006,0,0,0,1,0,0,1,1,1,0
131007,0,0,1,0,1,0,1,0,1,0
131008,0,0,0,0,0,0,0,0,0,0
131009,0,0,0,0,0,0,1,0,1,1
131010,0,0,0,1,1,0,1,1,1,0
131011,0,0,0,1,1,0,0,0,1,0
131012,0,0,0,0,0,0,0,0,1,0
131013,0,0,0,0,1,0,1,1,1,1
131014,0,0,0,1,1,0,0,0,0,0
131015,0,0,0,1,0,0,1,1,1,0
131016,0,1,0,0,0,1,1,1,1,1
131017,0,0,0,1,0,0,0,0,1,1
131018,0,0,0,0,0,0,1,0,0,0
131019,0,0,0,0,0,0,1,0,0,0
131020,0,0,0,0,1,0,1,1,1,0
131021,0,0,0,0,0,0,1,0,0,0
131022,0,0,0,0,0,0,1,1,0,1
131023,0,0,0,0,0,0,0,0,1,0
131024,0,0,0,0,0,0,1,0,0,0
131025,0,0,0,0,0,0,1,0,1,0
132001,0,0,0,0,0,0,1,0,1,0
132002,0,0,0,1,0,1,1,1,1,0
132003,0,0,0,1,0,0,0,0,1,0
132004,0,0,0,0,1,0,1,1,1,0
132005,0,1,0,0,0,0,0,1,1,0
132006,0,0,0,0,1,0,0,1,1,0
132007,0,0,0,0,1,0,1,1,1,0
132008,0,0,0,0,1,0,1,1,1,0
132009,0,1,0,0,1,0,1,1,1,1
132010,0,0,0,1,0,0,1,0,0,0
132011,0,0,0,1,0,0,1,0,0,0
132012,0,0,0,0,1,1,0,0,1,0
132013,0,0,0,0,0,1,1,1,1,0
132014,0,0,0,0,0,0,1,0,1,0
132015,0,0,0,0,0,0,0,0,1,0
132016,1,0,0,1,1,0,1,0,1,1
132017,0,0,0,0,0,0,0,1,1,0
132018,1,1,0,0,0,0,0,0,1,0
132019,0,0,0,1,0,0,1,0,1,1
132020,0,0,0,1,1,0,1,1,1,1
132021,0,0,0,0,1,0,1,1,1,0
132022,0,1,0,0,1,1,1,1,1,1
132023,0,1,0,0,1,0,1,1,1,1
132024,0,1,0,0,1,0,1,1,1,0
132025,0,0,0,0,0,0,1,0,0,0
133001,0,0,0,1,0,0,0,1,1,0
133002,1,0,0,0,1,0,1,1,1,1
133003,0,0,0,0,0,0,1,0,0,0
133004,0,0,0,0,1,0,0,0,1,0
133005,0,0,0,0,1,0,1,1,1,0
133008,0,1,0,0,1,0,1,1,1,0
133009,0,0,0,1,0,0,1,1,1,0
133010,0,0,0,1,1,1,1,1,1,1
133011,0,0,0,0,1,0,1,1,1,1
133012,0,1,0,0,1,0,1,1,1,0
133013,0,0,0,0,1,0,1,0,1,0
133014,0,0,0,0,1,0,1,0,1,0
133015,0,0,0,1,1,0,1,1,0,0
133016,0,0,0,0,1,0,1,1,1,1
133017,0,0,0,0,0,0,1,0,1,0
133018,0,0,0,0,1,0,1,1,1,0
133019,0,0,0,0,0,0,0,0,1,0
133020,0,0,0,0,0,1,1,0,0,0
133021,0,0,0,0,0,0,1,0,1,0
133022,0,0,0,0,0,1,1,0,1,0
133023,0,1,0,1,1,0,1,1,1,1
133024,0,1,0,0,0,0,0,0,0,0
133025,0,0,0,0,1,0,1,1,1,0
134001,0,1,0,0,0,1,1,0,1,0
134002,0,0,0,0,1,0,1,1,1,0
134003,0,0,0,0,0,0,1,0,0,0
134004,0,0,0,0,0,0,0,0,1,0
134005,0,0,0,0,0,0,1,0,1,0
134006,0,0,0,0,1,0,1,1,1,1
134007,0,1,0,0,1,0,1,1,1,1
134008,0,0,0,0,0,0,0,0,1,0
134009,0,1,0,0,0,0,0,0,1,0
134010,0,0,0,0,1,0,1,0,1,1
134011,0,0,0,0,1,0,1,1,1,0
134012,0,0,0,0,0,0,1,0,1,0
134013,0,1,0,0,1,1,1,1,1,0
134014,0,0,0,0,0,0,1,0,1,0
134015,0,1,0,1,0,0,1,0,1,0
134016,0,0,0,0,0,1,1,0,1,0
134017,0,0,0,0,0,0,1,0,1,0
134018,0,1,0,1,0,0,1,1,1,0
134019,0,0,0,0,1,0,1,0,0,0
134020,0,0,0,0,0,1,1,0,1,0
134021,0,0,0,1,1,0,0,0,1,1
134022,0,1,0,0,1,0,1,0,1,1
134023,0,0,1,1,1,0,1,1,1,0
134024,0,0,0,0,0,0,1,0,1,0
134025,0,1,0,0,0,0,1,0,0,0
135001,0,0,0,0,0,0,1,0,1,0
135002,0,0,0,0,0,0,1,0,1,0
135003,0,0,0,1,0,0,1,1,1,1
135004,0,0,0,0,0,0,1,1,1,0
135005,0,0,0,0,0,0,1,1,1,0
135006,0,0,0,1,0,1,1,1,1,1
135007,0,0,0,1,0,0,1,1,1,0
135008,0,0,0,0,1,0,1,1,1,0
135009,0,0,0,0,0,0,1,1,1,0
135010,0,0,0,0,1,0,1,1,1,1
135011,0,0,0,1,1,1,1,1,1,1
135012,0,0,0,1,1,1,1,0,1,0
135013,0,0,0,1,1,0,1,1,1,1
135014,0,0,0,0,0,0,1,1,1,0
135015,0,0,0,0,1,0,1,1,1,1
135016,0,0,0,1,0,0,1,1,1,0
135017,0,0,0,0,1,0,0,1,1,0
135018,0,0,0,1,1,0,1,1,1,0
135019,0,1,0,0,1,1,1,1,1,1
135020,0,0,0,1,1,0,1,1,1,0
135021,0,0,0,0,1,0,1,1,1,0
135022,0,0,0,0,1,0,1,1,1,0
135023,0,0,0,1,1,1,1,1,1,1
135024,0,0,0,1,1,0,1,1,1,1
135025,0,0,0,1,0,0,1,1,1,1
136001,0,0,0,1,1,1,1,1,1,1
136002,0,0,0,0,1,0,0,0,1,0
136003,0,0,0,1,1,0,1,1,1,1
136004,0,0,0,1,1,0,1,1,1,0
136005,0,0,0,1,1,1,1,1,1,1
136006,0,0,0,0,1,0,0,1,1,0
136007,0,0,1,1,1,1,1,1,1,1
136008,0,0,0,0,1,0,1,1,1,0
136010,0,0,0,1,1,0,1,1,1,1
136011,0,0,0,0,1,0,0,0,1,0
136012,0,0,0,0,1,0,1,1,1,1
136013,0,0,0,1,1,0,1,1,1,1
136014,0,0,0,0,1,0,1,1,1,0
136015,1,1,0,0,1,0,1,1,1,1
136016,0,0,0,0,1,1,1,1,1,0
136017,0,0,0,1,1,1,1,1,1,1
136018,0,0,0,1,1,0,1,1,1,1
136019,0,0,0,1,1,0,1,1,1,1
136020,0,0,0,0,1,0,1,1,1,1
136021,0,0,0,0,1,1,1,1,1,1
136022,0,0,0,0,1,0,1,1,1,0
136023,0,0,0,1,1,0,1,1,1,1
136024,0,0,0,0,1,0,1,1,1,0
136025,0,0,0,1,1,0,1,1,1,1
137001,0,0,0,1,1,0,1,1,1,1
137002,0,1,0,1,1,1,1,1,1,1
137003,0,1,0,0,1,1,1,1,1,0
137004,0,1,0,0,0,1,1,1,1,0
137005,1,1,0,0,1,1,1,1,1,1
137006,0,0,0,1,1,1,1,1,1,1
137007,0,1,0,1,1,1,1,1,1,1
137008,0,0,0,1,1,0,1,1,1,1
137009,0,0,0,0,1,1,1,1,1,0
137010,0,0,0,0,1,0,0,1,1,0
137011,0,0,0,0,1,0,0,0,0,0
137012,0,0,0,0,1,0,1,1,1,0
137013,0,0,0,1,1,0,1,1,1,1
137014,0,0,0,0,1,0,1,1,1,1
137015,0,0,0,0,1,0,1,1,1,0
137016,0,1,0,0,1,0,1,1,1,0
137017,0,0,0,1,1,1,1,1,1,0
137018,0,0,0,1,1,1,1,1,1,1
137019,0,0,0,0,1,1,1,0,1,0
137020,0,0,0,0,1,0,1,1,1,1
137021,0,0,0,0,1,0,0,0,1,0
137022,0,1,0,0,1,0,1,1,1,0
137023,0,0,0,0,1,0,1,1,1,1
137024,0,0,0,1,1,0,1,1,1,1
137025,0,0,0,0,1,0,0,1,1,0
138001,0,0,0,0,0,0,1,0,1,0
138002,0,0,0,0,0,0,0,0,0,0
138003,0,0,0,0,0,0,0,0,1,0
138004,0,0,0,0,0,0,1,0,1,0
138005,0,0,0,0,0,0,1,0,0,0
138006,0,0,0,0,0,0,1,0,1,0
138007,0,0,0,0,0,0,1,0,0,0
138008,1,0,0,0,1,0,1,0,1,1
138009,0,0,0,0,0,1,1,0,1,0
138010,1,1,0,0,0,1,0,0,1,0
138011,0,0,0,1,0,1,1,1,1,1
138012,0,0,0,0,0,0,1,1,1,0
138014,0,0,0,1,1,1,1,1,1,1
138015,0,1,0,0,1,1,1,0,1,0
138016,0,0,0,0,0,0,1,0,0,0
138017,0,1,0,1,0,0,1,0,1,0
138018,1,1,0,0,1,0,1,1,1,1
138019,0,1,0,1,0,1,1,1,1,1
138020,0,0,0,0,0,0,0,0,1,0
138021,0,1,0,1,0,1,1,0,1,0
138022,0,0,0,0,0,1,1,1,1,0
138023,0,0,0,0,1,0,1,0,1,1
138024,0,0,0,1,1,0,1,1,1,1
138025,0,0,0,0,0,1,0,1,1,0
139001,0,0,0,0,1,0,1,1,1,0
139002,0,0,0,0,1,1,1,1,1,1
139003,0,1,0,1,0,0,1,0,1,0
139004,0,0,0,0,0,0,1,0,1,0
139005,0,0,0,0,1,0,1,0,1,0
139006,0,0,0,0,1,1,1,1,1,0
139007,0,1,0,0,1,0,1,0,1,0
139008,0,0,0,1,0,0,1,0,0,1
139009,0,0,0,0,0,0,1,0,0,0
139010,0,0,0,0,0,0,0,0,0,0
139011,0,1,0,1,1,0,1,1,1,1
139012,0,0,0,0,0,0,1,0,1,0
139013,0,0,0,0,0,0,1,0,1,0
139014,0,0,0,1,1,0,1,1,1,1
139015,0,0,0,,0,0,0,1,1,0
139016,0,0,0,0,1,0,0,0,1,1
139017,0,0,0,0,1,0,1,1,1,0
139018,0,0,0,0,1,0,0,0,1,1
139019,0,0,0,0,1,0,0,1,1,0
139020,0,0,0,0,0,1,1,0,0,0
139021,0,0,0,1,0,1,1,1,1,0
139022,0,0,0,1,0,0,1,1,1,1
139024,0,0,0,0,1,1,1,1,1,1
139025,0,0,0,0,0,0,1,0,1,0
140001,0,0,0,1,1,1,1,1,1,1
140002,1,0,0,0,1,1,1,1,1,1
140003,0,0,0,1,1,1,1,1,1,1
140004,0,1,0,1,1,1,1,1,1,0
140005,0,0,0,0,1,1,1,0,1,0
140006,0,0,0,0,1,0,1,1,1,0
140007,0,0,0,1,1,1,1,1,1,1
140008,0,0,0,1,1,1,1,1,1,1
140010,0,0,0,0,1,0,1,1,1,0
140011,0,0,0,1,1,1,1,1,1,1
140012,0,0,0,0,1,0,1,1,1,0
140013,0,1,0,1,1,0,1,1,1,1
140014,0,0,0,1,1,1,1,1,1,1
140015,0,1,0,1,1,1,1,0,1,0
140016,0,0,0,0,1,1,1,1,1,0
140017,0,0,0,1,1,1,1,1,1,1
140018,0,0,0,1,1,0,1,1,1,1
140019,1,0,0,0,1,1,1,1,1,1
140020,1,1,0,1,1,1,1,1,1,1
140021,0,1,0,1,1,1,1,1,1,1
140022,0,0,0,0,1,0,1,1,1,0
140023,0,0,0,1,1,1,1,1,1,0
140024,0,0,0,1,1,0,1,0,1,0
140025,0,0,0,0,1,1,1,1,1,0
141001,0,0,0,1,1,0,0,0,1,1
141002,0,1,0,0,1,0,1,1,1,1
141003,0,,0,1,1,1,1,0,1,1
141004,0,0,0,1,1,0,1,0,1,0
141005,1,1,0,0,1,0,1,1,1,0
141006,0,0,0,1,1,0,1,1,1,0
141007,0,1,0,0,1,0,1,1,1,1
141009,0,0,0,1,1,0,1,1,1,1
141010,0,0,0,1,1,0,1,1,1,1
141011,0,1,0,1,1,1,1,1,1,1
141012,0,0,0,0,1,0,1,1,1,0
141013,0,0,0,1,1,0,1,1,1,1
141014,0,1,0,0,1,0,1,0,1,0
141015,0,0,0,1,1,1,1,1,1,1
141016,0,0,0,1,1,1,1,1,1,1
141017,0,,0,0,1,1,0,1,1,1
141018,0,0,0,0,1,0,1,0,1,1
141019,0,0,0,1,1,1,1,1,1,1
141020,0,0,0,1,1,0,1,1,1,1
141021,0,0,0,1,1,1,1,1,1,0
141022,0,0,0,0,1,0,1,1,1,1
141023,0,0,0,0,1,1,1,1,1,1
141024,0,0,0,1,1,1,1,1,1,1
141025,0,0,0,0,1,1,1,1,1,0
142001,0,0,0,1,0,0,1,1,1,1
142002,0,0,0,1,0,0,1,1,1,0
142003,0,0,0,0,0,1,1,1,1,0
142004,0,0,0,0,0,1,1,1,1,1
142005,0,0,0,0,0,0,1,1,1,0
142006,0,0,0,0,0,0,1,1,1,0
142007,0,0,0,1,1,1,1,1,1,0
142008,0,0,0,1,0,0,1,1,1,0
142009,0,0,0,0,0,1,1,1,1,0
142010,0,0,0,0,1,1,1,1,1,0
142011,0,0,0,1,0,1,0,1,1,1
142012,1,0,0,0,0,1,1,1,1,1
142013,0,1,0,0,0,1,1,1,1,1
142014,0,1,0,0,0,0,0,1,1,0
142015,0,0,0,1,0,1,0,1,1,1
142016,0,0,0,0,1,0,0,0,1,0
142017,0,0,0,1,0,1,1,1,1,0
142018,0,0,0,1,0,0,1,1,1,1
142019,0,0,0,1,0,0,0,0,1,0
142020,0,0,0,0,0,0,1,1,1,1
142021,0,0,0,0,0,1,1,1,1,1
142022,0,0,0,1,0,1,1,1,1,0
142023,0,0,0,1,0,1,0,1,1,0
142024,0,0,0,1,1,1,1,1,1,1
142025,0,0,0,1,1,1,1,0,1,1
143001,0,1,0,0,1,1,1,0,1,0
143002,0,1,1,1,1,0,1,1,1,0
143003,0,0,0,1,1,1,1,1,1,1
143004,0,1,0,0,1,1,1,1,1,0
143005,1,0,1,1,1,1,1,1,1,0
143006,0,1,0,1,1,1,1,1,1,0
143007,0,0,0,0,1,1,1,1,1,1
143008,0,0,0,1,1,0,1,1,1,1
143009,0,,0,0,1,1,1,1,1,1
143010,0,0,0,1,1,1,1,1,1,1
143011,0,0,0,1,1,1,1,1,1,1
143012,0,0,0,1,1,1,1,1,1,1
143013,0,0,1,0,1,1,1,1,1,1
143014,0,0,0,1,1,1,1,1,1,1
143015,1,0,0,1,1,1,1,1,1,1
143016,0,0,0,1,1,1,1,1,1,1
143017,0,0,0,1,1,1,1,1,1,1
143018,0,0,0,1,1,1,1,1,1,1
143019,0,0,0,1,1,1,1,1,1,1
143020,1,0,0,1,1,1,1,1,1,1
143021,0,0,0,0,1,1,1,1,1,0
143022,0,0,0,1,1,1,1,1,1,1
143023,0,0,0,1,1,1,1,1,1,1
143024,0,0,0,1,1,1,1,1,1,1
143025,0,0,0,0,1,1,1,1,1,0
144001,0,0,0,0,1,1,1,1,1,1
144002,0,0,0,0,1,1,1,1,1,0
144003,0,0,0,1,1,1,1,1,1,1
144004,0,1,0,1,1,1,1,1,1,0
144006,0,0,0,1,1,1,1,1,1,1
144007,0,0,0,0,1,1,1,1,1,0
144008,0,0,0,0,1,1,1,0,1,0
144009,0,0,0,1,1,1,1,1,1,0
144010,0,1,0,0,1,1,1,1,1,1
144011,0,0,0,0,1,1,1,1,1,1
144012,0,0,0,1,1,1,1,1,1,1
144013,0,0,0,0,1,1,1,1,1,1
144014,0,0,0,0,1,1,1,1,1,1
144015,0,0,0,1,1,1,1,1,1,0
144016,0,0,0,0,1,1,1,1,1,0
144017,0,0,0,1,1,1,1,1,1,1
144018,0,0,0,1,1,1,0,1,1,1
144019,0,0,0,1,1,1,1,1,1,1
144020,0,0,0,1,1,1,1,1,1,0
144021,0,0,0,1,1,1,1,1,1,1
144022,1,1,0,0,1,1,1,1,1,1
144023,0,0,0,0,1,1,1,1,1,1
144024,0,0,0,0,1,1,1,1,1,1
144025,0,0,0,1,1,1,1,1,1,1
145001,1,0,0,0,1,1,0,1,1,0
145002,0,0,0,1,1,1,1,0,1,1
145003,0,0,0,0,0,0,0,1,1,0
145004,0,0,0,1,1,1,1,1,1,1
145005,0,1,0,0,0,0,1,1,1,0
145006,0,0,0,0,0,1,1,0,1,0
145007,1,0,0,0,0,1,1,1,1,0
145008,0,0,0,1,0,1,1,0,1,0
145009,0,0,0,0,0,1,1,0,1,0
145010,0,0,0,0,0,1,1,0,1,0
145011,0,1,0,0,0,1,0,0,1,0
145012,0,1,0,0,0,1,1,0,1,0
145013,0,0,0,0,0,1,1,0,1,0
145014,0,1,0,0,0,1,1,0,1,0
145015,0,0,0,1,1,1,0,0,1,0
145016,0,0,0,0,0,1,1,0,1,0
145017,0,0,0,0,0,1,1,0,1,0
145018,0,0,0,0,0,1,1,0,1,0
145019,0,0,0,0,0,1,0,0,1,0
145020,0,0,0,0,0,1,0,0,0,0
145021,1,0,1,0,0,1,1,0,1,0
145022,0,0,0,1,0,1,1,0,1,0
145023,0,0,1,1,1,1,1,0,1,1
145024,0,0,0,0,0,1,1,0,1,0
145025,0,0,0,0,0,1,1,0,0,0
146001,0,0,0,0,0,0,1,0,1,0
146002,1,1,0,0,1,0,1,1,1,1
146003,0,1,0,0,1,0,1,0,1,0
146004,0,0,0,0,1,0,1,1,1,1
146005,0,0,0,1,1,1,1,1,1,1
146006,0,0,0,1,1,0,1,1,1,1
146007,0,1,0,0,1,0,0,0,1,0
146008,0,0,1,0,1,0,1,1,1,0
146009,1,0,0,1,1,0,1,1,1,0
146010,1,1,0,0,1,0,1,1,1,0
146011,0,1,0,0,0,0,0,0,1,0
146012,0,0,0,0,1,0,1,0,1,1
146013,0,0,0,0,1,1,0,1,1,0
146014,0,0,0,0,0,0,1,0,1,0
146015,0,0,1,0,0,0,0,0,1,0
146016,0,0,0,0,0,0,1,0,1,0
146017,0,0,0,0,0,0,0,0,1,0
146018,0,0,0,1,1,0,1,1,1,1
146019,0,0,0,0,0,0,0,0,1,0
146020,0,1,0,1,0,0,1,1,1,1
146021,0,0,0,0,1,0,1,0,1,0
146022,0,0,0,1,0,0,1,0,1,0
146023,0,0,0,0,1,0,1,0,1,0
146024,0,0,0,0,0,0,1,0,1,0
146025,0,0,0,0,0,0,0,0,1,1
147001,0,0,0,1,0,0,0,0,1,0
147002,0,0,0,0,1,1,1,0,1,0
147003,0,0,1,0,0,0,1,1,1,0
147004,0,0,0,0,1,0,1,1,1,1
147005,0,0,0,1,0,0,1,1,1,0
147006,0,0,0,0,0,0,1,1,0,0
147007,0,0,0,1,1,1,0,0,1,0
147008,0,0,0,1,0,0,0,0,1,0
147009,0,0,0,1,1,0,1,1,1,0
147010,1,0,0,0,1,0,1,1,1,0
147011,0,0,0,1,1,0,1,1,1,1
147012,0,0,0,0,0,0,0,0,1,0
147013,1,0,0,0,0,1,0,1,1,0
147014,0,0,0,0,1,0,0,0,1,0
147015,0,0,0,0,0,0,1,0,1,0
147016,0,0,0,0,1,0,0,1,1,0
147017,0,0,0,1,0,1,1,0,1,0
147018,0,0,0,1,1,0,1,1,1,1
147019,0,0,1,0,0,1,1,1,1,1
147020,0,0,0,1,1,0,1,0,1,0
147021,0,0,0,1,1,0,1,0,1,0
147022,,0,0,1,1,0,1,1,1,1
147023,0,0,0,0,1,0,1,1,1,0
147024,0,1,0,0,1,1,1,1,1,1
147025,0,0,0,1,1,0,0,0,1,0
148001,0,0,0,0,1,0,1,1,1,0
148002,0,0,0,0,1,0,1,1,1,0
148003,0,0,0,0,1,0,1,0,1,1
148004,0,0,0,0,1,0,0,1,1,0
148005,0,1,0,0,1,0,0,0,1,1
148006,0,0,1,0,1,0,1,0,1,1
148007,0,0,0,0,1,0,1,1,1,0
148008,0,0,0,0,1,0,1,1,1,1
148009,0,0,0,0,1,0,1,1,1,1
148010,0,0,0,0,1,1,1,1,1,0
148011,0,0,0,1,1,0,1,1,1,1
148012,0,1,0,1,1,1,1,1,1,1
148013,0,0,0,1,1,0,0,0,1,1
148014,1,1,0,0,1,1,1,0,1,0
148015,0,0,0,0,1,0,0,0,1,0
148016,0,0,0,0,1,1,0,0,1,0
148017,0,0,0,1,0,0,1,0,1,0
148019,1,0,0,0,1,0,1,1,1,1
148020,0,0,0,0,1,0,1,0,1,0
148021,0,1,0,0,1,0,1,0,1,0
148022,0,0,0,0,1,0,0,0,1,0
148023,0,1,0,0,1,0,0,0,1,0
148024,0,0,0,0,0,0,0,1,1,0
148025,0,0,0,0,1,0,1,1,1,0
149001,1,0,0,0,0,0,0,1,1,0
149002,0,0,0,0,0,1,1,1,0,0
149003,0,0,0,0,0,1,0,0,1,0
149004,0,0,0,0,1,1,1,1,1,1
149005,0,0,0,0,0,0,1,1,1,0
149006,0,0,0,0,0,1,1,0,1,0
149007,0,0,0,0,0,0,1,0,1,0
149008,0,0,0,1,1,0,1,1,1,1
149009,0,0,0,0,0,0,1,0,1,0
149010,0,0,0,1,0,0,1,0,1,0
149011,0,1,0,1,1,1,0,1,1,1
149012,0,1,0,0,1,0,1,1,1,0
149013,0,0,1,0,1,1,0,1,1,0
149014,0,0,0,0,0,0,1,0,0,0
149015,0,0,0,1,1,1,1,1,1,1
149017,0,0,0,0,0,1,0,0,1,0
149018,0,0,0,0,0,1,1,0,0,0
149019,0,0,0,1,1,1,1,1,1,1
149020,1,1,0,0,0,1,0,1,1,1
149021,0,0,0,0,1,0,1,1,1,0
149022,0,0,0,0,0,1,1,0,1,0
149023,0,0,0,0,1,1,1,0,1,1
149024,1,0,0,0,1,0,1,1,1,1
150001,0,0,0,0,0,0,1,1,1,0
150002,0,0,0,0,0,1,1,1,1,0
150003,0,0,0,0,0,1,1,1,1,0
150004,0,0,0,0,1,0,1,1,1,1
150006,1,0,0,0,0,1,1,1,1,0
150007,0,0,0,0,0,1,1,1,1,0
150008,0,0,0,1,1,0,1,1,1,1
150009,0,0,0,0,1,0,1,1,1,1
150010,0,0,0,0,1,0,0,0,1,1
150011,0,0,0,1,0,0,1,1,1,0
150012,0,0,0,0,1,1,1,1,1,0
150013,0,0,0,1,0,1,1,1,1,1
150016,0,0,0,0,1,1,0,1,0,0
150017,1,0,0,0,1,1,1,0,1,0
150018,0,0,0,1,1,1,0,1,1,1
150019,0,0,0,1,1,1,1,1,1,0
150020,0,1,0,0,1,0,1,1,1,1
150021,0,0,0,0,0,1,0,1,1,0
150022,0,0,0,1,0,1,1,1,1,0
150023,0,1,0,0,1,1,1,1,1,1
150024,0,0,0,0,1,1,1,1,0,1
150025,0,0,0,1,1,1,1,1,1,1
151001,0,0,0,0,0,1,1,0,1,0
151002,0,0,0,0,1,1,1,1,1,1
151003,0,0,0,0,0,1,1,0,1,0
151004,0,0,0,0,0,0,0,0,0,0
151005,0,0,0,1,1,0,1,1,1,1
151006,1,1,0,1,1,1,1,1,1,1
151007,0,1,0,0,1,0,0,1,1,1
151008,0,0,0,0,0,0,0,0,1,0
151009,,0,1,0,1,0,1,1,1,0
151010,0,1,1,0,1,1,1,1,1,1
151011,0,0,0,0,0,0,0,0,1,0
151012,0,0,0,0,1,1,1,1,1,1
151013,0,0,0,1,1,1,1,1,1,1
151014,0,1,0,0,1,1,1,1,1,0
151015,0,0,1,0,0,1,0,1,1,0
151016,0,0,0,1,1,1,1,1,1,1
151017,0,0,0,1,1,0,1,1,1,1
151018,0,0,0,1,1,0,1,0,1,0
151019,0,1,0,0,0,0,1,1,1,0
151020,0,1,0,0,0,0,1,0,0,0
151021,0,0,0,0,1,0,1,1,1,1
151022,0,0,0,0,0,1,0,0,1,0
151023,0,0,0,0,1,1,1,1,1,0
151024,0,0,0,1,0,1,0,0,0,0
151025,0,0,0,0,0,0,1,1,0,0
152001,0,0,0,0,1,0,1,1,1,0
152002,0,0,0,0,0,0,1,0,1,0
152003,0,0,0,1,1,0,0,1,1,1
152004,0,,0,0,1,0,1,1,1,0
152005,0,1,0,0,1,0,1,1,1,1
152006,0,0,0,0,1,0,1,1,1,0
152007,0,0,0,0,1,0,1,1,1,1
152008,0,0,0,0,1,0,1,1,1,1
152009,0,1,0,1,1,0,1,1,1,1
152010,0,0,0,0,1,0,1,0,1,0
152011,0,0,0,0,1,0,1,1,1,1
152012,0,0,0,1,1,1,1,1,1,1
152013,0,0,0,0,1,0,1,1,1,1
152014,0,0,0,1,1,0,1,1,1,1
152015,0,0,0,0,1,0,1,1,1,1
152017,0,0,0,0,1,0,1,1,1,0
152018,0,0,0,1,1,1,1,1,1,1
152019,0,0,0,0,1,0,1,1,1,1
152020,0,0,0,0,1,1,1,1,1,0
152021,0,0,0,0,1,1,1,0,1,0
152022,0,0,0,0,1,0,1,1,1,0
152023,0,1,0,0,1,0,1,0,1,0
152025,0,0,0,0,1,0,1,1,1,1
153002,0,0,0,1,1,1,1,1,1,0
153003,0,0,1,1,1,1,1,1,1,0
153004,0,0,0,0,1,1,1,1,1,0
153005,0,0,0,0,1,1,1,1,1,1
153006,0,1,0,1,1,1,1,1,1,0
153007,0,0,0,0,1,1,1,1,1,1
153008,0,0,0,1,1,1,1,1,1,1
153009,0,,0,0,1,1,1,1,1,1
153010,0,0,0,0,1,1,1,1,1,0
153011,0,0,0,0,1,1,1,1,1,1
153012,0,0,0,1,1,1,1,1,1,1
153013,0,0,0,0,1,1,1,1,1,0
153014,0,1,0,0,1,1,1,1,1,0
153015,0,1,0,1,1,1,1,1,1,1
153016,0,0,0,1,1,1,1,1,1,1
153017,0,1,0,0,1,1,1,1,1,0
153018,0,0,0,0,1,1,1,1,1,1
153019,0,0,0,1,1,1,1,1,1,1
153021,0,1,0,1,1,1,1,1,1,0
153022,0,0,1,0,1,1,1,1,1,1
153023,0,0,0,1,1,1,1,1,1,1
153024,0,0,0,0,1,1,1,1,1,0
153025,0,0,0,0,1,1,1,1,1,1
154002,0,0,0,0,1,1,1,1,1,0
154003,1,1,0,1,1,0,1,0,1,1
154004,0,0,0,0,1,0,1,1,1,0
154005,0,0,0,1,1,0,1,0,1,1
154006,0,0,0,0,1,1,1,1,1,0
154007,0,0,0,0,1,1,1,1,1,1
154008,0,0,0,0,1,1,1,1,1,1
154009,0,0,0,0,1,0,1,0,1,1
154010,0,1,0,0,1,1,1,1,1,1
154011,0,0,0,0,1,1,1,0,1,0
154012,0,0,1,0,1,1,1,1,1,0
154013,0,0,0,0,1,1,1,1,1,1
154014,0,0,0,0,1,1,1,1,1,0
154015,0,0,0,1,1,1,1,1,1,1
154016,0,0,0,0,1,1,1,1,1,0
154017,0,1,0,0,1,0,1,1,1,0
154018,0,,0,1,1,0,1,1,1,1
154020,0,0,0,0,1,1,1,1,1,1
154021,0,0,0,0,1,1,1,1,1,0
154022,0,,0,0,1,0,1,1,1,0
154023,0,0,0,0,1,0,1,1,1,0
154024,0,0,0,0,1,0,1,1,1,1
154025,0,0,0,0,1,0,0,0,1,0
155001,0,0,0,1,1,1,0,1,1,1
155002,0,0,0,1,1,1,1,1,1,1
155003,1,0,0,0,1,0,1,1,1,0
155004,0,0,0,1,1,1,1,1,1,1
155005,0,0,0,1,1,1,1,1,1,1
155006,0,1,0,0,1,1,1,1,1,1
155007,0,0,0,0,1,1,1,1,1,1
155008,0,0,0,0,1,0,1,1,1,1
155009,0,0,0,0,1,1,1,1,1,0
155010,0,0,1,0,1,1,1,1,1,0
155011,0,0,0,0,1,1,1,1,1,0
155012,0,0,0,1,1,1,1,1,1,1
155013,0,1,0,0,1,1,1,1,1,0
155014,0,0,0,0,1,1,1,1,1,1
155015,0,0,0,1,1,1,1,1,1,0
155016,0,0,0,0,1,1,1,1,1,0
155017,0,0,0,1,1,1,1,1,1,1
155019,0,0,0,0,1,1,1,1,1,0
155020,0,1,0,1,1,1,1,1,1,1
155021,0,0,0,1,1,1,1,1,1,1
155022,0,1,0,0,1,1,1,1,1,0
155023,0,0,0,0,1,1,1,1,1,0
155024,0,1,0,1,1,1,1,1,1,0
156001,0,1,0,1,1,1,1,0,1,0
156002,0,0,0,1,1,1,1,1,1,1
156003,0,0,0,0,1,1,1,1,1,1
156005,0,0,0,1,1,1,1,1,1,0
156006,0,0,0,0,1,1,1,1,1,0
156007,0,,0,1,1,0,1,1,1,1
156008,0,0,0,0,1,0,1,1,1,0
156009,0,0,0,1,1,1,1,1,1,0
156010,1,0,0,0,1,1,1,1,1,1
156011,0,0,0,0,1,0,1,1,1,0
156012,0,0,0,0,1,1,1,1,1,0
156013,0,0,0,1,1,1,1,0,1,0
156014,0,0,0,1,1,1,1,1,1,0
156015,0,0,0,0,1,1,1,0,1,0
156016,1,0,0,0,1,1,1,1,1,1
156017,0,0,0,1,0,1,1,1,1,0
156019,0,0,0,1,1,0,1,1,1,1
156020,0,0,0,1,1,1,1,1,1,1
156022,0,0,0,1,1,1,1,1,1,1
156023,0,0,0,1,1,1,1,1,1,1
156024,0,0,0,1,1,1,1,1,1,1
156025,0,0,0,0,1,1,1,1,1,0
157001,0,1,1,1,1,1,1,1,1,1
157002,0,1,0,1,1,1,1,1,1,1
157003,0,0,0,0,1,0,0,1,1,0
157004,0,1,0,1,1,1,1,1,1,0
157005,0,0,0,1,1,1,1,1,1,1
157006,0,1,0,0,1,1,1,1,1,0
157007,0,0,0,0,1,1,1,1,1,0
157008,0,0,0,0,1,1,1,1,1,0
157009,0,1,0,0,1,1,1,1,1,1
157010,0,0,0,1,1,1,1,1,1,1
157011,0,1,1,0,1,1,0,0,1,0
157012,0,0,0,1,1,1,1,1,1,0
157013,0,1,0,0,1,1,1,1,1,0
157014,0,1,1,1,1,1,0,1,1,1
157015,0,0,0,1,1,1,1,1,1,1
157016,0,0,0,1,1,1,1,1,1,1
157017,0,0,0,0,1,1,1,1,1,0
157018,1,0,0,1,1,1,1,1,1,1
157019,0,0,0,0,1,0,1,1,1,0
157020,0,0,0,0,1,1,1,1,1,1
157021,0,0,0,1,1,0,1,1,1,0
157022,1,1,0,1,1,1,1,1,1,0
157023,0,0,1,1,1,0,1,1,1,0
157024,0,1,0,1,1,1,1,1,1,0
157025,0,0,0,1,1,1,1,1,1,1
158001,0,0,1,1,1,1,1,1,1,1
158002,0,1,0,1,1,1,1,1,1,1
158003,1,0,1,1,1,1,1,1,1,1
158005,0,0,0,1,1,1,1,1,1,1
158006,0,1,1,1,1,0,1,1,1,1
158007,0,0,1,1,1,1,1,1,1,0
158008,0,,0,0,1,1,1,1,1,1
158009,0,1,0,1,1,1,1,1,1,1
158010,0,0,1,0,1,1,1,1,1,1
158011,0,0,0,1,1,1,1,1,1,1
158012,0,0,0,0,1,1,1,1,1,0
158013,0,1,0,0,1,1,0,1,1,0
158014,0,0,0,0,1,1,1,1,1,1
158015,0,0,0,0,1,1,1,1,1,1
158016,0,1,0,0,1,1,1,1,1,0
158017,0,0,0,1,1,1,1,1,1,1
158018,0,0,1,1,1,1,0,1,1,1
158019,0,0,0,1,1,1,1,1,1,1
158020,0,0,0,1,1,1,1,1,1,0
158021,0,1,0,1,1,1,1,1,1,0
158022,0,0,0,1,1,1,1,1,1,1
158023,0,0,0,1,1,1,1,1,1,1
158024,0,0,0,0,1,0,1,1,1,1
158025,0,0,0,0,1,1,1,1,1,1
159001,0,0,0,0,1,1,1,1,1,0
159002,0,0,0,1,1,1,1,1,1,1
159003,0,0,0,1,1,1,1,1,1,1
159004,0,0,0,1,1,1,1,1,1,0
159005,0,0,0,1,1,1,1,1,1,0
159006,0,0,0,0,1,1,1,1,1,1
159007,0,0,0,0,1,1,1,1,1,0
159008,0,1,0,0,1,1,1,1,1,0
159009,0,0,0,1,1,1,1,1,1,0
159010,0,0,0,1,1,1,1,1,1,0
159011,0,1,0,0,1,0,0,1,1,0
159012,0,0,0,1,1,0,1,1,1,0
159013,0,1,0,0,1,1,1,1,1,1
159014,0,0,0,0,1,1,1,1,1,1
159015,0,0,0,1,1,1,1,1,1,1
159016,0,0,0,0,1,1,1,1,1,0
159017,0,1,0,0,1,1,1,0,1,0
159018,0,0,0,1,1,1,1,1,1,1
159019,0,0,0,1,1,0,1,1,1,1
159020,0,1,0,1,1,1,1,1,1,0
159021,0,,0,0,1,0,1,1,1,0
159022,0,1,0,0,1,1,1,1,1,1
159023,0,0,0,1,1,0,1,1,1,1
159024,1,0,0,1,1,1,1,1,1,0
159025,0,0,0,1,1,1,1,0,1,1
160001,0,0,0,0,1,0,1,0,1,0
160002,0,0,0,0,1,1,1,1,1,1
160003,0,0,0,1,1,1,1,1,1,1
160004,1,0,0,1,1,1,1,0,1,1
160005,0,0,0,1,1,1,1,1,1,1
160006,0,0,0,1,1,1,1,1,1,0
160007,1,0,0,0,1,0,1,1,1,0
160008,0,1,0,0,1,1,1,1,1,1
160009,1,0,0,1,1,1,1,1,1,1
160010,0,0,0,1,1,1,1,1,1,1
160011,0,0,0,0,1,1,1,1,1,0
160012,0,0,0,1,1,1,1,1,1,1
160013,0,0,0,0,1,1,1,1,1,0
160014,0,0,0,0,1,1,1,1,1,0
160015,0,0,0,1,1,1,1,0,1,0
160016,0,0,0,0,1,1,1,1,1,1
160017,0,0,0,1,1,1,1,1,1,1
160018,0,0,0,1,1,1,1,1,1,1
160019,0,0,0,1,1,1,1,1,1,1
160020,0,0,0,1,1,1,1,1,1,1
160021,0,0,0,0,1,1,1,1,1,0
160022,0,0,0,0,1,1,1,1,1,0
160023,0,0,0,0,1,1,1,1,1,1
160024,0,0,0,0,1,1,1,1,1,1
160025,0,0,0,0,1,1,1,1,1,0
161001,0,1,0,0,1,1,1,1,0,0
161002,0,,0,1,1,1,0,1,1,1
161003,0,0,0,0,1,1,1,1,1,0
161004,0,0,0,0,0,1,1,0,1,0
161005,0,0,0,0,0,1,1,0,1,0
161006,0,0,0,1,1,1,1,1,1,1
161007,0,0,1,0,1,1,1,0,1,0
161008,0,0,0,0,1,1,1,0,1,0
161009,1,0,0,0,1,1,1,1,1,1
161010,0,0,0,0,0,1,1,0,1,0
161011,0,0,0,0,1,1,1,0,1,0
161012,0,0,0,0,0,1,1,0,1,0
161013,0,0,0,0,0,1,1,0,0,0
161014,0,0,0,0,0,1,1,0,1,0
161015,0,0,1,0,0,1,0,0,1,0
161016,0,0,1,0,0,0,1,0,1,0
161017,0,0,0,0,1,0,1,1,1,0
161018,0,1,0,0,1,0,0,1,1,1
161019,0,0,0,0,1,1,1,1,1,0
161020,0,0,0,0,0,1,0,0,1,0
161021,0,,0,0,0,1,0,0,1,0
161022,0,0,0,1,1,1,1,1,1,1
161023,1,0,0,0,1,1,1,0,1,0
161024,0,0,0,1,1,1,1,1,1,1
161025,0,0,0,0,0,1,0,0,1,0
162001,0,0,0,1,1,1,1,1,1,0
162002,0,0,0,0,1,1,1,1,1,0
162003,0,1,0,0,1,1,1,1,1,1
162004,0,0,0,0,1,1,1,1,1,1
162005,0,0,0,0,1,0,1,1,1,0
162006,0,0,0,0,1,0,1,1,1,0
162007,0,0,0,0,1,1,1,1,1,0
162008,0,0,0,0,1,1,1,1,1,1
162009,0,0,0,0,1,1,1,1,1,1
162010,0,1,0,1,1,1,1,1,1,1
162011,0,0,0,1,1,1,1,1,1,1
162012,0,0,0,1,1,1,1,1,1,1
162013,0,0,0,0,1,1,1,1,1,0
162014,0,0,0,0,1,1,1,1,1,1
162015,0,0,0,0,1,1,1,1,1,1
162016,0,0,0,0,1,1,1,1,1,1
162017,0,,1,0,1,1,1,1,1,1
162018,0,0,1,1,1,1,1,1,1,1
162019,0,0,0,1,1,1,1,1,1,1
162020,0,1,0,0,1,1,1,1,1,1
162021,0,0,0,0,1,1,1,1,1,1
162022,0,0,0,0,1,1,1,1,1,0
162023,0,0,0,0,1,1,1,1,1,0
162024,0,1,1,0,1,1,1,1,1,1
162025,0,0,0,0,1,1,1,1,1,1
163001,0,0,0,1,1,1,1,0,1,1
163002,0,1,0,1,1,1,1,1,1,1
163003,0,0,0,0,1,1,1,1,1,0
163004,0,0,0,1,1,1,1,0,1,0
163005,0,0,0,0,1,1,1,0,1,1
163006,1,0,0,1,1,1,1,1,1,1
163007,0,0,0,0,0,1,1,1,1,0
163008,0,0,0,1,0,1,1,1,1,0
163009,0,0,0,0,1,1,0,1,1,1
163010,0,0,0,1,1,1,1,1,1,1
163011,0,0,0,0,1,1,1,0,1,0
163012,0,0,0,1,1,1,1,0,1,0
163013,0,0,0,0,0,1,0,1,1,0
163014,0,0,0,1,1,1,1,1,1,1
163015,0,0,0,0,1,1,1,0,1,1
163016,0,0,0,0,1,1,1,0,1,1
163017,0,0,0,0,1,1,1,0,1,1
163018,0,0,0,0,1,1,1,0,1,1
163019,0,0,0,0,1,1,1,1,1,0
163020,0,0,0,0,1,0,1,0,1,0
163021,0,0,0,0,1,1,1,1,1,0
163023,0,0,0,0,0,0,1,0,1,0
163024,0,0,0,1,1,1,1,0,1,1
163025,0,0,0,0,1,1,1,0,1,0
164001,0,0,0,0,0,1,1,1,1,0
164002,0,0,0,1,1,1,1,0,1,0
164003,1,0,0,1,1,1,1,1,1,0
164004,0,1,0,0,1,1,0,1,1,1
164005,0,1,0,0,1,1,1,0,1,1
164006,0,0,0,1,1,0,1,1,1,0
164007,0,0,0,0,1,1,1,1,1,0
164008,1,0,0,0,1,1,1,1,1,1
164009,0,0,1,0,1,1,1,1,1,1
164010,0,0,0,1,1,1,1,1,1,1
164011,0,0,0,1,1,1,1,1,1,0
164012,0,0,0,0,1,1,1,1,1,1
164013,0,0,0,0,1,1,1,1,1,1
164014,0,0,0,1,1,1,1,1,1,0
164015,0,0,0,0,1,1,0,1,1,0
164016,0,0,0,0,1,1,1,1,1,0
164017,0,0,0,1,1,1,1,1,1,1
164018,0,0,0,0,1,1,1,1,1,1
164019,0,1,0,1,1,1,1,1,1,1
164020,0,1,0,0,1,1,1,1,1,1
164021,0,0,0,0,1,1,0,0,1,0
164022,0,0,0,0,1,1,1,1,1,1
164023,0,,0,1,1,1,1,1,1,1
164024,0,1,0,1,1,1,0,1,1,1
164025,0,0,0,0,1,1,1,1,1,1
165001,0,0,0,0,1,1,1,1,1,0
165002,0,0,0,1,1,1,1,1,1,1
165003,0,0,0,1,1,1,1,1,1,1
165004,0,0,0,0,1,1,1,1,1,0
165005,0,0,0,0,1,1,1,1,1,0
165006,0,1,0,0,1,1,1,1,1,1
165007,0,1,0,0,1,1,1,1,1,1
165008,0,0,0,0,1,1,1,1,1,0
165009,0,0,0,0,1,1,1,1,1,1
165010,0,1,0,0,1,0,1,0,1,1
165011,0,0,0,1,1,1,1,1,1,1
165012,0,0,0,0,1,1,1,1,1,0
165013,0,0,0,0,1,1,1,1,1,0
165014,0,0,1,0,1,1,1,1,1,0
165015,0,1,0,1,1,1,1,1,1,0
165016,0,0,0,0,1,1,1,0,1,0
165017,0,0,0,0,1,1,1,0,1,0
165018,0,0,0,1,1,1,1,1,1,1
165019,0,0,0,0,1,0,1,1,1,0
165020,0,0,0,1,1,1,1,1,1,1
165021,0,0,0,1,1,0,1,1,1,1
165022,0,0,0,0,0,0,1,1,1,0
165023,0,0,0,1,1,0,1,0,1,0
165024,0,0,1,0,1,1,1,1,1,1
165025,0,0,0,0,1,1,1,1,1,0
166001,0,0,0,1,1,1,1,1,1,1
166002,0,0,0,1,1,1,1,1,1,1
166003,0,0,0,1,1,1,1,1,1,1
166004,0,0,0,0,1,1,1,1,1,0
166005,0,0,0,1,1,1,1,1,1,0
166006,0,0,0,1,1,1,1,1,1,0
166007,0,0,0,1,1,1,1,1,1,0
166008,0,0,0,1,1,1,1,1,1,0
166009,0,0,0,0,1,1,1,1,1,1
166010,0,0,0,0,1,1,1,1,1,0
166011,1,0,1,1,1,1,1,1,1,1
166012,0,1,0,0,1,1,1,1,1,0
166013,0,0,0,0,0,1,1,1,1,0
166014,0,0,0,0,1,1,1,1,1,0
166015,1,1,0,0,1,1,1,1,1,1
166016,0,0,0,0,1,1,1,1,1,0
166017,0,0,0,0,1,1,1,1,1,0
166018,0,0,0,0,1,1,1,1,1,0
166019,1,,0,0,1,1,1,1,1,0
166020,0,1,0,0,1,1,1,1,1,0
166021,0,,0,0,0,1,1,1,1,0
166022,0,0,0,1,1,1,1,1,1,1
166023,0,0,0,0,0,1,1,1,1,0
166024,0,0,1,1,1,1,1,1,1,1
166025,0,0,0,1,1,1,1,1,1,1
167001,0,0,0,0,1,1,1,1,1,0
167002,0,0,0,0,1,1,0,1,1,0
167003,0,0,0,1,1,1,1,1,1,1
167004,0,0,0,1,1,1,1,1,1,1
167005,0,0,0,0,1,1,1,0,1,1
167006,0,0,0,1,1,1,1,0,1,0
167007,0,0,0,0,1,1,1,1,1,0
167008,0,0,0,0,1,1,1,1,1,1
167009,0,0,0,1,1,1,0,0,1,0
167010,0,0,0,0,1,1,1,1,1,0
167011,0,0,0,1,1,1,1,1,1,0
167012,0,0,0,1,1,1,1,1,1,0
167013,0,0,0,1,1,1,1,1,1,1
167014,0,0,0,0,1,1,1,1,1,1
167015,0,0,0,0,1,1,1,1,1,0
167016,0,0,0,0,1,1,1,1,1,1
167017,0,1,0,0,1,1,1,1,1,1
167018,0,1,0,0,1,1,1,1,1,1
167019,0,0,0,1,1,1,1,1,1,1
167020,0,1,0,0,1,1,1,1,1,0
167021,0,0,0,0,0,1,1,1,1,0
167022,1,0,0,0,1,1,1,1,1,1
167023,0,0,0,1,1,1,1,1,1,1
167024,0,0,0,1,1,1,1,1,1,1
167025,0,0,0,1,1,0,1,1,1,1
168001,0,1,0,0,1,1,1,1,1,1
168002,0,0,0,1,1,1,0,1,1,1
168003,0,0,0,0,1,1,1,1,1,0
168004,0,0,0,0,1,0,1,1,0,1
168005,0,0,0,1,1,1,1,1,1,1
168006,0,0,0,0,1,1,1,1,1,1
168008,0,0,0,1,1,0,1,1,1,1
168009,0,1,0,1,1,1,0,1,1,1
168010,0,0,0,0,1,1,1,1,1,0
168011,0,0,0,0,1,1,1,1,1,0
168012,0,0,0,1,1,1,1,1,1,1
168013,0,0,0,0,1,1,1,0,1,0
168014,0,0,0,1,1,1,1,1,1,1
168015,0,0,0,1,1,1,1,1,1,1
168016,0,1,0,1,1,1,1,1,1,0
168017,0,0,0,0,1,0,0,1,1,1
168018,0,0,0,0,1,1,1,1,1,0
168019,0,0,0,1,1,0,1,1,1,1
168020,0,0,0,0,1,1,1,1,1,1
168021,0,0,0,0,0,1,1,1,1,1
168022,0,0,0,0,0,1,1,0,1,0
168023,0,0,0,1,1,0,1,1,1,0
168024,0,0,0,0,1,1,1,1,1,0
168025,0,0,0,1,1,1,1,1,1,0
169001,0,0,0,0,1,1,1,1,1,1
169002,0,0,0,0,0,1,1,1,1,0
169003,0,0,0,1,1,1,1,1,1,1
169004,1,0,0,1,0,1,1,1,1,0
169005,0,0,0,0,0,1,1,1,1,0
169006,0,0,0,0,0,1,1,1,1,1
169007,0,0,0,0,0,0,1,1,1,1
169008,0,0,0,0,1,1,1,1,1,0
169009,0,0,0,0,0,1,1,0,1,0
169010,1,0,0,0,1,1,1,0,1,1
169011,0,0,0,0,1,1,1,1,1,0
169012,0,0,0,0,1,1,0,1,1,1
169013,0,0,0,0,1,1,1,1,1,1
169014,0,0,0,0,1,1,0,0,1,0
169015,0,0,0,0,1,1,1,1,1,1
169016,0,0,0,1,1,1,1,1,1,1
169017,0,0,0,1,1,1,1,1,1,1
169018,0,0,0,1,1,1,1,1,1,1
169019,0,0,0,1,1,1,1,1,1,1
169020,0,0,0,0,0,1,0,1,1,0
169021,0,0,0,0,1,1,1,1,1,0
169022,0,0,0,0,0,1,0,0,1,0
169023,0,0,0,0,0,0,0,0,1,0
169024,0,1,0,0,1,1,1,1,1,0
169025,0,0,0,0,1,1,1,1,1,0
170001,0,0,0,0,1,1,1,1,1,1
170002,0,0,0,1,1,1,1,1,1,1
170003,0,0,0,0,1,1,1,1,1,1
170004,0,0,0,1,1,1,1,1,1,1
170005,0,1,0,0,1,1,1,1,1,1
170006,0,0,0,0,1,1,1,1,1,0
170007,0,0,0,1,1,1,1,1,1,1
170008,0,0,0,0,1,1,1,1,1,0
170009,0,1,0,0,1,1,1,1,1,0
170010,0,0,0,0,1,1,1,1,1,1
170011,0,0,0,0,1,1,1,1,1,0
170012,0,1,0,1,1,1,1,1,1,1
170013,0,0,0,0,1,1,1,1,1,0
170014,0,0,0,1,1,1,1,1,1,1
170015,0,0,0,0,1,1,1,1,1,1
170016,0,0,0,0,0,1,0,0,1,0
170017,0,0,0,0,0,1,1,0,0,0
170018,0,1,0,0,1,1,1,1,1,1
170019,0,0,0,0,0,1,1,1,0,0
170020,0,0,0,1,1,1,1,1,1,0
170021,0,0,0,0,0,1,1,0,1,0
170022,1,0,0,1,0,0,1,1,1,0
170023,1,0,0,0,1,1,0,1,1,0
170024,0,0,0,0,0,0,1,0,1,0
170025,0,0,0,0,1,1,0,0,1,0
171001,0,0,0,0,1,1,1,1,1,1
171002,0,0,0,1,1,1,1,1,1,1
171003,0,0,0,1,1,1,1,1,1,1
171004,0,0,0,1,1,1,1,1,1,1
171005,0,0,0,1,1,1,1,1,1,1
171006,0,1,0,0,1,1,1,1,1,0
171007,0,0,0,0,1,1,1,1,1,1
171008,0,0,0,1,1,1,1,1,1,0
171009,0,0,0,1,1,1,1,1,1,1
171010,0,0,0,0,1,1,1,1,1,0
171011,0,0,0,1,1,1,1,1,1,0
171012,0,0,0,1,1,1,1,1,1,1
171013,0,0,0,0,1,1,1,1,1,0
171014,1,1,0,0,1,1,1,1,1,0
171015,0,0,0,1,1,1,1,1,1,1
171016,0,1,0,0,1,1,1,1,1,0
171017,0,1,0,0,1,1,1,0,1,0
171018,0,0,0,0,1,1,1,1,1,1
171019,0,0,0,0,1,1,1,1,1,0
171020,0,0,0,0,1,1,1,1,1,1
171021,0,0,0,1,1,1,1,1,1,0
171022,0,1,0,0,1,1,1,1,1,1
171023,0,0,0,1,1,1,1,1,1,1
171024,0,0,0,1,1,1,1,1,1,0
171025,0,0,0,1,1,1,1,1,1,0
172001,0,0,0,0,1,0,1,1,1,0
172002,0,0,0,0,1,0,1,1,1,0
172003,0,0,0,0,1,0,1,1,1,0
172004,0,0,0,1,1,1,1,1,1,0
172005,0,0,0,1,1,1,1,1,1,0
172006,0,0,0,1,1,1,1,1,1,1
172007,0,0,0,0,1,1,1,1,1,0
172008,0,0,0,0,1,1,1,1,1,0
172009,0,0,0,0,1,1,1,1,1,0
172010,0,0,1,0,1,0,1,1,1,0
172011,0,0,0,0,1,1,1,0,1,0
172012,0,0,0,1,1,1,1,1,1,1
172013,0,0,0,0,1,1,1,0,1,1
172014,1,0,0,1,0,1,1,0,1,1
172015,1,1,0,0,1,1,1,1,1,1
172016,0,0,0,1,1,1,1,1,1,1
172017,0,0,0,0,1,1,1,1,1,0
172018,0,1,0,0,1,0,1,1,1,0
172019,0,0,0,1,1,1,1,1,1,1
172020,0,0,0,1,1,1,1,1,1,1
172021,0,0,0,0,1,1,1,1,1,0
172022,0,0,0,0,1,1,1,1,1,1
172023,0,0,0,0,1,1,1,1,1,0
172024,0,1,0,0,1,1,1,1,1,0
172025,0,0,0,1,1,1,1,1,1,1
173001,0,0,0,1,1,1,1,1,1,0
173002,0,0,0,0,1,1,1,1,1,0
173003,0,0,0,0,1,1,1,1,1,0
173005,0,0,0,1,1,1,1,1,1,1
173006,0,0,0,0,1,1,1,1,1,1
173007,0,0,0,0,1,1,1,1,1,1
173008,0,0,0,0,0,1,1,1,1,0
173009,0,0,0,0,1,1,1,1,1,0
173010,0,1,0,1,1,1,1,1,1,1
173011,0,0,0,1,1,1,1,1,1,1
173012,0,0,1,0,1,1,1,1,1,0
173013,0,0,0,0,1,1,1,1,1,1
173014,0,0,0,0,1,1,1,1,1,0
173015,0,0,0,1,1,1,1,1,1,1
173016,0,0,0,1,1,1,1,1,1,0
173017,0,0,0,1,1,1,1,1,1,0
173018,0,0,0,1,1,1,1,1,1,0
173019,0,0,0,0,1,1,1,1,1,1
173020,0,0,0,0,1,1,1,1,1,1
173021,0,0,0,1,1,1,1,1,1,1
173022,0,0,0,1,1,1,1,1,1,1
173023,0,0,0,0,1,1,1,1,1,1
173024,0,0,0,0,1,1,1,1,1,0
173025,0,0,0,0,1,1,1,1,1,0
174001,0,0,0,0,1,0,1,1,1,1
174002,0,0,0,0,1,0,1,0,1,0
174003,0,0,1,0,1,0,1,0,1,0
174004,0,1,0,0,0,0,0,0,1,0
174005,0,0,0,1,1,0,1,0,1,0
174006,0,0,0,1,1,0,1,1,1,1
174007,0,0,0,1,1,1,1,1,1,1
174008,0,0,0,0,1,1,1,1,1,1
174009,0,0,0,1,1,1,1,1,1,1
174010,0,0,0,0,1,1,1,1,1,0
174011,1,1,0,0,0,1,1,1,1,0
174012,1,0,0,1,1,1,1,1,1,0
174013,0,0,0,1,1,1,1,1,1,0
174014,0,1,1,0,1,1,1,1,1,0
174015,0,0,0,1,1,1,1,1,1,1
174016,1,0,0,1,1,1,1,1,1,0
174017,0,0,0,1,1,1,1,1,1,1
174018,0,0,0,1,1,1,1,1,1,0
174019,0,0,0,0,1,1,1,1,1,0
174020,0,0,0,0,1,1,1,1,1,1
174021,0,0,0,1,1,1,1,1,1,1
174022,0,1,0,1,0,1,1,1,1,0
174023,0,1,0,1,1,1,1,1,1,1
174024,0,0,0,1,1,1,1,1,1,1
174025,0,0,0,1,1,1,1,1,1,1
175001,0,0,0,1,1,1,1,1,1,1
175002,0,1,0,0,1,1,1,1,1,0
175003,0,0,0,0,1,1,1,1,1,1
175004,0,1,0,0,1,1,1,1,1,0
175005,0,0,0,0,1,1,1,1,1,1
175006,0,0,0,0,1,1,1,1,1,0
175007,0,1,0,0,1,0,1,1,1,0
175008,0,0,0,1,1,1,1,1,1,1
175009,0,0,0,0,1,1,1,1,1,1
175010,0,1,0,1,1,1,1,1,1,1
175011,0,0,1,0,1,0,1,1,1,0
175012,0,1,0,0,1,0,1,1,1,1
175013,0,0,0,0,1,1,1,1,1,1
175014,0,0,0,0,1,1,1,1,1,1
175015,1,0,0,1,1,1,1,1,1,1
175016,0,0,0,0,1,1,1,1,1,1
175017,0,0,0,0,0,1,1,1,1,0
175018,0,1,0,0,1,1,1,1,1,0
175019,0,0,0,0,1,1,1,1,1,1
175020,0,0,0,0,1,1,1,1,1,1
175021,0,0,0,0,0,1,1,1,1,0
175022,0,0,0,0,1,1,1,1,1,1
175023,0,,0,0,1,1,1,1,1,0
175024,1,1,0,1,1,1,1,1,1,1
175025,0,0,0,0,1,1,1,1,1,0
176001,0,0,0,0,1,1,1,1,1,1
176002,0,0,0,1,1,0,1,1,1,0
176003,0,0,0,0,1,1,1,1,1,1
176004,1,0,0,1,1,1,1,1,1,1
176005,1,1,0,0,1,1,1,0,1,0
176006,0,0,0,0,1,1,1,1,1,1
176007,0,0,0,1,1,1,1,0,1,1
176008,0,0,0,0,1,1,1,1,0,1
176009,1,1,0,1,1,1,1,1,1,1
176010,0,1,1,1,1,1,1,1,1,1
176011,0,0,0,0,1,1,1,1,1,1
176012,0,0,0,0,1,1,1,1,1,0
176013,0,0,0,1,1,1,1,1,1,1
176014,0,0,0,0,1,1,1,1,1,1
176015,0,0,0,0,1,1,1,1,1,1
176016,0,0,0,0,1,1,1,1,1,1
176017,0,0,0,1,0,1,1,0,1,0
176018,0,0,0,1,1,1,1,1,1,1
176019,0,0,0,0,1,1,1,1,1,1
176020,0,0,0,0,1,1,1,1,1,0
176021,0,1,0,0,1,1,1,0,1,1
176022,0,0,1,0,1,1,1,1,1,1
176023,1,1,0,1,1,1,1,0,1,0
176024,0,0,0,1,1,1,1,1,1,1
176025,0,0,0,1,1,1,1,1,1,1
177001,0,0,0,0,1,1,1,1,1,1
177002,0,0,0,1,1,1,1,1,1,1
177003,0,0,0,0,1,0,1,1,1,1
177004,0,0,0,1,1,0,1,1,1,1
177005,0,1,0,0,1,1,1,1,1,0
177006,0,0,0,0,1,0,1,1,1,1
177007,0,0,0,1,1,1,1,1,1,1
177008,0,0,0,0,0,1,1,0,1,0
177009,0,1,0,0,0,1,1,1,1,0
177010,0,0,0,1,1,1,1,1,1,1
177011,0,1,0,0,1,1,1,1,1,0
177012,0,0,0,1,1,1,1,1,1,1
177013,0,0,0,0,0,0,1,0,1,0
177014,0,0,0,0,1,1,1,1,1,0
177015,0,0,0,0,1,0,1,1,1,1
177016,0,0,0,1,1,1,1,1,1,1
177017,0,0,0,0,1,1,1,1,1,0
177018,0,0,0,0,1,1,1,0,1,0
177019,0,0,1,0,1,1,1,1,1,0
177020,0,0,0,1,1,1,1,1,1,1
177021,0,0,0,0,1,1,1,1,1,1
177022,0,0,0,0,1,1,1,1,1,0
177023,0,0,0,1,1,1,1,1,1,0
177024,0,0,0,0,1,1,1,1,1,1
177025,0,0,0,0,0,1,1,1,1,1
178001,0,1,0,1,1,1,1,1,1,0
178002,0,0,0,1,1,1,1,1,1,1
178003,0,0,0,1,1,1,1,1,1,1
178004,0,0,0,0,1,1,1,1,1,0
178005,0,0,0,0,1,1,1,0,1,0
178006,0,0,0,1,1,1,1,1,1,1
178007,0,1,0,0,1,1,1,1,1,1
178008,0,0,0,0,1,1,1,1,1,0
178009,0,0,0,1,1,1,1,1,1,0
178010,0,1,0,0,1,1,1,1,1,0
178011,0,0,0,0,1,1,1,1,1,1
178012,0,0,0,1,1,0,1,1,1,0
178013,0,0,0,0,0,1,1,1,1,0
178014,0,0,0,0,1,1,1,1,1,0
178015,0,0,0,0,1,1,1,1,1,0
178016,0,0,0,0,1,1,1,1,1,0
178017,0,0,0,0,1,1,1,1,1,0
178018,0,0,0,1,1,1,1,1,1,0
178019,0,0,0,1,1,0,1,1,1,1
178020,0,0,0,1,1,0,1,1,1,1
178021,0,0,0,0,1,1,1,1,1,0
178022,0,1,0,0,1,1,1,1,1,1
178023,0,0,0,1,1,1,1,1,1,1
178024,0,0,0,1,1,1,1,1,1,0
178025,0,0,1,0,1,1,1,1,1,1
179001,0,0,0,1,1,0,1,1,1,1
179002,0,1,0,1,1,0,1,1,1,0
179003,0,0,0,1,1,1,1,1,1,1
179004,0,0,0,1,1,1,1,1,1,0
179005,0,0,0,0,1,1,1,1,1,0
179006,0,0,0,0,1,1,1,0,1,0
179007,0,0,0,0,1,1,1,1,1,0
179008,0,1,0,1,0,1,1,0,1,0
179009,0,0,0,0,1,1,1,1,1,0
179010,0,0,0,1,1,1,1,1,1,0
179011,0,0,0,1,1,1,1,1,1,1
179012,0,0,0,1,1,0,1,1,1,1
179013,0,0,0,0,1,0,1,1,1,0
179014,0,0,0,0,1,1,1,1,1,1
179015,0,0,0,0,1,1,1,1,1,1
179016,0,1,1,0,1,1,1,1,1,1
179017,0,0,0,1,1,0,1,1,1,0
179018,1,0,0,0,1,1,1,1,1,0
179019,0,0,0,0,1,1,1,1,1,1
179020,0,0,0,0,1,1,1,1,1,0
179021,0,0,0,0,1,1,1,1,1,0
179022,0,1,0,0,1,1,1,1,1,0
179023,0,0,0,1,1,1,1,1,1,0
179024,0,0,0,1,1,1,1,1,1,1
179025,0,0,0,0,1,1,1,1,1,0
180001,0,0,0,1,1,1,1,1,1,1
180002,0,1,0,1,1,1,1,1,1,1
180003,0,0,0,0,1,1,1,1,1,1
180004,0,0,0,0,1,1,1,1,1,0
180005,0,0,0,0,1,1,1,0,1,0
180006,0,0,0,1,1,1,1,1,1,0
180007,0,0,0,0,1,1,1,1,1,0
180008,0,0,0,0,1,1,1,1,1,1
180009,0,0,0,1,1,1,1,1,1,1
180010,0,0,0,0,1,1,0,1,1,1
180011,0,0,0,1,1,1,1,1,1,0
180012,0,0,0,0,1,1,0,1,1,0
180013,0,0,0,0,1,1,1,1,1,0
180014,0,1,0,0,1,1,1,1,1,0
180015,0,1,0,0,1,1,1,1,1,1
180016,0,0,0,0,1,1,1,1,1,0
180017,0,0,0,1,1,1,1,1,1,1
180018,0,0,0,0,1,1,1,0,1,0
180019,0,0,0,0,1,1,1,0,0,1
180020,0,,0,1,1,1,1,1,1,0
180021,0,1,0,0,1,1,1,1,1,1
180022,0,0,0,0,1,1,1,1,1,0
180023,0,0,0,0,1,1,1,1,1,1
180024,0,0,0,1,1,1,1,1,1,1
180025,0,0,0,0,1,1,1,1,1,0
181001,0,0,0,0,1,1,1,1,1,1
181002,0,0,0,1,1,1,1,1,1,1
181003,0,0,0,1,1,0,1,1,1,0
181004,0,0,0,1,1,1,1,1,1,1
181005,0,0,0,1,1,1,1,1,1,0
181006,0,0,0,1,1,1,0,1,1,1
181007,0,0,0,1,1,1,1,1,1,0
181008,0,0,0,0,1,1,1,1,1,0
181009,0,0,0,0,0,1,1,1,1,0
181010,0,1,0,0,1,1,1,1,1,0
181011,0,0,0,0,1,1,1,1,1,1
181012,0,0,0,0,1,1,1,0,1,1
181013,0,0,0,1,1,1,1,0,1,0
181014,0,0,0,1,1,1,1,1,1,1
181015,0,0,0,0,1,1,1,1,1,0
181016,0,0,0,0,1,1,1,0,1,1
181017,0,0,0,1,1,1,0,1,1,1
181018,0,0,0,0,0,1,0,1,1,0
181019,0,0,1,1,1,1,1,1,1,1
181020,0,0,0,1,1,0,1,0,1,1
181021,0,0,0,0,1,1,1,1,1,0
181022,0,0,0,0,1,1,1,1,1,0
181023,0,1,0,1,1,1,1,1,1,1
181024,0,0,0,0,0,1,1,1,1,0
181025,0,0,0,1,1,0,1,0,1,0
182001,0,0,0,1,1,1,1,1,1,1
182002,0,1,0,0,1,1,1,0,1,1
182003,0,0,0,0,1,1,1,1,1,1
182004,0,0,0,1,1,1,1,1,1,1
182005,0,0,0,0,1,1,1,1,1,0
182006,0,1,0,1,1,1,1,1,1,1
182007,0,0,0,0,0,1,0,0,1,0
182008,0,0,0,0,0,1,1,0,1,0
182009,1,1,0,0,0,1,1,0,1,0
182010,0,0,0,0,1,1,1,0,1,0
182011,0,1,0,0,0,1,1,0,1,0
182012,0,0,0,0,1,1,1,0,1,0
182013,0,1,0,0,1,1,1,1,1,0
182014,0,0,0,0,0,0,1,1,1,0
182015,0,,0,1,1,1,1,1,1,1
182016,0,0,0,0,0,1,0,1,1,0
182017,0,0,0,1,1,1,1,1,1,1
182018,0,0,0,1,1,1,0,1,1,1
182019,0,0,0,0,1,1,0,1,1,1
182020,1,1,0,0,1,1,1,1,1,0
182021,0,0,0,0,1,1,1,1,1,1
182022,0,0,0,0,1,0,1,1,0,0
182023,0,0,0,0,1,1,1,1,1,1
182024,0,0,0,0,1,0,0,1,1,1
182025,0,0,0,0,1,1,1,1,1,1
183001,0,0,0,0,1,1,1,1,1,0
183002,0,0,0,0,1,1,1,1,1,1
183003,0,0,0,0,1,1,1,1,1,1
183004,0,0,0,0,1,1,1,0,1,0
183005,0,0,0,0,1,1,1,1,1,0
183006,0,0,0,0,1,1,1,1,1,1
183007,0,0,0,0,1,1,1,1,1,0
183008,0,0,0,1,1,1,1,1,1,1
183009,0,1,0,0,1,1,1,1,1,1
183010,1,0,0,0,1,1,1,1,1,0
183011,0,0,0,0,1,1,1,1,1,0
183012,0,1,0,0,1,1,1,1,1,1
183013,0,0,0,0,1,1,1,1,1,0
183014,0,1,0,0,1,1,1,1,1,1
183015,0,1,0,0,1,1,1,1,1,0
183016,0,1,0,0,1,1,1,1,1,1
183017,0,0,0,1,1,1,1,1,1,0
183018,1,0,0,0,1,1,1,1,1,1
183019,0,0,0,0,1,1,1,1,1,0
183020,0,0,0,0,1,1,1,1,1,0
183021,0,0,0,0,1,1,1,1,1,0
183022,0,0,0,0,0,1,1,1,1,0
183023,0,0,0,0,1,1,1,1,1,0
183024,0,0,0,0,1,1,1,1,1,0
183025,0,1,0,0,1,1,1,1,1,0
184001,0,0,0,0,1,1,1,1,1,0
184002,0,0,0,0,1,1,1,1,1,0
184003,0,0,0,0,1,1,1,1,1,1
184004,0,0,0,1,1,1,1,1,1,1
184005,0,0,0,0,1,1,1,1,1,0
184006,0,0,0,0,0,1,1,1,1,1
184007,0,0,0,0,1,1,1,1,1,0
184008,0,0,0,0,1,1,1,1,1,1
184009,0,0,0,1,1,1,1,1,1,1
184010,0,0,0,0,1,1,1,1,1,0
184011,0,0,0,0,1,1,1,1,1,0
184012,0,,0,0,1,1,1,1,1,1
184013,0,0,0,0,1,1,1,1,1,0
184014,0,0,0,0,1,1,1,1,1,0
184015,0,,0,0,1,1,1,1,1,1
184016,0,1,0,0,1,1,1,1,1,0
184017,0,0,0,1,1,1,1,1,1,1
184018,0,0,0,1,1,1,1,1,1,1
184019,0,0,0,1,1,1,1,1,1,1
184020,0,0,0,1,1,1,1,1,1,1
184021,0,,0,0,1,1,1,1,1,0
184023,0,0,0,1,1,1,1,1,1,1
184024,0,0,0,0,1,1,1,1,1,0
184025,0,0,0,0,1,1,1,1,1,1
185001,0,0,0,0,1,1,1,1,1,0
185002,0,0,0,0,1,0,1,1,1,0
185003,0,0,0,0,1,1,1,1,0,0
185004,0,0,0,0,1,0,1,1,1,1
185005,0,0,0,1,1,0,1,1,1,1
185006,0,0,0,0,1,1,1,1,1,0
185007,0,,0,0,1,0,1,1,1,0
185008,0,0,0,0,1,1,1,1,1,0
185010,0,0,1,1,1,0,1,1,1,0
185011,0,0,0,1,1,0,1,1,1,1
185012,0,0,0,0,1,0,1,1,1,0
185013,0,,0,0,0,0,1,1,1,1
185014,0,0,0,1,1,1,1,1,1,0
185015,0,0,0,0,1,0,1,1,1,0
185016,0,0,0,0,1,0,1,1,1,1
185017,0,0,0,1,1,0,1,1,1,1
185018,1,0,0,0,1,1,1,1,1,0
185019,0,0,0,1,1,0,1,1,1,0
185020,0,0,0,0,1,0,1,1,1,0
185021,0,0,0,1,1,0,1,1,1,0
185022,0,0,0,0,1,0,1,1,1,0
185024,0,0,0,0,1,0,1,1,1,0
185025,0,0,0,0,1,0,1,1,1,0
186001,0,0,0,0,1,0,1,1,1,0
186002,0,0,0,0,1,0,1,1,1,0
186003,0,0,0,0,1,1,1,1,1,0
186004,0,0,0,0,1,0,1,1,1,1
186005,0,0,0,0,1,0,1,1,1,0
186007,0,0,0,1,1,0,1,1,1,1
186008,0,0,0,0,1,0,1,1,1,0
186009,0,0,0,0,1,0,1,1,1,0
186010,0,0,0,0,1,0,1,1,1,0
186011,0,1,0,0,1,0,1,1,1,0
186012,0,0,0,0,1,0,1,1,1,0
186013,0,0,0,0,1,0,1,1,1,0
186015,0,0,0,0,1,0,1,1,1,0
186016,0,0,0,0,1,0,1,1,1,0
186017,0,0,0,0,1,0,1,1,1,0
186018,0,1,0,0,1,0,1,1,1,0
186019,0,0,0,1,1,0,1,1,0,0
186020,0,0,0,0,1,0,1,1,1,0
186021,0,0,0,0,1,0,1,1,1,0
186022,0,0,0,0,1,0,1,1,1,0
186023,0,,0,0,1,0,1,0,1,0
186024,0,0,0,0,1,0,1,1,1,1
187001,0,0,0,1,1,0,1,1,1,0
187002,0,0,0,1,1,0,1,1,1,0
187003,0,0,0,0,1,1,1,1,1,0
187004,0,0,0,0,1,0,1,1,1,0
187005,0,0,1,0,1,1,1,1,1,0
187006,0,0,0,1,1,0,1,1,1,1
187007,1,0,0,0,1,1,1,1,1,0
187008,1,0,0,0,1,0,1,1,1,0
187009,0,1,0,1,1,1,1,1,1,1
187010,0,0,0,0,1,0,0,1,1,0
187011,0,0,0,0,1,0,1,1,1,0
187012,0,1,0,0,1,1,1,1,1,1
187013,0,0,0,1,1,0,1,1,1,1
187014,0,0,0,0,0,1,1,0,1,0
187015,0,1,0,0,1,1,0,0,1,0
187016,0,0,0,1,1,1,1,1,1,1
187018,0,1,0,0,1,1,1,1,1,0
187019,0,0,0,1,1,1,1,1,1,1
187021,0,,0,0,1,0,1,1,1,1
187022,0,0,0,1,1,0,1,1,1,0
187023,0,0,0,1,1,0,1,1,1,0
187024,0,0,0,0,1,1,1,1,1,0
187025,0,0,0,0,1,1,1,1,1,0
188001,0,0,0,1,1,1,1,1,1,1
188002,,0,0,0,0,0,1,1,1,0
188004,0,0,0,1,0,1,1,1,1,0
188005,0,0,0,0,1,1,1,1,1,1
188006,0,0,0,0,0,0,1,1,1,0
188007,0,0,1,0,0,0,1,1,1,0
188008,0,0,0,1,1,0,1,1,1,1
188009,0,0,0,0,0,0,1,0,1,0
188010,0,0,0,0,0,1,1,1,1,0
188011,0,0,0,0,0,1,1,1,1,0
188014,0,0,0,0,0,0,1,0,1,0
188015,0,0,0,0,0,1,1,1,1,0
188016,0,0,0,0,0,0,1,1,1,0
188017,0,0,0,0,0,1,1,0,1,0
188018,0,0,0,0,0,1,1,1,1,0
188019,0,0,0,0,0,1,1,1,1,1
188020,0,0,0,0,0,0,1,0,1,0
188021,0,0,0,0,0,1,1,1,1,0
188022,0,0,0,0,0,0,1,1,1,0
188023,0,0,0,0,0,0,1,1,1,0
188024,0,0,1,0,1,0,1,1,1,0
188025,0,0,0,0,0,0,1,1,1,0
189001,0,0,0,1,1,1,1,1,1,1
189002,0,0,0,1,1,1,1,1,1,1
189003,0,0,0,1,1,1,1,1,1,1
189004,0,0,0,0,1,1,1,1,1,1
189005,0,0,0,0,1,1,1,1,1,1
189006,0,0,0,0,1,1,0,1,1,0
189007,0,0,0,0,1,1,1,0,1,0
189008,0,0,0,1,1,1,1,1,1,1
189009,0,1,0,0,1,1,1,1,1,0
189010,0,0,0,0,1,1,1,1,1,1
189011,0,0,0,1,1,1,1,1,1,1
189012,0,0,0,0,1,1,1,1,1,0
189013,0,0,0,0,1,1,1,1,1,1
189014,0,0,0,0,0,1,1,1,1,0
189015,0,0,0,0,1,1,1,1,1,0
189016,0,0,0,0,1,1,1,1,1,0
189017,0,0,0,0,1,1,1,1,1,1
189018,0,0,0,0,1,1,1,1,1,1
189019,0,1,0,0,1,0,1,1,1,0
189020,0,0,0,0,1,1,1,0,1,1
189021,0,0,0,0,1,1,1,1,1,1
189022,0,0,0,1,1,1,1,1,1,1
189023,1,0,0,1,1,0,1,1,1,1
189024,0,0,0,0,0,1,1,1,1,0
189025,0,0,0,1,1,1,1,1,1,1
190001,0,0,0,1,0,1,1,0,1,0
190002,0,0,0,0,1,1,1,1,1,0
190003,1,0,0,1,1,1,1,1,1,1
190004,0,1,0,0,1,1,1,1,1,1
190005,0,0,0,1,1,1,1,0,1,1
190006,1,,0,0,1,1,1,1,1,0
190007,0,0,0,1,1,1,1,1,1,1
190008,0,,0,1,1,1,1,1,1,0
190009,0,0,0,0,0,1,1,0,1,0
190010,0,0,0,1,1,1,1,1,1,1
190011,0,0,0,0,1,1,1,1,1,0
190012,0,0,0,0,1,1,1,1,1,1
190013,0,0,0,1,1,1,1,1,1,0
190014,0,,0,0,1,1,1,1,1,1
190015,0,0,0,0,1,1,1,1,1,1
190016,0,0,0,1,1,1,1,1,1,1
190017,0,0,0,1,1,1,1,1,1,0
190018,0,,0,0,1,1,1,1,1,1
190019,0,0,0,0,1,1,1,1,1,1
190020,0,0,0,1,1,1,1,1,1,0
190021,0,0,0,0,1,1,0,1,1,0
190022,0,0,0,1,1,1,1,1,1,1
190023,0,0,0,0,1,1,1,1,1,0
190024,0,0,0,1,1,1,1,1,1,1
190025,0,0,0,0,1,1,1,1,1,1
191001,0,0,0,0,1,1,0,1,1,0
191002,0,1,0,0,1,1,1,0,1,0
191003,0,1,0,0,1,1,1,1,1,0
191004,0,0,0,0,1,1,1,0,1,0
191005,0,0,0,0,1,1,1,1,1,1
191006,0,0,0,0,1,0,1,0,1,0
191007,0,0,0,0,1,1,1,0,1,0
191008,0,0,0,0,0,1,0,0,0,0
191009,0,0,0,0,0,1,0,0,1,0
191010,0,0,0,0,1,1,1,1,1,0
191011,0,0,0,0,1,1,1,0,1,0
191012,0,,0,0,1,1,1,1,1,1
191013,0,0,0,0,1,1,1,1,1,0
191014,0,,0,0,1,1,1,1,1,0
191015,0,0,0,0,1,1,1,0,1,0
191016,0,0,0,0,1,1,1,0,1,0
191017,0,0,0,0,1,1,1,1,1,0
191018,0,0,0,0,1,1,1,0,1,1
191019,0,1,0,1,1,1,1,0,1,1
191020,0,0,0,0,1,1,1,0,1,0
191021,0,0,0,1,1,1,1,1,1,1
191022,0,0,0,0,1,1,0,0,1,0
191023,0,0,0,0,1,0,1,1,1,0
191024,0,0,0,0,1,1,1,1,1,0
191025,0,,0,1,1,1,1,1,1,1
192001,0,0,0,0,1,1,1,1,1,0
192002,0,1,0,0,1,1,1,1,1,0
192003,0,0,1,0,1,1,1,1,1,1
192004,0,0,0,1,1,1,1,1,1,1
192005,0,0,0,1,1,1,1,1,1,1
192006,0,1,0,0,1,1,1,1,1,1
192007,0,1,0,0,1,1,1,1,1,1
192008,0,0,0,1,1,0,1,1,1,1
192009,0,0,0,1,1,1,1,1,1,1
192010,0,0,0,1,1,1,1,1,1,1
192011,0,1,0,0,1,0,0,1,1,1
192012,0,0,0,0,0,1,1,1,1,0
192013,0,1,0,0,1,0,1,1,1,0
192014,0,0,0,0,1,0,1,1,1,0
192015,1,1,0,0,1,1,1,1,1,1
192016,0,1,0,0,1,1,1,1,1,0
192017,0,0,0,1,1,1,1,1,1,1
192018,0,0,0,1,0,1,1,1,1,0
192019,0,1,0,1,1,1,1,0,1,0
192020,0,0,0,1,1,1,1,1,1,0
192021,0,,0,0,1,1,1,1,1,0
192022,0,0,0,1,1,1,1,1,1,1
192023,0,0,0,0,1,1,1,1,1,1
192024,0,0,0,0,1,1,1,1,1,0
192025,0,0,0,1,1,1,1,1,1,1
193001,0,0,0,1,0,0,1,1,1,0
193003,0,0,0,1,0,0,1,1,1,0
193004,0,0,0,0,0,0,1,0,1,0
193005,0,1,0,1,0,1,1,1,1,0
193006,0,1,0,0,0,1,1,1,1,0
193007,0,1,1,0,0,1,1,1,1,1
193008,0,0,0,0,0,0,1,1,1,0
193009,0,0,0,0,0,1,1,1,0,0
193010,0,0,0,0,0,1,0,1,0,0
193011,0,0,0,0,0,0,1,1,1,0
193012,0,0,0,1,1,0,1,1,1,0
193013,0,0,0,0,0,1,1,1,1,0
193015,0,0,0,0,1,0,1,1,0,1
193016,0,1,0,1,0,0,1,1,1,0
193017,0,1,0,0,0,0,1,0,1,0
193019,0,0,0,0,0,0,1,0,1,0
193020,0,0,0,0,0,1,1,0,1,0
193021,0,0,0,0,0,1,1,1,0,0
193022,1,0,0,0,1,1,1,1,1,0
193023,0,0,0,0,1,0,1,1,1,0
193024,0,0,0,0,1,1,1,1,1,0
193025,0,0,0,0,0,1,1,1,0,0
194001,0,0,0,0,1,1,1,1,1,1
194002,0,1,0,0,1,1,1,1,1,0
194003,0,0,0,0,1,1,1,1,1,0
194004,0,0,0,0,1,1,1,1,1,0
194005,0,0,0,0,1,1,1,1,1,0
194006,0,0,0,0,1,1,1,1,1,1
194007,0,0,0,0,1,1,1,1,1,1
194008,0,0,0,0,1,1,1,1,1,1
194009,0,0,0,0,1,1,1,1,1,0
194010,0,1,0,0,1,1,1,1,1,1
194011,0,0,0,0,1,1,1,1,1,0
194012,0,0,0,0,1,1,1,1,1,0
194013,0,0,0,0,1,1,1,0,1,1
194014,0,0,0,1,1,1,1,1,1,1
194015,0,1,0,0,1,1,1,1,1,1
194016,0,0,0,1,1,1,0,1,1,0
194017,0,0,0,1,1,1,1,1,1,1
194018,0,0,0,0,1,0,1,1,1,0
194019,0,0,0,0,1,1,1,1,1,0
194020,0,0,0,0,1,1,1,1,1,1
194021,0,0,0,0,1,1,1,1,1,1
194022,0,0,0,0,1,1,1,1,1,0
194023,0,0,0,1,1,1,1,1,1,1
194024,0,0,0,1,1,1,1,1,1,0
194025,0,0,1,0,1,1,1,1,1,0
195001,0,0,0,1,1,1,1,1,1,0
195002,0,0,0,0,1,1,1,1,1,0
195003,0,0,0,1,1,1,1,1,1,1
195004,0,1,0,0,1,1,1,1,1,0
195005,0,0,0,0,1,1,1,1,1,0
195006,0,0,0,0,1,0,1,1,1,0
195007,0,0,0,1,0,1,1,1,1,0
195008,1,0,0,0,1,1,1,1,1,0
195009,,0,0,0,1,1,1,1,1,1
195010,0,0,0,0,1,1,1,1,1,1
195011,1,0,0,0,1,1,1,1,1,1
195013,0,0,0,0,1,0,1,1,1,0
195015,0,0,0,0,1,1,1,1,1,0
195016,0,0,0,1,1,1,1,1,1,1
195017,0,0,0,0,1,1,1,0,1,0
195019,0,0,0,0,1,1,1,1,1,0
195021,0,0,0,0,1,1,1,1,1,1
195022,0,0,0,1,1,1,1,1,1,1
195023,0,0,0,1,1,1,1,1,1,1
195024,0,0,0,0,1,1,1,1,1,0
195025,0,0,0,1,1,1,1,1,1,0
196001,0,0,0,0,1,1,1,1,1,0
196002,0,0,0,0,1,0,1,1,1,0
196004,0,0,0,0,1,0,1,1,1,0
196005,0,0,0,1,1,0,1,1,1,1
196006,0,0,0,1,1,0,1,1,1,1
196007,0,0,0,1,1,0,1,1,1,0
196008,0,0,0,1,1,0,1,1,1,1
196009,0,0,0,1,1,1,1,1,1,1
196010,0,0,0,0,1,0,1,1,1,0
196011,0,0,0,0,1,0,1,1,1,0
196012,0,0,0,1,1,0,1,1,1,1
196014,0,0,0,1,1,1,1,1,1,0
196015,0,0,0,1,1,0,1,1,1,0
196016,0,0,0,1,1,0,1,1,1,0
196017,0,0,0,0,1,0,1,1,1,0
196018,0,0,0,0,1,0,1,1,0,0
196019,0,0,0,1,1,0,1,1,1,1
196021,0,0,0,1,1,1,1,1,1,1
196022,0,0,0,1,1,0,1,1,1,1
196023,0,0,0,0,1,0,1,1,1,0
196024,0,0,0,1,1,0,1,1,1,0
196025,1,0,0,0,1,1,1,1,1,0
197002,0,0,0,1,0,0,1,1,1,1
197003,0,0,0,1,1,0,1,1,1,1
197004,0,0,0,1,1,1,1,1,1,0
197005,0,0,0,0,1,0,1,1,1,0
197006,0,0,0,1,1,1,1,1,1,1
197007,0,0,0,1,1,1,1,1,1,1
197008,0,0,0,1,1,1,1,1,1,1
197009,0,0,0,1,1,1,1,1,1,0
197010,0,0,0,1,1,0,1,1,1,0
197011,0,0,0,0,1,0,1,1,1,0
197012,0,0,0,1,1,1,1,1,1,1
197013,1,0,0,1,1,1,1,1,1,1
197015,1,0,0,0,1,1,1,1,1,0
197016,0,0,0,1,1,0,1,1,1,1
197017,0,0,0,1,1,0,1,1,1,0
197018,0,0,0,1,1,1,1,1,1,1
197019,0,1,0,1,1,0,1,1,1,0
197020,0,0,0,0,1,1,1,1,1,0
197021,0,0,0,1,1,0,1,1,1,1
197024,0,0,0,0,1,0,1,1,1,0
197025,0,1,0,1,1,0,1,1,1,0
198001,0,0,0,0,1,0,1,1,1,1
198002,1,0,0,0,1,1,1,1,1,0
198003,0,0,0,0,1,1,1,1,1,1
198004,0,0,0,0,1,1,1,1,1,1
198005,0,0,0,1,1,0,1,1,1,0
198006,0,0,0,1,1,1,1,1,1,0
198007,0,0,1,0,1,1,1,1,1,0
198008,0,0,0,1,1,1,1,1,1,1
198009,0,0,0,0,1,0,0,0,1,0
198010,0,0,0,0,1,1,1,1,1,1
198011,0,0,0,1,1,1,1,1,1,1
198012,0,0,0,0,1,0,1,1,1,0
198013,0,0,0,0,1,0,1,1,1,0
198014,0,0,0,0,1,1,1,1,1,0
198015,0,0,0,0,0,0,1,1,1,0
198016,0,0,0,0,1,0,1,0,1,0
198017,0,0,0,0,1,0,1,1,1,0
198018,0,0,0,0,1,1,1,1,1,1
198019,1,0,0,0,1,0,1,1,1,0
198020,0,0,0,0,1,0,1,1,1,0
198021,0,0,0,1,1,0,1,1,1,0
198022,0,0,0,0,1,0,1,1,1,1
198023,0,1,0,0,1,0,1,1,1,0
198024,0,0,1,1,1,0,1,1,1,1
198025,0,0,1,0,1,0,0,1,1,0
199001,0,0,0,1,1,0,1,1,1,1
199002,0,0,0,0,1,1,1,1,1,0
199003,0,1,0,0,1,1,1,1,1,0
199004,0,0,1,0,1,1,0,1,1,0
199005,0,0,0,1,1,1,1,1,1,0
199006,0,0,0,1,1,1,1,1,1,1
199007,0,0,0,0,1,1,1,1,1,0
199008,0,0,0,1,1,1,1,1,1,1
199009,0,0,0,0,1,1,1,1,1,0
199010,0,1,0,0,1,0,1,1,1,1
199011,0,0,0,1,1,0,1,1,1,1
199012,0,0,0,1,1,1,1,1,1,1
199013,0,0,0,0,1,1,1,1,1,0
199014,0,0,0,0,1,1,1,1,1,0
199015,0,0,0,1,1,1,1,1,1,1
199016,0,1,1,1,1,1,1,1,1,1
199017,0,0,0,0,1,1,1,1,1,0
199018,0,0,0,0,1,1,1,1,1,0
199019,0,0,1,1,0,1,1,1,1,0
199020,0,0,0,1,1,1,1,1,1,1
199021,0,0,0,1,1,1,1,1,1,0
199022,0,0,0,0,1,1,1,1,1,0
199023,0,0,0,0,1,1,1,1,1,0
199024,0,0,0,1,1,1,1,1,1,0
199025,0,0,0,1,1,1,1,1,1,1
200001,0,0,1,0,1,0,1,1,1,0
200002,1,0,0,1,1,1,1,1,1,0
200003,0,0,0,1,1,1,1,1,1,0
200004,0,0,1,1,1,1,1,1,1,0
200005,0,0,1,1,1,1,1,1,1,1
200006,0,0,0,1,1,1,1,1,1,1
200007,0,1,0,1,1,1,1,1,1,1
200008,0,1,1,1,1,1,1,1,1,1
200009,0,0,1,1,1,1,1,1,1,1
200010,0,0,0,1,1,1,1,1,1,1
200011,0,0,0,0,1,1,1,1,1,0
200012,0,0,0,1,1,1,1,1,1,1
200013,0,1,0,0,1,1,1,1,1,0
200014,0,0,0,0,1,1,1,1,1,1
200015,0,0,0,1,1,1,1,1,1,0
200016,0,0,0,1,1,1,1,1,1,1
200017,0,0,0,1,1,1,1,1,1,1
200018,0,1,0,1,1,1,1,1,1,1
200019,0,0,0,1,1,1,1,1,1,1
200020,0,1,0,1,1,1,1,1,1,1
200021,0,0,0,1,1,1,1,1,1,1
200022,0,0,0,1,1,1,1,1,1,1
200023,1,0,1,1,1,1,1,1,1,0
200024,0,1,1,1,1,1,1,1,1,1
200025,0,1,0,1,1,1,1,1,1,0
201001,0,0,0,0,0,0,1,1,0,0
201002,0,0,0,0,1,0,1,0,0,0
201003,0,0,0,0,0,1,1,1,0,0
201004,0,0,0,0,0,0,1,0,0,0
201005,0,0,0,0,0,0,1,0,0,0
201006,0,0,0,0,0,0,1,1,0,0
201007,0,0,0,0,0,0,1,0,0,0
201008,0,0,0,0,0,0,1,0,1,0
201009,0,0,0,0,0,0,1,0,0,0
201010,0,0,0,0,0,0,1,1,0,0
201011,0,,0,0,0,0,1,0,1,0
201012,0,0,0,0,0,0,1,0,1,0
201013,0,0,0,0,1,0,1,1,0,0
201014,0,0,0,0,1,0,1,1,1,0
201015,0,0,0,0,0,0,1,1,0,1
201016,0,1,0,0,0,0,1,0,0,0
201017,0,0,0,0,1,0,1,1,1,1
201018,0,0,0,0,0,0,1,1,1,0
201019,0,,0,0,1,0,1,1,1,0
201020,0,0,0,0,0,0,1,0,0,0
201021,0,0,0,0,0,1,1,0,0,0
201022,0,0,0,0,0,0,1,1,0,0
201023,0,0,0,0,1,0,0,0,1,0
201024,0,0,0,0,0,0,1,1,1,0
201025,0,0,0,0,0,0,1,1,1,1
202001,0,1,1,0,0,0,1,1,1,0
202002,0,0,0,1,1,0,1,1,1,0
202003,0,0,0,0,0,0,1,0,0,0
202004,0,0,0,1,1,0,1,1,1,0
202005,0,0,0,0,1,0,1,1,1,0
202006,0,0,0,0,1,0,1,1,1,1
202007,0,0,0,0,0,0,1,0,1,0
202008,0,0,0,0,1,0,1,1,1,0
202009,0,0,0,1,1,0,1,1,0,1
202010,0,0,0,0,0,0,1,0,0,0
202011,0,0,0,0,0,0,0,0,0,0
202012,0,1,0,0,0,0,1,1,1,0
202013,0,0,0,0,1,0,1,0,1,0
202014,0,0,0,0,1,0,1,1,1,0
202015,0,0,0,0,0,0,1,0,0,0
202016,0,1,0,1,1,0,1,1,1,0
202017,0,0,0,0,1,0,1,1,1,0
202018,0,0,0,0,0,0,1,0,0,0
202019,0,0,0,0,0,0,1,1,0,0
202020,0,0,1,0,0,0,1,0,1,0
202021,0,0,0,0,1,0,1,1,1,1
202022,0,0,0,0,0,0,1,1,0,0
202023,0,1,0,0,0,0,1,0,1,0
202024,0,0,0,1,0,1,1,1,1,0
202025,0,0,0,0,1,0,1,0,0,0
203001,1,0,0,0,0,0,0,0,0,0
203002,0,0,0,0,0,0,0,0,0,0
203003,0,0,0,1,0,0,1,0,1,0
203004,0,0,0,1,1,0,1,1,1,0
203005,0,0,0,1,1,0,1,1,1,1
203006,0,1,1,1,1,0,1,1,1,0
203007,0,0,0,0,0,0,1,1,1,0
203008,0,0,0,0,1,0,1,1,1,0
203009,0,0,0,1,1,0,1,1,0,0
203010,0,1,0,1,1,0,1,1,1,1
203011,0,1,1,0,1,0,1,1,1,0
203012,0,0,0,0,1,0,1,1,1,1
203013,0,,1,0,1,0,1,0,1,0
203014,0,1,0,0,0,0,1,0,0,0
203015,0,0,0,1,0,0,1,1,1,0
203016,0,1,0,0,1,0,1,1,1,0
203017,0,0,0,0,0,0,1,1,1,0
203018,0,0,0,0,1,0,1,1,1,0
203019,0,0,0,1,1,0,1,1,1,1
203020,0,0,0,0,0,0,1,1,0,0
203021,0,0,0,0,1,0,1,1,1,0
203022,0,0,0,0,0,0,1,1,0,0
203023,0,,0,0,0,0,1,1,1,0
203024,0,1,0,0,1,0,1,1,1,0
203025,0,0,0,0,1,1,1,1,1,0
204001,0,0,0,1,1,0,1,0,1,0
204002,0,0,0,0,1,0,1,1,1,0
204003,0,0,0,1,1,0,1,1,1,0
204004,0,0,0,0,1,0,1,1,1,0
204005,0,1,0,0,1,0,1,1,1,0
204006,0,1,0,0,1,0,1,1,1,0
204007,0,0,0,0,1,0,1,1,1,0
204008,0,0,0,0,1,0,1,1,1,0
204009,0,0,0,1,1,0,1,1,1,0
204010,0,0,0,1,1,0,1,1,1,1
204011,0,1,0,1,1,0,1,1,1,1
204012,0,1,0,0,1,0,1,1,1,0
204013,0,0,0,1,1,0,1,1,1,0
204014,0,0,0,0,1,0,1,1,1,1
204015,0,0,0,0,1,0,1,1,1,0
204016,0,1,0,0,1,0,1,1,1,0
204017,0,0,0,0,1,0,1,1,1,1
204018,0,0,0,0,1,0,1,1,1,0
204019,1,0,0,1,1,0,1,1,1,1
204020,0,0,0,1,1,0,1,1,1,0
204021,0,0,0,0,1,0,1,1,1,0
204022,0,0,0,0,1,0,1,1,1,0
204023,0,0,0,1,1,0,1,1,1,1
204024,0,0,0,0,1,0,1,1,1,0
204025,0,0,0,1,1,0,1,1,1,0
205001,0,1,0,0,0,1,1,0,1,0
205002,0,0,0,0,1,0,1,1,1,0
205003,0,0,0,1,0,0,1,1,1,0
205004,0,0,0,1,1,0,1,1,1,0
205005,0,0,0,1,1,0,1,1,1,1
205006,0,0,0,0,1,0,1,0,1,0
205007,0,0,0,0,1,0,1,1,1,1
205008,1,1,1,0,1,0,1,1,1,0
205009,0,0,0,1,0,0,1,1,1,1
205010,0,0,0,0,1,0,1,0,0,0
205011,0,0,0,0,1,1,1,1,1,0
205012,0,0,0,0,1,0,1,1,1,0
205013,0,0,0,0,1,0,1,1,1,0
205014,0,0,0,0,1,0,1,1,1,0
205015,0,0,0,1,1,0,1,1,0,0
205016,0,0,0,1,1,0,1,0,1,1
205017,0,0,0,0,0,0,1,1,0,1
205018,0,0,0,1,1,0,1,1,1,0
205019,0,0,0,0,0,0,1,1,0,0
205020,0,0,0,0,0,0,1,0,0,0
205021,0,1,0,0,1,0,1,0,1,0
205022,0,0,0,0,0,0,1,0,1,0
205023,0,0,0,0,0,0,1,1,1,0
205024,0,0,0,0,0,0,1,1,1,0
205025,0,0,0,0,1,1,1,0,0,0
206001,0,0,0,1,1,0,1,1,1,1
206002,0,0,0,0,1,0,1,1,1,0
206003,0,0,0,0,1,0,1,1,1,1
206004,0,0,0,0,1,0,1,1,1,1
206005,0,0,0,1,1,0,1,1,1,1
206006,0,0,0,1,1,0,1,0,0,0
206007,0,0,0,0,0,0,1,1,1,0
206008,0,,0,0,0,0,1,0,1,0
206009,0,0,1,0,0,0,1,1,1,0
206010,0,0,0,0,0,0,1,1,1,0
206011,0,1,0,1,1,0,1,1,1,1
206012,0,0,0,0,0,0,1,0,0,0
206013,0,1,0,0,1,0,1,1,1,0
206014,0,0,0,0,1,0,1,1,1,1
206015,0,1,0,0,1,0,1,1,1,0
206016,0,0,0,0,1,0,1,1,1,0
206017,0,0,0,0,1,0,1,0,1,1
206018,0,0,0,0,1,0,1,1,1,1
206019,0,0,0,0,1,0,1,1,1,1
206020,0,0,0,0,1,0,1,1,1,0
206021,0,0,0,0,0,0,1,1,1,0
206022,0,0,0,0,0,0,1,1,0,1
206023,0,1,0,0,0,0,1,0,1,0
206024,0,0,0,0,1,0,1,1,1,0
206025,0,0,0,0,0,0,1,0,1,0
207001,0,0,0,1,1,1,1,1,1,1
207002,0,0,0,0,1,1,1,1,1,0
207003,0,0,0,1,1,0,1,1,1,1
207004,0,0,1,0,1,0,1,1,1,0
207005,0,0,0,1,1,0,1,1,1,1
207006,0,0,0,1,1,0,1,1,1,1
207007,0,0,0,1,1,0,1,1,1,0
207008,0,0,0,1,1,0,1,1,1,0
207009,0,0,0,0,1,0,1,1,1,1
207010,0,1,0,0,1,0,1,1,1,0
207011,0,0,0,0,1,0,1,1,1,1
207012,0,0,0,0,1,0,1,1,1,0
207013,0,1,0,0,1,1,1,1,1,0
207014,0,0,0,1,1,0,1,1,1,1
207015,0,0,0,1,1,0,1,1,1,1
207016,0,1,0,0,1,0,1,1,1,0
207017,0,0,0,1,1,0,1,1,1,0
207018,0,0,0,0,1,0,1,1,1,0
207019,0,0,0,0,1,1,1,0,1,0
207020,0,1,0,0,1,0,1,1,1,0
207021,0,1,0,1,1,0,1,1,1,1
207022,0,0,0,1,1,0,1,1,1,1
207023,0,0,0,0,1,1,1,1,1,1
207024,0,0,0,1,1,0,1,1,1,1
207025,0,0,0,1,1,0,1,1,1,0
208001,0,0,0,1,1,0,1,1,1,1
208002,0,1,0,1,1,0,1,1,1,0
208003,0,1,0,0,0,0,1,1,1,0
208004,0,0,0,0,1,0,1,1,1,0
208005,0,1,0,1,1,0,1,0,1,0
208006,0,0,0,1,1,0,1,1,1,1
208007,0,0,0,0,1,0,1,1,1,0
208008,0,1,0,0,1,0,1,1,1,0
208009,0,0,0,0,1,0,1,1,1,0
208010,0,1,0,0,1,1,1,1,1,0
208011,0,0,0,0,1,0,1,0,1,0
208012,0,1,0,1,1,0,1,1,1,1
208013,0,0,0,0,1,0,1,1,1,0
208014,0,0,0,0,1,0,1,1,1,0
208015,0,1,0,0,1,0,1,1,0,0
208016,0,0,0,1,1,0,1,1,1,1
208017,0,1,0,1,1,0,1,1,1,1
208018,0,1,0,0,1,0,1,1,1,1
208019,0,0,0,1,1,0,1,1,1,0
208020,0,0,0,1,1,0,1,1,1,1
208021,0,0,0,1,1,0,1,1,1,1
208022,0,0,0,0,1,0,0,1,1,0
208023,0,0,0,0,1,0,1,1,1,0
208024,0,0,0,0,1,0,1,1,0,0
208025,0,1,0,0,1,0,1,0,1,1
209001,0,0,0,0,1,1,1,1,1,0
209002,1,0,0,1,1,1,1,1,1,1
209003,0,0,0,0,1,1,1,1,1,1
209004,0,0,0,0,1,1,1,1,1,1
209005,1,0,0,1,1,1,1,1,1,1
209006,0,0,0,0,1,1,1,1,1,1
209007,0,0,0,0,1,1,1,1,1,0
209008,0,0,0,0,1,1,1,1,1,1
209009,0,0,0,0,1,1,1,1,1,0
209010,0,0,0,1,1,1,1,1,1,1
209011,1,1,0,0,1,1,1,1,1,1
209012,0,1,1,0,1,1,1,1,1,1
209013,0,0,0,0,1,1,1,1,1,0
209014,0,0,0,0,1,1,1,1,1,1
209015,0,0,0,0,1,1,1,1,1,1
209016,0,0,0,0,1,1,1,1,1,0
209017,0,0,0,1,1,1,1,1,1,0
209018,1,0,0,1,1,1,1,1,1,1
209019,0,1,0,1,1,1,1,1,1,1
209020,0,0,0,0,1,1,1,1,1,1
209021,0,0,0,0,1,1,1,1,1,1
209022,1,0,0,1,1,1,1,1,1,1
209023,0,0,0,0,1,1,1,1,1,1
209024,0,0,0,1,1,1,1,1,1,0
209025,0,0,0,1,1,1,1,1,1,1
210001,0,0,0,0,0,0,1,1,1,0
210002,0,1,0,0,1,0,1,1,1,1
210003,1,1,0,0,1,0,1,1,1,0
210004,1,0,0,0,1,0,1,0,1,0
210005,0,1,0,0,1,0,1,1,1,0
210006,0,0,0,0,1,0,1,1,1,0
210007,0,,0,1,0,0,1,1,1,0
210008,0,1,0,0,0,0,1,0,1,0
210009,0,0,0,0,1,0,1,1,1,0
210010,0,0,0,0,1,0,1,1,1,1
210011,0,1,0,0,1,0,1,1,1,0
210012,1,0,0,0,1,0,1,0,1,0
210014,0,0,0,0,0,0,1,1,1,0
210015,0,0,0,1,1,0,1,1,1,0
210016,0,0,0,0,1,0,1,1,1,0
210017,0,0,0,0,1,0,1,1,1,0
210018,0,0,0,1,1,0,1,1,1,1
210019,0,0,0,0,1,0,1,1,1,0
210020,0,0,0,0,0,0,1,1,0,0
210021,0,0,0,0,1,0,1,1,0,1
210022,0,,0,0,0,0,1,0,0,0
210023,0,1,0,0,1,0,1,1,1,0
210024,0,0,0,1,1,0,1,1,1,1
210025,0,0,0,1,1,0,1,1,1,0
211001,0,0,0,0,1,0,1,1,1,0
211002,0,0,0,0,1,0,1,1,1,0
211003,0,0,0,1,1,0,1,1,1,0
211004,0,0,0,0,0,1,1,1,1,0
211005,0,0,0,0,0,0,1,1,1,0
211006,1,1,1,1,1,0,1,1,1,1
211007,0,0,0,1,1,0,1,1,1,1
211008,0,0,0,0,0,0,1,1,1,0
211009,0,,0,0,1,0,1,1,1,0
211010,0,0,0,0,1,0,1,1,1,1
211011,0,1,0,0,1,0,1,1,1,0
211012,0,0,0,1,1,0,1,1,1,1
211013,0,0,0,1,1,0,1,1,1,1
211014,0,0,0,0,1,0,1,0,1,0
211015,0,0,0,0,0,0,1,1,1,0
211016,0,,0,0,1,1,1,1,1,0
211017,0,0,0,0,1,0,1,1,1,0
211018,0,0,0,1,1,0,1,1,1,0
211019,0,0,0,0,1,0,1,1,1,0
211020,0,0,1,1,1,1,1,1,1,0
211021,0,0,0,0,0,0,1,1,1,0
211022,0,0,0,1,1,1,1,1,1,0
211023,0,1,0,0,1,0,1,1,1,0
211024,0,0,0,0,1,0,1,1,1,0
211025,0,,0,0,1,1,1,1,1,1
212002,0,0,0,0,1,0,1,1,1,0
212003,0,0,0,1,1,0,1,1,1,1
212004,0,0,0,0,0,0,1,1,1,0
212006,0,0,0,0,0,0,1,0,0,0
212007,0,0,0,0,0,0,1,1,1,0
212008,0,0,0,0,0,0,1,0,1,0
212009,0,0,0,0,0,0,1,0,1,0
212010,0,0,0,0,0,0,1,1,1,0
212011,0,0,0,0,0,0,1,0,1,0
212012,0,0,0,0,0,0,1,1,1,0
212013,0,0,0,0,0,0,1,1,0,0
212015,0,0,0,0,1,0,1,1,1,1
212016,0,1,0,0,1,0,1,1,1,0
212017,0,0,0,0,0,0,1,0,1,0
212018,0,0,0,0,1,0,1,0,1,0
212019,0,0,0,0,0,0,1,0,1,0
212020,0,0,0,1,1,0,1,1,0,1
212021,0,1,0,0,1,0,1,1,1,0
212022,0,0,0,0,1,0,1,1,1,1
212023,0,0,0,0,0,0,1,1,1,0
212024,0,0,0,0,0,0,1,0,1,0
212025,0,0,0,0,0,0,0,0,0,0
213001,0,0,0,1,1,0,1,1,1,1
213002,0,0,0,0,1,0,1,1,1,0
213003,0,0,0,1,1,0,1,1,1,1
213004,0,0,0,0,1,1,1,1,1,0
213005,1,0,0,0,1,0,1,1,1,0
213006,0,0,0,0,1,1,1,1,1,0
213007,0,0,0,1,1,0,1,1,1,0
213008,0,0,0,0,1,1,1,1,1,1
213009,0,0,0,0,1,1,1,1,1,0
213010,0,0,0,0,0,1,1,0,0,0
213011,0,0,0,0,0,0,1,0,1,0
213012,0,0,0,1,1,0,1,1,1,1
213013,1,0,1,0,1,0,1,1,1,1
213014,0,0,0,0,1,1,1,1,1,0
213015,0,0,0,0,0,0,1,1,1,0
213016,0,0,0,0,0,1,1,0,1,0
213017,0,0,0,0,1,0,1,1,1,0
213018,0,0,0,0,1,0,1,1,1,1
213019,0,0,0,0,0,1,1,1,1,0
213020,0,0,0,1,1,1,1,1,1,0
213021,0,0,0,0,1,0,1,0,1,0
213022,0,0,0,0,1,1,1,1,0,1
213023,0,0,0,0,1,0,1,1,1,0
213024,0,0,0,0,0,0,1,1,1,0
213025,0,0,0,0,1,0,1,1,1,1
214002,0,0,0,0,1,1,1,1,1,0
214003,0,1,0,1,1,1,1,1,1,1
214004,0,0,0,1,1,1,1,1,1,0
214005,0,0,0,0,1,0,1,1,1,0
214006,0,0,0,1,1,0,1,1,1,1
214007,0,1,0,1,1,1,1,1,1,0
214008,0,0,0,0,1,1,1,1,1,0
214009,0,0,0,0,1,1,1,1,1,0
214010,1,1,0,1,1,1,1,1,1,1
214012,0,0,0,1,1,1,1,1,1,1
214013,0,0,0,0,1,1,1,1,1,1
214014,0,,0,0,1,1,1,1,1,1
214015,0,0,0,1,1,1,1,1,1,0
214016,0,0,0,0,1,1,1,1,1,0
214017,0,0,0,0,1,1,1,1,1,0
214018,0,0,0,0,1,1,1,1,1,1
214019,0,0,0,0,1,1,1,1,1,1
214020,0,,0,1,1,1,1,1,1,1
214021,0,1,0,0,1,1,1,1,1,1
214022,0,0,0,0,1,0,1,1,1,0
214023,1,0,0,0,1,1,1,1,1,0
214024,0,1,0,0,1,1,1,1,1,0
214025,0,1,0,0,1,1,1,1,1,1
215001,0,1,0,0,1,1,1,1,1,0
215002,0,0,0,1,1,1,1,1,1,0
215003,0,0,0,1,1,1,1,1,1,1
215004,0,0,0,0,1,1,1,0,1,0
215005,0,0,0,0,1,1,1,1,1,0
215006,0,0,1,1,1,1,1,1,1,1
215009,0,0,0,0,1,1,1,1,1,0
215011,1,1,0,0,1,1,1,0,0,0
215012,0,1,0,1,1,1,1,1,1,0
215013,0,0,0,0,1,1,1,1,1,0
215014,0,0,0,0,1,1,1,1,1,1
215015,0,0,0,1,1,1,1,1,1,0
215016,0,0,0,1,1,1,1,1,1,1
215017,0,1,1,1,0,1,1,1,1,0
215018,0,1,0,0,1,1,1,1,1,0
215019,0,0,0,0,1,1,1,1,1,0
215020,0,0,0,0,1,1,1,1,1,0
215022,0,0,0,0,1,1,1,1,1,1
215023,0,0,0,0,1,1,1,1,1,0
215024,0,0,0,1,1,1,1,1,1,1
215025,0,0,0,0,1,1,1,1,1,1
216001,0,0,0,1,1,1,1,1,1,0
216002,0,0,0,0,1,1,1,1,1,0
216003,0,0,0,0,1,1,1,1,1,1
216004,0,0,0,0,1,1,1,1,1,0
216005,0,0,0,1,1,0,0,1,1,0
216006,0,0,0,1,1,1,1,1,1,0
216007,0,1,0,1,1,1,1,1,1,1
216008,0,,0,0,1,0,1,1,1,0
216009,0,0,0,1,1,1,1,1,1,1
216010,0,1,0,1,1,1,1,1,1,1
216011,0,0,0,0,1,1,1,1,1,1
216012,0,0,0,0,1,1,1,1,1,0
216013,0,0,0,1,1,1,1,1,1,0
216014,0,0,0,1,1,1,1,1,1,1
216015,1,0,1,1,1,0,1,1,1,0
216016,0,0,0,1,1,0,1,1,1,1
216017,0,0,0,1,1,1,1,1,1,0
216018,0,1,0,0,1,0,1,1,1,0
216019,0,1,0,0,1,1,1,1,1,0
216020,0,0,0,1,1,1,1,1,1,1
216021,0,0,0,0,1,1,1,1,1,1
216022,0,0,0,1,1,1,1,1,1,0
216023,0,1,0,0,1,1,1,1,1,0
216024,0,1,0,0,0,0,1,1,1,0
216025,0,0,0,0,1,1,1,1,1,0
217001,0,1,0,0,1,1,1,1,1,0
217002,0,0,0,1,1,1,1,1,1,1
217003,0,0,1,0,1,1,1,1,1,0
217004,0,0,0,1,1,1,1,1,1,0
217005,0,0,0,1,1,1,1,1,1,1
217006,0,0,0,1,1,1,1,1,1,1
217007,0,0,0,1,1,1,1,1,1,1
217008,0,0,0,1,1,1,1,1,1,0
217009,0,1,0,,1,1,1,1,1,1
217010,0,1,0,0,1,1,1,1,1,1
217011,0,1,0,0,1,1,1,1,1,1
217012,0,0,0,0,1,1,1,1,1,1
217013,0,1,0,0,1,1,1,1,1,1
217014,0,1,0,0,1,1,1,1,1,0
217015,0,0,0,0,1,1,1,1,1,0
217016,0,1,0,0,0,1,1,1,1,0
217017,1,1,0,0,1,1,1,1,1,0
217018,0,0,0,0,1,1,1,1,1,0
217019,0,0,0,0,1,1,1,1,1,0
217020,0,1,0,0,1,1,1,1,1,1
217021,0,1,0,0,1,1,1,1,1,0
217022,0,0,0,1,1,1,1,1,1,1
217023,0,0,1,0,1,1,1,1,1,0
217024,,1,0,0,0,0,1,1,1,0
217025,0,1,0,0,1,1,1,1,1,1
218001,0,1,0,0,1,1,1,1,1,0
218002,0,1,0,1,1,1,1,1,1,1
218003,0,1,0,1,1,1,1,1,1,0
218004,0,0,0,0,1,1,1,1,1,0
218005,0,0,0,0,1,1,1,1,1,0
218006,0,0,0,0,1,1,1,1,1,0
218007,0,0,0,0,1,1,1,1,1,1
218008,0,,0,1,1,1,1,1,1,1
218009,0,1,0,1,1,1,1,1,1,1
218010,0,0,0,1,1,1,1,1,1,0
218013,0,0,0,1,1,1,1,1,1,0
218014,0,0,0,0,1,1,1,1,1,1
218015,0,0,0,0,1,1,1,1,1,0
218016,0,0,0,1,1,1,1,1,1,1
218017,0,1,0,1,1,1,1,1,1,1
218018,1,0,0,0,1,1,1,1,1,0
218020,0,0,0,1,1,1,1,1,1,0
218021,0,0,0,0,1,1,1,1,1,1
218022,1,0,0,0,0,1,1,0,1,0
218023,0,0,0,0,1,1,1,1,1,0
218024,0,0,0,0,1,1,1,1,1,0
219001,0,1,0,0,1,0,1,1,1,0
219002,0,1,0,0,0,0,1,1,1,0
219003,0,0,0,0,0,0,1,1,1,0
219004,0,0,0,0,0,0,1,1,1,0
219005,0,0,0,0,1,0,1,1,1,0
219006,0,0,0,1,1,1,1,1,1,1
219007,0,0,0,0,0,0,1,1,1,0
219008,0,1,0,0,0,0,1,1,1,0
219009,0,1,1,0,1,0,1,1,1,0
219010,0,0,0,0,0,0,1,1,1,0
219011,0,0,0,1,0,0,1,1,1,1
219012,1,0,0,0,0,0,1,0,1,0
219013,0,0,0,0,0,0,1,0,0,0
219014,0,0,0,0,1,0,0,0,0,0
219015,0,0,0,0,0,0,1,1,1,0
219016,0,1,0,0,0,0,1,0,1,0
219017,0,0,0,1,1,0,1,1,1,0
219018,0,0,0,0,1,0,1,1,1,1
219019,0,0,0,0,0,0,1,0,1,0
219020,0,0,1,1,0,0,0,1,1,0
219022,0,0,0,1,1,0,1,1,1,1
219024,0,0,0,1,0,0,1,1,1,0
219025,0,0,0,0,0,0,1,1,0,0
220001,0,0,0,1,1,1,1,1,1,1
220002,0,0,0,0,1,1,1,1,1,0
220003,0,0,0,0,1,1,1,1,1,0
220004,0,0,0,1,0,1,1,1,1,1
220005,0,0,0,1,1,1,1,1,1,1
220006,0,0,0,1,1,1,1,1,1,1
220008,0,0,0,1,1,1,1,1,1,1
220009,0,,0,0,1,1,1,1,1,1
220010,0,0,0,0,0,1,1,1,1,0
220011,0,0,0,1,1,1,1,1,1,1
220012,0,1,0,0,1,1,1,1,1,0
220013,0,1,0,0,1,1,1,1,1,1
220014,0,0,0,1,1,1,1,1,1,0
220015,0,1,1,1,1,1,1,1,1,1
220016,0,1,0,0,1,1,1,1,1,1
220017,0,0,0,1,1,1,1,1,1,0
220018,0,0,0,1,1,1,1,1,1,1
220019,0,0,0,1,1,1,1,1,1,1
220020,1,0,0,0,1,1,1,1,1,0
220021,0,0,0,0,1,1,1,1,1,0
220022,0,1,0,0,1,1,1,1,1,0
220023,0,0,0,0,1,1,1,1,1,1
220024,0,1,0,0,1,1,1,1,1,0
220025,0,0,1,0,1,1,1,1,1,1
221001,0,0,0,0,1,1,1,1,1,0
221002,0,1,0,1,1,1,1,1,1,1
221003,0,0,0,0,1,1,0,1,1,1
221004,1,0,0,0,1,1,1,1,1,0
221005,0,0,0,1,1,1,1,1,1,0
221006,0,0,0,0,1,1,1,1,1,0
221007,0,1,0,0,1,0,1,1,1,0
221008,0,0,0,1,1,1,1,1,1,0
221009,0,0,0,0,1,1,1,1,1,1
221010,0,0,0,0,0,1,1,1,1,0
221011,0,0,0,1,1,1,1,1,1,1
221012,0,0,0,0,1,1,1,1,1,0
221013,0,0,0,1,1,1,1,1,1,1
221014,0,0,0,0,1,1,1,1,1,0
221015,0,,0,0,0,1,1,1,1,0
221016,0,0,0,1,1,1,1,1,1,1
221017,0,0,0,0,1,1,1,1,1,0
221019,0,0,0,0,1,1,1,1,1,1
221020,0,1,0,0,0,1,1,1,1,0
221021,0,0,0,1,1,1,1,1,1,1
221022,0,0,0,1,1,1,1,1,1,0
221023,0,0,0,0,1,1,1,1,1,0
221024,0,0,0,1,1,1,1,0,1,0
221025,0,1,0,0,1,1,1,1,1,0
222001,0,0,0,0,1,1,1,1,1,0
222002,0,1,0,0,1,1,1,1,1,0
222003,0,0,0,1,1,1,0,1,1,0
222004,0,0,0,1,1,1,1,1,1,1
222005,0,1,1,0,1,1,1,1,1,1
222006,0,0,0,0,1,1,1,1,1,1
222007,0,,0,1,1,1,1,1,1,0
222008,0,0,0,1,1,1,1,1,1,1
222009,0,1,1,1,1,1,1,1,1,1
222010,0,0,0,0,1,1,1,1,1,1
222011,0,0,0,0,1,1,1,1,1,0
222012,0,0,0,1,1,1,1,1,1,0
222013,0,0,0,0,1,1,1,1,1,1
222014,0,0,0,1,1,1,1,1,1,0
222015,0,0,0,0,1,1,1,1,1,1
222016,0,0,0,1,1,1,1,1,1,1
222017,0,0,0,0,1,1,1,1,1,1
222018,0,1,0,1,1,1,1,1,1,0
222019,0,0,0,0,1,1,1,1,1,1
222020,0,0,0,1,1,1,1,1,1,1
222021,0,0,0,1,1,1,1,1,1,1
222022,0,1,0,1,1,1,1,1,1,1
222023,0,1,1,1,1,1,1,1,1,1
222025,0,0,0,1,1,1,1,1,1,1
223001,0,0,0,0,1,1,1,1,1,1
223002,0,0,0,0,0,1,1,1,1,0
223003,0,1,0,0,0,1,1,1,1,0
223004,0,0,0,0,0,1,1,1,1,0
223005,0,0,0,0,1,1,1,1,1,1
223006,0,0,0,0,1,1,1,1,1,1
223007,1,0,0,0,1,1,1,1,1,1
223008,0,0,0,0,1,1,1,1,1,0
223009,0,0,0,0,1,1,1,1,1,1
223010,0,0,0,0,1,1,1,1,1,0
223011,0,0,0,1,1,1,1,1,1,1
223012,0,0,0,1,1,1,1,1,1,1
223013,0,1,0,0,1,1,1,1,1,1
223014,0,1,0,0,1,1,1,1,1,0
223015,0,0,0,1,1,1,1,1,1,0
223016,0,0,0,0,1,1,1,1,1,0
223017,0,1,0,0,1,1,1,1,1,1
223018,0,0,0,1,1,1,1,1,1,1
223019,0,0,0,0,1,1,1,0,1,0
223020,0,0,0,0,1,1,1,1,1,1
223021,0,0,0,0,1,1,1,1,1,1
223022,0,0,0,1,1,1,1,1,1,0
223023,0,0,0,1,1,1,1,1,1,1
223024,0,0,0,1,1,1,1,1,1,0
223025,0,1,0,0,1,1,1,1,1,0
224001,0,0,0,1,1,1,1,1,1,0
224002,0,0,0,0,1,1,1,1,1,1
224003,0,1,0,0,1,1,1,1,1,0
224004,0,0,0,0,1,1,1,1,1,1
224005,0,0,0,0,1,1,1,1,1,0
224006,1,0,0,0,1,1,1,1,1,0
224007,0,1,0,0,1,1,1,1,1,1
224008,0,0,0,0,1,1,1,1,1,1
224009,0,0,0,0,1,1,1,1,1,0
224010,0,0,0,0,1,1,1,1,1,0
224011,0,0,0,0,1,1,1,1,1,1
224012,0,0,0,0,1,1,1,1,1,1
224013,0,0,0,1,1,1,1,1,1,1
224014,0,0,1,0,1,1,1,1,1,0
224015,0,0,1,0,1,1,1,1,1,1
224016,0,1,0,1,1,1,1,0,1,1
224017,0,0,0,0,1,1,1,1,1,0
224018,0,0,0,0,1,1,1,1,1,1
224019,0,1,0,0,1,1,1,0,1,1
224020,0,1,0,0,1,1,1,1,1,1
224021,0,0,0,0,1,1,1,1,1,0
224022,0,1,0,0,1,1,1,0,1,1
224023,0,0,0,1,1,1,1,1,1,1
224024,0,0,0,0,1,1,1,1,1,0
224025,0,0,0,1,1,1,1,1,1,1
225001,0,0,1,1,1,1,1,1,1,0
225002,0,0,0,0,1,1,1,1,1,1
225003,0,1,0,1,1,1,1,1,1,0
225004,0,0,0,0,1,1,1,1,1,1
225005,0,0,0,1,1,1,1,1,1,0
225006,0,0,0,0,1,1,1,1,1,1
225007,0,0,0,1,1,1,1,1,1,0
225008,0,0,0,0,1,1,1,1,1,1
225009,0,0,0,0,1,1,1,1,1,0
225010,0,0,0,0,0,1,1,1,1,0
225011,0,0,0,1,1,1,1,1,1,1
225012,0,0,0,0,1,1,1,1,1,1
225013,0,1,0,0,1,1,1,1,1,1
225014,0,0,0,1,1,1,1,1,1,1
225015,0,0,0,0,1,1,1,1,1,1
225016,0,0,0,0,1,1,1,1,1,1
225017,0,0,0,0,1,1,1,1,1,1
225018,0,0,0,0,1,1,1,1,1,1
225019,0,1,0,1,1,1,1,1,1,0
225020,0,0,0,1,1,1,1,1,1,1
225021,0,1,0,0,1,1,1,1,1,0
225022,0,1,0,0,1,1,1,1,1,1
225023,0,1,0,1,1,1,1,1,1,0
225024,0,0,0,0,1,1,1,1,1,0
225025,0,0,0,1,1,1,1,1,1,0
226001,0,0,0,1,1,1,1,1,1,1
226002,0,0,0,0,1,1,1,1,1,0
226003,0,0,1,0,1,1,1,1,1,1
226004,0,1,0,0,1,1,1,1,1,1
226005,0,1,0,0,1,1,1,1,1,1
226006,0,0,0,0,1,1,1,1,1,1
226007,0,1,0,1,0,1,1,1,1,0
226008,0,0,0,0,1,1,1,1,1,1
226009,0,1,0,1,1,1,1,1,1,0
226010,0,0,1,1,1,1,1,1,1,0
226011,0,1,0,1,1,1,1,1,1,1
226012,0,0,0,0,1,1,1,1,1,0
226013,0,0,0,1,1,1,1,1,1,0
226014,0,0,0,1,1,1,1,1,1,0
226015,0,0,0,1,1,1,1,1,1,1
226016,0,0,0,1,1,1,1,1,1,0
226017,0,0,0,0,1,1,1,1,1,0
226018,0,0,0,1,1,1,1,1,1,1
226019,0,0,0,0,1,1,1,1,1,0
226020,0,0,0,0,1,1,1,1,1,0
226021,0,0,0,0,1,1,1,1,1,1
226022,0,0,0,1,1,1,1,1,1,1
226023,0,1,0,1,1,1,1,1,1,1
226024,0,0,0,0,1,1,1,1,1,1
226025,0,0,0,1,1,1,1,1,1,1
227001,0,1,0,0,0,0,1,1,1,0
227002,0,0,0,0,0,1,0,1,1,0
227003,0,0,0,0,0,0,1,1,0,0
227004,0,0,0,0,0,0,1,0,1,0
227005,0,,0,0,1,1,1,1,1,0
227006,0,0,0,0,0,0,1,1,1,0
227007,0,0,0,0,0,0,1,1,1,1
227008,0,0,0,0,1,1,1,1,1,1
227009,0,0,0,0,1,0,1,1,1,1
227010,0,0,0,0,1,1,0,1,1,0
227011,0,0,0,1,0,0,1,1,1,0
227012,0,1,0,0,0,0,1,1,1,0
227013,0,1,0,0,0,0,1,1,1,0
227014,0,0,0,0,1,1,1,1,1,1
227015,0,0,0,0,0,1,1,1,1,0
227016,0,0,0,0,0,0,1,1,0,0
227017,0,0,0,0,0,1,1,1,1,0
227018,0,0,0,0,0,1,1,1,1,1
227019,0,1,0,0,1,0,1,1,1,1
227020,0,0,0,0,1,0,1,1,1,1
227021,0,0,0,0,0,1,1,1,1,0
227022,0,0,0,0,0,1,1,0,1,1
227023,0,0,0,0,0,0,1,1,1,0
227024,0,0,0,0,1,1,1,1,1,1
227025,0,0,0,0,1,0,1,1,1,1
228001,0,0,0,1,1,1,1,1,1,0
228002,0,0,0,0,1,1,1,1,1,1
228003,1,0,0,0,1,1,1,1,1,1
228004,0,0,0,0,1,1,1,1,1,0
228005,0,1,0,1,1,1,1,1,1,1
228006,0,0,0,0,1,1,1,1,1,0
228007,0,0,0,0,1,1,1,1,1,1
228008,0,0,0,0,0,1,1,1,1,1
228009,0,0,0,0,1,1,1,1,1,1
228010,0,0,0,0,1,1,1,1,1,1
228011,0,0,0,1,1,0,1,1,1,1
228012,0,0,0,0,1,1,1,1,1,1
228013,0,0,0,0,1,1,1,1,1,0
228014,0,0,0,0,0,1,1,1,1,0
228015,0,0,0,0,1,1,1,1,1,1
228016,0,0,0,0,1,0,1,1,1,0
228017,0,0,0,1,1,1,1,1,1,1
228018,0,0,0,1,1,1,1,1,1,1
228019,0,0,0,0,1,0,1,1,1,0
228020,0,0,0,1,1,1,1,1,1,1
228021,0,0,0,1,1,0,1,1,1,0
228022,0,0,0,0,1,1,1,1,1,1
228023,0,0,0,0,1,0,1,1,1,1
228024,0,0,0,0,1,1,1,1,1,1
228025,0,0,0,0,1,0,1,1,1,1
229001,0,0,0,0,1,1,1,1,1,1
229002,0,0,0,0,1,0,1,1,1,0
229003,0,0,0,0,1,1,1,1,1,1
229004,0,1,0,0,1,1,1,1,1,0
229005,0,0,0,0,1,1,1,1,1,1
229006,0,0,0,0,0,1,1,1,1,0
229007,0,0,0,0,1,1,1,1,1,1
229008,0,0,0,1,1,1,1,1,1,0
229009,0,0,0,0,1,1,1,1,1,1
229010,0,0,0,0,1,0,1,1,1,1
229011,0,0,0,1,1,1,1,1,1,1
229012,0,0,0,1,1,1,1,1,1,0
229013,0,0,0,0,1,0,1,1,1,0
229014,0,0,0,0,1,1,1,1,1,0
229015,0,,0,0,1,1,1,1,1,1
229016,0,0,0,0,1,0,1,1,1,1
229017,0,0,0,0,1,0,1,1,1,0
229018,0,0,0,0,1,0,1,1,1,0
229019,0,,0,0,1,1,1,1,1,1
229020,0,0,0,0,1,1,1,1,1,0
229021,0,0,0,0,1,0,1,1,1,0
229022,0,0,0,0,1,0,1,1,1,1
229023,0,0,0,1,1,1,1,1,1,1
229024,0,1,0,0,1,0,1,1,1,1
229025,0,0,0,1,1,1,1,1,1,1
230003,0,0,0,0,1,0,1,1,1,0
230004,0,0,0,1,1,0,1,1,1,1
230005,0,0,0,0,1,0,1,1,0,0
230007,0,0,0,0,1,0,1,1,1,0
230009,0,0,0,0,1,0,1,1,1,0
230010,0,0,0,1,1,0,1,1,1,1
230011,0,0,0,0,1,0,1,1,1,0
230012,0,0,0,1,1,0,1,1,1,1
230013,0,0,0,1,1,0,1,1,1,1
230015,0,0,0,1,1,0,1,1,1,1
230016,0,0,0,1,1,0,1,1,1,0
230019,0,0,0,1,1,0,1,1,1,1
230020,0,0,0,0,1,0,1,1,1,0
230021,0,0,0,0,1,0,1,1,1,0
230022,0,0,0,1,1,0,1,1,1,1
230023,0,0,0,0,1,0,1,1,1,0
230024,0,0,0,1,1,0,1,1,1,1
230025,1,0,0,0,1,0,1,1,1,0
231001,0,0,0,0,0,0,1,1,1,0
231003,0,1,0,0,0,0,1,0,1,0
231004,0,0,0,0,1,1,1,1,1,1
231005,0,0,0,0,1,0,1,1,1,0
231006,0,1,0,0,0,0,1,0,1,0
231007,0,0,0,1,0,0,1,1,1,0
231008,0,0,0,0,1,0,1,0,1,0
231009,0,0,0,1,1,0,1,1,1,0
231010,0,0,0,0,0,0,1,0,0,0
231011,0,0,0,1,1,0,1,1,1,0
231012,0,0,0,0,0,1,1,1,0,0
231013,0,0,0,1,1,0,1,1,1,1
231014,0,0,0,0,1,0,1,1,1,0
231015,0,0,0,0,0,0,1,1,1,0
231016,0,0,0,1,1,1,1,1,1,1
231017,0,0,0,0,0,0,1,0,1,0
231018,0,0,0,0,0,0,0,0,0,0
231019,0,0,0,1,0,0,1,0,0,0
231020,0,0,0,0,0,1,1,0,0,0
231021,0,0,0,1,0,0,1,1,0,0
231022,0,0,0,0,0,0,1,1,0,0
231023,0,0,0,1,1,0,1,1,0,1
231024,0,0,0,1,1,0,1,0,0,0
231025,0,0,0,0,0,1,1,0,0,0
232001,0,0,0,0,0,0,1,1,1,0
232002,0,1,0,0,1,0,1,1,1,0
232003,0,0,0,0,1,0,1,1,1,0
232005,0,0,0,0,0,0,1,0,1,0
232006,0,0,0,1,1,0,1,1,1,0
232008,0,0,0,0,1,0,1,1,1,0
232009,0,0,0,0,1,0,1,1,1,0
232011,0,0,0,0,1,0,1,1,1,0
232012,0,0,0,1,1,0,1,0,1,0
232013,0,0,0,0,1,0,1,1,1,0
232014,,0,0,0,1,0,1,1,1,0
232016,0,1,0,0,1,0,1,1,1,0
232017,0,0,0,0,1,0,1,1,1,0
232018,0,0,0,0,1,0,1,1,1,0
232020,0,0,0,0,1,0,1,1,1,0
232021,0,0,0,1,1,0,1,1,1,0
232023,0,0,0,0,1,0,1,1,1,0
232024,0,0,0,0,1,0,1,1,1,0
232025,0,0,0,0,1,0,1,1,1,0
233001,0,0,0,0,1,0,1,1,1,0
233002,0,0,0,0,1,0,1,1,1,0
233004,0,0,0,0,1,0,1,1,1,1
233005,0,0,0,0,1,0,1,1,1,0
233006,0,0,0,0,1,0,1,1,1,0
233007,0,0,0,0,1,0,1,1,1,0
233008,0,1,0,0,1,0,1,1,1,0
233009,0,0,0,0,1,0,1,1,1,0
233010,1,0,0,0,1,0,1,1,1,0
233011,0,0,0,0,1,0,1,1,1,0
233012,0,0,0,0,0,0,1,1,1,0
233014,0,0,0,0,1,0,1,1,1,1
233015,0,0,0,0,1,0,1,1,1,0
233016,0,0,0,1,1,0,1,1,1,0
233017,0,0,0,0,1,0,1,1,1,1
233019,0,0,0,0,1,0,1,1,1,0
233020,0,0,0,0,1,0,1,1,1,0
233021,0,0,0,0,1,0,1,0,0,0
233023,0,0,0,1,1,0,1,0,1,0
233024,0,0,0,1,1,0,1,1,1,0
233025,0,0,0,1,1,0,1,1,1,1
234002,0,0,0,1,1,0,1,0,1,1
234003,0,1,0,0,0,1,1,1,1,0
234004,0,1,0,0,0,0,1,1,1,0
234005,0,0,0,0,0,0,1,1,0,0
234006,0,0,0,0,0,0,1,0,1,0
234007,0,0,0,0,1,0,1,1,1,0
234008,0,0,0,0,1,0,1,1,1,0
234009,0,0,0,1,1,0,1,1,1,1
234010,0,0,0,1,1,0,1,1,0,1
234011,0,0,0,1,1,0,1,1,1,0
234012,0,0,0,1,1,0,1,0,1,0
234014,0,0,0,0,1,0,1,1,1,0
234015,0,0,0,0,0,1,1,1,1,0
234016,0,1,0,0,1,1,1,1,1,0
234017,0,1,0,0,0,1,1,1,0,0
234018,0,0,0,0,0,1,0,0,1,0
234019,0,0,0,0,0,0,0,0,0,0
234020,0,0,0,0,0,1,1,0,0,0
234021,0,0,0,0,0,0,1,0,0,0
234022,0,0,0,0,0,0,0,1,1,0
234023,0,0,0,0,0,0,1,1,1,1
234024,0,0,1,0,0,0,1,1,1,0
234025,0,0,0,1,1,0,1,1,1,1
235001,0,0,0,0,1,1,1,1,1,0
235002,0,0,0,0,1,1,1,1,1,0
235003,0,0,0,0,1,1,1,1,1,0
235004,0,0,0,0,1,1,1,1,1,0
235006,0,0,0,1,1,1,1,1,1,1
235007,0,0,0,0,1,1,1,1,1,0
235008,0,1,0,0,1,1,1,1,1,1
235009,0,0,0,0,0,1,1,1,1,0
235010,0,0,0,1,1,1,1,1,1,0
235011,0,0,0,1,1,1,1,1,1,1
235012,0,0,0,0,1,1,1,1,1,1
235013,0,0,0,1,1,1,1,1,1,1
235014,0,0,0,1,1,1,1,1,1,0
235015,0,0,0,0,1,1,1,1,1,0
235016,0,0,0,0,1,1,1,1,1,1
235017,0,0,0,0,1,1,1,1,1,0
235018,0,0,0,0,1,1,1,1,1,1
235019,0,1,0,1,1,1,1,1,1,1
235020,0,0,0,0,1,1,1,1,1,1
235021,0,0,0,1,1,1,1,1,1,1
235022,0,0,0,0,1,1,1,1,1,0
235023,0,0,0,0,1,0,1,1,1,0
235024,,,0,0,1,1,1,1,1,1
235025,0,0,0,0,1,1,1,1,1,1
236001,0,1,0,0,0,1,1,0,1,0
236002,0,0,0,1,1,0,1,1,1,1
236003,0,0,0,1,1,1,1,1,1,1
236004,0,0,0,0,1,1,1,1,1,0
236005,0,,1,0,1,1,1,1,1,1
236006,0,0,0,0,1,1,1,1,1,0
236007,0,0,0,0,1,1,1,1,1,0
236008,0,0,0,0,1,1,1,1,1,0
236009,0,0,0,0,1,1,1,1,1,0
236012,0,0,0,0,1,1,1,1,1,1
236013,0,0,0,1,1,1,1,1,1,1
236014,0,0,0,0,1,0,1,1,1,0
236015,0,0,0,1,1,1,1,1,1,1
236016,0,1,0,0,1,1,1,1,1,0
236017,0,1,0,0,1,1,1,1,1,1
236018,0,0,0,0,1,1,1,1,1,1
236019,0,0,0,0,1,1,1,1,1,0
236020,0,1,0,0,1,1,1,1,1,0
236021,0,0,0,1,0,1,1,0,1,0
236022,0,0,0,0,1,0,1,1,1,0
236025,0,1,0,0,1,1,1,1,1,1
237001,0,0,0,1,0,0,1,1,1,0
237002,0,1,0,0,1,0,1,1,1,0
237003,0,0,0,1,1,0,1,1,1,1
237004,0,0,0,1,1,0,1,1,1,1
237005,0,1,0,0,1,0,1,1,1,0
237006,0,0,0,0,1,1,1,1,1,1
237007,0,0,0,0,0,1,1,1,1,1
237008,0,0,0,1,1,1,1,1,1,0
237009,0,0,0,0,1,1,1,1,1,0
237010,0,0,0,0,1,1,1,1,1,0
237011,0,1,0,0,1,1,0,1,1,1
237012,0,1,0,0,1,1,1,1,1,1
237014,0,0,0,0,0,1,1,1,1,0
237015,0,0,0,0,0,1,1,1,1,0
237016,0,0,0,1,1,1,1,1,1,0
237017,0,0,0,0,1,0,1,1,1,0
237018,0,0,0,1,1,0,1,1,1,0
237019,1,1,0,0,1,1,1,1,1,0
237020,0,0,0,0,1,1,1,1,1,1
237021,0,1,0,0,1,0,1,1,1,0
237022,0,0,0,1,1,1,1,1,1,1
237023,0,0,0,0,1,1,1,1,1,1
237024,0,1,0,0,1,0,1,1,1,1
237025,0,0,0,1,1,0,1,1,1,0
238001,0,0,0,1,1,0,1,1,1,1
238002,0,1,0,0,1,0,1,1,1,0
238003,0,0,0,0,1,0,1,1,1,0
238004,0,0,0,1,1,0,1,1,1,1
238005,0,0,0,0,0,0,1,1,1,0
238006,0,1,0,0,0,0,1,1,1,1
238007,0,0,0,0,0,0,1,1,1,0
238008,0,1,0,1,0,0,1,1,1,0
238009,0,0,0,0,1,0,1,1,1,0
238010,0,0,0,0,1,0,1,1,1,1
238011,0,0,0,0,0,0,1,1,1,0
238012,0,0,0,1,1,0,1,1,1,1
238013,0,1,0,0,0,1,1,1,1,0
238014,0,0,1,0,1,0,1,1,1,0
238015,0,0,0,1,1,1,1,1,1,1
238016,0,1,0,0,1,1,1,1,1,0
238017,0,0,0,0,0,0,1,1,1,1
238018,0,0,0,0,0,1,1,1,1,0
238019,0,0,0,1,0,1,1,1,1,1
238020,0,0,0,0,1,1,1,1,1,1
238021,0,0,0,0,0,1,1,1,0,0
238022,0,0,0,0,0,0,1,1,1,0
238023,0,0,0,0,0,1,1,1,0,1
238024,0,0,0,0,0,0,1,1,1,1
238025,0,1,0,0,0,1,1,0,1,1
239001,0,0,0,0,1,1,1,1,1,0
239003,0,0,0,0,0,1,1,1,1,0
239004,0,0,0,0,1,0,1,1,1,0
239005,0,1,0,1,1,1,1,1,1,1
239006,0,0,0,1,1,0,1,1,1,1
239007,0,0,0,1,0,1,1,1,1,0
239008,0,0,0,1,1,0,1,1,1,1
239009,0,0,0,0,1,1,1,1,1,1
239010,0,0,0,1,1,0,1,0,1,0
239011,0,1,0,1,1,1,1,1,1,1
239012,0,0,0,0,1,1,1,1,1,1
239013,0,0,0,0,1,1,1,1,1,1
239014,0,0,0,1,1,0,1,1,1,1
239016,0,1,0,0,1,0,1,1,1,1
239017,0,0,0,0,1,1,1,1,1,0
239018,0,0,0,1,1,1,1,1,1,0
239019,0,0,0,0,1,0,1,1,1,1
239020,0,1,0,0,1,0,1,1,1,1
239021,0,0,0,0,1,0,1,1,1,0
239022,0,1,0,0,0,1,1,1,1,0
239023,0,0,0,1,1,1,1,1,1,1
239024,0,0,0,0,1,0,1,1,1,0
239025,0,0,0,1,1,1,1,1,1,0
240001,0,0,0,0,1,1,1,1,1,0
240002,0,0,0,1,1,1,1,1,1,1
240003,0,1,0,0,1,1,1,1,1,0
240005,,0,0,0,1,1,1,1,1,0
240006,0,0,0,0,1,1,1,1,1,1
240007,0,0,1,1,1,1,1,1,1,1
240008,0,0,0,1,1,1,1,1,1,1
240009,0,0,0,0,1,1,1,1,1,1
240010,0,1,0,0,1,1,1,1,1,0
240011,0,0,0,0,1,0,1,1,1,1
240012,0,1,0,0,1,1,1,1,1,0
240013,0,1,0,0,1,1,1,1,1,0
240014,0,1,0,0,1,1,1,1,1,0
240015,0,1,1,0,1,1,1,1,1,1
240016,0,1,0,1,1,1,1,1,1,0
240018,0,0,0,1,1,1,1,1,1,1
240019,0,0,0,1,1,1,1,1,1,1
240021,0,0,0,1,1,1,1,1,1,1
240022,0,1,0,0,1,1,1,1,1,0
240023,0,1,0,0,1,1,1,1,1,0
240024,0,1,0,0,1,1,1,1,1,1
240025,1,0,0,0,1,1,1,1,1,0
241001,0,0,0,0,0,0,1,0,1,0
241002,0,,0,0,0,1,1,0,1,0
241003,0,0,0,0,0,0,1,0,0,0
241004,0,0,0,0,1,1,1,1,0,0
241005,0,0,0,0,0,0,1,0,0,0
241006,0,0,0,0,0,0,1,0,0,0
241007,0,1,0,0,0,0,1,0,1,0
241008,0,0,0,0,0,0,1,0,1,0
241009,0,,0,0,1,0,1,1,1,1
241010,0,0,0,0,1,1,1,1,1,0
241011,0,0,0,0,0,0,1,0,1,0
241012,0,0,0,0,0,0,1,0,0,0
241013,0,0,0,0,0,0,1,0,1,0
241014,0,,0,0,0,0,1,0,0,0
241015,1,,0,0,0,0,1,0,1,0
241016,0,0,0,0,0,0,0,0,0,0
241017,0,0,0,0,0,0,1,0,1,0
241018,0,0,0,0,1,0,1,1,1,0
241019,0,1,0,0,0,1,0,0,0,0
241020,0,0,0,0,0,1,1,0,0,0
241021,0,0,0,0,0,0,1,1,0,0
241022,0,0,0,0,0,1,1,0,1,0
241023,0,0,0,0,0,1,1,0,0,0
241024,0,0,0,0,0,1,0,0,1,0
241025,0,1,0,0,1,0,1,0,1,0
242001,0,0,0,0,1,0,0,1,1,1
242002,0,0,0,0,0,0,1,1,1,0
242003,1,0,0,0,0,1,1,1,1,0
242004,0,0,0,0,0,1,1,0,0,0
242005,0,0,0,0,0,1,0,0,0,0
242006,0,0,0,0,0,0,1,0,1,0
242007,0,0,0,0,0,0,1,1,0,0
242008,0,0,0,0,0,1,1,0,0,0
242009,0,1,0,0,0,0,1,0,0,0
242010,0,0,0,0,0,1,1,0,0,0
242011,0,0,0,0,0,0,0,0,1,0
242012,0,0,0,0,0,1,1,0,0,0
242013,0,0,0,0,0,1,1,0,0,0
242014,0,1,0,0,1,1,0,0,1,0
242015,0,0,0,0,0,1,1,0,0,0
242016,0,0,0,0,0,0,1,1,1,0
242017,0,0,0,0,1,1,1,1,1,0
242018,0,0,0,0,1,1,1,1,0,0
242019,0,0,0,0,1,1,1,1,1,0
242020,0,0,0,0,0,0,1,1,1,0
242021,0,0,0,1,1,0,1,1,1,0
242022,0,0,0,0,0,0,1,0,0,0
242023,0,0,0,0,0,0,1,1,1,0
242024,0,0,0,0,0,1,1,0,0,0
242025,0,0,0,0,0,0,1,1,1,0
243001,0,0,0,0,0,0,0,0,0,0
243002,0,0,0,0,1,0,1,1,1,1
243003,0,0,0,0,0,0,1,0,0,0
243004,0,1,0,1,1,0,1,1,1,0
243005,0,0,0,0,0,1,1,1,1,0
243006,0,0,0,0,0,0,0,1,1,0
243007,0,0,0,1,0,1,1,1,1,0
243008,0,0,0,0,0,1,1,0,0,0
243009,0,0,0,0,1,1,0,1,1,0
243010,0,0,0,0,0,1,1,0,1,0
243011,0,0,0,0,0,1,1,0,1,0
243012,0,0,0,0,0,0,1,0,1,0
243013,0,0,0,1,1,1,1,0,1,0
243014,0,0,0,0,1,0,1,0,1,1
243015,0,0,0,0,0,0,1,0,1,0
243016,0,1,0,0,0,0,1,0,1,0
243017,0,0,0,0,0,1,0,0,1,0
243018,0,0,0,0,1,1,1,1,1,0
243019,0,1,0,0,0,0,1,0,1,0
243020,0,0,0,0,0,1,1,0,0,0
243021,0,0,0,0,1,1,1,0,1,1
243022,0,0,0,1,0,0,1,0,,1
243023,0,0,0,0,0,1,1,0,0,0
243024,0,0,0,0,0,0,1,0,0,0
243025,0,0,0,0,0,1,1,0,0,0
244001,1,0,0,0,0,0,1,0,0,0
244002,0,0,0,0,1,0,1,0,1,0
244003,0,0,0,0,0,1,0,0,0,0
244004,0,0,0,0,1,1,1,1,0,0
244005,0,0,0,0,0,0,1,0,0,0
244006,0,0,0,0,0,1,1,0,1,0
244007,0,0,0,0,0,1,1,0,1,1
244008,0,0,0,0,1,0,1,0,1,0
244009,0,0,0,0,1,0,1,1,1,0
244010,0,0,0,0,0,1,1,1,0,0
244011,0,0,0,0,0,0,1,1,1,0
244012,0,0,0,0,0,0,1,0,1,0
244013,0,0,0,0,0,0,1,0,0,0
244014,0,0,0,0,1,0,1,0,1,0
244015,0,0,0,0,0,1,1,0,0,0
244016,0,0,0,0,1,1,1,0,0,1
244017,0,0,0,0,1,0,1,1,1,0
244018,0,0,0,0,0,0,0,0,1,0
244019,0,0,0,0,0,1,1,0,0,0
244020,0,0,0,0,1,0,1,0,1,0
244021,0,0,0,0,0,0,1,0,0,0
244022,0,0,0,0,1,0,1,0,1,1
244023,0,0,0,0,1,0,1,0,1,0
244024,0,0,0,0,0,1,1,0,0,0
244025,0,1,0,0,0,0,1,0,1,0
245001,0,0,0,0,0,0,1,0,1,0
245002,0,0,0,0,0,0,1,0,1,0
245003,0,0,0,0,1,0,1,1,1,0
245004,0,0,0,0,1,1,1,0,1,0
245005,0,0,0,0,1,0,1,0,1,0
245006,0,0,0,0,0,0,1,0,0,0
245007,0,0,0,0,1,0,1,0,0,0
245008,0,0,0,0,1,1,1,1,0,1
245009,0,0,0,0,0,1,1,0,0,0
245010,0,0,0,0,1,0,1,1,1,0
245011,0,0,0,0,1,0,1,1,0,1
245012,0,0,0,1,1,1,1,0,1,1
245013,0,0,0,0,1,1,1,1,1,1
245014,0,0,0,0,0,0,1,0,1,0
245015,0,0,0,0,0,0,1,0,1,0
245016,0,0,0,0,1,0,1,1,1,1
245017,0,0,0,0,0,0,1,1,0,0
245018,0,0,0,0,0,1,1,0,0,0
245019,0,0,0,0,0,0,1,1,0,0
245020,0,0,0,1,1,1,1,1,1,1
245021,0,0,0,0,1,1,1,1,1,0
245022,0,0,0,0,0,1,1,0,0,0
245023,0,0,1,0,1,1,1,1,1,0
245024,0,1,0,0,1,0,1,0,1,0
245025,0,0,0,0,1,0,1,1,1,0
246001,0,0,0,0,0,0,1,0,0,0
246002,0,0,0,0,1,0,1,0,1,0
246003,0,0,0,0,0,0,1,0,1,0
246004,0,0,0,0,0,0,1,0,1,0
246005,0,0,0,0,0,0,1,0,0,0
246006,0,1,0,0,1,0,0,0,1,1
246007,0,0,0,0,1,0,1,0,1,0
246008,0,0,0,0,0,0,1,0,0,0
246009,0,0,0,0,0,0,1,1,0,0
246010,0,0,0,0,0,1,0,0,0,0
246011,0,0,0,0,0,0,1,0,1,0
246012,0,0,0,1,0,1,1,0,0,0
246013,0,0,0,0,0,0,1,0,0,0
246014,0,0,0,0,0,1,1,0,0,0
246015,0,0,0,0,0,0,1,0,0,0
246016,0,0,0,0,0,0,1,0,0,0
246017,0,0,0,0,0,0,1,0,0,0
246018,0,0,0,0,0,0,1,0,1,0
246019,0,0,0,0,0,1,1,0,0,0
246020,0,0,0,0,1,0,1,1,1,1
246021,0,1,0,0,1,0,1,0,1,1
246022,0,0,0,0,0,0,1,0,0,0
246023,1,0,0,0,1,0,1,0,1,0
246024,0,0,0,0,0,0,1,0,0,0
246025,0,0,0,0,1,0,1,0,1,0
247001,0,0,0,1,0,0,1,0,1,0
247002,0,0,0,1,0,0,1,0,0,0
247003,0,0,0,0,0,0,1,0,0,0
247004,0,0,0,0,0,0,1,1,1,0
247005,0,0,0,0,0,1,0,0,1,0
247006,0,0,0,1,0,0,1,0,0,0
247007,0,1,0,0,0,0,1,0,0,0
247008,0,0,0,0,0,1,1,0,1,0
247009,0,0,0,0,0,0,1,0,0,0
247010,0,0,0,0,0,0,1,0,1,0
247011,0,,0,0,0,0,1,0,1,0
247012,0,0,0,1,0,0,0,0,1,0
247013,0,0,0,0,1,0,1,0,1,1
247014,0,,0,0,0,0,1,0,0,0
247015,0,1,0,0,0,0,1,0,0,0
247016,0,0,0,0,0,0,0,0,0,0
247017,0,0,0,0,0,0,1,0,1,0
247018,0,0,0,0,0,0,1,0,1,0
247019,0,0,0,0,0,1,1,0,1,0
247020,0,0,0,0,0,0,1,0,0,0
247021,0,0,0,0,1,1,1,0,1,0
247022,0,0,0,0,1,1,1,1,1,0
247023,0,0,0,0,0,1,1,0,0,0
247024,0,0,0,0,1,0,1,0,0,0
247025,0,0,0,0,0,0,0,0,0,0
248001,0,0,0,0,1,0,0,0,1,0
248002,0,0,0,0,1,0,1,0,1,0
248003,0,0,0,1,1,0,1,1,1,0
248004,0,0,0,1,1,0,1,1,1,0
248005,0,0,0,0,1,0,1,1,1,0
248006,0,0,0,1,1,0,1,1,1,0
248007,0,0,0,1,0,0,0,0,1,0
248008,0,0,0,1,0,0,1,1,1,1
248009,0,0,0,1,0,0,1,1,1,0
248010,0,0,0,0,1,0,1,1,1,0
248011,0,0,0,1,1,0,1,1,1,0
248012,0,0,0,1,0,0,1,0,1,0
248013,0,,0,1,1,0,1,1,1,1
248014,1,1,0,0,1,0,1,1,1,0
248015,0,0,0,1,0,0,1,1,1,0
248016,0,0,0,0,0,0,1,1,1,0
248017,0,0,0,1,0,0,1,1,1,0
248018,0,0,0,0,1,0,1,1,1,0
248019,0,0,1,0,1,0,1,0,1,0
248020,0,0,0,0,1,0,1,0,1,1
248021,0,0,0,1,1,1,1,1,1,1
248023,0,0,0,0,1,1,1,1,1,0
248024,0,0,0,1,1,1,1,1,1,0
248025,0,0,0,0,1,0,1,1,1,0
249001,0,1,0,0,1,0,1,1,1,0
249002,0,0,0,1,0,0,1,1,1,1
249003,0,0,0,0,0,0,1,1,1,0
249004,0,0,0,1,1,0,1,1,1,1
249005,0,0,1,1,0,0,1,1,1,1
249006,0,0,0,0,0,0,1,1,1,0
249007,0,0,0,1,0,0,1,1,1,1
249008,0,0,0,1,0,1,1,1,1,1
249009,0,1,0,0,0,0,1,1,1,0
249010,0,0,0,1,1,0,1,1,1,1
249011,1,0,0,1,1,0,1,1,1,0
249012,0,0,0,1,0,0,1,1,1,1
249013,0,0,0,1,1,0,1,1,1,1
249014,0,0,0,0,0,0,1,1,1,1
249015,0,0,0,0,0,0,1,1,1,0
249016,0,1,0,0,1,1,1,1,1,0
249017,0,1,0,1,0,0,1,1,1,1
249018,0,0,0,1,0,0,1,1,1,0
249019,0,1,0,0,0,0,1,1,1,0
249020,0,0,0,1,0,0,1,1,1,0
249021,1,1,0,0,1,0,1,1,1,0
249022,0,0,0,0,1,0,1,1,1,1
249023,0,0,0,0,1,1,1,1,1,1
249024,0,0,1,0,1,1,1,1,1,1
249025,0,0,0,1,1,1,1,1,1,1
250001,0,0,0,0,0,0,1,1,1,0
250002,0,0,0,0,0,1,1,1,1,0
250003,1,0,0,0,1,1,1,1,1,1
250004,0,0,0,0,0,1,1,1,0,1
250005,0,0,0,0,0,1,1,1,1,0
250006,1,,0,0,0,1,1,1,1,0
250007,0,1,0,1,1,1,1,1,1,1
250008,0,0,0,0,1,1,1,1,1,1
250009,0,0,0,0,0,1,1,1,1,0
250010,0,0,0,1,1,1,1,1,1,1
250011,0,0,0,0,1,1,1,1,1,0
250012,0,0,0,0,1,1,1,1,1,1
250013,0,0,0,1,1,1,1,1,1,1
250014,0,1,0,1,1,1,1,1,1,0
250015,0,0,1,1,1,1,1,1,1,1
250016,0,0,0,0,1,1,1,1,1,1
250017,0,0,0,0,0,1,1,1,1,1
250018,0,0,0,1,1,1,1,1,1,0
250019,0,0,0,0,0,1,1,1,1,1
250020,0,0,0,0,1,1,1,1,1,0
250021,0,0,0,0,1,1,1,1,1,0
250022,0,0,0,0,0,1,1,1,1,0
250023,0,0,0,0,1,1,1,1,1,1
250024,0,0,0,1,1,1,1,1,1,0
250025,0,0,0,1,1,1,1,1,1,0
251001,0,0,0,0,1,1,1,1,1,0
251002,0,0,0,1,1,1,1,1,1,0
251003,0,0,0,0,1,1,1,0,1,0
251004,0,0,0,0,1,1,1,1,1,0
251005,0,0,0,1,1,1,1,1,1,0
251006,0,1,0,1,1,1,1,1,1,0
251007,0,0,0,1,1,1,1,1,1,0
251008,0,0,0,0,0,1,1,1,1,0
251009,0,0,0,1,0,1,1,1,1,0
251010,0,0,0,0,1,0,1,1,1,0
251011,0,0,1,0,1,1,1,1,1,0
251012,0,0,0,1,1,1,1,1,1,0
251013,0,0,0,0,1,1,1,1,1,0
251014,0,0,0,1,0,1,1,1,1,0
251015,0,0,0,0,1,0,1,1,1,0
251016,0,0,0,1,1,0,1,1,1,0
251017,0,0,0,0,1,0,1,1,1,1
251018,0,0,0,0,1,0,1,1,1,0
251019,0,1,0,0,1,0,1,1,1,0
251020,0,1,0,0,1,0,1,1,1,1
251021,0,0,0,0,1,0,1,1,1,0
251023,0,0,0,0,0,0,1,0,0,0
251024,0,1,0,0,1,0,1,1,1,0
251025,0,0,0,1,1,0,1,1,1,1
252001,0,0,0,0,1,1,1,1,1,0
252002,0,0,0,1,0,0,1,1,1,1
252003,1,1,0,0,1,1,1,1,1,0
252004,0,0,0,0,0,1,1,1,1,1
252005,0,1,0,0,0,0,1,1,1,0
252006,0,0,0,0,1,1,1,1,1,1
252007,1,0,0,0,1,1,1,1,1,0
252008,0,0,1,0,0,0,1,1,1,0
252009,0,0,0,1,1,1,1,1,1,0
252010,0,0,1,1,0,0,1,1,1,0
252011,0,1,0,0,0,0,1,1,1,0
252012,0,0,0,0,0,1,1,1,1,1
252013,0,0,0,1,0,0,1,1,1,0
252015,0,0,0,1,0,0,1,0,1,0
252016,0,0,0,0,0,0,1,1,1,0
252017,0,1,0,0,1,1,1,1,1,1
252018,0,0,0,0,0,0,1,1,1,0
252019,0,0,1,0,1,1,1,1,1,0
252020,0,0,0,0,1,0,1,1,1,0
252021,0,0,0,0,1,1,1,1,1,0
252022,1,0,0,0,1,0,1,1,1,1
252023,1,0,0,0,1,0,1,1,1,1
252024,0,0,0,0,1,0,1,1,1,0
252025,0,1,0,0,1,1,1,1,1,1
253001,0,0,0,0,1,1,1,1,1,1
253002,0,0,0,0,0,0,0,0,0,0
253003,0,0,0,0,0,0,0,1,0,0
253004,0,0,0,0,1,0,1,1,1,1
253005,0,0,0,0,1,1,0,0,1,0
253006,0,0,0,0,0,1,1,0,0,0
253007,0,0,0,0,1,1,1,0,0,0
253008,0,0,0,0,1,1,1,1,1,0
253009,1,1,0,0,0,0,0,1,1,0
253010,0,0,0,1,1,1,1,1,1,0
253011,0,0,0,0,0,1,1,0,1,0
253012,0,0,0,0,0,1,1,0,0,1
253013,0,0,0,1,1,1,1,1,1,1
253014,0,0,0,0,1,1,0,0,1,0
253015,0,0,0,0,1,0,1,0,1,0
253016,0,0,0,0,0,1,1,0,0,0
253017,0,0,0,0,1,0,1,1,1,0
253018,0,0,0,0,1,0,1,1,1,0
253020,0,0,0,0,1,1,1,1,1,1
253021,0,1,0,1,1,1,1,1,1,0
253022,0,0,0,1,1,0,1,1,1,1
253023,0,0,1,0,1,1,1,0,1,0
253024,0,0,0,0,1,0,1,1,1,0
253025,0,0,0,0,1,0,1,1,1,0
254001,0,0,0,1,0,1,0,0,0,0
254002,0,0,0,0,0,0,1,0,0,0
254003,0,1,0,0,0,0,1,0,1,0
254004,0,0,0,0,0,0,1,0,0,0
254005,0,0,0,0,0,1,1,0,1,0
254006,1,0,0,0,0,0,1,0,1,0
254007,0,0,0,0,1,0,1,1,1,0
254008,0,0,0,0,1,0,1,1,1,0
254009,0,0,0,0,0,0,0,0,1,0
254010,0,0,0,0,0,1,1,0,0,0
254011,0,0,0,0,0,1,1,0,0,0
254012,0,1,0,0,1,0,1,1,1,0
254013,0,0,0,0,0,0,1,0,1,0
254014,0,0,0,0,0,1,1,0,1,0
254015,0,0,0,1,1,1,0,1,1,0
254016,0,0,0,0,0,1,1,0,0,0
254017,0,0,0,0,0,1,0,0,1,1
254018,0,0,0,0,0,1,1,0,1,0
254019,0,1,0,0,0,1,1,0,0,0
254020,0,0,0,0,0,1,1,0,0,0
254021,0,0,0,0,0,1,1,0,1,0
254022,0,0,0,0,1,1,1,1,1,0
254023,0,0,0,0,0,1,1,0,0,0
254024,0,0,0,0,0,1,0,0,1,0
254025,0,0,0,0,1,1,1,0,1,0
255001,0,0,0,0,0,0,0,0,0,0
255002,0,0,0,0,0,0,1,0,0,0
255003,1,1,0,0,0,1,1,1,1,0
255004,0,0,0,0,0,0,1,1,0,0
255005,1,0,0,0,1,1,1,1,1,0
255006,0,0,0,1,1,1,1,1,1,1
255007,0,0,0,0,0,1,1,0,0,0
255008,0,0,0,0,0,1,1,0,1,0
255009,0,0,0,0,0,1,1,1,1,0
255010,1,1,0,0,1,1,1,1,1,0
255011,0,0,0,0,0,1,1,1,1,0
255012,0,0,0,0,0,1,1,1,1,0
255013,0,0,0,0,0,1,0,0,1,0
255014,0,0,0,0,1,1,0,1,1,0
255015,0,0,0,0,0,1,0,0,1,0
255016,0,0,0,0,1,1,1,1,1,0
255017,0,0,0,0,1,1,1,0,1,0
255018,0,0,0,0,1,1,1,1,1,1
255019,0,0,0,0,1,1,1,0,1,0
255020,1,0,0,0,1,1,1,0,1,1
255021,0,0,0,1,1,1,1,1,1,0
255022,0,0,0,0,0,1,1,0,1,0
255023,0,0,0,0,0,1,0,0,0,0
255024,1,1,0,0,1,1,0,1,1,1
255025,0,0,0,0,0,1,1,1,1,0
256001,0,1,0,0,0,0,1,1,1,0
256002,0,0,0,1,0,0,1,1,1,1
256003,0,0,0,0,0,0,1,0,1,0
256004,0,0,0,0,0,0,1,0,1,0
256005,0,0,0,0,0,0,1,1,1,1
256006,0,0,0,0,1,0,1,1,1,1
256007,0,0,0,0,1,0,1,1,1,0
256008,0,0,0,1,1,0,1,1,1,0
256009,1,1,0,0,1,0,1,1,1,0
256010,0,0,0,1,1,0,1,1,1,0
256011,1,1,0,0,0,0,1,1,1,0
256012,0,0,0,0,0,0,1,1,1,0
256013,0,0,0,0,1,0,1,1,1,0
256014,0,0,0,0,0,0,0,1,0,0
256015,1,0,0,0,1,0,0,1,1,0
256016,0,0,0,0,1,1,1,1,1,0
256017,0,0,0,0,1,1,1,1,1,0
256018,0,0,1,0,1,0,1,1,1,0
256019,0,1,0,0,1,0,1,1,1,0
256020,0,0,0,1,1,0,1,1,1,0
256021,0,0,0,0,1,0,1,1,1,1
256022,0,0,0,0,1,0,1,1,1,0
256023,0,0,1,0,1,0,1,1,1,0
256024,0,0,0,0,1,0,1,1,1,0
256025,0,0,0,0,1,1,1,1,1,0
257001,0,0,0,0,1,1,1,1,1,0
257002,0,0,0,0,0,0,1,1,0,0
257003,0,0,0,0,1,0,1,1,1,0
257004,0,0,0,0,1,1,1,1,1,1
257005,0,0,0,0,1,0,1,1,1,1
257006,0,0,0,0,1,0,1,1,1,0
257007,0,0,0,0,0,1,1,0,1,0
257008,0,0,0,0,1,0,1,1,1,0
257009,0,0,0,0,1,0,1,1,1,0
257010,0,0,0,0,0,0,1,0,1,0
257011,0,0,0,0,0,0,1,0,0,0
257012,0,0,0,0,0,0,1,0,0,0
257013,0,0,0,0,0,0,1,0,0,0
257014,0,0,0,1,1,0,1,0,1,1
257015,0,0,0,0,1,1,1,0,0,0
257016,0,0,0,0,0,0,1,0,0,0
257017,0,0,0,0,0,0,1,0,1,0
257018,0,0,0,0,0,0,0,0,0,0
257019,0,0,0,0,1,0,1,1,0,0
257020,0,0,0,0,0,0,1,0,1,0
257021,0,0,0,1,0,0,1,0,1,0
257022,0,0,0,0,0,0,1,1,0,0
257024,0,0,0,1,1,0,1,1,1,1
257025,0,1,0,0,1,0,1,0,1,0
258001,0,0,0,0,1,0,1,0,1,1
258002,0,0,0,0,0,0,1,0,1,0
258003,0,1,0,0,0,0,1,0,1,0
258004,0,0,0,0,1,1,1,0,1,1
258005,0,0,1,0,0,0,1,0,0,0
258006,0,0,0,0,0,0,1,0,1,0
258007,0,0,0,0,0,0,1,1,1,1
258008,0,0,0,0,0,0,1,1,0,0
258009,0,0,0,1,0,0,1,0,1,1
258010,0,0,0,0,0,0,1,0,0,0
258011,0,0,0,0,0,0,1,0,0,0
258012,0,1,0,0,1,0,1,1,1,0
258013,0,0,0,0,0,0,1,1,1,0
258014,0,0,0,0,0,0,1,0,0,0
258015,0,0,0,0,0,0,1,1,1,0
258016,0,0,0,0,1,0,1,0,1,0
258017,0,0,0,1,1,0,1,0,1,1
258018,0,0,0,0,0,1,1,0,1,0
258019,0,0,0,0,0,0,1,0,0,0
258021,0,1,0,0,0,0,1,0,1,0
258022,0,0,0,0,1,0,1,0,1,0
258023,0,0,0,0,0,0,1,0,0,0
258024,0,0,0,0,0,0,1,0,0,0
258025,0,0,0,0,0,0,1,0,1,0
259001,0,,0,0,1,0,1,1,1,0
259002,0,1,0,0,1,0,1,1,1,0
259003,0,0,0,0,1,0,1,0,1,1
259004,0,0,0,0,0,0,1,1,1,0
259005,0,0,0,0,1,0,1,0,1,1
259006,0,0,0,0,1,0,1,0,1,0
259007,0,0,0,0,0,0,1,0,1,0
259009,0,0,0,0,0,0,1,0,1,0
259010,0,1,0,0,0,0,1,0,1,0
259011,0,0,0,0,1,0,1,0,1,0
259012,0,0,0,0,0,0,0,0,0,0
259013,0,0,0,0,1,0,1,0,1,0
259014,0,0,0,0,1,0,1,1,1,0
259015,0,0,0,0,1,0,1,1,1,1
259016,0,0,0,0,0,1,1,0,0,1
259017,0,0,0,1,0,0,1,0,1,0
259018,0,0,0,0,0,0,1,0,1,0
259019,0,0,0,0,1,0,1,1,1,1
259020,0,0,0,0,1,0,1,0,1,1
259021,0,0,0,0,0,0,1,0,0,0
259022,0,0,0,0,1,0,1,1,1,0
259024,0,0,0,0,0,0,1,0,0,0
259025,0,0,0,1,0,0,1,0,0,0
260001,0,0,0,0,1,0,1,1,1,1
260002,0,1,0,0,1,0,1,1,1,0
260003,0,0,0,0,1,0,1,1,1,0
260004,0,0,0,0,1,1,1,1,1,0
260005,0,0,0,1,0,0,1,1,1,0
260006,0,0,0,0,1,0,1,1,1,0
260007,0,0,0,0,1,0,1,1,1,1
260008,0,0,1,0,1,0,1,1,1,0
260009,0,1,0,0,1,0,1,1,1,0
260010,0,0,0,0,1,0,1,1,1,0
260011,0,0,0,0,1,0,1,1,1,0
260012,1,0,0,0,1,0,1,1,1,1
260013,0,0,0,0,1,0,1,1,1,1
260014,0,0,0,0,1,1,1,1,1,0
260015,0,0,0,0,1,0,1,1,1,0
260017,0,0,0,0,1,0,1,1,1,0
260018,0,0,0,0,1,0,1,1,1,0
260019,0,0,0,0,1,0,1,1,1,1
260020,0,0,0,0,1,0,1,1,1,1
260021,0,1,0,0,1,0,1,1,1,0
260022,0,1,0,0,1,0,1,1,1,0
260023,0,0,0,1,1,0,1,1,1,0
260024,0,0,0,0,1,0,1,1,1,0
260025,0,0,0,0,1,0,1,1,1,0
261001,0,0,0,1,1,1,1,1,1,1
261002,0,1,0,0,1,0,1,1,1,0
261003,0,0,0,0,1,0,1,0,1,1
261004,0,1,0,0,1,1,1,1,1,1
261005,0,1,0,0,1,1,1,1,1,1
261006,0,1,0,0,1,0,1,1,1,0
261007,0,1,0,0,1,1,1,1,1,0
261008,0,0,0,0,1,1,1,1,1,1
261009,0,1,0,0,1,0,1,1,1,1
261010,0,0,0,0,1,1,1,1,1,0
261011,0,0,0,0,1,0,1,1,1,1
261012,0,0,0,0,1,0,1,1,1,1
261013,0,0,0,1,1,0,1,1,1,0
261014,0,0,0,1,1,0,1,1,1,0
261015,0,0,0,1,1,0,1,1,1,0
261016,0,0,0,0,1,0,1,1,1,0
261017,0,0,0,1,1,0,1,1,1,0
261018,0,0,0,0,1,0,1,1,1,0
261019,0,0,0,1,1,0,1,1,1,1
261021,0,1,0,0,1,0,1,1,1,0
261022,0,0,0,1,1,0,1,1,1,0
261023,0,0,0,1,1,0,1,1,1,1
261024,0,1,0,0,1,0,1,1,1,0
261025,0,0,0,0,1,0,1,1,1,0
262001,0,0,0,0,1,0,1,1,1,0
262002,0,0,1,0,0,1,1,1,1,0
262003,0,0,0,0,0,0,1,1,0,0
262004,0,0,0,0,1,0,1,1,1,1
262005,0,0,0,0,1,0,1,1,1,0
262006,0,0,0,0,1,0,1,1,1,0
262007,0,0,0,0,0,0,1,1,1,0
262008,0,0,0,0,0,1,1,1,1,0
262009,0,0,0,0,1,0,1,1,1,0
262010,0,0,0,1,0,0,1,1,0,0
262011,0,0,0,0,0,0,1,1,1,0
262012,0,0,0,0,1,0,1,1,1,1
262013,0,0,0,1,0,0,1,1,1,1
262014,0,0,0,0,1,0,1,1,1,0
262015,0,1,0,0,1,0,1,1,1,1
262016,0,0,0,0,1,0,1,1,1,0
262017,0,0,0,1,0,0,1,1,1,1
262018,0,0,0,0,1,0,1,1,1,0
262019,0,0,0,0,0,0,1,1,1,0
262020,0,0,0,0,0,0,1,1,1,0
262021,0,0,0,0,1,0,1,1,1,0
262022,0,1,0,0,0,1,1,1,1,0
262023,0,0,0,1,1,1,1,1,1,1
262024,0,0,0,0,0,0,0,1,0,0
262025,0,0,0,1,1,0,1,1,1,1
263001,0,0,0,0,1,1,1,1,1,1
263002,0,0,0,1,0,0,1,1,1,1
263003,0,0,0,0,1,0,1,1,1,0
263004,0,0,0,0,0,0,1,1,1,0
263005,0,0,0,0,1,0,1,1,1,0
263006,0,0,0,0,1,0,1,1,1,0
263007,0,0,0,1,1,0,1,1,1,1
263008,0,0,0,1,1,0,1,1,1,1
263009,0,0,0,1,0,0,1,0,1,0
263010,0,1,0,,0,0,1,0,1,0
263011,0,0,0,0,0,0,1,0,1,0
263012,0,0,0,0,0,0,1,1,1,1
263013,0,0,0,0,0,0,1,1,1,0
263014,0,0,0,0,0,0,0,1,1,1
263015,0,0,0,0,0,0,1,1,1,0
263016,0,0,0,0,1,0,1,1,1,1
263017,0,0,0,0,0,0,1,1,0,0
263018,0,0,0,0,0,0,1,1,0,0
263019,0,0,0,0,1,0,1,1,1,1
263020,0,1,0,0,0,0,1,1,1,0
263021,0,0,0,0,0,0,1,1,0,0
263022,0,0,0,0,0,0,0,1,1,0
263023,0,0,0,0,1,0,1,1,1,0
263024,0,0,0,1,0,0,0,1,0,0
263025,0,1,0,0,0,0,1,1,1,0
264001,0,0,0,0,0,0,0,1,0,0
264002,0,0,0,0,0,0,1,0,0,0
264003,0,1,0,0,0,1,1,0,1,0
264004,0,0,0,0,1,0,1,1,1,1
264005,0,0,0,0,1,0,1,1,1,0
264006,0,0,0,0,1,0,1,1,0,0
264007,0,0,0,1,1,0,1,1,1,1
264008,0,0,0,1,1,1,1,1,1,1
264009,0,0,0,0,1,0,1,1,0,0
264010,0,0,0,0,1,0,1,1,1,0
264011,0,0,0,1,1,0,1,1,1,0
264012,1,0,0,0,0,0,1,0,0,0
264013,0,0,0,0,0,0,1,0,0,0
264014,0,0,0,0,1,0,1,1,0,1
264015,0,0,0,0,0,0,1,1,1,0
264016,0,0,0,0,0,0,1,1,0,0
264017,0,0,0,0,1,0,1,0,1,0
264018,0,0,0,0,0,0,1,1,1,0
264019,0,0,0,0,0,0,0,1,0,0
264020,0,0,0,0,1,0,1,1,1,1
264021,0,0,0,0,0,0,1,1,0,0
264022,0,0,0,0,1,0,1,1,1,0
264023,0,0,0,0,0,0,1,0,0,0
264024,0,0,0,0,0,0,1,1,1,0
264025,0,1,0,0,0,0,1,1,1,0
265001,0,1,0,0,1,0,1,1,1,1
265002,0,0,0,0,0,0,1,0,0,0
265003,0,0,0,0,0,0,1,0,0,0
265004,0,0,0,0,0,0,1,0,1,0
265005,0,0,0,0,0,0,1,1,1,0
265006,0,1,0,0,1,0,1,1,1,0
265007,0,0,0,0,1,0,1,1,0,0
265008,0,0,0,1,1,1,1,1,1,0
265009,0,0,1,1,0,0,1,1,1,0
265010,0,0,0,1,0,0,1,1,1,1
265011,0,0,0,0,0,0,1,1,0,0
265012,0,1,0,0,1,0,1,1,1,0
265013,0,0,0,0,0,0,1,0,1,0
265014,0,0,0,0,0,0,1,1,1,0
265015,1,1,0,0,0,0,1,1,1,1
265016,0,0,0,0,1,0,1,1,1,1
265017,0,0,0,0,1,0,1,1,1,0
265018,0,1,0,0,0,0,1,1,0,0
265019,0,0,0,0,0,0,0,1,0,0
265020,0,0,0,0,1,0,1,1,1,0
265021,0,0,0,1,0,1,1,1,1,0
265022,0,0,0,0,1,0,1,1,1,1
265023,0,1,0,0,0,0,1,1,1,0
265024,0,0,0,0,1,0,1,1,1,1
265025,0,0,0,0,0,0,1,1,0,0
266001,0,0,0,0,1,1,1,1,1,1
266002,0,0,0,0,1,1,1,1,1,0
266003,0,0,0,1,1,1,1,1,1,0
266004,0,0,0,0,1,1,1,1,1,1
266005,0,0,1,1,1,1,1,1,1,0
266006,0,0,0,0,1,1,1,1,1,0
266007,0,0,0,0,1,1,1,1,1,0
266008,0,0,0,0,1,1,1,1,1,0
266009,0,0,0,0,1,1,1,1,1,0
266010,0,0,0,1,1,1,1,1,1,1
266011,0,0,0,0,0,1,1,1,1,0
266012,0,0,0,1,1,1,1,1,1,1
266013,0,1,0,0,1,1,1,1,1,1
266014,0,1,1,1,0,1,1,1,1,0
266015,0,1,0,0,1,1,1,1,1,0
266016,0,0,0,1,1,1,1,1,1,1
266017,0,0,0,1,1,1,1,1,1,1
266018,0,1,0,1,1,1,1,1,1,0
266019,0,0,0,0,1,1,1,1,1,0
266020,0,0,0,0,1,1,1,1,1,1
266021,0,0,0,1,1,1,1,1,1,1
266022,0,1,0,0,1,1,1,1,1,1
266023,0,1,0,0,1,1,1,1,1,0
266024,0,0,0,1,1,1,1,1,1,1
266025,0,0,0,0,0,1,1,1,1,0
267001,0,0,0,1,1,1,1,1,1,1
267002,0,0,0,0,1,1,1,1,1,1
267003,0,0,0,0,1,1,1,1,1,0
267004,0,0,0,0,1,1,1,1,1,0
267005,0,0,0,1,1,1,1,1,1,0
267006,0,0,0,1,1,1,1,1,1,1
267007,0,0,0,0,1,1,1,1,1,1
267008,0,0,0,1,1,1,1,1,1,1
267009,0,0,0,1,1,1,1,1,1,0
267010,0,0,0,1,1,1,1,1,1,1
267011,0,0,0,0,1,1,1,1,1,0
267012,0,0,0,1,0,1,1,1,1,1
267013,0,1,0,0,1,1,1,1,1,1
267014,0,0,0,0,1,1,1,1,1,0
267015,0,0,0,0,1,0,1,1,1,1
267016,0,0,0,0,1,1,1,1,1,0
267017,0,0,0,1,0,1,1,1,1,1
267018,0,0,0,0,0,1,1,1,1,0
267019,0,0,0,0,1,1,1,1,1,0
267020,0,0,0,1,1,1,1,1,1,0
267021,0,0,1,0,1,1,1,1,1,0
267022,1,0,0,1,1,1,1,1,1,0
267023,0,0,0,0,1,1,1,1,1,0
267024,0,1,0,1,1,1,1,1,1,0
267025,1,0,0,1,1,1,1,1,1,0
268001,0,0,0,1,1,0,1,0,1,1
268002,0,0,0,0,0,1,1,0,0,0
268003,0,0,0,0,0,0,1,0,0,0
268004,0,0,0,0,0,0,1,1,0,0
268005,0,0,0,0,1,0,1,1,1,1
268006,0,1,0,0,1,1,1,1,1,1
268007,0,0,0,0,1,0,1,0,1,1
268008,0,,0,0,1,1,1,1,1,1
268009,0,0,0,0,1,1,1,1,1,0
268010,0,0,1,0,1,1,1,1,1,1
268011,0,0,0,0,1,0,1,1,1,0
268012,0,0,0,0,0,0,0,0,1,0
268013,0,0,0,0,1,1,1,1,1,0
268014,0,1,0,0,1,1,1,1,1,1
268015,0,0,0,0,0,1,1,0,1,0
268016,0,0,0,1,1,1,1,1,1,1
268017,0,0,0,1,1,0,1,1,1,0
268018,0,0,0,0,1,1,1,1,1,0
268019,0,0,0,0,0,1,1,1,1,1
268020,0,0,0,0,0,1,1,1,1,0
268021,0,0,0,0,1,0,1,1,1,0
268022,0,0,0,1,1,1,1,0,1,1
268023,0,0,0,0,1,1,1,1,1,1
268024,0,0,0,0,1,0,1,1,1,0
268025,0,0,0,1,1,1,1,1,1,0
269001,0,0,0,1,1,1,1,1,1,1
269002,0,0,0,0,0,1,1,1,1,0
269003,0,0,0,1,1,1,1,1,1,1
269004,0,0,0,1,1,1,1,1,1,1
269005,0,1,0,0,0,1,1,1,1,0
269006,1,0,0,0,1,1,1,1,1,0
269007,0,0,0,0,1,1,1,1,1,1
269008,1,0,0,0,1,1,1,1,1,1
269009,0,1,0,0,0,1,1,1,1,0
269010,0,0,0,0,1,1,1,1,1,1
269011,0,0,0,1,1,1,1,1,1,0
269012,0,0,0,1,1,1,1,1,1,0
269013,1,0,0,0,1,1,1,1,1,1
269014,0,0,0,0,1,1,1,1,1,1
269015,0,1,0,0,0,1,1,1,1,0
269016,0,0,0,0,1,1,1,1,1,1
269017,0,0,1,1,1,1,1,1,1,1
269018,0,0,0,0,1,1,1,1,1,1
269019,0,0,0,0,1,1,1,1,1,1
269020,0,0,0,1,1,1,1,1,1,0
269021,0,0,0,0,1,1,1,1,1,1
269022,0,0,0,0,1,1,1,1,1,1
269023,0,0,0,0,1,1,1,1,1,1
269024,0,0,0,1,1,1,1,1,1,1
269025,0,,0,0,1,1,1,1,1,1
270001,0,1,0,0,1,0,1,1,1,0
270002,0,0,0,0,1,1,1,1,1,0
270003,0,1,1,0,1,1,1,1,1,1
270004,0,0,0,0,0,1,1,1,1,0
270005,0,0,0,0,1,1,1,1,1,1
270006,0,1,0,1,1,1,1,1,1,0
270007,0,0,0,0,1,1,1,1,1,1
270008,0,0,0,0,1,1,1,1,1,1
270009,0,0,0,1,1,1,1,1,1,1
270010,0,0,0,1,1,1,1,1,1,1
270011,0,0,0,0,1,1,1,1,1,0
270012,0,1,0,0,1,1,1,1,1,1
270013,0,1,0,0,1,1,1,1,1,1
270014,0,1,0,0,1,1,1,1,1,1
270015,0,0,0,0,1,1,1,1,1,1
270016,0,1,0,0,1,1,1,1,1,1
270017,0,0,0,0,1,1,1,1,1,1
270018,0,0,0,0,1,1,1,1,1,1
270019,0,0,0,0,1,1,1,1,1,1
270020,0,0,0,0,1,1,1,1,1,1
270021,0,0,0,0,1,1,1,1,1,0
270022,0,0,0,0,1,1,1,1,1,1
270023,0,0,0,0,1,1,1,1,1,1
270024,0,0,0,1,1,1,1,1,1,1
270025,0,0,0,1,1,1,1,1,1,1
271001,0,0,0,0,1,1,1,1,1,1
271002,0,0,0,0,1,1,1,1,1,1
271003,0,1,0,1,1,1,1,1,1,1
271004,0,0,0,1,1,1,1,1,1,1
271005,0,0,0,0,1,1,1,1,1,1
271006,0,0,0,1,1,1,1,1,1,0
271007,0,0,0,1,1,1,1,1,1,1
271008,1,0,0,0,1,1,1,1,1,0
271009,0,0,0,1,1,1,1,1,1,0
271010,0,0,0,1,1,1,1,1,1,0
271011,0,1,0,1,1,1,1,1,1,1
271012,0,0,0,0,1,1,1,1,1,1
271013,0,0,0,0,1,1,1,1,1,0
271014,0,0,0,0,1,1,1,1,1,0
271015,0,0,0,0,1,1,1,1,1,1
271016,0,0,0,0,1,1,1,1,1,0
271017,0,0,0,0,1,1,1,1,1,1
271018,0,0,1,0,1,1,1,1,1,1
271019,0,0,0,0,1,1,1,1,1,1
271020,0,0,0,1,1,1,1,1,1,1
271021,0,0,0,0,1,1,1,1,1,1
271022,0,0,0,0,1,1,1,1,1,1
271023,0,0,1,1,1,1,1,1,1,1
271024,0,0,0,1,1,1,1,1,1,1
271025,0,1,0,1,1,1,1,1,1,1
272001,0,0,0,0,1,0,1,1,1,1
272002,0,0,0,0,1,1,1,1,1,1
272003,0,0,0,0,1,0,1,1,1,0
272004,0,0,0,0,0,0,1,1,1,0
272005,0,0,0,0,1,1,1,1,1,0
272006,0,0,0,0,1,0,1,1,1,1
272007,1,1,0,0,1,0,1,1,1,0
272008,0,0,0,1,1,1,1,1,1,0
272009,0,0,0,1,0,1,1,1,1,0
272010,0,0,0,0,1,1,1,1,1,1
272011,0,1,0,1,1,1,1,1,1,1
272012,0,0,0,0,1,0,1,1,1,0
272013,0,0,0,0,0,1,1,1,1,0
272014,0,1,0,0,1,1,1,1,1,1
272015,0,0,0,0,0,1,1,1,1,0
272016,0,1,0,0,1,0,1,1,1,0
272017,0,1,0,1,1,1,1,1,1,1
272018,0,0,0,0,1,1,1,1,1,1
272019,0,0,0,1,1,0,1,1,1,1
272020,0,1,0,0,1,1,1,1,1,0
272021,0,0,0,0,1,0,1,1,1,0
272022,0,1,0,0,1,1,1,1,1,0
272023,0,0,0,1,1,1,1,1,1,0
272024,0,0,0,0,1,1,1,1,1,0
272025,0,0,0,0,1,1,1,1,1,1
273001,0,1,0,0,0,1,1,1,1,0
273002,0,0,0,1,0,0,1,0,1,1
273003,0,0,0,0,0,0,1,1,0,0
273004,0,0,0,0,0,0,1,1,1,1
273005,0,0,0,0,0,1,1,0,1,0
273006,0,0,0,0,0,0,1,0,0,0
273007,0,0,0,0,0,1,1,0,0,0
273008,0,0,0,0,0,0,1,1,0,1
273009,0,0,0,0,0,0,1,1,0,0
273010,0,0,0,0,1,0,1,1,1,0
273011,0,0,0,0,0,0,1,1,0,0
273012,0,0,0,0,0,1,1,0,0,0
273013,0,0,0,0,0,0,0,0,0,0
273014,0,1,0,0,0,0,1,1,1,0
273015,0,1,0,0,0,0,1,1,1,1
273016,0,0,0,0,1,0,1,1,1,0
273017,0,0,0,0,0,0,1,0,0,0
273018,0,0,0,0,0,0,1,0,0,0
273019,0,0,0,0,1,0,1,1,1,0
273020,0,0,0,0,0,0,1,1,0,0
273021,0,0,1,0,0,0,1,1,1,0
273022,0,0,0,0,1,0,1,1,1,0
273023,0,0,0,0,0,0,1,0,0,0
273024,0,1,0,0,0,0,1,1,1,1
273025,0,0,0,0,0,0,1,1,1,0
274001,0,0,0,0,0,0,1,1,1,0
274002,0,0,0,0,0,0,1,0,0,0
274003,0,0,0,0,0,0,1,0,1,0
274004,0,0,0,1,1,0,1,1,1,0
274005,0,0,0,0,1,0,1,1,1,0
274006,0,0,0,0,0,0,1,0,1,1
274007,0,1,0,0,0,1,1,1,0,0
274008,0,1,0,0,0,0,0,0,0,0
274009,0,0,0,0,1,0,0,1,0,0
274010,0,0,0,0,0,1,1,0,0,0
274011,0,0,0,0,0,0,1,0,0,0
274012,0,1,0,0,0,0,1,1,1,0
274013,0,0,0,0,0,0,1,0,0,0
274014,0,0,0,0,0,0,1,0,1,0
274015,0,0,0,0,0,0,1,1,1,0
274016,0,0,0,1,0,0,1,1,0,0
274017,0,0,0,0,0,0,1,1,1,0
274018,0,0,0,0,0,0,0,1,1,0
274019,0,0,0,0,0,0,1,1,1,0
274020,0,0,0,0,0,0,1,1,1,0
274021,0,0,0,0,0,0,1,1,1,0
274022,0,0,0,0,0,0,1,0,0,0
274023,0,1,0,0,0,0,1,1,1,1
274024,0,1,0,0,0,0,1,0,0,0
274025,0,0,0,0,0,0,1,1,1,0
275001,0,0,0,0,0,0,1,0,0,0
275002,1,0,0,0,0,0,1,1,0,0
275003,0,0,0,0,0,0,1,0,1,0
275004,0,0,0,0,0,0,0,1,0,0
275005,0,1,0,0,0,0,1,1,1,0
275006,0,,0,0,0,1,1,1,0,0
275007,0,0,0,0,0,0,1,0,1,1
275008,0,0,0,0,0,0,1,1,1,0
275009,0,0,0,0,0,0,0,1,1,0
275010,0,0,0,0,0,0,1,0,1,0
275011,0,0,0,1,0,0,1,1,0,0
275012,0,0,0,1,0,0,1,1,1,0
275013,0,0,0,0,0,0,1,0,1,1
275014,0,0,0,0,0,0,1,1,1,0
275015,0,0,0,0,0,0,1,0,1,1
275016,0,0,0,0,0,0,0,0,0,0
275017,0,0,0,0,0,0,1,1,0,0
275018,0,1,0,0,0,0,1,1,1,0
275019,0,0,0,0,1,0,1,1,1,0
275020,0,0,0,0,0,0,1,1,0,0
275021,0,0,0,0,0,0,1,1,0,0
275022,0,0,0,0,0,0,1,1,0,0
275023,0,0,0,0,0,0,0,0,0,0
275024,0,0,0,0,0,0,1,1,0,0
275025,0,0,0,0,0,0,0,0,0,0
276001,0,0,0,0,0,0,1,1,0,0
276002,0,0,0,1,0,0,0,0,0,0
276003,0,1,0,0,0,0,0,0,0,0
276004,0,0,0,0,0,0,0,0,0,0
276005,0,0,0,0,0,0,0,0,0,0
276006,0,0,0,0,0,0,1,0,0,0
276007,0,0,0,0,0,0,1,0,1,1
276008,0,0,0,0,0,0,1,1,0,0
276009,0,0,0,1,0,0,0,0,1,0
276010,0,0,0,0,0,0,1,1,1,0
276011,0,0,0,0,0,0,1,0,0,0
276012,0,1,0,0,0,0,1,0,0,0
276013,0,1,0,0,0,0,1,1,1,0
276014,0,0,0,1,0,0,1,0,0,0
276015,0,0,0,0,0,0,1,0,0,0
276016,0,0,0,0,0,0,1,1,1,1
276017,0,1,0,1,0,0,1,0,1,0
276018,0,0,0,0,0,0,1,1,1,0
276019,0,0,0,0,0,0,0,0,0,0
276020,0,1,1,0,0,0,1,0,0,0
276021,0,0,0,0,0,0,1,0,0,0
276022,0,1,0,1,0,0,1,1,1,1
276023,0,0,0,0,0,0,1,1,1,0
276024,0,,0,0,0,0,0,1,1,0
276025,0,1,0,0,0,0,1,0,0,0
277001,0,1,0,0,0,0,1,1,1,0
277002,0,0,0,0,1,0,1,1,1,0
277003,0,0,0,1,0,0,1,1,1,0
277004,0,1,1,0,0,0,1,1,1,1
277005,0,0,0,0,0,0,1,1,1,0
277006,0,0,0,1,1,0,1,1,1,1
277007,0,0,0,0,0,0,1,1,1,0
277009,0,0,0,1,0,0,1,1,1,1
277010,0,0,0,0,0,0,1,1,1,0
277011,0,0,0,0,0,0,1,1,1,0
277012,0,0,0,1,1,0,1,1,1,0
277013,0,0,0,0,1,0,1,1,1,0
277015,0,0,0,0,1,1,1,0,1,0
277016,0,0,0,0,1,0,1,1,1,1
277017,0,0,0,0,0,0,1,1,0,0
277018,0,1,0,0,1,0,1,1,1,0
277019,0,0,0,1,1,0,1,1,1,0
277020,0,0,0,1,0,0,1,0,1,0
277021,0,0,0,1,1,0,1,1,1,1
277022,0,0,0,1,1,0,1,1,1,1
277023,0,0,0,1,0,0,1,1,1,0
277024,0,0,0,0,0,0,1,1,0,0
277025,0,0,0,0,0,0,1,1,1,0
278001,0,0,0,0,0,1,1,0,0,1
278002,0,0,0,0,1,0,1,0,0,0
278003,0,0,0,0,1,1,1,1,1,1
278004,0,0,0,0,1,1,1,1,1,1
278005,0,0,0,0,1,0,1,0,1,0
278006,0,0,0,0,1,0,1,1,1,1
278007,0,0,0,0,1,0,1,1,1,0
278008,0,0,0,0,0,0,1,0,0,0
278009,0,0,0,0,0,0,1,0,0,0
278010,0,0,0,0,0,1,1,1,1,0
278011,0,0,0,0,0,1,1,0,1,0
278012,0,0,0,0,1,0,1,0,1,0
278013,0,1,0,0,0,1,1,1,1,0
278014,0,1,0,0,0,1,1,1,1,0
278015,0,0,0,1,0,1,1,0,1,0
278016,0,0,0,0,1,1,1,1,1,0
278017,0,0,0,0,1,0,1,1,1,0
278018,0,0,0,0,0,0,1,0,0,0
278019,0,0,0,0,0,0,1,1,1,0
278020,0,0,0,1,1,0,1,1,1,0
278021,0,,0,0,1,1,1,1,1,1
278022,0,0,0,0,1,1,0,0,1,0
278023,0,0,1,0,1,1,1,1,0,0
278024,0,0,0,0,1,1,1,1,1,0
278025,0,1,0,0,1,0,1,1,1,0
279001,0,1,0,0,1,1,1,1,1,1
279002,0,0,0,0,1,1,1,0,1,0
279003,0,0,0,0,1,1,1,1,1,1
279004,0,0,0,0,1,1,1,1,1,1
279005,0,0,0,0,0,0,1,0,1,0
279006,1,0,0,0,1,0,0,1,1,0
279007,0,1,0,0,1,1,1,1,1,0
279008,0,1,0,1,1,1,1,1,1,1
279009,0,0,0,0,1,1,1,1,1,1
279010,0,0,0,0,0,1,1,1,1,0
279011,0,0,0,0,1,1,1,1,1,0
279012,0,1,0,0,0,1,1,1,1,0
279013,0,0,0,0,0,1,1,1,1,0
279014,0,1,0,0,1,1,1,1,1,1
279015,0,0,0,0,1,1,1,1,1,1
279016,0,0,0,0,1,1,1,1,1,0
279017,0,0,0,0,1,1,1,1,1,0
279018,0,0,0,1,1,1,1,1,1,1
279019,0,0,0,0,0,1,0,1,1,0
279020,0,0,0,0,1,1,1,0,1,0
279021,0,0,0,0,1,1,1,0,1,0
279022,0,0,0,0,1,1,0,0,1,0
279023,0,0,0,0,0,1,1,1,1,0
279024,0,0,0,0,1,1,1,1,1,0
279025,0,0,0,0,1,1,1,1,0,0
280001,0,0,0,0,1,0,1,1,1,1
280002,0,0,0,0,0,0,1,1,1,0
280003,0,0,0,0,1,0,1,1,1,0
280004,0,0,0,1,1,0,1,1,1,0
280005,0,0,0,0,0,0,1,1,1,1
280006,0,1,0,0,1,0,1,1,1,0
280007,0,0,0,1,1,0,1,1,1,1
280008,0,0,0,0,1,0,1,1,1,1
280009,0,0,0,1,1,0,1,1,1,0
280010,0,0,0,1,1,0,1,1,1,1
280011,0,0,0,0,0,0,1,1,1,0
280012,0,0,0,1,1,0,1,1,1,1
280013,0,0,0,0,1,0,1,1,1,0
280014,0,0,0,1,0,0,1,1,1,0
280015,0,0,0,0,1,0,1,1,1,1
280016,0,0,0,1,0,0,1,1,1,0
280017,0,0,1,0,0,0,1,1,1,1
280018,0,0,0,0,0,0,1,0,1,1
280019,0,0,0,0,0,0,1,1,1,0
280020,0,0,0,0,0,0,1,1,1,0
280021,0,1,0,0,0,0,1,1,1,0
280022,0,0,1,1,0,0,1,1,1,1
280023,0,0,0,1,0,0,1,1,1,1
280024,0,0,0,1,1,0,1,1,1,0
280025,0,0,0,0,0,0,1,1,1,0
281001,0,0,0,0,0,0,0,0,0,0
281002,0,0,0,0,1,0,1,1,1,1
281003,0,0,0,0,0,1,1,0,0,0
281004,0,,0,0,0,0,0,0,0,0
281006,0,0,0,0,0,1,1,0,0,0
281007,0,0,0,0,0,1,1,0,0,0
281009,0,,0,1,0,1,1,0,1,0
281010,0,0,0,0,0,0,1,1,0,1
281011,0,0,0,1,0,0,0,0,0,0
281012,0,0,0,0,0,0,1,0,0,0
281013,0,0,0,0,0,0,1,0,0,0
281014,0,0,0,0,0,0,1,0,0,0
281016,0,0,0,0,0,1,1,0,0,0
281017,0,0,0,0,0,0,0,0,0,0
281019,0,,0,0,0,0,1,0,0,0
281020,0,0,0,0,0,0,1,0,1,0
281021,0,0,1,0,1,0,1,1,0,0
281022,0,0,0,0,0,1,1,0,0,0
281023,0,0,0,0,0,0,1,1,1,1
281024,0,1,0,0,0,0,1,1,0,0
281025,0,0,0,0,0,1,1,0,0,0
282001,1,1,0,0,0,1,1,1,1,0
282002,0,1,0,0,0,1,1,1,0,0
282003,0,0,0,0,0,1,1,0,0,0
282006,0,0,0,0,1,1,1,1,1,1
282007,0,1,0,0,0,0,1,0,1,0
282008,0,1,0,0,0,1,1,0,0,1
282009,1,0,0,0,0,0,1,1,0,0
282010,0,1,0,0,0,0,1,1,0,0
282011,0,1,0,0,0,1,1,0,0,0
282012,0,0,0,0,1,1,1,1,0,0
282013,0,0,0,0,1,0,1,1,0,0
282014,0,0,0,0,1,1,1,1,1,1
282015,0,1,0,0,1,1,1,1,0,0
282016,0,0,1,0,1,1,1,0,1,1
282017,0,,0,0,1,1,1,1,1,0
282018,0,0,0,0,0,0,1,1,1,0
282019,0,1,0,1,1,0,1,1,1,0
282020,0,0,0,0,1,1,1,1,1,1
282021,0,,0,0,0,0,1,1,0,0
282022,0,1,0,0,0,0,1,1,0,0
282023,0,0,0,0,0,0,1,0,0,0
282024,1,0,0,0,1,0,1,1,1,0
282025,0,0,0,0,1,1,1,1,1,0
283001,0,0,0,0,1,0,1,0,1,0
283002,0,1,0,0,1,0,1,1,1,1
283003,0,0,0,0,1,0,1,1,0,0
283004,0,0,0,0,0,1,1,0,0,0
283005,0,0,0,0,0,1,1,0,1,0
283006,0,0,0,0,0,1,1,0,1,0
283007,0,0,0,1,1,1,1,1,1,1
283008,1,0,0,0,1,1,1,1,0,0
283009,0,0,0,1,1,1,1,1,1,0
283011,0,0,0,0,1,1,1,1,1,1
283012,0,0,1,0,1,1,1,1,1,0
283013,0,0,0,0,1,1,1,1,1,1
283014,0,0,0,0,1,1,1,1,0,0
283015,0,1,0,0,1,1,1,1,1,0
283016,0,0,0,1,1,1,1,1,1,1
283017,0,0,0,1,1,1,1,1,1,1
283018,0,0,0,0,0,0,1,0,0,0
283019,0,0,0,0,1,1,1,1,1,0
283020,0,1,0,0,1,1,1,1,1,0
283021,0,0,0,0,1,1,1,1,0,0
283023,0,0,0,0,0,0,1,1,1,0
283024,0,0,0,0,0,0,0,0,0,0
284001,0,0,0,0,0,1,1,0,0,0
284002,1,0,0,0,0,1,1,0,0,0
284003,0,,0,0,0,1,1,0,1,0
284004,0,0,0,0,0,1,1,0,0,0
284005,0,0,0,0,1,1,1,1,1,0
284006,0,,0,0,0,0,1,0,0,1
284007,0,0,0,0,1,0,1,1,0,1
284008,1,0,0,0,0,1,1,1,1,0
284010,0,0,0,1,1,1,1,1,0,1
284012,0,0,0,0,0,1,1,1,0,0
284014,0,0,0,0,0,0,1,1,0,0
284015,0,0,0,0,0,0,1,0,1,0
284016,0,0,0,0,0,1,1,0,0,0
284017,0,0,0,0,0,0,1,1,1,0
284018,0,0,0,1,1,1,1,1,1,1
284019,0,0,0,0,1,1,1,1,1,0
284020,0,0,0,0,1,0,1,1,1,1
284021,0,0,0,0,1,0,1,1,1,1
284022,0,0,0,0,0,1,1,0,0,0
284023,0,0,0,0,1,1,1,1,1,1
284024,0,0,0,0,1,1,1,0,1,1
284025,0,0,0,0,0,0,1,0,1,0
285001,0,0,0,1,1,1,1,1,1,1
285002,0,0,0,1,1,1,1,1,1,1
285003,0,0,0,1,1,1,1,1,1,1
285004,0,0,0,0,1,1,1,1,1,1
285005,0,1,0,1,1,1,1,1,1,1
285006,0,0,0,0,1,1,1,1,1,1
285007,1,0,0,0,1,1,1,1,1,1
285009,0,1,0,0,1,1,1,1,1,1
285010,0,0,0,0,1,1,1,1,0,0
285011,1,0,0,0,1,1,1,1,1,1
285012,0,0,0,0,1,1,1,1,1,1
285013,0,0,0,0,1,1,1,1,0,0
285014,0,0,0,0,1,1,1,1,1,1
285015,0,0,0,0,1,1,1,1,1,1
285016,0,0,0,0,1,1,1,1,1,1
285017,0,0,0,0,1,1,1,1,1,1
285018,0,1,0,0,1,1,1,1,1,0
285019,0,0,0,1,1,1,1,1,1,1
285020,0,1,0,0,1,1,1,1,1,1
285021,0,0,0,0,1,1,1,1,1,0
285022,0,0,0,0,1,1,1,1,1,0
285023,0,0,0,0,1,1,1,1,1,1
285024,0,0,0,0,1,1,1,1,1,0
285025,1,0,0,1,1,1,1,1,1,1
286001,0,0,0,0,1,1,1,1,1,0
286003,0,1,0,0,1,1,1,1,1,1
286004,0,,0,0,1,1,1,1,1,0
286005,0,1,0,0,1,1,1,1,1,1
286006,0,0,0,0,1,1,1,1,1,1
286007,0,0,0,1,1,1,1,1,1,1
286008,0,0,0,1,1,1,1,1,1,1
286009,0,0,0,0,1,1,1,1,1,0
286010,0,0,0,0,1,1,1,1,1,1
286011,0,0,0,1,1,1,1,1,1,1
286012,,0,0,0,1,1,1,1,1,1
286013,0,0,0,0,1,1,1,1,1,1
286014,1,0,1,0,1,1,1,1,1,0
286015,0,0,0,0,1,0,1,1,1,0
286016,0,0,0,1,1,1,1,1,1,1
286017,0,0,0,0,1,1,1,1,1,1
286018,0,0,0,0,1,1,1,1,1,0
286019,0,1,1,1,1,1,1,1,1,0
286020,0,0,0,1,1,1,1,1,1,1
286021,0,0,0,0,1,1,1,1,1,0
286022,0,0,0,1,1,1,1,1,1,1
286023,0,1,1,0,1,1,1,1,1,0
286024,0,0,0,0,1,1,1,1,1,0
286025,0,1,0,0,1,1,1,1,1,0
287001,0,0,0,0,1,1,1,1,1,1
287002,0,0,0,0,1,1,1,1,1,1
287003,0,0,0,1,1,1,1,1,1,1
287005,0,0,0,1,1,1,1,1,1,0
287006,1,0,1,0,1,1,1,1,1,0
287007,0,0,0,1,1,1,1,1,1,1
287008,0,0,0,0,1,1,1,1,1,0
287009,0,0,0,0,1,1,1,1,1,0
287010,0,0,0,1,1,1,1,1,1,1
287012,0,0,1,0,1,1,1,1,1,0
287013,0,1,0,1,1,1,1,1,1,1
287014,0,0,0,0,1,1,1,1,1,1
287015,0,0,0,0,1,1,1,1,1,0
287016,0,0,0,1,1,1,1,1,1,1
287017,0,0,0,0,1,1,1,1,1,1
287018,0,1,0,0,1,1,1,1,1,0
287019,0,0,0,0,1,1,1,1,1,0
287020,1,0,0,1,1,1,1,1,1,0
287021,0,0,0,0,1,1,1,1,1,0
287022,0,1,0,1,0,1,1,1,1,0
287023,0,0,0,1,1,1,1,1,1,1
287024,0,1,0,0,1,1,1,1,1,0
287025,0,1,0,0,1,1,1,1,1,0
288001,0,0,0,1,1,1,1,1,1,1
288002,1,0,0,0,0,1,1,1,1,0
288003,1,0,0,0,1,1,1,1,1,1
288004,0,0,0,0,1,1,1,1,1,0
288005,0,0,0,0,1,1,1,1,1,1
288006,0,0,0,1,1,1,1,1,1,1
288007,0,1,0,0,1,1,1,1,1,0
288008,0,0,0,1,1,1,1,1,1,1
288010,0,1,0,1,1,1,1,1,1,0
288011,0,0,0,1,1,1,1,1,1,1
288012,0,0,0,0,1,1,1,1,0,0
288013,0,0,0,1,1,1,1,1,1,1
288014,0,1,0,0,0,1,1,1,1,0
288015,0,0,0,1,1,1,1,1,1,0
288016,1,0,0,0,1,1,1,1,1,0
288017,1,1,0,0,1,1,1,1,1,0
288018,0,0,0,0,1,1,1,1,1,0
288019,0,1,0,0,1,1,1,1,1,0
288020,1,0,0,0,1,1,1,1,1,1
288021,0,1,0,0,1,1,1,1,1,1
288022,0,0,0,1,1,1,1,1,1,1
288023,0,,0,0,1,1,1,1,1,0
288024,0,0,1,0,1,1,1,1,1,0
288025,0,0,0,1,1,1,1,1,1,1
289001,0,0,0,1,1,1,1,1,1,1
289002,0,0,0,1,1,1,1,1,1,1
289003,0,0,0,0,1,1,1,1,1,0
289004,0,1,0,0,1,1,1,1,1,1
289005,0,0,0,1,1,1,1,1,1,1
289006,0,0,1,1,1,1,1,1,1,0
289007,0,0,0,0,1,1,1,1,1,0
289010,0,0,0,0,1,1,1,1,1,1
289011,0,0,0,1,1,1,1,1,1,1
289012,0,0,0,0,0,1,1,1,1,0
289013,0,0,0,1,1,1,1,1,1,1
289014,0,0,0,1,1,1,1,1,1,1
289015,0,0,0,0,1,1,1,1,1,0
289016,0,0,0,1,1,1,1,1,1,1
289017,0,0,0,0,1,1,1,1,1,0
289018,0,0,1,0,1,1,1,1,1,0
289019,0,0,0,0,1,1,1,1,1,0
289020,0,1,0,0,1,1,1,1,1,1
289021,0,0,0,0,1,1,1,1,1,0
289022,0,0,0,1,0,1,1,1,1,0
289024,0,0,0,0,1,1,1,1,1,1
289025,0,0,0,0,1,1,1,1,1,1
290001,0,0,0,1,1,1,1,1,0,0
290002,0,,0,1,1,1,1,1,1,1
290003,0,0,0,0,1,1,1,1,1,1
290004,0,0,0,0,1,1,1,1,1,0
290005,0,0,0,0,1,1,1,1,1,0
290006,0,0,0,0,1,1,1,1,1,1
290007,0,0,0,0,1,1,1,1,1,1
290008,0,0,0,1,1,1,1,1,1,1
290009,0,0,0,0,1,1,1,1,1,0
290010,0,0,0,0,1,1,1,1,0,1
290011,0,0,0,1,1,1,1,1,1,1
290012,0,0,0,0,1,1,1,1,1,1
290013,0,0,0,0,1,1,1,1,1,0
290014,0,0,0,0,1,1,1,1,1,1
290015,0,0,0,0,1,1,1,1,1,0
290017,0,1,0,0,1,1,1,1,1,0
290018,0,0,1,0,1,1,1,1,1,0
290019,1,0,0,1,1,1,1,1,1,1
290021,0,0,0,0,1,1,1,1,1,0
290022,0,0,1,0,1,1,1,1,1,0
290023,0,1,0,1,1,1,1,1,1,0
290024,0,0,0,1,1,1,1,1,0,1
290025,0,0,0,1,1,1,1,1,1,1
291001,0,0,0,0,0,1,1,1,1,0
291002,0,0,0,1,1,1,1,1,1,1
291003,0,0,0,0,1,1,1,1,1,1
291004,0,0,0,0,1,1,1,1,0,0
291005,0,0,0,0,1,1,1,1,1,1
291006,0,0,0,1,1,1,1,1,1,0
291007,0,1,0,1,1,1,1,1,1,1
291008,0,0,0,0,1,1,1,1,1,0
291009,0,1,0,0,1,1,1,1,1,1
291010,0,,0,1,1,0,1,1,1,1
291011,0,0,0,0,1,1,1,1,1,1
291012,0,0,1,0,1,1,1,1,1,0
291013,0,0,0,0,1,1,1,1,1,1
291015,0,,0,0,1,1,1,1,1,0
291016,1,0,0,0,1,1,1,1,1,0
291017,0,0,0,1,1,1,1,1,1,0
291018,0,0,0,0,1,1,1,1,1,0
291019,0,0,0,0,1,1,1,1,1,0
291020,0,0,0,1,1,1,1,1,1,0
291021,0,0,0,1,1,1,1,1,1,1
291022,0,0,0,0,1,1,1,1,1,0
291024,0,0,0,0,1,1,1,1,1,0
291025,0,0,0,0,1,1,1,1,1,0
292001,0,0,0,0,1,0,0,0,0,0
292002,0,0,0,0,1,1,1,1,1,0
292003,0,0,0,0,1,1,1,1,1,0
292004,0,,0,0,1,1,1,1,1,0
292005,0,0,0,1,1,1,1,1,1,1
292006,0,0,0,0,0,1,0,0,0,0
292008,0,,0,0,1,1,1,1,1,0
292009,0,0,0,0,1,0,1,1,1,0
292012,0,0,0,0,0,0,1,0,1,0
292013,0,0,0,0,1,1,1,1,1,1
292015,0,0,0,0,0,1,1,1,1,0
292016,0,0,0,0,1,0,1,1,0,0
292017,0,0,0,0,1,0,1,1,0,1
292018,0,0,1,0,1,1,1,1,1,0
292019,0,1,0,0,1,0,1,0,1,1
292020,0,0,0,0,1,0,1,1,1,0
292021,0,0,0,0,0,1,1,0,1,0
292023,0,0,0,0,1,1,1,0,0,1
292024,0,0,0,0,0,1,0,0,0,0
292025,0,0,0,0,0,1,1,1,1,0
293001,0,0,0,0,1,1,1,1,1,1
293002,0,0,0,0,1,1,1,1,1,1
293003,0,0,0,0,1,0,1,1,1,0
293004,0,,0,0,0,1,1,1,1,0
293006,0,0,0,1,1,1,1,1,1,1
293007,0,0,0,0,1,1,1,1,1,1
293008,0,0,0,0,0,1,1,1,1,0
293009,0,0,0,0,1,1,1,1,1,0
293010,0,0,0,1,1,0,1,1,1,1
293011,0,,0,0,1,1,1,1,1,0
293012,1,1,0,0,1,1,1,1,1,0
293013,0,0,0,0,1,1,1,1,1,1
293014,0,,1,1,1,1,1,1,1,0
293015,0,1,0,1,1,1,1,1,1,0
293016,0,0,0,0,1,1,1,1,1,0
293017,0,,0,0,1,1,1,1,1,0
293020,0,0,0,0,0,1,1,0,1,0
293021,0,0,0,0,1,1,1,1,1,0
293022,0,0,0,0,1,0,1,0,1,0
293023,0,,0,0,1,0,1,1,1,0
293024,0,1,0,0,1,1,1,1,1,0
293025,0,0,0,0,1,0,1,1,1,0
294001,1,,1,0,1,0,1,1,1,0
294002,0,0,0,0,1,0,1,0,1,0
294004,0,0,0,0,1,0,1,1,1,1
294005,0,0,0,1,1,1,1,1,1,1
294006,0,0,0,0,1,0,1,1,0,0
294007,0,0,0,0,0,0,1,0,0,0
294008,0,0,0,0,1,0,1,1,1,0
294009,0,0,0,1,1,1,1,1,1,1
294011,0,0,0,0,1,1,1,1,1,1
294012,0,1,0,0,1,1,1,0,1,1
294013,0,1,0,0,1,1,1,1,1,1
294015,0,1,0,0,1,1,1,1,0,1
294016,0,0,0,1,1,1,1,1,1,1
294017,0,0,0,1,1,1,1,1,1,0
294018,0,0,0,0,1,0,1,0,1,0
294019,0,0,0,1,1,1,1,1,1,1
294020,0,0,0,1,1,1,1,1,1,1
294021,0,0,0,0,1,1,1,1,1,1
294022,0,0,0,0,1,1,1,1,1,0
294023,0,0,0,0,1,1,1,1,1,1
294024,0,0,0,0,1,1,1,1,1,0
294025,0,0,0,0,1,1,1,1,1,1
295002,0,0,0,0,1,1,1,1,1,0
295004,0,0,0,1,1,1,1,1,1,0
295005,0,1,0,0,1,1,1,1,1,0
295006,0,0,0,1,1,1,1,1,1,1
295007,0,0,0,0,1,1,1,1,1,0
295008,0,,0,0,1,1,1,1,1,0
295009,0,0,0,0,1,1,1,1,1,0
295010,0,0,0,1,1,1,1,1,1,1
295011,0,0,0,0,1,1,1,1,1,0
295012,0,1,0,1,1,1,1,1,1,1
295013,0,0,0,0,1,1,1,1,1,0
295014,0,0,0,0,1,1,1,1,1,1
295015,0,0,0,1,1,1,1,1,1,1
295016,0,1,0,0,1,1,1,1,1,1
295017,0,0,1,0,1,1,1,1,1,0
295018,0,0,0,1,1,1,1,1,1,0
295019,0,0,0,0,1,1,1,1,1,0
295020,0,0,0,0,1,1,1,1,1,1
295021,1,0,0,0,1,1,1,1,1,1
295022,0,1,1,0,1,1,1,1,1,1
295023,0,0,0,0,1,1,1,1,1,0
295024,0,0,0,1,1,1,1,1,1,0
295025,0,0,0,0,0,1,1,1,1,0
296001,0,0,0,1,1,1,1,1,1,1
296002,0,0,0,0,0,1,1,1,1,0
296003,0,0,0,0,1,1,1,1,1,0
296004,0,1,0,0,1,1,1,1,1,1
296005,0,0,1,0,1,1,1,1,1,0
296006,0,1,0,0,1,1,1,1,1,0
296007,0,1,0,0,1,1,1,1,1,1
296008,0,0,0,0,1,1,1,1,1,0
296009,0,,0,0,1,1,1,1,1,0
296010,0,0,0,0,1,1,1,1,1,0
296011,0,0,0,0,1,1,1,1,1,0
296013,0,1,0,0,1,1,1,1,1,0
296014,0,0,0,1,1,1,1,1,1,1
296015,0,1,0,1,1,1,1,1,1,1
296017,0,0,0,0,1,1,1,1,1,0
296018,0,0,0,1,1,1,1,1,1,0
296019,0,,1,1,1,1,1,1,1,1
296020,0,0,1,1,1,1,1,1,1,1
296021,1,0,0,0,1,1,1,1,1,0
296022,0,0,0,1,1,1,1,1,1,1
296023,0,1,1,1,1,1,1,1,1,1
296024,0,0,0,0,1,1,1,1,1,1
296025,0,0,0,1,1,1,1,1,1,1
297001,0,0,0,0,1,1,1,1,1,1
297002,0,0,0,1,1,1,1,1,1,1
297003,0,1,0,0,1,1,1,1,1,0
297004,0,0,0,0,1,1,1,1,1,1
297005,0,0,0,0,1,1,1,1,1,1
297006,0,0,0,1,1,1,1,1,1,1
297007,0,1,0,0,0,1,1,1,1,0
297008,0,0,0,1,1,1,1,1,1,1
297010,0,0,0,0,1,1,1,1,1,0
297011,0,0,0,0,1,1,1,1,1,0
297012,0,1,0,0,1,1,1,1,1,1
297014,0,0,0,1,1,1,1,1,1,1
297015,0,0,0,1,1,1,1,1,1,1
297016,0,0,0,0,0,1,1,1,1,0
297017,0,0,0,0,1,1,1,1,1,1
297018,0,0,0,0,1,1,1,1,1,1
297020,0,0,0,0,0,1,1,1,0,0
297021,0,0,0,1,1,1,1,1,1,1
297022,0,0,0,1,1,1,1,1,1,1
297023,0,,0,0,1,1,1,1,1,1
297024,0,0,0,1,1,1,1,1,1,1
297025,0,0,0,1,0,1,1,1,1,1
298001,0,1,1,0,1,1,1,1,1,1
298002,0,0,0,0,1,1,1,1,1,0
298003,0,0,0,0,1,1,1,1,1,1
298004,0,0,0,0,1,1,1,1,1,1
298005,1,1,0,0,1,1,1,1,1,1
298006,0,0,0,0,1,1,1,1,1,0
298007,0,1,0,0,0,1,1,1,1,0
298008,0,0,0,1,1,1,1,1,1,1
298009,0,0,0,1,1,1,1,1,1,1
298010,0,1,1,1,1,1,1,1,1,0
298011,0,0,0,0,1,1,1,1,1,1
298012,0,0,1,1,1,1,1,1,1,1
298013,,1,0,1,1,1,1,1,1,0
298014,0,0,0,1,1,1,1,1,1,1
298015,0,1,0,0,1,1,1,1,1,0
298016,0,0,0,0,1,1,1,1,1,0
298017,0,1,0,1,1,1,1,1,1,1
298018,0,0,0,1,1,1,1,1,1,1
298019,0,0,1,1,1,1,1,1,1,1
298020,0,0,0,1,0,1,1,0,1,0
298021,0,0,0,1,1,1,1,1,1,1
298022,0,0,0,1,1,1,1,1,0,0
298023,0,0,0,0,1,1,1,1,1,0
298024,0,0,0,0,1,1,1,1,1,0
298025,0,1,0,0,0,1,1,1,1,1
299001,0,1,0,1,1,1,1,1,1,0
299002,1,0,0,0,1,1,1,1,1,0
299003,0,0,0,1,0,1,1,1,1,0
299004,0,0,0,1,1,1,1,1,1,1
299005,0,0,0,1,1,1,1,1,1,1
299006,0,0,0,0,0,1,1,1,1,0
299007,0,0,0,0,0,1,1,1,1,1
299008,0,0,0,0,1,1,1,1,1,1
299009,0,0,0,1,1,1,1,1,1,1
299010,0,1,0,1,1,1,1,1,1,1
299011,0,0,0,1,1,1,1,1,1,0
299012,1,1,0,0,0,1,1,1,1,0
299013,0,0,0,1,1,1,1,1,1,1
299014,0,0,0,1,1,1,1,1,1,1
299015,0,0,0,1,1,1,1,1,1,1
299016,0,0,0,1,1,1,1,1,1,0
299017,0,0,0,1,1,1,1,1,1,1
299018,0,0,0,0,1,1,1,1,1,1
299019,0,0,0,1,1,1,1,1,1,1
299020,0,0,0,1,1,1,1,1,1,1
299021,0,0,0,0,0,1,1,1,0,0
299022,0,,1,1,1,1,1,1,1,1
299023,0,0,0,0,1,1,1,1,1,0
299024,0,1,0,0,1,1,1,1,1,0
299025,0,0,0,0,1,1,1,1,1,1
300001,0,0,0,1,1,1,1,1,1,1
300002,0,0,0,0,1,1,1,1,1,1
300003,0,0,0,1,0,1,1,0,1,0
300004,,0,0,0,1,1,1,1,1,1
300005,0,0,0,0,1,1,1,1,1,1
300006,0,0,0,0,1,1,1,1,1,1
300008,0,0,0,0,1,1,1,1,1,0
300009,0,0,0,1,1,1,1,1,1,1
300011,1,,1,0,1,1,1,1,1,1
300012,0,,0,0,1,1,1,1,1,1
300013,0,,0,0,1,1,1,1,1,1
300014,0,0,0,0,1,1,1,1,1,0
300015,0,,0,0,1,1,1,1,1,0
300016,0,0,0,0,1,1,1,1,1,1
300017,0,,0,1,1,1,1,1,1,1
300018,0,0,0,0,1,1,1,1,1,1
300019,0,,0,0,1,1,1,1,1,1
300020,0,,1,0,1,1,1,1,1,0
300021,0,0,0,1,1,1,1,1,1,1
300022,0,0,0,0,1,1,1,1,1,1
300024,,0,1,1,1,1,1,1,1,1
301003,0,,0,0,1,1,1,1,1,1
301004,0,0,1,0,1,1,1,1,1,0
301009,0,0,0,0,0,1,1,1,1,0
301011,0,0,0,1,0,1,1,1,1,0
301012,0,,0,0,1,1,1,0,1,0
301013,0,0,0,0,0,1,1,1,1,0
301014,0,0,0,0,1,1,1,1,1,0
301015,0,0,0,0,1,1,1,1,1,0
301016,0,,0,0,1,1,1,1,1,1
301017,0,,0,0,1,1,1,1,1,1
301022,1,0,0,0,1,1,1,1,1,1
301023,0,,0,0,0,1,1,1,1,0
301024,0,0,0,0,1,1,1,1,1,1
301025,0,0,0,0,0,1,1,1,1,0
303001,0,1,0,0,1,1,1,1,1,1
303002,0,0,0,0,1,1,1,1,1,1
303003,0,1,0,1,1,1,1,1,1,1
303004,0,1,0,1,1,1,1,1,1,0
303005,0,0,0,1,1,1,1,1,1,1
303006,0,0,0,0,1,1,1,1,1,1
303007,0,0,0,0,0,1,1,1,1,0
303008,0,0,0,1,1,1,1,1,0,0
303009,0,1,0,0,1,1,1,1,1,1
303010,0,1,0,1,1,1,1,1,1,1
303011,0,0,0,1,1,1,1,1,1,0
303012,0,1,0,0,1,1,1,1,1,1
303013,0,0,0,1,1,0,1,1,1,1
303014,0,0,0,0,1,1,1,0,1,0
303016,0,1,0,1,1,1,1,1,1,1
303017,0,0,0,1,1,1,1,1,1,1
303019,0,0,0,0,1,1,1,1,1,0
303020,0,0,0,0,1,1,1,1,1,0
303021,0,0,0,0,1,1,1,1,1,0
303022,0,1,0,0,1,1,1,1,1,0
303023,0,0,0,0,1,1,1,1,1,0
303024,0,0,1,1,1,1,1,1,1,1
303025,0,0,0,0,1,1,1,1,1,0
304001,0,0,0,1,1,1,1,1,1,1
304002,0,0,0,1,1,1,1,1,1,1
304003,0,0,0,1,1,1,1,1,1,1
304004,0,0,0,1,1,1,1,1,1,1
304005,0,0,0,1,1,0,1,1,1,1
304006,0,0,0,1,1,0,1,1,1,1
304007,0,0,0,1,1,1,1,1,1,1
304008,0,0,0,0,1,1,1,1,1,1
304009,0,0,0,0,0,0,1,1,1,0
304010,0,0,0,0,1,1,1,1,1,0
304011,0,0,0,0,1,0,1,1,1,1
304012,0,0,0,1,1,1,1,1,1,0
304013,0,1,0,1,1,1,1,1,1,1
304015,0,0,0,1,1,1,1,1,1,1
304016,0,0,0,0,1,0,1,1,0,0
304017,0,0,0,1,1,0,1,1,1,0
304018,0,0,0,0,1,0,1,1,1,0
304019,0,0,0,0,1,1,1,1,1,1
304020,0,0,0,0,1,0,1,1,1,1
304021,0,0,0,1,1,0,1,1,0,1
304022,0,1,0,0,1,0,1,1,1,0
304023,0,0,0,0,1,0,1,1,1,1
304024,0,0,0,0,1,1,1,1,1,1
304025,0,0,0,0,1,0,1,1,1,1
305001,0,1,0,1,0,1,1,1,1,0
305002,0,0,0,1,1,1,1,1,1,1
305003,0,1,1,1,1,1,1,1,1,0
305004,0,0,0,0,1,1,1,1,1,0
305005,0,0,0,0,1,1,1,1,1,0
305006,0,0,0,0,1,1,1,1,1,1
305007,0,1,0,0,0,1,1,0,0,0
305008,0,0,0,0,1,1,1,1,1,1
305009,0,0,0,0,1,1,1,1,1,0
305010,0,0,0,0,0,1,1,1,1,0
305011,0,0,0,0,0,1,1,1,1,0
305012,0,0,0,1,1,1,1,1,1,1
305014,0,0,0,0,1,1,1,1,1,1
305015,0,0,0,0,1,1,1,1,1,1
305016,0,0,0,1,1,1,1,1,1,1
305017,1,0,0,0,0,1,1,1,1,0
305018,0,0,0,0,1,1,1,1,1,1
305019,0,0,0,0,0,1,1,1,1,0
305020,0,0,0,1,1,1,1,1,1,1
305021,0,0,0,0,1,1,1,1,1,1
305022,0,0,0,0,1,1,1,1,1,0
305023,0,0,0,0,1,1,1,1,1,1
305024,0,0,0,0,0,1,1,0,1,0
305025,0,0,0,0,1,1,1,1,1,1
306001,0,0,0,0,0,1,1,1,1,0
306002,0,0,0,0,1,1,1,1,1,1
306003,0,0,0,1,1,1,1,1,1,1
306004,0,0,0,0,1,1,1,1,1,1
306005,0,0,0,0,1,1,1,1,1,0
306006,0,0,0,1,1,1,1,1,1,1
306007,0,0,0,1,1,1,1,1,1,1
306008,0,0,0,1,1,1,1,1,1,1
306009,0,0,0,0,1,1,1,1,1,1
306010,0,0,0,0,1,1,1,1,1,1
306011,0,0,0,0,1,1,1,1,1,1
306012,0,0,0,0,1,1,1,1,1,1
306013,0,0,0,0,1,1,1,1,1,0
306014,0,0,0,0,1,1,1,1,1,0
306015,0,1,0,0,0,1,1,1,1,0
306016,0,1,0,1,1,1,1,1,1,1
306017,0,1,1,0,1,1,1,1,1,1
306018,0,1,0,0,1,1,1,1,1,0
306019,0,1,0,0,1,1,1,1,1,0
306020,0,0,0,1,1,1,1,1,1,1
306021,1,1,0,0,1,1,1,1,1,1
306022,0,1,0,0,1,1,1,1,1,0
306023,0,0,0,1,1,1,1,1,1,1
306024,0,0,0,0,1,1,1,1,1,0
306025,0,1,0,0,1,1,1,1,1,0
307001,0,0,0,0,1,1,1,1,1,0
307002,0,0,0,0,1,1,1,1,1,1
307003,0,0,0,0,1,1,1,1,1,0
307004,0,0,0,0,1,1,1,1,1,1
307005,0,0,0,0,1,1,1,1,1,1
307006,0,1,0,0,0,1,1,0,1,0
307008,0,0,0,0,1,1,1,1,1,0
307009,0,0,0,0,1,1,1,1,1,1
307010,0,0,0,0,1,1,1,1,1,0
307011,0,0,0,0,1,1,1,1,1,1
307012,0,0,0,0,1,1,1,0,1,0
307013,0,0,0,1,1,1,1,1,1,0
307014,0,0,0,0,1,1,1,1,1,1
307015,0,1,0,0,1,1,1,0,1,0
307016,0,0,0,0,1,1,1,1,1,0
307017,0,0,0,0,1,1,1,1,1,0
307018,1,0,0,0,1,1,1,1,1,0
307019,0,0,0,0,1,1,1,1,1,1
307020,0,0,0,1,1,1,1,0,1,0
307021,0,0,0,0,1,1,1,1,1,0
307022,0,0,0,0,1,1,1,1,1,1
307023,0,0,0,1,1,1,1,1,1,1
307024,0,0,0,1,1,1,1,1,1,1
307025,0,0,0,0,1,1,1,1,1,1
308001,0,0,0,0,1,1,1,1,1,0
308003,0,1,0,0,1,1,1,0,1,0
308004,0,0,0,1,1,0,1,0,0,1
308005,0,0,0,0,0,0,0,0,0,0
308006,0,0,0,1,1,0,1,1,1,1
308007,0,0,0,0,1,0,1,0,0,1
308008,0,0,0,0,1,1,1,1,1,1
308009,0,0,0,1,1,1,1,1,1,0
308011,0,1,0,0,1,1,1,1,1,1
308012,0,0,0,1,1,1,1,1,1,0
308013,0,0,0,0,1,1,1,1,1,0
308014,0,0,0,0,1,0,1,0,0,0
308015,0,0,0,0,0,0,1,1,0,0
308016,0,0,0,0,0,1,0,0,1,0
308017,0,0,0,0,1,1,1,1,1,1
308018,0,0,0,0,1,0,1,0,1,1
308019,1,0,0,0,0,1,1,0,1,0
308020,0,0,0,0,1,0,1,1,1,1
308021,0,0,0,1,1,1,1,1,1,1
308022,0,0,0,1,1,0,1,1,1,1
308023,0,0,0,0,1,0,1,1,1,0
308025,0,0,0,0,1,0,1,0,1,1
309001,0,0,0,1,1,0,1,1,1,0
309002,1,1,0,0,1,1,1,1,1,0
309003,0,0,0,0,1,0,1,0,1,1
309004,0,0,0,0,1,1,1,0,1,0
309005,0,0,0,0,0,1,1,1,1,0
309006,0,0,0,1,1,0,1,1,1,1
309007,0,0,0,0,1,0,1,1,1,1
309008,0,0,0,1,0,0,1,1,1,0
309009,0,0,0,1,1,0,1,1,1,1
309010,0,0,0,1,1,0,1,1,1,0
309011,0,0,0,0,1,0,1,1,1,1
309012,0,0,0,0,0,1,1,0,0,0
309013,1,0,0,0,0,0,1,1,1,0
309014,0,0,0,0,1,0,1,0,0,0
309015,0,0,0,0,0,0,1,1,1,0
309016,0,0,0,0,0,0,1,1,1,0
309018,0,0,0,0,1,1,1,1,1,1
309019,0,0,0,0,0,1,0,0,1,0
309020,0,0,0,0,0,0,1,1,1,0
309021,0,0,0,0,1,0,1,0,0,0
309022,0,0,0,0,0,0,1,0,1,0
309023,0,0,0,0,0,0,1,1,1,0
309024,0,0,0,0,1,0,1,1,1,0
309025,0,0,0,1,0,0,1,0,1,0
310001,0,0,0,0,1,0,1,1,1,0
310002,0,0,0,0,0,1,1,1,1,0
310003,0,0,0,0,1,0,1,1,1,0
310004,0,1,0,0,1,0,1,1,1,0
310005,0,1,0,0,1,1,1,1,1,0
310006,0,0,0,0,0,0,1,1,1,0
310007,0,0,0,0,1,0,1,1,1,1
310008,0,0,0,1,1,0,1,1,1,1
310009,0,1,0,0,1,0,1,1,1,0
310010,0,0,0,0,0,0,1,1,1,0
310011,0,,0,0,0,1,1,0,1,0
310012,0,0,0,0,0,1,1,0,0,1
310013,0,0,0,0,1,0,0,1,1,0
310014,0,1,0,0,0,0,1,0,0,0
310015,0,0,0,0,0,0,1,0,0,0
310016,0,0,0,1,1,1,1,1,1,1
310017,0,0,0,1,1,1,1,1,1,1
310018,0,0,0,0,0,0,1,0,1,0
310019,0,0,0,1,1,0,1,1,1,1
310020,0,0,0,0,1,0,1,1,0,1
310021,0,0,0,0,1,0,1,1,1,1
310022,0,0,0,0,1,1,1,1,1,0
310023,0,0,0,0,1,0,1,1,1,0
310024,0,0,0,0,1,0,1,1,1,0
310025,0,0,0,0,0,0,1,0,0,0
311001,0,0,0,0,1,1,1,1,1,1
311002,0,0,0,0,1,0,1,0,1,0
311004,1,0,0,0,0,0,0,0,0,0
311005,0,0,0,0,1,0,1,1,1,0
311006,0,1,1,0,1,0,1,1,1,1
311007,0,1,0,0,0,0,1,0,1,0
311008,0,0,0,0,1,0,1,0,1,0
311009,0,0,0,0,1,0,1,1,1,0
311010,0,0,0,0,1,0,1,1,0,1
311011,0,0,0,1,1,0,1,1,1,1
311012,0,0,0,1,0,0,1,1,1,0
311013,0,0,0,0,1,0,1,1,1,0
311014,0,0,0,1,1,0,1,1,1,1
311015,0,0,0,0,1,0,1,0,1,0
311016,1,0,0,0,1,1,1,1,1,0
311017,1,0,0,0,1,0,1,1,1,0
311018,0,0,0,0,1,1,1,1,1,1
311019,0,0,0,0,1,1,1,1,1,1
311020,0,0,0,0,1,0,1,1,1,1
311021,0,1,0,0,1,0,0,1,1,0
311022,0,0,0,0,1,1,1,1,1,0
311023,1,0,0,0,0,0,1,1,1,0
311024,0,0,0,0,1,0,1,1,1,0
311025,0,1,0,0,1,0,0,1,1,0
312001,0,1,0,0,1,1,1,1,1,0
312002,0,0,0,0,1,1,1,0,1,0
312003,0,0,1,0,1,1,1,1,1,1
312004,0,0,0,1,1,1,1,1,1,1
312005,0,1,0,0,1,1,1,1,1,0
312006,0,0,0,1,1,1,1,1,1,1
312007,0,0,0,1,1,1,1,0,1,0
312008,1,0,0,0,1,1,1,1,1,1
312009,0,1,0,1,1,1,1,1,1,1
312010,0,0,0,1,1,1,1,1,1,1
312011,0,0,0,1,1,1,1,1,1,1
312012,0,1,0,0,1,1,1,1,1,1
312013,0,0,0,0,1,1,1,1,1,1
312014,0,0,0,0,0,0,1,0,1,0
312015,0,1,0,0,1,1,1,1,1,0
312016,0,0,0,1,1,0,1,1,1,0
312017,0,0,1,1,1,1,1,1,1,0
312018,0,0,0,0,0,1,1,0,1,0
312019,0,0,0,0,1,1,1,0,1,0
312020,0,0,0,0,1,1,1,0,1,1
312021,0,0,0,0,0,1,1,1,1,0
312022,0,0,0,0,1,1,1,1,1,1
312023,0,0,0,0,1,1,1,1,1,0
312024,0,0,0,0,0,1,1,1,1,0
312025,0,0,0,0,1,0,1,1,1,1
313001,0,0,0,0,1,1,1,1,1,1
313002,0,0,0,0,1,1,1,1,1,1
313003,0,0,0,1,1,1,1,1,1,1
313004,0,1,0,0,1,1,1,1,1,1
313005,0,1,0,1,1,1,1,1,1,1
313006,0,0,0,0,1,1,1,1,1,0
313007,0,0,0,0,1,1,1,1,1,0
313008,0,0,0,0,0,1,1,1,1,0
313009,0,0,0,1,1,1,1,1,1,1
313010,0,1,0,0,1,1,1,1,1,1
313011,0,0,0,0,1,1,1,1,1,1
313012,0,1,0,0,1,1,1,1,1,1
313013,0,0,0,1,1,1,1,1,1,0
313014,0,1,0,0,1,1,1,1,1,0
313015,0,0,0,0,1,1,1,1,1,1
313016,0,0,0,0,1,1,1,1,1,1
313017,0,0,0,0,1,1,1,1,1,1
313018,0,0,0,0,1,1,1,1,1,0
313019,0,0,0,0,1,1,1,1,1,0
313020,0,0,0,0,1,1,1,1,1,0
313021,0,0,0,0,1,0,1,1,1,0
313022,0,0,0,0,1,0,1,1,1,1
313023,0,0,1,1,1,0,1,1,1,1
313024,0,0,1,1,1,0,1,1,1,1
313025,0,0,0,1,1,0,1,1,1,1
314001,0,0,0,1,1,1,1,1,1,1
314002,0,0,0,1,1,1,0,1,1,0
314003,0,1,0,0,1,1,1,1,1,1
314004,0,0,0,1,1,1,1,1,1,1
314005,0,0,0,1,1,1,1,1,1,1
314006,0,0,0,1,0,1,1,1,1,0
314007,0,0,0,0,1,1,1,1,1,0
314008,0,1,0,0,1,1,1,1,1,1
314009,0,0,0,1,1,1,1,1,1,1
314010,0,0,0,0,1,1,1,1,1,1
314011,0,0,0,1,1,1,1,1,1,1
314012,0,0,0,0,1,1,1,1,0,0
314013,0,1,0,0,1,1,1,1,1,1
314014,0,0,0,1,1,1,1,1,1,1
314015,0,0,0,0,1,1,1,1,1,1
314016,0,1,0,0,1,1,1,1,1,1
314017,0,1,0,1,1,1,1,1,1,1
314018,0,,0,0,0,1,1,1,1,0
314019,0,0,0,0,1,1,1,1,1,0
314020,0,0,0,1,1,1,1,1,1,0
314021,0,0,0,0,1,1,1,1,1,1
314022,0,0,0,0,1,1,1,1,1,1
314023,0,0,0,1,1,1,1,1,1,1
314024,0,1,0,0,1,1,1,1,1,1
314025,0,0,0,0,1,1,1,1,1,0
315001,0,0,0,1,1,1,1,1,1,0
315002,0,0,0,0,1,1,1,1,1,0
315003,0,0,0,0,1,1,1,1,1,0
315004,0,0,0,1,1,1,1,1,1,1
315005,0,0,0,0,1,1,1,1,1,1
315006,0,0,0,0,0,1,1,1,0,0
315007,0,1,0,0,1,1,1,1,1,1
315008,0,0,0,0,1,1,1,1,1,0
315009,0,1,0,0,1,1,1,1,1,1
315010,1,1,0,0,1,1,1,1,1,0
315011,0,0,0,1,1,1,1,1,1,1
315012,1,1,0,1,1,1,1,1,1,0
315013,0,1,0,0,1,1,1,1,1,0
315014,0,0,0,0,1,1,1,1,1,1
315015,1,1,0,0,1,1,1,1,1,0
315016,0,0,0,0,1,1,1,1,1,1
315017,0,0,0,0,1,1,1,1,1,1
315018,0,0,1,0,1,1,1,1,1,0
315019,1,0,0,0,1,1,1,1,1,0
315020,0,1,0,0,1,1,1,1,1,0
315021,0,0,0,0,1,1,1,1,1,1
315022,0,0,0,1,1,1,1,1,1,1
315023,0,1,0,0,1,1,1,1,1,1
315024,1,0,0,0,1,1,1,1,1,0
315025,0,0,0,0,0,1,1,1,1,1
316001,0,0,0,0,0,0,1,1,1,1
316002,0,0,0,0,0,1,1,1,0,0
316003,1,0,0,0,0,1,1,1,1,1
316004,0,0,0,0,0,0,1,1,1,1
316005,0,0,0,1,1,0,1,1,1,1
316006,0,0,0,0,0,0,1,1,1,0
316007,0,0,0,1,0,0,1,1,1,1
316008,0,1,0,0,0,1,1,1,1,0
316009,0,0,0,0,0,0,1,1,1,0
316010,0,0,0,1,0,0,1,1,1,1
316011,0,0,0,1,0,0,1,1,1,0
316012,0,0,0,1,0,1,1,1,1,1
316013,0,0,0,1,0,0,1,1,1,0
316014,0,0,0,0,0,0,1,1,1,0
316015,0,0,0,1,0,0,1,1,1,1
316016,0,0,0,0,0,1,1,1,1,0
316017,0,0,0,1,0,1,1,1,1,1
316018,0,0,0,0,0,1,1,1,1,0
316019,0,0,0,1,1,1,1,1,1,1
316020,0,1,0,0,0,1,1,1,1,1
316022,1,1,0,0,0,1,1,1,1,0
316023,0,0,0,1,0,1,1,1,1,0
316024,0,0,0,1,1,1,1,1,1,1
316025,0,1,0,0,1,1,1,1,1,0
317001,0,0,0,0,1,0,1,0,0,0
317002,0,0,0,0,1,1,1,1,1,0
317003,0,0,0,0,0,1,1,1,1,0
317004,1,1,0,0,1,1,1,1,1,1
317005,0,1,0,0,1,0,1,1,1,1
317006,0,0,0,0,1,1,1,1,1,0
317007,0,0,0,0,1,1,1,1,1,0
317008,0,0,0,1,1,1,1,1,1,1
317009,0,0,0,0,1,1,1,1,1,0
317010,0,0,0,0,1,1,1,1,1,0
317011,0,0,0,0,1,1,1,1,1,0
317013,0,1,0,0,1,1,1,1,1,1
317014,0,0,0,0,1,1,1,1,0,0
317016,0,0,0,0,1,1,1,1,1,0
317017,0,0,0,0,0,0,1,0,1,0
317018,0,0,0,0,1,1,1,1,1,1
317019,0,0,0,1,1,1,1,1,1,1
317020,0,0,0,1,1,1,1,1,1,0
317022,0,0,0,0,1,1,1,1,1,0
317023,0,0,0,1,1,1,1,1,1,1
317024,0,1,0,0,1,0,1,1,1,0
317025,0,0,0,0,1,1,1,1,1,1
318001,0,0,0,0,1,1,1,1,1,0
318002,0,0,0,0,1,1,1,1,1,0
318003,0,0,0,0,1,1,1,1,1,1
318004,0,1,0,0,1,1,1,1,1,1
318005,0,0,0,1,1,1,1,1,1,1
318006,0,0,0,1,1,1,1,1,1,1
318007,0,0,0,1,1,1,1,1,1,1
318008,0,0,0,1,0,1,1,1,1,1
318009,0,1,1,0,1,1,1,1,1,1
318010,0,1,0,0,0,1,1,1,1,0
318011,0,0,0,0,1,1,1,1,1,1
318012,1,0,0,0,1,1,1,1,1,0
318013,0,0,1,0,1,1,1,1,1,1
318014,0,0,0,0,1,1,1,1,1,1
318015,0,0,0,1,1,1,1,1,1,1
318016,0,1,0,0,1,1,1,1,1,1
318017,0,0,0,0,1,1,1,1,1,1
318018,0,0,0,0,1,1,1,1,1,1
318019,0,0,0,0,1,1,1,1,1,1
318020,0,0,0,0,1,1,1,1,1,0
318021,0,1,0,0,1,1,1,1,1,1
318022,0,0,0,0,1,1,1,1,1,0
318023,0,0,0,1,1,1,1,1,1,1
318024,0,0,0,0,1,0,1,1,1,1
318025,0,0,0,1,1,1,1,1,1,1
319001,0,1,0,0,1,1,1,1,1,1
319002,1,0,0,0,0,1,1,1,1,0
319003,0,0,0,0,1,1,1,1,1,1
319004,0,1,0,0,1,1,1,1,1,1
319005,0,0,0,1,1,1,1,1,1,1
319006,0,0,0,0,0,1,0,0,0,0
319007,0,0,0,0,1,1,1,1,1,1
319008,0,1,0,0,1,1,1,0,1,1
319010,0,0,0,0,1,1,1,1,1,1
319011,0,1,0,0,1,1,1,1,1,1
319012,0,0,0,0,1,1,1,1,1,0
319013,0,0,0,0,1,1,1,1,1,0
319014,0,1,0,0,1,1,1,1,1,0
319015,0,1,0,0,1,1,1,1,1,0
319016,0,1,0,0,1,1,1,1,1,1
319018,0,0,0,0,0,1,1,1,1,0
319019,0,1,0,1,1,1,1,1,1,1
319020,0,0,0,0,1,1,1,1,1,1
319021,0,0,0,0,1,1,1,1,1,1
319022,0,1,0,0,1,1,1,1,1,1
319023,0,1,0,0,1,1,1,1,1,1
319024,0,0,0,0,1,1,1,1,1,0
319025,0,,0,1,1,1,1,1,1,1
320001,0,0,0,1,1,1,1,1,1,1
320002,0,0,0,0,1,1,1,1,1,0
320003,0,0,0,0,1,1,1,1,1,0
320004,0,1,0,0,1,1,1,1,1,0
320005,0,0,0,0,1,1,1,1,1,1
320006,0,0,0,1,1,1,1,1,1,1
320007,0,0,0,1,1,1,1,1,1,0
320008,0,1,0,0,1,1,1,1,1,1
320009,0,1,0,0,1,1,1,1,1,1
320010,0,0,0,0,1,1,1,1,1,0
320011,,0,0,0,1,1,1,1,1,0
320012,0,0,0,0,1,1,1,1,1,0
320013,0,1,0,1,1,1,1,1,1,1
320014,0,0,0,0,1,1,1,1,1,0
320016,0,0,0,1,1,1,1,1,1,1
320017,0,1,0,1,1,1,1,1,1,1
320018,0,0,0,0,1,1,1,1,1,1
320019,0,0,0,1,1,1,1,1,1,1
320020,0,0,0,0,1,1,1,1,1,1
320021,0,0,0,1,0,1,1,1,1,0
320022,0,0,0,1,1,1,1,1,1,1
320023,0,0,0,0,1,1,1,1,1,1
320024,0,0,0,0,1,1,1,1,0,1
320025,0,0,0,1,1,1,1,1,1,1
321001,0,0,0,0,0,0,1,0,1,0
321002,0,0,0,0,0,1,1,1,1,1
321003,0,0,0,0,0,0,0,0,1,0
321004,0,0,0,0,1,1,1,0,1,0
321005,0,0,0,1,1,1,1,0,1,1
321006,0,0,0,0,0,1,0,0,1,0
321007,0,0,0,1,0,0,1,0,1,0
321008,0,1,0,0,0,0,0,0,1,0
321009,0,0,0,0,0,1,1,0,1,0
321010,0,0,0,0,0,1,1,0,1,1
321011,0,0,0,0,0,1,1,0,0,0
321012,0,0,0,0,0,1,1,0,1,0
321013,0,0,0,0,0,1,1,0,1,0
321014,0,0,0,1,0,1,1,0,1,0
321016,0,0,0,0,0,0,1,0,1,0
321017,1,0,0,0,0,0,1,0,1,0
321018,0,1,0,0,0,1,1,0,1,0
321019,0,1,1,0,0,0,1,0,1,0
321020,0,0,0,0,0,0,1,0,1,0
321021,0,0,0,0,0,1,1,0,1,0
321022,0,0,0,0,0,1,0,0,0,0
321023,0,1,0,0,0,0,1,0,1,0
321024,0,0,0,0,0,0,0,0,1,0
321025,0,0,0,0,0,0,0,0,1,0
322001,0,0,0,0,1,1,1,1,1,0
322002,0,,0,0,1,1,1,0,1,1
322003,0,1,0,0,0,1,1,0,1,0
322004,0,0,0,0,0,0,1,0,1,0
322005,0,0,0,1,0,0,1,1,1,0
322006,0,,0,1,0,1,1,0,0,0
322007,0,1,0,0,0,1,1,0,1,0
322008,0,0,0,0,0,1,1,0,1,0
322009,0,0,0,0,0,0,1,1,1,0
322010,0,0,0,0,0,1,1,0,1,0
322011,0,0,0,0,0,1,1,0,0,0
322012,0,0,0,0,0,1,1,0,0,0
322013,0,0,0,0,1,0,1,0,1,0
322014,0,0,0,0,0,0,1,0,1,0
322015,0,1,0,1,1,1,1,1,1,1
322016,0,1,0,0,0,1,1,0,1,0
322017,0,1,1,0,0,1,1,0,1,1
322018,0,0,0,0,0,1,1,1,1,0
322019,0,0,0,0,0,1,1,0,1,0
322020,0,1,0,0,1,0,0,1,1,0
322021,0,0,0,0,1,1,1,0,1,1
322022,0,0,0,0,0,0,1,1,1,0
322023,0,0,0,0,0,1,1,0,1,0
322024,0,0,0,0,0,1,1,1,1,0
322025,0,0,0,0,0,0,1,1,1,0
323002,0,0,0,1,1,0,1,1,1,0
323003,0,0,0,0,1,0,1,1,1,0
323004,0,1,0,1,0,1,1,0,1,0
323005,0,0,0,0,0,0,1,0,1,0
323006,0,0,0,1,1,0,1,1,1,0
323007,0,0,0,0,1,0,0,1,1,0
323008,0,1,0,0,0,0,1,1,1,0
323009,0,1,0,0,0,0,1,0,1,0
323010,0,0,0,0,1,1,1,0,1,0
323011,0,0,0,0,0,0,1,0,1,0
323012,0,0,0,0,0,0,1,0,1,0
323013,0,0,0,0,0,0,1,0,1,0
323014,0,0,0,1,1,0,0,0,1,1
323015,0,0,0,0,1,0,1,1,1,0
323016,0,0,0,0,1,0,1,0,0,0
323018,0,0,0,0,1,1,1,0,0,0
323020,0,0,0,0,0,0,1,0,1,0
323021,0,0,0,0,0,0,1,0,0,0
323022,0,0,0,0,0,0,0,0,1,0
323023,0,0,0,0,0,0,0,0,1,0
323024,0,,0,0,0,0,1,0,1,0
323025,0,0,0,1,1,0,1,1,1,1
324001,0,0,0,1,0,1,1,1,1,0
324002,0,0,0,0,0,1,0,0,1,0
324003,0,0,0,0,0,1,1,1,1,0
324004,0,,0,0,1,1,1,1,1,1
324005,0,0,0,0,1,1,1,1,1,0
324006,0,0,0,0,0,1,1,0,0,0
324007,0,1,1,0,1,0,1,1,1,0
324008,0,1,0,0,0,0,1,0,1,0
324009,0,0,0,0,0,1,1,1,0,0
324010,0,0,0,0,0,1,1,0,0,0
324011,0,0,0,0,0,1,1,0,1,0
324012,0,0,0,0,1,1,1,0,1,0
324013,0,0,0,0,1,1,0,1,1,0
324014,0,0,0,0,1,1,1,0,0,0
324015,0,0,0,0,0,0,0,0,0,0
324016,0,0,0,0,0,1,1,0,0,0
324017,0,0,0,0,1,0,1,0,1,0
324018,0,0,0,0,0,0,1,1,0,0
324019,0,1,0,0,0,1,1,1,1,0
324020,0,0,0,0,0,0,1,0,1,0
324021,0,0,0,0,1,1,1,1,1,0
324022,0,1,0,0,0,1,1,1,1,0
324023,0,0,0,0,0,0,0,0,0,0
324024,0,0,0,0,1,1,1,0,1,0
324025,0,0,0,0,1,0,1,1,1,0
325001,0,0,0,0,0,1,0,0,1,0
325002,0,0,0,0,0,1,0,0,1,0
325003,0,1,0,0,0,0,1,0,1,0
325004,0,0,0,0,0,1,1,0,1,1
325006,0,0,0,0,1,1,1,0,1,0
325007,0,0,0,0,0,0,1,1,1,0
325008,0,0,0,1,0,0,1,0,1,0
325009,0,0,0,0,0,1,1,0,1,0
325010,0,0,0,0,0,0,1,0,1,0
325011,0,1,0,0,0,0,1,0,1,0
325012,0,1,0,0,0,0,1,0,1,0
325013,0,0,0,0,0,1,1,0,0,0
325014,0,0,0,0,0,0,1,0,0,0
325017,0,0,0,0,0,1,1,0,0,0
325018,0,0,0,0,0,0,0,1,1,0
325020,0,0,0,0,0,0,1,0,0,0
325021,0,0,0,1,0,1,0,0,1,0
325022,0,0,0,0,0,0,0,0,0,0
325023,0,0,0,0,0,0,1,0,1,0
325024,0,0,0,0,0,0,0,0,0,0
325025,0,0,0,0,0,0,1,1,1,0
326001,0,1,0,0,0,0,1,0,1,0
326002,0,0,0,1,0,1,1,0,1,0
326003,0,0,0,1,0,1,1,0,1,1
326004,0,0,0,0,0,1,0,0,1,0
326005,,0,0,0,0,0,1,0,1,0
326006,0,0,0,0,1,1,1,0,1,0
326007,0,0,0,1,1,1,1,1,1,1
326008,0,0,0,0,0,1,1,1,1,0
326009,0,0,0,0,1,1,1,0,0,0
326010,0,0,0,1,0,0,1,1,1,0
326011,0,0,0,0,0,1,1,0,1,0
326012,0,0,0,0,0,1,1,0,1,1
326013,0,0,0,0,0,1,1,0,1,1
326014,0,0,0,0,1,0,1,1,1,1
326015,0,1,0,0,0,1,1,0,0,0
326016,0,0,0,1,1,1,1,0,1,0
326017,0,0,0,0,0,0,1,0,1,0
326018,0,0,0,0,1,1,1,1,1,1
326019,0,0,0,0,1,1,1,0,1,0
326020,0,0,0,0,0,1,0,0,0,0
326021,0,0,0,0,0,1,1,1,1,0
326022,0,0,0,0,0,0,1,1,1,0
326023,0,0,0,0,0,0,1,0,1,0
326024,0,1,0,0,0,1,1,0,1,0
326025,0,0,0,0,0,1,1,0,0,0
327001,1,0,0,1,0,1,1,0,1,0
327003,0,1,0,0,1,0,1,1,1,0
327004,0,0,0,1,1,1,1,1,0,1
327005,0,1,0,0,0,0,1,0,1,0
327006,0,0,0,0,0,1,0,0,1,0
327007,0,0,0,0,0,1,1,1,1,0
327008,0,1,0,0,0,0,1,0,1,0
327010,1,0,0,0,0,1,1,0,1,0
327011,0,0,0,1,0,1,1,0,1,1
327012,0,1,0,1,0,1,0,0,0,0
327013,0,0,0,0,0,1,0,0,1,0
327014,0,0,0,0,1,1,1,0,1,0
327015,0,0,0,0,0,1,1,0,0,0
327016,0,0,0,0,0,0,1,0,0,0
327017,0,0,0,0,0,0,1,0,1,0
327018,0,0,0,0,0,1,1,0,1,0
327019,0,0,0,1,1,1,1,1,1,0
327020,0,0,0,0,1,1,1,1,1,0
327021,0,0,0,0,0,1,1,0,1,0
327022,0,0,0,0,0,1,1,0,1,0
327023,0,0,0,0,0,1,1,0,1,0
327024,0,0,0,0,1,1,1,1,1,0
327025,0,0,0,0,0,1,1,0,0,0
328001,0,0,0,0,1,0,1,1,1,1
328002,0,0,0,0,0,0,1,0,1,0
328003,0,1,0,1,1,0,1,1,1,1
328004,0,0,0,0,1,0,1,0,0,0
328005,0,0,0,0,0,0,1,0,1,0
328006,1,1,0,0,1,1,1,0,1,0
328007,0,0,0,0,0,0,1,0,1,0
328008,0,0,0,1,1,1,1,1,1,1
328009,0,0,0,0,1,1,1,1,1,0
328010,0,0,0,0,1,0,1,0,1,1
328011,0,0,0,0,0,1,0,0,1,0
328012,0,0,0,0,1,1,1,0,1,0
328013,0,1,0,0,1,1,1,0,1,1
328014,0,1,0,0,0,1,1,0,1,1
328015,0,1,0,0,0,0,1,1,1,0
328016,0,0,0,0,1,1,1,1,1,1
328017,0,0,0,0,1,1,1,0,1,0
328018,0,0,0,0,1,1,1,1,1,0
328020,0,0,0,1,0,1,1,1,1,0
328021,0,1,0,0,0,1,1,0,1,0
328022,0,0,0,0,0,0,1,1,1,0
328023,0,0,0,0,1,1,1,1,1,0
328024,1,1,0,0,0,0,0,0,1,0
328025,0,1,0,0,0,1,1,0,1,0
329001,0,0,0,1,0,1,0,0,1,0
329002,0,0,0,0,0,0,1,0,1,0
329003,0,0,0,1,0,1,0,0,1,0
329004,0,0,0,0,0,1,1,0,1,0
329005,0,0,0,0,1,1,1,0,1,0
329006,0,0,0,0,1,1,1,1,1,1
329007,0,1,0,1,0,1,1,0,1,0
329008,0,1,0,0,0,0,1,0,1,0
329009,0,0,0,0,0,1,1,0,1,0
329010,0,0,0,0,0,1,1,1,1,0
329012,0,0,0,0,0,0,0,0,0,0
329013,0,0,0,0,0,1,1,0,1,0
329014,1,1,0,0,0,1,1,0,1,0
329015,0,0,0,0,0,1,1,0,1,0
329016,0,0,0,0,0,1,1,0,0,0
329017,0,0,0,0,0,1,1,0,1,0
329018,0,0,0,0,0,1,1,0,1,0
329019,0,0,0,0,0,0,1,0,1,0
329020,0,,0,0,1,1,1,0,1,1
329021,0,0,0,0,0,1,1,0,0,0
329022,0,0,0,0,0,1,1,0,1,0
329023,0,0,0,0,0,1,1,0,1,0
329024,0,0,0,0,0,1,1,0,0,0
329025,0,0,0,0,0,1,1,0,1,0
330001,0,0,0,0,0,0,1,0,1,0
330002,0,0,0,0,0,0,1,1,1,0
330003,0,1,0,0,0,1,0,0,1,0
330004,0,0,0,0,0,0,1,0,1,0
330005,0,0,0,0,0,1,0,0,1,0
330006,0,1,0,0,1,0,1,0,1,1
330007,0,0,0,0,0,1,0,0,0,0
330009,0,0,0,0,0,1,1,0,1,0
330010,0,0,0,0,0,0,1,0,1,0
330011,0,0,0,0,0,1,1,0,1,0
330012,0,1,0,0,1,1,0,0,1,0
330013,0,0,0,0,0,0,1,0,1,0
330014,0,0,0,0,0,1,0,0,1,0
330015,0,1,0,0,0,0,1,0,1,0
330016,0,1,0,0,1,1,1,1,1,0
330017,0,0,0,1,1,1,1,1,1,1
330018,0,0,0,0,1,0,1,0,1,0
330019,0,0,0,0,1,0,1,1,1,1
330020,0,0,0,0,0,1,1,0,1,0
330021,0,0,0,1,1,0,1,1,1,0
330022,0,0,0,0,0,1,1,0,1,0
330023,0,0,0,0,0,1,1,1,0,1
330024,0,0,0,0,0,1,1,1,1,0
330025,0,0,0,0,0,1,1,0,1,0
331001,0,1,0,0,0,0,1,1,1,0
331002,0,0,0,0,0,1,1,0,1,0
331003,0,1,1,0,0,1,1,0,1,0
331005,0,0,0,0,1,1,1,1,1,0
331006,0,0,0,0,0,0,1,0,1,0
331007,0,0,0,0,1,0,1,1,1,0
331008,,0,0,0,0,0,1,0,1,0
331009,0,0,0,1,1,1,1,0,1,1
331010,0,0,0,0,0,1,1,0,1,0
331011,0,0,0,0,1,1,1,0,1,0
331012,0,0,0,0,0,0,1,0,0,0
331013,0,0,0,0,0,1,1,0,1,0
331014,0,0,0,0,0,0,1,0,1,0
331015,0,0,0,0,1,1,0,0,1,0
331016,0,0,0,0,1,1,1,0,1,0
331017,0,1,0,0,0,1,1,0,0,0
331018,0,0,0,0,0,0,1,0,1,0
331019,0,0,0,0,0,0,1,0,1,0
331020,0,0,1,0,0,0,0,0,0,0
331021,0,0,0,0,1,0,1,1,1,1
331022,0,0,0,1,1,0,1,1,1,1
331023,0,0,0,0,0,0,0,0,1,0
331024,0,0,0,0,0,0,0,0,0,0
331025,0,0,0,0,0,0,1,1,1,0
332001,0,0,0,1,1,0,1,0,1,1
332002,0,0,0,0,0,0,0,0,1,0
332003,0,0,1,0,1,1,1,1,1,0
332004,0,0,0,0,0,0,0,0,1,0
332005,0,0,0,0,1,0,1,1,1,0
332006,0,0,0,0,0,1,1,0,1,0
332007,1,1,0,0,0,0,1,0,1,0
332008,0,0,0,0,0,0,1,0,0,0
332009,0,1,0,0,1,0,1,1,1,1
332010,0,0,0,0,0,1,0,0,1,0
332011,0,0,0,0,0,1,1,0,0,0
332012,0,0,0,0,0,0,1,0,1,0
332013,1,1,0,0,1,1,1,1,1,0
332014,0,0,0,0,1,0,1,0,1,0
332015,0,0,0,0,0,1,1,0,0,0
332016,0,0,0,0,1,1,1,1,1,0
332017,0,1,0,0,1,1,0,1,1,0
332018,0,0,0,0,1,0,1,0,1,0
332019,0,0,0,1,1,1,1,1,1,1
332020,0,0,0,0,1,1,1,0,1,0
332021,1,0,0,0,0,1,1,0,1,0
332022,0,0,0,1,1,0,1,1,1,1
332023,0,0,0,1,1,1,1,0,1,0
333001,0,0,0,0,1,0,1,1,1,1
333002,0,,0,0,0,1,1,0,1,0
333003,0,1,0,0,0,0,1,0,1,0
333004,0,0,0,0,1,0,1,0,1,0
333005,1,0,0,0,1,0,1,1,1,0
333006,0,1,0,0,1,1,1,1,1,1
333007,0,0,0,1,1,1,1,1,1,1
333009,0,0,0,0,0,1,1,0,1,0
333010,0,0,0,0,1,1,0,0,1,0
333011,0,,0,0,0,1,1,0,1,0
333012,0,0,0,0,1,0,0,0,1,0
333013,0,1,0,0,0,0,1,0,0,0
333014,1,0,0,0,0,1,1,0,0,0
333015,0,0,0,0,1,1,1,0,1,0
333016,0,0,0,0,1,1,1,1,1,0
333017,0,0,0,0,0,1,0,0,0,0
333018,0,0,0,1,1,1,1,1,1,1
333019,0,0,0,0,0,1,1,1,1,0
333020,0,0,0,0,0,1,1,0,1,0
333021,0,0,0,0,1,1,1,1,1,1
333022,0,0,0,0,1,0,1,1,1,1
333023,0,0,0,0,1,0,1,0,0,1
333024,0,0,0,0,1,1,1,0,1,1
333025,0,0,0,0,0,1,1,0,1,0
334001,0,0,0,0,0,0,1,0,1,0
334002,0,1,0,0,0,0,1,0,1,0
334003,0,0,0,1,1,0,1,1,1,0
334004,0,0,0,0,1,1,1,1,1,1
334005,0,1,0,0,0,1,1,0,1,0
334006,0,0,0,1,1,1,1,0,1,1
334007,0,0,0,1,1,1,1,1,1,1
334008,0,0,0,0,1,1,1,0,1,0
334010,0,1,0,0,1,0,1,0,1,0
334011,0,1,0,0,0,1,1,0,1,1
334012,0,0,0,1,1,1,1,1,1,1
334013,0,0,0,0,1,0,1,1,1,1
334014,0,0,1,0,1,1,1,1,1,1
334016,0,1,0,0,0,1,1,0,1,0
334017,0,0,0,0,0,0,1,1,1,1
334018,1,1,0,0,1,0,1,0,1,0
334019,,1,0,1,1,1,1,1,1,1
334020,0,0,0,0,1,1,1,0,1,1
334021,0,0,0,0,1,0,1,1,1,1
334022,0,0,0,0,1,1,1,1,1,0
334023,0,1,0,0,0,0,1,0,1,0
334024,0,1,0,0,1,0,1,1,1,0
334025,0,0,0,1,1,0,1,1,1,0
335001,0,0,0,0,0,1,1,0,0,0
335002,0,0,0,0,1,1,1,1,1,1
335003,0,0,0,0,1,1,1,0,1,1
335004,0,1,0,0,1,1,1,0,1,0
335005,1,1,0,1,1,1,1,1,1,1
335006,0,0,0,0,1,1,1,1,1,0
335007,0,0,0,1,1,0,1,1,1,1
335008,0,0,0,0,0,1,0,0,0,0
335009,0,0,0,1,1,0,1,1,1,0
335010,0,1,0,0,0,0,1,1,1,0
335011,0,0,0,1,1,1,1,0,1,1
335012,0,1,0,1,1,1,1,0,1,0
335013,0,0,1,0,1,1,1,0,1,0
335014,1,0,0,1,1,1,1,1,1,0
335015,0,1,0,0,1,1,1,0,1,0
335016,0,0,0,0,1,1,1,1,1,0
335017,1,1,0,0,1,1,1,1,1,1
335018,0,0,0,1,1,1,1,1,1,1
335019,0,0,0,0,1,1,1,1,1,0
335020,0,0,0,0,1,1,1,0,1,0
335021,0,0,0,0,1,1,1,0,1,0
335022,0,0,0,1,1,0,1,0,1,1
335023,0,1,0,0,1,1,0,0,1,0
335024,0,1,0,0,1,1,0,1,1,1
335025,0,1,0,0,0,1,1,1,1,0
336001,0,0,0,0,1,1,1,1,1,0
336002,0,0,0,1,1,1,1,1,1,1
336003,0,1,0,1,1,1,1,1,1,1
336004,0,0,0,0,1,1,1,1,1,1
336005,0,0,0,0,1,1,1,1,1,0
336006,0,0,0,0,1,1,1,1,1,0
336007,0,1,1,1,1,1,1,1,1,1
336008,0,0,0,0,0,1,1,1,1,0
336009,0,0,0,0,1,0,1,1,1,0
336010,1,0,0,0,1,1,1,1,1,1
336011,0,0,0,0,1,1,1,1,1,1
336012,0,0,0,1,1,1,1,1,1,1
336013,0,0,0,1,0,1,1,0,1,0
336014,0,0,0,1,1,1,1,1,1,0
336015,1,0,0,1,0,1,1,0,1,0
336016,0,1,0,1,1,1,1,0,1,1
336017,0,0,0,0,1,0,1,0,1,0
336018,0,0,0,0,1,1,1,0,1,1
336019,0,0,0,0,1,1,1,0,1,1
336020,0,0,0,1,1,1,1,1,1,0
336021,0,0,0,1,1,1,1,0,1,1
336022,0,0,0,1,1,1,1,0,1,1
336023,0,0,0,0,1,1,1,0,1,0
336024,0,0,0,0,1,1,1,0,1,1
336025,0,0,0,0,1,1,1,0,1,0
337001,0,0,0,0,1,1,1,1,1,0
337002,0,0,0,1,1,0,1,0,1,1
337003,0,0,0,0,1,1,1,0,1,0
337004,0,0,0,1,1,0,1,0,1,0
337005,0,0,0,1,1,1,1,1,1,1
337006,0,1,0,0,0,0,0,0,1,0
337007,0,0,0,0,1,1,1,0,1,0
337008,0,0,0,0,1,0,1,1,1,0
337009,0,0,0,0,1,1,1,1,1,0
337010,0,0,0,0,1,1,1,1,1,1
337011,0,0,0,0,1,1,1,1,1,0
337013,1,1,1,0,1,1,1,1,1,0
337014,0,0,0,0,1,0,1,1,1,0
337015,1,1,0,0,1,1,1,0,1,0
337016,0,0,0,1,1,1,1,1,1,1
337017,0,0,0,1,1,1,1,1,1,1
337018,0,0,0,1,1,1,1,1,1,1
337019,0,0,0,1,1,1,1,1,1,1
337020,0,,1,1,1,1,1,1,1,1
337021,0,0,0,1,1,1,1,1,1,1
337022,0,0,0,0,1,1,1,1,1,0
337023,0,0,0,1,1,1,1,1,1,1
337024,0,0,0,0,0,0,0,0,1,1
338001,0,0,0,0,0,0,0,0,0,0
338002,0,0,0,0,0,0,1,1,1,0
338003,0,0,0,0,0,1,1,1,1,0
338004,0,0,0,0,0,1,0,0,1,0
338005,0,0,0,0,0,0,1,0,1,0
338006,0,0,0,0,0,0,1,0,1,0
338007,0,0,0,0,0,0,0,0,1,0
338008,0,1,1,0,0,0,1,0,1,0
338010,0,0,0,0,0,0,1,0,1,0
338011,0,0,0,0,0,0,0,1,1,0
338012,0,1,0,0,0,0,0,0,1,0
338013,1,0,0,0,0,0,0,0,1,0
338015,0,0,0,0,0,0,0,0,1,0
338016,0,0,0,0,0,0,0,0,1,0
338017,0,0,0,0,0,0,1,0,1,0
338018,0,0,0,0,0,0,0,0,1,0
338019,0,1,0,0,0,0,0,0,1,0
338020,0,0,0,0,0,0,0,0,1,0
338021,1,0,0,0,0,1,1,0,1,0
338022,0,0,0,0,0,0,0,0,1,1
338023,0,0,0,0,0,0,0,0,1,0
338024,0,0,0,0,0,0,0,0,1,0
338025,0,0,0,0,0,0,0,0,1,0
339001,0,0,0,0,1,0,1,0,1,0
339002,0,0,0,0,0,0,1,0,1,0
339003,0,1,0,0,0,0,1,0,1,0
339004,0,0,0,0,0,0,1,0,1,0
339005,0,0,0,0,0,1,1,0,1,0
339006,0,0,0,0,0,0,1,0,1,0
339007,0,0,0,0,1,0,0,0,1,0
339008,0,0,1,1,0,0,1,0,1,0
339009,0,0,0,0,0,0,0,0,0,0
339010,0,0,0,0,0,0,1,0,1,0
339011,0,0,0,0,0,0,0,0,1,0
339013,0,0,0,0,0,0,1,0,1,0
339014,0,0,0,0,0,0,1,0,1,0
339015,0,0,0,0,0,0,0,0,1,0
339016,0,1,0,0,0,0,0,0,1,0
339017,0,0,0,0,0,0,0,0,1,0
339019,0,0,0,0,0,0,0,0,1,0
339020,0,0,0,0,0,0,1,0,1,0
339021,0,0,0,0,0,0,0,0,1,0
339022,0,0,0,0,0,1,0,0,1,0
339023,0,0,0,0,0,0,0,0,1,0
339024,0,0,0,0,0,0,0,0,1,0
339025,0,0,0,0,0,0,0,0,1,0
340001,0,1,0,0,1,0,1,0,1,1
340002,0,1,0,1,1,0,1,1,1,0
340003,0,0,0,0,1,0,1,0,1,0
340004,0,1,0,0,1,0,1,1,1,0
340005,1,1,0,0,1,0,1,1,1,0
340006,0,0,0,0,1,0,1,1,1,0
340007,0,1,0,0,1,1,1,1,1,0
340008,0,1,0,0,0,1,0,0,1,0
340009,0,0,0,0,1,0,1,0,1,0
340010,0,0,0,0,1,0,1,1,1,0
340011,0,0,0,0,1,0,1,1,1,1
340013,0,0,1,1,1,0,1,0,1,1
340014,0,0,0,0,1,1,1,0,1,0
340015,0,1,0,0,1,0,1,0,1,1
340016,0,1,0,0,0,1,1,0,1,0
340017,0,0,0,0,1,1,1,0,1,1
340018,0,0,0,1,1,0,0,1,1,0
340019,0,0,0,0,1,1,1,0,1,1
340020,0,0,0,0,0,0,1,1,1,0
340021,0,1,0,0,1,1,1,1,1,0
340022,0,0,0,0,0,1,1,1,0,0
340023,0,0,0,0,1,1,1,1,1,1
340024,0,0,0,1,0,0,1,1,1,0
340025,0,0,0,1,1,0,1,0,1,1
341001,0,0,0,1,0,0,1,1,1,0
341003,0,0,0,1,0,0,1,0,1,0
341004,1,0,0,0,1,0,1,1,1,1
341005,0,0,0,1,1,0,1,1,1,1
341006,1,0,0,1,1,0,1,1,1,0
341008,0,0,0,0,1,0,1,0,1,0
341009,0,0,0,0,0,1,1,0,1,0
341010,0,0,0,0,0,0,0,0,1,0
341011,0,0,0,1,1,1,1,0,1,0
341012,0,0,0,0,1,1,1,1,1,1
341013,1,0,0,0,0,0,1,1,1,0
341014,0,0,0,0,1,0,1,0,1,0
341015,0,0,0,0,1,0,1,0,1,0
341016,0,0,0,0,0,0,1,0,1,0
341017,0,0,0,0,1,0,1,1,1,0
341018,0,0,0,0,1,0,1,1,1,1
341019,0,0,0,0,0,1,1,0,1,0
341020,0,0,0,0,0,0,1,0,1,0
341021,0,0,0,0,1,0,1,0,1,1
341022,0,0,0,0,0,0,0,0,1,0
341023,0,0,0,0,0,0,1,0,1,0
341024,0,1,0,0,1,0,1,1,1,1
341025,0,0,0,0,0,0,1,0,1,0
342001,0,0,0,1,1,1,1,1,1,1
342002,0,1,1,1,1,1,1,1,1,0
342003,0,1,0,1,1,1,1,1,1,1
342004,0,1,0,1,1,1,1,1,1,1
342005,0,0,0,0,1,1,1,1,1,0
342006,0,0,0,1,1,1,1,1,1,0
342007,0,1,0,1,1,1,1,1,1,1
342008,1,1,1,1,1,1,1,1,1,0
342009,0,0,0,0,1,1,1,1,1,1
342010,0,0,0,1,1,1,1,1,1,0
342011,0,0,0,0,1,1,1,1,1,0
342012,0,0,0,1,1,1,1,1,1,1
342013,0,0,0,1,1,1,1,1,1,1
342014,0,0,0,1,0,0,1,1,0,0
342015,0,0,0,0,1,0,1,1,1,1
342016,0,1,0,0,0,0,1,1,1,1
342018,0,0,0,0,0,1,1,0,0,0
342019,0,0,0,0,0,0,1,1,1,0
342020,0,0,0,0,0,1,1,0,1,0
342021,0,0,0,0,0,1,1,0,1,0
342022,0,0,0,1,1,1,1,1,1,1
342023,0,0,0,0,1,1,1,1,1,0
342024,0,0,0,1,1,1,1,1,1,1
342025,0,0,0,0,0,1,1,0,1,0
343001,1,0,1,1,1,1,1,1,1,1
343002,0,1,0,1,1,1,1,1,1,1
343003,0,1,0,1,1,1,1,1,1,1
343004,0,1,1,0,1,1,1,1,1,0
343005,1,1,1,1,1,1,1,1,1,1
343006,0,0,0,0,1,1,1,1,1,0
343007,1,1,0,1,1,1,1,1,1,0
343008,0,0,0,1,1,1,1,1,1,1
343009,0,0,0,0,1,1,1,1,1,0
343010,0,0,0,0,1,1,1,1,1,0
343011,1,0,0,0,1,1,1,1,1,1
343012,0,1,1,1,1,1,1,1,1,1
343013,0,0,0,1,1,1,1,1,1,1
343014,0,0,1,1,1,1,1,1,1,0
343015,0,0,0,0,1,1,1,1,1,0
343016,0,0,0,1,1,1,1,1,1,1
343017,0,0,0,0,1,1,1,1,1,0
343018,0,0,0,0,1,1,1,1,1,1
343019,0,0,0,1,1,1,1,1,1,1
343020,0,0,0,1,1,1,1,1,1,1
343021,0,1,0,1,1,1,1,1,1,1
343022,0,0,0,1,1,1,1,1,1,1
343023,0,1,1,0,1,1,1,1,1,1
343024,0,1,1,1,1,1,1,1,1,1
343025,0,0,0,1,1,1,1,1,1,0
344001,0,0,0,1,1,1,1,1,1,1
344002,0,0,0,1,1,1,1,1,1,1
344003,0,1,0,1,1,1,1,1,1,1
344004,0,0,0,1,1,1,1,1,1,1
344005,0,0,0,0,1,1,1,1,1,0
344006,1,0,0,0,0,0,1,1,1,0
344007,0,0,0,1,1,1,1,1,1,1
344008,0,0,0,0,0,0,1,1,1,0
344009,0,0,0,0,1,1,1,1,1,0
344010,0,0,0,0,1,1,1,0,1,0
344011,0,0,0,1,1,1,1,1,1,1
344012,0,0,0,1,1,1,1,1,1,1
344013,0,0,0,0,1,1,1,1,1,1
344014,0,0,0,0,1,1,1,1,1,0
344015,0,0,0,0,1,1,1,1,1,1
344016,0,0,0,1,1,1,1,1,1,1
344017,0,1,0,0,1,1,1,1,1,0
344018,0,0,0,1,1,1,1,1,1,1
344019,0,0,0,0,1,1,1,1,1,1
344020,0,0,0,1,1,1,1,1,1,1
344021,0,0,0,1,0,1,1,1,1,0
344022,0,0,0,1,1,1,1,1,1,1
344023,0,1,0,1,1,1,1,1,1,1
344024,0,0,0,0,1,1,1,1,1,1
344025,0,0,1,0,1,1,1,1,1,1
345001,0,0,0,0,1,1,1,1,1,0
345002,0,1,0,0,1,1,1,1,1,1
345003,0,0,0,0,1,1,1,1,1,0
345004,0,0,0,1,1,1,1,1,1,0
345005,0,0,0,0,0,0,1,1,1,0
345006,0,0,0,1,1,1,1,1,1,0
345007,0,0,0,0,1,0,1,1,1,0
345008,0,1,0,0,1,1,1,1,1,1
345009,0,1,0,0,1,1,1,1,1,0
345010,0,0,0,0,1,1,1,1,1,1
345011,0,0,0,1,1,1,1,1,1,1
345012,1,1,0,1,1,1,1,1,1,1
345013,0,1,0,1,1,1,1,1,1,0
345014,1,1,0,0,1,1,1,1,1,1
345015,0,0,0,0,0,1,1,1,1,0
345016,0,1,0,0,1,1,1,1,1,0
345017,0,1,1,1,1,1,1,1,1,0
345018,0,0,0,1,1,1,1,1,1,1
345019,0,1,0,1,1,1,1,1,1,1
345020,0,0,0,1,1,1,1,1,1,1
345021,1,0,1,1,1,1,1,1,1,1
345022,0,1,1,1,1,1,1,1,0,1
345023,,0,0,0,1,1,1,1,1,1
345024,0,1,0,0,1,1,1,1,1,1
345025,0,0,0,1,1,1,1,1,1,1
346001,0,0,0,0,0,0,1,0,1,0
346002,0,1,0,0,1,0,1,1,1,0
346003,0,0,0,0,0,0,1,0,1,1
346004,1,0,0,0,0,0,1,1,1,0
346005,0,0,0,0,0,1,1,1,1,0
346006,0,0,0,0,0,0,1,1,1,0
346007,0,1,0,0,1,1,1,1,1,0
346008,0,0,0,0,1,1,1,1,1,0
346009,0,1,0,1,0,1,1,1,1,1
346010,0,0,0,0,0,0,1,1,1,0
346011,0,0,0,0,0,1,1,0,1,0
346012,0,0,0,0,1,1,1,1,1,0
346013,0,1,0,0,1,1,1,1,1,1
346014,0,0,0,0,0,1,1,0,1,0
346015,0,0,0,0,1,0,1,1,1,0
346016,0,1,0,0,0,0,1,1,1,1
346017,0,0,0,0,0,0,1,1,1,0
346018,0,1,0,0,0,0,1,1,1,0
346019,0,0,0,0,1,0,1,1,1,0
346020,0,0,0,0,1,1,1,1,1,0
346021,0,0,0,0,1,0,1,1,1,0
346022,0,1,0,1,0,0,1,1,1,0
346023,0,0,0,0,0,1,1,1,1,0
346024,0,1,0,0,0,1,1,1,1,0
346025,0,0,0,0,0,1,1,1,1,0
347001,0,0,0,0,0,1,1,1,1,0
347003,0,0,0,0,1,1,1,1,1,1
347004,0,0,0,0,1,1,1,1,1,1
347005,0,0,0,0,1,1,1,1,1,1
347006,0,0,0,1,0,0,1,1,1,1
347007,0,0,0,0,0,0,1,1,1,0
347008,0,0,0,0,0,0,1,0,1,0
347009,0,0,0,0,1,1,1,0,1,1
347011,0,0,0,0,0,0,1,0,1,0
347013,0,0,0,0,1,0,1,0,1,0
347014,0,0,0,0,1,0,1,1,1,0
347015,0,0,0,0,0,0,1,0,1,0
347016,1,0,0,0,0,0,1,1,1,1
347017,0,0,0,0,0,0,1,1,1,0
347018,0,1,0,0,0,1,1,1,1,0
347019,0,1,0,0,0,0,1,1,1,0
347020,0,0,0,0,0,1,1,1,1,0
347021,1,0,0,0,0,0,1,1,1,0
347022,0,0,0,0,1,1,1,1,1,1
347023,0,0,0,0,0,0,1,1,1,0
347024,0,0,0,0,0,1,1,1,0,0
347025,0,0,0,0,0,0,1,1,1,0
348001,0,0,0,0,0,0,1,0,1,0
348002,,1,0,0,0,0,1,0,1,0
348003,0,0,0,0,0,0,0,1,1,0
348004,0,0,0,0,0,0,1,0,1,0
348005,0,0,0,0,0,0,0,1,1,0
348006,0,,0,0,0,0,1,0,1,0
348007,0,0,0,0,0,1,1,0,1,0
348008,0,1,0,0,0,0,0,0,1,0
348009,0,0,0,0,0,0,1,0,1,0
348010,0,0,0,1,0,0,1,0,1,1
348011,1,1,0,0,0,0,1,0,1,0
348012,0,1,0,1,0,0,1,0,1,1
348013,0,0,0,1,0,0,0,0,1,1
348014,0,0,1,1,0,0,0,0,1,1
348016,0,0,0,0,0,0,0,0,1,0
348018,0,0,0,0,0,0,0,0,1,0
348019,0,0,0,0,0,0,0,0,1,0
348020,0,1,0,0,0,0,0,0,1,0
348021,0,0,0,0,0,0,0,0,1,0
348022,0,0,0,0,0,0,1,0,1,1
348023,0,0,1,1,1,0,1,0,1,1
348024,0,0,0,0,1,0,1,1,1,1
348025,0,0,0,0,0,0,1,0,1,0
349001,0,0,0,0,1,1,1,1,1,1
349002,0,0,0,0,0,1,0,1,0,0
349003,0,0,0,0,1,1,1,0,1,0
349004,0,0,0,1,1,1,1,1,1,1
349005,0,0,0,1,1,1,1,1,1,1
349006,0,0,0,0,1,1,1,0,0,0
349007,0,1,1,0,1,1,1,1,1,0
349008,0,1,0,1,1,1,1,0,1,0
349009,0,0,0,0,1,0,1,1,1,0
349011,0,1,0,0,1,0,1,1,1,0
349012,0,0,1,1,1,0,1,1,1,1
349013,0,0,0,0,1,0,1,0,1,0
349014,0,0,0,0,1,0,1,0,1,0
349015,0,0,0,1,1,0,1,0,1,0
349016,0,0,0,1,1,1,1,1,1,0
349017,0,0,0,1,1,0,1,1,1,0
349018,0,0,0,1,1,1,1,1,1,1
349019,0,0,0,0,0,0,1,0,1,0
349020,0,0,0,0,0,0,1,0,1,0
349021,0,0,0,0,1,1,1,1,1,1
349022,0,0,1,0,1,0,1,1,1,1
349023,0,0,0,0,1,0,1,1,1,0
349024,0,0,0,0,1,0,1,1,1,1
349025,0,0,0,0,0,0,0,0,1,0
350001,1,1,0,0,1,0,1,1,1,0
350002,0,0,0,1,1,0,1,1,1,1
350003,0,0,0,0,1,0,1,1,1,0
350004,0,1,1,0,1,1,1,1,1,1
350005,0,1,0,0,1,1,1,1,1,1
350006,0,0,0,1,1,1,1,1,1,0
350007,0,0,0,1,1,1,1,1,1,1
350008,0,0,0,0,1,0,1,1,1,1
350009,0,0,0,0,1,0,1,1,1,1
350010,1,0,0,1,1,0,1,1,1,1
350011,0,0,0,0,1,1,1,1,1,0
350012,0,0,0,1,1,1,1,1,1,1
350013,0,0,0,1,1,0,1,1,1,0
350014,0,1,0,1,1,0,1,1,1,0
350015,0,1,1,1,1,1,1,1,1,1
350016,0,0,0,0,1,0,1,1,1,0
350017,1,0,1,1,1,1,1,1,1,0
350018,0,0,0,0,1,0,1,1,1,0
350019,0,0,1,0,1,1,1,1,1,1
350020,0,0,0,0,1,1,1,1,1,0
350021,0,0,0,0,1,0,1,1,0,0
350022,0,0,0,0,1,1,1,0,1,0
350023,0,0,0,1,1,1,1,1,1,0
350024,0,0,0,0,1,0,1,1,1,1
350025,0,0,0,0,1,0,1,1,1,0
351001,0,1,0,0,1,1,1,1,1,0
351002,0,0,0,0,1,1,1,1,1,1
351003,0,0,0,0,1,1,1,1,1,1
351004,0,0,0,0,1,1,1,1,1,0
351005,0,0,0,0,1,1,1,1,1,1
351006,0,0,0,1,1,1,1,1,1,1
351007,0,0,0,0,1,1,1,1,1,1
351008,1,0,0,1,1,1,1,1,1,1
351009,0,0,0,,1,1,1,1,1,1
351010,0,0,0,1,1,1,1,1,1,1
351011,0,0,0,0,1,1,1,1,1,0
351012,0,0,0,1,1,1,1,1,1,1
351013,0,1,0,0,0,1,1,1,1,0
351014,0,0,0,1,1,1,1,1,1,0
351015,0,0,0,0,1,1,1,1,1,0
351016,0,0,0,0,1,1,1,1,1,0
351017,1,1,0,0,1,1,1,1,1,0
351018,0,0,0,0,1,1,1,1,1,0
351019,0,0,0,1,1,1,1,1,1,0
351020,0,1,1,1,1,1,1,1,1,1
351021,0,0,0,0,1,1,1,1,1,1
351022,0,0,0,0,1,1,1,1,1,1
351023,0,0,1,0,1,1,1,1,1,0
351024,0,0,0,0,1,1,1,1,1,1
351025,0,0,1,1,1,1,1,1,1,0
352001,0,1,0,1,1,1,1,1,1,1
352002,0,0,0,1,1,1,1,1,1,0
352003,1,0,0,1,1,1,1,1,1,0
352004,1,0,0,0,1,1,1,1,1,0
352005,0,1,0,0,1,1,1,1,1,1
352006,0,0,0,1,1,1,1,1,1,1
352007,0,0,0,0,1,1,1,1,1,0
352008,0,0,0,1,1,1,1,1,1,1
352009,0,0,0,1,1,1,1,1,1,1
352010,0,0,0,0,1,1,1,1,1,1
352011,0,0,0,1,1,1,1,1,1,1
352012,0,1,0,0,1,1,1,1,1,1
352013,0,0,0,1,1,1,1,1,1,1
352014,0,1,0,1,1,1,1,1,1,1
352015,0,0,1,1,1,1,1,1,1,0
352016,0,0,0,1,1,1,1,1,1,1
352017,0,0,0,1,1,1,1,1,1,1
352018,1,1,0,1,1,1,1,1,1,1
352019,0,0,0,0,1,1,1,1,1,1
352020,0,0,1,1,1,1,1,1,1,0
352021,0,1,0,1,1,1,1,1,1,1
352022,0,0,0,0,1,0,1,1,1,0
352023,0,0,1,1,1,1,1,1,1,1
352024,0,0,0,1,1,1,1,1,1,1
352025,0,0,0,0,1,0,1,1,1,0
353001,0,1,0,0,1,1,1,1,1,1
353002,0,1,1,1,1,1,1,1,1,0
353003,0,0,0,1,1,1,1,1,1,1
353004,0,0,0,0,1,1,1,1,1,1
353005,0,0,0,1,1,1,1,1,1,1
353006,0,0,0,0,1,0,1,1,1,1
353007,0,0,0,0,1,1,1,1,1,1
353008,,1,0,1,1,1,1,1,1,1
353009,0,0,0,0,1,1,1,1,1,0
353010,1,0,0,1,1,1,1,1,1,1
353011,0,0,0,0,1,1,1,1,1,1
353012,0,0,0,0,1,1,1,1,1,1
353013,0,1,1,1,1,1,1,1,1,0
353014,0,0,0,1,1,1,1,1,1,0
353015,0,0,0,0,1,1,1,1,1,1
353016,0,0,0,1,1,1,1,1,1,1
353017,1,0,1,1,1,1,1,1,1,1
353018,0,0,0,1,1,1,1,1,1,1
353019,0,0,0,1,1,1,1,0,1,0
353020,0,0,1,0,1,1,1,1,1,1
353021,1,1,0,1,1,1,1,1,1,0
353022,0,0,1,1,1,1,1,1,1,1
353023,0,,0,0,1,1,1,1,1,1
353024,0,1,1,1,1,1,1,1,1,0
353025,0,0,0,1,1,1,1,1,1,0
354001,0,1,0,0,0,1,1,1,1,0
354002,0,0,1,1,1,0,1,1,1,1
354003,0,0,0,0,0,0,1,1,1,0
354004,0,0,0,0,1,0,1,1,1,0
354005,0,0,0,0,1,1,1,1,1,0
354006,0,0,0,0,0,0,1,1,1,0
354007,0,1,0,0,1,0,1,1,1,0
354008,0,0,0,0,0,0,1,1,1,0
354009,0,0,0,0,1,1,1,1,1,1
354010,0,0,0,0,1,1,1,1,1,0
354011,1,0,0,0,1,1,1,1,1,1
354012,0,1,0,0,1,1,1,0,1,0
354013,1,1,1,0,1,1,1,1,1,1
354014,1,0,0,0,1,1,1,1,1,0
354015,,1,0,1,1,1,1,1,1,1
354016,1,1,0,0,1,1,1,1,1,0
354017,0,0,0,0,0,0,1,1,1,1
354018,0,0,0,1,1,1,1,1,1,0
354019,0,0,0,0,1,1,1,1,1,0
354020,0,0,0,1,1,1,1,1,1,0
354021,0,0,0,1,1,1,1,1,1,0
354022,0,1,0,0,1,1,1,1,1,0
354023,0,1,0,0,1,1,1,1,1,0
354024,1,0,0,1,1,1,1,1,1,1
354025,0,0,0,1,1,1,1,1,1,0
355001,0,0,0,1,1,1,1,1,1,0
355002,0,1,0,0,1,1,1,1,1,0
355003,0,1,0,1,1,1,1,1,1,0
355004,0,0,0,0,1,1,1,1,1,1
355005,0,0,0,1,1,1,1,1,1,1
355006,0,0,0,1,1,1,1,1,1,1
355007,,0,0,0,1,1,1,1,1,1
355008,0,0,0,0,1,0,1,1,1,0
355009,0,0,0,0,1,1,1,1,1,1
355010,0,0,0,0,1,1,1,1,1,0
355011,0,1,0,1,1,1,1,1,1,0
355012,0,0,1,1,1,1,1,1,1,1
355013,0,0,0,1,1,1,1,1,1,1
355014,0,0,0,1,1,1,1,1,1,0
355015,0,0,0,0,1,1,1,1,1,1
355016,0,0,1,0,1,1,1,1,1,0
355017,0,1,1,1,1,1,1,1,1,0
355018,0,0,0,0,1,1,1,1,1,0
355019,0,0,0,0,1,1,1,1,1,1
355020,0,0,0,1,1,1,1,1,1,1
355021,1,0,0,0,1,1,1,1,1,0
355022,0,1,0,0,1,1,1,1,1,1
355023,0,0,0,0,1,1,1,1,1,1
355024,0,1,0,0,1,1,1,1,1,0
355025,0,0,0,0,1,1,1,1,1,1
356001,0,0,0,0,1,1,1,1,1,0
356002,0,1,1,1,1,1,1,1,1,1
356003,0,0,1,1,1,1,1,1,1,1
356004,0,0,0,1,1,1,1,1,1,1
356005,0,1,0,1,1,1,1,1,1,1
356006,0,0,1,1,1,1,1,1,1,1
356007,0,0,1,1,1,1,1,1,1,0
356008,0,0,1,0,1,1,1,1,1,1
356009,0,1,0,0,1,1,1,1,1,0
356010,0,0,0,1,1,1,1,1,1,1
356011,0,0,0,1,1,1,1,1,1,0
356012,0,1,0,0,1,1,1,1,1,1
356013,0,1,0,1,1,1,1,1,1,0
356014,0,0,0,1,1,1,1,1,1,0
356015,0,0,1,1,1,1,1,1,1,0
356016,0,1,1,1,1,1,1,1,1,0
356017,1,1,0,1,0,1,1,1,1,0
356018,0,1,0,0,1,1,1,1,1,1
356019,0,1,1,0,1,1,1,1,1,0
356020,0,0,0,0,1,1,1,1,1,1
356021,0,0,0,1,1,1,1,1,1,1
356022,1,0,0,0,1,1,1,0,1,0
356023,0,1,0,0,1,1,1,1,1,0
356024,0,0,0,0,1,1,1,1,1,0
356025,0,0,0,1,1,1,1,1,1,1
357002,0,0,0,1,1,0,1,1,1,0
357003,0,0,0,0,1,1,1,1,1,1
357005,0,1,0,1,1,0,1,1,1,0
357006,0,0,0,0,1,0,1,1,1,0
357007,0,1,0,,1,0,1,1,1,0
357008,0,1,0,0,1,0,1,1,1,0
357009,0,0,0,1,1,0,1,1,0,1
357010,0,0,0,1,1,0,1,1,1,1
357011,0,0,0,0,1,1,1,1,1,0
357012,0,0,0,0,1,0,1,0,1,0
357013,0,0,0,1,1,0,1,1,0,0
357014,0,0,0,0,1,1,1,0,1,0
357015,0,0,0,0,1,0,1,1,1,0
357017,0,0,0,0,1,0,1,1,1,0
357019,0,0,0,0,1,0,1,1,1,0
357020,0,0,0,1,1,0,1,1,1,1
357021,0,1,0,0,1,1,1,1,1,1
357022,0,0,0,1,1,0,1,1,1,0
357023,0,0,0,1,1,0,1,1,1,0
357024,0,1,0,0,1,1,1,1,1,0
357025,0,0,0,1,1,0,1,1,1,1
359001,0,0,0,0,0,0,1,0,0,0
359002,0,0,0,1,1,1,1,1,1,1
359003,0,0,0,0,1,1,1,1,1,0
359004,0,0,0,0,1,1,1,0,1,0
359005,0,0,1,0,1,1,1,1,1,0
359006,0,1,0,0,1,1,1,1,1,0
359007,0,0,0,0,1,1,1,1,1,1
359008,1,1,0,0,1,1,1,1,1,0
359009,0,0,0,1,1,1,1,1,1,1
359010,0,0,0,1,1,1,1,0,1,1
359011,0,0,0,0,1,0,1,1,1,0
359012,0,1,0,0,1,1,1,1,1,0
359013,0,0,0,1,1,0,1,1,1,0
359014,0,0,0,0,1,0,1,1,1,1
359015,0,0,0,0,0,1,1,1,1,0
359016,0,0,0,0,1,1,1,1,1,0
359017,1,0,0,0,1,1,1,1,1,1
359018,0,0,0,0,1,0,1,1,1,1
359019,0,1,0,0,1,1,1,0,1,1
359020,0,0,0,0,1,1,1,1,1,0
359021,0,1,0,0,1,0,1,1,1,1
359022,0,0,0,1,1,1,1,1,1,0
359023,0,0,0,1,1,0,1,1,1,1
359024,0,0,0,1,1,1,1,1,1,0
359025,0,1,0,0,1,1,1,1,1,1
360001,0,0,0,0,1,0,1,1,1,1
360002,0,0,0,0,1,1,1,0,1,1
360003,0,0,0,0,0,0,1,1,1,0
360004,0,0,0,1,1,0,1,1,1,1
360005,0,0,0,0,0,1,1,1,0,1
360006,0,1,0,1,1,1,1,1,1,0
360007,0,0,0,0,0,1,1,1,1,0
360008,1,0,0,0,0,0,1,0,1,0
360009,0,1,0,0,0,0,0,0,1,0
360010,,0,0,0,1,1,1,1,1,0
360011,0,0,1,0,0,1,1,1,1,0
360012,1,0,0,0,0,1,1,1,1,0
360013,0,0,0,0,0,1,1,0,1,0
360014,0,0,0,0,0,1,1,1,1,0
360015,0,0,0,0,0,1,1,1,0,0
360016,0,0,0,0,0,0,1,1,1,0
360017,0,0,0,1,0,1,1,1,1,1
360018,,0,0,0,0,0,1,1,1,0
360019,0,0,0,0,0,0,1,1,1,0
360020,1,0,0,0,1,1,1,1,1,1
360021,0,0,0,0,1,0,1,0,1,1
360022,0,0,0,0,1,1,1,0,1,0
360023,0,0,0,0,1,1,1,1,1,1
360024,0,0,0,0,1,1,1,1,1,1
360025,0,0,0,0,1,1,1,0,1,0
361001,0,0,0,0,0,0,1,0,1,0
361002,0,1,0,0,0,0,1,0,1,1
361003,0,0,0,0,1,0,1,1,1,0
361004,0,0,0,0,1,1,1,0,1,0
361005,0,0,0,0,0,0,1,1,1,0
361006,0,0,0,1,1,1,1,1,1,1
361007,0,0,0,0,1,1,1,1,1,1
361008,0,0,0,0,0,0,1,0,1,0
361009,0,1,0,0,1,1,1,1,1,0
361010,0,0,0,0,1,0,1,1,1,0
361011,0,0,0,0,0,1,1,1,1,0
361012,0,0,0,0,1,0,1,0,1,0
361013,0,0,0,0,1,0,1,1,1,1
361014,0,0,0,0,1,1,1,1,1,0
361015,0,0,0,0,1,0,1,1,1,1
361016,0,0,0,1,1,0,1,1,1,1
361017,0,1,0,0,1,0,1,1,1,0
361018,0,0,0,0,0,1,0,0,1,0
361019,0,1,0,0,0,0,0,0,1,0
361020,0,0,0,0,1,1,1,0,0,0
361021,0,0,0,0,0,1,1,0,1,0
361022,0,0,0,0,0,1,1,0,1,0
361023,0,0,0,0,1,0,1,1,1,1
361024,0,0,0,0,0,1,0,0,1,0
361025,0,0,1,0,1,0,1,1,1,0
362001,0,0,0,0,1,0,1,0,1,1
362002,0,0,0,0,0,1,1,0,1,0
362003,0,0,0,0,,0,1,1,1,1
362004,0,1,1,1,1,1,1,1,1,1
362005,0,0,0,0,1,0,1,1,1,1
362006,0,0,0,0,0,1,1,0,1,0
362007,0,0,0,0,0,1,1,1,1,0
362008,0,0,0,0,1,1,1,0,1,1
362009,0,0,0,0,1,0,1,1,1,1
362010,0,0,0,0,0,0,1,0,1,0
362011,0,0,0,0,1,1,1,1,1,0
362012,0,0,0,0,1,0,1,1,1,1
362013,0,0,0,0,1,0,1,1,1,0
362014,0,0,0,0,1,1,1,1,1,1
362015,0,0,0,0,0,1,1,1,1,0
362016,0,0,0,0,1,0,1,1,1,0
362017,0,0,0,0,1,1,1,0,1,0
362018,0,0,0,0,1,0,1,1,1,0
362019,1,0,0,0,0,0,0,0,0,0
362020,0,0,0,0,0,0,1,0,1,0
362021,0,0,0,0,1,1,1,1,1,1
362022,0,0,0,0,1,1,1,0,1,0
362023,0,1,0,0,1,0,1,1,1,1
362024,0,0,0,0,1,0,1,1,1,1
362025,0,0,0,0,1,0,1,0,1,0
363001,0,0,0,0,0,0,1,1,1,1
363002,0,1,0,1,1,1,1,1,1,0
363003,0,0,0,0,0,0,1,0,1,0
363004,0,0,0,0,0,1,1,0,1,0
363005,1,1,0,0,1,1,1,0,1,0
363006,0,0,0,0,0,1,1,0,1,0
363007,0,0,0,0,1,0,1,1,1,0
363008,0,0,0,0,0,1,0,0,1,0
363009,0,0,0,0,1,0,1,1,1,1
363010,0,1,0,0,0,0,1,0,1,0
363011,0,0,0,0,1,1,1,1,1,0
363012,0,1,0,0,1,1,1,1,1,0
363013,0,1,0,1,1,0,1,1,1,0
363014,0,0,0,1,0,0,1,1,1,0
363015,0,0,0,0,1,1,1,0,1,0
363016,0,1,0,1,1,0,1,1,1,0
363017,0,0,0,0,0,0,1,1,1,0
363018,0,0,0,0,1,1,1,0,1,0
363019,0,0,0,0,1,1,1,0,0,1
363020,0,1,1,0,1,0,1,0,1,0
363021,0,0,0,0,1,1,1,1,1,1
363022,0,1,0,0,1,0,1,1,1,0
363023,0,1,0,0,1,0,1,0,1,0
363024,0,0,0,0,1,0,1,1,1,0
363025,0,0,0,0,1,1,1,1,1,0
364001,0,1,0,0,0,1,1,0,1,0
364002,0,1,0,0,0,1,1,0,1,0
364003,0,0,0,0,1,1,1,1,1,1
364004,0,0,1,0,0,1,1,1,1,0
364005,0,0,0,0,1,1,1,1,1,1
364006,0,0,0,0,1,0,1,0,1,0
364007,0,0,0,0,1,1,1,1,1,0
364008,0,0,0,0,1,1,1,1,1,1
364009,0,0,0,0,0,1,1,0,0,0
364010,0,0,0,0,1,1,1,0,1,0
364011,1,0,0,0,1,0,1,1,1,1
364012,0,0,0,0,1,0,1,1,1,1
364013,0,0,0,0,0,0,1,1,1,0
364014,0,0,0,0,0,0,1,0,1,0
364015,0,0,0,0,1,1,1,0,1,1
364016,0,1,0,0,1,0,1,1,1,1
364017,0,0,0,0,1,0,1,1,1,0
364018,0,0,0,0,0,0,1,1,1,0
364019,0,0,0,0,0,1,1,0,1,1
364020,0,0,0,0,0,1,1,0,1,0
364021,0,0,0,0,0,0,1,0,0,0
364022,0,0,0,0,1,0,1,1,1,0
364023,0,0,0,0,0,0,1,0,1,0
364024,0,0,0,0,0,1,1,0,0,0
364025,0,0,0,0,0,1,0,0,1,0
365001,0,0,0,1,1,1,1,1,1,1
365002,0,1,0,0,1,1,1,1,1,1
365003,0,0,1,0,1,0,1,1,1,0
365004,0,0,0,0,0,0,1,0,0,0
365005,0,0,0,0,1,0,1,1,1,0
365006,0,0,0,0,0,1,1,0,1,0
365007,0,0,0,1,1,1,1,1,1,1
365008,1,1,0,0,1,0,1,1,1,0
365009,0,1,1,0,1,1,1,1,1,1
365010,0,1,0,1,0,0,1,0,1,1
365011,0,0,0,0,1,0,1,1,1,0
365012,0,0,0,0,0,0,1,0,1,0
365013,1,1,0,0,0,0,1,0,1,0
365014,0,,0,0,0,0,1,0,1,0
365015,0,0,0,0,1,0,0,1,1,0
365016,0,0,0,0,1,1,1,1,1,1
365017,0,0,0,0,1,0,0,0,1,0
365018,0,0,0,0,0,0,0,0,1,0
365019,0,0,0,0,1,1,1,1,1,1
365020,0,0,0,0,1,0,1,1,1,0
365021,0,0,0,0,1,0,0,1,1,0
365022,0,0,0,0,1,1,1,1,1,1
365023,0,0,0,0,1,1,1,1,1,0
365024,0,1,0,0,1,1,1,0,1,0
365025,0,1,0,0,1,0,1,1,1,1
366001,0,0,0,0,1,1,1,0,1,0
366002,0,0,0,1,1,0,0,0,1,1
366003,0,0,0,1,1,1,1,1,1,1
366004,0,1,0,0,1,1,1,1,1,1
366005,0,1,0,1,0,1,1,0,1,0
366006,0,0,0,0,1,0,1,1,1,1
366007,0,0,0,1,1,0,1,0,1,1
366008,0,0,0,0,1,1,1,0,0,0
366009,0,1,0,0,0,1,1,1,1,0
366010,0,0,0,0,1,1,1,1,1,1
366011,0,0,0,0,0,0,0,0,1,0
366012,0,1,0,0,0,1,1,0,1,0
366013,0,0,0,0,1,0,1,1,1,1
366014,0,0,0,0,0,0,1,0,1,0
366015,1,0,0,0,1,1,1,1,1,1
366016,0,0,0,0,1,0,0,1,1,0
366017,0,0,0,0,1,1,1,1,1,1
366018,0,0,0,1,0,1,1,0,1,0
366019,0,0,0,0,1,1,1,1,1,1
366020,0,0,0,0,1,1,1,1,1,1
366021,0,1,0,0,1,0,0,1,1,1
366022,0,0,0,0,0,1,1,1,1,0
366023,0,0,0,0,0,0,1,1,1,1
366024,0,1,0,0,0,1,1,0,1,1
366025,0,0,0,1,0,0,1,0,1,0
367001,0,0,0,0,1,0,1,1,1,0
367002,1,1,0,0,1,0,1,1,1,0
367003,0,0,0,0,1,0,1,1,1,0
367004,0,,0,1,1,1,1,1,1,1
367005,0,0,0,0,1,0,1,1,1,1
367006,0,0,0,0,1,0,1,1,1,0
367007,0,0,0,0,1,1,1,1,1,1
367008,0,0,0,0,1,0,1,1,1,0
367009,1,0,1,0,0,1,1,1,1,0
367010,0,0,0,0,1,1,1,1,1,0
367011,0,0,0,0,0,0,1,0,1,0
367012,0,,0,0,0,1,1,0,1,0
367013,0,0,0,1,1,1,1,1,1,1
367014,0,0,0,0,1,0,1,1,1,1
367015,0,0,0,0,0,0,1,0,1,0
367016,0,0,0,0,0,1,1,0,1,0
367017,0,0,0,1,1,1,1,1,1,1
367018,0,0,0,0,1,0,1,1,1,0
367019,0,0,0,0,0,1,1,0,1,0
367020,0,0,0,0,0,0,1,1,1,0
367021,0,0,0,0,1,1,1,1,1,0
367022,0,0,0,0,0,1,1,0,1,0
367023,0,0,0,0,1,1,1,1,1,0
367024,0,0,0,1,1,1,0,1,1,0
367025,0,0,0,1,1,0,1,1,1,1
368001,0,0,0,0,1,1,1,1,1,0
368002,0,0,0,0,1,1,1,1,1,0
368003,0,1,0,0,1,0,1,1,1,1
368004,1,0,0,1,1,0,1,1,1,0
368005,0,0,0,0,0,0,0,0,1,0
368006,0,0,0,0,0,1,1,0,1,0
368007,0,0,0,0,1,1,1,1,1,1
368008,0,0,0,0,0,1,0,1,1,0
368009,0,1,0,0,0,1,1,0,1,0
368010,0,0,0,0,0,0,1,1,0,0
368011,0,0,0,0,0,0,1,0,1,0
368012,0,0,0,0,0,0,1,0,1,0
368013,0,1,0,0,1,1,1,1,1,1
368014,0,0,0,1,1,1,1,1,0,0
368015,0,0,0,0,1,0,1,1,0,1
368016,0,1,0,0,1,0,1,1,1,0
368017,0,1,0,0,0,0,1,1,1,1
368018,0,1,0,0,0,1,1,1,1,0
368019,0,0,0,0,0,1,1,0,1,0
368020,0,1,0,1,0,1,1,0,1,0
368021,0,0,0,0,0,1,1,1,1,0
368022,0,0,0,0,0,0,1,1,1,0
368023,0,0,0,0,1,1,1,1,1,0
368024,0,0,0,1,1,0,1,1,1,1
368025,0,0,0,1,1,0,1,1,1,1
369001,1,0,0,1,1,1,1,1,1,0
369002,0,,0,0,0,1,1,1,1,0
369003,0,1,0,0,1,1,1,1,1,1
369004,0,0,0,0,0,0,1,0,1,0
369005,0,0,0,0,1,1,1,0,1,0
369006,0,0,0,1,1,0,1,1,1,0
369007,0,0,0,0,1,1,1,1,1,0
369008,0,0,0,0,0,1,0,0,1,1
369009,0,0,0,0,1,1,1,1,1,0
369010,0,0,0,0,1,1,1,1,1,0
369011,0,0,0,0,0,0,1,0,1,0
369012,0,0,0,0,1,0,1,1,1,0
369013,1,0,0,1,1,1,1,1,1,1
369014,0,1,0,0,1,1,1,1,1,0
369015,0,0,0,0,0,0,1,1,1,0
369016,0,1,0,0,0,0,1,1,1,0
369017,0,0,0,0,0,0,1,0,0,0
369018,0,0,0,0,1,1,1,1,1,0
369019,0,0,0,0,1,1,1,1,1,0
369020,0,0,0,0,1,1,1,1,1,1
369021,1,0,0,0,1,0,1,0,1,0
369022,0,0,0,0,1,0,1,1,1,0
369023,0,1,0,0,1,0,1,1,1,0
369024,0,0,0,0,1,0,1,1,1,1
369025,0,1,0,0,1,0,1,1,1,0
370001,0,0,0,0,0,0,1,1,1,0
370002,0,0,0,0,0,0,0,0,0,0
370003,0,0,0,0,0,0,1,0,1,0
370004,0,0,0,0,1,0,1,1,1,0
370005,0,0,0,0,1,0,1,1,1,1
370006,0,0,0,0,1,1,1,1,1,1
370007,0,1,0,0,1,1,1,1,1,0
370008,0,0,0,0,1,0,0,1,1,0
370009,0,0,0,0,0,1,1,1,1,0
370010,0,0,0,0,0,0,1,0,1,0
370011,0,0,0,0,1,0,1,1,1,1
370012,0,0,1,0,1,1,1,1,1,1
370013,0,0,0,0,0,0,1,1,1,0
370014,0,0,0,0,1,1,1,1,1,1
370015,0,0,0,0,1,0,1,1,1,1
370016,0,0,0,0,1,1,1,1,1,0
370017,0,1,0,0,1,1,1,0,1,0
370018,0,1,0,0,0,0,1,0,1,0
370019,0,1,0,0,0,1,1,0,1,0
370020,0,0,0,0,0,1,1,0,0,0
370021,0,1,0,0,0,1,1,0,1,0
370022,0,0,0,0,1,1,1,1,1,0
370023,0,0,0,0,0,0,1,0,0,0
370024,0,0,0,0,1,0,1,1,1,0
370025,0,0,0,0,1,1,1,1,1,1
371001,0,0,0,0,1,1,1,1,1,1
371002,0,0,0,0,1,1,1,1,1,1
371003,0,0,0,0,1,1,1,1,1,1
371004,0,0,1,0,1,1,1,1,1,0
371005,0,1,0,0,0,1,1,1,1,0
371006,0,0,0,0,1,1,1,1,1,1
371007,0,1,0,0,1,1,1,1,1,1
371008,0,0,0,0,1,0,1,1,1,1
371009,0,0,0,0,1,1,1,1,1,0
371010,0,0,0,1,1,1,1,1,1,1
371011,0,0,0,0,1,1,1,1,1,1
371012,0,1,0,0,1,1,1,1,1,1
371013,0,0,0,0,1,1,1,1,1,1
371014,0,0,0,0,1,1,1,1,1,1
371015,0,1,1,0,1,1,1,1,1,1
371016,0,0,0,0,1,1,1,1,1,1
371017,0,0,1,1,1,1,1,1,1,1
371018,0,0,0,1,1,0,1,1,1,0
371019,0,0,0,0,1,0,1,1,1,1
371020,0,1,0,0,1,1,1,1,1,0
371021,0,1,1,0,1,0,1,1,1,0
371022,1,1,1,0,1,0,1,1,1,1
371023,0,1,0,0,1,0,1,1,1,1
371024,0,1,0,0,1,1,1,1,1,0
371025,1,1,0,0,1,1,1,1,1,1
372001,0,1,0,0,1,1,1,1,1,1
372002,0,1,1,1,1,0,1,1,1,1
372003,0,0,0,1,1,1,1,1,1,1
372004,0,0,0,0,1,0,1,1,1,0
372005,0,0,0,1,1,1,1,1,1,1
372006,0,0,0,0,1,0,1,1,1,0
372007,0,0,0,1,1,0,1,1,1,1
372008,0,0,0,0,1,1,1,1,1,1
372009,0,0,0,0,1,1,1,1,1,1
372010,0,1,1,0,1,0,1,1,1,0
372011,0,0,0,0,1,0,1,1,1,0
372012,0,1,1,0,1,0,1,1,1,1
372013,0,1,1,1,1,0,1,1,1,1
372014,0,1,0,1,1,1,1,1,1,1
372015,0,0,0,0,1,0,1,1,1,1
372016,0,0,0,1,1,1,1,1,1,1
372017,0,0,0,1,1,0,1,1,1,1
372018,0,0,0,1,1,1,1,1,1,1
372019,0,0,0,1,1,1,1,1,1,0
372020,0,1,0,1,1,1,1,1,1,1
372021,0,0,0,0,1,1,1,1,1,0
372022,0,1,1,1,1,1,1,1,1,1
372023,0,1,1,0,0,0,1,1,1,0
372024,0,1,0,1,1,0,1,1,1,1
372025,0,0,0,0,1,0,1,1,1,0
373001,0,0,0,0,0,0,1,1,1,1
373002,0,0,0,0,1,1,1,1,1,1
373003,0,1,0,1,1,0,1,1,1,1
373004,0,0,0,1,1,0,1,1,1,1
373005,0,1,0,1,1,1,1,1,1,1
373006,0,1,1,0,1,1,1,1,1,1
373007,1,1,0,0,1,1,1,1,1,1
373008,0,0,0,0,1,1,1,1,1,0
373009,0,1,1,0,1,0,1,1,1,0
373010,0,1,0,0,1,1,1,1,1,1
373011,0,1,0,1,1,0,1,1,1,1
373012,1,1,0,0,0,1,1,1,1,0
373013,0,1,0,1,0,1,1,1,1,0
373014,0,1,0,0,1,1,1,1,1,1
373015,0,1,0,0,1,0,1,1,1,0
373016,0,,0,1,1,0,1,1,1,1
373017,0,0,0,0,1,0,1,1,1,1
373018,0,0,0,0,1,1,1,1,1,1
373019,0,0,0,0,1,1,1,1,1,1
373020,0,1,0,0,1,0,1,1,1,1
373021,0,0,0,0,1,0,1,1,1,0
373022,1,,0,0,1,0,1,1,1,0
373023,0,0,0,0,1,1,1,1,1,1
373024,0,0,0,0,1,1,1,1,1,0
373025,1,1,0,0,1,0,1,1,1,1
374001,0,0,0,0,1,0,1,1,1,1
374002,1,0,0,1,1,1,0,1,1,1
374003,0,0,0,1,1,1,1,1,1,1
374004,0,0,0,0,1,1,1,1,1,0
374005,0,0,0,0,1,0,1,1,1,1
374006,0,1,0,0,1,0,1,1,1,0
374007,0,0,0,0,1,1,1,1,1,1
374008,0,0,0,0,1,0,1,1,1,1
374009,0,0,0,0,0,0,1,1,1,0
374010,0,0,0,0,1,0,1,1,1,1
374011,0,0,0,0,1,0,1,1,1,0
374012,0,0,1,0,1,0,1,1,1,1
374013,0,1,0,0,1,1,1,1,1,0
374014,0,0,0,0,1,0,1,1,1,1
374015,0,1,0,0,1,1,1,1,1,1
374016,0,1,0,0,1,1,1,1,1,1
374017,0,0,0,0,0,0,1,1,1,0
374018,0,0,0,1,1,1,1,1,1,0
374019,0,0,0,0,1,0,1,0,1,0
374020,0,,0,0,0,1,1,0,1,0
374021,0,0,0,1,1,1,1,0,1,1
374022,0,0,0,0,0,1,1,1,1,0
374023,0,1,0,0,1,1,1,1,1,1
374024,0,0,0,0,1,0,1,0,1,1
374025,0,0,0,0,0,0,0,0,1,0
376001,0,1,0,0,1,1,1,1,1,1
376002,0,0,0,0,1,0,1,1,1,0
376003,0,0,1,0,1,1,1,1,1,0
376005,0,1,0,0,1,0,1,1,1,1
376006,0,1,0,0,1,1,1,0,1,0
376007,0,0,0,1,1,1,1,1,1,0
376008,0,1,0,0,1,0,1,1,1,1
376009,0,1,0,0,1,0,1,0,1,0
376010,1,0,0,0,1,0,1,1,1,1
376011,0,0,0,0,1,1,1,1,1,1
376012,0,1,0,0,1,0,1,1,1,0
376013,0,0,0,1,1,1,1,1,1,0
376014,0,0,0,1,1,1,1,1,1,1
376015,0,0,0,1,1,1,1,1,1,1
376017,0,0,0,0,0,0,1,1,1,0
376018,0,0,0,1,1,1,1,1,1,1
376019,1,1,0,0,1,1,1,1,1,1
376020,0,0,0,0,1,1,1,0,1,0
376021,0,0,0,0,1,1,1,1,1,0
376022,0,0,0,1,1,1,1,1,1,1
376023,0,0,0,0,0,1,0,0,1,0
376024,0,1,1,0,1,1,1,1,1,1
376025,0,0,0,1,1,1,1,1,1,1
377001,0,0,0,0,1,1,1,1,1,1
377002,0,1,0,0,1,1,1,1,1,1
377004,0,0,0,1,1,0,1,1,1,1
377005,0,0,0,0,1,1,1,1,1,1
377006,0,0,0,0,1,0,1,1,1,1
377007,1,1,1,0,1,0,1,1,1,1
377008,1,1,0,1,1,0,1,1,1,1
377009,0,1,0,0,0,0,1,0,1,0
377010,0,0,0,0,1,0,1,1,1,1
377011,0,0,0,1,1,1,1,1,1,1
377012,1,1,0,0,1,0,1,1,1,0
377013,0,1,0,0,1,1,1,1,1,1
377014,0,0,0,0,1,0,1,0,1,0
377015,0,1,0,0,1,0,1,1,1,1
377016,0,,0,0,1,1,1,1,1,1
377018,0,0,0,0,1,1,1,1,1,1
377019,0,0,0,0,1,1,1,1,1,1
377020,0,0,1,0,1,1,1,1,1,1
377021,0,1,0,0,1,0,1,1,1,1
377023,0,0,0,0,1,0,1,1,1,1
377024,0,0,0,0,1,1,1,1,1,1
377025,0,0,0,0,1,1,1,1,1,1
378001,0,0,0,0,1,1,1,1,1,0
378002,0,0,0,0,1,1,1,1,1,1
378003,0,0,0,1,1,1,1,1,1,1
378004,0,0,0,0,1,1,1,1,1,0
378005,0,0,0,1,1,1,1,1,1,1
378006,0,1,0,0,1,1,1,1,1,0
378007,0,1,0,0,0,1,1,1,1,0
378008,0,0,0,0,1,1,1,1,1,1
378010,0,0,0,0,1,1,1,1,1,1
378011,0,0,0,0,1,1,1,1,1,0
378013,0,0,0,1,1,1,1,1,1,1
378014,0,1,0,0,1,1,1,1,1,1
378015,0,0,0,0,1,1,1,1,1,0
378016,1,0,0,1,1,1,1,1,1,1
378017,0,1,0,1,1,0,1,1,1,1
378018,0,0,0,1,1,1,1,1,1,1
378019,0,0,1,1,1,1,1,1,1,1
378020,0,1,1,1,1,1,1,1,1,1
378021,1,0,0,1,1,1,1,1,1,1
378022,0,0,0,1,1,1,1,1,1,1
378023,0,1,0,1,1,1,1,1,1,1
378024,0,1,1,1,1,1,1,1,1,1
378025,0,1,0,1,1,1,1,1,1,1
379001,0,0,0,0,1,1,1,1,1,0
379002,0,1,1,0,1,1,1,1,1,0
379003,0,1,0,0,1,1,1,1,1,0
379004,0,0,0,0,1,0,1,1,1,1
379005,0,0,0,0,1,0,1,1,1,0
379006,0,0,0,0,0,0,1,1,1,0
379007,0,0,0,0,0,0,1,0,1,0
379008,0,0,0,0,0,0,1,0,1,0
379009,0,0,0,0,0,0,1,1,1,0
379010,0,0,0,0,1,1,1,1,1,0
379011,0,,0,0,1,1,1,1,1,0
379012,0,0,0,0,1,1,1,1,1,0
379013,1,0,0,0,1,0,1,1,1,0
379014,0,0,0,0,1,0,1,1,1,1
379015,0,0,0,0,1,1,1,1,1,0
379016,0,0,0,1,1,0,1,1,1,1
379017,0,0,0,0,0,0,0,1,1,0
379018,0,0,0,0,0,1,1,1,1,0
379019,0,0,0,0,1,1,1,1,1,1
379020,1,0,0,0,0,0,1,1,1,0
379021,0,0,0,0,1,0,1,1,1,0
379022,0,0,0,0,1,0,1,1,1,0
379023,1,0,0,0,1,1,1,1,1,1
379024,0,0,0,0,1,0,1,1,1,0
379025,0,0,0,1,0,0,1,1,1,0
380001,0,1,0,0,1,0,1,1,1,0
380002,0,0,0,0,1,1,1,1,1,1
380003,0,0,0,0,1,1,1,1,1,1
380004,0,1,0,0,1,1,1,1,1,0
380005,0,0,0,0,1,1,1,1,1,0
380006,0,0,0,0,1,1,1,1,1,1
380007,1,0,0,0,1,1,1,1,1,0
380008,0,1,0,0,1,1,1,1,1,0
380009,0,,0,0,0,1,1,1,1,1
380010,0,0,0,0,1,1,1,1,1,1
380011,0,0,0,0,1,1,1,1,1,1
380012,0,0,0,0,1,1,1,1,1,1
380013,0,1,1,0,1,0,1,1,1,0
380014,0,1,0,0,1,1,1,1,1,1
380015,0,0,0,0,1,1,1,1,1,0
380016,0,1,0,0,1,1,1,1,1,1
380017,0,1,0,1,1,1,1,1,1,1
380018,0,0,0,0,0,1,1,1,1,0
380019,0,1,0,0,1,1,1,1,1,0
380020,0,1,0,0,1,1,1,1,1,1
380021,0,0,0,1,1,1,1,1,1,1
380022,0,1,0,0,1,1,1,1,1,1
380023,1,1,0,0,0,1,1,1,1,0
380024,0,0,0,1,1,1,1,1,1,1
380025,0,0,0,0,1,1,1,1,1,1
381001,0,0,0,1,1,1,1,1,1,1
381002,0,0,0,1,1,1,1,1,1,1
381003,0,0,0,1,1,1,1,1,1,1
381004,0,0,0,1,1,1,1,1,1,1
381005,1,1,0,0,1,1,1,1,1,1
381006,0,1,0,0,1,1,1,1,1,0
381007,0,0,0,1,1,1,1,1,1,1
381008,0,1,0,0,1,1,1,1,1,1
381009,0,0,0,0,1,1,1,1,1,1
381010,0,1,0,0,1,1,1,1,1,0
381011,0,0,0,0,1,1,1,1,1,1
381012,0,0,0,0,1,1,1,1,1,1
381013,0,1,0,1,1,1,1,1,1,1
381014,0,0,0,0,1,1,1,1,1,0
381015,0,1,0,1,1,1,1,1,1,1
381016,0,0,0,0,1,1,1,1,1,0
381017,0,0,0,0,1,1,1,1,1,1
381018,1,1,1,0,1,1,1,1,1,0
381019,0,1,0,0,1,1,1,1,1,1
381020,1,1,0,0,1,1,1,1,1,0
381021,1,0,0,0,1,1,1,1,1,1
381022,0,1,0,1,1,1,1,1,1,0
381023,0,1,0,0,1,1,1,1,1,1
381024,0,0,0,1,1,1,1,1,1,1
381025,0,0,0,0,1,1,1,1,1,1
382001,1,0,0,0,0,1,1,1,1,1
382002,0,0,0,0,0,0,1,1,1,0
382003,0,0,0,0,0,0,1,0,1,0
382004,1,,0,0,0,0,1,1,1,0
382005,0,1,0,1,0,1,1,1,1,0
382006,0,0,0,0,0,0,1,1,1,0
382007,0,0,0,0,0,1,1,1,1,0
382008,0,0,0,0,0,0,1,0,1,0
382009,0,1,0,0,1,1,1,1,1,0
382010,0,0,0,0,1,0,1,1,1,1
382011,0,0,0,0,0,1,1,1,1,0
382012,0,0,0,1,1,0,1,1,1,1
382013,0,1,0,0,0,1,1,1,1,0
382014,0,0,0,0,1,1,1,1,1,1
382015,0,1,0,0,0,1,1,1,1,0
382016,0,0,0,1,1,1,1,1,0,1
382017,0,0,0,0,0,1,1,0,1,0
382018,0,0,1,0,1,1,1,1,1,0
382019,0,0,0,0,0,0,1,1,1,1
382020,0,0,0,0,0,1,1,1,1,0
382021,0,0,0,0,1,1,1,1,1,0
382022,0,0,0,0,0,0,1,1,1,0
382023,0,0,0,0,0,0,0,0,1,0
382024,0,0,0,0,0,0,0,0,1,0
382025,0,0,0,0,0,0,1,0,1,0
383001,0,0,0,0,1,1,1,1,1,1
383002,0,0,0,1,1,0,1,1,1,0
383003,0,1,0,0,1,1,1,1,1,1
383004,0,0,0,0,1,0,1,0,1,0
383005,1,1,0,0,1,1,1,0,1,1
383006,0,1,0,0,1,0,1,1,1,0
383007,0,0,0,0,1,1,1,1,1,1
383008,0,0,0,0,1,1,1,1,1,1
383009,0,1,1,0,1,0,1,1,1,1
383010,0,1,0,0,1,0,1,1,1,1
383011,0,0,0,0,1,1,0,0,1,0
383012,1,0,0,1,0,0,1,1,1,0
383013,0,0,0,0,1,0,1,1,1,1
383014,0,0,0,0,1,1,1,1,1,0
383015,0,1,0,0,1,0,1,1,1,1
383016,0,0,0,0,1,0,1,1,1,0
383017,0,1,0,0,1,0,1,1,1,1
383018,0,1,1,0,1,0,1,1,1,0
383019,0,0,0,1,1,1,1,1,1,1
383020,0,0,0,0,1,0,1,1,1,1
383021,0,0,0,0,1,0,1,1,1,0
383022,0,0,1,0,1,1,1,1,1,1
383023,1,0,0,0,1,1,1,1,1,1
383024,0,0,0,0,0,0,1,1,1,0
383025,0,0,0,0,1,1,1,1,1,1
384001,0,0,0,0,1,1,1,1,1,0
384002,1,1,0,0,1,0,1,1,1,0
384003,0,1,0,0,1,1,1,1,1,0
384004,0,0,0,0,1,0,1,1,1,0
384005,1,0,0,0,0,0,1,1,1,0
384006,0,,0,0,1,1,1,1,1,0
384007,0,0,0,0,1,0,1,1,1,0
384008,0,1,0,0,1,0,1,1,1,1
384009,0,0,0,0,0,1,1,0,1,0
384010,0,0,0,0,0,1,1,0,1,0
384011,1,1,0,0,0,1,1,0,1,0
384012,0,0,0,1,1,1,1,1,1,0
384013,0,0,0,0,0,0,1,0,1,1
384014,0,0,0,0,0,0,0,1,1,0
384015,0,0,0,0,1,0,1,1,1,0
384016,1,0,0,0,1,0,1,1,1,0
384017,0,1,0,0,1,0,1,1,1,0
384018,0,0,0,0,1,1,1,1,1,0
384019,0,0,0,0,1,1,1,1,1,1
384020,0,0,0,0,1,0,1,1,1,1
384021,0,1,0,0,1,1,1,1,1,1
384022,1,0,0,0,1,0,1,1,1,1
384023,0,0,0,0,1,0,1,1,1,0
384024,0,0,0,0,0,0,1,0,1,0
384025,0,0,0,0,0,1,1,1,1,0
385001,0,0,0,0,1,0,1,1,1,1
385002,0,0,0,1,1,0,1,1,1,1
385003,0,1,0,1,1,0,1,1,1,1
385004,0,1,0,0,1,0,1,1,1,1
385005,0,0,0,0,1,1,1,1,1,0
385006,0,0,0,0,1,0,1,1,1,1
385007,0,0,0,0,1,0,1,1,1,0
385008,0,1,0,0,0,0,1,0,1,0
385009,0,0,0,0,1,1,1,1,1,1
385010,0,0,0,0,1,1,1,1,1,0
385011,1,0,0,0,1,0,1,1,1,0
385012,0,0,0,0,1,1,1,1,1,0
385013,1,0,0,0,1,0,1,1,1,0
385014,1,0,0,0,1,1,1,1,1,1
385015,0,1,0,0,1,0,1,1,1,0
385016,0,0,0,0,1,1,1,1,1,1
385017,0,1,0,0,0,1,1,1,1,0
385018,0,1,0,1,1,0,1,1,1,1
385019,0,0,0,0,1,1,1,0,1,1
385020,0,,0,1,1,0,1,1,1,1
385021,0,1,0,0,1,0,1,1,1,1
385022,0,0,0,0,1,1,1,1,1,0
385023,0,1,0,0,1,1,1,1,1,0
385024,1,0,0,1,1,0,1,1,1,1
385025,0,0,1,0,1,1,1,1,1,1
386001,0,0,0,0,1,0,1,1,1,1
386002,0,1,1,1,1,0,1,1,1,0
386003,0,0,0,0,1,1,1,1,1,0
386004,0,1,0,0,1,0,1,1,1,0
386005,0,0,0,0,1,1,1,1,1,1
386006,0,1,0,0,0,1,1,1,1,0
386007,0,1,0,0,1,1,1,1,1,1
386008,0,0,0,0,1,0,1,1,1,1
386009,1,1,0,0,1,0,1,1,1,1
386010,0,,0,0,1,1,1,0,1,0
386011,1,0,0,0,1,0,1,1,1,1
386012,0,0,0,0,1,1,1,1,1,0
386013,0,0,0,1,1,0,1,1,1,1
386014,0,1,0,0,1,1,1,1,1,1
386015,1,0,0,0,1,1,1,1,1,0
386016,0,0,0,0,1,0,1,1,1,1
386017,0,0,0,1,1,0,1,1,1,1
386018,0,0,0,1,1,0,1,1,1,1
386019,0,1,0,0,1,0,1,1,1,1
386020,0,1,0,0,0,0,1,1,1,0
386021,0,0,0,0,1,1,1,1,1,0
386022,0,0,0,0,0,0,1,1,1,0
386023,0,0,0,0,1,1,1,1,1,1
386024,0,0,0,0,1,1,1,1,1,0
386025,0,0,0,0,1,0,1,1,1,1
387001,0,0,0,1,1,0,1,1,1,1
387002,0,1,1,0,1,0,1,1,1,1
387003,0,0,0,1,1,1,1,1,1,1
387004,0,0,0,1,1,0,1,1,1,1
387005,0,0,1,0,1,1,1,1,1,0
387006,0,0,0,0,1,1,1,1,1,1
387007,1,0,0,0,1,1,1,1,1,1
387008,0,1,0,0,1,0,1,1,1,1
387009,0,0,0,0,1,0,1,1,1,1
387010,1,0,0,0,1,0,1,1,1,1
387011,1,1,1,0,1,1,1,1,1,0
387012,1,1,0,0,1,1,1,1,1,0
387013,0,0,0,0,1,1,1,1,1,1
387014,0,0,0,0,1,1,1,1,1,0
387015,0,0,0,0,1,1,1,1,1,0
387016,0,0,0,0,1,1,1,1,1,1
387017,0,0,0,0,1,1,1,1,1,0
387018,0,0,0,0,1,0,1,1,1,0
387019,1,0,0,0,1,1,1,1,1,0
387020,0,1,0,0,1,1,1,1,1,1
387021,0,0,0,0,1,1,1,1,1,1
387022,1,1,0,0,1,1,1,1,1,1
387023,0,1,1,0,1,1,1,1,1,1
387024,0,1,1,0,1,0,1,1,1,1
387025,0,1,0,0,1,1,1,1,1,1
388001,0,0,0,1,1,1,1,1,1,1
388002,0,0,0,1,1,1,1,1,1,1
388003,0,0,0,0,1,0,1,1,1,1
388004,0,1,0,0,1,1,1,1,1,1
388005,0,0,0,1,1,1,1,1,1,1
388006,0,1,1,0,1,1,1,1,1,1
388007,0,0,0,1,1,0,1,1,1,1
388008,0,0,0,0,0,0,1,1,1,0
388009,0,1,1,1,1,1,1,1,1,1
388010,0,0,0,1,1,1,1,1,1,1
388011,0,0,0,1,1,0,1,1,1,1
388012,0,0,1,1,1,1,1,1,1,0
388013,0,1,0,1,1,1,1,1,1,1
388014,0,,0,0,1,0,1,1,1,0
388015,1,0,0,1,1,0,1,1,1,0
388016,0,1,1,0,1,1,1,1,1,1
388017,0,0,0,1,1,1,1,1,1,0
388018,0,0,0,0,1,1,1,1,1,1
388019,0,1,1,1,1,1,1,1,1,1
388020,0,0,0,0,1,1,1,1,1,1
388021,0,1,0,1,1,1,1,1,1,1
388022,0,1,0,1,1,1,1,1,1,1
388023,0,0,0,1,1,1,1,1,1,0
388024,0,1,0,1,1,1,1,1,1,0
388025,0,0,0,0,1,1,1,1,1,0
389001,0,0,1,0,1,1,1,1,1,1
389002,0,1,0,1,1,1,1,1,1,1
389003,0,1,0,1,1,1,1,1,1,1
389004,0,1,0,1,1,1,1,1,1,1
389005,0,1,0,1,1,1,1,1,1,1
389006,1,1,0,0,1,1,1,1,1,0
389007,0,1,0,1,1,1,1,1,1,1
389008,0,1,0,1,1,1,1,1,1,1
389009,0,1,0,1,1,1,1,1,1,1
389010,0,0,0,1,1,0,1,1,1,1
389011,0,1,0,0,1,0,1,1,1,0
389012,0,0,0,1,1,1,1,1,1,1
389013,1,1,0,1,1,1,1,1,1,1
389014,0,1,1,0,1,1,1,1,1,1
389015,0,0,0,0,1,0,1,1,1,0
389016,0,1,0,0,1,1,1,1,1,1
389017,0,1,1,0,1,1,1,1,1,1
389018,1,0,0,0,1,1,1,1,1,1
389019,0,0,0,0,1,1,1,1,1,0
389020,0,0,0,0,1,0,1,1,1,0
389021,0,1,0,0,1,1,1,1,1,1
389022,0,0,0,1,1,1,1,1,1,0
389023,0,0,0,0,1,1,1,1,1,0
389024,1,0,0,1,1,1,1,1,1,1
389025,0,1,0,1,1,1,1,1,1,1
390003,0,0,0,0,0,0,1,1,1,0
390004,0,,1,0,1,1,1,1,1,1
390005,0,0,0,0,1,0,1,0,1,0
390006,0,0,0,0,1,1,1,1,1,0
390008,0,0,0,0,0,1,1,1,1,0
390009,0,0,0,0,1,1,1,1,1,1
390010,0,0,0,,,,,1,,
390011,0,0,0,0,1,0,1,1,1,1
390012,0,0,0,0,1,1,1,0,1,1
390013,0,0,0,0,1,1,1,1,1,1
390014,0,0,1,1,1,1,1,1,1,1
390015,0,0,0,0,1,1,1,1,1,1
390016,0,0,0,0,0,1,1,1,1,0
390017,0,0,0,0,1,1,1,1,1,1
390018,0,,0,0,1,1,1,1,1,1
390020,0,0,0,0,1,1,1,1,1,1
390021,0,0,0,0,1,1,1,1,1,1
390022,0,1,0,0,1,1,1,1,1,1
390023,1,1,0,0,1,1,1,1,1,1
390024,0,0,0,0,1,0,1,1,1,0
390025,0,,0,0,1,0,1,0,1,0
391002,0,0,0,1,1,1,1,1,1,1
391003,0,1,0,1,1,1,1,1,1,1
391004,0,1,0,0,1,1,1,1,1,1
391005,0,0,0,0,1,0,1,1,1,1
391006,0,,0,0,1,1,1,1,1,1
391008,0,0,0,0,1,1,1,1,1,1
391009,0,1,0,0,1,0,1,1,1,1
391010,0,1,0,1,0,0,1,1,1,1
391011,0,1,0,0,1,1,1,1,1,0
391012,0,0,0,0,1,1,1,1,1,1
391013,0,1,1,0,1,1,1,1,1,1
391014,0,0,0,0,1,1,1,1,1,1
391015,0,0,0,0,1,1,1,1,1,1
391016,1,0,0,0,1,1,1,1,1,0
391017,0,0,0,0,1,1,1,1,1,1
391019,0,0,0,0,1,1,1,1,1,1
391020,0,0,0,0,1,1,1,1,1,1
391021,,1,0,0,1,1,1,1,1,1
391022,0,0,0,1,1,1,1,1,1,0
391023,0,1,0,0,1,1,1,1,1,1
391024,0,0,0,0,1,1,1,1,1,1
392001,0,1,0,0,0,1,1,1,1,0
392002,0,0,0,0,1,1,1,1,1,0
392003,0,0,0,0,1,1,1,1,1,1
392004,0,0,0,0,1,1,1,1,1,1
392005,0,1,1,0,1,1,1,1,1,1
392006,0,0,0,0,1,1,1,1,1,0
392007,0,0,0,0,1,1,1,1,1,1
392008,0,0,0,0,0,1,1,0,1,0
392009,0,0,0,0,0,0,1,0,1,0
392010,0,0,0,0,1,1,1,1,1,0
392011,0,0,0,1,1,1,1,1,1,0
392012,0,0,0,1,1,1,1,1,1,0
392013,1,0,0,1,1,1,1,1,1,0
392014,0,0,0,0,1,1,1,0,1,0
392015,0,1,0,0,1,1,1,1,1,1
392016,0,1,0,0,0,1,0,0,1,0
392017,0,0,0,0,1,1,1,1,1,1
392018,0,0,0,0,0,1,1,1,1,0
392019,0,0,0,0,1,1,1,1,1,0
392020,0,1,0,0,1,1,1,1,1,0
392021,0,0,0,0,0,1,1,1,1,0
392022,0,0,0,0,1,1,1,1,1,0
392023,0,1,0,0,1,1,1,0,1,0
392024,1,1,0,0,1,1,1,1,1,0
392025,1,0,1,0,1,1,1,1,1,1
393001,0,1,0,0,1,1,1,1,1,1
393002,0,1,0,1,1,1,1,1,1,1
393003,0,1,0,0,1,1,1,1,1,1
393004,0,1,0,0,1,1,1,1,1,1
393005,1,0,0,0,1,1,1,1,1,1
393006,0,0,0,0,1,1,1,1,1,0
393007,0,0,0,0,1,1,1,1,1,1
393008,0,0,0,1,1,0,1,1,1,0
393009,0,1,0,0,1,0,1,1,1,1
393010,0,0,0,0,1,0,1,1,1,1
393011,0,0,0,0,1,1,1,1,1,1
393012,0,0,0,0,1,1,1,1,1,1
393013,0,0,0,0,1,0,1,1,1,0
393014,0,0,0,0,1,1,1,1,1,0
393015,0,0,0,0,1,1,1,1,1,0
393016,0,0,0,0,1,0,1,1,1,1
393017,0,0,0,0,1,1,1,1,1,1
393018,1,0,0,0,1,0,1,1,1,1
393019,0,0,0,0,1,1,1,1,1,1
393020,0,0,0,0,1,0,1,1,1,1
393021,0,1,0,0,1,1,1,1,1,1
393022,0,1,0,0,1,0,1,1,1,1
393023,0,0,0,0,0,1,1,1,1,0
393024,0,0,0,0,1,1,1,1,1,1
393025,0,0,0,0,1,1,1,1,1,1
394001,0,0,0,1,1,0,0,1,1,1
394002,0,0,0,0,1,0,1,1,1,1
394003,0,0,0,1,1,0,1,1,1,1
394004,0,0,0,0,1,1,1,1,1,0
394005,0,0,0,0,1,0,1,1,1,1
394006,0,0,0,0,1,1,1,1,1,0
394007,0,0,0,0,1,0,1,1,1,1
394008,0,0,0,1,1,0,1,1,1,0
394009,0,0,0,0,1,1,1,1,1,0
394010,0,0,0,0,1,0,1,1,1,1
394011,1,0,0,0,1,1,1,1,1,1
394012,0,1,1,0,1,0,1,1,1,1
394013,0,0,0,1,1,0,1,1,1,1
394014,0,0,0,0,1,1,1,1,1,0
394015,0,0,0,0,1,1,1,1,1,0
394016,0,0,0,0,1,1,1,1,1,0
394017,0,0,0,0,1,1,1,1,1,1
394018,0,0,0,0,1,1,1,1,1,1
394019,0,0,0,0,1,1,1,1,1,0
394020,0,,1,1,1,1,1,1,1,1
394021,0,0,0,1,1,1,1,1,1,1
394022,0,0,0,0,1,1,1,1,1,0
394023,1,1,1,0,1,1,1,1,1,1
394024,0,0,0,0,1,1,1,1,1,1
394025,1,1,1,0,1,1,1,1,1,1
396001,1,0,0,1,0,1,1,1,1,1
396002,0,0,0,1,0,1,1,1,1,0
396003,0,0,0,0,0,1,1,0,1,0
396004,0,0,0,0,0,1,1,1,1,0
396005,0,0,0,0,0,1,1,1,1,0
396006,0,0,0,0,0,1,1,1,1,0
396007,0,0,0,0,0,0,1,0,1,0
396008,0,0,0,0,0,0,1,0,1,0
396009,0,0,0,0,0,1,1,1,1,0
396010,0,0,0,1,0,0,1,0,1,0
396011,0,0,0,0,0,0,0,0,1,0
396012,0,0,0,0,0,0,0,1,1,0
396013,0,0,0,1,0,1,1,1,1,0
396014,0,0,0,1,0,0,1,1,1,0
396015,0,0,0,0,0,0,1,1,1,0
396016,0,0,0,1,0,1,1,1,1,1
396017,0,0,0,1,0,1,1,1,1,1
396018,0,0,0,1,0,1,1,1,1,0
396019,0,0,0,1,1,1,1,1,1,1
396020,0,1,0,1,1,1,1,1,1,1
396021,0,1,0,1,0,1,1,1,1,1
396022,0,1,0,1,1,0,1,1,1,1
396023,0,0,0,0,0,0,1,1,1,0
396024,0,1,1,0,0,0,1,1,1,0
396025,0,1,1,1,1,1,1,1,1,1
398001,0,0,0,1,1,0,1,0,1,0
398002,0,0,0,0,1,0,1,1,1,1
398003,0,0,0,0,0,0,1,1,0,0
398004,0,0,0,0,0,0,1,1,1,1
398005,0,1,0,1,1,0,1,1,1,1
398006,0,0,1,1,1,0,1,1,1,1
398007,0,0,0,0,1,0,1,1,1,1
398008,0,0,0,0,1,0,1,1,1,1
398009,0,1,0,0,1,0,1,1,1,1
398010,0,0,0,0,1,0,1,1,1,1
398011,0,1,0,0,1,0,1,1,1,0
398012,0,0,0,0,1,0,1,1,1,0
398013,0,1,0,0,1,1,1,1,1,1
398014,0,0,0,0,1,0,1,1,1,1
398015,0,1,0,0,1,0,1,1,1,1
398016,0,0,0,0,1,0,1,1,1,0
398017,0,1,0,0,1,0,1,1,1,1
398018,0,0,0,1,1,1,1,1,1,1
398019,0,1,0,0,1,0,1,1,1,1
398020,0,0,0,0,1,0,1,0,1,1
398021,0,0,0,1,1,0,1,1,1,1
398022,0,0,0,0,1,0,1,1,1,1
398023,0,0,0,0,1,0,1,1,1,1
398024,0,0,0,0,1,0,1,1,1,0
398025,0,0,0,0,1,0,1,1,1,0
399001,0,1,0,0,1,1,1,1,1,1
399002,0,0,0,0,1,1,1,1,1,1
399003,0,0,0,0,0,0,1,1,1,0
399004,0,0,0,0,0,1,1,1,1,1
399005,0,0,0,1,1,1,1,1,1,1
399006,0,0,0,0,0,1,1,1,1,0
399007,0,0,0,0,0,1,1,1,1,0
399008,1,0,0,0,1,1,1,1,1,0
399009,0,0,0,0,1,1,1,1,1,1
399010,0,1,0,0,1,1,1,1,1,0
399011,1,1,0,0,0,1,1,1,1,0
399012,0,0,0,0,1,1,1,1,1,1
399013,0,0,0,0,1,1,1,1,1,1
399014,0,0,0,0,1,1,1,1,1,0
399015,0,1,0,1,1,1,1,1,1,1
399016,0,0,0,0,1,1,1,1,1,1
399017,0,0,1,0,1,1,1,1,1,1
399018,0,1,0,1,1,1,1,1,1,1
399019,0,0,0,0,1,1,1,1,1,0
399020,0,0,0,1,1,1,1,1,1,1
399021,0,0,0,0,1,1,1,1,1,0
399022,0,0,1,0,1,1,0,1,1,0
399023,0,0,1,0,1,1,1,1,1,1
399024,0,0,0,0,1,1,1,1,1,1
399025,0,0,0,0,1,1,1,1,1,0
400001,0,0,0,1,1,0,1,1,1,0
400002,0,0,0,0,1,1,1,1,1,1
400003,0,0,0,0,1,1,1,1,1,1
400004,0,1,0,0,1,0,1,1,1,1
400005,0,1,0,0,1,1,1,1,1,0
400006,0,0,0,0,1,1,1,1,1,1
400007,0,1,0,0,1,0,1,1,1,1
400008,0,0,0,1,1,0,1,1,1,1
400009,0,0,0,0,1,0,1,1,1,0
400010,0,0,0,1,1,1,1,1,1,0
400011,0,0,0,0,1,1,1,1,1,0
400012,0,0,0,0,1,0,1,1,1,0
400013,0,0,0,0,1,1,1,1,1,0
400014,0,0,0,1,1,1,1,1,1,1
400015,0,0,0,0,1,0,1,1,1,1
400016,0,0,0,0,1,1,1,1,1,1
400017,0,1,0,0,1,0,1,1,1,1
400018,0,0,0,0,1,1,1,1,1,1
400019,0,0,0,0,1,0,1,1,1,1
400020,0,0,0,0,1,1,1,1,1,1
400021,0,1,0,0,1,0,1,1,1,1
400022,0,0,0,0,1,0,1,1,1,1
400023,0,0,0,0,1,0,1,1,1,0
400024,0,1,0,1,1,0,1,1,1,1
400025,0,1,0,0,1,0,1,1,1,1
401001,0,0,0,0,0,0,1,0,0,0
401002,0,0,0,0,0,0,1,0,1,0
401003,0,0,0,0,0,0,1,0,0,0
401004,0,0,0,0,0,1,1,0,0,0
401005,0,0,0,0,0,0,1,0,1,0
401006,1,0,0,0,0,0,1,0,0,0
401007,0,0,0,0,0,0,1,0,1,0
401008,0,0,0,0,0,0,1,0,1,0
401009,0,1,0,0,0,0,0,0,0,0
401010,0,0,0,0,0,0,1,0,0,0
401011,0,0,0,0,0,0,1,0,0,0
401012,0,0,0,0,0,0,1,0,1,0
401013,0,1,0,0,0,0,1,0,1,0
401014,0,0,0,0,0,0,1,0,1,0
401015,0,1,0,0,0,0,1,0,0,0
401016,0,0,0,0,0,0,1,0,1,1
401017,0,0,0,0,0,0,0,0,1,0
401018,0,0,0,0,0,0,1,0,1,0
401019,0,0,0,0,0,0,0,0,0,0
401020,0,0,0,0,1,0,1,0,1,1
401021,0,1,0,0,1,0,1,0,1,1
401022,0,0,0,0,0,0,0,0,0,0
401023,0,0,0,0,0,0,1,0,0,0
401024,0,0,0,0,0,0,1,0,1,0
401025,,,0,0,0,0,1,0,1,0
402001,0,0,0,0,0,0,1,0,1,0
402002,0,0,0,0,1,0,0,0,0,0
402003,0,0,0,0,0,0,1,0,0,0
402004,0,0,0,0,0,0,1,0,1,0
402005,0,0,0,0,0,0,0,0,1,0
402006,0,0,0,0,0,0,1,0,1,0
402007,0,0,0,0,0,0,1,0,0,0
402008,0,0,0,0,0,0,1,0,1,0
402009,0,0,0,0,0,0,1,0,1,0
402010,0,0,0,0,1,0,1,1,1,0
402011,0,0,0,0,0,0,1,0,1,0
402012,0,0,0,0,0,0,1,0,1,0
402013,0,0,0,0,0,0,1,0,0,0
402014,0,0,0,0,1,0,1,0,1,1
402015,0,0,0,0,0,0,0,0,0,0
402016,0,0,0,1,0,0,1,0,1,1
402017,0,0,0,0,0,0,1,0,1,0
402018,1,0,1,1,1,0,1,1,1,0
402019,0,0,0,0,0,0,1,0,1,0
402020,0,0,0,0,0,0,1,0,0,0
402021,0,1,0,0,0,0,1,0,1,0
402022,0,0,0,0,1,0,1,0,1,0
402023,0,0,0,0,0,0,1,0,1,1
402024,0,,0,0,0,0,1,0,1,0
402025,0,0,0,1,0,0,1,0,1,0
403001,1,0,0,0,0,0,1,0,1,0
403002,0,0,0,0,0,0,1,0,0,0
403003,0,0,0,0,0,0,1,0,0,0
403004,0,0,0,0,0,0,1,0,1,0
403005,0,0,0,0,0,0,1,0,0,0
403006,0,0,0,0,1,0,1,0,1,0
403007,0,0,0,0,0,0,1,0,0,0
403008,0,0,0,0,0,0,0,0,1,0
403009,0,0,0,0,0,0,1,0,0,0
403010,0,0,0,0,0,0,1,0,1,0
403011,0,1,0,0,0,0,1,0,1,0
403012,0,0,0,0,0,0,1,0,1,0
403013,0,0,0,0,0,0,1,0,0,0
403014,0,0,0,0,0,0,1,0,1,0
403015,0,0,0,0,0,0,1,0,1,0
403016,0,0,0,0,1,0,1,0,1,0
403017,0,0,0,0,0,1,1,0,0,0
403018,0,0,0,0,0,0,1,0,0,0
403019,0,0,0,0,0,0,1,0,1,0
403020,0,0,0,0,0,0,1,0,1,0
403021,0,0,0,0,0,0,1,0,1,0
403022,0,0,0,0,1,0,1,0,1,0
403023,0,0,0,0,1,0,1,0,1,0
403024,0,0,0,0,0,0,1,0,1,0
403025,0,0,0,1,1,0,1,0,1,0
404001,0,0,0,0,0,0,1,0,1,0
404002,0,0,0,0,1,0,0,1,1,1
404003,0,0,0,0,1,1,1,0,1,0
404004,1,0,0,0,0,1,1,0,1,0
404005,0,,0,0,0,1,1,0,0,0
404006,0,,0,0,0,0,1,0,1,0
404007,0,0,0,1,1,1,1,1,1,1
404008,0,0,0,0,0,0,1,1,1,0
404009,0,0,0,0,0,0,1,0,1,0
404010,0,0,0,0,0,1,1,0,1,0
404012,0,0,0,0,0,0,1,0,1,0
404013,0,0,0,0,0,1,1,0,1,0
404014,0,0,0,1,0,0,0,1,1,1
404015,0,0,0,0,0,0,0,0,0,0
404016,1,0,0,0,1,0,1,0,1,1
404017,0,0,0,1,0,1,1,0,1,0
404018,0,0,0,0,0,0,0,0,0,0
404019,0,,0,0,0,0,1,0,1,0
404020,0,1,1,0,0,0,0,1,1,0
404021,0,0,0,0,0,1,1,0,1,0
404022,0,0,0,0,0,1,1,0,0,0
404023,0,0,0,0,0,1,1,0,1,0
404024,0,0,0,0,0,1,0,0,0,0
404025,0,0,0,0,1,0,1,0,1,1
405001,0,0,0,0,0,0,1,0,1,0
405002,0,0,0,0,0,0,0,0,0,0
405003,0,0,0,0,0,0,1,1,0,0
405004,0,0,0,0,0,0,0,0,0,0
405005,0,0,0,0,0,0,0,0,0,0
405006,0,0,0,0,0,0,0,0,0,0
405007,0,0,0,0,0,0,0,0,1,0
405008,0,,0,0,0,0,0,0,0,0
405009,0,0,0,0,0,0,1,0,1,0
405010,0,0,0,0,0,0,1,0,1,0
405011,0,0,0,0,0,0,0,0,0,0
405012,0,0,0,0,0,0,0,0,1,0
405013,0,0,0,0,0,0,0,0,0,0
405014,0,0,0,0,0,0,1,0,1,0
405015,0,0,0,0,0,0,0,0,1,1
405016,0,0,0,0,0,0,1,0,0,0
405017,0,0,0,0,0,0,1,0,0,0
405018,0,0,0,0,0,0,1,0,0,0
405019,0,0,0,0,0,0,1,0,0,0
405020,0,0,0,0,0,0,1,0,1,0
405021,0,0,0,0,0,0,1,0,1,0
405022,0,0,0,0,0,0,1,0,1,0
405023,0,0,0,0,0,0,1,0,0,0
405024,0,,0,0,0,0,0,0,0,0
405025,0,,0,0,0,0,1,0,0,0
406001,0,0,0,0,0,0,1,0,0,0
406002,0,0,0,0,0,0,0,0,0,0
406003,0,0,0,0,0,1,0,0,1,0
406004,0,0,0,0,0,0,0,0,0,0
406005,0,0,0,0,0,0,0,0,0,0
406006,0,0,0,0,0,0,0,0,0,0
406007,0,0,0,0,0,0,1,0,0,0
406008,0,0,0,0,0,0,1,0,1,0
406009,0,0,1,0,0,0,1,0,0,0
406010,0,,1,0,0,0,1,0,0,0
406011,0,0,0,0,0,0,0,0,1,0
406012,0,0,0,0,1,0,1,0,1,0
406013,0,0,0,0,0,0,0,0,1,0
406014,0,0,0,0,0,0,0,0,1,0
406015,0,0,0,0,0,0,1,0,1,0
406016,0,0,0,0,0,0,0,0,0,0
406017,0,0,0,0,1,0,0,1,1,1
406018,0,0,0,0,0,0,0,0,0,0
406019,0,0,0,0,0,0,0,0,0,0
406020,0,0,0,0,0,0,0,0,0,0
406021,0,0,0,0,0,0,1,1,1,0
406022,0,0,0,0,0,0,0,0,0,0
406023,0,0,0,0,0,0,0,0,0,0
406024,0,1,0,0,0,0,0,0,0,0
406025,0,0,0,0,0,0,0,0,0,0
407001,1,0,0,0,0,0,1,0,0,0
407002,0,0,0,0,0,0,1,0,1,0
407003,0,0,0,0,0,0,0,0,1,0
407004,0,0,0,0,0,0,0,0,0,0
407005,0,0,0,0,0,0,1,0,0,1
407007,0,0,0,0,0,0,0,0,0,0
407008,0,0,0,0,0,0,0,0,0,0
407009,0,0,0,0,0,0,0,0,0,0
407010,0,0,0,0,0,0,0,0,0,0
407011,0,0,0,0,0,0,1,0,0,0
407012,0,0,0,0,0,0,0,0,0,0
407013,0,0,0,0,0,0,1,0,1,0
407014,0,0,0,0,0,0,0,0,0,0
407015,1,0,0,0,0,0,0,0,0,0
407016,0,0,0,0,0,0,0,0,0,0
407017,0,0,0,0,0,0,1,0,1,0
407018,0,0,0,0,0,0,0,0,0,0
407019,0,0,0,0,0,0,1,0,1,0
407020,0,0,0,0,0,0,1,0,0,0
407021,1,0,0,0,0,0,1,0,0,0
407022,0,0,0,0,0,0,1,0,0,0
407023,0,0,0,0,0,0,0,0,0,0
407024,0,0,0,0,0,0,1,0,0,0
407025,0,0,0,0,0,0,1,0,0,0
408001,0,0,0,0,0,0,1,0,1,0
408002,0,1,0,0,0,0,0,1,1,0
408003,0,0,0,0,0,0,1,0,1,0
408004,0,0,1,0,0,0,1,0,1,0
408005,0,0,0,0,1,0,1,0,1,0
408006,0,1,0,0,0,0,1,0,0,0
408007,0,0,0,0,0,0,1,0,0,0
408008,0,0,0,0,0,0,1,0,0,0
408009,0,0,0,0,0,0,1,0,1,0
408010,1,0,0,0,0,0,0,0,1,0
408011,0,0,0,0,0,0,0,0,1,0
408012,0,0,0,0,0,0,1,0,1,0
408013,0,0,1,0,1,0,1,0,1,0
408014,0,1,0,0,0,0,1,0,1,1
408015,0,0,0,0,0,0,1,0,1,0
408016,0,0,0,0,0,0,1,0,0,0
408017,0,0,0,0,0,0,1,0,1,0
408018,0,0,0,0,1,0,1,0,1,0
408019,0,0,0,0,1,0,1,0,1,1
408020,0,0,0,0,0,0,1,0,1,0
408021,0,0,0,0,0,0,1,0,1,0
408022,0,0,0,0,0,0,1,0,1,0
408023,1,0,0,0,0,0,1,0,1,0
408024,0,0,0,0,0,0,1,0,1,0
408025,0,0,0,0,0,0,1,0,0,0
409001,0,1,0,0,0,0,1,0,1,0
409002,0,0,0,0,1,0,1,0,1,1
409003,0,0,0,0,1,0,1,0,1,0
409004,1,0,0,0,0,0,1,0,1,0
409005,0,0,0,0,1,0,1,0,0,0
409006,0,0,0,0,0,0,1,0,0,0
409007,0,0,0,0,0,0,1,0,1,0
409008,0,0,0,0,0,0,0,0,1,0
409009,0,0,0,0,0,0,1,0,1,0
409010,0,1,0,0,0,0,1,0,1,1
409011,0,0,0,0,1,0,1,0,0,0
409012,0,1,0,0,0,0,1,0,1,0
409013,0,0,0,0,0,0,1,0,1,1
409014,0,0,0,0,0,0,1,1,0,1
409015,0,0,0,0,1,0,1,0,1,0
409016,0,0,0,0,0,0,0,0,1,0
409017,0,0,0,0,0,0,1,0,1,0
409018,0,0,0,0,0,0,1,0,0,0
409019,0,0,1,0,0,0,1,0,1,0
409020,1,1,0,0,0,0,1,1,1,0
409021,0,0,0,0,0,0,1,0,1,0
409022,0,0,0,0,1,0,1,0,1,1
409023,0,0,0,0,1,0,1,0,1,0
409024,0,,0,0,0,0,1,0,1,0
409025,0,0,0,0,0,0,1,0,1,0
410001,0,0,0,0,0,0,0,0,0,0
410002,0,0,0,0,0,0,0,0,1,0
410003,0,1,1,0,0,0,0,0,1,0
410004,0,0,0,0,0,0,1,0,0,0
410005,0,0,1,0,1,0,0,1,1,1
410006,0,0,0,0,0,0,1,0,0,0
410007,0,0,0,0,0,0,1,0,0,0
410008,0,0,0,0,0,0,0,0,1,0
410009,0,1,0,0,0,0,0,0,0,0
410010,0,0,0,0,0,0,0,0,0,0
410011,0,0,0,0,1,0,1,0,0,0
410012,0,0,0,0,0,0,1,0,1,0
410013,0,,0,0,0,0,1,0,0,0
410014,0,0,0,0,0,0,0,0,1,0
410015,0,0,0,0,0,0,0,0,1,0
410016,0,0,0,0,0,0,1,0,1,0
410017,0,0,0,0,1,0,1,1,1,0
410018,0,0,0,0,0,0,1,0,0,0
410019,0,0,0,0,1,0,1,0,1,0
410020,0,0,0,0,0,0,1,0,1,0
410021,0,0,0,0,0,0,0,0,1,0
410022,0,0,0,0,1,0,1,0,1,0
410023,0,0,0,0,1,0,0,0,1,1
410024,0,0,0,0,0,0,1,0,0,0
410025,0,0,0,0,0,0,1,0,0,0
411001,0,0,0,0,1,0,1,1,1,0
411002,0,1,0,0,1,0,1,0,1,0
411003,0,0,0,0,1,0,0,0,0,0
411004,0,0,0,0,1,1,0,1,1,1
411005,0,,0,0,1,0,1,1,1,0
411006,1,0,0,0,0,0,1,0,1,0
411007,0,0,0,0,0,0,1,1,1,1
411008,0,1,0,1,1,0,1,0,1,1
411009,0,0,0,0,0,0,1,0,1,0
411010,0,1,1,0,1,0,0,1,1,0
411011,0,1,1,0,1,0,1,0,1,0
411012,1,0,0,0,1,0,1,0,1,1
411013,0,0,0,0,0,0,1,0,1,0
411014,0,0,0,0,0,0,1,0,1,0
411015,0,0,0,0,1,0,0,1,1,1
411016,0,1,1,0,1,0,0,0,1,1
411017,0,0,0,0,1,0,0,0,1,0
411018,0,,0,0,1,0,0,0,1,0
411019,0,0,0,0,0,0,0,0,0,0
411020,0,0,0,0,0,0,1,0,0,0
411021,0,0,0,0,0,1,0,0,0,0
411022,0,0,0,0,0,0,1,0,0,0
411023,0,,0,0,1,1,1,0,1,0
411024,0,0,0,0,0,1,0,0,1,0
411025,0,0,0,0,1,1,1,0,1,0
412001,0,0,0,0,0,1,1,0,1,0
412002,0,0,0,0,0,1,0,0,0,0
412003,0,0,0,0,0,1,1,0,0,0
412004,0,0,0,0,1,0,1,0,0,0
412005,0,0,0,0,0,1,1,0,1,0
412006,0,0,0,0,0,0,1,0,0,0
412007,0,0,0,0,0,1,1,0,0,0
412008,0,0,0,0,0,1,0,0,1,0
412009,0,1,0,0,0,1,1,0,0,0
412010,0,0,0,0,0,0,0,0,1,0
412011,0,0,0,0,0,1,0,0,0,0
412012,0,0,0,0,0,1,0,0,1,0
412013,1,0,0,0,0,1,0,0,1,0
412014,0,,0,0,0,0,0,0,0,0
412015,0,0,0,0,0,1,1,1,1,0
412016,0,0,0,0,0,1,1,1,1,1
412017,0,0,0,0,1,1,0,0,1,0
412018,0,0,0,0,0,1,0,0,0,0
412019,0,0,0,0,0,0,0,0,0,0
412020,0,0,0,1,1,0,1,0,0,1
412021,0,0,0,0,0,0,1,0,1,0
412022,0,1,0,0,0,1,1,0,1,0
412023,0,1,0,0,0,1,0,0,1,0
412024,0,0,0,0,0,0,1,0,1,0
412025,0,0,0,0,0,1,0,0,0,0
413001,0,1,0,0,0,0,1,0,0,0
413002,0,0,0,0,0,0,1,0,0,0
413003,0,0,0,0,1,0,0,0,1,0
413004,0,0,0,0,0,1,1,0,1,0
413005,0,0,0,0,1,0,1,0,1,1
413006,0,0,0,0,1,0,1,1,1,0
413007,0,0,0,0,0,0,1,0,1,0
413008,0,0,0,1,1,0,1,0,1,1
413009,0,0,0,0,0,0,1,0,1,0
413010,0,1,0,0,0,0,1,0,1,0
413011,0,0,0,0,0,0,1,0,0,1
413012,0,0,0,0,0,0,1,0,1,0
413013,0,0,0,0,0,0,1,0,1,0
413014,0,,0,0,0,0,1,0,1,0
413015,0,0,0,0,0,0,1,0,1,0
413016,0,,0,0,0,0,1,0,0,0
413017,0,0,0,0,0,0,1,0,1,0
413018,0,0,0,0,0,0,1,0,1,1
413019,0,0,1,0,1,0,1,1,1,0
413020,0,,1,0,0,0,1,0,1,0
413021,0,0,0,0,0,0,1,0,1,0
413022,0,0,0,0,0,0,1,0,1,0
413023,0,,0,0,1,0,0,0,1,1
413024,0,0,0,0,1,0,1,1,0,1
413025,0,0,0,0,0,0,1,0,0,0
414001,0,0,0,0,0,0,1,0,0,0
414002,0,0,0,0,0,0,1,0,1,0
414003,0,0,0,0,0,0,0,0,1,0
414004,0,0,0,0,0,0,1,0,0,0
414005,0,0,0,0,0,0,1,0,1,0
414006,0,0,0,0,1,0,1,0,1,1
414007,0,,0,0,0,0,1,0,1,0
414008,1,0,0,0,0,0,1,0,0,0
414009,0,0,0,0,0,0,1,0,0,1
414010,0,,0,0,0,0,1,0,1,0
414011,0,0,0,1,1,0,1,0,,1
414012,0,0,0,0,0,0,1,0,0,0
414013,0,0,0,0,1,0,1,0,1,1
414014,0,0,0,0,0,0,1,0,1,0
414015,0,0,0,0,1,0,1,0,1,1
414016,1,0,0,0,1,0,1,0,0,0
414017,0,,0,0,1,0,1,0,1,1
414018,0,0,0,0,0,0,1,0,1,0
414019,0,0,0,0,0,0,1,0,1,0
414020,0,0,0,1,1,0,1,1,1,1
414021,0,0,0,0,0,0,0,0,1,0
414022,0,1,0,0,0,0,1,0,1,0
414023,0,0,0,0,0,0,1,0,1,0
414024,0,1,0,0,1,0,1,0,1,0
414025,0,0,0,0,0,0,1,0,1,0
415001,0,0,0,0,0,0,1,0,1,0
415002,0,0,0,0,0,0,1,0,1,0
415003,0,0,0,0,0,0,0,0,1,0
415004,0,0,0,0,0,0,0,0,1,0
415005,0,1,0,0,1,0,1,1,1,1
415006,0,0,0,0,0,0,1,0,0,0
415007,0,0,0,0,0,0,1,0,1,0
415008,0,0,0,0,1,0,1,0,1,0
415009,0,0,0,0,0,0,1,0,0,0
415010,0,0,1,0,0,0,1,0,1,0
415011,1,0,0,0,0,0,1,0,1,0
415012,0,0,0,0,1,0,1,0,1,1
415013,0,0,0,0,1,0,1,0,1,0
415014,0,0,0,0,0,0,1,0,0,0
415015,0,0,0,0,1,0,1,0,1,0
415016,0,0,0,0,0,0,1,0,1,0
415017,0,0,0,0,0,0,1,0,1,0
415018,0,0,0,0,1,0,1,0,1,0
415019,0,1,0,0,0,0,1,0,1,0
415020,0,0,0,0,0,0,1,0,1,0
415021,0,1,1,0,1,0,1,1,1,0
415022,0,0,0,0,0,0,1,0,1,0
415023,0,0,0,0,0,0,1,0,1,0
415024,0,0,0,0,0,0,1,1,1,0
415025,0,0,0,0,1,0,1,1,1,1
416001,0,0,0,0,0,0,0,0,1,0
416002,0,0,0,0,0,0,1,1,1,0
416003,0,0,0,0,1,1,1,0,1,1
416004,0,0,0,0,1,0,1,0,1,1
416005,0,0,0,0,1,0,1,0,1,1
416006,0,0,0,0,0,0,0,0,0,0
416007,0,0,0,0,1,0,1,1,1,0
416008,0,0,0,0,0,0,1,0,0,0
416009,0,0,0,0,0,0,0,0,0,0
416010,0,0,0,0,0,1,1,0,0,0
416011,0,0,0,0,0,0,1,0,0,0
416012,0,0,0,0,0,0,1,0,0,0
416013,0,0,0,0,1,0,0,0,1,0
416014,0,0,0,0,0,1,1,0,0,0
416015,0,0,0,0,1,1,0,0,1,0
416016,0,0,0,0,0,0,0,0,1,0
416017,0,1,0,0,0,1,0,0,0,0
416018,0,1,0,0,1,0,0,1,1,1
416019,0,0,0,0,0,0,1,0,1,0
416020,0,1,0,0,0,0,1,0,1,0
416021,0,0,0,0,0,1,0,0,0,0
416022,0,0,0,0,1,0,0,1,1,1
416023,0,0,0,0,0,0,0,0,1,0
416024,0,0,0,0,0,1,0,0,0,0
416025,0,0,1,1,1,0,1,0,1,0
417001,1,1,1,0,1,0,1,0,0,0
417002,0,,0,0,0,0,1,0,1,0
417003,0,0,0,0,0,1,0,0,0,0
417004,0,0,0,0,1,0,1,1,1,1
417005,0,0,0,0,1,0,1,1,1,0
417006,0,0,0,0,1,0,0,0,1,0
417007,0,,0,0,1,0,0,1,1,0
417008,0,0,0,0,1,0,1,1,1,1
417009,1,0,0,0,0,0,0,0,1,0
417010,0,0,0,0,0,0,1,0,1,0
417011,0,,0,0,1,0,1,0,1,0
417012,0,0,0,0,1,1,1,0,1,0
417013,0,0,0,0,1,0,1,0,1,1
417014,0,0,0,0,1,0,1,0,0,0
417015,0,0,0,0,0,0,0,0,1,0
417016,1,0,0,0,1,1,1,1,1,0
417017,0,0,0,0,1,1,0,0,1,0
417018,0,0,0,0,0,1,1,1,1,0
417019,0,0,0,0,0,1,1,1,1,0
417020,0,0,0,0,0,1,1,0,1,0
417021,0,1,0,1,1,0,1,1,1,0
417022,0,0,0,0,1,0,1,0,1,0
417023,1,0,0,1,1,0,1,0,1,1
417024,0,0,0,0,0,1,0,0,1,0
417025,0,0,0,0,1,0,1,1,1,0
418001,0,1,0,0,0,0,0,0,1,0
418002,0,0,0,0,0,0,1,0,0,0
418003,0,0,0,0,0,1,1,0,1,0
418004,1,0,0,0,0,0,0,0,1,0
418005,0,1,0,0,0,1,1,0,1,0
418006,0,0,0,1,0,1,1,0,1,0
418007,0,0,0,0,0,0,0,0,0,0
418008,0,0,1,0,0,1,1,0,1,0
418009,0,0,0,0,0,0,1,0,1,0
418010,0,1,0,0,0,1,0,0,1,0
418011,0,0,0,1,1,0,1,1,1,1
418012,0,0,0,0,0,0,0,0,1,0
418013,0,0,0,0,1,1,1,0,1,1
418014,0,0,0,0,0,0,1,0,0,0
418015,0,0,0,1,0,1,0,0,1,0
418016,0,0,0,0,0,0,0,0,0,0
418017,0,0,0,0,0,0,0,0,1,0
418018,0,1,0,0,1,1,1,0,1,1
418019,0,0,0,0,1,1,0,0,1,1
418020,0,0,0,0,0,0,0,0,1,0
418021,0,0,0,0,0,1,1,0,0,0
418022,0,0,0,0,0,1,1,0,1,0
418023,0,0,0,0,0,1,1,0,1,0
418024,0,0,0,0,0,1,1,0,0,0
418025,0,0,0,0,0,0,0,0,0,0
419001,0,0,0,0,0,0,1,0,1,0
419002,0,0,1,0,0,0,1,0,1,0
419004,0,0,0,0,0,0,0,0,0,0
419005,0,0,0,0,1,0,1,0,1,0
419006,0,0,0,0,0,0,1,0,0,0
419007,0,0,0,0,0,0,1,0,1,0
419008,0,0,0,0,0,0,1,0,0,0
419009,0,0,1,0,0,0,0,0,1,0
419010,0,0,0,1,0,0,1,0,1,0
419011,0,0,0,0,0,1,1,0,1,0
419012,0,0,0,0,0,0,0,0,0,0
419013,0,0,0,1,0,1,1,0,1,0
419014,0,0,0,0,0,0,0,0,0,0
419015,0,0,0,0,0,0,0,0,0,0
419016,0,0,0,0,0,0,1,0,0,1
419017,0,0,0,0,0,1,0,0,0,0
419018,0,0,0,0,0,0,0,0,0,0
419019,0,0,0,0,0,0,1,0,0,0
419020,0,0,0,0,0,0,0,0,0,0
419021,0,0,0,0,1,0,1,1,1,0
419022,0,0,0,0,0,0,0,0,1,0
419023,0,0,0,0,0,0,0,0,0,0
419024,0,0,0,0,0,0,0,0,1,0
419025,0,0,0,0,1,0,0,1,1,0
420001,0,,0,0,0,0,0,0,1,0
420002,0,0,0,0,0,0,1,0,0,0
420003,0,,0,0,0,0,1,1,0,0
420004,0,0,0,1,0,0,0,0,1,1
420005,0,0,0,0,0,0,0,0,1,0
420006,0,0,0,0,0,0,1,0,0,0
420007,0,0,0,0,0,0,1,0,1,0
420008,0,1,0,0,0,0,0,0,0,0
420009,0,0,0,0,0,0,1,0,1,0
420010,0,0,0,0,0,0,1,0,1,0
420011,0,1,0,0,0,0,1,0,0,0
420012,0,1,0,0,0,0,0,0,0,0
420013,0,0,0,0,0,0,0,0,1,0
420014,0,0,0,1,1,0,0,0,1,1
420015,0,0,0,0,1,0,1,0,0,1
420016,0,0,0,0,1,0,1,1,1,1
420017,0,0,0,0,0,0,1,0,1,0
420018,0,0,0,0,0,0,0,0,0,0
420019,0,,0,0,0,0,1,0,0,0
420020,0,0,0,0,0,0,1,0,1,0
420021,0,,0,0,0,0,1,0,1,0
420022,0,0,0,0,0,0,0,0,1,0
420023,0,0,0,0,1,0,1,1,1,0
420024,0,,0,0,0,0,1,0,0,0
420025,0,0,0,0,0,0,1,0,1,0
421001,0,0,0,1,0,0,1,0,1,0
421002,0,0,0,0,1,0,1,0,0,1
421003,0,0,0,0,0,0,0,0,1,0
421004,0,0,0,0,0,0,0,0,1,0
421005,0,0,0,0,1,0,0,0,0,0
421006,0,0,0,0,1,0,1,0,1,0
421007,0,0,0,0,0,0,1,0,1,1
421008,0,0,0,0,0,0,0,0,0,0
421009,0,1,0,0,0,0,0,0,1,0
421010,0,0,0,0,0,0,1,0,0,0
421011,0,0,0,0,0,0,1,0,1,0
421012,0,,0,0,0,0,0,0,1,1
421013,0,0,0,0,1,0,1,1,1,0
421014,0,0,0,0,0,1,0,0,0,0
421015,0,0,0,0,0,0,0,0,0,0
421016,0,0,0,0,0,0,0,0,1,0
421017,0,0,0,0,0,0,1,0,1,0
421018,0,0,0,0,1,0,1,0,1,1
421019,0,0,0,0,1,0,1,1,1,0
421020,0,0,1,0,0,0,1,0,1,0
421021,0,0,0,0,0,0,0,0,0,0
421022,0,0,0,0,0,0,1,0,0,0
421023,0,0,0,0,0,0,1,0,1,1
421024,0,0,0,0,0,0,0,0,0,0
421025,0,0,0,0,0,0,0,0,0,0
422001,0,0,0,0,0,0,1,0,1,0
422002,1,1,0,0,0,0,1,0,1,0
422003,0,,0,0,0,0,1,0,1,0
422004,0,0,0,0,0,0,1,0,1,0
422005,0,0,0,0,0,0,1,0,0,0
422006,0,0,0,0,0,0,1,0,1,0
422007,0,0,0,0,0,0,1,0,1,0
422009,0,0,0,1,0,0,1,0,0,0
422010,0,0,0,0,0,0,0,0,1,0
422011,0,0,0,0,0,0,1,0,0,0
422012,0,0,0,0,0,0,0,0,0,0
422013,0,0,0,0,0,0,0,0,0,0
422014,0,0,0,1,0,0,0,0,0,0
422015,0,0,0,0,0,0,0,0,0,0
422016,0,0,0,0,0,0,1,0,1,0
422017,0,0,0,0,0,0,1,0,1,0
422018,0,0,0,0,0,0,1,0,1,0
422019,0,1,0,0,0,0,1,0,1,0
422020,0,0,0,0,0,0,0,0,0,0
422021,0,0,0,0,0,0,1,0,1,0
422022,0,0,0,0,0,0,1,0,1,0
422023,1,0,0,1,0,0,1,0,1,0
422024,0,0,0,0,0,0,1,0,1,0
422025,0,0,0,0,0,0,1,0,1,0
423001,0,0,0,0,0,0,1,0,0,0
423002,0,0,0,0,0,0,1,0,0,0
423003,0,0,0,0,0,0,0,0,0,0
423004,0,0,0,1,0,0,0,0,0,0
423005,0,0,0,0,0,0,1,0,1,0
423006,0,0,0,0,0,0,1,0,0,0
423007,0,0,0,0,0,0,0,0,0,0
423008,0,0,0,0,0,0,1,0,1,0
423009,0,0,0,0,1,0,0,0,1,1
423010,0,0,0,0,0,0,0,0,0,0
423011,0,0,0,0,0,0,0,0,0,0
423012,0,0,0,0,0,0,1,0,0,0
423013,0,0,0,0,0,0,1,0,1,0
423014,0,0,0,0,0,1,1,0,1,0
423015,0,0,0,0,0,0,1,0,1,0
423016,0,0,0,0,0,0,1,1,1,1
423017,0,0,0,0,0,0,1,0,1,0
423018,0,0,0,0,0,0,1,0,1,0
423019,0,0,0,0,1,0,1,0,1,0
423020,0,0,0,0,0,0,1,0,1,0
423021,0,0,0,0,0,0,1,0,1,0
423022,0,0,0,0,1,0,1,1,1,1
423023,0,0,0,0,0,0,0,0,0,0
423024,0,0,0,0,0,0,1,0,0,0
423025,0,0,0,0,0,0,1,0,1,0
424001,0,0,0,0,1,0,1,0,1,0
424002,0,0,0,0,1,0,1,0,1,1
424003,0,0,0,0,1,0,1,0,0,0
424004,0,0,0,0,0,0,1,0,0,0
424005,0,0,0,0,0,0,1,0,0,0
424006,0,0,0,0,0,0,1,0,0,0
424007,0,0,0,1,1,0,1,0,1,1
424008,0,0,0,0,0,0,0,0,0,0
424009,0,0,0,0,1,0,1,0,0,0
424010,0,0,0,0,0,0,0,0,0,0
424011,0,0,,0,0,0,1,0,1,0
424012,0,0,0,0,1,0,1,1,1,1
424013,0,0,0,0,0,0,1,0,0,0
424014,0,0,0,0,0,0,1,0,0,0
424016,0,0,1,0,0,0,1,0,1,0
424017,0,1,0,0,0,0,1,0,1,0
424018,0,0,0,0,0,0,1,0,0,0
424019,0,0,0,0,0,0,1,0,1,0
424020,0,0,0,0,1,0,1,0,0,1
424021,0,0,0,0,0,0,1,0,1,0
424022,0,0,0,0,1,0,1,0,0,0
424023,0,0,0,0,0,0,1,0,1,0
424024,0,0,0,0,0,0,1,0,0,0
424025,0,0,0,0,0,0,1,0,0,0
425001,0,0,0,0,0,0,1,0,1,0
425002,0,0,0,0,0,0,1,0,1,0
425003,0,0,0,1,0,1,1,0,1,0
425004,0,0,0,0,0,0,1,0,1,0
425005,0,0,0,1,0,0,1,0,1,0
425006,0,1,0,0,0,0,1,0,1,0
425007,0,0,0,0,1,0,1,0,1,0
425008,0,0,0,1,0,0,1,0,0,0
425009,0,0,0,0,0,0,1,0,0,0
425011,0,0,0,0,0,0,1,0,1,0
425012,0,0,0,0,0,0,1,0,1,0
425013,0,0,0,0,0,0,1,0,1,0
425014,0,0,0,1,0,0,1,0,1,0
425015,0,0,0,0,0,0,1,0,1,0
425016,1,0,1,0,0,0,1,0,1,0
425017,0,0,0,0,0,0,1,0,0,0
425018,0,0,0,0,0,0,0,0,0,0
425019,0,0,0,,0,1,1,0,1,0
425020,0,0,0,0,0,0,1,0,1,0
425021,0,0,0,0,0,0,1,0,0,0
425022,0,1,0,0,0,1,0,0,0,0
425023,0,0,0,0,0,0,1,0,1,0
425024,0,0,0,1,0,0,1,1,1,0
425025,0,0,0,0,0,0,0,0,0,0
426001,0,0,0,0,0,0,1,0,0,0
426002,0,0,0,0,0,0,1,0,0,0
426003,0,0,0,0,0,0,0,0,1,0
426004,0,0,0,0,0,0,1,0,1,0
426005,0,0,0,0,0,0,1,0,1,0
426006,0,0,1,0,0,0,0,0,1,0
426007,0,0,0,0,1,0,1,0,0,0
426008,0,0,0,0,0,0,1,0,0,0
426009,0,0,0,0,0,0,0,0,1,0
426010,1,0,0,,0,0,1,0,1,0
426011,0,0,0,0,0,0,1,0,0,0
426012,0,0,0,0,0,0,1,0,0,0
426013,0,0,0,0,0,0,1,0,1,0
426014,0,0,0,0,0,0,0,0,0,0
426015,0,0,0,0,0,0,1,0,0,0
426016,0,0,0,0,0,0,1,0,1,0
426017,0,1,0,0,0,0,0,1,1,0
426018,0,0,0,0,0,0,1,0,0,0
426019,0,0,0,0,0,0,1,0,1,0
426020,0,0,0,0,0,0,1,0,0,1
426021,0,0,0,0,0,0,1,0,0,0
426022,0,0,0,0,0,0,1,0,1,0
426023,0,0,0,1,0,0,1,0,0,0
426024,1,0,0,0,0,0,0,0,1,0
426025,0,0,0,0,0,0,1,0,0,0
427001,0,0,0,0,0,0,0,0,1,0
427002,0,0,0,0,0,0,0,0,0,0
427003,0,0,0,0,0,0,0,0,0,0
427004,0,0,0,0,0,0,1,0,0,0
427005,0,0,0,0,0,0,1,0,1,0
427006,0,0,0,0,0,0,1,0,0,0
427007,0,0,0,0,0,0,1,0,1,0
427008,0,0,0,0,0,0,1,0,1,0
427009,0,0,0,0,0,0,1,0,1,0
427010,0,0,0,0,0,0,1,1,1,0
427011,0,0,0,0,0,0,1,0,1,0
427012,0,0,0,0,0,0,1,0,1,0
427013,0,0,0,1,0,0,1,0,0,0
427014,0,0,0,0,0,0,1,0,0,0
427015,0,0,0,0,0,0,1,0,0,0
427016,0,0,0,0,0,0,1,0,1,0
427017,0,0,0,0,0,0,1,0,0,0
427018,0,0,1,0,0,0,1,0,1,0
427019,0,0,0,0,0,0,1,1,1,0
427020,0,0,0,0,0,0,1,0,0,0
427021,0,0,0,0,0,0,1,0,1,0
427022,0,0,0,0,0,0,1,0,0,0
427023,0,0,0,0,0,0,1,0,1,0
427024,0,0,0,0,0,0,1,0,0,1
427025,0,1,0,0,0,0,0,0,1,0
428001,0,0,0,0,0,0,0,0,0,0
428006,0,0,0,0,0,0,0,0,0,0
428008,0,0,0,0,0,0,0,0,0,0
428020,0,0,0,0,0,0,0,0,0,0
428021,0,0,0,0,0,0,1,0,0,0
428024,0,0,0,0,0,0,0,0,0,0
428025,0,0,0,0,0,0,0,0,0,0
429001,0,0,0,0,0,0,0,0,0,0
429002,0,0,0,0,0,0,0,0,0,0
429003,1,1,0,0,0,0,0,0,0,0
429004,0,0,0,0,0,0,1,0,1,0
429005,0,0,0,0,0,0,0,0,0,0
429006,0,0,0,0,0,0,0,0,0,0
429007,0,0,0,1,0,0,0,0,1,0
429008,0,1,1,0,0,0,1,0,1,0
429009,0,0,0,0,0,0,1,0,1,0
429010,0,1,0,0,0,0,1,0,0,0
429011,0,1,0,0,0,0,1,0,0,0
429012,0,0,0,0,0,0,1,0,0,0
429013,0,0,0,0,0,0,0,0,0,0
429014,0,0,0,0,0,0,0,0,0,0
429015,0,0,0,0,0,0,0,0,1,0
429016,0,0,0,0,0,0,0,0,1,0
429017,0,0,0,0,0,0,1,0,0,0
429018,0,0,0,0,0,0,1,1,0,0
429019,0,0,0,1,0,0,1,1,1,0
429020,0,0,0,0,0,0,1,1,1,0
429021,0,0,0,0,0,0,0,0,0,0
429022,0,0,0,0,0,0,1,0,0,0
429023,0,0,0,0,0,0,0,0,0,0
429024,1,0,0,0,0,0,0,0,1,0
429025,0,0,0,0,0,0,0,0,0,0
430001,0,0,0,0,0,0,0,0,0,0
430002,0,0,0,0,0,1,1,0,0,0
430003,0,0,0,0,0,0,1,0,0,0
430004,0,1,0,0,0,0,1,0,0,0
430005,0,0,0,0,0,0,1,0,1,0
430006,0,0,0,1,0,1,0,1,1,0
430007,0,0,0,1,0,0,1,0,0,0
430008,0,1,0,0,0,0,1,0,0,0
430009,0,0,0,1,0,1,1,0,0,0
430010,0,0,0,0,0,0,1,0,0,0
430011,0,0,0,1,0,0,1,0,0,0
430012,0,0,0,0,0,0,1,0,1,0
430013,0,0,0,0,0,0,0,1,1,0
430014,0,0,0,0,0,0,1,0,1,0
430016,1,0,0,,0,0,1,1,1,0
430017,0,0,0,0,0,0,1,0,0,0
430018,0,0,0,0,0,0,1,0,1,0
430019,0,0,0,0,0,0,1,0,1,0
430020,0,0,0,0,0,0,1,0,0,0
430021,0,0,0,0,0,0,0,0,0,0
430022,0,1,0,0,0,1,0,0,0,0
430023,0,0,0,0,0,0,0,0,1,0
430024,0,0,0,0,0,0,1,0,1,1
430025,0,0,0,0,0,0,1,0,1,0
431001,0,0,0,0,0,0,1,0,1,0
431002,0,1,0,0,0,0,1,1,0,0
431003,0,0,0,0,0,0,1,1,1,0
431004,0,0,0,0,0,0,1,0,0,0
431005,0,,0,0,0,0,0,0,0,0
431007,0,0,0,0,0,0,1,0,1,0
431008,0,0,0,0,0,0,1,0,1,0
431009,0,0,0,0,0,0,1,0,0,0
431010,0,0,0,0,0,0,1,0,0,0
431011,0,0,0,0,0,0,1,0,1,0
431012,0,0,0,1,0,0,1,0,0,0
431013,0,,0,0,0,0,1,0,1,0
431014,0,0,0,0,0,0,1,0,1,0
431015,0,0,0,0,0,0,1,0,1,0
431016,0,0,0,0,0,0,1,0,0,0
431017,0,1,0,0,0,0,1,0,0,0
431018,0,0,0,0,0,0,1,0,0,0
431019,0,0,0,0,0,0,1,0,0,0
431020,0,0,0,0,0,0,0,0,0,0
431021,0,0,0,0,0,0,1,0,1,0
431022,0,0,0,1,0,1,1,0,1,0
431023,,0,0,0,0,0,1,0,0,0
431024,0,0,0,0,0,0,1,0,0,0
431025,0,0,0,0,0,0,0,0,0,0
432001,0,0,0,0,0,0,1,0,0,0
432002,0,1,0,1,0,0,1,0,1,0
432003,0,0,0,0,0,0,1,0,0,0
432004,0,0,0,0,0,0,0,0,0,0
432005,0,0,0,0,0,0,1,0,0,0
432006,0,0,0,0,0,0,1,0,0,0
432007,0,1,0,0,0,0,1,0,0,0
432008,0,0,0,0,0,0,0,0,1,0
432009,0,0,0,1,1,0,0,0,1,1
432010,0,0,0,0,0,0,1,0,1,0
432011,0,0,0,0,0,0,0,0,0,0
432012,0,0,0,0,0,0,1,0,0,0
432013,0,0,0,0,0,0,1,0,1,0
432014,0,0,0,0,0,0,0,0,0,0
432015,0,1,0,0,0,0,1,0,1,0
432016,0,0,0,0,0,0,1,1,0,0
432017,0,0,0,0,1,0,0,0,0,0
432018,0,1,0,0,0,0,1,0,0,0
432019,0,0,0,0,0,0,1,0,1,1
432020,0,0,0,0,0,0,1,0,0,0
432021,0,0,0,0,0,0,1,0,0,0
432022,0,0,0,0,0,0,0,0,0,0
432023,0,0,0,0,0,0,1,0,1,0
432024,0,0,0,0,0,0,0,0,0,0
432025,0,0,0,0,0,0,0,1,0,0
433001,0,0,0,0,1,0,1,0,1,0
433002,0,0,0,0,1,0,1,0,1,0
433003,1,0,0,0,1,0,1,0,1,1
433004,0,,0,0,0,0,0,0,0,0
433005,0,0,0,0,0,0,0,0,1,0
433006,0,0,0,0,0,0,0,0,0,0
433007,0,0,0,0,0,0,0,0,0,0
433008,0,0,0,0,0,0,0,0,0,0
433009,0,0,0,0,0,0,0,0,0,0
433010,0,0,0,0,0,0,0,0,0,0
433012,0,0,0,0,0,0,0,0,0,0
433013,0,0,0,0,0,0,0,0,1,0
433014,0,0,0,0,0,0,0,0,0,0
433015,0,0,0,0,0,0,0,0,0,0
433016,0,0,0,0,0,0,0,0,0,0
433017,0,0,0,0,0,0,0,0,0,0
433018,0,0,0,0,0,0,0,0,0,0
433019,0,0,0,0,0,1,0,0,0,0
433020,0,0,0,0,0,0,0,0,0,0
433021,0,0,0,0,0,0,0,1,0,0
433022,0,0,0,0,0,0,0,0,0,0
433025,0,0,0,0,0,0,0,0,0,0
434001,0,0,0,0,0,0,1,0,1,0
434002,0,0,0,0,0,0,1,0,1,0
434003,0,0,0,0,0,0,1,0,1,0
434004,0,0,0,0,0,0,1,0,0,0
434006,0,0,0,0,0,0,0,0,0,1
434007,0,0,0,0,0,0,0,0,0,0
434008,0,0,0,0,0,0,0,0,0,0
434009,0,0,0,0,0,0,0,0,0,0
434010,0,0,0,0,0,0,0,0,1,0
434011,0,0,0,0,0,0,0,0,0,0
434012,0,0,0,0,0,0,0,0,0,0
434013,0,,0,0,0,0,1,0,0,0
434014,0,0,0,0,0,0,1,0,1,0
434015,0,1,0,0,0,0,0,0,0,0
434016,0,0,0,0,0,1,0,0,0,0
434017,0,,0,0,0,0,1,0,0,0
434018,0,0,0,0,0,0,1,0,1,0
434019,0,0,0,0,0,0,0,0,0,0
434020,0,0,0,0,0,0,1,0,1,1
434021,0,0,0,0,0,0,0,0,0,0
434022,0,0,0,0,0,0,0,0,0,0
434024,0,0,0,0,0,0,0,0,0,0
434025,0,0,0,0,0,0,0,1,1,0
435001,0,0,0,0,0,0,0,0,0,0
435002,0,0,0,0,0,0,0,0,0,0
435003,0,0,0,0,0,0,1,0,1,0
435004,0,0,0,0,0,0,0,0,0,1
435005,0,0,0,0,0,0,1,0,1,0
435006,0,0,0,0,0,0,1,0,0,0
435007,0,0,0,0,0,0,1,0,1,0
435008,0,0,0,0,0,0,1,0,0,0
435009,0,0,0,0,0,0,1,0,0,0
435010,0,0,0,0,0,0,0,0,0,0
435011,0,0,0,1,0,0,1,0,1,1
435012,0,0,0,0,1,1,1,0,0,0
435013,0,0,0,0,0,0,1,0,0,0
435014,0,0,0,0,0,0,1,0,0,0
435015,0,0,0,0,0,0,1,0,0,0
435016,0,0,0,0,0,0,0,0,0,0
435017,0,0,0,0,0,0,1,0,1,0
435018,0,0,0,0,0,0,0,0,0,0
435019,0,0,0,0,0,0,1,0,0,0
435020,,0,1,0,0,0,0,0,0,0
435021,0,0,0,0,0,0,1,0,0,0
435022,0,0,0,0,0,0,1,0,0,0
435024,0,0,0,0,0,0,0,0,0,0
435025,0,0,0,0,0,0,1,0,0,0
436001,0,0,0,0,0,0,0,0,1,0
436002,0,0,0,0,1,0,1,0,1,1
436003,0,0,0,0,0,0,1,0,1,0
436004,0,0,0,0,1,0,1,0,0,0
436005,0,0,0,1,0,0,1,0,0,0
436007,0,0,0,0,0,0,1,0,0,0
436008,0,0,0,0,1,1,1,0,1,1
436009,0,0,0,0,0,0,1,0,1,0
436010,0,1,0,0,0,0,1,0,0,0
436011,1,0,0,0,0,0,1,0,0,0
436012,0,0,0,0,0,0,1,0,0,0
436013,1,0,0,0,0,0,1,0,0,0
436014,0,0,0,0,0,0,1,0,1,0
436015,0,0,0,0,0,0,1,1,1,0
436016,0,0,0,0,1,0,1,0,1,0
436017,0,0,0,0,0,0,1,0,0,0
436018,0,0,0,0,0,0,1,0,1,1
436019,0,0,0,0,0,0,1,0,1,0
436020,0,0,0,0,0,0,1,1,1,0
436021,0,0,0,0,0,0,1,0,0,0
436022,0,0,0,1,0,0,0,0,1,1
436023,0,0,0,1,0,0,1,0,0,0
436024,0,0,0,0,1,0,1,1,1,1
436025,0,0,0,1,0,0,1,0,,0
437001,0,0,0,0,0,0,0,0,0,0
437002,0,0,0,0,0,0,0,0,1,0
437003,0,,0,0,0,0,1,0,1,0
437004,0,0,0,0,0,0,0,0,0,0
437005,0,0,0,0,0,0,1,0,0,0
437006,0,0,0,0,1,0,1,0,0,0
437007,0,0,0,0,1,0,1,0,1,1
437008,0,0,0,0,0,0,1,0,1,1
437009,0,0,0,0,0,0,1,0,0,0
437010,0,0,0,0,0,0,1,0,0,0
437011,0,0,1,0,0,0,1,0,1,0
437012,0,0,0,0,1,0,1,0,1,0
437013,0,0,0,0,0,0,1,0,1,0
437014,0,0,0,0,0,0,1,0,0,0
437015,0,0,0,0,0,0,1,0,0,0
437016,0,0,0,0,0,0,1,0,0,0
437017,0,0,0,0,0,0,1,0,0,0
437018,0,0,0,0,0,0,1,1,0,0
437019,0,0,0,0,0,0,1,0,0,0
437020,0,0,0,0,0,0,1,1,1,0
437021,0,0,0,0,0,0,1,1,1,1
437022,0,0,0,0,0,0,0,0,0,0
437023,0,0,0,0,0,0,0,0,1,0
437024,0,0,0,0,0,0,1,0,0,0
437025,0,0,0,0,1,0,1,1,1,1
438001,0,1,0,0,0,0,1,0,1,0
438002,0,0,0,1,1,0,1,0,0,0
438003,0,0,0,0,1,0,1,0,1,1
438004,0,0,0,0,1,0,1,1,0,0
438005,0,0,0,0,0,0,1,0,1,0
438006,0,0,0,0,0,0,1,0,1,0
438007,0,0,0,0,0,0,1,0,0,0
438008,0,0,0,0,0,0,1,0,0,0
438009,0,0,0,0,0,0,1,0,1,0
438010,0,0,0,0,0,0,1,0,0,0
438011,0,0,0,0,0,0,1,0,1,0
438012,0,1,0,1,0,0,1,0,0,0
438013,0,0,0,0,0,0,1,0,1,0
438014,0,0,0,0,0,0,1,0,0,0
438015,0,0,0,0,0,0,0,0,1,0
438016,0,1,0,0,0,0,1,0,0,0
438017,0,0,0,0,0,0,1,0,1,1
438018,0,0,0,0,0,0,0,0,0,0
438019,0,0,0,0,0,0,1,0,0,0
438020,0,0,0,0,0,0,1,0,0,0
438021,0,0,0,0,0,0,1,0,1,0
438022,0,0,0,0,0,0,1,0,0,0
438023,0,0,0,0,0,0,1,0,0,0
438024,0,0,0,0,0,0,0,0,0,0
438025,0,0,0,0,0,0,1,0,0,0
439001,0,1,0,0,1,0,1,1,1,0
439002,0,0,0,0,0,0,1,1,0,0
439003,0,,0,0,0,1,1,0,0,0
439004,0,0,0,0,0,1,0,0,0,0
439005,0,0,0,0,0,0,0,0,1,0
439006,0,0,0,0,0,1,0,0,0,0
439007,0,0,0,0,0,0,1,1,1,0
439008,0,0,0,0,0,1,1,0,0,0
439009,0,0,0,0,0,0,1,0,0,0
439010,0,0,0,0,0,1,0,0,0,0
439011,0,0,0,0,0,0,0,0,0,0
439012,0,1,0,0,0,0,1,0,0,0
439013,0,0,0,0,0,0,0,0,0,0
439014,0,0,0,0,0,0,0,1,1,0
439015,0,0,0,0,0,0,0,0,0,0
439016,1,0,0,0,1,1,0,1,0,0
439017,0,1,0,0,0,0,0,0,0,0
439018,0,0,0,0,0,0,1,0,0,0
439019,0,0,0,0,0,0,0,0,0,0
439020,1,0,0,0,0,1,1,0,1,0
439021,0,1,0,0,1,0,1,0,0,0
439022,0,0,0,1,0,1,1,0,1,1
439023,0,0,0,0,0,0,1,0,0,0
439024,1,0,0,0,0,0,1,0,0,0
439025,0,0,0,0,0,0,1,0,0,0
440001,0,0,0,0,1,1,1,0,1,0
440002,0,0,0,0,0,0,1,0,0,0
440003,0,0,0,0,0,0,0,0,0,0
440004,0,0,0,0,0,0,1,0,0,0
440005,1,0,0,0,0,0,1,0,1,0
440006,0,0,0,0,0,0,0,0,0,0
440007,0,0,0,0,0,0,0,0,0,0
440008,0,1,0,0,0,0,0,0,0,0
440009,0,0,0,0,0,0,1,0,0,0
440010,0,0,0,0,1,0,1,1,1,1
440011,0,0,0,0,0,0,1,0,0,0
440012,0,0,0,0,0,0,1,0,0,0
440013,0,1,0,0,0,0,1,0,1,0
440014,0,0,0,0,0,1,0,0,0,0
440015,0,0,0,0,0,0,0,0,0,0
440016,0,0,0,0,0,0,0,0,0,0
440017,0,0,0,0,0,0,0,0,0,0
440018,0,0,0,0,0,0,0,0,0,0
440019,0,0,0,0,1,1,0,1,0,0
440020,0,1,0,0,0,0,0,0,1,0
440021,0,0,0,0,0,0,0,0,0,0
440023,0,0,0,0,0,1,1,0,0,0
440024,0,0,0,0,0,1,0,0,0,0
440025,0,1,0,0,1,1,1,1,1,1
441001,0,0,0,0,0,0,1,0,0,0
441002,0,0,0,0,0,0,1,0,1,0
441003,0,1,0,0,1,0,1,0,0,0
441004,0,0,0,0,0,0,1,0,0,0
441005,0,,0,0,0,0,1,1,1,0
441006,0,0,0,0,0,0,1,0,0,0
441007,0,0,0,0,0,0,1,0,1,0
441008,0,0,0,0,0,0,1,0,0,0
441009,0,1,0,0,0,0,1,0,0,0
441010,0,0,0,0,0,0,1,0,0,0
441011,0,,1,0,1,0,1,1,1,1
441012,0,0,0,0,0,0,1,1,0,0
441013,0,0,0,0,0,0,1,0,0,0
441014,0,0,0,0,0,0,0,0,0,1
441015,0,0,0,0,0,0,1,1,0,0
441016,0,0,0,0,0,0,1,0,0,0
441017,0,0,0,0,0,0,1,1,0,0
441018,0,0,0,0,0,0,0,0,0,0
441019,0,,0,0,0,0,0,0,0,0
441020,0,0,0,0,0,0,1,0,0,0
441021,0,0,0,0,0,0,1,0,0,0
441022,0,0,0,0,0,0,1,0,0,0
441023,0,0,0,0,0,0,1,0,0,0
441024,0,0,0,0,0,0,1,0,0,0
441025,0,0,0,0,0,0,1,1,0,0
442001,0,,0,0,0,0,1,0,0,0
442002,0,0,0,0,1,0,1,0,1,0
442003,0,1,0,0,0,0,1,0,0,0
442004,0,0,0,0,0,0,0,0,0,0
442005,0,0,0,0,0,0,1,0,0,0
442006,0,0,0,0,0,0,1,0,0,0
442007,0,0,0,0,0,0,1,1,0,0
442008,0,0,0,0,0,0,1,0,0,0
442009,0,1,0,0,0,0,0,0,1,0
442010,0,0,0,0,0,0,1,0,0,0
442011,0,0,0,0,0,0,1,0,0,0
442012,0,0,0,0,0,0,1,0,1,0
442013,0,0,0,0,0,0,1,0,0,0
442014,0,0,0,1,0,0,1,0,0,0
442015,0,0,0,0,1,0,1,0,0,0
442016,0,0,0,0,0,0,0,0,0,0
442017,0,0,0,0,0,0,1,0,0,0
442018,0,0,0,0,0,0,1,0,1,0
442019,0,,0,0,0,0,1,0,0,0
442020,0,0,0,0,0,0,1,0,0,0
442021,0,0,0,0,0,0,0,0,0,0
442022,0,0,0,0,0,0,1,0,1,0
442023,0,0,0,0,0,0,1,0,0,0
442024,0,0,0,0,0,0,1,0,0,0
442025,0,0,0,0,0,0,1,0,1,0
443001,0,0,0,0,0,0,1,0,1,0
443002,0,0,0,1,0,0,1,0,0,0
443003,0,0,0,0,0,0,1,0,0,0
443004,0,1,0,0,0,0,0,0,0,0
443005,1,1,0,0,0,0,0,0,1,0
443006,0,0,0,0,0,0,1,0,0,0
443007,0,0,0,0,0,0,1,0,1,0
443008,0,1,0,0,0,0,1,1,0,0
443009,0,0,0,0,0,0,1,0,0,0
443010,0,0,0,0,0,0,1,0,0,0
443011,0,0,0,0,0,0,0,0,0,0
443012,0,1,0,0,0,0,1,0,1,0
443013,0,0,0,0,0,0,1,0,0,0
443014,0,1,0,0,0,0,1,0,0,0
443015,0,0,0,0,0,0,0,0,0,0
443016,0,0,0,0,0,0,1,0,0,0
443017,0,0,0,0,0,0,1,0,0,0
443018,0,1,0,0,0,0,1,0,0,0
443019,0,1,1,0,0,0,0,0,0,0
443020,0,0,0,0,0,0,0,0,0,0
443021,0,1,0,0,0,0,1,0,1,0
443022,0,0,0,0,0,0,1,0,0,0
443023,0,1,0,0,0,0,1,0,0,0
443024,0,0,0,0,0,0,0,0,0,0
443025,0,0,0,0,0,0,1,0,0,0
444001,0,0,0,0,0,0,1,0,0,0
444002,0,0,0,0,0,0,0,0,0,0
444003,0,0,0,0,0,0,1,1,1,0
444004,0,0,0,0,0,0,0,0,0,0
444005,0,0,0,0,0,0,1,0,0,0
444006,0,0,0,0,0,0,1,0,0,0
444007,0,0,0,0,0,0,1,0,0,0
444008,0,0,0,0,0,0,1,0,0,0
444009,0,1,0,0,0,0,1,1,0,0
444010,0,1,0,0,0,0,1,0,0,0
444011,0,0,0,0,0,0,1,0,0,0
444012,0,0,0,0,0,0,0,0,0,0
444013,0,0,0,0,0,0,0,0,0,0
444014,0,0,0,0,0,0,1,0,0,0
444015,0,0,0,0,0,0,1,0,0,0
444016,0,0,0,0,0,0,1,0,1,0
444017,0,0,0,0,0,0,0,0,1,0
444018,0,0,0,0,0,0,0,0,0,0
444019,0,1,0,0,0,0,1,0,0,0
444020,0,0,0,0,0,0,0,0,0,0
444021,0,0,0,0,1,0,1,0,0,1
444023,0,0,0,0,0,0,1,1,0,0
444024,0,0,0,0,0,0,1,0,0,0
444025,0,0,0,0,0,0,1,0,0,0
445001,0,0,0,0,0,0,1,0,1,0
445002,0,0,0,0,0,0,1,0,0,0
445003,0,0,0,0,0,0,1,1,0,0
445004,0,0,0,0,0,0,0,0,0,0
445005,0,0,0,0,0,0,0,0,1,0
445006,0,0,0,0,0,0,1,0,0,0
445007,0,0,0,0,0,0,1,0,0,0
445008,0,1,0,0,0,0,0,0,0,0
445009,0,0,0,0,1,0,1,0,1,1
445010,0,0,0,0,0,0,1,0,0,0
445011,0,0,0,0,0,0,0,0,0,0
445012,0,0,0,0,0,0,0,0,0,0
445013,0,0,0,0,0,0,0,0,1,0
445014,0,0,0,0,0,0,1,0,0,0
445015,0,0,0,0,0,0,1,0,1,0
445016,0,0,0,0,0,0,1,0,1,0
445017,0,0,0,0,0,0,1,0,0,0
445018,0,0,0,0,0,0,1,0,0,0
445019,0,0,0,0,0,0,0,0,0,0
445020,0,0,0,0,1,0,1,0,0,0
445021,0,0,0,0,0,0,1,1,0,0
445022,0,0,0,0,0,0,1,0,0,0
445023,0,0,0,0,0,0,1,1,0,0
445024,0,0,0,0,0,0,1,1,1,0
445025,0,0,0,0,0,0,1,0,0,0
446001,0,0,0,0,0,0,0,0,1,0
446002,0,0,0,1,0,0,0,0,1,0
446003,0,0,0,0,0,0,1,0,0,0
446004,0,0,0,0,1,0,1,0,0,0
446005,0,0,0,0,0,0,0,0,1,0
446006,0,0,0,0,0,0,1,0,0,0
446007,0,0,0,0,0,0,0,0,0,0
446008,1,0,0,0,0,0,1,0,0,0
446009,0,0,0,1,0,0,1,0,0,0
446010,0,0,0,0,0,0,1,0,1,0
446011,0,0,0,0,0,0,1,0,0,0
446012,0,0,0,0,0,0,1,0,0,0
446013,0,0,0,0,0,0,1,0,1,0
446014,0,0,0,0,0,0,0,0,0,0
446015,0,0,0,0,0,0,1,0,0,0
446016,0,0,0,0,0,0,1,0,0,0
446017,0,0,0,0,0,0,0,0,0,0
446018,0,0,0,0,0,0,1,0,0,0
446019,0,0,0,0,0,0,1,0,0,0
446020,1,0,0,0,0,0,0,0,0,0
446021,0,0,0,0,1,0,0,1,1,0
446022,0,0,0,0,0,0,0,0,0,0
446023,0,0,0,0,0,0,1,0,1,0
446024,0,0,0,0,0,0,1,0,0,0
446025,0,0,0,0,0,0,0,0,0,0
447001,0,1,0,0,0,0,0,0,0,0
447002,0,,0,0,0,0,1,0,1,0
447003,0,0,0,0,1,0,1,1,0,0
447004,0,0,0,0,0,0,0,0,0,0
447005,0,0,0,0,0,0,1,0,0,0
447006,0,0,0,0,0,0,1,0,0,0
447007,0,0,0,0,0,0,1,1,0,0
447008,0,0,0,0,0,0,1,0,0,0
447009,0,0,0,0,0,0,1,0,0,0
447010,0,0,0,0,0,0,1,0,1,0
447011,0,0,0,0,1,0,1,1,0,0
447012,0,0,0,0,0,0,1,0,1,0
447013,0,0,0,0,0,0,1,0,1,0
447014,0,0,0,1,0,0,1,0,0,0
447015,0,0,0,0,0,0,1,0,0,0
447016,0,0,0,0,0,0,0,0,1,0
447017,0,0,0,0,0,0,1,0,0,0
447018,0,0,0,0,0,0,0,0,0,0
447019,0,0,0,0,0,0,1,0,0,0
447020,0,0,0,0,0,0,1,0,1,0
447021,0,0,0,0,0,0,1,0,1,0
447022,0,0,0,0,0,0,1,0,0,0
447023,0,0,0,0,0,0,1,0,0,0
447024,0,0,0,1,0,0,0,0,0,0
447025,0,0,0,0,0,0,0,0,0,0
448001,0,0,0,0,0,0,1,0,1,0
448002,0,0,0,0,0,0,1,0,0,0
448003,0,0,0,0,0,0,0,0,0,0
448004,0,0,0,0,0,0,1,1,0,0
448005,0,0,0,0,0,0,0,0,0,0
448006,0,0,1,0,0,0,0,0,0,0
448007,0,0,0,0,0,0,1,0,0,0
448008,0,0,0,0,0,0,1,0,0,0
448009,0,0,0,0,0,0,1,1,0,0
448010,0,0,0,0,0,0,1,0,0,0
448011,0,0,0,0,0,0,0,1,0,0
448012,0,0,0,0,0,0,1,0,0,0
448013,0,0,0,0,0,0,1,0,1,0
448014,0,0,0,0,0,0,0,1,0,0
448015,1,0,0,0,0,0,1,0,0,0
448016,0,0,0,0,0,0,1,0,1,0
448017,0,0,0,0,0,0,1,0,0,1
448018,0,1,0,0,0,0,1,0,0,0
448019,0,0,0,0,0,0,1,0,0,0
448020,0,0,0,0,0,0,1,0,0,0
448021,0,0,0,0,0,0,1,0,0,0
448022,0,0,0,0,0,0,1,0,0,0
448023,0,0,0,0,0,0,1,0,1,0
448024,0,0,0,0,0,0,0,0,0,0
448025,0,0,0,0,0,0,1,0,0,0
450001,0,0,0,1,0,0,1,0,0,0
450002,0,0,0,0,0,0,1,0,0,0
450003,0,0,0,0,0,0,0,0,1,0
450004,0,0,0,0,0,0,1,0,0,0
450005,0,0,0,0,0,0,1,1,0,0
450006,0,0,0,0,0,0,1,0,0,0
450007,0,0,0,0,0,0,1,0,1,1
450008,0,0,0,0,0,0,1,0,0,0
450009,0,0,0,0,0,0,1,1,0,1
450010,0,0,0,0,0,0,0,0,0,0
450011,0,0,0,0,0,0,0,0,1,0
450012,0,,0,0,0,0,1,0,0,0
450013,0,0,0,0,0,0,0,0,0,0
450014,0,0,0,0,0,0,1,0,1,0
450015,0,,0,0,0,0,0,0,1,0
450016,0,0,0,1,0,0,1,0,1,0
450017,0,0,0,0,0,0,1,0,1,0
450018,0,0,0,0,0,0,1,0,0,0
450019,0,0,0,0,0,0,1,0,0,0
450020,0,0,0,0,0,0,0,0,0,0
450021,0,0,0,0,0,0,1,0,0,0
450022,0,0,0,0,0,0,1,0,1,0
451001,0,0,0,0,0,0,1,0,0,0
451002,0,0,0,0,0,0,1,0,0,0
451003,0,0,0,0,0,0,1,0,0,0
451004,0,0,0,0,0,0,1,0,1,0
451005,0,0,0,0,0,0,0,0,0,0
451006,0,0,0,0,0,0,1,0,1,0
451007,0,0,0,0,0,0,1,0,1,0
451008,0,0,0,0,0,0,0,0,1,0
451009,0,0,0,0,0,0,1,0,0,0
451010,0,0,0,0,0,0,1,0,1,0
451011,0,0,0,0,0,0,1,0,0,0
451012,0,0,0,0,0,0,1,0,0,0
451013,0,0,0,0,0,0,1,0,0,0
451014,1,1,0,0,0,0,1,0,0,0
451015,0,0,0,0,0,0,0,0,0,0
451016,0,0,0,0,0,0,1,0,0,0
451017,0,0,0,0,0,0,0,0,1,0
451018,0,0,0,0,1,0,1,1,0,1
451019,0,0,0,0,0,0,1,0,0,0
451020,0,0,0,1,0,0,1,0,0,0
451021,0,0,0,0,0,0,1,0,0,0
451022,0,0,0,0,0,0,0,0,0,0
451023,0,0,0,0,0,0,1,0,0,0
451024,0,1,0,0,0,0,1,0,1,0
451025,0,0,0,0,0,0,1,1,0,0
452001,0,0,0,0,0,1,1,1,0,0
452002,0,0,0,0,0,0,1,0,0,0
452003,0,0,0,0,0,0,1,0,0,0
452004,0,1,0,0,0,0,1,0,1,0
452005,0,0,0,0,0,0,0,0,0,0
452006,0,0,0,0,0,0,1,0,0,0
452007,0,1,0,0,0,0,1,0,0,0
452008,0,1,0,0,0,0,1,0,1,0
452009,0,0,0,0,0,0,1,0,0,0
452010,0,0,0,0,0,0,0,1,0,0
452011,0,0,0,0,0,0,1,0,1,0
452012,0,0,0,0,0,0,1,0,0,0
452013,0,0,0,0,0,0,0,0,0,0
452014,0,0,0,0,0,0,1,0,0,0
452015,0,0,0,0,0,0,1,0,1,0
452016,0,0,0,0,0,0,0,0,0,0
452017,0,,0,0,0,0,1,0,0,0
452018,0,0,0,0,0,0,1,0,0,0
452019,0,0,0,0,0,0,0,0,0,0
452020,0,0,0,0,0,0,1,0,1,0
452021,0,0,0,0,0,0,1,0,0,0
452022,0,0,0,0,0,0,0,1,0,0
452023,0,0,0,0,0,0,1,0,1,0
452024,0,0,0,0,0,0,1,0,0,0
452025,0,1,0,0,0,0,1,0,0,0
455001,0,0,0,0,0,0,1,0,0,1
455002,0,0,0,0,0,0,1,0,0,1
455003,0,1,0,0,0,0,1,0,0,0
455004,0,0,0,0,0,0,1,0,1,0
455005,0,0,0,0,0,0,1,0,0,0
455006,0,0,0,0,0,0,1,0,0,0
455007,0,1,0,0,0,0,1,0,1,0
455008,0,0,0,0,0,0,0,0,0,0
455009,0,0,0,0,0,0,1,0,0,0
455010,0,0,0,0,0,0,1,1,1,0
455011,0,0,0,0,0,0,1,0,0,0
455012,0,0,0,0,0,0,1,0,0,0
455013,0,0,0,0,0,0,1,0,0,0
455014,0,0,0,0,0,0,1,0,1,0
455015,0,0,0,0,0,0,0,0,0,0
455016,0,0,0,0,0,0,1,0,0,0
455017,0,0,0,0,1,0,1,0,0,1
455018,0,1,0,0,0,0,1,0,0,0
455019,0,0,0,0,0,0,1,0,1,1
455020,0,0,0,0,0,0,1,0,0,0
455021,0,0,0,0,0,0,1,0,0,0
455022,0,0,0,0,0,0,1,0,0,0
455023,0,0,0,0,0,0,1,0,0,0
455024,0,0,0,0,0,0,1,0,0,0
455025,0,0,0,0,1,0,1,0,1,1
457001,0,0,0,0,0,0,1,0,0,0
457002,0,0,0,0,0,0,1,0,1,0
457003,0,0,0,0,0,0,0,0,0,0
457004,0,0,0,0,0,0,1,0,0,0
457005,0,0,0,0,0,0,1,1,0,0
457006,0,,0,0,0,0,1,0,1,0
457007,0,0,0,0,0,0,1,0,0,0
457008,0,0,0,0,0,0,1,0,0,0
457009,0,0,0,0,0,0,1,0,0,0
457010,0,0,0,0,0,0,1,0,1,0
457011,0,0,0,0,0,0,1,0,0,0
457012,0,1,0,0,0,0,1,0,0,0
457013,0,0,0,0,0,0,0,0,0,0
457014,0,0,0,0,0,0,1,0,0,0
457015,0,0,0,0,0,0,0,0,0,0
457016,0,0,0,0,0,0,1,1,0,0
457017,0,0,0,0,0,0,1,0,0,0
457018,0,0,0,0,0,0,1,0,0,0
457019,0,1,0,0,0,0,1,0,0,0
457020,0,0,0,0,0,0,0,1,0,0
457021,0,0,0,0,0,0,1,1,0,0
457022,0,,0,0,0,0,1,0,0,0
457023,0,0,0,0,0,0,1,0,0,0
457024,0,0,0,1,0,0,1,1,1,0
457025,0,0,0,0,0,0,1,1,0,0
458001,0,0,0,0,0,0,1,0,0,0
458002,0,0,1,0,0,0,1,1,0,0
458003,0,0,0,0,0,0,1,0,0,0
458004,0,0,0,0,0,0,0,0,1,0
458005,0,0,0,0,0,0,1,0,0,0
458006,0,0,0,0,0,0,1,0,0,0
458007,0,0,0,0,0,0,1,0,0,0
458008,0,0,0,0,0,0,1,0,0,0
458009,0,1,0,0,0,0,1,0,1,0
458010,0,0,0,0,0,0,1,0,1,1
458011,0,1,0,0,0,0,1,0,0,0
458012,0,0,0,0,0,0,0,0,0,0
458013,0,0,0,0,0,0,1,0,0,0
458014,0,0,0,0,0,0,0,0,0,0
458015,0,0,0,0,0,0,1,0,0,0
458016,0,0,0,0,0,0,1,0,0,0
458017,0,0,0,0,0,0,1,0,0,0
458018,0,0,0,0,1,0,1,0,0,0
458019,0,0,0,0,0,0,0,0,0,0
458020,0,0,0,0,0,0,1,0,0,0
458021,0,0,0,0,0,0,1,1,0,0
458022,0,0,0,0,0,0,1,0,0,0
458023,0,0,0,0,0,0,0,0,0,0
458024,0,0,0,0,0,0,1,0,1,0
458025,0,0,0,0,0,0,1,0,0,0
459001,0,0,0,0,0,0,1,0,0,0
459002,0,0,0,0,0,0,1,1,0,0
459003,0,0,0,0,0,0,1,0,0,0
459004,0,0,0,0,0,0,1,0,0,0
459005,0,0,0,0,1,0,1,0,0,1
459006,0,0,,0,0,0,1,1,0,0
459007,1,0,0,0,1,0,1,0,1,1
459008,0,0,0,0,0,0,1,0,0,0
459009,0,1,0,1,0,0,1,1,1,1
459010,0,0,0,0,0,0,1,0,0,1
459011,0,0,0,0,0,0,0,0,0,0
459012,0,0,0,0,0,0,1,0,0,0
459013,0,0,0,0,0,0,1,0,0,0
459014,0,0,0,0,0,0,1,0,1,0
459015,0,0,0,0,0,0,0,0,0,0
459016,0,0,0,0,0,0,1,0,0,0
459017,0,0,0,0,0,0,1,0,0,0
459018,0,0,0,0,0,0,1,0,0,0
459019,0,0,0,0,0,0,0,0,0,0
459020,0,0,0,0,0,0,1,0,0,0
459021,0,0,0,0,0,0,1,0,0,0
459022,0,0,0,0,0,0,1,1,0,1
459023,0,0,0,0,0,0,0,0,0,0
459024,0,0,0,0,0,0,1,0,0,0
459025,0,0,0,0,0,0,1,0,1,0
460001,0,0,0,0,0,0,1,0,0,0
460002,0,0,0,0,0,0,1,0,0,0
460003,0,1,0,0,0,0,1,0,0,0
460004,0,0,0,0,0,0,0,0,0,0
460005,0,0,0,0,0,0,1,0,0,0
460007,0,0,0,0,0,0,1,0,0,0
460008,0,0,0,0,0,0,1,0,0,0
460009,0,0,0,0,0,0,1,0,0,0
460010,0,0,0,0,0,0,0,0,0,0
460011,0,0,0,0,0,0,0,1,0,0
460012,0,1,0,0,0,0,1,0,0,0
460013,0,0,0,0,0,0,0,0,0,0
460014,0,0,0,0,0,0,0,0,0,0
460015,0,0,0,0,0,0,0,0,0,0
460016,0,0,0,0,0,0,0,0,0,0
460017,0,0,0,0,0,0,0,0,0,0
460018,0,0,0,0,0,0,1,0,0,0
460019,0,0,0,0,0,0,1,0,0,0
460020,0,0,0,0,0,0,0,0,0,0
460021,0,0,0,0,0,0,1,0,0,0
460022,0,1,0,0,0,0,1,0,0,0
460023,0,0,0,0,0,0,1,0,0,0
460024,0,0,0,0,0,0,1,0,0,0
461001,0,0,0,0,0,0,1,0,0,0
461002,0,1,0,0,0,0,1,0,0,0
461003,0,0,0,0,0,0,1,0,0,1
461004,0,0,0,0,0,0,1,0,0,0
461005,0,0,0,0,0,0,1,0,0,0
461006,0,0,0,0,0,0,1,0,0,0
461007,0,0,0,0,0,0,0,0,0,0
461008,0,0,0,0,0,0,1,0,0,0
461009,0,0,0,0,0,0,1,0,1,0
461010,0,0,0,0,0,0,1,0,0,0
461011,0,0,0,0,0,0,1,0,0,0
461012,0,0,1,0,0,0,0,1,0,0
461013,0,0,0,0,0,0,1,0,0,0
461014,0,0,0,0,0,0,0,0,0,0
461015,0,0,0,0,0,0,0,0,0,0
461016,0,0,0,0,0,0,1,0,0,0
461017,0,0,0,0,0,0,1,0,0,0
461018,0,0,0,0,1,0,1,0,0,0
461019,0,0,0,0,0,0,1,0,0,0
461020,0,,0,0,0,0,0,0,0,0
461021,0,0,0,0,0,0,1,0,0,1
461022,0,0,0,0,0,0,1,0,1,0
461023,0,0,0,0,0,0,1,0,1,0
461024,0,0,0,0,0,0,0,0,0,0
461025,0,0,0,0,0,0,1,0,0,0
462001,0,1,0,0,1,0,1,0,0,1
462002,0,0,0,0,1,0,1,0,0,0
462003,0,0,0,0,1,0,1,1,0,1
462004,0,1,0,0,0,0,1,0,0,0
462005,0,0,0,0,0,0,1,0,0,0
462006,0,1,0,0,0,0,1,1,0,0
462007,0,0,0,0,0,0,1,0,0,0
462008,0,0,0,0,0,0,1,0,0,0
462009,0,0,0,0,0,0,0,0,0,0
462010,0,0,0,0,0,0,0,0,0,0
462011,0,0,0,0,1,0,1,0,0,1
462012,0,0,0,0,0,0,1,0,0,1
462013,0,0,0,0,0,0,1,0,0,0
462014,0,0,0,0,0,0,1,0,1,0
462015,0,0,0,0,0,0,1,0,1,0
462016,0,0,0,0,0,0,1,0,0,0
462017,0,1,0,0,0,0,0,0,0,0
462018,0,0,0,0,0,0,1,0,0,0
462019,0,0,0,0,0,0,1,0,0,1
462020,0,1,0,0,0,0,0,0,0,0
462021,0,0,0,0,0,0,1,0,0,0
462022,0,0,0,0,0,0,1,0,0,0
462023,0,0,0,0,0,0,1,0,0,0
462024,0,1,0,0,0,0,1,0,1,0
462025,0,0,0,0,1,0,1,0,1,0
463001,0,0,0,0,0,0,1,0,0,0
463002,0,1,0,0,0,0,1,0,0,0
463003,0,0,0,0,0,0,1,0,0,0
463004,0,0,0,0,0,0,0,0,0,0
463005,0,0,0,0,0,0,1,0,0,0
463006,0,0,0,0,0,0,0,0,0,0
463007,0,0,0,0,0,0,1,0,1,0
463008,0,0,0,0,0,0,1,0,0,0
463009,0,0,0,1,0,0,1,0,0,1
463010,0,0,0,0,0,0,1,0,0,0
463011,0,1,0,0,0,0,1,0,0,0
463012,0,0,0,0,0,0,1,1,0,1
463013,0,0,0,0,1,0,1,1,0,0
463014,0,0,0,0,0,0,1,0,0,0
463015,0,0,0,0,0,0,1,0,0,0
463016,0,0,0,0,0,0,1,0,1,0
463017,0,0,0,0,0,0,1,1,0,0
463018,0,0,0,0,0,0,1,0,0,1
463019,0,1,0,0,0,0,1,0,0,0
463020,0,0,0,0,1,0,1,0,0,1
463021,0,0,0,0,0,0,1,0,0,0
463022,0,0,0,0,0,0,1,1,1,0
463023,0,0,0,0,0,0,1,0,0,0
463024,0,0,0,0,0,0,1,0,0,0
463025,0,0,0,0,0,0,1,0,0,0
464001,0,0,0,0,0,1,1,1,0,0
464002,0,1,0,0,0,1,1,0,0,0
464003,0,1,0,0,0,0,1,0,1,1
464004,0,0,0,0,0,0,1,0,1,0
464005,0,0,0,0,0,0,0,0,1,0
464006,0,0,0,0,0,1,1,1,0,0
464007,0,0,0,0,0,1,1,0,0,1
464008,0,0,0,0,0,1,1,1,0,0
464009,0,1,0,0,0,0,0,0,0,0
464010,0,1,0,0,0,0,1,0,0,0
464011,0,0,0,0,0,0,1,0,0,0
464012,0,0,0,0,0,0,1,0,0,0
464013,0,0,0,0,0,1,1,0,1,0
464014,0,0,0,0,0,0,1,0,0,0
464015,0,1,0,0,0,0,0,0,0,0
464016,0,0,0,0,0,1,1,0,1,0
464017,0,0,0,0,0,1,1,0,0,0
464018,0,0,0,0,1,1,1,1,0,0
464019,0,0,0,0,0,1,1,0,0,0
464020,0,,0,0,0,1,1,0,0,0
464021,0,0,0,0,0,0,1,1,0,0
464022,0,0,0,0,0,1,1,1,0,1
464023,0,0,0,0,0,0,1,0,0,0
464024,0,0,0,0,0,1,1,0,0,0
464025,0,0,0,0,0,0,1,0,0,0
465001,0,0,0,0,0,0,1,1,0,0
465002,0,0,0,1,0,0,1,0,0,0
465003,0,1,0,0,0,0,1,0,0,0
465004,0,1,0,0,0,0,1,0,0,0
465005,0,0,0,0,0,0,1,0,0,0
465006,0,0,0,0,0,0,1,0,0,0
465007,0,0,0,0,0,0,1,0,0,0
465008,0,0,0,0,0,0,1,0,0,0
465009,0,0,0,0,0,0,1,0,0,0
465010,0,1,0,0,0,0,1,0,0,0
465011,0,1,0,1,1,0,1,0,0,0
465012,0,0,0,0,0,0,0,0,1,0
465013,0,1,0,0,0,0,1,0,0,0
465014,0,0,0,0,0,0,1,0,0,0
465015,0,1,0,0,0,0,1,1,0,0
465016,0,0,0,0,0,0,1,0,0,0
465017,0,0,0,0,0,0,1,0,0,0
465018,0,0,0,0,0,0,1,0,0,0
465019,0,0,0,0,0,0,1,0,0,0
465020,0,0,0,0,0,0,1,0,0,0
465021,0,0,0,0,0,0,1,0,0,1
465022,0,0,0,0,0,0,1,0,0,0
465023,0,0,0,0,0,0,1,0,0,0
465024,0,0,0,0,0,0,1,0,0,0
465025,0,0,1,0,0,0,1,0,0,0
466001,0,1,0,0,0,0,1,1,0,0
466002,0,0,0,0,1,0,1,1,0,0
466003,0,1,0,0,1,0,1,1,1,0
466004,0,1,0,0,0,0,1,1,0,0
466005,0,0,0,0,0,0,1,0,0,0
466006,0,0,0,0,0,0,1,1,0,0
466007,0,0,0,0,0,0,1,0,0,0
466008,0,0,0,0,0,0,1,0,0,0
466009,0,0,0,0,0,0,0,0,1,0
466010,0,0,0,0,0,0,1,0,0,0
466011,0,0,0,0,0,0,1,0,0,0
466012,0,0,0,0,1,1,1,1,0,1
466013,0,0,0,0,0,0,1,1,0,0
466014,0,0,0,0,0,0,0,0,0,0
466015,0,0,0,0,0,0,1,0,0,0
466016,0,1,0,0,0,0,1,0,0,0
466017,0,0,0,0,0,0,1,0,0,0
466018,0,1,0,0,0,0,1,1,0,0
466019,0,0,0,0,1,0,1,1,0,1
466020,0,0,0,0,0,0,1,0,0,0
466021,0,0,0,0,0,0,1,0,0,0
466022,0,0,0,0,0,0,1,0,0,0
466023,0,1,0,0,0,0,1,0,1,0
466024,0,1,0,0,0,1,1,0,0,0
466025,0,0,0,0,0,0,1,0,0,0
467001,0,1,0,0,0,0,1,0,1,0
467002,0,0,0,0,0,0,1,0,1,0
467003,0,0,0,0,0,0,0,0,0,0
467004,0,0,0,0,0,0,1,0,0,0
467005,0,,0,0,0,0,0,0,0,0
467006,0,0,0,0,0,0,0,0,0,0
467007,0,1,0,0,0,0,1,0,0,0
467008,0,,0,0,0,0,1,0,0,0
467009,0,0,0,0,0,0,1,0,0,0
467010,0,0,0,0,1,0,1,0,0,0
467011,0,0,0,0,0,0,0,0,0,0
467012,0,0,0,0,0,0,1,0,0,0
467013,0,0,0,0,0,0,1,0,0,0
467014,0,0,0,0,0,0,0,0,0,0
467015,0,0,0,0,0,0,1,0,0,0
467016,0,0,0,0,0,0,1,0,0,0
467017,0,0,0,0,0,0,1,1,1,1
467018,0,0,0,0,0,0,1,0,0,0
467019,0,0,0,0,0,0,0,0,0,0
467020,0,,0,0,0,0,1,0,0,0
467021,0,0,0,0,1,0,1,1,1,0
467022,0,,0,0,0,0,1,0,0,0
467023,0,0,0,0,0,0,1,0,0,0
467024,0,0,0,0,0,0,0,0,0,0
467025,0,0,0,0,0,0,1,0,0,0
468001,0,0,0,0,0,0,1,0,0,0
468002,0,0,0,0,0,0,1,0,0,0
468003,0,0,0,0,0,0,1,0,0,0
468004,0,0,0,0,0,0,1,0,0,0
468005,0,0,0,0,0,0,0,0,0,0
468006,0,0,0,0,0,0,0,0,0,0
468007,0,0,0,0,0,0,1,1,0,0
468008,0,1,0,0,0,0,1,1,1,0
468009,0,0,0,0,0,0,0,0,0,0
468010,0,1,0,0,0,0,1,0,0,0
468011,0,0,0,0,0,0,1,0,0,0
468012,0,0,0,0,0,0,0,0,0,0
468013,0,0,0,1,0,0,1,0,1,0
468014,0,0,0,0,0,0,1,0,0,0
468015,0,0,0,0,0,0,1,0,0,0
468016,0,1,0,0,0,0,1,0,0,0
468017,0,0,0,0,0,0,1,0,0,0
468018,0,0,0,0,0,0,1,0,0,0
468019,0,1,0,0,0,0,1,0,0,0
468020,0,0,0,0,0,0,0,0,0,0
468021,0,0,0,0,0,0,1,0,0,1
468022,0,0,0,0,0,0,1,0,0,0
468023,0,0,0,0,0,0,1,0,0,0
468024,0,0,0,0,0,0,1,0,0,0
468025,0,0,0,0,0,0,1,1,1,0
469001,0,0,0,0,0,0,1,0,0,0
469002,0,0,0,0,0,0,1,0,0,0
469003,0,0,0,0,0,0,0,0,1,0
469004,0,0,0,0,0,0,1,0,0,0
469005,0,0,0,0,0,0,1,0,0,0
469006,0,0,0,0,0,0,0,1,0,0
469007,0,0,0,0,0,0,1,0,0,0
469008,0,0,0,0,0,0,1,0,0,0
469009,0,0,0,0,0,0,1,0,0,0
469010,0,0,0,0,0,0,1,0,0,0
469011,0,0,0,0,0,0,1,0,0,0
469014,0,0,0,0,0,0,0,0,0,0
469015,0,0,0,0,0,0,0,0,0,0
469016,0,0,0,0,0,0,1,0,1,0
469017,0,,0,0,0,0,1,0,0,0
469019,0,0,0,0,0,0,0,0,0,0
469022,0,0,0,0,0,0,1,0,0,0
469023,0,0,0,0,0,0,1,0,0,0
469024,0,0,0,0,0,0,1,0,1,0
470001,0,0,0,1,0,0,1,0,0,0
470002,0,,0,0,0,0,0,0,0,0
470003,0,0,0,0,0,0,0,0,0,0
470004,0,0,0,0,0,0,1,0,0,0
470005,0,0,0,0,0,1,1,0,0,0
470006,0,1,0,0,0,0,1,0,1,0
470007,0,0,0,0,0,0,1,0,0,0
470008,0,0,0,0,0,1,1,0,0,0
470009,0,0,1,0,0,0,1,0,0,0
470010,0,0,0,0,0,0,1,0,1,0
470011,0,0,0,0,0,0,1,1,0,0
470012,0,0,0,0,0,1,1,0,1,0
470013,0,0,0,0,0,1,1,0,1,0
470014,0,1,0,0,0,0,1,0,0,0
470015,0,0,0,0,0,0,0,1,0,0
470016,0,0,0,0,0,0,1,0,0,0
470017,0,0,0,0,1,1,0,1,0,0
470018,0,0,0,0,1,1,1,0,0,0
470019,0,1,0,0,0,0,0,0,0,0
470020,0,0,0,0,0,0,1,0,0,0
470021,0,0,0,0,0,0,1,0,1,0
470022,0,0,0,0,0,0,0,0,0,0
470023,0,1,0,0,0,0,1,0,1,0
470024,0,0,0,0,0,0,1,0,0,0
470025,0,0,0,0,0,0,1,1,0,0
471001,0,0,0,1,1,0,1,0,0,0
471002,0,0,0,1,0,1,1,0,1,1
471003,0,1,0,0,0,1,1,0,1,0
471004,0,0,0,0,0,1,1,0,0,0
471005,0,0,0,0,0,0,1,0,0,0
471006,0,0,0,0,0,0,1,0,0,1
471007,0,0,0,0,0,0,1,0,1,0
471008,0,1,1,0,0,1,1,1,1,0
471009,0,0,0,0,0,0,1,0,0,0
471010,0,0,0,0,0,1,1,1,0,0
471011,0,0,0,0,0,1,1,0,1,0
471012,0,0,0,0,0,0,1,0,1,0
471013,0,0,0,0,1,0,1,0,0,0
471014,0,0,0,0,0,0,0,0,0,0
471015,0,0,0,0,0,0,0,0,0,0
471016,0,0,0,0,1,1,1,1,1,1
471017,0,0,0,0,0,0,1,0,0,0
471018,0,0,0,0,0,1,1,0,0,0
471019,0,0,0,0,1,1,1,0,0,0
471020,0,0,0,0,0,1,1,0,1,0
471021,0,0,0,0,0,0,1,0,1,0
471022,0,0,0,0,0,0,1,0,0,0
471023,0,1,0,0,0,0,1,0,0,0
471024,0,0,0,0,0,0,1,0,0,0
471025,0,0,0,0,1,0,1,1,1,1
472001,0,0,0,0,1,0,1,0,0,1
472002,0,0,0,0,1,0,1,0,0,0
472003,0,0,0,0,1,1,0,1,1,0
472004,0,0,0,0,0,0,1,0,0,0
472005,0,0,0,0,1,1,0,0,0,0
472006,0,1,0,0,1,0,1,0,0,1
472007,0,0,0,0,1,0,0,0,0,0
472008,0,0,0,0,1,0,1,0,1,0
472009,0,0,0,0,0,1,1,0,0,0
472010,0,0,0,0,0,0,1,0,1,0
472011,0,0,0,0,1,0,1,1,0,0
472012,0,1,0,0,1,1,1,1,1,0
472013,0,0,0,0,1,0,0,0,1,0
472014,1,0,0,0,0,0,0,0,1,0
472015,0,0,0,0,1,1,1,0,1,0
472016,0,0,0,0,1,1,1,1,1,1
472017,1,0,0,0,1,0,1,1,0,0
472018,0,0,0,0,0,1,0,0,1,0
472019,0,0,0,0,1,0,0,1,1,1
472021,0,0,0,0,0,0,1,0,0,0
472023,0,0,0,0,1,0,1,1,1,0
472025,0,1,0,0,1,0,1,0,0,0
473001,0,0,0,0,0,1,1,0,1,0
473002,0,0,0,0,0,0,0,0,0,0
473003,0,0,0,0,0,0,1,0,0,0
473004,0,0,0,0,0,0,1,0,0,0
473005,0,0,0,0,0,0,1,0,0,0
473006,0,0,0,0,0,0,0,0,0,0
473007,0,0,0,0,0,0,1,0,0,0
473008,0,0,0,0,0,0,0,0,0,0
473009,0,1,0,0,0,0,0,0,0,0
473010,0,1,0,0,0,0,1,0,0,0
473011,0,0,0,0,0,1,1,0,0,0
473012,0,0,0,0,0,1,1,0,1,0
473013,0,0,0,0,0,1,1,0,0,0
473014,0,0,0,1,1,0,1,0,1,1
473015,0,0,0,0,0,0,0,0,0,0
473016,0,0,0,0,0,1,1,1,1,0
473017,0,0,0,0,0,0,0,0,1,0
473018,0,0,0,0,1,0,1,0,0,0
473019,0,0,0,0,0,0,1,1,1,0
473020,0,0,0,0,0,0,0,0,0,0
473021,0,0,0,0,0,0,1,0,0,0
473022,0,0,0,0,1,1,1,0,0,0
473023,0,0,0,0,0,1,0,0,0,0
473024,0,0,0,0,1,0,1,0,1,0
473025,0,0,0,0,0,1,1,0,0,0
474001,0,0,0,0,1,0,1,0,0,0
474002,0,0,0,0,1,0,1,0,0,0
474003,0,0,0,0,1,0,0,0,1,0
474004,0,0,0,0,0,0,1,0,0,0
474005,0,0,0,0,1,0,1,0,1,1
474006,0,0,0,0,0,0,1,0,0,0
474008,0,1,0,0,1,0,1,1,1,0
474009,0,0,0,0,0,0,1,0,1,0
474010,0,0,0,0,1,0,1,0,0,0
474011,0,0,0,0,1,0,1,0,1,0
474012,0,1,0,0,1,0,0,0,0,1
474013,0,0,0,0,1,0,1,0,1,1
474014,0,1,1,0,1,0,0,0,1,0
474015,0,0,0,0,0,0,1,0,0,0
474016,0,0,0,0,1,0,1,0,0,1
474017,0,0,0,0,1,0,1,0,1,0
474018,0,0,0,0,1,0,0,1,0,0
474019,0,0,0,1,1,0,1,0,0,1
474020,0,0,0,0,0,0,1,0,0,0
474021,0,0,0,0,1,0,1,0,0,1
474022,0,1,0,0,0,0,1,0,1,0
474023,0,1,0,0,0,0,1,0,1,0
474024,0,0,0,0,1,0,1,1,1,1
474025,0,0,0,0,1,0,1,0,1,1
475001,0,0,0,1,0,0,1,0,0,0
475002,0,0,0,0,0,0,1,0,1,0
475003,0,1,0,1,0,0,1,0,0,0
475004,0,0,0,0,0,0,0,0,1,0
475005,0,0,0,0,0,0,1,0,0,0
475006,0,0,0,0,1,0,1,0,0,0
475007,0,0,0,0,0,0,1,0,0,0
475008,0,0,0,0,0,0,1,0,1,0
475009,0,0,0,0,0,0,1,0,0,0
475010,0,0,0,0,0,0,1,0,0,0
475011,0,0,0,0,0,0,1,0,1,1
475012,0,1,0,0,0,0,1,0,1,0
475013,0,1,0,0,0,0,1,0,1,0
475014,0,0,0,0,1,0,1,0,0,0
475015,0,0,0,0,0,0,1,0,1,0
475016,0,0,0,0,1,0,1,0,0,1
475017,0,0,0,0,0,0,1,0,0,0
475018,0,0,0,0,1,0,1,1,1,0
475019,0,0,0,0,0,0,0,0,0,0
475020,0,0,0,0,1,0,1,0,1,0
475021,0,0,1,1,0,0,1,0,1,1
475022,0,0,0,0,1,0,1,0,0,0
475023,0,0,0,0,0,0,1,0,0,0
475024,0,0,0,0,1,0,1,0,0,0
475025,0,0,0,0,0,0,1,0,0,0
476001,0,0,0,0,0,0,1,0,1,0
476002,0,0,0,0,0,1,0,0,0,0
476003,0,0,0,0,0,0,1,0,0,0
476004,0,1,0,0,0,0,1,0,1,0
476005,0,0,0,0,1,0,1,0,1,1
476006,0,0,0,0,1,0,1,0,1,1
476007,0,0,0,0,0,0,1,0,1,0
476008,0,0,0,0,1,0,1,1,1,1
476009,0,1,0,1,0,0,1,1,1,0
476010,0,0,0,0,0,0,0,0,1,0
476011,0,1,0,0,0,0,1,0,1,0
476012,0,0,0,0,0,0,1,0,0,0
476013,0,0,0,0,1,0,1,1,1,1
476014,0,0,0,0,0,0,1,0,0,0
476015,0,0,0,0,1,0,1,0,1,1
476016,0,0,0,0,1,0,0,0,1,1
476017,0,1,0,0,0,1,1,0,1,0
476018,0,0,0,0,0,0,1,0,1,0
476019,0,0,0,0,0,0,1,0,1,1
476020,0,1,0,0,0,0,1,0,1,0
476021,0,0,0,0,0,0,0,0,1,0
476022,0,0,0,0,0,1,1,0,0,0
476023,0,1,0,0,0,1,1,0,0,0
476024,0,0,0,0,0,0,1,0,1,0
476025,0,1,0,0,1,1,1,1,1,0
477001,0,0,0,0,0,0,0,0,0,0
477002,0,0,0,0,0,0,1,0,1,0
477003,0,0,0,0,0,0,0,0,1,0
477004,0,0,1,0,0,0,0,0,1,0
477005,0,0,0,0,0,0,0,0,0,0
477006,,0,0,0,0,0,0,0,0,0
477007,0,0,0,0,0,0,0,0,0,0
477008,0,0,0,0,0,0,1,0,1,0
477009,0,0,0,0,0,0,1,0,0,0
477010,0,,0,0,0,0,0,0,0,0
477011,0,0,0,0,0,1,0,0,0,0
477012,0,0,0,0,0,0,0,0,0,0
477013,0,0,0,0,0,0,1,0,0,0
477014,0,0,0,0,0,1,1,0,1,0
477015,0,0,0,0,0,0,1,0,0,0
477016,0,0,0,0,0,0,0,0,0,0
477017,0,0,0,0,0,0,0,1,0,0
477018,1,0,0,0,0,0,1,0,0,0
477019,0,0,0,0,0,1,1,0,0,0
477020,0,0,0,0,0,0,1,0,0,0
477021,0,0,0,0,0,0,1,0,0,0
477022,0,0,0,0,0,0,0,0,0,0
477023,0,0,0,0,0,0,1,0,0,1
477024,0,0,0,0,1,0,1,1,0,0
477025,1,0,0,0,0,0,1,0,0,0
478001,0,1,0,0,0,0,1,0,0,0
478002,0,1,0,0,0,0,1,0,0,0
478003,0,,0,0,1,0,1,1,0,1
478004,0,0,1,0,0,0,0,0,0,0
478005,1,0,0,0,0,0,1,1,0,0
478006,0,0,0,0,0,0,1,1,0,0
478007,1,,0,0,0,0,0,0,0,0
478008,0,1,0,0,0,0,1,0,1,0
478009,0,0,0,0,0,0,0,0,0,0
478010,0,0,0,0,1,0,1,0,0,0
478011,1,,0,0,0,0,1,1,0,1
478012,0,,0,0,0,0,1,0,0,0
478013,0,0,0,0,1,0,0,0,0,0
478014,0,0,0,0,0,1,1,0,0,0
478015,1,0,0,0,1,0,1,0,0,0
478016,0,0,0,0,0,0,1,0,0,0
478017,0,1,0,0,0,0,1,0,1,0
478018,0,0,0,0,0,0,1,0,0,0
478019,0,0,0,0,0,0,1,1,1,0
478020,0,,0,0,0,0,1,1,0,0
478021,0,0,0,0,0,0,1,0,0,0
478022,0,0,0,0,0,0,1,0,0,0
478023,0,,0,0,0,0,0,1,1,0
478024,0,0,0,0,1,0,1,0,1,1
478025,0,0,0,0,0,0,1,1,0,0
479001,0,0,0,0,0,0,1,1,1,1
479002,0,0,0,0,0,0,0,0,0,0
479003,0,0,0,0,0,0,0,0,0,0
479004,0,0,0,0,0,0,0,0,0,0
479005,0,0,0,0,0,0,0,0,0,0
479006,0,0,0,0,0,0,1,0,0,0
479007,0,0,0,0,1,0,1,0,0,1
479008,0,0,0,0,0,0,1,0,0,0
479009,0,0,0,0,0,0,1,0,0,0
479010,0,0,0,0,1,0,1,0,0,1
479011,0,,0,0,0,0,0,0,0,0
479012,0,0,0,0,0,0,0,0,0,0
479013,0,1,0,0,0,0,0,0,0,0
479014,0,0,0,0,0,0,1,1,0,0
479015,0,0,0,0,0,0,0,0,0,0
479016,0,0,0,0,0,0,1,0,0,0
479017,0,0,0,0,0,0,0,0,0,0
479018,0,0,0,0,0,0,0,0,0,0
479019,0,0,0,0,0,0,1,0,0,0
479020,0,0,0,0,0,0,0,0,0,0
479021,0,0,0,0,0,0,1,0,1,0
479022,0,0,0,0,0,0,0,0,0,0
479023,0,0,0,0,0,0,1,0,0,0
479024,0,0,0,0,0,0,1,0,0,0
479025,0,0,0,0,0,0,1,0,0,0
480001,0,0,0,0,0,0,0,0,0,0
480002,0,0,0,0,0,0,1,0,0,0
480003,0,0,0,0,0,0,0,0,0,0
480004,0,0,0,0,0,0,1,0,0,0
480005,0,0,0,0,1,0,1,0,1,1
480006,0,0,0,0,0,0,0,0,1,0
480007,0,0,0,0,0,0,0,0,0,0
480008,0,0,0,0,0,0,1,0,0,0
480009,0,0,0,0,0,0,0,0,0,0
480010,0,0,0,0,0,0,1,0,0,0
480011,0,1,0,0,0,0,0,0,0,0
480012,0,0,0,0,0,0,1,0,0,0
480013,1,0,0,0,0,0,1,0,0,0
480014,0,1,0,0,1,0,1,0,1,0
480015,0,0,0,0,0,0,0,1,0,0
480016,0,0,0,0,0,0,1,0,0,0
480017,0,1,0,0,0,0,1,0,0,0
480018,0,0,0,0,0,0,1,1,0,0
480019,0,0,0,0,1,0,1,0,0,0
480020,0,0,0,0,0,0,1,0,1,1
480021,0,0,0,0,0,0,0,0,0,0
480022,0,0,0,0,0,0,1,0,0,0
480023,0,1,0,0,0,0,1,0,0,1
480024,0,0,0,0,0,0,0,0,0,0
480025,0,0,0,0,0,0,0,0,0,0
481001,0,0,0,0,0,0,1,0,0,0
481002,0,0,0,0,0,0,0,0,0,0
481003,0,0,0,0,0,0,0,1,1,1
481004,0,0,0,0,0,0,1,0,0,0
481005,0,0,0,0,0,0,0,0,0,0
481006,0,0,0,0,0,0,0,0,0,0
481007,0,0,0,0,0,0,1,0,1,0
481008,0,0,0,0,0,0,0,0,0,0
481009,0,0,0,1,1,0,1,0,0,1
481010,0,0,0,0,0,0,0,0,0,0
481011,0,0,0,0,1,0,1,1,0,0
481012,0,0,0,0,0,0,1,0,0,0
481013,0,0,0,0,0,0,0,0,0,0
481014,0,0,0,0,0,0,1,0,0,0
481015,0,0,0,0,0,0,0,0,0,0
481016,0,0,0,0,0,0,0,0,1,0
481017,0,1,0,0,0,0,1,1,0,0
481018,0,0,0,0,0,0,0,0,0,0
481019,0,0,0,0,0,0,0,0,0,0
481020,0,0,0,0,0,0,0,0,0,0
481021,0,0,0,0,0,0,1,0,0,0
481022,0,0,0,0,0,0,0,0,0,0
481023,0,0,0,0,0,0,0,0,0,0
481024,0,0,0,0,0,0,0,0,0,0
481025,0,0,0,0,0,0,0,0,0,0
482001,0,0,0,0,0,0,0,0,0,0
482002,0,0,0,0,0,0,0,0,0,0
482003,0,0,0,0,0,0,0,0,0,0
482004,0,0,0,0,0,0,0,0,0,0
482005,0,0,0,0,0,0,0,0,0,0
482006,0,0,0,0,0,0,0,0,0,0
482007,0,0,0,0,0,0,0,0,0,0
482008,0,0,0,0,0,0,1,1,0,0
482009,0,0,0,0,0,0,0,0,0,0
482010,0,0,0,0,0,0,0,0,0,0
482011,0,0,0,0,0,0,0,0,0,0
482012,0,0,0,0,0,0,0,0,0,0
482013,0,0,0,0,0,0,0,0,0,0
482014,0,0,0,0,0,0,0,0,0,0
482015,0,0,0,0,0,0,0,0,0,0
482016,0,0,0,0,0,0,0,0,0,0
482017,0,0,0,0,0,0,1,0,0,0
482018,0,0,0,0,0,0,0,0,0,0
482019,0,0,0,0,0,0,0,1,0,0
482020,0,0,0,0,0,0,0,0,0,0
482021,0,0,0,0,1,0,0,0,1,0
482022,0,0,0,0,1,0,1,0,0,0
482023,0,0,0,0,0,0,0,0,0,0
482024,0,0,0,0,0,0,0,0,0,0
482025,0,0,0,0,0,0,0,0,0,0
483001,0,0,1,0,0,0,0,0,0,0
483002,0,0,0,0,0,0,0,0,0,0
483003,0,0,0,0,0,0,1,0,0,0
483004,0,0,0,0,0,1,0,0,0,0
483005,0,0,0,0,0,0,0,0,1,0
483007,0,0,0,0,0,0,0,0,0,0
483008,0,0,0,0,0,0,0,0,0,0
483011,0,0,0,0,0,0,0,0,0,0
483012,0,0,0,0,0,0,1,0,0,0
483013,0,0,0,0,0,0,1,0,0,0
483015,0,0,0,0,0,0,0,0,0,0
483016,0,0,0,0,0,0,0,0,0,0
483017,0,0,0,0,0,0,0,0,0,0
483018,0,0,0,0,0,0,0,0,0,0
483020,0,0,0,0,0,1,0,0,0,0
483021,0,0,0,0,0,0,1,0,0,0
483022,0,0,0,0,0,0,0,0,0,0
483023,0,0,1,0,0,0,1,1,1,0
483024,0,0,0,0,0,0,0,0,0,0
483025,0,0,0,0,0,0,0,0,1,0
484001,0,0,0,1,0,0,1,0,1,0
484002,0,0,0,0,0,0,1,0,1,1
484003,0,0,0,0,0,0,0,0,0,0
484004,0,0,0,0,0,0,1,0,0,0
484005,0,0,0,0,0,0,1,1,0,0
484006,0,0,0,1,0,1,1,0,0,0
484007,0,0,0,0,0,0,1,0,,0
484008,0,0,0,0,0,1,1,0,0,0
484009,0,0,0,0,1,0,1,0,1,1
484011,0,0,0,0,0,0,0,0,1,0
484012,0,0,0,0,0,0,0,0,0,0
484013,0,0,0,1,0,0,1,0,0,0
484014,0,0,0,1,0,1,1,0,0,0
484015,0,1,0,1,0,0,0,0,1,0
484016,0,0,0,0,0,0,1,0,1,0
484017,0,0,0,1,0,0,1,0,0,0
484018,0,0,0,0,0,0,1,0,1,0
484019,0,0,0,0,0,0,0,0,1,0
484020,0,0,0,1,0,0,1,0,0,0
484021,0,0,0,0,0,1,1,0,0,0
484022,,0,0,0,0,1,0,0,0,0
484023,0,1,0,0,0,0,0,0,1,0
484024,0,1,0,0,1,0,1,0,1,0
484025,0,0,0,0,0,0,1,0,1,1
485001,0,0,0,0,0,0,1,0,0,0
485002,0,0,0,0,0,1,0,0,0,0
485003,0,0,0,0,0,1,1,0,0,1
485004,0,0,0,0,0,0,1,0,0,0
485005,0,1,0,0,1,0,1,1,1,0
485006,0,0,0,0,0,0,1,0,0,0
485007,0,1,0,0,0,0,1,0,0,0
485008,0,1,0,0,0,0,1,0,1,0
485009,0,0,0,0,0,0,1,1,1,0
485010,0,0,0,0,0,0,1,0,0,0
485011,0,1,0,0,1,0,1,1,1,1
485012,0,0,0,0,0,0,1,0,1,0
485013,0,0,1,0,0,0,0,0,0,0
485014,0,0,0,0,0,0,1,1,1,1
485015,0,0,0,0,1,0,1,0,0,1
485016,0,1,0,1,1,0,1,0,1,1
485017,1,1,0,0,0,0,1,0,1,0
485018,0,0,0,0,0,0,1,0,1,0
485019,0,0,0,1,1,1,1,1,1,0
485020,0,0,0,0,0,0,1,1,0,0
485021,0,0,0,0,0,0,1,0,0,0
485022,0,0,0,1,1,0,1,1,0,1
485023,0,0,0,1,0,1,1,0,0,0
485024,0,1,0,0,0,0,1,0,0,0
485025,0,0,0,0,0,0,1,0,0,0
486001,0,0,0,0,0,0,0,0,0,0
486002,0,0,0,0,0,0,0,0,0,0
486003,0,0,0,0,0,0,0,0,0,0
486004,0,0,0,0,0,0,0,0,0,0
486005,0,0,0,0,0,0,0,0,0,0
486006,0,0,0,0,0,0,0,0,0,0
486007,0,0,0,0,0,0,0,0,0,0
486008,0,0,0,0,0,0,0,0,0,0
486009,0,0,0,0,0,1,0,0,0,0
486010,0,0,0,0,0,1,1,0,0,0
486011,0,0,0,0,0,0,0,0,0,0
486012,0,0,0,0,0,1,1,0,1,0
486013,0,0,0,0,0,1,1,0,0,0
486014,0,0,0,0,0,1,1,0,0,0
486015,0,0,0,0,0,0,0,0,0,0
486016,0,0,0,0,0,1,1,0,1,0
486017,0,1,0,0,0,0,0,0,0,0
486018,0,0,0,0,0,0,0,0,0,0
486019,0,0,0,0,0,0,0,0,0,0
486020,0,0,0,0,0,0,1,0,0,0
486021,0,0,0,0,0,1,0,1,0,0
486022,0,0,0,0,0,0,1,0,0,0
486023,0,0,0,0,0,0,1,0,0,0
486024,0,0,0,0,1,0,1,0,0,0
486025,0,0,0,0,0,1,1,0,0,0
487001,0,0,0,0,0,1,1,0,0,0
487002,0,0,0,0,0,0,0,0,0,0
487003,0,0,0,0,0,1,1,0,0,1
487004,0,1,0,0,0,0,1,0,0,0
487005,0,0,0,0,0,1,1,0,1,0
487006,0,0,0,0,0,1,0,0,0,0
487007,0,,0,0,0,0,0,0,0,0
487008,0,0,0,0,0,0,1,0,0,0
487009,0,0,0,0,0,1,1,0,0,0
487010,0,0,0,0,0,0,1,0,0,0
487011,0,0,0,0,0,1,1,0,0,0
487012,0,0,0,0,0,0,1,0,0,0
487013,0,0,0,0,0,1,1,0,1,0
487014,0,1,0,0,0,1,1,0,0,0
487015,0,0,0,0,0,0,1,1,0,0
487016,0,0,0,1,1,0,1,0,1,0
487017,0,0,0,0,0,0,1,1,0,0
487018,0,0,0,0,0,0,1,0,0,0
487019,0,0,0,0,0,1,1,0,0,0
487020,0,0,0,0,0,0,1,0,0,0
487021,0,0,0,0,0,1,1,1,1,0
487022,0,0,0,0,0,0,1,0,0,0
487023,0,0,0,0,0,0,1,0,0,0
487024,0,0,0,0,0,0,1,0,0,0
487025,0,0,0,0,0,0,1,0,0,0
488001,0,,0,0,0,0,1,0,0,0
488002,0,0,0,0,0,0,1,0,1,0
488003,0,0,0,0,0,0,1,0,1,0
488004,0,0,0,0,0,0,0,0,1,0
488005,0,0,0,0,0,0,0,0,0,0
488006,0,0,0,0,0,0,1,1,1,1
488007,0,0,0,0,0,0,0,0,0,0
488008,0,0,0,0,0,0,1,0,1,1
488009,0,1,0,0,0,0,0,1,1,1
488010,0,0,0,1,0,0,0,0,1,0
488011,0,0,0,1,1,0,1,0,1,1
488012,0,0,0,0,1,0,1,1,1,1
488013,0,,0,0,0,0,1,0,1,0
488014,0,0,0,0,0,1,0,0,0,0
488015,0,0,1,0,0,0,1,0,1,0
488016,0,0,0,0,1,0,1,1,1,0
488018,0,0,0,1,0,0,0,0,1,0
488019,1,0,0,1,1,0,1,0,1,1
488020,0,0,0,0,1,0,1,0,1,0
488021,0,1,0,0,1,0,1,1,1,0
488022,0,0,0,0,1,0,1,1,1,1
488023,0,0,0,0,1,0,1,0,1,1
488024,0,0,0,0,0,0,1,0,0,0
488025,0,0,0,0,0,0,1,0,0,0
489001,0,0,0,0,0,0,1,1,0,0
489002,0,0,0,0,0,0,1,1,0,0
489003,0,0,0,0,0,0,0,0,1,0
489004,0,0,0,0,0,0,0,0,0,0
489005,0,0,0,0,1,0,1,1,0,0
489006,0,0,0,0,0,0,1,1,0,0
489007,0,0,0,0,0,0,0,0,1,0
489008,0,0,0,0,0,0,1,0,0,0
489009,0,0,0,0,0,0,1,1,0,0
489010,0,0,0,0,0,0,0,1,0,0
489011,0,0,0,0,0,0,1,0,0,0
489012,0,0,0,0,0,0,1,1,0,0
489013,0,0,0,0,1,0,1,0,1,1
489014,0,0,0,0,0,0,1,1,1,0
489015,0,0,0,0,0,0,1,1,1,0
489016,0,0,0,0,1,0,1,0,0,1
489017,0,0,0,0,0,0,1,1,0,0
489018,0,0,0,0,1,0,1,0,0,1
489019,0,0,0,0,0,0,0,0,1,0
489020,0,0,0,0,0,0,1,0,0,0
489021,0,0,0,0,1,0,1,1,0,0
489022,0,0,0,0,1,0,1,0,1,0
489023,0,0,0,1,1,0,1,0,1,1
489024,0,1,0,0,1,0,1,0,1,1
489025,0,0,0,1,0,0,1,1,0,0
490001,0,0,0,0,1,0,1,1,1,0
490002,0,0,0,0,0,0,0,0,0,0
490003,0,0,0,0,0,0,1,0,1,0
490004,0,0,0,0,0,0,0,0,0,0
490005,0,0,0,0,0,0,1,1,0,0
490006,0,1,0,1,1,0,0,0,1,0
490007,0,0,0,0,0,0,0,0,0,0
490008,0,0,0,0,0,0,1,0,0,0
490010,0,0,0,0,0,0,1,0,0,0
490011,0,0,0,0,0,0,1,0,0,0
490012,0,0,0,0,0,0,0,0,0,0
490014,0,0,0,0,0,0,0,0,0,0
490015,0,0,0,0,0,0,0,0,1,0
490017,0,0,0,0,0,0,0,0,0,0
490018,0,0,0,0,0,0,0,0,1,0
490019,0,0,0,0,0,0,1,0,0,0
490020,0,0,0,0,0,0,1,0,1,0
490021,0,0,0,0,0,0,1,0,0,0
490023,0,0,0,0,0,0,0,0,0,0
490024,0,0,0,0,0,0,0,0,0,0
490025,0,0,0,0,0,0,0,0,0,0
491001,0,0,0,0,0,0,1,0,0,0
491002,0,0,0,0,0,0,0,0,0,0
491003,0,0,0,0,0,0,0,0,0,0
491004,0,0,0,0,0,0,0,0,1,0
491005,0,1,0,0,1,0,0,1,0,0
491006,0,0,0,0,1,0,1,1,1,1
491007,0,0,0,0,0,0,1,0,0,0
491008,0,1,0,0,0,0,1,1,1,0
491010,0,0,0,0,0,0,1,0,0,0
491011,0,0,0,0,0,0,1,1,1,0
491012,0,0,0,0,0,0,1,0,0,0
491013,0,0,0,0,1,0,1,0,1,1
491014,0,0,0,0,1,0,1,1,1,0
491015,0,0,0,0,0,0,0,0,0,0
491016,0,0,0,0,0,0,1,0,0,0
491017,0,0,0,0,0,0,1,1,0,0
491018,0,1,0,0,0,0,0,0,0,0
491019,0,0,0,0,0,0,1,0,0,0
491020,0,0,0,0,1,0,0,0,0,0
491021,0,0,0,1,1,0,1,0,0,1
491022,0,0,0,0,1,0,1,1,1,0
491023,0,0,0,0,0,0,0,0,0,0
491024,0,0,0,0,1,0,1,1,1,0
491025,0,0,0,0,0,0,1,1,0,0
492001,0,0,0,0,1,0,1,0,1,0
492002,0,0,0,0,0,0,1,0,0,0
492003,0,0,0,1,0,0,1,0,0,0
492004,0,0,0,1,0,0,1,0,0,0
492005,0,0,0,1,1,0,1,1,1,1
492006,0,0,0,0,0,0,1,0,0,0
492007,0,0,0,0,0,0,0,0,0,0
492008,0,0,0,0,0,0,1,0,0,0
492009,0,0,0,0,0,0,1,1,0,1
492010,0,0,0,0,0,0,1,0,0,0
492011,0,0,0,0,0,0,1,0,0,0
492012,0,0,1,0,0,0,1,0,1,0
492013,0,0,0,0,0,0,1,0,0,0
492014,0,0,0,0,0,0,1,0,1,0
492015,0,0,0,0,0,0,1,0,0,0
492016,0,0,0,0,0,0,1,1,1,0
492017,0,0,0,0,0,0,1,0,0,0
492018,0,0,0,0,1,0,1,0,0,0
492019,0,0,0,0,1,0,0,0,1,1
492020,0,0,0,0,0,1,1,0,0,0
492021,0,0,0,1,0,0,1,0,0,0
492022,0,0,0,0,0,0,0,0,0,0
492023,0,0,0,0,0,0,1,0,0,0
492024,0,0,0,1,0,0,1,0,0,0
492025,0,1,0,0,1,0,1,0,1,0
493001,0,0,0,0,0,0,1,0,0,0
493002,0,0,0,1,0,0,1,0,0,1
493003,0,1,0,0,0,0,1,1,1,0
493004,0,0,0,0,0,0,1,0,1,0
493005,0,0,0,0,0,0,1,0,0,0
493006,0,0,0,0,0,0,1,0,1,0
493007,0,0,0,0,0,0,1,0,1,0
493008,0,0,0,0,0,0,1,0,1,0
493009,0,0,0,1,0,0,1,0,0,0
493010,0,0,0,0,0,0,1,0,0,0
493011,0,0,0,1,1,0,1,1,1,0
493012,0,0,0,1,0,0,1,0,0,0
493013,0,1,0,1,0,0,0,0,1,0
493014,0,0,0,0,0,0,1,0,0,0
493016,0,0,0,0,0,0,1,0,1,1
493017,0,0,0,0,0,0,1,0,1,0
493018,0,0,0,0,0,0,1,0,0,0
493019,0,0,0,0,0,0,1,0,1,0
493020,0,0,0,0,0,0,1,0,1,0
493021,0,0,0,0,0,1,1,0,0,0
493022,0,0,0,1,0,0,1,0,0,0
493023,0,0,0,1,0,0,1,0,0,0
493024,0,0,0,1,0,0,1,0,0,0
493025,0,0,0,1,0,0,1,0,0,1
494001,0,0,0,0,0,0,1,1,1,0
494002,0,0,0,0,0,0,1,1,0,0
494003,0,0,0,0,0,0,1,0,0,0
494004,0,0,0,0,1,0,1,0,1,1
494005,0,0,0,0,0,0,1,0,0,0
494006,0,0,0,0,0,0,1,1,0,0
494007,0,0,0,1,1,0,1,1,0,1
494008,0,0,0,0,0,0,1,0,0,0
494009,0,0,0,0,0,0,1,1,0,0
494010,0,,0,1,1,0,0,0,1,1
494011,0,1,0,0,0,0,0,1,0,0
494012,0,0,0,0,1,0,0,0,1,1
494013,0,0,0,0,0,0,1,0,0,0
494014,0,0,0,0,0,0,1,0,0,0
494015,0,0,0,0,0,0,1,1,0,0
494016,0,1,1,1,0,0,1,1,1,0
494017,0,0,1,1,0,0,0,0,0,0
494019,0,0,0,1,1,0,1,1,0,1
494020,0,0,0,0,0,0,1,0,0,0
494021,0,0,0,1,0,0,0,0,1,0
494022,0,1,0,1,0,0,1,0,1,1
494023,0,1,1,0,0,0,1,1,1,0
494024,0,0,0,0,0,0,1,0,0,0
494025,0,0,0,0,0,0,1,0,1,0
495001,0,0,0,0,0,0,1,0,1,0
495002,0,0,0,0,0,1,0,0,0,0
495003,0,0,0,0,0,0,1,0,0,0
495004,0,0,0,0,0,0,0,0,0,0
495005,0,0,0,0,0,0,1,0,0,0
495006,0,0,0,0,0,0,1,0,1,0
495007,0,0,0,1,0,0,1,0,1,0
495008,0,0,0,0,0,0,1,0,1,0
495009,0,0,0,0,0,0,1,0,0,0
495010,0,0,0,0,0,0,1,0,0,0
495011,0,1,0,1,0,0,1,0,0,0
495012,0,0,0,0,1,0,1,0,1,0
495013,0,0,0,0,0,0,1,0,0,0
495014,0,0,0,0,0,0,1,1,0,0
495015,0,0,0,0,0,0,0,0,1,0
495016,1,0,0,0,0,0,0,1,1,0
495017,0,0,0,0,0,0,1,0,0,0
495018,0,0,0,1,0,0,1,0,1,0
495019,0,1,0,0,0,0,0,0,0,0
495020,0,0,0,0,0,0,1,0,0,1
495021,0,0,0,0,0,0,0,0,0,0
495022,0,0,0,0,0,0,1,1,0,0
495023,0,0,0,0,1,0,1,1,0,0
495024,0,0,0,0,0,0,1,0,0,0
495025,0,0,0,0,0,0,1,0,1,0
496001,0,0,0,0,0,0,1,0,0,0
496002,0,0,0,1,0,0,1,0,0,0
496003,0,0,0,0,0,0,1,0,0,0
496004,0,0,0,1,1,0,1,0,1,1
496005,0,0,0,0,0,0,1,0,0,0
496006,0,0,0,0,0,0,0,0,0,0
496007,0,1,0,0,0,0,1,0,1,0
496008,0,0,0,0,0,0,1,0,0,0
496009,0,0,0,0,0,0,1,0,0,0
496010,0,0,0,1,0,0,0,0,0,0
496011,0,0,0,0,0,0,1,0,0,0
496012,0,0,0,0,0,0,1,0,0,0
496013,0,1,0,0,0,0,1,0,1,0
496014,0,0,0,0,0,0,1,0,0,0
496015,0,0,0,0,0,0,1,0,0,0
496016,0,0,0,0,0,0,1,0,0,1
496017,0,0,0,0,0,0,1,0,1,0
496018,0,0,0,0,0,0,1,0,0,0
496019,1,0,0,0,0,0,0,0,0,0
496020,0,1,0,0,0,0,0,0,0,0
496021,0,0,0,0,0,0,1,1,1,0
496022,0,1,0,0,0,0,1,0,1,0
496023,0,1,0,0,0,0,1,0,0,0
496024,0,0,0,0,0,0,1,0,1,0
496025,0,0,0,0,0,0,1,0,0,0
497001,0,0,0,1,0,0,0,0,0,0
497002,0,0,0,0,0,0,0,0,0,0
497003,0,0,0,0,0,0,1,1,1,0
497004,0,0,0,0,0,0,1,0,0,0
497005,0,0,0,1,1,0,1,0,1,1
497006,0,0,0,0,0,0,1,0,1,1
497007,0,,0,0,0,0,1,0,1,0
497008,0,0,0,0,1,0,1,0,1,1
497009,0,0,0,0,0,0,1,0,0,0
497010,0,0,0,0,0,0,1,0,0,1
497011,0,0,0,1,1,0,1,0,0,0
497012,0,1,0,0,0,0,0,0,0,0
497013,0,1,0,0,1,0,1,0,1,1
497014,0,0,0,0,0,0,1,0,0,0
497015,0,1,0,0,1,0,1,1,1,1
497016,0,0,0,0,1,0,1,0,0,1
497017,0,0,0,0,0,0,1,0,0,0
497018,0,0,0,0,0,0,1,0,1,0
497019,0,0,0,0,0,0,1,1,1,0
497020,0,1,0,0,0,0,1,0,0,0
497022,0,0,0,0,0,0,0,0,0,0
497023,0,0,0,0,0,0,1,0,0,0
497024,0,0,0,0,0,0,1,0,0,0
497025,0,0,0,1,1,0,1,0,1,0
498001,0,0,0,0,0,0,1,1,0,0
498002,0,0,0,1,0,0,1,0,0,0
498003,0,0,0,0,0,0,1,0,0,0
498004,0,0,0,0,0,0,0,0,1,0
498005,0,0,0,0,0,0,0,0,0,0
498006,0,0,1,0,0,0,1,0,1,1
498007,0,0,0,0,0,0,1,1,0,1
498008,0,0,0,0,0,0,1,0,0,0
498010,0,0,0,0,0,0,0,0,0,0
498011,0,0,0,0,0,0,1,0,0,0
498012,0,1,0,0,0,0,1,0,1,0
498013,0,0,0,0,0,0,1,1,1,0
498014,0,0,0,0,1,0,0,0,0,0
498015,0,0,0,0,0,0,1,1,1,0
498016,0,0,0,0,0,0,1,0,1,0
498017,0,0,0,0,0,0,1,0,1,0
498018,0,0,0,0,1,0,0,0,1,0
498019,0,0,0,0,0,0,1,0,0,0
498020,0,1,0,0,1,0,1,0,1,0
498021,0,0,0,0,0,0,1,0,0,0
498022,0,0,0,1,0,0,1,0,0,0
498023,0,0,0,0,0,0,0,0,0,0
498024,0,0,0,0,0,0,1,0,1,0
498025,0,0,0,0,0,0,1,0,0,0
499001,0,0,0,1,0,0,1,0,1,0
499002,0,0,0,0,0,0,1,0,1,0
499003,0,0,0,0,0,0,1,0,0,0
499004,0,0,0,0,0,0,1,0,0,0
499005,0,0,0,0,0,0,0,0,0,0
499006,0,0,0,0,0,0,1,0,0,0
499007,0,0,0,0,0,0,1,0,0,0
499008,0,0,0,0,0,0,1,0,0,0
499009,0,0,0,0,0,0,0,0,0,0
499011,0,0,0,0,0,0,1,0,1,0
499012,0,0,0,0,0,0,0,0,0,0
499013,0,0,0,0,0,0,1,0,0,0
499014,0,0,0,0,0,0,0,0,0,0
499015,0,0,0,0,0,0,0,0,0,0
499016,0,0,0,0,0,0,0,0,0,0
499017,0,0,0,0,0,0,1,0,1,0
499018,0,0,0,0,0,0,1,0,0,0
499019,0,0,0,0,0,0,1,0,0,0
499020,0,0,0,0,0,0,1,0,0,0
499021,0,0,0,0,0,0,0,0,0,0
499022,0,0,0,0,0,0,0,0,0,0
499023,0,0,0,0,0,0,1,0,0,0
499024,0,0,0,0,0,0,1,0,0,0
499025,0,0,0,0,0,0,1,0,0,0
500001,0,0,0,0,0,0,1,0,0,0
500002,0,0,0,0,0,0,1,0,1,0
500003,0,0,0,0,0,0,1,0,0,0
500004,0,0,0,0,0,0,1,0,1,0
500005,0,0,0,0,0,0,1,0,0,0
500006,0,0,0,0,0,0,1,0,0,0
500007,0,0,0,0,1,0,1,0,1,1
500008,0,0,0,0,0,0,1,0,0,0
500009,0,0,0,0,0,0,1,0,0,0
500010,0,0,0,0,0,0,1,0,1,0
500011,0,0,0,0,0,0,1,0,1,0
500012,0,0,0,0,0,0,1,0,1,0
500013,0,0,0,0,0,0,1,0,0,0
500014,0,0,0,0,0,0,0,0,0,0
500015,0,0,0,0,0,0,1,0,0,0
500016,0,0,0,0,0,0,0,0,0,0
500017,0,0,0,0,0,0,1,0,1,0
500018,0,0,0,0,0,0,0,0,0,0
500019,0,0,0,0,0,0,1,0,1,0
500020,0,0,0,0,0,0,0,0,1,0
500021,0,0,0,0,0,0,1,1,1,0
500022,0,0,0,0,0,0,1,0,0,0
500023,0,0,0,0,0,0,1,0,1,0
501001,0,0,0,0,0,0,1,0,0,0
501002,0,0,0,0,0,0,0,0,0,0
501003,0,0,0,0,0,0,0,0,0,0
501004,0,0,0,0,1,0,1,0,1,0
501005,0,0,0,0,0,0,0,0,0,0
501006,0,0,0,0,0,0,1,0,0,0
501007,0,1,0,0,0,0,1,0,0,0
501008,0,0,0,0,0,0,1,0,0,0
501009,0,0,0,0,1,0,1,0,1,1
501010,0,0,0,0,0,0,1,0,0,0
501011,0,0,0,0,0,0,1,0,0,0
501012,0,0,0,0,0,0,1,0,0,0
501013,0,0,0,0,1,0,1,0,1,1
501014,0,0,0,0,0,0,1,1,0,1
501015,0,0,0,1,0,0,0,0,1,0
501016,0,0,0,0,1,0,1,0,0,0
501017,0,0,0,0,0,0,1,0,0,0
501018,0,0,0,0,0,0,1,0,0,0
501019,0,0,0,0,1,0,1,0,0,0
501020,0,0,0,0,0,0,1,0,0,0
501021,0,0,0,0,0,0,1,0,0,0
501022,0,0,0,0,1,0,1,0,0,1
501023,0,0,0,0,0,0,1,0,0,0
501024,0,,0,0,0,0,1,0,0,0
501025,0,0,0,0,0,0,1,0,0,0
502001,0,0,0,0,0,0,0,0,1,0
502002,0,0,0,0,0,0,0,0,1,0
502003,0,0,0,0,0,0,1,0,0,0
502004,0,1,0,0,0,0,0,0,0,0
502005,0,0,0,0,0,0,0,0,0,0
502006,0,0,0,0,1,0,1,0,1,0
502007,0,0,0,0,1,0,1,1,1,1
502008,0,0,0,0,0,0,0,0,0,0
502009,0,0,0,0,0,0,1,0,0,0
502010,0,1,0,0,0,0,0,0,0,0
502012,0,0,0,0,1,0,1,0,1,0
502013,0,0,0,0,0,0,1,0,1,0
502014,0,0,0,0,0,0,1,0,0,0
502015,0,0,0,0,0,0,1,0,0,0
502016,0,1,0,0,0,0,1,0,0,0
502017,0,0,0,0,0,0,0,0,0,0
502018,0,0,0,1,1,0,1,0,1,1
502019,0,0,0,1,1,0,1,0,1,1
502020,0,1,0,0,0,0,1,0,0,0
502021,0,0,0,0,0,0,0,0,0,0
502022,0,0,0,0,0,0,1,0,1,0
502023,0,0,0,0,1,0,1,0,1,0
502024,0,0,0,0,0,0,1,0,1,0
502025,0,0,0,0,1,0,0,0,1,0
503001,0,0,0,0,0,0,1,0,0,0
503002,0,0,0,0,0,0,1,0,0,0
503003,0,0,0,0,0,0,0,0,0,0
503004,0,0,0,0,1,0,0,0,0,0
503005,0,0,0,0,0,0,0,0,1,0
503006,0,0,0,0,0,0,1,0,0,0
503007,0,0,0,0,0,0,0,0,0,0
503008,0,0,0,0,1,0,1,0,0,0
503009,0,0,0,0,0,0,1,0,0,0
503010,0,0,0,0,0,0,1,1,1,0
503011,0,0,0,0,0,0,1,0,0,0
503012,0,0,0,0,0,0,1,0,1,0
503013,0,0,0,0,0,0,0,0,0,0
503014,0,0,0,0,0,0,1,0,0,0
503015,1,0,0,0,0,0,1,0,0,0
503016,0,0,0,0,0,0,0,0,0,0
503017,0,0,0,0,0,0,1,0,0,0
503018,0,0,0,0,0,0,0,0,0,0
503019,0,0,0,0,0,0,0,0,0,0
503020,0,0,0,0,0,0,1,0,0,0
503021,0,0,0,0,0,0,1,0,0,1
503022,0,0,0,0,0,0,0,0,0,0
503023,0,0,0,0,1,0,1,1,0,1
503024,0,0,0,0,1,0,1,0,0,0
503025,0,0,0,0,0,0,0,0,0,0
504001,0,0,0,0,0,0,1,0,0,0
504002,0,0,0,1,0,0,0,0,1,0
504003,0,0,0,0,0,0,1,0,0,0
504004,0,0,0,0,0,0,0,0,0,0
504005,0,1,0,0,0,0,0,0,0,0
504007,0,0,0,0,0,0,0,0,1,0
504008,0,0,0,0,0,0,1,0,0,0
504009,0,0,0,0,0,0,0,0,1,0
504010,0,0,0,0,0,0,1,0,0,0
504011,0,0,1,0,1,0,1,0,1,0
504012,0,1,0,1,1,0,1,0,1,1
504013,0,0,0,0,0,0,1,0,1,0
504014,0,0,0,0,0,0,1,0,0,0
504015,0,0,0,0,0,0,1,0,1,1
504016,0,0,0,0,0,0,1,1,1,0
504017,0,0,0,0,0,0,1,0,1,0
504018,0,0,0,0,1,0,0,0,1,1
504019,0,0,0,0,0,0,1,0,1,0
504020,0,0,0,0,0,0,0,0,0,0
504021,0,0,0,0,0,0,1,0,0,0
504022,0,0,0,0,0,0,0,0,0,0
504023,0,0,0,0,0,0,1,0,1,0
504024,0,0,1,0,1,0,0,0,1,0
504025,0,0,0,0,0,0,1,0,0,0
505001,0,0,0,0,0,0,0,0,0,0
505002,0,0,0,0,1,0,1,0,0,1
505003,0,0,0,0,0,0,1,0,0,0
505004,0,0,0,0,0,0,1,0,0,0
505005,0,0,0,0,0,0,1,0,1,0
505006,0,1,0,0,0,0,1,0,1,0
505007,0,0,0,0,0,0,0,0,0,0
505008,0,0,0,0,1,0,1,0,0,1
505009,0,0,0,0,0,0,1,0,0,0
505010,0,0,0,0,0,0,1,0,0,0
505011,0,0,0,0,0,0,0,0,0,0
505012,1,0,0,0,1,0,1,0,1,1
505013,0,0,0,0,0,0,0,0,0,0
505014,0,0,0,0,0,0,0,0,0,0
505015,1,0,0,0,0,0,0,0,1,1
505016,0,0,0,0,0,0,1,0,1,0
505017,0,0,0,0,0,0,1,1,0,0
505018,0,0,0,0,1,0,1,1,1,1
505019,0,0,0,0,1,0,1,0,0,0
505020,0,0,0,0,0,0,1,0,0,0
505021,0,1,0,0,1,0,1,1,1,0
505022,0,0,0,0,0,0,1,0,0,0
505023,0,0,0,0,0,0,1,0,0,0
505024,0,0,0,0,0,0,1,0,1,0
505025,0,0,0,0,0,0,0,0,0,0
506001,0,0,0,0,0,0,0,0,0,0
506002,0,1,0,1,1,0,1,1,1,0
506003,1,0,0,0,1,0,1,0,0,0
506004,0,0,0,0,0,0,0,0,0,0
506005,0,0,0,0,1,0,1,0,1,1
506006,0,0,0,0,0,0,1,0,0,0
506007,0,0,0,0,1,1,1,0,1,1
506008,0,1,0,0,0,0,0,0,0,0
506009,0,0,0,0,0,0,1,0,1,0
506010,0,0,0,0,0,0,1,0,1,0
506011,0,0,0,0,0,0,1,0,1,0
506012,0,0,0,0,0,0,0,0,0,0
506013,0,0,0,0,1,0,1,0,0,1
506014,0,0,0,0,1,1,1,0,0,1
506015,0,0,0,0,1,0,1,0,1,1
506016,0,0,0,0,1,1,1,0,1,0
506017,0,0,0,0,0,0,0,0,0,0
506018,0,0,0,0,0,0,1,0,0,0
506019,0,0,0,0,0,0,0,0,0,0
506020,0,0,0,0,0,0,0,0,0,0
506021,0,,0,0,0,0,1,0,0,0
506022,0,0,0,0,0,0,1,0,0,0
506023,0,0,0,0,0,0,1,1,0,0
506024,0,0,0,0,0,0,1,0,1,0
506025,0,0,0,0,1,0,1,0,0,0
507001,0,0,0,0,1,1,1,1,0,0
507002,0,1,0,0,0,0,1,1,0,0
507003,0,0,0,0,1,1,1,0,1,0
507004,0,0,0,0,1,0,1,1,0,1
507005,0,0,0,0,1,1,1,1,1,1
507006,0,0,0,0,1,1,1,1,1,0
507007,0,0,0,0,0,1,1,1,0,0
507008,0,0,0,0,1,1,1,1,1,1
507009,0,0,0,0,0,1,1,1,1,0
507011,0,0,0,0,1,0,1,0,1,0
507012,0,0,0,1,1,0,1,0,1,0
507013,0,0,0,0,0,1,1,0,1,0
507014,0,0,0,0,0,0,1,0,0,0
507015,0,0,0,0,1,0,1,1,1,0
507016,0,0,0,0,1,1,1,0,0,0
507017,0,0,0,0,0,0,1,1,1,0
507018,0,0,0,1,1,0,0,0,1,0
507019,0,0,0,0,1,0,1,0,0,0
507020,0,0,0,0,1,0,1,1,1,0
507021,0,0,0,0,1,0,1,1,0,0
507022,0,0,0,0,1,0,1,0,0,0
507023,0,0,0,0,0,0,1,0,0,0
507024,0,0,0,0,0,1,1,0,0,0
507025,0,0,0,0,1,0,1,0,1,1
508001,0,0,0,0,1,0,1,0,1,0
508002,0,0,0,0,0,0,1,0,0,1
508003,0,0,0,0,0,0,1,0,0,0
508004,0,0,0,0,1,0,1,0,1,0
508005,0,0,0,0,1,0,0,0,1,0
508006,0,0,0,0,0,0,0,0,1,0
508007,0,0,0,0,0,0,1,0,0,0
508008,0,0,0,0,0,0,1,0,1,0
508009,0,0,0,0,0,0,1,0,1,0
508010,0,1,1,0,0,0,1,0,1,0
508011,0,,0,0,1,1,1,1,1,0
508012,0,0,0,0,0,0,1,0,1,0
508013,0,,0,0,0,0,1,1,1,0
508014,0,0,0,0,0,0,0,0,1,0
508015,0,0,0,0,0,0,0,0,1,1
508016,0,0,0,0,0,0,1,0,1,0
508017,0,0,0,0,0,1,1,1,0,0
508018,0,0,0,0,1,0,1,0,1,1
508019,0,,0,0,0,1,1,1,1,0
508020,0,1,0,0,0,0,0,0,1,0
508021,0,0,0,0,0,0,1,0,0,0
508022,0,0,0,0,0,1,0,0,1,0
508023,0,0,0,0,1,0,1,0,1,0
508024,0,0,0,0,0,0,1,1,1,0
508025,0,0,0,1,1,1,1,1,1,1
509001,0,0,0,0,1,0,0,0,0,0
509002,0,0,0,0,0,0,1,0,0,0
509003,1,0,0,0,0,0,1,0,0,0
509004,0,0,0,0,0,0,1,0,0,0
509005,0,0,0,0,0,0,0,0,0,0
509006,0,0,0,0,0,0,0,0,1,0
509007,0,1,0,1,1,0,1,1,1,0
509008,0,0,0,0,0,0,0,0,0,0
509009,0,0,0,0,0,0,1,0,0,0
509010,0,0,0,0,0,0,1,0,1,0
509011,0,1,0,1,1,0,1,1,1,1
509012,0,0,0,0,0,0,0,0,1,0
509013,0,0,0,0,0,0,1,0,0,0
509014,0,0,0,0,1,0,1,0,1,1
509015,0,0,0,0,0,0,0,0,0,0
509016,0,0,0,0,0,0,0,0,1,0
509017,0,0,0,0,0,0,0,1,1,0
509018,0,0,0,0,1,0,0,0,1,0
509019,0,0,0,0,1,0,0,1,1,1
509020,0,0,0,0,1,0,1,0,1,0
509021,0,0,0,0,0,0,0,0,0,0
509022,0,0,0,0,0,0,0,0,0,0
509023,0,0,0,0,0,0,0,0,0,0
509024,0,0,0,0,0,0,1,0,1,0
509025,0,0,0,0,0,0,0,0,0,0
510001,0,0,0,0,0,0,1,0,0,0
510002,0,0,0,0,0,1,1,0,0,0
510003,0,0,0,0,1,0,1,0,0,0
510004,0,0,0,0,0,1,1,0,0,0
510005,0,0,0,0,0,1,1,0,1,0
510006,0,0,0,0,0,1,1,0,0,0
510007,0,0,0,0,1,0,1,0,0,0
510008,0,0,0,0,1,0,1,1,1,0
510009,0,0,0,0,1,0,1,0,1,1
510010,0,,0,1,0,0,1,1,1,0
510011,0,0,0,0,0,0,1,0,1,0
510012,0,0,0,0,1,0,1,0,0,0
510013,0,0,0,0,0,0,1,0,1,0
510014,0,0,0,1,1,0,1,0,1,1
510015,0,1,0,0,1,0,1,1,1,1
510016,0,,0,0,0,0,0,0,0,0
510017,0,0,0,0,0,0,1,0,0,0
510018,0,,0,0,0,0,1,0,0,0
510019,0,0,0,0,0,0,1,0,1,0
510020,0,1,0,0,0,0,1,0,0,0
510021,0,0,0,0,0,0,1,0,1,0
510022,0,,0,0,1,0,0,0,1,0
510023,0,0,0,0,0,0,1,0,0,0
510024,0,,0,0,0,0,0,0,0,0
510025,0,0,0,0,1,0,1,0,1,0
511001,0,0,0,0,0,0,1,0,0,0
511002,0,0,0,0,1,0,1,0,1,1
511003,0,0,0,0,0,1,1,0,1,0
511004,0,0,0,0,1,1,1,0,1,0
511005,0,1,0,0,1,0,1,0,1,0
511006,0,0,0,0,0,0,1,0,0,0
511007,0,0,0,0,0,0,1,0,0,0
511008,0,1,0,0,0,1,0,0,0,0
511009,0,0,0,0,1,1,1,1,1,1
511010,0,1,0,0,1,0,1,1,1,1
511011,0,0,0,0,1,1,1,0,0,1
511012,0,0,0,0,0,0,1,0,0,0
511013,0,1,0,0,1,0,1,0,1,0
511014,1,1,0,0,1,0,1,1,1,0
511015,0,0,0,0,1,0,1,0,1,0
511016,0,0,0,0,0,0,1,1,0,0
511017,0,0,0,0,1,1,1,0,0,0
511018,0,0,0,0,0,0,0,0,0,0
511019,0,0,0,0,1,0,1,1,1,0
511020,0,0,0,0,0,0,1,0,0,0
511021,0,0,0,0,1,0,1,0,1,1
511022,0,0,0,0,0,0,1,0,0,0
511023,0,0,0,0,1,0,1,0,1,0
511024,0,0,0,0,1,0,0,0,1,0
511025,0,0,0,0,1,0,1,0,1,0
512001,0,0,0,0,0,0,1,0,1,0
512002,0,0,0,0,0,0,0,0,0,0
512003,0,0,0,1,0,0,0,0,1,0
512004,0,0,0,0,1,0,1,1,0,1
512005,0,0,0,0,0,0,1,1,1,0
512006,0,0,0,0,1,0,1,0,0,0
512007,0,0,0,0,0,0,0,0,0,0
512008,0,0,0,0,0,0,0,0,0,0
512009,0,0,0,0,0,0,1,0,0,0
512010,0,0,0,0,0,0,1,0,0,0
512011,0,0,0,0,1,0,1,0,1,0
512012,0,0,0,0,0,0,1,0,0,0
512013,0,0,0,0,0,0,1,0,0,0
512014,0,0,0,0,1,0,0,0,0,0
512015,0,0,0,0,0,0,1,0,1,0
512016,0,0,0,0,0,0,1,0,0,0
512017,0,1,0,0,0,0,0,0,0,0
512018,0,0,0,1,1,0,1,1,1,1
512019,0,0,0,0,1,0,1,0,0,0
512020,0,1,0,0,0,0,1,0,0,0
512021,0,0,0,0,1,0,1,0,0,0
512022,0,1,0,0,0,0,1,0,0,0
512023,1,0,0,0,1,0,1,0,0,1
512024,0,1,0,0,1,0,1,0,1,0
512025,0,0,0,0,0,0,1,0,1,1
513001,0,0,0,0,1,0,1,0,1,0
513002,0,0,0,0,0,0,0,0,0,0
513003,0,0,0,0,0,0,1,0,1,0
513004,0,0,0,0,0,0,1,0,0,0
513005,0,0,0,0,0,0,1,0,0,0
513006,0,0,0,0,0,0,1,0,1,0
513007,0,1,0,0,0,0,0,0,0,0
513008,0,0,0,0,0,0,0,0,1,0
513009,0,0,0,0,1,0,1,0,0,1
513010,0,0,0,0,0,0,1,0,1,0
513011,0,0,0,0,0,0,0,0,0,0
513012,0,0,0,0,0,0,0,0,0,0
513013,0,0,0,0,1,0,0,0,0,0
513014,0,0,0,0,0,0,1,0,1,0
513015,0,1,0,0,0,0,1,1,1,0
513016,0,0,0,0,0,0,1,0,0,0
513017,0,0,0,0,1,0,1,0,1,1
513018,0,1,0,1,1,0,1,0,1,1
513019,0,1,0,0,0,0,0,0,1,0
513020,0,0,0,0,0,0,1,1,0,0
513021,0,1,0,0,0,0,1,0,1,0
513022,0,0,0,0,0,0,1,0,0,0
513023,0,0,0,0,0,0,1,0,1,0
513024,0,1,0,1,1,0,1,1,0,1
513025,0,0,0,0,1,0,1,0,1,1
514001,0,0,0,0,0,0,1,0,1,0
514002,0,0,1,0,1,0,1,1,1,0
514003,0,1,0,0,0,0,1,0,0,0
514004,0,0,0,0,0,0,1,0,0,0
514005,0,1,0,1,0,0,0,0,0,0
514006,0,0,0,0,0,0,0,0,0,0
514007,0,0,0,0,0,0,1,0,0,0
514008,0,0,0,0,1,1,1,0,1,0
514009,0,0,0,0,1,0,1,0,0,0
514010,0,0,0,0,1,0,0,0,0,0
514011,0,1,0,0,0,0,1,0,0,0
514012,0,0,0,0,1,0,0,0,1,0
514013,0,0,0,1,0,0,1,0,0,0
514014,0,1,0,0,1,1,1,0,1,0
514015,0,1,0,0,0,0,1,0,0,0
514016,0,0,0,0,1,0,1,0,1,0
514017,0,1,1,0,1,0,1,1,1,1
514018,0,0,0,0,1,0,1,0,0,0
514019,0,1,0,0,0,0,0,0,0,0
514020,0,0,0,0,1,1,1,0,0,1
514021,0,1,0,0,0,0,0,0,0,0
514022,0,0,0,0,0,0,1,0,1,0
514023,0,0,0,0,0,0,0,0,0,0
514024,0,0,0,0,0,1,1,0,0,0
514025,0,0,0,0,0,0,0,0,0,0
515001,0,,0,0,0,0,1,0,0,0
515002,0,0,0,0,0,0,1,0,0,0
515003,0,0,0,0,0,0,0,0,0,0
515004,0,0,0,0,0,0,1,0,0,0
515005,0,0,0,0,0,0,0,0,0,0
515006,0,0,0,0,0,0,1,0,1,1
515007,0,0,0,0,0,0,1,0,0,0
515008,0,0,0,0,0,0,0,0,0,0
515009,0,,0,0,0,0,1,1,1,0
515010,0,0,0,1,0,0,1,0,0,0
515011,0,0,0,0,0,0,1,1,0,0
515012,0,0,0,0,1,0,1,0,1,0
515013,0,0,0,0,0,0,0,0,0,0
515014,0,0,1,0,0,0,1,0,0,0
515015,0,,0,0,0,0,1,0,0,0
515016,0,0,0,0,0,0,1,0,0,0
515017,0,0,0,0,0,0,1,0,0,0
515018,0,0,0,0,0,0,1,0,0,0
515019,0,0,0,0,0,0,0,0,0,0
515020,0,0,0,0,1,0,1,0,1,0
515021,0,0,0,0,1,0,1,0,1,0
515022,0,0,0,0,0,0,0,0,1,0
515023,0,0,0,0,0,0,1,0,1,0
515024,0,0,0,0,0,0,0,0,0,0
515025,0,0,0,0,1,0,0,0,1,0
516001,0,0,0,0,0,0,0,0,0,0
516002,0,0,0,0,0,0,0,0,1,0
516003,0,0,0,0,0,0,1,1,0,0
516004,0,,0,0,0,0,1,1,0,0
516005,0,0,0,0,0,1,0,1,1,0
516006,0,0,0,0,1,1,1,1,0,1
516007,0,0,0,0,1,0,1,0,1,0
516008,0,0,0,0,1,1,1,0,1,0
516009,0,0,0,0,1,1,0,0,1,0
516010,0,0,0,0,1,0,1,0,0,0
516011,0,1,0,0,0,0,0,0,0,0
516012,0,0,0,0,1,0,0,0,1,1
516013,0,1,0,0,1,0,1,0,0,0
516014,0,0,0,0,0,0,0,0,0,0
516015,0,0,0,0,1,0,0,0,0,0
516016,0,0,0,0,1,1,1,0,1,0
516017,0,,0,0,0,0,0,0,0,0
516018,0,0,0,0,1,0,1,1,1,0
516019,0,0,0,0,1,1,1,0,1,0
516020,0,0,0,0,1,0,1,1,1,0
516021,0,0,0,0,1,0,0,0,0,0
516022,0,0,0,0,0,0,0,0,0,0
516023,0,0,0,0,1,0,1,0,1,1
516024,1,0,0,0,1,0,0,0,0,0
516025,0,0,0,0,0,0,0,0,0,0
517001,0,0,0,0,1,0,1,0,0,1
517002,0,0,0,0,1,0,1,0,0,0
517003,0,0,0,0,0,0,1,0,0,0
517004,0,1,0,0,1,0,1,0,1,1
517005,0,0,0,0,0,0,0,0,1,0
517006,0,1,0,0,1,0,0,0,1,0
517007,0,,0,0,0,1,1,1,1,0
517008,0,0,0,0,0,0,0,0,1,0
517009,0,0,0,0,1,0,1,1,0,0
517010,0,0,0,0,0,0,1,1,1,0
517011,0,0,0,0,1,0,0,1,1,1
517012,0,0,0,0,1,0,0,0,1,0
517013,0,0,0,0,1,0,0,0,1,1
517014,0,0,0,0,1,1,1,0,1,1
517015,0,0,0,0,1,1,1,0,1,1
517016,0,0,0,0,0,1,1,0,1,0
517017,0,0,0,0,1,0,1,0,1,1
517018,0,0,0,1,1,0,1,0,0,0
517019,0,0,0,1,1,0,1,0,1,1
517020,0,1,0,0,0,0,1,0,0,0
517021,0,0,0,0,0,0,1,0,1,0
517022,0,0,0,0,1,0,1,1,0,0
517023,0,0,0,0,1,0,1,0,1,0
517024,0,0,0,1,1,0,1,1,0,1
517025,0,0,0,0,1,1,1,0,1,0
518001,0,,0,0,0,0,1,0,1,0
518002,0,0,0,0,0,0,1,1,0,0
518003,0,0,0,0,0,0,1,0,0,0
518004,0,0,0,0,0,0,1,0,1,0
518005,0,0,0,0,1,0,1,1,1,0
518006,0,0,0,0,1,0,1,0,1,1
518007,0,0,0,0,0,0,0,0,0,0
518008,0,0,0,0,1,0,0,0,1,1
518009,0,0,1,0,1,0,0,0,1,0
518010,0,0,0,0,0,0,0,0,0,0
518011,0,0,0,0,0,0,1,0,0,0
518012,0,0,0,0,0,0,1,0,0,0
518013,0,0,0,0,1,0,1,0,0,0
518014,0,0,0,0,0,0,0,0,0,0
518015,0,0,1,0,0,0,1,0,1,0
518016,0,0,0,0,0,0,1,0,1,0
518017,0,0,0,0,1,0,1,0,0,0
518018,0,0,0,0,1,0,1,0,1,0
518019,0,0,0,0,0,0,0,0,0,0
518020,0,0,0,1,1,0,1,0,1,1
518021,0,0,0,0,0,0,1,0,0,0
518022,0,0,0,0,1,0,1,0,1,0
518023,0,0,0,0,0,0,1,0,0,0
518024,0,0,0,0,0,0,1,0,0,0
518025,0,0,0,0,0,0,1,0,0,0
519001,0,0,0,0,1,1,1,1,1,0
519002,0,0,1,0,0,0,0,0,0,0
519003,0,0,0,0,1,0,1,1,1,1
519004,0,1,0,0,0,0,0,1,0,0
519005,0,0,0,1,1,0,1,0,1,1
519006,0,1,0,0,1,1,0,0,0,0
519007,0,0,0,0,1,1,1,0,0,0
519008,0,0,0,1,1,1,0,0,1,0
519009,0,0,0,0,1,0,1,0,0,0
519010,0,0,0,0,1,1,1,0,0,0
519011,0,0,0,0,0,0,1,0,0,0
519012,0,1,0,1,1,1,0,0,1,0
519013,0,0,0,0,1,1,1,1,0,1
519014,0,0,0,0,0,1,0,0,0,0
519015,0,0,0,0,1,0,1,1,1,0
519017,0,0,0,0,0,1,0,1,0,1
519018,0,0,0,0,1,0,0,0,1,1
519019,0,0,0,0,0,1,1,0,0,0
519020,0,1,0,0,1,0,0,0,1,0
519021,0,0,0,0,0,1,0,0,1,0
519022,0,0,0,0,0,1,0,0,0,0
519023,0,0,0,0,1,1,1,1,1,1
519024,0,0,1,0,1,0,1,0,0,0
519025,0,0,0,0,1,0,1,0,1,1
520001,0,0,0,0,0,0,1,0,0,0
520002,0,0,0,0,0,0,0,0,0,0
520003,0,0,0,0,0,0,0,0,0,0
520004,0,0,0,0,0,0,0,0,0,0
520005,0,0,0,0,0,0,1,0,0,0
520006,0,0,0,0,0,0,1,1,0,0
520007,0,0,0,0,0,0,1,0,0,0
520008,0,0,0,0,1,0,1,0,1,0
520009,0,0,0,0,0,0,0,0,0,0
520010,0,1,0,0,0,0,1,1,1,0
520011,0,0,0,0,0,0,0,0,0,0
520012,0,0,0,0,0,0,1,0,1,0
520013,0,0,0,0,0,1,1,0,1,0
520014,0,0,0,0,0,0,1,0,0,0
520015,0,0,0,0,0,0,1,0,0,0
520016,0,0,0,0,0,0,0,0,0,0
520017,0,0,0,0,0,0,0,0,1,0
520018,0,0,0,0,0,0,1,1,1,0
520019,0,0,0,0,0,0,1,0,1,0
520021,0,0,0,0,0,0,1,0,0,0
520022,0,0,0,0,1,0,1,0,1,0
520023,0,0,0,0,0,0,1,0,0,0
520024,0,0,0,0,0,0,1,0,0,0
520025,0,0,0,0,0,0,0,0,0,0
521001,0,0,0,0,0,0,1,0,0,0
521002,0,0,0,0,1,0,1,1,1,1
521003,0,0,0,1,0,0,1,0,1,0
521004,0,0,0,0,0,0,0,0,0,0
521005,0,0,0,0,0,0,0,0,0,0
521006,0,1,0,0,0,0,1,0,0,0
521007,1,0,0,1,1,0,0,0,0,0
521008,0,0,0,0,0,0,0,0,0,0
521009,0,0,0,0,0,0,0,0,0,0
521010,0,1,0,0,0,0,0,0,0,0
521011,0,0,0,0,0,0,1,0,0,0
521012,0,0,0,0,0,0,0,0,0,0
521013,0,0,0,1,0,0,1,0,1,0
521014,0,0,0,0,0,0,0,0,0,0
521015,0,0,0,1,0,0,1,0,1,0
521016,0,0,0,0,0,1,1,0,0,0
521017,0,0,0,0,0,0,1,0,1,0
521018,0,1,0,1,0,0,1,0,1,0
521019,0,1,0,0,0,0,0,0,0,0
521020,0,0,0,0,0,0,1,0,0,0
521021,0,1,0,0,0,0,1,0,0,0
521022,0,0,0,0,0,0,1,0,1,0
521023,0,0,0,0,0,0,1,1,0,0
521024,0,0,0,0,1,0,1,0,1,0
521025,0,1,0,1,0,0,1,1,1,0
522001,0,1,0,0,0,0,1,0,1,0
522002,0,0,0,0,0,0,0,0,0,0
522003,0,0,0,0,0,0,0,0,0,0
522004,0,0,0,0,0,0,0,0,0,0
522005,0,0,0,0,1,0,1,0,0,1
522006,0,0,0,0,0,0,0,0,0,0
522008,0,1,0,0,0,0,1,0,0,0
522009,0,0,0,0,0,0,0,0,0,0
522010,0,0,0,0,0,0,1,0,0,0
522011,0,0,0,0,0,0,1,0,0,0
522012,0,0,0,0,0,0,0,0,0,0
522013,0,0,0,0,0,0,0,0,0,0
522014,0,0,0,0,0,0,0,0,0,0
522015,0,0,0,0,0,0,1,0,1,0
522016,0,0,0,0,0,1,1,1,0,0
522017,0,0,0,0,0,0,0,0,0,0
522018,0,0,0,0,0,1,1,1,0,0
522019,0,0,0,0,0,0,0,0,0,0
522020,0,0,0,0,1,0,1,0,1,1
522021,0,0,0,0,0,0,1,0,0,0
522022,0,0,0,0,0,0,1,0,1,0
522023,0,0,0,0,0,0,0,0,0,0
522024,0,0,0,0,0,0,1,0,0,0
522025,0,0,0,0,0,0,1,0,0,0
523001,0,0,0,0,0,1,0,0,0,0
523002,0,0,0,0,0,0,0,0,0,0
523003,0,0,0,0,0,0,0,1,0,0
523004,0,0,0,1,0,1,1,0,0,0
523005,0,0,0,0,0,0,1,1,0,0
523006,0,0,0,0,0,0,1,0,1,1
523007,0,0,0,0,0,0,0,0,0,0
523009,0,0,0,0,0,0,0,0,0,0
523010,0,1,0,0,0,0,0,0,0,0
523011,0,0,0,0,0,1,1,0,1,0
523012,0,1,0,0,0,0,1,0,1,0
523013,0,0,0,0,0,0,1,1,0,0
523014,0,0,0,0,0,0,1,0,0,0
523015,0,1,0,0,0,1,1,0,0,0
523016,0,0,0,0,0,0,1,1,1,0
523017,0,0,0,0,0,1,1,0,1,0
523018,0,0,0,0,0,0,0,0,0,0
523019,0,1,0,0,0,0,1,0,0,0
523020,0,0,0,0,0,0,0,0,0,0
523021,0,0,0,0,0,0,0,0,0,0
523022,0,0,0,0,0,0,1,0,0,0
523023,0,1,0,0,0,0,0,0,0,0
523024,0,0,0,0,1,0,1,0,0,0
523025,0,,0,0,0,0,0,0,0,0
524001,0,0,0,0,1,0,1,1,0,0
524002,0,0,0,0,0,0,1,0,1,0
524003,0,0,0,0,0,0,1,0,0,0
524004,0,0,0,0,0,0,1,0,1,0
524005,0,0,1,0,1,0,1,0,1,1
524006,0,0,0,0,0,0,1,0,0,0
524007,0,0,0,0,0,0,0,0,0,0
524008,0,0,0,0,0,1,0,0,0,0
524009,0,0,0,0,0,0,1,0,0,0
524010,0,0,0,0,0,0,0,0,0,0
524011,0,0,0,0,0,0,1,0,0,0
524012,0,0,0,0,0,0,1,0,0,0
524013,0,1,0,0,0,0,1,1,1,0
524014,0,1,0,0,0,0,0,0,1,0
524015,0,0,0,0,0,0,0,0,0,0
524016,0,0,0,0,0,0,1,0,0,0
524017,0,0,0,0,0,0,0,0,0,0
524018,0,1,0,0,0,0,1,0,1,0
524019,0,0,0,1,1,0,0,0,1,1
524020,0,0,0,0,0,0,1,0,0,0
524021,0,0,0,0,0,0,1,0,0,0
524022,0,0,0,0,0,0,1,0,0,0
524023,0,0,0,0,0,0,1,1,1,0
524024,0,0,0,1,0,0,1,0,0,1
524025,0,0,0,0,1,0,1,0,1,1
525001,0,0,0,0,0,0,1,0,0,0
525002,0,0,0,0,0,0,1,0,1,0
525003,0,0,0,0,0,0,1,0,1,1
525004,0,0,0,0,0,0,1,1,1,0
525006,0,1,0,0,0,0,1,0,1,0
525007,0,0,0,0,1,0,1,0,1,1
525008,0,0,0,0,0,0,1,0,1,0
525009,0,0,0,0,0,0,0,0,1,0
525010,0,0,0,0,0,0,1,0,1,0
525011,0,0,0,0,0,0,1,0,1,1
525012,0,0,0,0,1,0,1,0,1,1
525013,0,0,0,0,0,0,1,1,0,0
525014,0,0,0,0,0,0,1,0,1,0
525015,0,0,0,0,0,0,0,0,0,0
525016,0,0,0,0,0,0,0,0,0,0
525017,0,0,0,0,0,0,0,0,1,0
525018,0,0,0,0,1,0,0,1,0,0
525019,0,0,0,1,1,0,1,0,0,0
525020,0,0,0,0,1,0,1,0,1,0
525021,0,0,0,1,0,0,1,0,0,1
525022,0,1,0,0,0,0,1,0,0,0
525023,0,0,0,1,1,0,1,0,1,1
525024,1,0,0,1,1,0,1,1,1,0
525025,0,1,0,0,0,0,1,1,1,0
526001,0,0,0,0,0,0,1,1,1,0
526002,0,0,0,0,0,0,1,0,0,0
526003,0,0,0,0,0,0,1,0,1,0
526004,1,0,0,0,0,0,0,0,0,0
526005,0,0,0,0,0,0,0,0,0,0
526006,0,0,0,0,0,0,0,0,1,0
526007,0,1,0,0,0,0,1,0,0,0
526008,0,0,0,0,0,0,1,0,1,0
526009,0,0,0,1,0,0,1,0,1,1
526010,0,0,0,0,0,0,1,0,0,0
526011,0,0,0,0,0,0,1,0,1,0
526012,0,0,0,0,0,0,1,0,0,0
526013,0,1,0,0,0,0,1,0,0,0
526014,0,0,0,0,0,0,1,0,0,0
526015,0,0,0,0,0,0,1,1,1,0
526016,0,0,0,1,0,0,1,1,1,0
526017,0,0,0,0,0,0,0,1,1,0
526018,0,1,0,0,0,0,0,1,0,0
526019,0,0,0,0,0,0,1,0,0,0
526020,0,0,0,1,1,0,1,0,1,1
526021,0,0,0,0,0,0,1,0,0,0
526022,0,1,0,0,0,0,1,0,0,0
526023,0,0,0,0,1,0,1,0,1,1
526024,0,0,0,0,0,0,1,1,1,0
526025,0,1,0,0,0,0,1,0,1,0
527001,0,0,0,0,1,0,1,0,1,1
527002,0,0,0,0,0,0,1,1,0,0
527003,1,0,0,0,0,0,1,0,1,0
527004,0,0,0,0,0,0,1,0,1,0
527005,0,0,0,0,0,0,1,0,0,0
527006,0,0,0,0,0,0,1,0,0,0
527007,0,1,0,0,0,0,0,0,0,0
527008,0,0,0,0,0,0,1,1,0,0
527009,0,0,0,0,0,0,1,0,1,0
527010,0,1,1,1,1,0,1,0,1,0
527011,0,0,0,0,0,0,1,0,1,0
527013,0,0,0,0,0,0,1,1,1,0
527014,0,1,0,0,0,0,0,0,0,0
527015,0,1,0,0,0,0,0,0,0,0
527016,0,1,0,0,0,0,1,0,1,0
527017,0,0,0,0,1,0,1,0,1,1
527018,0,0,0,0,0,0,0,0,1,0
527019,0,0,0,0,1,0,1,1,1,1
527020,0,0,0,0,0,0,1,1,0,0
527021,0,1,0,0,1,0,1,0,1,0
527022,0,1,0,0,0,0,1,0,0,0
527023,0,0,0,1,0,0,1,0,1,0
527024,1,1,0,0,0,0,1,0,0,0
527025,0,0,0,0,1,0,1,1,1,0
528001,0,0,1,0,1,0,1,0,1,0
528002,0,0,0,0,0,0,1,0,0,0
528003,0,0,0,0,0,0,1,0,0,0
528004,0,0,0,0,1,0,1,0,1,1
528005,0,1,0,0,1,1,1,0,1,1
528006,0,0,0,0,0,1,1,1,1,0
528007,0,1,0,0,1,1,1,0,1,1
528008,0,1,0,0,0,0,1,0,1,0
528009,0,1,0,0,0,0,0,0,0,0
528010,0,0,0,0,0,1,1,1,1,0
528011,0,0,0,0,0,0,1,0,1,0
528012,0,1,0,0,1,0,1,0,1,1
528013,0,0,0,0,0,0,0,0,0,0
528014,0,0,0,0,1,0,1,0,1,1
528015,0,0,0,1,1,0,1,0,1,0
528016,0,0,0,0,0,0,0,0,0,0
528017,0,0,0,0,0,0,1,0,1,0
528018,0,0,0,1,0,0,1,1,1,0
528019,0,0,0,0,0,0,0,0,0,0
528020,0,0,0,0,1,0,1,0,1,1
528021,0,1,0,0,0,0,1,0,0,0
528022,0,1,0,0,0,0,0,0,0,0
528023,0,1,0,0,1,0,1,0,1,1
528024,0,1,0,0,0,0,1,0,0,0
528025,0,0,0,0,0,0,1,0,0,0
529001,0,0,0,0,0,0,1,1,1,0
529002,0,0,0,0,1,0,1,1,1,0
529003,0,0,0,0,0,0,1,0,0,0
529004,0,0,0,0,0,0,1,1,1,0
529005,0,1,0,0,0,0,1,0,0,0
529006,0,0,0,0,1,0,1,0,0,0
529007,0,0,0,0,0,0,1,0,0,0
529008,0,0,0,0,1,0,1,0,1,0
529009,0,0,0,0,0,0,1,0,0,0
529010,0,0,0,0,0,0,1,0,0,0
529011,0,1,0,0,1,0,1,1,1,0
529012,0,1,0,0,1,0,1,0,1,0
529013,0,1,0,0,1,0,1,1,1,1
529014,0,0,0,0,1,0,1,0,1,0
529015,0,0,0,0,0,0,1,0,0,0
529016,0,0,0,0,0,0,1,0,1,0
529017,0,0,0,0,0,0,1,1,1,0
529018,0,0,0,0,1,0,1,0,1,0
529019,0,0,0,0,0,0,1,1,1,0
529020,0,0,0,0,1,0,1,0,1,1
529021,0,0,0,0,0,0,1,1,1,0
529022,0,0,0,0,0,0,1,1,0,0
529023,0,0,0,0,0,0,1,1,1,0
529024,0,1,0,0,0,0,1,0,1,1
529025,0,0,0,0,0,0,1,0,1,0
530001,0,0,0,0,0,0,1,0,0,0
530002,0,0,0,0,0,0,1,0,0,0
530003,0,0,0,0,0,0,1,0,0,0
530004,0,0,0,0,0,0,1,0,0,0
530005,0,0,0,0,0,0,1,0,1,0
530006,0,1,0,0,0,0,1,0,0,0
530007,0,0,0,1,1,0,1,0,1,0
530008,0,0,0,0,0,0,0,0,0,0
530009,0,0,0,0,0,0,1,0,0,0
530010,0,0,0,0,0,0,1,0,1,0
530011,0,0,0,0,0,0,1,0,0,0
530012,0,0,0,0,0,0,1,0,0,0
530013,0,0,0,0,0,0,1,0,0,0
530014,0,0,0,0,0,1,1,1,1,0
530015,0,0,0,0,0,0,1,0,1,0
530016,0,0,0,0,1,0,1,0,1,1
530017,0,0,0,0,0,0,1,1,1,0
530018,0,0,0,0,0,0,0,0,0,0
530019,0,1,0,0,0,0,0,0,0,0
530020,0,0,0,0,1,1,1,1,1,1
530021,0,0,0,0,0,0,1,0,0,0
530022,0,0,0,0,0,0,1,0,0,0
530023,0,0,0,0,0,1,1,0,0,0
530024,0,0,0,0,0,0,1,0,1,1
530025,0,0,0,0,0,0,0,0,0,0
531001,0,0,0,0,0,0,1,0,0,0
531002,0,0,0,0,0,0,0,1,1,0
531003,0,0,0,0,0,0,1,0,0,0
531004,0,1,0,0,0,0,0,0,0,0
531005,0,0,0,0,1,0,1,0,1,1
531006,0,0,0,0,0,0,1,0,0,1
531007,0,0,0,0,0,0,1,1,1,0
531008,0,0,0,0,0,0,1,0,1,0
531009,0,0,0,0,0,0,0,0,0,0
531010,0,1,0,0,1,0,0,0,0,0
531011,0,0,0,0,0,0,1,0,1,0
531012,0,0,0,0,0,0,0,0,0,0
531013,0,0,0,0,0,0,1,0,1,0
531014,0,0,0,1,0,0,1,0,0,0
531015,0,0,0,0,0,0,0,0,0,0
531016,0,0,0,0,0,0,0,0,0,0
531017,0,0,0,0,1,0,1,0,1,0
531018,0,0,0,0,1,0,1,0,0,0
531019,0,0,0,0,0,0,1,0,0,0
531020,0,0,0,0,0,0,1,0,0,0
531021,0,0,0,0,0,0,1,0,0,0
531022,0,0,0,0,0,0,1,0,0,0
531023,0,0,0,0,0,0,1,0,1,0
531024,0,1,0,0,0,0,1,0,0,0
531025,0,0,0,0,0,0,1,0,1,0
532001,0,0,0,0,0,0,1,0,0,0
532002,0,0,0,0,0,0,1,0,1,0
532003,0,0,0,1,1,0,1,0,1,0
532004,0,0,0,0,0,0,1,0,1,0
532005,0,0,0,0,0,0,1,0,1,0
532006,0,0,0,0,0,1,0,0,1,0
532007,0,0,0,0,0,0,0,0,0,0
532008,0,0,0,0,0,1,1,0,1,0
532009,0,0,0,0,0,0,1,0,0,0
532010,0,0,0,0,1,0,1,0,1,0
532011,0,0,0,0,1,1,1,0,0,0
532012,0,0,0,1,1,1,1,0,1,1
532013,0,0,0,0,0,0,0,1,1,0
532014,0,0,0,0,1,0,1,0,0,1
532015,0,0,0,0,1,0,1,0,0,0
532016,0,0,0,0,0,0,1,0,0,0
532017,0,0,0,0,0,0,1,1,1,0
532018,0,0,0,0,1,1,0,0,1,0
532019,0,0,0,0,1,0,1,1,0,1
532020,0,0,0,0,0,0,1,0,1,0
532021,0,0,0,0,0,0,1,0,1,0
532022,0,1,0,0,0,0,1,0,0,0
532023,0,1,0,0,0,0,1,1,1,0
532024,0,0,0,0,0,0,1,0,1,0
532025,0,0,0,0,0,1,1,0,1,0
533001,0,1,0,0,0,0,1,0,0,0
533002,0,0,0,0,0,1,0,0,0,0
533003,0,0,0,0,0,0,1,0,0,0
533004,0,0,0,0,1,0,1,1,1,1
533005,0,0,0,0,0,1,0,0,0,0
533006,0,1,0,0,0,1,1,0,1,0
533007,0,1,0,0,0,0,1,1,0,0
533008,0,0,0,0,0,0,1,0,1,0
533009,0,0,0,0,1,0,1,0,1,0
533010,0,0,0,0,0,1,0,0,0,0
533011,0,1,0,0,1,0,1,1,1,0
533012,0,0,0,0,0,0,1,0,1,0
533013,0,0,0,0,1,1,0,1,1,1
533014,0,0,0,0,0,0,1,0,0,0
533015,0,1,0,1,1,0,1,0,1,1
533016,0,0,0,0,0,0,1,1,0,0
533017,0,0,0,0,0,0,1,0,1,0
533018,0,0,0,0,1,0,1,1,1,1
533019,0,0,1,0,1,0,1,1,1,1
533020,0,1,0,0,0,1,1,0,1,0
533021,0,0,0,0,1,0,1,0,0,1
533022,0,0,0,0,1,1,1,0,1,0
533023,0,0,0,0,0,0,1,1,0,0
533024,0,1,0,0,0,1,1,0,1,0
533025,0,0,0,0,0,0,1,0,0,0
534001,0,0,0,0,0,0,1,0,1,0
534002,0,0,0,0,0,0,1,0,1,0
534003,0,0,0,0,0,0,1,0,1,0
534004,0,1,0,0,0,0,1,0,0,0
534005,0,0,0,0,0,0,1,0,1,0
534006,0,0,0,0,1,0,1,1,1,1
534007,0,0,0,0,0,0,0,0,0,0
534008,0,0,0,0,0,0,1,0,0,0
534009,0,0,0,0,1,1,1,1,1,0
534010,0,0,0,0,1,0,1,0,1,0
534011,0,0,0,0,0,1,1,0,0,0
534012,0,0,0,0,1,0,1,0,0,1
534013,1,0,0,0,0,1,1,0,1,0
534014,0,1,0,0,1,1,1,0,1,0
534015,0,0,0,0,0,0,1,0,0,0
534016,0,0,0,0,0,1,0,0,0,0
534017,0,1,0,0,1,1,1,0,1,0
534018,0,0,0,0,0,1,1,0,1,0
534019,0,0,0,0,0,1,1,0,0,0
534020,0,0,0,0,0,0,1,0,0,0
534021,0,1,0,0,1,0,1,1,1,0
534022,0,0,0,0,0,1,0,0,0,0
534023,0,1,0,0,1,1,1,1,1,1
534024,0,0,0,0,1,1,0,0,1,0
534025,1,1,0,0,1,1,1,0,1,0
535001,0,0,0,0,0,0,0,0,0,0
535002,0,0,0,0,0,0,0,0,0,0
535003,0,0,0,0,0,0,1,0,0,0
535004,0,1,1,0,0,1,1,1,0,0
535005,0,1,0,0,0,1,0,0,0,0
535007,0,0,0,0,0,1,1,0,1,0
535008,0,0,0,0,0,1,0,0,0,0
535009,0,0,0,0,0,0,1,1,0,0
535010,0,0,0,0,1,1,0,0,0,0
535011,0,0,0,0,0,1,1,0,1,0
535012,0,0,0,0,1,0,1,1,1,0
535013,0,0,0,0,0,0,1,0,1,0
535014,1,,0,0,0,1,1,0,0,0
535015,0,0,0,0,1,0,1,1,0,0
535016,0,1,0,0,1,1,0,0,1,0
535017,1,0,0,0,0,1,1,0,1,0
535018,0,0,0,0,1,0,1,0,1,0
535019,0,1,0,0,1,1,1,0,1,0
535020,0,0,0,0,0,1,1,0,0,0
535021,0,0,0,0,1,1,0,1,1,0
535022,0,0,0,0,0,1,0,0,1,0
535023,0,0,0,0,0,1,0,0,0,0
535024,0,0,0,0,0,0,1,0,1,0
535025,0,0,0,0,0,1,0,0,0,0
536001,0,0,0,0,0,1,0,0,0,0
536002,0,0,0,0,1,0,1,0,1,0
536003,0,0,0,1,1,0,1,1,1,0
536004,0,0,0,0,0,1,1,0,1,0
536005,0,1,0,0,1,1,1,1,1,1
536006,0,0,0,0,0,1,0,0,0,0
536007,0,0,0,0,0,1,0,0,0,0
536008,0,0,0,0,1,1,0,1,0,0
536009,0,0,0,0,0,0,0,0,0,0
536010,0,0,0,0,0,1,1,0,0,0
536012,0,0,0,0,1,0,1,1,1,1
536013,0,0,0,0,0,1,0,0,1,0
536014,0,0,0,0,0,1,1,0,0,0
536015,0,0,0,0,0,1,1,0,1,0
536016,0,0,0,0,1,0,1,1,1,0
536017,0,0,0,0,0,1,0,1,0,0
536018,0,0,0,0,0,1,1,0,1,0
536019,0,0,0,0,0,0,1,1,0,0
536020,0,0,0,0,0,0,1,0,0,0
536021,0,0,0,0,0,0,1,0,0,0
536023,1,0,0,0,0,1,1,1,1,0
536024,0,0,0,0,0,0,1,0,0,0
536025,0,0,0,0,0,1,1,0,1,0
537001,0,0,0,0,1,1,0,0,1,0
537002,0,0,0,0,1,1,0,1,1,1
537003,0,0,0,0,0,0,1,1,0,0
537004,0,0,0,0,1,1,0,1,1,0
537005,0,0,0,0,0,0,1,0,0,0
537006,0,0,0,0,0,0,1,0,0,0
537007,0,0,0,0,1,0,1,0,1,1
537008,0,1,0,0,1,0,1,1,1,1
537009,0,0,0,1,1,0,1,1,1,1
537010,0,0,0,0,0,1,1,0,1,0
537011,0,0,0,0,1,1,1,0,1,0
537012,0,0,0,0,1,0,0,0,0,0
537013,0,0,0,0,1,0,1,0,1,0
537014,0,0,0,0,0,0,1,1,0,0
537015,0,0,0,0,1,1,1,1,0,0
537016,0,0,0,1,1,1,1,1,1,0
537017,0,0,0,0,1,0,0,0,0,0
537018,0,0,0,0,0,0,1,0,0,0
537019,0,0,0,0,1,0,1,0,1,1
537020,0,0,0,0,1,0,1,1,1,1
537021,0,0,1,1,0,0,1,1,1,0
537022,0,0,0,0,1,1,1,0,1,1
537023,0,1,0,0,0,0,1,1,1,1
537024,0,1,0,1,1,0,1,1,1,1
537025,0,0,0,0,0,0,1,0,1,0
538001,0,0,0,0,0,0,1,0,0,0
538002,0,0,0,0,1,0,1,1,0,1
538003,0,0,0,0,1,0,1,0,1,0
538004,0,0,0,0,1,0,1,0,0,0
538005,0,0,0,0,1,0,0,0,1,1
538006,0,1,0,0,0,0,1,0,1,0
538007,0,0,1,0,1,0,1,0,1,1
538008,0,0,0,0,0,0,1,0,0,0
538009,0,0,0,0,1,0,1,0,1,0
538010,0,0,0,0,1,0,1,1,0,0
538011,0,0,0,0,1,0,0,1,1,0
538012,0,0,0,0,1,0,1,1,0,0
538013,0,0,0,0,1,0,1,0,0,0
538014,0,0,0,0,1,0,1,1,1,1
538015,0,0,0,0,0,1,1,0,1,0
538016,0,1,0,1,1,0,1,0,1,1
538017,0,0,0,0,0,0,1,1,0,0
538018,0,0,0,1,1,0,1,1,1,1
538019,0,0,0,0,1,0,1,0,1,0
538020,0,0,0,0,1,0,1,0,0,1
538021,0,0,0,0,1,0,1,0,1,0
538022,0,0,0,0,1,0,1,1,1,0
538023,0,1,0,0,1,0,1,0,1,0
538024,0,0,0,0,1,0,1,0,1,1
538025,0,0,0,0,1,0,1,0,1,0
539001,0,0,0,0,1,0,1,0,1,0
539002,0,0,0,0,0,0,1,0,1,0
539003,0,0,0,0,0,0,1,0,0,0
539004,0,0,0,0,0,0,1,0,0,0
539005,0,0,0,0,0,0,1,0,0,0
539006,0,0,0,0,0,0,1,1,1,0
539007,0,0,0,0,0,0,1,0,0,0
539008,0,1,0,0,0,0,1,0,0,0
539009,0,1,0,0,1,0,1,0,1,1
539010,0,1,0,0,0,0,1,0,1,0
539011,0,1,0,0,0,0,0,0,1,0
539012,0,1,0,0,0,0,1,0,1,0
539013,0,0,0,0,0,0,1,0,0,0
539014,0,0,0,0,0,0,1,1,1,0
539015,0,0,0,0,0,0,1,1,1,0
539016,0,1,0,0,0,0,1,1,0,0
539017,0,0,0,0,0,0,1,1,1,0
539018,0,0,0,0,0,0,1,1,1,0
539019,0,0,0,0,0,0,1,0,1,0
539020,0,1,0,0,1,0,1,0,1,1
539021,0,0,0,0,0,0,1,0,0,0
539022,0,0,0,0,0,0,1,0,0,0
539023,0,0,0,0,0,0,1,1,0,0
539024,0,0,0,0,0,0,1,0,0,0
539025,0,0,0,1,0,0,1,0,0,0
540001,0,0,0,0,0,0,0,0,0,0
540002,0,0,0,0,0,0,1,0,0,0
540003,0,0,0,0,0,0,0,0,0,0
540004,0,0,0,0,0,0,0,0,0,0
540005,0,1,0,0,0,0,0,0,0,0
540006,0,0,0,0,0,0,1,0,0,0
540007,0,0,0,0,0,0,1,0,1,0
540008,0,0,0,0,0,0,1,0,0,0
540009,0,0,0,0,0,0,0,0,0,0
540010,0,0,0,0,0,0,0,0,0,0
540011,0,1,0,0,0,0,1,0,1,0
540012,0,0,0,0,0,1,1,0,0,0
540013,0,0,0,0,1,0,0,0,0,0
540014,0,0,0,0,0,0,0,0,0,0
540015,0,0,0,0,0,0,0,0,0,0
540016,0,1,0,0,0,1,1,1,0,0
540017,0,0,0,0,1,0,1,0,0,0
540018,0,0,0,0,0,0,1,0,0,0
540019,0,0,0,0,0,1,0,0,0,0
540020,0,1,0,0,0,1,1,0,0,0
540021,0,0,0,0,0,0,0,0,0,0
540022,0,0,0,0,0,1,0,0,1,0
540023,0,0,0,0,1,0,1,0,0,0
540024,0,0,0,0,1,0,1,1,1,0
540025,0,0,0,0,0,1,0,0,1,0
