hh_id,d_cm,d_nutr,d_satt,d_educ,d_elct,d_wtr,d_sani,d_hsg,d_ckfl,d_asst
10001,0,0,0,0,0,0,1,0,0,0
10006,0,0,0,0,0,0,1,0,1,0
10011,0,0,0,0,0,0,1,0,0,0
10016,0,0,0,0,0,0,1,0,0,1
10020,0,0,1,0,0,0,1,0,1,0
10025,0,0,0,0,1,0,1,0,1,1
10030,0,1,0,0,0,0,1,0,1,1
10035,0,0,0,0,0,0,1,0,0,0
10039,0,1,1,0,1,0,1,0,1,1
10044,0,0,0,0,0,0,1,0,1,0
10049,0,0,0,1,0,0,1,0,1,1
10053,0,0,0,0,0,0,1,0,0,1
10058,0,0,0,0,0,0,1,0,1,0
10063,0,0,0,0,0,0,1,0,1,0
10068,0,0,0,1,1,0,1,0,1,1
20004,0,0,1,0,0,0,0,0,1,0
20014,0,0,0,0,0,0,0,0,1,1
20023,0,1,0,0,0,0,1,0,1,0
20033,0,0,0,1,0,0,0,0,0,0
20043,0,1,0,0,0,0,1,0,1,0
20052,0,0,0,0,0,0,1,0,1,0
20062,0,0,0,0,0,0,1,0,1,0
20071,0,0,0,0,0,0,0,0,1,0
20081,0,0,0,1,0,0,1,0,1,1
20090,0,0,0,0,1,0,1,0,1,1
20100,0,0,0,1,0,0,1,0,1,0
20109,0,0,0,0,0,0,1,0,1,0
20119,0,0,0,0,0,0,1,0,1,0
20128,0,0,0,0,0,0,1,0,1,0
20138,0,0,0,0,0,0,1,0,1,0
30012,0,0,0,0,0,0,1,0,0,0
30025,0,0,0,0,0,0,0,0,0,0
30038,0,0,0,0,0,0,1,0,1,0
30051,0,0,0,0,0,0,1,0,0,0
30064,0,0,0,0,0,0,1,0,0,0
30077,0,0,0,0,0,0,0,0,0,0
30090,0,0,0,0,0,0,0,0,1,0
30103,0,0,0,0,0,0,0,0,0,0
30116,0,0,0,0,0,0,1,0,0,0
30129,0,0,0,0,0,0,0,0,0,0
30142,0,0,0,0,0,0,1,0,0,0
30155,0,1,0,0,0,0,1,0,0,0
30168,0,1,0,0,1,0,1,0,1,0
30181,0,0,0,0,0,0,0,0,0,0
30194,0,0,0,1,0,0,1,0,1,0
40011,0,0,0,0,0,0,1,0,1,0
40024,0,0,0,0,0,0,0,0,0,0
40036,0,0,0,1,0,0,1,0,1,1
40049,0,0,0,0,0,0,1,0,1,1
40062,0,0,0,0,0,0,1,0,1,0
40074,0,0,0,0,0,0,1,0,1,0
40087,0,0,0,0,0,0,1,1,0,0
40100,0,0,0,0,0,0,1,0,1,0
40113,0,0,0,0,0,0,1,0,1,1
40125,0,,0,0,0,0,1,0,0,0
40138,0,0,0,1,0,0,1,0,1,1
40151,0,0,0,0,0,0,1,0,0,0
40164,0,0,0,0,0,0,1,0,0,0
40176,0,0,0,0,0,0,1,0,1,0
40189,0,0,0,0,0,0,1,0,1,0
50004,0,0,0,0,0,0,0,0,0,0
50018,0,0,0,0,0,0,1,0,0,1
50031,0,0,0,0,0,0,1,0,1,0
50044,0,0,0,1,0,0,1,1,1,0
50057,0,0,0,0,0,0,1,1,1,0
50070,0,0,0,0,0,0,1,1,1,0
50084,0,0,0,0,0,0,0,0,0,0
50097,0,1,0,0,0,0,1,0,1,1
50110,0,0,0,0,0,0,1,0,1,1
50123,0,0,0,0,0,0,1,1,1,0
50136,0,0,0,0,0,0,1,1,1,0
50150,0,0,0,0,0,0,1,0,0,0
50163,0,1,0,0,0,0,1,0,1,0
50176,0,0,0,0,0,0,1,0,1,0
50189,0,0,0,0,1,0,1,1,1,0
60011,0,0,0,0,0,0,1,0,1,0
60025,0,0,0,0,0,0,1,0,1,0
60039,0,0,0,0,0,0,0,0,0,0
60053,0,1,0,0,0,0,1,0,1,0
60067,0,0,0,1,0,1,1,0,1,0
60082,0,0,0,1,0,0,1,0,1,0
60096,0,0,0,1,0,0,1,0,1,0
60110,0,0,0,0,0,0,1,0,1,0
60124,0,0,0,0,0,0,0,0,1,0
60138,0,0,0,0,0,1,1,0,1,0
60152,0,1,0,0,0,0,1,0,0,0
60167,0,1,0,0,0,0,0,0,1,0
60181,0,0,0,0,0,0,1,0,0,0
60195,0,0,0,0,0,0,1,0,0,0
60209,0,1,0,0,0,0,1,0,1,0
70009,0,0,0,1,0,0,1,0,1,0
70024,0,1,0,0,0,0,1,0,1,0
70038,0,0,0,0,0,1,1,0,1,0
70052,0,0,0,0,0,1,1,0,1,0
70066,0,0,0,0,0,0,1,0,1,0
70080,0,1,0,0,0,0,0,0,1,0
70094,0,0,0,0,1,0,1,0,1,1
70108,0,0,0,0,0,0,0,0,0,0
70122,0,0,0,0,0,0,0,0,0,0
70136,0,0,0,0,0,0,1,0,1,0
70150,0,0,0,0,0,0,1,0,1,0
70164,0,,1,0,0,0,1,0,1,0
70178,0,0,0,0,0,0,1,0,1,0
70192,0,0,0,0,0,1,1,0,1,0
70206,0,0,0,0,0,0,0,0,1,0
80001,0,0,0,0,0,0,1,0,0,0
80010,0,0,0,0,0,0,1,0,1,0
80019,0,1,0,0,0,0,1,0,1,0
80028,0,0,0,0,1,0,1,0,1,1
80037,0,0,0,1,0,0,1,0,1,0
80046,0,0,0,0,0,1,0,0,0,0
80055,0,0,0,0,0,0,1,0,1,0
80064,0,0,0,0,0,0,1,0,1,0
80073,0,0,0,0,0,0,1,0,1,0
80082,0,0,0,1,0,0,1,0,0,1
80091,0,1,0,0,0,0,0,0,1,0
80100,0,0,0,1,0,0,1,0,1,0
80109,0,0,0,0,0,0,1,0,1,0
80118,0,0,0,0,0,0,1,0,1,0
80127,0,0,0,0,0,0,1,0,1,0
90001,0,0,0,0,0,0,1,0,0,0
90016,0,1,0,0,0,0,1,0,1,0
90030,0,0,0,0,0,0,1,0,0,0
90045,0,1,0,0,0,0,1,0,0,0
90060,0,0,0,0,0,0,0,0,0,0
90074,0,0,0,0,0,0,1,0,1,0
90089,0,0,0,0,1,0,1,0,0,0
90103,0,0,0,0,0,0,1,0,1,0
90118,0,1,0,0,0,0,1,0,0,0
90132,0,0,0,1,0,0,1,0,1,0
90147,0,1,0,0,0,0,1,0,0,0
90161,0,0,0,0,0,0,1,0,1,1
90176,0,0,0,0,0,0,1,0,0,0
90190,0,0,0,1,1,0,0,0,1,0
90205,0,0,0,0,0,0,1,1,1,1
100013,0,0,0,0,0,0,1,0,0,1
100027,0,0,0,0,0,0,0,0,0,0
100040,0,0,0,0,0,0,0,0,0,0
100054,0,0,0,0,0,0,0,0,0,0
100067,0,0,0,1,0,0,0,0,0,0
100080,0,0,0,0,0,0,0,0,0,0
100094,0,0,0,0,0,0,1,0,0,0
100107,0,0,0,0,0,0,0,0,0,0
100121,0,0,0,0,0,0,0,0,0,0
100134,0,0,0,0,0,0,0,0,0,0
100148,0,0,0,0,0,0,1,0,0,0
100161,0,0,0,0,0,0,0,0,0,0
100175,0,0,0,0,0,0,0,0,1,0
100188,0,0,0,0,0,0,0,0,0,0
100202,0,0,0,0,0,0,0,0,0,0
110006,0,0,0,0,0,0,1,0,0,0
110013,0,0,0,0,0,0,0,0,0,0
110019,0,0,0,0,0,1,1,0,1,0
110025,0,0,0,0,0,0,0,0,0,0
110031,0,0,0,0,0,0,1,0,0,0
110037,0,0,0,0,0,0,1,0,0,0
110043,0,1,0,0,0,0,1,0,1,0
110049,0,0,0,1,0,0,0,0,0,0
110056,0,1,0,0,0,0,1,0,1,0
110062,0,0,0,0,0,0,1,0,1,0
110068,0,0,0,0,0,0,1,0,0,0
110074,0,0,0,0,0,0,1,0,0,0
110080,0,0,0,0,0,0,1,0,1,1
110086,0,0,0,0,0,0,1,0,0,0
110092,0,0,0,0,0,0,1,0,0,0
120002,0,0,0,0,0,0,0,0,0,0
120008,0,0,0,0,0,0,0,0,0,0
120013,0,0,0,0,0,0,0,0,0,0
120018,0,0,0,0,0,0,0,0,0,0
120023,0,0,0,1,0,0,0,0,0,0
120029,0,0,0,0,0,0,0,0,0,0
120034,0,0,0,1,0,0,0,0,0,0
120039,0,0,0,0,0,0,0,0,0,0
120045,0,0,0,0,0,0,0,0,0,0
120050,0,0,0,0,0,0,0,0,0,0
120055,0,0,0,0,0,0,1,0,0,0
120060,0,0,0,0,0,0,0,0,0,0
120066,0,0,0,0,0,0,0,0,0,0
120071,0,0,0,0,0,0,0,0,0,0
120076,0,0,0,0,0,0,0,0,0,0
130010,0,0,0,0,0,0,1,0,0,0
130024,0,0,0,0,0,0,1,0,0,0
130037,0,0,0,0,0,0,1,0,0,0
130051,0,0,0,0,0,0,1,0,0,0
130065,0,0,0,0,0,0,1,0,0,0
130078,0,0,0,0,0,0,1,0,0,0
130092,0,0,0,0,0,0,1,0,1,0
130105,0,0,0,0,0,0,1,0,0,0
130119,0,0,0,0,1,0,1,0,1,0
130133,0,0,0,1,0,0,1,0,1,0
130146,0,0,0,0,0,0,0,0,0,0
130160,0,0,0,0,0,0,1,0,1,0
130173,0,0,0,0,0,0,0,0,0,0
130187,0,0,0,0,0,0,1,0,0,0
130201,0,0,0,0,0,0,1,0,1,0
140009,0,0,0,0,0,0,1,0,0,0
140022,0,1,0,0,0,0,0,0,0,0
140034,0,0,0,0,0,0,1,0,1,0
140046,0,0,0,0,0,0,1,0,1,0
140058,0,0,0,0,0,0,0,0,1,0
140070,0,0,0,0,0,0,1,0,1,0
140082,0,0,0,0,0,0,1,0,1,0
140094,0,0,0,0,0,0,1,0,0,0
140106,0,1,0,0,0,0,1,0,1,0
140118,0,1,0,0,0,0,0,0,1,0
140130,0,0,0,0,0,0,0,0,0,0
140142,0,0,0,0,0,0,1,0,0,0
140154,0,0,0,0,0,0,0,0,0,0
140166,0,0,0,0,0,0,0,0,0,0
140178,0,0,0,0,0,0,1,0,1,0
150003,0,0,0,0,0,0,0,0,0,0
150023,0,0,1,1,0,0,1,0,1,0
150043,0,0,0,0,0,0,1,0,0,0
150063,0,0,0,0,0,0,1,0,1,0
150083,0,0,0,0,0,0,0,0,0,0
150102,0,1,0,0,0,0,1,0,0,0
150122,0,1,0,0,0,0,1,0,1,0
150142,0,0,0,0,0,0,1,0,1,0
150162,0,0,0,0,0,0,1,0,0,0
150182,0,0,0,1,0,0,1,0,1,0
150201,0,0,0,0,0,0,1,0,0,0
150221,0,1,0,0,0,0,1,0,1,0
150241,0,1,0,0,0,0,1,0,0,0
150261,0,0,0,0,0,0,1,0,0,0
150281,0,0,0,0,0,0,1,0,0,0
160001,0,0,0,0,0,0,0,0,1,0
160013,0,0,0,0,0,0,0,0,0,0
160025,0,0,0,0,0,0,1,0,1,0
160037,0,0,0,0,0,0,1,0,1,0
160049,0,0,0,0,0,0,1,0,1,0
160061,0,0,0,0,0,0,1,0,1,0
160073,0,0,0,0,0,0,0,0,0,0
160085,0,0,0,0,0,0,1,0,0,0
160097,0,0,0,0,0,0,1,0,1,0
160109,0,0,0,0,0,0,1,0,0,0
160121,0,0,0,1,0,0,0,0,1,0
160133,0,,0,0,0,0,1,0,0,0
160145,0,0,0,0,0,0,1,0,0,0
160157,0,0,0,0,0,0,1,0,0,0
160169,0,0,0,1,0,0,1,0,0,1
170019,0,0,1,1,0,0,1,0,1,1
170039,0,1,0,0,0,0,1,0,1,0
170059,0,0,0,0,0,0,0,0,1,0
170078,0,0,0,0,0,0,0,0,0,0
170098,0,0,1,1,1,0,1,0,1,1
170118,0,0,0,1,0,0,1,0,1,1
170137,0,0,1,0,0,1,1,0,1,0
170157,0,0,0,0,0,0,1,0,1,1
170177,0,1,0,0,0,0,1,0,1,0
170196,0,0,0,0,0,0,1,0,0,0
170216,0,0,0,1,0,0,1,0,1,0
170236,0,1,0,0,0,0,1,0,1,0
170255,0,0,0,0,0,0,1,0,1,0
170275,0,0,0,1,0,0,1,0,1,1
170295,0,0,0,0,0,0,1,0,1,0
180028,0,0,0,0,0,0,0,0,0,0
180047,0,0,0,0,0,0,1,0,1,0
180066,0,0,0,1,1,0,1,0,1,1
180085,0,0,0,0,1,1,1,0,1,1
180104,0,0,0,0,1,1,1,0,1,1
180123,0,0,0,0,0,0,1,0,1,0
180142,0,0,0,0,0,0,1,0,1,0
180161,0,0,0,0,0,0,1,0,1,0
180181,0,0,0,0,0,0,0,0,0,0
180200,0,0,0,0,0,0,1,0,0,0
180219,0,0,0,0,0,0,1,0,0,0
180238,0,0,0,0,0,0,1,0,0,0
190007,0,0,0,0,0,0,1,0,1,0
190047,0,0,0,0,0,0,1,0,1,0
190067,0,0,0,1,0,0,0,0,1,0
190106,0,0,0,0,0,0,0,0,1,0
190126,0,1,0,0,0,1,1,0,1,1
190146,0,0,0,0,0,0,1,0,1,0
190165,0,0,0,1,0,1,1,0,1,0
190185,0,0,0,0,0,0,1,0,0,0
190205,0,0,0,0,0,1,1,0,0,0
190224,0,0,0,0,0,0,1,0,1,0
190244,0,1,0,0,0,1,1,0,1,0
190264,0,0,0,0,1,1,1,0,0,1
190284,0,0,0,0,0,0,1,0,1,0
200009,0,0,0,0,1,1,1,1,1,1
200019,0,0,0,0,0,0,1,0,1,0
200029,0,0,0,0,0,0,1,0,1,1
200039,0,0,0,0,0,0,0,0,0,0
200050,0,1,0,1,0,0,1,0,1,1
200060,0,0,0,1,0,1,1,1,1,1
200070,0,1,0,0,0,0,1,1,1,0
200080,0,0,0,0,0,1,1,1,1,1
200091,0,0,0,0,0,1,1,1,1,0
200101,0,0,0,0,0,1,1,1,1,1
200111,0,0,0,0,0,0,1,1,1,0
200121,0,0,0,1,1,1,1,1,1,1
200132,0,0,0,0,0,0,1,1,1,0
200142,0,0,0,0,0,1,1,1,1,0
200152,0,1,0,0,1,1,1,1,1,0
210015,0,0,0,0,0,0,1,0,0,0
210035,0,0,0,0,0,0,1,0,1,0
210054,0,0,0,0,0,0,1,0,1,0
210074,0,0,0,0,0,0,1,0,0,0
210093,0,0,0,0,0,0,1,0,1,0
210113,0,0,0,0,0,0,1,0,1,0
210132,0,0,0,0,0,0,1,0,0,0
210152,0,0,0,0,0,0,0,0,0,0
210171,0,1,0,0,0,0,1,0,1,0
210191,0,0,0,0,0,0,1,0,1,0
210211,0,0,0,0,0,0,1,0,1,0
210230,0,0,0,0,0,0,1,0,1,0
210250,0,0,0,0,0,0,1,0,1,0
210269,0,0,0,0,0,0,1,0,0,0
210289,0,0,0,0,0,0,1,0,1,0
220003,0,0,0,0,0,0,1,0,0,1
220023,0,0,0,0,0,0,1,0,0,0
220043,0,0,0,0,0,0,0,0,0,0
220062,0,0,0,1,0,0,0,0,0,0
220082,0,0,0,0,0,0,1,0,0,0
220101,0,1,0,0,0,0,1,0,0,0
220121,0,0,0,0,0,0,1,0,0,0
220141,0,0,0,0,0,0,1,0,0,0
220160,0,0,0,1,0,0,1,0,1,0
220180,0,0,0,0,0,0,1,0,0,0
220199,0,0,0,1,0,0,1,0,1,1
220219,0,1,0,0,0,0,1,0,1,0
220239,1,0,0,1,0,0,1,0,1,1
220258,1,0,0,0,0,0,1,0,1,0
220278,0,0,0,0,0,0,1,0,1,0
230011,0,0,0,0,0,0,1,0,0,0
230027,0,0,0,0,0,0,0,0,0,0
230044,0,0,0,0,0,0,1,0,1,0
230061,0,0,0,1,0,0,1,0,1,1
230077,0,0,0,0,0,0,1,0,0,0
230094,0,0,0,0,0,0,1,0,1,0
230111,0,0,0,0,0,0,1,0,0,0
230127,0,0,0,0,0,1,1,0,1,0
230144,0,0,0,0,0,0,0,0,1,1
230161,0,0,0,0,0,0,1,0,1,0
230177,0,0,0,1,0,0,1,0,1,0
230194,0,0,0,0,0,0,1,0,1,0
230211,0,1,0,0,0,0,1,0,1,0
230227,0,0,0,0,0,0,1,0,1,0
230244,0,0,0,0,0,0,1,0,1,0
240010,0,0,0,0,0,0,0,0,1,0
240027,0,0,0,0,0,0,1,0,0,0
240045,0,0,0,0,0,0,0,0,0,0
240062,0,0,0,0,0,0,0,0,0,0
240079,0,1,0,0,0,0,0,0,1,0
240096,0,1,0,0,0,0,0,0,0,0
240114,0,0,0,0,0,0,0,0,0,0
240131,0,0,0,0,0,0,1,0,1,1
240148,0,0,0,1,0,0,0,0,1,0
240165,0,0,0,0,0,0,0,0,0,0
240183,0,0,0,0,0,0,0,0,0,0
240200,0,0,0,0,0,0,0,0,0,0
240217,0,0,0,0,0,0,0,0,0,0
240234,0,0,0,0,0,0,0,0,0,0
240252,0,0,0,0,0,0,0,0,0,0
250008,0,1,0,0,0,0,1,0,1,0
250025,0,0,0,0,0,0,0,0,1,0
250042,0,0,0,0,0,0,1,0,0,1
250059,0,0,0,0,0,0,0,0,0,0
250093,0,0,0,0,0,0,1,0,1,0
250110,0,0,0,0,0,0,1,0,0,0
250127,0,0,0,0,0,0,1,0,1,1
250144,0,0,0,0,0,0,0,0,0,0
250161,0,0,0,0,0,0,1,0,0,0
250178,0,0,0,0,0,0,1,0,1,0
250195,0,0,0,0,0,0,1,0,0,0
250212,0,0,0,0,0,0,1,0,1,0
250229,0,0,0,0,0,0,0,0,0,0
250246,0,0,0,0,0,0,1,0,0,1
260005,0,0,0,0,0,0,0,0,1,0
260018,0,0,0,0,0,0,1,0,1,0
260030,0,0,0,0,0,0,1,0,0,0
260042,0,0,0,0,0,0,0,0,0,0
260054,0,0,0,0,0,0,0,0,0,0
260066,0,0,0,0,0,0,0,0,0,0
260078,0,0,0,0,0,0,0,0,0,0
260090,0,1,0,0,0,0,1,0,0,0
260102,0,1,0,0,0,0,0,0,0,0
260115,0,0,0,0,0,0,1,0,0,0
260127,0,0,0,0,0,0,0,0,0,0
260139,0,0,0,0,0,0,1,0,1,0
260151,0,0,0,0,0,0,0,0,1,0
260163,0,0,0,1,0,0,1,0,1,0
260175,0,0,0,0,0,0,0,0,0,0
270016,0,0,0,0,0,0,1,0,0,0
270034,0,1,0,0,0,0,1,0,0,0
270052,0,0,0,0,0,0,1,0,1,0
270070,1,1,0,1,0,0,1,0,1,0
270088,0,0,0,0,0,0,1,0,0,0
270106,0,0,0,0,0,0,0,0,1,0
270124,0,0,0,0,0,0,1,0,1,0
270142,0,0,0,0,0,0,0,0,1,0
270160,0,0,0,1,0,0,1,0,0,1
270178,0,0,0,0,0,0,1,0,1,0
270196,0,0,0,0,0,0,1,0,0,0
270214,0,0,0,0,0,1,1,0,1,0
270232,0,1,0,0,0,0,1,0,0,1
270250,0,0,0,0,0,0,1,0,1,0
270268,0,0,0,0,0,0,1,0,1,0
280043,0,0,0,0,0,0,0,0,0,0
280053,0,0,0,0,1,0,1,0,1,0
280063,0,0,0,0,1,0,1,1,1,0
280073,0,0,0,0,1,0,1,1,1,1
280083,0,0,0,0,1,0,1,1,1,1
280093,0,0,0,0,1,0,1,1,1,1
280103,1,0,0,0,1,0,1,1,1,0
280113,0,0,0,0,1,1,1,1,1,0
280123,0,0,1,1,1,1,1,1,1,0
280133,0,0,0,0,1,1,1,1,1,1
280143,0,0,0,1,1,1,1,1,1,1
290003,0,0,0,1,0,0,1,0,1,0
290018,0,0,0,0,0,0,1,0,0,0
290033,0,0,0,0,0,0,1,0,1,0
290048,0,1,0,0,0,1,1,0,1,0
290063,0,0,0,0,0,0,1,0,0,0
290078,0,0,0,0,0,0,1,0,1,0
290093,0,1,1,1,0,1,0,1,1,0
290108,0,0,0,0,0,0,1,0,1,0
290123,0,0,0,0,0,0,0,0,0,0
290138,0,0,0,1,0,0,1,0,1,0
290153,0,0,0,0,0,0,1,0,0,0
290168,1,1,0,0,0,0,0,0,1,0
290183,0,0,0,0,0,0,1,0,1,0
290198,0,0,0,0,0,0,0,0,0,0
290213,0,0,0,0,0,0,1,0,1,0
300008,0,0,0,0,1,1,1,1,1,1
300020,0,0,0,0,1,1,1,1,1,1
300032,0,1,0,1,1,1,1,1,1,1
300044,0,0,0,0,1,1,1,1,1,0
300055,0,0,0,1,1,1,1,1,1,1
300067,0,0,0,1,1,1,1,1,1,0
300091,0,0,0,0,1,1,1,0,1,0
300103,0,0,0,0,1,1,1,1,1,0
300115,0,0,0,0,1,1,1,1,1,0
300126,0,0,0,0,1,1,1,1,1,0
300138,0,1,0,0,1,1,1,0,1,0
300150,0,0,0,0,1,1,1,1,1,0
300162,0,1,0,0,1,1,1,1,1,0
300174,0,0,0,0,1,1,1,1,1,0
310011,0,0,0,0,0,0,1,0,0,0
310028,0,0,0,0,0,0,1,0,1,0
310045,0,0,0,1,0,0,1,0,1,0
310062,0,0,0,0,0,0,1,0,0,0
310079,0,0,0,1,0,0,1,0,1,1
310096,0,0,0,0,0,0,1,0,1,0
310113,0,1,1,0,0,0,1,0,1,1
310130,0,1,0,0,0,0,1,0,1,0
310147,0,0,0,0,0,0,1,0,0,0
310164,0,0,0,0,0,0,1,0,1,0
310181,0,0,0,0,1,0,1,0,0,1
310198,0,0,0,0,0,0,1,0,1,0
310215,0,1,0,0,1,0,1,0,1,0
310232,0,1,0,0,0,0,1,0,1,0
310249,0,0,0,0,0,0,1,0,1,0
320001,0,0,0,1,0,1,1,0,1,1
320017,0,0,0,0,0,0,1,0,1,0
320032,0,0,0,0,0,0,1,0,1,0
320048,0,0,0,0,0,0,1,0,1,0
320063,0,0,0,1,0,0,1,0,0,0
320078,0,0,0,0,0,0,0,0,1,0
320094,0,0,0,0,0,0,1,0,1,0
320109,0,0,0,0,0,0,1,0,1,0
320125,0,0,0,0,0,0,1,0,0,0
320140,0,0,0,0,0,0,1,0,0,0
320155,0,0,0,0,0,0,1,0,1,0
320171,0,0,0,0,0,0,1,0,1,1
320186,0,0,0,0,0,0,0,0,1,0
320202,0,0,0,0,0,0,1,0,1,0
320217,0,1,0,0,1,0,1,1,1,1
330005,0,0,0,0,0,0,1,0,1,0
330016,0,1,0,0,0,1,1,0,1,0
330026,0,0,0,0,0,0,0,0,0,0
330037,0,1,0,0,0,0,1,0,1,0
330047,0,1,0,0,0,0,1,0,1,0
330058,0,0,0,0,0,0,1,0,1,0
330068,0,0,0,1,0,0,1,0,1,1
330079,0,0,0,0,0,0,1,0,1,0
330089,0,1,0,0,0,0,1,0,1,0
330100,1,1,0,0,0,0,1,0,1,0
330110,0,1,0,0,0,0,1,0,1,0
330121,0,0,0,0,0,0,1,0,0,0
330131,0,0,0,0,0,0,1,0,1,0
330141,0,1,0,0,0,1,1,1,1,0
330152,0,0,0,0,0,0,1,0,1,0
340014,0,1,0,0,0,0,1,0,1,0
340028,0,0,0,0,0,0,1,0,1,0
340042,0,,0,0,0,0,1,0,1,1
340057,0,0,0,0,1,0,1,0,1,1
340071,0,1,0,0,0,0,1,0,1,0
340086,1,0,0,0,0,0,1,0,1,0
340100,0,0,0,0,0,0,1,0,1,0
340114,0,0,0,0,0,0,0,0,1,0
340129,0,0,0,0,0,0,1,0,1,0
340143,0,0,0,0,0,0,1,0,0,0
340158,0,1,1,0,0,0,1,0,1,0
340172,0,0,0,0,0,0,1,0,1,0
340186,0,1,0,0,0,0,1,0,1,1
340201,0,1,0,0,0,0,1,0,1,0
340215,0,0,0,0,0,0,1,0,1,0
350005,1,0,0,0,0,0,1,0,1,0
350020,0,0,0,0,0,0,1,0,1,1
350049,0,0,0,0,0,0,1,0,0,0
350063,0,0,0,0,0,0,1,0,0,0
350078,0,1,0,0,0,0,1,0,1,0
350092,0,0,0,0,0,0,1,0,1,0
350107,0,0,0,0,0,0,1,0,1,0
350121,0,0,0,0,0,0,1,0,1,0
350136,0,0,0,0,0,0,1,0,1,0
350150,0,0,0,0,0,0,1,0,1,1
350165,0,0,0,0,0,1,1,1,1,0
350179,0,0,0,0,0,1,1,0,1,0
350193,0,0,0,0,0,0,1,0,1,0
350208,0,0,0,0,0,0,0,0,0,0
360004,0,1,0,0,0,0,1,0,1,0
360019,0,0,0,0,0,0,1,0,1,0
360033,0,1,0,0,0,0,1,0,0,0
360047,0,0,0,0,0,0,1,0,0,0
360061,0,0,0,1,1,0,1,0,1,1
360075,0,0,0,0,0,0,1,0,0,1
360090,0,0,0,1,1,0,1,0,1,0
360104,0,0,0,0,0,0,1,0,1,0
360118,0,0,0,0,0,0,1,0,0,0
360132,0,0,0,0,0,0,1,0,1,0
360146,0,0,0,0,0,0,1,0,1,0
360161,0,0,0,0,0,0,1,0,0,0
360175,0,0,0,0,0,0,1,0,1,0
360189,0,0,0,0,0,0,1,0,1,0
360203,1,0,0,0,0,0,1,0,0,0
370013,0,0,0,0,0,0,0,0,1,0
370029,0,0,0,0,0,0,1,0,1,1
370046,0,0,0,0,0,0,1,0,1,0
370063,0,0,0,0,0,0,1,0,1,0
370079,0,0,0,0,0,0,1,0,1,0
370096,0,0,0,1,0,0,1,0,1,0
370113,0,0,0,0,0,0,1,0,1,0
370129,0,0,0,0,0,0,1,0,1,0
370146,0,0,0,0,0,0,1,0,1,0
370163,0,,0,0,0,0,1,0,0,0
370179,0,0,0,0,0,0,1,0,0,0
370196,0,0,0,0,0,1,0,0,0,0
370213,0,0,0,0,0,0,1,0,1,0
370229,0,0,0,0,0,1,1,1,1,0
370246,0,0,1,0,0,1,0,0,0,0
380009,0,0,0,0,0,0,0,0,0,0
380022,0,0,0,0,0,0,0,0,0,0
380035,0,0,0,0,0,0,0,0,0,0
380048,0,0,0,0,0,0,0,0,1,0
380061,0,0,0,0,0,0,1,0,1,0
380074,0,0,0,0,0,0,0,0,1,0
380087,0,1,0,0,0,0,1,0,1,0
380100,0,0,0,0,0,0,0,0,0,0
380113,0,0,0,0,0,0,0,0,1,0
380127,0,0,0,0,0,0,1,0,0,0
380141,0,0,0,0,0,0,0,0,0,0
380154,0,0,0,0,0,0,0,1,0,0
380193,0,0,0,0,0,0,0,0,0,0
390001,0,1,0,0,0,0,1,0,1,0
390011,0,0,0,0,0,0,1,0,0,0
390020,0,0,0,0,0,0,1,0,1,1
390029,0,0,0,0,0,0,1,0,0,0
390038,0,0,0,0,0,0,0,1,1,0
390048,0,0,0,0,0,0,1,1,1,0
390066,0,1,0,0,0,0,1,0,1,0
390076,0,0,0,0,0,0,1,0,1,0
390085,0,0,0,0,0,0,0,0,0,0
390094,0,0,0,0,0,0,1,0,0,0
390103,0,0,0,0,0,0,0,1,0,0
390113,0,0,0,0,0,0,0,1,1,0
390122,0,0,0,0,0,0,0,1,1,0
390131,0,0,0,0,0,0,0,0,0,0
400004,0,0,0,0,0,0,1,0,1,0
400010,0,0,0,0,0,0,1,0,1,0
400016,1,0,0,0,0,0,1,0,0,0
400021,0,0,0,0,0,0,1,0,1,0
400027,,,0,0,0,0,1,0,0,0
400033,0,0,0,1,0,0,1,1,1,1
400038,0,0,0,0,0,0,1,1,1,0
400044,0,0,0,0,0,0,1,1,1,0
400050,0,0,0,0,0,0,1,1,1,1
400055,0,0,0,0,0,0,1,1,1,0
400061,0,0,0,1,0,0,1,1,0,0
400067,0,0,0,0,0,0,1,1,0,0
400072,0,0,0,0,0,0,1,1,1,0
400078,0,0,0,0,0,0,1,0,1,0
400084,0,0,0,0,0,0,1,1,1,1
410015,0,1,0,0,0,0,1,0,1,0
410030,0,0,0,0,0,0,1,0,1,1
410045,0,0,0,0,0,0,1,0,1,0
410059,0,1,0,0,0,0,1,0,1,0
410074,0,1,0,0,0,0,1,0,1,0
410089,0,0,0,0,0,0,1,1,1,0
410104,0,1,0,0,0,0,1,0,0,0
410119,0,0,0,0,0,0,1,0,0,0
410134,0,0,0,0,0,0,1,1,0,0
410149,0,0,0,0,0,0,1,1,1,1
410164,0,0,0,0,0,0,1,1,1,0
410178,0,0,0,0,0,0,1,0,1,0
410193,0,0,0,0,0,0,1,1,0,0
410208,0,0,0,0,0,0,1,0,1,0
410223,0,0,0,0,0,0,0,1,0,0
420007,0,0,0,0,0,0,1,0,0,0
420026,0,0,0,0,0,0,0,0,0,0
420044,0,0,0,0,0,0,0,1,1,0
420062,0,0,0,0,0,0,1,0,0,0
420080,0,0,0,0,0,0,0,0,1,0
420098,0,0,0,0,0,0,1,0,1,0
420116,0,0,0,0,0,0,0,1,1,0
420134,0,0,0,0,0,0,0,1,1,0
420152,0,0,0,0,0,0,1,0,1,0
420171,0,0,0,0,0,0,0,1,0,0
420189,0,1,0,0,0,0,1,0,1,0
420207,0,0,0,0,0,0,0,0,1,1
420225,0,0,0,0,0,0,1,1,1,0
420243,0,0,0,0,0,0,1,0,1,1
420261,0,1,0,0,0,0,1,1,1,0
430004,0,0,0,0,0,0,1,0,1,0
430015,0,0,0,0,0,0,1,1,1,0
430025,0,,0,0,0,0,1,0,1,1
430035,0,1,0,0,0,0,1,1,1,0
430045,0,0,0,0,0,0,1,0,1,0
430055,0,1,0,0,0,1,1,1,1,0
430065,0,1,0,0,0,0,0,1,1,1
430075,0,0,0,0,0,1,1,1,1,0
430085,0,0,0,1,0,1,1,0,1,0
430096,1,0,0,0,0,0,1,0,1,0
430106,0,0,0,0,0,0,1,0,1,0
430116,0,0,0,0,0,0,0,0,1,0
430126,0,0,0,0,0,0,1,0,1,0
430136,0,0,0,0,0,0,1,0,0,0
430146,0,0,0,0,0,1,1,1,1,0
440007,0,0,0,0,0,0,1,1,0,0
440017,0,0,0,0,0,0,1,1,1,0
440027,0,0,0,1,1,1,1,0,1,1
440037,0,0,0,0,0,0,1,0,1,0
440046,0,0,0,0,0,0,0,0,1,0
440056,0,0,1,0,0,0,1,1,1,1
440066,0,1,0,0,0,1,1,1,1,0
440076,0,0,0,0,0,0,1,0,1,0
440086,0,0,0,0,0,0,0,1,1,0
440096,0,0,0,0,0,1,0,0,1,0
440105,0,0,0,1,0,0,1,0,1,0
440115,0,0,0,0,0,0,1,0,1,1
440125,1,0,0,0,0,1,1,0,1,0
440135,0,0,0,0,0,0,1,0,0,0
440145,0,0,0,0,0,0,1,0,1,0
450003,0,0,0,0,0,0,1,1,1,0
450020,0,0,0,0,0,0,1,1,1,0
450037,0,0,0,0,0,0,1,0,1,0
450054,0,0,0,0,0,0,1,1,1,0
450070,0,1,0,0,0,0,1,0,1,0
450087,0,0,0,0,0,0,1,0,1,0
450104,0,0,0,0,0,0,0,1,0,0
450121,0,0,0,0,0,0,1,1,1,0
450137,0,0,0,0,0,0,0,1,1,0
450154,0,0,0,0,0,0,0,0,1,0
450171,0,0,0,0,0,0,0,0,0,0
450187,0,0,0,0,0,0,0,0,0,0
450204,0,1,0,0,0,0,0,0,1,0
450221,0,0,0,0,0,0,1,0,0,0
450238,0,0,0,0,0,0,0,0,1,0
460001,0,0,0,0,0,0,1,0,0,0
460016,0,0,0,0,0,0,1,0,1,0
460023,0,0,0,0,0,0,1,0,1,0
460030,0,0,0,0,0,0,0,0,1,0
460045,0,1,0,0,0,1,1,1,1,0
460052,0,0,0,0,0,0,1,1,1,1
460059,0,1,0,0,0,0,0,0,1,0
460066,0,0,0,1,0,0,1,1,1,1
460081,0,1,0,0,1,1,1,1,1,1
460088,0,0,0,0,0,1,1,1,1,1
460095,0,0,0,0,0,0,0,1,1,1
460102,0,1,0,1,0,0,0,1,1,0
470007,0,1,0,0,1,0,1,0,1,1
470018,0,0,1,0,0,0,1,0,1,0
470029,0,0,0,0,0,0,1,0,1,0
470040,0,0,0,0,0,0,1,0,1,1
470051,0,1,0,0,0,0,1,0,1,0
470062,0,0,0,0,0,1,1,1,1,1
470072,0,0,0,0,0,1,1,1,1,0
470083,0,1,0,0,0,0,1,1,1,0
470094,0,0,0,1,1,1,1,1,1,1
470105,0,0,0,1,0,1,1,0,1,0
470116,0,0,1,1,1,1,1,1,1,1
470127,0,0,0,1,0,0,1,0,1,1
470138,0,1,0,0,0,1,1,1,1,0
470149,1,1,1,0,0,1,1,0,1,0
470160,0,0,0,0,0,0,1,1,1,0
480006,0,1,0,0,0,1,1,1,1,0
480013,0,0,0,1,0,0,1,0,1,1
480019,0,1,0,0,0,0,0,0,1,0
480025,0,0,0,0,0,0,1,0,0,1
480031,0,0,0,0,0,0,1,0,1,0
480037,0,0,0,0,0,0,1,1,1,0
480043,0,0,0,0,0,0,1,0,0,0
480049,0,1,0,0,1,1,1,1,1,1
480055,0,0,0,0,0,0,0,0,1,0
480061,0,1,0,0,0,0,0,1,1,0
480067,1,0,0,0,0,1,1,1,1,0
480073,0,0,0,0,0,1,1,0,1,0
480079,0,0,0,0,0,0,0,0,0,0
480085,0,0,0,0,1,0,1,0,1,0
480091,0,0,0,0,0,1,1,1,1,0
490003,0,0,0,0,0,0,1,1,1,0
490011,0,0,0,1,0,0,1,1,1,1
490019,0,0,0,0,0,0,1,0,1,1
490027,0,0,0,1,0,0,1,0,1,1
490035,0,0,0,0,0,0,1,1,1,0
490043,0,0,0,0,0,0,1,0,1,1
490051,0,0,0,0,0,0,1,0,1,1
490059,,1,0,1,1,0,1,0,1,0
490075,0,0,0,0,0,0,1,0,0,0
490083,0,0,0,0,0,0,1,0,1,1
490091,0,0,0,1,0,0,1,1,1,0
490099,0,1,0,0,0,0,1,1,1,0
490107,0,0,0,0,0,0,1,0,1,1
490114,0,0,0,0,1,0,1,0,1,1
500013,0,0,0,0,0,0,1,1,1,0
500027,0,0,0,1,1,1,1,0,1,1
500042,0,1,0,1,0,0,1,0,1,1
500057,0,0,0,0,0,0,1,1,1,0
500071,0,0,0,0,0,0,1,0,0,0
500086,0,0,0,0,0,0,1,1,1,1
500101,0,0,0,0,0,1,1,0,1,1
500115,0,0,0,0,1,1,0,1,1,0
500130,0,0,0,0,0,1,1,0,1,0
500145,0,0,0,0,0,0,0,1,0,1
500159,0,0,0,0,0,0,0,0,1,0
500174,0,1,0,0,0,0,0,0,0,0
500189,0,1,0,0,0,0,1,0,1,1
500203,0,1,0,0,0,1,0,1,1,0
500218,0,0,0,0,0,0,1,0,0,0
510014,0,0,0,0,0,0,1,0,1,0
510031,0,0,0,0,0,0,1,1,1,1
510049,0,0,0,0,0,0,1,0,1,0
510066,0,1,0,0,0,1,1,0,1,1
510083,0,1,0,1,0,1,1,0,1,1
510100,0,1,0,0,0,1,1,1,1,0
510118,0,0,0,0,0,1,1,0,1,0
510135,0,0,0,0,0,1,1,1,1,0
510152,0,1,0,0,0,0,1,1,1,0
510169,0,0,0,0,0,0,0,1,0,0
510187,0,0,0,0,0,0,0,0,1,1
510204,1,0,0,0,0,0,0,0,1,0
510221,0,0,0,0,0,0,1,0,1,0
510238,0,0,0,0,0,0,1,0,0,0
510256,0,0,0,0,0,0,1,0,0,0
520004,0,0,0,0,0,0,0,0,1,0
520022,0,,0,0,0,0,1,0,0,0
520040,0,0,0,0,0,0,1,0,1,0
520057,0,0,0,0,0,0,0,0,0,0
520075,0,1,0,0,0,0,1,0,1,0
520093,0,1,0,0,0,0,1,0,1,0
520110,0,0,0,1,0,0,1,0,1,1
520128,0,0,0,0,0,0,1,0,1,0
520146,0,0,0,0,0,0,1,0,1,0
520163,0,0,0,0,0,0,1,1,1,0
520181,0,0,0,0,0,0,1,0,0,0
520199,0,0,0,0,0,0,1,1,1,0
520216,0,0,0,0,0,1,1,1,1,0
520234,0,0,0,0,0,1,1,1,1,0
520252,0,0,0,0,0,0,1,1,1,0
530002,0,0,0,0,0,0,1,0,0,0
530015,0,1,0,0,0,0,1,0,1,0
530028,1,0,0,1,0,0,1,0,1,0
530041,0,0,0,0,0,0,0,0,1,0
530054,0,0,0,0,0,0,1,0,1,0
530066,0,0,0,0,0,0,1,0,0,0
530092,0,0,0,0,0,0,0,1,0,0
530105,0,0,0,0,0,0,0,1,0,0
530118,0,0,0,0,0,0,1,0,0,0
530130,0,1,1,0,0,0,1,1,1,0
530143,0,0,0,0,0,0,0,0,0,0
530156,0,0,0,0,0,1,0,0,1,0
530169,0,0,0,1,0,0,0,0,0,0
530182,0,0,0,0,0,0,0,1,0,0
540006,0,0,0,0,0,1,1,1,1,0
540016,0,0,0,0,0,1,1,0,0,0
540025,0,0,0,0,0,0,0,0,0,0
540035,0,0,0,0,0,1,1,1,1,0
540044,0,1,0,0,0,0,1,0,1,0
540053,0,0,0,0,0,0,0,0,1,0
540063,0,0,0,0,0,0,1,0,1,0
540072,0,1,0,0,0,0,1,0,1,0
540082,0,0,0,0,0,0,1,0,0,0
540091,0,0,0,0,0,0,1,1,1,0
540101,0,1,0,0,0,0,1,1,1,0
540110,0,1,0,0,0,0,1,0,1,0
540120,0,0,0,0,0,0,1,1,1,0
540129,0,0,0,0,0,0,1,0,1,0
540139,0,0,0,0,0,0,1,0,1,0
550009,0,0,0,0,0,0,0,0,0,0
550026,0,1,0,0,0,0,1,0,1,0
550042,0,0,0,0,0,0,1,0,1,0
550058,0,0,0,0,0,0,1,0,0,0
550074,0,0,0,0,0,0,1,0,0,0
550090,0,0,0,0,0,0,1,0,1,0
550106,0,0,0,0,0,1,1,1,0,0
550122,0,0,0,0,0,0,1,0,0,0
550138,0,0,0,0,0,0,1,1,0,0
550154,0,0,0,0,0,0,1,0,1,1
550170,0,1,0,0,0,0,0,1,1,0
550186,1,1,0,0,0,0,0,0,1,0
550202,0,0,0,0,0,0,0,0,0,0
550218,0,0,0,0,0,0,0,1,0,0
550234,0,0,0,0,0,0,0,0,0,0
560007,0,0,0,0,0,0,1,0,1,0
560022,0,0,0,0,0,0,1,0,0,0
560037,0,0,0,0,0,0,1,0,1,0
560052,0,0,0,0,0,0,1,0,1,0
560082,0,0,0,0,0,0,1,0,0,0
560097,0,0,0,0,0,0,0,0,0,0
560111,0,0,0,0,0,0,1,0,0,0
560141,0,0,0,0,0,0,1,0,1,0
560156,0,0,0,0,0,0,1,0,1,0
560171,0,0,0,0,0,0,1,0,0,0
560186,0,0,0,0,0,0,1,0,0,0
560201,0,0,0,0,0,0,1,0,1,0
560216,1,0,0,0,0,0,1,0,0,0
570012,0,0,0,0,0,0,0,0,0,0
570024,0,0,0,0,0,0,1,0,1,0
570037,0,0,0,0,0,0,0,0,0,0
570050,0,0,0,0,0,0,0,0,0,0
570062,0,0,0,0,0,0,0,0,0,0
570075,0,0,0,1,0,0,0,0,1,0
570088,0,0,0,0,0,0,0,0,0,0
570100,0,0,0,0,0,0,1,0,0,0
570113,0,1,0,0,0,0,1,0,1,1
570126,0,0,0,0,0,0,0,0,0,0
570138,0,0,0,0,0,0,1,0,0,0
570151,0,0,0,0,0,0,1,0,1,0
570164,0,0,0,0,0,0,1,0,0,0
570176,0,0,0,0,0,0,1,0,1,0
570189,0,0,0,0,0,0,1,0,0,0
580013,0,0,0,0,0,0,1,0,1,0
580029,0,0,0,0,0,0,1,0,1,0
580045,0,0,0,0,0,0,1,0,0,0
580060,0,1,0,0,0,1,0,0,0,0
580076,0,0,0,0,0,1,0,0,0,0
580092,0,0,0,0,0,0,1,0,0,0
580108,0,0,0,0,0,0,1,0,0,0
580123,0,0,0,0,0,0,0,0,0,0
580139,0,0,0,0,0,0,1,0,1,0
580155,0,0,0,0,0,0,1,0,1,0
580171,0,0,0,0,0,0,0,0,1,0
580186,0,0,0,0,0,0,1,0,0,0
580202,0,0,0,0,0,0,0,0,0,0
580218,0,0,0,0,0,0,1,0,1,0
580234,0,0,0,0,0,0,0,0,0,0
590003,0,0,0,0,0,0,1,0,1,0
590015,0,0,0,0,0,0,1,1,0,0
590026,0,0,0,0,0,0,1,0,1,0
590038,1,0,0,0,0,0,1,0,1,0
590049,0,0,0,0,0,0,1,0,0,0
590072,0,0,0,0,0,0,1,0,1,0
590083,0,1,0,0,0,0,0,0,1,0
590095,0,0,0,0,0,0,1,0,0,0
590106,0,0,0,0,0,0,1,0,1,0
590117,0,0,0,0,0,0,0,0,0,0
590129,0,0,0,0,0,0,1,0,0,0
590140,0,0,0,0,0,0,1,0,0,0
590152,0,0,0,0,0,0,1,0,1,0
590163,0,1,0,0,1,0,1,0,1,1
600003,0,0,1,0,0,1,1,0,1,0
600016,0,0,0,0,0,1,1,0,1,1
600029,0,0,0,1,0,1,1,0,1,0
600041,0,0,1,0,0,1,1,0,1,0
600054,0,0,0,0,0,1,1,0,1,0
600067,0,0,0,1,0,1,1,0,1,1
600079,0,0,0,0,1,1,1,0,1,0
600092,,,0,0,0,1,1,0,1,0
600106,0,0,0,0,0,0,1,0,1,0
600118,0,1,0,0,0,1,1,0,1,0
600131,0,0,0,1,1,1,1,1,1,1
600156,0,1,0,1,1,1,1,0,1,1
600169,0,0,0,0,0,1,1,1,1,0
610009,0,0,0,0,0,0,1,0,1,0
610022,0,0,0,0,0,0,0,0,1,0
610036,0,0,0,0,0,0,1,0,0,0
610049,0,0,0,0,0,0,0,0,1,0
610062,0,0,0,0,0,0,1,0,0,0
610075,0,1,0,0,0,0,1,0,1,0
610102,0,0,0,1,0,0,1,0,1,0
610115,0,0,0,0,0,0,1,0,0,0
610128,0,0,0,1,0,0,1,0,1,0
610142,0,0,0,0,0,0,1,0,1,0
610155,0,0,0,0,0,0,0,0,0,0
610168,0,0,0,0,0,0,1,0,1,0
610182,0,0,0,0,0,0,0,0,0,0
610195,0,0,0,0,0,0,0,0,0,0
620001,0,1,0,0,0,0,0,0,1,0
620010,0,1,0,0,0,1,1,0,1,0
620019,0,0,0,0,0,0,1,0,0,0
620028,0,0,0,1,0,1,1,0,1,1
620037,0,0,0,0,0,0,1,0,0,0
620046,0,0,0,0,0,0,0,0,1,0
620055,0,1,0,0,0,0,1,0,1,0
620064,0,0,0,1,0,1,1,1,1,1
620073,0,0,0,0,1,1,1,1,1,1
620091,0,0,0,0,1,0,1,0,1,0
620109,0,0,0,0,0,0,1,0,1,1
620118,0,0,0,0,0,0,1,1,1,0
620126,0,0,0,0,0,1,1,1,1,0
630001,0,0,0,0,0,0,1,0,0,0
630018,0,0,0,0,0,0,0,0,0,0
630035,0,1,0,0,0,0,0,0,1,0
630052,0,0,0,0,0,0,1,0,0,0
630069,0,0,0,0,0,0,1,0,1,1
630086,0,0,0,0,0,0,1,0,1,0
630103,0,1,0,0,0,0,1,0,0,0
630120,0,0,0,0,0,0,1,0,1,0
630137,0,1,0,0,0,0,0,0,1,0
630154,0,1,0,0,0,0,1,0,1,1
630171,0,0,0,0,0,0,1,0,0,0
630188,0,0,0,0,0,0,1,0,1,0
630205,0,0,0,1,0,0,1,1,1,1
630222,0,0,0,0,0,0,1,1,1,0
630238,0,0,0,1,0,0,1,0,1,0
640017,0,0,0,0,0,0,1,0,1,0
640034,0,0,0,0,0,0,1,0,1,0
640052,0,0,0,0,0,0,1,0,1,0
640069,0,0,0,1,0,0,1,0,1,0
640086,0,1,0,0,0,0,1,0,0,0
640103,0,0,0,1,0,0,1,0,1,1
640121,0,0,0,0,0,0,1,0,1,0
640138,0,0,0,0,1,0,1,0,1,1
640155,0,0,0,0,0,0,1,0,1,0
640172,0,0,0,1,1,0,1,1,1,1
640190,0,1,0,0,0,0,1,0,1,0
640207,0,0,0,1,1,0,1,0,1,0
640224,0,1,0,0,0,0,1,1,0,0
640241,0,0,0,0,0,0,1,1,1,0
640259,0,0,0,0,0,0,1,1,1,0
650009,0,1,0,0,1,1,1,0,1,0
650018,0,0,0,0,1,1,1,1,0,1
650027,0,1,0,0,1,0,1,1,1,0
650037,0,0,0,0,1,0,1,0,1,1
650046,0,0,0,1,1,0,1,0,1,1
650055,0,0,0,0,1,0,1,0,1,0
650064,0,0,0,0,1,1,1,0,1,1
650073,0,0,0,0,1,0,1,1,1,0
650083,0,0,0,1,1,0,1,1,1,1
650092,1,0,0,0,1,1,1,1,1,1
650101,0,0,0,0,1,0,1,1,1,0
650110,0,0,0,1,0,0,1,1,1,0
650119,0,0,0,0,1,0,1,0,1,0
650129,0,0,1,0,1,1,1,1,1,0
650138,0,0,0,0,1,1,1,1,1,1
660004,0,1,0,0,0,1,1,0,1,0
660015,0,0,0,0,0,1,1,0,1,1
660025,0,0,0,0,0,0,1,0,1,0
660036,0,0,0,0,0,0,0,0,1,1
660047,0,1,0,0,0,1,1,0,1,1
660057,0,0,0,0,0,0,1,0,0,1
660068,0,0,0,0,0,0,1,0,1,0
660078,0,0,0,0,0,0,1,0,1,1
660089,0,0,0,0,0,0,1,0,1,0
660099,0,1,0,0,0,0,1,0,1,0
660110,0,1,0,0,0,1,1,0,1,0
660120,0,0,0,0,0,0,1,0,1,0
660131,0,0,0,0,0,0,1,0,1,0
660141,0,0,0,0,0,0,1,0,0,0
660152,0,0,0,0,0,0,1,0,1,0
670014,0,0,0,0,0,0,1,0,1,0
670030,0,0,0,0,0,1,1,1,0,0
670046,0,0,0,0,0,0,1,1,0,0
670063,0,1,0,0,0,0,1,0,1,0
670079,0,1,0,0,1,1,1,0,1,0
670095,0,0,0,0,0,0,0,0,0,0
670112,0,0,0,0,0,0,1,0,1,0
670128,0,0,0,0,0,0,1,0,0,0
670144,0,0,0,0,0,0,1,0,1,0
670161,0,1,0,0,0,0,1,0,1,0
670177,0,0,0,0,0,0,1,0,1,1
670193,0,0,0,0,0,0,0,0,0,0
670210,0,0,0,0,0,0,1,0,0,0
670226,0,1,0,0,0,0,1,1,1,0
670242,0,0,0,0,0,0,0,0,1,0
680011,1,1,0,0,0,0,1,0,1,1
680027,0,0,0,0,0,0,0,0,1,0
680043,0,1,0,0,0,1,1,0,1,1
680059,0,0,0,0,0,1,1,0,1,0
680075,0,0,0,0,0,1,1,0,1,0
680090,0,0,0,0,0,0,1,0,0,0
680106,0,0,0,0,0,0,1,0,1,0
680122,0,0,0,0,0,0,1,0,1,0
680138,0,0,0,0,0,0,1,0,1,0
680154,0,0,0,0,0,0,1,0,1,1
680169,0,0,0,0,0,0,1,0,0,0
680185,0,0,0,0,0,0,1,0,0,0
680201,0,0,0,0,0,0,1,0,0,0
680217,0,0,0,0,0,1,1,0,1,0
680233,0,0,0,0,0,1,0,0,1,0
690001,0,1,0,0,0,1,1,0,1,0
690009,0,0,0,1,0,0,1,0,1,1
690016,0,0,0,0,0,0,1,0,0,0
690023,0,0,0,0,0,1,0,0,1,0
690030,0,0,0,0,0,1,1,0,1,0
690037,0,1,0,0,0,0,1,1,1,0
690044,0,1,0,0,0,0,1,1,1,1
690051,1,1,0,0,0,1,1,1,1,0
690058,0,0,0,0,0,0,1,0,1,1
690066,0,0,0,0,0,1,1,0,1,1
690073,0,1,0,0,0,1,1,0,1,1
690080,0,1,0,0,1,1,1,1,1,1
690087,0,0,0,0,0,0,1,0,1,0
690094,0,1,0,0,0,0,1,0,1,0
690101,0,0,0,0,0,0,1,0,1,0
700003,0,0,0,0,0,0,0,0,0,0
700019,0,1,0,0,0,0,1,1,1,0
700035,0,0,0,0,0,0,1,0,1,0
700051,0,0,0,1,0,0,1,1,1,1
700067,0,0,0,0,0,0,1,0,1,0
700083,0,0,0,0,0,0,0,0,1,0
700099,0,1,0,0,0,1,1,1,1,0
700115,0,1,0,0,0,0,1,0,1,0
700131,0,0,0,0,0,1,1,0,1,1
700147,0,0,0,0,0,0,1,0,1,0
700163,0,0,0,0,0,0,1,0,1,0
700179,0,0,0,0,0,0,1,0,1,1
700195,0,0,0,0,0,0,0,0,1,0
700211,0,0,0,0,0,0,1,0,0,0
700227,0,0,0,0,0,0,1,0,0,0
710019,0,0,0,0,0,0,1,0,0,0
710039,0,0,0,0,0,1,1,1,1,0
710059,0,0,0,0,0,0,1,1,1,0
710078,0,1,0,0,0,0,1,0,1,1
710098,0,0,0,0,0,0,1,0,0,0
710118,1,0,0,0,0,0,1,0,1,0
710137,0,0,0,0,0,0,1,0,1,1
710157,0,0,0,0,0,0,1,1,0,0
710177,0,0,0,0,0,0,1,1,0,0
710196,0,0,0,0,0,0,0,0,1,0
710216,0,0,0,0,0,0,1,0,1,0
710236,0,0,0,0,0,0,1,0,0,0
710255,0,0,0,1,0,0,1,0,0,0
710275,0,0,0,0,0,0,1,1,1,1
710295,0,1,0,0,0,0,1,1,1,0
720007,0,0,0,0,0,0,1,0,1,0
720024,1,1,0,0,0,0,1,0,1,0
720040,0,1,0,0,0,0,1,0,1,0
720057,0,0,0,0,1,0,1,0,1,0
720073,0,0,0,1,0,0,1,0,1,0
720090,0,0,0,1,0,0,1,0,1,1
720106,0,0,0,0,0,0,1,0,1,0
720123,0,1,0,0,0,1,0,0,1,0
720139,0,0,0,0,0,0,1,0,1,0
720156,0,1,0,0,0,0,1,0,1,0
720172,0,0,0,0,0,0,1,0,1,1
720189,0,0,0,0,0,0,1,0,1,0
720205,0,0,0,0,0,1,1,0,1,0
720221,0,0,0,0,0,0,1,0,1,0
720238,0,0,0,1,0,0,1,0,1,0
730002,0,0,0,0,1,1,1,1,1,0
730008,0,0,0,0,1,1,1,1,1,1
730014,,,0,0,1,1,1,1,1,0
730020,0,0,1,0,0,1,1,0,1,0
730025,0,1,1,1,0,1,1,1,1,1
730031,0,0,0,0,1,1,1,1,1,0
730037,0,1,1,0,1,1,1,0,1,0
730043,0,1,0,1,1,1,1,1,1,1
730048,0,0,0,0,0,1,1,0,1,0
730054,0,1,0,0,0,1,1,0,1,0
730060,0,0,0,0,0,1,1,0,1,1
730065,0,1,1,0,0,0,1,1,1,0
730071,0,0,0,0,1,1,1,0,1,1
730077,0,0,0,1,1,1,1,1,1,1
730083,0,0,0,1,1,1,1,1,1,1
740014,0,0,0,0,0,0,1,0,1,0
740030,0,0,0,1,1,0,1,0,1,1
740047,0,1,0,0,1,0,1,0,0,1
740063,0,0,0,0,0,0,1,0,1,0
740080,0,0,0,0,0,0,0,1,1,0
740097,0,0,0,0,0,0,1,0,1,0
740113,0,0,0,0,0,0,1,0,1,0
740130,0,1,0,0,0,0,1,0,1,0
740147,0,0,0,0,0,0,1,0,0,0
740163,0,0,0,0,0,0,0,0,1,0
740180,0,0,0,0,0,0,1,1,0,0
740196,0,0,0,0,0,0,1,0,1,1
740213,0,1,0,0,1,0,1,1,1,1
740230,0,0,0,0,0,1,1,0,1,0
740246,0,1,0,0,0,0,1,0,0,0
750007,0,0,0,0,0,0,1,0,1,0
750016,1,0,0,0,0,0,1,0,1,0
750025,0,0,0,0,0,0,1,0,1,0
750034,0,0,1,0,0,0,1,0,1,0
750043,0,0,0,0,0,0,1,0,1,0
750053,0,0,0,0,0,0,1,0,0,0
750062,0,0,0,0,0,0,1,0,1,0
750071,0,0,0,0,0,0,1,0,1,0
750080,0,0,0,0,0,0,1,0,1,0
750089,0,0,0,0,0,0,1,0,0,0
750098,0,0,0,0,0,0,0,0,0,0
750107,0,0,0,0,1,1,1,0,1,0
750117,0,0,0,0,0,0,1,0,0,0
750126,0,0,0,0,0,1,1,0,1,1
750135,0,0,0,0,0,0,0,0,0,0
760003,0,0,0,0,0,1,1,0,0,0
760020,0,0,0,0,0,0,1,0,1,1
760036,0,0,0,0,0,0,1,0,0,0
760052,0,0,0,0,0,1,1,0,0,0
760068,0,1,0,0,0,0,1,0,1,0
760084,0,0,0,0,0,0,1,0,1,0
760100,0,0,0,0,0,0,1,0,1,1
760116,0,0,0,0,0,0,1,0,0,0
760132,0,1,0,0,0,0,1,0,1,0
760149,0,0,0,0,1,0,1,0,1,1
760165,0,0,0,0,0,0,1,0,1,1
760181,0,0,0,1,0,0,1,0,0,1
760197,0,0,0,0,0,0,1,0,0,0
760213,0,0,0,0,0,0,1,0,0,0
760229,0,0,0,1,1,0,1,0,0,1
770002,0,1,0,0,0,0,1,0,1,0
770019,0,0,0,0,0,0,1,0,0,0
770036,0,0,0,0,0,0,1,1,0,0
770053,0,0,0,0,0,0,1,0,1,0
770070,0,0,0,0,0,0,1,0,1,0
770087,0,1,0,0,0,0,1,0,0,0
770104,0,0,0,0,0,0,1,0,1,0
770121,0,0,0,1,0,0,0,0,1,0
770138,0,0,0,0,0,0,1,0,0,0
770155,0,0,0,0,0,0,1,0,0,0
770172,0,0,0,0,0,0,1,0,1,0
770189,0,0,0,0,0,0,0,0,1,0
770206,0,1,0,0,0,0,1,0,0,0
770223,0,1,0,0,0,0,1,0,0,0
770239,0,0,0,0,0,0,1,0,0,0
780009,0,0,0,0,0,0,0,0,0,0
780024,0,0,0,0,0,0,0,0,0,0
780038,0,0,0,0,0,0,1,0,0,0
780053,1,0,1,0,0,0,1,0,1,0
780068,0,1,0,1,0,0,1,0,0,0
780083,0,0,0,1,1,0,1,0,1,1
780098,0,0,0,1,0,0,1,0,1,0
780112,0,0,0,1,0,0,1,0,1,0
780127,0,0,0,0,0,0,0,0,0,0
780157,0,0,0,0,0,0,1,0,1,0
780172,0,0,0,0,0,0,1,0,1,0
780186,0,0,0,0,0,0,1,0,0,0
780201,0,0,0,0,0,0,0,0,0,0
780216,0,0,0,0,0,0,0,0,0,0
790004,0,0,0,0,0,0,1,0,1,0
790013,0,0,0,0,0,0,0,0,0,0
790021,0,0,0,0,0,0,1,0,1,0
790030,0,1,0,0,0,0,1,0,0,0
790038,0,0,0,0,0,0,1,0,1,0
790046,0,0,0,0,0,0,1,0,1,0
790055,0,0,0,1,0,0,1,0,1,0
790063,0,0,0,0,0,0,1,0,1,0
790072,0,0,0,0,0,0,1,0,0,0
790080,0,0,0,0,0,0,0,0,0,0
790088,0,1,0,0,0,0,0,0,0,0
790097,0,1,0,0,0,0,0,0,0,0
790105,0,0,0,0,0,0,1,0,1,0
790122,0,0,0,0,0,0,1,0,0,0
800004,0,0,0,0,0,0,0,0,0,0
800013,0,0,0,0,0,0,0,0,1,0
800021,0,0,0,0,0,0,1,1,1,0
800030,0,0,0,0,0,1,1,0,1,0
800038,0,0,0,1,0,0,1,0,1,0
800046,0,0,0,0,0,0,1,0,0,0
800055,0,0,0,1,0,0,1,1,1,0
800072,0,0,0,0,0,0,1,1,1,0
800080,0,0,0,0,0,1,1,1,0,0
800088,0,0,0,0,1,0,1,1,1,1
800097,0,0,0,0,0,1,1,1,1,0
800105,0,0,0,0,0,1,0,0,1,0
800114,0,0,0,0,0,0,1,0,1,1
800122,0,1,0,0,0,0,1,0,0,0
810010,0,0,0,0,0,0,1,0,0,0
810021,0,0,0,0,0,0,1,0,0,0
810032,0,0,0,0,0,0,1,0,1,0
810043,0,1,0,1,0,1,1,0,1,0
810054,0,1,0,0,0,1,1,0,1,0
810065,0,0,0,0,0,0,1,0,1,0
810076,0,0,0,0,0,0,1,0,1,0
810087,0,0,0,0,0,0,1,0,0,0
810098,0,0,0,0,0,0,1,0,0,0
810109,0,0,0,0,0,0,1,0,1,0
810120,0,0,0,1,0,0,1,0,1,0
810131,0,0,0,1,0,0,1,0,1,0
810142,0,0,0,0,0,0,1,0,1,0
810153,0,0,0,1,0,0,1,0,1,1
810164,0,0,0,0,0,0,1,0,1,0
820009,0,0,0,1,0,0,1,0,1,1
820021,0,0,0,0,0,0,1,0,1,0
820033,0,0,0,0,0,0,1,0,0,0
820045,0,1,0,0,0,0,1,0,0,0
820057,1,0,0,0,0,0,1,0,1,0
820069,0,0,0,0,0,0,0,0,0,0
820081,0,1,0,0,1,0,1,0,1,1
820092,0,0,0,0,0,0,1,0,1,0
820104,0,0,0,0,0,0,1,0,1,0
820116,0,1,0,0,0,0,1,0,1,0
820140,0,0,0,0,0,0,0,0,0,0
820152,0,0,0,0,0,0,1,0,1,0
820164,0,0,0,0,0,0,1,0,1,0
820175,0,0,0,1,0,0,1,0,1,0
830001,0,0,0,1,0,0,1,0,1,0
830006,0,0,0,0,0,0,1,0,0,0
830011,0,0,0,0,0,0,0,0,0,0
830016,,0,1,1,1,0,1,0,1,1
830021,0,1,0,0,1,0,1,0,1,1
830026,0,0,0,0,0,0,1,0,1,0
830031,0,0,0,0,0,0,1,0,1,0
830041,0,0,0,0,0,0,0,0,1,0
830051,0,0,0,1,1,0,1,0,1,0
830056,0,0,0,0,0,0,1,0,1,0
830061,0,0,0,0,0,0,1,0,1,0
830066,0,0,0,0,0,1,1,0,1,0
830070,0,0,0,0,0,0,1,0,1,0
840012,0,0,0,0,0,0,1,0,0,0
840030,0,0,0,0,0,0,1,0,0,1
840047,0,1,1,0,0,0,1,0,0,0
840066,0,0,0,0,0,0,1,0,0,0
840084,0,0,0,0,0,0,0,0,0,0
840101,0,0,0,0,0,0,1,0,0,0
840119,0,0,0,0,0,0,1,0,1,0
840136,0,0,0,0,0,0,1,0,0,0
840154,0,0,0,0,0,0,0,0,0,0
840172,0,0,0,0,0,0,0,0,0,0
840189,0,0,0,0,0,0,1,0,0,0
840207,0,0,0,0,0,0,0,0,0,0
840224,0,0,0,0,0,0,1,0,0,0
840242,0,0,0,0,0,0,1,0,1,0
840260,0,0,0,0,0,0,0,0,1,0
850009,0,0,0,1,0,0,1,0,0,0
850022,0,0,0,0,0,0,0,0,0,0
850035,0,0,0,1,0,0,1,0,1,0
850048,0,0,0,0,0,0,0,0,0,0
850061,0,0,0,0,0,0,0,0,0,0
850074,0,0,0,0,0,0,0,0,1,0
850087,0,1,0,0,0,0,1,0,1,0
850100,0,0,0,0,0,0,1,0,1,0
850113,0,0,0,0,0,0,0,0,0,0
850127,0,0,0,0,0,0,1,0,0,0
850140,0,0,0,0,0,0,1,0,1,0
850153,0,0,0,0,0,0,1,0,1,0
850166,0,1,0,0,1,0,1,0,0,1
850179,0,0,0,0,0,0,1,0,1,0
850192,0,0,0,0,0,0,1,0,1,0
860001,0,0,0,0,0,0,1,0,1,1
860014,0,0,0,0,0,0,1,0,1,0
860026,0,1,0,0,0,0,1,0,0,0
860038,0,0,0,0,0,0,1,0,1,0
860051,0,0,0,0,0,0,1,0,0,0
860063,0,1,0,0,0,0,1,0,0,0
860075,0,0,0,0,0,0,0,0,1,0
860088,0,0,0,0,0,0,1,0,0,0
860100,0,0,0,1,0,0,1,0,0,0
860112,0,0,0,0,0,0,1,0,0,0
860125,0,0,0,0,0,0,1,0,0,0
860137,0,0,0,0,0,0,1,0,1,0
860149,0,1,0,0,0,0,1,0,1,0
860162,0,0,0,0,0,0,1,0,0,0
860174,0,0,0,0,0,0,1,0,0,0
870005,0,0,0,0,0,0,0,0,0,0
870026,0,0,0,0,0,0,1,0,0,0
870036,0,1,0,0,0,0,1,0,0,0
870046,0,0,0,0,0,0,0,0,0,0
870056,0,0,0,0,0,0,1,0,1,0
870067,0,0,0,0,0,0,0,0,0,0
870077,0,1,0,0,0,0,0,0,0,0
870087,0,0,0,0,0,0,0,0,1,0
870097,0,0,0,0,0,0,0,0,0,0
870107,0,0,0,0,0,0,0,0,0,0
870118,0,0,0,0,0,0,0,0,0,0
870128,0,0,0,0,0,0,0,0,0,0
870138,0,0,0,0,0,0,0,0,1,0
870148,0,1,0,0,0,0,0,0,0,0
880007,0,0,0,0,0,0,1,1,0,0
880014,0,0,0,0,0,0,1,0,0,0
880021,0,0,0,0,0,0,0,0,0,0
880028,0,0,0,0,0,0,0,0,0,0
880036,0,0,0,0,0,0,1,0,1,0
880043,0,0,0,0,0,0,0,0,0,0
880050,0,0,0,0,0,0,0,0,0,0
880057,0,0,0,1,0,0,1,0,0,0
880071,0,0,0,0,0,0,1,0,1,0
880078,0,0,0,0,0,0,0,0,0,0
880085,0,0,0,0,0,0,0,0,0,0
880093,0,0,1,0,0,0,1,0,0,0
880100,0,,0,0,0,0,0,0,0,0
880107,0,0,0,0,0,0,0,0,0,0
890003,0,0,0,0,0,0,0,0,0,0
890010,0,0,0,0,0,0,0,0,0,0
890016,0,0,0,0,0,0,0,0,0,0
890022,0,0,0,0,0,0,0,0,1,0
890028,0,0,0,0,0,0,0,0,0,0
890034,0,0,0,0,0,0,1,0,0,0
890040,0,0,0,0,0,0,1,0,0,0
890046,0,0,0,0,0,0,0,0,0,0
890059,0,0,0,0,0,0,0,0,0,0
890065,0,0,0,0,0,0,0,0,1,0
890071,0,1,0,0,0,0,0,0,0,0
890077,0,0,0,0,0,0,0,0,0,0
890083,0,0,0,0,0,0,0,0,0,0
890089,0,0,0,0,0,0,0,0,0,0
900002,0,0,0,0,0,0,1,0,0,0
900008,0,0,0,0,0,0,1,0,0,0
900014,0,1,0,0,0,0,0,0,0,0
900020,0,0,0,0,0,0,1,0,1,0
900026,0,0,0,0,0,0,1,0,0,0
900032,0,0,0,0,0,0,0,0,0,0
900038,0,0,0,1,0,0,1,0,0,0
900043,0,0,0,0,0,0,1,0,0,0
900049,0,0,0,0,0,0,0,0,0,0
900055,0,0,0,0,0,0,1,0,0,0
900061,0,0,0,0,0,0,1,0,1,0
900067,0,0,0,0,1,0,1,1,1,0
900073,0,0,0,0,1,0,1,0,0,1
900079,0,0,0,0,0,0,1,0,0,0
900085,0,1,0,0,0,0,1,0,1,0
910007,0,0,0,0,0,0,1,0,1,0
910016,0,0,0,0,0,0,1,1,0,0
910025,0,0,0,0,0,0,1,0,0,0
910035,0,0,0,0,0,0,1,0,0,0
910044,0,0,0,0,0,0,1,0,0,0
910053,0,0,0,0,0,0,1,0,1,0
910062,0,0,0,0,0,0,1,0,0,0
910081,0,0,0,0,0,0,1,0,1,0
910090,,,0,0,0,0,1,0,0,0
910099,0,,0,0,0,0,1,0,0,0
910108,0,0,0,0,0,0,1,0,1,0
910127,0,0,0,0,0,0,1,0,0,0
910136,,,0,1,0,0,1,0,1,0
920008,0,0,0,0,0,0,1,1,0,0
920018,0,0,0,0,0,0,1,0,0,0
920028,0,0,0,0,0,0,1,0,1,0
920039,0,0,0,0,1,0,1,0,0,1
920049,0,0,0,0,0,0,0,0,0,0
920059,0,0,0,0,0,0,0,0,0,0
920070,0,0,0,0,0,0,0,0,0,0
920080,0,0,0,0,0,0,0,0,0,0
920090,0,0,0,0,0,0,0,0,0,0
920101,0,0,0,0,0,0,1,0,0,0
920111,0,0,0,0,0,0,1,0,0,0
920121,0,0,0,0,0,0,1,0,1,0
920132,0,0,0,0,0,0,0,0,1,0
920142,0,0,0,0,0,0,0,0,0,0
920152,0,0,0,0,0,0,0,0,1,0
930002,0,0,0,0,0,0,1,0,0,0
930019,0,0,0,0,0,0,1,0,1,0
930036,0,0,0,0,0,0,1,1,1,1
930053,0,0,0,0,0,0,1,0,1,0
930070,0,0,0,0,0,0,1,0,0,0
930086,0,0,0,0,0,0,1,0,0,0
930103,0,0,0,0,0,0,1,0,1,0
930120,0,0,0,1,0,0,1,0,1,0
930137,0,0,0,0,0,0,1,0,0,0
930154,0,0,0,0,0,0,0,0,0,0
930170,0,0,0,0,0,0,1,0,1,0
930187,0,0,0,0,0,0,1,0,1,0
930204,0,0,0,0,0,0,1,1,1,0
930221,0,0,0,0,0,0,1,0,1,0
930238,0,0,0,0,0,0,1,0,1,0
940008,0,0,0,0,0,0,1,0,0,0
940021,0,0,0,0,0,0,1,0,0,0
940034,0,0,0,0,0,0,1,0,0,0
940047,0,0,0,0,0,0,1,1,0,0
940060,0,0,0,0,0,0,1,0,0,0
940073,0,0,0,0,0,0,1,0,1,0
940086,0,0,0,0,0,0,0,1,1,0
940099,0,0,0,0,0,0,1,0,0,0
940112,0,0,0,0,0,0,1,0,1,0
940126,0,0,0,0,0,0,0,0,0,0
940139,0,0,0,0,0,0,1,0,0,0
940152,0,0,0,0,0,0,0,0,0,0
940165,0,0,0,0,0,0,1,0,0,0
940178,0,0,0,0,0,0,1,0,0,0
940191,0,0,0,0,0,0,1,0,1,0
950007,0,,0,0,0,0,1,0,0,0
950014,0,0,0,0,0,0,0,0,0,0
950021,0,0,0,0,0,0,0,0,1,0
950029,0,0,0,0,0,0,1,1,0,0
950036,0,0,0,0,0,0,1,0,1,0
950043,0,0,0,0,0,0,0,0,0,0
950050,0,0,0,0,0,0,1,0,0,0
950057,0,0,0,0,0,0,0,0,0,0
950065,0,0,0,0,0,0,1,0,1,0
950072,0,0,0,0,0,0,1,0,1,0
950079,0,0,0,0,0,0,0,0,0,0
950086,0,0,0,0,0,0,1,0,0,0
950093,0,0,0,0,0,0,1,1,1,0
950101,0,0,0,0,0,0,0,0,0,0
950108,0,0,0,0,0,0,0,0,0,0
960007,0,0,0,0,0,0,0,0,0,0
960024,0,,0,0,0,0,1,0,1,0
960040,0,1,0,0,0,0,1,0,0,0
960056,0,0,0,0,0,0,1,1,0,0
960073,0,0,0,0,0,0,0,0,0,0
960089,0,1,0,0,0,0,1,1,1,0
960105,0,0,0,0,0,0,1,1,1,0
960122,0,0,0,0,0,0,0,0,1,0
960138,0,0,0,0,0,0,1,0,0,0
960154,0,0,0,0,0,0,1,0,1,1
960171,0,0,0,0,0,0,1,0,0,0
960187,0,0,0,0,1,0,1,1,0,0
960203,,,0,0,0,0,1,1,1,0
960220,0,1,0,0,0,0,0,0,0,0
960236,0,0,0,0,0,0,0,0,1,0
970004,0,0,0,0,0,0,1,0,0,0
970017,0,0,0,0,0,0,0,0,0,0
970030,0,0,0,0,0,0,0,0,0,0
970043,0,0,0,0,0,0,0,1,0,0
970056,0,0,0,0,0,0,1,0,0,0
970068,0,0,0,0,0,0,0,0,0,0
970081,0,0,0,0,0,0,0,0,1,0
970094,0,0,0,0,0,0,1,0,1,0
970107,0,0,0,1,0,0,1,0,1,0
970120,0,0,0,0,0,0,0,0,0,0
970132,0,0,0,0,0,0,1,0,1,0
970145,0,0,0,0,0,0,1,0,0,0
970158,0,0,0,0,0,0,1,1,1,0
970171,0,0,0,0,0,0,1,0,0,0
970184,0,0,0,0,0,0,1,0,1,0
980005,0,0,0,0,0,0,0,0,0,0
980011,0,0,0,0,0,0,0,0,0,0
980017,0,0,0,0,0,0,0,0,0,0
980023,0,0,0,0,0,0,1,0,0,0
980029,0,0,0,0,0,0,0,0,0,0
980035,0,0,0,0,0,0,0,0,0,0
980041,0,0,0,0,0,0,0,0,1,0
980047,0,0,0,0,0,0,0,0,0,0
980053,0,0,0,0,0,0,0,0,1,0
980059,,0,0,0,0,0,0,1,0,0
980065,0,0,0,0,0,0,1,0,0,0
980071,0,1,0,0,0,0,0,0,0,0
980077,0,0,0,0,0,0,1,0,1,0
980083,0,0,0,0,0,0,1,0,0,0
980088,0,0,0,0,0,0,1,0,0,0
990008,0,0,0,0,0,0,0,0,0,0
990020,0,0,0,0,0,0,1,0,0,0
990032,0,0,0,0,0,0,0,0,0,0
990044,0,0,0,0,0,0,0,0,0,0
990056,0,0,0,0,1,0,0,1,0,0
990068,0,0,0,0,0,0,1,0,0,0
990080,0,0,0,0,0,0,1,1,0,0
990091,0,0,0,0,0,0,0,0,1,0
990115,0,0,0,0,0,0,0,0,0,0
990127,0,0,0,0,0,0,1,0,1,0
990139,0,0,0,0,0,0,1,1,0,0
990151,0,0,0,0,0,0,0,0,0,0
990163,0,1,0,0,0,0,1,0,0,0
1000002,0,0,0,0,0,0,0,0,0,0
1000016,0,0,0,0,1,0,1,0,1,1
1000029,0,0,0,0,0,0,1,0,1,0
1000043,0,0,0,0,0,0,0,0,1,0
1000083,0,0,0,0,0,0,0,0,0,0
1000097,0,0,0,0,1,0,1,1,0,0
1000110,0,0,0,0,0,0,1,1,1,0
1000124,0,1,0,0,0,0,0,0,1,0
1000137,0,0,0,0,0,0,0,0,0,0
1000164,0,0,0,0,0,0,1,1,0,0
1000177,0,0,0,0,0,0,1,1,0,0
1000191,0,0,0,0,0,0,0,0,1,0
1010010,0,0,0,0,0,0,1,0,0,0
1010026,0,0,0,0,0,0,0,0,0,0
1010043,0,0,0,0,0,0,1,0,0,0
1010059,0,0,0,0,0,0,0,0,0,0
1010076,0,0,0,1,0,0,1,0,1,0
1010092,0,0,0,0,0,0,1,0,1,0
1010109,0,,0,0,0,0,1,0,0,1
1010125,0,0,0,0,0,0,0,0,0,0
1010142,0,1,0,0,0,0,0,0,1,0
1010158,0,0,0,0,0,0,1,0,0,0
1010175,0,0,0,0,0,0,1,0,1,0
1010192,0,0,0,0,0,0,1,0,1,0
1010208,0,0,0,0,0,0,1,0,1,0
1010225,0,0,0,0,0,0,1,0,1,0
1010241,0,0,0,0,0,0,1,0,0,0
1020017,0,0,0,0,0,0,0,0,0,0
1020034,0,0,0,0,0,0,0,0,0,0
1020050,0,0,0,0,0,0,1,0,0,0
1020067,0,0,0,0,0,0,1,0,0,0
1020084,0,0,0,0,0,0,0,0,0,0
1020100,0,0,0,0,0,0,1,0,1,0
1020118,0,0,0,0,0,0,0,0,0,0
1020135,0,0,0,0,0,0,1,0,0,0
1020152,0,0,0,0,0,0,0,0,0,0
1020168,0,1,0,0,0,0,0,0,0,0
1020185,0,0,0,0,0,0,0,0,0,0
1020202,0,0,0,0,0,0,1,0,0,0
1020219,0,1,0,0,0,0,1,0,0,0
1020235,0,0,0,0,0,0,0,0,0,0
1020252,0,0,0,0,1,0,1,1,1,1
1030004,0,0,0,0,0,0,0,0,0,0
1030013,1,0,0,0,0,0,0,0,0,0
1030021,,,0,0,0,0,0,0,0,0
1030030,0,0,0,0,0,0,1,0,1,0
1030039,0,0,0,0,0,0,1,0,1,0
1030047,0,0,0,0,0,0,0,0,0,0
1030056,0,0,0,0,0,0,1,0,1,0
1030064,0,1,0,0,0,0,0,0,1,0
1030073,0,0,0,0,0,0,0,0,1,0
1030081,0,0,0,0,0,0,0,0,0,0
1030090,0,0,0,0,0,0,0,0,0,0
1030098,0,1,0,1,0,0,1,0,0,0
1030107,0,0,0,0,0,0,1,0,1,0
1030124,0,0,0,0,0,0,0,0,0,0
1040006,0,0,0,0,0,0,1,0,1,0
1040022,0,0,0,0,0,0,1,0,1,0
1040037,0,0,0,0,0,0,1,0,0,0
1040053,0,0,0,0,0,0,1,0,0,0
1040068,0,0,0,0,0,0,1,0,1,0
1040083,0,0,0,0,0,0,1,0,0,0
1040099,0,0,0,0,0,0,1,0,1,0
1040114,0,0,0,0,0,0,1,0,1,0
1040130,1,0,0,0,0,1,1,0,1,0
1040145,0,0,0,1,0,0,0,0,0,0
1040160,0,0,0,0,0,0,1,0,1,0
1040176,0,1,0,0,0,0,1,0,0,0
1040191,0,0,0,0,0,0,1,0,1,0
1040207,0,0,0,0,0,0,1,0,1,0
1040222,0,0,0,0,0,0,1,0,0,0
1050010,0,0,0,0,0,0,1,0,1,0
1050021,0,0,0,0,0,0,0,0,0,0
1050032,0,0,0,0,0,0,1,0,1,0
1050053,0,0,0,0,0,0,0,0,0,0
1050064,0,0,0,0,0,0,0,0,1,0
1050075,0,0,0,0,0,0,0,0,0,0
1050086,0,0,0,0,0,0,0,0,0,0
1050097,0,0,0,0,0,0,0,0,0,0
1050108,0,0,0,0,0,0,0,0,0,0
1050119,0,0,0,0,0,0,1,0,1,0
1050129,0,0,0,0,0,0,0,0,1,0
1050140,0,0,1,0,0,0,0,0,0,0
1050152,0,1,0,0,1,0,0,1,1,1
1050163,0,0,0,1,0,0,1,0,1,0
1060004,0,0,0,0,0,0,0,0,0,0
1060022,0,0,0,0,0,0,0,0,1,0
1060040,0,1,0,0,0,0,0,1,1,0
1060075,0,1,0,1,0,0,1,0,1,0
1060093,0,0,0,0,0,0,1,1,1,0
1060111,0,1,0,0,0,0,0,0,0,0
1060129,0,0,0,0,0,0,0,0,0,0
1060146,0,0,0,0,0,0,0,0,0,0
1060165,0,1,0,0,0,0,1,0,0,0
1060183,0,0,0,0,0,0,1,0,0,0
1060200,0,0,0,0,0,0,0,0,1,0
1060218,0,0,0,0,0,0,0,0,0,0
1060236,0,0,0,0,0,0,0,0,0,0
1060254,0,0,0,0,0,0,0,0,0,0
1070003,0,0,0,0,0,0,0,0,0,0
1070047,0,0,0,0,0,0,0,0,0,0
1070062,0,1,0,1,1,0,1,0,1,1
1070076,0,0,0,0,0,0,0,0,0,0
1070105,0,0,0,0,0,0,0,0,0,0
1070120,0,0,0,0,0,0,0,0,0,0
1070134,0,0,0,0,0,0,0,0,1,0
1070149,0,0,0,0,0,0,0,0,0,0
1070163,0,0,1,0,0,0,1,0,1,0
1070178,0,0,0,0,0,0,1,0,0,0
1070192,0,0,0,0,0,0,1,0,0,0
1070207,0,0,0,0,0,0,1,0,1,0
1080006,0,0,0,0,0,0,1,0,0,0
1080024,0,0,0,0,0,0,0,0,0,0
1080032,0,0,0,0,0,0,1,0,1,0
1080041,0,0,0,0,0,0,0,0,1,0
1080050,0,0,0,0,0,0,1,1,0,0
1080059,0,0,0,0,0,0,0,0,1,0
1080068,0,0,0,0,0,0,0,0,0,0
1080077,0,1,0,0,0,0,1,1,0,0
1080086,1,0,0,0,0,0,1,1,0,0
1080095,0,0,0,0,0,0,1,1,0,0
1080103,0,0,0,0,0,0,1,1,1,0
1080112,0,0,0,0,0,0,1,1,1,0
1080121,0,0,0,0,0,0,0,0,0,0
1080130,0,1,0,0,0,0,0,0,0,0
1090008,0,0,0,0,0,0,0,0,0,0
1090021,0,0,0,0,0,0,0,0,0,0
1090034,0,0,0,0,0,0,1,0,1,0
1090047,0,1,0,0,0,0,0,0,0,0
1090060,0,0,0,0,0,0,1,0,0,0
1090073,0,0,0,0,0,0,0,0,0,0
1090086,0,0,0,0,0,0,0,0,0,0
1090099,0,0,0,0,0,0,1,1,1,1
1090112,0,0,0,0,0,0,0,0,0,0
1090125,0,0,0,0,0,0,0,0,0,0
1090138,0,0,0,0,0,0,0,0,0,0
1090151,0,0,0,0,0,0,1,0,0,0
1090164,0,0,0,0,0,0,0,0,0,0
1090177,0,0,0,0,0,0,0,1,0,0
1090190,0,0,0,0,0,0,0,0,0,0
1100006,0,0,0,0,0,0,0,0,0,0
1100019,0,0,0,0,0,0,1,0,1,0
1100031,0,0,0,0,0,0,1,0,0,0
1100043,0,0,0,1,0,0,0,0,1,0
1100055,0,0,0,0,0,0,1,0,1,0
1100067,1,0,0,0,0,0,1,0,0,0
1100080,0,0,0,1,0,0,1,0,1,0
1100092,0,0,0,0,0,0,1,0,0,0
1100104,0,0,0,0,0,0,0,0,0,0
1100116,0,1,0,0,0,0,1,0,0,0
1100128,0,,0,0,0,0,1,0,0,0
1100141,0,0,0,0,0,0,0,0,0,0
1100153,0,0,0,0,0,0,1,0,0,0
1100165,0,0,0,0,0,0,1,0,0,0
1100177,0,0,0,0,0,0,1,0,0,0
1110012,0,0,0,0,0,0,1,0,0,0
1110039,0,0,0,0,0,0,1,0,1,0
1110053,0,0,0,1,0,0,1,0,0,0
1110066,0,0,0,0,0,0,0,0,0,0
1110080,0,0,0,0,1,0,1,0,1,1
1110093,0,0,0,0,0,0,0,0,0,0
1110107,0,0,0,0,0,0,1,0,0,0
1110120,0,0,0,0,0,0,0,0,1,0
1110134,0,0,0,0,1,0,1,0,0,0
1110148,0,0,0,0,0,0,1,1,1,0
1110161,0,0,0,0,0,0,0,0,0,0
1110175,0,0,0,0,0,0,0,0,0,0
1110188,0,0,0,0,0,0,1,0,0,0
1110202,0,0,0,0,0,0,1,0,0,0
1120013,0,0,0,0,1,0,1,1,1,1
1120027,0,0,0,0,1,0,1,0,1,0
1120042,0,0,0,0,0,0,0,0,0,0
1120057,0,0,0,0,0,0,0,0,0,0
1120071,0,0,0,0,0,0,0,0,0,0
1120086,0,0,0,0,0,0,0,0,0,0
1120101,0,0,0,0,0,0,1,0,0,0
1120115,0,0,0,0,0,0,0,0,0,0
1120130,0,0,0,0,0,0,1,0,0,1
1120145,0,0,0,0,0,0,1,0,0,0
1120159,0,0,0,0,1,0,1,0,1,0
1120174,0,0,0,0,0,0,0,0,0,0
1120189,0,0,0,0,0,0,1,0,0,1
1120203,0,0,0,0,0,0,0,0,0,0
1120218,0,0,0,0,0,0,0,0,0,0
1130005,0,0,0,0,0,0,0,0,0,0
1130020,0,0,0,0,0,0,0,0,0,0
1130034,0,0,0,0,0,0,0,0,0,0
1130049,0,0,0,0,0,0,0,0,0,0
1130064,0,0,0,0,0,0,1,0,0,0
1130078,0,0,0,0,0,0,0,0,0,0
1130093,0,0,0,0,0,0,0,0,0,0
1130107,0,0,0,0,0,0,0,0,0,0
1130122,0,0,0,0,0,0,1,0,0,0
1130136,0,0,0,0,0,0,0,1,0,0
1130151,,,0,0,0,0,0,0,0,0
1130165,0,0,0,0,0,0,0,0,0,0
1130180,0,0,0,0,0,0,0,0,0,0
1130194,0,0,0,0,0,0,1,0,0,0
1130209,0,0,0,0,0,0,0,0,0,0
1140004,0,0,1,0,0,0,1,1,1,0
1140020,0,0,0,0,0,0,1,0,0,0
1140035,0,0,0,0,0,0,1,0,0,0
1140050,0,0,0,0,0,0,0,1,0,0
1140065,0,1,0,0,0,0,0,0,1,0
1140080,0,1,0,0,0,0,0,0,0,0
1140096,0,1,0,0,0,0,1,1,1,0
1140111,0,0,0,0,0,0,1,0,1,0
1140126,0,0,0,0,0,0,0,0,0,0
1140141,0,0,0,0,0,0,0,1,0,0
1140156,0,0,0,0,0,0,1,0,1,1
1140172,0,0,0,0,0,0,0,0,0,0
1140187,0,0,0,1,0,0,1,1,1,0
1140202,0,0,0,0,0,0,1,0,0,0
1140217,0,0,0,0,0,0,1,0,1,0
1150011,0,0,0,0,0,0,1,0,0,0
1150025,0,0,0,0,1,0,1,1,0,1
1150039,0,0,0,0,0,0,0,1,0,0
1150053,0,0,0,0,0,0,1,1,1,1
1150068,0,0,0,0,0,0,1,1,1,0
1150082,0,1,0,0,0,0,0,0,0,0
1150096,0,0,0,0,0,0,1,0,0,0
1150110,0,0,0,0,0,0,1,0,0,0
1150125,0,0,0,0,0,0,1,0,0,0
1150139,0,0,0,0,0,0,1,0,0,1
1150153,0,0,0,0,0,0,0,0,0,0
1150182,,,0,0,0,0,1,0,1,0
1150196,0,0,0,0,0,0,0,0,0,0
1150210,0,0,0,0,0,0,0,0,0,0
1160002,0,0,0,0,0,0,1,0,0,0
1160019,0,0,0,0,0,0,1,0,0,0
1160035,0,1,0,0,0,0,1,0,0,0
1160051,0,1,0,0,0,0,1,1,0,1
1160067,0,0,1,0,0,0,1,0,1,0
1160084,0,0,0,1,0,0,1,0,1,0
1160100,0,0,0,0,0,0,1,1,0,0
1160116,0,0,0,0,0,0,1,0,0,0
1160133,0,0,0,0,0,0,1,0,1,0
1160149,0,0,0,0,0,0,1,0,1,0
1160165,0,0,0,0,0,0,1,0,0,0
1160181,0,0,0,1,0,0,1,0,0,0
1160198,0,1,0,0,0,0,0,0,1,0
1160214,0,0,0,0,0,0,0,0,1,0
1160230,0,0,0,0,0,0,1,0,0,0
1170001,0,0,0,0,0,0,0,1,0,0
1170017,0,0,0,0,0,0,1,0,1,0
1170033,0,0,0,0,0,0,1,0,0,0
1170048,0,0,0,0,0,0,1,1,0,0
1170064,0,0,0,0,0,0,1,1,0,0
1170079,0,0,0,0,0,0,1,1,0,1
1170095,0,0,0,0,0,0,1,1,0,0
1170111,0,0,0,0,0,0,1,1,0,0
1170126,0,0,0,0,0,0,1,1,1,0
1170142,0,0,0,0,0,0,1,1,1,0
1170157,0,0,0,0,0,0,0,0,0,0
1170173,0,0,0,0,0,0,1,1,1,0
1170189,0,0,0,0,0,0,1,1,1,1
1170204,0,0,0,0,0,0,1,0,1,1
1170220,0,1,0,1,0,0,1,1,0,0
1180007,0,1,0,0,0,0,0,0,0,0
1180014,0,0,0,0,0,0,0,0,0,0
1180021,0,0,0,0,0,0,0,0,0,0
1180028,0,0,0,0,0,0,0,0,0,0
1180035,0,0,0,0,0,0,0,0,0,0
1180042,0,0,0,0,0,0,0,0,1,0
1180048,0,0,0,0,0,0,0,0,0,0
1180055,0,0,0,0,0,0,0,0,0,0
1180062,0,0,0,0,0,0,0,0,0,0
1180069,0,0,0,0,0,0,0,0,0,0
1180076,0,0,0,0,0,0,0,0,0,0
1180083,0,0,0,0,0,0,0,0,0,0
1180090,0,0,0,0,0,0,0,0,0,0
1180097,0,0,0,0,0,0,0,0,0,0
1180104,0,0,0,0,0,0,0,0,0,0
1190010,0,0,0,0,0,0,1,0,0,0
1190021,0,1,0,,0,0,1,1,1,0
1190032,0,0,0,0,0,0,1,0,0,1
1190042,0,0,0,0,0,0,1,0,1,0
1190053,0,0,0,0,0,0,1,1,1,1
1190064,0,0,0,0,0,0,1,0,1,0
1190075,0,0,0,0,0,0,1,1,1,0
1190086,0,0,0,0,0,0,1,0,1,0
1190097,0,0,0,0,0,0,1,0,0,0
1190108,0,0,0,0,0,0,0,0,0,0
1190119,0,0,0,0,0,0,1,0,0,1
1190129,0,0,0,0,0,0,1,0,1,0
1190140,0,0,0,0,0,0,1,0,1,0
1190151,0,0,0,1,0,0,1,0,1,0
1190162,0,0,0,0,0,0,1,0,1,0
1200006,0,0,0,0,0,0,1,1,0,0
1200023,0,0,0,0,0,0,1,1,0,0
1200039,0,0,0,0,0,0,0,0,0,0
1200056,0,0,0,0,0,0,0,0,1,0
1200072,0,0,0,0,0,0,0,0,0,0
1200089,0,0,0,0,0,0,1,0,1,0
1200105,0,0,0,0,0,0,0,0,0,0
1200122,0,0,0,0,0,0,0,0,0,0
1200138,0,1,0,0,0,0,1,0,0,0
1200155,0,0,0,0,0,0,0,0,0,0
1200171,0,0,0,0,0,0,0,0,0,0
1200188,0,1,0,0,0,0,1,0,0,0
1200204,0,0,0,0,0,0,1,0,0,0
1200220,0,0,0,0,0,0,1,0,0,0
1200237,0,0,0,0,0,0,1,0,0,0
1210004,0,0,0,1,0,0,1,1,1,0
1210020,0,0,0,0,0,0,0,1,1,0
1210035,0,0,0,0,0,0,1,1,1,0
1210065,0,0,0,0,0,0,0,0,0,0
1210081,0,0,0,0,0,0,0,0,1,0
1210096,0,1,0,0,0,0,0,0,1,0
1210127,0,0,0,0,0,0,1,0,1,0
1210142,0,0,0,0,0,0,1,1,1,1
1210157,0,0,0,0,0,0,1,1,1,0
1210172,0,0,0,0,0,0,1,1,1,0
1210188,0,1,0,0,0,0,1,0,1,1
1210203,0,0,0,0,0,0,1,0,1,0
1210218,0,0,0,0,0,0,0,0,0,0
1220011,0,0,0,0,0,0,1,0,1,1
1220025,0,0,0,0,0,0,1,0,1,0
1220039,0,0,0,0,0,0,1,1,1,0
1220054,0,0,0,1,1,0,1,1,1,1
1220068,0,0,0,0,0,0,1,0,1,1
1220082,0,0,0,0,0,0,1,0,1,0
1220097,0,0,0,0,0,0,1,0,1,0
1220111,0,0,0,0,0,0,1,0,0,0
1220125,0,0,0,0,0,0,1,0,1,0
1220140,0,0,0,0,0,0,1,0,1,1
1220154,0,0,0,1,0,0,1,0,1,0
1220168,0,0,0,0,0,0,1,0,1,1
1220183,0,0,0,0,0,0,1,0,1,0
1220197,0,0,0,0,0,0,1,0,0,0
1220211,0,0,1,0,0,0,1,0,1,1
1230001,0,0,0,0,0,0,0,0,0,0
1230007,0,0,0,0,1,1,1,0,1,1
1230013,0,0,0,0,0,0,1,1,1,1
1230018,0,0,0,0,1,1,1,1,1,1
1230024,0,0,0,0,0,0,1,1,0,0
1230029,0,0,0,1,0,0,0,0,1,1
1230035,0,0,0,1,0,0,1,0,1,1
1230041,0,0,0,0,0,0,0,0,0,0
1230046,0,0,0,0,0,0,0,0,0,0
1230052,0,0,0,0,0,0,0,0,0,0
1230057,0,1,0,0,0,0,0,0,0,0
1230063,0,0,0,0,0,0,1,0,0,0
1230069,0,0,0,0,0,0,1,0,0,0
1230074,0,0,0,0,0,0,0,0,0,0
1230080,0,0,0,0,0,0,0,0,1,0
1240002,0,0,0,0,0,0,1,0,1,0
1240019,0,0,0,1,0,0,1,0,1,0
1240036,0,0,0,0,0,0,1,0,1,1
1240053,0,0,0,1,0,0,1,1,1,1
1240070,0,0,0,0,0,0,0,0,0,0
1240087,0,0,0,0,0,0,1,0,0,1
1240104,0,0,0,0,0,0,1,0,0,1
1240121,0,0,0,0,1,0,1,0,0,1
1240138,0,1,0,0,0,0,0,1,1,0
1240155,0,0,0,0,0,0,1,1,1,0
1240172,0,0,0,0,0,0,1,0,1,0
1240189,0,0,0,0,1,0,1,1,1,1
1240206,0,0,0,1,0,0,1,1,1,1
1240223,0,0,0,1,0,0,1,1,1,0
1240239,1,0,1,1,0,0,1,0,1,0
1250006,0,0,0,0,1,1,0,0,1,0
1250016,0,0,0,0,1,1,1,1,1,0
1250026,0,0,0,1,1,1,0,0,1,1
1250035,0,0,0,0,1,0,1,1,1,1
1250045,0,0,0,1,1,0,1,1,1,1
1250055,0,0,0,0,1,1,1,1,1,0
1250065,0,0,0,0,1,1,1,1,1,0
1250074,0,0,0,1,1,1,1,1,1,1
1250084,0,0,0,0,1,1,1,1,1,0
1250094,0,0,0,0,1,1,1,1,1,1
1250104,0,0,0,0,1,1,1,1,1,0
1250113,0,0,0,0,1,1,1,1,1,0
1250123,0,0,0,0,1,1,1,1,1,0
1250133,0,0,0,1,1,1,1,1,1,0
1250143,0,1,0,0,1,1,1,0,1,1
1260009,0,0,0,0,0,0,1,0,0,0
1260017,0,0,0,0,0,0,1,0,0,0
1260026,0,0,0,0,0,0,1,1,0,0
1260034,0,0,0,0,0,0,1,1,0,0
1260043,0,0,0,0,0,0,1,0,0,0
1260051,0,0,0,1,1,0,1,1,1,1
1260059,0,1,0,0,0,0,1,0,0,0
1260068,0,0,0,0,0,0,1,0,0,0
1260076,0,0,0,0,1,1,1,0,1,1
1260093,0,0,0,0,0,0,1,1,0,0
1260102,0,0,0,0,0,0,0,0,1,0
1260110,0,0,0,1,0,0,1,0,0,0
1260119,0,0,0,0,0,0,1,0,0,0
1270005,0,0,0,0,0,1,1,1,1,0
1270018,1,1,0,0,0,1,1,1,0,0
1270031,0,1,0,0,0,0,0,1,1,0
1270044,0,0,0,1,0,0,0,0,0,0
1270056,0,1,1,1,0,1,1,1,1,1
1270069,1,0,0,0,0,1,1,0,1,1
1270082,0,0,0,0,0,1,1,0,1,1
1270095,0,0,0,0,0,0,1,0,1,0
1270107,0,0,0,0,1,0,1,1,1,1
1270120,0,0,0,1,0,1,0,1,1,1
1270133,0,1,0,0,0,0,1,1,1,0
1270145,0,0,0,1,0,0,1,1,1,1
1270158,0,0,1,1,1,0,1,1,1,1
1270171,0,0,0,0,0,0,0,0,1,0
1270184,0,0,0,0,0,0,0,0,1,0
1280010,0,0,0,0,0,0,0,0,0,0
1280022,0,0,0,0,0,0,1,0,1,0
1280034,0,0,0,0,0,0,0,0,0,0
1280046,0,0,0,0,0,0,1,0,0,0
1280057,0,0,0,0,0,0,1,1,0,0
1280069,0,0,0,0,0,0,1,0,1,0
1280081,0,0,0,0,0,0,1,1,0,0
1280093,0,0,0,0,0,0,1,0,1,0
1280105,0,0,0,1,1,0,1,1,1,0
1280117,0,0,0,0,0,0,1,0,1,0
1280128,0,0,0,0,0,0,1,0,0,0
1280152,0,0,0,0,0,0,1,0,0,0
1280176,0,0,0,0,0,0,0,0,0,0
1290008,0,0,0,1,1,0,1,1,1,1
1290016,0,0,0,1,1,0,1,1,1,1
1290025,0,0,0,0,1,0,1,1,1,1
1290034,0,0,0,0,0,0,1,0,1,0
1290042,0,0,0,1,1,0,1,1,1,1
1290051,0,0,0,1,0,0,1,1,1,1
1290059,0,0,0,1,1,0,1,1,1,0
1290068,0,0,0,0,0,0,1,1,1,0
1290076,0,0,0,0,0,0,1,0,1,0
1290085,0,0,0,1,1,0,1,0,1,1
1290094,0,0,0,0,0,0,1,0,1,1
1290102,0,0,0,0,0,0,1,1,1,0
1290111,0,0,0,1,0,0,1,1,1,1
1290119,0,0,0,1,1,0,1,1,1,0
1290128,0,1,0,0,1,0,1,1,1,1
1300002,0,0,0,0,0,0,1,1,1,0
1300010,0,0,0,0,0,0,1,0,1,0
1300017,0,0,0,0,0,0,1,0,1,0
1300025,0,0,0,1,0,0,1,0,1,1
1300033,0,0,0,0,0,0,1,0,1,0
1300040,0,1,0,1,0,0,1,0,1,1
1300055,0,0,1,0,0,0,1,0,1,0
1300063,0,0,0,0,0,0,1,0,1,1
1300070,0,0,0,0,0,0,0,0,1,0
1300078,0,1,0,1,0,0,1,0,1,1
1300085,0,1,0,0,0,0,0,0,1,0
1300093,0,0,0,0,1,0,1,0,1,1
1300100,0,1,0,0,0,0,1,0,1,0
1300108,0,1,0,0,0,0,1,0,1,0
1310001,0,0,0,0,0,0,1,0,0,1
1310011,0,0,0,0,0,0,1,0,0,1
1310020,0,0,0,0,0,0,1,0,1,0
1310029,0,0,0,0,0,0,1,0,1,0
1310038,0,0,0,1,0,0,0,0,1,0
1310048,0,0,0,0,1,0,1,0,1,1
1310057,0,0,0,0,1,0,1,0,1,1
1310066,0,0,0,1,0,0,1,0,1,1
1310076,0,0,0,1,1,0,0,0,1,1
1310085,0,0,0,0,0,0,1,0,1,1
1310094,0,0,0,1,0,0,1,0,1,1
1310103,0,0,0,1,0,0,1,0,1,1
1310113,0,0,0,0,0,0,1,0,0,1
1310122,0,0,0,0,0,0,1,0,1,1
1310131,0,0,0,0,0,0,1,0,0,0
1320006,0,0,0,0,0,0,1,0,1,0
1320015,0,0,0,0,1,0,1,1,1,0
1320025,0,0,0,1,1,0,1,0,1,0
1320034,0,0,0,0,0,0,1,1,0,0
1320043,0,0,0,1,0,0,1,1,1,1
1320053,0,0,0,0,0,0,1,0,1,0
1320062,0,0,0,0,0,0,1,0,1,0
1320071,0,0,0,1,0,0,1,1,1,1
1320081,0,0,0,0,0,0,1,0,1,0
1320090,0,0,0,1,0,0,1,0,1,1
1320099,0,0,0,0,0,0,1,0,1,0
1320109,0,0,0,0,0,0,1,0,0,1
1320118,1,0,0,0,0,0,1,0,0,0
1320127,0,0,0,0,0,0,1,0,0,0
1320137,0,0,0,0,0,0,1,0,1,1
1330005,0,0,0,1,0,0,1,0,1,0
1330016,0,0,0,0,0,0,1,0,0,0
1330027,0,0,0,0,0,0,1,0,1,0
1330038,0,0,0,0,0,0,1,0,1,0
1330049,0,0,0,0,0,0,1,0,0,0
1330059,0,0,0,0,1,0,1,0,0,0
1330070,0,0,0,0,0,0,0,0,1,0
1330081,0,0,0,0,0,0,1,0,1,0
1330092,0,0,0,0,0,0,1,0,0,0
1330103,0,0,0,0,0,0,1,0,1,0
1330113,0,0,0,0,0,0,1,0,1,0
1330124,0,0,0,0,0,0,1,0,1,1
1330135,0,1,0,0,0,0,1,0,0,0
1330146,0,0,0,0,0,0,0,0,0,0
1330157,0,0,0,0,0,0,0,0,0,0
1340007,0,0,0,0,0,0,1,0,0,0
1340024,0,1,0,0,1,1,1,0,1,1
1340041,0,1,0,0,0,0,1,0,1,0
1340057,0,0,0,0,0,0,1,0,0,0
1340074,0,0,0,0,0,0,1,0,1,0
1340090,0,0,0,0,0,0,1,0,1,0
1340107,0,0,0,1,0,0,1,0,1,1
1340140,0,0,0,0,0,0,1,0,0,1
1340157,0,0,0,0,0,0,0,0,1,0
1340173,0,0,0,0,0,0,1,0,0,0
1340207,0,0,0,0,0,0,1,0,1,0
1340223,0,0,0,0,0,0,1,0,1,0
1340240,0,0,0,0,0,0,1,0,0,0
1350016,0,1,0,0,0,0,1,0,1,0
1350035,0,0,0,0,0,0,1,0,0,0
1350053,0,0,0,0,1,0,1,0,1,1
1350089,0,0,0,0,0,0,1,0,0,0
1350107,0,0,0,0,0,0,1,0,1,0
1350125,0,1,0,0,0,0,1,0,1,1
1350143,0,0,0,0,0,0,1,0,0,0
1350162,0,0,0,0,0,0,1,0,0,0
1350180,0,0,0,0,0,0,1,0,1,1
1350198,0,0,0,0,0,0,1,0,0,0
1350216,0,0,0,1,1,0,1,0,1,1
1350252,0,0,0,0,0,0,0,0,0,0
1350270,0,0,0,0,0,0,1,0,1,0
1360008,0,0,0,1,0,0,1,0,0,0
1360017,0,0,0,0,0,0,0,0,0,0
1360027,0,0,0,1,0,1,1,1,1,0
1360036,0,0,0,0,0,1,0,0,0,0
1360045,0,0,0,0,0,0,1,0,0,0
1360054,0,1,0,0,1,1,1,0,0,0
1360064,0,0,0,0,0,0,0,0,0,0
1360073,0,0,0,0,0,1,1,0,1,0
1360082,0,1,0,0,0,0,1,0,0,0
1360091,0,0,0,0,0,0,1,0,0,0
1360101,0,0,0,0,0,0,1,0,0,0
1360110,0,1,1,1,0,1,1,1,1,1
1360119,0,0,0,0,0,0,0,0,0,0
1360129,0,0,0,0,0,0,0,0,0,0
1360138,0,0,0,0,0,0,1,0,0,1
1370002,0,0,0,0,0,0,1,0,1,0
1370011,0,0,0,0,0,0,0,0,1,0
1370019,0,1,0,0,0,0,1,0,1,0
1370027,0,0,0,0,1,0,0,0,1,1
1370036,0,0,1,1,0,0,1,0,1,0
1370044,0,0,0,0,0,0,0,0,0,0
1370052,1,0,0,0,0,0,1,0,0,0
1370061,0,0,0,1,0,0,1,0,1,1
1370069,0,1,0,0,0,1,1,1,1,0
1370077,0,0,0,0,0,0,1,0,0,0
1370086,0,0,0,1,0,0,1,0,1,1
1370094,0,1,0,0,1,0,1,1,0,0
1370102,0,0,0,0,0,0,1,1,1,0
1370111,0,0,0,0,0,0,1,0,0,0
1370119,0,0,0,0,1,0,1,0,0,0
1380007,0,0,0,1,0,0,1,0,1,0
1380016,0,0,0,1,0,0,1,0,1,1
1380024,0,1,0,0,0,0,1,0,1,1
1380033,0,0,0,0,1,0,1,0,1,1
1380042,0,0,0,0,0,0,0,0,1,0
1380051,0,0,0,0,1,0,1,0,1,0
1380060,0,0,0,0,0,0,0,0,0,0
1380068,0,1,0,0,0,0,0,0,1,0
1380077,0,0,0,0,0,0,0,0,1,0
1380086,0,0,0,1,0,0,1,0,1,0
1380095,0,0,0,0,0,0,1,0,0,0
1380104,0,0,0,0,0,0,0,0,0,0
1380112,0,0,0,0,0,0,0,0,0,0
1380121,0,0,0,0,0,0,0,0,0,0
1380130,0,0,0,0,0,0,1,0,1,0
1390004,0,0,0,0,0,0,1,0,0,0
1390010,0,0,0,0,0,0,1,0,0,0
1390015,0,0,0,1,0,0,1,0,0,0
1390021,0,0,0,0,0,0,1,0,0,0
1390027,0,0,0,0,0,0,1,0,1,0
1390032,0,0,0,0,0,0,1,0,1,0
1390038,0,0,0,0,0,0,1,0,1,0
1390043,0,0,0,0,0,0,1,0,0,0
1390049,0,0,0,0,0,0,1,0,1,0
1390055,0,0,0,0,0,0,0,0,0,0
1390060,0,0,0,0,0,0,0,0,0,0
1390066,0,0,0,0,0,0,1,0,0,0
1390071,0,0,0,0,0,0,0,0,0,0
1390077,0,1,0,0,0,0,1,0,0,0
1390083,0,0,0,0,0,0,1,0,0,0
1400001,0,0,0,0,0,0,1,0,1,0
1400006,0,0,0,0,0,0,1,0,1,0
1400011,0,1,0,0,0,0,1,0,1,0
1400016,0,0,0,0,0,0,1,0,1,0
1400021,0,1,0,0,1,0,1,0,1,1
1400026,0,0,0,0,0,0,1,1,1,1
1400031,0,1,0,0,0,0,1,0,1,0
1400036,0,0,0,0,0,0,1,0,1,0
1400041,0,0,0,1,0,0,1,0,1,1
1400046,0,1,0,1,1,0,1,0,1,1
1400051,0,0,0,1,0,1,1,0,1,1
1400056,0,0,0,0,0,1,1,1,1,1
1400061,0,0,0,0,0,1,1,0,1,0
1400066,0,0,0,1,0,0,1,0,1,0
1400070,0,0,0,1,0,0,1,0,1,1
1410006,0,1,0,0,0,0,1,0,1,0
1410020,0,0,0,1,0,0,1,0,1,1
1410033,0,1,0,0,1,0,1,0,1,1
1410046,0,0,0,1,0,0,1,0,1,1
1410060,0,1,0,0,0,1,1,1,1,0
1410073,0,0,0,0,0,0,0,0,1,1
1410086,0,0,0,0,0,1,1,0,1,0
1410100,0,0,0,1,0,0,1,0,1,0
1410113,0,0,0,1,0,1,1,0,1,1
1410126,0,0,0,0,0,1,1,1,1,1
1410140,0,0,0,0,0,1,1,0,1,0
1410153,0,0,0,1,0,1,1,0,1,0
1410166,0,0,0,1,0,0,1,0,1,1
1410180,0,0,0,1,0,0,1,0,1,0
1410193,0,0,0,0,0,0,1,0,1,0
1420008,0,0,0,1,1,0,1,1,1,0
1420017,0,1,0,1,1,0,1,1,1,1
1420025,0,0,0,0,0,0,1,0,1,0
1420033,0,1,0,1,0,0,1,1,1,0
1420041,0,0,0,0,1,1,1,1,0,0
1420049,0,0,0,0,0,0,1,0,1,0
1420057,0,1,0,0,1,1,1,0,1,1
1420065,0,1,0,0,0,1,1,0,1,0
1420074,0,0,0,0,1,1,1,1,1,1
1420082,0,0,1,0,1,1,1,0,1,0
1420090,0,0,0,0,0,0,0,0,1,0
1420098,0,0,0,1,1,1,1,0,1,0
1420106,0,0,0,1,0,1,0,1,1,0
1420114,0,0,0,0,0,0,1,0,1,0
1420122,0,0,0,1,1,1,1,0,1,1
1430005,0,0,0,0,0,0,1,0,1,0
1430011,0,0,0,1,0,0,1,0,1,0
1430017,0,0,0,1,1,0,1,0,1,0
1430022,0,0,0,0,0,0,1,0,1,0
1430028,0,1,0,0,0,0,1,0,1,0
1430034,0,1,0,0,0,0,1,0,1,1
1430039,0,0,0,1,1,0,1,0,1,0
1430045,0,1,1,1,1,0,1,0,1,0
1430051,0,0,0,0,0,0,1,0,1,0
1430056,0,0,0,0,0,0,1,0,1,0
1430062,0,0,0,0,1,0,1,0,1,1
1430068,0,1,0,0,1,0,1,0,1,1
1430073,0,0,0,0,0,0,1,0,1,0
1430079,0,0,0,0,0,0,1,0,1,1
1430085,0,0,0,0,0,0,1,0,1,0
1440003,0,0,0,0,0,0,1,0,0,0
1440012,0,0,0,0,0,1,1,1,1,1
1440021,0,0,0,1,0,0,1,1,0,1
1440030,0,0,0,1,0,0,1,0,1,0
1440039,0,0,0,1,0,0,1,1,1,0
1440047,0,0,0,0,1,0,1,1,1,1
1440056,0,0,0,0,0,0,1,1,1,1
1440065,0,0,0,0,0,0,1,1,1,0
1440074,0,0,0,0,0,0,1,0,1,1
1440083,0,0,0,0,0,0,1,0,1,0
1440091,0,0,0,1,0,0,1,0,1,1
1440100,0,0,0,0,0,0,1,1,1,0
1440109,0,0,0,0,0,0,1,0,0,0
1440118,0,0,0,0,0,0,1,0,1,0
1440127,0,0,0,0,0,0,0,0,1,0
1450004,0,0,0,1,0,0,1,0,1,1
1450009,0,0,0,0,0,0,1,0,1,1
1450014,0,0,0,0,0,0,1,0,1,1
1450020,0,0,0,0,0,0,1,0,1,0
1450025,0,0,0,0,0,0,1,0,1,1
1450030,0,1,0,0,0,0,1,1,1,1
1450035,0,0,0,0,0,0,1,0,1,1
1450040,0,0,0,0,0,0,1,0,1,0
1450046,0,0,0,0,0,0,1,0,1,1
1450051,0,0,0,0,0,0,0,0,1,0
1450056,0,0,0,0,0,0,1,0,1,0
1450061,0,0,0,0,0,0,1,0,1,0
1450066,0,0,0,1,1,0,1,1,1,1
1450072,1,0,0,0,0,1,0,1,1,0
1450077,0,0,0,1,0,1,1,0,1,1
1460007,0,0,0,0,0,0,1,0,0,0
1460015,0,0,0,0,0,0,1,0,0,0
1460024,0,0,0,0,0,0,1,0,1,0
1460033,0,0,0,0,0,0,1,0,0,0
1460041,0,0,0,0,0,0,1,0,1,0
1460050,0,0,0,1,0,0,1,0,0,0
1460059,0,0,0,1,0,0,1,0,1,0
1460067,0,0,0,1,0,0,1,0,1,0
1460076,0,1,0,0,0,0,0,0,1,0
1460085,0,0,0,0,0,0,1,0,1,1
1460093,0,0,0,0,0,0,1,0,0,0
1460102,0,0,0,0,0,0,1,0,1,0
1460111,0,0,0,0,0,0,1,0,1,0
1460119,0,0,0,0,0,0,1,0,1,0
1460128,0,0,0,0,0,0,1,0,1,0
1470001,0,0,0,0,0,0,0,0,0,0
1470007,0,0,0,0,0,0,1,1,0,0
1470013,0,0,0,0,0,0,0,1,1,1
1470019,0,1,0,0,0,0,1,0,1,0
1470025,0,0,0,1,0,0,1,1,1,1
1470030,0,0,0,1,1,1,1,1,1,1
1470036,0,0,0,0,1,0,1,0,1,1
1470042,0,0,0,0,0,1,1,0,1,1
1470048,0,0,0,0,0,0,1,0,1,0
1470054,0,0,0,0,0,1,1,1,1,0
1470059,0,0,0,0,0,0,1,1,1,0
1470065,0,0,0,0,0,0,1,0,1,1
1470071,0,0,0,0,0,0,0,0,0,0
1470077,0,0,0,0,0,0,1,0,1,1
1470083,0,0,0,0,0,0,0,1,0,0
1480001,0,0,0,0,0,0,1,0,1,0
1480006,0,1,0,0,1,0,1,0,1,1
1480011,0,0,0,0,0,0,1,0,1,0
1480015,0,0,0,0,0,0,0,0,0,0
1480020,0,0,0,0,0,0,1,1,1,1
1480024,0,0,0,0,0,0,1,0,1,0
1480029,0,0,0,0,0,0,1,0,1,0
1480034,0,0,0,0,0,0,1,0,0,0
1480038,0,0,0,0,0,0,1,0,1,0
1480043,0,1,0,0,0,0,1,0,1,0
1480047,0,0,0,0,0,0,1,0,1,1
1480052,0,,0,0,0,0,1,0,1,0
1480057,0,0,0,0,0,0,1,0,1,0
1480061,0,0,0,1,1,0,1,1,1,1
1480066,0,0,0,0,0,0,1,0,1,1
1490013,0,0,0,1,0,0,0,0,1,0
1490026,0,0,0,0,0,0,1,0,1,1
1490040,0,0,0,0,0,1,1,1,1,0
1490053,0,0,0,0,0,0,1,0,1,0
1490066,0,0,0,0,1,1,1,0,1,0
1490079,0,0,0,0,0,0,1,1,1,1
1490093,0,0,0,0,1,0,1,1,1,1
1490106,0,0,0,1,0,0,1,1,1,1
1490119,0,0,0,1,1,0,1,0,1,1
1490132,0,0,0,0,1,1,1,1,1,1
1490146,0,0,0,1,1,0,1,1,1,1
1490159,0,0,0,0,0,1,1,1,1,0
1490172,0,0,0,0,0,1,1,0,1,0
1490186,0,0,0,1,0,1,1,1,1,1
1490199,0,0,0,0,0,0,1,1,1,0
1500015,0,0,0,0,0,0,0,0,0,0
1500026,0,0,0,0,0,0,0,0,1,0
1500036,0,0,0,0,0,0,0,0,0,0
1500047,0,0,0,0,0,0,0,0,0,0
1500057,0,0,0,0,0,0,0,0,0,0
1500068,0,0,0,0,0,0,1,0,0,0
1500079,0,0,0,0,0,0,0,0,0,0
1500089,0,0,0,0,0,0,1,0,1,0
1500100,0,1,0,0,0,0,0,0,0,0
1500110,0,0,0,0,0,0,0,0,0,0
1500121,0,0,0,0,0,0,0,0,0,0
1500132,0,0,0,0,1,1,1,0,0,0
1500142,0,0,0,0,0,0,0,0,1,0
1500153,0,0,0,0,0,0,0,1,0,0
1510004,0,0,0,0,0,0,0,0,0,0
1510017,0,0,0,0,0,0,1,0,1,0
1510030,0,0,0,1,1,0,1,0,1,0
1510043,0,0,0,0,0,0,0,0,0,0
1510055,0,0,0,0,0,0,0,0,0,0
1510068,0,0,0,0,0,0,1,0,0,0
1510081,0,0,0,0,0,0,1,0,0,0
1510094,0,0,0,0,0,0,0,0,0,0
1510106,0,0,0,0,0,0,1,0,1,0
1510119,0,0,0,0,0,0,0,0,0,0
1510132,0,0,0,0,0,0,0,0,0,0
1510144,0,0,0,0,1,0,0,0,1,0
1510157,0,0,0,0,0,0,1,0,1,1
1510170,0,0,0,0,0,0,0,0,0,0
1510183,0,0,0,0,0,0,0,0,0,0
1520011,0,0,0,1,0,0,0,1,0,0
1520024,0,0,0,0,0,0,1,0,1,0
1520038,0,0,0,0,1,0,1,0,1,1
1520051,0,0,0,0,0,0,0,0,0,0
1520065,0,0,0,0,0,0,0,0,0,0
1520078,0,0,0,0,0,0,1,0,0,0
1520092,0,0,0,0,0,0,0,0,0,0
1520105,0,1,0,0,0,0,1,0,1,0
1520118,0,0,0,0,0,1,1,0,1,0
1520132,0,0,0,0,0,0,0,0,0,0
1520145,0,1,0,0,0,0,0,0,0,0
1520159,0,0,0,1,0,0,1,0,1,0
1520172,0,0,1,0,0,0,0,0,0,0
1520185,0,1,0,0,0,0,1,0,0,0
1520199,0,1,0,0,0,0,0,0,0,0
1530004,0,0,0,0,0,0,1,0,0,0
1530010,0,0,0,0,0,0,1,0,1,0
1530015,0,0,0,0,0,0,1,0,1,0
1530021,0,0,0,0,0,0,1,0,0,1
1530027,0,0,0,0,0,0,1,0,1,0
1530032,0,0,0,0,1,0,1,0,1,1
1530038,0,0,0,0,0,0,1,0,1,0
1530043,0,0,0,0,0,0,1,0,1,0
1530049,0,0,0,0,0,0,0,0,1,0
1530055,0,0,0,0,0,0,1,0,0,0
1530060,0,0,0,0,0,0,1,0,0,0
1530066,0,0,0,0,0,0,1,0,1,0
1530071,0,0,0,0,0,0,1,0,0,0
1530077,0,0,0,0,0,0,0,0,0,0
1530083,1,0,0,0,0,0,1,0,0,0
1540002,0,0,0,0,0,0,0,0,0,0
1540014,0,0,0,0,0,0,1,0,1,0
1540025,0,0,0,0,0,0,1,0,1,0
1540036,0,0,0,0,0,0,1,0,1,0
1540047,0,0,0,0,0,0,1,0,1,0
1540058,0,0,0,0,0,0,0,0,1,0
1540069,0,0,0,0,0,0,1,0,1,0
1540080,0,0,0,0,0,0,1,0,1,0
1540091,0,0,0,0,0,0,1,0,1,0
1540103,0,0,0,0,0,0,1,0,1,0
1540114,0,0,0,0,0,0,1,0,1,1
1540125,0,0,0,0,1,0,1,0,1,1
1540136,0,1,0,1,0,0,1,0,1,0
1540147,0,0,0,0,0,0,1,0,1,1
1540158,0,0,0,0,0,0,0,0,0,0
1550007,0,0,0,0,1,1,0,1,1,0
1550017,0,1,0,0,1,1,1,1,1,0
1550028,0,0,0,0,1,1,1,1,1,0
1550038,0,0,0,0,1,1,1,1,1,1
1550049,0,0,0,0,0,1,1,1,1,1
1550060,0,0,0,0,0,0,1,0,1,1
1550070,0,0,0,0,0,1,1,0,1,0
1550081,0,0,0,0,0,1,1,1,1,1
1550091,0,1,0,0,1,0,0,1,1,1
1550102,0,1,0,1,0,1,1,1,1,1
1550113,0,0,0,0,0,0,1,0,1,0
1550123,0,0,0,0,0,0,1,0,1,0
1550134,0,1,0,0,0,1,1,1,1,0
1550145,0,0,0,1,0,1,1,1,1,1
1550155,0,1,0,0,0,1,1,1,1,0
1560005,0,0,0,0,1,0,1,0,1,1
1560013,0,0,0,0,0,0,1,1,1,0
1560021,0,0,0,0,0,1,1,1,1,0
1560028,0,0,0,0,0,1,0,1,1,0
1560036,0,0,0,0,0,1,1,0,1,0
1560044,1,0,0,0,0,1,1,0,1,0
1560051,0,0,0,0,0,1,1,1,1,0
1560059,0,0,0,0,0,1,1,1,1,0
1560067,0,0,0,0,0,0,0,1,1,0
1560074,0,0,0,0,0,0,0,0,1,0
1560082,0,0,0,1,0,0,0,1,1,0
1560090,0,0,0,0,0,0,1,0,1,0
1560097,0,0,0,0,0,1,1,1,1,0
1560105,0,0,0,0,1,0,1,1,1,0
1560113,0,0,0,0,0,0,1,1,1,1
1570004,0,0,0,0,0,0,1,0,0,0
1570014,0,0,0,0,0,0,0,1,0,0
1570023,0,0,0,0,0,0,1,1,1,0
1570033,0,0,0,0,0,1,1,1,1,0
1570042,0,1,0,0,0,1,1,1,1,1
1570051,0,0,0,1,1,1,1,1,1,1
1570061,0,0,0,0,0,1,1,0,1,0
1570070,0,0,0,0,0,0,0,0,1,0
1570080,0,0,0,0,0,1,1,1,1,0
1570089,0,0,0,0,0,1,1,0,1,0
1570098,0,1,0,0,0,1,1,1,1,1
1570108,0,0,0,0,1,1,1,1,1,0
1570117,0,0,0,1,1,1,0,0,1,1
1570127,0,1,0,0,0,1,1,1,1,0
1570136,0,0,0,0,0,0,1,0,1,0
1580002,0,0,0,0,0,0,0,0,0,0
1580007,0,0,0,0,0,0,0,0,1,0
1580013,0,0,0,0,0,0,1,0,1,0
1580018,0,0,0,0,0,0,0,0,0,0
1580023,0,0,0,0,0,0,0,0,1,0
1580028,0,0,0,0,0,0,0,0,1,0
1580033,0,0,0,0,0,0,1,0,0,0
1580038,0,0,0,0,1,0,1,0,1,0
1580043,0,0,0,1,0,0,1,0,1,0
1580048,0,0,0,0,0,0,1,0,1,0
1580053,0,0,0,0,0,0,0,0,0,0
1580058,0,0,0,0,0,0,1,0,0,0
1580063,0,0,0,0,0,0,1,0,1,0
1580068,0,0,0,0,0,0,1,0,1,1
1580073,0,0,0,1,0,0,1,1,1,0
1590011,0,0,0,0,0,0,1,0,1,1
1590024,0,0,0,0,0,0,1,0,0,0
1590037,0,0,0,0,0,0,1,0,1,0
1590050,0,0,0,0,0,0,0,0,1,0
1590063,0,0,0,0,0,0,1,0,1,0
1590076,0,0,0,0,0,0,1,0,1,0
1590089,1,0,0,0,0,0,1,0,1,0
1590102,0,1,0,0,0,0,0,0,1,0
1590115,0,0,0,0,0,0,1,0,1,1
1590129,0,0,0,1,1,0,1,0,1,1
1590142,0,0,0,0,0,0,0,0,1,0
1590155,0,0,0,0,0,0,1,1,1,1
1590168,0,1,0,0,0,0,0,0,1,0
1590181,0,0,0,1,1,0,0,1,1,1
1590194,0,0,0,0,1,0,1,1,1,1
1600004,0,0,0,1,0,0,0,0,1,0
1600020,0,0,0,0,0,0,0,0,1,0
1600036,0,0,0,0,0,0,0,0,1,0
1600052,0,0,0,0,0,0,0,0,0,0
1600067,0,0,0,0,0,0,0,0,1,0
1600083,0,0,0,0,0,0,0,0,0,0
1600099,0,0,0,0,0,0,0,0,0,0
1600115,0,1,0,0,0,0,0,0,1,0
1600130,0,0,0,0,0,0,0,0,1,0
1600146,0,0,0,0,0,0,0,0,1,0
1600162,0,0,0,0,0,0,0,0,1,0
1600177,0,0,0,0,0,0,0,0,0,0
1600193,0,0,0,0,0,0,1,0,1,0
1600209,0,0,0,0,0,0,0,0,1,0
1600225,0,0,0,0,0,0,0,0,0,0
1610002,0,1,0,0,0,0,1,0,1,0
1610013,0,1,0,0,0,0,1,0,1,0
1610024,0,0,0,0,0,0,0,0,0,0
1610034,0,0,0,0,0,0,1,0,1,0
1610045,0,0,0,0,0,0,1,0,1,0
1610056,0,0,0,0,0,0,1,0,1,0
1610066,0,0,0,0,0,0,1,0,1,0
1610077,0,0,0,0,0,0,1,0,1,1
1610088,0,0,0,1,0,0,1,0,0,1
1610098,0,0,0,0,0,1,1,0,1,0
1610109,0,1,0,0,0,0,1,0,1,0
1610120,0,0,0,0,0,0,1,0,1,0
1610130,0,0,1,0,0,0,1,0,1,1
1610141,0,0,0,0,0,0,0,0,1,0
1610152,0,0,0,0,0,0,1,0,1,0
1620008,0,1,0,0,0,0,1,0,1,0
1620020,0,0,0,0,0,0,1,0,1,0
1620031,0,0,0,1,0,1,1,0,1,1
1620043,0,0,0,0,0,0,1,0,1,0
1620054,0,1,0,0,0,0,1,0,1,0
1620065,0,0,0,1,0,1,1,0,1,0
1620077,0,0,0,0,0,1,0,0,1,0
1620088,0,0,0,0,0,0,1,0,1,1
1620100,0,0,0,0,0,1,1,0,0,0
1620111,0,0,0,0,0,1,1,0,1,0
1620123,0,1,0,0,0,1,1,0,1,1
1620134,0,1,0,0,0,1,1,0,1,1
1620146,0,1,0,0,0,1,1,0,1,0
1620157,0,1,0,0,0,1,1,0,1,0
1620169,0,0,0,0,0,1,0,0,1,0
1630006,0,0,0,0,0,0,1,0,1,0
1630015,0,0,0,0,0,0,1,0,0,0
1630023,0,1,0,0,0,0,0,1,1,0
1630032,0,0,0,0,0,0,1,1,1,0
1630041,0,0,0,1,0,0,0,1,1,0
1630050,0,0,0,0,0,0,1,0,0,0
1630059,0,0,0,0,0,0,1,0,0,0
1630067,0,0,0,0,0,0,1,1,1,0
1630076,0,0,0,0,0,0,1,1,1,0
1630085,0,0,0,0,0,0,1,1,0,0
1630094,0,0,0,0,0,0,1,1,0,0
1630103,0,0,0,1,0,0,1,1,1,0
1630111,0,0,0,1,0,0,1,1,1,1
1630120,0,0,0,0,0,0,0,1,1,0
1630129,0,0,0,1,0,0,1,0,1,0
1640006,0,0,0,0,0,0,1,1,0,0
1640019,0,0,0,0,0,0,1,0,0,0
1640032,0,1,0,0,0,0,0,0,0,0
1640045,0,0,0,1,0,0,1,0,1,1
1640058,0,0,0,0,0,0,1,1,0,0
1640070,0,0,0,0,0,0,0,0,1,0
1640096,0,0,0,0,0,1,0,1,1,0
1640109,0,0,0,0,0,0,1,0,0,0
1640122,0,0,0,0,0,0,1,0,0,0
1640134,0,0,0,0,0,0,0,0,0,0
1640147,0,0,0,0,0,0,1,0,1,0
1640173,0,0,0,0,0,0,1,0,0,0
1640186,0,0,0,1,0,0,1,1,1,1
1650006,0,0,0,0,0,0,1,0,0,0
1650019,0,0,1,0,0,1,1,0,1,0
1650031,0,0,0,0,0,0,1,1,1,0
1650043,0,0,0,0,0,0,1,1,1,0
1650056,0,1,0,0,0,1,1,0,1,0
1650068,0,1,0,0,0,0,1,1,1,0
1650080,0,0,0,0,0,0,1,1,1,0
1650093,0,0,0,0,0,0,1,0,1,0
1650105,0,1,0,0,0,1,1,1,1,0
1650117,0,0,0,0,0,0,1,1,1,1
1650130,0,0,0,0,1,1,1,1,1,0
1650142,0,1,0,0,0,0,1,0,1,0
1650154,0,0,1,0,0,1,1,0,1,1
1650167,0,0,0,0,0,0,1,0,1,0
1650179,0,,0,1,1,1,1,1,1,1
1660014,0,1,0,0,0,0,0,1,1,0
1660028,0,0,0,0,0,1,1,1,0,0
1660043,0,0,0,0,0,1,0,0,0,0
1660057,0,0,0,1,0,0,1,1,1,0
1660072,0,0,0,0,0,0,1,0,0,0
1660086,0,0,0,0,0,1,0,1,1,0
1660101,0,0,0,0,0,0,1,1,0,0
1660115,0,0,0,0,1,0,1,0,1,1
1660130,0,0,0,0,0,0,0,1,1,0
1660144,0,0,0,0,0,0,0,0,1,0
1660159,0,0,0,0,0,0,0,0,0,0
1660174,0,0,0,0,1,1,1,1,1,1
1660188,0,0,0,0,0,0,0,1,1,0
1660203,0,0,0,0,0,0,0,1,1,0
1660217,0,0,0,0,0,0,0,0,0,0
1670003,0,0,0,0,0,0,1,0,0,0
1670014,0,0,0,0,0,0,1,0,0,0
1670024,0,0,0,0,0,0,1,1,0,0
1670035,0,,0,0,0,0,1,0,1,0
1670046,0,0,0,0,0,0,1,0,0,0
1670056,0,0,0,0,0,0,1,1,0,0
1670067,0,0,0,0,0,0,1,0,0,0
1670077,0,0,0,0,0,0,1,0,1,0
1670088,0,0,0,0,0,0,1,1,0,0
1670098,0,0,0,0,1,0,1,0,1,1
1670109,0,0,0,0,0,0,1,0,0,0
1670119,0,1,0,0,0,0,1,0,1,0
1670130,0,0,0,0,0,0,1,0,1,0
1670140,0,0,0,0,0,0,1,0,1,0
1670151,0,0,0,0,0,0,1,0,1,0
1680001,0,0,0,0,1,1,1,0,1,0
1680007,0,0,0,0,1,1,1,1,1,1
1680013,0,0,0,1,1,1,1,1,1,0
1680019,0,0,0,0,1,1,1,1,1,0
1680025,0,0,0,1,1,1,1,1,1,0
1680030,0,0,0,1,1,1,1,1,1,1
1680036,0,0,0,0,1,0,1,0,1,0
1680048,0,0,0,0,0,1,1,0,1,0
1680054,0,0,0,0,0,0,1,1,1,0
1680059,0,0,0,0,0,1,1,1,1,1
1680065,0,0,0,1,1,1,1,1,1,0
1680071,0,1,0,0,0,0,1,1,1,0
1680077,0,0,0,0,0,1,1,0,1,0
1680083,0,0,0,0,0,0,1,1,1,0
1690008,0,1,0,0,0,0,1,0,1,0
1690020,0,1,0,0,0,0,1,0,1,0
1690032,0,1,0,0,0,0,1,0,0,0
1690044,0,0,0,0,0,0,1,0,0,0
1690056,0,0,0,0,0,0,0,0,1,0
1690068,0,0,0,1,1,1,1,1,1,1
1690080,0,0,0,0,0,0,1,1,1,0
1690091,0,0,0,0,0,0,1,1,1,0
1690103,0,0,0,0,0,0,1,1,0,0
1690115,0,0,0,0,0,0,0,1,1,0
1690127,0,0,0,0,0,0,1,1,1,0
1690139,0,0,0,0,0,1,1,1,1,1
1690151,0,0,0,0,0,0,0,1,0,0
1690163,0,0,0,0,0,0,1,1,1,0
1690174,0,0,0,0,0,1,0,1,1,0
1700009,0,0,0,0,0,0,1,0,1,0
1700022,0,0,0,0,0,0,1,0,1,0
1700035,0,0,0,0,0,0,1,1,0,0
1700048,0,0,0,0,0,0,1,1,1,0
1700061,0,0,0,1,0,0,1,1,1,0
1700075,0,0,0,0,0,0,1,1,1,0
1700088,0,0,0,0,0,0,1,0,1,0
1700101,1,0,0,1,0,0,1,0,1,0
1700114,0,0,0,0,0,0,1,1,0,0
1700127,0,0,0,0,0,0,1,0,1,0
1700140,0,0,0,0,1,0,1,1,1,0
1700153,0,0,0,0,0,0,1,1,0,0
1700167,0,0,0,0,1,0,1,1,1,0
1700180,0,0,0,0,0,0,1,1,1,0
1700193,0,0,0,0,1,0,1,0,1,1
1710001,0,0,0,0,0,1,1,0,1,0
1710016,0,0,0,1,0,0,1,1,1,1
1710032,0,0,0,0,0,0,1,0,1,1
1710047,0,0,0,0,0,0,1,0,1,0
1710062,0,0,0,0,0,1,1,1,1,0
1710077,0,0,0,0,0,1,1,0,1,0
1710092,0,0,0,0,1,0,1,0,1,0
1710107,0,0,0,0,0,0,1,1,1,0
1710122,0,0,0,0,0,1,1,1,1,1
1710137,0,0,0,0,0,0,1,1,1,0
1710152,0,0,0,0,0,0,1,0,1,0
1710167,0,0,0,0,0,0,1,1,1,0
1710182,0,0,0,0,0,0,1,1,1,0
1710197,0,0,0,0,0,0,1,1,1,0
1710212,0,0,0,0,0,0,1,1,1,0
1720019,0,1,0,0,0,0,1,0,1,1
1720039,0,0,0,0,0,0,1,0,1,0
1720059,0,0,0,0,0,0,1,0,0,0
1720079,0,0,0,0,0,0,0,0,0,0
1720099,0,0,0,0,0,0,0,0,0,0
1720118,0,0,0,0,0,0,0,0,1,0
1720138,0,0,0,0,0,0,0,0,0,0
1720158,0,0,0,0,0,0,1,0,0,0
1720178,0,0,0,0,0,0,1,0,0,0
1720198,0,0,0,0,0,0,0,0,0,0
1720217,0,0,0,0,0,0,1,0,0,0
1720237,0,0,0,0,0,0,0,1,0,0
1720257,0,0,0,0,0,0,1,1,1,0
1720277,0,0,0,0,0,0,1,1,0,0
1720296,0,0,1,0,0,1,1,1,1,0
1730009,0,0,0,0,0,0,1,0,1,0
1730027,0,0,0,0,0,1,1,0,1,0
1730036,0,0,0,0,0,1,1,1,1,1
1730045,0,0,0,0,0,1,1,1,1,0
1730054,0,0,0,0,0,1,1,1,1,0
1730063,0,0,0,0,0,0,1,1,1,0
1730072,0,0,0,0,0,1,1,1,1,0
1730081,0,0,0,0,1,1,1,1,1,1
1730091,0,0,0,0,0,1,0,1,0,0
1730100,0,0,0,0,0,1,1,0,0,0
1730109,0,0,0,0,0,1,0,1,0,0
1730118,0,0,0,0,0,1,1,0,1,0
1730127,0,0,0,0,0,1,1,0,1,0
1730136,0,0,0,0,0,1,1,0,1,0
1740005,0,0,0,0,0,0,1,0,1,0
1740020,0,0,0,0,0,0,1,0,1,0
1740035,0,0,0,0,1,0,1,1,1,0
1740050,0,0,0,0,0,1,0,0,0,0
1740065,0,0,0,1,0,0,1,0,1,1
1740080,0,0,0,0,0,0,1,0,1,1
1740095,0,0,0,0,0,0,1,0,1,0
1740109,0,0,0,0,0,0,1,0,0,0
1740124,0,0,0,0,0,0,0,0,1,0
1740139,0,0,0,0,0,0,0,0,1,0
1740154,0,0,0,1,0,1,1,0,0,0
1740169,0,0,0,0,0,1,1,0,1,1
1740184,0,1,0,0,0,1,1,0,1,1
1740199,0,0,0,0,0,0,1,0,1,0
1740214,0,0,0,0,0,0,0,0,1,0
1750004,0,0,0,0,0,1,0,0,1,0
1750019,0,0,0,0,0,0,1,1,1,0
1750033,0,0,0,1,0,0,1,0,1,1
1750048,0,0,0,0,0,0,1,0,1,1
1750062,0,0,0,0,0,0,1,1,1,0
1750077,0,0,0,0,0,0,0,0,0,0
1750091,0,0,0,0,0,0,1,1,1,0
1750106,0,0,0,0,1,1,1,1,1,1
1750120,0,0,0,0,0,1,1,1,1,0
1750135,0,0,0,0,0,0,1,1,0,0
1750149,0,1,0,0,0,0,0,0,1,0
1750164,0,0,0,0,0,1,1,0,1,0
1750178,0,0,0,0,0,0,0,1,1,1
1750192,0,1,0,0,0,1,0,0,1,0
1750207,0,0,0,0,0,0,1,1,1,1
1760009,0,0,0,0,0,0,0,0,0,0
1760019,0,0,0,0,0,1,0,0,0,0
1760030,0,0,0,0,0,0,0,0,0,0
1760040,0,0,0,0,0,0,1,0,0,0
1760051,0,0,1,0,0,0,0,0,0,0
1760061,0,0,0,0,0,0,1,0,0,0
1760071,0,0,0,0,0,0,1,0,1,0
1760082,0,0,0,0,0,0,1,0,0,0
1760092,0,0,0,0,0,0,1,0,1,0
1760103,0,0,0,0,0,0,1,0,0,0
1760113,0,0,0,0,1,0,1,0,1,0
1760124,0,0,0,0,0,0,1,0,0,0
1760134,0,0,0,0,0,0,0,0,0,0
1760145,0,0,0,0,0,0,0,0,0,0
1760155,0,0,0,0,0,0,0,0,1,0
1770001,0,0,0,0,0,0,0,0,0,0
1770009,0,1,0,1,0,0,1,0,1,0
1770016,0,0,0,0,0,0,1,0,1,0
1770023,0,0,0,1,0,0,1,0,1,1
1770030,0,0,0,0,0,0,0,0,1,0
1770037,0,0,0,0,0,0,1,0,1,0
1770045,0,0,0,0,0,0,0,0,0,0
1770052,0,0,0,0,0,0,1,0,1,0
1770059,0,0,0,1,0,0,1,0,1,0
1770066,0,0,0,0,0,0,1,0,0,0
1770073,0,0,0,0,0,0,0,0,0,0
1770081,0,0,0,0,0,0,0,0,1,0
1770088,0,0,0,0,0,0,1,0,0,0
1770095,0,0,0,0,0,0,1,0,1,0
1770102,0,0,0,0,0,0,0,0,0,0
1780001,0,0,0,0,0,0,1,0,1,0
1780012,0,1,0,1,0,0,1,0,0,0
1780024,0,1,0,0,0,0,1,0,1,0
1780035,0,0,0,0,0,0,1,1,1,0
1780046,0,0,0,0,0,0,1,0,1,0
1780057,0,0,0,0,0,0,1,0,1,0
1780068,0,0,0,0,0,0,1,0,1,0
1780079,0,0,0,0,0,0,1,0,1,0
1780090,0,0,0,0,0,0,1,0,1,0
1780101,0,0,1,0,0,0,1,0,0,0
1780112,0,0,0,0,0,0,1,0,1,0
1780123,0,1,0,0,0,0,1,0,0,0
1780134,0,0,0,0,0,0,1,0,1,0
1780145,0,0,0,0,0,0,1,0,1,0
1780156,0,0,0,1,0,0,1,0,0,0
1790008,0,0,0,0,0,0,0,0,0,0
1790023,0,1,0,0,0,0,0,0,1,0
1790037,0,0,0,0,0,0,1,0,0,0
1790051,0,0,0,0,0,0,0,0,1,0
1790065,0,1,0,0,0,0,1,0,1,0
1790079,0,0,0,0,0,0,1,0,0,0
1790093,0,0,0,0,0,0,0,0,1,0
1790107,0,0,0,1,0,0,1,0,0,0
1790121,0,0,0,0,0,0,1,0,1,0
1790135,0,0,0,0,0,0,0,0,0,0
1790149,0,0,0,0,0,0,0,0,0,0
1790163,0,1,0,0,0,0,0,0,1,0
1790177,0,1,0,0,1,0,1,1,1,1
1790191,0,0,0,0,0,0,1,0,1,0
1790205,0,0,0,0,0,0,0,0,0,0
1800007,0,0,0,0,0,0,0,0,0,0
1800014,0,1,0,0,1,0,1,0,1,0
1800021,0,0,0,1,0,0,1,0,1,0
1800028,0,0,0,0,0,0,0,0,0,0
1800035,1,0,0,0,0,0,1,0,1,0
1800042,0,0,0,0,0,0,1,0,1,0
1800048,0,1,0,0,0,0,1,0,1,0
1800055,0,0,0,0,1,0,1,0,0,1
1800062,0,0,0,0,0,0,0,0,1,0
1800069,0,0,0,0,0,0,1,0,1,0
1800076,0,0,0,1,0,0,0,0,0,0
1800083,0,0,0,1,0,0,1,0,1,0
1800090,0,0,0,0,0,0,1,0,1,1
1800097,0,0,0,0,0,0,1,0,1,0
1800104,0,0,0,0,0,0,1,0,1,0
1810008,0,1,0,0,0,0,1,0,1,0
1810028,0,1,0,0,0,0,0,0,1,0
1810048,0,0,0,0,0,0,1,0,0,1
1810067,0,0,0,0,0,0,1,0,1,0
1810087,0,0,0,0,0,0,1,0,1,0
1810106,0,0,0,0,0,0,1,0,1,0
1810126,0,0,0,0,0,0,1,0,1,0
1810146,0,0,0,0,0,0,1,0,1,0
1810165,1,0,0,0,0,0,0,0,1,0
1810185,0,0,0,0,0,0,1,0,1,0
1810204,0,0,0,0,0,0,1,1,1,0
1810224,0,0,0,0,0,0,1,0,1,0
1810244,0,0,0,0,0,0,1,0,1,0
1810263,0,0,0,0,0,0,1,0,0,0
1810283,0,0,0,0,0,0,1,0,1,0
1820011,0,0,0,0,0,0,1,0,0,0
1820023,0,0,1,0,0,0,1,0,0,0
1820035,0,1,0,0,0,0,1,0,1,1
1820047,0,0,0,0,0,0,0,0,1,0
1820060,0,0,0,0,0,0,0,0,0,0
1820072,0,0,0,0,1,0,1,0,1,0
1820084,0,0,0,0,0,0,0,0,1,0
1820096,0,0,0,0,0,0,0,0,0,0
1820109,0,0,0,0,0,0,0,0,1,0
1820121,0,0,0,0,0,0,0,0,1,0
1820133,0,0,0,0,0,0,0,0,0,0
1820145,0,0,0,0,0,0,0,0,1,0
1820158,0,0,0,0,0,0,1,0,1,0
1820170,0,0,0,0,1,0,1,0,1,0
1820182,0,0,0,0,0,0,1,0,0,0
1830008,0,0,0,0,0,0,1,0,1,0
1830016,0,0,0,0,0,1,1,1,1,0
1830025,0,0,0,0,0,0,1,0,0,0
1830034,0,0,0,0,0,0,1,0,1,0
1830042,0,0,0,0,0,0,1,0,1,0
1830051,0,1,0,0,0,0,1,0,1,0
1830060,0,0,0,0,0,0,1,0,1,0
1830068,0,0,0,0,0,0,1,0,1,0
1830077,0,0,0,0,0,0,1,0,1,0
1830086,0,0,0,0,0,0,0,0,0,0
1830094,0,0,0,0,0,0,1,0,0,0
1830103,0,0,0,0,0,0,1,0,1,0
1830112,1,0,0,0,0,1,1,0,1,1
1830120,0,1,0,0,0,1,1,0,1,1
1830129,0,0,0,0,0,0,1,0,0,0
1840002,0,1,0,0,1,0,1,1,1,0
1840013,0,0,1,0,0,0,0,0,1,0
1840024,0,0,0,0,0,0,0,0,1,0
1840035,0,0,0,0,0,0,0,0,0,0
1840046,0,0,0,0,0,0,1,0,0,0
1840056,0,0,0,0,0,0,1,1,1,0
1840067,0,0,0,0,0,1,1,0,0,0
1840078,0,0,0,0,0,0,0,0,0,0
1840089,0,0,0,0,0,0,1,0,1,0
1840100,0,1,0,1,0,0,1,1,1,0
1840110,0,0,0,0,0,0,0,0,0,0
1840121,1,0,0,0,0,0,0,0,1,0
1840132,0,1,0,0,0,0,0,1,1,0
1840143,0,0,0,0,0,0,1,0,0,0
1840154,0,0,0,0,0,0,0,0,0,0
1850001,0,0,0,0,0,0,1,1,1,0
1850009,0,0,0,1,0,0,1,1,0,1
1850017,0,0,0,0,0,0,1,0,1,0
1850025,0,0,0,0,0,0,1,0,0,0
1850032,0,0,0,1,0,0,1,0,0,0
1850040,0,0,0,0,0,0,1,1,1,0
1850048,0,0,0,0,0,0,1,0,1,0
1850056,0,0,0,0,0,1,1,0,1,0
1850063,0,0,0,0,0,0,1,1,1,0
1850071,0,0,0,0,0,0,1,1,1,0
1850079,0,1,0,0,0,0,1,1,1,0
1850086,0,0,0,0,0,0,1,1,1,0
1850094,0,0,0,0,0,0,1,1,1,0
1850102,0,,0,0,0,0,1,1,1,1
1850110,0,0,0,0,0,0,0,0,0,0
1860007,0,0,0,0,0,0,1,1,1,0
1860019,0,1,0,0,0,0,1,0,1,0
1860030,0,0,0,1,0,0,1,1,1,1
1860042,0,0,0,0,0,1,1,1,1,0
1860053,0,0,0,0,0,0,1,0,0,0
1860064,0,0,0,1,0,1,1,1,1,0
1860076,0,0,0,0,0,0,1,1,1,1
1860087,0,1,0,0,0,0,1,1,1,0
1860099,0,0,0,0,0,1,1,1,1,0
1860110,0,0,0,0,0,0,1,0,1,0
1860122,0,1,0,0,0,0,1,1,1,1
1860133,0,0,0,0,0,0,0,1,1,0
1860145,0,0,0,0,0,0,1,0,0,0
1860156,0,1,0,0,0,0,1,1,1,0
1860168,0,0,0,0,0,0,0,0,0,0
1870007,0,0,0,1,0,0,1,0,0,0
1870019,0,0,0,0,0,0,1,0,0,0
1870031,0,0,0,0,0,0,1,0,0,0
1870043,0,0,0,0,0,0,1,0,0,0
1870054,0,0,0,0,0,0,1,0,0,0
1870066,0,0,0,0,0,0,1,0,0,0
1870078,0,0,0,0,0,0,1,1,0,0
1870090,0,0,0,0,0,0,1,0,0,0
1870102,0,0,0,0,0,0,1,0,1,0
1870114,0,0,0,0,0,0,1,0,0,0
1870137,0,0,0,0,0,0,0,0,0,0
1870149,0,1,0,0,0,0,0,0,0,0
1870161,0,0,0,0,0,0,0,0,0,0
1870173,0,0,0,0,0,0,0,0,0,0
1880008,0,0,0,0,0,0,0,0,0,0
1880028,0,0,0,1,0,0,1,0,1,0
1880047,0,0,0,0,0,0,1,0,0,0
1880066,0,0,0,0,0,0,0,0,0,0
1880085,0,0,0,0,0,0,0,0,0,0
1880104,0,0,0,0,0,0,0,0,0,0
1880124,0,0,0,0,0,0,0,0,0,0
1880143,0,0,0,0,0,0,0,0,0,0
1880162,0,0,0,0,0,0,1,0,0,0
1880181,0,0,0,0,0,0,1,0,1,0
1880200,0,0,0,0,0,0,0,0,1,0
1880220,0,0,0,0,0,0,0,0,1,0
1880239,0,0,0,0,0,0,1,0,1,0
1880258,0,0,0,0,0,0,1,0,0,0
1880277,0,0,0,0,0,0,1,0,1,0
1890009,0,0,0,0,0,0,1,0,0,0
1890017,1,0,0,0,0,0,1,0,1,0
1890026,0,0,0,1,0,0,1,0,1,1
1890035,0,0,0,0,1,0,1,1,1,1
1890043,0,0,0,1,0,0,1,0,1,0
1890052,0,0,0,0,0,0,1,0,1,1
1890061,0,0,0,1,0,0,0,0,1,0
1890069,0,0,0,0,0,0,1,0,1,0
1890078,0,1,0,0,1,0,1,0,0,1
1890087,0,0,0,0,0,0,1,0,1,0
1890095,0,0,0,0,0,0,1,0,1,0
1890104,0,0,0,0,0,0,1,0,1,0
1890113,0,0,0,0,0,0,0,0,1,0
1890121,0,0,0,0,0,0,1,0,0,0
1890130,0,0,0,0,0,0,0,0,1,0
1900011,0,0,0,0,0,0,1,0,1,0
1900023,0,0,0,0,0,0,1,0,1,0
1900035,0,0,0,0,0,0,1,0,1,0
1900047,0,0,0,0,0,0,1,0,1,0
1900059,0,0,0,0,0,0,1,0,1,0
1900072,0,0,0,0,0,0,1,0,0,0
1900084,0,0,0,0,0,0,1,0,0,0
1900096,0,1,0,0,0,0,1,0,1,1
1900108,1,0,0,0,0,0,1,0,0,0
1900120,0,0,0,0,0,0,1,0,1,0
1900132,0,0,0,0,0,0,1,0,1,0
1900145,0,0,0,0,0,0,1,0,1,0
1900157,0,1,0,0,0,0,0,0,1,0
1900169,0,0,0,0,0,0,1,0,0,0
1900181,0,1,0,0,0,0,0,1,1,0
1910002,0,0,0,0,0,0,0,0,1,0
1910012,0,0,0,0,0,0,1,0,1,0
1910021,0,0,0,0,0,0,1,0,1,0
1910031,0,0,0,0,0,0,1,0,0,0
1910041,0,0,0,0,0,0,1,0,1,1
1910050,0,0,0,0,0,0,1,0,0,0
1910060,0,0,0,0,0,0,1,0,0,0
1910069,0,0,0,0,0,0,1,0,1,0
1910079,0,0,0,0,0,0,1,0,1,0
1910088,0,0,0,0,0,0,1,0,1,0
1910098,0,0,0,0,0,0,1,0,1,0
1910107,0,1,0,0,1,0,1,0,0,1
1910117,0,0,0,0,0,0,1,0,0,0
1910126,0,0,0,0,0,0,1,0,0,0
1910136,0,0,0,0,0,0,1,0,1,1
1920003,0,0,0,0,0,0,1,0,0,0
1920016,0,1,0,0,0,0,1,0,1,0
1920028,0,0,0,0,0,0,1,0,1,0
1920040,0,0,0,0,0,0,1,0,1,0
1920052,0,0,0,0,0,0,1,0,1,1
1920065,0,0,0,0,0,0,0,0,1,0
1920077,0,0,0,0,0,0,1,0,1,1
1920089,0,1,1,0,0,0,1,0,1,0
1920102,0,0,0,0,0,0,0,0,1,0
1920114,0,0,0,0,0,0,1,0,0,0
1920126,0,0,0,0,0,0,1,0,0,0
1920138,0,0,0,0,0,0,0,0,1,0
1920151,0,0,0,0,0,0,1,0,1,0
1920163,0,0,0,0,0,0,1,0,1,0
1920175,0,0,0,0,0,0,1,0,1,0
1930009,0,0,0,0,0,0,0,0,0,0
1930022,0,0,0,0,0,0,1,0,1,0
1930035,0,0,0,0,0,0,0,0,0,0
1930048,0,0,0,0,0,0,1,0,1,0
1930061,0,1,0,0,0,0,1,0,1,0
1930074,0,0,0,1,0,0,1,0,1,0
1930087,0,0,0,0,0,0,1,0,1,0
1930100,0,0,0,0,0,0,1,0,1,0
1930113,0,1,0,0,0,0,1,0,1,0
1930126,0,1,0,1,0,0,1,0,1,0
1930139,0,0,0,0,0,0,1,0,0,1
1930152,1,1,0,0,0,0,1,0,1,0
1930165,0,0,0,1,0,0,1,0,1,0
1930178,0,0,0,0,0,0,1,0,1,0
1930191,0,0,0,1,0,0,1,0,1,0
1940001,0,0,0,0,0,0,1,0,1,0
1940017,0,0,0,0,0,0,1,0,1,0
1940032,0,0,0,0,0,0,1,0,1,0
1940047,0,0,0,0,0,0,1,0,1,0
1940062,0,0,0,0,0,0,1,0,1,0
1940077,0,0,0,0,0,0,1,0,1,0
1940092,0,0,0,1,0,0,1,0,1,0
1940107,0,0,0,1,0,0,1,0,1,1
1940122,0,0,0,1,0,0,1,0,0,1
1940138,0,0,0,0,0,0,1,0,1,0
1940153,0,0,0,0,0,0,0,0,1,0
1940168,0,0,0,0,0,0,1,0,1,0
1940183,0,0,0,0,0,0,1,0,1,0
1940198,0,0,0,0,0,0,0,0,1,0
1940213,0,1,1,0,0,0,0,0,1,0
1950006,0,0,0,0,0,0,0,0,0,0
1950020,0,0,0,0,0,0,1,1,1,0
1950034,0,0,0,0,0,0,1,0,1,0
1950047,0,0,0,0,0,0,1,0,1,0
1950061,0,0,0,0,0,0,0,0,1,0
1950074,0,1,0,0,0,0,0,0,1,0
1950088,0,1,0,0,0,0,1,0,1,0
1950102,0,0,0,0,0,0,1,0,1,0
1950115,0,0,0,1,0,0,1,0,1,1
1950129,0,1,0,0,0,0,1,0,1,0
1950142,0,0,0,0,0,0,1,0,1,0
1950156,0,0,0,0,0,0,0,0,0,0
1950170,0,0,0,0,0,0,1,0,1,0
1950183,0,0,0,1,0,0,1,0,1,1
1950197,0,1,0,0,0,0,1,0,0,0
1960007,0,0,0,1,0,0,1,0,1,1
1960014,0,0,0,0,0,1,1,0,1,0
1960020,0,0,0,0,0,0,1,0,1,0
1960027,0,0,0,0,0,0,1,0,1,0
1960034,0,0,0,0,0,0,1,0,1,0
1960041,0,0,0,0,0,0,1,0,1,0
1960048,0,0,0,1,0,0,1,0,1,0
1960054,0,0,0,0,0,0,1,0,1,0
1960061,0,0,0,0,0,0,1,0,1,0
1960068,0,0,0,0,0,0,0,0,1,0
1960075,0,0,0,0,0,0,1,0,1,0
1960082,0,0,0,0,0,0,1,0,1,0
1960088,0,0,0,0,0,0,1,0,1,0
1960095,0,,0,0,0,0,1,0,1,0
1960102,0,0,0,1,0,0,1,0,1,0
1970007,0,0,0,0,0,1,0,0,1,0
1970015,0,0,0,0,0,1,1,0,1,0
1970023,0,0,0,0,0,1,1,0,1,0
1970031,0,1,0,0,0,1,1,0,1,1
1970039,0,0,0,0,0,0,1,0,1,1
1970047,0,0,0,1,0,1,0,0,1,1
1970055,0,0,0,0,0,1,1,0,1,0
1970062,0,0,0,0,0,0,1,0,1,0
1970070,0,0,0,0,0,0,0,0,1,0
1970078,0,0,0,0,0,0,1,0,1,0
1970086,0,0,0,0,0,1,1,0,0,0
1970094,0,0,0,0,0,0,1,0,0,0
1970102,0,0,0,0,0,1,0,0,1,0
1970110,0,0,0,0,0,1,1,0,1,0
1970117,0,1,0,1,1,1,1,0,1,0
1980004,0,0,0,0,0,0,1,1,1,0
1980016,0,0,0,0,0,0,0,1,1,0
1980028,0,0,0,0,0,0,1,0,1,0
1980040,0,0,0,0,0,0,1,0,1,0
1980052,0,0,0,0,0,0,0,0,1,1
1980064,0,0,0,0,0,0,0,1,1,0
1980076,0,0,0,0,0,0,1,0,1,0
1980088,0,0,0,1,0,0,1,1,1,1
1980100,0,0,0,0,0,0,0,1,1,0
1980112,0,0,0,0,0,0,1,1,0,0
1980124,0,0,0,0,0,0,1,1,1,0
1980136,0,1,0,0,0,0,0,1,1,0
1980148,0,0,0,0,0,0,0,0,1,0
1980160,0,1,0,0,0,0,0,0,1,0
1980172,0,1,0,0,0,0,1,1,1,0
1990009,0,0,0,0,0,0,1,0,0,0
1990022,0,0,0,0,0,0,0,1,1,0
1990034,0,1,0,0,0,0,1,0,0,0
1990046,0,0,0,0,0,0,0,0,1,0
1990058,0,0,0,0,0,0,1,0,1,0
1990070,0,0,0,0,0,0,1,0,1,0
1990082,0,0,0,0,0,0,0,1,0,0
1990094,0,0,0,0,0,0,0,1,1,0
1990106,0,0,0,0,0,0,1,0,0,0
1990118,0,0,0,0,0,0,0,1,0,0
1990130,0,0,0,0,0,0,0,1,0,0
1990142,0,0,0,0,0,0,1,0,0,0
1990154,0,0,0,0,0,0,0,0,0,0
1990166,0,0,0,0,0,0,0,0,0,0
1990178,0,0,0,0,0,0,1,1,0,0
2000005,0,0,0,0,0,0,0,0,0,0
2000012,0,0,0,0,0,0,1,1,1,1
2000019,0,0,0,1,0,0,1,0,1,0
2000026,0,0,0,0,0,0,1,0,1,0
2000033,0,0,0,0,0,0,1,1,0,0
2000040,0,0,0,0,0,0,1,0,0,0
2000047,0,0,0,0,0,0,1,1,1,0
2000054,0,0,0,0,0,0,1,1,0,0
2000061,0,0,0,0,0,0,1,0,1,0
2000068,0,0,0,0,0,0,0,1,0,0
2000075,0,0,0,0,0,0,1,0,1,0
2000082,0,0,0,0,0,0,0,1,1,0
2000089,0,0,0,0,0,0,0,1,0,0
2000096,0,0,0,0,0,0,1,0,0,0
2000103,0,0,0,0,0,0,1,0,1,0
2010002,0,0,0,1,0,1,0,1,1,1
2010016,0,0,0,0,0,0,1,0,1,1
2010030,0,0,0,0,0,0,1,1,1,0
2010044,0,1,0,0,0,0,1,1,1,0
2010057,0,0,0,0,0,0,1,1,1,0
2010071,0,0,0,1,0,0,1,0,1,0
2010085,0,0,0,0,1,0,0,0,1,1
2010099,0,0,0,0,0,0,1,1,1,0
2010112,0,1,0,0,0,0,1,1,1,0
2010126,0,0,0,0,0,1,1,1,1,0
2010140,0,0,0,1,0,1,1,1,1,1
2010153,0,0,0,0,1,0,1,0,1,1
2010167,0,0,0,0,1,1,1,1,1,1
2010181,0,0,0,0,0,1,0,0,1,0
2010195,0,0,0,0,1,1,0,1,1,0
2020001,0,0,0,1,1,1,1,1,1,0
2020008,0,0,0,1,1,1,1,1,1,0
2020014,0,0,0,1,1,1,1,1,1,0
2020020,0,0,0,1,1,1,1,1,1,0
2020026,0,0,0,1,1,1,1,1,1,0
2020033,0,0,0,0,1,0,1,0,1,0
2020039,0,0,0,1,1,1,1,1,1,0
2020045,0,0,0,1,1,1,1,1,1,0
2020052,0,1,0,0,1,1,1,1,1,0
2020058,0,0,0,0,1,1,1,1,1,0
2020064,0,0,1,0,1,1,1,1,1,0
2020070,0,0,0,1,1,1,1,1,1,0
2020077,0,0,0,1,1,1,1,1,1,0
2020083,0,0,1,0,1,1,1,0,1,0
2020089,0,0,0,1,1,1,1,1,1,1
2030005,0,0,0,1,1,1,1,1,1,0
2030010,0,0,0,1,1,1,1,1,1,1
2030016,1,0,0,0,1,1,1,1,1,0
2030021,0,0,0,1,1,1,1,1,1,0
2030026,0,0,0,0,1,1,1,1,1,0
2030032,0,1,1,0,1,1,1,1,1,0
2030037,0,0,0,0,1,1,1,1,1,1
2030042,0,0,0,0,1,1,1,1,1,1
2030048,0,1,0,0,1,1,1,1,1,1
2030053,1,0,0,0,1,1,1,1,1,0
2030058,0,1,0,0,1,1,1,1,1,0
2030064,1,1,0,1,1,1,1,1,1,1
2030069,0,0,0,1,1,1,1,1,1,0
2030074,0,0,0,1,1,1,1,1,0,1
2030080,0,0,0,1,1,1,1,1,1,1
2040007,0,0,0,0,0,0,1,0,0,0
2040025,0,0,0,0,0,0,1,0,1,0
2040043,1,0,0,0,0,0,1,0,0,0
2040061,0,0,0,1,0,0,1,0,1,0
2040079,0,1,0,0,0,0,1,0,1,0
2040096,0,0,0,0,0,0,1,0,1,0
2040114,0,0,0,0,0,0,1,0,0,0
2040132,0,0,0,0,0,0,1,0,0,0
2040150,0,0,0,0,0,0,1,0,1,1
2040168,0,0,0,0,0,0,1,0,0,0
2040185,0,0,0,0,0,0,1,0,1,0
2040203,0,0,0,0,0,0,1,0,0,0
2040221,0,0,0,0,0,0,1,0,1,0
2040239,0,0,0,1,0,0,1,0,1,1
2040257,1,0,0,1,0,0,1,0,1,0
2050005,0,1,0,0,0,0,1,0,0,0
2050018,0,0,0,1,0,0,1,0,1,1
2050030,0,0,0,0,0,0,0,0,1,0
2050042,0,0,0,1,0,0,1,0,1,0
2050054,0,0,0,0,0,0,1,0,1,0
2050067,0,0,0,0,0,0,1,0,1,0
2050079,0,1,0,0,0,0,1,0,1,0
2050091,0,0,0,0,0,0,1,0,1,0
2050104,0,0,0,0,0,0,1,0,1,0
2050116,0,1,1,0,0,0,1,0,1,0
2050128,0,1,0,0,0,0,1,0,1,0
2050140,0,0,0,0,0,0,1,0,1,0
2050153,0,1,0,0,0,0,1,0,1,0
2050165,0,1,0,1,0,0,1,0,1,1
2050177,0,0,0,0,0,0,1,0,0,0
2060006,0,0,0,1,0,0,1,0,0,0
2060013,0,0,0,0,0,0,1,0,1,0
2060019,0,0,0,0,0,0,1,0,1,0
2060026,0,0,0,1,0,0,1,0,1,1
2060033,0,0,0,0,0,0,1,0,0,1
2060040,0,0,0,0,0,0,1,0,1,0
2060047,0,0,0,0,0,0,1,0,1,0
2060053,0,0,0,0,0,0,1,1,0,0
2060060,0,0,0,0,0,0,1,0,1,1
2060067,0,0,0,1,0,0,1,0,1,0
2060074,0,1,0,0,0,0,1,0,1,0
2060081,0,0,0,0,0,0,1,0,1,0
2060087,0,0,0,1,0,0,1,0,1,0
2060094,0,0,0,0,0,1,1,0,1,0
2060101,0,0,0,0,0,0,1,0,1,1
2070007,0,0,0,0,1,0,1,0,1,1
2070016,0,0,0,0,1,1,1,1,1,1
2070025,1,0,0,1,1,1,1,0,1,0
2070034,0,0,0,0,1,1,1,1,1,1
2070043,0,0,0,0,1,1,1,1,1,0
2070053,0,,0,0,1,1,1,1,1,1
2070071,0,1,0,0,1,1,1,0,1,0
2070080,0,1,0,0,1,1,1,0,1,0
2070089,0,1,0,0,1,1,1,1,1,0
2070098,0,0,0,0,1,1,1,1,1,0
2070107,0,0,0,1,1,1,1,0,0,1
2070117,0,0,0,1,1,1,1,1,1,1
2070126,0,1,0,0,1,1,1,1,1,0
2070135,0,0,0,0,1,1,1,0,1,0
2080002,0,0,0,0,0,0,0,0,1,0
2080016,0,0,0,0,0,0,1,0,1,0
2080030,0,0,0,0,0,0,1,0,1,0
2080043,0,0,0,0,0,0,1,0,0,0
2080057,0,0,0,0,0,0,1,0,1,0
2080071,0,0,0,0,0,0,1,1,1,1
2080084,0,0,0,0,0,0,1,0,1,0
2080098,0,0,0,0,0,0,1,0,0,0
2080112,0,0,0,0,0,0,1,0,0,0
2080125,0,0,0,0,0,0,1,0,1,0
2080139,0,1,0,0,0,0,1,0,1,0
2080153,0,0,0,0,0,0,1,0,1,0
2080166,0,0,0,0,0,0,1,0,1,0
2080180,0,0,0,0,0,0,1,0,0,0
2080194,1,0,0,0,0,0,1,0,1,0
2090002,0,1,0,0,0,0,1,0,1,0
2090016,0,0,0,0,0,0,1,0,1,0
2090031,0,0,0,0,0,0,0,0,0,0
2090045,0,0,0,0,0,0,1,0,1,0
2090059,0,0,0,0,0,0,0,0,0,0
2090073,0,0,0,0,0,0,1,0,0,0
2090087,0,1,0,0,0,0,0,0,0,0
2090101,0,0,0,0,0,0,1,0,0,0
2090115,0,0,1,0,0,0,0,0,1,0
2090129,0,0,0,0,0,0,0,0,0,0
2090143,0,0,0,0,0,0,0,0,0,0
2090157,0,0,0,0,0,0,0,0,1,0
2090171,0,0,0,0,0,0,0,0,1,0
2090185,0,1,0,0,0,0,1,0,0,0
2090199,0,0,0,0,0,0,0,0,0,0
2100006,0,0,0,0,0,0,1,0,0,0
2100015,0,0,0,0,0,0,1,0,0,0
2100024,0,0,0,0,0,0,0,0,0,0
2100033,0,1,0,0,0,0,0,0,1,0
2100042,0,0,0,0,0,0,0,0,1,0
2100051,0,0,0,0,0,0,1,0,1,0
2100059,0,0,0,1,0,0,1,0,1,1
2100068,0,0,0,0,0,0,1,0,1,0
2100077,0,0,0,0,0,0,1,0,0,0
2100086,0,1,0,0,0,0,1,0,0,0
2100095,0,0,0,1,0,0,1,0,1,0
2100104,0,0,0,0,0,0,1,0,0,0
2100113,1,1,0,0,0,0,1,0,1,0
2100122,0,0,0,0,0,0,0,0,0,0
2100131,0,0,0,0,0,0,1,0,0,0
2110008,0,0,0,0,0,0,1,0,0,0
2110025,0,0,0,0,0,0,1,0,0,0
2110042,0,0,0,0,0,0,1,0,1,0
2110058,0,0,0,0,0,0,1,0,0,0
2110075,0,0,0,0,0,0,0,0,0,0
2110092,0,0,0,0,0,0,1,0,0,0
2110108,0,1,0,0,0,0,1,0,0,0
2110125,0,0,0,0,0,0,1,0,1,0
2110142,0,0,0,0,0,0,1,0,1,0
2110158,0,0,0,0,0,0,0,0,1,0
2110175,0,1,0,1,0,0,0,0,1,0
2110192,0,0,0,0,0,0,1,0,1,0
2110208,0,1,0,0,0,0,0,0,0,0
2110225,0,0,0,1,0,0,1,0,1,0
2110242,0,0,0,0,0,0,1,0,0,0
2120003,1,0,0,0,1,0,1,0,1,1
2120010,0,0,0,0,0,0,1,0,1,1
2120017,0,1,0,0,0,0,1,0,1,1
2120024,0,0,0,0,0,0,1,0,1,0
2120031,0,0,0,0,0,0,1,0,1,0
2120037,0,1,0,0,1,0,1,0,1,0
2120044,0,0,0,0,0,0,1,0,1,1
2120051,0,0,0,0,0,0,1,0,1,1
2120058,0,0,0,0,1,0,1,0,1,0
2120065,0,0,0,0,0,0,1,0,1,1
2120071,0,0,0,0,0,0,1,0,0,0
2120078,0,0,0,0,0,0,1,0,0,0
2120085,0,1,0,0,0,0,1,0,1,0
2120099,0,0,0,0,0,0,1,0,1,1
2130010,0,0,0,0,0,0,1,0,1,1
2130021,0,0,0,0,0,0,1,0,0,1
2130031,0,0,0,0,0,0,1,0,1,0
2130042,0,0,0,0,0,0,1,0,1,1
2130053,1,1,0,0,0,0,0,0,1,0
2130064,0,0,0,0,0,0,1,0,1,1
2130075,0,0,0,1,0,0,0,0,1,1
2130085,0,0,0,0,0,0,1,0,1,1
2130096,0,0,0,0,0,0,0,0,1,0
2130107,0,0,0,0,0,0,1,0,1,0
2130118,0,0,0,0,0,0,1,0,0,0
2130129,0,0,0,0,0,0,1,0,1,0
2130139,0,0,0,0,0,0,1,0,1,0
2130150,0,0,0,0,0,0,1,0,1,0
2130161,0,0,0,0,0,0,1,0,1,0
2140012,0,1,0,0,0,0,1,0,0,0
2140028,0,0,0,0,0,0,1,0,0,0
2140044,0,0,0,0,0,0,1,0,1,0
2140060,0,1,0,0,0,0,1,0,1,0
2140076,0,0,0,0,0,0,1,0,0,0
2140092,0,0,0,0,0,0,1,0,0,1
2140108,0,0,0,0,0,0,1,0,0,0
2140124,1,0,0,0,0,0,1,0,1,1
2140140,0,1,0,0,0,0,0,0,1,1
2140156,0,0,0,0,0,0,0,1,0,0
2140172,0,0,0,1,0,0,1,0,1,0
2140188,0,0,1,0,0,0,1,0,1,0
2140204,0,0,0,1,0,0,1,0,1,0
2140220,0,0,0,0,0,0,1,0,0,1
2140235,0,0,0,0,0,0,1,0,0,0
2150002,0,1,0,0,0,0,0,0,1,0
2150008,0,0,0,0,0,0,1,1,1,0
2150014,0,0,0,0,0,0,1,1,1,0
2150020,0,0,0,1,0,0,1,0,1,1
2150026,0,1,1,0,1,1,1,1,1,1
2150032,0,0,0,1,0,0,1,0,1,1
2150038,0,0,0,0,1,0,1,1,1,1
2150044,0,1,0,0,0,1,1,1,1,0
2150050,1,0,0,0,0,0,1,0,1,0
2150056,0,0,0,0,0,0,1,1,1,0
2150062,0,0,0,0,0,0,0,1,0,0
2150068,0,0,0,0,1,0,1,1,1,1
2150074,0,0,0,0,0,0,1,1,1,1
2150080,0,0,0,0,0,0,1,1,1,1
2150086,0,0,0,0,0,0,1,0,0,0
2160009,0,0,0,0,0,0,1,1,0,0
2160021,0,0,0,0,0,0,0,1,0,0
2160034,0,0,0,0,0,0,0,0,1,0
2160047,0,0,0,0,0,1,1,1,0,1
2160059,0,0,0,0,0,0,1,0,0,0
2160072,0,0,0,0,0,0,0,0,0,0
2160085,0,0,0,0,0,0,0,0,0,0
2160097,0,0,0,0,0,0,1,0,0,0
2160110,0,0,0,0,0,1,0,1,0,0
2160123,0,0,0,0,0,0,0,0,0,0
2160135,0,0,0,0,0,0,0,0,0,0
2160148,0,0,0,0,0,0,1,0,1,0
2160161,0,0,0,0,0,0,0,0,0,0
2160173,0,1,0,0,1,0,1,1,1,1
2160186,0,0,0,0,0,0,0,1,0,0
2170007,0,0,0,0,0,1,1,1,1,0
2170018,0,0,0,0,0,1,1,1,1,1
2170030,0,0,0,0,0,0,1,1,1,0
2170041,0,0,0,0,0,0,1,0,1,0
2170052,0,0,0,0,0,0,1,0,1,0
2170063,0,0,0,1,0,0,1,0,1,0
2170075,0,0,1,0,0,0,1,0,1,0
2170086,0,1,0,0,0,0,1,0,1,1
2170097,0,0,0,0,0,0,1,0,1,0
2170108,0,0,0,0,0,0,1,1,1,0
2170120,0,1,0,1,0,0,1,0,1,1
2170131,0,0,0,0,0,0,1,0,1,0
2170142,0,0,0,1,0,0,1,0,1,0
2170154,0,1,1,0,0,0,1,0,1,0
2170165,0,1,0,0,0,0,1,1,1,0
2180001,0,0,0,0,0,0,0,0,1,0
2180017,0,0,0,0,0,0,1,0,0,0
2180034,0,0,0,0,0,0,1,0,0,0
2180066,0,0,0,0,0,1,0,1,1,0
2180082,0,0,0,0,0,0,0,0,0,0
2180098,0,0,0,0,0,0,0,1,1,0
2180114,0,0,0,0,0,0,1,0,0,1
2180130,0,0,0,0,0,0,1,0,0,0
2180146,0,0,0,0,0,0,1,0,1,1
2180162,0,0,0,0,0,0,1,1,1,0
2180178,0,0,0,0,0,0,1,0,0,0
2180194,0,0,0,0,0,0,1,1,1,0
2180210,0,0,0,0,0,0,1,0,0,0
2180226,0,0,0,1,0,0,1,0,1,0
2190003,1,0,0,0,0,0,1,0,1,0
2190010,0,0,0,0,0,0,0,1,0,0
2190017,0,0,0,0,0,0,1,0,1,0
2190023,0,0,0,0,0,0,0,1,1,0
2190030,0,0,0,1,0,0,1,0,1,0
2190036,0,0,0,1,0,0,0,1,1,0
2190043,0,0,0,0,0,0,1,1,1,0
2190050,0,0,0,0,0,0,0,0,1,0
2190056,0,1,0,0,0,0,1,0,0,0
2190063,0,0,0,0,0,0,1,1,1,1
2190069,0,0,0,0,0,0,1,1,1,0
2190076,0,1,0,1,0,0,1,0,1,1
2190083,0,0,0,0,0,0,0,0,1,0
2190089,0,0,0,0,0,0,0,0,0,0
2190096,0,0,1,0,0,0,0,0,1,0
2200014,0,0,0,0,0,0,0,0,0,0
2200028,0,0,0,0,0,1,1,1,1,0
2200042,0,0,0,0,0,0,1,1,1,0
2200057,0,1,0,0,0,0,1,1,1,1
2200071,0,0,0,0,0,0,1,0,0,0
2200086,0,0,0,0,0,1,1,1,1,0
2200100,0,0,0,0,0,0,1,0,0,1
2200114,0,0,0,0,0,0,0,1,0,0
2200129,0,0,0,0,0,0,1,1,1,0
2200143,0,0,0,0,0,0,1,0,1,0
2200158,0,1,0,0,0,0,1,0,1,0
2200172,0,0,0,0,0,0,1,1,1,1
2200186,0,0,0,0,0,0,1,0,1,1
2200201,0,0,0,0,0,0,1,0,1,0
2200215,0,0,0,0,0,0,1,0,1,0
2210002,0,0,0,0,0,0,1,0,1,0
2210009,0,0,0,0,0,0,0,0,1,0
2210016,0,0,0,0,0,0,1,0,1,0
2210022,0,0,0,0,0,0,1,0,1,0
2210029,0,0,0,0,0,0,1,0,1,0
2210036,0,0,0,0,1,0,1,0,1,1
2210042,0,0,0,0,0,0,1,0,1,1
2210049,0,0,0,0,0,0,1,0,1,0
2210056,0,0,0,0,0,0,1,0,1,0
2210062,0,0,0,0,1,0,1,0,1,1
2210069,0,0,0,0,0,0,0,0,1,0
2210076,0,0,0,0,0,0,1,0,1,0
2210082,0,0,0,0,1,0,1,0,1,0
2210089,0,1,0,0,0,0,1,0,1,1
2210096,0,0,0,0,1,0,1,0,1,1
2220002,0,0,0,1,0,0,0,0,1,1
2220012,0,0,0,0,1,0,1,1,1,1
2220021,0,0,0,0,0,0,1,0,1,0
2220030,0,0,0,0,0,0,1,0,1,0
2220039,0,0,0,0,0,0,1,0,0,0
2220048,0,0,0,0,0,0,1,0,1,1
2220057,0,0,0,1,0,0,1,0,1,1
2220066,0,0,0,0,0,0,0,0,0,0
2220075,0,0,0,1,0,0,1,1,1,0
2220085,0,0,0,0,0,0,0,0,1,0
2220094,0,1,0,0,0,0,1,0,1,0
2220103,0,0,0,0,0,0,1,0,1,0
2220112,0,0,0,1,0,0,0,0,1,0
2220121,0,0,0,0,0,0,0,0,0,0
2220130,0,0,0,0,0,0,0,0,0,0
2230010,0,0,0,1,0,0,0,0,1,1
2230024,0,0,0,0,0,0,1,0,0,0
2230038,0,0,0,0,0,0,1,1,1,0
2230052,0,0,0,0,0,0,0,0,1,0
2230066,0,0,0,0,0,0,1,0,0,0
2230080,0,0,0,0,0,0,1,1,1,1
2230094,0,1,0,0,0,0,1,0,0,0
2230108,0,0,0,0,0,0,1,1,0,0
2230122,1,0,0,0,0,0,1,0,1,1
2230136,0,0,0,0,0,0,1,0,1,0
2230150,0,0,0,0,0,0,0,0,0,0
2230164,0,0,0,0,0,0,1,0,1,0
2230178,0,0,0,0,0,0,1,1,0,0
2230192,0,0,0,0,0,0,0,0,0,0
2230206,0,1,0,0,0,0,1,1,1,0
2240005,0,0,0,0,0,0,0,0,0,0
2240012,0,0,0,0,0,0,1,1,0,0
2240018,0,0,0,0,0,0,1,1,1,0
2240025,0,0,0,1,0,0,1,0,0,0
2240032,0,0,0,0,0,0,1,1,1,0
2240038,0,0,0,0,0,0,1,0,0,0
2240045,0,0,0,0,1,0,1,1,1,0
2240052,0,0,0,0,0,0,1,0,0,0
2240059,0,0,0,0,0,0,1,1,1,0
2240065,0,0,0,0,0,0,1,1,0,0
2240072,0,0,0,0,0,0,0,1,1,1
2240079,0,0,0,0,0,0,1,0,1,0
2240086,0,0,0,0,0,0,0,0,0,0
2240092,0,0,0,0,0,0,0,0,0,0
2240099,0,0,0,0,0,0,0,0,0,0
2250001,0,0,0,0,0,0,0,0,0,0
2250018,0,0,0,0,0,0,0,1,0,0
2250034,0,0,0,0,0,0,1,0,1,0
2250050,0,0,0,0,0,0,0,0,1,0
2250066,0,0,0,0,0,0,0,0,0,0
2250082,0,0,0,0,0,0,0,0,0,0
2250099,0,0,0,0,0,0,0,0,0,0
2250115,0,0,0,0,0,0,0,0,1,0
2250131,0,0,0,0,0,0,0,0,0,0
2250147,0,0,0,0,0,0,0,0,0,0
2250163,0,0,0,0,0,0,1,0,0,0
2250180,0,0,0,0,0,0,0,0,1,0
2250196,0,0,0,0,0,0,0,0,1,0
2250212,0,0,0,0,0,0,1,1,0,0
2250228,0,0,0,0,0,0,1,0,0,0
2260005,0,0,0,0,0,0,1,1,0,0
2260011,0,1,0,0,0,0,1,1,1,0
2260016,0,0,0,0,0,0,1,0,1,0
2260022,0,0,0,0,0,0,1,1,1,0
2260028,0,0,0,0,0,0,1,0,1,0
2260033,0,1,0,0,0,0,1,1,1,0
2260039,0,0,0,0,0,0,1,0,1,0
2260044,0,0,0,1,0,0,0,0,1,0
2260050,0,1,0,0,0,0,1,0,1,0
2260056,0,0,0,1,0,0,1,1,1,0
2260061,0,1,0,0,0,0,1,0,1,0
2260067,0,0,0,0,0,0,1,0,0,0
2260072,0,0,0,0,0,0,1,0,1,0
2260078,0,0,0,0,0,0,1,0,0,0
2260084,0,0,0,0,0,0,1,0,0,0
2270005,0,0,0,0,0,0,0,0,0,0
2270009,0,0,0,0,0,0,0,0,0,0
2270014,0,0,0,0,0,0,0,0,0,0
2270019,0,0,0,0,0,0,1,0,0,0
2270023,0,0,0,0,0,0,1,0,0,0
2270028,0,0,0,0,1,0,1,0,1,1
2270032,0,0,0,0,0,0,0,0,1,0
2270037,0,0,0,0,0,0,0,0,0,0
2270041,0,0,0,0,0,0,0,0,0,1
2270046,0,0,0,0,0,0,0,0,1,0
2270051,0,0,0,0,0,0,0,0,0,0
2270055,0,0,0,0,0,0,0,0,0,0
2270060,0,0,0,0,0,0,0,0,0,0
2270064,0,0,0,0,0,0,0,0,0,0
2270069,0,0,0,0,0,0,0,0,1,0
2280002,0,0,0,0,0,0,1,0,1,0
2280008,0,0,0,1,0,0,1,0,0,0
2280013,0,0,0,0,0,0,1,0,0,0
2280024,0,0,0,0,0,0,1,0,0,0
2280030,0,0,0,0,0,0,1,0,0,0
2280035,0,0,0,0,0,0,1,0,1,0
2280041,0,0,0,0,0,0,1,0,1,0
2280057,0,0,0,0,0,0,1,0,0,0
2280063,0,1,0,0,0,0,1,0,0,0
2280068,0,0,0,0,0,0,0,0,1,0
2280079,0,1,0,0,1,0,1,1,1,1
2290003,0,,0,0,0,0,0,0,0,0
2290012,0,0,0,0,0,0,0,0,0,0
2290021,0,0,0,0,0,0,1,0,0,0
2290030,0,0,0,0,0,0,0,0,0,0
2290039,0,0,0,0,0,0,0,0,0,0
2290048,0,0,0,0,0,0,1,1,0,0
2290057,0,0,0,0,0,0,1,0,0,0
2290066,0,0,0,0,0,0,1,0,0,0
2290075,0,0,0,0,0,0,0,0,0,0
2290084,0,,0,0,0,0,0,0,0,0
2290093,0,0,0,0,0,0,1,0,0,0
2290102,0,,0,0,0,0,1,0,1,0
2290111,0,1,0,0,0,0,0,0,1,0
2290120,0,0,0,0,0,0,1,0,0,0
2290128,0,0,0,1,0,0,1,0,0,0
2300015,0,0,0,0,0,0,0,1,0,0
2300033,0,0,0,0,0,0,0,0,0,0
2300052,0,0,0,0,0,0,0,0,1,0
2300071,0,0,0,0,0,0,0,0,1,0
2300089,0,,0,0,0,0,0,0,0,0
2300127,0,0,0,0,0,0,0,0,0,0
2300145,0,0,0,0,0,0,1,0,1,0
2300164,0,0,0,0,0,0,0,0,0,0
2300183,0,0,0,0,0,0,0,0,0,0
2300201,0,0,0,0,0,0,0,0,0,0
2300239,0,0,0,0,0,0,1,0,0,0
2300257,0,0,0,0,0,0,1,0,0,0
2300276,0,0,0,0,0,0,0,0,0,0
2310009,0,0,0,0,0,0,1,0,0,0
2310022,0,0,0,0,0,0,1,0,0,0
2310036,0,0,0,0,0,0,1,1,1,0
2310049,0,0,0,0,0,0,1,0,1,0
2310063,0,0,0,0,0,0,0,0,0,0
2310076,0,1,0,0,0,0,1,0,1,0
2310090,0,0,0,0,0,0,1,0,0,0
2310103,0,0,0,0,0,0,1,0,0,0
2310116,0,0,0,0,0,0,0,0,0,0
2310130,0,0,0,0,0,0,0,0,0,0
2310143,0,0,0,0,0,0,0,0,1,0
2310157,0,0,0,0,0,0,0,0,0,0
2310170,0,0,0,0,0,0,0,0,0,0
2310183,0,0,0,0,0,0,0,0,0,0
2310197,0,0,0,0,0,0,0,0,0,0
2320001,0,1,0,0,0,0,1,0,1,0
2320023,0,0,0,0,0,0,1,0,1,0
2320045,0,0,0,0,0,0,0,0,1,0
2320056,0,0,0,0,0,0,1,0,1,0
2320067,0,0,0,0,0,0,0,0,0,0
2320089,0,0,0,0,0,0,1,0,0,0
2320100,0,0,0,0,0,0,1,0,0,0
2320111,0,1,0,0,0,0,1,0,0,0
2320122,0,0,0,0,0,0,0,0,1,0
2320133,0,0,0,0,0,0,1,0,0,0
2320144,0,0,0,0,0,0,0,0,0,0
2320155,0,0,0,0,0,0,0,0,1,0
2330006,0,0,0,0,0,0,1,0,1,0
2330014,0,0,0,0,0,0,1,0,1,1
2330023,0,0,0,0,0,0,1,0,0,0
2330031,0,0,0,0,0,0,1,0,0,0
2330048,0,0,0,0,0,0,1,0,0,0
2330057,0,1,0,0,0,0,1,1,1,0
2330065,1,0,0,0,0,0,1,1,0,0
2330082,0,0,0,0,0,0,1,0,1,0
2330100,0,0,0,0,0,0,1,0,0,0
2330108,0,1,0,0,0,0,1,0,0,0
2330117,0,0,0,0,0,0,1,0,1,0
2330125,0,0,0,0,0,0,1,0,1,0
2340008,0,0,0,0,0,0,1,0,1,0
2340016,0,1,0,0,0,0,1,0,1,0
2340024,0,0,0,0,0,0,1,0,0,0
2340032,0,0,0,0,0,0,1,0,0,0
2340040,0,1,0,0,0,0,0,0,0,0
2340048,0,0,0,0,0,0,1,0,1,0
2340056,0,0,0,0,0,0,1,0,1,1
2340064,0,0,0,0,0,0,1,0,1,0
2340072,0,0,0,0,0,0,1,0,1,0
2340080,0,0,0,1,0,0,1,0,0,0
2340088,0,0,0,0,0,0,0,0,1,0
2340104,0,0,0,0,0,0,1,0,1,0
2340112,0,0,0,0,0,0,1,0,0,1
2340120,0,0,0,1,0,0,1,0,0,1
2350006,0,0,0,0,0,0,0,0,0,0
2350038,0,0,0,0,0,0,0,0,0,0
2350053,0,0,0,0,0,0,0,0,0,0
2350069,0,0,0,0,0,0,1,0,0,0
2350085,0,0,0,0,0,0,0,0,0,0
2350100,0,0,0,0,0,0,0,0,0,0
2350116,0,0,0,0,0,0,0,0,0,0
2350132,0,0,0,0,0,0,0,0,0,0
2350147,0,0,0,0,0,0,1,0,1,0
2350163,0,0,0,0,0,0,0,0,0,0
2350179,0,0,0,0,0,0,0,0,0,1
2350194,0,0,0,0,0,0,1,0,0,0
2350210,0,0,0,0,0,0,0,0,0,0
2350226,0,0,0,0,0,0,0,0,0,0
2360003,0,0,0,0,0,0,0,0,0,0
2360012,0,0,0,0,0,0,0,0,1,0
2360030,0,0,0,0,0,0,1,0,1,0
2360039,0,0,0,0,0,0,1,0,1,0
2360048,0,0,0,0,0,0,0,0,1,0
2360057,0,0,0,0,0,0,0,0,0,0
2360065,0,0,0,0,0,0,0,0,0,0
2360074,0,0,0,0,0,0,1,0,1,0
2360083,0,0,0,0,0,0,0,0,1,0
2360092,0,0,0,0,0,0,1,0,1,0
2360101,0,0,0,1,1,0,1,0,1,0
2360110,0,,0,0,1,0,0,0,0,0
2360119,0,0,0,0,0,0,1,0,1,0
2360128,0,0,0,0,0,0,0,1,0,0
2370013,0,0,0,0,1,0,1,0,1,0
2370030,0,0,0,0,0,0,1,0,1,0
2370046,0,0,0,0,0,0,1,0,0,0
2370062,0,0,0,0,0,0,1,0,0,0
2370078,0,0,0,0,0,0,0,0,1,0
2370094,0,1,0,0,0,0,1,0,1,0
2370110,0,0,0,0,1,0,1,0,1,1
2370126,0,0,1,0,0,0,0,0,1,0
2370142,0,0,0,0,0,0,1,0,1,0
2370158,0,0,0,0,0,0,1,0,1,0
2370174,0,0,0,0,0,0,1,0,1,0
2370190,0,0,0,1,0,0,0,0,0,0
2370206,0,0,0,0,0,0,0,0,1,0
2370222,0,0,0,0,0,0,1,0,1,0
2370238,0,0,0,0,0,0,1,0,1,0
2380002,0,0,0,0,0,0,1,0,1,0
2380011,0,0,0,0,0,0,1,0,1,1
2380019,0,1,0,0,0,0,1,0,0,0
2380028,0,0,0,0,0,0,1,0,1,0
2380036,0,0,0,0,0,0,1,0,1,0
2380045,0,1,0,0,0,0,0,0,1,0
2380053,0,0,0,0,0,0,1,0,1,0
2380062,0,0,0,0,0,0,1,0,1,0
2380070,0,0,0,0,0,0,1,0,1,0
2380079,0,0,0,0,0,0,0,0,1,0
2380087,0,1,0,0,0,0,0,0,1,0
2380096,0,1,0,0,0,0,0,0,1,0
2380104,0,0,0,0,0,0,1,0,1,0
2380112,0,0,0,0,0,0,0,0,1,0
2380121,0,0,0,0,0,0,0,0,0,0
2390002,0,0,0,1,1,0,1,0,1,0
2390015,0,0,0,1,1,0,1,0,1,1
2390027,0,0,0,0,0,0,1,0,1,0
2390039,0,0,0,0,0,0,1,0,0,1
2390051,0,1,0,0,0,0,1,0,1,0
2390063,0,1,0,0,0,0,1,0,0,0
2390076,0,0,0,0,0,0,0,0,0,0
2390088,0,0,0,0,0,0,0,0,0,0
2390112,0,0,0,0,0,0,0,0,0,0
2390124,0,0,0,0,0,0,0,0,0,0
2390137,0,0,0,0,0,0,1,0,0,0
2390149,0,0,0,0,0,0,0,0,0,0
2390161,0,0,0,0,0,0,1,0,1,1
2390173,0,0,0,0,0,0,1,0,0,0
2400012,0,0,0,0,0,0,1,0,1,0
2400031,0,1,0,0,1,0,1,0,1,0
2400050,0,0,0,1,0,0,1,0,1,0
2400089,0,0,0,0,0,0,0,0,0,0
2400108,0,0,0,1,1,0,1,0,1,1
2400127,0,0,0,1,0,0,1,0,0,0
2400146,0,0,0,0,0,0,1,0,1,0
2400166,1,0,0,1,0,0,1,0,1,0
2400185,0,0,0,0,0,0,1,0,1,0
2400204,0,0,0,0,0,0,1,0,0,0
2400223,0,1,0,0,0,0,1,0,1,0
2400242,0,0,0,0,0,0,1,0,1,1
2400262,0,0,1,0,0,0,1,0,1,0
2400281,0,0,0,0,0,0,0,0,1,0
2410011,0,0,0,0,0,0,1,0,1,0
2410030,0,0,0,0,0,0,1,0,0,0
2410050,0,0,0,0,0,0,0,0,0,0
2410069,0,0,0,1,0,0,0,0,0,0
2410088,1,0,0,0,0,0,0,0,0,0
2410107,0,0,0,0,0,0,1,0,0,0
2410127,0,0,0,0,0,0,0,0,1,0
2410146,0,0,0,0,0,0,0,0,1,0
2410165,0,0,0,0,0,0,0,0,1,0
2410184,0,1,0,0,0,0,0,0,1,0
2410204,0,0,0,0,0,0,0,0,0,0
2410223,0,0,0,0,1,0,1,0,1,0
2410242,0,1,0,0,0,0,0,0,0,0
2410261,0,0,0,0,1,0,0,0,1,0
2410281,0,0,0,0,0,0,1,0,1,0
2420005,0,0,0,0,0,0,0,0,0,0
2420017,0,,0,0,0,0,1,0,0,0
2420028,0,0,0,0,0,0,1,0,1,0
2420039,0,0,0,0,0,0,1,0,0,0
2420050,0,0,0,0,0,0,1,0,0,1
2420061,0,0,0,0,0,0,1,0,0,0
2420073,0,0,0,0,0,0,0,0,1,0
2420084,0,0,0,0,0,0,1,0,1,0
2420095,0,0,0,0,0,0,0,0,0,0
2420106,0,0,0,0,0,0,0,0,0,0
2420117,0,1,0,0,0,0,1,0,1,0
2420129,0,0,0,1,0,0,0,0,0,0
2420140,0,0,0,0,0,0,0,0,1,0
2420151,0,0,0,0,0,0,1,0,1,0
2430007,0,1,0,0,1,0,1,1,1,1
2430015,0,0,0,0,1,0,1,0,1,0
2430023,0,0,0,0,0,0,1,0,0,0
2430039,0,0,0,0,0,0,1,0,0,0
2430047,0,0,0,0,0,1,1,0,1,0
2430055,0,1,0,0,0,0,1,0,1,0
2430062,0,1,0,0,0,0,1,0,1,0
2430070,0,0,0,0,0,0,0,0,0,0
2430078,0,0,0,0,0,0,0,0,1,0
2430086,0,0,0,0,0,0,0,0,0,1
2430094,0,0,0,0,0,0,1,0,1,0
2430102,0,0,0,0,0,0,1,0,0,0
2430110,0,0,0,0,0,0,0,0,0,0
2430117,0,0,0,0,0,0,0,0,1,0
2440006,0,1,0,0,0,0,1,0,1,0
2440014,0,0,0,1,1,0,1,0,1,1
2440022,0,0,0,0,0,0,1,0,1,0
2440029,0,0,0,0,0,0,1,0,0,0
2440037,0,0,0,0,0,0,1,0,0,0
2440045,0,0,0,1,0,0,0,0,1,0
2440053,1,0,0,0,0,0,1,0,1,0
2440060,0,0,0,0,0,0,1,0,0,0
2440068,0,1,0,0,0,0,1,0,1,0
2440076,0,1,0,0,1,0,1,0,1,1
2440084,0,0,0,0,0,0,0,0,1,0
2440091,0,0,0,1,0,0,0,0,1,0
2440099,0,0,0,0,0,0,1,0,0,0
2440107,0,0,0,0,0,0,1,0,1,0
2440115,0,0,0,0,0,0,1,0,1,0
2450003,0,0,0,1,1,0,1,1,1,1
2450012,0,1,0,0,1,0,0,1,1,0
2450021,1,0,0,0,1,0,1,1,1,0
2450030,0,0,0,0,1,1,1,1,1,0
2450039,0,0,0,0,1,1,1,1,1,0
2450047,0,0,0,0,1,1,1,1,1,1
2450056,0,0,0,1,1,1,1,1,1,1
2450065,0,0,0,0,1,1,1,1,1,0
2450074,0,0,0,0,1,1,1,1,1,0
2450083,0,1,0,0,1,1,1,1,1,0
2450091,0,0,0,0,1,0,1,1,1,0
2450100,0,0,0,0,1,0,1,1,1,0
2450109,0,1,0,0,1,1,1,1,1,0
2450118,0,1,0,0,1,1,1,1,1,0
2450127,0,0,1,0,1,1,1,1,1,0
2460003,0,1,0,1,0,0,1,0,1,0
2460019,0,0,0,0,0,0,0,0,1,0
2460035,0,0,1,0,1,0,1,0,1,1
2460051,0,1,0,0,0,0,1,0,1,0
2460067,0,0,0,1,0,0,1,0,1,1
2460082,0,0,0,0,0,0,1,0,1,0
2460098,0,0,0,1,0,0,0,0,1,0
2460114,0,0,0,1,1,0,1,0,0,0
2460130,0,0,0,1,0,0,0,0,1,0
2460146,0,0,0,1,0,0,1,0,1,0
2460161,0,1,0,1,1,0,1,0,1,0
2460177,0,0,0,0,0,0,1,0,1,0
2460193,0,1,0,1,0,0,1,0,1,1
2460209,0,0,0,1,1,0,1,1,1,0
2460225,0,0,0,0,0,0,1,0,1,0
2470009,0,1,0,0,0,0,1,0,1,1
2470021,0,0,0,0,0,0,1,0,1,0
2470033,0,1,0,0,0,0,1,0,1,0
2470045,0,1,0,1,0,0,1,0,1,1
2470057,0,0,0,0,0,0,1,0,0,0
2470070,0,0,0,1,0,0,1,0,1,0
2470082,0,1,0,0,0,0,1,0,0,0
2470094,0,0,0,0,0,0,1,0,1,0
2470106,0,0,0,1,0,0,1,0,1,0
2470118,0,0,0,0,0,0,0,0,1,0
2470130,0,0,1,0,0,0,1,0,1,0
2470143,0,0,0,0,0,0,1,0,1,0
2470155,0,0,0,1,0,0,1,0,1,0
2470167,0,0,0,0,0,0,1,0,1,0
2470179,0,0,0,0,0,0,1,0,0,0
2480001,0,0,0,0,0,0,1,0,1,0
2480011,0,0,0,0,0,0,1,0,1,1
2480021,0,1,0,1,0,0,0,0,1,1
2480031,0,0,0,0,0,0,0,0,1,0
2480041,0,0,0,0,0,0,1,0,1,0
2480051,0,0,0,0,0,0,1,0,1,1
2480061,0,0,0,0,0,0,1,0,1,0
2480070,0,0,0,1,0,0,0,0,1,0
2480080,0,1,0,0,0,0,0,0,1,0
2480090,0,0,0,0,0,0,1,1,1,0
2480100,0,0,0,0,0,0,1,0,1,0
2480110,1,0,0,0,0,0,1,0,1,1
2480120,0,0,0,0,0,0,1,0,1,0
2480130,0,0,0,0,0,0,1,0,1,1
2480140,0,0,0,0,0,0,1,0,1,0
2490001,0,0,0,0,1,0,1,0,1,1
2490011,1,0,0,0,1,0,1,0,1,0
2490021,0,0,0,0,0,1,1,0,1,0
2490031,0,1,0,0,0,0,1,0,1,0
2490040,0,1,0,0,0,0,1,1,1,0
2490050,0,1,0,0,0,1,1,0,1,0
2490060,0,0,0,0,1,0,1,0,1,0
2490070,0,1,0,0,0,1,1,0,1,0
2490079,0,0,0,0,1,1,1,0,1,1
2490089,0,0,0,0,1,1,1,0,1,0
2490099,0,1,0,0,1,0,1,0,1,1
2490108,0,0,0,0,1,1,1,0,1,1
2490118,0,1,0,0,0,0,1,0,1,1
2490128,1,1,0,1,1,0,1,0,1,1
2490138,0,0,0,0,1,0,1,0,1,1
2500014,1,0,0,1,0,0,1,0,1,0
2500028,0,0,0,0,0,1,1,0,1,0
2500042,0,0,0,1,0,1,1,0,1,0
2500056,0,0,0,1,0,0,1,0,1,0
2500070,0,0,0,0,0,0,1,0,1,0
2500084,0,0,0,0,0,0,1,0,1,0
2500098,0,1,0,0,0,0,1,0,1,0
2500112,0,0,0,1,1,0,1,0,1,1
2500126,0,0,0,0,0,0,1,0,1,0
2500140,0,,0,0,0,0,1,0,1,0
2500154,0,1,0,0,0,0,1,0,1,0
2500182,0,0,0,0,0,0,1,0,1,1
2500196,0,1,0,0,0,0,1,0,1,0
2500210,0,0,0,0,0,0,1,0,1,0
2510007,0,0,0,1,0,0,1,0,1,0
2510024,0,0,0,0,0,0,1,0,0,0
2510032,0,0,0,0,0,0,1,0,1,0
2510040,0,0,0,0,0,0,1,0,1,0
2510048,0,0,0,0,0,0,1,0,1,0
2510056,0,0,0,0,0,0,1,1,1,1
2510064,0,0,0,0,0,0,1,0,1,0
2510072,0,0,0,0,0,0,1,0,1,0
2510080,0,0,0,0,1,0,1,0,1,0
2510088,0,0,0,0,0,0,1,0,1,0
2510096,0,1,1,0,0,1,1,0,1,0
2510104,0,0,0,0,0,1,1,0,1,0
2510112,0,0,0,0,0,1,1,0,1,0
2510120,0,0,0,0,1,1,1,0,1,0
2520005,0,0,0,0,0,0,1,0,1,0
2520022,0,0,0,0,0,0,1,0,1,0
2520039,0,0,0,0,0,0,1,0,1,0
2520056,,,0,0,0,0,1,0,1,0
2520073,0,0,0,0,0,1,1,0,1,0
2520090,0,0,0,0,0,1,1,0,1,0
2520107,0,0,0,0,0,0,1,0,1,1
2520141,0,0,0,0,0,0,1,0,1,1
2520158,0,0,0,0,0,0,1,0,0,0
2520175,0,0,0,0,0,0,0,0,1,0
2520192,0,0,0,1,0,0,1,0,0,1
2520209,0,0,0,0,0,1,0,0,1,0
2520226,0,0,0,0,0,0,1,0,0,0
2530004,0,0,0,0,0,0,1,1,0,0
2530020,0,0,0,0,0,0,1,1,1,0
2530035,0,0,0,0,0,1,1,0,1,0
2530051,0,0,0,0,0,0,1,0,1,0
2530066,0,0,0,1,0,0,0,0,1,0
2530097,0,0,0,0,0,0,1,0,1,0
2530113,0,1,0,0,0,0,1,0,1,0
2530128,0,0,0,0,0,0,1,1,1,0
2530144,0,0,0,1,0,0,1,0,1,1
2530159,0,0,0,0,0,0,1,0,0,0
2530175,0,1,0,0,1,0,1,0,1,0
2530190,0,0,0,0,0,0,1,0,1,0
2530205,0,0,0,0,0,0,1,0,1,0
2530221,0,0,0,0,0,0,1,0,0,0
2540010,0,0,0,0,0,0,0,1,0,0
2540024,0,0,0,0,0,1,0,0,0,0
2540038,0,0,0,0,0,0,1,0,0,0
2540051,0,0,0,0,0,0,1,0,1,0
2540065,0,0,0,0,0,0,1,0,0,0
2540079,0,,0,0,0,0,1,0,0,0
2540092,0,0,0,0,0,0,1,0,1,0
2540106,0,0,0,0,0,0,1,0,1,0
2540120,0,0,0,0,0,0,1,0,1,0
2540133,0,0,0,1,0,0,1,0,0,0
2540147,0,0,0,0,0,1,1,0,0,0
2540161,0,0,0,0,0,1,1,0,1,0
2540174,0,0,0,0,0,0,0,0,0,0
2540188,0,0,0,1,0,0,1,0,1,1
2540202,0,0,0,0,0,0,1,1,0,0
2550001,0,0,0,0,0,0,1,0,0,0
2550009,0,0,0,0,0,0,0,0,0,0
2550016,0,0,0,0,0,0,1,0,0,0
2550024,0,0,0,0,0,1,0,0,1,0
2550031,0,0,0,0,0,0,0,0,0,0
2550038,0,0,0,0,0,0,0,0,0,0
2550046,0,0,0,0,0,0,0,0,0,0
2550053,0,0,0,1,0,0,0,0,0,0
2550061,0,0,0,0,0,0,1,0,0,0
2550068,0,0,0,0,0,0,0,0,0,0
2550075,0,0,0,0,0,0,0,0,0,0
2550083,0,0,0,0,0,0,0,0,0,0
2550090,0,1,0,0,0,0,0,0,1,0
2550098,0,0,0,0,0,0,0,0,0,0
2550105,0,0,0,0,0,0,1,0,0,0
2560001,0,0,0,0,0,0,1,0,1,0
2560006,0,0,0,0,0,0,1,1,1,0
2560011,0,1,0,0,0,0,1,0,1,0
2560016,0,0,0,0,0,0,1,1,1,0
2560021,0,0,0,0,0,0,1,1,1,0
2560026,0,0,0,0,0,0,0,0,0,0
2560031,1,0,0,0,0,0,1,0,1,0
2560035,0,0,0,0,0,0,1,0,1,0
2560040,0,0,0,0,0,0,1,0,1,0
2560045,0,0,0,0,0,0,1,0,1,0
2560050,0,0,0,0,0,1,1,0,1,0
2560055,0,0,0,0,0,0,1,0,1,0
2560060,0,0,0,1,0,0,1,0,1,1
2560065,0,0,0,0,1,1,1,1,1,0
2560070,0,0,0,0,0,0,1,0,1,0
2570013,0,0,0,0,0,0,1,0,1,0
2570026,0,0,0,0,0,0,1,0,1,0
2570039,0,0,0,0,0,1,1,0,1,0
2570052,0,0,0,0,0,0,0,0,1,0
2570065,0,0,1,1,0,1,1,0,1,0
2570078,0,1,0,0,0,1,1,0,1,0
2570091,0,0,0,0,0,0,1,0,1,0
2570104,0,0,0,0,0,1,1,0,1,0
2570117,0,0,0,0,0,1,1,1,1,1
2570131,0,0,0,1,0,1,1,0,1,0
2570144,0,0,0,0,0,0,0,0,1,0
2570157,0,0,0,1,0,0,1,0,1,0
2570170,0,0,0,0,0,0,1,0,1,1
2570183,0,1,0,0,0,1,1,0,1,0
2570196,0,0,0,0,0,0,1,0,1,1
2580013,0,0,0,1,0,0,1,0,1,0
2580025,0,1,0,0,0,0,1,0,1,0
2580038,0,0,0,0,0,0,1,0,1,0
2580050,0,0,0,0,0,0,1,0,1,0
2580075,0,0,0,0,0,0,1,0,1,0
2580088,0,0,0,0,0,0,1,0,0,0
2580100,1,,0,0,0,1,1,0,1,0
2580113,0,0,0,0,1,1,0,0,1,0
2580125,0,0,0,0,1,1,1,0,1,0
2580138,0,0,0,0,0,1,1,0,1,0
2580151,0,1,0,0,0,1,1,0,1,0
2580163,0,0,0,0,0,0,0,1,1,0
2580176,0,0,0,1,0,1,0,0,1,0
2580188,0,0,0,0,0,0,1,0,1,0
2590004,0,0,0,1,1,0,1,1,1,1
2590015,,,0,0,0,0,1,0,1,0
2590025,0,0,0,0,0,0,1,0,0,0
2590035,0,0,0,0,0,0,1,0,1,0
2590045,0,0,0,0,0,1,1,1,1,1
2590055,0,0,0,0,0,1,1,0,1,0
2590066,0,1,0,0,0,0,1,0,1,0
2590076,0,0,0,0,0,0,1,0,1,0
2590086,0,0,0,0,0,0,0,0,1,0
2590096,0,0,0,1,1,0,1,0,1,1
2590106,0,0,0,0,1,0,1,0,1,1
2590117,0,0,0,1,0,0,1,0,1,0
2590127,0,0,0,0,0,1,0,0,1,0
2590137,0,0,0,0,1,0,1,0,1,1
2590147,0,0,0,1,1,0,1,0,1,0
2600005,0,0,0,0,0,1,1,0,1,0
2600009,0,0,0,1,1,1,0,1,1,0
2600014,0,0,0,1,1,1,0,1,1,1
2600019,0,0,0,0,1,0,1,1,1,0
2600023,0,0,0,0,1,0,1,1,1,0
2600028,0,0,0,1,0,0,1,1,0,0
2600033,0,1,0,1,1,1,0,1,1,0
2600037,0,0,0,0,1,0,1,1,1,0
2600042,0,0,0,0,0,0,1,1,1,0
2600047,0,0,0,0,1,1,0,1,1,1
2600051,0,0,0,0,0,0,1,0,1,1
2600056,0,1,0,0,0,0,1,1,1,0
2600061,0,0,0,0,0,0,1,0,1,0
2600065,0,1,0,0,0,0,1,0,1,0
2600070,0,0,0,0,0,0,1,0,1,1
2610005,0,0,0,0,0,0,1,0,1,0
2610012,0,0,0,0,0,0,1,0,0,0
2610018,0,0,0,1,0,0,1,0,1,0
2610024,0,0,0,0,0,0,1,0,1,1
2610030,0,0,0,0,0,0,1,0,0,0
2610036,0,0,0,0,0,0,1,0,1,0
2610042,0,0,0,1,0,0,1,0,1,0
2610048,0,0,0,0,0,1,1,0,1,0
2610054,0,0,0,1,0,1,1,0,1,0
2610060,0,1,0,0,0,1,1,0,1,0
2610066,0,0,0,0,0,0,1,0,1,0
2610072,0,0,0,0,0,1,1,0,1,0
2610078,0,0,0,0,0,1,1,0,1,0
2610084,0,0,0,1,0,0,1,0,1,0
2610090,0,0,0,0,0,1,1,0,0,1
2620002,0,0,0,0,0,0,1,1,1,0
2620015,0,0,0,0,0,0,0,1,1,0
2620028,0,0,0,0,0,0,1,1,1,0
2620041,0,0,0,0,0,1,1,1,1,0
2620054,0,1,0,0,0,0,1,1,1,0
2620066,0,0,0,1,0,0,1,0,1,0
2620079,0,0,0,1,0,0,1,0,1,0
2620092,0,0,0,1,0,0,0,1,1,0
2620105,0,0,0,1,1,0,0,1,1,0
2620118,0,1,0,1,1,1,1,1,1,1
2620130,0,0,0,1,0,0,0,1,1,0
2620143,0,0,0,0,0,0,0,1,1,0
2620156,0,0,0,0,0,1,1,1,1,0
2620169,0,0,0,0,1,0,1,1,1,1
2620182,0,0,0,1,1,1,1,1,1,0
2630002,0,0,0,0,0,1,1,0,0,0
2630022,0,0,0,0,0,0,1,0,1,0
2630041,0,0,0,0,1,0,1,0,1,1
2630099,0,0,0,0,0,0,1,0,1,1
2630118,0,0,0,0,0,0,1,0,1,0
2630138,0,0,0,0,0,1,0,0,1,0
2630157,0,0,0,0,0,0,1,0,1,0
2630215,,,0,0,0,1,1,0,1,1
2630254,0,0,0,1,0,0,0,0,1,0
2630273,0,0,1,0,0,0,0,0,1,0
2640008,0,0,0,0,1,0,0,0,1,0
2640020,0,0,0,0,1,1,0,0,1,1
2640033,0,1,0,0,1,0,0,0,1,0
2640045,0,0,0,0,0,0,1,0,1,0
2640058,0,0,0,0,0,1,1,1,1,1
2640070,0,0,0,0,0,1,1,0,1,0
2640083,0,0,0,0,1,1,0,1,1,0
2640095,0,0,0,0,0,1,0,1,1,0
2640108,0,0,0,0,0,1,1,1,1,0
2640120,0,0,0,0,0,0,0,1,1,0
2640133,0,0,0,1,1,1,1,1,1,1
2640146,0,0,0,0,1,1,1,1,1,1
2640158,0,0,0,0,1,1,1,1,1,0
2640171,0,0,0,0,1,1,0,1,1,1
2640183,0,0,0,0,1,1,1,0,1,0
2650008,0,0,0,0,0,0,0,0,1,0
2650025,0,0,0,0,0,0,0,0,1,0
2650041,0,1,0,0,0,1,1,1,1,0
2650058,0,0,0,0,0,0,1,1,0,0
2650075,0,0,0,0,0,1,1,0,1,0
2650091,0,0,0,0,0,0,1,1,1,0
2650108,0,0,0,0,0,1,0,1,1,0
2650124,0,1,0,0,0,0,0,1,1,0
2650141,0,0,0,0,0,1,1,1,0,0
2650157,0,0,0,0,0,0,0,0,1,0
2650174,0,0,0,0,0,0,1,0,1,0
2650190,0,0,0,1,1,1,1,1,1,1
2650207,0,0,0,0,0,1,1,1,0,1
2650223,0,0,0,0,0,0,1,0,0,1
2650240,0,0,0,0,0,0,1,0,1,0
2660006,0,0,0,0,0,0,1,0,0,0
2660021,0,0,0,0,0,0,0,0,0,0
2660036,0,0,0,0,0,0,1,0,0,0
2660050,0,0,0,0,0,0,1,0,1,0
2660065,0,0,0,0,0,0,0,0,1,0
2660079,0,0,0,0,1,0,1,0,0,1
2660094,0,0,0,0,0,0,1,0,1,0
2660109,0,0,0,0,0,0,1,0,1,0
2660123,0,0,0,0,0,0,1,0,0,0
2660138,0,0,0,0,0,0,1,0,0,0
2660152,0,0,0,1,0,0,1,0,0,0
2660167,0,0,0,0,0,0,1,0,1,0
2660182,0,0,0,0,0,1,1,0,1,0
2660196,0,0,0,0,0,0,1,0,0,1
2660211,0,0,0,0,0,0,1,0,1,0
2670034,0,0,0,0,0,0,1,0,0,0
2670053,0,0,0,1,0,0,1,0,1,0
2670071,0,0,0,0,0,0,1,0,1,0
2670089,0,0,0,0,0,0,1,0,1,0
2670107,0,0,1,1,1,0,0,0,1,1
2670125,0,0,0,0,0,1,1,0,1,0
2670143,0,1,0,0,0,0,1,0,1,0
2670161,0,0,0,0,0,1,1,0,1,0
2670179,0,0,0,1,0,0,1,0,1,0
2670197,0,0,0,0,0,0,1,0,1,0
2670215,0,0,0,0,0,0,1,0,1,0
2670233,0,1,0,0,0,0,1,0,1,0
2670251,0,0,0,0,0,0,1,0,1,0
2670269,0,1,0,0,1,0,1,0,1,0
2680008,0,0,0,1,0,0,0,0,1,0
2680017,0,0,0,0,0,0,1,0,1,0
2680027,0,1,0,0,0,0,1,0,1,0
2680045,0,0,0,0,0,0,0,0,0,0
2680055,0,0,0,1,0,0,1,0,1,1
2680064,0,0,0,0,0,0,1,0,0,0
2680073,0,0,0,0,0,0,1,0,0,0
2680083,0,0,0,0,0,0,0,0,1,0
2680092,0,0,0,0,0,0,1,0,1,0
2680101,0,0,0,0,0,0,1,0,1,0
2680111,0,0,0,0,0,0,0,0,1,0
2680120,0,0,0,0,0,0,0,0,1,0
2680129,0,0,0,0,0,0,1,0,0,1
2680139,0,1,0,0,0,1,1,0,1,0
2690002,0,1,0,0,0,0,1,0,0,0
2690011,0,1,0,0,0,0,0,0,1,1
2690019,0,0,0,1,1,0,1,0,1,1
2690035,0,0,0,0,0,0,0,0,1,0
2690043,0,0,0,0,0,0,1,0,1,0
2690059,0,0,0,0,0,0,1,0,1,0
2690067,0,0,0,0,0,0,1,0,1,0
2690076,0,0,0,0,0,0,0,0,1,1
2690084,0,0,0,0,0,1,0,0,1,0
2690092,0,0,0,0,0,0,1,0,1,0
2690100,0,0,0,0,0,0,1,0,1,0
2690108,0,1,0,0,0,0,1,0,1,0
2690116,0,0,0,0,0,0,1,0,1,0
2700009,0,0,0,0,0,0,0,0,1,1
2700021,0,0,0,0,0,0,0,0,0,0
2700034,0,0,0,0,0,0,1,0,0,0
2700047,0,0,0,1,0,0,1,0,1,1
2700059,0,0,0,0,0,0,0,0,0,0
2700072,0,0,0,0,0,0,1,0,1,0
2700085,0,0,0,0,0,0,1,0,1,0
2700097,0,,0,0,0,0,0,0,0,0
2700110,0,0,0,0,0,0,1,0,1,0
2700123,0,0,0,0,0,0,1,0,1,0
2700135,0,0,1,0,0,0,0,0,1,0
2700148,0,0,0,0,0,0,1,0,1,0
2700161,0,0,0,0,0,0,1,0,1,0
2700173,0,0,0,0,0,0,1,0,1,0
2700186,0,1,0,0,0,1,1,0,1,0
2710011,1,0,0,0,0,0,1,0,1,0
2710029,0,0,0,0,0,0,1,0,0,0
2710047,0,0,0,0,0,0,1,1,0,0
2710082,0,1,0,0,0,0,1,1,1,0
2710100,0,0,0,0,0,0,1,1,1,0
2710117,0,0,1,0,0,0,0,1,1,0
2710135,0,0,1,0,0,0,1,1,1,0
2710153,0,0,0,0,0,0,1,0,1,0
2710170,0,0,0,0,0,0,1,0,1,0
2710188,0,0,0,0,0,0,0,1,1,0
2710206,0,0,0,1,0,0,1,1,0,0
2710223,0,0,0,0,0,0,1,1,1,0
2710241,0,0,0,0,0,0,1,1,1,0
2720001,0,0,0,0,0,0,1,1,0,0
2720019,0,1,0,0,0,0,1,1,0,0
2720036,,,0,0,0,0,0,0,0,0
2720054,0,0,0,0,0,0,1,1,1,0
2720072,0,0,0,0,0,0,1,1,1,0
2720089,0,0,0,0,0,0,1,1,1,0
2720107,0,1,0,0,0,0,1,1,1,0
2720124,0,0,0,0,0,0,1,0,0,0
2720142,0,0,0,0,0,0,1,0,0,1
2720159,0,0,0,0,0,0,1,1,1,0
2720177,0,0,0,0,0,0,1,0,1,0
2720194,0,0,0,0,0,0,0,1,1,0
2720212,0,0,0,0,0,1,1,1,1,0
2720247,0,0,0,0,0,0,1,1,0,0
2730006,0,0,1,0,0,0,1,0,0,1
2730034,0,0,0,0,0,0,0,0,1,0
2730047,0,0,0,0,0,0,1,1,1,0
2730061,0,0,0,0,0,0,1,0,0,0
2730074,0,1,0,0,1,0,1,1,1,1
2730088,0,0,0,0,0,0,0,1,0,0
2730102,0,0,0,0,1,0,1,1,1,1
2730115,0,0,0,0,0,0,0,0,0,0
2730142,0,0,0,0,1,1,1,1,0,0
2730156,1,1,1,0,0,1,1,1,1,1
2730170,0,0,0,0,0,0,0,0,1,0
2730183,0,0,0,0,0,0,0,0,0,0
2730197,0,0,0,0,0,0,1,0,0,0
2740009,0,1,0,0,0,0,1,0,1,1
2740017,0,0,0,0,0,0,0,0,0,0
2740035,,,0,0,0,0,1,1,1,0
2740043,0,0,0,0,0,0,0,0,0,0
2740052,0,0,0,0,0,0,0,0,0,0
2740069,0,0,0,0,0,1,1,0,1,0
2740077,0,0,0,0,0,0,1,0,0,0
2740086,0,0,0,0,0,1,1,0,1,1
2740103,0,0,0,0,0,0,1,0,1,0
2740112,0,0,1,0,0,0,0,0,1,0
2740120,0,1,0,1,0,1,1,0,1,1
2740129,0,0,0,0,0,0,0,0,1,0
2750009,0,0,0,0,0,0,1,0,1,1
2750020,0,0,0,0,0,1,1,0,1,0
2750030,0,0,0,1,1,1,1,1,0,1
2750040,0,1,1,0,0,1,1,0,1,1
2750050,0,0,0,0,0,0,1,0,1,0
2750060,0,0,0,1,0,1,1,0,1,0
2750070,0,0,0,0,0,1,0,0,1,0
2750080,0,1,1,0,0,1,1,0,1,0
2750090,0,0,1,0,0,0,1,0,1,1
2750100,0,0,1,0,0,1,0,0,1,0
2750110,0,0,0,1,0,1,1,1,1,0
2750120,0,0,0,0,0,0,1,0,1,0
2750130,0,1,1,0,1,0,1,0,1,0
2750140,0,0,0,0,0,0,1,1,1,0
2750150,0,0,0,0,0,0,1,1,1,0
2760005,0,0,0,0,0,0,1,0,0,0
2760023,0,0,0,0,0,0,1,0,1,0
2760041,0,1,0,0,0,0,1,0,0,0
2760059,0,0,0,0,0,0,1,0,0,0
2760077,0,1,1,0,0,0,1,0,1,0
2760095,0,0,0,0,0,0,1,0,1,0
2760113,0,1,0,0,0,0,1,0,1,0
2760131,0,0,1,0,0,0,0,0,0,0
2760149,0,0,0,1,1,0,1,0,0,1
2760167,0,0,0,0,0,0,0,0,0,0
2760185,0,0,0,0,0,0,1,0,0,0
2760203,0,0,0,0,0,0,1,0,0,0
2760221,0,0,0,0,0,0,1,0,1,0
2760239,0,0,0,1,0,0,1,0,1,0
2770010,0,0,0,0,0,0,1,0,0,0
2770024,0,1,0,0,0,0,1,0,1,1
2770038,0,0,0,0,0,0,1,0,1,0
2770052,0,,0,0,0,0,1,0,1,1
2770066,0,0,0,1,0,0,1,0,1,0
2770080,0,0,0,0,0,0,0,0,1,0
2770094,0,0,0,0,0,0,1,0,1,0
2770121,0,0,0,0,0,0,1,0,1,0
2770135,0,0,0,0,0,0,1,0,0,0
2770149,0,0,0,0,0,0,1,0,1,0
2770163,0,0,1,0,0,0,1,0,1,0
2770177,0,0,0,0,0,0,1,0,1,0
2770191,0,0,0,0,0,0,0,0,0,0
2770204,0,0,0,0,0,1,0,0,1,0
2780008,0,0,0,0,0,0,1,1,1,0
2780020,0,1,0,0,0,0,1,1,1,0
2780032,0,1,0,0,0,1,1,1,1,0
2780044,0,1,1,1,1,1,0,1,1,0
2780056,0,0,0,0,1,1,1,1,1,1
2780068,0,0,0,0,1,0,1,0,1,0
2780080,0,0,0,0,1,1,1,1,1,0
2780092,0,0,0,1,1,1,1,1,1,0
2780116,0,0,0,0,1,1,1,1,1,0
2780128,0,0,0,1,1,1,1,1,1,0
2780140,0,1,0,0,1,1,1,1,1,0
2780152,0,0,0,0,1,1,1,0,1,0
2780164,0,0,0,0,0,0,1,0,1,0
2780175,0,0,1,1,1,1,1,1,1,1
2790001,0,0,0,0,0,0,0,0,0,0
2790012,0,0,0,0,0,0,1,0,1,0
2790023,0,0,0,0,0,1,1,0,1,1
2790033,0,0,0,0,0,0,1,0,1,0
2790044,0,0,0,0,0,0,1,0,1,1
2790054,0,1,0,0,0,0,1,0,1,0
2790065,0,1,0,1,0,0,1,0,1,1
2790076,0,0,0,0,0,0,1,0,0,0
2790086,0,0,1,0,0,0,1,0,1,0
2790097,0,0,0,0,0,0,1,0,1,0
2790107,0,0,0,0,0,0,1,0,1,0
2790118,0,0,0,0,0,1,1,0,1,1
2790129,0,,0,0,0,0,1,0,1,1
2790139,0,0,0,0,0,0,1,0,1,0
2790150,0,0,0,0,0,0,1,0,1,1
2800007,0,0,0,0,0,0,0,0,0,0
2800022,0,0,0,1,0,0,1,1,1,0
2800037,0,1,0,0,0,0,0,0,0,0
2800051,0,1,0,0,0,0,1,0,1,0
2800066,0,0,0,0,0,0,1,0,0,0
2800080,0,0,0,0,0,0,0,0,0,0
2800095,0,0,0,0,0,0,1,0,0,0
2800110,0,0,0,1,0,0,1,0,1,0
2800124,0,0,0,0,0,1,1,0,1,0
2800139,0,0,0,0,0,0,1,0,0,0
2800153,0,0,0,0,0,0,0,0,0,0
2800168,0,0,0,0,0,0,0,0,1,0
2800183,0,0,0,0,0,0,0,0,0,0
2800197,0,0,0,0,0,0,0,0,0,0
2800212,0,0,0,1,1,0,1,0,0,1
2810015,0,1,0,0,0,0,1,0,1,0
2810030,0,0,0,0,0,0,1,0,1,0
2810045,0,0,0,0,0,1,1,0,1,0
2810060,0,0,0,0,0,1,1,0,1,0
2810075,0,0,0,0,0,0,1,0,1,0
2810090,0,0,0,0,0,0,1,0,1,0
2810105,0,0,0,0,1,0,1,0,1,0
2810120,0,0,0,1,1,0,1,0,0,0
2810151,0,0,0,0,1,0,1,1,1,0
2810166,0,0,0,1,1,0,1,0,1,1
2810181,0,1,0,0,0,0,0,0,1,0
2810196,0,0,0,0,0,0,1,0,1,1
2810211,0,1,0,0,0,0,1,0,1,0
2810226,0,0,0,0,0,0,1,0,1,0
2820002,0,0,0,1,1,1,1,1,1,1
2820007,0,1,0,0,1,1,1,1,1,0
2820012,0,1,0,0,1,1,1,0,1,0
2820017,0,0,0,1,1,1,1,1,1,0
2820021,0,1,0,1,1,1,1,1,1,0
2820026,0,0,0,1,1,1,1,1,1,0
2820031,0,0,0,0,1,1,1,1,1,0
2820036,0,0,0,1,0,1,0,0,1,1
2820040,0,0,1,0,1,0,1,1,1,0
2820045,0,0,0,0,0,0,0,0,1,0
2820050,0,0,0,0,1,1,1,1,1,0
2820054,0,0,0,0,1,1,1,1,1,0
2820059,0,0,0,0,1,1,1,1,1,0
2820064,0,0,0,0,1,1,1,1,1,0
2820069,0,0,0,0,1,1,1,1,1,0
2830004,0,0,0,1,0,0,1,0,1,0
2830016,0,0,0,0,0,0,1,0,1,0
2830028,0,0,0,0,0,0,1,0,1,0
2830039,0,0,0,0,0,0,1,0,1,0
2830051,0,0,0,0,0,0,1,0,1,0
2830062,0,0,0,0,0,0,0,0,1,0
2830074,0,0,0,0,0,1,1,0,1,1
2830086,0,0,0,0,1,0,1,0,1,0
2830097,0,,0,0,0,0,1,0,1,0
2830109,0,0,0,0,0,0,1,0,1,1
2830120,0,0,0,0,0,0,1,0,1,0
2830132,0,1,0,0,0,0,1,0,1,0
2830144,0,0,0,0,0,0,1,0,1,0
2830155,0,0,0,0,0,0,1,1,1,0
2830167,0,0,0,0,0,0,1,0,1,0
2840012,1,1,0,0,0,1,1,0,1,0
2840027,0,0,0,0,0,0,1,0,0,0
2840042,0,0,0,0,0,0,1,0,1,0
2840057,0,0,0,0,0,0,1,0,1,1
2840072,0,0,0,0,0,0,1,0,1,0
2840088,0,1,0,0,0,1,1,0,1,0
2840103,0,1,0,0,0,1,1,0,1,0
2840118,0,0,0,1,0,0,1,0,1,1
2840133,0,0,0,0,0,0,1,0,1,1
2840148,0,0,0,0,1,1,1,0,1,1
2840163,0,0,0,0,0,1,1,0,1,0
2840178,0,0,0,0,0,0,1,0,1,1
2840194,0,0,0,1,0,0,1,0,1,0
2840209,0,0,0,0,0,0,1,0,1,0
2840224,0,0,0,0,0,0,1,0,1,0
2850007,0,0,0,1,0,0,1,0,1,0
2850017,0,0,0,0,0,0,1,0,1,1
2850026,0,0,0,0,0,0,1,0,1,0
2850036,0,0,0,1,1,0,1,0,1,1
2850045,0,1,0,0,0,0,1,0,1,0
2850054,0,0,0,0,0,0,1,0,1,0
2850073,0,0,0,0,0,0,1,0,1,0
2850083,0,0,0,0,0,0,1,0,1,0
2850092,0,0,0,0,0,0,1,0,1,0
2850102,0,0,0,0,0,0,1,0,0,0
2850111,0,0,0,0,0,0,0,0,1,0
2850121,0,0,0,0,0,0,1,0,1,0
2850130,0,1,0,0,0,1,1,0,1,0
2850140,0,0,0,0,0,0,1,0,0,0
2860001,0,1,0,0,1,1,1,1,1,0
2860007,0,0,1,1,1,1,1,1,1,0
2860012,0,0,0,0,1,1,1,1,1,0
2860017,0,0,0,0,1,0,1,1,1,0
2860022,0,0,0,0,1,1,1,1,1,0
2860028,0,0,1,1,1,1,1,1,1,0
2860033,0,0,0,1,1,1,1,1,1,1
2860038,0,0,1,1,1,1,1,1,1,0
2860044,0,1,0,0,1,1,1,1,1,1
2860049,0,1,0,0,1,1,0,1,1,0
2860054,0,1,0,1,1,1,1,1,1,0
2860059,0,0,1,1,1,1,1,1,1,0
2860070,0,0,0,0,1,1,0,1,1,0
2860075,0,1,0,1,1,1,1,1,1,0
2870016,0,0,0,1,0,0,1,1,1,0
2870025,0,0,0,0,0,0,1,1,1,0
2870035,0,0,1,1,1,1,1,1,1,0
2870044,0,0,0,1,0,1,1,1,1,0
2870054,0,0,0,1,1,1,1,1,1,1
2870063,0,0,0,0,1,1,1,1,1,0
2870073,0,0,0,0,1,1,1,1,1,0
2870082,0,0,1,1,1,1,1,1,1,0
2870092,0,0,0,0,0,1,1,1,1,0
2870102,0,0,0,1,0,1,1,1,1,1
2870111,0,0,0,0,1,1,1,1,1,1
2870121,0,0,0,0,0,1,1,0,1,0
2870130,0,0,0,1,0,1,1,1,1,0
2870140,0,0,0,0,0,1,1,0,1,0
2880007,0,0,0,0,0,0,0,0,1,0
2880014,0,0,0,0,0,0,1,1,1,0
2880021,0,0,0,1,0,1,1,1,1,0
2880027,0,1,0,0,0,1,1,0,1,0
2880034,0,0,0,0,0,1,1,0,1,0
2880041,0,0,0,1,1,1,1,1,1,0
2880048,0,0,0,1,1,1,1,1,1,1
2880055,0,0,0,1,0,0,1,1,1,0
2880062,0,0,0,0,1,1,1,1,1,0
2880069,0,0,0,0,0,0,1,1,1,0
2880075,0,0,0,0,0,0,1,1,1,0
2880082,0,0,1,0,1,1,1,1,1,0
2880089,0,0,0,0,0,0,1,0,1,0
2880096,0,1,0,0,1,0,1,1,1,0
2880103,0,0,0,0,0,1,1,1,1,0
2890006,0,0,0,0,0,0,1,1,1,1
2890022,0,0,0,0,0,0,1,0,1,0
2890038,0,0,0,0,0,1,1,1,1,0
2890053,0,0,1,0,0,0,1,1,1,0
2890069,0,0,1,0,0,1,1,0,1,0
2890084,0,0,0,0,1,0,1,0,1,0
2890100,0,1,0,0,0,0,1,0,1,0
2890116,0,0,0,0,0,0,1,0,1,0
2890131,0,0,0,0,0,0,1,0,1,1
2890147,0,0,0,0,0,1,1,1,1,0
2890162,0,0,0,0,0,0,1,0,1,0
2890194,0,0,0,0,0,0,1,1,0,1
2890209,0,0,0,0,0,0,1,1,1,0
2890225,0,0,0,1,1,0,1,1,1,0
2900003,0,1,0,0,1,1,0,1,1,0
2900009,0,0,0,0,1,1,1,1,1,0
2900015,0,0,0,0,1,1,0,1,1,0
2900021,0,1,0,0,1,1,0,1,1,0
2900027,0,0,1,0,1,1,0,1,1,0
2900033,0,1,0,0,1,0,1,1,1,0
2900039,0,0,0,0,0,0,1,0,1,0
2900045,0,1,1,0,1,1,1,1,1,0
2900051,0,0,0,1,1,1,1,0,1,0
2900057,0,1,0,0,1,1,1,1,1,0
2900063,0,0,0,0,1,1,1,1,1,0
2900069,0,0,0,0,1,1,1,1,1,1
2900075,0,0,0,0,1,1,1,1,0,0
2900081,0,0,0,0,1,1,1,1,1,0
2900087,0,0,0,0,1,1,1,0,1,0
2910010,0,0,0,0,0,1,1,1,1,0
2910022,0,0,1,0,0,1,1,1,1,0
2910034,0,0,0,0,0,0,1,0,0,0
2910046,0,0,0,1,1,1,1,1,1,0
2910058,0,1,0,0,0,1,1,1,1,0
2910070,0,1,0,0,0,1,1,1,1,0
2910082,0,0,0,0,0,1,1,1,1,0
2910094,0,0,0,0,0,1,1,1,1,0
2910106,0,1,0,0,0,1,1,0,1,0
2910118,0,0,0,0,0,1,1,1,1,0
2910130,0,1,0,0,0,1,1,1,1,0
2910142,0,0,0,0,1,1,1,1,1,1
2910154,0,0,1,0,0,1,1,0,1,0
2910166,0,0,0,0,0,1,1,1,1,0
2910178,0,0,0,0,0,0,1,0,0,0
2920002,0,0,0,0,0,0,1,0,1,0
2920009,0,0,0,0,0,0,1,0,1,0
2920016,0,0,0,1,1,0,1,1,1,0
2920023,0,0,0,0,0,0,1,1,0,0
2920030,0,0,0,0,0,0,1,0,1,0
2920037,0,0,0,0,0,0,1,1,1,0
2920044,0,0,0,1,0,0,1,1,1,0
2920051,0,0,0,0,0,0,1,0,1,0
2920058,0,0,0,0,0,0,1,0,1,0
2920065,0,1,0,0,0,0,1,0,1,0
2920072,0,1,0,0,0,0,0,1,1,0
2920079,0,0,0,0,0,0,1,1,0,0
2920086,0,0,0,0,0,0,1,0,1,0
2920093,0,,0,0,0,0,1,1,1,1
2920099,0,0,1,1,1,1,1,0,1,1
2930001,0,0,0,1,0,0,1,1,1,0
2930009,0,1,0,0,0,0,1,1,1,0
2930017,0,0,0,0,0,0,1,1,1,0
2930024,0,0,0,0,0,0,1,0,1,0
2930032,0,0,0,0,0,0,1,0,1,0
2930040,0,0,0,0,0,0,1,0,1,0
2930047,0,1,0,0,0,0,1,1,0,0
2930055,0,0,0,0,0,0,1,0,1,0
2930063,0,0,0,0,0,0,1,1,1,1
2930070,0,1,0,0,0,0,1,1,1,0
2930078,0,1,0,0,0,0,1,1,1,0
2930086,0,0,0,0,0,1,1,1,1,1
2930093,0,0,0,1,0,0,1,1,1,0
2930101,0,0,0,1,0,0,1,1,1,1
2930109,0,0,0,0,0,0,1,1,1,0
2940004,0,0,0,1,1,0,1,1,1,0
2940010,0,1,0,0,1,1,0,1,1,0
2940015,0,0,0,0,1,1,1,1,1,0
2940020,0,0,0,0,1,1,1,1,1,0
2940026,0,0,0,0,1,1,1,1,1,0
2940031,0,1,0,0,1,1,0,1,1,0
2940037,0,0,0,0,1,0,1,1,1,0
2940042,0,0,0,1,1,1,1,1,1,1
2940047,0,0,0,0,1,1,1,1,1,0
2940053,0,0,0,1,1,1,1,1,1,0
2940058,0,0,0,1,1,1,1,1,1,0
2940064,0,0,0,0,1,1,1,1,1,1
2940069,0,0,0,1,1,1,1,1,1,1
2940074,0,0,0,0,0,1,1,1,1,0
2940080,0,0,0,1,0,1,1,1,1,1
2950006,0,0,0,0,0,0,1,1,1,0
2950015,0,0,0,1,1,0,1,1,1,1
2950024,0,0,1,0,0,0,1,0,1,0
2950033,0,0,0,0,0,0,1,1,1,0
2950042,0,0,0,0,0,0,1,1,1,0
2950051,1,0,1,1,1,0,1,1,1,1
2950060,0,0,0,0,0,1,1,1,1,0
2950069,0,0,0,0,1,1,1,1,1,0
2950078,0,0,0,1,1,1,1,1,1,0
2950088,0,1,1,1,1,1,1,1,1,1
2950097,0,0,0,1,1,0,1,1,1,1
2950106,0,1,0,0,1,0,1,1,1,0
2950115,0,0,0,0,1,0,0,1,1,0
2950124,0,0,0,0,1,0,1,0,1,0
2950133,0,0,0,0,1,1,1,1,1,0
2960009,0,0,0,0,0,0,1,0,1,0
2960028,0,0,0,0,0,0,1,1,0,0
2960046,0,0,0,0,0,0,1,0,1,1
2960065,0,1,0,0,0,0,1,0,1,0
2960083,0,0,0,0,0,0,1,1,1,0
2960101,0,0,1,0,0,0,1,0,1,1
2960120,0,0,0,0,0,0,1,1,1,0
2960138,0,0,0,0,1,0,1,0,1,1
2960157,0,1,1,0,0,0,1,0,1,0
2960175,0,0,0,0,0,0,1,1,1,0
2960193,0,0,0,0,0,0,0,0,0,0
2960212,0,1,0,0,0,0,1,1,1,1
2960230,0,1,0,0,0,0,1,1,1,0
2960249,0,0,0,0,1,0,1,1,1,1
2960267,0,0,0,0,0,0,1,0,1,0
2970008,0,0,0,0,0,0,1,0,0,0
2970028,0,0,0,0,0,0,0,0,0,0
2970047,0,0,0,0,0,0,0,0,0,0
2970066,0,0,0,0,0,0,0,0,0,0
2970085,0,0,0,0,0,0,1,0,0,0
2970104,0,1,0,0,0,0,1,0,1,0
2970124,0,0,1,0,0,0,0,0,1,0
2970143,0,0,0,0,0,0,1,1,0,0
2970162,0,0,0,0,0,0,1,1,0,0
2970181,0,0,1,0,0,0,1,0,1,0
2970200,0,0,0,0,0,0,1,0,0,0
2970220,0,0,0,0,0,0,1,0,0,0
2970239,0,0,0,0,0,0,1,0,0,0
2970258,0,1,0,0,0,0,1,0,1,0
2970277,0,0,0,0,0,0,1,0,0,0
2980013,0,0,0,0,0,0,1,0,1,0
2980028,0,0,0,0,0,0,1,0,1,0
2980043,0,0,1,0,0,0,0,1,1,0
2980058,0,0,0,0,0,0,1,0,1,0
2980073,0,0,0,0,0,0,0,0,0,0
2980088,0,0,0,0,0,0,0,0,0,0
2980103,0,1,0,0,0,0,1,1,1,0
2980118,0,0,0,0,0,0,1,0,1,0
2980133,0,0,0,0,0,0,0,0,1,0
2980149,0,1,1,0,0,0,1,0,1,0
2980164,0,0,0,0,0,0,1,1,1,0
2980179,0,1,0,0,0,0,1,0,1,0
2980194,0,0,0,0,0,0,1,1,0,0
2980209,0,0,1,0,0,0,1,0,1,0
2980224,0,0,0,0,0,0,0,0,0,0
2990002,0,0,0,0,0,1,1,1,1,0
2990008,0,1,0,0,0,1,1,1,1,0
2990013,0,0,0,0,0,0,1,0,1,0
2990019,0,0,0,0,0,1,1,1,1,1
2990024,0,0,0,0,0,0,1,0,1,0
2990029,0,0,0,1,1,1,1,1,1,1
2990035,0,0,0,0,1,1,1,1,1,0
2990040,0,1,0,0,1,1,1,1,1,1
2990046,0,0,0,0,1,1,0,1,1,0
2990051,0,0,0,0,1,1,1,1,1,0
2990056,0,0,1,0,1,1,1,1,1,1
2990062,0,0,1,0,1,0,0,1,1,0
2990067,0,0,0,0,1,1,1,1,1,0
2990073,0,1,0,0,1,1,1,1,1,0
2990078,0,0,0,0,1,1,1,1,1,1
3000002,0,0,0,0,1,1,0,1,1,0
3000010,0,0,0,1,1,1,1,0,1,0
3000017,0,1,0,0,1,1,1,1,1,0
3000024,0,0,0,1,0,1,1,1,1,0
3000031,0,0,0,1,0,1,1,1,1,0
3000038,0,0,0,1,0,1,1,1,1,0
3000046,0,1,0,0,1,1,1,1,1,1
3000053,0,0,0,1,0,0,1,1,1,1
3000060,0,0,0,1,0,0,1,0,1,0
3000067,0,0,0,1,1,0,1,1,1,1
3000074,0,0,0,0,0,0,1,1,1,0
3000082,0,0,0,0,0,0,0,0,0,0
3000089,0,0,0,0,0,0,1,0,0,0
3000096,0,0,0,0,0,0,1,0,0,0
3000103,0,0,0,0,0,0,1,1,1,0
3010013,0,0,0,1,1,0,1,1,1,1
3010032,0,0,0,0,0,0,1,1,1,0
3010052,0,0,0,0,0,0,1,0,0,0
3010071,0,0,0,0,0,0,1,0,1,0
3010091,0,0,0,1,0,0,1,1,1,1
3010110,0,0,0,1,0,0,0,0,1,0
3010130,0,0,0,0,0,0,0,1,1,0
3010149,0,0,0,0,0,0,1,1,1,0
3010168,0,0,0,0,0,0,1,0,1,0
3010188,0,0,0,0,0,0,1,1,1,0
3010207,0,1,0,0,0,0,0,0,1,0
3010226,0,0,0,0,0,0,0,1,1,0
3010246,0,0,0,1,1,0,1,1,1,0
3010265,0,0,0,0,0,0,1,0,0,1
3010285,0,0,0,0,0,0,0,0,1,0
3020006,0,1,0,0,0,0,1,0,1,0
3020014,0,0,0,0,0,0,1,0,0,0
3020022,1,0,0,0,0,0,1,0,1,0
3020030,0,1,0,0,1,0,1,0,0,0
3020039,0,0,0,0,0,0,1,0,1,0
3020047,0,0,0,0,0,0,1,1,0,0
3020055,1,0,0,0,0,0,1,0,1,1
3020063,0,0,0,1,1,0,1,0,1,1
3020072,0,0,0,0,0,0,1,0,1,1
3020080,0,0,0,0,0,0,1,0,1,0
3020088,0,0,0,0,0,0,1,1,1,0
3020096,0,0,0,0,1,0,1,0,1,1
3020105,0,0,0,0,0,0,1,0,1,0
3020113,0,0,0,0,0,0,1,0,1,0
3020121,0,0,0,1,0,0,1,1,1,1
3030001,0,0,0,0,0,0,1,1,1,0
3030009,0,0,0,0,0,0,1,1,1,1
3030016,0,0,0,0,0,0,1,1,1,0
3030024,0,0,0,0,0,0,1,0,1,0
3030031,0,0,0,0,0,0,0,0,1,0
3030039,0,0,0,0,0,0,0,0,1,0
3030046,0,0,0,0,0,0,1,1,1,0
3030054,0,1,0,0,1,0,1,1,1,0
3030061,0,0,0,1,1,0,1,1,1,1
3030069,0,0,0,1,0,0,1,1,1,1
3030076,0,0,0,0,0,0,1,1,1,1
3030084,0,0,0,1,0,0,1,1,1,0
3030091,0,0,0,0,0,0,1,1,1,0
3030098,0,0,0,0,0,1,1,1,1,1
3030106,0,0,0,0,0,0,1,1,1,0
3040015,0,0,0,1,0,0,1,1,1,0
3040031,0,0,0,0,0,0,1,1,1,0
3040046,0,1,0,0,1,0,1,1,1,1
3040062,0,0,0,0,0,0,0,0,1,0
3040077,0,0,0,1,0,0,1,0,1,1
3040093,0,1,0,0,0,0,1,1,1,0
3040108,0,0,0,0,0,0,1,1,1,0
3040124,0,1,0,0,0,0,1,1,1,0
3040139,0,0,0,0,0,0,1,1,1,0
3040155,0,1,0,0,1,0,0,1,1,0
3040171,0,1,0,0,0,0,0,1,1,0
3040186,0,0,0,1,0,0,1,0,1,0
3040202,0,0,0,0,0,0,1,1,0,0
3040217,0,0,0,0,0,0,0,0,0,0
3040233,0,0,0,0,0,0,0,1,1,0
3050009,0,0,0,0,0,0,1,0,1,0
3050020,0,0,0,0,0,0,1,0,0,0
3050030,0,0,0,0,0,1,0,1,1,0
3050040,0,0,0,0,0,0,1,0,1,0
3050050,0,1,0,0,0,1,1,1,1,0
3050060,0,0,0,0,0,0,1,1,1,0
3050070,0,1,0,0,0,0,1,1,1,0
3050080,0,0,0,0,0,0,1,1,1,0
3050091,0,0,0,1,1,1,0,1,1,1
3050101,0,0,0,0,0,0,1,1,0,0
3050111,0,1,0,0,1,1,1,1,1,0
3050121,0,0,0,0,0,1,1,1,1,0
3050131,0,0,0,0,0,0,1,1,1,0
3050141,0,0,0,0,0,0,0,1,1,0
3050151,0,1,0,0,1,0,1,1,0,1
3060005,0,0,0,1,1,0,1,1,1,1
3060021,0,0,0,0,1,0,1,0,1,0
3060037,0,0,0,0,0,0,0,1,1,0
3060053,0,0,0,1,1,0,1,1,1,0
3060069,0,0,0,0,1,1,1,1,1,0
3060084,0,0,0,0,0,1,1,0,0,0
3060100,0,0,0,0,0,0,1,0,1,0
3060116,0,0,0,0,0,0,1,0,1,0
3060132,0,0,0,0,0,0,0,0,1,0
3060148,0,0,0,0,0,0,0,1,0,0
3060163,0,0,1,0,1,0,1,1,1,1
3060179,0,0,0,0,0,0,1,0,0,0
3060195,0,0,0,0,0,0,1,0,0,1
3060211,0,0,0,0,0,0,1,1,1,0
3060227,0,0,0,0,0,0,0,1,1,0
3070002,0,1,0,0,0,0,1,0,1,0
3070010,0,0,0,0,0,0,1,1,1,0
3070018,0,0,0,0,0,0,1,1,1,0
3070026,0,1,0,0,0,1,1,0,1,0
3070034,0,0,0,0,0,1,1,1,1,0
3070042,0,1,0,0,0,1,1,1,1,0
3070050,0,1,0,0,1,1,1,1,1,0
3070058,0,0,0,1,1,1,1,1,1,0
3070066,0,0,0,0,1,0,1,1,1,0
3070074,0,1,0,0,1,0,1,1,1,0
3070082,0,0,0,0,1,1,1,1,1,1
3070090,0,1,0,0,1,0,1,1,1,1
3070098,0,0,0,0,1,1,1,1,1,0
3070106,0,0,0,0,0,0,1,0,0,0
3070113,0,1,0,0,1,1,1,1,1,0
3080007,0,0,0,0,0,0,1,0,1,0
3080017,0,0,0,0,0,0,1,0,1,0
3080026,0,0,0,0,0,0,0,0,1,0
3080035,0,0,0,0,0,0,1,0,1,0
3080045,0,0,0,0,0,0,1,1,0,0
3080054,0,0,0,0,0,0,0,0,1,0
3080064,0,0,0,0,0,0,0,0,1,0
3080073,0,0,0,0,0,1,0,0,1,0
3080082,0,0,0,0,0,0,0,0,1,0
3080092,0,0,0,0,0,0,1,0,1,0
3080101,0,0,0,0,1,0,0,1,1,1
3080111,0,0,0,0,0,0,0,0,1,0
3080120,0,0,0,0,0,0,0,0,1,0
3080129,0,0,0,0,0,0,1,0,1,0
3080139,0,0,0,1,1,0,1,1,1,0
3090001,0,1,0,0,1,0,1,1,1,0
3090006,0,0,0,0,0,0,0,1,1,0
3090011,0,0,0,0,0,0,0,1,1,0
3090016,0,0,0,1,0,0,1,1,1,0
3090021,0,0,0,0,0,0,1,1,1,0
3090026,0,1,0,0,1,1,1,1,1,1
3090031,0,0,0,0,1,1,1,1,1,0
3090036,0,0,0,0,1,1,1,1,1,0
3090041,0,0,0,0,1,1,1,1,1,1
3090046,0,0,0,0,1,0,1,1,1,1
3090051,0,0,0,0,1,1,1,1,1,0
3090056,1,1,0,0,1,0,0,1,1,1
3090061,0,0,0,0,1,0,0,1,1,0
3090066,0,1,0,1,1,0,1,1,1,0
3090070,0,0,0,0,1,1,1,1,1,0
3100001,0,0,0,0,1,0,1,1,1,0
3100018,0,0,0,0,0,0,1,0,0,0
3100035,0,0,0,0,0,0,0,0,0,0
3100052,0,0,0,0,0,0,0,0,0,0
3100068,0,0,0,0,0,0,1,0,0,1
3100085,0,0,0,0,0,0,1,0,0,0
3100102,0,0,0,0,0,1,0,1,1,0
3100119,0,0,0,0,0,0,0,0,0,0
3100135,0,0,0,0,0,0,0,1,1,0
3100152,0,1,0,0,0,0,1,1,0,0
3100169,0,0,0,0,0,0,1,0,1,0
3100185,0,0,0,0,0,0,1,1,1,0
3100202,0,0,0,0,0,0,1,1,0,0
3100219,0,0,0,0,0,0,1,0,1,0
3100236,1,0,0,0,0,0,1,1,1,0
3110015,0,1,0,0,0,0,1,0,1,0
3110029,0,1,0,0,0,0,1,0,1,1
3110043,0,0,0,0,1,0,1,0,1,0
3110057,0,0,0,1,0,0,1,1,1,0
3110072,0,0,0,0,0,0,1,0,1,0
3110086,0,0,0,0,0,0,1,0,1,1
3110100,0,0,0,0,0,0,1,0,1,0
3110114,0,0,1,0,0,0,0,0,1,0
3110129,0,0,1,0,0,0,1,0,1,0
3110143,0,0,0,0,0,0,1,1,0,0
3110157,1,0,0,0,0,0,1,0,1,0
3110171,0,0,0,0,0,0,1,1,0,0
3110186,0,0,0,0,0,0,0,0,0,0
3110200,1,0,0,0,0,0,0,0,0,0
3110214,0,1,0,0,0,0,0,1,0,0
3120010,0,0,0,0,0,0,1,1,1,0
3120021,0,0,0,0,0,0,1,0,1,0
3120031,0,1,0,0,1,0,1,1,1,1
3120041,0,1,0,0,0,0,1,1,1,1
3120051,0,1,0,0,0,0,0,1,1,0
3120061,0,0,0,0,1,0,1,1,1,0
3120071,0,0,0,1,0,0,1,1,1,0
3120081,0,1,0,1,0,0,1,1,1,0
3120092,0,0,0,0,0,0,0,1,1,0
3120102,0,0,0,0,0,0,0,1,1,0
3120112,0,0,0,0,0,0,1,1,1,0
3120122,1,0,0,0,0,0,0,1,1,0
3120132,1,0,0,0,0,0,0,1,1,0
3120142,0,0,0,0,0,0,1,1,1,0
3120152,1,0,0,0,0,0,1,1,1,0
3130003,0,0,0,0,1,1,1,0,1,0
3130010,0,0,0,0,1,1,1,0,1,0
3130016,0,0,0,0,1,0,1,1,1,0
3130022,0,1,0,0,1,1,1,0,1,1
3130028,0,1,0,0,1,1,1,1,1,1
3130035,0,0,0,0,1,1,1,0,1,0
3130041,0,0,0,0,1,1,1,0,1,0
3130047,0,1,0,0,1,1,1,1,1,0
3130054,0,1,0,0,1,1,1,0,1,0
3130060,0,,0,0,1,1,1,1,1,0
3130066,0,0,0,0,1,0,1,1,1,0
3130072,0,0,0,0,1,1,1,0,1,0
3130079,0,0,0,0,1,1,1,1,1,0
3130091,0,0,0,0,1,1,1,1,1,0
3140005,0,0,0,0,0,0,1,0,0,0
3140011,0,0,0,0,0,0,1,0,1,0
3140017,0,0,0,0,0,0,1,0,0,0
3140023,0,0,0,0,0,0,1,0,1,1
3140029,0,0,0,0,0,0,1,0,1,0
3140035,0,1,0,0,0,0,1,0,1,1
3140041,0,1,0,0,0,0,1,0,1,0
3140046,0,0,0,0,0,0,1,0,1,0
3140052,0,0,0,0,0,0,1,0,1,0
3140058,0,0,0,0,1,0,1,0,1,0
3140064,0,0,0,1,0,0,1,0,1,0
3140070,0,1,0,0,0,1,1,0,1,0
3140076,0,0,0,0,0,0,1,0,1,0
3140082,0,0,0,0,1,0,1,0,1,0
3140087,0,0,0,0,0,0,1,0,1,0
3150004,0,0,0,0,1,0,1,0,1,0
3150009,0,1,0,0,1,1,1,1,1,0
3150014,0,0,1,1,1,0,1,0,1,1
3150019,0,0,0,0,1,1,1,0,1,1
3150024,0,0,0,0,1,1,1,1,1,0
3150029,0,0,0,1,1,0,0,0,1,0
3150033,0,1,0,0,1,0,1,0,1,0
3150038,0,0,0,1,1,1,1,1,1,0
3150043,0,0,0,0,1,0,1,0,1,0
3150048,0,1,0,0,1,0,0,0,1,0
3150053,0,0,1,0,1,0,1,0,1,0
3150058,0,0,0,0,1,0,1,0,1,0
3150063,0,0,0,0,1,0,1,0,1,0
3150068,0,1,0,0,1,0,1,0,1,0
3150073,0,0,0,0,1,0,1,1,1,1
3160003,0,0,0,0,0,0,1,0,0,0
3160016,0,0,0,0,0,0,1,0,1,1
3160028,0,0,0,0,0,0,0,0,0,0
3160041,0,0,0,0,0,0,1,0,1,0
3160054,0,0,0,1,0,0,1,0,1,0
3160079,0,0,0,0,0,0,1,0,1,0
3160091,0,0,0,1,0,0,1,0,0,0
3160104,0,0,0,0,0,0,1,0,1,0
3160116,0,0,0,0,0,0,1,0,0,0
3160129,0,0,0,0,0,0,1,0,1,0
3160141,0,0,0,1,0,0,1,0,1,0
3160154,0,0,0,0,0,0,1,0,0,0
3160166,0,0,0,0,0,0,1,0,1,0
3160179,0,0,0,0,0,0,1,0,0,0
3170001,0,0,0,0,0,0,0,0,1,0
3170007,0,1,0,0,0,0,1,0,1,0
3170012,0,0,0,0,0,0,1,0,1,0
3170018,0,0,0,0,0,0,1,0,1,0
3170024,0,1,0,0,0,0,1,0,0,0
3170029,0,0,0,0,0,0,1,0,1,0
3170035,0,0,0,0,1,0,1,0,0,0
3170040,0,0,0,0,1,0,1,0,0,0
3170046,0,1,0,0,0,0,1,0,1,0
3170051,0,0,0,0,0,0,1,0,1,0
3170057,0,1,0,0,0,0,0,0,1,0
3170062,0,0,0,0,0,0,1,0,0,0
3170068,0,0,0,0,0,0,0,0,1,0
3170073,0,0,0,0,0,0,0,0,1,0
3170079,0,0,0,0,0,0,0,0,1,0
3180005,0,0,0,0,1,0,1,0,1,1
3180013,0,0,0,0,1,1,1,0,1,0
3180021,0,0,0,0,1,1,1,1,1,0
3180029,0,0,0,0,1,0,0,1,1,0
3180037,0,0,0,0,1,1,1,0,1,1
3180045,0,0,0,0,1,1,1,1,1,0
3180053,0,0,0,0,1,1,0,0,1,0
3180060,0,0,0,0,1,1,1,1,1,0
3180068,0,0,0,0,1,1,0,0,1,0
3180076,0,1,0,0,1,1,0,0,1,0
3180084,0,0,0,1,1,1,1,0,1,1
3180092,0,1,0,0,1,1,1,0,1,0
3180100,0,,1,0,1,1,0,0,1,0
3180115,0,0,0,0,1,1,1,1,1,0
3190013,0,1,0,0,0,0,1,0,1,0
3190025,0,0,0,0,0,0,1,0,1,0
3190038,0,0,0,1,0,0,0,0,1,0
3190051,0,0,0,1,0,1,0,0,1,0
3190063,0,0,0,0,1,0,1,0,1,0
3190076,0,0,0,0,1,1,1,0,1,1
3190101,0,0,0,0,1,0,1,0,0,0
3190114,0,0,0,1,0,0,0,0,1,0
3190139,0,0,0,0,0,0,1,0,1,0
3190152,0,0,0,0,0,0,1,0,0,0
3190165,0,0,0,0,0,0,0,0,1,0
3190177,0,0,0,1,1,0,1,0,1,1
3200008,0,0,0,0,0,0,1,1,1,0
3200028,0,1,0,1,1,0,1,0,1,1
3200047,0,0,0,0,0,0,1,0,1,0
3200067,0,0,0,0,0,0,1,0,1,0
3200086,0,0,0,0,0,0,1,0,1,0
3200105,0,0,0,0,0,1,1,0,1,0
3200125,0,1,0,0,0,0,1,0,1,0
3200144,0,0,0,1,0,0,1,0,1,0
3200164,0,0,0,0,0,0,0,0,1,0
3200183,0,0,0,0,0,0,1,0,0,0
3200202,0,0,0,0,1,1,1,1,1,0
3200222,0,0,0,0,0,0,0,0,0,0
3200241,0,0,0,0,0,0,0,0,0,0
3200261,0,0,0,0,0,0,0,1,1,0
3200280,0,0,0,0,0,0,0,1,1,1
3210017,0,0,0,0,0,0,0,0,1,0
3210035,0,1,0,0,0,0,1,1,1,0
3210053,0,0,0,0,0,0,0,1,1,0
3210072,0,0,0,1,0,0,1,1,1,0
3210090,0,0,0,0,0,0,0,1,0,0
3210109,0,0,0,0,0,0,0,0,0,0
3210127,0,0,0,0,0,0,1,0,1,0
3210145,0,0,0,0,0,0,1,0,1,0
3210164,0,0,0,0,0,0,1,0,1,0
3210182,0,0,0,0,0,0,1,0,1,0
3210201,0,0,0,0,0,0,1,1,0,0
3210219,0,0,0,0,0,0,1,1,0,0
3210237,0,0,0,0,0,0,1,1,1,1
3210256,0,0,0,0,0,0,1,0,0,0
3210274,0,0,0,0,0,0,1,0,0,0
3220014,0,0,0,0,0,1,0,0,1,0
3220031,0,0,0,0,0,1,1,0,1,0
3220048,0,0,0,0,0,1,1,0,1,0
3220065,0,0,0,0,0,0,1,0,1,0
3220082,0,0,0,0,0,0,1,0,1,0
3220100,0,1,0,0,0,0,1,0,1,0
3220117,0,1,0,0,0,0,1,0,1,0
3220134,0,0,0,0,1,0,1,0,1,1
3220151,0,1,0,0,0,1,1,0,1,0
3220168,0,1,0,1,0,0,0,0,1,0
3220185,0,0,0,0,1,0,1,0,1,0
3220202,0,1,0,0,0,0,0,0,1,0
3220220,0,0,0,0,0,0,1,0,1,0
3220237,0,0,0,0,0,0,1,0,1,0
3220254,0,0,0,0,1,0,1,0,1,1
3230004,0,0,0,0,0,1,0,0,1,0
3230024,0,0,0,0,0,0,1,0,1,0
3230043,0,0,0,0,0,0,0,0,1,0
3230063,0,,0,0,0,0,1,0,1,0
3230082,0,0,0,1,0,0,1,0,1,0
3230102,0,0,0,0,0,0,1,0,1,0
3230121,0,1,0,0,0,0,1,0,1,0
3230141,0,0,0,0,0,0,1,1,1,0
3230160,0,0,0,0,0,0,1,0,1,0
3230199,0,0,0,0,0,0,1,0,1,0
3230219,0,0,0,0,0,0,1,0,0,0
3230238,0,0,0,0,1,0,0,0,1,1
3230277,0,0,0,0,1,0,1,0,1,0
3240001,,,0,0,1,0,0,0,1,0
3240007,0,0,1,1,1,0,1,1,1,0
3240012,1,0,1,1,1,0,1,1,1,1
3240018,0,0,1,1,1,0,1,1,1,0
3240023,0,0,0,0,1,0,1,1,1,0
3240028,0,1,0,0,1,0,1,1,1,0
3240039,0,0,0,0,1,1,1,1,1,0
3240045,0,0,0,0,1,0,1,1,1,0
3240050,0,0,0,0,1,1,1,1,1,1
3240055,0,0,0,1,1,1,1,1,1,1
3240061,0,,0,1,1,1,1,1,1,0
3240066,0,0,0,1,1,1,1,1,1,1
3240072,0,0,0,1,1,1,1,1,0,0
3240077,0,0,1,1,1,1,1,1,1,0
3250005,0,0,0,0,0,0,1,0,1,0
3250013,0,0,0,1,1,0,0,0,1,1
3250020,0,0,0,0,0,1,1,0,1,0
3250028,0,0,0,0,1,1,1,1,1,0
3250035,0,0,0,0,0,0,1,0,1,0
3250043,0,1,0,0,0,1,0,0,1,0
3250050,0,1,0,0,0,0,1,0,0,0
3250058,0,0,0,0,0,0,1,0,1,0
3250065,0,0,0,0,0,0,1,0,1,0
3250073,0,0,0,0,0,0,1,0,1,0
3250081,0,0,0,0,0,0,0,0,0,0
3250088,0,1,0,1,0,0,1,1,1,0
3250096,0,0,0,1,0,0,1,1,1,0
3250103,0,0,0,0,0,1,1,0,1,0
3250111,0,0,0,0,0,0,1,0,1,0
3260001,0,0,0,0,0,0,1,0,1,0
3260007,0,0,0,0,0,0,1,0,1,0
3260019,0,0,0,0,0,0,1,0,1,0
3260025,0,0,0,0,0,0,1,0,1,0
3260031,0,0,0,1,0,0,1,0,0,0
3260037,0,1,0,0,1,0,1,0,1,0
3260042,0,0,0,0,0,0,1,0,1,0
3260048,0,0,0,0,0,0,0,0,1,0
3260054,0,0,0,0,0,0,1,0,1,0
3260060,0,0,0,0,0,0,0,0,1,0
3260066,0,0,0,0,0,0,1,0,0,0
3260072,0,0,0,0,0,0,1,0,1,0
3260078,0,0,0,0,0,0,1,0,0,0
3260084,0,1,0,0,0,0,1,0,1,0
3270002,0,0,0,0,0,0,1,0,1,0
3270008,0,0,0,1,0,0,1,0,1,0
3270013,0,0,0,0,0,0,1,0,1,0
3270019,0,0,0,1,0,0,1,0,1,0
3270024,0,0,0,0,0,0,1,0,1,0
3270035,0,0,0,0,0,0,1,0,0,0
3270041,0,0,0,1,0,0,1,0,1,0
3270046,0,0,0,0,0,0,1,0,1,0
3270057,0,0,0,0,0,0,0,0,0,0
3270063,0,0,0,0,0,0,0,0,1,0
3270068,0,1,0,0,0,0,1,0,1,0
3270073,0,0,0,0,0,0,1,0,1,0
3270079,0,0,0,0,0,0,1,0,1,0
3280011,0,0,0,0,0,0,1,0,0,0
3280024,0,0,0,0,0,0,0,0,0,0
3280048,0,0,0,0,0,0,1,0,1,0
3280060,0,0,0,0,0,0,0,0,1,0
3280072,0,0,0,0,0,0,1,0,0,0
3280084,0,0,0,0,0,0,0,0,0,0
3280096,0,0,0,0,0,0,0,0,1,0
3280109,0,1,0,0,0,0,0,0,0,0
3280121,0,0,0,0,0,0,1,0,0,0
3280133,0,0,0,1,0,0,1,0,1,0
3280145,0,0,0,0,0,0,1,0,1,0
3280157,0,1,0,0,0,0,1,0,1,0
3280169,0,0,0,0,0,0,1,0,0,0
3280181,0,0,0,0,0,0,1,1,0,0
3290008,0,0,0,0,0,0,1,0,1,0
3290016,0,0,0,1,0,0,1,0,1,1
3290025,0,0,0,0,0,0,1,1,1,0
3290034,0,0,0,0,0,0,1,0,1,0
3290042,0,0,0,0,0,0,1,0,1,0
3290051,0,0,0,0,0,0,1,0,1,0
3290060,0,0,0,0,0,0,0,0,1,0
3290068,0,0,0,0,0,0,1,0,0,0
3290077,0,0,0,0,0,0,1,0,1,1
3290086,0,0,0,1,0,0,1,0,1,1
3290094,0,0,0,0,0,0,1,0,1,1
3290103,0,0,0,0,0,0,1,0,0,0
3290112,0,0,0,0,0,0,1,0,1,0
3290120,0,0,0,0,0,0,1,0,1,0
3300002,0,0,0,0,0,0,1,0,0,0
3300010,0,0,0,0,0,0,1,0,0,0
3300017,0,0,0,1,0,0,1,1,0,1
3300025,0,0,0,0,0,1,1,1,1,0
3300033,0,0,0,0,0,0,1,0,1,0
3300040,0,0,0,0,0,0,1,0,0,0
3300048,0,0,0,0,0,0,1,1,0,1
3300055,0,0,0,0,0,0,1,0,1,0
3300063,0,0,1,1,0,1,1,0,1,0
3300070,0,0,0,0,0,0,1,0,1,0
3300078,0,0,0,0,0,0,1,0,1,0
3300085,0,0,0,1,0,0,1,1,1,0
3300093,0,1,0,0,0,0,1,0,1,0
3300100,0,0,0,0,0,0,1,1,0,0
3300108,0,0,0,0,0,0,0,0,1,0
3310010,0,0,0,0,1,1,1,1,1,0
3310022,0,0,0,0,1,1,1,1,1,0
3310034,0,0,0,1,1,1,1,1,0,0
3310040,0,0,1,1,0,1,1,1,1,0
3310058,0,0,0,0,0,0,1,0,0,0
3310070,0,1,0,0,0,0,0,0,1,0
3310076,0,1,0,1,1,1,1,0,0,1
3310082,0,0,0,0,0,0,0,0,1,0
3310087,0,0,0,0,0,0,1,0,1,0
3320005,0,0,0,0,0,0,1,1,1,1
3320012,0,0,0,0,0,0,1,0,1,0
3320019,0,0,0,0,0,0,1,0,1,0
3320026,0,0,0,0,0,0,1,0,0,0
3320033,0,0,0,0,0,0,1,0,0,0
3320040,0,0,0,1,0,0,1,0,1,0
3320047,0,1,0,0,0,0,1,0,1,0
3320054,0,0,0,0,0,0,1,0,1,0
3320061,1,0,0,0,0,0,1,0,1,0
3320069,0,0,0,0,0,0,1,0,1,0
3320076,0,0,0,0,0,1,0,0,0,0
3320083,0,0,0,0,0,1,1,0,1,0
3320090,0,1,0,0,1,1,0,1,1,0
3320097,0,0,0,1,1,0,1,1,1,1
3320104,0,0,0,0,1,1,1,1,1,0
3330001,0,0,0,0,0,0,1,0,1,0
3330012,0,1,0,0,0,0,0,0,0,0
3330023,0,0,0,0,0,0,1,0,0,0
3330034,0,0,0,0,0,0,1,0,1,0
3330045,0,0,0,0,0,0,0,0,0,0
3330055,0,1,0,0,0,0,0,0,1,0
3330066,0,0,0,0,0,0,1,0,1,1
3330077,0,0,0,0,0,0,1,0,0,0
3330088,0,0,0,0,0,0,1,0,1,0
3330099,0,0,0,0,0,0,1,0,0,0
3330109,0,0,0,0,0,0,0,0,0,0
3330120,0,1,0,0,0,0,0,0,1,0
3330131,0,1,0,0,0,0,1,0,1,0
3330142,0,0,0,0,0,0,1,0,1,0
3330153,0,0,0,0,0,0,1,0,1,0
3340001,0,0,0,0,0,0,1,0,0,0
3340016,0,0,0,0,0,0,1,0,0,0
3340030,0,0,0,0,0,0,0,0,0,0
3340044,0,0,0,0,0,0,1,0,1,0
3340058,0,0,0,0,0,0,0,0,0,0
3340072,0,0,0,0,0,0,1,0,1,0
3340087,0,1,0,0,0,0,1,0,1,0
3340101,0,0,0,0,0,0,1,1,0,0
3340115,0,0,0,0,0,0,0,0,1,0
3340129,0,0,0,0,0,0,1,0,1,0
3340143,0,0,1,0,0,0,0,0,1,0
3340158,0,0,0,0,0,0,1,0,1,0
3340172,0,1,0,0,0,0,1,0,1,0
3340186,0,0,0,0,0,0,0,0,0,0
3340200,0,0,0,0,0,0,1,0,0,0
3350013,0,0,0,0,0,0,1,0,0,0
3350025,0,0,0,1,0,0,1,0,1,0
3350037,0,0,0,0,0,0,1,0,1,1
3350049,0,0,0,0,0,0,1,0,1,0
3350061,0,0,0,0,0,0,1,0,0,0
3350074,0,0,0,0,0,0,0,0,1,0
3350086,0,0,0,0,0,0,1,0,1,0
3350098,0,0,0,0,0,0,1,0,1,0
3350110,0,0,0,0,0,0,1,0,1,0
3350122,0,1,0,0,0,0,1,0,1,1
3350134,0,0,0,0,0,0,1,0,1,0
3350147,0,0,0,1,0,0,1,0,1,0
3350159,0,0,0,0,0,0,1,0,1,0
3350183,0,0,0,0,0,0,1,0,0,0
3360004,0,0,0,0,0,0,1,0,1,1
3360013,0,0,0,0,0,0,1,0,1,0
3360022,0,0,0,1,0,0,1,0,1,0
3360031,0,0,0,0,0,0,1,0,0,0
3360039,0,0,0,0,0,0,1,0,0,0
3360048,0,0,0,1,0,0,1,0,1,1
3360057,0,0,0,0,0,0,1,0,1,1
3360066,0,0,0,0,0,0,1,0,1,0
3360074,0,0,0,0,0,0,1,0,0,0
3360083,0,0,0,0,0,0,1,0,0,0
3360092,0,0,0,0,0,0,1,0,1,0
3360100,0,0,0,0,0,0,1,0,1,0
3360109,0,0,0,0,0,0,1,0,0,0
3360127,0,0,0,0,0,0,1,0,1,0
3370006,0,0,0,0,0,0,1,0,0,0
3370023,0,0,0,0,0,0,0,0,0,0
3370039,0,0,0,0,0,0,0,0,0,0
3370056,0,0,0,0,0,0,0,0,0,0
3370072,0,0,0,0,0,0,0,0,0,0
3370088,0,0,0,0,0,1,0,1,1,0
3370105,0,0,0,0,0,0,0,0,0,0
3370121,0,0,0,0,0,0,1,0,0,0
3370138,0,0,0,0,0,0,0,0,0,0
3370154,0,0,0,0,0,0,0,0,0,0
3370170,0,0,0,0,0,0,0,0,1,0
3370187,0,0,0,0,0,0,0,0,0,0
3370203,0,0,0,0,0,0,0,0,0,0
3370220,0,0,0,0,0,0,0,0,0,0
3370236,0,1,0,0,0,0,0,0,0,0
3380009,0,1,0,0,0,0,1,0,1,0
3380019,0,1,0,0,0,0,0,0,1,0
3380029,0,0,0,0,0,0,0,0,1,0
3380040,0,0,0,1,1,0,1,0,1,1
3380050,0,0,0,0,0,0,1,0,1,0
3380061,0,0,0,0,0,0,0,0,1,0
3380071,0,0,0,0,0,0,1,0,1,0
3380081,0,1,0,0,0,1,1,0,1,0
3380092,0,0,0,0,1,0,1,0,1,0
3380102,0,0,0,0,0,0,1,0,1,0
3380113,0,0,0,0,0,1,1,0,1,0
3380123,0,0,0,0,0,0,1,0,1,0
3380133,0,0,0,0,0,0,1,0,1,0
3380144,0,0,0,0,0,0,0,0,1,0
3380154,0,0,0,0,0,0,1,0,1,0
3390006,0,0,0,0,0,0,1,0,0,0
3390013,0,0,0,1,0,0,1,0,1,1
3390020,0,0,0,0,0,0,0,0,1,0
3390027,0,0,0,1,0,0,1,0,1,1
3390034,0,0,0,0,0,0,0,0,1,0
3390041,0,0,0,1,0,0,1,0,1,0
3390047,0,0,0,0,0,0,1,0,1,0
3390054,0,1,0,0,0,0,1,0,1,0
3390061,0,0,0,0,0,0,1,0,1,0
3390068,0,0,0,0,0,0,1,0,1,0
3390075,0,1,0,0,0,0,1,0,0,1
3390082,0,0,0,0,0,0,1,0,1,0
3390089,0,0,0,0,0,0,1,0,1,0
3390096,0,0,0,0,0,0,1,0,0,0
3390103,0,0,0,0,0,0,1,0,1,0
3400002,0,0,0,0,0,0,1,0,1,0
3400013,0,1,0,0,0,1,1,0,1,0
3400023,0,0,0,1,1,1,1,0,1,0
3400034,0,0,0,0,1,0,0,1,1,1
3400044,0,0,0,0,1,0,1,0,1,1
3400055,0,0,0,0,0,0,1,0,0,0
3400065,0,0,0,0,0,0,0,0,0,0
3400076,0,0,0,1,1,0,1,0,1,1
3400086,0,0,0,0,0,0,1,0,1,0
3400097,0,0,0,0,0,0,1,0,1,0
3400107,0,0,0,0,1,0,1,0,1,1
3400118,0,0,0,0,0,1,1,0,1,1
3400128,0,0,0,1,1,0,1,0,1,1
3400138,0,0,0,0,0,0,1,0,1,0
3400149,0,0,0,0,0,0,1,0,1,0
3410001,0,0,0,0,0,0,0,0,1,0
3410016,0,1,0,1,0,0,1,0,1,1
3410031,0,0,0,1,0,0,0,1,1,1
3410046,0,1,0,0,0,1,1,0,1,0
3410061,0,0,0,0,0,0,1,0,0,0
3410075,0,0,0,0,0,0,1,0,0,0
3410090,0,0,0,0,0,0,1,0,1,0
3410105,0,0,0,0,0,0,1,0,1,0
3410120,0,0,0,0,0,0,1,0,1,0
3410135,0,0,0,1,0,0,1,0,1,0
3410149,0,1,0,0,0,0,1,0,0,0
3410179,0,0,0,1,0,0,1,0,1,1
3410194,0,1,0,0,0,0,1,0,1,0
3410209,0,0,0,0,1,0,1,0,0,1
3420011,0,0,0,0,0,0,1,0,0,0
3420022,0,0,0,0,0,0,1,0,0,0
3420034,0,0,0,0,0,0,1,0,1,0
3420045,0,0,0,0,0,0,1,0,1,0
3420056,0,0,0,0,0,0,1,0,0,0
3420079,0,0,0,0,0,0,0,1,0,0
3420090,0,0,0,0,0,0,0,0,0,0
3420102,0,0,0,0,0,0,1,0,1,0
3420124,0,0,0,0,0,0,1,0,1,0
3420136,0,0,0,0,0,0,0,0,0,0
3420147,0,0,0,0,0,0,1,0,1,0
3420170,0,0,0,0,0,0,1,0,0,0
3430005,0,0,0,0,0,0,1,0,1,0
3430016,0,0,0,1,0,0,1,0,0,0
3430037,0,0,0,0,0,0,1,0,1,0
3430057,0,0,0,0,0,0,1,0,1,0
3430068,0,0,0,0,0,0,1,0,0,0
3430078,0,0,0,0,0,0,1,0,1,0
3430089,0,1,0,0,0,0,1,0,1,0
3430099,0,0,0,0,0,0,1,0,0,0
3430109,0,0,0,1,0,0,1,0,1,1
3430130,0,0,0,0,0,0,0,0,0,0
3430141,0,0,0,0,0,0,1,0,0,0
3430151,0,0,0,0,0,0,1,0,1,0
3440005,0,0,0,0,0,0,1,0,1,0
3440018,0,0,0,0,0,0,0,0,0,0
3440030,0,0,0,0,0,0,1,0,0,0
3440042,0,0,0,0,0,0,0,0,1,0
3440067,0,0,0,0,0,0,1,0,0,0
3440079,0,0,0,0,0,0,1,0,1,0
3440091,0,0,0,0,0,0,0,0,1,0
3440116,0,0,0,0,0,0,0,0,0,0
3440128,0,0,0,0,1,0,1,0,1,1
3440140,0,1,0,0,0,0,0,0,1,0
3440153,0,1,0,0,0,0,1,0,1,0
3440165,0,0,0,0,0,0,0,0,1,0
3440177,0,0,0,0,0,0,1,0,1,0
3450013,0,0,0,0,0,0,1,0,1,0
3450028,0,0,0,0,0,0,1,0,1,0
3450044,0,0,0,0,0,0,1,0,1,0
3450059,0,0,1,0,0,0,0,0,1,0
3450074,0,0,0,0,0,0,1,0,1,0
3450090,0,0,0,0,0,0,1,0,1,0
3450105,0,0,0,0,0,0,0,0,1,0
3450120,0,0,0,0,0,0,0,0,0,0
3450136,0,0,0,0,0,0,1,0,1,0
3450151,0,1,0,0,0,0,1,0,1,0
3450166,0,0,0,0,0,1,0,0,1,0
3450182,0,0,0,0,0,0,1,1,1,0
3450197,0,1,0,0,0,0,1,0,1,0
3450212,0,0,0,0,0,0,1,0,1,0
3450228,0,0,1,0,0,0,1,0,1,0
3460007,0,0,0,0,0,0,1,0,1,0
3460016,0,0,0,0,0,1,1,0,1,0
3460025,0,1,0,0,1,1,1,0,1,0
3460034,0,0,0,1,1,0,1,1,1,1
3460043,0,0,0,0,0,1,1,1,1,0
3460053,0,0,0,1,1,0,1,0,1,0
3460062,0,0,0,0,0,0,1,0,1,0
3460071,0,1,0,0,0,0,0,0,1,0
3460080,0,0,0,1,0,0,1,1,1,0
3460089,0,0,0,0,1,0,1,1,1,0
3460098,0,0,0,0,1,0,1,0,1,0
3460107,0,0,0,1,1,0,1,0,1,0
3460117,0,0,0,0,1,0,1,0,1,0
3460126,0,0,0,1,0,0,1,0,1,0
3460135,0,1,0,0,0,0,1,0,1,0
3470002,0,0,0,0,0,0,1,0,1,1
3470014,0,1,0,0,0,1,1,0,1,0
3470026,0,0,0,0,0,0,1,1,1,0
3470037,0,0,0,0,0,0,1,0,1,0
3470049,0,1,0,0,0,0,1,0,1,0
3470061,0,1,0,0,0,0,1,0,1,0
3470072,0,1,0,0,0,0,1,0,1,1
3470084,0,0,0,0,0,0,1,0,1,0
3470096,0,0,0,0,0,0,1,0,1,0
3470107,0,0,0,1,0,0,1,0,1,0
3470119,0,0,0,0,0,0,1,0,1,0
3470131,0,0,0,0,0,0,1,0,1,0
3470142,0,1,0,0,1,0,1,0,1,0
3470154,0,0,0,0,0,0,1,0,1,1
3470166,0,0,0,0,0,0,1,0,1,0
3480011,0,0,0,0,0,0,0,0,0,0
3480029,0,0,0,0,0,0,1,0,1,0
3480047,0,0,0,0,0,0,1,0,0,0
3480065,0,0,0,0,0,0,1,0,0,0
3480083,0,0,0,0,0,0,1,0,1,0
3480100,0,0,0,0,0,0,1,0,1,0
3480118,0,0,0,0,0,0,0,0,1,0
3480136,0,,0,0,0,0,1,0,1,0
3480154,1,0,0,0,0,0,1,0,0,0
3480172,0,0,0,0,0,0,1,0,1,0
3480189,0,0,0,0,0,0,1,0,1,0
3480207,0,0,0,0,0,0,1,0,1,0
3480225,0,0,0,0,0,0,1,0,1,0
3480243,0,0,0,0,0,0,0,0,1,0
3480261,0,0,0,0,0,0,1,0,1,0
3490008,0,0,0,0,0,0,1,0,1,1
3490022,0,1,0,0,0,1,0,0,1,0
3490036,0,0,0,0,1,1,1,1,1,1
3490050,0,0,0,0,0,0,0,0,1,0
3490064,0,0,1,0,0,0,1,0,1,0
3490078,0,0,0,0,1,0,1,0,1,1
3490092,0,0,0,0,0,0,1,0,1,1
3490106,0,,0,0,0,0,1,0,1,0
3490120,0,0,0,0,1,0,1,1,1,0
3490134,0,1,0,0,0,0,1,0,1,0
3490148,0,0,0,0,0,0,0,1,1,0
3490162,0,0,0,0,0,0,1,0,1,0
3490176,0,0,0,0,0,0,1,0,0,0
3490190,0,0,0,0,1,0,1,0,0,0
3490204,0,0,0,0,1,0,1,0,1,0
3500005,0,0,0,0,0,0,1,0,0,0
3500016,0,0,0,0,0,0,1,0,1,0
3500026,0,0,0,0,0,0,1,0,1,0
3500036,0,0,0,0,0,1,1,0,1,0
3500046,0,0,0,0,0,0,1,0,0,0
3500056,0,1,0,0,0,0,0,0,1,0
3500067,0,0,0,0,1,0,1,0,1,1
3500077,0,0,0,0,0,0,1,0,1,0
3500087,0,1,0,0,1,1,1,0,1,1
3500097,0,0,0,0,0,1,1,0,1,1
3500107,0,0,0,0,0,1,1,0,1,0
3500118,0,0,0,0,0,0,1,0,1,0
3500128,0,0,0,0,0,1,1,0,1,0
3500138,0,0,0,0,0,0,1,0,1,0
3500148,0,0,0,0,0,0,1,0,1,0
3510002,0,0,0,0,1,1,1,0,1,1
3510008,0,0,0,0,0,1,1,0,1,1
3510013,0,0,0,0,0,1,1,1,1,1
3510019,0,1,0,0,0,0,1,0,1,1
3510024,1,0,0,0,0,0,1,0,1,1
3510030,0,1,0,0,0,0,1,0,1,0
3510035,0,0,0,1,0,0,1,1,1,0
3510041,0,1,0,0,0,0,1,0,1,0
3510046,1,0,0,0,0,1,1,0,1,0
3510052,0,0,0,0,0,0,1,0,1,0
3510057,0,0,0,0,0,0,1,1,1,0
3510063,0,0,0,0,0,0,1,1,1,0
3510068,0,1,0,0,0,0,1,0,1,0
3510073,0,0,0,0,0,0,1,0,1,0
3510079,0,1,0,0,0,0,0,0,1,0
3520010,0,0,0,0,0,0,1,0,0,0
3520021,0,0,0,0,0,0,0,0,0,0
3520032,0,0,0,0,0,0,1,0,1,0
3520043,0,0,0,0,0,0,0,0,0,0
3520054,0,0,0,0,0,0,1,0,1,0
3520065,0,0,0,0,0,0,0,0,1,0
3520076,0,0,0,0,0,0,1,0,0,0
3520087,0,0,0,0,0,0,0,0,1,0
3520098,0,0,0,0,1,0,1,0,0,0
3520110,0,0,0,0,0,0,1,0,0,0
3520121,0,0,0,1,1,1,1,0,0,0
3520132,0,0,0,0,0,0,0,0,0,0
3520143,0,0,0,0,1,0,1,0,0,0
3520154,0,0,0,1,0,0,0,0,1,0
3520165,0,0,0,0,0,0,1,0,1,1
3530002,0,0,0,0,0,1,1,1,1,0
3530008,0,0,0,0,0,1,1,0,1,0
3530014,0,0,0,0,0,1,1,1,1,0
3530020,0,0,0,1,1,1,1,1,1,1
3530025,0,0,0,0,0,1,1,1,1,0
3530031,0,0,0,0,0,1,1,1,1,0
3530037,0,0,0,0,1,1,1,0,1,0
3530043,0,0,0,0,0,1,1,0,1,0
3530048,0,0,0,1,0,1,1,1,1,1
3530054,1,0,0,0,0,1,1,0,1,1
3530060,0,0,0,0,0,1,1,0,1,0
3530065,0,0,0,0,0,1,1,0,1,0
3530071,0,0,0,0,0,1,1,0,1,1
3530077,0,1,0,1,1,1,1,1,1,0
3530083,0,0,0,0,0,1,1,0,1,0
3540003,0,0,0,0,0,0,0,0,1,0
3540017,0,0,0,0,0,0,1,0,1,0
3540030,0,0,0,0,0,0,1,0,1,0
3540043,0,1,0,0,0,0,1,0,1,0
3540056,0,0,0,0,0,0,1,0,0,0
3540069,0,0,0,0,0,0,1,0,1,0
3540082,0,1,0,0,0,0,1,0,1,0
3540095,0,0,0,0,0,0,1,0,1,0
3540108,0,0,0,0,0,0,1,0,1,0
3540122,0,0,0,0,0,0,1,0,0,0
3540135,0,0,0,0,0,0,1,0,1,1
3540148,0,0,0,0,0,0,0,0,0,0
3540161,0,0,0,0,0,0,1,0,1,0
3540174,0,0,0,0,0,0,0,0,1,0
3540187,0,0,0,0,0,0,1,0,1,0
3550009,0,0,0,0,0,0,1,0,1,0
3550021,0,1,1,0,0,0,1,0,1,0
3550034,0,0,0,0,0,0,0,0,1,0
3550046,0,0,0,0,0,0,1,0,1,0
3550059,0,0,0,0,0,0,1,0,1,0
3550072,0,0,0,0,0,0,1,0,1,0
3550084,0,0,0,0,0,0,1,0,1,0
3550097,0,0,0,1,1,0,1,0,0,1
3550109,0,0,0,0,0,0,1,0,1,1
3550122,0,1,0,0,0,0,1,0,1,0
3550135,0,0,0,1,0,1,1,0,1,0
3550147,0,0,0,0,0,0,1,0,1,0
3550160,0,0,0,0,0,0,1,0,1,0
3550173,0,0,0,0,0,0,1,0,1,0
3550185,0,1,0,1,0,1,1,1,1,0
3560011,0,0,0,0,0,0,1,0,0,0
3560029,0,0,0,0,0,0,1,0,1,0
3560047,0,0,0,0,0,0,0,0,1,0
3560064,0,0,0,0,0,0,1,0,1,0
3560082,0,1,0,0,0,0,1,0,1,0
3560100,0,1,0,0,1,0,1,0,1,0
3560118,0,0,0,1,0,0,1,0,1,1
3560135,0,1,0,0,0,0,1,0,1,0
3560153,1,0,0,1,0,0,1,0,1,1
3560171,0,0,0,0,0,0,1,0,0,0
3560189,0,1,0,0,0,0,0,0,1,0
3560206,1,0,0,0,1,0,1,0,1,0
3560224,0,0,0,0,0,0,1,0,0,0
3560242,0,0,0,1,0,0,1,0,1,0
3560260,0,0,0,0,0,0,1,0,1,1
3570001,0,1,0,0,0,0,1,0,1,1
3570008,0,0,0,0,0,0,0,0,1,0
3570015,0,0,0,0,0,0,0,0,0,0
3570021,0,0,0,0,0,0,0,0,1,0
3570028,0,0,0,0,0,0,0,0,0,0
3570035,0,0,0,0,0,0,1,0,1,0
3570041,0,0,0,0,0,0,1,0,0,1
3570048,0,0,0,0,0,0,0,0,0,0
3570055,0,0,0,0,0,0,0,0,0,0
3570061,0,,0,0,0,0,0,0,1,0
3570068,0,0,0,0,0,0,0,0,1,0
3570075,0,1,0,0,0,0,0,0,1,0
3570081,0,0,0,0,0,1,1,0,1,0
3570088,0,1,0,1,0,1,1,0,1,1
3570095,0,0,0,0,0,1,1,0,1,0
3580017,0,1,0,0,0,0,0,0,0,0
3580035,0,0,0,0,0,0,0,0,1,0
3580053,0,0,0,0,0,0,1,0,0,0
3580070,0,0,0,0,0,0,1,0,0,1
3580088,0,0,0,0,0,0,0,0,0,0
3580106,0,0,0,0,0,1,0,0,0,0
3580123,0,,0,0,0,0,0,0,1,0
3580141,0,1,0,0,0,0,0,0,1,0
3580159,0,1,0,0,0,1,1,0,1,0
3580176,0,0,0,0,0,0,1,0,0,0
3580194,0,0,0,1,0,0,1,0,0,0
3580212,0,0,0,0,0,0,1,0,0,0
3580229,0,0,0,0,0,0,1,0,0,0
3580247,0,0,0,0,0,0,1,0,0,0
3580265,0,0,0,0,0,0,1,0,1,1
3590009,0,0,1,1,1,1,1,1,1,1
3590019,0,0,0,1,1,1,1,1,1,1
3590029,0,0,1,0,1,1,0,0,1,0
3590039,1,0,0,0,1,1,1,0,1,0
3590049,0,0,0,1,1,1,1,0,1,0
3590059,0,0,0,0,1,1,1,1,1,0
3590069,0,0,0,0,1,1,1,1,1,0
3590078,0,0,0,1,1,1,1,1,1,0
3590088,0,1,0,1,1,1,1,1,1,0
3590098,0,1,0,1,1,1,1,0,1,1
3590108,0,0,0,0,1,1,1,0,1,0
3590118,0,0,1,1,1,1,1,0,1,0
3590128,0,0,1,1,1,1,1,1,1,1
3590138,0,0,0,1,1,1,1,1,1,1
3590147,1,0,0,1,1,1,1,1,1,0
3600002,0,0,1,0,1,1,1,1,1,0
3600008,0,0,0,0,1,0,1,1,0,0
3600014,0,0,0,1,1,1,1,1,0,1
3600019,0,0,0,0,1,1,1,1,1,1
3600030,0,0,0,1,1,1,1,1,1,1
3600047,0,0,0,0,1,1,1,1,1,0
3600053,0,0,0,1,1,1,1,1,0,1
3600064,0,0,0,1,1,0,1,1,0,0
3600070,0,0,0,1,1,1,1,1,1,0
3610003,0,,0,0,0,0,1,1,1,0
3610014,0,0,0,0,0,0,1,1,1,0
3610024,0,0,0,0,0,0,1,0,1,0
3610035,0,0,0,0,1,0,1,1,1,1
3610045,0,0,1,1,1,0,1,1,1,0
3610055,0,0,1,1,0,0,1,0,1,0
3610076,0,0,0,0,0,0,1,1,1,0
3610087,0,0,0,0,1,0,1,1,1,0
3610097,0,1,0,0,0,0,0,0,1,0
3610107,0,0,0,0,0,0,1,0,0,0
3610118,0,1,0,1,1,0,1,0,1,1
3610139,0,0,0,0,0,0,1,0,0,0
3610149,0,0,0,1,1,0,1,1,1,1
3620006,0,0,0,0,0,0,1,0,1,0
3620015,0,0,0,0,1,0,1,1,1,0
3620023,0,0,0,1,0,0,1,0,1,0
3620031,0,0,0,0,0,0,0,0,1,0
3620039,0,0,0,0,0,0,0,0,1,0
3620047,0,1,0,1,0,0,0,0,1,1
3620055,0,0,0,0,0,0,1,0,1,0
3620063,0,0,0,0,0,0,1,0,1,0
3620072,0,0,0,0,0,0,0,0,1,0
3620080,0,0,0,0,0,0,0,0,0,0
3620096,0,0,0,0,0,0,1,0,1,0
3620104,0,0,0,0,0,0,0,0,0,0
3620112,0,1,0,0,1,0,1,1,1,1
3620120,0,0,0,0,0,0,1,0,1,0
3630007,1,0,0,0,0,0,0,1,1,0
3630015,0,0,1,1,0,0,1,1,1,0
3630023,0,1,1,0,0,0,0,1,1,0
3630032,0,0,0,0,0,0,1,1,1,0
3630040,0,0,0,0,0,0,1,1,1,0
3630049,0,1,0,0,0,0,1,1,1,0
3630057,0,0,0,0,0,0,1,1,1,0
3630065,0,1,0,1,1,0,1,0,1,1
3630074,0,0,1,0,0,0,0,1,1,0
3630082,0,1,0,0,1,0,1,1,1,1
3630091,0,0,1,0,0,0,1,0,1,0
3630099,0,0,0,0,0,0,1,0,1,0
3630107,0,0,0,0,0,0,1,1,1,0
3630116,0,0,0,1,1,0,1,1,1,1
3630124,0,1,0,0,0,0,1,1,1,0
3640001,0,0,0,0,0,0,1,0,0,0
3640012,0,0,0,0,0,0,1,0,1,0
3640022,0,0,0,0,0,0,0,0,0,0
3640033,0,0,0,0,0,0,0,0,0,0
3640043,0,0,0,0,0,0,0,0,0,0
3640054,0,0,0,0,0,0,0,0,1,0
3640064,0,0,0,0,0,0,0,0,0,0
3640075,0,0,0,0,0,0,1,0,1,1
3640085,0,0,0,0,0,0,0,0,1,0
3640096,0,0,0,0,0,0,1,0,1,1
3640106,0,0,0,0,0,0,0,0,0,0
3640117,0,0,0,0,0,0,0,0,0,0
3640127,0,0,0,0,0,0,1,0,1,0
3640137,0,0,0,0,0,0,1,0,1,1
3640148,0,0,0,0,0,0,0,0,0,0
3650007,0,0,0,0,0,0,1,0,1,0
3650019,0,0,1,1,0,0,1,0,1,0
3650030,0,0,0,0,0,0,0,0,1,0
3650042,0,0,0,0,0,0,0,0,0,0
3650053,0,0,0,1,0,0,1,0,1,1
3650064,0,0,0,0,0,0,0,0,1,0
3650076,0,0,0,0,0,0,1,0,1,0
3650087,0,0,0,0,0,0,1,0,1,1
3650099,0,0,0,0,0,0,1,0,1,1
3650110,0,1,0,0,0,0,1,0,1,0
3650122,0,1,0,0,1,0,1,1,1,0
3650133,0,0,0,0,0,0,1,0,1,0
3650145,0,0,1,0,0,0,1,1,1,0
3650156,0,0,0,1,0,0,1,0,1,1
3650168,0,0,0,0,0,0,1,0,1,0
3660008,0,1,0,0,0,1,0,0,1,0
3660017,0,0,0,0,1,0,0,0,1,0
3660025,0,0,0,0,0,0,0,0,1,0
3660033,0,0,0,1,0,0,1,0,1,0
3660049,0,1,1,0,1,0,0,1,1,1
3660057,0,0,0,0,1,1,1,1,1,0
3660065,0,0,1,1,1,1,1,1,1,0
3660082,0,0,0,0,1,1,1,1,1,0
3660090,1,0,1,0,1,1,1,1,1,0
3660098,0,0,0,1,1,1,1,0,1,1
3660106,0,0,0,0,1,1,1,0,1,0
3660114,0,1,0,1,1,1,1,0,1,0
3660122,0,0,1,1,1,1,1,0,1,1
3670007,0,0,0,0,0,0,1,1,1,0
3670025,0,0,0,1,0,0,0,0,1,0
3670043,0,,0,0,0,1,0,0,1,0
3670061,0,0,0,0,0,0,1,0,1,0
3670079,0,1,0,0,1,0,1,1,1,0
3670097,0,0,0,0,0,0,1,0,1,0
3670115,0,0,0,0,0,1,0,0,0,0
3670133,0,0,0,1,0,0,1,0,1,1
3670169,0,0,0,0,0,0,1,0,1,0
3670187,0,0,0,0,0,0,0,0,0,0
3670205,0,0,0,1,0,0,1,0,1,0
3670223,0,0,0,0,0,0,0,0,0,0
3670241,0,0,0,0,0,1,0,0,1,0
3670259,0,0,0,0,0,0,1,0,1,0
3680004,0,0,0,0,0,0,1,0,0,0
3680016,0,0,0,0,0,0,1,0,1,0
3680028,0,1,0,0,0,0,1,0,1,0
3680039,0,0,0,0,0,0,1,0,1,0
3680051,0,0,0,1,0,0,1,0,1,0
3680062,0,0,0,0,0,1,0,0,0,0
3680074,,,0,0,1,0,1,0,1,1
3680086,0,0,0,0,0,1,0,0,1,0
3680097,0,0,0,0,0,0,1,0,1,0
3680109,0,0,0,0,0,0,1,0,1,0
3680120,0,0,0,0,0,0,0,0,1,0
3680132,0,0,0,0,0,0,0,0,0,0
3680144,0,1,0,0,0,0,1,0,1,0
3680155,0,0,0,0,0,0,0,0,0,0
3680167,0,0,0,1,0,0,1,0,1,0
3690013,0,0,0,0,0,0,0,0,0,0
3690029,0,0,0,0,0,0,0,0,0,0
3690045,0,0,0,0,0,0,0,0,0,0
3690062,0,0,0,0,0,0,0,0,0,0
3690078,0,1,1,1,0,0,1,0,1,0
3690095,0,0,0,0,0,0,0,0,0,0
3690111,0,0,0,0,0,0,0,0,1,0
3690127,0,0,0,0,0,0,0,0,1,0
3690144,0,0,0,0,0,0,1,0,1,0
3690160,0,0,0,0,0,0,0,0,0,0
3690177,0,0,0,0,0,0,0,0,0,0
3690193,0,1,0,0,0,0,0,0,0,0
3690209,0,1,0,0,0,0,1,0,0,0
3690226,0,0,0,0,0,0,0,0,0,0
3690242,0,0,0,0,0,0,0,0,1,0
3700002,0,0,0,0,0,0,1,0,0,0
3700014,0,0,0,0,0,0,1,0,1,0
3700026,0,0,0,0,0,0,1,0,1,0
3700038,0,0,0,0,0,0,1,0,1,0
3700049,0,0,0,0,0,0,1,0,1,0
3700060,0,1,0,0,0,0,1,0,1,0
3700072,0,0,0,0,0,0,1,0,1,0
3700083,0,0,0,0,0,0,1,0,1,0
3700095,0,0,0,0,0,0,1,0,1,0
3700106,0,0,0,0,0,0,0,0,0,0
3700117,0,0,0,0,0,0,1,0,1,0
3700129,0,1,0,0,0,0,1,0,1,0
3700140,0,0,0,0,0,0,0,0,0,0
3700152,0,0,0,0,0,0,1,0,0,0
3700163,0,0,0,0,0,0,1,0,0,0
3710002,0,0,0,1,0,0,0,0,1,0
3710023,0,0,0,0,0,0,1,0,1,0
3710034,0,1,0,0,0,0,1,0,1,0
3710044,0,0,0,0,0,0,1,0,1,0
3710054,0,0,0,0,0,0,1,0,1,0
3710065,0,0,0,1,0,0,1,0,1,0
3710075,0,0,0,0,0,0,1,0,1,0
3710086,0,0,0,0,0,0,1,0,1,0
3710096,0,0,0,0,0,0,1,0,1,0
3710106,0,0,0,0,0,0,1,0,1,1
3710117,0,1,0,0,0,0,1,0,1,0
3710127,,,0,1,0,0,1,0,1,0
3710138,0,0,0,0,0,0,0,0,0,0
3710148,0,0,0,1,0,0,1,0,1,0
3720008,0,0,0,0,1,0,1,0,1,1
3720020,0,0,0,0,0,0,1,1,1,0
3720032,0,0,0,0,0,0,1,0,0,0
3720044,0,0,0,0,0,0,1,0,1,0
3720057,0,0,0,0,0,0,0,0,1,0
3720069,0,0,0,0,0,0,1,0,1,0
3720081,0,1,0,0,0,0,1,1,0,0
3720093,0,0,0,1,0,0,1,0,0,0
3720106,0,0,0,0,0,0,1,0,1,0
3720118,0,0,0,0,0,0,0,0,1,0
3720142,0,0,1,0,0,0,1,0,1,0
3720155,0,0,0,0,0,0,1,0,1,0
3720167,0,0,0,0,0,0,1,0,1,0
3720179,0,0,0,1,0,0,1,0,1,0
3730007,0,0,0,0,0,0,1,0,1,0
3730014,0,0,0,0,1,0,1,1,1,0
3730021,0,0,0,0,1,0,1,1,1,1
3730028,0,0,0,0,0,0,1,1,1,0
3730035,0,0,0,0,0,0,1,0,1,0
3730042,0,0,0,0,0,0,1,0,1,0
3730048,0,1,0,0,0,0,0,1,1,0
3730055,0,0,0,1,0,0,1,1,1,0
3730062,0,0,0,0,0,0,1,1,1,0
3730076,0,0,0,0,0,0,1,1,0,0
3730083,0,0,0,0,0,0,1,0,1,0
3730090,0,0,0,1,1,0,1,1,1,1
3730097,0,0,0,0,0,0,1,0,1,0
3730104,0,0,0,1,1,0,1,0,1,1
3740007,0,1,0,0,0,0,1,0,0,0
3740024,0,0,0,0,0,0,0,0,0,0
3740040,0,0,0,0,0,0,1,0,0,0
3740057,0,0,0,0,0,0,1,0,0,0
3740073,0,0,0,1,0,0,1,0,1,0
3740090,0,0,0,0,0,0,1,0,1,0
3740106,0,0,0,0,0,1,1,0,1,0
3740123,0,0,0,0,0,0,1,0,0,0
3740139,0,0,0,0,0,0,1,0,0,0
3740156,0,0,0,0,0,1,0,0,1,0
3740172,0,0,0,0,0,0,0,0,1,0
3740205,0,0,0,0,0,0,1,0,1,0
3740221,0,0,0,0,0,0,0,0,1,0
3740238,0,0,0,0,0,0,1,0,1,0
3750015,0,0,0,0,0,0,1,0,0,0
3750032,0,0,0,0,0,0,1,0,1,0
3750050,0,0,0,0,0,0,0,0,0,0
3750067,0,0,0,0,0,0,1,0,1,0
3750084,0,0,0,0,0,0,0,0,0,0
3750102,0,0,0,0,0,0,1,1,1,1
3750119,0,0,0,0,0,0,0,1,0,0
3750136,0,0,0,0,0,0,0,1,1,0
3750154,0,0,0,0,0,0,1,1,0,0
3750188,0,0,0,0,0,0,0,0,1,0
3750206,0,0,0,0,0,0,0,0,1,0
3750223,0,0,0,0,0,0,0,0,1,1
3750240,0,0,0,0,0,0,1,0,1,0
3750258,0,0,0,0,0,0,1,0,1,0
3760011,0,1,0,0,0,0,0,1,1,0
3760023,0,0,0,1,0,0,1,1,1,1
3760035,0,0,0,1,1,0,1,1,1,1
3760048,0,0,0,0,0,0,1,1,1,1
3760060,0,1,0,0,0,0,1,0,1,1
3760072,0,0,0,0,0,0,1,0,1,0
3760085,0,0,0,0,0,0,1,0,1,0
3760097,0,0,0,0,0,0,1,0,1,0
3760109,0,0,0,0,0,0,1,0,1,0
3760122,0,0,0,1,0,0,1,0,1,1
3760134,0,0,0,0,0,0,1,0,0,0
3760146,0,0,0,0,0,0,1,1,1,0
3760159,0,0,0,0,0,0,1,1,1,0
3760171,0,1,0,0,0,1,1,0,1,0
3760183,0,0,0,0,0,1,1,0,1,0
3770004,0,1,0,0,0,0,0,0,1,0
3770022,0,0,0,0,0,0,0,0,1,0
3770039,0,0,0,0,0,0,1,0,1,0
3770056,0,0,0,0,0,0,1,0,1,0
3770074,0,0,0,0,0,0,0,0,1,0
3770091,1,0,0,0,0,0,1,1,1,0
3770108,0,0,0,0,0,1,1,1,1,0
3770126,0,0,0,0,0,0,1,1,1,0
3770143,0,1,0,0,0,0,0,0,1,0
3770160,0,0,0,1,0,0,0,1,1,0
3770178,0,0,0,1,0,0,1,1,1,1
3770195,0,1,0,0,0,0,1,0,1,0
3770212,0,0,0,0,0,0,1,0,1,1
3770230,0,0,0,0,0,0,1,1,1,0
3770247,0,0,0,0,0,0,1,0,1,0
3780001,0,0,0,0,0,0,1,0,1,0
3780007,0,0,0,0,0,0,1,0,1,0
3780012,0,0,0,0,0,1,1,0,1,0
3780018,0,0,0,1,0,1,1,0,1,0
3780023,0,0,0,0,1,1,1,0,1,0
3780028,0,1,0,0,0,0,1,1,1,0
3780034,0,0,0,0,0,0,1,0,1,1
3780039,0,0,0,0,1,1,1,1,1,0
3780045,0,0,1,0,1,1,1,1,1,0
3780050,0,0,0,0,1,0,1,0,1,0
3780055,0,0,0,0,1,0,1,0,1,0
3780061,0,0,0,0,1,0,1,0,1,1
3780066,0,0,0,0,1,0,1,0,1,0
3780072,0,0,0,0,1,0,1,0,1,1
3780077,0,0,0,0,1,0,1,0,1,0
3790011,0,1,0,0,0,0,1,0,1,0
3790028,0,0,0,1,0,0,1,0,1,0
3790045,0,0,1,0,0,0,1,0,1,0
3790061,0,0,0,0,0,0,1,0,1,0
3790078,0,0,0,0,1,0,1,0,1,0
3790095,0,0,0,1,0,0,1,0,1,0
3790112,0,1,0,1,0,0,1,0,1,0
3790129,0,1,0,0,0,0,1,0,1,0
3790146,0,0,0,0,0,0,1,0,1,0
3790163,0,0,1,1,1,0,1,0,1,1
3790180,0,0,0,0,0,0,0,0,0,0
3790196,0,0,0,1,1,0,1,0,1,0
3790213,0,0,0,1,1,0,1,0,1,1
3790230,0,0,1,1,1,1,1,0,1,0
3790247,0,1,1,1,1,0,1,0,1,1
3800001,0,1,0,1,1,1,1,1,1,0
3800007,0,0,0,0,1,1,1,1,1,0
3800012,0,0,0,1,1,1,1,1,1,0
3800017,0,0,0,0,1,1,1,1,1,0
3800023,0,1,0,0,1,1,1,1,1,0
3800028,1,1,0,0,1,1,1,1,1,0
3800033,0,0,0,0,1,1,1,1,1,0
3800039,0,1,0,1,1,1,1,1,1,1
3800044,0,0,0,1,1,1,1,1,1,0
3800049,0,0,0,0,1,1,1,1,1,0
3800055,0,0,0,0,1,1,1,1,1,0
3800060,0,0,0,0,1,1,1,1,1,0
3800065,0,0,0,1,1,1,1,1,1,0
3800071,0,0,0,1,1,1,1,1,1,0
3800076,0,0,0,1,1,1,1,1,1,0
3810008,0,0,0,0,0,0,1,0,1,0
3810025,0,0,0,0,0,0,0,0,1,0
3810042,0,0,0,0,0,0,1,0,0,0
3810059,0,0,0,0,0,0,1,0,0,0
3810075,0,0,0,1,0,0,1,0,1,0
3810092,0,0,0,1,0,0,1,1,1,0
3810109,0,1,0,0,1,0,1,1,1,0
3810126,0,1,1,0,0,0,1,1,0,0
3810142,0,1,0,1,0,0,1,1,1,0
3810159,0,0,0,0,0,0,1,1,0,0
3810176,0,1,0,0,0,0,1,0,1,1
3810192,0,0,0,0,0,0,1,0,1,0
3810209,0,0,0,1,1,0,1,0,1,0
3810226,0,0,0,0,0,0,1,0,0,0
3810243,0,0,0,1,1,0,1,0,1,0
3820009,0,0,0,0,0,0,1,0,1,0
3820018,0,0,0,0,1,0,1,1,1,0
3820027,0,0,0,0,0,0,0,0,1,0
3820036,0,1,0,0,0,1,1,0,1,0
3820045,0,0,0,0,0,0,1,0,1,0
3820054,0,1,0,0,0,0,1,0,1,0
3820063,0,0,0,0,0,0,1,1,1,0
3820072,0,0,0,0,0,0,1,1,1,0
3820081,0,0,0,0,0,0,1,1,1,0
3820091,1,0,0,0,0,0,1,0,1,0
3820100,0,1,0,0,0,0,1,1,1,0
3820109,0,1,0,1,0,0,1,1,1,0
3820118,0,0,0,0,1,0,1,1,1,0
3820127,0,0,0,0,0,0,1,1,1,0
3820136,0,0,0,0,1,0,1,1,1,0
3830008,0,0,0,0,0,0,1,0,1,0
3830018,0,0,0,0,0,0,1,0,0,0
3830027,0,0,0,0,0,0,1,0,1,0
3830036,0,0,0,0,0,0,1,0,1,0
3830046,0,0,0,0,0,0,1,0,1,0
3830055,0,0,0,0,0,0,0,0,1,0
3830065,0,0,0,0,0,0,1,0,1,0
3830074,0,0,0,0,0,0,1,0,1,0
3830083,0,0,0,0,0,0,1,0,1,0
3830093,0,0,0,1,1,0,1,0,0,0
3830102,0,1,0,0,0,0,1,0,1,0
3830112,0,0,0,0,0,0,1,0,1,0
3830121,0,0,0,0,0,0,0,0,1,0
3830130,0,,0,1,0,0,1,0,1,0
3830140,0,0,0,0,0,0,1,0,1,0
3840002,0,0,0,1,1,1,1,1,1,0
3840008,0,1,1,0,1,1,1,1,1,0
3840013,0,1,0,0,1,1,1,1,1,0
3840018,0,0,0,0,1,1,1,1,1,0
3840024,0,1,1,1,1,1,1,1,1,0
3840029,0,0,1,0,1,1,1,1,1,0
3840034,0,0,1,1,1,1,1,1,1,0
3840040,0,1,1,1,1,1,1,1,0,0
3840045,0,0,1,1,1,1,1,1,1,0
3840050,0,0,1,0,0,1,1,1,1,0
3840056,1,1,0,0,1,1,1,1,1,0
3840061,0,0,1,1,0,1,1,1,1,0
3840066,0,0,0,1,1,1,1,1,1,0
3840072,0,0,1,1,1,1,1,1,1,1
3840077,0,0,0,1,1,1,1,1,1,0
3850001,0,0,0,0,1,1,1,0,1,0
3850006,0,0,0,1,1,1,1,1,1,0
3850011,0,1,0,0,1,1,1,1,1,0
3850016,0,1,0,0,1,1,1,1,1,0
3850021,0,0,0,1,1,1,1,1,1,0
3850026,0,0,0,0,1,1,1,1,1,0
3850031,0,0,0,0,1,1,1,1,1,0
3850036,1,0,1,1,1,1,1,1,1,1
3850041,0,1,1,1,1,1,1,1,1,0
3850046,0,0,0,1,1,1,1,1,1,0
3850051,0,1,0,0,1,1,1,1,1,1
3850056,0,0,0,0,1,1,1,1,1,0
3850061,0,0,0,0,1,1,1,1,1,1
3850066,0,1,0,0,1,1,0,1,1,1
3850070,0,1,0,0,1,1,1,1,1,1
3860009,0,0,0,0,0,0,1,1,1,0
3860022,0,0,0,0,0,0,1,1,1,0
3860035,0,0,0,0,0,0,1,1,0,0
3860049,0,1,0,0,0,0,1,1,1,0
3860062,0,0,0,1,0,1,1,1,1,0
3860075,0,0,0,0,0,0,1,0,1,0
3860088,0,1,0,0,0,0,1,1,1,0
3860101,0,1,1,1,0,0,1,1,1,0
3860115,0,0,0,1,1,0,1,1,1,0
3860128,0,0,0,0,0,0,1,1,1,0
3860141,0,1,1,1,0,0,1,1,1,0
3860154,1,0,0,0,0,0,1,0,1,0
3860167,0,1,1,0,0,0,1,0,1,0
3860181,0,0,0,1,0,0,1,1,1,0
3860194,0,0,0,0,0,0,1,1,1,0
3870002,0,0,0,0,0,0,1,0,0,0
3870015,0,0,0,0,1,0,1,1,1,0
3870027,0,0,0,0,0,0,1,0,1,0
3870052,0,0,0,0,0,0,1,1,0,0
3870064,0,1,0,0,0,0,1,1,1,0
3870077,0,0,0,0,0,1,1,1,1,0
3870089,0,0,1,0,0,1,1,1,1,0
3870102,0,0,0,0,0,1,1,0,1,0
3870114,0,0,0,0,0,1,1,0,1,0
3870139,0,0,0,0,0,1,1,1,1,0
3870151,0,0,0,0,0,0,1,0,1,0
3870164,0,1,0,1,0,0,1,1,1,0
3870176,0,1,0,0,0,0,1,1,1,0
3880001,0,0,0,0,1,1,1,1,1,0
3880012,0,1,1,1,1,1,1,0,1,0
3880023,0,0,0,0,1,1,1,1,1,0
3880045,0,0,1,0,1,1,1,1,1,0
3880055,0,0,1,1,1,1,1,1,1,0
3880066,0,0,1,1,1,1,1,1,1,0
3880077,0,1,0,0,1,1,1,1,1,1
3880088,0,0,0,0,1,1,1,1,1,0
3880109,0,0,0,1,1,1,1,1,1,1
3880120,0,0,1,1,1,1,1,1,1,0
3880131,0,0,1,0,1,1,1,1,1,0
3880142,0,0,0,1,1,1,1,1,1,0
3880153,0,0,0,1,1,1,1,1,1,0
3890011,0,1,0,0,0,0,1,0,1,0
3890022,0,0,1,0,0,1,1,1,1,0
3890033,0,0,0,1,0,0,1,0,1,0
3890044,0,0,1,1,1,0,1,1,1,1
3890055,0,1,0,0,0,1,1,1,1,0
3890067,0,0,0,0,0,0,1,0,1,0
3890078,0,0,0,0,0,0,1,0,1,0
3890089,0,0,0,1,0,1,1,1,1,1
3890100,0,1,0,0,0,0,1,0,1,0
3890111,0,0,0,0,0,0,1,0,1,0
3890122,0,0,0,0,0,1,1,1,1,0
3890133,0,0,0,1,0,0,1,0,1,0
3890145,0,0,0,0,0,0,0,0,1,0
3890156,0,0,0,0,0,0,0,1,1,0
3890167,0,0,0,0,0,0,1,0,1,0
3900007,0,0,0,0,0,0,1,1,1,0
3900013,0,0,0,1,1,0,1,1,1,1
3900020,0,1,0,0,1,0,1,1,1,1
3900027,0,0,0,0,0,0,1,0,1,0
3900033,0,0,0,1,1,0,1,1,1,0
3900040,0,0,0,0,1,0,1,0,1,0
3900047,0,1,0,1,1,1,0,1,1,0
3900053,0,0,0,0,0,1,1,0,1,0
3900060,0,0,1,1,1,0,1,1,1,1
3900067,0,1,0,0,1,0,1,1,1,1
3900073,0,0,0,0,1,1,1,1,1,1
3900080,0,0,0,0,1,0,1,1,1,1
3900087,0,0,0,1,1,0,0,1,1,0
3900093,0,0,0,0,1,0,0,1,1,1
3900100,0,0,0,0,1,1,1,1,1,0
3910002,0,0,0,1,0,0,1,1,1,1
3910008,0,0,0,0,0,0,1,1,1,0
3910014,0,0,0,1,0,0,1,0,1,0
3910019,0,0,0,1,0,1,1,0,0,0
3910025,0,0,0,1,0,0,1,1,0,0
3910031,0,1,0,1,0,0,1,0,1,1
3910036,1,1,0,0,0,0,1,1,1,0
3910042,0,0,0,1,0,0,1,0,1,0
3910048,0,0,0,1,0,1,1,1,0,0
3910053,0,0,0,0,0,1,1,1,1,0
3910059,0,0,0,1,0,0,1,1,0,0
3910065,0,0,0,1,0,0,1,1,1,0
3910070,0,0,0,0,0,1,1,0,1,0
3910076,0,0,0,1,0,0,0,1,1,0
3910082,0,0,0,0,0,0,0,1,1,0
3920008,0,0,0,1,0,1,1,0,1,0
3920016,0,0,0,0,0,0,1,1,1,0
3920025,0,1,1,0,0,0,1,1,1,0
3920033,0,0,0,0,1,0,1,1,1,1
3920042,0,0,1,0,1,1,1,1,1,0
3920050,0,0,0,0,0,0,0,1,1,0
3920059,0,0,0,1,0,0,0,1,1,0
3920067,0,1,0,0,0,0,1,1,1,0
3920076,0,0,1,1,1,0,1,1,1,0
3920084,0,0,0,0,0,0,1,1,1,0
3920093,0,0,0,0,0,0,1,1,1,0
3920102,0,0,1,1,1,1,1,1,1,1
3920110,0,0,0,0,0,0,1,1,1,0
3920119,0,0,0,0,0,1,1,1,1,0
3920127,0,0,0,1,1,1,1,1,1,1
3930006,0,0,0,1,1,0,1,1,1,0
3930014,0,0,0,0,1,1,0,1,1,0
3930021,0,0,0,0,0,0,1,1,1,0
3930029,0,0,0,0,0,1,0,1,1,0
3930036,0,0,0,1,0,0,1,1,1,0
3930043,0,0,0,0,0,0,1,1,1,0
3930051,0,0,0,0,0,0,1,1,0,0
3930058,0,0,0,0,0,0,1,1,1,0
3930066,0,1,0,0,0,0,1,0,1,0
3930073,0,0,0,0,0,1,1,1,1,0
3930081,0,0,0,1,0,1,1,1,1,0
3930088,0,0,0,0,0,0,1,1,1,0
3930096,0,1,1,1,1,1,1,1,1,0
3930103,0,0,0,1,0,0,1,1,1,1
3930111,0,1,0,0,1,1,1,1,1,0
3940002,0,0,0,0,0,0,1,0,1,0
3940015,0,0,0,0,0,0,1,0,1,0
3940027,0,0,0,0,0,0,1,0,0,0
3940040,0,0,0,0,0,0,1,0,1,0
3940052,0,0,0,1,0,0,1,0,1,0
3940065,0,0,0,1,0,0,1,0,1,1
3940077,0,0,0,0,0,1,1,0,1,0
3940090,0,0,0,0,0,0,1,0,1,0
3940102,0,0,0,0,0,0,1,0,1,0
3940115,0,0,0,0,0,1,1,0,1,0
3940127,0,0,0,0,1,0,1,0,1,0
3940140,0,1,0,0,0,0,1,0,1,0
3940152,0,1,1,0,0,0,1,0,1,0
3940164,0,0,0,0,0,0,1,0,1,0
3940177,0,0,0,0,0,0,1,0,0,0
3950001,0,0,0,1,0,0,1,0,1,0
3950016,0,0,0,0,0,0,0,0,0,0
3950030,0,0,0,0,0,0,0,0,0,0
3950044,0,0,0,0,0,0,0,0,0,0
3950058,0,0,0,0,0,0,1,0,1,0
3950072,0,0,0,0,0,0,1,0,1,0
3950086,0,0,0,0,0,0,0,0,1,1
3950100,0,0,0,0,0,1,1,1,1,0
3950114,0,0,0,0,0,0,0,0,1,0
3950129,0,1,0,0,0,0,0,0,1,0
3950143,0,0,0,0,0,0,0,0,1,0
3950157,0,0,0,0,0,0,0,0,1,0
3950171,1,1,0,0,0,0,1,0,1,0
3950185,0,0,0,0,0,0,0,1,1,0
3950199,0,0,0,0,0,0,1,0,1,0
3960004,0,0,1,1,1,0,1,1,1,0
3960011,1,0,1,1,1,1,1,1,1,0
3960017,0,0,0,0,1,1,1,1,1,0
3960023,0,1,1,0,1,1,1,1,1,0
3960029,0,1,1,1,1,0,1,0,1,0
3960035,0,1,1,1,1,1,1,1,1,0
3960041,0,1,0,1,1,0,1,1,1,1
3960047,1,0,1,1,1,1,1,1,1,0
3960054,0,0,1,1,1,0,1,1,1,0
3960060,0,1,1,1,1,0,1,1,1,0
3960066,0,1,1,1,1,0,1,1,1,0
3960072,0,1,0,1,1,1,1,1,1,0
3960078,0,1,1,1,1,0,1,1,1,0
3960084,0,1,0,1,1,0,1,1,1,0
3960090,1,1,1,1,1,0,1,1,1,0
3970003,0,0,0,0,0,1,0,0,1,0
3970010,0,0,0,0,0,1,1,0,1,0
3970017,0,0,0,0,0,1,1,0,1,1
3970024,0,0,0,0,0,1,0,0,1,0
3970031,0,0,0,1,1,0,1,0,1,1
3970038,0,0,0,0,0,0,0,1,1,0
3970045,0,0,0,0,1,0,0,0,1,0
3970052,0,0,0,0,0,1,0,0,1,0
3970066,0,0,0,0,0,1,1,0,1,1
3970073,0,0,0,0,0,1,1,0,1,1
3970080,0,0,0,0,0,1,1,0,1,0
3970087,0,0,0,1,0,0,0,1,1,0
3970100,0,0,0,0,0,0,1,1,1,1
3980005,0,0,0,0,0,0,1,0,0,0
3980018,0,0,0,0,0,0,0,0,1,0
3980031,0,0,0,1,0,1,1,0,1,0
3980044,0,0,0,0,0,0,1,1,1,0
3980057,0,0,0,0,0,0,1,1,1,0
3980069,0,0,0,0,0,0,1,0,1,0
3980082,0,0,0,0,0,0,1,0,1,0
3980095,0,0,0,0,0,0,0,0,1,0
3980108,0,0,0,0,0,0,1,0,0,0
3980121,0,1,0,0,0,1,0,0,1,0
3980146,0,0,0,0,0,1,1,0,1,0
3980159,0,0,0,0,0,1,1,0,0,0
3980172,0,0,0,1,0,0,1,1,1,0
3980185,0,0,0,0,0,1,1,0,1,0
3990013,0,0,0,0,0,1,1,0,1,0
3990027,0,0,0,1,0,0,1,0,1,0
3990041,0,0,0,0,0,1,1,0,1,0
3990056,0,0,0,1,0,1,1,0,1,1
3990070,0,0,0,0,1,1,1,0,1,0
3990099,0,1,0,1,0,0,1,0,1,0
3990113,0,0,0,0,0,0,0,1,1,0
3990127,0,0,0,0,0,1,1,0,1,0
3990142,0,0,0,0,1,1,1,1,1,1
3990156,0,0,0,0,1,0,1,1,1,0
3990170,0,0,0,0,0,0,0,0,0,0
3990185,0,0,0,0,0,0,1,0,0,0
3990199,0,0,1,1,0,0,1,0,1,0
3990213,0,1,0,0,0,0,1,1,1,1
4000004,0,0,0,0,0,1,1,1,1,0
4000010,0,0,0,0,1,1,1,1,1,1
4000022,1,1,0,1,0,1,1,1,1,0
4000027,0,0,0,0,0,0,1,1,1,0
4000033,0,0,0,0,1,0,1,1,1,0
4000039,0,0,0,0,0,1,1,1,1,0
4000045,0,0,0,0,0,0,0,1,1,0
4000051,0,0,0,0,0,1,0,0,1,0
4000056,0,0,0,0,0,1,0,1,1,0
4000062,0,0,0,0,1,1,1,1,1,0
4000068,0,0,0,0,1,1,0,0,1,0
4000074,0,0,0,0,1,1,0,1,1,0
4000080,0,1,0,0,1,1,1,1,1,0
4000086,0,0,0,0,1,1,1,1,1,0
4010002,0,0,0,0,1,1,0,1,1,0
4010012,0,0,0,0,1,1,0,1,1,0
4010022,0,0,0,0,1,0,1,1,1,1
4010032,1,0,0,0,1,1,0,1,1,0
4010042,0,1,0,0,1,1,0,1,1,0
4010052,0,0,0,0,0,1,0,0,1,0
4010062,0,0,0,0,1,1,1,1,1,1
4010071,0,0,0,0,0,0,1,1,1,1
4010081,0,0,0,0,1,1,1,0,0,0
4010091,0,0,0,0,1,1,1,1,1,0
4010101,0,0,0,0,0,1,1,0,1,0
4010111,0,0,0,0,1,0,1,0,1,0
4010121,0,0,0,0,0,0,1,0,0,1
4010131,0,0,0,0,0,1,1,0,0,0
4010141,0,0,0,0,1,0,1,0,1,1
4020009,0,0,0,0,0,0,0,0,0,0
4020023,0,0,0,0,0,0,1,0,0,0
4020036,0,0,0,0,0,1,1,0,1,0
4020050,0,1,0,0,0,1,0,0,1,0
4020063,0,0,0,0,0,0,0,0,0,0
4020076,0,0,0,0,0,1,1,0,0,0
4020090,0,0,0,0,0,0,0,0,1,0
4020103,0,0,0,0,0,0,1,0,1,0
4020117,0,0,0,0,0,1,0,1,1,0
4020130,0,0,0,0,0,0,0,0,0,0
4020144,0,0,0,0,0,1,0,0,0,0
4020157,0,0,0,0,0,0,0,1,1,0
4020171,0,0,0,0,0,0,1,0,0,0
4020184,0,,0,0,0,0,1,0,0,0
4020198,0,0,0,0,0,0,1,0,1,0
4030005,0,0,0,0,0,0,1,0,0,0
4030012,0,0,0,0,0,0,1,1,1,0
4030020,0,0,0,0,0,1,1,0,1,0
4030027,0,0,0,0,0,0,1,1,1,0
4030034,0,1,0,0,0,0,0,0,1,0
4030042,0,0,0,0,0,0,0,0,0,0
4030049,0,0,0,1,1,0,1,1,1,0
4030056,0,0,0,0,0,1,1,0,1,0
4030064,0,0,0,0,0,1,1,0,1,0
4030071,0,1,0,0,1,0,1,0,1,0
4030078,0,0,0,0,0,0,1,0,1,0
4030086,0,0,0,0,0,0,0,0,1,0
4030093,0,0,0,0,0,0,1,0,1,0
4030100,0,0,0,0,0,1,0,0,1,0
4030108,0,0,0,0,1,1,1,1,1,1
4040006,0,0,0,0,0,0,1,0,1,0
4040019,0,0,0,0,0,0,1,0,1,0
4040031,0,0,0,0,0,0,1,0,1,0
4040044,0,0,0,0,0,0,1,0,1,0
4040056,0,0,0,0,0,0,1,0,1,0
4040069,0,0,0,0,0,0,1,0,1,0
4040081,0,0,0,0,0,1,0,1,1,0
4040094,0,0,1,0,0,0,1,0,1,0
4040106,0,0,0,0,0,0,1,0,1,0
4040119,0,0,0,0,0,0,1,0,1,0
4040131,0,0,0,0,0,1,1,0,1,0
4040144,0,0,0,0,0,0,1,0,1,0
4040156,0,0,0,0,0,0,1,0,1,0
4040168,0,0,0,0,0,0,1,0,1,0
4040181,0,0,0,1,1,0,1,1,1,1
4050004,0,0,0,0,0,1,1,0,1,0
4050014,0,0,0,0,0,0,1,0,1,0
4050023,0,0,0,0,0,0,0,0,0,0
4050032,0,0,0,0,0,1,1,0,1,0
4050041,0,1,0,1,0,1,1,0,1,0
4050051,0,0,0,1,0,1,1,0,1,1
4050060,0,0,0,1,0,0,1,0,1,1
4050069,0,0,0,0,0,0,1,0,1,0
4050079,0,0,0,0,0,0,1,0,0,0
4050088,0,0,0,0,0,0,1,0,1,0
4050097,0,,0,0,0,1,1,0,1,0
4050106,0,0,0,1,0,0,1,0,1,0
4050116,0,0,0,0,0,0,1,0,1,1
4050125,0,0,0,0,0,0,1,0,1,1
4050134,0,0,0,0,0,0,1,1,1,0
4060006,0,1,0,0,0,1,1,0,1,1
4060013,0,0,0,0,0,0,1,0,1,1
4060019,0,0,0,0,0,0,0,0,1,0
4060025,0,0,0,0,0,0,1,0,1,0
4060031,0,0,0,0,0,0,0,0,1,0
4060037,0,0,0,0,0,1,1,0,0,1
4060043,0,0,0,0,0,0,1,0,0,0
4060049,0,0,0,0,0,0,1,1,1,0
4060056,0,0,0,1,0,0,1,0,1,0
4060062,0,0,0,0,0,0,1,0,1,0
4060068,0,0,0,1,0,0,1,0,1,0
4060074,0,0,0,0,0,0,1,0,1,0
4060080,0,1,0,0,0,0,1,0,1,0
4060086,0,0,0,0,0,0,1,1,0,0
4060092,0,1,0,0,0,0,1,0,1,1
4070009,0,0,0,0,0,0,1,1,1,0
4070020,0,0,1,0,0,0,1,0,1,1
4070031,1,1,0,1,0,1,1,0,1,1
4070042,0,0,0,0,0,1,1,0,1,0
4070053,0,0,1,0,0,1,1,0,1,0
4070065,0,0,0,0,0,1,1,0,1,0
4070076,0,0,0,0,0,0,1,0,0,0
4070087,0,1,0,0,0,0,1,0,1,0
4070098,0,0,0,0,0,0,1,0,1,1
4070120,0,0,0,0,0,0,1,0,1,0
4070131,0,0,0,1,0,0,0,0,0,0
4070143,0,0,0,0,0,1,1,1,1,0
4070154,0,1,0,0,0,0,1,1,1,0
4070165,0,0,0,0,0,1,1,0,0,0
4080001,0,0,0,1,1,1,1,0,1,0
4080006,0,1,1,0,1,1,0,1,1,1
4080011,0,0,1,0,1,1,1,1,1,0
4080016,0,0,0,1,1,1,1,1,1,0
4080021,1,0,1,1,1,1,1,1,1,0
4080025,0,,0,1,1,1,1,1,1,0
4080030,0,1,1,0,1,1,1,1,1,0
4080035,0,1,1,1,1,1,1,0,1,0
4080040,0,0,1,1,1,1,1,0,1,1
4080045,0,1,1,1,0,1,1,0,1,0
4080049,0,0,0,0,0,1,1,0,1,0
4080054,0,0,0,1,0,0,1,0,1,0
4080059,0,0,0,1,0,1,1,1,1,0
4080064,0,1,0,0,0,1,1,1,1,0
4080069,0,0,0,0,0,1,1,1,1,0
4090004,0,0,0,0,0,0,0,0,0,0
4090019,0,0,0,0,0,0,1,0,1,0
4090025,0,0,0,0,0,0,1,0,1,1
4090030,0,1,0,0,0,0,1,0,1,1
4090035,0,0,0,1,0,0,1,0,1,1
4090040,0,0,0,0,0,0,1,0,1,0
4090045,0,0,0,0,0,0,1,0,1,0
4090050,0,1,0,0,0,0,1,0,1,1
4090055,0,0,0,0,0,0,0,0,1,0
4090060,0,0,0,0,0,0,1,0,1,0
4090066,0,0,0,0,0,0,1,0,0,0
4090071,0,1,0,0,0,0,1,0,1,0
4090076,0,0,0,0,0,0,1,0,1,0
4100005,0,1,0,1,1,1,1,1,1,0
4100011,0,0,1,0,1,1,1,1,1,0
4100018,0,1,1,0,1,1,1,1,1,1
4100025,0,0,0,0,1,1,1,0,1,1
4100031,0,0,0,0,1,1,1,1,1,1
4100038,0,0,0,0,1,1,1,1,1,1
4100044,0,0,0,0,1,1,1,1,1,1
4100051,0,0,0,0,1,1,1,1,1,0
4100057,0,0,0,1,1,1,1,1,1,1
4100064,0,0,1,1,1,1,1,1,1,0
4100071,0,0,0,1,1,1,1,1,1,0
4100077,1,0,1,1,1,1,1,1,1,1
4100084,0,1,0,1,1,1,1,1,1,0
4100090,0,1,1,1,1,1,1,0,1,0
4100097,0,0,1,1,1,1,1,1,1,1
4110001,0,,0,0,1,1,1,0,1,0
4110006,0,0,0,0,1,1,1,1,1,0
4110011,0,0,0,1,1,1,1,0,1,1
4110016,0,0,0,1,1,1,1,0,1,1
4110021,0,1,0,0,1,0,1,0,1,0
4110026,0,0,0,0,1,1,1,1,1,0
4110031,0,1,0,0,1,1,1,0,1,0
4110035,0,0,0,1,1,1,1,0,1,0
4110040,0,0,0,1,1,1,1,0,1,0
4110045,0,1,0,1,1,1,1,1,1,0
4110050,0,1,0,0,1,1,1,0,1,0
4110055,0,0,0,0,1,0,1,0,0,1
4110060,0,1,1,0,1,1,1,0,1,0
4110065,0,1,0,0,1,1,1,0,1,0
4110070,0,0,0,0,1,1,1,0,1,0
4120007,0,0,1,0,0,1,1,0,1,1
4120022,0,0,0,0,0,1,1,0,1,0
4120038,0,0,0,0,0,1,1,0,1,0
4120053,0,0,0,0,0,0,0,0,0,0
4120068,0,,0,1,0,1,1,0,1,0
4120083,0,0,0,0,0,1,1,0,1,1
4120113,0,0,0,0,0,1,1,0,1,1
4120128,0,0,0,0,0,0,0,0,0,0
4120143,0,0,0,0,0,1,1,0,1,0
4120158,0,1,0,1,0,0,1,0,1,1
4120173,0,1,0,1,1,1,1,0,1,1
4120188,0,0,0,0,0,0,1,0,0,0
4120203,0,1,0,0,0,0,1,0,1,0
4120218,0,0,0,0,0,0,0,0,1,0
4130006,0,0,1,1,0,1,1,0,1,0
4130012,0,0,0,1,1,1,1,0,1,0
4130018,0,0,1,0,0,1,1,0,1,1
4130024,1,0,0,1,0,1,1,0,1,0
4130030,0,1,0,0,0,1,1,0,1,0
4130036,0,0,1,1,0,1,1,0,1,0
4130042,0,0,0,1,0,1,1,0,1,0
4130048,0,1,0,0,0,1,1,0,1,0
4130054,0,0,0,0,0,1,1,0,1,0
4130066,0,0,0,1,1,1,1,1,1,1
4130072,0,0,0,0,1,0,1,0,1,0
4130078,0,0,0,1,0,1,1,0,1,0
4130084,1,0,0,0,1,0,1,0,1,1
4130090,0,0,0,1,0,1,1,0,1,1
4140005,0,0,0,0,0,1,1,0,1,0
4140018,0,0,0,1,0,0,1,0,1,0
4140031,0,0,0,0,0,0,1,0,0,0
4140044,0,0,0,0,0,0,1,0,0,0
4140057,0,,0,0,0,1,1,0,1,0
4140069,0,0,0,0,0,0,1,0,0,0
4140082,0,0,0,0,0,0,1,0,1,0
4140095,0,0,0,0,0,0,0,0,0,0
4140108,0,1,0,0,0,0,1,0,1,0
4140121,0,0,0,0,0,0,0,0,0,0
4140133,0,0,0,0,0,0,1,0,0,0
4140146,0,0,0,0,0,0,1,0,0,0
4140159,0,0,0,0,0,0,1,0,1,0
4140172,0,1,0,0,0,0,0,0,1,0
4150002,0,0,0,0,0,0,0,0,0,0
4150009,0,0,0,1,1,0,1,0,1,1
4150016,0,0,0,0,0,0,1,0,1,0
4150023,0,0,0,0,0,0,1,0,1,0
4150030,0,0,0,0,1,0,1,0,1,0
4150037,0,0,0,0,1,0,1,0,1,1
4150044,0,0,0,0,1,0,1,0,1,0
4150051,0,0,0,0,0,0,1,0,1,0
4150058,0,0,0,0,0,0,1,0,1,0
4150065,0,0,0,0,0,0,1,0,1,0
4150072,0,1,0,1,0,0,1,0,1,1
4150079,0,0,0,1,1,0,1,0,1,1
4150086,0,0,0,0,0,0,1,0,1,0
4150099,0,0,0,0,0,0,1,0,1,0
4160010,0,0,0,0,1,1,1,0,1,0
4160024,0,1,0,0,1,0,1,0,1,0
4160037,0,0,0,1,0,1,1,0,0,0
4160051,0,0,0,1,1,1,1,0,1,0
4160065,0,0,0,0,0,0,1,0,1,0
4160078,0,1,0,0,0,0,1,0,0,0
4160092,0,1,0,0,0,1,1,0,1,0
4160105,0,0,0,0,0,1,1,0,1,0
4160119,0,0,0,0,1,1,1,0,1,0
4160133,0,0,0,1,0,1,1,0,1,0
4160146,0,1,0,0,0,1,1,0,0,0
4160160,0,0,0,1,0,0,1,0,1,0
4160173,0,0,0,0,0,1,1,0,1,0
4160187,0,0,0,0,0,1,1,0,1,0
4160201,1,0,0,0,0,0,1,0,1,0
4170004,1,0,0,0,1,0,1,1,1,0
4170010,0,0,0,0,1,0,0,0,1,0
4170016,0,1,1,0,1,0,1,0,1,0
4170022,0,1,0,0,1,1,1,0,1,0
4170028,0,0,0,1,1,0,1,0,1,0
4170034,0,1,1,1,1,0,1,0,1,0
4170040,0,0,0,0,1,0,1,0,1,0
4170045,0,0,0,1,1,0,1,1,1,0
4170051,0,0,0,0,1,0,1,1,1,0
4170057,0,0,0,1,1,0,1,1,1,0
4170063,0,0,0,0,1,1,1,0,1,0
4170069,0,1,0,0,1,0,1,0,1,0
4170075,0,0,0,0,1,0,0,0,1,0
4170081,0,0,0,0,1,0,0,0,1,0
4170086,0,0,0,0,1,0,1,0,1,0
4180001,1,0,1,1,1,0,1,0,1,1
4180009,0,0,0,1,0,0,1,0,1,0
4180016,0,1,0,0,0,0,1,0,1,0
4180023,0,0,0,0,0,0,1,0,1,0
4180030,0,0,0,0,0,0,1,0,1,0
4180038,0,0,0,0,0,0,1,0,1,0
4180045,0,,0,0,0,0,1,0,0,0
4180052,0,0,0,1,0,0,1,0,1,1
4180060,0,0,0,1,0,0,1,0,1,0
4180067,0,1,0,0,1,1,1,0,1,0
4180074,0,0,0,0,0,0,1,0,1,0
4180081,0,0,0,0,0,0,1,0,1,0
4180089,0,0,0,0,0,0,1,0,1,0
4180096,0,1,1,0,0,0,1,0,1,0
4180103,0,0,0,1,0,0,1,0,0,0
4190007,1,1,0,0,1,0,1,1,1,1
4190020,0,0,0,0,0,0,1,0,1,0
4190032,0,0,0,0,0,1,1,0,1,0
4190044,0,0,0,0,0,0,1,0,0,0
4190056,0,0,0,0,0,1,1,0,1,0
4190068,1,1,0,0,1,1,1,0,1,0
4190080,0,0,0,0,0,0,1,1,1,0
4190092,0,0,0,0,0,0,1,0,1,0
4190105,0,0,0,0,0,1,1,0,1,0
4190117,0,0,0,1,1,0,1,0,1,1
4190129,0,1,0,0,0,0,1,1,1,0
4190141,0,0,0,0,0,0,1,1,1,0
4190153,0,1,0,0,0,0,0,0,1,0
4190165,0,0,0,0,0,0,1,1,0,0
4190177,0,1,0,0,1,1,1,0,1,0
4200007,0,0,0,0,0,0,1,0,1,0
4200015,0,0,0,0,1,0,0,1,1,0
4200023,0,0,0,0,0,0,1,1,1,1
4200031,0,0,0,1,0,0,1,0,1,1
4200039,0,1,0,1,0,0,1,0,1,1
4200047,0,0,0,1,0,0,1,0,1,0
4200055,0,1,0,0,0,0,1,0,1,1
4200063,0,1,0,0,0,0,1,0,1,0
4200071,0,0,0,0,0,0,1,1,1,0
4200079,0,0,0,0,0,0,1,1,1,1
4200087,0,0,0,0,0,1,1,0,1,0
4200095,0,0,0,1,0,0,1,0,1,0
4200103,0,0,0,1,0,0,1,0,1,0
4200111,0,0,0,0,0,0,1,0,1,1
4200118,0,1,0,0,0,0,1,0,1,0
4210004,0,0,0,0,0,0,1,0,1,0
4210015,0,0,0,0,0,0,1,0,1,0
4210027,0,1,0,0,0,0,1,0,1,0
4210038,0,0,0,0,0,0,1,0,1,0
4210049,0,0,0,0,0,0,1,0,0,0
4210060,0,0,0,0,0,0,1,1,1,0
4210071,0,0,0,0,0,0,1,0,1,0
4210082,0,0,0,0,0,0,1,0,1,0
4210093,0,0,0,0,0,0,1,0,1,0
4210104,0,0,0,0,0,0,1,0,1,1
4210115,0,0,0,0,0,0,1,1,1,0
4210126,0,0,0,0,0,0,1,0,0,0
4210137,0,0,0,0,0,0,1,0,0,0
4210148,0,0,0,0,0,0,1,0,1,0
4210159,0,0,0,0,0,0,1,0,0,1
4220004,0,1,0,0,0,1,1,0,1,1
4220015,1,0,0,0,0,0,1,1,1,1
4220026,0,0,0,0,0,0,1,0,0,0
4220036,0,0,0,0,0,1,1,0,1,0
4220047,0,1,0,0,0,0,0,1,1,0
4220057,0,0,0,0,0,0,1,0,1,1
4220068,0,0,0,0,0,0,1,0,0,0
4220079,0,0,0,0,0,0,0,1,0,0
4220089,0,0,0,1,0,0,1,0,1,1
4220100,0,0,0,0,1,0,1,0,1,0
4220110,0,1,0,0,0,0,1,1,1,0
4220121,0,0,0,0,0,1,1,0,1,0
4220132,0,0,0,0,0,0,1,0,1,1
4220142,0,0,0,0,0,0,0,1,0,0
4220153,0,0,0,0,0,0,1,0,1,0
4230009,0,1,1,1,1,1,1,0,1,1
4230021,0,1,0,0,0,1,0,0,1,0
4230033,0,0,0,0,0,0,0,0,1,0
4230045,0,0,0,0,0,1,1,0,1,1
4230057,0,0,0,0,0,0,0,0,1,1
4230069,0,0,0,0,0,1,1,1,1,0
4230081,0,1,1,1,0,0,1,1,1,0
4230092,0,1,0,0,0,0,0,0,1,0
4230104,0,1,0,1,0,1,1,0,1,0
4230116,0,0,0,1,0,0,1,0,1,1
4230128,0,0,0,0,0,0,1,0,1,0
4230140,0,0,0,1,0,0,1,0,1,0
4230152,0,1,1,1,0,1,1,0,1,1
4230164,0,1,0,0,0,0,0,0,1,0
4230175,0,0,1,1,0,0,1,1,1,0
4240003,0,0,0,1,0,1,1,1,1,1
4240016,0,1,0,0,0,1,1,1,1,1
4240028,0,0,0,1,0,1,1,1,1,0
4240040,0,0,0,0,0,1,1,1,1,1
4240052,0,0,0,1,1,1,1,1,1,1
4240065,0,0,0,0,0,1,1,0,1,1
4240077,0,0,0,1,0,1,1,1,1,1
4240089,0,0,0,1,0,1,1,1,1,1
4240102,0,0,0,1,0,1,1,1,1,0
4240114,0,0,0,1,0,1,1,0,1,0
4240126,0,0,0,1,0,1,1,0,1,0
4240138,0,0,0,0,0,1,1,0,0,0
4240151,0,0,0,0,1,1,1,1,1,1
4240163,0,0,0,0,1,1,1,1,1,1
4240175,0,0,1,1,0,1,1,0,1,0
4250003,0,1,0,0,0,1,1,0,1,0
4250020,0,0,0,1,0,0,1,1,1,0
4250037,0,0,1,0,0,1,0,0,1,0
4250053,0,0,1,0,0,1,1,1,1,0
4250070,0,1,1,1,0,0,1,1,1,1
4250087,0,1,0,0,0,0,1,0,1,0
4250103,0,0,0,0,0,0,1,0,1,0
4250120,0,0,1,0,0,0,0,0,1,0
4250137,0,0,0,1,0,0,1,0,1,0
4250153,0,0,1,0,0,1,1,0,1,0
4250170,0,0,0,1,0,0,1,1,1,0
4250187,0,0,0,1,0,0,1,0,1,1
4250220,1,0,0,1,0,0,1,1,1,0
4250237,0,0,1,1,0,0,1,0,1,0
4260011,0,0,0,1,0,1,1,1,1,0
4260018,0,0,0,1,1,1,1,1,0,1
4260025,0,0,0,1,1,1,1,1,1,1
4260031,0,1,0,1,1,1,1,0,1,0
4260038,0,0,0,0,1,1,1,1,1,0
4260044,0,1,0,1,1,1,1,1,1,1
4260051,0,0,0,1,1,1,1,1,1,0
4260057,0,1,0,0,1,1,1,1,1,0
4260064,0,0,1,0,1,1,1,1,1,0
4260071,0,1,0,0,0,1,1,0,1,0
4260077,0,0,0,0,1,1,1,1,1,1
4260084,0,0,0,1,1,1,1,1,1,1
4260090,0,0,0,0,0,0,1,1,1,0
4260097,0,1,1,1,0,1,1,0,1,0
4270009,0,0,0,0,0,1,1,0,1,1
4270023,0,1,1,0,0,1,1,1,1,0
4270037,0,0,0,0,0,1,1,1,1,0
4270051,0,0,1,0,0,1,1,1,1,0
4270065,0,0,1,1,0,1,1,1,1,0
4270080,0,1,0,1,0,0,1,1,1,0
4270108,0,0,1,0,0,1,1,0,1,0
4270122,0,0,0,0,0,0,1,0,1,0
4270136,0,1,0,1,1,1,1,0,1,1
4270150,0,0,0,1,1,1,1,0,1,1
4270179,0,0,0,0,0,0,1,0,1,0
4270193,0,0,0,0,0,0,1,1,1,0
4270207,0,0,0,1,0,0,1,0,1,0
4280008,0,0,0,0,0,1,1,0,1,0
4280028,0,1,0,0,0,1,1,1,1,0
4280047,0,1,0,1,1,1,1,0,1,0
4280066,0,1,0,0,0,1,1,1,1,0
4280086,0,0,1,0,0,1,1,0,1,0
4280105,0,0,0,1,0,0,0,0,1,0
4280124,0,0,0,0,0,0,1,0,0,0
4280144,0,0,0,1,0,0,1,1,1,0
4280163,0,0,1,1,0,0,1,0,1,0
4280182,0,0,0,0,0,0,1,0,1,0
4280202,0,1,0,0,0,0,1,0,1,0
4280221,0,1,0,1,0,0,1,0,1,0
4280260,0,1,1,0,1,0,1,1,1,0
4280279,0,0,0,0,0,0,1,0,1,0
4290003,0,0,0,0,0,0,1,1,1,0
4290010,0,0,0,0,0,1,1,1,1,0
4290017,0,0,0,1,1,1,1,1,1,1
4290023,0,1,1,0,0,0,1,1,1,0
4290030,0,1,1,0,0,1,1,0,1,0
4290037,0,0,0,1,0,1,1,0,1,0
4290043,0,0,0,0,0,0,1,1,1,0
4290050,1,1,0,0,0,1,1,1,1,0
4290057,0,0,0,1,0,1,1,1,1,0
4290063,0,1,1,1,0,1,1,1,1,1
4290070,0,1,1,0,0,1,1,0,1,0
4290077,0,1,0,0,0,1,1,1,0,0
4290083,0,0,1,1,0,1,1,1,1,0
4290090,0,1,0,1,0,0,1,0,1,0
4290097,0,0,0,0,0,0,0,0,0,0
4300008,0,0,0,1,0,0,1,0,1,0
4300018,0,0,0,0,0,0,1,0,0,1
4300027,0,0,0,0,1,0,1,1,1,1
4300037,0,0,0,0,0,0,1,0,0,1
4300046,0,1,0,0,0,0,1,1,1,0
4300056,0,0,0,0,0,0,0,1,1,0
4300065,0,1,0,0,0,0,1,0,1,0
4300075,0,1,1,1,0,0,1,0,1,0
4300084,0,0,0,0,0,0,1,1,1,0
4300094,0,1,0,0,0,0,1,1,1,0
4300104,0,1,0,0,0,0,0,0,1,0
4300113,0,0,0,0,0,0,1,1,1,0
4300123,0,0,1,1,0,0,1,1,1,0
4300132,0,0,0,1,0,0,1,1,1,0
4300142,0,0,0,0,0,1,1,0,1,0
4310002,0,0,0,0,0,0,1,1,1,0
4310010,0,0,0,0,0,0,1,1,1,1
4310018,0,0,0,0,1,0,1,1,1,1
4310026,0,0,0,0,0,0,1,1,1,0
4310034,1,1,0,0,0,0,1,1,1,1
4310042,0,1,0,0,0,0,0,1,1,0
4310050,0,0,0,0,0,1,1,1,1,0
4310057,1,1,0,0,1,1,1,1,1,1
4310065,0,0,0,0,0,1,1,1,1,0
4310073,0,0,0,0,0,0,0,1,1,0
4310081,0,0,0,0,0,0,0,0,1,0
4310089,0,0,0,0,0,0,1,1,1,0
4310097,0,0,0,0,0,0,1,1,1,0
4310105,0,0,0,0,0,0,1,0,1,0
4310113,0,1,0,1,1,0,1,1,0,1
4320002,0,1,0,0,0,1,0,1,1,0
4320010,0,0,0,0,0,1,1,1,1,1
4320018,0,0,0,0,0,1,1,1,1,0
4320026,0,0,0,0,0,1,1,1,1,1
4320034,0,1,0,0,1,1,1,0,1,1
4320041,0,0,0,0,0,1,0,1,1,0
4320049,0,0,0,0,0,1,1,0,1,1
4320057,0,0,0,0,0,1,1,0,1,0
4320065,0,0,0,0,0,0,1,0,0,0
4320073,0,0,0,0,0,0,1,1,0,0
4320080,0,0,0,0,0,1,1,1,1,0
4320088,0,0,0,0,0,1,1,0,1,0
4320096,1,0,0,0,0,1,1,0,1,0
4320104,0,0,0,1,0,1,0,0,1,1
4320112,0,0,0,0,0,1,0,1,1,0
4330005,0,1,0,1,0,0,1,1,1,1
4330011,0,0,0,0,0,0,1,1,1,0
4330018,0,1,1,1,0,1,1,0,1,0
4330025,0,0,1,1,0,1,1,1,1,0
4330031,0,0,0,0,0,1,1,1,1,0
4330038,0,0,0,0,0,1,1,0,1,0
4330044,0,1,1,0,0,1,1,1,1,1
4330051,0,0,0,0,0,1,1,0,1,0
4330057,0,1,1,0,0,1,1,1,1,0
4330064,0,0,1,0,0,1,1,1,1,0
4330071,0,0,1,0,0,1,1,1,1,0
4330077,0,0,1,1,0,0,1,1,1,0
4330084,0,0,0,0,0,1,1,1,1,0
4330090,0,0,0,0,0,0,1,1,1,1
4330097,0,0,1,1,0,1,1,1,1,0
4340005,0,0,1,0,0,0,1,1,1,0
4340011,0,0,0,0,0,1,1,1,1,1
4340017,0,1,0,1,1,0,1,1,1,0
4340024,0,0,1,1,0,0,1,1,1,1
4340030,0,1,1,1,0,0,1,0,1,0
4340036,0,1,0,0,0,1,1,1,1,0
4340043,0,0,0,1,0,0,1,1,1,0
4340055,0,1,0,0,0,0,1,1,1,0
4340062,0,1,0,0,0,0,1,1,1,0
4340068,0,0,1,0,0,0,1,1,1,0
4340074,0,1,1,1,0,1,1,1,1,0
4340081,0,0,1,0,0,0,1,1,1,0
4340087,0,0,0,1,0,1,1,1,1,0
4340093,0,1,0,0,0,0,1,1,1,0
4350005,1,0,0,1,0,1,1,1,1,0
4350016,0,0,0,0,0,0,1,1,1,0
4350027,0,0,0,0,0,0,1,1,1,0
4350038,1,0,0,0,0,1,1,1,1,0
4350049,0,1,1,1,0,0,1,1,1,0
4350059,0,1,0,1,0,1,1,1,0,0
4350070,0,1,0,0,1,1,1,1,1,0
4350081,0,0,0,0,0,0,1,1,1,0
4350092,0,0,0,0,1,1,1,1,1,0
4350103,0,0,0,0,1,0,1,1,1,0
4350113,0,0,0,1,0,0,1,1,1,0
4350124,0,1,0,0,0,1,1,1,1,0
4350135,0,1,0,0,0,0,1,1,1,0
4350146,0,1,0,0,0,1,1,1,1,0
4350157,0,1,0,0,0,1,1,1,1,0
4360009,0,1,1,0,1,1,1,1,1,0
4360017,0,1,1,1,1,1,1,1,1,0
4360026,0,0,0,1,1,0,1,1,1,1
4360034,0,0,0,0,1,0,1,1,1,0
4360043,0,0,0,0,1,0,1,1,1,0
4360051,0,0,0,0,1,0,1,1,1,0
4360060,0,1,0,0,1,0,1,1,1,0
4360068,0,1,1,0,1,0,1,1,1,0
4360077,0,0,0,1,1,1,1,1,1,1
4360085,0,0,1,0,1,0,1,1,1,0
4360094,0,1,1,1,1,1,1,1,1,0
4360103,0,0,0,1,1,0,1,1,1,1
4360111,0,1,1,0,1,1,1,1,1,0
4360120,0,0,0,1,1,1,1,1,1,1
4360128,1,0,0,1,1,1,1,1,1,0
4370005,0,0,0,0,0,1,1,1,1,0
4370009,0,1,0,0,1,1,1,1,1,1
4370014,0,0,0,0,1,1,1,1,1,1
4370019,0,1,1,1,1,1,1,1,1,0
4370023,0,0,0,1,1,1,1,1,1,0
4370028,0,0,1,0,0,1,1,1,1,0
4370033,0,0,1,1,1,1,1,1,1,0
4370037,0,1,1,1,0,1,1,1,1,0
4370042,0,0,0,1,0,1,1,1,1,0
4370047,0,0,1,1,0,1,1,1,1,0
4370051,1,1,1,1,0,1,1,1,1,0
4370056,0,1,0,1,0,1,1,1,1,1
4370061,1,0,1,1,0,1,1,1,1,0
4370065,0,0,1,0,1,1,1,1,1,0
4370070,0,0,1,0,1,1,1,1,1,1
4380002,,0,0,0,0,0,1,1,1,0
4380007,0,0,0,0,0,0,1,0,0,0
4380012,0,1,0,0,1,0,1,1,1,0
4380016,0,1,1,0,0,0,1,0,1,0
4380021,1,1,0,0,0,0,1,0,1,0
4380026,0,0,0,0,0,0,1,1,1,0
4380030,0,0,0,0,0,0,1,1,1,0
4380035,1,0,0,0,0,0,1,1,1,0
4380040,0,0,0,0,0,0,0,1,1,1
4380044,0,0,0,0,0,1,1,1,1,0
4380049,0,1,0,0,0,0,1,1,0,0
4380054,1,0,0,0,0,0,1,1,1,0
4380058,1,0,0,0,0,0,1,1,1,0
4380063,0,0,0,1,0,0,1,1,1,0
4380068,0,0,0,0,0,0,1,1,1,1
4390001,0,0,1,1,1,1,1,1,1,1
4390006,0,0,1,1,1,1,1,1,1,0
4390011,0,1,1,1,1,1,1,1,1,1
4390016,0,0,1,1,1,0,1,1,1,0
4390021,0,1,0,0,1,0,1,1,1,1
4390026,1,0,1,1,1,0,1,1,1,0
4390031,0,0,0,1,1,1,1,1,1,1
4390036,0,0,0,0,1,1,1,1,1,0
4390041,0,0,0,1,1,0,1,1,1,1
4390046,0,0,1,1,1,1,1,1,1,0
4390051,0,1,1,1,1,1,1,1,1,0
4390056,0,1,0,1,1,1,1,1,1,0
4390061,0,0,0,0,1,1,1,1,1,0
4390066,0,0,0,1,1,1,1,1,1,0
4390070,0,1,1,1,1,1,1,1,1,0
4400007,0,0,1,1,1,1,1,1,1,1
4400016,0,1,1,0,1,1,1,1,1,1
4400025,0,1,0,1,1,1,1,1,1,0
4400034,0,0,0,1,1,1,1,1,1,1
4400043,0,0,0,1,1,1,1,1,1,0
4400052,0,0,1,1,1,1,1,1,1,0
4400061,0,0,0,1,1,1,1,1,1,1
4400070,1,1,1,0,1,1,1,1,1,0
4400079,0,1,0,1,1,1,1,1,1,1
4400088,0,0,0,1,1,1,1,1,1,1
4400097,0,0,0,1,1,1,1,1,1,1
4400106,0,0,1,1,1,1,1,1,1,0
4400115,0,0,0,1,1,1,1,1,1,1
4400124,0,0,0,0,1,1,1,1,1,0
4400133,0,1,1,1,1,0,1,1,1,1
4410001,0,1,1,1,1,1,1,1,1,1
4410007,0,0,0,0,1,1,1,1,1,1
4410013,0,1,1,1,1,0,1,1,1,0
4410019,1,1,1,1,1,0,1,1,1,0
4410025,0,1,1,1,1,0,1,1,1,0
4410031,0,0,1,1,1,0,1,1,1,1
4410037,0,1,1,0,1,1,1,1,1,0
4410043,0,1,1,1,1,0,1,1,1,1
4410049,0,1,0,1,1,0,1,1,1,0
4410055,0,1,1,1,1,1,1,1,1,1
4410061,0,0,0,1,1,1,1,1,1,1
4410067,0,1,1,1,1,0,1,1,1,1
4410073,0,1,1,1,1,0,1,1,1,0
4410079,0,0,0,0,1,0,1,1,1,0
4410084,0,0,1,1,1,0,1,1,1,1
4420001,0,0,0,1,0,0,1,1,1,0
4420013,0,1,1,0,0,0,0,1,1,0
4420025,0,0,0,0,0,0,1,1,1,0
4420037,0,0,0,1,0,1,1,1,1,0
4420048,0,0,0,0,0,1,1,1,1,1
4420060,0,0,0,0,0,1,1,1,1,0
4420072,0,1,0,1,0,1,1,1,1,0
4420084,0,0,0,0,0,1,1,1,1,0
4420095,1,0,1,0,0,1,1,0,1,0
4420107,0,0,0,1,1,0,1,1,1,0
4420119,0,1,1,1,1,0,1,1,1,1
4420130,0,1,0,0,1,1,1,1,1,0
4420142,0,1,0,0,1,1,1,1,1,0
4420154,0,1,1,0,1,1,1,1,1,0
4420166,0,0,0,1,1,1,1,1,1,1
4430005,0,0,0,0,0,1,1,1,1,0
4430011,0,0,0,0,0,1,1,1,1,0
4430016,0,1,0,0,0,1,1,1,1,0
4430021,0,1,0,0,1,1,1,1,1,1
4430027,0,0,0,0,0,1,1,0,1,1
4430032,0,0,0,0,0,1,1,0,0,0
4430038,0,0,0,0,0,1,1,1,1,0
4430043,0,1,1,1,0,1,1,1,1,1
4430048,0,0,0,0,1,1,1,1,1,0
4430054,0,0,1,0,0,1,1,1,1,1
4430059,0,0,0,1,1,1,1,1,1,0
4430065,0,0,0,1,1,1,1,1,1,1
4430070,0,0,0,0,1,1,1,1,1,0
4430075,1,0,0,0,0,1,1,1,1,0
4430081,0,0,0,0,0,1,1,1,1,0
4440005,0,0,0,0,0,0,1,1,1,0
4440011,0,0,0,0,0,0,1,0,1,0
4440016,0,1,0,0,0,0,1,1,1,0
4440022,0,0,0,0,0,0,1,1,1,0
4440028,0,1,0,0,0,0,1,0,1,0
4440033,0,0,0,0,0,0,1,1,1,0
4440039,0,1,0,0,0,1,1,1,1,0
4440044,0,1,0,0,0,0,1,1,1,0
4440050,0,0,0,0,0,0,1,1,1,0
4440056,0,0,0,1,0,0,1,1,1,1
4440061,1,1,0,1,0,0,1,0,1,0
4440067,0,0,0,0,0,0,1,0,1,0
4440072,0,1,0,0,1,0,1,0,1,0
4440078,0,0,0,1,0,0,1,0,1,0
4440084,0,0,0,0,0,0,1,0,1,0
4450003,0,0,0,0,0,0,0,0,0,0
4450011,0,1,0,1,0,0,1,0,1,0
4450018,0,1,0,1,0,0,1,0,1,0
4450026,0,0,0,0,0,0,1,0,1,0
4450033,0,0,0,1,0,0,1,0,1,0
4450040,0,0,0,0,0,0,0,0,0,0
4450048,0,0,0,0,0,1,1,0,1,0
4450055,0,0,0,0,0,1,1,0,0,0
4450063,0,1,0,0,0,1,1,0,1,1
4450070,0,0,0,0,0,0,1,0,0,0
4450077,0,0,0,0,0,0,1,0,0,0
4450085,0,1,0,0,0,0,1,0,1,0
4450092,0,0,0,0,0,0,0,0,1,0
4450100,0,0,0,0,0,0,1,0,0,0
4450107,0,0,0,0,0,0,1,0,1,0
4460006,0,1,1,0,1,1,1,1,1,0
4460012,0,0,0,1,0,0,1,1,1,1
4460018,0,0,0,1,1,1,1,1,1,1
4460025,0,1,0,1,0,1,1,1,1,0
4460031,1,0,0,0,0,1,1,1,1,1
4460037,0,0,0,0,0,1,1,1,0,0
4460044,0,0,0,0,0,1,1,1,1,0
4460050,0,1,1,0,1,1,1,1,1,1
4460056,0,0,0,0,1,1,1,1,1,1
4460063,0,1,1,0,1,1,1,1,1,0
4460069,0,0,1,1,1,1,1,1,1,0
4460075,0,0,1,1,1,1,1,1,1,0
4460082,0,0,1,1,1,0,1,1,1,0
4460088,0,1,1,0,1,1,1,1,1,0
4460094,0,0,1,1,1,1,1,1,1,0
4470004,0,0,0,0,1,1,1,1,1,0
4470009,0,1,0,1,1,1,1,1,1,1
4470013,0,0,0,1,1,1,1,0,1,0
4470018,0,0,1,0,1,1,1,1,1,0
4470023,0,0,0,1,0,0,1,1,1,1
4470028,0,1,0,1,1,1,1,1,1,0
4470033,0,0,0,1,1,1,1,1,1,0
4470037,0,0,0,1,1,1,1,1,1,0
4470042,0,1,0,1,1,1,1,1,1,0
4470047,0,0,0,0,1,1,1,1,1,0
4470052,0,0,0,0,1,1,1,1,1,0
4470057,0,0,0,1,1,1,1,1,1,0
4470061,0,0,0,1,1,1,1,0,1,0
4470066,0,0,0,1,1,1,1,1,1,0
4470071,0,0,0,0,1,1,1,1,1,0
4480002,0,1,0,1,0,1,1,0,1,0
4480013,0,0,1,0,0,1,1,0,1,0
4480023,0,0,0,1,0,1,1,1,1,0
4480033,0,1,0,0,0,0,1,1,1,0
4480043,0,0,0,1,0,0,1,0,1,0
4480053,0,0,0,0,0,1,1,1,1,1
4480063,0,0,0,1,0,1,1,0,1,0
4480073,0,1,0,0,0,0,1,0,1,0
4480083,0,0,0,0,0,1,1,1,1,0
4480094,0,1,1,0,0,1,1,0,1,0
4480104,0,1,0,1,0,1,0,1,1,0
4480114,0,0,0,0,0,1,1,1,1,0
4480124,0,0,0,0,0,1,1,0,1,1
4480134,0,1,0,1,0,1,1,1,1,1
4480144,0,0,0,0,0,0,1,0,0,0
4490001,0,0,0,0,0,0,1,0,1,0
4490013,0,1,0,0,0,1,1,0,1,0
4490024,0,0,0,0,0,1,1,0,1,0
4490036,0,0,0,0,0,1,1,0,1,0
4490048,0,0,0,0,0,1,1,0,1,0
4490059,0,1,0,0,0,1,1,0,1,0
4490071,0,0,0,0,0,1,1,0,0,1
4490082,0,0,0,0,0,0,0,0,0,0
4490094,0,0,0,0,0,0,0,0,0,0
4490105,0,0,0,0,0,0,0,0,0,0
4490140,0,0,0,0,0,1,1,1,0,0
4490151,0,0,0,0,0,0,0,0,0,0
4500004,0,1,0,0,0,0,1,0,1,0
4500009,0,1,0,0,0,0,1,0,1,0
4500013,0,1,0,1,0,0,1,0,1,0
4500018,0,1,0,0,0,0,0,0,1,0
4500023,0,0,0,0,0,0,1,0,1,0
4500027,0,1,0,1,0,0,1,0,1,1
4500032,0,1,0,1,0,0,1,0,1,0
4500037,0,0,0,0,0,0,1,0,1,0
4500042,0,1,0,0,0,0,1,0,1,0
4500046,0,1,0,0,0,0,1,0,0,0
4500051,0,1,0,0,0,0,1,0,1,0
4500056,0,0,1,0,0,0,1,1,1,0
4500061,0,0,0,0,0,0,1,1,0,0
4500065,0,,0,0,0,0,1,0,0,0
4500070,0,0,0,0,0,0,1,0,1,0
4510019,0,0,0,0,0,0,1,0,1,0
4510037,0,0,0,0,0,0,1,1,1,0
4510056,0,1,0,0,0,0,1,1,1,0
4510075,0,0,0,0,0,0,0,0,1,0
4510093,0,0,1,1,0,1,1,1,1,1
4510112,0,1,0,0,0,0,1,0,1,0
4510131,0,1,1,0,0,0,1,0,1,0
4510149,0,1,1,0,0,0,1,0,1,0
4510168,0,1,0,0,0,1,1,0,1,0
4510187,0,0,0,0,0,1,1,0,1,0
4510205,0,1,0,1,0,1,1,0,1,0
4510224,0,1,0,0,0,1,1,0,0,0
4510243,0,1,0,0,0,1,1,0,1,0
4510261,0,0,0,1,0,0,1,0,1,1
4510280,0,0,1,0,0,1,1,1,1,0
4520004,0,1,0,0,0,0,0,0,1,0
4520013,0,0,0,0,0,0,1,0,1,0
4520021,0,1,0,0,0,0,1,0,1,0
4520030,0,1,0,0,0,0,1,0,1,0
4520039,0,0,0,0,0,0,0,0,1,0
4520047,0,0,0,0,0,0,1,0,1,0
4520056,0,0,0,0,0,0,1,0,1,0
4520064,0,0,0,0,0,0,1,0,1,0
4520073,0,0,0,0,0,0,1,1,0,0
4520081,0,0,0,1,0,0,1,0,1,0
4520090,0,0,0,0,0,0,0,0,0,0
4520098,0,1,0,0,0,0,1,0,1,0
4520107,0,0,0,0,0,0,1,0,1,0
4520115,0,0,0,0,0,0,1,0,1,0
4520124,0,0,0,0,0,0,0,0,1,0
4530008,0,1,0,0,0,1,1,1,1,0
4530027,1,1,1,1,0,0,1,1,1,0
4530036,0,0,0,0,0,0,0,1,1,0
4530046,0,1,0,0,0,1,1,0,1,0
4530055,0,0,0,1,0,0,1,1,1,0
4530065,0,0,0,0,0,1,1,1,1,0
4530074,0,1,0,0,0,1,1,0,1,0
4530083,0,1,0,1,0,1,1,1,1,0
4530093,0,1,1,0,0,1,0,0,1,0
4530102,0,0,1,1,0,1,1,0,1,1
4530112,0,0,0,0,0,1,1,1,1,0
4530121,0,0,0,0,0,1,1,1,1,0
4530130,0,1,0,1,0,1,1,1,1,0
4530140,0,0,0,0,0,0,1,0,1,1
4540008,0,0,0,0,0,0,0,0,0,0
4540018,0,0,0,0,0,0,1,0,0,0
4540028,0,0,0,0,0,0,1,0,1,0
4540037,0,0,0,0,0,0,0,0,0,0
4540047,0,0,0,0,0,0,1,0,0,0
4540057,0,0,0,0,0,0,1,0,1,0
4540066,0,0,0,0,0,0,1,0,1,0
4540076,0,0,0,0,0,0,1,0,1,0
4540086,0,1,0,0,0,0,1,0,1,0
4540095,0,0,0,1,0,0,1,0,1,0
4540105,0,0,0,0,0,0,0,0,0,0
4540115,0,0,0,0,0,0,1,0,0,0
4540124,0,1,0,0,0,0,1,0,1,0
4540134,0,0,0,0,0,0,0,0,0,0
4540144,0,0,0,0,0,0,0,0,0,0
4550001,0,0,0,0,0,0,1,0,1,0
4550007,0,0,0,0,0,0,1,0,0,0
4550012,0,0,1,1,0,0,1,0,1,0
4550017,0,0,0,0,0,0,1,0,1,0
4550023,0,0,0,0,0,0,0,0,1,0
4550028,0,0,0,0,0,0,1,0,0,0
4550033,0,0,0,0,0,0,1,0,1,0
4550039,0,1,0,0,0,0,1,0,1,0
4550044,0,0,0,1,0,0,1,0,1,0
4550049,0,0,0,0,0,0,1,0,1,0
4550055,0,0,0,0,0,0,1,0,0,0
4550060,0,0,0,0,0,0,1,0,0,0
4550065,0,0,0,0,0,0,1,0,1,0
4550076,0,1,0,0,0,0,1,0,1,0
4560003,0,0,0,1,0,0,1,0,1,0
4560022,0,1,0,0,0,0,1,1,1,0
4560041,0,0,0,0,0,0,1,1,1,0
4560078,0,0,0,1,0,0,1,1,1,0
4560097,0,0,0,1,0,0,1,1,1,0
4560115,0,0,0,0,0,0,1,0,1,0
4560134,0,0,0,1,0,0,1,1,1,0
4560153,0,0,0,1,1,0,1,0,1,0
4560171,0,0,0,0,0,0,0,0,1,0
4560227,0,1,1,0,0,0,1,1,1,0
4560246,0,0,0,0,0,0,0,0,1,0
4560265,0,0,0,1,0,0,1,1,1,0
4570008,0,0,0,0,0,0,1,1,1,0
4570022,0,1,0,1,0,0,0,0,1,0
4570036,0,0,0,0,0,0,1,1,1,0
4570050,0,0,0,0,0,0,0,0,1,0
4570063,0,0,0,0,0,0,1,1,1,0
4570077,0,0,0,0,0,0,1,1,0,0
4570091,0,0,0,0,0,0,1,0,1,0
4570105,0,0,0,0,1,0,1,0,1,0
4570119,0,0,0,0,0,0,1,1,0,0
4570133,0,0,0,0,0,0,1,0,1,0
4570146,0,0,0,1,0,0,1,1,1,0
4570160,0,0,0,0,0,0,1,0,1,0
4570174,0,,0,0,0,0,1,1,0,0
4570188,0,1,0,1,0,0,0,0,1,0
4570202,0,0,0,0,0,0,0,0,0,0
4580002,0,0,0,0,0,0,0,0,0,0
4580007,0,0,0,0,0,0,0,1,0,0
4580012,0,0,0,0,0,0,0,0,0,0
4580017,0,0,0,0,0,0,0,1,0,0
4580022,0,1,0,0,0,0,0,1,1,0
4580027,0,0,0,0,0,0,0,0,0,0
4580037,0,0,0,0,0,0,1,1,0,0
4580042,0,0,0,0,0,0,1,1,1,0
4580047,0,0,0,0,0,0,1,0,1,0
4580052,0,0,0,0,0,0,1,0,0,0
4580057,0,0,0,0,0,0,1,0,0,0
4580062,0,1,0,0,0,0,1,1,1,0
4580067,0,0,0,0,0,0,1,1,0,0
4580072,0,0,0,0,0,0,1,0,0,0
4590003,0,0,0,0,0,0,0,0,0,0
4590016,0,0,0,0,0,0,0,0,0,0
4590022,0,0,0,0,0,1,0,0,0,0
4590028,0,0,0,0,0,0,0,1,0,0
4590035,0,0,0,0,0,0,0,0,1,0
4590041,0,1,0,0,0,0,0,1,1,0
4590047,0,0,0,0,0,0,0,1,0,0
4590054,,,0,0,0,0,0,0,0,0
4590060,0,0,0,0,0,0,0,0,0,0
4590066,0,0,0,0,0,0,0,0,0,0
4590072,0,0,0,0,0,0,0,1,0,0
4590079,0,0,0,0,0,0,0,0,1,0
4590085,0,0,0,0,0,0,0,0,0,0
4590091,1,0,0,0,0,0,0,0,0,0
4600010,0,0,0,0,0,0,1,1,1,0
4600020,0,0,0,1,0,1,0,0,0,0
4600030,0,0,0,0,0,1,1,0,0,0
4600041,0,0,0,1,0,1,1,0,1,0
4600051,0,0,0,0,0,1,1,0,1,0
4600072,0,0,0,0,0,1,1,1,1,0
4600082,0,0,0,0,0,1,1,0,1,1
4600093,0,0,0,0,0,1,1,0,1,0
4600103,0,1,0,0,0,1,1,0,1,0
4600124,0,1,0,0,0,0,0,0,0,0
4600145,0,1,0,0,0,0,0,1,0,0
4600155,0,0,0,0,0,1,0,1,1,0
4610008,0,0,0,0,0,0,0,0,0,0
4610018,0,0,0,0,0,0,1,1,1,0
4610028,0,1,0,0,0,0,0,1,0,0
4610037,0,1,0,0,0,0,1,1,1,0
4610047,0,0,0,0,0,0,1,1,1,0
4610057,0,0,0,0,0,0,0,0,0,0
4610066,0,0,0,0,0,0,0,0,1,0
4610076,0,0,0,0,0,0,0,0,0,0
4610086,0,0,0,0,0,0,1,1,1,0
4610095,0,0,0,0,0,0,1,1,0,0
4610105,0,0,0,0,0,0,0,0,1,0
4610115,0,0,0,0,0,0,0,1,1,0
4610124,0,1,0,0,0,0,0,0,1,0
4610134,0,1,0,0,0,0,0,0,0,0
4620001,0,0,0,1,0,1,1,0,1,0
4620007,0,1,0,0,0,1,1,0,1,0
4620012,0,0,1,0,0,1,1,0,1,0
4620017,0,0,0,0,0,1,1,0,1,0
4620022,0,1,0,1,0,1,1,1,1,0
4620028,0,0,0,0,0,1,1,1,1,1
4620033,0,1,0,1,0,1,1,1,1,0
4620038,0,0,1,0,0,1,1,0,1,0
4620044,0,0,0,0,0,1,1,0,1,1
4620049,0,0,1,0,0,1,1,0,1,0
4620054,0,1,0,1,0,1,1,0,1,0
4620059,0,0,1,0,0,1,1,1,1,0
4620065,0,0,0,0,0,1,1,1,0,0
4620070,0,0,0,1,1,1,1,1,1,0
4620075,0,0,0,1,0,1,1,1,1,0
4630008,0,0,0,1,0,0,1,0,1,0
4630018,0,0,0,1,0,0,1,1,1,0
4630029,0,0,0,1,0,1,1,0,1,0
4630039,0,0,0,0,0,1,1,1,0,0
4630050,0,0,0,0,0,0,0,1,1,0
4630060,0,0,1,0,0,0,1,0,1,0
4630071,0,0,0,0,0,0,1,0,1,0
4630081,0,0,0,1,0,0,1,0,1,1
4630092,1,1,1,0,0,0,1,0,1,0
4630102,0,1,0,0,0,1,1,1,1,0
4630113,0,1,0,0,0,1,1,1,1,0
4630124,1,1,0,0,0,1,1,0,1,0
4630134,1,1,1,0,0,0,1,0,1,0
4630145,0,0,0,1,0,0,1,1,1,0
4630155,0,1,0,0,0,1,1,1,1,0
4640005,0,0,0,0,0,1,1,1,1,0
4640012,0,0,0,0,0,0,1,1,1,0
4640019,0,0,0,0,0,0,1,0,1,0
4640026,0,1,0,0,0,1,1,0,0,0
4640033,0,1,1,1,0,0,1,0,1,0
4640040,0,1,0,0,0,0,1,0,1,0
4640047,1,1,0,1,0,0,1,0,1,1
4640054,0,0,0,0,0,0,1,1,1,0
4640061,0,0,0,0,0,1,1,0,1,0
4640068,0,0,0,0,0,0,1,0,1,0
4640075,1,1,0,0,0,0,1,0,1,0
4640082,0,0,1,0,0,0,1,0,1,0
4640089,0,1,0,0,0,1,1,0,1,0
4640096,0,0,0,0,0,0,1,1,1,0
4640103,0,0,0,1,0,0,0,0,1,0
4650001,0,0,0,1,0,0,0,1,1,0
4650007,0,0,1,1,0,1,1,1,1,0
4650013,0,1,0,1,1,1,1,1,1,1
4650018,0,1,0,1,0,0,1,1,1,0
4650024,0,1,1,0,0,0,1,0,1,0
4650029,0,0,1,1,0,0,1,1,1,0
4650035,0,1,1,1,0,0,1,1,1,0
4650041,0,1,1,0,0,0,1,0,1,0
4650046,0,0,0,0,0,0,1,0,1,0
4650052,0,0,1,0,0,0,1,0,1,0
4650057,0,1,0,0,0,0,0,0,1,0
4650063,0,0,0,0,0,0,1,0,1,0
4650074,0,0,0,1,0,0,1,1,1,0
4650080,0,1,1,0,0,0,1,0,1,0
4660005,0,0,0,0,0,0,1,1,1,0
4660016,0,0,1,0,1,0,1,0,1,0
4660026,0,1,0,1,0,1,1,0,1,0
4660036,0,,0,0,0,0,1,0,1,0
4660046,0,1,1,1,0,0,1,0,1,0
4660056,0,1,0,1,1,1,1,0,1,0
4660067,0,0,0,0,0,1,1,0,1,1
4660077,0,1,0,0,0,1,1,0,1,0
4660097,0,1,0,0,0,0,1,0,1,0
4660107,0,0,0,0,1,1,0,0,1,0
4660118,1,1,0,1,0,0,1,1,1,0
4660128,0,0,0,0,1,0,1,0,1,0
4660138,0,0,1,1,1,0,1,0,1,0
4660148,0,0,0,0,0,0,1,0,1,0
4670009,0,1,0,0,0,1,1,0,1,0
4670025,1,1,0,1,0,0,1,0,1,0
4670033,0,0,0,1,0,0,1,0,1,1
4670042,0,0,0,0,0,0,1,0,1,0
4670050,0,0,0,0,0,1,1,1,1,0
4670058,0,1,0,0,0,0,1,1,1,0
4670066,0,1,0,0,0,1,1,0,1,0
4670075,0,0,1,1,0,1,1,1,1,0
4670083,0,0,0,0,0,0,1,0,1,0
4670091,0,0,1,1,0,0,1,0,1,0
4670099,0,1,0,0,0,1,1,0,1,0
4670108,0,0,0,1,0,1,1,0,1,0
4670116,0,1,0,1,0,0,1,1,1,0
4670124,0,0,1,1,0,0,1,0,1,0
4680002,0,0,0,0,0,1,1,1,1,0
4680008,0,1,0,0,0,0,1,1,1,0
4680014,0,1,0,0,1,0,1,0,1,0
4680020,0,1,0,1,0,0,1,1,1,1
4680025,0,1,0,0,0,1,1,0,1,0
4680031,1,1,0,0,1,1,1,1,1,0
4680037,0,0,0,1,0,1,1,0,1,0
4680043,0,1,0,1,0,0,1,1,1,0
4680048,0,0,0,0,0,0,1,1,1,0
4680054,0,0,1,0,0,0,1,1,1,0
4680065,0,0,0,1,0,0,1,1,1,0
4680071,0,0,1,1,0,0,1,0,1,1
4680077,0,1,1,1,0,0,1,1,1,1
4680083,0,1,0,0,0,1,1,0,1,1
4690002,0,1,1,0,0,0,1,0,1,0
4690007,0,0,0,0,0,0,1,0,1,0
4690012,0,0,0,0,0,0,1,0,1,0
4690017,0,1,0,0,0,0,1,0,1,0
4690022,0,1,0,1,0,1,1,0,0,0
4690027,0,0,0,0,0,0,1,0,1,0
4690032,0,0,1,0,0,0,1,1,1,0
4690037,0,1,1,0,0,0,1,0,1,0
4690042,0,0,0,0,0,0,1,1,1,0
4690047,0,1,0,0,0,0,1,1,0,0
4690052,0,0,0,0,0,0,1,0,0,0
4690057,0,0,0,0,1,0,1,1,1,0
4690062,0,1,1,0,0,0,1,0,1,0
4690067,0,0,0,1,0,0,1,0,1,0
4690071,0,0,1,1,0,0,1,1,1,0
4700004,0,1,1,1,1,1,1,1,1,0
4700009,0,0,1,1,1,1,1,1,1,1
4700015,0,0,0,1,1,1,1,1,0,0
4700020,0,0,0,1,1,1,0,1,1,0
4700025,0,,0,1,1,0,1,1,1,1
4700041,0,1,1,0,1,0,1,1,1,0
4700046,0,0,1,0,1,0,1,0,1,0
4700051,0,0,0,1,1,0,1,0,1,0
4700057,0,0,0,1,1,0,1,1,1,1
4700062,0,0,0,1,1,0,1,1,0,0
4700067,0,1,0,1,1,1,1,1,1,0
4700073,0,0,1,1,1,1,1,1,1,0
4710004,0,1,1,1,1,1,1,1,1,0
4710010,0,1,1,1,1,1,1,1,1,0
4710016,0,0,1,1,1,1,1,1,1,0
4710022,0,0,1,1,1,1,1,1,1,0
4710027,0,1,1,1,1,1,1,1,1,0
4710033,0,1,1,1,1,1,1,1,1,1
4710039,0,,0,0,1,1,1,1,1,0
4710045,0,1,1,1,1,1,1,1,1,0
4710051,0,1,1,1,1,1,1,1,1,0
4710056,1,1,0,1,1,1,1,1,1,1
4710074,0,0,0,1,1,1,1,1,1,0
4710086,0,0,1,1,1,1,1,1,1,0
4720001,0,0,1,1,1,1,1,1,1,0
4720007,0,0,0,0,1,1,1,1,1,0
4720014,0,0,1,1,1,1,1,1,1,0
4720020,0,0,0,1,1,1,1,1,1,1
4720026,0,0,1,1,1,1,1,1,1,0
4720032,0,0,1,1,1,1,1,1,1,0
4720038,0,0,1,1,1,1,1,1,1,0
4720044,0,1,1,1,1,1,1,1,1,0
4720050,0,1,0,1,1,1,1,0,1,0
4720056,0,0,0,0,1,1,1,0,1,0
4720062,0,0,0,1,1,1,1,0,1,1
4720068,0,1,0,0,1,0,1,0,1,0
4720074,0,0,0,0,1,1,1,0,1,0
4720080,0,0,0,0,1,1,1,0,1,0
4720086,0,0,0,0,1,1,1,0,1,0
4730001,0,0,0,0,0,0,1,0,1,0
4730011,0,0,0,1,0,0,1,0,1,0
4730021,0,0,0,0,0,1,1,0,0,0
4730031,0,1,0,0,0,0,1,0,1,0
4730041,0,0,0,0,0,0,1,0,0,0
4730051,0,0,0,0,0,0,1,0,1,0
4730061,0,0,0,0,0,0,1,0,0,0
4730070,0,0,0,1,0,1,1,0,0,0
4730080,0,1,0,0,0,0,1,0,1,0
4730090,0,1,0,1,0,1,1,0,1,0
4730100,0,0,0,1,0,1,1,0,1,1
4730110,0,0,0,1,0,0,1,0,1,0
4730120,0,1,0,0,1,0,1,0,0,0
4730130,0,1,0,0,0,1,1,0,1,0
4730140,0,0,0,0,0,0,0,0,1,0
4740013,0,0,0,0,1,1,1,0,1,0
4740026,0,0,0,1,0,0,1,0,0,0
4740039,0,0,0,0,0,1,1,0,0,0
4740052,0,0,0,1,0,0,1,0,1,1
4740065,0,0,0,1,0,0,1,0,1,0
4740078,0,0,0,0,0,0,1,0,1,0
4740091,0,0,1,1,1,0,1,0,1,1
4740104,0,0,1,0,0,0,1,0,1,0
4740117,0,0,1,0,0,1,1,0,1,1
4740130,0,1,0,0,0,0,1,0,1,0
4740143,0,0,0,0,0,0,1,0,1,0
4740169,0,0,0,1,0,0,1,0,1,0
4740182,0,0,0,0,0,1,1,0,1,0
4740195,0,1,1,0,0,1,1,0,1,0
4750002,0,0,0,0,1,1,1,0,1,1
4750008,0,0,1,1,0,1,1,0,1,0
4750013,0,1,0,0,0,1,0,0,1,1
4750018,0,0,1,1,0,1,0,0,1,0
4750024,0,1,0,1,0,1,0,0,1,0
4750029,0,1,1,0,1,1,1,0,1,0
4750034,0,0,0,1,1,1,1,0,1,1
4750040,0,0,1,1,1,1,1,0,1,1
4750045,0,0,1,0,1,1,1,0,1,0
4750050,0,1,1,1,1,0,1,1,1,0
4750056,0,0,1,1,1,1,1,0,1,0
4750061,0,0,1,1,1,1,1,0,1,1
4750066,0,0,1,0,1,1,1,0,1,0
4750072,0,0,1,0,1,0,1,0,1,0
4760003,0,0,0,0,0,0,1,0,1,0
4760010,0,0,0,0,1,0,1,0,1,0
4760016,0,1,0,0,0,0,1,0,1,0
4760023,0,0,0,1,0,0,1,0,0,1
4760029,0,0,0,0,0,0,1,0,1,0
4760036,0,1,0,0,1,1,1,0,1,1
4760042,0,0,0,0,0,0,1,0,1,0
4760049,0,0,0,1,0,0,1,0,0,0
4760055,0,0,0,0,0,0,0,0,1,0
4760062,0,1,0,0,0,0,1,0,1,0
4760068,0,0,0,0,0,0,1,0,1,0
4760075,0,0,0,0,0,0,0,0,0,0
4760081,0,0,0,1,1,0,1,0,0,0
4760087,0,0,0,1,0,0,1,0,1,0
4760094,0,0,0,1,0,0,1,0,1,0
4770006,1,0,0,0,0,0,1,0,1,0
4770014,0,0,0,0,0,0,1,0,1,0
4770022,1,0,0,0,0,0,1,0,1,0
4770030,0,0,0,0,0,0,1,0,0,0
4770037,0,0,0,0,0,0,0,0,1,0
4770045,0,0,0,1,0,0,1,0,1,0
4770053,0,0,0,1,0,0,1,0,1,0
4770061,0,0,0,1,0,0,1,0,1,0
4770069,0,0,0,1,0,0,1,0,1,0
4770077,0,0,0,0,0,0,1,0,1,0
4770084,0,1,0,1,0,1,1,0,1,0
4770092,0,0,0,0,0,0,1,0,1,0
4770100,0,0,0,0,0,0,1,0,1,0
4770108,0,0,0,0,0,0,1,0,1,1
4770116,0,0,0,0,0,0,0,0,1,0
4780011,0,1,0,0,0,0,1,0,1,0
4780026,0,1,0,0,0,0,1,0,1,0
4780041,0,0,0,0,0,0,1,0,0,0
4780056,0,1,0,0,0,0,0,0,1,0
4780071,0,0,0,0,0,0,1,0,0,0
4780086,0,0,0,0,0,0,0,0,0,0
4780101,0,0,0,0,0,0,1,0,1,0
4780116,0,1,0,0,0,0,0,0,0,0
4780131,0,0,0,0,0,0,0,0,0,0
4780146,0,1,0,0,0,0,0,0,1,0
4780161,0,1,0,0,0,0,1,0,1,0
4780176,0,0,0,0,0,0,1,0,1,0
4780191,0,0,0,0,0,0,1,0,1,0
4780206,0,0,0,0,0,0,1,0,1,0
4780221,0,0,0,0,0,0,1,0,1,0
4790001,0,0,0,1,1,1,1,1,1,0
4790007,0,0,0,0,0,1,1,0,1,0
4790012,0,0,0,0,0,0,0,0,0,0
4790018,0,0,0,0,0,0,1,0,1,0
4790023,0,1,0,0,0,0,0,0,1,0
4790028,0,1,0,1,0,0,1,0,1,1
4790034,0,0,0,1,1,1,1,1,1,1
4790039,0,1,0,0,0,0,1,0,1,0
4790045,0,0,0,1,0,0,0,0,1,0
4790050,1,0,0,0,0,1,1,0,1,0
4790055,0,0,1,0,0,0,1,0,1,0
4790061,0,0,1,0,1,1,1,1,1,0
4790066,0,0,0,1,1,1,1,0,1,0
4790072,0,0,0,0,1,1,1,0,1,0
4790077,0,0,0,1,0,0,1,0,1,0
4800004,0,0,0,0,1,1,0,0,1,0
4800016,0,0,0,0,1,1,0,1,1,0
4800021,0,0,0,0,1,0,0,0,1,0
4800027,0,0,0,0,1,0,0,1,1,0
4800033,0,0,0,1,1,0,0,1,1,0
4800039,1,0,0,1,1,0,1,1,1,0
4800044,0,0,0,1,1,0,1,1,1,1
4800050,0,0,1,0,1,0,0,1,1,0
4800056,0,0,0,0,1,0,0,1,1,0
4800073,1,1,1,1,1,0,1,0,1,0
4800079,0,0,0,1,1,0,0,1,1,0
4800085,0,1,0,1,1,0,1,1,1,1
4810010,0,0,0,0,0,0,1,0,1,0
4810026,0,0,0,0,0,0,0,0,0,0
4810043,0,0,0,0,0,0,1,1,1,0
4810060,0,0,0,0,0,0,1,1,1,0
4810076,0,1,0,0,0,0,1,1,1,0
4810093,0,0,0,0,0,0,1,0,0,0
4810110,0,0,0,0,0,0,1,0,0,0
4810126,0,1,0,0,0,0,0,0,1,0
4810143,0,0,0,0,0,0,1,0,1,0
4810160,0,0,0,0,0,0,1,0,1,0
4810193,0,0,0,1,1,0,1,1,1,0
4810210,0,0,0,0,0,0,0,1,1,0
4810226,0,0,0,0,0,0,0,0,1,0
4810243,0,0,0,0,0,0,0,1,0,0
4820003,0,0,0,1,1,0,1,1,1,0
4820010,0,0,1,1,1,0,0,1,1,0
4820017,1,1,1,0,1,1,1,1,1,0
4820024,0,0,0,1,1,0,1,1,1,0
4820031,0,0,1,1,1,0,1,1,1,1
4820038,0,1,0,1,1,0,1,1,1,0
4820045,0,0,0,1,1,0,1,1,1,0
4820052,0,1,1,0,1,0,0,1,1,0
4820059,0,0,1,1,1,0,0,1,1,0
4820066,0,0,0,0,1,0,1,1,1,0
4820073,0,0,0,0,1,0,1,0,1,0
4820080,0,0,0,1,1,0,0,0,1,0
4820087,0,1,0,1,1,1,0,0,1,0
4820094,0,1,1,1,1,1,1,0,1,0
4820101,0,0,0,1,1,1,0,0,0,0
4830003,0,1,0,0,0,1,1,0,1,1
4830010,0,0,0,0,1,0,1,0,1,1
4830016,0,0,0,0,1,0,1,0,1,1
4830022,0,,0,0,0,0,0,0,1,0
4830028,0,0,0,1,1,1,1,0,1,1
4830034,0,0,0,0,1,0,1,1,1,0
4830041,0,0,0,0,0,0,0,1,1,0
4830047,0,1,0,0,1,0,1,1,1,1
4830053,0,1,0,0,0,0,1,1,1,1
4830059,0,0,0,0,0,0,1,1,1,0
4830065,0,0,0,0,0,1,1,0,1,0
4830072,0,0,0,0,0,0,0,0,1,0
4830078,0,1,0,0,0,0,1,0,1,0
4830084,0,0,0,1,0,0,1,0,1,0
4830090,0,0,0,0,0,0,1,1,1,0
4840006,0,0,0,1,0,0,0,1,1,0
4840012,0,0,0,0,0,0,1,1,1,0
4840019,0,0,0,0,0,0,1,0,1,0
4840026,0,0,0,0,0,0,0,0,1,0
4840032,0,0,0,0,0,1,1,1,1,1
4840039,0,0,1,1,0,0,0,0,1,0
4840046,0,1,0,0,0,0,0,0,1,0
4840052,0,1,0,0,0,0,1,1,1,0
4840059,0,0,0,0,0,0,1,1,1,0
4840066,0,0,0,0,0,0,0,0,1,0
4840072,0,0,0,1,0,1,1,0,1,0
4840079,0,0,0,0,0,0,1,0,1,0
4840086,0,1,1,1,0,0,0,0,1,0
4840092,0,0,0,0,0,0,0,0,1,0
4840099,1,0,0,0,0,0,1,0,1,0
4850002,0,0,0,0,0,0,0,0,1,0
4850008,0,0,0,0,0,0,1,0,0,0
4850013,0,1,0,1,0,0,1,0,1,0
4850019,0,0,0,1,1,0,1,0,1,1
4850025,0,0,0,0,0,0,1,0,1,0
4850030,0,0,0,1,1,0,1,1,1,1
4850036,0,0,0,0,0,0,1,1,1,0
4850047,0,0,0,1,0,0,1,0,1,0
4850052,0,0,0,0,0,0,1,0,1,0
4850058,0,0,0,0,0,0,1,1,1,0
4850063,0,0,0,1,1,0,1,1,1,1
4850069,0,1,1,1,0,0,1,0,1,0
4850074,0,0,1,0,1,0,0,1,1,0
4850080,0,0,0,0,0,1,0,0,1,0
4860002,0,0,0,0,1,1,1,0,1,0
4860009,1,1,1,1,1,1,1,0,1,1
4860015,0,1,0,0,1,1,0,1,1,0
4860022,0,1,1,1,1,0,1,1,1,1
4860029,0,1,0,0,1,0,1,1,1,0
4860035,0,0,1,1,1,1,1,1,1,1
4860042,0,0,0,1,1,1,1,1,1,0
4860048,0,0,0,1,1,0,1,1,1,0
4860055,0,0,1,1,1,1,1,1,1,1
4860061,0,0,1,1,1,0,1,1,1,1
4860068,0,0,0,1,1,0,1,1,1,1
4860074,0,1,0,0,1,0,1,1,1,0
4860081,0,0,1,1,1,1,1,1,1,1
4860087,0,0,1,1,1,1,1,1,1,1
4860094,0,0,0,1,1,1,1,1,1,1
4870007,0,1,1,0,0,1,1,1,1,0
4870018,0,0,0,1,0,0,1,0,1,0
4870038,0,0,0,0,0,0,1,1,0,0
4870048,0,0,0,1,0,0,1,1,1,0
4870058,0,0,0,1,0,0,1,1,1,0
4870068,0,0,0,0,0,0,1,1,1,1
4870078,0,1,0,0,0,0,1,1,1,0
4870089,0,0,0,0,0,0,1,1,1,0
4870099,0,1,0,0,0,0,1,1,1,0
4870109,0,1,0,0,0,0,1,0,1,0
4870119,0,0,0,0,0,0,1,0,1,0
4870129,0,1,0,0,0,0,1,0,1,0
4870149,0,1,1,1,0,0,1,0,1,1
4880007,0,1,1,0,0,0,1,1,1,0
4880018,0,0,0,1,0,0,1,1,1,1
4880029,0,0,0,1,0,0,1,1,1,1
4880040,0,1,1,1,0,0,1,1,1,0
4880051,0,0,0,1,1,0,1,1,1,1
4880062,0,1,0,0,0,1,1,1,1,0
4880072,0,1,1,1,0,0,1,1,1,0
4880094,0,0,0,1,0,0,1,0,1,0
4880105,0,0,0,0,0,0,0,0,1,0
4880116,0,0,1,0,0,1,1,1,1,0
4880127,0,0,1,0,0,1,1,1,1,0
4880138,0,0,1,0,0,1,1,1,1,0
4880149,0,0,0,1,0,0,1,1,1,0
4880160,0,0,0,0,1,0,1,1,1,0
4890003,0,0,0,1,0,0,1,1,1,0
4890010,0,0,0,1,1,0,1,1,1,0
4890017,0,0,0,0,0,0,1,1,1,0
4890024,0,0,0,1,0,0,1,1,1,0
4890031,1,0,0,1,0,0,1,1,1,0
4890038,0,1,0,1,0,1,1,1,1,0
4890045,0,0,0,0,0,0,1,0,1,0
4890052,0,0,0,0,0,1,0,1,1,0
4890059,0,0,0,1,0,0,1,1,1,0
4890066,0,0,0,1,0,0,1,1,1,0
4890073,0,0,0,1,0,0,1,0,1,0
4890080,0,0,0,0,0,0,1,0,1,0
4890087,0,0,0,0,0,0,1,0,1,0
4890094,0,1,0,0,0,1,0,0,1,0
4890101,0,0,0,0,0,1,1,0,1,0
4900013,0,0,0,0,0,0,1,0,0,0
4900025,0,0,1,0,0,1,1,0,1,0
4900038,0,0,0,0,0,0,1,0,0,0
4900063,0,0,0,0,0,0,0,0,1,0
4900076,0,0,0,1,0,1,1,1,1,0
4900089,0,0,0,0,0,0,1,1,1,0
4900101,0,0,0,0,0,0,0,1,1,0
4900114,0,0,0,0,1,0,1,1,1,0
4900127,0,0,0,1,0,0,1,1,1,0
4900139,0,0,0,0,0,0,1,1,0,0
4900152,0,0,0,0,0,1,1,1,1,0
4900177,0,0,0,0,0,0,1,1,1,0
4900190,0,0,0,0,0,0,0,1,0,0
4910016,0,0,0,0,0,0,1,1,1,0
4910024,0,0,0,0,0,1,0,1,1,0
4910032,0,1,0,1,0,1,1,1,1,0
4910040,0,0,0,0,0,0,1,1,1,0
4910049,0,0,0,0,0,0,1,0,1,0
4910057,0,0,0,0,0,0,1,0,1,0
4910065,0,1,0,0,0,0,1,0,1,0
4910073,0,0,0,0,0,0,1,0,1,0
4910081,0,0,0,0,0,0,0,0,1,0
4910089,0,0,0,0,0,0,1,1,0,1
4910098,0,0,0,0,0,0,1,1,1,0
4910106,0,1,0,0,0,0,1,1,1,0
4910114,0,0,0,0,0,0,0,1,1,0
4920002,0,0,0,0,0,1,1,1,1,0
4920010,0,0,0,0,0,1,1,1,1,0
4920017,0,0,0,0,0,1,1,1,1,0
4920025,0,0,1,0,0,1,1,1,1,0
4920032,0,0,0,0,0,1,1,1,1,1
4920039,0,0,1,1,0,1,1,0,1,1
4920047,0,0,0,1,0,1,1,0,1,1
4920062,0,1,0,0,0,1,1,0,1,1
4920069,0,0,0,1,1,0,1,0,1,1
4920076,0,1,0,0,0,1,1,1,1,0
4920084,0,1,0,0,0,0,1,1,1,0
4920091,0,1,0,0,0,0,1,1,1,0
4920106,0,0,0,0,0,1,1,1,1,0
4930001,0,0,0,1,0,0,1,0,1,0
4930007,0,0,0,0,0,1,1,0,1,0
4930012,0,0,0,0,0,1,1,0,1,0
4930017,0,1,0,0,0,1,1,1,1,0
4930023,0,0,0,0,0,0,1,0,1,0
4930028,0,0,0,0,0,0,1,1,1,0
4930033,0,0,0,0,0,0,1,1,1,1
4930039,0,0,0,0,0,0,1,1,0,0
4930044,0,0,0,0,0,0,1,1,1,0
4930049,0,0,0,0,0,1,1,1,1,0
4930055,0,0,0,0,0,1,1,1,1,0
4930060,0,0,0,1,1,1,1,1,1,1
4930065,0,0,0,1,1,1,1,1,1,0
4930071,0,0,0,0,0,0,1,1,1,0
4930076,0,0,0,0,1,0,1,1,1,0
4940028,0,0,0,0,0,1,1,0,1,0
4940045,0,0,0,1,0,1,1,0,0,1
4940061,0,0,0,0,0,0,1,1,1,0
4940078,0,0,0,0,0,0,1,0,1,0
4940094,0,0,0,1,0,0,1,0,1,0
4940127,0,0,0,0,0,0,1,0,1,0
4940144,0,0,0,0,0,0,1,0,1,0
4940160,0,0,0,1,0,0,1,1,0,1
4940177,0,0,0,0,0,0,1,1,0,0
4940194,0,0,0,0,0,0,1,0,1,0
4940227,0,0,0,0,0,0,1,0,0,0
4940243,0,0,0,0,0,0,1,0,1,0
4950005,0,1,0,0,0,0,1,0,1,0
4950011,0,1,0,0,0,0,1,0,0,0
4950017,0,0,0,0,0,0,1,0,1,0
4950023,0,1,0,0,0,0,1,0,1,0
4950030,0,0,0,0,0,1,1,0,1,0
4950036,0,0,0,0,0,0,1,0,1,1
4950042,0,0,0,1,0,0,1,0,1,0
4950048,0,1,0,1,0,0,1,0,1,0
4950055,0,0,0,0,0,0,1,0,1,0
4950061,0,0,0,0,0,0,1,0,1,0
4950067,0,0,0,0,0,0,1,0,0,0
4950073,0,1,0,0,0,0,1,0,1,0
4950080,0,0,0,0,0,0,1,0,1,0
4950086,0,0,0,0,0,0,1,0,1,0
4950092,0,1,0,1,0,0,1,0,1,0
4960001,0,1,1,1,1,1,1,1,1,0
4960008,0,1,1,1,1,1,0,1,1,0
4960015,0,0,1,1,1,1,1,1,1,0
4960022,0,0,1,1,1,1,1,1,1,0
4960029,0,1,1,1,1,1,1,1,1,1
4960036,0,1,1,1,1,1,1,1,1,0
4960043,0,1,1,1,1,1,1,1,1,1
4960050,0,,1,1,1,1,1,1,1,0
4960057,0,1,0,1,1,1,1,1,1,0
4960064,0,0,1,1,1,1,1,1,1,0
4960071,0,0,1,1,1,1,1,1,1,1
4960078,0,1,1,1,1,1,1,1,1,0
4960085,0,1,1,1,1,1,1,1,1,0
4960092,0,1,1,1,0,1,1,1,1,0
4960099,0,1,0,1,1,1,1,1,1,0
4970007,0,0,1,0,1,1,1,0,1,0
4970013,0,0,0,1,0,1,1,0,1,0
4970020,0,1,1,1,0,1,1,0,1,0
4970027,0,1,0,0,0,1,1,1,1,0
4970033,0,0,0,1,0,1,1,0,1,0
4970047,0,0,1,1,0,1,1,0,1,0
4970053,0,0,1,1,0,1,1,0,1,0
4970060,0,0,0,1,0,1,1,0,1,0
4970067,0,0,0,1,0,1,1,0,1,1
4970073,0,0,1,1,0,1,1,0,1,0
4970080,0,0,0,0,0,1,1,0,1,0
4970087,0,0,0,0,0,1,1,0,1,0
4970093,0,0,0,1,0,1,1,0,1,0
4970100,0,0,1,1,0,1,1,0,1,0
4980007,0,0,0,0,0,0,1,0,0,0
4980013,0,1,0,0,0,0,1,0,1,0
4980019,0,0,0,0,0,1,1,0,1,0
4980026,0,0,1,1,0,1,1,0,1,1
4980032,0,1,0,0,0,1,1,0,1,0
4980038,0,0,0,1,0,1,1,0,1,0
4980045,0,0,0,1,0,1,1,0,1,1
4980051,0,0,0,1,0,1,1,0,1,1
4980057,0,1,0,1,1,1,1,0,1,0
4980064,0,0,0,1,1,1,1,1,1,1
4980070,0,0,1,1,1,1,1,1,1,0
4980076,0,1,1,1,1,1,1,1,1,0
4980083,0,0,1,1,1,1,1,1,1,0
4980089,0,1,1,1,1,1,1,1,1,0
4980095,0,0,0,1,1,1,1,1,1,0
4990004,1,0,0,1,0,0,1,0,1,0
4990014,1,0,0,0,0,0,1,1,1,0
4990025,0,0,0,1,1,0,1,1,1,1
4990035,0,0,0,0,0,0,1,0,1,0
4990045,0,0,0,1,0,0,1,1,1,0
4990055,0,1,0,1,0,0,1,1,1,1
4990065,0,1,1,1,0,0,1,1,1,0
4990075,0,0,0,1,1,0,1,1,1,0
4990085,0,1,1,0,0,0,1,1,1,0
4990095,0,1,1,1,0,0,1,0,1,0
4990105,0,0,1,1,0,0,1,0,1,0
4990115,0,0,1,1,0,0,1,1,1,0
4990125,0,0,0,1,0,1,1,1,1,0
4990135,0,0,1,0,0,0,1,1,1,0
4990145,0,0,0,1,0,1,1,1,1,0
5000002,0,0,0,0,0,1,1,1,1,0
5000007,0,0,1,1,0,1,1,1,1,0
5000012,0,1,1,1,0,1,1,0,1,0
5000017,0,0,0,1,0,1,1,0,1,0
5000022,0,0,0,1,0,1,1,1,0,0
5000032,0,0,0,1,1,1,1,0,1,0
5000036,0,0,1,1,0,1,1,1,1,0
5000041,0,0,0,1,0,1,1,0,1,1
5000046,0,1,0,1,0,1,1,1,1,0
5000051,0,1,1,1,0,1,1,1,1,0
5000056,0,0,0,0,0,1,1,1,1,0
5000061,0,0,0,0,0,0,1,0,1,0
5000066,0,0,0,0,1,1,1,0,1,0
5000071,0,0,0,0,0,0,0,1,1,0
5010004,0,1,0,1,1,1,1,1,1,1
5010009,0,0,1,0,1,1,1,1,1,0
5010014,0,0,1,1,1,1,1,1,1,0
5010019,1,0,1,0,1,1,1,1,1,0
5010024,1,1,0,1,1,1,1,1,1,1
5010029,0,0,0,0,1,1,1,1,1,0
5010033,0,0,0,1,1,1,1,1,1,0
5010038,0,1,1,1,1,1,1,1,1,0
5010043,0,1,1,1,1,1,1,1,1,0
5010048,1,0,0,1,1,1,1,1,1,0
5010058,0,0,1,1,1,1,1,1,1,1
5010063,1,1,1,1,1,1,1,1,1,0
5010068,0,1,0,1,1,1,1,1,0,1
5010073,0,0,0,1,1,1,1,1,1,1
5020001,0,0,1,1,1,1,1,1,1,0
5020006,0,1,1,1,1,1,1,1,1,0
5020011,0,0,0,1,1,1,1,1,1,1
5020016,0,1,0,0,1,1,1,1,1,1
5020021,0,0,0,0,1,1,1,0,1,0
5020026,0,0,1,0,1,1,1,1,1,1
5020036,0,1,1,0,1,1,1,1,1,0
5020041,0,1,0,1,1,1,1,1,1,0
5020051,0,1,1,1,1,1,1,1,1,0
5020056,0,0,0,1,1,1,1,1,1,0
5020061,0,0,1,0,1,1,1,1,1,1
5020066,0,1,1,1,1,1,0,1,1,1
5030002,0,0,0,0,0,0,0,0,0,0
5030017,0,0,0,0,0,0,0,0,1,0
5030033,0,0,0,0,0,0,1,0,1,0
5030048,0,0,0,0,0,0,1,0,0,0
5030063,0,0,0,0,0,0,1,0,0,0
5030078,0,0,0,0,0,0,0,0,1,0
5030093,0,0,0,0,0,0,0,0,1,0
5030108,0,0,0,0,0,0,1,1,1,0
5030123,0,0,0,1,0,0,1,0,1,0
5030138,0,0,0,0,0,0,1,0,1,0
5030153,0,0,0,1,1,0,1,0,1,0
5030168,0,0,0,0,0,0,1,0,1,0
5030183,0,0,0,0,0,0,1,0,1,0
5030198,0,0,0,0,0,1,1,0,1,0
5030213,0,1,0,1,1,0,1,0,1,1
5040010,0,0,1,0,0,0,1,1,1,0
5040045,0,0,0,1,0,0,1,0,1,1
5040062,0,0,0,0,0,0,1,1,1,0
5040079,0,0,0,0,0,0,1,0,0,0
5040097,0,1,0,1,1,1,1,1,1,0
5040114,0,0,0,0,0,0,1,0,1,1
5040131,0,0,0,0,0,0,1,1,1,0
5040149,1,0,0,1,0,0,1,1,1,0
5040166,0,0,0,0,0,0,1,1,1,0
5040183,0,0,0,0,1,0,1,0,1,0
5040201,0,0,0,1,1,0,1,0,1,1
5040218,0,0,0,0,0,1,1,1,1,0
5040235,0,0,0,1,0,0,1,1,1,0
5040253,0,0,0,0,0,0,1,0,1,0
5050007,0,0,0,0,0,0,1,0,1,0
5050015,0,0,0,0,0,0,1,1,1,0
5050023,0,0,0,0,0,0,1,1,1,0
5050030,0,0,0,0,0,0,1,0,1,1
5050038,0,0,0,0,0,0,1,0,1,0
5050046,1,0,0,0,0,0,1,1,0,0
5050053,0,,0,0,0,0,1,0,1,0
5050061,0,0,0,0,1,0,0,0,1,0
5050069,0,1,0,1,1,1,1,1,1,0
5050076,0,0,0,0,0,0,1,0,1,0
5050084,0,1,0,0,0,0,1,0,0,0
5050092,0,0,0,0,0,0,1,1,1,0
5050099,0,0,0,0,0,0,1,1,1,0
5050107,0,0,0,0,0,0,1,0,1,0
5060003,0,0,1,1,1,1,1,1,1,0
5060010,0,0,1,1,1,1,1,0,1,1
5060017,0,1,1,0,1,1,1,1,1,0
5060024,0,0,0,0,1,1,1,1,1,0
5060031,0,1,1,0,1,1,1,0,1,0
5060037,0,0,1,1,1,1,1,1,1,0
5060044,0,0,0,0,1,1,1,1,1,0
5060051,1,0,0,1,1,1,1,1,1,0
5060058,0,1,0,0,1,1,0,1,1,0
5060065,0,0,0,0,1,1,1,0,1,0
5060071,0,0,1,1,1,0,1,1,1,1
5060078,0,1,1,1,1,1,1,1,1,1
5060085,0,0,0,1,1,1,1,1,1,1
5060092,0,1,1,1,1,1,1,1,1,1
5060099,0,0,1,1,1,1,1,1,1,1
5070007,0,0,0,1,0,1,1,1,1,0
5070013,0,1,0,0,0,1,1,1,1,0
5070019,0,0,0,1,0,1,1,1,1,0
5070026,0,1,1,1,0,1,1,0,1,0
5070032,0,0,0,1,0,1,1,0,1,1
5070038,0,1,0,0,0,1,1,1,1,1
5070045,0,1,0,0,0,1,1,1,1,0
5070051,1,0,1,1,0,1,1,0,1,0
5070057,0,0,0,1,0,1,1,0,1,0
5070064,0,0,1,1,1,1,1,1,1,0
5070070,0,0,0,1,0,1,1,1,1,0
5070076,0,0,0,1,1,1,1,1,1,0
5070083,0,1,0,1,0,1,1,1,1,1
5070089,1,1,1,0,1,1,1,1,1,0
5070095,0,0,0,1,1,1,1,1,1,0
5080005,0,0,0,0,0,1,1,0,1,0
5080012,0,1,0,0,0,1,1,1,1,0
5080018,0,0,0,1,0,1,1,0,0,0
5080024,0,0,0,1,0,1,1,0,1,1
5080030,0,0,0,1,0,1,1,1,1,0
5080036,0,1,0,0,0,1,1,0,1,0
5080042,0,1,0,1,0,1,1,0,1,0
5080048,0,0,0,0,0,1,1,0,1,0
5080055,0,0,1,1,0,1,1,0,1,0
5080061,0,0,0,0,0,1,1,0,0,0
5080067,0,0,0,1,0,1,1,0,1,0
5080073,0,0,0,0,0,1,1,1,1,0
5080079,0,0,1,0,0,1,1,1,1,0
5080085,0,0,0,1,0,1,1,0,1,0
5080091,0,0,1,0,0,1,1,0,1,0
5090001,0,1,0,0,0,0,1,1,1,0
5090007,0,0,1,0,0,1,1,1,1,0
5090013,0,0,0,1,0,0,1,1,1,1
5090018,0,,0,0,0,0,1,1,1,0
5090024,0,0,0,1,0,0,1,1,1,1
5090029,0,0,1,1,0,0,1,1,1,0
5090035,0,0,0,0,0,0,1,1,1,0
5090041,0,1,0,1,0,0,1,1,1,0
5090046,0,0,0,1,0,1,1,1,1,0
5090052,0,0,0,0,0,0,1,1,1,1
5090057,0,0,0,0,0,0,1,1,1,0
5090063,0,0,0,1,0,0,1,1,1,0
5090069,0,0,1,0,0,0,1,0,1,0
5090074,0,0,0,0,0,0,1,1,0,0
5090080,0,1,1,0,0,0,1,0,1,0
5100002,0,0,1,1,0,0,1,1,1,0
5100015,,,0,1,1,0,1,0,1,1
5100028,0,1,0,1,0,0,1,1,1,1
5100041,,,0,1,0,0,1,0,1,0
5100054,0,0,0,1,0,0,1,1,1,0
5100066,0,1,0,1,0,0,1,0,1,0
5100079,0,0,0,1,0,0,1,1,1,0
5100092,0,0,0,0,0,0,1,1,1,0
5100105,0,0,0,0,0,1,1,0,1,1
5100118,,0,0,1,0,1,1,0,1,0
5100130,0,0,0,0,0,1,1,1,1,1
5100143,0,0,0,1,0,0,1,0,1,0
5100156,0,0,1,1,0,0,1,1,0,0
5100169,0,1,0,1,0,0,1,1,1,0
5100182,,,0,0,0,0,1,1,1,0
5110006,0,0,0,0,0,0,1,1,1,0
5110015,0,0,0,1,0,0,1,1,0,0
5110032,0,0,0,1,0,0,1,1,1,0
5110041,0,0,0,1,0,0,1,1,1,1
5110050,0,1,1,1,0,0,1,1,1,0
5110059,0,0,0,1,0,0,1,1,1,0
5110067,0,1,0,0,0,0,1,1,1,0
5110076,0,0,0,1,0,0,1,1,1,0
5110085,0,0,0,1,0,0,1,1,1,0
5110094,0,0,1,1,0,1,1,1,1,0
5110103,0,0,0,1,0,1,1,1,1,0
5110111,0,0,0,1,0,1,1,1,1,0
5110120,0,1,0,0,0,0,1,1,1,0
5110129,0,0,1,1,0,1,1,1,1,1
5120005,0,0,0,0,0,1,1,1,1,1
5120013,0,1,0,1,0,1,1,1,1,0
5120021,0,0,1,0,0,1,1,1,1,0
5120029,0,0,0,0,0,1,1,1,1,0
5120037,0,0,0,0,0,1,1,1,1,0
5120045,0,0,0,0,0,0,1,1,1,0
5120053,0,0,0,0,0,0,1,0,0,0
5120061,,,0,0,0,1,1,1,1,0
5120069,0,0,0,0,0,0,0,0,0,0
5120077,0,0,0,1,1,0,1,1,1,0
5120093,0,0,0,1,0,1,1,1,1,0
5120101,0,0,0,0,0,0,1,1,1,0
5120109,0,0,0,0,1,1,1,1,1,0
5120116,0,0,0,0,0,1,1,0,1,0
5130002,0,0,0,0,1,0,1,1,1,0
5130008,0,0,0,0,1,0,1,0,1,0
5130014,0,0,1,1,1,1,1,1,1,1
5130020,0,0,1,1,1,1,1,1,1,0
5130026,0,1,0,1,1,1,1,1,1,0
5130031,0,0,0,0,1,0,1,1,1,0
5130037,0,0,0,0,1,1,1,1,1,0
5130043,0,0,0,0,1,0,1,0,1,0
5130049,0,0,0,1,1,0,1,1,1,0
5130055,0,0,0,1,1,0,1,0,1,0
5130060,,,1,1,1,0,1,1,1,1
5130066,0,0,1,1,1,1,1,1,1,0
5130072,0,0,0,1,1,0,1,1,1,0
5130078,0,1,0,1,1,0,1,0,1,0
5130084,0,0,0,1,1,0,1,1,1,0
5140016,0,1,0,0,0,1,1,1,1,0
5140032,0,0,1,0,0,1,1,1,1,1
5140048,0,1,0,0,0,1,0,1,1,0
5140064,0,0,1,1,0,0,1,1,1,1
5140081,0,0,0,0,0,1,1,1,1,0
5140097,0,0,0,1,0,0,1,1,1,0
5140113,0,1,0,0,0,0,1,1,1,0
5140146,0,,0,0,0,0,0,1,0,0
5140162,0,0,1,0,1,0,1,1,1,0
5140178,0,0,0,1,0,1,1,1,1,1
5140194,0,0,1,1,0,0,1,1,1,0
5140211,0,0,0,0,0,0,1,1,1,0
5140227,0,1,1,0,0,1,1,1,1,0
5140243,0,1,0,1,1,1,1,1,1,0
5150010,0,1,0,0,0,0,1,1,1,0
5150022,0,0,0,1,0,1,1,1,1,0
5150033,0,1,0,0,0,1,1,1,1,0
5150045,0,1,0,1,0,1,1,1,1,0
5150057,0,0,1,0,0,1,1,1,1,1
5150068,0,0,0,0,0,1,0,1,1,0
5150080,0,0,1,1,0,1,1,1,1,0
5150091,0,0,1,0,0,1,1,1,1,0
5150103,0,0,0,1,0,1,1,1,1,0
5150115,0,1,1,1,0,1,1,1,1,1
5150126,0,0,0,1,0,1,1,1,1,0
5150138,0,0,0,0,0,1,1,1,1,0
5150149,0,0,1,1,0,1,1,1,1,0
5150173,0,1,1,0,0,1,1,1,1,0
5160003,0,0,0,1,0,1,0,1,1,0
5160012,0,1,0,0,0,1,1,1,1,0
5160021,0,1,1,0,0,1,1,1,1,0
5160030,0,1,1,1,0,1,1,1,1,0
5160039,0,1,1,0,0,1,1,1,1,0
5160048,0,1,1,1,0,1,1,1,1,0
5160057,0,0,0,1,0,1,1,1,1,0
5160066,0,0,1,0,0,1,1,1,1,0
5160075,0,0,0,0,0,1,1,1,1,0
5160084,0,1,0,1,0,1,1,1,1,0
5160093,0,0,1,1,1,1,1,1,1,1
5160102,0,1,0,1,0,1,1,1,1,0
5160111,0,0,0,0,0,1,1,1,1,0
5160120,0,0,0,1,0,1,1,1,1,0
5160129,0,0,0,0,0,1,1,1,1,0
5170002,0,1,1,1,1,0,1,1,1,1
5170014,0,1,0,0,0,1,0,1,1,0
5170025,0,1,0,0,1,1,1,1,1,0
5170036,0,1,0,0,0,0,0,0,1,0
5170047,0,1,0,0,0,1,1,1,1,0
5170059,0,0,0,1,0,1,0,1,1,0
5170070,0,0,1,0,0,0,1,0,1,0
5170081,0,1,1,1,1,1,1,1,1,0
5170093,0,0,1,0,0,1,1,1,1,0
5170104,0,1,0,0,0,0,1,1,1,0
5170115,0,1,1,1,0,1,1,1,1,1
5170126,,1,1,1,0,1,1,1,1,0
5170138,0,0,0,0,0,1,1,1,1,0
5170149,0,1,0,0,0,1,1,1,1,0
5170160,0,1,1,0,0,1,1,0,1,0
5180005,0,0,0,1,0,1,1,1,1,0
5180012,,,0,1,0,1,1,1,1,0
5180019,0,0,0,0,0,1,1,1,1,0
5180026,0,1,0,0,0,0,1,0,1,0
5180041,0,0,0,1,0,1,1,1,1,0
5180048,0,1,0,0,0,1,1,1,1,0
5180055,,,0,1,0,1,1,1,1,1
5180062,0,1,0,0,0,1,1,1,1,0
5180069,0,0,1,1,0,1,1,1,1,0
5180076,0,0,0,1,0,1,1,0,1,0
5180083,1,0,1,0,0,1,1,1,1,0
5180091,0,1,0,0,0,1,1,0,1,0
5180098,,1,0,1,0,1,1,0,1,0
5180105,0,0,1,0,0,1,1,1,1,0
5190001,0,1,1,1,0,1,0,1,1,0
5190008,0,1,0,0,0,1,1,1,1,0
5190015,0,1,1,0,0,1,1,1,1,1
5190022,0,0,1,1,0,1,1,1,1,0
5190029,0,1,0,0,0,1,1,1,1,0
5190043,0,0,0,0,0,1,1,1,1,0
5190049,0,0,1,0,0,1,0,1,1,0
5190056,0,0,0,1,1,1,1,1,1,0
5190063,0,0,0,0,0,1,1,1,1,0
5190070,0,0,1,0,0,1,0,1,1,0
5190077,0,1,0,0,0,1,1,1,1,0
5190084,0,1,0,0,0,1,1,1,1,0
5190091,0,0,0,1,0,0,1,1,1,0
5190098,0,1,0,0,0,1,1,1,1,0
5200006,0,0,0,1,0,0,1,1,1,0
5200019,0,1,0,0,0,1,0,1,1,0
5200031,0,0,0,1,0,1,0,1,1,0
5200043,0,0,0,0,0,1,1,0,1,0
5200055,0,0,0,0,0,0,0,0,1,0
5200067,0,0,0,0,0,1,0,0,1,0
5200080,0,1,0,0,0,1,1,0,1,0
5200092,0,0,0,0,1,1,1,1,1,0
5200104,0,0,0,0,0,1,1,1,1,1
5200116,1,0,0,0,0,1,1,1,1,0
5200128,0,0,0,0,0,1,1,1,1,0
5200141,0,0,0,0,0,1,0,1,1,0
5200153,0,0,0,0,0,0,1,0,0,0
5200165,0,0,0,0,0,0,0,0,0,0
5200177,0,0,0,0,0,0,0,0,1,0
5210015,0,1,0,0,0,1,1,0,0,0
5210030,0,0,0,0,0,0,0,0,0,0
5210044,0,0,0,1,0,0,1,0,0,0
5210059,0,0,0,0,0,1,0,0,1,0
5210089,0,0,0,0,0,0,0,0,1,0
5210104,0,1,0,0,0,0,1,1,1,0
5210118,0,0,0,0,0,0,1,0,1,0
5210133,0,0,0,0,0,1,1,0,0,0
5210148,0,0,0,0,0,1,0,0,1,0
5210163,0,1,0,0,0,1,1,0,1,0
5210178,0,0,0,1,0,0,1,0,1,0
5210192,0,1,0,0,0,1,1,0,1,1
5210207,0,0,0,0,0,1,1,0,1,0
5210222,0,0,0,0,0,1,1,0,0,0
5220008,0,0,0,0,0,1,1,1,1,1
5220017,0,0,0,0,0,1,1,1,1,0
5220026,0,0,0,0,0,1,1,1,1,1
5220035,0,1,0,0,0,0,1,1,1,0
5220044,0,0,0,0,0,1,0,1,1,1
5220054,0,0,0,0,0,1,1,1,1,0
5220063,0,0,0,0,0,1,1,1,0,1
5220072,0,0,0,0,0,1,1,1,1,0
5220081,0,1,0,0,0,1,1,1,1,0
5220090,0,,0,1,0,1,1,0,1,0
5220099,0,0,0,0,0,1,1,0,0,0
5220108,0,0,0,0,0,0,0,0,1,0
5220118,0,0,0,0,0,1,1,1,1,1
5220127,0,0,0,0,0,0,1,0,0,0
5220136,0,0,0,0,0,1,1,1,1,0
5230002,0,0,1,1,0,1,1,1,1,0
5230009,0,0,1,1,1,1,1,1,1,1
5230017,0,0,0,0,1,1,1,1,1,0
5230024,0,1,0,0,1,1,1,1,1,0
5230031,0,0,0,0,1,1,1,1,1,0
5230038,0,1,1,1,0,0,1,1,1,0
5230045,0,0,0,0,0,1,1,1,1,0
5230052,0,1,0,1,0,1,1,1,1,1
5230059,0,1,0,1,0,1,1,1,1,0
5230066,0,0,0,1,0,1,1,1,1,0
5230073,0,1,0,0,0,1,1,1,1,1
5230087,0,1,0,1,0,1,1,1,1,0
5230094,0,0,0,0,0,1,1,1,1,0
5230101,0,1,0,1,0,1,1,1,1,1
5240006,0,0,0,0,1,1,1,1,1,0
5240012,0,1,0,0,1,1,1,1,1,0
5240019,0,,0,0,1,1,1,1,1,0
5240026,0,0,0,0,1,1,1,1,1,0
5240032,0,0,0,0,1,1,1,1,1,0
5240045,0,0,0,1,1,1,1,1,1,0
5240052,0,1,0,0,1,1,1,1,1,1
5240058,0,0,0,1,1,1,1,1,1,0
5240065,0,,1,0,1,0,1,1,1,0
5240072,0,0,1,0,1,1,1,1,1,1
5240078,0,0,1,0,1,1,1,1,1,1
5240085,0,0,0,0,1,0,1,1,1,0
5240091,1,1,0,0,1,0,1,1,1,0
5240098,0,0,0,0,1,0,1,1,1,0
5250004,0,1,0,0,0,1,1,0,1,0
5250009,0,0,0,0,0,1,0,0,1,0
5250015,0,0,0,0,0,1,1,1,0,1
5250020,0,0,0,0,0,1,1,0,1,0
5250031,0,0,0,0,0,1,0,0,0,0
5250036,1,1,0,0,0,1,1,0,1,0
5250041,0,1,0,1,0,1,1,1,1,0
5250047,0,0,1,0,0,1,1,0,1,0
5250052,0,0,0,0,0,1,1,0,1,0
5250057,0,0,0,1,0,1,1,0,1,0
5250063,0,1,0,0,0,1,1,0,1,1
5250068,0,1,0,1,0,1,1,0,1,0
5250073,0,1,1,0,0,1,0,0,1,0
5250079,0,0,0,0,0,1,1,0,0,0
5260002,0,1,1,1,1,1,1,0,1,0
5260015,0,0,1,1,1,0,1,1,1,0
5260029,0,0,0,1,1,1,1,0,1,0
5260042,0,0,1,1,1,1,1,0,1,0
5260055,0,1,0,1,1,0,1,1,1,1
5260068,0,1,0,0,1,0,1,0,1,0
5260081,0,1,1,1,1,0,1,0,1,0
5260094,1,0,1,0,1,0,1,0,1,0
5260107,0,1,1,1,1,1,1,0,1,0
5260120,0,1,0,1,1,1,1,0,1,0
5260133,0,0,0,1,1,1,1,0,1,0
5260146,0,1,0,1,1,1,1,1,1,1
5260159,0,1,0,0,1,0,1,0,1,0
5260172,0,1,0,1,1,0,1,1,1,0
5260185,0,0,0,1,1,1,1,0,1,1
5270001,1,1,1,1,1,1,1,0,1,0
5270009,0,0,1,1,1,1,1,0,0,0
5270016,0,0,0,1,1,1,1,0,1,0
5270024,0,0,0,1,1,1,1,0,1,0
5270032,0,0,1,0,1,1,1,0,1,0
5270039,0,0,0,1,1,1,1,0,1,0
5270047,0,0,1,1,1,1,1,0,1,0
5270054,0,1,1,1,1,1,1,0,1,0
5270062,0,0,1,1,1,1,1,0,1,0
5270069,0,1,1,1,1,1,1,0,1,0
5270077,0,1,0,0,1,1,1,0,1,0
5270092,0,0,0,0,1,1,1,0,1,1
5270099,0,1,0,0,1,1,1,0,1,1
5270107,0,0,1,1,1,1,1,0,0,1
5280011,0,1,1,1,0,1,1,0,1,0
5280021,0,1,0,1,0,0,1,0,1,0
5280032,0,1,1,1,0,1,1,0,1,0
5280042,0,0,0,0,0,1,1,0,1,0
5280053,0,0,0,0,0,1,1,0,1,0
5280063,0,0,0,1,0,1,1,0,1,0
5280073,0,1,1,1,0,1,1,0,1,0
5280084,0,1,0,1,0,1,1,0,1,0
5280094,0,1,0,1,0,1,1,0,1,0
5280105,0,0,1,1,0,0,1,0,1,0
5280115,0,0,0,0,0,0,1,0,1,0
5280126,0,1,1,1,0,1,1,0,1,0
5280136,0,1,1,0,0,1,1,0,1,0
5280147,0,1,1,1,0,1,1,0,1,0
5280157,0,0,1,1,1,1,1,1,1,0
5290003,0,1,0,1,1,1,1,1,1,0
5290010,0,0,1,1,1,1,1,1,1,0
5290016,0,0,1,1,1,1,1,1,1,0
5290023,0,0,1,1,1,1,1,0,1,1
5290029,0,0,0,1,1,1,1,1,1,0
5290036,0,0,0,1,1,0,1,0,1,0
5290042,0,1,1,1,1,0,1,1,1,1
5290049,0,0,1,1,1,0,1,1,1,1
5290055,0,1,1,1,1,1,1,0,1,0
5290062,0,0,1,1,1,0,1,1,1,0
5290068,0,1,0,1,1,0,1,0,1,0
5290075,0,0,0,0,1,0,1,0,1,0
5290081,0,0,0,0,1,1,1,1,1,0
5290087,0,1,1,1,1,1,1,1,1,0
5290094,0,0,0,1,1,1,1,1,1,0
5300003,0,0,0,0,0,1,0,0,0,0
5300011,0,1,0,1,0,1,1,0,1,0
5300018,0,1,0,0,0,1,1,0,1,0
5300026,0,0,0,1,0,1,1,0,1,0
5300033,0,1,0,0,0,1,1,0,1,0
5300041,0,0,0,1,0,1,1,0,1,0
5300048,0,1,0,0,0,0,1,0,1,0
5300056,1,1,0,0,0,1,1,0,1,0
5300063,0,1,0,0,0,1,1,0,1,0
5300071,0,0,0,0,0,0,0,0,1,0
5300078,0,0,0,0,0,1,1,0,1,0
5300086,0,1,0,1,0,0,1,0,1,0
5300093,0,0,0,0,0,0,0,0,0,0
5300100,0,0,0,0,0,1,1,0,1,0
5300108,0,0,0,0,0,0,0,0,0,0
5310021,0,0,0,1,0,1,1,0,0,0
5310032,0,0,0,0,0,0,0,0,0,0
5310044,0,0,0,0,0,0,0,0,0,0
5310055,0,0,0,0,0,0,0,0,0,0
5310067,0,0,0,0,1,1,1,0,1,0
5310078,0,1,0,1,0,1,1,0,1,0
5310090,0,0,0,0,0,0,0,0,1,0
5310101,0,0,0,1,0,0,1,0,1,0
5310113,0,0,0,0,0,0,1,0,1,0
5310124,0,0,0,0,0,0,1,0,1,0
5310136,0,1,1,0,0,0,1,0,1,0
5310148,0,1,0,0,1,1,1,0,1,0
5310159,0,0,0,0,0,1,1,0,1,0
5310171,0,0,0,1,0,0,1,0,1,0
5320009,0,0,0,0,0,1,1,0,1,1
5320021,0,1,1,0,0,1,1,1,1,0
5320033,0,0,0,0,0,1,1,0,1,0
5320045,0,1,0,0,0,1,1,0,1,0
5320057,0,0,1,1,0,1,1,0,1,0
5320069,0,1,0,0,0,1,1,0,1,0
5320081,0,0,0,0,0,0,1,0,1,0
5320093,0,0,0,1,0,1,1,0,1,1
5320105,0,0,0,1,0,1,1,0,1,0
5320117,0,1,0,1,0,1,1,0,1,0
5320129,0,1,1,1,0,1,1,0,1,0
5320141,0,0,0,1,0,1,1,0,1,0
5320153,0,1,0,1,0,1,1,0,1,0
5320165,0,1,0,1,0,1,1,0,1,0
5320177,0,0,0,1,0,1,1,0,1,0
5330002,0,0,0,0,0,1,1,0,1,0
5330014,1,1,0,0,0,1,1,0,1,0
5330027,0,0,0,1,0,0,1,0,1,1
5330039,0,0,0,0,0,1,1,0,1,0
5330051,0,1,0,0,0,1,1,0,1,0
5330063,0,0,0,0,0,0,1,0,1,0
5330075,0,1,1,1,0,1,1,0,1,1
5330099,0,0,0,0,0,0,1,0,1,0
5330123,0,1,0,0,0,1,1,0,1,0
5330135,0,0,0,0,0,1,0,0,1,0
5330147,0,0,0,1,0,1,1,0,1,0
5330159,0,0,0,0,0,1,1,0,1,0
5330171,0,0,1,0,0,1,1,0,1,0
5340001,0,0,0,1,0,0,1,1,1,0
5340007,0,0,0,0,0,1,1,1,1,0
5340012,0,0,0,1,0,1,1,1,1,1
5340017,0,1,0,0,0,1,1,1,1,1
5340023,0,0,0,1,0,1,1,1,1,1
5340028,0,1,0,0,0,0,1,1,1,1
5340033,0,0,0,1,0,1,1,1,1,0
5340039,0,0,0,0,0,1,0,1,1,0
5340044,0,0,0,1,0,0,0,1,1,0
5340049,0,0,0,1,0,0,1,1,1,1
5340055,0,0,0,0,0,0,1,1,1,0
5340060,0,1,0,0,0,1,1,1,1,0
5340065,0,0,0,0,0,0,1,0,1,1
5340071,0,0,0,1,0,1,1,0,1,0
5340076,0,1,0,0,0,0,1,1,1,0
5350008,0,0,0,0,0,0,1,1,1,0
5350022,0,0,0,0,0,1,1,1,1,0
5350036,0,0,0,0,1,1,1,1,1,0
5350050,0,0,0,0,0,1,1,1,1,1
5350064,0,0,0,0,0,0,0,0,1,0
5350078,0,0,0,0,0,0,1,1,0,0
5350092,0,0,0,0,0,0,1,1,1,0
5350119,0,0,0,0,0,0,1,1,1,0
5350133,0,0,0,1,0,1,0,1,1,1
5350147,0,0,0,1,0,0,1,1,1,0
5350161,0,1,0,0,1,0,1,1,1,0
5350175,0,1,0,1,1,1,1,1,1,0
5350189,0,1,0,0,1,1,0,1,1,0
5350202,0,0,0,0,1,0,0,1,1,0
5360002,0,0,0,0,0,1,0,1,1,0
5360008,0,1,0,0,0,1,0,1,1,0
5360013,0,0,0,0,0,1,0,1,1,0
5360018,0,1,0,0,0,1,0,1,1,0
5360024,0,0,0,0,0,1,0,1,1,0
5360029,0,0,0,0,0,0,0,1,1,0
5360034,0,0,0,0,0,0,0,1,1,1
5360040,0,0,0,0,0,1,1,1,1,1
5360045,0,0,1,0,0,1,1,1,1,0
5360056,0,1,0,1,0,1,1,1,1,0
5360061,0,1,0,0,0,1,0,1,1,0
5360066,0,0,0,0,0,0,0,1,1,1
5360072,0,0,0,0,0,1,0,1,1,1
5360077,0,0,0,0,0,1,0,1,1,1
5370004,0,0,0,0,0,1,0,1,1,1
5370013,0,0,0,0,0,1,1,1,1,1
5370021,0,1,0,0,0,1,1,1,1,1
5370029,0,1,1,1,1,1,1,1,1,0
5370037,0,0,0,0,0,1,1,1,1,0
5370045,0,0,0,0,0,1,1,1,1,0
5370053,0,1,0,0,0,1,1,1,1,1
5370061,0,0,0,0,0,0,0,1,1,0
5370069,0,0,0,0,0,1,1,1,1,0
5370094,0,0,0,0,0,1,1,1,1,1
5370102,0,0,0,0,0,0,0,1,1,1
5370110,0,0,0,1,0,0,0,1,1,1
5370118,0,0,0,0,0,0,0,1,1,0
5380006,0,0,0,1,0,0,1,1,1,0
5380014,0,0,0,0,0,1,0,1,1,0
5380021,0,0,0,0,0,1,1,1,1,0
5380029,0,0,0,0,0,1,0,0,1,0
5380036,0,0,0,0,0,1,1,1,1,0
5380044,0,0,0,0,0,1,1,1,1,0
5380051,0,0,0,0,0,1,0,1,1,0
5380059,0,1,0,0,0,1,1,1,1,0
5380074,0,1,0,0,0,1,0,1,1,1
5380082,0,0,0,0,0,1,1,1,1,0
5380089,0,0,0,0,0,1,1,1,1,1
5380097,0,0,0,0,0,1,1,1,1,0
5380104,0,1,0,0,0,0,1,1,1,0
5390005,0,1,0,1,1,1,1,1,1,0
5390010,0,1,0,1,1,1,1,1,1,0
5390016,0,0,0,0,1,1,1,1,1,0
5390021,0,0,1,0,1,1,1,1,1,0
5390026,0,1,0,1,1,1,1,1,1,0
5390032,0,1,0,0,1,1,1,1,1,0
5390042,1,1,0,0,1,1,1,1,1,0
5390048,0,1,0,1,1,1,1,1,1,1
5390053,0,1,0,1,1,1,1,1,1,0
5390058,0,1,0,1,1,1,1,1,1,0
5390064,0,1,0,1,1,1,1,1,1,0
5390069,0,1,0,1,1,1,1,1,1,0
5390074,0,1,0,1,1,1,1,1,1,1
5390080,0,1,1,1,1,1,1,1,1,0
5400002,0,1,0,0,0,0,1,1,1,0
5400009,0,0,0,0,0,0,0,1,1,0
5400015,0,0,0,0,0,0,1,1,1,0
5400022,0,1,0,0,0,0,0,1,1,0
5400028,0,0,0,0,0,0,1,1,1,0
5400035,0,1,0,1,0,0,0,1,1,0
5400041,0,0,0,1,0,0,1,1,1,0
5400048,0,0,1,1,0,1,1,1,1,0
5400054,0,0,1,1,0,0,1,1,1,0
5400061,0,0,0,0,0,0,1,1,1,0
5400067,0,0,0,0,0,0,1,1,1,1
5400074,1,0,0,0,0,0,1,1,1,0
5400080,0,1,0,1,0,0,1,1,1,1
5400086,0,1,0,0,0,0,1,0,1,1
5400093,0,0,0,0,0,0,1,1,1,0
5410004,0,0,0,0,0,0,1,1,1,0
5410010,0,0,0,0,0,0,0,1,1,0
5410016,0,0,0,1,1,1,1,1,1,1
5410022,0,1,1,1,0,0,1,1,1,1
5410027,0,1,1,0,0,1,1,1,1,0
5410033,0,0,0,1,0,1,1,1,1,1
5410039,0,1,1,1,0,1,1,1,1,1
5410045,0,0,0,0,1,0,1,1,1,1
5410051,0,1,0,0,0,1,1,1,1,0
5410056,0,1,0,1,0,0,1,1,1,0
5410062,0,0,0,0,0,0,1,1,1,0
5410068,0,0,0,0,1,1,1,1,1,0
5410074,0,0,0,0,0,1,1,1,1,0
5410080,0,0,0,0,0,1,1,1,1,0
5410086,0,1,1,1,0,1,1,1,1,1
5420005,0,0,0,0,0,0,1,0,1,0
5420011,0,1,0,0,0,1,1,1,1,0
5420018,0,0,0,0,0,0,1,0,1,0
5420024,0,0,0,0,0,1,1,0,1,0
5420031,0,1,0,0,0,1,1,1,1,0
5420037,0,1,0,0,0,0,1,0,1,0
5420044,0,1,1,1,0,1,1,1,1,0
5420050,0,0,0,0,0,1,1,1,1,0
5420057,0,1,0,0,0,0,1,1,1,0
5420063,0,1,1,1,0,1,1,1,1,0
5420070,0,1,0,0,0,0,1,0,1,0
5420077,0,1,0,1,0,0,1,0,1,0
5420083,0,0,0,0,0,0,1,1,1,0
5420090,0,1,0,1,0,0,1,1,1,1
5420096,0,0,0,0,0,0,1,0,1,0
5430001,0,1,1,1,1,1,1,1,1,1
5430007,0,1,1,0,1,1,1,0,1,1
5430012,0,0,0,0,1,1,1,0,0,0
5430017,0,0,0,1,1,1,1,0,1,0
5430023,0,1,0,1,1,1,1,0,1,0
5430028,0,0,0,0,1,1,1,0,1,0
5430033,0,1,0,0,1,1,1,0,1,0
5430039,0,0,0,0,1,1,1,0,1,0
5430049,0,0,1,0,1,1,1,0,1,0
5430055,0,1,0,0,1,1,1,0,1,0
5430060,0,1,0,0,1,1,1,0,1,0
5430065,0,0,0,0,0,1,1,1,1,0
5430071,0,1,0,0,1,1,1,1,1,1
5430076,0,0,1,1,1,1,1,1,1,0
5440002,0,0,1,1,1,0,1,1,1,0
5440008,0,0,0,1,1,1,1,0,1,0
5440013,1,0,0,0,1,1,1,0,1,0
5440019,0,0,0,1,1,1,1,0,1,0
5440024,0,1,0,0,1,1,1,0,1,0
5440029,0,0,0,1,1,0,1,0,1,0
5440035,0,1,1,0,1,1,1,0,1,0
5440040,0,1,1,1,0,1,1,0,1,0
5440046,0,0,0,0,0,1,1,0,1,0
5440056,0,0,0,1,0,1,1,0,1,0
5440062,0,1,0,0,0,1,1,0,1,0
5440067,0,0,0,1,0,1,1,0,1,1
5440073,0,1,1,1,1,1,1,1,1,0
5440078,0,0,0,1,0,1,1,0,1,0
5450010,0,0,0,0,0,0,1,0,0,0
5450020,1,0,0,0,0,0,0,0,1,0
5450030,0,0,0,0,0,0,1,0,1,0
5450041,0,0,0,0,0,1,1,0,1,0
5450051,0,0,0,0,0,0,1,1,0,0
5450061,0,0,0,0,0,0,1,1,1,0
5450072,0,0,0,0,0,0,1,0,1,0
5450082,0,0,0,0,0,0,1,0,0,0
5450092,0,0,0,1,0,0,0,1,1,0
5450103,0,0,0,0,0,0,1,0,0,0
5450113,0,1,0,0,0,0,1,0,1,0
5450123,0,0,0,0,1,0,1,0,1,1
5450134,0,0,1,1,0,0,1,1,1,0
5450144,0,0,0,1,1,0,1,1,1,1
5450154,0,0,0,0,0,1,1,0,1,0
5460004,0,0,0,0,1,1,1,0,1,1
5460015,0,1,0,0,0,1,1,0,1,0
5460026,0,0,0,0,0,0,1,0,1,0
5460037,0,0,0,0,0,0,1,0,1,0
5460048,0,0,0,1,0,1,1,0,1,1
5460059,0,0,0,0,0,0,1,0,1,0
5460070,0,0,0,0,0,0,1,0,1,0
5460081,0,0,0,1,1,1,1,0,1,1
5460092,0,0,0,0,0,0,0,0,0,0
5460103,0,0,0,0,0,0,0,0,1,0
5460114,0,0,0,0,0,0,0,0,1,0
5460125,0,0,0,0,0,0,1,0,1,0
5460136,0,0,0,1,0,0,1,0,1,0
5460147,0,0,0,0,0,0,0,0,0,0
5460158,0,0,0,0,0,0,0,0,1,1
5470002,0,0,0,0,1,1,1,1,1,0
5470009,0,1,0,0,1,1,1,0,1,0
5470015,0,0,0,0,1,1,1,0,1,0
5470021,0,0,0,0,1,1,1,0,1,0
5470027,0,0,0,0,1,0,1,1,1,0
5470033,0,0,0,0,1,1,1,1,1,0
5470040,0,0,0,0,0,1,1,1,1,0
5470046,0,0,0,0,1,0,1,1,1,1
5470052,0,0,0,1,0,0,1,0,1,0
5470058,0,0,0,0,0,0,1,0,1,0
5470064,0,0,0,0,0,1,1,0,1,0
5470071,0,0,0,0,0,1,1,1,1,1
5470077,0,0,0,0,1,1,1,1,1,0
5470083,0,0,0,0,1,1,1,0,1,0
5470089,0,0,0,1,1,0,1,1,1,1
5480006,0,0,0,0,1,0,1,1,1,0
5480012,0,0,0,0,0,0,0,0,1,0
5480019,0,0,0,0,0,0,1,0,0,0
5480032,0,0,0,0,0,0,0,0,1,0
5480039,0,0,0,0,0,0,1,0,1,0
5480045,0,0,0,0,0,0,1,0,0,0
5480052,0,1,0,0,1,0,1,0,1,1
5480058,0,0,0,0,0,0,0,0,1,0
5480065,0,0,0,0,0,0,1,0,1,0
5480072,0,0,0,0,0,0,0,0,0,0
5480078,0,0,0,0,0,0,0,0,0,0
5480085,0,1,0,0,0,0,1,0,1,0
5480091,0,0,0,0,0,0,1,0,1,0
5480098,0,0,0,0,0,0,1,0,1,0
5490005,0,0,0,0,0,0,0,0,0,0
5490013,0,0,0,1,1,1,1,0,1,0
5490020,0,0,0,0,0,0,0,0,1,0
5490027,0,0,0,0,0,0,1,0,1,1
5490035,0,0,0,0,0,0,1,0,1,0
5490042,0,0,0,0,0,0,1,0,0,0
5490050,0,0,0,0,0,0,0,0,1,0
5490057,0,0,0,0,0,0,1,0,1,0
5490064,0,0,0,0,0,0,1,0,0,0
5490072,0,0,0,0,0,0,1,0,1,0
5490079,0,0,0,1,0,0,1,0,1,1
5490087,0,0,0,0,0,0,0,0,0,0
5490094,0,0,0,0,0,0,0,0,1,0
5490101,0,0,0,0,0,0,0,0,0,0
5490109,0,0,0,0,0,0,0,0,1,0
5500001,0,0,0,0,0,0,1,1,1,0
5500008,0,0,0,0,0,0,1,0,1,0
5500015,0,0,0,0,0,0,0,0,0,0
5500022,0,0,0,0,0,0,1,1,0,0
5500029,0,0,0,0,0,0,0,0,0,0
5500035,0,0,0,0,0,0,1,0,1,0
5500042,0,0,0,0,0,0,0,0,1,0
5500049,0,0,0,0,0,1,1,0,1,0
5500056,0,0,0,0,0,0,1,0,0,0
5500063,0,0,0,0,1,0,1,0,1,0
5500069,0,0,0,0,0,0,1,1,1,0
5500076,0,0,0,0,0,0,1,0,1,0
5500083,0,0,0,0,0,0,0,0,0,0
5500090,0,0,0,0,0,0,0,0,1,0
5500097,0,0,0,0,0,0,0,0,0,0
5510007,0,0,0,1,1,1,1,1,1,1
5510013,0,0,0,0,1,0,1,1,1,0
5510020,0,1,0,0,1,1,1,1,1,0
5510026,0,1,0,0,1,0,1,0,1,1
5510033,0,0,0,0,1,1,1,0,1,0
5510039,0,0,0,1,1,0,1,0,1,0
5510046,0,1,0,0,0,0,1,0,0,0
5510052,0,0,0,0,0,0,1,0,1,0
5510059,0,1,0,0,1,0,1,0,1,0
5510065,0,1,0,1,1,0,1,1,1,0
5510072,0,0,0,1,1,0,1,0,1,0
5510079,0,0,0,0,1,0,1,1,1,1
5510085,0,0,0,0,0,0,1,1,1,0
5510092,0,0,0,1,1,0,1,0,1,0
5510098,0,0,0,0,1,1,1,0,1,0
5520009,0,0,0,0,0,0,1,1,1,0
5520018,0,0,0,0,0,0,1,1,1,0
5520028,0,0,0,0,0,0,1,0,1,0
5520037,0,1,0,0,0,0,1,0,1,0
5520047,0,0,0,0,0,0,1,0,1,0
5520056,0,0,0,0,0,0,1,1,1,1
5520066,0,1,0,1,0,0,1,0,1,0
5520075,0,0,0,0,1,0,1,1,1,0
5520084,0,0,0,0,1,0,1,0,1,0
5520094,0,0,0,0,1,0,1,1,1,0
5520103,0,0,0,0,0,0,1,0,1,0
5520113,0,0,0,0,0,1,1,0,1,0
5520122,0,0,0,0,0,0,1,1,1,0
5520131,0,0,0,0,0,0,1,0,1,0
5520141,1,1,0,0,0,0,1,1,1,0
5530005,0,0,0,0,0,0,1,0,0,0
5530019,0,0,0,0,0,0,0,1,1,0
5530033,0,1,0,0,0,0,0,0,0,0
5530047,0,0,0,1,0,0,1,0,1,0
5530061,0,0,0,1,0,0,1,0,1,0
5530074,0,0,0,0,0,0,0,0,0,0
5530088,0,1,0,1,0,0,1,0,1,0
5530102,0,0,0,0,0,0,1,1,1,0
5530116,0,0,0,0,1,1,1,1,1,0
5530130,1,0,0,0,1,0,1,0,1,0
5530143,0,0,0,0,0,0,1,1,0,0
5530157,0,0,0,0,0,0,1,1,1,0
5530171,0,1,0,0,0,0,1,0,1,0
5530185,0,0,0,0,0,0,1,0,1,0
5530199,0,0,0,0,0,1,1,0,1,0
5540006,0,0,0,1,1,1,1,1,1,0
5540025,0,1,0,0,0,0,1,0,1,0
5540043,0,0,0,0,0,0,1,0,1,0
5540061,0,0,0,0,1,0,1,1,1,0
5540080,0,0,0,0,0,0,1,1,1,0
5540098,0,0,0,0,0,0,1,1,0,0
5540116,0,0,0,0,1,1,1,1,1,0
5540135,0,0,0,0,0,0,1,0,1,0
5540171,0,,0,0,1,0,1,0,1,0
5540190,0,1,0,0,1,0,1,1,1,1
5540208,0,0,0,0,1,1,1,1,1,0
5540226,0,0,0,0,1,0,1,0,1,0
5540245,0,0,0,0,0,1,1,1,1,0
5540263,1,0,1,0,0,1,1,1,1,0
5550004,0,0,0,0,0,0,1,0,1,0
5550010,0,0,0,1,0,0,1,0,1,0
5550016,0,0,0,0,0,0,1,0,0,0
5550022,0,0,0,0,0,0,1,1,0,0
5550028,0,0,0,1,0,0,1,1,1,1
5550034,0,1,0,0,0,0,1,0,1,0
5550040,0,0,0,0,0,0,1,0,1,1
5550046,0,0,0,0,0,0,1,0,0,0
5550052,0,0,0,0,0,0,1,0,1,0
5550058,0,0,0,0,0,0,1,1,1,0
5550064,0,0,0,0,0,0,1,0,1,0
5550070,0,0,0,0,0,0,0,0,0,0
5550076,0,1,0,0,0,0,1,0,1,0
5550082,0,0,0,0,0,0,1,1,0,0
5560010,0,0,0,0,0,0,1,0,1,0
5560037,0,0,0,0,0,0,1,0,1,0
5560051,0,0,0,0,0,0,1,0,1,0
5560064,0,1,0,0,0,0,1,1,1,0
5560077,1,0,0,0,0,0,1,0,0,0
5560091,0,0,0,0,1,0,1,1,1,0
5560104,0,0,0,0,0,0,1,0,1,0
5560118,0,1,0,0,0,0,0,0,0,0
5560131,0,0,0,0,0,0,0,0,0,0
5560145,0,0,0,0,0,0,1,0,1,0
5560158,0,0,0,0,0,0,1,0,1,0
5560172,0,0,0,0,0,0,1,0,0,0
5560185,0,0,0,0,0,0,1,0,1,0
5560199,0,0,0,0,0,0,1,0,1,0
5570001,0,0,0,0,0,0,1,0,1,0
5570011,0,1,0,0,0,0,1,0,1,0
5570021,1,0,0,0,0,0,0,0,1,0
5570031,0,0,0,0,0,0,1,0,0,0
5570041,0,1,0,1,0,0,1,0,1,0
5570051,0,0,0,0,0,0,1,0,1,0
5570061,0,0,0,0,1,0,1,0,0,0
5570070,0,0,0,0,1,1,1,0,1,1
5570080,0,0,0,0,0,0,1,0,0,0
5570090,0,0,0,0,0,0,1,0,0,0
5570100,0,0,0,0,0,0,1,1,0,0
5570110,0,0,0,0,0,0,1,1,1,0
5570120,0,0,0,0,0,0,1,1,1,0
5570140,0,0,0,0,0,0,0,0,0,0
5580004,0,0,0,0,0,0,1,0,1,0
5580009,0,1,0,0,0,0,1,0,1,0
5580015,0,0,0,1,0,1,1,0,1,0
5580020,0,0,0,1,1,0,1,1,1,0
5580025,0,0,0,0,0,0,1,0,1,0
5580030,0,0,0,0,0,0,1,0,1,0
5580036,0,1,0,0,0,0,1,0,1,0
5580041,0,0,0,0,0,1,1,0,1,0
5580046,0,0,0,0,0,1,1,0,1,0
5580051,0,0,0,0,0,0,1,0,1,0
5580057,0,0,0,0,0,0,1,0,1,0
5580067,0,0,0,0,0,1,1,0,1,1
5580073,0,0,0,0,0,0,0,0,0,0
5580078,0,0,0,0,0,0,1,0,1,0
5590005,0,1,1,1,1,1,1,1,1,1
5590011,1,0,0,0,1,1,1,1,1,1
5590017,0,1,0,0,1,1,1,1,0,1
5590023,0,0,0,1,0,0,1,0,1,0
5590029,,0,0,1,1,1,1,1,1,1
5590035,0,0,0,1,0,1,1,1,1,0
5590041,0,0,0,0,1,1,1,1,1,1
5590046,0,1,0,1,0,0,1,1,1,0
5590052,0,1,0,0,0,0,1,1,1,1
5590058,0,1,0,0,0,0,1,0,1,0
5590064,0,1,0,0,0,0,1,0,1,1
5590070,0,1,0,0,1,0,1,0,1,1
5590082,0,1,1,0,0,0,1,1,1,1
5590087,0,1,0,1,0,0,1,0,1,0
5600004,0,0,0,0,0,0,1,0,1,0
5600012,0,0,0,0,0,0,1,1,1,0
5600020,0,1,0,0,0,0,1,0,1,0
5600028,0,0,0,1,1,1,1,0,1,1
5600036,0,0,0,0,1,0,1,0,1,1
5600044,0,0,0,0,1,0,1,0,1,0
5600052,0,0,0,1,0,0,1,0,1,0
5600068,0,1,0,0,0,0,1,0,1,0
5600076,0,0,0,0,0,0,1,0,1,0
5600084,0,0,0,0,0,1,1,0,1,0
5600092,0,0,0,0,0,1,1,0,1,1
5600100,0,0,0,0,0,0,1,0,0,0
5600108,0,0,0,0,0,0,1,0,0,0
5600116,0,1,0,0,0,0,1,0,1,1
5610003,0,1,0,1,0,1,1,0,1,0
5610011,0,1,0,0,0,0,1,0,1,0
5610019,0,1,0,0,0,0,1,0,1,0
5610027,0,0,0,0,0,1,1,0,1,0
5610034,0,0,0,0,0,0,1,0,1,0
5610042,0,0,0,0,0,0,1,0,1,0
5610050,0,0,0,0,0,0,1,0,1,0
5610058,0,1,0,0,0,0,1,0,1,0
5610065,0,1,0,0,0,0,1,0,1,1
5610073,0,0,0,1,0,0,1,0,1,0
5610081,0,0,0,0,0,0,1,0,1,0
5610088,0,1,0,0,0,1,1,0,1,0
5610096,0,0,0,1,0,1,1,0,1,0
5610104,0,0,0,1,0,0,1,0,1,0
5610112,0,0,0,0,1,0,1,0,1,0
5620012,0,0,0,0,0,1,1,0,1,0
5620026,0,0,0,1,0,0,1,0,1,0
5620040,0,0,0,1,0,0,1,0,1,0
5620055,0,1,0,0,0,0,1,0,1,0
5620069,0,0,0,0,0,0,1,0,1,0
5620084,0,0,0,0,0,0,1,0,1,0
5620098,0,1,0,0,0,0,1,1,1,1
5620127,0,0,0,1,0,0,1,1,1,0
5620141,0,0,0,1,0,0,1,0,1,0
5620156,0,0,0,0,0,1,1,0,1,0
5620170,0,1,0,0,0,0,1,0,1,0
5620184,0,0,0,0,0,0,1,0,1,0
5620199,0,1,0,0,0,0,1,0,1,0
5630003,0,0,0,0,0,0,1,0,1,0
5630016,0,1,0,0,0,0,1,0,1,0
5630042,0,0,0,1,1,0,1,0,1,1
5630055,0,0,0,0,1,0,1,0,1,0
5630067,0,0,0,0,0,1,1,0,1,0
5630080,0,0,0,1,1,0,1,0,1,1
5630093,0,0,0,0,1,0,1,0,1,0
5630106,0,1,0,0,1,1,1,0,1,1
5630119,0,0,0,0,1,0,1,0,1,0
5630131,0,0,0,0,0,0,1,0,1,1
5630144,0,0,0,0,1,0,1,0,1,1
5630157,0,1,0,0,1,0,1,0,1,1
5630170,0,0,0,0,1,1,1,0,1,0
5630183,0,0,0,0,1,0,1,0,1,0
5640002,0,1,0,0,1,0,0,0,1,0
5640014,0,1,1,0,1,0,1,0,1,1
5640026,,0,0,1,1,0,1,0,1,0
5640038,0,0,0,0,0,0,1,0,1,0
5640050,0,0,0,0,1,0,1,0,1,0
5640062,0,0,0,0,1,0,1,0,1,0
5640074,0,0,0,1,1,0,1,0,1,1
5640086,0,0,0,0,1,1,1,0,1,1
5640098,0,0,1,1,1,0,1,0,1,1
5640110,0,0,0,0,1,0,0,0,1,0
5640122,0,1,0,0,1,0,0,0,1,1
5640134,0,1,0,0,1,0,1,0,1,0
5640146,0,0,0,1,1,1,1,0,1,1
5640158,0,0,0,1,1,0,1,0,1,0
5640170,0,0,0,1,1,0,0,0,1,1
5650006,0,1,0,0,1,1,1,0,1,1
5650015,0,0,0,1,0,0,1,0,1,0
5650024,0,0,0,0,1,0,1,0,1,0
5650032,0,1,0,0,1,0,1,0,1,0
5650041,0,0,0,0,1,0,1,0,1,0
5650059,0,0,0,0,0,0,1,0,1,0
5650068,0,0,0,0,1,0,1,0,1,0
5650077,0,0,0,1,1,0,1,0,1,0
5650095,0,0,0,0,0,0,1,0,1,1
5650103,0,1,0,0,1,0,1,0,1,0
5650112,0,0,0,0,0,1,1,0,1,0
5650121,0,0,0,1,0,1,1,0,1,0
5650130,0,1,0,0,1,0,1,0,0,0
5660007,0,0,0,0,1,0,1,0,1,0
5660019,0,0,0,0,1,0,1,0,1,0
5660031,0,0,0,0,1,1,1,0,1,0
5660042,0,0,0,1,1,0,1,0,1,0
5660054,0,0,0,0,0,0,1,0,0,0
5660066,0,0,0,1,1,0,1,0,1,0
5660077,0,0,0,0,0,0,1,0,0,0
5660089,0,0,0,0,0,0,1,0,1,0
5660101,0,1,0,1,1,0,1,0,1,0
5660124,0,0,0,0,0,0,0,0,1,0
5660136,0,0,0,0,0,0,1,0,0,0
5660147,0,0,0,0,1,0,1,0,1,0
5660159,0,1,0,0,1,0,1,0,1,0
5660171,0,0,0,0,1,0,1,0,0,1
5670002,0,1,0,0,1,0,1,0,1,0
5670008,0,0,0,0,1,0,1,0,1,0
5670013,0,0,0,0,1,1,1,0,1,0
5670018,0,1,0,0,1,1,1,0,1,0
5670023,0,0,0,0,1,1,1,0,1,0
5670028,0,0,0,0,1,0,1,0,0,0
5670034,0,0,0,1,1,0,1,0,1,0
5670039,0,0,0,0,1,0,1,0,1,0
5670044,0,1,0,0,1,0,1,0,1,0
5670049,0,0,0,0,1,0,1,1,1,0
5670054,0,0,0,0,1,0,1,0,1,0
5670060,0,,0,0,0,0,1,0,1,0
5670065,0,0,0,1,1,0,1,0,1,0
5670070,0,1,0,0,1,0,1,0,1,0
5670075,0,0,1,1,1,0,1,0,1,1
5680014,0,1,0,0,0,0,1,0,1,0
5680028,0,0,0,0,0,0,1,0,1,0
5680042,0,0,0,0,0,0,1,0,1,1
5680056,0,0,0,0,0,0,1,0,1,0
5680070,0,0,0,0,0,1,1,0,1,0
5680085,0,1,0,1,0,0,1,0,1,1
5680099,0,0,0,1,0,0,0,0,0,0
5680113,0,0,0,0,0,0,1,0,1,0
5680127,0,0,0,1,0,0,1,0,0,0
5680141,0,0,0,0,0,0,1,0,1,0
5680155,0,0,0,0,0,0,1,0,0,0
5680170,0,0,0,0,0,0,1,1,0,0
5680184,0,0,0,0,0,0,1,0,1,0
5680198,0,1,0,0,0,0,1,0,1,1
5680212,0,0,0,0,0,0,0,0,1,0
5690013,0,0,0,0,0,0,1,0,1,0
5690029,0,0,0,0,0,0,0,0,1,0
5690044,0,1,0,0,0,0,1,0,1,0
5690060,0,0,0,0,0,1,1,0,1,0
5690076,0,0,0,0,0,0,1,0,1,0
5690091,0,0,0,1,0,0,1,0,1,0
5690107,0,1,1,1,1,0,1,0,1,0
5690122,0,0,0,1,0,1,1,0,1,0
5690138,0,1,0,1,0,0,1,0,1,0
5690154,0,0,1,0,0,0,1,0,1,0
5690169,0,0,0,0,0,0,1,0,1,0
5690185,0,0,0,0,0,0,1,0,1,0
5690216,1,1,1,1,1,0,1,0,1,1
5690232,0,0,0,1,1,0,1,0,1,1
5700004,0,0,0,0,0,0,1,0,0,0
5700018,0,1,0,0,0,1,1,1,1,0
5700031,0,1,0,1,0,1,1,1,1,0
5700045,0,0,0,0,0,1,1,1,1,0
5700058,0,0,0,1,0,1,1,1,1,1
5700071,0,1,0,0,1,0,1,1,1,0
5700085,0,0,0,0,0,0,1,1,1,0
5700098,0,0,1,0,0,1,1,1,1,0
5700112,0,0,0,0,1,1,1,1,1,1
5700125,0,1,0,0,1,1,1,1,1,0
5700138,0,1,0,0,1,1,1,1,1,0
5700152,0,0,0,0,1,0,1,1,1,0
5700165,0,1,0,1,1,0,1,1,1,0
5700179,0,0,0,1,1,0,1,1,1,0
5700192,0,0,1,0,0,1,1,1,1,0
5710001,0,1,0,1,0,1,1,1,1,0
5710006,0,1,0,0,0,0,1,1,1,0
5710011,0,0,0,1,0,1,1,1,1,0
5710016,0,0,0,0,1,0,1,1,1,0
5710021,0,0,0,1,0,1,1,1,1,0
5710026,0,0,0,0,0,1,0,1,1,0
5710031,0,1,0,0,0,1,1,1,1,0
5710036,0,0,0,0,0,1,1,1,1,0
5710041,0,0,1,1,1,1,1,1,1,0
5710046,0,0,0,1,0,1,1,1,1,0
5710051,0,0,0,1,0,1,1,1,1,0
5710056,0,1,0,0,0,0,1,1,1,0
5710061,0,1,0,0,0,1,1,1,1,0
5710066,0,1,0,0,0,1,1,1,1,0
5710071,0,1,0,0,0,0,1,1,0,0
5720007,0,1,0,0,0,0,1,1,1,0
5720018,0,1,0,1,1,0,1,1,1,0
5720028,0,0,0,0,0,0,1,1,1,0
5720038,0,1,0,0,1,0,1,1,1,0
5720048,0,0,0,0,0,0,1,0,1,0
5720058,0,1,0,0,0,0,1,1,1,0
5720068,1,0,1,0,0,0,1,1,1,0
5720078,0,0,1,1,0,1,1,1,1,0
5720089,0,0,0,0,0,0,1,1,1,1
5720099,0,0,0,1,0,0,1,1,1,0
5720109,0,0,0,0,0,0,1,1,1,0
5720119,0,0,0,0,0,0,1,1,1,0
5720129,0,0,0,0,0,0,1,1,1,0
5720139,0,0,0,0,0,0,1,1,1,1
5720149,0,0,0,0,0,0,1,1,1,0
5730001,0,1,0,0,0,0,0,0,0,0
5730009,0,0,0,1,0,0,1,0,0,0
5730016,0,0,0,0,0,1,0,0,1,0
5730023,0,0,0,0,1,0,1,1,1,0
5730031,0,0,1,1,0,0,1,1,1,0
5730038,0,0,0,0,0,0,1,0,1,0
5730045,0,1,0,0,0,0,1,0,1,0
5730053,0,0,0,0,0,0,0,0,1,0
5730060,0,0,0,0,0,0,1,0,1,0
5730067,0,0,0,0,0,0,1,0,1,0
5730075,0,0,0,0,0,0,1,0,1,0
5730082,0,0,0,1,1,0,1,1,1,1
5730089,0,0,0,0,0,1,1,0,1,0
5730097,0,1,0,0,0,0,1,0,1,0
5730104,0,1,0,0,0,0,1,0,0,0
5740001,0,1,0,0,0,0,0,0,0,0
5740006,0,1,0,0,0,0,0,0,0,0
5740011,1,0,0,0,0,0,0,0,0,0
5740016,0,0,0,0,0,0,0,0,0,0
5740021,0,0,0,0,0,0,0,0,0,0
5740025,0,0,0,0,0,0,0,0,0,0
5740030,0,0,0,0,0,0,0,0,0,0
5740035,0,1,0,0,0,0,0,0,0,0
5740040,0,0,0,0,0,0,0,0,0,0
5740045,0,0,0,0,0,0,0,0,0,0
5740049,0,0,0,0,0,0,0,0,0,0
5740054,0,0,0,1,0,0,0,0,0,0
5740059,0,0,0,1,0,0,1,0,1,0
5740064,0,0,0,0,0,0,0,0,0,0
5740069,,,0,1,0,0,1,0,1,0
5750009,0,0,0,1,0,0,1,0,1,0
5750018,0,0,0,0,0,0,1,1,1,0
5750027,0,0,0,0,0,0,0,0,1,0
5750036,0,0,0,0,0,0,1,0,0,0
5750045,0,0,0,0,0,0,0,0,1,0
5750055,0,1,0,0,0,0,1,0,1,0
5750064,0,0,0,0,0,0,1,0,0,0
5750073,0,0,0,0,0,1,1,0,1,0
5750082,0,0,0,0,0,1,1,1,1,0
5750091,0,1,0,0,0,0,1,1,1,0
5750100,0,0,0,0,0,0,1,1,1,0
5750109,0,0,0,0,0,0,1,0,0,0
5750119,0,0,0,0,0,1,1,1,1,0
5750128,0,1,0,0,1,1,1,1,1,0
5750137,0,0,0,0,0,0,1,0,1,0
5760009,0,0,1,0,0,1,0,1,1,0
5760017,0,1,0,0,1,1,1,1,1,0
5760025,0,0,1,0,1,0,1,1,1,0
5760034,0,1,0,0,0,0,0,1,1,0
5760042,0,0,0,0,0,0,1,1,1,0
5760050,0,0,1,0,1,0,1,1,1,0
5760059,0,,1,0,1,1,1,1,1,0
5760067,0,1,0,0,1,1,1,1,1,0
5760075,0,0,0,1,1,0,1,1,1,0
5760084,0,0,0,1,1,0,1,1,1,0
5760092,0,0,0,1,0,1,1,1,1,0
5760100,0,0,0,0,0,1,0,0,1,0
5760109,0,0,0,1,0,0,0,1,1,0
5760117,0,0,0,1,0,1,1,1,1,0
5760125,0,0,0,1,0,1,1,1,1,0
5770003,0,1,0,0,0,0,1,0,1,0
5770012,1,0,0,0,0,0,1,0,1,0
5770021,0,0,0,1,0,1,1,0,1,1
5770029,0,0,0,0,0,0,1,0,0,0
5770038,0,0,0,0,0,0,0,0,1,0
5770047,0,1,0,0,1,1,1,0,1,1
5770055,0,0,0,0,0,0,1,0,1,0
5770064,0,1,0,0,0,0,1,0,1,0
5770073,0,0,0,0,0,1,0,0,1,0
5770081,0,0,0,1,0,0,1,0,1,0
5770090,0,0,0,0,0,1,1,0,1,0
5770099,0,0,0,0,0,0,1,0,1,0
5770107,0,0,0,0,0,0,1,0,0,0
5770116,0,1,0,0,0,1,1,0,1,0
5770125,0,1,0,0,0,1,0,0,0,0
5780001,0,0,0,0,1,0,1,1,1,0
5780006,0,0,0,0,1,0,1,1,1,0
5780011,0,0,0,1,1,0,1,0,1,0
5780016,0,1,0,0,1,1,1,0,1,0
5780020,0,0,0,1,1,0,1,1,1,0
5780025,0,0,0,1,1,1,1,1,1,0
5780030,0,1,0,0,1,0,1,1,1,0
5780035,0,0,0,1,0,1,1,1,1,0
5780039,0,1,0,1,1,1,1,1,1,1
5780044,0,0,0,0,1,1,1,1,1,0
5780049,0,0,0,0,1,0,0,1,1,0
5780053,0,0,0,1,1,0,1,1,1,0
5780058,0,1,0,0,1,0,1,1,1,0
5780063,0,0,0,1,1,0,1,0,1,0
5780068,0,0,1,1,1,0,1,1,1,1
5790004,0,0,0,0,1,0,1,1,1,0
5790009,0,1,0,0,1,0,1,1,1,0
5790015,0,1,1,0,1,1,1,1,1,0
5790020,0,0,0,0,1,0,1,1,1,0
5790025,0,1,1,0,1,0,1,1,1,0
5790031,0,0,0,1,1,0,1,1,1,0
5790036,0,0,0,1,1,0,0,1,1,0
5790041,0,0,0,1,1,0,1,1,1,0
5790047,0,0,0,0,1,1,1,1,1,0
5790052,0,1,0,0,0,0,1,1,1,0
5790057,0,1,0,1,1,1,1,1,1,0
5790063,0,0,0,0,1,1,1,1,1,0
5790068,0,1,0,1,1,1,1,1,1,0
5790073,0,1,0,1,1,1,1,1,1,1
5790079,0,0,1,1,1,1,1,0,1,0
5800001,0,1,1,0,1,1,1,1,1,0
5800008,0,0,0,0,1,1,1,1,1,0
5800014,0,0,0,0,1,0,0,1,1,0
5800020,0,1,1,0,1,1,1,0,1,0
5800026,0,0,1,0,1,0,1,1,1,0
5800032,0,1,0,1,0,1,1,1,1,0
5800038,0,1,1,1,1,1,1,1,1,0
5800044,0,1,1,0,1,0,1,0,1,0
5800050,0,0,1,0,1,0,1,0,1,0
5800057,0,0,1,0,1,1,1,1,1,0
5800063,0,0,0,1,1,1,1,0,1,0
5800069,0,0,0,1,1,0,1,1,1,0
5800075,0,0,0,0,1,1,1,1,1,0
5800081,0,1,0,0,1,0,1,1,1,0
5800087,0,0,0,0,1,0,1,1,1,0
5810001,0,1,0,0,0,0,0,0,1,0
5810007,0,0,0,1,0,0,1,0,1,1
5810013,0,0,0,0,1,0,0,1,1,0
5810018,0,0,0,1,1,1,1,1,1,0
5810024,0,0,0,0,0,0,0,0,1,0
5810029,0,0,0,0,0,0,0,0,1,0
5810035,,,1,0,0,0,1,0,1,0
5810041,0,0,0,0,0,0,0,0,0,0
5810046,0,0,0,0,0,0,1,0,1,0
5810052,1,1,0,0,0,0,1,1,1,0
5810057,0,0,0,0,0,0,0,0,1,0
5810063,0,0,0,0,0,1,1,1,1,0
5810069,0,0,0,0,0,0,1,0,1,0
5810074,0,0,0,1,0,0,1,1,1,0
5810080,0,0,0,0,0,0,1,1,1,0
5820007,0,1,0,0,1,0,1,0,1,0
5820013,0,0,0,1,1,1,0,0,1,0
5820019,0,1,0,0,1,0,1,0,1,0
5820025,0,0,0,0,1,0,1,1,1,0
5820032,0,0,0,0,1,0,1,0,1,0
5820038,0,0,0,0,1,0,1,0,1,0
5820044,0,1,0,0,1,0,1,0,1,0
5820050,0,0,0,0,1,0,0,0,1,0
5820057,0,0,0,1,1,0,1,1,1,1
5820063,0,0,0,0,1,1,0,1,1,0
5820069,0,0,1,0,1,0,0,1,1,1
5820075,1,1,1,0,1,0,1,1,1,0
5820082,0,0,0,1,1,0,1,0,1,1
5820088,0,0,0,0,1,0,1,1,1,1
5820094,0,0,0,1,1,0,1,0,1,1
5830011,0,0,0,1,1,1,1,0,1,1
5830021,0,1,0,0,0,0,1,0,1,0
5830032,0,1,0,0,0,0,1,0,1,0
5830043,0,0,0,0,0,0,0,0,1,0
5830053,0,0,0,0,0,1,1,1,1,0
5830075,0,0,0,0,0,0,1,0,1,0
5830085,0,0,0,0,0,0,1,0,1,0
5830096,0,0,0,0,0,0,1,0,0,0
5830107,0,0,0,0,0,0,1,0,1,0
5830117,0,0,0,0,0,1,1,0,1,0
5830128,1,0,0,0,0,0,1,0,1,0
5830139,0,0,0,0,0,0,1,0,1,0
5830149,0,0,0,1,0,0,1,0,1,0
5830160,0,1,0,0,0,0,0,0,1,0
5840003,0,1,1,1,1,1,1,1,1,1
5840011,0,0,0,1,1,0,1,1,1,1
5840018,0,0,0,0,1,0,1,1,1,0
5840025,0,0,0,1,1,0,1,0,1,1
5840032,0,0,0,1,0,0,1,1,1,0
5840040,0,0,0,0,0,0,1,0,1,0
5840047,0,0,0,1,0,0,1,0,1,0
5840054,0,0,1,0,1,1,1,1,1,0
5840062,0,1,0,0,0,0,1,1,1,0
5840069,0,1,0,0,0,0,1,1,1,1
5840076,0,0,0,0,0,0,1,0,1,0
5840083,0,1,0,1,0,0,1,0,1,0
5840091,0,0,0,1,1,0,1,1,1,1
5840098,0,0,0,1,1,0,1,0,1,1
5840105,0,0,0,1,1,1,1,0,1,1
5850006,0,0,0,1,1,0,1,0,1,1
5850012,0,0,0,1,1,1,1,0,1,1
5850018,0,0,0,0,1,0,1,0,1,0
5850025,0,0,0,0,1,1,1,0,1,1
5850031,0,0,0,0,1,1,1,0,1,0
5850037,0,0,0,0,1,1,0,0,1,0
5850044,0,0,0,1,1,1,1,0,1,1
5850050,0,0,0,0,1,0,1,0,1,0
5850056,0,0,0,1,1,0,1,0,1,0
5850063,0,0,0,0,1,1,1,0,1,0
5850069,0,0,0,1,1,0,1,0,1,1
5850075,0,0,0,1,1,0,1,0,1,1
5850082,0,1,0,1,1,1,1,0,1,0
5850088,0,0,0,1,1,0,1,0,1,0
5850094,1,0,0,0,1,0,1,0,1,0
5860006,0,0,0,1,1,0,1,0,1,1
5860012,0,1,0,0,1,0,1,0,1,0
5860019,0,0,0,1,1,0,1,0,1,1
5860025,0,1,0,1,1,0,1,0,1,1
5860032,0,0,0,1,1,1,1,0,0,0
5860038,0,0,0,0,1,0,1,0,1,1
5860045,0,1,0,0,1,1,1,0,1,0
5860051,0,0,0,1,1,0,1,0,1,0
5860058,0,0,0,0,1,0,1,0,1,1
5860064,0,0,0,1,1,0,1,0,1,1
5860071,0,1,1,0,1,0,1,1,1,1
5860078,0,1,0,0,1,1,1,1,1,0
5860084,0,1,1,1,1,1,1,0,1,0
5860091,0,0,0,0,1,0,1,0,1,0
5860097,0,1,0,1,1,0,1,0,1,0
5870002,0,1,0,1,1,1,1,1,1,0
5870013,0,0,0,0,1,0,1,0,1,1
5870024,0,0,0,0,0,0,1,0,1,0
5870035,0,0,0,0,0,0,1,0,1,0
5870045,0,0,0,1,0,0,1,0,1,1
5870056,0,0,0,1,0,0,1,0,1,0
5870067,0,0,0,0,0,0,1,0,0,0
5870078,0,0,0,1,0,0,1,0,1,0
5870088,0,0,0,0,0,0,1,0,1,0
5870099,0,0,0,0,0,0,1,0,1,0
5870110,0,0,0,1,0,0,1,0,1,0
5870120,0,0,0,0,0,0,1,0,1,0
5870131,0,0,0,1,1,0,1,0,1,0
5870142,0,0,1,1,1,0,1,1,1,1
5870153,0,0,1,1,0,0,1,0,1,0
5880009,0,0,0,0,0,0,1,0,1,0
5880016,0,0,0,0,0,0,1,0,1,0
5880023,0,0,0,1,0,0,1,0,1,1
5880031,0,0,0,0,0,0,1,0,1,1
5880038,0,1,0,0,0,0,1,0,1,0
5880045,0,0,0,1,0,0,1,0,1,0
5880053,0,0,0,0,1,0,1,0,1,0
5880060,0,0,0,1,0,0,1,0,1,0
5880067,0,0,0,1,0,0,1,0,1,0
5880075,0,0,0,0,0,0,1,0,1,0
5880089,0,1,0,1,0,0,1,0,1,0
5880097,0,1,0,0,0,0,1,0,1,0
5880104,0,0,0,1,0,0,1,0,1,1
5890007,0,0,0,0,0,0,1,0,1,0
5890017,0,0,0,0,0,0,1,0,1,0
5890028,0,0,0,0,0,0,0,0,0,0
5890038,0,1,0,0,0,0,0,0,1,0
5890049,0,0,0,0,0,0,0,0,0,0
5890059,0,0,0,0,1,0,1,0,1,1
5890069,0,0,0,0,0,0,1,1,1,0
5890080,0,0,0,1,1,0,1,0,1,1
5890090,0,1,0,0,0,0,1,0,1,0
5890101,0,0,0,0,0,1,1,0,1,0
5890111,0,0,0,0,0,1,1,0,1,0
5890122,0,0,0,0,0,0,1,0,1,0
5890132,0,1,0,0,0,0,1,0,0,0
5890153,0,0,0,0,0,0,1,0,0,0
5900003,0,0,0,0,0,0,1,0,1,0
5900010,0,0,0,1,0,1,1,0,1,0
5900016,0,0,0,0,0,0,1,0,1,0
5900022,0,0,0,1,0,0,1,0,1,0
5900028,0,0,0,1,0,0,1,0,1,0
5900035,0,0,0,0,0,1,1,0,1,0
5900041,0,0,0,0,0,0,1,0,1,0
5900047,0,0,0,0,0,0,1,0,1,0
5900054,0,0,0,0,0,0,1,0,1,0
5900060,0,1,0,0,0,0,1,0,1,0
5900066,0,0,0,0,0,0,1,0,1,0
5900072,0,0,0,1,0,1,1,1,1,0
5900079,0,0,0,0,0,0,1,1,1,0
5900085,0,0,0,0,0,0,0,0,0,0
5900091,0,1,0,1,0,1,1,0,1,0
5910005,0,0,0,0,0,0,0,0,1,0
5910016,0,0,0,0,0,1,1,1,1,0
5910027,0,0,0,0,0,0,0,0,1,0
5910048,0,0,0,0,1,0,1,0,1,0
5910059,0,0,0,0,0,0,0,0,1,0
5910070,0,0,0,0,1,0,1,0,1,0
5910081,0,1,0,0,0,0,1,0,1,0
5910102,0,0,0,0,0,0,1,0,1,0
5910113,0,0,0,0,0,0,0,0,0,0
5910134,0,0,0,0,0,0,0,0,1,0
5910145,0,0,0,1,0,0,1,0,1,0
5910156,0,0,0,0,0,0,0,0,0,0
5920008,0,0,0,0,0,0,1,0,1,0
5920017,0,1,0,0,0,0,0,0,1,0
5920026,0,0,0,0,0,0,0,0,0,0
5920035,0,0,0,0,0,0,0,0,0,0
5920053,0,0,0,0,0,0,1,0,1,0
5920061,0,1,0,0,0,0,0,0,1,0
5920124,1,0,0,0,0,0,0,0,1,0
5920133,1,1,0,0,0,0,1,0,1,0
5930012,0,0,0,0,0,0,0,0,0,0
5930028,0,0,0,0,0,0,0,0,1,0
5930043,0,0,0,1,0,0,0,0,1,0
5930059,0,0,0,0,0,0,0,0,0,0
5930074,0,0,0,0,0,0,1,0,0,0
5930090,0,0,0,0,0,0,0,0,1,0
5930105,0,0,0,0,0,0,0,0,0,0
5930121,0,0,0,0,0,0,0,0,1,0
5930136,0,0,0,0,0,0,0,0,1,0
5930152,0,0,0,0,0,0,1,0,1,0
5930168,0,0,0,0,0,0,0,0,1,0
5930183,0,0,0,0,0,0,0,0,0,0
5930199,0,0,0,0,0,0,0,0,1,1
5930214,0,0,0,0,0,0,0,0,0,0
5930230,0,0,0,1,0,0,0,0,1,0
5940002,0,0,0,0,0,0,1,0,1,0
5940008,0,0,0,0,0,1,1,0,0,0
5940015,0,0,0,0,0,1,1,0,1,0
5940021,0,0,0,0,0,0,1,0,1,0
5940027,0,0,0,1,0,0,1,0,1,0
5940033,0,1,0,0,0,0,1,0,1,0
5940039,0,0,0,0,0,0,0,0,0,0
5940045,0,1,0,0,0,0,0,0,1,0
5940051,0,0,0,0,0,0,1,0,0,1
5940057,0,0,0,0,0,0,1,0,1,0
5940063,0,1,0,0,0,0,1,0,1,0
5940069,1,1,0,0,0,0,1,0,1,0
5940075,0,0,0,0,0,0,1,0,1,0
5940081,0,1,0,0,0,0,1,0,1,0
5940087,0,1,0,0,0,0,1,0,1,0
5950008,0,1,0,0,0,0,1,0,1,0
5950018,0,0,0,1,0,0,1,0,1,0
5950029,0,0,0,0,0,0,0,0,1,0
5950039,0,1,0,0,0,0,1,0,1,0
5950050,,,0,0,0,0,1,0,1,0
5950061,0,1,0,0,0,0,1,0,1,0
5950071,0,0,0,0,0,0,1,0,1,0
5950082,0,0,0,0,0,1,1,0,1,0
5950103,0,1,0,0,0,0,1,0,1,0
5950114,0,0,0,0,0,0,1,0,1,1
5950124,0,0,0,0,0,0,1,0,1,0
5950135,0,0,0,0,0,0,1,0,1,0
5950146,0,0,0,0,0,0,1,0,1,0
5950156,0,0,0,0,0,0,1,0,1,0
5960006,0,0,0,0,0,0,1,0,1,0
5960017,0,,0,0,0,0,0,0,0,0
5960027,0,1,0,0,0,0,1,0,1,0
5960037,,0,0,0,0,0,0,0,0,0
5960047,0,1,0,0,0,0,1,0,0,0
5960057,0,0,0,0,0,0,0,0,0,0
5960067,0,0,0,0,0,0,1,0,1,0
5960077,0,1,0,0,0,0,1,0,1,0
5960088,0,0,0,0,0,0,0,0,1,0
5960098,0,1,0,0,0,0,1,0,0,0
5960108,0,0,0,0,0,0,0,1,0,0
5960118,0,0,0,0,0,0,1,0,0,0
5960128,0,0,0,0,0,1,1,0,1,0
5960138,0,1,0,0,0,0,1,0,1,0
5960148,0,0,0,0,1,0,1,0,1,0
5970001,0,0,0,0,0,0,0,0,1,0
5970007,0,0,0,0,0,0,1,0,1,0
5970012,0,0,0,0,0,0,0,0,0,0
5970018,0,0,0,0,0,0,1,0,1,0
5970024,0,0,0,0,0,0,1,0,1,0
5970029,0,0,0,0,0,0,1,0,1,0
5970040,0,0,0,0,0,0,1,0,1,0
5970046,0,0,0,0,0,0,0,0,1,0
5970051,0,0,0,0,0,0,1,0,1,0
5970057,0,0,0,0,0,0,1,0,0,0
5970062,0,0,0,0,0,0,1,0,1,1
5970068,1,1,0,1,0,0,1,0,1,0
5970073,0,1,0,0,0,0,0,0,1,0
5970079,0,0,0,0,0,0,1,0,1,0
5980002,0,0,0,0,0,0,1,0,1,0
5980007,0,1,0,0,0,0,1,0,1,0
5980013,0,1,0,0,0,0,1,0,1,0
5980018,0,1,0,0,0,0,1,0,1,0
5980023,0,0,0,0,0,1,1,0,1,0
5980028,0,0,0,0,0,0,0,0,0,0
5980033,0,0,0,0,0,0,0,0,1,0
5980038,0,0,0,1,0,0,1,0,1,0
5980043,0,0,0,0,0,0,1,0,1,0
5980053,0,0,0,0,0,0,1,0,0,0
5980058,0,0,0,1,0,0,1,0,1,0
5980063,0,0,0,0,0,0,1,0,1,0
5980068,0,0,0,0,0,0,0,0,1,0
5980073,0,0,0,0,0,1,1,0,1,0
5990005,0,0,0,0,0,0,1,0,1,0
5990011,0,0,0,0,0,1,1,0,1,0
5990017,0,1,0,1,0,0,1,0,1,0
5990022,0,1,0,0,0,0,1,0,1,0
5990028,0,1,0,0,0,0,1,1,1,0
5990034,0,1,0,0,1,1,1,0,1,0
5990040,0,1,0,0,0,0,1,0,1,1
5990045,0,0,0,0,0,0,1,1,1,1
5990051,0,0,0,0,0,1,1,0,1,1
5990057,0,0,1,0,0,0,1,0,1,0
5990063,0,0,0,0,0,0,1,0,1,0
5990068,0,0,0,1,0,0,1,0,1,1
5990074,1,1,0,0,0,0,1,0,1,1
5990080,0,0,0,0,0,1,1,0,1,0
5990086,0,0,0,0,0,0,1,0,1,0
6000005,0,0,0,0,0,1,1,0,1,1
6000011,0,0,0,0,0,0,1,0,1,0
6000016,0,0,0,0,0,1,1,0,1,1
6000022,0,0,0,0,1,0,1,0,1,1
6000027,0,1,0,0,1,0,1,0,1,1
6000033,0,0,0,0,0,0,1,0,1,1
6000038,0,0,0,0,0,1,1,0,1,0
6000044,0,0,0,1,1,1,1,1,1,1
6000049,0,0,0,0,1,1,1,1,1,1
6000055,0,0,0,0,0,1,1,0,1,0
6000060,0,1,0,1,1,1,1,0,1,0
6000072,0,0,1,0,0,0,1,0,1,0
6000077,0,0,0,0,0,0,1,0,1,0
6000083,0,0,0,0,1,0,1,1,1,0
6010002,0,1,0,0,0,1,1,0,1,0
6010007,0,0,0,0,0,1,1,0,1,0
6010012,0,0,0,0,0,1,1,0,1,0
6010017,0,0,0,1,0,1,1,0,1,0
6010022,0,0,0,0,0,1,1,0,1,0
6010026,0,0,0,0,1,1,1,0,0,1
6010031,0,0,0,0,0,1,1,0,1,0
6010036,0,0,0,0,0,1,1,0,1,1
6010041,0,0,0,0,0,0,1,0,1,0
6010046,0,0,0,0,0,0,1,0,1,0
6010050,0,0,0,1,1,1,1,0,1,1
6010055,0,0,1,0,0,1,1,0,1,0
6010060,1,0,0,0,0,1,1,0,1,0
6010065,0,0,0,0,0,0,1,0,1,0
6010070,0,0,0,0,0,1,1,0,1,0
6020010,0,0,0,0,0,0,1,0,1,1
6020024,0,0,0,0,0,0,1,0,1,0
6020037,0,1,0,0,0,1,1,0,1,0
6020051,0,0,0,1,0,0,1,0,1,0
6020064,0,1,0,1,0,0,1,0,1,0
6020077,0,0,0,0,0,0,1,0,1,0
6020091,0,0,0,0,0,0,1,0,1,0
6020104,0,0,0,0,0,0,0,0,1,0
6020118,0,0,0,0,0,0,1,0,1,0
6020131,0,0,0,0,0,0,1,0,1,0
6020145,0,0,0,0,0,1,0,0,1,0
6020158,0,0,0,0,0,1,1,0,1,0
6020172,0,0,0,0,0,0,1,0,1,0
6020185,0,0,0,1,0,0,1,0,1,0
6020199,0,0,0,0,0,0,1,0,1,0
6030005,0,1,0,0,0,1,1,0,1,1
6030011,0,0,1,0,0,1,1,0,1,0
6030018,0,0,0,0,1,1,1,1,1,1
6030024,0,0,0,1,1,0,1,0,1,1
6030031,1,0,0,1,0,1,1,0,1,0
6030037,0,1,0,1,1,1,1,0,1,1
6030044,0,0,0,1,0,1,1,0,1,1
6030050,1,1,1,0,0,1,1,0,1,0
6030057,0,0,0,1,0,1,1,0,1,0
6030063,0,1,1,1,1,1,1,0,1,1
6030070,0,0,0,1,0,1,1,1,1,0
6030077,0,0,0,1,0,1,1,0,1,0
6030083,0,0,0,1,0,1,1,1,1,1
6030090,0,1,0,0,0,1,1,0,1,0
6030096,1,0,0,0,0,1,1,0,1,0
6040001,0,0,0,1,0,0,1,0,0,0
6040009,0,0,0,0,0,0,1,0,1,0
6040017,0,0,0,0,0,0,1,0,1,0
6040025,0,1,0,1,0,0,1,0,1,1
6040033,0,0,0,1,0,0,1,1,1,0
6040040,0,0,0,0,0,0,1,1,0,1
6040048,0,0,0,1,0,0,1,0,1,0
6040056,0,0,0,0,0,0,1,0,1,0
6040064,0,0,0,1,0,0,1,0,1,0
6040072,0,0,0,0,0,0,1,0,1,0
6040079,0,0,0,0,0,0,1,0,1,0
6040087,0,0,0,1,0,0,1,0,1,0
6040095,0,0,0,1,0,0,1,0,1,0
6040103,0,0,0,1,0,0,1,0,1,0
6040111,0,1,0,1,0,0,1,0,1,0
6050001,0,0,0,0,0,0,1,1,1,0
6050014,0,0,0,0,0,0,1,1,1,0
6050027,0,0,0,1,0,0,1,1,0,0
6050040,0,1,0,0,0,0,1,0,1,1
6050053,0,0,1,1,0,0,1,0,0,0
6050066,0,0,0,0,0,0,1,0,1,0
6050079,0,1,0,0,0,0,1,0,1,0
6050091,0,0,0,0,0,1,1,0,1,1
6050104,0,0,0,1,1,0,1,0,0,0
6050117,0,1,0,1,0,0,1,0,1,1
6050130,0,1,0,0,0,0,1,0,1,1
6050143,0,0,0,0,0,0,1,0,1,0
6050156,0,0,0,1,0,0,1,0,1,0
6050169,0,0,1,0,0,0,1,0,1,0
6050182,0,1,0,0,0,1,1,0,1,1
6060009,0,0,1,1,0,0,1,0,1,0
6060018,0,0,0,0,0,0,1,0,1,0
6060027,0,0,0,0,0,1,1,0,1,0
6060036,0,0,0,0,0,0,1,0,1,1
6060045,0,0,0,0,0,0,0,0,1,0
6060055,0,1,0,0,0,0,1,0,0,0
6060064,0,0,0,0,0,0,1,0,1,0
6060082,0,0,0,0,0,0,1,0,1,0
6060091,0,0,0,1,0,0,1,0,1,0
6060100,0,1,0,0,0,0,1,0,1,0
6060109,0,0,0,1,0,0,1,0,1,0
6060119,0,0,0,0,0,1,1,0,1,0
6060128,0,0,0,0,0,0,1,0,0,0
6060137,0,1,0,0,0,0,0,0,1,0
6070004,0,0,0,1,1,1,1,1,0,0
6070016,0,0,0,0,1,1,1,1,0,0
6070028,0,1,0,0,1,1,1,1,0,1
6070039,0,1,0,1,1,1,1,1,1,0
6070051,0,0,1,0,1,1,1,1,1,0
6070062,0,0,0,0,0,0,1,1,1,0
6070074,0,0,0,0,0,1,1,0,1,0
6070086,0,0,0,0,1,0,0,0,1,1
6070109,0,0,0,1,1,0,1,1,1,0
6070120,0,0,0,1,1,1,1,1,1,0
6070132,0,1,0,1,1,1,1,1,1,1
6070144,0,0,1,1,1,1,1,1,1,1
6070155,0,0,0,1,1,1,1,1,1,0
6070167,0,0,0,1,1,1,1,1,1,1
6080002,0,0,0,0,0,0,1,0,1,0
6080009,0,0,0,1,0,0,0,0,1,0
6080016,0,1,0,0,0,0,1,0,1,0
6080023,0,0,0,0,0,0,1,0,1,0
6080030,0,0,0,0,0,0,1,0,1,1
6080036,0,0,0,1,0,0,1,0,0,1
6080043,0,0,0,0,0,0,1,0,1,0
6080050,0,1,0,1,0,1,1,0,1,0
6080057,0,0,1,1,0,0,1,0,1,1
6080064,0,0,0,0,0,0,1,0,1,0
6080070,0,0,0,0,0,1,1,0,0,0
6080077,0,0,0,0,0,1,1,0,1,0
6080084,0,0,1,0,0,1,1,0,1,0
6080091,0,0,0,0,0,0,1,0,0,0
6080098,0,0,0,0,0,0,1,0,1,0
6090004,0,0,0,0,0,0,1,0,1,0
6090009,0,0,0,1,0,0,1,0,0,0
6090013,0,0,0,0,0,0,1,0,1,1
6090018,0,0,0,0,0,1,1,0,1,0
6090023,0,0,0,0,0,0,1,0,1,0
6090028,0,0,0,0,0,0,1,0,1,0
6090033,0,0,0,1,0,1,1,0,1,0
6090037,0,0,0,0,0,0,1,0,0,0
6090042,0,0,0,1,0,1,1,0,1,0
6090047,0,0,0,0,0,0,1,0,1,0
6090052,0,0,0,0,0,0,1,0,1,0
6090057,0,1,0,0,0,0,1,0,1,0
6090061,0,0,0,1,0,0,1,0,1,0
6090066,0,0,0,1,0,0,1,0,1,0
6090071,0,0,0,0,0,0,1,0,1,0
6100004,1,1,0,0,0,0,1,1,1,0
6100009,0,0,0,1,1,0,1,1,0,1
6100013,0,1,0,1,0,0,1,1,1,0
6100018,0,0,1,0,0,1,1,1,1,0
6100023,0,0,0,0,1,0,1,1,1,1
6100027,0,0,0,0,0,1,1,1,1,0
6100032,0,0,0,1,0,0,1,0,1,0
6100037,0,1,1,0,0,0,1,0,1,0
6100042,0,1,1,1,0,1,1,1,1,0
6100046,0,0,1,0,0,1,1,1,1,0
6100051,0,0,0,0,1,1,1,0,1,0
6100056,0,0,0,1,1,1,1,1,1,1
6100061,0,0,0,0,1,1,1,1,1,1
6100065,0,0,0,1,0,1,1,1,1,1
6100070,0,1,1,1,0,1,1,0,1,1
6110001,0,0,0,0,0,0,0,0,1,0
6110011,0,0,0,0,0,0,1,0,1,1
6110021,0,1,0,0,0,1,1,1,1,0
6110030,0,0,0,1,1,1,1,0,1,1
6110040,0,0,0,0,0,0,1,0,1,0
6110050,0,0,0,1,0,1,1,0,1,1
6110059,0,0,0,0,0,0,1,0,1,0
6110069,0,1,0,0,0,0,1,0,1,0
6110079,0,0,0,0,0,0,1,0,1,0
6110088,0,0,0,0,0,0,0,0,0,0
6110098,0,0,0,0,0,0,0,0,0,0
6110108,0,0,0,0,0,0,1,0,1,0
6110117,0,0,0,0,0,0,0,0,0,0
6110127,0,0,0,0,0,0,0,0,1,1
6110137,0,0,0,0,0,0,0,0,1,0
6120004,0,0,0,1,1,0,1,1,1,1
6120010,0,0,0,0,1,0,1,1,1,0
6120015,0,0,0,0,1,1,1,1,1,0
6120021,0,0,0,0,1,1,1,1,1,0
6120026,0,0,0,0,1,0,1,0,1,0
6120032,0,0,0,1,1,0,1,1,1,1
6120037,0,0,0,1,1,1,1,1,1,0
6120043,0,0,0,0,1,0,1,1,1,0
6120048,0,0,0,1,1,1,1,1,1,1
6120054,0,0,0,0,1,0,1,1,1,0
6120059,0,0,0,0,1,0,1,0,1,1
6120065,0,0,0,1,1,0,1,1,1,1
6120071,0,0,0,1,0,1,1,1,1,0
6120076,0,0,0,0,0,0,1,0,1,0
6120082,0,1,0,1,0,1,1,0,1,0
6130007,0,0,0,1,1,1,1,1,1,1
6130015,0,1,0,1,1,0,1,0,1,1
6130022,0,0,0,0,0,0,1,0,1,0
6130030,0,1,0,0,0,0,1,0,1,0
6130037,0,0,1,0,0,0,1,1,1,0
6130044,0,0,0,0,0,0,1,1,1,0
6130052,0,0,0,0,0,0,1,1,1,0
6130059,0,0,1,1,1,1,1,1,1,1
6130067,0,0,0,0,1,1,1,0,1,0
6130074,0,0,0,0,1,1,1,0,1,1
6130082,0,1,1,0,0,1,1,0,1,0
6130089,0,1,1,1,1,1,1,0,1,0
6130097,0,0,0,1,0,0,1,0,1,1
6130104,0,0,1,1,0,1,1,1,1,1
6130112,0,0,0,1,0,0,1,0,1,0
6140006,0,0,0,1,0,0,1,0,1,0
6140021,0,1,0,0,0,0,1,0,1,0
6140036,0,0,0,0,0,0,0,0,1,0
6140051,0,0,0,0,0,0,1,0,0,0
6140066,1,0,0,0,0,0,0,0,0,0
6140080,0,0,0,0,0,0,0,0,0,0
6140095,0,0,0,0,0,0,1,0,1,0
6140110,0,0,0,0,0,0,1,0,0,0
6140125,0,0,0,0,1,1,1,0,1,0
6140140,0,0,0,0,0,0,1,0,1,0
6140154,0,0,0,0,0,0,1,0,1,0
6140169,0,1,0,0,0,0,1,0,1,0
6140184,0,0,0,0,0,1,1,0,1,0
6140199,0,0,0,0,0,1,1,1,1,1
6140214,0,0,0,0,0,0,1,0,1,0
6150011,0,0,0,1,1,1,1,1,1,1
6150019,0,0,0,0,1,1,1,0,1,0
6150026,0,0,0,1,1,0,1,0,1,1
6150034,0,0,0,0,1,0,1,1,1,0
6150042,0,0,0,0,1,0,1,0,1,0
6150049,0,0,0,0,1,0,1,0,1,1
6150057,0,0,0,1,1,1,1,0,1,1
6150065,0,0,1,1,1,0,1,0,1,0
6150072,0,0,0,1,1,1,1,1,1,0
6150080,0,0,0,0,1,0,1,0,1,0
6150088,0,1,1,0,1,0,1,1,0,1
6150095,0,0,0,0,1,1,1,1,1,0
6150103,0,0,0,1,1,1,1,0,1,0
6150111,0,0,0,0,1,1,1,0,1,0
6160005,0,0,0,1,1,0,1,0,1,0
6160011,0,0,0,1,1,1,1,0,1,1
6160016,0,1,0,0,1,0,1,0,1,0
6160022,0,0,0,0,1,1,1,0,1,0
6160027,0,0,0,1,1,1,1,1,1,1
6160032,0,0,0,0,1,1,1,1,1,0
6160038,0,0,1,0,1,0,1,0,1,0
6160043,0,0,1,1,1,1,1,1,1,0
6160049,0,1,0,1,1,0,1,0,1,0
6160054,0,1,0,1,1,1,1,0,1,1
6160060,0,0,0,1,1,0,1,1,1,0
6160065,0,0,0,1,1,0,1,1,1,0
6160071,0,1,0,0,1,1,1,1,1,1
6160076,0,1,1,1,1,1,1,0,1,0
6160082,0,0,1,1,1,1,1,1,1,0
6170001,0,0,0,1,0,0,1,0,1,0
6170006,0,0,0,0,1,0,1,0,1,1
6170011,0,0,0,1,1,0,1,1,1,1
6170016,0,0,0,0,0,0,1,0,1,0
6170021,0,0,0,1,0,0,1,0,1,0
6170026,0,0,0,1,0,0,1,0,1,1
6170031,1,0,0,1,1,1,1,0,1,0
6170036,0,0,0,0,0,0,1,0,1,0
6170041,0,1,0,1,0,0,1,1,1,1
6170047,0,0,0,0,0,0,1,0,1,0
6170052,0,0,0,0,0,0,1,0,1,1
6170057,0,0,0,0,0,0,1,0,1,0
6170062,0,0,0,1,1,0,1,1,1,1
6170067,0,0,1,1,1,0,1,1,1,1
6170072,0,0,0,1,0,0,1,0,0,0
6180002,0,0,1,1,0,0,1,0,1,0
6180011,0,1,0,1,0,0,1,1,1,1
6180020,0,0,0,1,0,0,1,0,1,1
6180029,0,0,0,1,0,0,1,1,1,1
6180038,0,0,0,1,0,0,1,1,1,0
6180047,0,0,0,0,0,0,1,1,1,0
6180056,0,0,0,1,0,0,1,1,1,1
6180065,0,0,0,1,0,0,1,0,1,0
6180074,1,0,0,1,0,0,1,1,1,0
6180083,0,0,0,1,0,1,1,1,1,1
6180092,0,1,0,0,1,0,1,0,1,1
6180101,0,0,0,0,1,0,1,0,1,0
6180110,0,0,0,0,1,0,1,0,1,0
6180119,0,1,0,0,1,1,1,1,1,1
6180128,0,0,0,1,1,1,1,1,1,0
