hh_id,d_cm,d_nutr,d_satt,d_educ,d_elct,d_wtr,d_sani,d_hsg,d_ckfl,d_asst
10002,0,1,0,0,0,0,0,0,0,0
10004,0,0,0,0,0,0,0,0,1,0
10006,0,0,0,0,0,0,0,0,1,0
10008,0,0,0,1,0,0,1,0,1,0
10010,0,,0,0,0,0,0,0,1,0
10012,0,0,0,0,0,0,0,0,1,0
10014,0,0,0,0,0,0,0,0,1,0
10016,0,0,1,0,0,0,0,0,1,0
10018,0,0,0,0,0,0,0,0,1,0
10020,0,0,0,1,0,0,0,0,1,0
10022,0,0,0,0,0,0,0,0,0,0
10024,0,0,1,1,0,0,0,0,1,0
10026,0,1,0,0,0,0,0,0,1,0
10028,0,0,0,0,0,0,0,0,0,0
10030,0,1,1,0,0,0,0,0,1,0
20002,0,1,0,0,0,0,0,0,1,0
20004,0,0,0,1,0,0,0,0,1,0
20006,0,0,0,0,0,0,0,0,1,0
20008,0,0,0,0,0,1,0,0,1,0
20010,0,0,0,0,0,0,1,0,1,0
20012,0,0,0,0,0,0,0,0,0,0
20014,0,0,0,0,0,0,0,0,0,0
20016,0,0,0,0,0,0,0,0,1,0
20018,0,0,0,0,0,0,0,0,0,0
20022,0,0,0,0,0,0,0,1,1,0
20024,0,0,0,0,0,0,0,0,1,0
20026,0,,0,0,0,0,1,0,1,0
20030,0,0,1,0,0,0,1,0,0,0
30002,0,0,1,0,0,0,0,0,1,1
30004,0,0,0,0,0,0,0,0,1,1
30006,0,0,0,1,0,0,0,0,1,0
30008,0,0,0,0,0,0,0,0,0,0
30010,0,0,0,0,0,0,0,0,1,0
30012,0,0,0,0,0,0,1,0,0,0
30014,0,0,0,1,0,0,0,0,0,0
30016,0,0,0,0,0,0,0,0,0,0
30018,0,0,0,0,0,0,0,0,1,0
30020,0,0,0,0,0,0,0,0,0,0
30022,0,0,0,0,0,0,0,0,0,0
30024,0,0,0,0,0,0,0,0,1,0
30026,0,0,0,1,0,0,1,0,0,0
30030,0,1,0,0,0,0,0,0,0,0
40002,0,0,0,0,0,0,0,1,1,0
40004,0,0,0,0,0,0,0,0,1,0
40006,0,0,0,1,0,0,0,0,1,0
40008,0,1,0,0,0,0,0,0,0,0
40010,0,0,0,0,0,0,0,0,1,0
40012,,,1,0,0,0,0,0,1,0
40014,0,0,1,0,0,0,0,0,0,0
40016,0,0,0,0,0,0,0,0,1,0
40018,0,0,0,0,0,0,0,0,0,0
40020,0,0,0,0,0,0,1,0,1,0
40022,0,0,0,0,0,0,0,0,0,0
40024,0,0,0,0,0,0,0,0,0,0
40026,0,1,0,0,0,0,0,0,1,0
40028,0,0,0,1,0,0,0,0,1,0
40030,0,0,0,0,0,0,0,0,0,0
50002,0,0,0,1,0,0,0,0,1,0
50004,0,0,0,1,0,0,0,0,1,0
50006,0,0,0,0,0,0,0,0,1,0
50008,0,0,0,0,0,0,0,0,1,0
50010,0,0,0,0,0,0,1,1,1,0
50012,0,0,0,1,0,0,0,0,1,0
50014,0,0,0,0,0,0,0,0,0,0
50016,0,0,0,0,0,0,0,0,1,0
50018,0,0,0,0,0,0,0,0,1,0
50020,0,0,1,1,0,0,1,1,1,0
50022,0,1,0,1,0,0,1,0,1,0
50024,0,0,0,0,0,0,0,0,1,0
50026,0,0,0,0,0,0,0,0,0,0
50028,0,0,0,0,0,0,0,0,1,0
50030,0,0,0,0,0,0,0,0,0,0
60002,0,0,0,1,0,0,1,0,1,0
60004,0,0,0,1,1,0,0,1,1,1
60006,0,0,0,0,0,0,0,0,1,0
60008,0,0,0,1,0,0,1,0,1,0
60010,0,0,0,0,0,1,0,0,0,0
60012,0,0,0,0,0,0,1,1,1,0
60014,0,0,0,0,0,0,0,0,1,0
60016,0,0,0,1,0,1,0,1,1,0
60018,0,1,0,0,0,0,0,0,1,0
60020,0,1,0,0,0,0,0,0,0,0
60022,0,0,0,0,0,0,0,0,1,0
60024,0,0,0,1,0,0,1,0,1,0
60026,0,0,0,1,0,0,0,0,1,0
60028,0,0,0,0,0,0,0,1,1,0
60030,0,0,0,0,0,0,0,0,1,0
70002,0,0,0,0,0,0,1,0,1,0
70004,0,0,0,0,0,0,0,1,1,0
70008,0,0,0,0,0,0,0,0,1,0
70010,0,,0,0,0,0,0,0,1,0
70012,0,0,0,0,0,0,0,0,1,0
70016,0,0,0,1,0,0,1,0,1,1
70018,0,0,0,0,0,0,1,0,1,1
70020,0,0,0,0,1,0,1,0,1,0
70022,0,0,0,0,0,0,0,0,1,0
70024,0,1,0,0,0,0,0,0,1,0
70028,0,1,0,0,0,0,0,0,1,0
70030,0,1,0,0,0,0,0,0,1,0
80004,0,0,0,0,0,0,0,0,0,0
80006,0,0,0,0,0,0,0,0,1,0
80008,0,0,0,0,0,0,0,1,0,0
80010,0,0,0,1,0,0,0,0,1,0
80012,0,1,0,0,0,0,0,0,0,0
80014,0,1,0,1,0,0,0,0,1,0
80016,0,0,0,1,0,0,0,0,1,0
80018,0,0,0,1,0,0,0,0,1,0
80020,0,0,0,0,0,0,0,0,0,0
80022,0,0,1,0,0,0,0,0,1,0
80024,0,1,0,0,0,0,0,0,1,0
80026,0,0,0,0,0,0,0,0,1,0
80028,0,0,0,0,0,0,0,0,1,0
80030,0,0,0,0,0,0,0,0,1,0
90002,0,0,0,0,0,0,0,0,0,0
90004,0,0,0,1,0,0,0,0,1,0
90006,0,0,0,0,0,0,0,0,1,0
90008,0,1,0,0,0,0,0,0,1,0
90010,0,0,0,0,0,0,0,0,1,0
90012,0,0,0,0,0,0,0,0,1,0
90014,0,0,0,0,0,0,0,0,1,0
90016,0,0,0,1,0,0,0,0,1,0
90018,0,0,0,0,0,0,0,0,1,0
90020,0,0,0,0,0,0,0,0,1,0
90022,0,0,0,0,0,0,0,0,1,0
90024,0,1,0,0,0,0,0,0,1,0
90026,0,,0,0,0,0,0,0,0,0
90028,0,0,0,0,0,0,0,0,0,0
100002,0,0,0,1,0,0,0,0,1,0
100004,0,0,1,0,0,0,0,0,1,0
100006,0,0,0,0,0,0,0,0,1,0
100008,0,0,0,0,0,0,0,0,0,0
100010,0,0,1,0,0,0,1,1,1,0
100012,0,0,0,0,0,0,0,0,0,0
100014,0,0,0,0,0,0,0,0,0,0
100016,0,0,1,0,0,0,1,0,1,0
100018,0,0,0,0,0,0,0,0,1,0
100020,0,0,0,1,0,0,0,0,1,0
100022,0,0,0,1,0,0,0,0,1,0
100024,0,0,0,1,0,0,0,0,1,0
100026,0,0,0,0,0,0,0,0,1,0
100028,0,0,1,1,0,0,0,1,1,0
100030,0,0,0,0,0,0,0,0,1,0
110002,0,0,0,1,0,0,0,0,1,0
110004,0,1,0,0,0,0,0,1,1,0
110006,0,0,0,0,0,0,0,0,1,0
110008,0,0,0,1,0,0,0,0,1,0
110010,0,1,0,1,0,0,1,0,1,0
110012,0,0,0,0,0,0,0,0,1,0
110014,0,1,0,0,0,0,0,0,1,0
110016,0,0,0,0,0,0,0,0,0,0
110018,0,0,0,1,0,0,0,0,1,0
110020,0,0,0,1,0,0,0,0,1,0
110022,0,0,0,0,0,0,1,0,1,0
110024,0,0,0,0,0,0,0,0,1,0
110026,0,0,0,1,0,0,0,0,1,0
110028,0,0,0,0,0,0,0,0,1,0
110030,0,0,0,0,0,0,0,0,1,0
120002,0,1,0,1,0,0,0,0,0,0
120004,0,0,0,0,0,1,0,0,1,0
120006,0,0,0,0,0,1,1,0,1,0
120008,0,0,0,0,0,1,1,0,1,0
120010,0,0,0,0,0,1,0,0,1,0
120012,0,0,0,0,0,0,0,0,1,0
120014,0,0,0,0,0,0,0,0,0,0
120018,0,0,0,0,0,0,0,0,1,0
120020,0,0,0,0,0,1,0,0,1,0
120022,0,0,0,0,0,0,0,0,0,0
120026,0,1,0,0,0,0,0,0,1,0
120028,0,1,0,0,0,0,0,0,1,0
120030,0,0,0,0,0,0,0,0,1,0
130002,0,0,0,0,0,0,1,0,0,0
130006,0,0,0,1,0,0,0,0,0,0
130008,0,0,0,0,0,0,0,0,0,0
130010,0,1,0,0,0,0,1,0,1,0
130012,0,0,0,0,0,0,0,0,1,0
130014,0,0,0,1,0,0,1,0,1,1
130016,0,0,0,0,1,0,1,1,1,0
130018,0,1,0,0,0,0,0,0,1,1
130020,0,1,0,1,0,0,0,0,1,0
130022,0,0,0,1,0,0,0,0,1,0
130026,0,0,1,0,0,0,0,0,1,0
130028,0,0,0,0,0,0,1,0,1,1
140002,0,0,0,0,0,0,0,0,1,0
140004,0,0,0,0,0,0,0,0,1,0
140006,0,0,0,0,0,0,1,0,1,1
140008,0,0,0,1,0,0,0,0,1,0
140010,0,0,0,1,0,0,0,0,1,0
140012,0,0,0,0,0,0,0,0,0,0
140014,0,0,0,0,0,0,0,0,1,0
140016,0,1,0,0,0,0,0,0,1,0
140018,0,0,0,1,0,0,0,0,0,0
140020,0,0,0,1,0,0,0,0,1,0
140024,0,0,0,1,0,0,1,1,1,0
140026,0,,1,0,0,0,0,0,1,0
140028,0,1,0,0,0,0,0,0,1,0
140030,0,0,0,1,0,0,0,0,1,0
150002,0,0,0,1,0,0,0,0,0,1
150004,0,0,0,1,1,0,1,0,1,1
150008,0,0,0,0,0,0,0,0,0,0
150010,0,0,0,1,0,0,1,0,1,1
150012,0,1,0,0,0,0,0,0,0,0
150014,0,0,0,1,0,0,0,0,1,0
150016,0,0,0,0,0,0,1,1,1,0
150018,0,0,0,0,0,0,1,0,1,0
150020,0,0,0,1,0,0,1,0,1,1
150022,0,0,0,1,0,0,0,0,1,0
150024,0,1,1,1,0,0,1,0,1,0
150026,0,0,0,0,0,0,0,0,0,0
150028,0,1,0,0,0,0,0,0,0,0
160002,0,0,0,0,0,0,1,0,1,0
160004,0,0,0,0,0,0,0,0,1,0
160006,0,0,0,0,0,0,0,0,1,0
160008,0,0,1,1,0,0,1,1,1,0
160010,0,0,0,0,0,0,0,0,0,0
160012,0,0,0,0,0,0,0,0,1,0
160014,0,0,0,1,0,1,0,0,1,0
160016,0,0,0,0,0,0,1,1,1,0
160018,0,0,0,0,0,0,0,0,1,0
160020,0,0,0,0,0,0,0,0,0,0
160022,0,0,0,0,0,0,0,0,0,0
160024,0,0,0,1,0,0,0,0,1,0
160026,0,0,0,0,0,0,0,0,0,0
160028,0,0,0,0,0,0,0,0,1,0
160030,0,1,0,1,0,0,0,0,0,0
170002,0,1,0,0,0,0,0,0,0,0
170004,0,0,0,0,0,0,0,0,0,0
170006,0,0,0,0,0,0,0,0,0,0
170008,0,1,0,0,0,0,0,0,0,0
170010,0,1,0,0,0,0,0,0,0,0
170012,0,0,0,0,0,0,0,0,1,0
170018,0,0,0,0,0,0,0,0,0,0
170020,0,1,0,0,0,0,0,0,0,0
170024,0,0,0,0,0,0,0,0,0,0
170026,0,0,0,0,0,0,0,0,0,0
180002,0,0,0,0,0,0,0,0,0,0
180004,0,0,0,0,0,0,0,0,0,0
180008,0,0,0,0,0,0,0,0,0,0
180010,0,1,0,0,0,0,0,0,0,0
180012,0,0,0,0,0,1,0,0,0,0
180014,0,0,0,0,0,1,0,0,0,0
180016,0,0,0,0,0,0,0,0,0,0
180018,0,1,0,0,0,0,0,0,0,0
180020,0,1,0,0,0,0,0,0,0,0
180022,0,0,0,0,0,0,0,0,0,0
180024,0,0,0,1,0,0,0,0,0,0
180026,0,0,0,0,0,1,0,0,0,0
180028,0,0,0,0,0,0,0,0,1,0
190002,0,0,0,0,0,0,0,0,1,0
190004,0,1,0,0,0,0,0,0,1,0
190006,0,0,0,1,0,0,0,0,1,0
190008,0,1,0,0,0,0,0,0,1,0
190010,0,0,0,0,0,1,0,1,1,0
190012,0,0,0,1,0,0,1,0,0,0
190014,0,0,0,1,0,0,1,1,1,0
190016,0,0,0,1,0,0,1,1,1,0
190018,0,0,0,0,0,0,0,0,1,0
190022,0,0,0,0,0,0,1,0,1,0
190024,0,0,0,1,0,0,0,0,1,0
190026,0,0,0,0,0,0,0,0,1,0
190028,0,0,0,0,0,0,0,1,1,0
190030,0,0,0,0,0,0,1,1,1,0
200002,0,1,0,1,0,0,0,0,1,0
200004,0,0,0,0,0,0,0,0,0,0
200006,0,0,0,0,0,0,0,0,1,0
200008,0,0,0,1,0,0,0,0,1,0
200010,0,0,0,1,0,1,0,0,1,0
200012,0,0,0,0,0,0,0,0,0,0
200014,0,0,0,0,0,0,0,0,0,0
200016,0,0,0,1,0,1,1,0,1,0
200020,0,0,0,0,0,0,0,0,1,0
200022,0,1,0,0,0,0,0,0,1,1
200024,0,0,0,1,0,0,1,0,1,0
200026,0,0,0,0,0,0,0,0,1,0
200028,0,0,0,1,0,0,1,1,1,1
200030,0,0,0,0,0,0,0,0,1,0
210002,0,0,0,0,0,0,0,0,1,0
210004,0,0,0,0,0,0,0,0,0,0
210006,0,0,0,0,0,0,0,0,1,0
210008,0,0,0,0,0,0,0,0,1,0
210010,0,0,0,1,0,0,0,0,1,0
210012,0,1,0,0,0,0,0,0,1,0
210014,0,0,0,0,0,0,1,1,1,0
210016,0,0,0,0,0,0,0,0,1,0
210018,0,0,0,0,0,0,1,0,1,0
210020,0,0,0,0,0,0,0,0,1,0
210022,0,0,0,0,0,0,0,0,1,0
210024,0,0,0,0,0,0,1,1,1,0
210026,0,0,0,1,0,0,0,0,1,0
210028,0,0,0,1,0,0,1,0,1,0
210030,0,0,0,0,0,0,0,0,1,0
220006,0,0,0,0,0,0,0,0,1,0
220008,0,0,0,1,0,0,0,0,1,0
220012,0,0,0,0,0,0,0,0,1,0
220014,0,0,0,0,0,0,0,0,1,0
220016,0,0,0,0,0,0,0,0,0,0
220018,0,0,0,0,0,0,0,0,1,0
220020,0,0,0,0,0,0,0,0,1,0
220022,0,0,0,1,0,0,1,0,1,1
220026,0,0,0,0,0,0,0,0,1,1
220028,0,0,0,1,0,0,0,0,1,1
220030,0,0,0,0,0,0,0,0,1,0
230002,0,0,0,0,0,0,0,0,1,0
230004,0,1,0,1,0,0,0,0,1,0
230006,0,0,0,0,0,0,0,0,1,0
230008,0,0,0,1,0,0,0,0,0,0
230010,0,1,0,0,0,0,0,0,1,0
230012,0,0,0,0,0,0,0,0,1,0
230014,0,1,0,0,0,0,0,0,1,0
230016,0,0,0,0,0,0,0,0,0,0
230018,0,0,0,1,0,0,0,1,1,0
230020,0,0,0,0,0,0,0,0,1,0
230022,0,0,0,0,0,0,1,1,1,0
230024,0,,0,1,0,0,1,0,0,0
230026,0,0,0,0,0,0,0,0,1,0
230030,0,1,1,0,1,0,1,1,1,0
240002,0,0,0,0,0,0,0,0,1,0
240004,0,0,0,1,0,0,0,0,1,0
240006,0,0,0,0,0,0,0,0,0,0
240008,0,0,0,0,0,0,0,0,1,0
240010,0,0,0,0,0,0,0,0,1,0
240012,0,1,0,0,0,0,0,0,1,1
240014,0,0,0,0,0,0,0,0,1,0
240016,0,1,0,0,0,0,0,0,1,0
240018,0,0,0,0,0,0,1,0,1,0
240020,0,0,0,0,0,1,0,0,0,0
240022,0,1,0,0,0,0,0,0,1,0
240024,0,0,0,0,0,0,0,0,1,0
240026,0,0,0,0,0,0,0,0,1,0
240028,0,0,0,0,0,0,0,1,1,0
250002,0,0,0,0,0,0,0,0,1,0
250004,0,0,0,0,0,0,0,0,0,0
250006,0,0,0,0,0,0,0,0,0,0
250008,0,0,0,0,0,0,0,0,1,0
250010,0,1,0,0,0,0,0,0,1,0
250014,0,0,1,0,0,0,0,0,1,0
250016,0,0,0,1,0,0,0,0,1,1
250018,0,0,0,1,0,0,1,1,0,1
250020,0,1,0,0,0,0,0,0,1,0
250022,0,1,0,0,0,0,0,0,1,0
250024,0,0,0,1,0,0,1,1,1,1
250028,0,0,0,0,0,0,1,1,0,0
250030,0,0,0,1,0,0,1,1,1,0
260002,0,0,0,0,0,1,0,1,1,0
260004,0,1,0,1,0,0,0,0,1,0
260006,0,0,1,1,0,0,0,0,1,0
260010,0,0,0,0,0,0,1,0,1,0
260012,0,0,0,0,0,0,0,1,1,0
260014,0,0,0,1,0,0,1,0,0,1
260016,0,0,0,1,0,0,0,0,1,0
260020,0,0,0,0,0,0,0,0,0,0
260022,0,0,0,1,0,0,1,0,1,1
260024,0,0,0,1,0,0,0,0,1,0
260026,0,1,0,0,0,0,0,1,1,0
260028,0,0,0,0,0,0,0,0,1,0
260030,0,0,0,0,0,0,1,0,1,0
270002,0,0,0,0,1,1,1,0,1,0
270006,0,0,0,0,1,0,0,1,1,0
270008,0,0,0,1,1,1,1,0,1,0
270010,0,0,0,0,1,0,0,0,1,0
270012,0,0,1,0,1,0,1,1,1,0
270014,0,0,0,1,1,0,0,0,1,0
270016,0,0,0,0,1,1,1,0,1,0
270020,0,1,0,0,1,1,0,0,1,0
270022,0,0,0,1,1,0,0,0,1,0
270024,0,0,0,0,1,0,1,0,1,0
270028,0,1,0,1,1,1,0,0,1,0
270030,0,1,0,0,1,0,1,0,1,0
280002,0,0,0,0,0,0,0,0,0,0
280004,0,0,0,0,0,0,0,0,0,0
280006,0,0,0,0,0,0,0,0,0,0
280008,,,0,0,0,0,0,0,0,0
280010,0,1,0,0,0,0,0,0,1,0
280014,0,0,0,1,0,0,0,0,0,1
280016,0,0,0,1,0,0,0,0,1,0
280018,0,0,0,0,0,0,0,0,1,0
280020,0,0,0,1,0,0,0,0,1,0
280022,0,0,0,0,0,0,0,0,0,0
280024,0,0,0,0,0,0,0,0,0,0
280026,0,0,0,0,0,0,0,0,0,0
280028,0,0,0,0,0,0,0,0,0,0
280030,0,0,0,1,0,0,0,0,1,1
290010,0,0,0,0,0,0,0,0,0,0
290012,0,0,1,0,0,0,1,0,1,0
290014,0,0,0,0,0,0,1,0,0,0
290018,0,0,0,0,0,0,0,0,1,0
290020,0,0,0,1,0,0,0,0,0,0
290022,0,0,0,0,0,0,0,0,0,0
290024,0,0,0,1,0,0,0,0,0,1
290026,0,1,0,0,0,0,0,0,0,0
290028,0,0,0,0,0,0,0,0,0,0
290030,0,0,0,0,0,0,0,0,0,0
300002,0,0,0,0,0,0,0,1,1,0
300004,0,0,0,1,0,0,0,0,0,0
300006,0,0,0,1,0,0,1,1,0,1
300008,0,0,0,1,0,0,1,0,1,0
300010,0,0,0,0,0,0,0,0,0,0
300014,0,0,0,0,0,1,0,1,0,0
300016,0,0,0,1,0,0,1,0,1,1
300018,0,0,0,0,0,0,0,0,0,0
300020,0,0,0,0,0,0,0,0,0,0
300024,0,1,0,1,0,0,1,1,0,1
300026,0,1,0,0,0,0,0,0,0,0
300028,0,1,0,1,0,0,1,0,1,1
300030,0,0,0,0,0,0,0,0,1,0
310002,0,0,0,0,0,1,0,1,1,1
310004,0,0,0,0,0,0,0,0,0,0
310006,0,0,0,0,0,1,0,0,1,0
310008,1,0,0,1,0,0,0,0,0,0
310010,0,0,0,0,0,0,0,0,1,0
310012,0,0,0,1,0,1,0,0,1,0
310014,0,0,1,0,0,0,0,0,0,0
310016,1,0,0,0,0,0,0,0,1,0
310018,0,0,0,0,0,0,0,0,1,0
310020,0,1,0,0,0,0,0,0,1,0
310022,0,1,0,0,0,0,1,0,1,0
310024,0,0,1,1,0,0,0,0,1,0
310026,0,1,1,1,0,0,1,0,0,1
310028,0,0,1,1,0,0,1,0,1,1
310030,0,0,0,0,0,0,0,0,1,0
320002,0,0,0,1,1,1,0,0,0,0
320004,0,0,1,0,1,0,0,0,1,0
320006,0,0,0,0,1,0,1,0,1,0
320008,0,0,0,1,1,0,0,0,1,0
320010,0,0,0,0,1,0,0,0,1,0
320012,0,0,0,0,1,1,0,0,0,0
320014,0,0,0,1,1,1,0,0,1,1
320016,0,0,1,1,1,1,1,0,1,0
320018,0,1,0,0,1,0,0,0,0,0
320020,0,1,0,1,1,1,1,0,1,1
320022,0,0,0,0,1,1,0,0,1,0
320024,0,0,0,1,1,0,1,0,1,1
320026,0,1,1,1,1,0,1,0,1,1
320028,0,0,0,1,1,1,1,0,1,1
320030,0,0,0,1,1,1,1,0,1,1
330002,0,1,0,0,0,0,1,0,1,0
330004,0,0,0,0,0,0,0,0,0,0
330006,0,0,0,1,0,0,0,0,1,0
330008,0,1,0,0,0,0,0,0,0,0
330010,0,0,0,0,1,1,0,0,1,0
330012,0,0,0,0,0,1,0,0,1,0
330014,0,0,0,0,0,0,0,0,1,0
330016,0,0,0,1,0,0,0,0,0,0
330018,0,0,0,0,0,0,0,0,1,0
330020,0,1,0,0,1,0,1,1,1,0
330022,0,1,0,0,0,0,1,0,1,0
330024,0,,0,0,0,0,1,0,1,0
330026,0,0,1,0,0,0,0,1,1,0
330028,0,0,0,1,0,0,1,0,0,0
330030,0,0,0,0,0,1,0,1,0,0
340002,0,0,0,1,1,1,1,0,1,0
340004,0,1,1,0,1,0,0,0,1,0
340006,0,1,0,1,1,0,1,0,1,0
340008,0,0,1,1,1,0,1,1,1,0
340010,0,0,0,0,1,0,1,0,1,0
340012,0,0,1,1,1,1,0,0,1,0
340014,0,0,0,1,1,0,1,1,1,1
340016,0,0,0,0,0,0,0,0,1,0
340018,0,0,1,1,0,0,1,0,1,0
340020,0,0,0,1,0,0,1,0,1,0
340022,0,0,0,0,0,0,1,0,1,0
340024,0,0,0,1,0,1,0,0,0,0
340026,0,0,0,0,0,1,0,0,0,0
340028,0,0,0,0,0,1,0,0,0,0
340030,0,0,0,0,0,0,0,0,1,0
350002,0,0,0,1,0,0,0,0,0,0
350004,0,0,0,0,0,0,0,0,0,0
350006,0,0,0,0,0,0,0,1,1,1
350008,0,0,0,1,0,0,0,1,1,0
350010,0,0,0,0,0,0,1,1,1,1
350012,0,0,0,0,0,1,0,0,1,0
350014,0,1,0,0,0,0,0,1,0,0
350016,0,0,0,0,0,0,1,0,0,0
350018,0,0,0,0,0,0,0,0,1,0
350020,0,0,0,0,0,1,0,0,1,0
350022,0,0,1,0,0,0,0,0,1,1
350024,0,0,1,1,0,0,1,0,1,0
350026,0,0,1,0,0,0,0,0,1,0
350028,0,0,0,0,0,0,0,0,1,0
350030,0,1,0,0,0,1,0,1,1,0
360002,0,1,0,,0,0,0,0,1,0
360004,0,0,0,0,0,0,0,0,0,0
360006,0,0,0,0,0,0,0,1,1,0
360008,0,0,0,0,0,0,0,0,1,0
360010,0,0,0,0,0,1,1,1,1,0
360012,0,0,0,0,0,0,0,0,1,0
360014,0,0,0,0,0,0,0,0,1,0
360016,0,0,0,0,0,0,0,0,1,0
360018,0,0,0,0,0,0,0,1,1,0
360020,0,0,0,1,0,0,0,0,1,0
360022,0,0,0,1,0,0,0,0,1,0
360024,0,0,1,0,0,0,0,0,1,0
360026,0,0,0,0,0,0,0,0,1,0
360028,0,0,0,1,0,0,1,1,1,1
360030,0,0,0,1,0,0,0,0,1,0
370002,0,1,0,0,0,0,0,0,0,0
370004,0,0,0,0,0,0,0,0,0,0
370006,0,0,0,0,0,0,0,0,0,0
370008,1,0,0,0,0,0,0,0,0,0
370010,0,0,0,0,0,0,0,0,0,0
370012,0,0,0,0,0,0,0,0,1,0
370014,0,1,0,0,0,0,0,0,0,0
370016,0,1,1,0,0,0,0,0,1,0
370018,0,0,0,0,0,0,0,0,0,0
370020,,,0,1,0,0,0,0,0,0
370022,0,0,0,0,0,0,0,0,0,0
370024,0,0,0,1,0,0,0,0,0,0
370026,0,0,0,1,0,0,0,0,0,0
370028,0,1,0,0,0,0,0,0,0,0
370030,0,0,0,1,0,0,0,0,0,0
380002,0,0,0,0,0,0,0,0,0,0
380004,0,0,0,0,0,0,0,0,1,0
380006,0,0,0,0,0,0,0,0,0,1
380008,0,0,0,0,0,0,0,0,1,0
380010,0,0,0,0,0,0,0,0,0,0
380012,0,0,0,0,0,1,0,0,0,0
380014,0,0,0,0,0,1,0,0,0,0
380016,0,0,0,0,0,1,0,0,0,0
380018,0,0,0,0,0,0,0,0,0,0
380020,0,0,0,0,0,0,0,0,0,0
380022,0,0,0,0,0,0,0,0,0,0
380024,0,0,0,0,0,0,0,0,0,0
380026,0,0,1,0,0,0,0,0,0,0
380028,0,0,0,0,0,0,0,0,1,0
380030,0,0,0,0,0,0,0,0,1,0
390002,0,0,0,0,0,0,0,0,0,0
390004,0,0,0,0,0,0,0,0,0,0
390006,0,0,0,0,0,0,0,0,0,0
390008,0,,0,0,0,0,0,0,0,0
390010,,0,0,0,0,0,0,0,0,0
390012,0,1,0,0,0,0,0,0,0,0
390014,0,0,0,0,0,0,1,0,0,0
390016,0,0,0,0,0,0,0,0,0,0
390018,0,0,0,0,0,0,0,0,0,0
390020,0,0,0,0,0,0,0,0,1,0
390022,0,0,0,0,0,0,0,0,1,0
390024,0,0,0,0,0,0,0,0,1,0
390026,0,0,0,0,0,0,0,0,1,0
390028,0,0,0,0,0,0,0,0,1,0
390030,0,0,0,0,0,0,0,0,0,0
400002,0,0,0,0,0,0,0,0,0,0
400004,0,1,0,0,0,0,0,0,0,0
400006,0,0,0,1,0,0,0,1,0,0
400008,0,,0,1,0,1,1,0,1,0
400010,0,,0,0,0,0,0,0,0,0
400012,0,0,0,1,0,0,0,0,0,0
400014,0,0,0,0,0,0,0,0,1,0
400016,0,1,0,0,0,0,0,0,0,0
400018,0,0,0,0,0,0,0,0,0,0
400020,0,0,0,0,0,0,0,0,0,0
400022,0,0,0,0,0,0,0,0,1,0
400024,0,0,0,0,0,0,1,0,1,0
400026,0,0,0,0,0,0,0,0,1,0
400028,0,0,1,0,1,0,0,0,1,0
400030,0,1,0,0,0,0,0,0,1,0
410002,0,0,0,1,0,0,0,1,0,0
410004,0,0,0,,0,0,0,1,1,0
410006,0,1,0,0,0,0,0,0,0,0
410008,0,0,0,0,0,0,0,1,1,0
410010,0,0,0,0,0,0,0,1,1,0
410012,0,1,0,0,0,0,0,0,1,0
410014,0,0,0,0,0,0,0,0,0,0
410016,0,1,0,0,0,0,1,0,1,1
410018,0,0,0,0,0,0,0,0,1,0
410020,0,0,0,0,0,0,0,0,1,0
410022,0,0,0,0,0,0,0,0,1,0
410024,0,0,0,1,0,0,0,0,1,0
410026,0,0,0,0,0,0,0,0,1,0
410028,0,0,1,0,0,0,0,0,1,0
410030,0,0,0,0,0,0,0,0,1,0
420004,0,0,1,0,1,1,0,1,1,0
420006,0,0,0,0,0,0,0,0,1,0
420010,0,0,0,0,0,0,0,0,0,0
420012,0,0,1,1,0,0,0,0,1,0
420014,0,0,0,0,0,1,0,0,1,1
420016,0,1,0,0,0,1,0,0,1,0
420018,0,1,0,0,0,0,0,0,1,0
420020,0,0,0,1,0,0,0,0,0,0
420022,0,0,0,0,0,0,0,1,1,0
420024,0,1,0,0,0,0,0,1,1,0
420028,0,0,0,0,0,0,1,0,0,0
420030,0,1,0,0,0,0,1,1,1,0
430002,0,0,1,0,0,1,0,0,1,0
430004,0,,0,0,0,1,0,0,1,0
430006,0,1,0,0,0,1,1,1,1,1
430008,0,0,0,0,1,0,1,0,1,0
430010,0,0,0,0,0,0,0,1,1,0
430012,0,1,0,0,0,0,0,0,0,0
430014,0,0,0,,0,0,1,1,1,1
430016,0,0,0,1,1,1,0,0,0,0
430018,0,0,0,1,0,0,1,1,1,0
430020,0,0,0,0,0,0,1,1,1,1
430022,0,0,0,1,0,0,0,0,1,0
430024,0,0,0,0,0,0,0,0,1,0
430026,0,0,0,0,0,1,1,0,1,0
430028,0,0,0,1,0,0,1,0,1,1
430030,0,0,0,0,0,1,1,0,1,0
440002,0,0,0,0,0,0,0,0,1,0
440004,0,0,0,0,0,0,0,1,0,0
440006,0,0,0,0,0,0,0,1,0,0
440008,0,0,0,0,0,0,0,0,0,0
440010,0,0,0,0,0,0,0,1,1,0
440012,0,0,0,0,0,0,0,0,0,0
440014,0,0,0,0,0,0,0,0,1,0
440016,0,0,0,0,0,0,0,1,0,0
440018,0,0,0,0,0,0,0,0,1,0
440020,0,0,0,0,0,0,0,0,1,0
440022,0,0,0,0,0,0,0,0,0,0
440024,0,0,0,0,1,0,0,0,1,0
440026,0,0,0,0,0,0,0,0,1,0
440028,0,0,0,0,0,0,0,0,1,0
440030,0,0,0,0,0,0,0,0,0,0
450002,0,0,0,0,0,0,0,1,1,0
450004,0,0,1,0,1,0,1,1,1,0
450006,0,0,0,0,0,0,0,1,1,0
450008,0,0,0,0,0,0,0,0,1,0
450010,0,0,0,0,0,1,0,0,1,0
450012,0,0,0,0,0,1,0,0,1,0
450014,0,0,0,0,0,0,0,0,1,0
450016,0,0,1,0,0,0,1,0,0,0
450018,0,0,0,0,0,0,0,1,0,1
450020,0,0,1,0,0,0,0,0,0,0
450022,0,0,0,0,0,0,0,1,0,0
450024,0,0,0,0,0,0,0,0,1,0
450026,0,1,0,0,0,0,0,0,1,0
450028,0,0,0,1,0,0,0,1,1,0
450030,0,1,0,1,0,0,1,1,1,0
460002,0,0,0,1,0,0,0,0,1,0
460004,0,1,0,0,0,0,0,0,0,0
460006,0,0,0,0,0,0,0,0,1,0
460008,0,0,0,0,0,0,1,0,1,0
460010,0,1,0,0,0,0,0,0,0,0
460012,0,0,0,0,0,0,0,0,1,0
460014,0,0,0,1,0,0,0,0,1,0
460016,0,0,0,0,0,0,0,0,1,0
460018,0,0,1,0,0,0,0,0,1,0
460020,0,0,0,0,0,0,0,0,0,0
460022,0,0,0,0,0,1,0,0,0,0
460024,0,0,0,0,0,0,0,0,0,0
460026,0,0,0,0,0,0,0,0,1,0
460028,0,0,0,0,0,0,0,0,0,0
460030,0,0,0,0,0,0,0,0,1,0
470002,0,0,0,0,0,0,1,0,1,0
470004,0,0,0,0,0,0,1,0,1,0
470006,0,0,1,0,0,0,0,0,1,0
470008,0,0,0,0,0,0,0,0,1,0
470010,0,0,0,1,0,0,0,0,1,0
470012,0,0,0,0,0,0,0,0,0,0
470014,0,0,0,1,0,0,0,0,1,0
470016,0,0,0,1,0,1,0,0,1,1
470018,0,0,0,0,0,1,0,1,1,0
470020,0,0,0,0,0,1,1,0,1,0
470022,0,1,0,0,0,0,0,0,1,0
470024,0,0,0,0,0,1,0,0,1,0
470026,0,0,0,0,0,0,0,0,1,0
470028,0,1,0,0,0,0,0,0,0,0
470030,,,1,0,0,0,1,0,1,0
480002,0,0,0,1,0,0,0,0,0,0
480004,0,0,0,0,0,0,0,0,1,0
480006,0,0,0,0,0,0,0,0,0,0
480008,0,0,0,0,0,0,1,1,0,0
480010,0,0,0,0,0,0,0,0,1,0
480012,0,0,0,0,0,0,0,0,1,0
480014,0,0,0,0,0,0,1,0,0,0
480016,0,1,0,0,0,0,0,0,1,0
480018,0,,0,0,0,0,1,0,1,0
480020,0,0,0,0,0,0,0,0,0,0
480022,0,0,0,0,0,0,0,0,1,0
480024,0,0,1,0,0,0,0,0,0,0
480026,0,0,0,0,0,0,0,0,1,0
480028,0,1,0,1,0,0,0,0,0,0
480030,0,1,0,0,0,0,0,0,1,0
490002,1,0,1,0,0,0,0,0,1,0
490004,0,,1,1,1,0,1,1,1,1
490006,0,0,0,0,0,0,1,0,0,1
490008,0,0,0,1,0,0,1,0,1,0
490010,0,1,0,0,0,0,0,0,1,0
490012,0,1,0,1,0,0,1,1,0,0
490014,0,0,0,0,0,0,0,0,1,1
490016,0,0,0,0,0,1,0,0,0,0
490018,0,0,1,1,0,1,0,0,0,0
490020,0,0,0,1,0,0,0,0,1,0
490022,0,0,0,1,0,1,0,0,1,0
490024,0,0,0,1,0,0,0,0,1,0
490026,0,0,0,0,0,0,0,0,1,0
490028,0,0,0,1,0,0,0,0,0,0
490030,0,0,0,0,0,0,0,0,1,0
500002,0,0,0,0,0,0,1,0,0,0
500004,0,0,0,0,0,0,0,0,1,0
500006,0,0,0,0,0,0,0,0,0,0
500008,0,0,0,,0,0,0,0,1,1
500010,1,0,0,0,0,1,0,0,1,0
500012,0,0,0,0,0,0,0,0,1,0
500014,0,0,1,0,0,0,0,0,1,0
500016,0,1,0,0,0,0,0,0,0,0
500018,0,1,1,0,0,0,0,0,0,0
500020,0,1,0,0,0,0,0,0,1,0
500022,0,0,0,0,0,0,0,0,1,0
500024,0,0,0,0,0,0,0,1,1,0
500026,0,0,0,0,0,0,0,0,1,0
500028,0,0,0,0,0,0,0,0,1,0
500030,0,0,0,0,0,0,0,0,1,0
510002,0,1,0,0,0,0,0,0,1,0
510004,0,0,0,0,0,0,1,0,0,0
510006,0,0,0,0,0,0,0,0,1,0
510008,0,1,0,0,0,0,1,0,1,0
510010,0,0,0,0,0,0,1,0,1,0
510012,0,1,0,0,0,0,1,0,1,0
510014,0,0,0,0,0,0,0,0,1,0
510016,0,0,0,1,0,0,0,0,1,0
510018,0,0,0,1,0,0,1,0,1,1
510020,0,0,0,0,0,0,0,0,1,0
510022,0,1,0,0,0,0,0,0,1,0
510024,1,0,0,0,0,1,0,0,1,0
510026,0,0,0,1,0,0,0,1,0,0
510028,0,0,1,0,0,0,0,0,1,0
510030,0,1,0,0,0,0,0,1,1,0
520002,0,0,0,0,0,0,0,0,1,0
520004,0,0,0,0,0,0,0,0,1,0
520006,0,0,0,0,0,0,0,0,1,0
520008,0,0,0,1,0,0,0,1,1,0
520010,0,0,0,0,0,0,0,0,0,0
520012,0,0,0,0,0,0,0,0,1,0
520014,0,0,0,1,0,0,1,1,1,1
520016,0,0,0,0,0,0,1,0,1,0
520018,0,0,0,0,0,1,0,0,1,0
520020,0,0,0,0,0,0,0,1,1,0
520022,0,0,0,0,0,0,0,0,1,0
520024,1,0,0,0,0,0,0,0,0,0
520026,0,0,0,1,0,0,1,0,1,1
520028,0,1,0,0,0,0,0,0,1,0
520030,0,1,0,0,0,0,0,1,1,0
530002,0,0,0,0,0,0,0,0,1,1
530004,0,0,0,1,0,0,0,0,1,0
530006,0,0,0,0,0,0,0,0,1,0
530008,0,0,0,0,0,0,0,0,1,0
530010,0,0,0,0,0,0,0,0,1,0
530012,0,0,0,0,0,1,0,0,0,0
530014,0,0,0,0,0,0,0,0,1,0
530016,0,0,0,0,0,0,1,1,1,0
530018,0,0,0,0,0,0,1,0,1,0
530020,0,0,0,0,0,1,0,0,1,0
530022,0,0,0,0,0,0,1,0,0,0
530024,0,1,0,0,0,0,0,0,1,0
530026,0,0,0,1,0,0,1,1,1,0
530028,0,0,0,0,0,0,0,0,1,0
530030,0,1,0,0,0,0,0,0,0,0
540002,0,0,0,0,0,0,1,0,0,0
540004,0,0,0,0,0,0,0,0,0,0
540006,0,0,0,0,0,0,0,0,0,0
540008,0,0,0,0,0,0,0,0,0,0
540010,0,0,0,0,0,0,0,1,0,0
540012,0,1,0,0,0,1,0,0,0,0
540014,0,0,0,0,0,0,1,0,0,0
540016,0,0,0,0,0,0,0,0,0,0
540018,0,1,0,0,0,0,0,0,0,0
540020,0,0,0,0,0,0,0,0,1,0
540024,0,0,0,0,1,0,1,0,1,1
540026,0,0,0,0,1,0,0,0,0,0
540028,0,0,0,0,0,0,1,1,1,0
540030,0,0,0,1,0,0,1,0,1,1
550002,0,1,0,0,1,0,0,0,1,0
550004,0,0,0,0,1,0,0,0,1,0
550006,0,1,0,1,1,0,1,0,0,0
550008,0,0,0,0,1,0,1,1,1,0
550010,0,0,1,0,1,0,1,0,1,0
550012,0,0,0,0,0,0,0,0,1,0
550014,0,0,0,0,0,0,0,0,1,0
550016,0,1,0,0,0,0,0,0,1,0
550018,0,0,0,1,0,0,0,0,0,0
550020,0,0,0,1,0,0,0,0,0,0
550022,0,0,0,0,0,0,0,0,0,0
550024,0,1,1,1,1,1,1,0,1,0
550026,0,0,0,1,0,0,0,0,0,0
550028,0,0,0,0,0,0,0,0,0,0
550030,0,0,0,0,0,0,1,1,1,1
560002,0,0,0,0,0,0,0,0,0,0
560004,0,0,0,0,0,0,0,1,1,0
560006,0,0,0,0,1,0,0,1,1,0
560008,0,0,0,0,1,0,0,1,1,0
560010,0,0,0,1,1,0,1,1,1,1
560012,0,1,0,0,0,0,0,0,1,0
560014,0,1,0,0,0,0,0,0,0,0
560016,0,0,0,1,0,0,1,0,1,0
560018,0,0,0,0,0,0,0,0,0,0
560020,0,0,0,1,0,0,0,0,1,0
560022,0,0,0,0,0,0,0,0,1,0
560024,0,0,1,1,0,0,1,0,0,1
560026,0,0,1,0,0,0,0,1,0,0
560028,0,1,0,0,0,0,0,0,0,1
560030,0,0,1,0,0,0,0,0,0,0
570002,0,1,0,0,0,0,0,0,0,0
570004,0,0,0,0,0,0,0,0,0,0
570006,0,0,1,0,0,0,0,0,0,0
570008,0,0,0,0,0,0,0,0,0,0
570010,0,0,0,0,0,0,0,0,1,0
570012,0,0,0,0,0,0,0,0,0,0
570014,0,0,0,0,0,0,0,0,0,0
570016,0,0,0,0,0,0,0,0,0,0
570018,0,0,0,0,0,0,0,0,0,0
570020,0,0,0,0,0,0,0,0,0,0
570022,0,0,0,0,0,0,0,0,0,0
570024,0,0,0,0,0,1,0,0,0,0
570026,0,0,0,0,0,0,0,0,0,0
570028,0,0,0,0,0,1,0,0,0,0
570030,0,0,0,0,0,0,0,0,0,0
580002,0,0,0,1,0,0,0,0,0,0
580004,0,1,0,0,0,0,0,0,1,0
580006,0,0,0,0,0,0,0,0,0,0
580008,0,0,0,1,0,0,1,0,0,0
580010,0,0,0,,0,0,1,1,1,0
580012,,0,0,0,0,0,0,0,1,1
580014,0,0,0,0,0,0,1,0,1,0
580016,0,0,0,0,0,0,0,0,0,0
580018,0,0,0,0,0,0,1,0,1,0
580020,0,0,0,0,0,0,0,0,0,0
580022,0,0,0,0,0,0,0,1,1,0
580024,0,1,0,1,0,0,1,0,1,0
580026,0,0,0,0,0,0,0,0,0,0
580028,0,0,0,,1,0,1,0,1,0
580030,0,0,0,1,0,0,0,0,0,0
590002,0,0,0,0,0,0,0,0,1,0
590004,0,0,0,1,0,0,0,0,0,0
590006,0,0,0,0,0,0,1,0,1,0
590008,0,0,0,0,0,0,0,0,1,0
590010,0,0,0,0,0,0,1,0,0,1
590012,0,0,0,0,0,0,0,0,1,0
590014,0,0,0,0,0,0,1,1,1,0
590016,0,0,0,0,0,0,0,0,1,0
590018,0,0,0,1,0,0,1,0,1,0
590020,0,0,0,0,0,0,1,0,1,1
590022,0,1,0,0,0,0,0,0,1,0
590024,0,0,0,0,0,0,1,0,1,0
590026,0,0,0,1,0,0,0,0,1,0
590028,0,0,0,1,0,0,0,0,1,0
590030,0,1,0,0,0,0,0,0,1,0
600002,0,0,0,1,0,0,0,0,1,0
600004,0,0,0,0,0,0,0,0,1,0
600006,0,0,0,1,0,0,1,0,1,1
600008,0,1,0,0,0,0,0,0,1,1
600010,0,0,0,1,0,0,0,0,1,0
600012,0,0,0,1,0,0,0,0,1,0
600014,0,0,0,0,0,0,0,0,1,0
600016,0,0,0,0,0,0,1,0,1,1
600018,0,0,0,0,0,0,1,0,1,0
600020,0,0,0,0,0,0,0,0,0,0
600022,0,0,0,0,0,0,0,0,0,0
600024,0,0,0,0,0,0,0,0,0,0
600026,0,0,0,0,0,1,0,0,0,0
600028,0,0,0,1,0,0,0,0,0,0
600030,0,0,1,0,0,1,0,0,1,0
610002,0,0,0,0,0,0,1,0,1,0
610004,0,0,1,1,0,0,1,0,1,0
610006,0,0,0,0,0,0,1,0,1,0
610008,0,0,1,0,0,0,0,0,0,0
610010,0,0,0,0,0,0,0,0,1,0
610012,0,0,1,1,0,0,0,0,1,0
610014,0,0,0,1,0,0,0,0,1,0
610016,0,0,1,0,0,0,1,0,0,0
610018,0,0,1,0,0,0,1,1,1,0
610020,0,0,0,0,0,1,0,0,0,0
610022,0,0,0,0,0,0,0,0,1,0
610024,0,0,1,0,0,0,0,0,1,0
610026,0,0,0,0,0,0,0,1,1,0
610028,1,1,0,0,0,0,0,0,0,0
610030,0,0,0,1,0,0,0,0,1,1
620002,0,0,1,0,0,0,1,1,1,0
620004,0,0,1,0,0,0,1,1,0,0
620006,0,0,0,1,0,0,1,0,0,1
620008,0,1,1,0,0,0,0,0,1,0
620010,0,0,1,0,0,0,0,0,0,0
620012,0,1,1,0,0,0,0,0,1,0
620014,0,1,1,1,1,1,1,0,1,0
620016,0,0,0,1,0,0,1,0,1,0
620018,0,0,0,0,0,0,0,0,1,0
620020,0,0,0,1,0,0,1,0,1,0
620022,0,0,0,0,0,0,1,1,1,0
620024,0,1,0,0,0,0,0,0,0,0
620026,0,0,0,0,0,0,0,0,0,0
620028,0,0,0,1,0,0,0,0,0,1
620030,0,0,0,1,0,0,0,0,0,0
630002,0,0,1,0,0,0,1,0,1,0
630004,0,0,0,0,0,0,1,0,1,0
630006,0,0,0,1,0,0,1,0,1,0
630008,0,0,1,0,0,0,1,1,0,0
630010,,,0,1,0,0,0,0,1,0
630012,0,0,1,0,0,0,1,0,0,0
630014,0,0,1,0,0,0,0,0,1,0
630016,0,0,1,0,0,0,1,1,1,0
630018,0,0,0,0,0,0,0,0,1,0
630020,0,0,0,0,0,0,0,0,1,0
630022,0,0,0,0,0,1,0,0,1,0
630024,0,0,0,1,0,0,0,1,1,0
630026,0,0,0,0,0,1,0,0,1,0
630028,0,0,0,0,0,1,1,0,1,0
630030,0,0,0,1,0,0,1,1,1,1
640002,0,0,1,0,0,0,0,0,0,0
640004,0,1,0,1,0,0,0,0,0,0
640006,0,0,1,0,0,0,0,0,0,0
640008,0,0,1,0,0,0,0,0,0,0
640010,0,0,0,0,0,0,0,0,0,0
640012,0,1,1,0,0,0,0,0,0,0
640014,0,0,1,0,0,0,0,0,1,0
640016,0,0,1,1,0,0,0,0,1,0
640018,0,0,0,0,0,0,0,0,1,1
640020,0,0,1,0,0,0,0,0,1,0
640022,0,0,0,1,0,1,0,0,0,0
640024,0,0,0,1,0,0,0,0,1,0
640026,0,0,1,1,0,0,1,0,0,0
640028,0,0,0,0,0,0,0,0,0,0
640030,0,0,0,0,0,0,1,0,1,0
650002,0,0,0,0,0,0,0,1,1,0
650004,0,0,0,0,0,1,0,0,1,0
650006,0,0,1,0,0,1,0,0,1,0
650008,0,1,1,0,0,0,0,0,1,0
650010,0,0,1,1,0,0,1,1,1,0
650012,0,0,1,0,0,0,1,0,1,0
650014,0,0,0,1,0,0,1,0,1,0
650016,0,0,0,0,0,1,1,0,1,0
650018,0,0,1,1,0,1,1,1,1,0
650020,0,0,1,0,0,1,0,0,0,0
650022,0,1,0,1,0,0,0,0,1,0
650024,0,0,0,0,0,0,1,0,1,0
650026,0,0,0,0,0,0,0,0,1,0
650028,0,1,0,1,0,0,0,0,1,1
650030,0,0,0,1,0,0,0,0,1,0
660002,0,1,0,0,0,0,0,0,0,0
660004,0,0,0,0,0,0,0,0,0,0
660006,0,0,1,0,0,0,0,0,1,0
660008,0,0,1,0,0,0,0,0,1,0
660010,0,0,0,0,0,0,1,0,1,0
660012,0,0,1,0,0,0,0,0,0,0
660014,0,0,0,0,0,0,0,0,0,0
660016,0,0,1,0,0,0,0,0,0,0
660018,0,1,1,0,0,0,1,0,0,0
660020,0,0,1,0,0,0,0,0,0,0
660022,0,1,0,1,0,0,0,0,1,0
660024,0,0,0,1,0,0,1,0,1,0
660026,0,0,0,0,0,0,0,0,0,0
660028,0,0,0,0,0,0,0,0,1,0
660030,0,0,0,0,0,0,0,0,0,0
670002,0,0,1,0,0,0,0,0,1,0
670004,0,1,1,1,0,0,0,0,1,0
670006,0,0,1,0,0,0,0,0,0,0
670008,0,1,1,0,0,0,0,0,1,0
670010,0,0,1,1,0,0,0,0,1,0
670012,0,0,1,0,0,0,1,0,1,0
670014,0,0,1,1,0,0,0,0,0,0
670016,0,0,1,0,0,0,0,0,1,0
670018,0,0,1,0,0,0,0,0,1,0
670020,0,0,0,1,0,0,0,0,0,0
670022,0,0,0,0,0,0,0,0,1,0
670024,0,0,1,1,0,0,0,1,1,1
670026,0,0,1,0,0,0,0,0,1,0
670028,0,1,0,1,0,0,1,0,1,0
670030,0,0,0,0,0,0,0,0,1,0
680002,0,0,1,0,0,0,0,0,0,0
680004,0,0,1,0,0,0,0,0,1,0
680008,0,0,1,1,0,0,0,0,1,0
680010,0,0,0,0,0,0,0,0,1,0
680012,0,0,1,0,0,0,0,0,0,0
680014,0,0,0,0,0,0,0,0,0,0
680016,0,0,1,0,0,0,1,0,1,0
680018,0,0,0,1,0,0,0,1,1,0
680020,0,0,0,0,0,0,0,0,0,0
680022,0,1,0,0,0,0,0,0,1,0
680024,0,0,1,0,0,0,0,0,0,0
680026,0,0,1,0,0,0,1,0,1,0
680028,0,1,1,0,0,0,0,0,1,0
680030,0,0,0,0,0,0,0,0,0,0
690002,0,0,1,0,0,1,0,0,1,0
690004,0,0,0,0,0,0,1,0,0,0
690006,0,0,1,0,0,0,1,0,1,0
690008,0,0,0,1,0,1,1,1,1,0
690010,0,0,0,0,0,0,0,0,1,0
690014,0,0,1,0,1,1,1,0,1,0
690016,0,0,0,0,0,1,0,0,1,0
690018,0,0,1,1,0,0,0,0,1,0
690020,0,0,0,1,0,0,0,0,1,1
690022,0,0,0,1,0,0,1,1,1,0
690024,0,0,0,0,0,0,0,0,0,0
690026,0,0,0,1,0,0,1,0,1,0
690028,0,0,0,1,0,0,1,0,1,0
690030,0,0,0,0,0,0,0,0,1,0
700002,0,1,1,0,0,0,0,0,1,1
700004,0,0,1,1,0,0,0,0,1,0
700006,0,0,0,0,0,0,0,0,0,1
700008,0,1,0,0,0,0,0,0,0,0
700010,0,0,1,0,0,0,0,0,0,0
700012,0,0,1,0,0,0,0,0,0,0
700014,0,0,1,0,0,0,0,0,1,0
700016,0,0,1,0,0,0,0,0,1,0
700018,0,0,1,0,0,0,0,0,0,0
700020,0,0,1,0,0,0,0,0,1,1
700022,0,0,0,0,0,0,0,0,0,0
700024,0,0,0,0,0,0,0,0,0,0
700026,0,0,0,0,0,0,0,0,0,0
700028,0,1,0,0,0,0,0,0,0,0
700030,0,0,0,0,0,0,0,0,0,0
710002,0,0,1,0,0,0,0,0,0,0
710004,0,0,1,0,0,0,0,0,0,0
710006,0,0,0,0,0,0,1,0,1,0
710008,0,0,0,0,0,0,0,0,0,0
710010,0,0,1,0,0,0,0,0,0,0
710012,1,0,0,0,0,0,1,0,1,0
710014,0,0,0,1,0,0,0,0,0,0
710016,0,0,0,0,0,0,0,0,1,0
710018,0,0,0,0,0,0,0,0,0,0
710020,0,0,0,1,0,0,0,0,0,0
710022,0,0,0,0,0,0,0,0,1,0
710024,0,0,0,0,0,0,0,0,0,0
710026,0,0,0,0,0,0,0,0,0,0
710028,0,0,0,0,0,0,0,0,0,0
710030,0,0,0,1,0,0,0,0,0,0
720002,0,0,1,0,0,0,0,0,0,0
720004,0,0,0,0,0,0,1,0,0,0
720006,0,0,1,0,0,0,0,0,0,0
720008,0,0,1,1,0,0,1,0,1,0
720012,0,0,0,0,0,0,0,0,0,0
720016,0,0,1,0,0,0,0,0,0,0
720020,0,0,0,0,0,0,0,0,0,0
720022,0,0,0,0,0,0,0,0,0,0
720024,0,0,0,0,0,0,0,0,0,0
720028,0,0,0,0,0,0,0,0,0,0
720030,0,0,0,0,0,0,0,0,0,0
730002,0,1,0,0,0,0,0,0,0,0
730004,0,0,1,0,0,0,1,0,1,0
730006,0,1,1,0,0,0,1,0,1,0
730008,0,0,1,0,0,0,0,0,0,0
730010,0,0,1,0,0,0,1,0,0,0
730012,0,0,0,0,0,0,0,0,0,0
730014,0,0,1,0,0,0,0,0,1,0
730016,0,0,1,0,0,0,0,0,1,0
730020,0,0,0,1,0,0,0,0,1,0
730022,0,0,0,0,0,0,0,0,1,0
730024,0,0,0,0,0,0,0,1,1,0
730026,0,0,0,0,0,0,1,0,1,0
730028,,0,0,0,0,0,0,0,1,0
730030,0,0,0,0,0,0,0,0,1,0
740002,0,0,0,0,0,0,0,0,0,0
740004,0,0,1,1,0,0,1,1,1,0
740006,0,0,1,0,0,0,0,0,1,0
740008,0,0,0,0,0,0,1,0,1,0
740010,0,0,1,0,0,0,1,0,0,0
740012,0,1,0,0,0,0,0,0,1,0
740016,0,0,1,0,0,0,0,0,0,0
740018,0,0,1,0,0,0,0,0,1,0
740020,0,0,0,0,0,0,0,0,1,0
740022,0,0,0,0,0,0,0,0,0,0
740024,0,1,0,0,0,0,0,0,0,0
740026,0,0,1,0,0,0,0,0,0,0
740028,0,0,0,0,0,0,0,0,1,0
740030,0,0,0,0,0,0,0,0,0,0
750002,0,0,0,1,0,0,1,0,0,1
750004,0,0,0,0,0,0,0,1,1,1
750006,0,1,1,1,0,0,0,0,0,0
750008,0,0,0,1,0,0,0,0,0,0
750012,0,,1,0,0,0,0,1,0,0
750014,0,0,0,0,0,0,0,0,0,0
750016,0,0,1,0,0,0,0,1,1,0
750018,0,0,1,0,0,0,1,0,1,0
750020,0,0,1,1,0,0,1,1,1,0
750022,0,0,1,0,0,0,0,0,1,0
750024,0,0,0,0,0,0,0,0,0,0
750026,0,0,0,0,0,0,1,0,1,0
750028,0,0,0,1,0,0,0,1,1,0
750030,0,0,0,0,0,0,0,0,0,0
760002,0,0,1,1,0,0,1,0,0,0
760004,0,0,0,0,0,0,0,0,1,0
760006,0,0,1,0,0,0,0,0,1,0
760008,0,1,0,0,0,1,1,0,1,0
760010,0,0,0,0,0,0,0,0,0,0
760012,0,0,0,0,0,0,0,0,1,0
760014,0,0,0,0,0,0,0,0,1,0
760016,0,0,0,0,0,0,0,0,1,0
760018,0,0,0,1,0,0,0,0,1,0
760020,0,0,1,0,0,0,0,0,0,0
760022,0,0,0,0,0,0,0,0,0,0
760024,1,0,1,0,0,0,0,0,0,0
760026,0,0,0,0,0,0,0,0,0,0
760028,0,0,0,0,0,0,0,0,1,0
760030,0,1,0,0,0,0,0,0,1,0
770002,0,0,0,0,0,0,0,0,1,0
770004,0,0,0,1,0,0,0,0,1,0
770006,0,0,1,0,0,0,0,1,1,0
770008,0,0,1,1,1,0,0,1,1,0
770010,0,1,1,1,0,0,0,0,0,0
770012,1,0,1,1,0,0,0,0,0,0
770014,0,0,0,0,0,0,0,0,1,0
770016,0,1,0,1,0,0,1,0,1,0
770018,0,0,0,0,0,0,0,0,0,0
770020,0,0,1,0,0,0,0,0,0,0
770022,0,0,0,0,0,1,1,0,0,0
770024,0,0,0,0,0,0,0,0,1,0
770026,0,0,1,1,0,0,1,1,1,0
770028,0,1,0,1,0,0,1,0,0,1
770030,0,1,0,0,0,0,1,0,1,0
780002,0,0,1,0,0,0,1,0,1,0
780004,0,0,0,0,0,0,0,0,1,0
780006,0,0,1,1,0,0,1,0,1,0
780008,0,0,0,0,0,0,0,0,0,0
780010,0,0,0,0,0,0,1,0,1,0
780012,0,0,1,1,0,0,0,0,1,0
780014,0,0,0,1,0,0,0,0,1,0
780016,0,0,0,1,0,0,0,1,1,0
780018,0,0,0,1,0,0,0,0,0,0
780020,0,0,1,0,0,0,1,1,0,0
780022,0,0,0,1,0,0,1,0,1,0
780024,0,0,0,0,0,0,0,0,0,0
780026,0,1,0,1,0,0,1,1,0,0
780028,0,0,0,1,0,0,0,0,1,0
780030,0,0,0,0,0,0,0,0,1,0
790002,0,0,0,1,0,0,0,0,1,0
790004,0,0,1,1,0,0,0,0,1,0
790006,0,1,0,0,0,0,0,0,1,0
790008,0,0,1,0,0,0,0,0,1,0
790010,0,0,0,0,0,0,0,0,1,0
790012,0,0,0,1,0,0,0,0,1,0
790014,0,0,0,0,0,0,0,0,1,0
790016,0,0,1,0,0,0,0,1,1,0
790018,0,0,0,1,0,0,0,0,1,0
790020,0,0,1,1,0,0,0,0,1,0
790022,0,0,0,0,0,0,0,0,0,0
790024,0,1,0,0,0,0,0,0,1,0
790026,0,0,0,0,0,0,0,1,1,0
790028,0,0,0,0,0,0,1,1,1,1
790030,0,0,0,1,0,0,0,0,1,0
800002,0,1,0,1,0,0,1,0,1,1
800004,0,0,1,0,0,0,0,0,0,0
800006,0,0,0,0,0,0,1,0,1,0
800010,0,0,0,1,1,1,1,1,1,0
800012,0,0,1,1,0,0,0,0,0,0
800014,0,0,0,1,0,0,0,0,1,1
800016,0,0,1,0,0,0,0,0,0,0
800018,0,0,0,1,0,1,0,0,1,1
800020,1,0,1,0,0,0,0,0,0,0
800022,0,0,1,0,0,0,1,0,1,0
800024,0,0,1,0,0,0,1,0,1,0
800028,0,1,1,0,1,0,0,0,1,0
810002,0,0,0,0,0,0,1,0,1,0
810004,0,0,0,0,0,0,0,0,0,0
810006,0,0,1,0,0,0,0,0,0,0
810008,0,0,1,0,0,0,0,1,1,0
810010,0,0,1,0,0,0,0,0,1,0
810012,0,1,0,0,0,0,1,0,1,0
810014,0,0,1,0,0,0,0,0,1,0
810016,0,0,0,1,0,0,1,0,1,0
810018,0,0,1,0,0,0,0,0,0,0
810020,0,0,0,0,0,0,0,0,0,0
810022,0,0,0,0,0,0,0,0,0,0
810024,0,,0,0,0,0,0,0,0,0
810026,0,0,0,1,0,0,0,1,1,0
810028,0,0,0,0,0,0,1,0,0,0
810030,0,0,0,0,0,0,0,0,0,0
820002,0,0,1,0,0,0,0,0,0,0
820004,0,1,0,0,0,0,0,0,1,0
820006,0,0,1,0,0,0,0,0,0,0
820008,0,0,0,0,0,0,0,0,0,0
820010,0,0,1,0,0,0,0,0,0,0
820012,0,0,1,0,0,0,0,0,1,0
820014,0,0,1,0,0,0,0,0,0,0
820016,0,0,0,0,0,0,0,0,0,0
820018,0,0,1,0,0,0,0,0,1,0
820020,0,0,0,1,0,0,1,0,1,0
820022,0,0,0,0,0,0,1,1,1,1
820024,0,0,0,0,0,0,0,0,0,0
820026,0,0,0,0,0,0,0,0,0,0
820028,0,1,0,0,0,0,1,0,1,0
820030,0,0,0,0,0,0,0,1,0,0
830002,0,0,0,0,0,0,0,0,0,0
830004,0,0,0,0,0,0,0,0,0,0
830006,0,0,0,1,0,0,0,0,0,1
830008,0,0,1,0,0,0,0,0,1,0
830010,0,0,0,0,0,0,0,0,0,0
830012,0,1,1,0,0,0,1,0,0,0
830014,0,0,1,0,0,0,0,1,0,0
830016,0,0,0,0,1,0,1,0,1,0
830018,0,0,0,0,0,0,0,0,0,0
830020,0,0,1,0,0,0,0,0,1,0
830022,0,0,1,0,0,0,0,0,0,0
830024,0,0,0,0,0,0,0,0,0,0
830026,0,0,0,0,0,0,1,0,0,0
830028,0,1,0,0,0,0,0,0,0,0
830030,0,0,0,0,0,0,0,0,0,0
840002,0,0,1,1,0,0,1,0,1,0
840004,0,1,1,0,0,0,0,0,1,0
840006,0,0,1,0,0,1,0,0,0,0
840008,0,0,0,0,0,1,1,0,1,0
840010,0,0,1,0,0,0,0,0,1,0
840012,0,0,1,0,0,1,1,1,1,0
840014,0,0,1,0,0,0,1,0,1,0
840016,0,0,0,1,0,1,0,0,1,0
840018,0,1,0,1,0,0,0,0,1,0
840020,0,0,1,0,0,0,0,0,1,0
840022,0,0,0,0,0,0,0,0,0,0
840024,0,0,0,0,0,0,1,0,0,0
840026,0,0,0,0,0,0,0,0,1,0
840028,0,0,0,0,0,0,1,1,0,0
840030,0,0,0,0,0,0,0,0,1,0
850002,0,0,1,0,0,0,0,0,0,0
850004,0,0,1,1,0,0,0,0,0,0
850006,0,0,0,1,0,0,0,0,1,0
850008,0,0,0,0,0,0,0,1,1,0
850010,0,1,0,0,0,0,0,0,0,0
850012,,,0,1,0,0,0,1,1,0
850014,0,0,0,1,0,0,0,0,1,1
850016,0,0,0,0,0,0,0,0,0,0
850018,0,0,1,0,0,0,0,0,1,0
850020,0,0,0,1,0,0,0,0,0,0
850022,0,0,0,0,0,0,0,0,1,0
850024,0,0,0,0,0,0,0,0,1,0
850026,0,1,0,0,0,0,0,0,0,0
850028,0,0,0,1,0,0,0,0,1,0
850030,0,0,0,0,0,0,0,0,0,0
860002,0,0,0,0,0,0,0,0,0,0
860004,0,0,1,0,0,0,1,0,1,0
860006,0,0,1,0,0,0,0,0,0,0
860008,0,0,1,0,0,0,0,0,0,0
860010,0,0,1,0,0,0,0,0,0,0
860012,0,0,0,1,0,0,0,0,0,0
860014,0,0,0,0,0,0,0,0,0,0
860016,0,0,0,1,0,0,0,0,0,1
860018,1,0,1,0,0,0,0,0,0,0
860020,0,0,0,0,0,0,0,0,1,0
860022,0,0,0,0,0,0,1,0,1,0
860024,0,0,1,0,0,0,0,0,1,0
860026,0,0,0,1,0,0,0,0,1,0
860028,0,0,0,0,0,0,0,0,1,0
860030,0,0,0,1,0,0,0,0,1,1
870002,0,0,1,0,0,0,0,0,0,0
870004,0,0,1,0,0,0,0,0,0,0
870006,0,0,1,0,0,0,0,0,1,0
870008,0,0,0,1,0,0,0,0,0,1
870010,0,0,0,1,0,0,0,1,1,0
870012,0,0,1,0,0,0,0,0,1,0
870014,0,0,1,0,0,0,0,1,1,0
870016,0,,0,0,0,0,0,0,1,0
870018,0,0,0,0,0,0,1,0,1,0
870020,0,0,0,1,0,0,0,0,1,0
870022,0,0,0,0,0,0,0,0,1,0
870024,0,0,0,1,0,0,0,0,1,0
870026,0,0,0,0,0,0,0,0,1,0
870028,0,0,0,1,0,0,0,0,1,0
870030,0,0,0,0,0,0,0,0,1,0
880002,0,0,0,0,0,0,0,0,1,0
880004,0,0,0,0,0,1,0,0,1,0
880006,0,0,0,0,0,0,1,0,1,0
880008,0,1,0,0,0,0,1,0,0,0
880010,0,0,0,0,0,0,1,0,1,0
880012,0,0,0,1,0,0,1,0,1,0
880014,0,0,1,1,0,1,0,0,1,0
880016,0,1,1,0,0,0,0,0,1,0
880018,0,0,1,0,0,0,1,0,1,0
880020,0,0,0,0,0,0,0,0,1,0
880022,0,0,0,1,0,0,0,0,0,0
880024,0,0,0,0,0,0,0,0,1,0
880026,0,0,0,0,0,0,0,0,1,0
880028,0,1,0,0,0,0,0,0,1,0
880030,0,0,0,0,0,0,0,0,0,0
890002,0,0,1,1,0,0,0,0,0,0
890004,1,0,1,1,0,0,0,0,1,0
890006,0,0,0,0,0,0,0,0,1,1
890008,0,0,1,0,0,0,0,0,1,0
890010,0,0,1,0,0,0,0,0,1,0
890012,0,1,1,0,0,0,0,0,1,0
890014,0,0,1,1,0,0,0,1,1,0
890016,0,0,0,0,0,0,0,0,0,0
890018,0,0,1,0,0,0,0,0,1,0
890020,0,0,1,1,0,0,0,0,1,0
890022,0,0,0,0,0,0,0,0,0,0
890024,0,0,1,0,0,0,0,0,1,0
890026,0,0,0,0,0,0,0,0,1,0
890028,0,1,1,1,0,0,0,0,1,0
890030,0,0,0,1,0,0,0,0,1,0
900002,0,0,1,0,0,0,0,0,1,0
900004,0,0,0,0,0,0,0,0,1,0
900006,0,1,1,1,0,0,0,0,1,0
900008,0,0,0,0,0,0,0,0,1,0
900010,0,0,0,1,0,1,0,0,1,0
900012,0,0,1,0,0,0,0,0,1,0
900014,0,0,1,0,0,0,0,0,0,0
900016,0,0,1,0,0,0,0,0,1,0
900018,0,0,1,0,0,0,0,0,1,0
900020,0,0,1,0,0,0,1,0,1,0
900022,0,0,0,1,1,1,0,0,0,0
900024,0,0,0,1,0,1,1,0,1,1
900026,0,1,0,0,0,1,1,0,1,0
900028,0,1,1,1,0,1,0,0,1,0
900030,0,0,0,1,0,0,0,0,1,0
910002,0,0,0,1,0,1,0,0,1,0
910004,0,1,0,0,0,0,0,0,0,0
910006,0,0,0,0,0,1,1,1,1,0
910008,0,0,0,0,0,1,1,0,1,0
910010,0,0,0,0,0,1,1,0,1,0
910012,0,0,0,1,0,1,0,0,1,0
910014,0,1,0,1,0,1,0,0,1,0
910016,0,0,0,0,0,1,1,0,1,0
910018,0,0,0,0,0,1,0,1,0,0
910020,0,0,0,0,0,1,0,0,1,0
910022,0,0,0,1,0,1,1,1,1,1
910024,0,0,0,0,0,0,0,1,1,0
910026,0,1,0,0,0,1,0,1,1,0
910028,0,0,0,0,0,1,0,0,1,0
910030,0,0,0,0,0,1,1,1,1,0
920002,0,0,0,0,1,1,0,1,1,0
920004,0,0,0,0,0,0,0,0,1,0
920006,0,0,0,0,0,0,0,0,1,0
920008,0,0,0,0,0,1,0,1,1,0
920010,0,0,0,0,0,0,1,1,1,0
920012,0,0,0,0,0,0,0,0,1,0
920014,0,1,0,1,0,0,1,1,1,1
920016,0,1,0,0,0,0,1,0,1,0
920018,0,0,0,0,0,1,0,0,1,0
920020,0,0,0,0,0,0,0,0,0,0
920022,0,1,0,0,0,0,0,0,1,0
920024,0,0,0,0,0,1,0,0,1,0
920026,0,0,1,1,0,1,0,1,1,0
920028,0,0,0,1,0,1,0,1,1,0
920030,0,1,0,1,0,1,1,1,1,1
930002,0,0,0,0,0,1,1,0,1,0
930004,0,0,0,0,0,0,1,0,1,0
930006,0,0,0,1,0,0,1,1,1,0
930008,0,0,0,0,0,0,0,0,0,0
930010,0,0,0,1,0,0,1,1,1,1
930012,0,0,0,0,0,0,0,0,1,0
930014,0,1,0,1,1,0,1,1,1,0
930016,0,0,0,1,1,0,1,1,0,0
930018,0,0,0,1,1,0,1,1,1,0
930020,0,1,0,1,0,0,0,1,1,0
930022,0,0,0,1,0,0,1,0,1,1
930024,0,0,0,0,0,0,1,0,1,0
930026,0,0,0,0,0,0,0,0,1,0
930028,0,0,0,0,0,0,1,1,0,0
940002,0,1,0,0,0,0,0,0,0,0
940004,0,1,0,0,0,0,1,0,1,0
940006,0,1,1,0,0,0,0,0,0,0
940008,0,0,0,1,0,0,1,1,1,0
940010,0,0,0,0,0,0,0,0,1,0
940012,0,0,0,0,0,0,0,0,1,0
940014,0,0,0,0,0,0,0,0,0,0
940016,0,0,0,0,0,0,0,0,1,0
940018,0,0,0,0,0,0,0,0,0,0
940020,0,0,0,0,0,0,0,0,0,0
940024,0,0,0,0,0,0,0,0,0,0
940026,0,0,0,0,0,0,0,0,0,0
940028,0,0,0,0,0,0,0,0,1,0
940030,0,0,0,0,0,0,0,0,1,0
950004,0,1,1,1,0,0,1,0,0,0
950006,0,0,0,0,0,0,0,0,0,0
950008,0,0,0,0,0,0,0,0,1,0
950012,0,0,0,0,0,0,0,0,1,0
950016,0,0,1,0,0,0,0,0,0,0
950018,0,0,0,1,0,0,0,0,0,0
950020,0,0,0,0,0,0,0,1,0,0
950022,0,1,0,0,0,0,1,0,1,0
950026,0,0,0,0,0,0,0,0,0,0
950028,0,0,0,1,0,0,0,0,0,0
960004,0,0,0,1,0,0,1,0,0,0
960006,0,0,0,0,0,0,0,1,0,0
960008,0,0,0,0,0,0,0,0,0,0
960010,0,0,0,0,0,0,0,0,0,0
960012,0,0,0,1,0,0,0,0,1,1
960016,0,0,0,0,0,0,0,0,1,0
960018,0,0,0,0,0,0,1,0,0,0
960020,0,1,0,0,0,0,0,0,0,0
960022,0,1,0,0,0,0,0,0,0,0
960024,0,1,0,0,0,0,0,0,0,0
960026,0,0,0,0,0,0,0,0,0,0
960028,0,1,0,0,0,0,0,0,0,0
960030,0,0,0,0,0,0,0,0,0,0
970002,0,0,0,0,0,0,0,0,0,0
970004,0,1,0,0,0,0,0,0,0,0
970006,0,1,0,0,0,1,0,0,0,0
970008,0,0,0,0,0,0,0,0,0,0
970010,0,1,0,0,0,0,0,0,0,0
970012,0,0,0,1,0,1,1,0,1,1
970014,0,1,0,0,0,0,0,0,1,0
970016,0,0,0,0,0,0,0,0,0,0
970018,0,0,1,0,0,0,0,0,1,0
970020,0,0,0,0,0,0,0,0,0,0
970022,0,0,0,0,0,0,0,0,0,0
970024,0,0,0,0,0,0,0,0,0,0
970026,0,1,0,0,0,0,0,0,1,0
970028,0,1,0,0,0,0,0,0,0,0
970030,0,1,0,0,0,0,0,0,1,0
980002,0,0,0,0,0,1,0,0,0,0
980004,0,0,1,1,0,0,1,0,1,0
980006,0,0,0,0,0,0,1,1,1,0
980010,0,0,0,1,0,0,1,0,1,0
980012,0,0,0,1,1,1,1,0,1,0
980014,0,0,0,0,0,0,1,1,0,0
980016,0,0,1,0,0,0,0,0,1,0
980018,0,1,0,0,0,1,0,1,1,0
980020,0,0,0,0,0,1,1,1,1,1
980022,0,0,0,1,1,1,1,0,1,1
980026,0,0,0,0,1,1,1,0,1,0
980028,0,0,0,0,0,0,1,0,1,0
980030,0,0,0,0,0,0,0,0,0,0
990002,0,0,0,0,0,0,0,0,0,0
990004,0,0,0,0,0,0,0,0,1,0
990006,0,1,0,0,0,0,0,1,1,0
990008,0,0,0,1,0,1,0,0,0,1
990010,0,0,0,1,0,0,1,0,1,1
990012,0,0,0,0,0,0,1,0,0,0
990014,0,1,0,1,0,1,0,1,1,0
990016,0,1,0,0,0,0,0,0,1,0
990018,0,0,0,1,0,1,0,1,1,0
990020,0,0,1,1,0,0,1,1,1,1
990024,0,0,0,1,1,1,1,1,1,1
990026,0,1,0,0,0,0,1,0,1,0
990028,0,1,0,0,0,0,0,0,1,0
990030,0,1,0,0,0,0,0,0,1,0
1000002,0,1,0,0,0,0,0,0,1,0
1000004,0,0,0,0,0,0,1,0,0,0
1000006,0,0,0,0,0,0,0,0,0,0
1000008,0,0,0,0,0,0,0,0,1,0
1000010,0,0,1,0,0,0,0,0,0,0
1000012,0,0,0,0,0,0,0,0,0,0
1000014,0,0,0,1,0,0,1,0,1,1
1000016,0,0,0,0,0,1,0,0,1,0
1000018,0,1,0,0,0,0,0,0,0,0
1000020,0,0,0,1,0,0,0,0,1,1
1000022,0,0,0,0,0,0,0,0,0,0
1000024,0,0,0,0,0,0,0,0,1,0
1000026,0,1,0,0,0,0,0,0,0,0
1000028,0,0,0,0,0,0,0,0,0,0
1010002,0,0,0,0,0,1,0,0,1,0
1010004,0,0,0,1,0,1,1,0,1,0
1010006,0,1,0,0,0,0,0,0,1,0
1010008,0,1,0,1,0,1,0,0,1,0
1010010,0,0,0,0,0,0,0,0,1,0
1010012,0,0,0,0,0,1,1,0,1,0
1010014,0,0,0,1,0,1,0,0,1,0
1010016,0,1,0,0,0,1,0,1,0,0
1010018,0,0,0,0,0,1,1,0,1,0
1010020,0,0,0,0,0,0,0,0,1,0
1010022,0,0,0,0,0,0,0,0,1,0
1010024,0,0,0,0,0,0,0,0,1,0
1010026,0,0,0,0,0,0,1,0,1,0
1010028,0,0,0,1,0,0,1,1,1,1
1010030,0,0,0,0,0,0,0,0,1,0
1020002,0,0,0,0,0,0,0,0,0,0
1020004,0,0,0,0,0,0,0,0,1,0
1020008,0,1,0,0,0,1,0,0,1,0
1020010,0,0,0,0,0,0,0,0,1,0
1020012,0,0,0,0,0,0,0,0,1,0
1020014,0,1,0,0,0,0,0,0,1,0
1020016,0,1,0,0,0,0,0,0,1,0
1020018,0,0,0,0,0,0,0,0,0,0
1020020,0,1,0,0,0,0,1,0,1,0
1020022,0,0,0,0,0,0,0,0,0,0
1020024,0,0,0,0,0,0,0,0,0,0
1020026,0,0,0,1,0,1,1,1,1,0
1020028,0,0,0,0,0,0,0,0,1,0
1020030,0,0,0,0,0,1,0,0,0,0
1030002,0,1,0,1,0,1,1,0,1,0
1030004,0,0,0,1,0,0,1,0,1,0
1030006,1,1,1,1,0,0,0,0,1,0
1030008,0,0,0,0,0,0,0,0,1,0
1030010,0,1,0,0,0,0,0,0,1,0
1030012,0,1,0,0,0,0,0,0,1,0
1030014,0,0,0,0,0,0,0,0,0,0
1030016,0,0,0,0,0,0,0,0,0,0
1030018,0,0,0,0,0,0,0,0,1,0
1030020,0,0,0,0,0,0,0,0,0,0
1030022,0,0,0,1,0,0,1,0,1,1
1030024,0,0,0,0,0,0,0,0,0,0
1030026,0,0,0,1,0,0,0,0,0,0
1030028,1,1,0,1,0,0,0,0,1,0
1030030,0,0,0,1,0,0,1,0,1,0
1040002,0,0,0,0,0,0,0,0,0,0
1040004,0,0,0,1,0,1,1,0,1,1
1040006,0,0,0,1,0,0,1,0,1,0
1040008,0,0,0,0,1,0,0,0,1,0
1040010,0,1,0,0,0,1,1,0,0,0
1040012,0,1,0,0,0,0,0,0,1,0
1040014,0,1,0,0,0,0,1,0,1,0
1040018,0,0,0,0,0,0,1,0,0,0
1040020,0,0,0,1,0,0,1,0,1,1
1040022,0,0,0,1,0,1,1,0,0,0
1040024,0,0,0,1,0,0,0,0,0,0
1040026,0,0,0,1,0,0,1,0,1,0
1040028,0,0,0,0,0,1,0,0,1,0
1040030,0,0,0,0,0,1,0,1,0,0
1050002,0,0,0,1,0,0,1,0,1,1
1050004,0,0,0,0,0,0,0,0,0,0
1050006,0,0,0,0,0,0,0,0,1,0
1050008,0,0,0,0,0,0,1,0,0,0
1050010,0,0,0,0,0,0,0,1,1,0
1050012,0,1,0,0,0,0,0,1,0,0
1050014,0,0,0,0,0,0,1,0,0,0
1050016,0,0,0,1,0,0,1,1,0,1
1050018,1,1,0,0,0,0,1,1,1,0
1050020,0,0,0,1,0,0,1,0,0,0
1050022,0,0,0,1,0,0,1,1,1,0
1050024,0,0,0,0,0,0,0,0,0,0
1050026,0,0,1,0,0,0,0,1,1,0
1050028,0,1,1,1,0,0,1,1,1,0
1050030,0,0,0,1,0,0,0,0,0,0
1060002,0,0,0,0,0,0,0,0,0,0
1060004,0,0,0,0,0,0,0,0,1,0
1060006,0,0,0,1,0,0,1,0,1,0
1060008,0,0,0,0,0,0,0,0,1,0
1060010,0,0,0,0,0,0,0,0,1,0
1060012,0,0,0,0,0,0,1,0,1,0
1060014,0,1,0,0,0,0,0,0,1,0
1060016,0,1,0,0,1,0,1,1,1,0
1060018,0,1,0,0,0,0,0,0,0,0
1060020,0,0,0,0,0,0,1,0,1,0
1060022,0,1,0,0,0,0,1,0,1,1
1060024,0,0,0,1,0,0,0,1,1,1
1060026,0,0,0,0,0,0,0,0,1,0
1060028,0,1,0,1,0,0,0,0,1,0
1060030,0,0,0,0,0,0,0,0,1,0
1070002,0,0,0,0,0,0,0,0,1,0
1070004,0,0,0,0,0,0,1,1,1,0
1070006,0,0,0,0,0,0,0,0,0,0
1070008,0,1,0,1,0,0,1,0,1,0
1070010,0,0,0,1,0,0,0,0,1,0
1070012,0,0,0,0,0,0,0,0,0,0
1070014,0,0,0,0,0,0,0,0,1,0
1070016,0,0,0,0,0,0,0,0,1,0
1070018,0,0,0,0,0,0,0,0,1,0
1070020,0,0,0,0,0,0,0,0,0,0
1070022,0,0,0,0,0,0,0,0,1,0
1070024,0,0,0,0,0,0,0,0,1,0
1070026,0,0,0,1,0,0,0,0,1,0
1070030,0,1,0,0,0,0,0,0,0,0
1080002,0,0,0,0,0,0,0,0,1,0
1080004,0,1,0,0,1,1,1,0,1,0
1080006,0,0,0,0,1,1,1,0,1,0
1080008,0,0,0,1,1,1,0,0,1,0
1080010,0,0,0,0,1,1,1,0,1,0
1080012,0,0,0,0,1,1,1,1,1,0
1080014,0,0,0,0,1,1,0,0,1,0
1080016,0,0,0,0,1,0,0,0,1,0
1080018,0,0,0,0,1,1,0,1,1,0
1080020,0,0,0,0,1,1,1,1,1,0
1080022,0,0,0,1,1,1,1,1,1,1
1080024,0,0,0,0,1,1,1,0,1,0
1080026,0,0,0,1,1,1,1,0,1,0
1080028,0,1,0,0,1,1,0,1,1,0
1080030,0,0,0,1,1,1,1,0,1,0
1090002,0,0,0,0,0,0,0,0,1,0
1090004,1,0,0,0,0,0,0,0,0,0
1090006,0,0,0,0,0,0,0,0,1,0
1090008,0,0,0,0,0,0,0,0,1,0
1090010,0,0,0,0,0,0,0,0,0,0
1090012,0,1,0,0,0,0,0,0,1,0
1090014,0,0,0,0,0,0,0,0,1,0
1090016,0,0,0,0,0,0,0,0,0,0
1090018,0,0,0,0,0,0,0,0,1,0
1090020,0,0,0,0,0,0,0,0,1,0
1090022,0,1,0,0,0,0,0,0,1,0
1090024,0,1,0,1,0,0,1,0,1,0
1090026,0,0,0,0,0,0,0,0,1,0
1090028,0,0,0,0,0,0,0,0,1,0
1090030,0,0,0,0,0,0,0,0,1,0
1100002,0,1,0,0,0,0,1,0,1,0
1100004,0,0,0,0,0,1,0,0,1,0
1100006,0,0,0,0,0,0,0,0,0,0
1100008,0,1,0,0,0,1,0,0,1,0
1100010,0,0,0,1,1,0,0,0,1,0
1100012,0,0,0,1,1,0,1,1,1,0
1100014,0,0,0,1,0,1,0,0,1,1
1100016,0,0,0,1,1,1,0,0,1,0
1100018,0,1,0,0,0,0,1,0,1,0
1100020,0,0,0,0,0,1,0,0,0,0
1100024,0,0,1,0,0,0,0,0,1,0
1100026,0,0,0,1,1,0,0,0,1,1
1100028,0,0,0,0,0,0,0,0,1,0
1100030,0,0,0,0,0,0,1,0,0,0
1110002,0,0,0,0,0,1,1,0,1,0
1110004,0,0,0,1,0,1,0,0,1,0
1110006,0,0,0,0,0,0,1,0,1,0
1110008,0,0,0,0,0,0,1,0,0,0
1110010,0,0,0,0,0,0,0,0,1,0
1110012,0,1,0,0,0,0,1,0,1,0
1110014,0,0,0,1,0,1,1,1,1,1
1110016,0,1,0,0,0,1,0,0,0,0
1110018,0,1,0,1,0,0,0,1,1,0
1110020,0,0,0,0,0,0,0,1,1,0
1110022,0,0,0,1,0,1,0,0,1,1
1110024,0,0,0,0,0,1,0,0,1,0
1110026,0,1,0,0,0,0,0,0,0,0
1110028,0,0,0,0,0,0,0,0,1,0
1110030,0,1,0,1,0,0,1,0,1,0
1120002,0,0,0,1,1,0,1,1,1,0
1120004,0,0,0,0,0,0,1,0,1,0
1120006,0,0,0,0,0,0,1,1,0,0
1120008,0,1,0,0,0,0,1,1,1,0
1120010,0,0,0,0,0,0,1,0,1,0
1120012,0,0,0,0,1,0,1,1,1,1
1120014,0,0,0,0,0,0,1,0,1,0
1120016,0,0,0,0,0,1,0,0,1,0
1120018,0,0,0,1,0,0,0,1,0,0
1120020,0,1,0,1,0,0,0,0,1,0
1120022,0,0,0,0,0,0,1,0,1,1
1120024,0,0,0,0,0,0,0,0,0,0
1120026,0,1,0,0,0,0,0,0,0,0
1120028,0,0,0,0,0,1,1,0,1,0
1120030,0,1,0,0,0,0,0,0,0,0
1130002,0,0,1,1,0,0,1,1,1,0
1130004,0,0,0,1,0,0,1,0,0,0
1130006,0,0,0,0,0,0,0,0,0,0
1130008,0,0,0,1,0,1,0,0,0,0
1130010,0,0,0,0,0,0,1,0,1,0
1130012,0,0,0,0,0,0,0,0,0,0
1130014,0,0,0,0,0,0,0,0,0,0
1130016,0,0,0,0,0,0,0,0,0,0
1130018,0,0,0,0,0,0,0,0,1,0
1130020,0,0,0,0,0,0,0,0,1,0
1130022,0,0,0,0,0,0,0,0,1,0
1130024,0,0,0,0,0,0,0,0,0,0
1130026,0,1,0,0,0,1,0,0,1,0
1130028,0,0,0,0,1,1,1,1,1,1
1130030,0,0,0,1,0,0,0,0,0,0
1140002,0,1,0,0,0,0,0,1,1,0
1140004,0,1,0,0,0,0,0,0,1,0
1140006,0,1,0,0,0,0,0,1,0,0
1140008,0,0,0,1,0,0,0,0,1,0
1140010,0,0,0,1,0,0,0,1,1,0
1140012,0,0,0,0,0,0,0,0,0,0
1140014,0,1,0,0,0,0,0,1,1,0
1140016,0,1,0,1,0,0,0,0,1,0
1140018,0,0,0,0,0,0,0,0,1,0
1140020,0,0,0,1,0,0,0,1,1,0
1140022,0,1,0,0,0,0,0,0,0,0
1140024,0,0,0,0,0,0,0,0,0,0
1140026,0,0,0,0,0,0,0,0,1,0
1140028,0,1,0,1,0,0,0,0,1,0
1140030,0,0,0,0,0,0,0,0,0,0
1150002,0,0,0,0,0,1,0,0,1,0
1150004,0,0,0,0,1,0,1,1,1,0
1150006,0,0,0,0,0,0,1,0,1,1
1150008,0,0,0,0,0,0,0,0,1,0
1150010,0,0,0,0,0,0,1,0,1,0
1150012,0,0,0,0,0,0,1,0,1,0
1150014,0,0,0,1,1,0,1,0,0,1
1150016,0,1,0,0,0,0,0,1,1,0
1150018,1,0,0,0,0,0,0,0,1,0
1150020,0,0,0,0,0,0,0,0,0,0
1150022,0,0,0,1,0,1,1,0,1,0
1150024,0,0,0,0,0,0,1,0,1,0
1150026,0,1,0,0,0,0,0,0,1,0
1150028,1,1,0,1,0,0,0,0,1,0
1150030,0,0,0,0,0,0,0,0,1,1
1160002,0,1,0,0,0,0,1,0,1,1
1160004,0,1,0,0,1,0,0,0,1,0
1160006,0,1,0,0,0,0,0,0,1,0
1160008,0,0,0,1,0,0,0,0,1,0
1160010,0,0,0,1,0,1,1,1,1,1
1160012,0,0,0,0,0,0,1,0,1,0
1160014,0,0,0,0,0,0,0,0,1,0
1160016,0,0,0,0,0,0,0,0,1,0
1160018,0,1,0,0,0,0,0,1,1,0
1160020,0,1,0,0,0,0,0,0,1,0
1160022,0,0,0,0,0,0,0,0,1,0
1160024,0,1,0,1,0,0,0,1,1,0
1160026,0,0,0,0,0,1,0,0,1,0
1160028,0,0,0,1,0,0,1,0,1,1
1160030,0,1,0,0,0,0,0,0,1,0
1170002,0,0,0,0,1,1,1,0,1,0
1170004,0,0,0,1,1,1,1,0,1,1
1170006,0,1,0,1,1,1,0,0,1,0
1170008,0,1,0,1,1,1,1,0,1,0
1170010,0,0,0,0,1,1,0,0,0,0
1170012,0,1,0,0,1,1,1,0,1,0
1170014,0,0,1,1,1,1,1,0,1,0
1170016,0,0,0,0,1,1,0,0,1,0
1170018,0,1,0,0,1,1,1,0,1,0
1170020,0,1,0,0,1,1,1,0,1,0
1170022,0,0,1,1,1,1,1,0,1,0
1170024,0,0,0,1,1,1,1,1,1,0
1170026,0,0,0,1,1,0,1,1,1,1
1170028,0,0,0,1,1,0,1,0,1,0
1170030,0,0,0,1,1,1,1,0,1,0
1180002,0,0,1,0,0,0,0,0,1,0
1180004,0,0,0,0,0,0,1,0,1,0
1180006,0,1,1,0,0,1,1,0,1,0
1180008,0,0,0,1,0,0,0,0,0,0
1180010,0,0,0,1,0,0,0,0,1,1
1180012,0,1,0,1,1,0,1,1,1,0
1180014,0,0,0,1,1,1,1,0,1,0
1180016,0,0,0,1,1,0,1,1,1,0
1180020,0,1,0,0,0,0,1,1,1,1
1180022,0,0,0,1,0,0,0,0,1,0
1180024,0,0,0,0,1,0,1,0,1,0
1180026,0,0,0,0,0,0,0,0,1,1
1180028,0,1,1,0,0,1,1,0,1,0
1180030,0,0,0,1,1,1,1,0,1,0
1190002,0,0,1,0,0,1,0,0,0,0
1190004,0,0,0,0,0,0,0,0,0,0
1190006,0,1,1,0,0,0,1,0,0,1
1190008,0,0,1,0,0,1,0,0,0,0
1190010,0,0,1,0,0,0,0,0,0,0
1190014,0,1,0,0,0,0,0,0,1,0
1190018,0,0,0,1,0,1,0,0,0,0
1190020,0,0,0,0,0,0,1,0,1,0
1190022,0,0,0,0,0,1,0,0,1,0
1190024,0,0,1,0,0,1,0,0,1,0
1190026,0,1,0,0,0,0,0,0,1,0
1190028,0,0,0,1,0,0,0,0,0,0
1190030,0,0,1,1,0,0,0,0,0,0
1200002,0,0,1,0,0,0,0,0,1,0
1200004,0,0,0,1,0,0,1,1,1,1
1200006,0,0,0,0,0,0,1,0,0,0
1200008,0,0,1,1,0,0,0,0,0,0
1200012,0,0,0,0,0,0,0,0,1,0
1200014,0,0,0,0,0,0,0,0,1,0
1200016,0,0,0,0,0,0,0,0,1,0
1200018,0,0,0,0,0,0,0,0,0,0
1200020,0,1,1,0,0,0,0,0,0,0
1200022,0,0,0,0,0,1,0,1,0,0
1200024,0,0,0,0,0,0,0,0,0,1
1200026,0,0,0,0,0,0,0,0,0,0
1200028,0,1,1,1,0,0,1,1,1,1
1200030,0,0,0,0,0,1,0,0,1,0
1210002,0,0,0,1,0,0,0,0,0,0
1210004,0,0,0,0,0,0,1,0,0,0
1210006,0,0,0,0,0,0,0,0,0,0
1210008,0,0,0,0,0,1,0,0,1,0
1210010,0,0,0,0,0,0,0,0,1,0
1210012,0,0,1,0,0,0,0,0,1,1
1210014,0,0,1,0,0,0,0,0,0,0
1210016,0,0,0,0,0,0,0,0,0,0
1210018,0,1,1,0,0,0,0,0,0,0
1210020,0,0,1,0,0,0,0,0,0,1
1210022,0,0,0,1,0,1,0,0,0,1
1210024,0,0,0,1,0,1,1,0,0,0
1210026,0,0,0,1,0,0,0,0,0,0
1210028,0,0,0,1,0,0,1,0,1,0
1210030,0,0,0,0,0,0,0,0,0,0
1220002,0,0,0,1,0,0,0,0,0,0
1220004,0,0,0,1,0,1,1,0,1,1
1220006,0,0,0,0,0,0,0,0,1,0
1220008,0,0,0,0,0,0,0,0,1,0
1220010,0,0,0,0,0,0,1,0,1,0
1220012,0,0,1,0,0,0,0,0,0,0
1220014,0,0,0,0,0,0,1,0,0,0
1220016,0,0,0,0,0,0,0,0,0,0
1220018,0,0,0,0,0,0,0,0,1,0
1220020,0,0,1,0,0,0,0,0,0,0
1220022,0,1,1,0,0,0,0,0,0,0
1220024,0,1,0,0,0,0,1,0,1,0
1220026,0,0,0,1,0,0,0,0,1,0
1220028,0,0,1,0,0,0,0,0,0,0
1220030,0,0,0,0,0,0,0,0,0,0
1230002,0,0,1,1,0,1,0,0,0,0
1230004,0,0,0,1,0,0,0,0,0,0
1230006,0,0,1,0,0,0,0,0,0,0
1230008,0,0,0,0,0,1,1,0,1,1
1230010,0,0,0,0,0,0,0,0,1,0
1230012,0,0,0,0,0,0,0,0,1,1
1230016,0,0,0,1,0,0,0,0,1,0
1230018,0,0,1,1,0,0,0,0,1,0
1230020,0,0,1,0,0,0,0,0,1,0
1230022,0,0,1,0,0,0,0,0,0,0
1230024,0,0,1,1,0,0,1,0,1,0
1230026,,1,1,1,0,1,0,0,0,0
1230028,0,0,0,1,0,1,1,0,1,0
1230030,0,0,0,0,0,0,0,0,0,0
1240002,0,0,0,1,0,0,0,0,0,0
1240004,0,0,0,1,0,0,1,0,1,0
1240006,0,1,1,0,0,0,0,0,1,0
1240008,0,1,0,0,0,0,1,0,1,0
1240010,0,0,0,0,0,0,0,0,0,0
1240012,0,0,0,0,0,0,0,0,0,0
1240014,0,0,0,0,0,1,1,1,1,0
1240016,0,0,0,0,0,0,0,0,1,0
1240018,0,0,1,1,0,0,0,0,1,0
1240020,0,0,0,1,0,0,1,0,0,0
1240022,0,1,1,0,0,0,0,0,1,0
1240024,0,0,1,0,0,0,0,0,0,0
1240026,0,1,0,0,0,0,0,0,0,0
1240028,0,0,0,0,0,0,0,0,0,0
1240030,0,0,1,0,0,0,0,0,0,0
1250002,0,0,0,0,0,0,0,0,0,0
1250004,0,0,0,0,0,0,0,0,0,0
1250006,0,0,0,1,0,0,0,0,0,0
1250008,0,0,0,0,0,0,0,0,0,0
1250010,0,0,1,1,0,0,0,0,0,1
1250012,0,0,0,0,0,0,0,0,0,0
1250014,0,0,1,0,0,0,0,0,0,0
1250016,0,0,0,0,0,0,0,0,0,0
1250018,0,0,0,0,0,0,1,0,0,0
1250020,0,0,1,0,0,0,0,0,0,0
1250022,0,0,0,0,0,0,0,0,0,0
1250024,0,0,0,0,0,0,0,0,0,0
1250026,0,0,0,1,0,0,0,0,0,0
1250030,0,0,0,0,0,0,0,0,0,0
1260002,1,0,0,0,0,0,0,0,1,0
1260004,0,1,1,0,0,0,0,0,0,0
1260006,0,0,1,0,0,0,0,1,1,0
1260008,0,0,0,0,0,0,0,0,0,0
1260010,0,0,0,1,0,1,0,1,0,0
1260012,0,0,0,0,0,1,0,0,0,0
1260014,0,0,0,1,0,1,1,0,0,0
1260016,0,1,0,0,0,0,0,0,0,0
1260018,0,1,0,0,0,0,0,0,0,0
1260020,0,0,0,0,0,0,1,0,0,0
1260022,0,0,0,0,0,0,0,0,1,0
1260024,0,0,1,0,0,0,0,0,0,1
1260026,0,0,1,1,0,1,1,0,1,0
1260028,0,0,0,0,0,0,0,0,1,0
1260030,0,0,1,1,0,1,0,0,0,0
1270002,0,0,1,1,0,0,0,0,0,0
1270004,0,0,1,0,0,0,0,0,0,0
1270006,0,0,1,0,0,0,0,0,0,0
1270008,0,0,0,0,0,0,0,0,0,0
1270010,0,0,0,0,0,0,0,0,0,0
1270012,0,1,1,0,0,0,0,0,0,0
1270014,0,0,0,0,0,0,0,0,0,0
1270016,0,1,0,0,0,0,0,0,0,0
1270020,0,0,0,0,0,0,0,0,0,0
1270022,0,0,0,0,0,1,0,0,0,0
1270024,0,1,0,1,0,0,0,0,0,0
1270026,0,1,1,0,0,1,0,0,0,0
1270028,0,1,1,0,0,0,0,0,1,0
1270030,0,0,1,0,0,0,0,0,0,0
1280002,0,1,1,0,0,1,1,0,0,0
1280004,0,0,1,0,0,1,0,0,0,0
1280006,0,1,1,0,0,1,0,0,0,0
1280008,1,1,1,1,0,0,0,1,0,0
1280010,0,0,0,1,0,0,0,0,0,0
1280012,0,1,0,0,0,0,0,0,0,0
1280014,0,0,0,0,0,0,0,0,0,0
1280016,0,0,0,0,0,0,1,0,0,0
1280018,0,0,1,0,0,1,0,1,0,0
1280022,0,0,0,0,0,0,0,0,0,0
1280024,0,0,1,0,0,1,0,0,0,0
1280026,0,0,1,0,0,0,0,0,0,0
1280028,0,0,1,0,0,0,1,0,0,0
1280030,0,0,1,0,0,0,0,0,0,0
1290002,0,0,1,0,0,0,0,0,0,0
1290004,0,0,0,0,0,0,0,0,0,0
1290006,0,0,0,1,0,0,1,0,0,0
1290008,0,0,1,0,0,0,0,0,0,0
1290010,0,0,1,0,0,0,0,1,0,1
1290012,0,1,1,0,0,0,0,0,0,1
1290014,0,0,0,1,0,0,1,0,0,0
1290016,0,1,1,0,0,0,0,0,0,0
1290018,0,0,1,1,0,0,0,1,0,0
1290020,0,0,0,0,0,0,0,0,1,0
1290022,0,0,1,1,0,0,0,0,1,0
1290024,0,0,0,0,0,0,0,0,1,0
1290026,0,0,0,0,0,0,0,0,0,0
1290028,0,0,0,0,0,0,0,0,0,0
1290030,0,0,0,0,0,0,0,0,0,0
1300002,0,0,1,0,0,0,0,0,1,0
1300004,0,0,1,0,0,0,0,0,0,0
1300006,0,0,0,0,0,0,0,0,1,0
1300008,0,0,1,0,0,0,0,0,1,0
1300010,0,0,0,0,0,0,0,0,0,0
1300012,0,0,0,0,0,0,1,0,0,0
1300014,0,0,0,0,0,0,0,0,0,0
1300016,0,0,1,0,0,0,1,0,0,0
1300018,0,0,0,0,0,0,0,0,0,0
1300020,0,0,1,0,0,1,0,0,1,0
1300022,0,0,0,0,0,0,0,0,0,0
1300024,0,0,0,0,0,0,0,0,0,1
1300026,0,0,0,0,0,0,0,1,0,0
1300028,0,1,0,0,0,1,0,0,1,0
1300030,0,1,0,0,0,0,0,0,0,0
1310002,0,1,1,0,1,0,1,1,1,0
1310004,0,0,0,1,0,0,0,1,1,0
1310006,0,0,0,0,0,0,0,1,1,0
1310008,0,0,0,0,0,0,0,1,1,0
1310010,0,0,0,0,0,0,0,0,0,0
1310012,0,0,0,1,0,0,0,0,0,1
1310014,0,0,0,0,0,0,1,1,1,1
1310016,0,0,1,0,0,0,0,0,0,0
1310018,0,0,1,0,0,0,1,0,1,0
1310020,0,0,0,0,0,0,0,0,1,0
1310022,0,0,1,0,0,0,0,0,0,0
1310024,0,1,0,1,0,0,1,0,1,1
1310026,0,1,0,1,1,0,1,1,1,0
1310028,0,1,0,0,1,0,0,0,1,0
1310030,0,0,0,0,0,0,0,0,0,0
1320002,0,0,1,0,0,0,0,0,1,0
1320004,0,0,1,0,0,0,0,0,0,0
1320006,0,0,1,0,0,0,1,0,1,0
1320008,0,0,0,0,0,0,1,1,1,0
1320010,0,0,0,0,0,1,0,0,1,0
1320012,0,0,0,0,0,1,0,0,1,0
1320014,0,1,0,0,0,0,0,0,1,0
1320016,0,0,1,0,0,0,1,1,1,0
1320018,0,0,0,0,0,0,1,0,1,0
1320020,0,0,1,0,0,0,0,0,1,0
1320022,0,1,0,0,0,0,0,0,0,0
1320024,0,0,1,0,0,0,0,0,1,0
1320026,0,0,1,0,0,0,0,0,1,0
1320028,0,0,1,0,0,1,1,1,1,0
1320030,0,0,0,0,0,0,1,0,1,0
1330002,0,0,0,0,0,0,0,0,0,0
1330004,0,0,0,1,0,1,0,0,1,0
1330006,0,0,0,0,0,1,0,0,1,0
1330008,0,0,0,0,0,0,0,0,1,0
1330010,0,0,0,0,0,1,0,0,1,0
1330012,0,0,0,0,0,0,0,0,0,0
1330014,0,0,0,0,0,0,0,0,0,0
1330016,0,0,1,1,0,0,1,1,1,1
1330018,0,0,1,1,0,0,1,0,1,0
1330020,0,0,1,0,0,0,0,0,0,0
1330022,0,0,0,0,0,0,0,1,1,0
1330026,0,1,1,1,0,0,0,0,0,0
1330028,0,0,0,1,0,0,1,0,1,1
1330030,0,0,1,0,0,1,0,0,0,0
1340002,0,0,0,0,0,0,1,0,1,0
1340004,0,0,0,1,0,0,1,1,1,0
1340006,0,0,0,0,0,1,0,0,1,0
1340008,0,0,1,0,0,1,0,0,0,0
1340010,0,0,1,0,0,0,0,1,1,0
1340012,0,0,1,1,0,1,0,0,1,0
1340014,0,0,1,0,0,0,0,0,1,0
1340016,0,0,0,0,0,1,0,0,1,0
1340018,0,0,1,0,0,1,0,0,1,0
1340020,0,0,0,0,0,1,0,0,1,0
1340022,0,0,0,0,0,0,0,0,1,0
1340024,0,1,1,0,0,0,1,0,1,1
1340026,0,1,1,0,0,0,0,0,0,0
1340028,0,0,0,0,0,0,0,0,1,1
1340030,0,1,0,0,0,0,0,0,0,0
1350002,0,0,0,1,0,0,0,0,0,0
1350004,0,0,0,0,0,1,0,0,0,0
1350006,0,0,0,0,0,1,0,0,1,0
1350008,0,1,1,0,0,1,0,0,0,0
1350010,0,0,0,0,0,0,1,0,0,1
1350012,0,0,0,0,0,0,1,0,1,1
1350014,0,1,0,1,0,0,0,0,0,0
1350016,0,0,0,1,0,0,1,0,0,1
1350018,0,0,0,0,0,1,0,0,0,0
1350020,0,0,0,0,0,0,0,0,0,0
1350022,0,0,0,0,0,1,0,0,0,0
1350024,0,1,1,0,0,1,0,0,0,0
1350026,0,0,1,0,0,0,0,0,1,0
1350028,0,0,0,0,0,0,1,0,0,1
1350030,0,0,0,1,0,0,0,1,1,1
1360002,,,0,0,0,0,1,0,0,0
1360004,0,0,0,0,0,0,1,0,0,0
1360006,0,0,0,1,0,0,0,0,1,0
1360008,0,0,1,0,0,0,0,0,1,0
1360010,0,1,1,1,0,0,0,1,0,0
1360012,0,0,1,0,0,0,0,0,0,0
1360014,0,0,0,0,0,0,0,0,0,0
1360016,,0,1,0,0,0,0,0,1,0
1360018,0,0,1,1,0,0,1,1,1,0
1360020,0,0,0,0,0,0,1,0,0,0
1360022,0,0,0,1,0,0,0,0,1,0
1360024,0,0,0,1,0,0,1,1,0,1
1360026,0,0,0,0,0,0,0,0,0,0
1360028,0,0,0,0,0,1,1,0,1,0
1360030,0,1,0,0,0,0,0,0,1,0
1370002,0,0,1,0,0,0,0,1,1,0
1370004,0,0,1,0,0,1,1,1,1,0
1370006,0,0,1,1,0,1,1,1,1,0
1370008,0,0,1,0,0,0,1,0,1,0
1370010,0,0,0,0,0,1,0,0,1,0
1370012,0,1,0,1,0,0,1,1,1,0
1370014,0,0,0,0,0,0,1,0,1,0
1370016,0,1,0,1,0,1,1,0,1,1
1370018,0,0,1,0,0,0,1,0,1,0
1370022,0,1,0,1,0,1,1,1,1,0
1370024,0,0,1,1,1,1,1,0,1,0
1370026,0,0,0,1,1,1,1,0,1,0
1370028,0,0,1,1,1,1,1,0,1,0
1370030,0,0,0,1,1,1,1,1,1,1
1380002,0,0,1,0,0,0,0,0,1,0
1380006,0,0,0,0,0,0,1,0,0,0
1380008,0,0,1,1,0,0,1,0,0,0
1380010,0,0,0,1,0,0,0,0,1,0
1380012,0,0,0,0,0,0,0,0,0,0
1380014,0,0,0,0,0,0,1,0,0,0
1380016,0,0,0,1,0,0,0,0,1,1
1380018,0,0,1,0,0,0,0,0,1,0
1380020,0,0,1,1,0,0,1,1,1,1
1380024,0,1,1,0,0,0,0,1,1,0
1380026,0,0,1,0,0,0,0,0,0,0
1380028,0,0,0,0,0,0,0,0,1,0
1380030,0,0,0,0,0,0,0,0,0,0
1390002,0,0,0,0,1,0,1,1,1,0
1390004,1,1,0,0,1,1,1,1,1,0
1390006,0,0,0,0,1,1,0,0,1,0
1390008,0,1,0,1,1,1,1,0,1,0
1390010,0,0,0,1,1,1,0,0,1,1
1390012,0,0,0,1,1,1,1,0,1,0
1390014,0,0,1,0,1,1,1,0,1,0
1390016,0,1,1,0,1,0,0,0,1,0
1390018,0,0,1,1,1,0,1,0,0,1
1390020,0,1,0,1,1,1,1,0,1,1
1390022,0,0,0,0,1,1,1,1,1,0
1390024,0,0,0,0,1,1,1,0,1,0
1390026,0,1,0,0,1,1,1,0,1,0
1390028,0,0,0,0,1,1,0,0,1,0
1390030,0,1,0,1,1,1,1,0,1,0
1400002,0,0,1,1,0,0,1,1,1,0
1400004,0,0,1,1,1,1,1,0,1,0
1400006,0,0,0,0,0,0,1,1,1,0
1400010,0,0,1,1,0,0,1,0,1,0
1400012,0,0,1,0,0,0,0,0,1,0
1400014,0,0,1,0,0,0,0,0,0,0
1400016,0,0,1,1,1,1,1,0,1,0
1400018,0,0,0,1,1,1,1,0,1,1
1400020,0,0,0,0,0,0,0,0,1,0
1400022,0,1,1,0,0,1,0,1,1,0
1400024,0,1,0,0,0,0,0,0,0,1
1400026,0,0,0,0,0,0,0,0,0,0
1400028,0,0,0,0,0,0,1,0,0,0
1400030,0,0,0,0,0,0,0,0,0,0
1410002,0,0,0,0,0,0,0,0,0,0
1410004,0,0,0,1,0,0,0,1,1,0
1410006,0,0,1,0,0,0,0,0,1,0
1410008,0,0,1,0,0,0,0,0,1,0
1410010,0,0,1,0,0,0,0,0,0,0
1410012,0,0,0,0,0,0,0,0,0,0
1410014,0,0,0,1,0,0,1,0,1,1
1410016,0,1,0,0,0,0,1,0,0,0
1410018,0,0,0,0,0,0,0,1,1,0
1410020,0,1,0,0,0,0,0,0,0,0
1410022,0,0,0,0,0,0,0,0,0,0
1410024,0,0,0,0,0,0,0,0,0,0
1410026,0,1,0,0,0,0,0,0,0,0
1410028,0,0,0,0,0,0,0,0,0,0
1410030,0,0,0,1,0,0,1,0,1,1
1420002,0,1,1,0,0,0,0,0,0,0
1420004,0,1,0,0,0,0,0,0,1,0
1420006,0,0,0,0,0,0,0,0,1,0
1420008,0,0,0,0,0,0,0,0,0,0
1420010,0,0,0,1,0,0,0,0,1,1
1420012,0,0,1,0,0,1,0,0,0,0
1420014,0,0,0,1,0,0,0,0,0,0
1420016,0,0,1,0,0,0,0,0,0,0
1420018,0,0,1,0,0,0,0,0,1,0
1420020,0,0,0,0,0,0,0,0,1,0
1420022,0,0,0,1,0,0,0,0,1,0
1420024,0,1,0,0,0,0,0,0,0,0
1420026,0,0,0,0,0,0,0,0,0,0
1420028,0,0,0,0,0,0,0,0,1,0
1420030,0,1,0,0,0,0,0,0,0,0
1430002,0,0,0,1,0,0,0,0,1,1
1430004,0,0,0,0,0,0,1,0,0,0
1430006,0,1,0,0,0,0,1,0,0,0
1430008,0,0,0,0,0,0,0,0,1,0
1430010,0,0,0,1,0,0,0,0,1,0
1430012,0,0,1,0,0,0,0,0,0,0
1430014,0,1,0,0,0,0,0,0,0,0
1430016,0,0,0,0,0,0,0,0,0,0
1430018,0,1,1,0,0,0,0,1,1,0
1430020,0,0,0,0,0,0,0,0,0,0
1430022,0,1,0,0,0,0,0,0,0,0
1430024,0,0,0,0,0,0,0,0,0,0
1430026,0,0,1,0,0,0,0,0,0,0
1430028,0,0,0,0,0,0,0,1,1,0
1430030,0,0,0,0,0,0,0,0,0,0
1440002,0,1,0,0,0,1,1,0,1,1
1440004,0,0,0,0,0,0,0,0,0,0
1440006,0,1,0,1,0,0,0,0,0,0
1440008,0,0,0,0,0,1,0,0,1,0
1440010,0,0,0,1,0,0,0,0,1,0
1440012,0,0,1,0,0,0,0,0,1,0
1440014,0,0,0,1,0,1,0,0,0,0
1440016,0,0,0,1,0,0,0,0,1,0
1440018,0,0,0,0,0,0,1,0,0,0
1440020,0,0,0,1,0,1,1,1,0,0
1440022,0,0,0,0,0,0,0,0,0,0
1440024,0,1,1,0,0,0,0,0,0,1
1440026,0,0,1,0,0,0,0,0,0,0
1440028,0,0,0,0,0,0,0,0,0,0
1440030,0,0,1,1,0,0,0,0,0,0
1450002,0,0,0,1,0,0,0,0,0,0
1450004,0,0,0,1,0,0,0,0,0,0
1450006,0,0,0,0,0,0,0,0,0,0
1450008,0,0,1,0,0,0,0,0,1,0
1450010,0,0,0,0,0,0,0,0,0,0
1450012,0,0,1,0,0,0,0,0,0,0
1450014,0,0,0,0,0,0,0,0,0,0
1450016,0,0,0,0,0,0,0,0,1,0
1450018,0,0,1,0,0,0,0,0,0,0
1450020,0,0,0,0,0,0,0,0,0,0
1450022,0,0,1,0,0,0,0,0,0,0
1450024,0,0,0,0,0,0,0,0,0,0
1450026,0,0,0,0,0,0,0,0,0,0
1450028,0,0,0,1,0,0,0,0,0,0
1450030,0,0,0,0,0,0,0,0,0,0
1460002,0,0,0,0,0,1,0,1,1,0
1460006,0,0,0,0,0,1,1,0,1,0
1460008,0,0,0,0,0,1,1,1,1,0
1460010,0,0,0,0,0,1,0,0,1,0
1460012,0,1,0,0,0,1,0,0,1,0
1460014,0,0,1,0,0,0,1,0,1,0
1460016,0,0,0,1,0,0,1,0,0,1
1460018,0,0,0,0,0,1,0,0,1,0
1460020,0,0,0,0,0,0,0,0,1,0
1460022,0,1,1,0,0,0,1,0,0,0
1460024,0,0,0,,0,0,1,0,0,0
1460028,0,0,1,0,0,0,0,0,0,0
1460030,0,0,0,1,0,0,1,0,1,0
1470004,,0,1,1,1,1,0,1,1,0
1470006,0,0,1,0,0,0,0,1,1,0
1470008,0,0,0,0,0,1,0,0,1,0
1470010,0,0,1,1,0,0,1,0,0,0
1470012,0,0,0,0,0,0,1,0,0,1
1470014,0,0,1,0,0,0,1,1,1,1
1470020,0,0,0,1,1,0,0,1,1,0
1470022,0,0,0,0,0,1,0,0,1,0
1470024,0,0,0,0,0,1,0,0,1,0
1470026,0,0,0,0,1,1,0,0,0,0
1470028,0,0,0,0,1,1,1,0,1,0
1470030,0,1,0,1,1,1,1,0,1,1
1480002,0,1,0,0,0,1,0,0,0,1
1480004,0,0,0,1,0,0,0,1,1,1
1480006,0,0,0,0,0,1,0,1,1,1
1480008,0,0,1,0,0,1,1,0,1,0
1480010,0,0,0,0,0,1,1,0,1,0
1480012,1,0,0,0,0,0,0,0,0,0
1480014,0,0,0,0,0,0,0,0,1,0
1480016,0,0,1,0,0,0,0,1,1,0
1480018,0,0,0,0,0,1,0,0,1,1
1480020,0,0,1,0,0,1,1,0,1,0
1480022,0,0,0,0,0,1,0,0,1,0
1480024,0,0,1,0,0,0,0,0,0,0
1480026,0,1,0,1,0,0,0,0,1,0
1480028,0,0,0,0,0,0,0,0,1,1
1480030,0,0,1,0,0,0,0,0,0,0
1490002,0,0,1,0,0,0,0,0,0,0
1490004,0,0,0,0,0,0,0,0,1,0
1490006,0,0,0,0,0,0,0,0,0,0
1490008,0,1,0,0,0,0,0,0,1,0
1490010,0,0,0,0,0,0,0,0,0,0
1490012,0,1,0,0,0,0,0,0,1,0
1490014,0,0,0,0,0,0,0,0,0,0
1490016,0,0,0,1,0,0,1,0,1,0
1490018,0,0,0,1,0,0,0,0,0,0
1490020,0,0,0,1,0,0,0,0,1,0
1490022,0,0,0,1,0,0,0,0,0,0
1490024,0,0,0,0,0,0,1,0,0,0
1490026,0,0,0,1,0,0,1,0,1,0
1490028,0,0,0,1,0,0,0,0,1,0
1490030,0,0,0,1,0,0,0,0,1,0
1500002,0,0,1,0,0,0,1,0,1,1
1500004,0,0,0,0,0,0,0,0,0,0
1500006,0,0,0,1,0,0,0,0,1,1
1500008,0,1,1,1,0,0,0,0,1,0
1500010,0,0,0,0,0,0,1,0,0,0
1500012,0,1,0,0,0,0,1,0,0,0
1500014,0,1,0,0,0,0,1,0,0,0
1500016,0,0,0,0,0,0,1,0,1,0
1500018,0,0,0,0,0,0,1,0,0,0
1500020,0,0,0,0,0,0,1,0,0,0
1500022,0,0,1,0,0,0,1,0,1,0
1500024,0,0,0,0,0,0,1,0,1,0
1500026,0,1,0,0,0,0,0,0,1,0
1500028,0,0,0,0,0,0,1,0,1,0
1500030,0,0,0,1,0,0,0,0,1,0
1510002,0,0,0,0,0,0,0,0,1,0
1510004,0,1,1,0,0,0,0,0,1,0
1510006,0,0,0,0,0,0,0,0,1,0
1510008,0,0,0,1,0,1,0,0,1,0
1510010,0,0,0,0,0,0,0,0,0,0
1510012,0,0,0,,0,0,1,0,1,0
1510014,0,0,0,1,0,1,0,0,0,0
1510016,0,0,0,1,0,0,0,0,0,0
1510018,0,0,0,1,0,1,0,0,0,0
1510020,0,1,0,1,0,1,1,0,0,0
1510022,0,0,0,1,0,0,0,0,0,0
1510024,0,0,0,0,0,0,0,0,0,0
1510026,0,0,0,0,0,0,0,0,1,1
1510028,0,0,0,0,0,0,0,0,0,0
1510030,0,0,0,0,0,0,0,0,0,0
1520002,0,0,0,0,0,0,0,0,0,0
1520004,0,0,0,0,0,0,1,0,1,0
1520006,0,0,0,0,0,0,0,0,0,0
1520008,0,0,0,1,0,0,0,0,1,0
1520010,0,0,0,0,0,0,0,0,1,0
1520012,0,0,0,0,0,0,1,0,1,0
1520014,0,0,1,1,0,1,1,0,1,1
1520016,0,0,0,0,0,0,0,0,0,0
1520018,0,1,0,0,0,0,1,0,1,1
1520020,0,0,0,0,0,0,0,0,0,1
1520022,0,0,0,0,0,0,0,0,0,0
1520024,0,0,0,1,0,1,1,0,1,0
1520026,0,0,0,0,0,0,1,0,1,0
1520028,0,0,0,0,0,0,1,0,1,0
1520030,0,1,1,0,0,0,0,0,1,0
1530002,0,0,0,0,1,0,0,0,1,0
1530004,0,0,0,1,0,0,0,0,1,1
1530006,1,1,1,0,0,0,0,0,1,0
1530008,0,0,0,1,0,0,0,0,1,1
1530010,0,0,0,0,0,0,0,0,1,0
1530012,0,0,0,1,0,1,0,0,1,0
1530014,0,0,0,0,0,0,0,0,1,0
1530016,0,0,0,0,0,0,0,0,0,0
1530018,,0,0,0,0,0,0,0,0,0
1530020,0,0,0,0,0,0,0,0,0,0
1530024,0,1,0,0,1,0,0,0,1,0
1530026,0,0,0,0,0,0,0,0,0,0
1530028,0,0,0,0,0,0,0,0,1,0
1530030,0,0,1,0,1,0,1,0,1,0
1540002,0,0,0,0,0,0,0,0,1,0
1540004,0,0,0,0,0,0,0,0,1,0
1540006,0,1,1,0,0,0,0,0,1,0
1540008,0,1,0,1,0,1,0,0,1,0
1540012,0,0,0,1,0,0,0,0,0,0
1540014,0,0,0,0,0,0,0,0,1,0
1540016,0,1,0,0,0,0,0,0,1,0
1540018,0,0,0,1,0,0,0,0,1,0
1540020,0,0,0,1,0,0,1,0,0,0
1540022,0,1,0,,0,0,0,0,1,0
1540024,0,0,0,0,0,0,0,0,1,0
1540026,0,0,0,1,0,0,0,1,1,0
1540028,,1,0,0,0,0,0,0,0,0
1540030,0,0,0,0,0,0,0,0,0,0
1550002,0,0,0,0,0,0,0,0,0,0
1550004,0,0,0,0,0,0,1,0,1,0
1550006,0,0,0,1,0,0,0,0,0,0
1550008,0,0,0,0,0,0,0,1,1,0
1550010,0,0,0,0,0,1,0,0,0,0
1550012,0,0,0,0,0,0,0,0,0,0
1550014,0,0,0,0,0,0,0,0,0,0
1550016,0,0,0,0,0,0,0,0,0,0
1550018,0,1,0,0,0,0,0,0,1,0
1550020,0,1,0,0,0,0,0,1,1,0
1550022,0,0,0,0,0,0,0,0,0,0
1550024,0,1,0,0,0,0,0,0,1,0
1550026,0,1,0,0,0,1,0,1,1,0
1550028,0,0,0,0,0,0,0,0,1,0
1550030,0,0,0,0,0,0,0,0,0,0
1560002,,,1,0,0,0,0,1,1,1
1560004,0,0,0,1,0,0,1,0,1,0
1560006,0,0,0,1,0,0,0,0,0,0
1560008,0,0,1,0,0,0,1,0,0,0
1560010,0,0,0,0,0,0,0,0,1,0
1560012,0,0,0,0,0,0,0,0,1,0
1560014,0,1,0,0,0,0,0,1,0,0
1560016,0,0,0,0,0,0,0,0,0,0
1560018,0,0,0,0,0,0,0,0,1,0
1560020,0,0,1,0,0,0,0,0,0,0
1560022,0,0,0,0,0,0,1,0,1,0
1560024,0,0,0,0,0,0,0,0,1,0
1560026,0,0,0,0,0,0,0,1,1,0
1560028,0,0,0,0,0,0,0,0,0,0
1560030,0,0,0,0,0,0,0,0,0,0
1570002,0,1,1,0,0,0,0,0,0,0
1570004,0,0,0,1,0,0,0,0,0,0
1570006,0,0,1,0,0,0,0,0,0,0
1570008,0,0,0,0,0,0,0,0,0,0
1570010,0,0,0,0,0,0,0,0,1,1
1570012,0,0,0,0,0,0,0,0,0,0
1570014,0,0,0,1,0,0,0,0,0,0
1570016,0,0,0,0,0,0,0,0,0,0
1570018,0,0,0,0,0,0,0,0,0,0
1570020,0,0,0,0,0,0,0,0,0,0
1570022,0,0,0,0,0,0,0,0,0,0
1570024,0,0,0,0,0,0,0,0,0,0
1570026,0,1,0,0,0,0,0,0,0,0
1570028,0,1,0,0,0,0,0,0,1,0
1570030,0,0,0,0,0,0,0,0,0,0
1580002,0,0,0,0,0,0,0,0,0,0
1580004,0,0,0,0,0,0,0,0,0,0
1580006,0,1,1,0,0,0,0,0,1,0
1580008,0,0,0,0,0,0,0,0,0,0
1580010,0,0,0,0,0,0,0,0,0,0
1580012,,,1,0,0,0,1,0,1,0
1580014,0,0,0,0,0,0,0,0,1,0
1580016,0,0,0,,0,0,0,0,0,0
1580018,0,0,0,0,0,0,0,0,1,0
1580020,0,0,0,0,0,0,0,0,1,0
1580022,0,1,1,0,0,0,0,0,0,0
1580024,0,0,0,0,0,0,0,0,1,0
1580026,0,0,0,0,0,0,0,0,0,0
1580028,0,1,1,0,0,0,0,0,0,0
1580030,0,0,1,0,0,0,0,0,1,0
1590002,0,0,0,0,0,0,0,1,1,0
1590004,0,0,1,0,0,0,0,0,1,0
1590006,0,1,0,1,0,0,1,1,1,0
1590008,0,0,0,0,0,0,0,0,1,0
1590010,0,0,0,0,0,0,0,1,1,0
1590012,0,0,0,0,0,0,0,0,0,0
1590014,0,1,0,0,0,1,0,0,1,0
1590016,0,0,0,1,0,0,0,0,0,0
1590018,0,0,0,0,0,0,0,1,1,0
1590020,1,0,0,0,0,0,0,0,0,0
1590022,0,0,0,0,0,0,0,0,0,0
1590024,0,0,0,0,0,0,0,0,0,0
1590026,0,0,0,0,0,0,1,1,0,0
1590028,0,0,0,1,0,0,0,0,1,0
1590030,0,0,0,0,0,0,0,0,1,0
1600002,0,0,1,1,0,0,0,0,1,0
1600004,0,1,0,1,1,1,0,0,1,1
1600006,0,0,0,0,0,1,0,0,1,0
1600008,0,0,1,0,0,0,0,0,1,0
1600010,0,0,1,1,1,1,0,0,1,0
1600012,0,1,0,1,0,0,0,0,1,1
1600014,0,0,0,0,1,0,0,0,1,1
1600016,0,0,0,0,0,1,0,0,1,0
1600018,0,0,0,0,1,0,0,0,1,1
1600020,0,0,0,1,1,0,1,0,1,1
1600022,0,1,0,0,1,0,0,0,1,0
1600024,0,0,0,1,0,0,0,0,1,1
1600026,0,0,0,1,1,0,1,0,1,0
1600028,0,0,0,1,0,0,0,0,1,0
1600030,0,0,0,1,1,0,1,0,1,1
1610002,0,1,1,1,1,1,1,1,1,1
1610004,0,0,1,1,1,1,1,0,1,0
1610006,0,1,0,1,0,0,1,0,1,0
1610008,0,0,0,0,0,0,0,0,1,0
1610010,0,0,1,1,0,0,0,0,1,0
1610012,0,1,1,1,0,1,1,0,1,0
1610014,0,0,0,,0,1,0,0,1,1
1610016,0,0,0,1,1,1,1,1,1,1
1610018,0,0,1,1,0,1,1,1,1,0
1610020,,0,0,1,1,1,1,0,1,1
1610022,0,1,0,1,0,0,1,1,1,1
1610024,0,1,0,0,1,1,1,0,1,0
1610026,0,0,0,1,1,0,1,0,1,1
1610028,0,0,0,1,0,0,0,0,1,0
1610030,0,0,0,0,0,0,0,0,1,0
1620002,0,0,0,0,0,0,0,0,1,0
1620004,0,1,0,1,0,0,0,0,1,1
1620006,0,0,0,0,0,0,0,0,1,0
1620008,0,0,0,1,0,0,0,1,1,0
1620010,0,1,1,0,0,1,0,0,1,0
1620012,0,0,0,0,0,0,1,1,1,0
1620014,0,0,0,1,0,0,0,0,1,0
1620016,0,0,0,1,0,0,0,0,1,0
1620018,0,0,0,0,0,0,0,1,1,0
1620020,0,0,0,1,0,0,1,0,1,1
1620022,0,0,1,1,0,0,0,0,1,0
1620024,0,0,0,1,0,0,0,0,1,0
1620026,0,0,0,0,0,0,0,0,1,0
1620028,0,1,0,1,0,0,1,0,1,0
1620030,0,0,0,1,0,0,0,0,1,0
1630002,0,0,0,0,0,0,0,0,0,0
1630004,0,0,0,0,0,1,0,0,1,0
1630006,0,0,0,0,0,1,1,0,1,0
1630008,0,0,1,0,0,0,0,0,1,0
1630010,0,0,0,0,0,0,0,0,1,0
1630012,0,1,0,0,0,0,0,1,1,0
1630014,0,1,0,0,0,0,0,0,0,0
1630016,0,0,0,1,0,0,0,0,1,1
1630018,0,0,0,0,0,0,0,0,0,0
1630020,,,0,1,0,0,0,0,1,0
1630022,0,1,0,0,0,0,0,0,1,0
1630024,0,0,0,0,0,0,1,0,1,0
1630026,0,0,0,1,0,0,0,0,1,0
1630028,0,0,0,0,0,0,0,0,1,0
1630030,0,0,0,0,0,0,0,0,1,0
1640002,0,0,0,1,0,0,0,0,1,0
1640004,0,0,1,0,0,0,0,0,1,0
1640006,0,0,0,0,0,0,0,0,1,0
1640008,0,0,0,0,0,0,0,0,1,0
1640010,0,1,0,0,0,1,0,0,1,0
1640012,0,1,0,0,0,0,1,0,1,0
1640014,0,0,0,1,0,1,0,0,1,0
1640016,0,0,0,0,0,0,0,0,1,0
1640018,0,0,0,1,0,0,0,0,1,0
1640020,0,0,0,0,0,0,0,0,1,0
1640022,0,0,0,1,0,0,0,0,1,0
1640024,0,0,1,0,0,0,0,0,1,0
1640026,0,0,1,0,0,0,0,0,1,0
1640028,0,0,0,0,0,0,0,0,1,0
1640030,0,0,0,1,0,0,0,0,1,0
1650002,0,0,0,0,1,1,1,0,1,0
1650004,0,1,1,0,1,0,0,0,0,0
1650006,0,0,0,1,1,0,1,1,0,0
1650008,0,0,0,0,0,1,0,0,1,0
1650010,0,0,1,0,0,0,0,0,1,0
1650012,0,0,0,0,1,1,1,0,1,0
1650014,0,0,0,0,1,0,1,1,1,0
1650016,0,0,0,0,1,1,1,1,1,0
1650018,0,0,0,1,1,1,0,0,1,0
1650020,0,0,0,0,0,1,0,0,1,0
1650022,0,1,0,0,1,1,0,0,0,0
1650024,0,0,0,0,1,1,0,0,0,0
1650026,0,0,0,1,1,1,1,0,1,0
1650028,0,0,0,1,1,1,0,0,1,0
1650030,0,1,0,0,1,1,1,0,0,0
1660002,0,0,0,0,1,0,0,0,1,0
1660004,0,0,0,1,1,1,1,0,1,0
1660006,0,0,0,0,1,0,0,0,1,0
1660008,0,0,0,0,1,1,0,0,0,0
1660010,0,0,0,0,1,0,0,0,1,0
1660012,0,0,0,1,0,1,0,0,1,1
1660014,0,0,1,0,0,1,0,0,1,0
1660016,0,0,0,0,1,0,0,0,0,0
1660018,0,0,1,1,1,0,1,0,0,1
1660020,0,0,0,0,1,0,0,0,1,0
1660022,0,1,0,0,1,1,1,0,1,0
1660024,0,0,0,0,1,0,1,0,1,0
1660026,0,1,0,1,1,1,1,0,0,0
1660028,0,1,0,0,1,1,0,0,0,0
1660030,0,0,1,1,1,0,0,0,1,0
1670002,0,0,0,1,0,0,0,0,1,0
1670004,0,0,0,0,0,0,0,0,1,0
1670006,0,0,0,1,0,0,0,0,1,0
1670008,0,1,0,0,0,0,0,0,0,0
1670010,0,1,0,1,0,0,1,0,1,0
1670012,0,0,0,0,0,0,0,0,1,0
1670014,0,0,0,0,0,1,0,1,1,0
1670016,0,0,0,1,0,0,0,0,1,0
1670018,0,0,0,1,0,0,0,1,0,0
1670020,0,0,0,0,0,1,0,0,0,0
1670022,0,0,0,1,0,0,0,0,0,0
1670024,0,0,0,0,0,0,0,0,0,0
1670026,0,0,0,0,1,0,1,1,1,1
1670028,0,0,0,1,0,0,0,0,1,0
1670030,0,1,0,1,1,0,1,0,1,1
1680002,0,0,0,0,0,0,0,0,0,0
1680004,0,0,0,0,0,0,0,1,0,0
1680006,0,0,0,0,0,0,0,0,0,0
1680008,0,1,0,0,0,0,0,0,0,0
1680010,0,0,0,0,0,0,0,0,0,0
1680012,0,1,0,0,0,0,0,1,1,0
1680014,0,0,0,0,0,0,0,0,1,0
1680016,0,0,0,1,0,0,0,0,0,0
1680018,0,0,0,0,0,0,0,0,0,0
1680020,0,1,0,0,0,0,0,0,1,0
1680022,0,0,0,1,0,0,0,0,1,0
1680024,0,0,0,0,0,0,0,0,0,0
1680026,0,0,0,1,1,0,0,0,1,0
1680028,0,0,0,0,0,0,0,0,0,0
1680030,0,0,0,0,0,0,0,0,0,0
1690002,0,0,0,0,0,0,1,0,1,0
1690004,0,0,0,1,0,1,0,0,1,0
1690006,0,0,1,1,0,0,0,0,1,1
1690008,0,0,0,1,0,0,0,0,1,0
1690010,0,0,0,0,0,0,0,0,1,0
1690012,0,0,0,0,0,0,1,0,0,0
1690014,0,0,0,0,0,0,1,0,1,0
1690016,0,0,0,0,0,1,1,0,1,0
1690018,0,0,0,0,0,0,1,0,1,0
1690020,0,0,0,0,0,1,1,0,1,0
1690022,0,0,1,0,0,0,1,0,1,0
1690024,0,0,0,1,0,0,0,0,1,0
1690026,0,0,0,0,0,0,0,0,0,0
1690028,0,0,0,0,0,1,1,0,1,0
1690030,0,0,1,0,0,0,0,0,1,0
1700002,0,0,0,0,0,1,0,0,1,0
1700004,0,1,0,1,0,1,0,0,1,0
1700006,0,0,0,1,0,0,1,1,0,0
1700008,0,0,0,1,0,0,1,0,1,0
1700010,0,1,0,0,0,1,0,1,1,0
1700012,0,0,0,1,0,0,0,0,0,0
1700014,0,0,0,0,0,1,1,0,0,0
1700016,0,,0,0,0,1,1,1,1,0
1700018,0,0,1,1,0,1,0,0,1,0
1700020,0,0,0,1,0,1,1,0,1,0
1700022,0,0,0,1,0,0,1,0,1,0
1700024,0,0,1,0,0,0,0,0,0,0
1700026,0,1,0,0,0,0,0,0,1,0
1700028,0,0,0,0,0,0,1,0,0,0
1700030,0,0,0,0,0,0,1,0,1,0
1710002,0,0,1,1,1,1,1,0,1,0
1710004,0,0,1,0,1,0,0,0,1,0
1710006,0,0,0,0,0,0,1,0,0,0
1710008,0,0,0,0,0,0,0,0,0,0
1710010,0,0,0,0,0,1,1,0,1,0
1710012,0,0,0,0,0,0,0,0,1,0
1710014,0,0,0,1,0,0,1,0,1,0
1710016,0,1,0,0,0,0,1,0,0,0
1710018,0,1,0,1,0,0,1,0,1,0
1710020,0,0,0,,0,0,0,0,0,0
1710022,0,0,0,0,0,0,1,0,0,0
1710024,0,0,0,1,0,0,0,0,0,0
1710026,0,0,0,0,0,0,0,0,0,0
1710028,0,0,0,0,0,0,0,0,1,1
1710030,0,0,0,1,0,0,0,0,0,0
1720002,0,0,0,0,0,0,0,0,1,0
1720004,0,0,0,1,0,0,0,0,0,0
1720006,0,0,0,0,0,0,0,0,0,0
1720008,0,0,0,0,0,0,0,1,1,0
1720010,0,0,0,0,0,0,0,0,1,0
1720012,0,0,1,1,0,0,0,0,1,0
1720014,0,0,1,0,0,0,0,0,1,0
1720016,0,0,1,1,0,0,1,0,1,0
1720018,0,0,0,0,0,0,0,0,1,0
1720020,0,1,0,0,0,0,0,0,1,0
1720022,0,0,1,0,0,0,0,0,1,0
1720024,0,0,0,0,0,0,0,0,1,0
1720026,0,1,0,0,0,0,0,0,0,0
1720028,0,0,0,0,0,0,0,0,1,0
1720030,0,0,0,1,0,0,0,0,0,0
1730002,0,0,0,0,0,1,0,0,1,0
1730004,0,0,0,0,0,1,0,0,0,0
1730006,0,0,0,1,0,1,0,0,1,0
1730008,0,1,0,1,0,0,0,0,1,0
1730010,0,0,0,0,0,1,0,0,0,0
1730012,0,0,0,0,0,0,1,0,1,0
1730014,0,0,0,1,0,0,0,0,1,0
1730016,0,0,0,,0,0,0,0,1,0
1730018,0,0,1,0,0,0,1,0,0,0
1730020,0,0,0,0,0,1,0,0,1,0
1730022,0,0,1,1,0,0,0,0,1,0
1730024,0,0,0,0,0,0,0,0,0,0
1730026,0,1,1,1,0,0,0,0,0,0
1730028,0,1,0,0,0,0,0,0,1,0
1730030,0,0,0,0,0,0,0,0,1,0
1740002,0,0,0,0,0,0,0,0,1,0
1740004,0,0,0,1,0,1,1,1,1,1
1740006,0,0,0,0,0,0,1,0,0,0
1740008,0,0,0,0,0,0,0,0,0,0
1740010,0,0,0,0,0,0,0,0,1,0
1740012,0,0,0,0,0,0,1,0,1,0
1740014,0,0,0,1,0,0,1,0,0,1
1740016,0,1,0,1,0,1,0,0,1,0
1740018,0,0,0,1,0,0,0,1,1,0
1740020,0,0,1,1,0,0,0,0,1,1
1740022,0,0,1,0,0,0,0,0,0,0
1740024,0,0,0,1,0,0,1,1,1,0
1740026,0,1,0,0,0,0,1,0,1,0
1740028,0,0,0,1,0,1,0,0,1,0
1740030,0,0,0,0,0,0,1,0,1,0
1750002,0,0,0,0,0,0,1,0,1,0
1750004,,,0,1,0,0,0,0,1,0
1750006,0,0,0,0,0,0,0,0,0,0
1750008,0,0,0,1,0,0,0,0,0,0
1750010,0,0,0,1,0,0,0,0,0,1
1750012,0,1,0,1,0,1,1,0,1,0
1750014,0,0,0,0,0,0,0,0,0,0
1750016,0,0,0,0,0,0,0,0,1,0
1750018,0,1,0,0,0,0,0,0,1,0
1750020,0,0,0,0,0,0,1,0,0,0
1750022,0,1,0,0,0,0,0,0,1,0
1750024,0,0,0,0,0,0,0,0,1,0
1750026,0,0,0,0,0,0,0,0,1,0
1750028,0,0,0,1,0,0,1,0,1,0
1750030,0,0,0,0,0,0,0,1,0,0
1760002,0,0,0,0,0,0,0,0,1,0
1760004,0,0,1,0,0,0,0,0,1,0
1760006,0,0,1,0,0,0,0,0,1,0
1760008,0,0,0,0,0,0,0,0,1,0
1760010,0,0,0,0,0,0,0,0,1,0
1760012,0,0,0,0,0,0,0,0,1,0
1760014,0,0,1,0,0,0,0,0,1,0
1760016,0,0,0,1,0,0,1,0,0,0
1760018,0,0,0,0,0,0,0,0,1,0
1760020,0,0,0,,0,0,0,0,1,0
1760022,0,0,0,0,0,0,1,1,1,0
1760024,0,0,0,1,0,0,0,0,1,0
1760026,0,1,0,0,0,0,0,0,1,0
1760028,0,1,0,0,0,0,0,0,0,0
1760030,0,0,0,1,0,0,0,0,1,0
1770002,0,1,1,1,0,1,0,0,1,0
1770004,0,0,0,0,0,0,0,0,1,0
1770006,0,0,0,1,0,0,0,0,0,1
1770008,0,0,0,0,0,0,0,0,1,0
1770010,0,0,0,0,0,0,0,0,1,0
1770012,0,0,0,0,0,0,1,0,0,0
1770014,0,0,0,1,0,1,0,0,1,0
1770016,0,0,0,0,0,0,0,0,0,0
1770018,0,0,1,0,0,0,0,0,1,0
1770020,0,0,1,0,0,0,1,0,0,0
1770022,0,0,0,0,0,0,0,0,1,0
1770024,0,0,0,0,0,0,0,0,0,0
1770026,0,0,0,1,0,0,0,0,1,0
1770028,0,0,0,1,0,0,0,0,1,0
1770030,0,0,0,1,0,0,1,0,1,0
1780002,0,0,0,1,0,1,1,1,0,0
1780004,0,0,0,0,0,0,0,0,0,1
1780006,0,1,0,1,0,0,0,0,0,0
1780008,0,0,0,0,0,1,0,0,1,0
1780010,0,0,1,1,0,0,1,1,1,1
1780012,0,0,1,0,0,1,0,1,1,0
1780014,0,0,0,0,0,1,0,0,1,0
1780016,1,0,0,0,0,0,0,0,0,0
1780018,0,,0,0,0,1,1,0,0,0
1780020,0,1,0,0,0,1,1,1,1,0
1780022,0,0,0,1,0,0,0,1,1,0
1780024,0,0,0,1,0,1,1,0,1,0
1780026,0,0,0,0,0,1,0,0,1,0
1780028,0,0,1,0,0,0,0,0,1,0
1780030,0,0,0,0,0,0,1,0,0,1
1790002,0,0,0,0,0,0,0,0,1,0
1790004,0,1,0,0,0,1,0,0,0,0
1790006,0,0,1,0,0,1,1,1,1,1
1790008,0,0,0,1,0,1,1,1,1,1
1790010,0,0,0,1,0,1,0,0,1,1
1790012,0,0,0,0,0,0,0,0,0,0
1790014,0,0,0,0,0,0,0,0,1,0
1790016,0,0,0,0,0,0,0,0,1,0
1790018,0,0,0,1,0,1,1,1,0,1
1790020,0,0,0,1,0,0,0,0,0,1
1790022,0,0,1,0,0,0,0,0,0,0
1790024,0,1,0,0,0,0,0,0,0,0
1790026,0,0,0,0,0,0,0,0,0,0
1790028,0,0,0,0,0,1,0,0,1,0
1790030,0,0,1,0,0,0,0,1,1,1
1800002,0,0,1,0,0,0,0,0,0,0
1800004,0,0,0,0,0,1,0,0,0,0
1800006,0,0,0,0,0,0,0,0,0,0
1800008,0,1,1,0,0,0,0,0,0,0
1800010,0,0,0,0,0,1,1,0,0,1
1800012,0,1,0,0,0,1,1,1,0,1
1800014,0,0,1,0,0,0,0,0,0,0
1800016,0,0,0,0,0,1,0,0,0,0
1800018,0,0,0,0,0,0,1,0,0,0
1800020,0,0,0,0,0,0,0,0,0,0
1800022,0,1,0,0,0,1,0,0,1,0
1800024,0,0,0,1,0,0,0,0,1,0
1800026,0,0,0,0,0,0,0,0,0,1
1800028,0,0,0,0,0,0,0,0,0,0
1800030,0,0,0,0,0,1,0,0,0,0
1810002,,,0,1,1,0,1,1,1,0
1810004,0,0,0,0,0,0,0,0,1,0
1810006,0,1,1,0,0,0,0,0,0,1
1810008,0,0,0,0,0,0,0,0,1,0
1810010,0,0,0,0,0,1,0,0,1,0
1810012,0,0,0,1,0,0,0,0,0,0
1810014,0,0,0,0,0,0,0,0,0,0
1810016,0,1,0,1,0,1,1,1,1,1
1810018,0,0,1,0,0,0,0,0,1,0
1810020,0,0,0,0,0,0,0,0,0,0
1810022,0,0,0,0,0,0,0,0,0,0
1810024,0,0,1,1,0,0,0,0,0,1
1810026,0,0,1,0,0,0,0,0,0,0
1810028,0,1,0,0,0,0,0,0,0,0
1810030,0,0,1,0,0,0,0,0,1,0
1820002,0,1,0,0,0,0,1,0,1,0
1820004,0,0,0,0,0,1,0,0,0,0
1820006,0,0,0,0,0,0,0,0,0,0
1820008,0,0,1,0,0,0,0,0,0,0
1820010,0,0,0,0,0,1,1,0,1,0
1820012,0,0,0,0,0,0,0,0,0,0
1820014,0,0,0,0,0,0,0,0,0,0
1820016,0,1,0,0,0,1,1,1,1,0
1820018,0,0,0,0,0,0,1,0,1,0
1820020,0,0,1,0,0,0,0,0,0,0
1820022,0,0,0,0,0,1,0,0,0,0
1820024,0,0,0,1,0,0,0,1,1,0
1820026,0,0,0,0,0,0,0,0,0,0
1820028,0,0,0,0,0,1,0,0,1,0
1820030,0,0,0,0,0,0,0,0,1,0
1830002,0,0,0,0,0,1,0,0,0,0
1830004,0,0,1,0,0,1,1,0,1,0
1830006,0,0,0,0,1,0,1,0,0,0
1830008,0,1,0,0,0,0,0,0,1,0
1830010,0,0,0,0,0,0,0,0,1,0
1830012,0,0,0,0,0,0,0,1,1,0
1830014,0,,0,1,0,1,1,0,0,1
1830016,0,0,1,0,0,1,0,0,0,0
1830018,0,0,0,0,0,0,0,1,0,0
1830020,0,1,0,0,0,1,0,0,0,0
1830022,0,1,1,0,0,0,0,0,1,0
1830024,0,0,0,0,0,0,0,1,0,0
1830026,0,0,0,0,0,0,1,0,1,0
1830028,0,0,0,0,0,0,0,0,0,0
1830030,0,1,1,0,0,0,1,0,1,0
1840002,0,0,0,0,0,0,0,1,1,0
1840004,0,1,0,0,0,0,0,0,0,0
1840006,0,0,0,0,0,0,0,0,0,0
1840008,0,1,0,0,0,1,0,0,0,0
1840010,0,0,1,0,0,0,0,0,0,0
1840012,0,0,0,0,0,0,0,0,0,0
1840014,0,0,0,0,0,1,0,0,0,0
1840016,0,1,0,1,0,0,0,0,0,0
1840018,0,0,0,0,0,0,0,0,0,0
1840020,0,0,0,0,0,0,0,0,0,0
1840022,0,0,0,1,0,0,0,0,0,1
1840024,0,0,0,1,0,0,0,0,1,0
1840026,0,0,0,0,0,1,1,1,1,0
1840028,0,0,0,0,0,0,0,0,0,0
1840030,0,0,0,0,0,0,0,0,0,0
1850002,0,0,0,1,0,1,0,0,0,0
1850004,0,0,0,0,0,0,0,0,1,0
1850006,0,0,0,0,1,0,0,0,1,0
1850008,0,0,1,1,0,0,0,0,0,0
1850010,0,0,0,0,0,0,1,0,1,0
1850012,0,0,0,0,0,0,1,0,1,1
1850014,1,1,1,0,0,0,0,0,0,0
1850016,0,0,0,0,0,0,0,0,1,0
1850018,0,1,0,1,0,0,1,1,1,0
1850020,0,0,1,0,0,0,1,0,1,0
1850022,0,0,0,1,0,0,0,0,1,0
1850024,0,0,0,0,0,0,0,0,1,0
1850026,0,0,0,0,0,0,0,0,1,0
1850028,0,0,0,0,0,0,0,0,1,0
1850030,0,0,0,0,0,0,0,0,1,0
1860002,0,0,0,0,0,0,0,0,0,0
1860004,0,0,0,1,0,0,0,0,1,0
1860006,0,0,1,0,0,0,0,0,0,0
1860008,0,1,1,0,0,0,0,0,0,0
1860010,0,0,1,0,0,1,1,0,1,0
1860012,0,0,1,0,0,1,1,1,1,1
1860014,0,0,0,0,0,0,1,0,1,0
1860016,0,0,0,0,0,0,0,0,0,0
1860018,0,1,1,0,0,0,0,1,1,1
1860020,0,1,0,1,0,0,0,0,0,0
1860022,0,0,0,1,0,0,0,0,0,1
1860024,0,1,1,0,0,0,0,0,0,0
1860026,0,0,0,1,0,0,1,1,1,0
1860028,0,0,0,0,0,1,0,0,1,0
1860030,0,0,1,1,0,1,0,0,0,0
1870002,0,0,0,0,0,0,1,0,0,0
1870004,0,0,0,1,0,0,1,0,0,0
1870006,0,1,0,0,0,0,1,0,0,0
1870008,0,0,0,0,0,0,0,0,0,0
1870010,0,1,0,0,0,0,0,0,0,0
1870012,0,0,0,0,0,0,1,0,0,0
1870014,0,1,0,0,0,0,1,0,1,0
1870016,0,0,1,0,0,0,0,0,0,0
1870018,0,0,0,0,0,0,1,0,0,0
1870020,0,0,0,0,0,0,0,0,1,0
1870022,0,0,0,1,0,0,1,1,1,1
1870024,0,0,0,0,0,0,0,0,0,0
1870026,0,0,0,0,0,1,0,0,1,0
1870028,0,0,1,1,0,1,0,0,0,1
1870030,0,0,0,1,1,1,0,0,1,0
1880002,0,1,1,0,0,1,1,0,1,0
1880004,0,1,0,0,0,0,1,0,0,0
1880006,0,1,0,0,0,1,1,0,0,0
1880008,0,0,0,1,0,0,1,0,1,1
1880010,0,0,0,0,0,1,0,0,1,0
1880012,0,0,0,0,0,0,0,0,0,0
1880014,0,1,0,0,0,0,1,0,0,0
1880016,0,0,0,0,0,1,0,0,0,0
1880018,0,0,0,0,0,0,0,0,0,0
1880020,0,0,0,0,0,1,0,1,0,1
1880022,0,1,0,0,0,0,0,0,0,0
1880024,0,0,0,0,0,0,0,0,0,0
1880026,0,0,0,0,0,0,0,0,0,0
1880028,0,0,0,0,0,1,0,0,0,0
1880030,0,0,0,0,0,0,0,0,1,0
1890002,0,1,0,0,0,0,1,0,1,0
1890004,0,0,0,0,0,0,0,1,1,0
1890006,0,0,1,0,0,1,0,0,0,0
1890008,0,0,0,0,0,1,0,0,0,0
1890010,0,0,0,1,0,0,0,0,0,0
1890012,0,0,1,0,0,1,0,0,1,1
1890014,0,0,0,0,0,0,0,0,0,0
1890016,0,0,0,0,0,0,0,0,0,0
1890018,0,0,1,0,0,0,0,0,0,0
1890020,0,0,0,1,0,0,1,0,1,0
1890022,0,0,0,1,0,1,1,0,1,1
1890024,0,0,1,0,0,0,0,0,0,0
1890026,0,0,0,0,0,0,1,0,0,0
1890028,0,0,0,0,0,0,0,0,1,0
1890030,0,0,1,0,0,0,0,0,1,0
1900002,0,0,0,0,0,0,0,0,0,0
1900004,0,0,0,0,0,0,0,0,1,0
1900006,0,0,1,0,0,0,0,0,0,0
1900008,0,0,0,0,0,0,0,0,0,0
1900010,0,1,1,0,0,1,0,0,0,0
1900012,0,0,0,0,0,0,0,0,0,0
1900014,0,0,0,0,0,0,0,0,0,0
1900016,0,0,0,1,0,0,0,0,1,0
1900018,0,0,0,1,0,0,1,0,1,1
1900020,0,0,1,0,0,0,0,0,0,0
1900022,0,0,0,0,0,0,0,0,0,0
1900024,0,0,0,0,0,0,0,0,1,0
1900026,0,1,0,0,0,0,0,0,0,0
1900028,0,0,1,0,0,0,1,0,1,0
1900030,0,1,0,0,0,0,0,0,0,0
1910002,0,0,0,0,0,1,1,1,0,0
1910004,0,0,1,0,0,0,0,0,0,0
1910006,0,0,0,0,0,0,0,0,1,0
1910008,0,0,0,1,0,1,0,0,1,0
1910010,0,0,0,0,0,1,0,0,1,0
1910012,0,0,0,0,0,0,1,0,0,0
1910014,0,0,0,0,0,0,0,0,1,0
1910016,0,0,0,1,0,0,1,1,1,1
1910018,0,0,0,0,0,0,0,0,0,0
1910020,0,0,0,0,0,0,0,0,0,0
1910022,0,0,0,0,0,1,0,0,0,0
1910024,0,1,1,0,0,0,0,0,0,0
1910026,0,0,0,0,0,0,0,0,1,0
1910028,0,0,1,0,0,0,0,0,0,0
1910030,0,1,0,0,0,1,1,1,0,0
1920002,0,0,0,0,0,1,1,0,0,0
1920004,0,0,0,0,0,1,1,1,1,0
1920006,0,0,0,0,0,0,0,0,1,0
1920008,0,0,0,1,0,0,0,0,0,0
1920010,0,0,0,1,0,0,0,1,1,0
1920012,0,0,0,0,0,1,0,0,1,0
1920014,0,0,0,0,0,0,0,0,0,0
1920016,0,0,0,0,0,0,0,0,0,0
1920018,0,0,1,1,0,0,1,1,0,1
1920020,0,1,0,0,0,0,0,0,0,0
1920022,0,0,0,0,0,0,0,0,0,0
1920024,0,0,0,0,0,0,0,0,0,0
1920026,0,0,0,1,0,1,0,0,1,0
1920028,0,0,0,0,0,0,0,0,0,0
1920030,0,0,0,0,0,0,1,0,1,0
1930002,0,0,0,1,0,1,0,0,0,0
1930004,0,0,0,0,0,1,0,0,1,0
1930006,0,0,0,1,1,1,1,0,1,0
1930008,0,0,0,1,1,1,1,0,1,0
1930010,0,0,0,0,0,1,1,0,1,0
1930012,0,0,1,0,0,0,1,0,1,0
1930014,0,0,0,1,0,0,0,0,0,0
1930016,0,0,0,0,0,1,0,0,0,0
1930018,0,0,0,0,0,1,1,0,1,0
1930020,0,0,0,0,0,0,0,0,1,0
1930022,0,0,0,1,0,1,0,0,0,0
1930024,0,0,0,0,0,1,0,0,0,0
1930026,0,0,0,0,0,0,1,0,0,0
1930028,0,0,0,0,0,0,0,0,1,0
1930030,0,0,0,0,0,0,0,0,0,0
1940002,0,0,0,0,0,0,0,0,1,0
1940004,0,0,0,0,0,0,0,0,0,0
1940006,0,0,1,0,0,0,0,0,0,0
1940008,0,0,0,0,0,0,0,0,0,0
1940010,0,0,1,1,0,0,0,0,1,0
1940012,0,0,0,1,0,1,1,0,1,1
1940014,0,0,0,0,0,0,0,0,1,0
1940016,0,0,1,1,0,0,0,0,0,1
1940018,0,1,0,0,0,0,0,0,0,0
1940020,0,0,0,0,0,0,1,0,1,0
1940022,0,0,1,0,0,0,0,0,0,0
1940024,0,0,0,0,0,0,1,1,0,0
1940026,0,0,1,0,0,0,0,0,1,0
1940028,0,1,1,0,0,0,0,1,1,0
1940030,0,0,0,0,0,0,0,0,0,0
1950002,0,0,0,0,0,1,0,0,1,0
1950004,0,0,0,1,0,0,0,0,0,0
1950006,0,,0,1,0,1,1,1,1,1
1950008,0,1,0,0,0,1,1,0,1,0
1950010,0,0,1,0,0,1,0,0,1,0
1950012,0,0,0,0,0,1,0,0,0,0
1950014,0,0,0,0,0,1,0,0,0,0
1950016,0,0,1,0,0,1,1,0,1,0
1950018,0,0,0,0,0,1,1,0,1,0
1950020,0,0,0,0,0,1,1,0,0,0
1950022,0,0,1,1,0,0,0,0,0,0
1950024,0,0,0,0,0,0,0,0,0,0
1950026,0,0,0,1,0,1,0,0,0,0
1950028,0,1,1,0,0,1,1,0,1,0
1950030,0,0,0,1,0,1,0,0,0,0
1960002,0,0,0,0,0,0,0,0,0,0
1960004,0,0,0,0,0,0,0,0,0,0
1960006,0,0,0,0,0,0,0,0,0,0
1960008,0,0,0,0,0,0,0,0,0,0
1960010,0,0,0,0,0,0,0,0,0,0
1960012,0,0,0,1,0,0,0,0,0,0
1960014,0,0,0,0,0,0,0,0,0,0
1960016,0,0,0,0,0,0,0,0,0,0
1960018,0,1,0,0,0,0,0,0,0,0
1960020,0,0,0,0,0,0,0,0,1,0
1960022,0,0,0,1,0,0,0,0,0,0
1960024,0,0,0,1,0,0,0,0,0,0
1960026,0,0,0,0,0,0,0,0,0,0
1960028,0,0,0,0,0,0,0,0,0,0
1960030,0,1,0,1,0,0,0,0,0,0
1970002,0,0,0,1,0,1,1,0,1,0
1970004,0,0,0,0,0,1,0,0,0,0
1970006,0,0,1,0,0,1,0,1,1,0
1970008,0,0,0,0,0,0,0,0,1,0
1970010,0,0,0,0,0,0,0,0,0,0
1970012,0,0,0,1,0,0,0,0,0,1
1970014,0,0,0,0,0,0,0,0,0,0
1970016,0,1,0,0,0,1,0,0,1,0
1970018,0,0,1,0,0,1,0,0,1,0
1970020,0,0,0,0,0,0,0,0,0,0
1970022,0,0,0,0,0,0,0,0,0,0
1970024,0,0,1,0,0,0,0,0,0,0
1970026,0,1,0,0,0,0,1,0,0,0
1970028,0,0,0,1,0,0,0,0,0,0
1970030,0,0,1,1,0,0,0,0,0,0
1980002,0,0,0,1,0,1,0,0,1,0
1980004,0,0,1,0,0,0,1,0,0,0
1980006,0,0,0,0,0,1,1,0,0,0
1980008,0,0,0,0,0,1,1,0,1,0
1980010,0,0,1,1,0,1,0,0,1,0
1980012,0,0,0,1,0,0,0,0,0,1
1980014,0,0,0,0,0,1,0,0,0,0
1980016,0,0,1,1,0,0,1,0,0,0
1980018,0,0,0,0,0,0,0,0,0,0
1980020,0,0,0,1,0,1,1,0,0,0
1980022,0,0,0,0,0,0,0,0,0,0
1980026,0,0,0,0,0,1,0,0,0,0
1980028,0,0,1,0,0,1,0,0,1,0
1980030,0,0,0,0,0,0,0,0,0,0
1990002,0,0,1,1,0,0,0,0,0,0
1990004,0,0,0,1,0,0,1,0,0,0
1990006,0,1,0,0,1,0,1,0,0,0
1990008,0,0,1,1,0,0,0,0,1,1
1990010,0,1,1,1,0,0,1,0,1,0
1990012,0,1,0,1,1,0,1,0,1,0
1990014,0,0,0,1,0,0,0,1,0,0
1990016,0,1,0,1,0,1,1,1,1,0
1990018,0,0,0,1,0,0,1,1,0,1
1990020,0,0,0,0,0,1,0,0,0,0
1990022,0,0,0,0,0,1,1,0,1,0
1990024,0,0,0,0,0,0,0,0,1,0
1990026,0,0,1,0,0,0,0,0,0,0
1990028,0,1,0,0,0,0,0,0,1,0
1990030,0,0,0,1,0,1,0,0,1,0
2000002,0,0,0,1,0,0,0,0,1,1
2000004,0,0,0,0,0,0,0,0,0,0
2000006,0,1,1,0,0,0,0,1,1,1
2000008,0,0,0,0,0,0,1,0,0,0
2000010,0,0,0,0,0,0,0,0,0,0
2000012,0,0,1,0,0,0,0,0,0,0
2000014,0,0,0,0,0,0,0,0,0,0
2000016,0,1,0,0,0,0,0,0,0,0
2000018,0,0,0,1,0,0,0,0,1,0
2000020,0,0,0,0,0,0,0,0,1,0
2000022,0,0,0,0,0,0,0,0,0,0
2000024,0,0,0,0,0,0,1,1,1,0
2000026,0,0,0,0,0,0,0,0,1,0
2000028,0,0,0,0,0,0,0,0,0,0
2000030,0,1,0,0,0,0,0,0,0,0
2010002,0,0,0,0,0,0,1,0,1,0
2010004,0,0,0,0,0,1,0,0,1,0
2010006,0,1,0,0,0,0,0,0,0,0
2010008,0,0,0,0,0,0,0,0,0,0
2010010,0,0,0,0,0,0,0,0,0,0
2010012,0,0,0,1,0,0,0,0,0,1
2010014,0,0,0,0,0,1,0,0,0,0
2010016,0,0,0,0,0,0,0,0,0,0
2010018,0,0,0,0,0,0,0,0,0,0
2010020,0,0,0,0,0,1,0,0,1,0
2010022,0,0,0,0,0,0,1,0,0,0
2010024,0,0,0,0,0,0,0,0,0,0
2010026,0,0,0,0,0,0,0,0,1,0
2010028,0,1,0,0,0,0,0,0,1,0
2010030,0,1,0,0,0,0,0,0,1,0
2020002,0,0,0,0,0,0,0,0,0,0
2020004,0,0,0,0,0,0,0,0,1,0
2020006,0,0,0,0,0,0,0,0,0,0
2020008,0,1,0,0,0,0,0,0,0,0
2020010,0,1,0,1,0,0,0,0,1,0
2020012,0,0,0,0,0,0,0,0,0,0
2020014,0,1,0,1,1,0,0,1,0,1
2020016,0,0,0,0,0,0,0,0,0,0
2020018,0,0,1,0,0,1,1,0,0,1
2020020,0,0,0,0,0,0,1,0,1,1
2020022,0,1,0,0,0,1,0,0,1,0
2020024,0,0,0,0,0,0,1,0,0,1
2020026,0,0,0,0,0,0,0,0,0,0
2020028,0,0,0,0,0,0,0,0,0,0
2020030,0,0,0,0,0,0,0,0,0,0
2030002,0,0,1,1,0,1,1,1,1,1
2030004,0,0,0,1,0,0,0,0,0,0
2030006,0,0,0,1,0,0,0,0,0,0
2030008,0,0,0,0,0,0,1,1,0,0
2030010,1,0,0,0,0,0,0,0,0,0
2030012,0,1,0,0,0,0,0,0,0,0
2030014,0,1,0,0,1,1,1,0,0,0
2030016,0,0,0,0,0,0,0,0,0,0
2030018,0,0,0,0,0,0,0,0,0,0
2030020,0,0,0,0,0,0,0,0,1,0
2030022,0,0,1,1,0,0,0,0,0,0
2030024,0,1,1,1,0,0,0,0,0,0
2030026,0,1,1,1,0,0,0,0,0,0
2030028,0,0,1,0,0,0,0,0,0,0
2030030,0,0,1,0,0,0,0,0,0,1
2040002,0,0,0,0,0,0,0,0,0,1
2040004,0,1,0,0,0,0,0,0,0,0
2040006,0,0,0,0,0,1,0,0,0,0
2040008,0,0,1,0,0,0,1,1,0,0
2040010,0,0,0,0,0,0,0,0,0,0
2040012,0,1,0,0,0,0,0,0,0,0
2040014,0,1,0,0,0,1,0,0,1,0
2040016,0,1,0,1,0,0,0,0,0,0
2040018,0,1,0,0,0,0,0,0,0,0
2040020,0,0,1,0,0,0,0,0,0,0
2040022,0,0,0,0,0,0,0,0,0,0
2040024,0,0,0,1,0,0,0,0,1,1
2040026,0,1,0,0,0,0,0,0,0,0
2040028,0,0,0,0,0,0,0,0,0,0
2040030,0,1,0,0,0,0,0,0,1,0
2050002,0,0,0,0,0,0,0,0,0,0
2050004,0,1,0,0,0,0,0,0,0,0
2050006,0,0,0,0,0,0,0,0,0,0
2050012,0,0,0,0,0,0,0,0,0,0
2050014,0,0,0,0,0,0,0,0,0,0
2050016,0,1,0,1,0,1,0,0,0,1
2050018,0,0,0,0,0,0,1,0,0,0
2050020,0,0,0,0,0,0,0,0,0,0
2050022,0,0,1,0,0,0,0,0,0,0
2050024,0,0,0,0,0,0,0,0,0,0
2050026,0,0,0,0,0,0,0,0,0,0
2050028,0,0,0,0,0,0,0,0,0,0
2060002,,,0,0,0,0,0,0,0,0
2060004,0,1,0,0,0,0,0,0,0,0
2060006,0,0,1,0,0,0,0,0,0,0
2060008,0,0,0,0,0,0,1,0,1,0
2060010,0,1,0,0,0,0,0,0,0,0
2060012,0,0,1,0,0,0,0,0,0,0
2060014,0,0,0,1,0,0,0,0,0,0
2060016,0,0,0,1,0,0,0,1,0,0
2060018,0,0,0,0,0,0,0,0,0,0
2060020,0,0,0,0,0,0,0,0,0,0
2060022,0,0,0,1,0,0,0,0,0,1
2060024,0,0,0,0,0,0,0,0,1,1
2060026,0,0,1,0,0,0,0,0,0,1
2060028,0,1,0,0,0,0,0,0,0,0
2060030,0,0,1,0,0,0,0,0,0,0
2070002,0,0,1,0,0,0,0,0,0,0
2070004,0,0,1,0,0,0,0,0,0,0
2070006,0,0,0,0,0,0,1,0,0,0
2070008,0,0,1,0,0,0,0,0,1,0
2070010,0,0,1,1,0,0,1,0,0,0
2070012,0,1,1,0,0,0,0,0,0,0
2070014,0,0,0,1,0,0,0,0,0,0
2070016,0,0,0,0,0,0,0,0,0,0
2070018,0,1,0,0,0,0,0,0,0,0
2070020,0,0,0,0,0,0,0,0,0,0
2070022,0,0,1,0,0,0,0,0,0,0
2070024,0,1,0,0,0,0,0,0,0,0
2070026,0,0,0,1,0,0,1,0,0,1
2070028,0,0,0,1,0,0,1,1,1,1
2070030,0,1,0,0,0,0,0,1,1,0
2080002,0,0,1,0,0,0,0,0,0,0
2080004,0,0,0,0,0,0,0,0,1,0
2080006,0,0,0,1,0,0,0,0,1,0
2080008,0,0,1,0,0,0,0,0,0,0
2080010,0,1,0,0,0,0,0,0,0,0
2080012,0,1,0,0,0,0,0,0,0,0
2080014,0,0,0,0,0,0,0,0,0,0
2080016,0,1,0,0,0,0,1,0,0,0
2080018,0,0,0,0,0,0,0,0,0,0
2080020,0,0,0,0,0,0,1,1,0,0
2080022,0,0,0,0,0,0,0,0,0,0
2080024,0,0,1,0,0,0,0,0,0,0
2080026,0,1,1,0,0,0,0,0,0,0
2080028,0,0,0,0,0,0,0,0,0,0
2080030,0,0,0,0,0,0,0,1,0,0
2090002,0,0,1,0,0,0,0,0,0,0
2090004,0,0,0,0,0,0,1,0,0,0
2090006,0,0,0,0,0,0,0,0,1,0
2090008,0,0,1,0,0,0,0,0,1,1
2090010,0,1,1,0,0,0,0,0,0,0
2090012,0,1,0,0,0,0,0,0,0,0
2090014,0,0,0,0,0,0,0,0,1,0
2090016,0,0,1,1,0,0,1,0,1,0
2090018,0,0,0,0,0,0,1,0,0,1
2090020,0,0,0,1,0,0,0,0,0,0
2090022,0,0,0,0,0,0,0,0,1,0
2090024,0,0,1,0,0,0,1,0,0,0
2090026,0,1,0,0,0,0,0,0,0,0
2090028,0,0,0,1,0,0,0,0,1,0
2100002,0,0,1,0,0,0,1,0,1,0
2100004,0,0,0,0,0,0,0,0,0,0
2100006,0,0,0,0,0,0,0,0,0,0
2100008,0,0,1,0,0,0,0,0,0,0
2100010,0,0,1,1,0,0,1,0,0,0
2100012,0,0,1,0,0,0,0,0,0,0
2100014,0,0,0,0,0,0,0,0,0,0
2100016,0,0,0,1,0,0,0,0,1,0
2100018,0,0,0,0,0,0,1,0,0,0
2100020,0,0,0,0,0,0,0,0,0,0
2100022,0,0,0,0,0,0,0,0,0,0
2100024,0,0,0,0,0,0,0,0,1,0
2100026,0,0,1,0,0,0,0,0,1,0
2100028,0,0,1,0,0,0,0,0,0,0
2100030,0,0,0,0,0,0,0,0,0,0
2110002,0,0,0,0,0,0,0,0,0,0
2110004,0,0,0,0,0,0,1,0,0,0
2110006,0,0,1,0,0,0,0,0,0,0
2110008,0,0,1,0,0,0,1,0,1,0
2110010,0,0,1,0,0,0,0,0,0,0
2110012,0,1,0,0,0,1,1,0,0,0
2110014,0,1,0,0,0,0,1,0,0,0
2110016,0,1,0,1,0,0,0,0,1,0
2110018,0,0,0,0,0,0,0,0,1,0
2110020,0,0,0,1,0,0,0,0,1,0
2110022,0,0,0,0,0,0,0,0,0,0
2110024,0,0,0,0,0,0,0,0,0,0
2110026,0,0,0,0,0,1,1,0,0,0
2110028,0,0,0,1,0,0,1,0,0,1
2110030,0,0,1,0,0,1,1,0,0,0
2120002,0,0,1,0,0,0,0,1,1,0
2120004,0,0,0,0,0,0,0,0,0,0
2120006,0,0,0,1,0,0,0,1,0,0
2120008,0,0,1,0,0,0,0,0,0,0
2120010,0,0,1,0,0,0,0,0,0,0
2120012,0,0,0,0,0,0,0,0,0,0
2120014,0,0,0,0,0,0,0,0,0,0
2120016,0,0,0,1,0,0,0,0,0,0
2120018,0,0,0,0,0,0,0,0,0,0
2120020,0,0,0,0,0,0,0,0,1,0
2120022,0,0,1,0,0,0,0,0,0,0
2120024,0,0,0,0,0,0,0,0,0,0
2120026,0,,1,0,0,0,0,0,0,0
2120028,0,0,0,0,0,0,0,0,0,0
2120030,0,0,0,0,0,0,0,0,0,0
2130002,0,0,0,0,0,1,0,0,1,0
2130004,0,0,1,0,0,1,0,1,0,0
2130006,0,0,0,0,0,1,0,0,1,0
2130008,0,0,0,0,0,0,0,0,0,0
2130010,0,1,0,0,0,0,0,0,1,0
2130012,0,0,0,0,0,0,0,0,1,0
2130014,0,1,0,0,0,0,0,0,0,0
2130016,0,1,1,1,0,0,1,1,0,0
2130018,0,0,0,0,0,0,0,0,0,0
2130020,0,0,0,0,0,0,0,0,0,0
2130022,0,0,0,1,0,0,0,0,1,1
2130024,0,0,0,1,0,0,0,1,0,1
2130026,0,0,0,0,0,0,0,1,0,0
2130028,0,0,0,0,0,0,0,0,0,0
2130030,0,0,1,0,0,0,0,0,0,0
2140002,0,0,0,0,0,0,0,1,1,0
2140004,0,0,0,0,0,0,0,1,1,0
2140006,0,0,0,1,0,0,0,1,0,0
2140008,0,0,0,0,0,0,0,1,0,0
2140010,0,0,1,0,0,0,0,0,0,0
2140012,0,1,0,1,0,0,0,0,0,0
2140014,0,0,0,0,0,0,0,0,0,0
2140016,0,0,0,0,0,0,0,0,0,0
2140018,0,0,0,0,0,0,0,0,1,0
2140020,0,0,0,0,0,0,0,0,0,0
2140022,0,0,0,1,0,0,0,0,0,0
2140024,0,0,1,1,0,0,0,0,1,0
2140026,0,1,0,0,0,0,0,0,0,0
2140028,0,1,1,1,0,0,0,0,0,0
2150002,0,0,0,0,0,0,1,0,1,0
2150004,0,1,0,1,0,0,1,0,0,1
2150006,0,0,1,0,0,0,1,0,0,0
2150008,0,0,1,0,0,0,0,0,0,0
2150010,0,0,1,1,0,1,0,0,1,0
2150012,0,0,0,0,0,0,0,0,0,0
2150014,0,0,0,1,0,0,0,0,0,0
2150016,0,0,0,1,0,0,1,0,0,0
2150018,0,0,0,1,0,0,0,0,0,0
2150020,0,0,0,0,0,0,0,0,0,0
2150022,0,0,1,0,0,0,0,0,1,0
2150024,0,0,1,0,0,0,0,0,0,0
2150026,0,1,0,0,0,0,0,0,1,0
2150028,0,0,1,0,0,0,1,0,1,0
2150030,0,0,0,1,0,1,1,0,1,0
2160002,0,0,0,0,0,0,0,0,1,0
2160004,0,1,1,1,0,0,0,0,1,0
2160006,0,0,0,0,0,0,0,0,1,1
2160008,0,1,0,1,0,0,0,1,1,1
2160010,0,0,0,0,0,0,0,1,0,0
2160012,0,0,0,0,0,0,0,0,1,0
2160014,0,0,0,0,0,0,0,0,0,0
2160016,0,0,1,0,0,0,1,0,0,0
2160018,0,0,0,0,0,0,1,0,0,0
2160020,0,0,0,0,0,0,0,0,1,0
2160022,0,0,1,0,0,0,0,0,0,0
2160024,0,0,0,,0,0,0,0,0,0
2160026,0,0,0,1,0,0,0,0,1,1
2160030,0,0,0,1,0,0,0,0,0,0
2170002,0,0,0,1,0,0,1,0,0,0
2170004,0,0,0,1,0,0,0,0,0,0
2170006,0,0,0,1,0,0,1,0,1,0
2170008,0,0,1,1,0,0,1,0,0,0
2170010,0,0,0,1,0,0,1,0,1,0
2170012,0,0,0,1,0,0,1,0,0,0
2170014,0,0,1,0,0,0,0,0,0,0
2170016,0,0,1,1,0,0,1,0,0,0
2170018,0,0,0,1,0,0,1,0,0,0
2170020,0,0,1,1,0,0,1,0,0,0
2170022,0,0,0,1,0,0,1,0,0,0
2170024,0,0,1,1,0,0,1,0,0,0
2170026,0,0,1,0,0,0,1,0,0,0
2170030,0,1,1,1,0,0,1,0,0,0
2180002,0,0,1,0,0,0,0,0,1,0
2180004,0,0,0,0,0,0,0,0,0,0
2180006,0,0,1,0,0,0,0,1,1,0
2180008,0,0,0,0,0,0,0,0,0,0
2180010,0,0,1,0,0,0,0,0,1,0
2180012,0,0,0,1,0,0,0,0,0,0
2180014,0,0,0,0,0,0,0,0,1,0
2180016,0,0,0,0,0,0,1,0,0,0
2180018,0,0,0,0,0,0,0,0,1,0
2180020,0,1,0,0,0,0,1,0,0,0
2180022,0,0,1,0,0,0,0,0,1,0
2180024,0,0,0,0,0,0,0,0,0,0
2180026,0,0,0,,0,0,0,0,1,0
2180028,0,0,1,0,0,0,0,0,0,0
2180030,0,0,0,1,0,1,0,1,0,0
2190002,0,1,1,0,0,0,0,0,0,0
2190004,0,0,1,0,0,0,0,0,0,0
2190006,0,0,0,0,0,0,0,0,0,0
2190008,0,0,1,0,0,0,0,0,1,0
2190010,0,0,1,0,0,0,0,1,0,0
2190012,0,0,0,0,0,1,0,0,1,0
2190014,0,0,0,0,0,0,0,0,0,0
2190016,0,0,0,0,0,1,0,0,1,0
2190018,0,1,0,0,0,0,0,0,1,0
2190020,0,0,0,0,0,0,0,0,0,0
2190022,0,0,0,1,0,0,1,0,0,1
2190024,0,1,0,0,0,0,0,0,0,0
2190026,0,0,1,1,0,0,1,0,0,0
2190028,0,0,0,0,0,0,0,0,0,0
2190030,0,0,0,0,0,0,0,0,1,0
2200002,0,0,1,0,0,0,0,0,0,0
2200004,0,0,0,1,0,0,1,0,1,0
2200006,0,1,0,1,0,0,0,0,0,0
2200008,0,0,0,0,0,0,0,0,0,0
2200010,0,0,0,0,0,0,0,0,1,0
2200012,0,0,0,0,0,0,0,0,0,0
2200014,0,0,1,1,0,0,0,0,1,0
2200016,0,0,1,0,0,0,0,0,0,0
2200018,0,0,0,0,0,0,0,0,0,0
2200020,0,0,0,0,0,0,0,0,0,0
2200022,0,0,1,0,0,0,0,0,0,0
2200024,0,0,0,1,0,0,0,0,0,0
2200026,0,0,1,1,0,0,0,0,0,0
2200028,0,0,0,1,0,0,0,0,0,1
2200030,0,0,0,1,0,0,0,0,0,0
2210002,0,0,1,0,0,0,0,1,0,0
2210004,0,0,0,0,0,0,1,1,1,0
2210006,0,0,1,0,0,0,0,0,0,0
2210008,0,0,0,0,0,0,0,0,1,0
2210012,0,0,0,0,0,0,0,0,0,0
2210014,0,0,0,0,0,0,0,0,1,0
2210016,0,0,0,0,0,0,0,0,1,0
2210018,0,1,0,0,0,0,0,0,0,0
2210020,0,1,1,0,0,0,0,0,1,0
2210022,0,0,1,0,0,0,0,0,0,0
2210024,0,0,1,0,0,0,0,0,0,0
2210026,0,0,1,0,0,0,0,0,1,0
2210028,0,0,0,0,0,0,0,0,1,0
2210030,0,0,0,0,0,0,1,1,1,0
2220002,0,1,1,0,0,0,0,0,1,0
2220004,0,0,0,0,0,0,0,0,0,0
2220006,0,0,1,0,0,0,0,0,1,0
2220008,0,0,0,0,0,0,0,0,0,0
2220010,0,1,0,0,0,0,0,0,1,0
2220012,0,0,0,0,0,0,0,0,0,0
2220014,0,0,0,0,0,0,0,0,0,0
2220016,0,0,0,0,0,0,0,0,0,0
2220018,0,0,0,0,0,0,1,0,1,0
2220020,0,0,0,0,0,0,0,0,1,0
2220022,0,1,0,0,0,0,1,0,0,0
2220024,0,1,0,0,0,0,1,0,1,0
2220026,0,1,0,0,0,0,1,0,0,0
2220028,0,0,0,0,0,0,0,0,0,0
2220030,0,1,1,0,0,0,0,0,0,0
2230002,0,0,1,0,0,0,0,0,1,0
2230004,0,0,0,1,0,0,0,0,0,0
2230006,0,0,0,0,0,0,0,0,0,0
2230008,0,0,0,0,0,0,0,0,0,0
2230010,0,0,1,0,0,0,0,0,0,0
2230014,0,0,0,1,0,0,1,0,0,0
2230016,0,0,0,0,0,0,0,0,0,0
2230018,0,0,0,0,0,0,0,0,0,0
2230020,0,0,0,0,0,0,0,0,1,0
2230022,0,0,1,0,0,0,0,0,0,0
2230024,0,0,0,0,0,0,0,1,0,0
2230026,0,1,0,1,0,0,1,0,0,0
2230028,0,0,1,0,0,0,0,0,1,0
2230030,0,0,0,0,0,0,0,0,1,0
2240002,0,0,1,0,0,0,1,0,1,0
2240004,0,0,0,0,0,0,1,0,0,0
2240006,0,0,1,1,0,0,0,0,0,0
2240008,0,1,0,0,0,0,0,0,0,0
2240010,0,1,1,0,0,0,0,0,0,0
2240012,0,1,0,0,0,0,0,0,0,0
2240014,0,0,0,0,0,0,0,0,0,0
2240016,0,0,0,0,0,0,0,0,0,0
2240018,0,0,0,1,0,0,0,0,0,0
2240020,0,0,0,0,0,0,0,0,0,0
2240022,0,0,0,0,0,0,1,0,0,0
2240024,0,0,1,0,0,0,0,0,1,0
2240026,,0,1,1,0,0,0,0,0,0
2240028,,,0,,0,0,0,0,0,1
2240030,0,0,1,0,0,0,0,0,0,0
2250002,0,0,0,0,0,0,0,0,1,0
2250004,0,0,1,0,0,0,0,0,0,0
2250006,0,0,0,0,0,0,0,0,1,0
2250008,0,0,1,0,0,0,0,0,0,0
2250010,0,0,0,0,0,0,0,0,0,0
2250012,0,0,1,0,0,0,0,0,0,0
2250014,0,1,0,0,0,0,0,0,1,0
2250016,0,0,0,0,0,0,1,0,0,0
2250018,0,0,0,0,0,0,0,0,0,0
2250020,0,0,0,0,0,0,0,0,0,0
2250022,0,0,0,0,0,0,0,0,0,0
2250024,0,1,0,0,0,0,0,0,1,0
2250026,0,0,0,0,0,0,0,0,0,0
2250028,0,0,0,0,0,0,0,1,0,0
2250030,0,0,0,0,0,1,0,1,0,0
2260002,0,0,0,0,0,0,0,0,0,0
2260004,0,1,0,0,0,0,0,0,0,0
2260006,0,0,1,0,0,0,0,0,0,0
2260008,0,0,1,0,0,0,0,1,1,0
2260010,0,0,1,0,0,0,0,0,0,0
2260012,0,1,0,0,0,0,0,0,0,0
2260014,0,0,1,0,0,0,0,0,0,0
2260016,0,0,0,0,0,0,0,0,0,0
2260018,0,0,0,0,0,0,0,0,0,0
2260020,0,0,0,1,0,0,0,0,0,0
2260022,0,0,0,0,0,0,0,0,0,0
2260024,0,0,0,1,0,0,0,0,0,0
2260026,0,1,1,0,0,0,0,0,0,0
2260028,0,0,1,0,0,0,1,0,1,1
2260030,0,0,0,0,0,0,0,0,0,0
2270002,0,0,1,0,0,0,0,0,0,0
2270004,0,0,1,0,0,0,0,0,0,0
2270006,0,0,1,0,0,0,0,0,0,0
2270008,0,0,1,0,0,0,0,0,1,0
2270010,0,0,1,0,0,0,1,0,0,0
2270012,0,0,0,0,0,0,0,0,0,0
2270014,0,0,0,1,0,0,0,0,1,0
2270016,0,0,0,0,0,0,0,0,1,0
2270018,0,0,0,0,0,0,0,0,1,0
2270020,0,0,0,0,0,0,1,0,1,0
2270022,0,0,0,0,0,1,0,0,0,0
2270024,0,0,0,0,0,1,0,0,0,0
2270026,0,0,1,0,0,0,0,0,0,0
2270028,0,0,1,0,0,0,1,1,0,0
2280002,0,0,1,0,0,1,0,0,0,0
2280004,0,0,1,0,0,0,0,0,0,0
2280006,0,0,0,0,0,0,0,0,0,0
2280008,0,0,1,0,0,0,0,0,0,0
2280010,0,0,0,0,0,1,0,0,0,0
2280012,0,0,0,0,0,0,0,0,0,0
2280014,0,0,0,1,0,0,1,0,0,1
2280016,0,0,0,0,0,0,0,0,0,0
2280018,0,0,0,0,0,0,1,0,0,0
2280020,0,0,0,0,0,0,1,0,0,0
2280022,0,0,0,0,0,0,0,0,0,0
2280024,0,0,0,0,0,0,0,0,0,0
2280026,0,0,0,1,0,0,0,0,0,1
2280028,0,1,1,0,0,0,0,0,1,0
2280030,0,0,0,0,0,0,1,0,1,0
2290002,0,0,0,0,0,0,1,0,0,0
2290004,0,0,0,1,0,0,1,0,0,0
2290006,0,0,0,0,0,0,0,0,0,0
2290008,0,0,1,0,0,0,1,0,0,0
2290010,0,0,1,0,0,0,0,0,0,0
2290012,0,0,0,0,0,0,0,0,0,0
2290014,0,0,0,0,0,0,1,0,0,0
2290016,0,0,0,0,0,0,1,0,0,0
2290018,0,0,0,0,0,0,0,0,0,0
2290020,0,0,0,0,0,0,0,0,0,0
2290022,0,0,0,0,0,0,0,0,0,0
2290024,0,0,1,0,0,0,0,0,0,0
2290026,0,1,0,0,0,0,1,0,0,1
2290028,0,0,1,0,0,0,0,0,0,0
2290030,0,0,0,0,0,0,0,0,0,0
2300002,0,0,1,0,0,0,0,0,0,0
2300004,0,0,0,0,0,0,0,0,0,0
2300006,0,0,0,0,0,0,1,0,0,0
2300010,0,0,0,0,0,0,0,0,0,0
2300012,0,0,0,0,0,0,0,0,0,0
2300014,0,0,0,0,0,0,0,0,1,0
2300016,0,0,0,0,0,0,0,0,0,0
2300018,0,0,0,1,0,0,1,1,1,1
2300020,0,0,0,0,0,0,0,0,1,0
2300022,0,0,0,0,0,0,0,0,1,0
2300024,0,0,1,1,0,0,0,0,1,0
2300026,0,0,0,0,0,0,0,0,1,0
2300028,0,0,0,0,0,0,0,0,1,0
2300030,0,0,1,0,0,0,1,1,0,0
2310002,0,0,0,0,0,0,0,0,0,0
2310004,0,0,0,1,0,0,0,0,0,0
2310006,0,0,1,0,0,0,1,1,0,0
2310008,0,0,0,0,0,0,0,0,0,0
2310010,0,0,1,0,0,0,1,1,0,0
2310012,0,0,0,1,0,0,1,1,1,0
2310014,0,0,0,0,0,0,0,0,0,0
2310016,0,1,0,0,0,0,0,0,1,0
2310018,0,1,0,0,0,0,1,0,0,0
2310020,0,0,0,1,0,0,0,1,0,0
2310022,0,1,1,0,0,0,1,1,0,0
2310026,0,0,0,1,0,0,1,1,0,1
2310028,0,0,0,0,0,0,0,0,1,1
2310030,0,0,1,0,0,0,1,0,0,0
2320002,0,1,1,1,0,0,0,0,0,0
2320004,0,1,0,0,0,0,0,0,0,0
2320006,0,0,0,0,0,0,0,0,0,0
2320008,0,0,1,0,0,0,0,0,0,0
2320010,0,0,1,1,0,0,1,0,0,0
2320012,0,0,0,0,0,0,0,0,0,0
2320014,0,0,0,0,0,0,0,0,0,0
2320016,0,0,0,1,0,0,0,0,1,0
2320018,0,0,0,0,0,0,0,0,0,0
2320020,0,0,0,0,0,0,0,0,0,0
2320022,0,0,1,0,0,0,0,0,0,0
2320024,0,0,0,0,0,0,0,0,0,0
2320026,0,0,0,0,0,0,0,0,0,0
2320028,0,1,0,0,0,0,0,0,0,0
2320030,0,0,0,0,0,0,0,0,0,0
2330002,0,0,1,0,0,0,0,0,0,0
2330004,0,0,1,1,0,0,0,0,0,0
2330006,0,0,0,0,0,0,0,0,0,0
2330008,0,0,0,1,0,0,1,1,1,0
2330010,0,0,0,0,0,0,0,0,0,0
2330012,0,0,0,1,0,0,0,0,0,0
2330014,0,1,0,0,0,0,0,0,0,0
2330016,0,0,0,1,0,0,0,1,0,0
2330018,0,0,1,1,0,0,0,0,0,1
2330020,0,0,0,0,0,0,0,0,0,0
2330022,0,0,1,0,0,0,1,0,0,0
2330024,0,0,1,0,0,0,0,0,0,0
2330026,0,1,1,1,0,0,1,0,0,0
2330028,0,1,1,1,0,0,1,0,1,1
2330030,0,0,1,0,0,0,0,0,0,0
2340002,0,0,1,0,0,0,0,0,0,0
2340004,0,0,0,0,0,0,0,0,0,0
2340006,0,0,0,1,0,0,0,0,0,0
2340008,0,0,1,0,0,0,0,0,1,0
2340010,0,1,0,0,0,0,0,0,1,0
2340012,0,1,0,0,0,0,0,0,0,0
2340014,0,0,0,0,0,0,0,0,0,0
2340016,0,0,0,0,0,0,0,1,1,0
2340018,0,0,0,0,0,0,1,0,1,0
2340020,0,0,0,0,0,0,0,0,0,0
2340022,0,0,1,0,0,0,0,0,0,0
2340024,0,0,0,1,0,0,0,0,1,0
2340026,0,0,0,0,0,0,0,0,0,0
2340028,0,0,0,0,0,0,0,0,0,0
2340030,0,0,1,1,0,0,0,0,0,0
2350002,0,0,0,0,0,0,0,0,1,0
2350004,0,1,0,0,0,0,0,0,0,0
2350006,0,0,0,0,0,0,0,0,0,0
2350008,0,0,0,0,0,0,0,0,0,0
2350010,0,1,0,0,0,0,0,0,0,0
2350012,0,0,0,0,0,0,0,0,0,0
2350014,0,0,0,0,0,0,0,0,0,0
2350016,0,0,0,0,0,1,0,1,1,0
2350018,0,0,0,0,0,0,0,0,0,0
2350020,0,0,0,0,0,0,0,0,0,0
2350022,0,1,1,0,0,1,0,0,1,0
2350024,0,0,1,0,0,1,0,0,0,0
2350026,0,0,0,0,0,1,0,0,0,0
2350028,0,0,0,0,0,1,0,0,0,0
2350030,0,0,0,1,0,0,1,0,0,0
2360002,0,0,1,0,0,0,0,0,0,0
2360004,0,0,0,0,0,0,0,0,0,0
2360006,0,0,1,0,0,0,0,0,0,0
2360008,0,0,0,0,0,0,0,0,0,0
2360010,0,0,1,0,0,0,0,0,0,0
2360012,0,0,0,0,0,0,0,0,0,0
2360014,0,0,0,0,0,0,0,0,0,0
2360016,0,0,0,1,0,0,1,0,1,1
2360018,0,0,1,0,0,0,0,0,0,0
2360020,0,1,0,1,0,0,1,0,0,0
2360022,0,0,0,0,0,0,0,0,0,0
2360024,0,0,0,1,0,0,1,0,0,1
2360026,0,0,0,0,0,0,0,0,0,0
2360028,0,0,1,0,0,0,0,0,0,0
2360030,0,0,1,0,0,0,0,0,0,0
2370002,0,0,0,0,0,0,0,0,0,0
2370004,0,0,0,0,0,0,0,0,0,0
2370006,0,0,0,0,0,0,0,0,0,0
2370008,0,0,0,0,0,0,0,0,0,0
2370010,0,1,0,0,0,0,1,0,0,0
2370012,0,0,0,0,0,0,0,0,0,0
2370014,0,0,0,0,0,0,0,0,0,0
2370016,0,0,0,0,0,0,0,0,0,0
2370018,0,0,0,0,0,0,0,0,0,0
2370020,0,0,0,0,0,0,0,0,0,0
2370022,0,1,1,0,0,0,0,1,0,1
2370024,0,0,0,1,0,0,0,0,0,1
2370026,0,0,1,0,0,0,0,0,0,0
2370028,1,0,0,0,0,0,0,0,0,0
2380002,0,0,0,0,0,0,1,0,0,1
2380004,0,0,0,0,0,0,1,1,0,0
2380006,0,0,1,0,0,0,0,0,1,0
2380008,0,0,0,1,0,0,1,0,0,0
2380010,0,1,1,1,0,0,0,0,0,0
2380012,0,0,1,0,0,0,0,0,0,0
2380014,0,0,1,0,0,0,0,0,1,0
2380016,0,0,0,1,0,0,1,0,1,0
2380018,0,0,0,1,0,0,0,0,1,0
2380020,0,1,1,0,0,0,0,0,1,0
2380022,0,0,0,0,0,0,0,0,0,1
2380024,0,0,0,0,0,0,1,0,0,0
2380026,0,0,0,0,0,0,0,0,0,0
2380028,0,0,0,0,0,0,0,0,1,0
2380030,0,1,0,0,0,0,1,0,0,1
2390002,0,1,0,0,0,1,1,0,0,0
2390004,0,1,1,0,0,0,0,0,1,0
2390006,0,0,0,0,0,0,1,0,1,1
2390008,0,0,0,0,0,0,0,0,0,0
2390010,0,0,0,1,0,0,0,0,1,1
2390012,0,1,0,0,0,0,0,0,0,0
2390014,0,0,0,0,0,0,1,0,1,1
2390016,0,1,0,0,0,0,0,0,1,1
2390018,0,0,0,1,0,0,0,0,1,1
2390020,0,0,0,1,0,1,1,0,1,0
2390022,0,0,0,0,0,0,0,0,0,0
2390024,0,1,0,0,0,1,0,0,1,0
2390026,0,0,0,0,0,0,0,0,0,1
2390028,0,1,0,0,0,1,0,0,1,0
2390030,0,0,0,1,1,0,0,0,1,1
2400002,0,0,0,1,0,0,0,0,0,0
2400004,0,0,0,0,0,1,0,0,0,0
2400006,0,0,1,0,0,1,1,0,1,0
2400008,0,0,0,1,0,1,1,0,0,0
2400010,0,0,0,0,0,1,0,0,0,0
2400012,0,0,0,0,0,1,1,0,1,0
2400014,0,0,0,0,0,1,1,0,1,0
2400016,0,0,1,0,0,0,0,0,0,0
2400018,0,0,1,0,0,1,1,0,1,1
2400020,0,0,0,0,0,1,0,0,0,0
2400022,0,0,0,0,0,1,0,0,1,0
2400024,0,0,1,0,0,1,0,0,0,0
2400026,0,0,0,1,0,1,1,0,0,0
2400028,0,0,0,1,0,1,1,0,0,0
2400030,0,0,0,1,0,0,0,0,0,0
2410002,0,1,0,1,0,0,1,0,0,0
2410004,0,1,1,1,0,0,1,0,1,0
2410006,0,1,0,1,0,0,1,0,1,1
2410008,0,0,1,1,0,0,1,0,0,0
2410010,0,0,0,1,0,0,1,0,0,1
2410012,0,0,0,1,0,0,1,0,0,1
2410014,0,0,1,0,0,0,0,0,0,0
2410016,0,0,0,1,0,0,0,0,1,0
2410018,0,0,1,0,0,0,1,1,1,0
2410020,0,0,0,1,0,0,0,0,0,0
2410022,0,0,0,0,0,0,1,0,1,0
2410024,0,0,0,0,0,0,0,0,0,0
2410026,0,0,0,1,1,1,1,0,1,0
2410028,0,0,1,0,0,1,0,0,0,0
2410030,0,1,1,1,0,0,1,0,0,0
2420002,0,1,0,0,0,0,1,0,0,0
2420004,1,0,1,1,0,0,1,0,1,1
2420006,0,0,0,0,0,0,0,0,0,0
2420008,0,0,0,1,0,0,1,0,0,1
2420010,0,0,0,0,0,1,1,0,1,0
2420012,0,0,0,0,0,0,1,0,1,0
2420014,0,0,0,1,0,0,1,0,1,1
2420016,0,0,0,1,0,0,1,0,1,1
2420018,0,0,1,0,0,0,0,0,1,0
2420020,0,1,0,0,0,0,1,0,1,1
2420022,0,0,0,0,0,0,1,0,1,1
2420024,0,0,0,1,0,0,1,0,1,1
2420026,0,0,0,0,0,0,1,0,0,1
2420028,0,0,1,1,0,0,0,0,0,0
2420030,0,0,0,0,0,0,0,0,0,1
2430002,0,0,0,1,0,0,0,0,0,0
2430004,0,0,0,0,0,0,1,0,0,0
2430006,0,0,0,0,0,0,0,0,0,0
2430008,0,0,0,0,0,0,0,0,0,0
2430010,0,0,0,0,0,0,1,0,0,0
2430012,0,0,0,0,0,0,0,0,0,0
2430014,0,0,0,1,0,0,1,0,0,1
2430016,0,0,0,1,0,0,1,0,0,1
2430018,0,0,1,0,0,0,1,0,0,1
2430020,0,0,0,1,0,0,0,0,0,0
2430022,0,0,0,0,0,0,0,0,0,0
2430024,0,0,0,0,0,0,1,0,0,0
2430026,0,1,0,0,0,0,0,0,1,1
2430028,0,0,0,0,0,0,1,0,0,0
2430030,0,0,0,0,0,0,0,0,0,0
2440002,0,0,1,0,0,0,1,0,0,0
2440004,0,1,1,0,0,0,1,0,0,1
2440006,0,0,0,0,0,0,1,0,0,1
2440008,0,0,1,0,0,0,1,0,0,0
2440010,0,0,0,0,1,0,1,0,0,0
2440012,0,0,0,0,0,0,1,0,0,1
2440014,0,0,0,0,0,0,0,0,1,0
2440016,0,0,1,0,0,0,0,0,0,0
2440018,0,0,0,0,0,0,0,0,0,0
2440020,0,0,1,1,1,1,1,0,0,0
2440022,0,1,0,0,1,1,0,0,1,0
2440024,0,0,0,0,0,1,0,0,1,1
2440026,0,0,0,0,1,1,0,0,1,1
2440028,0,0,0,0,0,1,0,0,1,0
2440030,0,0,0,0,0,1,1,0,1,0
2450002,0,0,0,0,1,1,0,0,1,1
2450004,0,0,0,0,1,1,1,0,1,1
2450006,0,0,1,1,1,1,0,0,1,1
2450008,0,0,0,1,1,0,1,0,1,1
2450010,0,0,0,0,1,1,0,0,0,0
2450012,0,0,0,0,1,1,1,0,1,1
2450014,0,0,1,0,1,0,0,0,0,0
2450016,0,0,1,0,1,0,0,0,0,1
2450018,0,0,0,0,1,0,0,0,0,0
2450020,0,0,1,1,1,1,1,0,1,1
2450022,0,0,0,1,1,1,1,1,1,1
2450024,0,0,1,0,1,1,1,1,1,1
2450026,0,0,0,0,1,1,1,0,1,1
2450028,0,1,0,1,1,1,1,0,1,1
2450030,0,0,0,1,1,0,0,0,1,1
2460002,0,0,0,0,0,0,0,0,0,0
2460004,0,0,0,0,0,0,0,0,0,0
2460006,0,0,0,0,0,0,0,0,0,1
2460008,0,1,0,0,0,0,0,0,0,0
2460010,0,0,0,0,0,0,1,0,0,0
2460012,0,0,0,0,0,0,1,0,0,0
2460014,0,0,1,0,0,0,1,0,0,0
2460016,0,1,1,0,0,0,1,0,0,0
2460018,0,0,1,0,0,0,1,0,0,0
2460020,0,0,0,0,0,0,0,0,0,0
2460022,0,0,0,0,0,0,0,0,0,1
2460024,0,1,0,0,0,0,0,0,0,0
2460026,0,0,0,1,0,0,0,0,0,0
2460028,0,0,0,1,0,0,1,0,0,1
2460030,0,1,1,1,0,0,0,0,0,0
2470002,0,0,0,0,0,0,0,0,0,0
2470004,0,0,0,0,0,0,0,0,0,0
2470006,0,0,0,1,0,0,0,0,0,1
2470008,0,0,0,0,0,0,0,0,0,0
2470010,0,0,0,0,0,0,0,0,0,0
2470012,0,0,0,0,0,0,0,0,0,0
2470014,0,0,0,0,0,0,0,0,0,0
2470016,0,1,0,0,0,0,0,0,0,0
2470018,0,0,0,0,0,0,0,0,0,0
2470020,0,0,0,0,0,0,0,0,0,0
2470022,0,0,0,0,0,0,0,0,0,0
2470024,0,1,0,0,0,0,0,0,0,0
2470026,0,0,0,0,0,0,0,0,0,0
2470028,0,0,0,1,0,0,0,0,0,0
2470030,0,0,0,0,0,0,0,0,0,0
2480002,0,0,1,0,0,0,0,0,0,1
2480004,0,0,0,0,0,0,0,0,0,0
2480006,0,0,0,0,0,0,0,0,0,0
2480008,0,0,0,0,0,0,0,0,0,0
2480010,0,0,0,0,0,0,0,0,0,0
2480012,0,0,0,1,0,0,0,0,0,0
2480014,0,1,1,0,0,0,0,1,0,0
2480016,0,0,0,0,0,0,0,1,0,0
2480018,0,0,0,0,0,0,0,0,0,0
2480020,0,0,0,0,0,0,0,1,0,0
2480022,0,0,0,0,0,0,0,0,0,0
2480024,0,0,0,0,0,0,0,0,0,0
2480026,0,0,0,0,0,0,0,0,0,0
2480028,0,0,0,0,0,0,0,0,0,0
2480030,0,0,0,0,0,0,0,0,0,0
2490002,0,0,0,0,0,0,0,0,0,0
2490004,0,0,0,1,0,0,0,0,0,1
2490006,0,0,1,1,0,0,0,0,0,0
2490008,0,0,0,0,0,0,1,0,0,0
2490010,0,0,0,1,0,0,1,0,0,1
2490012,0,0,0,0,0,0,1,0,0,0
2490014,0,0,0,1,0,0,0,0,0,0
2490016,0,0,0,0,0,0,1,0,0,0
2490018,0,0,0,1,0,0,1,0,0,0
2490020,0,0,1,0,0,0,0,0,0,0
2490022,0,0,1,0,0,0,0,0,0,0
2490026,0,0,0,0,0,0,0,0,0,0
2490028,0,0,0,0,0,0,0,1,0,0
2490030,0,0,0,0,0,0,0,0,0,0
2500002,0,0,0,0,0,0,0,0,0,1
2500004,0,0,0,0,0,0,0,0,0,0
2500006,0,1,0,0,0,0,0,0,0,0
2500008,0,0,0,0,0,0,0,0,0,0
2500010,0,0,0,0,0,0,0,0,0,0
2500012,0,0,0,0,0,0,0,0,0,0
2500014,0,0,0,0,0,0,0,0,0,0
2500016,0,0,1,0,0,0,0,0,0,0
2500018,0,0,1,0,0,0,0,0,0,0
2500020,0,1,0,0,0,0,0,0,1,0
2500022,0,1,1,0,0,0,0,0,0,0
2500024,0,0,1,0,0,0,0,0,0,0
2500026,0,1,1,1,0,0,0,0,0,1
2500028,0,1,0,0,0,0,0,0,0,0
2500030,,,0,0,0,0,0,0,0,0
2510002,0,0,0,1,0,0,0,0,0,0
2510004,0,0,0,1,0,0,0,0,0,1
2510006,0,0,0,1,0,0,0,0,0,1
2510008,0,0,0,1,0,0,0,0,0,0
2510010,0,1,0,0,0,0,1,0,0,0
2510012,0,0,0,0,0,0,1,0,0,1
2510014,0,0,0,1,0,0,0,0,0,1
2510016,0,0,0,1,0,0,0,0,0,1
2510018,0,0,1,0,0,0,0,0,0,0
2510020,0,0,1,0,0,0,0,0,0,0
2510022,0,0,0,0,0,0,0,0,0,0
2510024,0,1,0,0,0,0,0,0,0,0
2510026,0,0,0,0,0,0,0,0,0,0
2510028,0,0,0,0,0,0,0,0,0,0
2510030,0,0,0,0,0,0,0,0,0,0
2520002,0,0,0,0,0,0,1,1,1,0
2520004,0,1,0,1,0,0,0,0,1,0
2520006,0,1,0,0,0,0,0,0,1,0
2520008,0,0,1,0,0,0,1,0,0,1
2520010,0,0,0,0,0,0,1,0,1,1
2520012,0,1,0,1,0,0,0,0,0,0
2520014,0,0,0,0,0,1,1,0,1,1
2520016,0,0,0,1,0,1,1,0,1,1
2520020,0,0,0,0,0,0,0,0,0,1
2520022,0,0,0,0,0,0,0,0,0,0
2520024,0,1,0,0,0,0,0,0,0,0
2520026,0,0,0,0,0,0,0,0,0,0
2520028,0,0,1,0,0,0,0,0,0,0
2520030,0,0,0,0,0,0,0,0,0,0
2530002,0,0,1,0,0,0,0,0,0,0
2530004,0,0,1,0,0,0,0,0,1,0
2530006,0,0,0,0,0,0,0,1,0,0
2530008,0,0,0,1,0,0,0,0,0,1
2530010,0,0,0,1,0,0,0,0,0,0
2530012,0,0,0,1,0,0,0,0,0,0
2530014,0,0,0,0,0,0,0,0,0,0
2530016,0,0,0,0,0,0,0,0,0,0
2530018,0,0,0,0,0,0,0,0,0,1
2530020,0,0,0,1,0,0,0,0,0,0
2530022,0,0,0,0,0,0,0,0,0,0
2530024,0,0,0,0,0,0,0,0,0,0
2530026,0,0,0,0,1,0,1,0,0,1
2530028,0,0,0,0,0,0,1,0,1,0
2530030,0,0,0,0,0,0,0,0,0,0
2540002,0,0,1,0,0,0,0,0,1,0
2540004,0,0,0,1,0,1,0,0,1,1
2540006,0,0,0,0,0,0,0,0,1,0
2540008,0,0,0,0,0,1,1,0,1,0
2540010,0,0,0,0,0,1,1,0,1,0
2540012,0,0,0,1,0,1,1,0,1,0
2540014,0,0,1,0,0,0,1,0,1,0
2540016,0,0,1,0,0,0,0,0,1,0
2540018,0,0,0,0,0,1,0,0,0,0
2540020,0,0,0,0,0,1,0,0,1,0
2540022,0,0,1,0,0,1,0,1,1,1
2540024,0,0,1,0,0,1,1,0,1,0
2540026,0,0,0,0,0,0,0,0,0,0
2540028,0,0,0,0,0,1,0,0,1,0
2540030,0,0,1,0,0,1,0,0,0,0
2550002,0,0,0,0,0,1,0,0,0,0
2550004,0,0,1,1,0,0,1,0,1,1
2550006,0,0,1,0,0,0,0,0,0,0
2550008,0,0,0,0,0,0,0,0,0,0
2550010,0,0,0,0,0,0,0,0,0,0
2550012,0,0,0,0,0,0,0,0,0,0
2550014,0,0,0,0,0,1,0,0,1,0
2550016,0,0,0,0,0,0,0,0,0,0
2550018,0,,1,0,0,0,1,0,1,0
2550020,0,1,0,0,0,0,0,0,1,0
2550022,0,0,1,0,0,0,1,0,0,0
2550024,0,1,1,1,0,0,1,0,0,0
2550026,0,0,0,0,0,0,1,0,1,0
2550028,0,1,0,0,0,0,0,0,0,0
2550030,0,0,0,0,0,0,0,0,1,0
2560002,0,1,1,0,0,0,0,0,0,0
2560004,0,1,0,0,0,0,0,0,0,0
2560006,0,0,0,0,0,0,0,0,0,0
2560008,0,0,0,1,0,0,1,0,1,1
2560010,0,0,0,0,0,0,0,0,0,0
2560012,0,0,0,1,0,1,0,0,1,0
2560014,0,0,1,0,0,0,1,1,0,0
2560016,0,0,0,0,1,0,1,0,1,1
2560018,0,0,0,1,1,0,0,0,1,1
2560020,0,0,0,0,0,1,0,0,1,0
2560022,0,0,0,0,1,1,0,0,1,1
2560024,0,0,0,0,1,1,1,0,1,1
2560026,0,0,0,1,0,1,0,0,1,1
2560028,0,0,0,0,0,0,0,0,0,0
2560030,0,0,0,0,0,0,0,0,0,0
2570002,0,0,0,0,0,1,0,0,0,0
2570004,0,0,0,0,0,0,0,0,0,0
2570006,0,0,0,0,0,1,0,0,0,0
2570008,0,0,0,1,1,0,0,0,1,1
2570010,0,0,0,1,0,0,0,0,1,1
2570012,0,0,0,1,0,0,0,0,1,0
2570014,0,0,0,1,0,0,0,0,1,0
2570016,0,0,0,0,0,0,0,1,1,0
2570018,0,0,0,1,0,1,0,0,1,0
2570020,0,0,0,0,0,1,0,0,0,0
2570022,0,0,0,0,0,1,0,0,1,0
2570024,0,0,0,0,0,1,0,0,1,0
2570026,0,0,0,0,0,0,0,0,1,0
2570028,0,0,0,0,0,0,0,0,1,0
2570030,0,0,0,0,0,0,0,0,0,0
2580002,0,0,0,0,0,1,1,0,1,0
2580004,0,0,0,1,0,1,1,0,1,0
2580006,0,0,0,1,0,1,0,0,1,0
2580008,0,0,0,1,0,0,0,0,0,1
2580010,0,1,0,1,0,1,1,0,1,0
2580012,0,0,0,0,0,1,1,0,1,0
2580014,0,1,0,1,0,1,0,0,1,0
2580016,0,0,1,1,0,1,1,1,1,1
2580018,0,1,1,0,0,1,1,0,0,0
2580020,0,0,0,0,0,1,0,0,1,0
2580022,0,0,0,0,0,0,0,0,0,0
2580024,0,0,0,0,0,0,0,0,1,0
2580026,0,0,0,0,0,1,0,0,1,0
2580028,0,0,0,0,0,0,0,0,1,0
2580030,0,0,1,1,0,0,0,0,1,0
2590002,0,0,1,1,1,1,1,0,1,0
2590004,0,1,0,1,1,1,1,0,1,0
2590006,0,1,0,1,1,0,1,0,1,1
2590008,0,0,0,1,1,0,1,0,1,0
2590010,0,0,0,1,0,1,0,0,1,0
2590012,0,0,0,0,1,1,1,0,1,0
2590014,0,0,1,1,1,0,1,0,1,0
2590016,0,1,0,1,1,1,1,0,1,1
2590018,0,0,1,0,1,0,0,0,0,0
2590020,0,0,1,0,1,1,0,0,1,0
2590022,0,0,1,1,1,1,1,0,1,0
2590024,0,0,1,1,1,1,1,0,0,0
2590026,0,0,0,1,1,0,1,0,1,0
2590028,0,0,0,0,1,0,0,0,0,0
2590030,0,1,0,1,1,1,1,0,1,1
2600002,0,1,1,1,0,1,1,0,0,1
2600004,0,0,1,0,0,1,0,0,1,0
2600006,0,0,1,1,0,1,0,0,1,0
2600008,0,0,0,1,0,0,0,0,0,0
2600010,0,1,0,0,0,1,0,0,1,1
2600012,0,0,0,0,0,1,0,0,1,0
2600014,0,0,0,0,0,0,0,0,0,0
2600016,0,0,1,0,0,0,0,0,0,0
2600018,0,0,1,0,0,0,0,0,1,1
2600020,0,0,0,0,0,0,1,0,1,0
2600022,0,0,1,0,1,1,1,0,1,1
2600024,0,0,0,0,0,1,1,0,0,1
2600026,0,1,0,0,0,1,1,0,0,0
2600028,0,1,0,0,0,0,1,0,1,1
2600030,0,1,0,0,0,1,0,0,1,0
2610002,0,0,0,0,0,0,0,0,0,0
2610004,0,0,0,0,0,0,0,0,0,0
2610006,0,0,1,0,0,0,0,0,0,0
2610008,0,0,0,0,0,0,0,0,0,0
2610010,0,1,0,0,0,0,0,0,0,0
2610012,0,0,0,0,0,0,0,0,0,0
2610014,0,0,0,0,0,0,0,0,0,0
2610016,0,0,0,0,0,0,0,0,0,0
2610018,0,0,0,0,0,0,0,0,0,0
2610020,0,0,0,0,0,0,0,0,0,0
2610022,0,0,0,0,0,0,0,0,0,0
2610024,0,0,0,1,0,0,0,0,0,0
2610026,0,0,0,0,0,0,0,0,1,0
2610028,0,0,0,0,0,0,0,0,0,0
2610030,0,0,0,1,0,0,0,0,0,1
2620002,0,0,1,0,1,1,1,0,1,0
2620004,0,0,0,0,1,1,0,0,0,0
2620008,0,0,0,1,1,1,1,0,1,0
2620010,0,0,1,1,1,1,1,0,1,0
2620012,0,0,0,0,1,1,0,0,0,0
2620014,0,0,0,0,1,0,0,0,0,0
2620018,0,1,1,0,1,1,0,0,1,0
2620020,0,0,1,0,1,1,0,0,1,0
2620022,0,0,0,1,1,1,0,0,1,0
2620024,0,0,0,1,1,1,0,0,1,0
2620026,0,1,1,1,1,0,0,0,1,0
2620028,0,0,1,0,1,1,0,0,1,0
2620030,0,0,1,0,1,1,1,1,0,0
2630002,0,0,0,0,0,0,0,0,1,0
2630004,0,0,1,0,0,0,0,0,0,0
2630006,0,0,0,0,0,0,0,0,0,0
2630008,0,0,0,0,0,0,0,0,0,0
2630010,0,1,0,0,0,0,0,0,0,0
2630012,0,0,0,1,0,0,0,0,0,0
2630014,0,0,1,0,0,0,0,0,0,0
2630016,0,0,0,0,0,0,0,0,0,0
2630018,0,0,1,0,0,0,0,0,0,0
2630020,0,0,0,0,0,0,0,0,0,0
2630022,0,0,0,0,0,0,0,0,1,0
2630024,0,0,0,0,0,0,0,0,0,0
2630026,0,0,0,0,0,0,0,0,0,0
2630028,0,0,0,0,0,0,0,0,0,0
2630030,0,0,0,0,0,0,0,0,0,0
2640002,0,0,0,1,0,0,1,0,1,0
2640004,0,0,0,1,0,0,0,1,1,0
2640006,0,0,0,0,0,0,0,0,1,0
2640008,0,0,1,1,0,0,0,0,0,0
2640010,0,0,0,0,0,0,1,1,0,0
2640012,,0,0,0,0,0,0,0,0,0
2640014,0,0,0,1,0,0,0,0,0,0
2640016,0,0,0,0,0,0,0,0,1,0
2640018,0,0,0,0,0,0,0,0,1,0
2640020,0,0,0,0,0,0,0,0,1,0
2640022,0,0,0,0,0,0,0,0,1,0
2640024,0,0,0,1,0,0,0,0,0,0
2640026,0,0,0,1,0,0,0,0,1,0
2640028,0,0,0,0,0,0,0,0,1,0
2640030,0,0,0,1,0,0,0,0,0,1
2650002,0,0,0,1,0,1,1,0,1,1
2650004,0,0,0,0,1,0,0,0,1,0
2650006,0,0,0,0,1,0,0,0,1,0
2650008,0,0,0,0,1,1,0,0,1,0
2650010,0,0,0,1,1,1,0,0,1,0
2650012,0,0,0,0,1,0,0,0,1,0
2650014,0,0,0,0,1,0,0,0,1,0
2650016,0,0,0,1,1,1,1,1,1,1
2650018,0,0,0,1,1,0,1,1,1,1
2650020,0,0,0,1,1,0,1,0,1,0
2650022,0,0,0,0,1,0,0,0,0,0
2650024,0,0,0,1,1,1,0,0,1,1
2650026,0,0,0,0,1,0,0,0,1,0
2650028,0,0,0,1,1,0,0,0,1,0
2650030,0,0,0,0,1,1,1,0,1,0
2660002,0,0,0,0,0,0,0,0,0,0
2660004,0,0,0,0,0,0,0,0,1,0
2660006,0,0,0,0,0,0,0,0,0,0
2660008,0,0,0,0,0,0,0,0,0,0
2660010,0,0,0,0,0,0,0,0,0,0
2660012,0,1,0,0,0,0,0,0,0,0
2660014,0,0,0,0,0,0,0,1,0,0
2660016,0,0,0,0,0,0,0,0,0,0
2660018,0,0,0,0,0,0,0,0,1,0
2660020,0,0,0,0,0,0,0,0,0,0
2660022,0,0,0,0,0,0,0,0,0,0
2660024,0,0,0,0,0,0,0,0,0,0
2660026,0,0,0,0,0,0,0,0,1,0
2660028,0,1,0,1,0,0,0,0,1,0
2660030,0,1,0,0,0,0,0,0,0,0
2670002,0,0,0,0,0,0,0,0,0,0
2670004,0,0,0,0,0,0,0,0,0,0
2670006,0,0,0,0,0,0,1,1,1,0
2670008,0,0,0,1,1,0,1,0,1,1
2670010,0,0,0,0,1,1,1,1,1,0
2670012,0,0,0,1,1,0,1,0,0,0
2670014,0,0,0,1,1,0,1,0,1,0
2670016,0,0,0,0,1,0,1,0,1,0
2670018,0,0,0,0,1,0,1,0,1,0
2670020,0,0,0,1,1,0,1,0,1,0
2670022,0,0,1,0,1,0,0,0,0,0
2670024,0,0,0,1,1,1,0,0,1,0
2670026,0,0,0,0,1,0,0,0,0,0
2670028,0,0,0,0,0,0,1,0,1,1
2670030,0,1,0,0,1,0,1,1,1,0
2680002,0,0,0,1,0,0,1,0,1,1
2680004,0,0,0,0,0,0,0,0,0,0
2680006,0,0,0,1,0,0,0,0,0,0
2680008,0,0,0,0,0,0,0,0,0,0
2680010,0,1,0,1,0,0,0,0,1,1
2680012,0,0,0,1,0,0,0,0,1,0
2680014,0,0,0,1,0,0,0,0,1,1
2680016,0,1,1,1,0,0,0,0,1,0
2680018,0,0,1,1,0,0,0,0,1,0
2680020,0,0,0,0,0,0,0,0,1,0
2680022,0,0,0,0,0,0,0,0,1,0
2680024,0,0,0,1,0,0,0,0,1,0
2680026,0,0,0,0,0,0,0,0,1,0
2680028,0,0,0,0,0,0,1,0,1,0
2680030,0,0,0,0,0,0,0,0,1,0
2690002,0,0,0,0,0,0,0,0,0,0
2690004,0,0,0,0,0,0,0,0,0,0
2690006,0,1,0,0,0,0,0,0,0,0
2690008,0,0,0,0,0,0,0,0,0,0
2690010,0,0,0,0,0,0,0,0,0,0
2690012,0,0,0,0,0,0,0,0,1,0
2690014,0,0,1,0,0,0,0,1,1,0
2690016,0,0,0,0,0,0,0,0,0,0
2690018,0,0,0,1,0,0,0,0,0,0
2690020,0,0,0,0,0,0,0,0,0,0
2690022,0,0,0,0,0,0,0,0,1,0
2690024,0,1,0,0,0,0,0,0,0,0
2690026,0,0,0,0,0,0,1,0,1,1
2690028,0,0,0,0,0,0,0,0,0,0
2690030,0,0,0,0,0,0,0,0,0,0
2700002,0,0,0,1,0,0,0,0,0,0
2700004,0,1,1,0,0,0,0,1,1,0
2700006,0,0,0,0,0,0,0,1,1,0
2700008,0,0,0,0,0,0,0,0,1,0
2700010,0,0,0,1,0,0,1,0,1,0
2700012,0,0,0,0,0,0,0,1,1,0
2700014,0,1,0,0,0,0,0,0,1,0
2700016,0,0,0,0,0,0,0,0,1,0
2700018,0,0,0,0,0,0,0,0,0,0
2700020,0,0,0,0,0,0,0,0,1,0
2700022,0,0,0,0,0,0,0,0,0,0
2700024,0,0,0,0,0,0,0,1,1,0
2700026,0,0,0,1,0,0,1,0,1,1
2700028,0,0,0,1,0,0,1,0,1,0
2700030,0,0,0,0,0,0,1,0,1,0
2710002,0,0,0,0,0,0,0,0,0,0
2710004,0,0,0,0,0,0,0,1,1,0
2710006,0,0,0,1,1,0,1,1,1,1
2710008,0,0,0,0,0,0,0,0,0,0
2710010,0,0,0,0,0,0,0,0,0,0
2710012,0,0,0,0,0,0,1,0,1,0
2710014,0,0,0,0,0,0,0,0,0,0
2710016,0,1,0,0,0,0,0,0,0,0
2710018,0,0,0,0,0,0,0,0,0,0
2710020,0,1,0,0,0,0,0,0,1,0
2710022,0,0,0,0,0,0,0,0,0,0
2710024,0,0,0,0,0,0,0,0,0,0
2710026,0,0,0,0,0,0,0,0,0,0
2710028,0,0,0,0,0,0,0,0,0,0
2710030,0,0,0,0,0,0,0,0,0,0
2720002,0,0,1,1,1,0,1,0,1,0
2720004,0,1,0,1,0,0,1,1,1,1
2720006,0,0,0,1,0,1,0,0,1,0
2720008,0,0,0,1,0,0,1,0,1,0
2720010,0,0,0,0,0,0,0,0,1,0
2720012,0,0,0,1,0,0,1,0,1,0
2720014,0,0,0,1,0,0,1,0,1,0
2720016,0,1,0,1,0,0,0,0,0,0
2720018,0,0,0,1,0,1,0,0,1,1
2720020,0,0,0,1,0,0,1,0,1,0
2720022,0,0,0,1,0,0,0,0,1,0
2720024,0,0,0,1,0,1,1,0,1,0
2720026,0,0,0,1,0,0,1,0,1,1
2720028,0,1,0,1,0,0,0,1,1,0
2720030,0,1,0,0,0,0,0,0,1,0
2730002,0,0,0,0,0,0,1,0,1,0
2730004,0,0,0,0,0,0,0,0,1,0
2730006,0,0,0,0,0,0,1,0,1,0
2730008,0,0,0,0,0,0,0,0,1,1
2730010,0,1,0,0,0,0,0,0,0,0
2730012,0,0,0,1,0,1,0,0,1,0
2730014,0,0,0,1,0,0,0,0,0,0
2730016,0,0,0,0,0,0,0,0,1,0
2730018,0,0,0,0,0,0,1,1,1,0
2730020,0,0,0,1,0,0,0,0,1,0
2730022,0,0,0,0,0,0,0,0,1,0
2730024,0,0,0,0,0,0,0,0,1,0
2730026,0,0,0,0,0,0,0,0,1,0
2730028,0,0,0,0,0,0,1,1,0,0
2730030,0,0,0,0,0,0,1,0,1,0
2740002,0,0,0,0,0,0,0,0,0,0
2740004,0,0,0,0,0,0,0,0,0,0
2740006,0,0,0,0,0,0,0,0,0,0
2740008,0,0,0,1,0,0,0,0,0,0
2740010,0,0,0,0,0,0,0,0,1,0
2740012,0,1,0,0,0,0,0,0,1,0
2740014,0,0,0,0,0,0,0,0,0,0
2740016,0,0,0,0,0,0,0,0,0,0
2740018,0,0,0,0,0,0,0,0,1,0
2740020,0,0,0,0,0,0,0,0,0,0
2740022,0,0,0,0,0,0,0,0,1,0
2740024,0,0,0,0,0,0,0,0,1,0
2740026,0,0,0,0,0,0,0,0,1,0
2740028,0,0,0,0,0,0,0,0,0,0
2740030,0,0,0,0,0,0,1,0,1,0
2750002,0,0,0,0,0,0,0,0,0,0
2750004,0,0,0,0,0,0,0,0,0,0
2750006,0,0,0,0,0,0,0,0,1,0
2750008,0,0,0,0,0,0,0,0,0,0
2750010,0,0,0,1,0,0,0,0,1,0
2750012,0,0,0,0,0,0,0,0,1,0
2750014,0,0,0,0,0,0,0,0,1,0
2750016,0,0,0,0,0,0,0,0,1,0
2750018,0,0,0,1,0,0,0,0,1,0
2750020,0,1,0,0,0,0,0,0,1,0
2750022,0,0,0,0,0,0,0,0,0,0
2750024,0,0,0,0,0,0,0,0,1,0
2750026,0,0,0,1,0,0,0,0,1,0
2750028,0,0,0,0,0,0,0,0,1,0
2750030,1,0,0,0,0,0,1,1,1,0
2760002,0,0,0,0,0,0,0,0,1,0
2760004,0,0,0,0,0,0,0,0,1,0
2760006,0,0,0,0,0,0,1,0,1,0
2760008,0,0,0,0,0,0,0,0,1,0
2760010,0,0,0,0,0,0,0,0,0,0
2760012,0,0,0,1,0,0,0,0,1,0
2760014,0,0,0,0,0,0,0,0,0,0
2760016,0,0,0,0,0,0,0,0,1,0
2760018,0,0,0,0,0,0,0,0,0,0
2760020,0,0,0,1,0,0,0,0,0,0
2760022,0,0,0,0,0,0,0,0,0,0
2760024,0,0,0,1,0,0,1,0,1,0
2760026,0,1,0,0,0,0,0,0,1,0
2760028,0,0,0,0,0,0,0,0,0,0
2760030,0,0,0,0,0,1,0,0,0,0
2770002,0,0,0,0,1,0,0,1,1,0
2770004,0,0,0,0,1,1,0,0,1,0
2770006,0,0,0,1,1,1,1,0,1,0
2770008,0,0,0,1,1,0,0,0,1,1
2770010,0,0,0,1,1,0,0,1,1,0
2770012,0,0,0,1,1,1,1,0,1,1
2770014,0,0,0,0,1,0,0,0,1,0
2770016,0,0,0,0,1,1,0,0,1,0
2770018,0,0,1,0,1,1,0,1,1,1
2770020,0,0,0,0,1,0,0,0,1,1
2770022,0,0,1,0,1,0,0,1,0,0
2770024,0,0,0,0,1,1,1,0,1,0
2770026,0,0,0,0,1,0,1,0,1,0
2770028,0,0,0,1,1,1,0,0,1,0
2770030,0,0,1,0,1,0,1,0,0,1
2780002,0,1,1,0,1,0,1,0,1,1
2780004,0,0,0,1,1,1,1,1,1,0
2780006,0,1,0,0,1,0,1,1,1,1
2780008,0,0,0,0,1,1,0,0,1,0
2780010,0,0,0,1,1,1,0,1,1,1
2780012,0,0,0,0,1,1,1,0,1,0
2780014,0,0,0,0,1,0,0,0,1,0
2780016,0,0,0,0,1,1,1,1,1,0
2780018,0,1,0,0,1,1,1,0,1,0
2780020,0,1,0,0,1,0,1,0,1,1
2780022,0,0,1,0,1,0,0,0,1,0
2780024,0,0,1,0,1,0,0,1,1,0
2780026,0,0,0,1,1,1,0,0,1,1
2780028,0,0,0,0,1,1,0,0,1,0
2780030,0,0,0,1,1,1,1,0,1,0
2790002,0,0,0,0,0,0,0,1,1,0
2790004,0,0,0,0,0,0,0,1,1,1
2790006,0,0,0,0,0,0,0,0,1,0
2790008,0,0,1,1,0,0,0,0,0,0
2790010,0,0,0,1,0,0,0,0,1,0
2790012,0,0,0,0,0,0,0,0,1,0
2790014,0,1,0,1,0,0,0,1,0,1
2790016,0,1,0,0,0,0,0,0,1,0
2790018,0,0,0,0,0,0,0,0,0,0
2790020,0,0,0,0,0,0,0,0,1,0
2790022,0,0,0,0,0,0,0,0,0,0
2790024,0,0,0,0,0,0,0,0,0,0
2790026,0,0,0,0,0,0,0,0,0,0
2790028,0,0,0,0,0,0,1,0,1,0
2790030,0,0,0,0,0,0,0,1,1,0
2800002,0,0,0,0,0,0,1,0,0,0
2800004,0,0,0,0,0,0,0,0,1,0
2800006,0,0,0,0,0,0,0,0,0,0
2800008,0,0,0,0,0,0,0,0,0,1
2800010,0,0,0,0,0,0,0,0,1,0
2800012,0,0,0,0,0,0,0,0,1,0
2800014,0,0,0,1,0,0,0,0,0,0
2800016,0,1,0,0,0,0,0,0,1,0
2800018,0,0,0,0,0,0,1,0,1,0
2800020,0,0,0,0,0,1,0,0,1,1
2800022,0,0,0,0,0,0,0,0,1,0
2800024,0,0,0,0,0,0,1,1,1,0
2800026,0,0,0,0,0,0,0,0,0,0
2800028,0,0,0,0,0,0,0,0,0,0
2800030,0,0,0,0,0,0,0,0,1,0
2810002,0,0,0,1,1,1,1,1,1,1
2810004,0,0,0,1,1,1,1,1,1,1
2810008,0,1,0,1,1,1,1,1,1,1
2810010,0,0,0,1,1,1,1,1,1,1
2810012,0,1,0,1,1,1,1,0,1,1
2810014,1,1,0,0,1,1,1,0,1,0
2810016,0,1,1,0,1,1,1,1,1,0
2810018,0,1,0,1,1,1,1,1,1,0
2810020,0,1,0,1,0,1,0,0,1,0
2810022,0,0,0,0,0,0,1,0,1,0
2810024,0,1,0,0,1,1,1,0,1,0
2810026,0,0,0,0,1,1,0,0,1,0
2810028,0,0,0,1,1,1,1,1,1,1
2810030,0,0,0,0,0,1,0,0,1,0
2820002,0,1,0,0,0,1,0,0,1,0
2820004,0,1,1,0,0,0,1,0,1,0
2820006,0,0,0,0,0,0,0,0,0,0
2820008,0,0,1,0,0,0,1,0,1,0
2820010,0,0,0,0,0,0,0,0,1,0
2820012,0,0,0,0,0,0,0,0,0,0
2820014,0,0,1,0,0,1,0,0,1,0
2820016,0,0,1,0,0,1,0,0,1,0
2820018,0,0,0,0,0,0,0,0,0,0
2820020,0,1,0,1,0,0,0,0,1,0
2820022,0,0,0,0,0,0,0,0,1,0
2820024,0,0,0,1,0,1,0,0,1,0
2820026,0,0,0,0,1,0,1,0,1,0
2820028,0,0,0,0,1,1,1,1,1,0
2820030,0,0,0,0,0,0,0,1,1,0
2830002,0,0,0,0,0,0,0,0,1,0
2830004,0,0,0,0,0,0,1,1,0,0
2830006,0,0,0,0,0,0,0,0,1,0
2830008,0,0,0,0,0,0,0,0,1,0
2830010,0,0,0,1,0,0,0,0,0,0
2830012,0,0,0,0,0,0,1,0,0,0
2830014,0,0,0,0,0,1,0,0,0,0
2830016,0,0,0,0,1,0,1,0,1,0
2830018,0,0,1,0,1,0,1,0,1,0
2830020,0,1,0,1,1,0,1,1,1,0
2830022,0,1,0,0,1,0,1,1,1,0
2830024,0,0,0,0,1,0,1,0,0,0
2830026,0,0,0,0,1,0,1,1,0,0
2830028,0,1,0,0,1,0,1,0,1,0
2830030,0,0,0,0,1,1,0,0,0,0
2840002,0,0,0,1,1,1,0,0,1,0
2840004,0,0,0,1,1,1,1,1,1,0
2840006,0,0,0,0,0,0,0,0,0,0
2840008,0,0,1,1,0,1,0,0,1,0
2840010,0,0,0,1,0,0,1,0,1,0
2840012,0,0,0,0,0,0,0,0,1,0
2840014,0,0,1,0,0,1,1,0,1,0
2840016,0,0,0,0,0,0,0,0,1,0
2840018,1,0,0,0,1,0,1,0,1,0
2840020,0,0,0,0,0,1,1,1,1,0
2840022,0,0,0,0,0,1,1,0,1,0
2840024,0,0,1,1,0,0,1,0,1,0
2840026,0,1,1,0,0,0,1,0,1,0
2840028,0,0,0,1,1,0,0,0,1,0
2840030,0,0,0,0,1,0,1,0,1,0
2850002,0,0,0,0,0,0,0,0,1,0
2850004,0,0,0,1,0,1,1,1,0,0
2850006,0,0,0,0,0,0,0,0,1,0
2850008,0,0,0,1,0,0,0,0,1,0
2850010,0,0,0,1,0,0,1,1,1,0
2850012,0,0,0,0,0,1,1,0,1,0
2850014,0,0,0,0,0,1,0,0,1,0
2850016,0,0,0,0,0,1,1,0,1,0
2850018,0,0,0,1,0,0,1,0,1,0
2850020,0,0,1,1,1,0,1,0,1,0
2850022,0,0,0,1,1,1,1,1,1,0
2850024,0,0,0,0,1,0,1,0,1,0
2850026,0,0,0,0,1,1,1,1,1,0
2850028,0,0,0,0,1,1,0,0,1,0
2850030,0,0,0,1,1,1,1,0,1,0
2860002,0,0,0,1,0,1,0,0,1,0
2860004,0,1,1,0,0,0,0,0,1,0
2860006,0,1,0,0,0,0,0,0,1,0
2860008,0,0,0,0,0,0,0,0,1,0
2860010,0,0,1,1,0,0,0,1,1,0
2860012,0,0,0,1,1,0,1,1,1,1
2860014,0,0,0,1,0,0,0,0,1,0
2860016,0,0,0,0,0,0,0,0,1,0
2860018,0,0,0,0,0,0,0,0,1,0
2860020,0,0,0,0,1,1,1,1,1,0
2860022,0,0,0,0,1,0,0,1,1,1
2860024,0,0,0,1,0,0,0,0,1,0
2860026,0,0,0,1,0,1,0,0,1,0
2860028,0,0,0,0,0,0,0,0,1,0
2860030,0,0,0,0,0,0,0,0,1,0
2870002,0,0,0,1,1,1,1,0,1,0
2870004,0,1,0,1,0,1,1,0,1,0
2870006,0,0,0,0,0,1,1,0,1,0
2870008,0,0,0,1,0,0,1,0,0,0
2870010,0,0,0,1,1,1,1,1,1,0
2870012,0,0,0,1,1,0,1,0,1,0
2870014,0,0,1,0,1,0,1,0,1,0
2870016,0,0,0,1,0,0,1,1,1,1
2870018,0,0,0,0,1,0,0,0,1,0
2870020,0,0,0,1,1,0,1,1,1,1
2870022,0,1,0,1,1,0,0,0,1,0
2870024,0,0,0,1,0,0,1,0,1,0
2870026,0,0,1,0,1,1,1,0,1,0
2870028,0,0,0,0,0,0,0,0,1,0
2870030,0,1,0,0,1,1,1,1,1,0
2880002,0,0,0,1,1,1,1,1,1,0
2880004,0,0,0,1,1,0,0,0,1,0
2880006,0,0,0,0,1,1,1,0,1,0
2880008,0,1,1,1,1,0,1,0,1,0
2880010,0,0,0,0,1,0,0,1,1,0
2880012,0,0,0,0,1,0,1,0,1,0
2880014,0,1,0,0,1,0,1,0,1,0
2880016,0,0,1,0,1,0,1,1,1,0
2880018,,0,1,0,1,1,1,0,1,0
2880020,0,0,0,0,1,0,1,0,1,0
2880022,0,1,0,0,1,1,1,0,1,0
2880024,0,0,1,0,1,1,1,1,1,0
2880026,0,0,0,1,1,0,1,0,1,1
2880028,0,0,0,0,1,0,0,0,1,0
2880030,0,0,0,0,1,0,1,1,0,0
2890002,0,0,0,1,0,0,0,0,1,0
2890004,0,1,0,0,0,0,1,1,1,0
2890006,0,0,0,0,0,0,0,0,1,0
2890008,0,0,0,1,0,0,0,0,1,0
2890010,0,0,1,0,1,1,1,1,1,0
2890012,0,0,0,1,0,0,1,0,1,0
2890014,0,0,0,0,1,0,1,1,1,0
2890016,0,0,1,1,1,0,0,0,1,0
2890018,0,0,0,1,0,0,0,0,1,0
2890020,0,0,0,1,1,0,1,0,1,0
2890024,0,0,0,0,0,0,0,0,0,0
2890026,0,0,0,0,0,0,1,0,1,0
2890028,0,0,0,0,0,0,0,0,1,0
2890030,0,0,0,0,0,0,0,0,1,0
2900002,0,0,0,0,0,0,0,1,1,1
2900004,0,0,0,0,0,0,1,0,1,0
2900006,0,0,0,0,0,0,0,0,0,0
2900008,0,0,0,1,0,0,0,0,1,0
2900010,0,0,0,1,0,0,0,0,0,0
2900012,0,0,0,0,0,0,0,0,0,0
2900014,0,0,1,0,0,0,0,0,0,0
2900016,0,0,0,0,0,0,1,0,0,0
2900018,0,0,0,1,0,0,0,0,0,0
2900020,0,0,0,0,0,0,0,0,1,0
2900022,0,0,0,0,0,0,0,0,1,0
2900024,0,0,0,0,0,0,0,0,1,0
2900026,0,0,0,0,0,0,0,0,1,0
2900028,0,0,0,0,0,0,0,1,0,0
2900030,0,0,0,0,0,0,0,1,1,0
2910002,0,0,0,1,1,0,0,0,1,0
2910004,0,1,0,1,0,0,0,0,1,0
2910006,0,0,1,1,0,0,1,0,1,0
2910008,0,0,0,0,1,0,0,0,1,0
2910010,0,1,0,0,0,0,0,0,1,0
2910012,0,0,0,0,1,1,1,0,1,0
2910014,0,0,0,0,1,0,0,0,1,0
2910016,0,0,0,0,1,0,0,0,1,0
2910018,0,0,0,1,1,0,1,0,1,0
2910020,0,1,0,1,1,0,1,1,1,0
2910022,0,1,0,0,1,1,0,0,1,0
2910024,0,0,0,0,1,0,1,1,1,0
2910026,0,1,0,1,1,1,0,0,1,0
2910028,0,0,0,0,1,0,0,1,1,0
2910030,1,0,0,1,0,1,0,1,1,0
2920002,0,0,1,0,1,1,1,0,1,0
2920004,0,0,1,0,1,1,0,0,1,0
2920006,0,0,0,0,0,0,1,1,1,0
2920008,0,1,1,0,0,1,1,0,1,0
2920010,0,0,1,0,1,1,0,0,1,0
2920012,0,0,0,0,1,1,1,0,1,1
2920014,0,0,1,1,1,1,1,0,1,0
2920016,0,0,0,1,1,1,1,0,1,0
2920018,0,0,0,0,1,1,1,0,1,0
2920020,0,0,0,0,1,1,1,0,1,0
2920022,0,1,0,0,0,0,1,0,1,0
2920024,0,1,0,0,1,0,0,0,1,0
2920026,0,0,0,0,0,0,0,0,0,0
2920028,0,1,0,1,1,0,1,0,1,0
2920030,0,1,0,1,1,0,1,0,1,1
2930002,0,0,1,0,1,1,1,1,1,0
2930004,0,0,1,1,1,1,1,1,1,1
2930006,0,0,1,0,0,0,0,0,0,0
2930008,0,0,1,1,0,0,0,0,1,0
2930010,0,0,0,1,1,1,1,1,1,1
2930012,0,0,0,0,1,1,1,0,1,0
2930014,0,0,0,0,1,1,1,0,1,0
2930016,1,0,0,1,1,0,1,0,1,0
2930018,0,0,0,0,1,0,1,0,1,0
2930020,,,0,0,1,1,1,1,1,0
2930022,0,0,1,0,1,1,1,0,1,0
2930024,0,1,1,1,1,1,1,0,1,0
2930026,0,1,0,0,0,0,0,0,0,0
2930028,0,0,0,0,0,0,0,0,0,0
2930030,0,0,0,0,0,0,0,0,0,0
2940002,0,0,0,0,1,1,1,0,1,0
2940004,0,0,1,0,1,1,1,0,1,0
2940006,0,0,1,0,1,1,1,0,1,0
2940008,0,1,0,0,1,1,1,0,1,0
2940010,0,0,1,0,1,0,1,0,1,0
2940012,0,0,0,0,1,0,1,0,0,0
2940014,0,1,0,0,1,0,1,0,1,0
2940016,0,0,1,1,1,0,0,0,1,0
2940018,0,0,0,1,1,0,1,0,1,0
2940020,0,0,0,0,1,0,1,1,1,0
2940022,0,0,0,1,1,1,1,0,1,0
2940024,0,0,0,1,1,1,1,0,1,0
2940026,0,0,0,0,1,1,1,1,1,0
2940028,0,0,0,0,1,0,1,0,1,0
2940030,0,0,0,0,1,0,1,0,1,0
2950002,0,0,1,0,0,0,0,0,0,0
2950004,0,0,0,0,0,0,1,0,0,0
2950006,0,0,1,0,0,0,1,1,1,0
2950008,0,0,1,1,0,0,1,1,1,0
2950010,0,0,0,0,0,0,0,0,1,0
2950012,0,0,0,1,0,0,0,0,1,0
2950014,0,0,0,1,0,0,1,0,1,0
2950016,0,0,0,1,0,0,1,0,1,1
2950018,0,0,0,1,0,0,0,0,0,0
2950020,0,0,0,0,0,0,0,0,0,0
2950022,0,0,0,0,0,0,1,0,1,0
2950024,0,0,0,0,0,0,0,0,0,0
2950026,0,0,0,0,0,0,0,0,0,0
2950028,0,0,0,0,0,0,0,0,0,0
2950030,0,1,0,0,0,0,0,0,0,0
2960002,0,1,1,1,1,0,0,0,1,0
2960004,0,0,0,0,1,0,1,0,1,0
2960006,0,0,1,0,1,0,0,0,1,0
2960008,0,0,1,0,1,0,1,0,1,0
2960010,0,1,0,0,1,0,1,0,1,1
2960012,0,0,0,1,1,0,1,0,1,0
2960014,0,0,0,0,1,0,1,0,1,0
2960016,0,0,0,0,1,0,1,0,1,0
2960018,0,1,0,1,0,0,1,1,1,1
2960020,0,0,0,1,1,0,1,1,1,0
2960022,0,0,0,0,1,0,1,0,1,0
2960024,0,0,0,0,1,0,0,0,1,0
2960026,0,0,0,1,1,0,1,0,1,0
2960028,0,0,0,1,1,0,1,0,1,0
2960030,0,0,0,0,1,0,1,0,1,0
2970002,0,0,1,0,0,0,0,1,1,0
2970004,0,1,1,0,0,0,0,0,0,0
2970006,0,0,0,0,0,0,0,0,0,0
2970008,0,0,1,0,0,0,0,0,0,0
2970010,0,1,0,0,0,0,0,0,0,0
2970012,0,0,0,0,0,0,0,0,0,0
2970014,0,,0,0,0,0,0,0,0,0
2970016,0,0,0,1,0,0,0,0,1,0
2970018,0,0,0,1,0,0,0,0,0,0
2970020,0,0,0,0,0,0,0,0,0,0
2970022,0,0,1,0,0,0,1,0,1,0
2970024,0,1,0,0,0,0,0,0,0,0
2970026,0,0,0,0,0,0,1,0,0,0
2970028,0,0,0,0,0,0,0,0,0,0
2970030,0,0,0,0,0,0,0,0,0,0
2980002,0,1,0,0,1,1,1,1,1,0
2980004,0,0,1,0,1,0,0,0,1,0
2980006,0,0,1,0,1,0,0,0,1,0
2980008,0,1,1,0,1,1,1,1,1,1
2980010,0,0,0,0,1,1,1,1,1,0
2980012,0,0,0,0,1,0,1,0,1,0
2980014,0,0,0,0,1,0,0,0,1,0
2980016,0,0,1,0,1,0,1,0,1,0
2980018,0,0,0,0,1,0,1,0,1,0
2980020,0,0,0,0,1,0,1,0,1,0
2980022,0,1,1,1,1,0,1,0,1,0
2980024,0,0,0,0,1,0,1,0,1,0
2980026,0,0,0,1,1,1,1,0,1,0
2980028,0,0,0,0,1,0,1,0,1,0
2980030,0,1,0,1,1,0,1,0,1,0
2990002,0,0,1,0,0,1,0,0,1,0
2990004,0,1,0,0,0,0,0,0,0,0
2990006,0,0,0,1,0,0,1,0,1,1
2990008,0,1,1,0,0,0,1,0,1,1
2990010,0,1,0,0,0,0,1,1,1,1
2990012,0,0,0,0,0,0,0,0,1,0
2990014,0,1,0,0,0,0,0,0,1,0
2990016,0,1,0,0,0,0,0,0,0,0
2990018,0,0,0,1,0,0,1,0,1,0
2990020,0,,1,0,0,0,0,0,0,0
2990022,0,0,0,0,0,0,0,1,1,0
2990024,0,0,0,0,0,0,1,0,0,0
2990026,0,0,0,0,0,0,1,0,1,0
2990028,0,0,0,0,0,0,0,0,1,0
2990030,0,0,0,1,1,1,1,0,1,0
3000002,1,1,1,0,0,1,0,0,1,0
3000004,0,0,0,0,0,0,0,0,0,0
3000006,0,0,1,0,0,0,0,0,1,0
3000008,0,0,1,1,0,0,0,0,1,1
3000010,0,1,0,0,0,0,0,1,1,1
3000012,0,0,0,0,1,0,0,0,1,0
3000014,0,0,0,0,0,0,0,0,0,0
3000016,0,0,0,0,0,0,0,0,1,0
3000018,0,0,0,0,0,1,0,1,1,0
3000020,0,0,0,0,0,0,0,0,0,0
3000022,0,0,0,0,0,1,0,0,0,0
3000024,0,0,0,1,0,1,0,0,1,0
3000026,0,1,0,0,0,0,1,0,1,0
3000028,0,0,0,0,0,1,0,1,1,0
3000030,0,0,0,0,0,1,0,1,1,0
3010002,0,0,0,1,1,1,1,1,1,1
3010004,0,1,0,1,1,1,1,0,1,1
3010006,1,1,1,1,0,1,1,0,1,0
3010008,0,1,0,1,1,1,1,0,1,0
3010010,0,1,1,1,1,1,1,0,1,1
3010012,0,1,0,1,1,1,1,1,1,1
3010014,0,0,0,1,0,1,1,0,1,0
3010016,0,0,0,1,1,1,1,0,1,0
3010018,0,1,0,0,1,1,1,0,1,0
3010020,0,0,0,1,1,1,1,1,1,0
3010022,0,0,0,1,1,1,1,1,1,1
3010024,0,1,0,1,1,0,1,0,1,0
3010026,0,0,0,1,1,0,1,0,1,0
3010028,0,0,0,1,1,1,1,0,1,0
3010030,0,0,0,1,1,1,1,0,1,1
3020002,0,,0,0,1,1,0,0,1,0
3020004,0,1,1,0,0,1,1,1,1,0
3020006,0,0,1,1,1,0,1,1,1,0
3020008,0,1,1,0,1,0,1,0,1,0
3020010,0,0,1,0,1,1,1,0,1,0
3020012,0,0,0,0,1,0,1,1,1,1
3020014,0,0,0,0,0,0,1,0,1,0
3020016,0,0,0,1,1,1,1,1,1,1
3020018,0,0,0,0,1,1,1,1,1,0
3020022,0,0,1,1,1,1,1,1,1,1
3020024,0,1,1,1,1,0,1,0,1,0
3020026,0,0,1,0,1,0,0,0,1,0
3020028,0,0,1,1,1,0,1,0,1,0
3020030,0,1,0,0,1,0,1,0,1,1
3030002,0,0,0,1,0,1,0,0,1,0
3030004,0,0,1,0,0,0,0,0,1,0
3030006,0,0,0,0,0,1,1,1,1,0
3030008,0,1,1,0,0,1,1,0,0,0
3030010,0,1,1,1,0,0,1,0,1,0
3030012,0,,0,0,1,0,0,1,1,0
3030014,0,0,0,0,0,0,0,0,1,0
3030016,0,1,0,1,1,1,1,1,1,1
3030018,0,0,0,0,0,0,0,0,1,0
3030020,0,1,0,0,1,1,1,0,1,1
3030022,0,0,0,1,1,0,1,0,1,0
3030024,0,0,0,1,0,0,1,0,1,0
3030026,0,0,0,0,1,0,1,0,1,0
3030028,0,0,0,1,1,1,0,0,1,0
3030030,0,0,0,0,0,0,1,1,1,0
3040002,0,0,0,0,0,1,0,0,1,0
3040004,0,0,0,0,0,0,0,0,0,0
3040006,0,0,0,0,0,0,1,0,0,0
3040008,0,0,0,0,0,0,0,1,0,0
3040010,0,0,0,0,0,0,1,0,0,0
3040014,0,1,1,0,0,1,0,0,1,0
3040016,0,0,0,0,0,1,1,1,1,1
3040018,0,0,0,0,0,0,0,0,0,0
3040020,0,0,0,1,0,1,0,0,1,0
3040022,0,0,0,0,0,0,0,0,1,0
3040024,0,1,0,0,0,0,0,0,0,0
3040026,0,0,0,0,0,0,0,0,0,0
3040028,0,0,0,1,1,1,1,0,1,0
3040030,0,0,0,0,1,1,1,0,1,0
3050002,0,,1,0,0,0,0,0,0,0
3050004,0,0,1,0,0,0,0,0,0,0
3050006,0,0,0,0,0,0,0,0,0,0
3050008,0,0,0,0,0,0,1,1,0,0
3050010,0,0,1,0,0,0,0,0,1,0
3050012,0,0,0,0,0,0,0,0,1,0
3050014,0,0,0,0,0,0,0,0,1,1
3050016,0,0,0,0,0,0,1,0,0,0
3050018,0,0,0,0,0,0,1,0,0,0
3050020,0,0,0,0,0,0,0,1,0,0
3050022,0,0,0,0,0,0,0,0,0,0
3050024,1,0,0,0,0,0,0,0,1,0
3050026,0,0,0,0,0,0,0,0,0,0
3050028,0,0,0,0,0,0,0,0,0,0
3050030,0,0,0,0,0,0,0,0,0,0
3060002,0,1,0,0,0,0,0,0,1,0
3060004,0,0,0,0,0,0,0,0,1,0
3060006,0,1,1,0,1,0,1,0,1,0
3060008,0,0,1,1,1,0,1,1,1,0
3060010,0,0,0,0,1,1,0,1,1,0
3060012,0,0,1,1,0,1,0,0,1,0
3060014,0,0,1,1,0,0,0,0,1,0
3060016,0,0,0,1,0,0,0,0,1,0
3060018,0,0,0,0,0,0,0,0,1,0
3060020,0,0,0,0,0,0,0,0,0,0
3060022,0,0,0,0,0,0,0,0,0,0
3060024,0,1,0,0,0,0,0,0,0,0
3060026,0,1,0,1,0,0,0,0,1,0
3060028,0,1,0,1,0,0,0,0,1,0
3060030,0,0,0,1,0,0,0,0,1,0
3070002,0,0,0,0,0,0,0,0,0,0
3070004,0,0,0,0,0,0,1,0,1,0
3070006,0,1,0,0,0,0,0,0,1,0
3070008,0,1,0,0,0,0,0,0,1,0
3070010,0,1,0,0,0,0,1,0,1,0
3070012,0,0,0,1,1,0,1,0,1,0
3070014,0,0,0,0,0,0,0,0,1,0
3070016,0,1,0,0,0,0,0,0,0,0
3070018,0,0,0,0,1,0,1,0,1,0
3070020,0,0,0,1,0,0,1,0,1,0
3070022,0,0,0,0,0,0,0,0,0,0
3070024,0,0,0,0,0,1,0,1,0,0
3070026,0,0,0,1,1,1,1,0,1,0
3070028,0,1,0,1,0,1,1,0,1,0
3070030,0,0,0,0,0,1,1,0,1,0
3080002,0,0,0,0,1,1,1,1,1,1
3080004,0,1,1,0,1,1,1,0,1,0
3080006,0,1,0,0,1,1,1,0,1,0
3080008,0,,1,0,1,1,1,0,1,0
3080010,0,0,1,0,1,1,1,1,1,1
3080012,0,0,0,1,1,1,1,0,1,0
3080014,1,0,0,1,1,1,1,0,1,0
3080016,0,0,0,1,1,1,1,0,1,1
3080018,0,0,0,1,1,1,1,0,1,0
3080020,0,1,0,1,1,1,1,0,1,1
3080022,0,0,1,0,1,1,0,0,1,0
3080024,0,0,0,1,1,1,1,0,1,0
3080026,0,0,0,0,1,1,0,0,1,0
3080028,0,0,0,1,1,1,1,0,1,0
3080030,0,1,1,0,1,1,1,0,1,0
3090002,0,1,1,1,0,0,0,0,0,0
3090004,0,0,0,1,0,0,1,1,0,0
3090006,0,0,0,0,0,0,0,0,0,0
3090008,0,0,0,0,0,0,0,0,0,0
3090010,0,1,1,0,0,1,0,0,1,0
3090012,0,0,0,0,0,0,0,0,0,0
3090014,0,1,0,0,0,0,1,0,0,1
3090016,0,0,0,1,0,0,0,0,0,0
3090018,0,0,0,0,0,0,0,0,1,0
3090020,0,0,0,1,0,0,1,0,1,0
3090022,0,0,0,1,0,1,1,0,1,0
3090024,0,1,0,1,0,0,1,0,0,1
3090026,0,1,0,0,0,0,1,0,0,0
3090028,0,0,0,0,0,0,1,0,0,0
3090030,0,1,0,1,0,0,1,0,1,0
3100002,0,1,1,1,0,0,1,0,1,0
3100004,0,0,1,0,0,0,0,0,0,0
3100006,0,0,0,0,0,0,0,0,1,0
3100008,0,0,0,0,0,0,0,1,0,0
3100010,0,0,1,0,0,0,0,0,0,0
3100012,0,1,0,1,0,0,0,0,0,0
3100014,0,0,0,1,0,0,1,0,1,0
3100016,0,1,0,0,0,0,0,0,0,0
3100018,0,0,1,1,0,0,0,0,1,1
3100020,0,0,0,0,0,0,0,0,0,0
3100022,0,0,0,0,0,1,1,0,1,0
3100024,0,0,0,1,0,0,0,0,1,0
3100026,0,1,0,0,0,0,0,0,0,0
3100028,0,0,0,0,0,0,0,0,0,0
3100030,0,0,0,0,0,0,0,0,0,1
3110002,0,0,1,0,1,0,1,0,1,0
3110004,0,0,1,0,1,1,1,1,1,1
3110006,0,0,0,0,1,1,1,1,1,1
3110008,0,0,1,0,1,1,0,1,0,0
3110010,0,0,1,0,1,0,0,0,0,0
3110012,,,0,0,1,1,0,0,1,0
3110014,0,0,0,0,1,1,1,0,1,0
3110016,0,0,0,0,1,0,0,0,1,0
3110018,0,0,0,1,1,0,1,1,1,0
3110020,0,0,0,0,1,1,1,0,1,0
3110022,0,0,0,0,1,0,1,0,1,0
3110024,0,0,0,1,1,0,1,0,1,0
3110026,0,0,1,0,1,1,1,0,1,0
3110028,0,0,0,0,1,1,1,0,1,0
3110030,0,0,0,0,1,1,1,0,0,0
3120002,0,0,1,0,0,0,1,1,1,0
3120004,0,0,0,0,0,0,0,0,1,0
3120006,0,1,1,1,0,0,1,0,0,0
3120008,0,0,0,1,1,1,1,1,1,0
3120010,0,0,0,0,0,0,0,1,1,0
3120012,0,0,0,0,0,0,0,0,0,0
3120014,0,0,0,0,0,0,0,0,0,0
3120016,0,1,0,1,0,1,1,0,0,0
3120018,0,0,0,1,0,0,0,0,1,1
3120020,0,0,0,0,0,0,0,0,0,0
3120022,0,0,0,1,0,0,1,0,1,0
3120024,0,0,0,0,1,1,0,1,1,0
3120026,0,0,0,1,0,0,0,0,1,0
3120028,0,0,0,0,0,0,0,0,1,0
3120030,0,0,0,1,0,0,0,0,0,0
3130002,0,0,1,0,0,0,0,0,1,0
3130004,0,0,0,1,0,0,1,1,0,1
3130006,0,0,1,0,0,0,1,0,1,1
3130008,0,0,0,1,1,0,0,0,1,1
3130010,0,0,1,0,0,0,1,1,0,0
3130012,0,0,0,0,0,0,1,0,1,0
3130014,0,0,0,1,0,0,1,1,1,0
3130016,0,0,0,0,0,0,0,0,0,0
3130018,0,0,0,1,0,0,1,1,1,0
3130020,0,0,1,0,0,0,0,0,0,0
3130022,0,1,0,0,0,0,1,0,1,0
3130024,0,1,0,0,0,0,0,0,0,0
3130026,0,0,0,1,0,1,0,0,1,1
3130028,0,1,0,0,0,1,0,0,1,0
3130030,0,1,0,0,1,1,1,0,1,0
3140002,0,0,1,1,0,0,0,0,1,0
3140004,1,0,1,0,0,0,0,0,0,0
3140006,0,1,1,1,0,0,1,0,1,1
3140008,0,0,1,0,0,0,0,0,0,0
3140010,0,0,0,1,0,0,0,1,1,0
3140012,0,1,0,0,0,0,0,0,0,0
3140014,0,0,0,1,0,0,0,0,1,0
3140016,0,0,0,1,0,0,0,0,1,0
3140018,0,0,0,0,0,0,0,0,1,0
3140020,0,0,0,0,0,0,1,0,1,0
3140022,0,1,0,0,0,0,0,0,1,0
3140024,0,0,0,0,0,0,1,0,1,0
3140026,0,0,0,0,0,0,0,0,1,0
3140028,0,0,1,0,0,1,0,0,1,0
3140030,0,0,0,0,0,0,0,0,0,0
3150002,0,0,0,0,0,0,0,0,0,0
3150004,0,1,0,0,0,0,0,0,0,0
3150006,0,0,1,0,0,0,1,1,1,1
3150008,0,0,1,0,0,0,0,0,0,0
3150010,0,0,0,0,0,0,0,0,0,0
3150012,0,0,0,0,0,0,0,0,0,0
3150014,0,0,1,1,0,0,1,0,0,0
3150016,0,1,0,0,0,0,0,0,0,0
3150018,0,0,0,0,0,0,0,0,0,0
3150020,0,0,0,0,0,0,0,0,0,0
3150022,0,0,1,0,0,0,0,0,0,0
3150024,0,1,0,0,0,0,0,0,0,0
3150026,0,0,0,0,0,0,0,0,0,0
3150028,0,0,0,0,0,0,0,0,0,0
3150030,0,0,0,0,0,0,0,0,0,0
3160002,0,0,1,0,0,0,0,0,0,0
3160004,0,0,0,0,0,0,1,0,0,0
3160006,0,1,0,0,0,0,0,0,0,0
3160008,0,0,0,0,0,0,0,0,0,0
3160010,0,0,0,0,0,0,0,0,0,0
3160012,0,1,0,0,0,0,0,0,0,0
3160014,0,0,0,0,0,0,0,0,0,0
3160016,0,0,0,0,0,0,0,0,0,0
3160018,0,0,0,0,0,0,0,0,0,0
3160020,0,0,0,0,0,0,0,1,0,0
3160022,0,0,0,0,0,0,0,0,0,0
3160024,0,0,0,0,0,0,0,0,0,0
3160026,0,0,0,0,0,0,0,0,0,0
3160028,0,0,0,0,0,0,0,0,0,0
3160030,0,0,0,0,0,0,0,0,0,1
3170002,0,1,0,0,0,0,0,0,0,0
3170004,0,0,1,0,0,0,0,0,0,0
3170006,0,1,1,0,0,0,0,0,0,0
3170008,0,0,1,0,0,0,0,0,0,0
3170010,0,0,1,0,0,0,0,0,1,0
3170012,0,0,0,1,0,0,0,0,0,0
3170014,0,0,0,0,0,0,0,0,1,0
3170016,0,0,0,0,0,0,1,0,1,0
3170018,0,1,0,0,0,0,0,0,1,0
3170020,0,0,0,0,1,0,1,0,1,1
3170022,0,0,0,0,0,0,0,0,0,0
3170024,0,0,0,0,1,0,1,0,1,0
3170026,0,0,0,0,0,1,1,0,1,0
3170028,0,0,0,0,0,0,0,0,1,0
3170030,0,0,0,1,0,0,1,0,1,0
3180002,0,0,0,0,0,0,0,0,0,0
3180004,0,0,0,0,0,0,0,0,0,0
3180006,0,0,0,0,0,0,0,0,0,0
3180008,0,0,0,0,0,0,0,0,0,0
3180010,0,0,0,0,0,0,0,0,0,0
3180012,0,0,0,1,0,0,0,0,0,0
3180014,0,0,0,0,0,0,0,0,0,1
3180016,0,0,0,0,0,0,0,0,0,0
3180018,0,0,0,0,0,0,1,0,0,0
3180020,0,1,0,0,0,0,0,0,0,0
3180022,0,0,0,0,0,0,0,0,0,0
3180024,0,0,0,0,0,0,0,0,0,0
3180026,0,0,0,0,0,0,1,0,0,0
3180028,0,0,0,0,0,0,0,0,0,0
3180030,0,0,0,0,0,0,0,0,0,0
3190004,0,0,0,0,0,0,0,0,0,0
3190006,0,0,1,0,0,0,1,0,0,0
3190010,0,,0,0,0,0,0,0,0,0
3190012,0,0,0,0,0,0,0,0,0,0
3190014,0,1,0,0,0,0,1,0,0,1
3190016,0,0,0,0,0,0,1,0,0,0
3190018,0,0,0,0,0,0,0,0,0,0
3190020,0,0,0,0,0,0,0,0,0,0
3190022,0,0,0,0,0,0,0,0,0,0
3190024,0,0,0,0,0,0,0,0,0,0
3190026,0,,0,0,0,0,0,0,0,0
3190028,0,0,0,1,0,0,0,0,0,0
3190030,0,1,0,0,0,0,0,0,0,0
3200002,0,0,0,0,0,0,0,0,0,0
3200004,0,0,0,0,0,0,0,0,0,0
3200006,,,0,1,0,0,0,0,0,0
3200008,0,0,0,0,0,0,0,0,0,0
3200010,0,0,0,1,0,0,0,0,0,0
3200012,0,0,0,0,0,0,0,0,0,0
3200014,0,0,0,0,0,0,0,0,0,0
3200016,0,0,0,0,0,0,0,0,0,0
3200018,0,1,0,0,0,0,0,0,0,0
3200020,0,0,0,0,0,0,0,0,0,0
3200022,0,0,0,1,0,0,0,0,0,0
3200024,0,0,0,1,0,0,0,0,0,0
3200026,0,0,0,1,0,0,0,0,0,0
3200028,0,0,0,1,0,0,0,0,0,0
3200030,0,0,0,0,0,0,0,0,0,0
3210002,0,0,0,1,0,0,0,0,0,0
3210004,0,0,0,0,0,0,0,0,0,0
3210006,0,1,0,0,0,0,0,0,0,0
3210008,0,0,0,0,0,0,0,0,0,0
3210010,0,0,0,0,0,0,0,0,0,0
3210012,0,0,0,0,0,0,0,0,0,0
3210014,0,0,0,0,0,0,0,0,0,0
3210016,0,0,0,0,0,0,0,0,0,0
3210018,0,0,0,0,0,0,0,0,0,0
3210020,0,0,0,1,0,0,0,0,0,1
3210022,0,0,0,0,0,0,0,0,0,0
3210024,0,0,0,0,0,0,0,0,0,0
3210026,0,0,0,0,0,0,0,0,0,0
3210028,0,0,1,0,0,0,0,0,0,0
3210030,0,0,0,0,0,0,0,0,0,0
3220002,0,0,0,0,0,0,0,0,0,0
3220004,0,0,0,0,0,0,0,0,0,0
3220006,0,0,0,0,0,0,0,0,0,0
3220008,0,0,0,0,0,0,0,0,0,0
3220010,0,0,0,0,0,0,0,0,0,0
3220012,0,0,0,0,0,0,0,0,0,0
3220014,0,0,0,0,0,0,0,0,0,0
3220016,0,0,0,0,0,0,0,0,0,0
3220018,0,0,0,1,0,0,0,0,0,0
3220020,0,0,0,1,0,0,0,0,0,0
3220022,0,0,0,0,0,0,0,0,0,0
3220024,0,0,0,0,0,0,0,0,0,0
3220026,0,0,0,0,0,0,0,0,0,0
3220028,0,0,0,0,0,0,0,0,0,0
3220030,0,0,0,0,0,0,0,0,0,0
3230002,0,0,0,0,0,0,0,0,0,0
3230004,0,0,0,0,0,0,0,0,0,0
3230006,0,0,0,0,0,0,0,0,0,0
3230008,0,0,0,0,0,0,0,0,0,0
3230010,0,0,0,0,0,0,1,0,1,0
3230012,0,,0,0,0,0,0,0,0,0
3230014,0,0,0,0,0,0,0,0,0,0
3230016,0,0,0,0,0,0,0,0,0,0
3230018,0,0,0,0,0,0,0,0,0,0
3230020,0,0,0,1,0,0,0,0,0,0
3230022,0,0,0,0,0,0,0,0,0,0
3230024,0,,0,0,0,0,0,0,0,0
3230026,0,0,0,0,0,0,0,0,0,0
3230028,0,0,0,0,0,0,0,0,0,0
3230030,0,0,0,0,0,0,0,0,0,0
3240002,0,1,0,0,0,0,0,0,0,0
3240004,0,0,0,1,0,0,0,0,0,0
3240006,0,0,0,0,0,0,1,0,0,0
3240008,0,0,0,0,0,0,0,0,0,0
3240010,0,0,1,1,0,0,0,0,0,0
3240012,0,0,0,0,0,0,0,0,0,1
3240014,0,0,0,0,0,0,0,0,0,0
3240016,0,0,0,0,0,0,0,0,0,0
3240018,0,1,1,0,0,0,0,0,0,0
3240020,0,1,0,0,0,0,0,0,0,0
3240022,0,0,0,0,0,0,0,0,0,1
3240024,0,0,0,0,0,0,0,0,0,0
3240026,0,0,0,0,0,0,0,0,0,1
3240028,0,0,0,0,0,0,0,0,0,0
3240030,0,0,0,0,0,0,0,0,0,0
3250002,0,0,0,0,0,0,0,0,0,0
3250004,0,0,0,0,0,0,0,0,0,0
3250006,0,0,0,0,0,0,0,0,0,0
3250008,0,0,0,0,0,0,0,0,0,0
3250010,0,0,0,0,0,0,0,0,0,1
3250012,0,1,0,1,0,0,0,0,0,0
3250014,0,0,0,0,0,0,0,0,0,0
3250016,0,0,0,0,0,0,0,0,0,0
3250018,0,0,0,0,0,0,0,0,0,0
3250020,0,0,0,0,0,0,0,0,0,0
3250022,0,0,0,0,0,0,0,0,0,0
3250024,0,0,0,0,0,0,0,0,0,0
3250026,0,0,0,1,0,0,0,0,0,0
3250028,0,0,0,0,0,0,0,0,0,0
3260002,0,1,0,0,0,0,0,0,0,0
3260004,0,0,0,0,0,0,0,0,0,0
3260006,0,0,0,0,0,0,0,0,0,0
3260008,0,1,1,0,0,0,0,0,0,0
3260010,0,0,0,0,0,0,0,0,0,0
3260012,0,0,0,0,0,0,0,0,0,0
3260014,0,0,0,1,0,0,0,0,0,1
3260016,0,0,0,0,0,0,0,0,0,0
3260018,0,0,0,0,0,0,0,0,0,0
3260020,0,1,0,0,0,0,0,0,0,0
3260022,0,1,0,0,0,0,0,0,0,0
3260024,0,0,0,0,0,0,0,0,0,0
3260026,0,0,0,0,0,0,0,0,0,0
3260028,0,0,0,0,0,0,0,0,0,0
3260030,0,0,0,0,0,0,0,0,0,0
3270002,0,0,0,0,0,0,0,0,0,0
3270004,0,0,0,0,0,0,0,0,0,0
3270006,0,0,0,0,0,0,0,0,0,1
3270008,0,1,0,0,0,0,0,0,0,1
3270010,0,0,0,0,0,0,0,0,0,0
3270012,0,0,0,0,0,0,0,0,0,0
3270014,0,0,0,0,0,0,0,0,0,0
3270016,0,0,0,0,0,0,0,0,0,0
3270018,0,0,0,0,0,0,0,0,0,0
3270020,0,0,0,0,0,0,0,0,0,0
3270022,0,0,1,0,0,0,0,0,0,0
3270024,0,0,0,0,0,0,0,0,0,0
3270026,0,0,0,0,0,0,0,0,0,1
3270028,0,0,0,0,0,0,0,0,0,0
3270030,0,0,0,0,0,0,0,0,0,0
3280002,0,0,0,0,0,0,0,1,0,0
3280004,0,0,0,0,0,0,0,0,0,0
3280006,0,0,0,0,0,0,0,0,0,0
3280008,0,0,0,0,0,0,0,0,0,0
3280010,0,0,0,0,0,0,0,0,0,0
3280012,0,0,0,0,0,0,0,0,0,0
3280014,0,0,0,0,0,0,0,0,0,0
3280016,0,0,0,0,0,0,0,0,0,0
3280018,0,0,0,0,0,0,0,0,0,0
3280020,0,0,0,0,0,0,0,0,0,0
3280022,0,0,1,0,0,0,0,0,0,0
3280024,0,0,0,0,0,0,0,0,0,0
3280026,0,0,1,0,0,0,0,0,0,0
3280028,0,1,0,0,0,0,0,0,0,0
3280030,0,0,0,0,0,0,0,0,0,0
3290002,0,0,0,0,0,0,0,0,0,0
3290004,0,0,0,0,0,0,0,0,0,0
3290006,0,0,0,0,0,0,0,0,0,0
3290008,0,1,0,0,0,0,0,0,0,0
3290010,0,0,0,0,0,0,1,0,0,1
3290012,0,0,0,0,0,0,0,0,0,0
3290014,0,0,0,0,0,0,0,0,0,0
3290016,0,0,0,0,0,0,0,0,0,0
3290018,0,0,0,0,0,0,1,0,0,0
3290020,0,0,0,1,0,0,1,0,0,0
3290022,0,0,1,0,0,0,0,0,0,0
3290024,0,1,0,0,0,0,1,0,0,0
3290026,0,0,0,1,0,0,0,0,1,0
3290028,0,0,0,0,0,0,0,0,0,1
3290030,0,0,1,1,0,0,0,0,0,1
3300002,0,0,0,0,0,0,0,0,0,0
3300004,0,0,0,0,0,0,0,0,0,0
3300006,0,1,0,0,0,0,0,0,0,0
3300008,0,0,1,0,0,0,0,0,0,0
3300010,0,0,0,0,0,0,0,0,0,0
3300012,0,0,0,0,0,0,0,0,0,0
3300014,0,0,0,1,0,0,0,0,0,0
3300016,0,1,0,0,0,0,0,0,0,0
3300018,0,0,1,0,0,0,0,0,0,0
3300020,0,0,0,0,0,0,0,0,0,0
3300022,0,1,1,0,0,0,0,0,0,0
3300024,0,0,0,0,0,0,0,0,0,0
3300026,0,0,0,0,0,0,0,0,0,0
3300028,0,0,0,0,0,0,0,0,0,0
3300030,0,0,0,0,0,0,0,0,0,0
3310002,0,0,0,0,0,0,0,0,0,0
3310004,0,0,0,0,0,0,0,0,0,0
3310006,0,0,0,0,0,0,0,0,0,0
3310008,0,1,0,0,0,0,0,0,0,0
3310010,0,,0,0,0,0,0,0,0,0
3310012,0,0,0,0,0,0,0,0,0,0
3310014,0,0,0,0,0,0,0,0,0,0
3310016,0,0,0,0,0,0,0,0,0,0
3310018,0,0,0,1,0,0,0,0,0,1
3310020,0,0,0,0,0,0,0,0,0,0
3310022,0,0,0,0,0,0,0,0,0,0
3310024,0,0,0,0,0,0,0,0,0,0
3310026,0,0,0,0,0,0,0,0,0,0
3310028,0,0,0,0,0,0,0,0,0,0
3310030,0,0,0,0,0,0,0,0,0,0
3320002,0,0,0,0,0,0,0,0,0,0
3320004,0,0,0,0,0,0,0,0,0,0
3320006,0,0,0,0,0,0,0,0,0,0
3320008,0,0,0,0,0,0,0,0,1,0
3320010,0,0,0,0,0,0,0,0,0,0
3320012,0,0,0,0,0,0,0,0,0,0
3320014,0,0,1,0,0,0,0,0,0,0
3320016,0,0,0,0,0,0,1,0,0,0
3320018,0,0,0,0,0,0,0,0,0,0
3320020,0,0,0,0,0,0,0,0,0,0
3320022,0,0,0,0,0,0,0,0,0,0
3320024,0,0,0,0,0,0,0,0,0,0
3320026,0,0,0,0,0,0,0,0,0,0
3320028,0,0,0,0,0,0,0,0,0,0
3320030,0,0,0,0,0,0,0,0,0,0
3330002,0,0,0,0,0,0,1,0,0,0
3330004,0,0,0,1,0,0,1,0,0,0
3330006,0,0,0,0,0,0,0,0,0,0
3330008,0,0,1,0,0,0,0,0,0,0
3330010,0,0,0,0,0,0,0,0,0,0
3330012,0,0,0,0,0,0,0,0,0,0
3330014,0,0,0,0,0,0,0,0,0,0
3330016,0,0,0,1,0,0,0,0,0,0
3330018,0,0,0,0,0,0,1,0,0,0
3330020,0,0,0,0,0,0,1,0,0,0
3330022,0,0,1,0,0,0,0,0,0,0
3330024,0,0,0,0,0,0,0,0,1,0
3330026,0,0,0,0,0,0,1,0,0,0
3330028,0,1,0,0,0,0,0,0,0,0
3330030,0,0,0,0,0,0,0,0,0,0
3340002,0,0,0,0,0,0,0,0,0,0
3340004,0,0,0,0,0,0,1,0,0,0
3340006,0,1,0,0,0,0,0,0,0,0
3340008,0,0,0,0,0,0,0,0,0,0
3340010,0,0,0,0,0,0,0,0,0,0
3340012,0,0,0,0,0,0,0,0,0,0
3340014,0,0,0,0,0,0,0,0,0,0
3340016,0,0,0,0,0,0,0,0,1,0
3340018,0,0,0,0,0,0,0,0,0,0
3340020,0,0,0,1,0,0,1,0,0,1
3340022,0,0,0,0,0,0,1,0,0,0
3340024,0,0,0,0,0,0,1,1,0,0
3340026,0,0,0,0,0,0,0,0,0,0
3340028,0,0,0,0,0,0,0,0,0,0
3340030,0,0,0,0,0,0,1,0,0,1
3350002,0,1,1,0,0,0,0,1,0,1
3350004,0,0,0,1,0,0,0,1,0,0
3350006,0,0,0,0,0,0,0,0,0,0
3350008,0,0,0,0,0,0,0,0,0,0
3350010,0,0,1,0,0,0,0,0,0,0
3350012,0,0,0,0,0,0,0,0,0,1
3350014,0,1,0,0,0,0,0,0,0,0
3350016,0,1,0,0,0,0,0,0,0,0
3350018,0,0,0,0,0,0,0,0,0,0
3350020,0,0,1,0,0,0,0,0,0,0
3350022,0,0,0,0,0,0,0,0,0,0
3350024,0,0,1,0,0,0,0,0,0,0
3350026,0,0,0,0,0,0,0,0,0,0
3350028,0,1,0,0,0,0,0,0,0,0
3350030,0,0,0,0,0,0,0,0,0,0
3360002,0,0,0,0,0,0,0,0,0,0
3360004,0,0,0,0,0,0,0,0,0,0
3360006,1,0,0,0,0,0,0,0,0,0
3360008,0,0,0,0,0,0,0,0,0,1
3360010,0,0,0,0,0,0,0,0,0,0
3360012,0,0,0,0,0,0,0,0,0,0
3360014,0,0,0,0,0,0,0,0,0,0
3360016,0,0,0,0,0,0,0,0,0,0
3360018,0,0,0,0,0,0,0,0,0,0
3360020,0,0,0,0,0,0,0,0,0,0
3360022,0,1,0,0,0,0,0,0,0,0
3360024,0,1,0,0,0,0,0,0,0,0
3360026,0,0,0,0,0,0,0,0,0,0
3360028,0,0,0,0,0,0,0,0,0,0
3360030,0,0,0,0,0,0,0,0,0,0
3370002,0,1,0,0,0,0,0,0,0,0
3370004,0,0,0,0,0,0,0,0,0,0
3370006,0,0,0,1,0,0,0,0,0,0
3370008,0,1,0,0,0,0,0,0,0,0
3370010,0,0,0,0,0,0,0,0,0,0
3370012,0,0,0,0,0,0,0,0,0,0
3370014,0,0,0,0,0,0,0,0,0,0
3370016,0,0,0,0,0,0,0,0,0,0
3370018,0,0,0,0,0,0,0,0,1,0
3370020,0,0,0,0,0,0,0,0,0,0
3370022,0,0,0,0,0,0,0,0,0,0
3370024,0,0,0,0,0,0,0,0,0,0
3370026,0,0,0,0,0,0,0,0,0,0
3370028,0,0,0,0,0,0,0,0,0,0
3370030,0,0,0,0,0,0,0,0,0,0
3380002,0,0,0,0,0,0,0,0,0,1
3380004,0,0,0,0,0,0,0,0,0,0
3380006,0,0,0,0,0,0,0,0,0,0
3380008,0,0,0,0,0,0,0,0,0,0
3380010,0,0,0,0,0,0,0,0,0,0
3380012,0,0,0,0,0,0,0,0,0,0
3380014,0,0,0,0,0,0,0,0,0,0
3380016,0,0,0,1,0,0,0,0,0,0
3380018,0,0,0,0,0,0,0,0,0,0
3380020,0,0,1,0,0,0,0,0,0,0
3380022,0,0,0,0,0,0,0,0,0,0
3380024,0,0,0,0,0,0,0,0,0,0
3380026,0,0,0,0,0,0,0,0,0,0
3380028,0,0,0,0,0,0,0,0,0,0
3380030,0,0,0,0,0,0,0,0,0,0
3390002,0,0,0,0,0,0,0,0,0,0
3390004,0,0,0,0,0,0,0,0,0,1
3390006,0,0,0,0,0,0,0,0,0,0
3390008,0,0,1,1,0,0,0,0,0,0
3390010,0,0,0,0,0,0,0,0,0,0
3390012,0,0,0,0,0,0,0,0,0,0
3390014,0,0,0,0,0,0,0,0,0,0
3390016,0,0,0,0,0,0,0,0,0,0
3390018,0,1,0,0,0,0,0,0,0,0
3390020,0,0,0,0,0,0,0,0,0,0
3390022,0,1,1,0,0,0,0,0,0,0
3390024,0,0,0,0,0,0,0,0,0,0
3390026,0,0,0,0,0,0,0,0,0,0
3390028,0,0,0,1,0,0,0,0,0,0
3390030,0,0,0,0,0,0,0,0,0,0
3400002,0,0,0,0,0,0,0,0,0,0
3400004,0,0,0,0,0,0,0,0,0,0
3400006,0,0,0,0,0,0,0,0,0,0
3400008,0,0,0,0,0,0,0,0,0,0
3400010,0,0,0,0,0,0,0,0,0,0
3400012,0,0,0,0,0,0,0,0,0,0
3400014,0,1,0,0,0,0,0,0,0,0
3400016,0,0,0,0,0,0,0,0,0,0
3400018,0,0,0,0,0,0,0,0,0,0
3400020,0,0,0,0,0,0,0,0,0,0
3400022,0,0,0,0,0,0,0,0,0,0
3400024,1,0,0,0,0,0,0,0,0,0
3400026,0,0,0,1,0,0,0,0,0,1
3400028,0,0,0,0,0,0,0,0,0,0
3400030,0,0,0,0,0,0,0,0,0,0
3410002,0,1,0,0,0,0,0,0,0,0
3410004,0,0,0,0,0,0,1,0,0,0
3410006,0,0,0,0,0,0,0,0,0,0
3410008,0,0,0,0,0,0,0,0,0,0
3410010,0,0,0,0,0,0,0,0,0,0
3410012,0,0,0,0,0,0,0,0,0,0
3410014,0,0,0,0,0,0,0,0,0,0
3410016,0,0,0,0,0,0,0,0,0,0
3410018,0,0,0,0,0,0,0,0,0,0
3410020,0,0,0,0,0,0,0,0,0,0
3410022,0,0,0,1,0,0,0,0,0,0
3410024,0,0,0,0,0,0,0,0,0,0
3410026,0,0,0,0,0,0,0,0,0,0
3410028,0,0,0,0,0,0,0,0,0,1
3410030,0,0,0,0,0,0,0,0,0,0
3420002,0,,0,0,0,0,0,0,0,0
3420004,0,1,0,0,0,0,0,0,0,0
3420006,0,0,0,0,0,0,0,0,0,0
3420008,0,0,0,0,0,0,0,0,0,0
3420010,0,1,0,0,0,0,0,0,0,0
3420012,0,1,0,0,0,0,0,0,0,0
3420014,0,,0,0,0,0,0,0,0,0
3420016,0,0,0,0,0,0,0,0,0,0
3420018,0,0,0,0,0,0,0,0,0,0
3420020,0,0,0,0,0,0,0,0,0,0
3420024,0,0,0,0,0,0,0,0,0,0
3420028,0,0,0,0,0,0,0,0,0,0
3420030,0,0,0,0,0,0,0,0,0,0
3430002,0,0,0,0,0,0,0,0,0,0
3430004,0,0,0,0,0,0,0,0,0,0
3430006,0,0,0,0,0,0,0,0,0,0
3430008,0,0,1,0,0,0,0,0,0,0
3430010,0,0,0,0,0,0,0,0,0,0
3430012,0,0,0,0,0,0,1,0,0,0
3430014,0,0,0,0,0,0,0,0,0,0
3430016,0,0,0,0,0,0,0,0,0,0
3430018,0,0,1,0,0,0,0,1,0,0
3430020,0,0,0,0,0,0,0,1,0,0
3430022,0,0,0,0,0,0,0,0,0,0
3430024,0,0,1,1,0,0,1,0,0,0
3430026,0,0,0,0,0,0,0,0,0,0
3430028,0,0,0,0,0,0,0,0,0,0
3430030,0,0,0,0,0,0,0,0,0,0
3440002,0,0,0,0,0,0,1,0,0,0
3440004,0,0,0,1,0,0,0,0,0,0
3440006,0,0,0,0,0,0,0,0,0,0
3440008,0,0,0,0,0,0,0,0,0,0
3440010,0,0,0,0,0,0,0,0,0,0
3440012,0,0,1,0,0,0,0,0,0,0
3440014,0,0,0,0,0,0,0,0,0,0
3440016,0,0,0,0,0,0,0,0,0,0
3440018,0,0,0,0,0,0,0,0,0,0
3440020,0,0,0,0,0,0,0,0,0,0
3440022,0,0,0,0,0,0,1,1,0,1
3440024,0,1,0,0,0,0,0,1,0,0
3440026,0,0,0,0,0,0,0,0,0,0
3440028,0,0,0,0,0,0,0,0,0,0
3440030,0,0,0,0,0,1,0,0,0,0
3450002,0,0,0,0,0,0,0,0,0,0
3450004,0,1,0,0,0,0,0,0,0,0
3450006,0,0,0,0,0,0,0,0,0,0
3450008,0,0,0,0,0,0,0,0,0,0
3450010,0,1,0,0,0,0,0,0,0,0
3450012,0,0,0,0,0,0,0,0,0,0
3450014,0,1,0,1,0,0,0,0,0,1
3450016,0,0,0,0,0,0,0,0,0,0
3450018,0,0,0,0,0,0,0,0,0,0
3450020,0,0,0,0,0,0,0,0,0,0
3450022,0,1,0,1,0,0,0,0,0,0
3450024,0,0,0,0,0,0,0,0,0,0
3450026,0,0,0,0,0,0,0,0,0,0
3450028,0,1,0,0,0,0,0,0,0,0
3450030,0,0,0,0,0,0,0,0,0,0
3460002,0,0,0,0,0,0,0,0,0,0
3460004,0,1,1,0,0,0,1,0,0,0
3460006,0,1,1,1,0,0,0,0,0,1
3460008,0,1,0,1,0,0,1,0,0,0
3460010,0,1,0,0,0,0,0,0,0,0
3460012,0,0,0,1,0,0,0,0,0,0
3460014,0,0,0,0,0,0,0,0,0,1
3460016,0,0,0,0,0,0,0,0,0,0
3460018,0,0,0,1,0,0,1,0,0,0
3460020,0,1,1,1,0,0,1,0,0,1
3460022,0,1,0,0,0,0,0,0,0,1
3460024,0,0,0,1,0,0,0,0,0,0
3460026,0,0,0,0,0,0,0,0,0,0
3460028,0,0,0,0,0,0,0,0,0,0
3460030,0,1,1,0,0,0,1,0,0,0
3470002,0,0,0,0,0,0,0,0,0,0
3470004,0,0,0,0,0,0,0,0,0,0
3470006,0,0,0,0,0,0,0,0,0,0
3470008,0,0,0,0,0,0,0,0,0,0
3470010,0,0,0,0,0,0,0,0,0,0
3470012,0,0,0,0,0,0,0,0,0,0
3470014,0,0,0,0,0,0,0,0,0,0
3470016,0,,0,0,0,0,0,0,0,0
3470018,0,0,0,1,0,0,0,0,0,0
3470020,0,0,0,0,0,0,0,0,0,0
3470022,0,0,0,0,0,0,0,0,0,0
3470024,0,0,1,0,0,0,0,0,0,0
3470026,0,1,0,0,0,0,0,0,0,0
3470028,0,0,0,0,0,0,0,0,0,0
3470030,0,0,0,0,0,0,0,0,0,0
3480002,0,0,0,0,0,0,0,0,0,0
3480004,0,0,1,0,0,0,0,0,0,0
3480006,0,0,0,0,0,0,0,0,0,0
3480008,0,0,0,1,0,0,0,0,1,0
3480010,0,0,0,0,0,0,0,1,0,0
3480012,0,0,0,0,0,0,1,0,0,0
3480014,0,1,0,0,0,0,0,0,0,0
3480016,0,0,0,1,0,0,0,1,0,0
3480018,0,0,0,0,0,0,0,0,0,0
3480020,0,0,0,0,0,0,0,0,0,0
3480022,0,0,0,0,0,0,0,1,1,0
3480024,0,0,0,0,0,0,1,0,0,0
3480026,0,0,0,0,0,0,0,0,0,0
3480028,0,0,0,0,0,0,0,0,0,0
3480030,0,0,0,0,0,0,0,0,0,0
3490002,0,1,0,0,0,0,0,0,0,0
3490004,0,1,0,0,0,0,0,0,0,0
3490006,0,0,0,0,0,0,0,0,0,0
3490008,0,0,0,0,0,0,0,0,0,0
3490010,0,0,0,0,0,0,0,0,0,0
3490012,0,0,0,0,0,0,0,0,0,0
3490014,0,0,0,0,0,0,0,0,0,0
3490016,0,0,0,0,0,0,0,0,0,0
3490018,0,0,0,1,0,0,0,0,0,0
3490020,0,0,0,0,0,0,0,0,0,0
3490022,0,0,0,0,0,0,0,0,0,0
3490024,0,0,0,0,0,0,0,0,0,0
3490026,0,0,0,0,0,0,0,0,0,0
3490030,0,1,0,0,0,0,0,0,0,0
3500002,0,0,0,0,0,0,1,0,0,0
3500004,0,0,0,0,0,0,0,0,0,0
3500006,0,0,0,0,0,0,0,0,0,0
3500008,0,0,0,0,0,0,0,0,0,0
3500010,0,0,0,0,0,0,0,0,0,0
3500012,0,0,0,0,0,0,0,0,0,0
3500014,0,1,0,0,0,0,0,0,0,0
3500016,0,0,0,0,0,0,0,0,0,0
3500018,0,0,1,0,0,0,0,0,0,0
3500020,0,,0,0,0,0,0,0,0,0
3500022,0,0,0,1,0,0,1,0,0,0
3500024,0,0,0,0,0,0,0,0,0,0
3500026,0,0,0,0,0,0,0,0,1,0
3500028,0,0,0,0,0,0,0,0,0,0
3500030,0,1,0,0,0,0,0,0,0,0
3510002,0,0,0,0,0,0,0,0,1,0
3510004,0,1,0,0,0,1,1,0,1,0
3510006,0,0,0,0,0,1,0,0,1,0
3510008,0,0,0,1,1,0,1,1,1,1
3510010,0,0,0,0,0,1,0,0,1,1
3510012,0,0,0,0,0,1,0,0,1,0
3510014,0,1,0,0,1,0,0,1,1,1
3510016,0,0,0,1,0,0,0,0,1,0
3510018,0,0,0,0,0,1,1,0,1,0
3510020,0,0,1,1,0,1,1,0,1,0
3510022,0,0,0,,0,0,0,0,1,1
3510024,0,0,0,0,0,0,1,0,1,0
3510026,0,0,0,0,0,1,1,0,1,0
3510028,0,0,0,0,0,1,1,0,1,1
3510030,0,1,1,0,0,0,1,0,0,0
3520002,0,1,0,0,0,0,0,0,1,0
3520004,0,0,1,0,0,0,1,1,1,0
3520006,0,0,0,1,1,0,1,0,1,0
3520008,0,0,0,1,1,0,0,0,1,0
3520010,0,1,0,0,0,1,0,0,1,0
3520012,0,0,0,0,1,0,0,0,1,0
3520014,0,0,0,,1,0,1,0,1,0
3520016,0,0,0,0,0,0,1,0,1,0
3520018,0,0,0,0,0,0,1,0,1,0
3520020,0,0,1,0,0,0,0,0,1,0
3520022,0,0,0,0,1,1,1,1,1,0
3520024,0,0,0,0,0,0,1,0,1,0
3520026,0,0,0,0,1,0,0,0,1,0
3520028,0,0,0,1,1,0,0,0,1,0
3520030,0,0,0,0,1,0,0,0,1,0
3530002,0,0,1,0,0,0,1,0,0,0
3530004,0,0,1,0,0,0,1,0,0,0
3530006,0,0,0,0,1,1,0,0,1,0
3530008,0,0,0,0,0,0,0,0,0,0
3530010,0,0,0,0,1,0,1,0,1,0
3530012,0,0,0,0,1,0,0,0,1,0
3530014,0,1,0,0,1,0,1,0,1,0
3530016,0,0,0,0,1,0,0,0,0,0
3530018,0,1,0,1,1,0,1,0,1,0
3530020,0,0,0,0,0,0,0,0,1,0
3530022,0,0,0,1,1,0,0,0,1,0
3530024,0,1,0,0,1,0,0,1,1,0
3530026,0,0,0,0,1,0,1,0,1,0
3530028,0,0,0,1,1,0,1,0,1,0
3540002,0,1,0,0,0,0,0,0,1,0
3540004,1,0,0,1,0,0,0,0,1,0
3540006,0,0,0,1,0,0,0,0,1,0
3540008,0,0,0,0,0,0,0,0,1,0
3540010,0,1,0,0,0,0,0,0,1,0
3540012,0,1,1,1,0,0,0,0,1,0
3540014,0,0,1,0,0,0,1,0,1,0
3540016,0,0,1,1,0,0,1,0,1,0
3540018,0,0,0,1,1,0,1,0,1,1
3540020,0,0,1,1,1,0,0,0,1,0
3540022,0,0,0,0,0,0,0,0,1,0
3540024,1,1,0,0,0,0,0,0,1,0
3540026,0,0,0,0,0,0,0,0,1,0
3540028,0,0,0,0,0,0,1,0,1,0
3540030,0,0,0,0,0,0,0,0,1,0
3550002,0,1,0,0,1,1,0,0,1,1
3550004,0,0,0,0,1,0,1,0,1,0
3550006,0,1,1,1,1,0,1,1,1,1
3550008,0,0,1,0,1,0,0,0,1,0
3550010,0,1,0,1,1,1,0,0,1,0
3550012,0,1,0,0,1,0,0,0,1,0
3550014,0,0,0,1,1,0,0,0,1,1
3550016,0,0,0,0,1,0,0,0,1,0
3550018,0,1,0,0,1,0,0,0,1,0
3550020,0,0,0,1,1,0,0,0,1,0
3550022,0,1,0,0,1,0,0,0,1,0
3550024,0,1,0,1,1,0,0,0,1,0
3550026,0,0,0,0,1,0,0,0,1,1
3550028,0,1,0,1,1,0,1,1,1,1
3550030,0,0,0,0,1,0,0,0,1,0
3560002,0,0,0,0,0,1,0,0,1,0
3560004,0,0,0,1,0,0,0,0,1,0
3560006,0,0,0,0,0,0,1,0,1,0
3560008,0,0,0,,0,0,0,0,1,1
3560010,0,0,0,0,0,0,1,0,1,1
3560012,0,0,0,0,0,0,0,1,1,0
3560014,0,0,0,1,0,0,1,0,1,1
3560016,0,0,0,0,0,0,1,0,1,0
3560018,0,1,0,0,0,0,0,0,1,0
3560020,0,0,0,0,0,0,0,0,1,0
3560022,0,0,0,0,0,0,0,0,1,1
3560024,0,1,1,0,0,0,0,0,1,0
3560026,0,1,1,0,0,0,0,0,1,0
3560028,0,0,0,0,0,0,1,0,1,0
3560030,0,0,0,0,1,0,0,0,1,0
3570002,0,0,0,1,0,0,0,0,1,0
3570004,0,0,0,0,0,0,0,0,1,0
3570006,0,0,0,0,0,0,1,0,1,0
3570008,0,1,0,0,0,0,1,0,1,0
3570010,0,0,0,1,1,1,1,0,1,0
3570012,0,1,1,0,0,0,1,0,1,0
3570014,0,0,1,0,0,0,0,0,1,0
3570016,0,0,1,1,1,0,1,0,1,0
3570018,0,1,1,0,0,0,0,0,1,0
3570020,0,0,0,1,1,0,1,0,1,0
3570022,0,1,0,1,0,0,0,0,1,0
3570024,0,0,0,1,0,0,1,0,1,1
3570026,0,0,1,0,0,0,0,0,1,0
3570028,0,0,0,0,0,0,0,0,1,0
3570030,0,0,1,0,0,0,0,0,1,0
3580002,0,0,0,1,1,1,1,1,1,1
3580004,0,0,1,1,0,1,1,0,1,1
3580006,0,0,0,1,0,0,1,1,1,1
3580008,0,1,0,0,0,0,0,0,1,0
3580010,0,0,0,1,0,0,1,0,1,0
3580012,0,0,0,1,0,1,1,0,1,1
3580014,0,0,0,1,0,0,1,1,1,1
3580016,0,1,0,1,1,1,1,0,1,1
3580018,0,0,0,1,1,0,1,0,1,1
3580020,0,0,0,0,0,1,0,0,1,1
3580022,0,1,0,0,0,0,1,0,1,0
3580024,0,0,0,1,0,0,1,0,1,1
3580026,0,0,0,1,0,0,1,0,1,0
3580028,0,0,0,0,0,1,0,0,1,0
3580030,0,0,1,1,0,0,1,0,1,0
3590002,0,0,0,1,1,0,1,0,1,0
3590004,0,0,0,0,1,0,1,0,1,0
3590006,0,0,0,0,1,1,0,0,1,0
3590008,0,0,0,0,1,1,1,0,1,0
3590010,0,0,0,1,1,0,1,0,1,0
3590012,0,1,0,1,1,1,1,0,1,0
3590014,0,1,1,1,1,1,1,0,1,1
3590016,0,0,1,1,1,0,1,1,1,1
3590018,0,0,0,1,1,0,1,0,1,0
3590020,0,0,1,1,1,1,1,0,1,0
3590022,0,1,0,1,1,1,1,0,1,0
3590024,0,1,1,0,1,0,1,1,1,0
3590026,0,0,0,0,1,0,1,0,1,0
3590028,0,0,1,0,1,0,0,0,1,0
3590030,0,0,0,0,1,1,0,0,1,0
3600002,0,0,0,0,0,0,0,0,0,0
3600004,0,0,0,0,0,0,0,0,0,0
3600006,0,0,0,0,0,0,0,0,1,0
3600008,0,0,0,0,0,0,0,0,1,0
3600010,0,1,0,0,0,0,1,0,1,0
3600012,0,0,0,0,0,0,0,0,0,0
3600014,0,1,0,0,0,0,0,0,0,0
3600016,0,0,0,0,0,0,0,0,0,0
3600018,0,1,0,0,0,0,0,0,0,0
3600020,0,0,0,1,0,0,0,0,0,0
3600022,0,0,0,0,0,0,0,0,0,0
3600024,0,0,0,0,0,0,0,0,0,0
3600026,0,0,1,0,0,0,0,0,1,0
3600028,1,1,0,0,0,0,0,0,1,0
3600030,0,0,1,0,0,0,0,0,0,0
3610002,0,0,0,0,0,0,0,0,1,0
3610004,0,0,0,1,1,0,1,0,1,0
3610006,0,0,0,0,1,0,0,0,1,0
3610008,0,0,1,1,1,0,1,0,1,0
3610010,0,0,1,1,0,0,1,0,1,0
3610012,0,0,1,0,0,0,1,0,1,0
3610014,0,1,1,0,0,0,1,0,0,0
3610016,0,0,1,0,1,0,0,0,1,0
3610018,0,0,0,0,0,0,0,0,0,0
3610020,0,0,0,1,1,0,1,0,1,0
3610022,0,0,0,0,0,0,0,0,1,0
3610024,0,0,0,0,1,0,0,0,1,0
3610026,0,0,0,0,0,0,1,0,1,0
3610028,0,0,0,0,1,1,1,0,1,1
3610030,0,0,0,0,1,0,0,0,1,0
3620002,0,1,1,0,0,0,0,0,1,0
3620004,0,0,0,0,0,1,0,0,1,0
3620006,0,0,0,0,0,0,0,0,1,0
3620008,0,0,0,1,0,0,0,0,0,0
3620010,0,0,1,0,0,0,1,0,1,0
3620012,0,0,0,0,0,0,1,0,1,0
3620014,0,0,0,0,0,0,1,0,1,0
3620016,1,0,0,0,0,0,0,0,1,0
3620018,0,1,0,0,0,0,0,0,1,0
3620020,0,0,0,0,1,0,1,0,1,1
3620022,0,0,0,0,0,0,0,0,0,0
3620024,0,0,0,0,0,1,1,0,1,0
3620026,0,0,0,0,0,1,1,0,1,1
3620028,0,0,0,0,0,0,0,0,1,0
3620030,0,1,0,0,0,0,0,0,1,0
3630002,0,1,0,0,1,1,1,0,1,1
3630004,0,0,1,1,0,0,1,0,1,0
3630006,0,0,0,0,0,1,0,1,1,0
3630008,0,0,1,0,1,1,1,0,1,0
3630010,0,1,0,0,1,0,1,0,1,0
3630012,0,0,0,1,0,0,0,0,1,0
3630014,0,1,0,0,0,0,0,0,1,0
3630016,0,0,1,1,1,1,1,1,1,0
3630018,0,0,1,0,1,1,1,0,1,0
3630020,0,0,0,0,0,0,0,0,1,0
3630022,0,0,1,1,1,1,1,1,1,1
3630024,0,0,0,0,0,1,1,0,1,0
3630026,0,0,0,0,0,0,0,0,1,0
3630028,0,0,0,0,1,1,1,0,1,0
3630030,0,0,0,0,0,0,0,0,1,0
3640002,0,1,0,0,0,0,0,0,1,0
3640004,0,0,0,0,0,0,0,0,0,0
3640006,0,0,0,0,0,0,0,0,0,0
3640008,0,0,0,0,1,0,0,1,1,0
3640010,0,0,0,0,0,0,1,1,1,0
3640012,0,,0,0,0,0,0,0,1,0
3640014,0,0,0,0,0,0,0,0,1,0
3640016,0,0,1,0,0,0,1,0,1,0
3640018,0,0,0,0,0,0,0,0,1,0
3640020,0,0,0,0,0,0,0,0,1,0
3640022,0,1,0,0,0,0,1,0,1,0
3640024,0,0,0,0,1,0,0,1,1,0
3640026,0,0,0,0,1,0,1,0,1,0
3640028,0,0,0,1,1,1,1,0,1,1
3640030,0,1,0,0,0,0,0,0,1,0
3650002,0,0,0,0,0,0,0,0,1,0
3650004,0,1,1,1,0,0,1,0,1,0
3650006,0,0,0,0,0,0,0,0,0,0
3650008,0,0,0,0,0,0,0,0,1,0
3650010,0,1,0,0,0,0,0,0,1,0
3650012,0,1,0,1,0,0,0,0,1,0
3650014,0,0,0,0,0,0,0,0,1,0
3650016,0,0,0,0,0,0,0,0,1,0
3650018,0,0,0,0,0,0,0,0,1,0
3650020,0,0,0,0,0,0,0,0,0,0
3650022,0,0,0,1,0,0,0,0,1,0
3650024,0,0,1,0,0,0,0,0,1,0
3650026,0,0,1,0,0,0,0,0,1,0
3650028,0,0,1,1,0,0,0,0,1,0
3650030,0,0,0,0,0,0,0,0,0,0
3660002,0,0,0,0,0,0,0,0,1,0
3660004,0,1,1,0,0,0,0,0,0,0
3660006,0,1,0,0,0,0,1,0,1,0
3660008,0,0,0,0,0,0,1,1,1,0
3660010,0,0,1,0,0,0,0,0,0,0
3660012,0,0,0,0,0,0,0,0,0,0
3660014,0,0,0,0,0,0,0,0,1,0
3660016,0,0,0,0,0,0,0,0,1,0
3660018,0,0,0,0,0,0,0,0,1,0
3660020,0,1,1,0,0,1,1,0,1,1
3660022,0,0,0,0,0,0,0,0,1,0
3660024,0,0,0,0,0,0,0,0,1,0
3660026,0,1,0,0,0,0,0,0,1,0
3660028,0,0,0,0,0,0,0,0,0,0
3660030,0,1,1,0,0,0,0,0,1,0
3670002,0,0,0,0,1,0,1,0,1,1
3670004,0,0,0,0,0,1,1,0,1,0
3670006,0,0,1,0,1,0,1,0,1,0
3670008,0,0,0,1,1,0,1,0,1,0
3670010,0,0,1,0,1,0,1,1,1,0
3670012,0,0,0,0,0,1,0,0,1,0
3670014,0,0,1,0,0,0,1,0,1,0
3670016,0,0,1,0,1,0,1,0,1,1
3670018,0,0,0,0,0,1,1,0,1,0
3670020,0,0,0,0,0,0,0,0,1,0
3670022,0,0,0,,0,1,0,0,1,0
3670024,0,0,0,0,0,0,0,0,1,0
3670026,0,0,0,0,0,0,0,0,1,0
3670028,0,0,1,0,0,0,0,0,1,0
3670030,0,0,0,0,0,0,0,0,0,0
3680002,0,0,1,0,1,1,1,0,1,0
3680004,0,0,1,1,1,1,1,0,1,0
3680006,0,0,1,0,1,0,1,0,1,0
3680008,0,0,0,0,0,0,0,0,1,0
3680010,0,0,1,1,1,1,0,0,1,1
3680012,0,0,0,0,0,1,0,0,1,0
3680014,0,0,0,1,0,0,1,0,1,0
3680016,0,0,0,1,0,0,0,0,1,0
3680018,0,0,0,0,0,1,1,0,1,0
3680020,0,0,0,1,0,0,1,0,1,0
3680022,0,0,0,1,0,0,0,0,1,0
3680024,0,0,0,1,0,0,0,0,0,0
3680026,0,0,1,0,0,1,1,0,0,1
3680028,0,1,0,0,0,0,0,0,1,0
3680030,0,1,0,0,1,0,0,0,1,0
3690002,0,0,0,0,0,0,0,0,1,0
3690004,0,0,1,1,1,0,0,0,1,0
3690006,0,0,0,1,0,0,0,0,1,0
3690008,0,1,0,1,0,0,0,0,1,0
3690010,0,1,0,1,0,0,0,0,1,0
3690012,0,0,0,0,1,0,0,0,1,1
3690014,0,0,0,0,1,0,0,0,1,0
3690016,0,0,0,0,0,0,0,0,1,0
3690018,0,0,0,1,0,0,1,0,1,0
3690020,0,0,0,0,0,0,1,0,0,0
3690022,0,0,1,1,0,0,1,0,1,0
3690024,0,1,0,0,1,0,1,0,1,0
3690026,0,0,1,0,1,0,0,0,1,0
3690028,0,0,0,0,0,0,0,0,1,0
3690030,0,0,0,0,1,0,1,0,1,1
3700002,0,0,0,0,0,0,0,0,1,0
3700004,0,0,0,1,1,0,1,0,1,0
3700006,0,1,0,0,0,0,1,1,1,1
3700008,0,1,0,0,0,0,0,0,1,0
3700010,0,0,1,0,0,0,0,0,1,0
3700012,0,0,1,1,0,1,1,0,1,0
3700014,0,0,0,0,0,0,1,0,1,0
3700016,0,0,0,0,0,1,0,0,1,0
3700018,0,0,0,0,0,0,1,0,1,0
3700020,0,0,0,0,0,0,0,0,0,0
3700022,0,0,1,0,0,0,1,0,1,0
3700024,0,0,0,0,1,0,0,0,1,0
3700026,0,0,0,0,0,0,0,0,0,0
3700028,0,0,0,1,0,0,0,0,0,0
3700030,0,0,0,0,1,1,1,0,1,0
3710002,0,0,0,0,0,0,0,0,1,0
3710004,0,0,0,0,0,1,0,0,1,1
3710006,0,0,0,0,1,0,0,0,1,1
3710008,0,1,0,0,1,0,1,0,1,0
3710010,0,0,0,1,1,0,1,0,1,1
3710012,0,1,0,0,1,0,1,0,1,0
3710014,0,0,0,0,1,0,1,0,1,1
3710016,0,0,0,0,1,1,1,1,1,1
3710018,0,0,0,0,1,1,0,0,1,0
3710020,0,1,1,1,1,0,1,0,1,1
3710022,0,0,0,0,1,0,0,0,1,0
3710024,0,0,0,0,0,0,0,0,1,0
3710026,0,0,0,1,1,0,1,1,1,1
3710028,0,0,0,0,0,0,0,0,1,1
3710030,0,0,0,0,1,0,1,0,1,0
3720004,0,0,0,0,0,0,1,0,1,1
3720006,0,0,0,0,0,0,1,0,1,0
3720008,0,0,0,0,0,0,0,0,1,0
3720010,0,0,0,0,0,0,1,0,1,0
3720012,0,1,0,1,1,0,1,0,1,0
3720014,0,1,0,0,1,0,1,0,1,0
3720016,0,0,0,0,1,0,1,0,1,1
3720018,0,1,0,1,1,0,1,0,1,0
3720020,0,0,1,1,1,0,1,0,1,1
3720022,0,0,1,0,1,1,1,0,1,0
3720024,0,0,0,0,1,0,1,0,1,0
3720026,0,0,0,1,1,0,1,0,1,1
3720028,0,0,0,1,1,0,1,0,0,1
3720030,0,1,1,0,1,0,1,0,1,1
3730002,0,0,0,0,0,1,0,0,1,0
3730004,1,1,0,1,1,1,1,0,1,1
3730006,0,1,0,0,1,0,0,0,1,0
3730008,0,0,0,0,0,0,1,0,1,0
3730010,0,0,0,0,1,0,0,0,1,0
3730012,0,0,0,0,1,0,0,0,1,0
3730014,0,0,0,0,0,1,0,0,1,0
3730016,0,0,0,0,0,0,0,0,1,0
3730018,0,0,0,1,1,0,1,0,0,0
3730020,0,0,1,0,1,1,0,0,1,0
3730022,0,1,1,1,0,0,0,0,1,0
3730024,0,0,1,1,0,1,0,0,1,0
3730026,0,0,0,0,0,0,0,0,1,1
3730028,0,0,0,1,0,1,1,0,1,0
3730030,0,1,0,1,0,0,0,0,1,0
3740002,0,0,0,0,0,0,0,0,0,0
3740004,0,0,0,0,0,0,0,0,0,0
3740006,0,0,0,1,0,0,0,0,0,0
3740008,0,0,0,0,0,0,0,0,0,0
3740010,0,0,0,0,0,0,0,0,0,0
3740012,0,0,0,0,0,0,0,0,0,0
3740014,0,0,1,0,0,0,0,0,0,0
3740016,0,0,1,0,0,0,0,0,0,0
3740018,0,0,0,0,0,0,0,0,1,0
3740020,0,1,1,0,0,0,0,0,1,0
3740022,0,0,0,0,0,0,0,0,1,0
3740024,0,0,0,0,0,0,0,0,1,0
3740026,0,0,0,0,0,0,0,0,0,0
3740028,0,0,0,0,0,0,0,0,0,0
3740030,0,0,0,1,0,0,1,0,1,0
3750002,0,0,0,0,0,0,0,0,1,0
3750004,0,0,0,0,0,0,0,0,1,0
3750006,0,0,0,0,0,0,0,0,0,0
3750008,0,0,0,0,0,0,0,0,0,0
3750010,0,0,0,0,0,0,0,0,0,0
3750012,0,1,0,0,0,0,0,0,0,0
3750014,0,1,0,,0,0,1,0,1,0
3750016,0,0,0,0,0,0,0,0,1,0
3750018,0,0,0,1,0,0,0,0,1,0
3750020,0,1,1,,0,0,0,0,1,0
3750022,0,0,0,1,0,0,1,0,0,0
3750024,0,0,1,0,0,0,0,0,0,0
3750026,0,0,1,0,1,0,0,0,1,1
3750028,0,0,0,1,0,0,1,0,1,0
3750030,0,0,0,0,0,0,0,0,1,0
3760002,0,0,1,0,0,0,1,0,1,0
3760004,0,0,1,0,0,0,0,0,0,0
3760006,0,0,0,1,0,0,0,0,1,0
3760008,0,0,1,0,0,0,0,0,0,0
3760010,0,0,0,0,0,0,0,0,0,0
3760012,0,0,0,0,0,0,0,0,1,0
3760014,0,0,0,0,0,0,0,0,0,0
3760016,0,0,0,0,0,0,0,0,0,0
3760018,0,0,0,0,0,0,0,0,0,0
3760020,0,0,0,0,0,0,0,0,1,0
3760022,0,1,0,0,0,0,0,0,0,0
3760024,0,0,0,0,0,0,0,0,1,0
3760026,0,0,0,0,0,0,0,0,1,0
3760028,0,0,0,1,0,0,1,0,1,1
3760030,0,0,0,0,0,0,0,0,0,0
3770002,0,0,0,0,0,0,0,0,0,0
3770004,0,0,0,0,0,0,0,0,1,0
3770006,0,0,0,0,0,0,0,1,0,0
3770008,0,0,0,1,0,0,0,0,0,0
3770010,0,0,0,0,0,0,0,0,1,0
3770012,0,0,0,0,0,0,1,0,1,1
3770014,0,0,1,0,0,0,0,0,1,0
3770016,0,0,1,0,0,0,0,0,1,0
3770018,0,0,0,0,0,0,0,0,1,1
3770020,0,0,0,0,0,0,0,0,0,0
3770022,0,1,0,0,0,0,0,0,1,0
3770024,0,1,0,0,0,0,1,0,1,0
3770026,0,1,0,0,0,0,1,0,1,0
3770028,0,0,0,0,0,0,0,0,1,0
3770030,0,0,0,0,0,0,1,0,1,0
3780002,0,0,0,0,0,0,0,0,0,0
3780004,0,0,0,0,0,0,0,0,0,0
3780006,0,0,0,0,0,0,1,0,1,0
3780008,0,0,0,0,0,0,0,0,1,0
3780010,0,0,0,0,0,0,0,0,0,0
3780012,0,1,1,0,0,0,0,0,0,0
3780014,0,1,0,0,0,0,0,0,0,0
3780016,0,1,1,0,0,0,0,0,0,0
3780018,0,0,0,0,0,0,0,0,0,0
3780020,0,0,1,0,0,0,0,0,1,0
3780022,0,0,0,0,0,0,1,1,0,0
3780024,0,0,0,0,0,0,0,0,1,0
3780026,,,0,0,0,0,0,0,0,0
3780028,0,0,1,0,0,0,1,0,1,0
3780030,0,0,0,0,0,0,0,0,0,0
3790002,0,0,1,0,0,0,0,0,1,0
3790004,0,0,1,0,0,0,0,1,0,0
3790006,0,0,1,0,0,0,0,0,1,0
3790008,0,0,0,0,0,0,0,0,1,0
3790010,0,0,0,0,0,0,0,0,1,0
3790012,0,0,0,0,0,0,0,0,1,0
3790014,0,0,0,0,0,0,0,0,1,0
3790016,0,0,0,0,0,0,0,0,1,0
3790018,0,0,1,0,0,0,0,0,0,0
3790020,0,0,0,0,0,0,0,0,1,0
3790022,0,0,0,0,0,0,0,0,1,0
3790024,0,0,0,1,0,0,0,1,0,0
3790026,0,0,0,0,0,0,0,0,1,0
3790028,0,0,0,0,0,0,0,0,1,0
3790030,0,0,0,0,0,0,0,0,1,0
3800002,0,0,0,,0,0,1,0,1,0
3800004,0,0,0,0,0,0,1,0,1,0
3800006,0,0,0,0,0,0,0,1,0,0
3800008,0,1,0,0,0,0,0,0,1,0
3800010,0,0,0,0,0,0,0,0,0,0
3800012,0,0,0,0,0,0,0,0,0,0
3800014,0,0,0,0,0,0,0,0,1,0
3800016,0,0,0,0,0,0,0,1,1,0
3800018,0,0,1,0,0,0,0,1,0,0
3800020,0,0,0,0,0,0,1,0,1,0
3800022,0,0,0,1,0,0,1,0,1,0
3800024,0,0,0,1,0,0,0,0,1,0
3800026,0,0,0,0,0,0,0,0,1,0
3800028,0,0,0,0,0,0,0,0,0,0
3800030,0,0,1,1,0,0,0,0,1,0
3810002,0,0,0,0,0,0,0,0,0,0
3810004,0,1,0,0,0,0,0,0,1,0
3810006,0,0,1,0,0,0,0,0,1,0
3810008,0,0,0,0,0,0,0,0,1,0
3810010,0,0,0,0,0,0,0,0,0,0
3810012,0,0,0,0,0,1,0,0,0,0
3810014,0,0,0,0,0,0,1,0,0,0
3810016,0,0,0,0,0,0,0,0,0,0
3810018,0,1,0,0,0,0,0,0,0,0
3810020,0,0,0,1,0,0,1,0,0,0
3810022,0,0,0,0,0,0,0,0,1,0
3810024,0,1,0,0,0,0,0,0,0,0
3810026,,,0,0,0,0,0,0,0,0
3810028,0,0,0,1,0,0,0,0,1,0
3810030,0,0,0,0,0,0,0,0,0,0
3820002,0,0,0,0,0,0,0,0,1,0
3820004,0,0,0,0,0,0,0,0,0,0
3820006,0,0,0,0,0,0,0,0,0,0
3820008,0,1,0,1,0,0,0,0,0,0
3820010,0,0,1,1,0,0,0,0,1,0
3820012,0,0,0,0,0,0,0,0,1,0
3820014,0,0,0,0,0,0,1,0,1,0
3820016,0,0,1,1,0,0,0,0,1,0
3820018,0,1,0,1,0,0,1,1,0,0
3820020,0,1,0,0,0,0,0,0,0,0
3820022,0,0,1,0,0,0,0,0,0,0
3820024,0,0,0,0,0,0,0,0,1,0
3820026,0,0,0,1,0,0,0,1,1,0
3820028,0,0,1,0,0,0,0,0,0,0
3820030,0,0,0,0,0,0,0,0,0,0
3830002,0,0,0,1,0,0,0,0,1,0
3830004,0,,0,1,0,0,0,0,1,0
3830006,0,0,0,1,0,0,0,0,0,0
3830008,0,0,0,0,0,0,0,0,1,0
3830010,0,0,0,0,0,0,0,0,1,0
3830012,0,,0,0,0,0,0,0,1,0
3830014,0,0,0,0,1,0,0,0,1,0
3830016,0,0,1,0,0,0,0,0,1,0
3830018,0,1,0,0,0,0,0,0,1,0
3830020,0,0,0,0,0,0,0,0,0,0
3830022,0,0,0,0,0,0,0,0,0,0
3830024,0,,0,1,0,0,0,0,0,0
3830026,0,,1,0,0,0,1,0,1,0
3830028,0,0,0,0,0,0,0,0,1,1
3830030,0,0,0,0,0,0,0,0,1,0
3840002,0,0,0,0,0,1,0,0,0,0
3840004,0,,0,0,0,1,1,0,1,0
3840006,0,0,0,0,0,1,0,0,0,0
3840008,0,1,0,0,0,0,0,0,1,0
3840010,0,1,0,1,0,1,0,0,1,0
3840014,0,0,1,0,0,0,1,0,0,0
3840016,0,0,1,1,0,1,0,1,1,0
3840018,0,0,0,0,0,1,0,0,0,0
3840020,0,0,0,0,0,0,0,0,0,0
3840022,0,0,0,0,0,1,0,0,1,0
3840024,0,,1,0,0,0,0,0,1,0
3840026,0,0,0,0,0,1,0,0,1,0
3840028,0,0,0,0,0,1,0,1,1,0
3840030,0,0,0,0,0,0,0,0,1,0
3850002,0,0,0,0,0,0,0,0,1,0
3850004,0,,0,1,0,0,0,1,1,0
3850006,0,0,0,0,0,0,1,0,0,1
3850008,0,0,0,0,1,0,1,0,1,0
3850010,0,,0,0,0,0,0,0,0,0
3850012,0,1,0,0,0,0,0,1,0,0
3850014,0,0,0,1,0,0,1,0,1,0
3850016,0,,0,0,0,0,0,0,1,0
3850020,0,0,0,1,0,0,0,0,1,0
3850022,0,0,0,0,0,0,0,0,1,0
3850024,0,,0,0,0,0,0,0,1,1
3850026,0,0,1,0,0,0,0,0,1,0
3850028,0,1,0,0,0,0,0,0,0,0
3850030,0,1,1,1,0,0,0,0,1,0
3860002,0,0,0,0,0,0,0,0,1,0
3860004,0,0,0,0,0,0,0,0,1,1
3860006,0,,0,0,0,0,0,0,0,0
3860008,0,0,1,0,1,0,1,1,1,0
3860010,0,0,0,0,0,0,0,0,0,0
3860012,0,0,0,1,0,0,0,0,0,0
3860014,0,0,0,0,0,0,0,0,0,0
3860016,0,0,0,0,0,0,0,0,1,0
3860018,0,0,0,0,0,0,0,0,0,0
3860020,0,0,0,0,0,0,0,0,1,1
3860022,0,1,1,0,0,0,0,0,1,0
3860024,0,0,0,0,0,0,0,0,0,0
3860026,0,0,0,1,0,0,1,0,0,0
3860028,0,1,1,0,0,0,1,1,1,0
3860030,0,0,0,0,0,0,0,0,1,0
3870002,0,0,0,1,0,0,0,0,1,0
3870004,0,0,0,0,0,0,0,0,0,0
3870006,0,0,0,1,0,0,0,0,1,0
3870008,0,,0,0,0,0,0,0,1,0
3870010,0,0,0,1,0,0,0,0,1,0
3870012,0,1,1,0,0,0,0,0,1,0
3870014,0,0,0,0,0,0,0,0,1,0
3870016,0,1,0,0,0,0,0,1,1,0
3870018,0,0,0,0,0,0,0,0,0,0
3870020,0,0,0,0,0,0,0,0,0,0
3870022,0,1,0,1,0,0,0,0,1,0
3870024,0,0,1,0,0,0,0,0,1,0
3870026,0,1,0,0,0,0,0,0,0,0
3870028,0,0,0,0,0,0,0,0,0,0
3870030,0,0,1,0,0,0,0,0,0,0
3880002,0,0,0,0,0,0,0,0,0,0
3880004,0,0,0,0,0,0,0,0,0,0
3880006,0,0,0,0,0,0,0,0,0,0
3880008,0,1,0,0,0,0,0,0,0,0
3880010,0,0,1,0,0,0,0,0,1,0
3880012,0,0,0,0,0,0,0,0,0,0
3880014,0,0,0,0,0,0,0,0,1,0
3880016,0,0,1,1,0,0,0,0,0,0
3880018,0,0,0,0,0,0,0,0,1,0
3880020,0,1,0,0,0,0,0,0,1,0
3880022,0,1,0,0,0,0,1,0,0,0
3880024,0,,0,0,0,0,0,0,1,0
3880026,0,0,0,1,0,0,0,0,0,0
3880028,0,0,1,0,0,0,0,0,0,0
3880030,0,0,0,0,0,0,0,0,1,0
3890002,0,0,0,0,0,0,0,0,1,0
3890004,0,1,0,0,0,0,0,0,0,0
3890006,0,0,0,0,0,0,0,0,1,0
3890008,0,0,0,0,0,0,0,0,1,0
3890010,0,0,0,0,0,0,0,0,0,0
3890012,0,0,0,0,0,0,0,0,1,0
3890014,0,0,0,0,0,0,1,0,1,0
3890016,0,0,0,1,0,0,1,0,1,0
3890018,0,0,0,0,0,0,0,0,0,0
3890020,0,0,0,0,0,0,0,0,1,0
3890022,0,0,0,1,0,0,0,0,1,0
3890024,0,0,0,0,0,0,1,1,1,0
3890026,0,0,0,1,0,0,1,0,1,1
3890028,0,0,0,1,0,0,0,0,1,0
3890030,0,0,0,0,0,0,0,0,1,0
3900002,0,0,0,1,0,0,1,0,1,1
3900004,0,0,0,0,0,0,0,0,0,0
3900006,0,0,0,1,0,0,0,1,1,0
3900008,0,0,0,1,0,0,1,1,1,1
3900010,0,1,1,0,0,0,0,0,1,0
3900012,0,0,0,0,0,0,0,1,1,0
3900014,0,,0,0,0,0,0,0,1,0
3900016,0,0,0,0,0,0,0,0,0,0
3900018,0,0,0,1,0,0,0,0,1,0
3900020,0,0,0,1,0,0,0,0,0,0
3900022,0,0,1,1,0,0,0,0,0,1
3900024,0,0,0,1,0,0,0,0,0,0
3900026,0,0,0,0,0,0,1,0,1,0
3900028,0,0,1,0,0,0,0,0,1,0
3900030,0,0,0,0,0,0,0,0,1,0
3910002,0,1,0,0,0,0,1,1,1,1
3910004,0,0,1,0,0,1,0,0,1,0
3910006,0,0,0,0,0,0,0,0,0,0
3910008,0,0,0,0,0,0,0,0,0,0
3910010,0,0,0,0,0,0,0,0,1,0
3910012,0,,0,0,0,0,0,0,0,0
3910014,0,0,0,0,0,0,0,0,1,0
3910016,0,0,1,0,1,0,0,0,1,0
3910018,0,0,0,0,1,0,0,0,0,0
3910020,0,,0,1,1,0,0,0,0,0
3910022,0,1,0,0,1,0,0,0,1,0
3910024,0,0,1,0,1,0,0,0,0,0
3910026,0,0,0,0,1,0,0,1,1,0
3910028,0,0,1,0,1,0,0,0,1,0
3910030,0,0,1,0,1,0,0,1,0,0
3920002,0,0,0,1,0,1,1,0,1,0
3920004,0,0,1,0,0,0,0,0,0,0
3920006,0,0,0,0,0,0,0,0,0,0
3920008,0,1,0,0,0,1,0,0,1,0
3920010,0,0,0,0,0,0,0,0,0,0
3920012,0,1,0,0,0,1,0,0,1,0
3920014,0,1,0,0,0,1,0,0,0,0
3920016,0,1,0,0,0,0,0,0,1,0
3920018,0,0,1,0,0,1,0,0,1,0
3920020,0,,1,0,0,1,0,0,1,0
3920022,0,0,0,0,0,0,0,0,0,0
3920024,0,0,0,0,0,1,0,0,0,0
3920026,0,0,0,0,0,1,0,0,1,0
3920028,0,0,0,1,0,0,0,0,0,0
3920030,0,0,1,1,0,0,0,1,1,0
3930002,0,0,0,0,0,0,0,0,1,0
3930004,0,0,0,0,0,0,0,0,1,0
3930006,0,0,1,,0,0,0,0,1,0
3930008,0,0,0,0,0,0,0,1,0,1
3930010,0,0,0,0,0,0,0,0,0,0
3930012,0,0,0,0,0,0,0,0,0,0
3930014,0,0,0,0,0,0,0,1,0,0
3930016,0,0,1,1,0,0,0,0,1,1
3930018,0,0,0,1,0,0,0,0,1,0
3930020,0,0,0,1,0,0,0,1,0,0
3930022,0,0,0,0,1,0,0,0,0,0
3930024,0,0,0,1,1,0,1,0,0,1
3930026,0,0,0,0,0,0,0,0,0,0
3930028,0,0,0,1,0,0,0,1,1,0
3930030,0,0,0,0,0,0,1,1,1,0
3940002,0,0,0,0,0,0,0,0,0,1
3940004,0,1,0,0,0,0,0,0,1,0
3940006,0,0,0,0,0,0,0,1,1,0
3940008,1,0,0,0,0,0,0,0,1,0
3940010,0,0,0,0,0,0,0,0,1,0
3940012,0,0,0,0,0,0,0,0,1,0
3940014,0,0,0,0,0,0,0,0,1,0
3940016,0,1,0,0,0,0,1,0,1,0
3940018,0,0,0,0,0,0,0,0,0,0
3940020,0,0,0,0,0,0,0,0,1,0
3940022,0,0,0,0,0,0,0,0,0,0
3940024,0,0,0,0,0,0,0,0,1,0
3940026,0,0,1,0,0,0,0,0,0,0
3940028,0,0,1,1,0,0,0,0,1,0
3940030,0,,0,0,0,0,0,0,1,0
3950002,0,1,0,0,0,0,0,0,0,0
3950004,0,0,0,0,0,0,0,0,1,0
3950006,0,0,0,0,0,1,0,0,0,0
3950008,0,0,0,0,0,0,0,0,0,0
3950010,0,0,1,0,0,0,0,0,1,0
3950012,0,1,0,0,0,0,0,0,0,0
3950014,0,0,0,1,0,1,1,0,1,0
3950016,0,0,0,0,0,0,0,0,1,0
3950018,0,0,0,0,0,0,0,0,1,0
3950020,0,0,0,0,0,0,0,0,0,0
3950022,0,0,0,0,0,0,0,0,0,0
3950024,0,0,1,0,0,0,0,0,0,0
3950026,0,0,0,0,0,0,0,0,0,0
3950028,0,0,0,0,0,0,0,0,1,0
3950030,0,1,1,1,0,0,1,0,1,0
3960002,0,0,0,1,0,0,1,0,1,0
3960004,0,0,0,0,0,0,0,0,1,0
3960006,0,0,0,0,0,0,0,0,1,0
3960008,0,0,0,0,0,0,0,0,1,0
3960010,0,0,0,0,0,0,0,0,1,0
3960012,0,0,0,0,0,0,0,0,1,0
3960014,0,0,0,0,0,0,0,0,1,0
3960016,0,0,0,0,0,0,1,1,0,0
3960018,0,0,0,1,0,0,0,0,0,0
3960020,0,0,0,0,0,0,0,0,1,0
3960022,0,0,1,0,0,0,1,0,1,0
3960024,0,0,0,1,0,0,1,1,0,0
3960026,0,1,1,0,0,0,0,0,1,0
3960028,0,0,0,0,0,0,0,0,1,0
3960030,0,0,0,0,0,0,0,0,1,0
3970002,0,0,0,1,0,0,0,0,1,0
3970004,0,0,0,0,0,0,0,0,0,0
3970006,0,0,0,0,0,0,0,0,0,0
3970008,0,0,0,1,0,0,1,1,0,0
3970010,0,0,1,0,0,0,1,1,1,0
3970012,0,0,0,0,0,0,0,0,0,0
3970014,0,0,0,0,0,0,0,0,0,0
3970016,0,0,1,0,0,0,0,0,1,0
3970018,0,0,0,0,0,0,1,1,0,0
3970020,1,0,0,1,0,0,1,1,1,0
3970022,0,0,1,0,0,0,0,0,0,0
3970024,0,1,0,0,0,0,0,0,1,0
3970026,0,0,0,0,0,0,0,0,0,0
3970028,0,0,1,0,0,0,0,0,1,0
3970030,0,0,0,1,0,0,0,0,1,1
3980002,0,0,0,1,0,0,0,1,1,0
3980004,0,0,0,0,0,0,0,0,0,1
3980006,0,1,1,0,0,0,0,1,0,0
3980008,0,0,1,1,0,0,1,0,0,0
3980010,1,0,0,0,0,0,0,0,0,0
3980012,0,0,1,0,0,0,0,0,1,0
3980014,0,0,0,0,0,0,0,0,1,0
3980016,0,0,0,0,0,0,1,1,1,1
3980018,0,1,0,1,0,0,1,0,0,0
3980020,0,0,1,1,0,0,0,0,0,0
3980022,0,1,0,,0,0,0,0,1,0
3980024,0,0,0,0,0,0,0,0,1,0
3980026,0,0,0,0,0,0,0,0,1,0
3980028,0,0,0,0,0,0,0,0,0,0
3980030,0,0,1,0,0,0,0,0,0,0
3990002,0,0,0,1,1,0,0,0,0,0
3990004,0,0,1,0,0,0,0,0,1,0
3990006,0,0,0,0,1,0,0,0,1,0
3990008,,,0,1,1,0,0,0,0,0
3990010,0,1,1,0,1,1,1,1,0,0
3990012,0,,0,0,0,0,0,0,0,0
3990014,0,0,0,0,0,0,0,0,0,0
3990016,0,0,1,0,0,0,0,0,1,0
3990018,0,0,0,0,0,0,0,0,1,0
3990020,0,0,0,0,0,0,0,0,1,0
3990022,0,0,1,0,0,0,0,0,0,0
3990024,0,1,0,1,1,0,1,0,1,0
3990026,0,0,0,1,0,0,1,0,1,0
3990028,0,0,1,0,1,0,1,0,1,0
3990030,0,0,1,0,1,0,0,0,0,0
4000002,0,1,0,0,0,0,0,0,0,0
4000004,0,0,0,0,0,0,1,0,0,0
4000006,0,0,0,0,0,0,0,0,1,0
4000008,0,0,0,0,0,0,0,0,1,0
4000010,0,0,1,0,0,0,0,0,0,0
4000012,0,0,0,0,0,0,0,0,0,0
4000014,0,0,0,0,0,0,0,0,0,0
4000016,0,0,0,0,0,0,1,0,0,0
4000018,1,1,0,0,0,0,0,0,0,0
4000020,0,0,0,0,0,0,0,0,1,0
4000022,0,0,0,0,0,0,0,0,1,0
4000024,1,1,1,0,0,0,0,0,0,0
4000026,0,1,0,0,0,0,0,0,0,0
4000028,0,0,1,0,0,0,0,0,1,0
4000030,0,1,0,1,0,0,0,0,0,0
4010002,0,0,0,0,0,0,0,0,0,0
4010004,0,1,0,0,0,0,0,0,0,0
4010006,0,0,0,0,0,0,0,0,0,0
4010008,0,0,0,0,0,0,0,0,1,0
4010010,0,0,1,1,0,0,0,0,0,0
4010012,,,0,0,0,0,0,0,1,1
4010014,0,0,0,0,0,0,0,0,0,0
4010016,0,0,0,0,0,0,0,0,0,0
4010018,0,0,0,0,0,0,0,0,0,0
4010020,0,0,0,0,0,0,0,0,1,0
4010022,0,0,0,0,0,1,0,0,0,0
4010024,0,0,0,0,0,0,0,0,0,0
4010026,0,0,0,0,0,0,0,0,0,0
4010028,0,1,0,0,0,0,0,0,0,0
4010030,0,0,0,0,0,0,0,0,1,0
4020002,0,0,0,1,0,0,1,0,0,0
4020004,0,0,0,1,0,0,0,0,1,0
4020006,0,0,1,0,0,0,0,0,0,0
4020008,0,0,0,0,0,0,0,0,0,0
4020010,0,1,0,0,0,0,0,1,0,0
4020012,0,0,0,0,0,0,0,0,1,0
4020014,0,0,0,0,0,0,0,1,1,0
4020016,0,1,0,0,0,0,0,0,1,0
4020018,0,0,0,0,0,0,0,0,0,0
4020020,0,0,0,1,0,0,1,0,0,0
4020022,0,0,0,0,0,0,1,0,1,0
4020024,0,0,0,1,0,0,1,0,1,0
4020026,0,0,0,0,0,0,1,0,0,0
4020028,0,0,0,0,0,0,0,0,0,0
4020030,1,0,0,1,0,0,0,0,0,0
4030002,0,1,0,0,0,0,0,0,0,0
4030004,0,0,1,0,0,0,0,0,0,0
4030006,0,1,0,0,0,0,0,0,0,0
4030008,0,0,0,1,0,1,0,0,0,0
4030010,0,1,0,0,0,0,0,0,1,0
4030012,0,1,0,0,0,0,0,0,0,0
4030014,0,0,0,1,0,0,0,0,0,0
4030016,0,1,1,0,0,0,0,0,0,0
4030018,0,0,0,0,0,0,0,0,1,0
4030020,0,0,0,0,0,0,0,0,0,0
4030022,0,0,0,0,0,0,0,0,0,0
4030024,0,0,0,0,0,0,1,0,0,0
4030026,0,0,0,0,0,0,1,0,0,0
4030028,0,0,0,0,0,0,0,0,0,0
4030030,0,0,1,0,0,0,0,1,1,0
4040002,0,0,0,0,0,0,0,0,0,0
4040004,1,1,1,0,0,0,1,0,1,0
4040006,0,0,0,0,0,0,1,0,0,0
4040008,0,0,0,0,0,0,0,0,1,0
4040010,0,0,0,1,0,0,1,0,0,1
4040012,0,0,1,0,0,0,1,0,1,0
4040014,0,0,0,1,0,0,0,0,1,0
4040016,0,0,1,0,0,0,0,0,1,0
4040018,0,1,0,0,0,0,0,0,1,0
4040020,0,0,0,0,0,0,0,0,1,0
4040022,0,0,1,1,0,0,0,0,0,0
4040024,1,0,0,1,0,0,1,1,1,0
4040026,0,0,0,1,0,0,1,0,1,0
4040028,0,0,0,1,0,0,0,0,1,0
4040030,0,0,1,0,0,0,0,0,0,0
4050002,0,0,0,0,0,0,0,1,1,0
4050004,0,0,0,0,0,0,1,0,1,0
4050006,0,0,0,0,0,0,0,1,0,0
4050008,0,0,0,0,0,0,0,1,1,0
4050010,0,0,0,0,0,0,0,1,1,1
4050012,0,0,0,1,0,0,0,0,0,0
4050014,0,0,0,0,0,0,0,0,0,0
4050016,0,0,1,0,0,0,0,0,1,0
4050018,0,0,0,0,0,0,1,0,1,0
4050020,0,0,0,0,0,0,0,0,0,0
4050022,0,0,0,0,0,0,0,0,1,0
4050024,0,0,0,0,0,0,0,0,1,0
4050026,0,0,0,0,0,0,0,0,1,0
4050028,0,0,0,0,0,0,0,0,1,0
4050030,0,1,0,0,0,0,0,0,0,0
4060002,0,0,0,0,0,0,1,0,1,0
4060004,0,0,1,0,0,0,1,0,1,0
4060006,0,1,0,0,0,0,0,0,1,0
4060008,0,0,0,0,0,0,1,0,1,0
4060010,0,0,1,0,0,0,0,0,1,0
4060012,,,0,0,0,0,0,0,1,0
4060014,0,0,0,0,0,0,0,0,1,0
4060016,0,1,0,0,0,0,1,0,1,1
4060018,0,0,0,0,0,0,0,0,1,0
4060020,0,0,0,0,0,0,0,0,1,0
4060022,0,0,0,0,0,0,0,0,0,0
4060024,0,0,1,0,0,0,0,0,1,0
4060026,0,0,0,0,0,0,0,0,1,0
4060028,0,0,0,0,0,0,0,0,0,0
4060030,1,0,0,0,0,0,0,0,1,0
4070002,0,0,0,1,0,0,1,1,1,0
4070004,0,0,0,1,0,0,0,0,0,0
4070006,0,1,1,0,0,0,0,0,1,0
4070008,0,0,0,,0,0,0,0,1,0
4070010,0,0,0,1,0,0,0,0,1,0
4070012,0,0,0,1,0,0,0,1,0,0
4070014,0,,0,0,0,0,1,0,1,0
4070016,0,0,0,0,0,0,1,0,0,0
4070018,0,0,0,0,0,0,0,0,0,0
4070020,0,0,1,0,0,0,0,0,0,0
4070022,0,1,0,0,0,0,1,0,0,0
4070024,0,0,0,0,0,0,0,0,0,0
4070026,0,0,0,1,1,0,1,1,1,0
4070028,0,0,1,0,0,0,0,1,1,0
4070030,0,0,0,0,0,0,0,0,1,0
4080002,0,0,0,0,0,0,0,0,1,0
4080004,0,0,0,0,0,0,0,0,0,0
4080006,0,0,0,0,0,0,1,0,1,0
4080008,0,0,0,0,0,0,0,0,0,0
4080010,0,0,0,0,0,0,0,0,1,0
4080012,0,0,0,0,0,0,0,0,0,0
4080014,0,0,0,0,0,0,0,0,0,0
4080016,0,0,1,0,0,0,0,0,0,0
4080018,0,0,0,0,0,0,0,0,0,0
4080020,0,0,0,0,0,0,0,0,1,0
4080022,0,0,1,0,0,0,0,0,0,0
4080024,0,0,0,0,0,0,0,0,0,0
4080026,0,1,0,0,0,0,0,0,1,0
4080028,0,0,0,1,0,1,0,0,0,0
4080030,0,0,0,0,0,0,0,0,0,0
4090002,0,0,0,0,0,0,0,0,1,0
4090004,0,0,0,1,0,0,0,1,1,1
4090006,0,0,0,1,0,0,0,0,1,0
4090008,0,0,0,1,0,0,0,0,1,0
4090010,0,0,0,1,0,0,0,0,1,0
4090012,0,0,1,0,0,0,0,0,1,0
4090014,0,0,1,1,0,0,0,0,1,0
4090016,0,0,1,1,0,1,1,0,1,0
4090018,0,0,1,1,0,0,0,0,1,0
4090020,0,0,0,0,0,0,0,0,1,0
4090022,0,1,1,0,0,0,0,0,0,0
4090024,0,0,0,0,0,0,0,0,1,0
4090026,0,0,0,0,0,0,0,0,0,0
4090028,0,0,0,0,0,0,0,1,0,0
4090030,0,1,1,0,0,1,0,0,1,0
4100002,0,0,0,1,0,0,0,1,1,0
4100004,0,0,0,1,0,1,1,0,1,0
4100006,0,0,0,0,0,1,0,1,1,0
4100008,0,0,0,0,0,0,0,1,1,0
4100010,0,0,0,1,0,1,0,1,1,0
4100012,0,0,1,1,0,0,0,0,0,0
4100014,0,0,1,0,0,0,0,0,1,0
4100016,0,0,0,0,0,1,1,0,1,0
4100018,0,1,1,0,0,1,0,0,0,0
4100020,0,0,0,1,0,1,1,0,1,0
4100022,0,0,1,1,0,0,1,0,0,0
4100024,0,1,0,0,0,0,1,0,0,0
4100026,0,0,0,0,0,0,0,0,0,0
4100028,0,0,0,0,0,0,0,0,1,0
4100030,0,0,1,,0,1,1,0,1,0
4110002,0,0,1,0,0,0,0,0,0,0
4110004,0,0,1,1,0,1,0,0,1,0
4110006,0,0,1,0,0,1,0,0,1,0
4110008,0,1,1,1,0,1,0,0,1,0
4110010,0,0,1,1,0,1,0,0,1,0
4110012,0,0,0,1,0,1,0,0,1,0
4110014,0,0,0,0,0,0,0,0,1,0
4110016,0,0,0,0,0,1,0,0,1,0
4110018,0,0,0,0,0,1,0,0,1,0
4110020,0,0,0,1,0,0,0,0,1,0
4110022,0,0,0,0,0,0,0,0,1,0
4110024,0,0,0,0,0,0,1,1,1,0
4110026,0,0,0,0,0,0,0,1,1,0
4110028,0,0,0,0,0,0,0,0,0,0
4110030,0,0,0,0,0,0,0,0,1,1
4120002,0,0,0,1,0,1,1,1,1,1
4120004,0,0,0,0,0,1,0,0,1,0
4120006,0,0,1,1,0,1,0,0,1,0
4120008,0,1,0,1,0,0,0,0,1,0
4120010,0,0,0,0,0,0,0,0,1,0
4120012,0,0,0,0,0,0,0,1,1,0
4120014,0,0,0,1,0,0,0,1,1,0
4120016,0,0,0,1,0,0,0,0,1,0
4120018,0,0,0,1,0,0,0,1,1,0
4120020,0,0,0,1,0,0,0,1,1,0
4120022,0,0,1,0,0,0,1,0,1,0
4120024,0,0,1,0,0,1,0,0,1,0
4120026,,,0,0,0,0,0,0,1,0
4120028,0,0,1,1,0,1,0,0,1,0
4120030,0,0,0,0,0,0,0,0,0,0
4130002,0,1,1,0,0,1,0,0,1,0
4130004,0,0,1,1,0,0,0,0,1,1
4130006,0,0,0,1,0,1,1,0,1,0
4130008,0,0,0,0,0,1,1,0,1,0
4130010,,1,0,0,0,1,0,0,1,0
4130012,0,0,0,1,0,1,0,1,1,0
4130014,0,0,0,0,0,1,0,0,1,0
4130016,0,0,0,0,0,1,0,1,1,0
4130018,0,0,0,1,0,1,0,1,1,0
4130020,0,0,0,1,0,1,0,0,1,0
4130022,0,0,0,0,0,0,0,0,1,0
4130024,0,0,1,0,0,1,0,0,1,0
4130026,0,0,1,0,0,0,0,0,1,0
4130028,0,0,0,0,0,0,0,0,1,0
4130030,0,0,1,0,0,0,0,1,1,0
4140002,0,1,0,0,0,0,0,0,0,0
4140004,0,0,0,0,0,0,0,0,0,0
4140006,0,0,0,0,0,0,0,0,0,0
4140008,0,0,0,0,0,0,0,1,1,0
4140010,0,0,0,0,0,0,0,0,0,0
4140012,0,0,1,0,0,0,0,0,1,0
4140014,0,1,1,0,0,0,0,0,0,0
4140016,0,0,0,1,0,0,0,0,0,0
4140018,0,0,0,1,0,0,0,0,0,0
4140020,0,1,0,0,0,0,0,0,0,0
4140022,0,0,0,0,0,0,0,0,0,0
4140024,0,1,0,0,0,0,0,0,1,0
4140026,0,0,0,0,0,0,0,0,0,0
4140028,0,0,0,0,0,0,0,0,0,0
4140030,0,1,1,0,0,0,0,0,0,0
4150002,0,0,0,0,0,1,1,1,1,0
4150004,0,0,0,0,0,0,0,0,1,0
4150006,0,0,0,0,0,1,0,0,0,0
4150008,0,0,0,0,0,0,0,0,1,0
4150010,0,0,0,0,0,0,0,0,1,0
4150012,0,0,0,0,0,0,0,1,1,0
4150014,0,0,0,1,0,0,0,1,1,0
4150016,0,0,0,0,0,0,0,1,0,0
4150018,0,0,0,1,0,0,0,1,0,0
4150020,0,0,0,0,0,0,0,1,1,0
4150022,0,0,1,1,0,0,1,0,1,1
4150024,0,0,0,0,0,0,0,0,0,0
4150026,0,0,1,0,0,0,0,0,1,0
4150028,0,1,0,0,0,0,0,0,1,0
4150030,0,0,1,0,0,0,0,0,1,0
4160002,0,0,0,1,0,1,0,0,1,0
4160004,0,0,0,0,0,0,0,0,1,0
4160006,0,0,0,1,0,0,0,1,1,0
4160008,0,1,0,1,0,1,0,0,1,0
4160010,0,0,0,0,0,1,0,0,1,0
4160012,0,0,1,0,0,1,0,0,1,0
4160014,0,1,0,0,0,1,0,0,1,0
4160016,0,0,0,0,0,1,0,0,1,0
4160018,0,0,0,1,0,1,0,0,1,0
4160020,0,0,1,0,0,0,0,0,1,0
4160022,0,0,0,1,0,0,0,1,1,0
4160024,0,0,0,0,0,0,0,0,1,0
4160026,0,0,1,1,0,0,1,1,1,1
4160028,0,0,0,0,0,0,0,0,1,0
4160030,0,1,0,0,0,1,1,0,1,0
4170002,0,1,0,1,0,1,0,1,1,0
4170004,0,0,0,1,0,0,1,1,1,0
4170006,0,1,0,0,0,0,1,1,0,0
4170008,0,0,0,0,0,0,0,0,1,0
4170010,0,0,0,1,0,0,0,1,1,0
4170012,0,1,0,0,0,0,0,0,1,0
4170014,0,0,0,0,0,0,1,0,1,0
4170016,0,0,0,1,0,0,0,0,1,1
4170018,0,0,0,1,0,0,0,0,1,0
4170020,1,1,0,1,0,0,0,0,0,0
4170022,0,1,0,0,0,0,0,0,0,0
4170024,0,0,0,1,0,0,0,0,1,0
4170026,0,1,1,1,0,0,0,0,1,0
4170028,,0,0,1,0,0,0,0,1,0
4170030,1,0,0,0,0,0,0,0,1,0
4180002,0,0,1,0,0,0,0,0,1,0
4180004,0,1,0,1,0,0,0,0,1,0
4180006,0,0,0,1,0,1,0,0,1,0
4180008,0,0,1,0,0,1,0,0,1,0
4180010,0,0,0,0,0,1,0,0,1,0
4180012,0,0,0,0,0,0,0,0,1,0
4180014,0,0,1,0,0,0,1,1,1,0
4180016,0,0,0,0,0,1,0,1,1,0
4180018,0,0,0,0,0,0,0,0,1,0
4180020,0,1,0,0,0,0,0,0,1,0
4180022,0,0,1,1,0,0,0,0,0,0
4180024,0,1,0,0,0,0,0,1,1,0
4180026,0,0,1,0,0,1,0,0,1,0
4180028,0,0,0,0,0,1,0,1,1,0
4180030,0,0,0,0,0,0,0,1,1,0
4190002,0,0,0,1,0,0,0,0,1,0
4190004,0,0,0,0,0,0,0,0,1,0
4190006,0,0,0,0,0,0,0,0,1,0
4190008,0,0,0,1,0,0,0,0,1,0
4190010,0,0,0,0,0,0,0,0,1,0
4190012,0,0,0,1,0,0,0,0,0,0
4190014,,0,1,0,0,0,1,0,0,0
4190016,0,0,0,0,0,0,0,0,0,0
4190018,0,0,0,0,0,1,1,0,1,0
4190020,0,0,0,0,0,1,0,0,0,0
4190022,0,0,0,1,0,1,1,0,1,1
4190024,0,0,0,0,0,1,0,0,1,0
4190026,0,0,0,0,0,0,0,0,0,0
4190028,0,0,0,1,0,1,0,0,1,0
4190030,0,0,1,0,0,0,1,0,1,0
4200002,0,0,0,0,0,0,0,0,1,0
4200004,0,0,0,0,0,1,0,0,1,0
4200006,0,0,0,1,0,1,0,0,1,0
4200008,0,0,0,,0,1,1,0,1,0
4200010,,0,0,0,0,1,0,0,1,0
4200012,0,0,0,1,0,0,0,0,1,0
4200014,,,1,0,0,0,0,0,1,0
4200016,0,0,1,0,0,0,1,1,1,0
4200018,0,0,0,0,0,0,0,0,1,0
4200020,0,0,0,1,0,0,0,0,1,0
4200022,0,0,0,1,0,0,0,0,1,0
4200024,0,0,0,0,0,0,0,1,1,0
4200026,0,0,0,1,0,0,0,0,1,0
4200028,0,0,0,0,0,0,0,0,1,0
4200030,0,0,0,0,0,0,0,0,1,0
4210002,0,0,0,1,0,1,0,0,1,1
4210004,0,0,1,1,0,0,0,0,1,0
4210006,0,0,0,0,0,0,0,0,1,0
4210008,0,0,0,1,0,0,0,0,1,1
4210010,0,0,0,0,0,0,0,0,1,0
4210012,0,0,0,0,0,0,1,0,1,0
4210014,0,0,0,1,0,0,0,0,1,0
4210016,0,0,0,0,0,0,0,0,1,0
4210018,0,0,1,1,0,0,0,0,1,0
4210020,0,0,0,1,0,0,0,0,1,0
4210022,0,1,1,0,0,0,1,0,1,0
4210024,0,0,0,1,0,0,1,0,1,0
4210026,,0,0,0,0,0,0,0,1,0
4210028,0,1,0,1,0,1,0,0,1,0
4210030,0,0,0,0,0,0,0,0,1,0
4220002,0,0,0,0,0,0,0,0,0,0
4220004,0,0,0,0,0,0,0,1,1,0
4220006,0,1,0,0,0,0,0,1,1,0
4220008,0,0,0,1,0,0,0,1,1,0
4220010,0,0,0,1,0,0,0,1,1,0
4220012,0,0,1,0,0,0,1,1,1,0
4220014,0,0,0,1,0,1,0,0,1,1
4220016,0,0,0,0,0,1,1,1,0,0
4220018,,0,0,0,0,1,1,0,1,0
4220020,0,0,0,0,0,1,1,1,1,0
4220022,0,0,0,1,0,0,0,1,1,0
4220024,0,0,0,0,0,0,0,0,1,0
4220026,0,0,1,1,0,1,0,1,1,1
4220028,0,0,0,1,0,0,1,1,1,0
4220030,,,1,1,0,0,1,0,1,0
4230002,0,0,1,0,0,1,0,0,1,0
4230004,0,0,0,0,0,0,0,0,1,0
4230006,0,0,0,0,0,1,0,0,1,0
4230008,0,0,0,1,0,1,0,1,1,1
4230010,0,0,1,1,0,1,0,0,1,0
4230012,0,0,0,0,0,0,0,1,1,0
4230014,0,0,0,0,0,0,0,0,1,0
4230016,0,0,0,0,0,0,0,0,1,0
4230018,0,0,0,1,0,0,0,0,1,0
4230020,0,0,0,0,0,0,0,0,1,0
4230022,0,0,0,0,0,1,0,0,1,0
4230024,0,0,0,0,0,1,0,0,1,0
4230026,0,0,0,1,0,0,0,0,1,0
4230028,0,0,0,1,0,1,1,0,1,1
4230030,0,0,0,0,0,1,0,0,1,0
4240002,0,0,0,0,0,0,0,0,1,0
4240004,0,0,0,0,0,1,1,0,1,0
4240006,0,0,0,1,1,1,1,1,1,1
4240008,0,0,0,0,0,1,1,0,0,0
4240010,0,0,0,0,0,0,0,1,1,0
4240012,,,1,1,1,0,1,1,1,0
4240014,0,1,0,0,0,1,1,0,1,0
4240016,0,0,0,1,0,1,0,0,1,0
4240018,0,0,0,1,0,1,0,0,0,0
4240020,0,1,0,1,0,0,0,0,1,0
4240022,0,0,0,0,0,0,0,0,1,0
4240024,0,0,0,0,0,0,0,0,0,0
4240026,0,0,0,0,0,0,0,0,1,0
4240028,0,1,0,0,0,0,0,0,0,0
4240030,0,0,0,1,0,0,0,1,1,0
4250002,0,0,1,1,0,0,0,0,1,0
4250004,0,0,0,1,0,0,1,0,1,1
4250006,0,0,1,0,0,1,0,0,1,0
4250008,0,0,1,0,0,0,0,0,1,0
4250010,0,0,1,1,0,0,0,0,1,0
4250012,0,0,0,0,0,0,0,0,0,0
4250014,0,0,0,1,0,0,0,1,1,0
4250016,0,0,0,0,0,0,0,1,1,0
4250018,0,0,0,0,0,0,0,0,1,0
4250020,0,1,0,1,0,0,0,1,1,0
4250022,0,0,0,,0,0,0,0,1,0
4250024,0,0,0,0,0,0,1,0,1,0
4250026,0,0,0,0,0,0,0,0,1,0
4250028,0,1,0,0,0,0,0,0,1,0
4250030,0,0,1,0,0,0,0,0,1,0
4260002,0,0,0,0,0,1,1,0,0,1
4260004,0,0,0,1,0,1,0,0,1,0
4260006,0,0,1,1,0,1,0,0,1,0
4260008,0,0,0,0,0,0,0,0,1,0
4260010,0,0,0,1,0,0,1,0,1,0
4260012,0,0,0,0,0,0,0,0,0,0
4260014,0,0,0,0,0,1,1,0,0,0
4260016,0,0,1,0,0,0,0,0,1,0
4260018,0,0,1,0,0,0,0,0,1,0
4260020,0,0,0,0,0,0,0,0,1,0
4260022,0,1,0,0,0,0,0,1,0,0
4260024,0,0,0,0,0,0,0,1,0,0
4260026,0,0,0,0,0,0,0,0,1,0
4260028,0,1,0,1,0,0,0,1,1,0
4260030,0,0,0,0,0,1,0,1,1,1
4270002,0,0,0,1,1,0,0,1,1,1
4270004,0,1,0,1,1,1,1,1,1,0
4270006,0,0,0,0,0,0,0,1,0,0
4270008,0,0,0,0,1,0,1,1,1,1
4270010,0,1,0,0,1,0,0,1,1,0
4270012,0,0,0,1,0,0,1,0,1,1
4270014,0,0,1,0,1,0,1,0,1,0
4270016,0,0,1,0,1,0,1,0,1,0
4270018,0,0,0,0,0,0,1,0,0,0
4270020,0,1,0,1,1,1,1,0,1,1
4270022,0,0,1,1,1,0,1,1,1,1
4270024,0,0,0,1,1,1,1,0,1,1
4270026,0,0,1,1,1,1,0,1,1,0
4270028,0,0,0,1,0,0,0,0,1,0
4270030,0,0,0,0,1,1,1,0,1,0
4280002,0,1,0,0,0,0,0,1,1,0
4280004,0,0,0,0,0,0,0,0,1,1
4280006,0,0,0,1,0,0,1,0,1,1
4280008,0,0,0,0,0,0,0,0,1,0
4280010,0,0,0,0,0,0,0,1,1,0
4280012,0,0,0,0,0,0,0,0,0,0
4280014,0,0,0,0,0,0,0,0,0,0
4280016,0,0,0,0,0,1,0,0,1,0
4280018,0,1,0,0,0,1,0,0,0,0
4280020,0,0,0,1,0,1,0,0,0,0
4280022,0,0,1,0,0,0,0,0,1,0
4280024,0,0,0,1,0,0,0,0,0,0
4280026,0,0,1,0,0,0,0,0,1,0
4280028,0,0,0,1,0,0,1,0,1,1
4280030,0,1,1,1,0,0,0,0,1,0
4290002,0,0,0,0,0,0,0,0,0,0
4290004,,,0,0,0,0,0,0,0,0
4290006,0,0,0,0,0,0,0,0,0,0
4290008,0,0,0,0,0,0,0,0,0,0
4290010,0,0,0,0,0,0,0,0,1,0
4290012,0,0,0,0,0,0,0,0,0,0
4290014,0,0,0,1,0,0,0,0,1,0
4290016,0,0,0,0,0,0,0,1,1,0
4290018,0,0,0,1,0,0,0,0,1,0
4290020,0,0,1,0,0,0,0,0,1,0
4290022,0,0,1,0,0,1,0,0,1,0
4290024,0,1,0,0,0,0,0,0,1,0
4290026,0,0,1,0,0,0,0,0,0,0
4290028,0,0,1,0,0,0,0,0,0,0
4290030,0,0,0,0,0,1,0,0,1,0
4300002,,,0,0,0,0,0,0,0,0
4300004,0,0,0,1,0,0,1,0,1,0
4300006,0,0,1,0,0,0,0,1,0,0
4300008,0,0,1,0,0,0,0,0,1,0
4300010,0,0,0,1,0,0,0,1,1,1
4300012,0,1,0,0,0,0,0,0,1,0
4300014,0,0,1,0,0,0,0,0,0,0
4300016,0,1,0,0,0,0,0,0,1,0
4300018,0,1,0,0,0,0,0,0,0,0
4300020,0,0,0,0,0,0,0,0,0,0
4300022,,,0,0,0,0,0,0,0,0
4300028,0,0,0,0,0,0,1,1,0,0
4300030,0,0,0,0,0,0,1,1,1,0
4310002,0,0,0,0,0,0,0,0,1,0
4310004,0,0,0,0,0,0,1,1,1,0
4310006,0,0,0,0,0,0,0,0,1,0
4310008,0,0,0,1,0,0,0,0,1,0
4310010,0,0,0,0,0,0,0,0,1,0
4310012,0,1,0,0,0,0,0,0,0,0
4310014,0,1,0,0,0,0,0,0,1,0
4310016,1,0,0,1,0,0,1,0,0,0
4310018,0,0,0,0,0,0,1,0,1,0
4310020,0,1,1,0,0,0,1,0,1,0
4310022,0,1,0,0,0,0,0,0,0,0
4310024,0,0,1,0,0,0,0,0,1,0
4310026,,,0,1,0,0,1,1,0,0
4310028,0,0,1,1,0,0,0,0,0,0
4310030,1,0,1,0,0,0,0,0,0,0
4320002,0,0,0,0,0,1,1,0,0,0
4320004,0,0,0,0,0,1,0,0,1,0
4320006,,0,0,0,0,1,1,0,0,0
4320008,0,0,0,1,0,1,1,0,0,0
4320010,0,1,1,1,0,1,0,0,0,0
4320012,0,0,0,1,0,1,1,1,1,0
4320014,0,0,0,0,0,1,1,1,1,0
4320016,0,0,1,0,0,1,1,0,1,0
4320018,0,0,0,0,0,1,1,1,1,0
4320020,0,0,0,1,0,1,0,0,1,0
4320022,0,0,0,0,0,1,0,0,1,0
4320024,0,0,0,1,0,1,0,0,1,0
4320026,0,0,0,0,0,1,0,0,1,0
4320028,0,0,0,0,0,1,0,0,1,0
4320030,0,0,0,1,0,1,1,0,1,0
4330002,0,0,0,0,0,1,0,0,1,0
4330004,0,0,0,1,0,1,0,0,1,0
4330006,0,0,0,1,0,1,0,1,1,0
4330008,0,0,0,0,0,1,0,0,1,0
4330010,0,0,0,1,0,1,0,0,1,0
4330012,0,0,0,0,0,0,1,1,1,1
4330014,0,0,0,0,0,1,1,1,1,1
4330016,0,0,0,0,0,0,0,0,1,0
4330018,,0,0,1,0,0,1,0,1,0
4330020,0,0,0,1,0,1,0,0,1,0
4330022,0,0,0,0,0,0,0,0,0,0
4330024,0,0,1,1,0,0,1,0,1,0
4330026,0,0,1,0,0,1,0,0,0,0
4330028,0,0,1,1,0,0,0,0,0,0
4330030,0,0,0,0,0,1,0,0,1,0
4340002,0,0,0,0,0,0,0,0,1,0
4340004,0,0,0,0,0,0,0,0,1,0
4340006,0,0,0,0,0,0,0,0,1,0
4340008,0,1,0,0,0,0,0,0,0,0
4340010,0,1,1,0,0,1,1,0,1,0
4340012,0,0,0,1,1,0,0,1,1,0
4340014,0,0,0,1,0,0,1,1,1,1
4340016,0,0,0,0,0,0,1,1,1,1
4340018,0,0,0,1,1,0,0,1,1,0
4340020,0,0,0,0,1,0,0,1,1,0
4340022,0,0,1,1,0,0,0,0,1,0
4340024,0,0,1,0,0,1,0,0,1,0
4340026,0,0,0,1,1,1,1,0,1,1
4340028,0,1,1,1,0,0,0,0,1,0
4340030,0,0,1,1,0,0,0,0,1,0
4350002,0,0,1,0,0,0,0,0,1,0
4350004,0,0,0,0,0,0,0,0,1,0
4350006,0,0,0,1,1,0,0,0,1,1
4350008,0,1,1,0,0,1,0,1,1,0
4350010,0,0,1,0,0,1,0,0,0,0
4350012,0,0,0,1,0,0,0,1,1,0
4350014,0,0,0,0,0,0,0,1,1,0
4350016,0,0,0,0,0,0,0,1,1,0
4350018,0,1,0,1,0,0,0,1,1,0
4350020,0,0,0,1,0,0,0,1,1,0
4350022,0,1,0,0,0,1,0,0,1,0
4350024,0,1,0,0,0,0,0,0,0,0
4350026,0,0,0,0,0,0,0,0,0,0
4350028,0,1,0,0,0,0,0,0,0,0
4350030,0,0,1,0,0,0,0,0,1,1
4360002,0,0,1,1,1,1,1,0,1,1
4360004,0,0,1,1,1,1,1,0,0,0
4360006,0,0,1,1,1,1,1,0,1,1
4360008,0,0,0,1,1,1,0,0,1,1
4360010,0,0,0,1,1,1,1,0,1,1
4360012,0,0,0,1,1,1,1,0,1,1
4360014,0,0,0,1,1,1,1,0,1,1
4360016,0,1,0,1,1,0,1,0,1,0
4360018,0,0,0,1,1,1,1,0,1,0
4360020,0,0,1,0,1,1,1,0,1,1
4360022,0,0,0,1,1,0,1,0,1,1
4360024,0,0,0,1,1,1,1,0,1,1
4360026,0,0,1,1,1,1,1,0,1,0
4360028,0,0,0,0,1,0,1,0,1,0
4360030,1,0,1,1,1,1,1,0,1,1
4370002,0,0,0,0,0,0,1,0,1,0
4370004,0,0,0,0,0,0,0,0,1,0
4370006,0,1,0,1,1,0,1,0,1,1
4370008,0,0,0,0,1,1,1,1,1,0
4370010,0,0,0,1,1,0,0,0,1,1
4370012,0,0,0,0,1,0,0,0,1,0
4370014,0,1,0,1,1,0,1,0,1,1
4370016,0,1,0,1,1,0,1,0,1,0
4370018,0,0,1,1,1,0,1,0,1,1
4370020,0,0,0,0,1,0,1,0,1,0
4370022,0,0,0,1,0,0,0,0,1,0
4370024,0,0,0,0,0,0,0,0,1,0
4370026,0,1,0,1,1,0,0,0,1,0
4370028,0,0,0,1,1,0,0,0,1,1
4370030,0,1,1,1,1,0,0,0,1,1
4380002,0,,0,0,0,0,0,0,0,0
4380004,0,0,1,0,0,0,0,0,0,0
4380006,0,0,0,1,1,0,0,0,1,1
4380008,0,1,0,1,0,0,1,0,1,0
4380010,0,0,0,0,0,1,1,0,0,0
4380012,0,0,0,0,0,0,0,0,0,0
4380014,0,0,0,1,0,0,0,0,0,1
4380016,0,1,0,0,0,0,0,0,0,0
4380018,0,0,0,0,0,0,0,0,1,0
4380020,0,0,0,1,0,0,1,1,0,0
4380022,0,1,0,0,0,0,1,1,0,0
4380024,0,0,0,1,0,0,1,1,1,1
4380026,0,0,0,1,0,0,1,0,1,0
4380028,0,0,0,1,0,0,0,1,1,0
4380030,0,1,0,0,0,0,0,0,0,1
4390002,0,0,0,0,0,0,0,0,0,0
4390004,0,0,0,0,0,0,0,0,0,0
4390006,0,1,0,0,0,0,0,0,0,0
4390008,0,0,0,0,0,0,0,0,0,0
4390010,0,0,0,0,0,0,0,0,0,0
4390012,0,0,0,0,0,0,0,0,0,0
4390014,0,1,0,0,0,0,0,0,0,0
4390016,0,0,0,0,0,0,0,0,0,0
4390018,0,0,0,0,0,0,0,0,0,0
4390020,0,1,0,0,0,0,0,0,0,0
4390022,0,0,0,0,0,0,0,0,0,0
4390024,0,0,0,0,0,0,0,0,0,1
4390026,0,0,0,0,0,0,0,0,0,0
4390028,0,0,0,0,0,0,0,0,0,0
4390030,0,0,0,0,0,0,0,0,0,0
4400002,0,0,0,0,0,0,0,0,0,0
4400004,0,0,0,0,0,0,0,0,0,0
4400006,0,1,0,0,0,0,0,0,0,0
4400008,0,0,0,0,0,0,0,0,0,0
4400010,0,1,0,0,0,0,0,0,0,0
4400012,0,0,0,0,0,0,0,0,0,0
4400014,0,0,0,0,0,0,0,0,0,0
4400016,0,0,0,0,0,0,0,0,0,0
4400018,0,0,0,0,0,0,0,0,0,0
4400020,0,0,0,0,0,0,0,0,0,0
4400022,0,0,0,0,0,0,0,0,0,0
4400024,0,0,0,0,0,0,0,0,0,0
4400026,0,0,0,0,0,0,0,0,0,0
4400028,0,0,0,0,0,0,0,0,0,1
4400030,0,1,0,0,0,0,0,0,0,0
4410002,0,0,0,0,0,0,0,0,0,0
4410004,0,0,0,0,0,0,0,0,0,0
4410006,0,0,0,1,0,0,0,0,0,0
4410008,0,0,0,0,0,0,0,0,0,0
4410010,0,0,0,0,0,0,0,0,0,0
4410012,0,0,0,0,0,0,0,0,0,0
4410014,0,0,0,0,0,0,0,0,0,0
4410016,0,1,0,0,0,0,0,0,0,0
4410018,0,1,0,0,0,0,0,0,0,0
4410020,0,1,0,0,0,0,0,1,0,0
4410022,0,0,0,0,0,0,0,0,0,0
4410024,0,0,0,0,0,0,0,0,0,0
4410026,0,0,0,0,0,0,0,0,0,0
4410028,0,0,0,0,0,0,0,0,0,0
4410030,0,0,0,0,0,0,0,0,0,0
4420002,0,0,0,1,0,0,0,0,1,0
4420004,,0,0,0,0,0,0,0,0,1
4420006,0,0,0,0,0,0,0,0,1,0
4420008,0,,0,0,0,0,0,0,0,1
4420010,0,0,0,0,0,1,0,0,1,1
4420012,0,0,0,0,0,0,1,0,1,1
4420014,0,0,0,0,0,0,0,0,1,0
4420016,1,0,0,1,1,0,1,0,1,1
4420018,0,0,0,0,1,1,1,0,1,0
4420020,1,1,1,1,0,0,1,0,1,1
4420022,0,0,0,0,0,1,1,0,1,0
4420024,0,0,0,1,0,1,1,0,1,0
4420026,0,0,0,1,0,0,1,0,1,1
4420028,0,1,0,1,0,0,1,0,1,1
4420030,0,0,0,1,0,0,1,0,0,0
4430002,0,0,0,1,0,0,0,0,1,0
4430004,0,0,0,0,0,0,0,0,0,0
4430006,0,0,0,0,0,0,0,0,0,0
4430008,0,0,0,0,0,0,0,0,0,0
4430010,0,0,0,0,0,0,0,0,1,0
4430012,0,0,0,1,0,0,1,0,1,1
4430014,0,0,0,1,0,0,0,0,1,0
4430016,0,0,0,0,0,0,0,0,0,0
4430018,0,0,0,0,0,0,0,0,0,0
4430020,0,0,0,0,0,0,0,0,0,0
4430022,0,0,0,0,0,0,0,0,0,0
4430024,0,1,0,0,0,0,0,0,0,0
4430026,0,0,0,0,0,0,0,0,0,1
4430028,0,1,0,0,0,0,0,0,0,0
4430030,0,0,0,0,0,0,0,0,0,0
4440002,0,0,0,0,0,1,0,0,0,0
4440004,0,0,0,0,0,0,0,0,0,0
4440006,0,0,0,1,0,1,1,1,0,1
4440008,0,0,0,0,0,0,0,0,0,0
4440010,0,0,0,0,0,1,1,0,1,0
4440012,0,0,1,0,0,0,0,0,1,0
4440014,0,1,0,0,0,0,0,0,1,0
4440016,0,0,0,0,0,1,0,1,0,0
4440018,0,0,0,0,0,0,0,0,1,0
4440020,0,0,0,1,0,0,1,0,1,0
4440022,0,0,0,1,0,0,1,0,0,0
4440024,0,0,0,0,0,0,0,0,0,0
4440026,0,0,0,0,0,0,0,0,0,0
4440028,0,0,0,0,0,0,0,0,1,0
4440030,0,0,1,0,0,0,0,0,1,0
4450002,0,0,0,0,1,0,1,0,1,0
4450004,0,1,0,1,1,1,1,0,1,0
4450006,0,0,1,1,1,1,1,0,1,1
4450008,0,0,0,1,0,0,0,0,1,1
4450010,0,0,0,1,1,0,0,0,1,1
4450012,0,0,0,0,1,0,0,0,1,0
4450014,0,0,0,0,1,0,0,0,1,0
4450016,0,0,0,0,1,0,0,0,1,0
4450018,0,1,0,1,1,0,1,0,1,0
4450020,0,0,0,0,1,0,0,0,1,0
4450022,0,0,0,0,1,0,0,0,1,0
4450024,0,1,0,1,1,1,1,0,1,1
4450026,0,1,0,1,1,1,1,0,1,1
4450028,0,0,1,1,1,0,1,0,1,1
4450030,0,0,0,0,1,1,0,0,1,0
4460002,0,0,0,0,1,1,0,0,1,0
4460004,0,0,0,0,1,1,1,0,1,0
4460006,0,,1,0,0,1,1,0,1,0
4460008,0,0,1,1,1,0,1,0,1,0
4460010,0,0,0,0,1,1,1,0,1,1
4460012,0,0,0,0,1,1,1,0,1,1
4460014,0,0,1,1,1,1,1,0,1,1
4460016,0,0,0,0,0,0,0,0,0,0
4460018,0,0,0,0,0,1,0,0,1,0
4460020,0,,0,0,0,0,1,0,0,0
4460022,0,0,1,0,0,0,0,0,0,0
4460024,0,0,0,0,1,1,1,1,1,0
4460026,0,0,0,1,0,1,1,0,1,1
4460028,0,0,0,0,0,0,0,0,0,0
4460030,0,1,0,0,0,0,0,0,0,0
4470002,0,1,0,0,0,0,0,0,1,0
4470004,0,0,0,0,0,0,1,0,1,0
4470006,0,0,0,0,0,0,0,1,0,1
4470008,0,1,0,1,0,0,1,0,1,0
4470010,1,0,0,0,0,0,0,0,1,0
4470012,0,1,0,0,0,1,0,1,0,0
4470014,0,0,0,0,0,1,0,0,1,0
4470016,0,1,0,0,0,1,1,0,1,1
4470018,0,0,0,1,0,0,0,0,1,1
4470020,0,0,0,1,1,1,1,0,1,1
4470022,0,0,0,1,1,1,1,0,1,1
4470024,0,1,0,0,1,1,1,0,1,0
4470028,0,0,0,1,1,0,1,0,1,0
4470030,0,0,0,0,1,0,1,0,1,0
4480002,0,0,0,0,0,0,0,0,1,0
4480004,0,0,0,0,0,0,0,0,1,0
4480006,0,0,0,0,0,0,0,0,1,0
4480010,0,0,0,0,0,0,0,0,0,0
4480012,0,0,0,0,0,1,1,1,0,0
4480014,0,0,0,1,1,1,1,0,0,0
4480016,0,0,0,0,0,0,1,1,0,0
4480018,0,0,0,0,0,0,1,0,1,0
4480020,0,0,0,0,0,1,0,0,0,0
4480022,0,0,0,0,0,0,0,0,1,0
4480024,0,0,0,1,0,1,1,0,0,0
4480026,0,0,0,0,0,1,0,0,1,1
4480028,0,1,0,0,0,1,0,0,1,0
4480030,0,0,0,0,0,0,0,0,1,0
4490002,0,1,0,0,1,1,1,1,1,0
4490004,0,1,0,1,1,1,0,0,1,0
4490006,0,0,0,0,1,1,1,0,1,0
4490008,0,0,0,0,1,1,0,0,1,0
4490010,0,0,0,1,1,1,1,0,1,1
4490012,0,0,0,1,1,0,1,1,1,1
4490014,0,0,1,0,1,1,0,0,1,0
4490016,0,0,0,1,1,1,1,0,1,0
4490018,0,1,1,0,1,0,1,0,1,1
4490020,0,0,0,0,1,1,1,0,1,1
4490022,0,0,0,1,1,1,1,0,1,1
4490024,0,0,0,1,1,1,1,0,1,0
4490026,0,0,0,1,1,1,1,0,1,1
4490028,0,0,0,1,1,1,1,0,1,1
4490030,0,0,0,1,1,1,1,0,1,1
4500002,0,1,1,0,1,1,1,1,1,1
4500004,0,0,0,0,0,1,0,0,1,0
4500006,0,0,0,0,0,0,1,1,1,1
4500008,0,0,0,0,0,0,0,0,1,0
4500010,0,0,0,1,1,1,1,1,1,1
4500012,0,0,0,1,1,0,1,0,1,0
4500014,0,1,1,0,1,1,1,1,1,1
4500016,,0,0,1,1,1,1,1,1,1
4500018,0,1,1,1,1,0,1,1,1,0
4500020,0,0,1,1,1,1,1,0,1,1
4500022,0,0,0,1,0,1,0,0,1,0
4500024,0,0,0,0,1,1,0,1,1,0
4500026,0,0,0,1,1,0,1,0,1,1
4500028,0,0,1,1,1,1,0,0,1,0
4500030,0,0,1,1,1,0,1,0,1,0
4510002,0,1,0,0,0,1,1,0,1,1
4510004,0,0,1,0,1,1,1,0,1,1
4510006,0,1,0,0,0,0,0,0,0,0
4510008,0,0,0,1,1,1,1,0,1,1
4510010,0,0,0,0,0,0,0,0,1,0
4510012,0,0,0,0,1,0,1,0,1,0
4510014,0,0,0,0,1,1,1,0,1,0
4510016,0,0,0,0,1,0,0,1,1,0
4510018,0,0,0,0,1,0,1,0,1,0
4510020,0,1,0,0,1,0,1,0,1,0
4510022,0,0,1,1,1,1,1,0,1,1
4510024,0,0,0,0,1,1,1,0,1,0
4510028,0,1,0,1,1,1,1,0,1,0
4510030,0,0,0,0,1,1,1,0,1,0
4520002,0,0,0,1,1,1,1,0,1,0
4520004,0,0,0,1,1,1,1,0,1,1
4520006,0,0,0,0,1,1,1,0,1,1
4520008,0,0,1,1,1,1,1,0,1,0
4520010,0,0,1,1,1,1,1,0,1,0
4520012,0,0,0,0,1,1,1,0,1,1
4520014,0,0,0,0,1,1,1,0,1,0
4520016,0,0,1,0,1,1,1,0,1,1
4520018,0,0,1,0,1,1,1,0,1,0
4520020,0,0,0,1,1,1,1,0,1,0
4520022,0,0,0,1,1,1,1,0,1,0
4520024,0,0,0,1,1,1,1,0,1,1
4520026,0,0,0,0,1,1,1,0,1,0
4520028,0,1,1,1,1,1,1,0,1,0
4520030,0,0,0,0,1,1,1,0,1,0
4530002,0,0,1,0,1,1,0,1,1,1
4530004,0,0,0,0,0,0,0,0,1,0
4530006,0,0,0,1,0,1,1,1,1,1
4530008,0,0,0,0,0,1,0,0,1,0
4530010,0,1,0,0,0,1,1,0,1,0
4530012,0,0,0,0,0,0,1,0,0,1
4530014,0,0,0,1,0,1,1,0,1,1
4530016,0,0,0,0,0,1,1,0,1,0
4530018,0,0,1,1,0,0,1,0,1,0
4530020,0,0,1,0,1,1,0,0,1,0
4530022,0,0,1,1,0,1,1,0,1,0
4530024,0,0,0,0,0,0,1,0,1,0
4530026,0,1,0,1,0,1,1,0,1,0
4530028,0,0,0,0,0,0,0,0,1,0
4530030,0,1,0,0,0,0,1,0,0,0
4540002,0,0,0,0,0,0,0,1,1,0
4540004,0,0,1,0,1,1,0,0,1,0
4540006,0,0,0,0,0,0,0,0,0,0
4540008,0,0,0,0,0,0,0,0,0,0
4540010,0,,0,1,0,0,0,1,1,1
4540012,0,0,0,1,0,0,1,1,1,0
4540014,0,0,0,1,1,1,1,0,1,1
4540016,0,0,0,1,1,0,1,0,1,0
4540018,0,0,1,1,0,0,0,1,1,0
4540020,0,1,0,0,0,0,0,0,1,0
4540022,0,0,0,1,0,0,1,0,1,1
4540024,0,0,1,1,0,0,0,1,1,0
4540026,0,0,1,0,0,0,1,0,1,0
4540028,0,0,0,0,1,0,1,0,1,0
4540030,0,0,0,0,0,0,0,0,1,0
4550002,0,0,0,0,0,1,1,1,1,0
4550004,0,0,0,1,0,0,0,0,1,0
4550006,0,0,0,1,0,1,1,0,1,0
4550008,0,0,0,0,0,0,0,0,1,0
4550010,0,0,0,0,0,0,0,0,1,0
4550012,0,0,0,0,0,0,0,0,1,1
4550014,0,0,1,0,0,0,0,0,1,0
4550016,0,1,1,1,0,0,1,1,1,0
4550018,0,0,0,1,0,0,0,0,1,0
4550020,0,,1,0,0,0,1,0,1,0
4550022,0,0,0,1,1,1,0,0,1,0
4550024,0,0,0,0,0,1,1,0,1,0
4550026,0,1,0,0,0,0,0,0,1,0
4550028,0,0,0,0,1,0,0,0,1,0
4550030,0,1,0,0,0,1,0,0,1,0
4560002,0,1,0,0,0,0,0,0,0,0
4560004,0,0,1,1,0,0,1,0,1,1
4560006,0,0,1,0,0,1,1,0,1,1
4560008,0,1,0,0,0,1,1,0,1,0
4560010,0,1,0,0,0,1,0,0,1,1
4560012,0,0,0,0,0,0,0,0,1,0
4560014,0,0,0,1,0,1,1,0,1,1
4560016,0,0,0,1,0,1,1,0,1,1
4560018,0,0,0,0,0,1,1,0,1,0
4560020,0,0,0,1,0,1,1,0,1,1
4560022,0,0,0,1,0,1,1,0,1,0
4560024,0,0,0,0,0,1,0,0,1,0
4560026,0,0,0,0,0,0,0,0,1,0
4560028,0,0,0,0,0,0,0,0,1,0
4560030,0,0,0,0,0,0,0,0,0,1
4570002,0,0,0,0,1,1,1,0,1,0
4570004,0,1,0,0,1,1,1,0,1,0
4570006,0,1,0,1,1,1,0,0,1,1
4570008,0,0,0,0,1,1,1,0,1,0
4570010,0,0,0,1,1,1,1,0,1,0
4570012,0,0,1,0,1,1,1,0,1,0
4570014,0,0,1,1,1,1,1,0,1,1
4570016,0,0,0,1,1,1,1,0,1,1
4570018,0,1,0,1,1,1,0,0,1,1
4570020,0,0,0,1,1,1,1,0,1,1
4570022,0,0,0,0,1,1,1,0,1,1
4570024,0,0,0,1,1,1,1,0,1,0
4570026,0,0,0,1,1,1,1,0,1,1
4570028,0,1,0,1,1,1,1,0,1,1
4570030,0,0,1,1,1,1,1,0,1,0
4580002,0,0,1,1,1,1,1,0,1,0
4580004,0,0,0,1,1,1,0,0,1,1
4580006,1,0,0,1,1,1,1,0,0,0
4580008,0,0,0,1,1,1,1,0,1,0
4580010,0,0,1,1,1,1,1,0,1,0
4580012,1,0,1,1,1,1,1,1,0,1
4580014,0,0,1,1,1,1,1,0,1,1
4580016,0,0,0,0,1,1,1,0,1,0
4580018,0,1,1,0,1,1,1,0,1,1
4580020,0,0,0,1,1,1,1,0,1,0
4580022,0,0,0,1,1,1,1,0,1,0
4580024,0,0,0,1,1,1,1,0,1,1
4580026,0,0,0,1,1,1,1,0,1,1
4580028,0,0,0,1,1,1,1,0,1,1
4580030,0,1,0,1,1,1,1,0,1,1
4590002,0,0,0,1,1,1,1,0,1,0
4590004,0,1,0,0,0,0,1,1,1,0
4590006,0,0,0,0,1,0,1,0,1,0
4590008,0,0,0,0,1,1,0,0,1,1
4590010,0,0,0,0,1,0,1,0,1,0
4590012,0,0,0,1,1,0,0,0,1,1
4590014,0,0,0,0,1,1,1,0,1,1
4590016,0,1,0,1,1,1,0,0,1,0
4590018,0,1,0,1,1,1,1,0,1,1
4590020,0,0,0,1,1,1,1,0,1,0
4590022,0,0,0,1,1,1,0,0,1,1
4590024,0,0,0,1,0,0,0,0,1,0
4590026,0,0,0,1,1,0,0,0,1,0
4590028,0,0,0,0,1,1,1,0,1,1
4590030,0,0,0,1,0,1,1,0,1,0
4600002,0,0,0,0,1,1,0,0,1,0
4600004,0,0,0,0,1,1,0,0,1,0
4600006,0,0,0,1,1,0,0,0,1,0
4600008,0,0,0,1,1,1,0,0,1,0
4600010,0,0,0,1,1,1,0,0,1,0
4600012,0,0,0,1,1,1,0,0,1,1
4600014,0,0,0,1,1,0,0,0,1,1
4600016,0,0,0,1,1,1,0,1,1,1
4600018,0,0,1,1,1,0,1,1,1,1
4600020,0,0,0,1,1,1,1,0,1,0
4600022,0,1,1,1,1,1,1,0,1,1
4600024,0,0,0,1,1,0,0,0,1,0
4600026,0,0,0,1,1,0,0,0,1,1
4600028,0,0,0,1,1,1,1,0,1,0
4600030,0,0,0,0,1,1,0,0,1,0
4610002,0,0,0,1,1,0,1,0,1,1
4610004,0,0,1,1,1,1,1,1,1,1
4610006,0,0,0,0,1,0,1,0,1,0
4610008,0,0,0,1,1,0,0,0,1,0
4610010,0,0,0,0,1,0,1,0,1,0
4610012,0,0,0,1,1,0,1,0,1,0
4610014,0,1,0,0,1,0,1,0,1,0
4610016,0,0,1,1,1,1,1,0,1,1
4610018,0,0,0,1,1,1,1,0,1,1
4610020,0,1,0,1,1,0,1,0,1,1
4610022,0,0,1,1,1,0,1,1,1,1
4610024,0,1,0,1,1,0,1,0,1,0
4610026,0,0,0,1,1,0,1,0,1,1
4610028,0,0,0,0,1,1,1,1,1,1
4610030,0,0,0,1,1,0,1,0,1,0
4620002,0,0,0,0,1,0,1,0,1,1
4620004,0,0,1,0,1,1,1,0,1,0
4620006,0,1,0,0,1,0,0,0,1,1
4620008,0,0,0,0,0,1,1,0,1,0
4620010,0,0,0,0,1,1,1,0,1,0
4620012,0,0,0,1,0,1,0,0,1,0
4620014,0,1,1,0,0,0,1,0,1,1
4620016,0,1,0,1,1,1,1,0,1,0
4620018,0,0,0,1,1,1,1,0,1,0
4620020,0,0,0,0,1,1,1,0,1,1
4620022,0,0,0,1,0,1,1,0,1,1
4620024,0,0,1,1,1,1,1,0,1,1
4620026,0,0,0,1,1,1,1,0,1,1
4620028,0,0,0,0,1,0,1,1,1,0
4620030,0,0,0,1,1,0,1,0,1,0
4630002,0,0,0,1,0,0,0,0,1,1
4630004,0,0,0,1,1,0,1,0,0,1
4630006,0,0,1,0,0,0,0,0,1,0
4630008,0,1,0,1,0,0,0,0,1,0
4630010,0,0,0,1,0,0,1,1,1,0
4630012,0,0,0,1,0,0,0,0,1,1
4630014,0,1,0,1,0,0,1,0,1,0
4630016,0,0,0,1,1,0,1,1,1,0
4630018,0,0,1,0,0,0,0,0,1,0
4630020,0,,0,1,0,0,1,0,0,0
4630024,0,0,1,0,0,0,0,0,1,0
4630026,0,0,0,1,0,0,0,0,1,0
4630028,0,0,0,1,0,0,1,0,1,0
4630030,0,0,0,0,0,0,0,0,1,0
4640002,0,0,0,0,0,0,0,0,1,0
4640004,0,0,0,0,0,0,0,0,1,0
4640006,0,0,1,0,0,0,0,0,1,0
4640008,0,0,0,1,0,1,0,0,1,0
4640010,0,0,0,0,0,0,0,0,0,0
4640012,0,0,0,0,0,0,0,0,0,0
4640014,0,1,0,0,0,0,0,0,1,0
4640016,0,0,0,0,0,0,0,0,1,0
4640018,0,0,1,0,0,0,0,0,1,0
4640020,0,0,0,0,0,0,0,0,0,0
4640022,0,0,0,1,0,0,0,1,1,0
4640024,0,0,1,0,0,0,0,0,0,0
4640026,0,0,0,1,0,0,1,0,1,1
4640028,0,0,0,0,0,0,0,0,0,0
4640030,0,0,1,0,0,0,0,0,0,0
4650002,0,1,0,0,0,0,1,0,1,0
4650004,0,0,0,0,0,0,1,0,0,0
4650006,0,0,1,1,0,0,0,0,1,0
4650008,0,0,0,0,0,0,0,0,1,0
4650010,0,0,0,0,0,0,0,1,1,0
4650012,0,0,1,0,0,0,0,0,1,0
4650014,0,0,0,0,0,0,0,0,1,0
4650016,0,0,0,1,0,0,0,0,0,0
4650018,0,0,0,1,0,0,0,0,1,0
4650020,0,0,0,0,0,0,0,0,1,0
4650022,0,0,0,1,0,0,1,1,1,0
4650024,0,1,0,0,0,0,0,0,1,1
4650026,0,0,0,0,0,0,0,0,1,0
4650028,0,0,0,0,0,0,0,1,1,0
4650030,0,1,1,0,0,0,0,0,1,0
4660002,0,0,0,1,0,0,0,0,1,0
4660004,0,0,0,0,0,0,0,0,1,0
4660006,0,0,0,1,0,0,1,1,1,1
4660008,0,1,0,0,0,0,1,1,1,0
4660010,0,0,1,0,0,0,1,1,1,1
4660012,0,0,1,0,0,0,0,0,1,0
4660014,0,0,0,0,0,0,1,1,1,0
4660016,0,0,0,0,1,0,1,0,1,0
4660018,0,0,0,0,0,0,0,1,1,0
4660020,0,0,0,1,0,0,0,0,1,0
4660022,0,0,0,1,0,0,0,1,1,0
4660024,0,1,1,1,0,0,0,1,1,0
4660026,0,0,0,1,0,0,0,0,1,1
4660028,0,0,0,0,0,0,1,1,1,0
4660030,0,1,0,1,0,0,0,1,1,1
4670002,0,0,0,0,0,0,0,0,1,0
4670004,0,0,0,1,0,0,1,1,1,0
4670006,0,0,0,0,0,0,0,0,1,0
4670008,0,0,0,1,0,0,0,0,1,0
4670010,0,0,0,0,0,0,0,1,1,0
4670012,0,1,1,0,0,0,0,0,1,0
4670014,0,0,0,0,0,0,1,0,1,1
4670016,0,0,0,0,0,0,0,1,1,0
4670018,0,0,0,1,0,0,1,0,1,1
4670020,0,1,0,1,0,1,1,0,1,0
4670022,0,0,0,0,0,0,0,1,1,0
4670024,0,0,0,0,0,0,1,0,1,0
4670026,0,0,0,0,0,0,0,0,1,0
4670028,0,0,0,1,0,0,0,1,1,0
4670030,0,0,1,1,0,1,1,1,1,0
4680002,0,0,0,0,0,0,1,0,1,1
4680004,0,0,0,0,1,0,0,1,1,0
4680006,0,0,0,0,0,1,0,0,1,0
4680008,0,0,0,1,0,0,1,0,1,0
4680010,0,0,0,0,0,0,0,1,1,0
4680012,0,0,1,0,0,0,0,0,1,0
4680014,0,1,0,0,0,0,0,0,1,0
4680016,0,0,0,0,0,0,0,0,1,0
4680018,0,1,1,0,0,0,0,0,1,0
4680020,0,0,1,1,0,0,0,0,1,0
4680022,0,0,0,1,0,1,0,1,1,0
4680024,0,0,1,0,0,0,0,0,1,0
4680026,0,1,0,1,1,1,0,0,1,0
4680028,0,0,0,0,0,0,1,0,1,0
4680030,0,0,0,1,0,1,0,0,1,1
4690002,0,0,0,0,0,0,0,1,1,0
4690004,0,0,0,0,0,0,0,1,1,1
4690006,0,0,0,0,0,0,0,0,1,0
4690008,0,1,0,0,0,0,0,0,1,0
4690010,0,0,0,0,0,0,0,1,1,0
4690012,0,0,1,0,0,0,0,1,1,0
4690014,0,0,0,0,0,0,1,1,1,0
4690016,0,1,0,0,0,0,0,1,1,0
4690018,0,0,0,1,0,0,0,0,1,0
4690020,0,0,1,1,1,0,1,1,1,0
4690022,0,0,0,1,1,0,1,1,1,0
4690024,0,0,0,0,1,0,0,0,1,0
4690026,0,0,0,0,0,0,0,0,1,0
4690028,0,1,0,1,0,0,0,1,1,0
4690030,0,1,0,0,1,0,0,0,1,1
4700002,0,0,0,0,1,0,1,0,1,0
4700004,0,0,0,1,1,0,1,1,1,0
4700006,0,0,1,0,0,0,0,0,1,0
4700008,0,0,0,0,0,1,0,0,1,0
4700010,0,0,0,1,0,0,0,1,1,0
4700012,0,0,0,0,0,0,0,0,1,0
4700014,0,,0,0,0,0,0,0,1,0
4700016,0,0,0,1,0,1,0,1,1,0
4700018,0,0,1,0,0,1,0,0,1,0
4700020,0,1,0,0,0,0,0,0,0,0
4700022,0,0,0,0,0,0,0,1,1,0
4700024,0,0,0,1,0,0,0,0,1,1
4700026,0,1,0,0,0,0,1,0,1,0
4700028,0,0,0,1,0,0,0,1,1,0
4700030,0,0,1,0,1,1,1,0,1,0
4710002,0,0,0,0,0,0,0,0,0,0
4710004,0,0,0,1,0,0,0,0,0,0
4710006,0,0,1,0,0,0,0,0,0,0
4710008,0,0,0,0,0,0,0,0,0,0
4710010,0,0,0,0,0,0,0,0,1,0
4710012,0,,0,0,0,0,0,0,0,0
4710014,0,0,0,0,0,0,0,0,1,0
4710016,0,0,0,0,0,0,0,0,1,0
4710018,0,0,0,0,0,0,0,0,0,0
4710020,0,0,0,0,0,0,0,0,1,0
4710022,0,0,0,0,0,0,0,0,0,0
4710024,0,0,1,0,0,0,0,0,0,0
4710026,0,0,0,0,0,0,1,0,1,0
4710028,0,0,0,0,0,0,1,0,1,1
4710030,0,0,1,0,0,0,0,0,0,0
4720002,0,0,0,1,0,1,0,0,1,1
4720004,0,0,0,0,0,0,0,0,1,0
4720006,0,0,1,0,0,1,0,0,1,0
4720008,0,0,0,1,0,0,0,0,1,0
4720010,0,0,0,1,0,0,0,1,1,0
4720012,0,0,1,0,0,0,0,0,0,0
4720014,0,0,0,0,0,0,0,0,0,0
4720016,0,0,0,1,0,1,0,1,1,1
4720018,0,1,1,1,0,0,0,0,1,0
4720020,0,0,0,1,0,1,0,0,1,0
4720022,0,0,0,1,0,1,0,1,1,0
4720024,0,0,1,1,0,1,0,0,1,0
4720026,0,0,0,1,0,1,0,0,1,0
4720028,0,1,0,0,0,0,1,1,1,0
4720030,0,0,1,0,0,1,0,0,1,0
4730002,0,1,1,1,0,1,0,1,1,1
4730004,1,1,0,0,0,0,0,1,1,0
4730006,0,0,0,0,0,1,0,1,1,0
4730008,0,0,0,1,0,1,0,1,1,1
4730010,0,0,0,1,0,0,0,1,1,0
4730012,0,0,0,1,0,1,1,1,1,0
4730014,0,0,0,0,0,1,0,0,1,0
4730016,0,0,0,0,0,1,0,1,1,0
4730018,0,1,0,0,0,1,1,0,1,0
4730020,0,0,0,0,0,1,0,1,1,0
4730022,0,0,0,1,1,1,1,0,1,1
4730024,0,0,0,1,0,1,0,1,1,0
4730026,0,1,1,0,0,1,1,0,1,0
4730028,0,0,1,0,0,1,1,1,1,0
4730030,0,1,0,0,0,0,1,0,1,0
4740002,0,0,0,0,0,0,1,0,1,0
4740004,0,0,1,0,0,0,0,0,1,0
4740006,,1,0,0,0,0,0,0,1,0
4740008,0,0,0,0,0,0,0,1,1,0
4740010,0,0,0,0,0,0,0,0,0,0
4740012,0,0,0,0,0,0,0,0,1,0
4740014,0,0,0,0,0,0,0,1,1,0
4740016,0,0,1,0,0,0,0,0,0,0
4740018,0,0,0,0,0,0,1,1,1,1
4740020,0,0,1,0,0,0,0,0,0,0
4740022,0,0,0,0,0,0,0,1,1,0
4740024,0,0,1,0,0,0,0,0,0,0
4740026,0,0,1,0,0,0,0,0,1,0
4740028,0,0,0,0,0,0,0,0,1,0
4740030,0,0,0,0,0,0,0,0,1,0
4750002,0,0,0,0,0,0,0,0,1,0
4750004,0,0,0,0,0,0,0,1,1,0
4750006,0,0,1,0,0,0,0,0,1,0
4750008,0,0,0,1,0,0,0,0,1,0
4750010,0,0,0,0,0,0,0,1,1,0
4750012,0,1,1,0,0,0,0,0,1,0
4750014,0,1,0,0,0,0,0,1,1,0
4750016,0,1,0,1,0,0,0,1,1,1
4750018,0,0,1,0,0,0,0,0,1,0
4750020,0,0,0,0,0,0,0,0,1,0
4750022,0,0,0,0,0,0,0,0,1,0
4750024,0,0,1,0,0,0,0,0,1,0
4750026,0,1,0,1,0,1,1,0,1,1
4750028,0,0,0,0,0,0,0,0,1,0
4750030,0,1,1,0,0,0,0,1,1,0
4760002,0,1,0,0,0,0,0,1,1,0
4760008,0,0,0,0,0,0,0,0,0,0
4760010,0,0,1,0,0,0,0,0,1,0
4760012,0,1,0,0,0,0,1,1,1,1
4760014,0,1,0,0,0,0,1,0,0,0
4760016,0,0,1,0,0,0,0,0,0,0
4760018,0,0,0,0,0,0,0,1,1,1
4760020,0,0,0,1,0,0,0,0,1,0
4760022,0,0,0,0,0,0,0,0,0,0
4760024,0,1,0,0,0,0,1,1,1,0
4760026,0,1,0,1,0,0,0,0,1,0
4760028,0,0,0,0,0,0,0,0,1,0
4760030,0,0,0,0,0,0,0,0,0,0
4770002,0,0,0,0,0,0,0,0,1,0
4770004,0,1,0,0,0,0,0,1,1,0
4770006,0,0,1,1,0,0,0,1,1,1
4770008,0,,0,1,0,0,1,0,0,0
4770010,0,0,1,0,0,0,0,1,1,1
4770012,0,,0,0,0,0,0,0,0,0
4770014,0,1,0,0,0,0,0,0,1,0
4770016,0,0,0,0,0,0,0,0,1,0
4770018,0,1,0,0,0,0,0,0,0,1
4770020,0,0,0,1,0,0,0,0,1,0
4770022,0,0,0,0,0,0,0,1,1,0
4770024,0,0,0,1,1,0,0,1,1,1
4770026,0,0,0,0,0,0,1,0,1,0
4770028,0,0,0,1,0,0,0,0,1,0
4770030,0,0,0,0,0,0,1,1,1,0
4780002,0,0,0,0,0,0,1,0,1,0
4780004,0,0,0,1,0,0,1,1,1,0
4780006,0,0,1,0,0,0,0,0,0,0
4780008,0,0,0,0,0,0,0,0,1,0
4780010,0,0,0,0,0,0,0,0,0,0
4780012,0,1,1,0,0,0,0,0,1,0
4780014,0,0,0,1,0,0,0,0,0,0
4780016,0,0,0,0,0,0,1,0,0,0
4780018,0,0,1,0,0,0,0,0,0,0
4780020,0,0,0,0,0,0,0,0,1,0
4780022,0,0,0,0,0,0,1,0,0,0
4780024,0,0,1,0,0,0,1,1,1,0
4780026,0,0,0,0,0,0,0,0,0,0
4780028,0,0,0,0,0,0,0,0,0,0
4780030,0,0,0,0,0,0,0,0,0,0
4790002,0,0,0,0,0,0,0,0,0,0
4790004,0,0,0,0,0,0,0,0,0,0
4790006,0,0,1,0,0,0,0,0,0,0
4790008,0,0,0,0,0,0,0,0,0,0
4790010,0,0,0,0,0,0,0,0,0,0
4790012,0,0,1,0,0,0,0,0,0,0
4790014,0,0,0,1,0,0,1,0,0,1
4790016,0,0,0,0,0,0,0,1,1,0
4790018,0,0,1,0,0,0,0,0,0,0
4790020,0,1,0,0,0,0,0,0,0,0
4790022,0,0,0,0,0,0,0,0,0,0
4790024,0,1,0,1,0,0,0,0,0,1
4790026,0,0,0,0,0,0,0,0,0,0
4790028,0,0,0,0,0,0,0,0,0,0
4790030,0,0,0,0,0,0,0,0,0,0
4800002,0,0,0,0,0,0,0,0,0,0
4800004,0,0,0,0,0,0,0,0,0,0
4800006,0,0,0,0,0,0,0,1,0,0
4800008,0,0,0,0,0,0,0,0,0,0
4800010,0,1,0,0,0,0,0,0,0,0
4800012,0,0,0,0,0,0,0,0,0,0
4800014,0,0,0,1,0,0,0,0,0,0
4800016,0,0,0,0,0,0,0,0,0,0
4800018,0,0,1,0,0,0,0,0,0,0
4800020,0,0,0,0,0,0,0,0,0,0
4800022,0,0,0,0,0,0,1,0,1,0
4800024,0,1,1,0,0,0,0,0,0,1
4800026,0,0,0,1,0,0,1,0,0,1
4800028,0,0,0,0,0,0,0,0,1,0
4800030,0,0,1,0,0,0,0,0,0,0
4810002,0,0,0,0,0,0,0,0,0,0
4810004,0,1,0,0,0,0,0,0,0,0
4810006,0,0,0,0,0,0,0,0,0,0
4810008,0,0,0,0,0,0,0,0,1,0
4810010,0,0,0,0,0,0,0,0,1,0
4810012,0,0,0,0,0,0,0,0,0,0
4810014,0,0,0,0,0,0,0,0,0,0
4810016,0,0,0,0,0,0,0,0,0,0
4810018,0,0,1,0,0,0,0,0,0,0
4810020,0,0,0,0,0,0,0,0,0,0
4810022,0,0,0,0,0,0,0,0,0,0
4810024,0,1,1,1,0,0,0,0,0,0
4810026,0,0,0,0,0,0,0,0,0,0
4810028,0,0,0,0,0,0,0,0,0,0
4810030,0,0,0,1,0,0,0,0,0,0
4820002,0,0,0,0,0,0,0,0,1,0
4820004,0,1,0,0,0,0,0,0,0,0
4820006,0,0,1,0,0,0,0,1,0,0
4820008,0,0,0,1,0,0,1,0,0,0
4820010,0,0,1,0,0,0,0,1,1,0
4820012,0,0,1,0,0,0,0,0,0,0
4820014,0,0,0,0,0,0,0,0,0,0
4820016,0,0,0,1,0,0,0,1,1,0
4820018,0,0,1,1,0,0,0,0,1,0
4820020,0,0,0,0,0,0,0,0,0,0
4820022,0,0,0,1,0,0,0,0,0,0
4820024,0,0,1,0,0,0,0,1,1,0
4820026,0,0,0,0,0,0,0,0,0,0
4820028,0,0,0,0,0,0,0,1,0,0
4820030,0,1,1,0,0,0,0,0,1,0
4830002,0,0,0,0,0,0,0,0,0,0
4830004,0,0,0,0,0,0,0,0,0,0
4830006,0,0,0,0,0,0,0,0,0,0
4830008,0,0,1,0,0,0,0,0,0,0
4830010,0,0,0,0,0,0,0,0,0,0
4830012,0,0,0,0,0,0,0,0,0,0
4830014,0,0,0,1,0,0,0,0,0,0
4830016,0,0,0,0,0,0,0,0,0,0
4830018,0,0,1,0,0,0,0,0,0,0
4830020,0,0,0,0,0,0,0,0,0,0
4830022,0,0,0,0,0,0,0,0,0,0
4830024,0,0,0,0,0,0,0,0,1,0
4830026,0,0,0,0,0,0,0,0,1,0
4830028,0,0,0,0,0,0,0,0,1,0
4830030,0,0,0,0,0,0,0,0,0,0
4840002,0,0,0,1,1,1,1,0,0,1
4840004,0,0,0,1,1,1,1,0,1,1
4840006,0,0,0,1,1,0,1,0,0,1
4840008,0,0,1,1,1,1,1,0,1,1
4840010,0,1,0,1,1,0,1,0,0,1
4840012,0,0,0,1,1,0,1,0,1,1
4840014,0,0,0,0,1,1,1,0,1,1
4840016,0,0,0,1,1,0,1,0,0,1
4840018,0,1,1,1,1,0,1,0,0,1
4840020,0,0,0,1,1,1,1,0,1,1
4840022,0,0,1,1,1,0,1,0,0,1
4840024,0,1,1,1,1,0,1,0,0,1
4840026,0,0,0,1,1,1,1,0,1,1
4840028,0,0,0,1,1,0,1,0,1,1
4840030,0,0,1,1,1,0,1,0,1,1
4850002,0,0,0,0,0,0,1,0,0,0
4850004,0,0,0,0,0,0,0,0,0,0
4850006,0,0,0,0,0,0,0,0,0,0
4850008,0,0,0,0,0,0,0,0,0,0
4850010,0,0,1,0,0,0,0,0,1,0
4850012,0,0,0,0,0,0,0,0,0,0
4850014,0,0,0,0,0,0,0,0,0,0
4850016,0,0,1,0,0,0,0,0,0,0
4850018,0,0,1,0,0,0,0,0,0,0
4850020,0,1,0,0,0,0,1,0,0,0
4850022,0,0,0,0,0,0,1,0,1,0
4850024,0,0,0,0,0,0,0,0,0,0
4850026,0,0,0,0,0,0,0,0,0,0
4850028,0,0,0,0,0,0,0,0,0,0
4850030,0,0,1,0,0,0,0,0,0,0
4860002,0,1,0,0,0,1,1,0,1,0
4860004,0,0,1,1,0,1,1,1,1,0
4860006,0,0,1,1,0,1,0,1,1,0
4860008,0,1,0,0,0,0,0,1,1,0
4860010,0,0,0,0,0,0,0,1,1,0
4860012,0,0,0,0,0,1,0,0,1,0
4860014,0,0,0,0,0,0,0,0,1,0
4860016,0,0,0,0,0,1,1,1,1,0
4860018,0,0,0,0,0,0,1,0,1,0
4860020,0,0,0,0,0,0,0,0,1,0
4860022,0,0,0,1,0,1,0,1,1,0
4860024,0,1,1,0,0,1,0,0,1,0
4860026,0,1,0,0,0,1,0,0,1,0
4860028,0,0,0,1,0,0,0,1,1,0
4860030,0,0,0,0,0,1,1,0,1,0
4870002,0,0,1,0,0,0,0,0,1,0
4870004,0,0,0,0,0,1,0,1,1,0
4870006,0,0,0,0,0,1,0,0,1,0
4870008,0,1,0,0,0,0,1,0,0,0
4870010,0,0,0,0,1,1,1,1,1,0
4870012,0,0,0,0,0,1,0,0,1,0
4870014,0,0,1,0,0,0,0,0,1,0
4870016,0,0,0,0,0,0,0,1,1,0
4870018,0,0,0,1,0,0,0,0,1,1
4870020,0,0,0,0,0,1,1,0,1,0
4870022,0,0,1,0,0,0,0,1,1,0
4870024,0,0,0,0,0,0,1,1,1,0
4870026,0,0,0,1,0,0,0,0,0,0
4870028,0,1,0,0,0,1,0,1,1,0
4870030,0,0,1,0,0,1,1,0,1,0
4880002,0,1,0,1,0,0,1,0,1,0
4880004,0,0,0,1,0,0,0,0,0,0
4880006,0,0,1,0,0,0,0,0,1,0
4880008,0,0,0,0,0,0,0,0,1,0
4880010,0,0,0,0,0,1,0,1,1,0
4880012,0,0,0,1,0,0,0,0,1,0
4880014,0,1,0,0,0,0,0,0,1,0
4880016,0,0,0,0,0,1,0,1,1,0
4880018,0,0,1,0,0,0,0,0,0,0
4880020,0,,0,0,0,0,1,1,1,0
4880022,0,0,0,1,0,0,1,1,1,0
4880024,0,0,1,0,0,0,0,0,1,0
4880026,0,0,0,0,0,0,1,0,1,0
4880028,0,1,0,0,0,1,1,0,1,0
4880030,0,0,1,0,0,0,0,0,1,0
4890002,0,1,0,0,0,0,0,0,1,0
4890004,0,0,0,0,0,0,0,0,0,0
4890006,0,0,1,0,0,1,0,0,1,0
4890008,0,0,0,0,0,1,0,0,1,0
4890010,0,0,0,1,1,1,1,1,1,0
4890012,0,0,1,0,0,0,0,0,1,0
4890014,0,0,0,0,0,1,0,0,1,0
4890016,0,0,0,0,0,0,0,0,0,0
4890018,0,0,0,0,0,0,0,0,1,0
4890020,0,0,0,1,0,0,0,0,1,0
4890022,0,0,0,0,0,1,0,1,1,0
4890024,0,0,0,1,0,0,0,0,1,0
4890026,0,0,0,0,0,0,0,0,1,0
4890028,0,0,0,0,0,1,0,0,1,0
4890030,0,0,1,0,0,0,0,0,1,0
4900002,0,1,0,1,1,0,0,0,1,0
4900004,0,0,0,0,0,0,1,1,1,0
4900006,0,0,0,1,1,1,0,0,1,0
4900008,0,0,0,0,0,1,1,0,1,0
4900010,0,0,0,0,1,1,1,1,1,0
4900012,0,0,1,0,0,1,0,0,1,0
4900014,0,0,0,0,1,1,1,0,1,1
4900016,0,0,0,0,0,1,1,1,1,0
4900018,0,1,1,1,1,0,1,0,1,0
4900020,0,0,0,1,1,1,1,0,1,0
4900022,0,0,0,0,1,1,1,1,1,0
4900024,0,0,1,1,1,0,1,0,1,0
4900026,0,1,0,1,0,0,0,0,0,0
4900028,0,0,0,1,1,1,0,1,1,0
4900030,0,0,1,0,1,1,1,0,0,0
4910002,0,0,0,0,1,1,1,0,0,0
4910004,0,0,0,0,1,0,1,1,1,0
4910006,0,0,0,1,1,1,1,1,1,0
4910008,0,1,0,1,1,0,1,0,1,0
4910010,0,0,1,1,1,1,1,1,1,0
4910012,0,0,0,0,1,1,1,1,1,0
4910014,0,0,0,0,1,1,1,0,1,0
4910016,0,1,0,0,1,0,1,1,1,0
4910018,0,1,1,1,1,1,1,1,1,0
4910020,0,0,0,0,1,0,0,0,1,0
4910022,0,0,0,1,1,0,1,1,1,1
4910024,0,0,0,1,1,1,1,0,1,1
4910026,0,1,0,0,1,1,1,0,1,0
4910028,0,0,0,0,1,1,1,1,1,1
4910030,0,1,0,0,1,1,1,1,1,0
4920002,0,0,0,0,0,0,1,0,1,0
4920004,0,0,0,0,0,0,0,0,0,0
4920006,0,0,1,0,0,0,0,0,1,0
4920008,0,0,0,0,0,0,0,0,1,0
4920010,0,0,0,1,0,0,0,1,1,0
4920012,0,1,1,1,0,0,0,0,1,0
4920014,0,0,0,0,0,0,1,0,1,1
4920016,0,0,0,1,0,0,1,0,0,1
4920018,0,0,1,1,0,0,0,0,1,0
4920020,0,0,0,1,1,0,1,0,1,0
4920022,0,0,0,0,0,0,0,1,1,0
4920024,0,0,1,0,0,0,0,0,1,0
4920026,0,0,0,0,0,1,1,0,1,0
4920028,0,1,0,0,0,0,0,0,1,0
4920030,0,0,0,0,0,0,0,0,1,0
4930002,0,0,0,0,0,0,0,0,0,0
4930004,0,0,0,0,0,0,0,0,0,0
4930006,0,1,0,0,0,0,0,0,0,0
4930008,0,0,0,1,0,0,0,0,0,0
4930010,0,0,1,0,0,0,0,0,0,0
4930012,0,0,0,0,0,0,0,0,0,0
4930014,0,0,0,0,0,0,0,0,0,0
4930016,0,0,0,0,0,0,1,1,0,0
4930018,0,0,0,0,0,0,0,1,0,0
4930020,0,0,0,1,0,0,0,0,0,0
4930022,0,0,0,0,0,0,0,0,0,0
4930024,0,0,0,0,0,0,0,0,0,0
4930026,0,0,0,1,0,0,0,0,1,0
4930028,0,0,0,0,0,0,0,0,0,0
4930030,0,0,0,0,0,0,0,0,0,0
4940002,0,0,0,0,0,0,0,0,0,0
4940004,0,0,0,1,0,0,1,0,0,0
4940006,0,0,1,0,0,0,1,0,0,0
4940010,0,0,0,1,0,0,0,0,1,0
4940012,0,0,0,0,0,0,0,0,0,0
4940014,0,0,0,0,0,0,0,0,0,0
4940016,0,0,0,0,0,0,0,0,0,0
4940018,0,1,0,0,0,0,0,0,0,1
4940020,0,0,0,0,0,0,0,0,0,0
4940022,0,0,0,1,0,0,0,0,0,0
4940024,0,0,0,1,0,0,1,0,0,0
4940026,0,0,0,0,0,0,0,0,0,0
4940028,0,0,0,0,0,0,0,0,0,0
4940030,0,0,1,0,0,0,0,0,1,0
4950002,0,0,0,0,0,0,0,0,0,0
4950004,0,0,1,0,0,0,1,0,0,1
4950006,0,0,0,0,0,0,0,0,0,0
4950008,0,0,0,0,0,0,0,0,0,0
4950010,1,0,0,0,0,0,1,0,0,1
4950012,0,0,0,0,0,0,0,0,0,0
4950014,0,0,0,1,0,0,0,0,0,1
4950016,0,0,0,0,0,0,0,0,0,0
4950018,0,0,0,0,0,0,1,0,0,0
4950020,0,0,0,0,0,0,0,0,0,1
4950022,0,0,0,1,0,0,1,0,0,0
4950024,0,0,0,0,0,0,0,0,0,0
4950026,0,0,0,0,0,0,0,0,0,0
4950028,0,0,1,1,0,0,0,0,0,0
4950030,0,0,0,0,0,0,0,0,0,0
4960002,0,1,0,0,0,0,0,1,0,0
4960004,0,0,0,0,0,0,0,1,0,0
4960006,0,1,0,0,0,0,0,1,0,0
4960010,0,0,0,0,0,0,0,1,0,0
4960012,0,0,0,0,0,0,0,1,0,1
4960014,0,0,0,0,0,0,1,1,0,0
4960016,0,0,0,0,0,0,1,1,0,0
4960018,0,0,0,1,0,0,1,1,0,0
4960020,0,0,0,0,0,0,0,1,0,0
4960022,0,0,0,0,0,0,0,0,0,0
4960024,0,0,0,0,0,0,0,0,0,0
4960026,0,0,0,0,0,0,0,0,0,0
4960028,0,0,0,0,0,0,0,0,0,0
4960030,0,0,0,0,0,0,0,0,0,0
4970002,0,0,0,0,0,0,0,0,0,0
4970004,0,0,0,0,0,0,0,0,0,0
4970006,0,0,0,0,0,0,0,0,1,0
4970008,0,0,0,0,0,0,0,0,0,0
4970010,0,0,0,0,0,0,0,0,0,0
4970012,0,0,0,0,0,0,0,0,0,0
4970014,0,0,0,1,0,0,0,0,0,0
4970016,0,0,0,1,0,0,0,1,1,1
4970018,0,1,0,0,0,0,0,0,0,0
4970020,0,0,0,0,0,0,0,0,0,1
4970022,0,0,0,1,0,0,0,0,0,0
4970024,0,0,0,1,0,0,0,0,0,0
4970026,0,0,0,0,0,0,0,0,0,0
4970028,0,0,0,1,0,0,0,0,0,0
4970030,0,0,0,1,0,0,0,1,0,0
4980002,0,0,0,0,0,0,0,0,0,0
4980004,0,0,0,0,0,0,0,0,0,0
4980006,0,0,0,0,0,0,0,0,0,0
4980008,0,0,0,0,0,0,0,0,0,0
4980010,0,0,0,0,0,0,0,0,0,0
4980012,0,0,0,0,0,0,0,0,0,0
4980014,0,0,0,0,0,0,0,0,0,0
4980016,0,1,0,0,0,0,0,0,0,0
4980018,0,0,0,0,0,0,0,0,0,0
4980020,0,0,1,0,0,0,0,0,0,0
4980022,0,0,0,0,0,0,0,0,0,0
4980024,0,0,0,0,0,0,0,0,0,0
4980026,0,0,0,0,0,0,0,0,0,0
4980028,0,1,0,0,0,0,0,0,0,0
4980030,0,0,0,0,0,0,0,0,0,0
4990002,0,0,0,0,0,0,0,0,0,0
4990004,0,0,0,0,0,0,0,0,0,0
4990006,0,0,0,0,0,0,0,0,0,0
4990008,0,0,0,1,0,0,0,0,0,0
4990010,0,0,0,0,0,0,0,0,0,0
4990012,0,1,0,0,0,0,0,0,0,0
4990014,0,0,0,0,0,0,0,0,0,0
4990016,0,1,0,0,0,0,0,0,0,0
4990018,0,0,0,0,0,0,0,0,0,0
4990020,0,1,0,1,0,0,0,0,0,0
4990022,0,0,0,1,0,0,0,0,0,0
4990024,0,0,0,1,0,0,0,0,0,0
4990026,0,0,0,0,0,0,0,0,0,0
4990028,0,0,0,0,0,0,0,0,0,0
4990030,0,0,0,0,0,0,0,0,0,0
5000002,0,0,0,1,0,0,0,0,0,1
5000006,0,0,1,0,0,0,0,0,0,0
5000008,0,0,0,0,0,0,0,0,0,0
5000010,0,0,1,1,0,0,0,0,0,1
5000012,0,0,0,1,0,0,0,1,0,1
5000014,0,0,0,1,0,0,0,1,0,1
5000016,0,1,0,0,0,0,1,0,0,1
5000018,0,0,0,0,0,0,0,0,0,0
5000020,0,1,0,0,0,0,0,0,0,0
5000022,0,0,0,0,0,0,0,0,0,0
5000024,0,0,0,0,0,0,0,0,0,0
5000026,0,0,0,0,0,1,0,0,0,0
5000028,0,0,1,0,0,1,0,0,1,0
5000030,0,1,0,0,0,0,1,0,0,0
5010002,0,0,0,0,0,0,1,0,1,0
5010004,0,0,0,1,0,0,0,0,0,1
5010006,0,1,0,1,0,0,1,0,0,1
5010008,0,0,0,0,0,0,0,0,0,0
5010010,0,0,0,1,0,0,0,0,0,0
5010012,0,0,0,1,0,0,0,0,0,0
5010014,0,0,0,0,0,0,0,0,0,0
5010016,0,0,0,1,0,0,1,0,0,1
5010018,0,0,1,0,0,0,0,0,0,0
5010020,0,0,1,0,0,0,0,0,0,0
5010022,0,1,0,0,0,0,0,0,0,0
5010024,0,0,0,0,0,0,0,0,1,0
5010026,0,0,0,0,0,0,1,0,1,0
5010028,0,0,0,0,0,0,0,0,0,0
5010030,0,1,0,0,0,0,1,0,0,0
5020002,0,0,0,1,1,0,0,0,0,0
5020004,0,0,0,0,1,0,0,0,0,0
5020006,0,0,0,1,0,0,0,0,0,0
5020008,0,0,0,0,0,0,1,1,1,1
5020010,0,0,0,0,0,0,0,0,0,0
5020012,0,1,0,0,1,0,1,0,0,0
5020014,0,0,0,1,0,0,1,1,0,0
5020016,0,1,0,0,0,0,1,1,0,0
5020018,0,0,0,0,1,0,0,0,0,0
5020020,0,0,0,0,0,0,0,0,0,0
5020022,0,1,1,0,0,0,0,0,0,0
5020024,0,0,0,0,0,0,0,0,0,0
5020026,0,0,1,1,1,1,0,0,1,1
5020028,0,0,0,1,0,0,0,0,0,0
5020030,0,0,0,1,0,0,0,0,0,0
5030002,0,0,0,0,0,0,0,0,0,0
5030004,0,1,0,0,0,0,0,0,0,0
5030006,0,0,1,1,0,0,0,0,0,1
5030010,0,0,0,0,0,0,0,0,0,0
5030012,0,0,0,0,0,1,1,0,0,1
5030014,0,0,0,0,0,1,1,0,0,0
5030016,0,0,0,0,0,0,0,0,0,0
5030018,0,0,0,0,0,1,1,0,0,0
5030020,0,0,0,0,0,0,0,0,0,0
5030022,0,0,0,0,0,0,0,0,1,0
5030024,0,0,1,0,0,0,0,0,0,0
5030026,0,0,1,0,0,0,0,0,0,0
5030028,0,0,1,1,0,0,1,0,0,1
5030030,0,0,1,0,0,0,0,0,0,0
5040002,0,0,0,0,0,0,0,0,0,0
5040004,0,0,0,0,0,0,0,0,0,0
5040006,0,0,0,1,0,0,0,0,0,0
5040008,0,1,0,0,0,0,0,0,0,1
5040012,0,0,0,1,0,0,0,0,0,0
5040014,0,0,0,0,0,0,0,0,1,0
5040016,0,1,0,0,0,0,0,0,0,0
5040018,0,0,0,0,0,0,0,0,0,0
5040020,0,0,0,0,1,0,0,0,0,0
5040022,0,1,0,0,0,0,0,0,1,0
5040024,0,0,1,1,0,0,0,0,0,0
5040026,0,0,0,0,0,0,0,0,0,0
5040028,0,0,0,0,0,0,0,0,0,0
5040030,0,0,0,0,0,0,0,0,0,0
5050002,0,0,0,0,0,0,0,0,0,0
5050004,0,0,0,0,0,0,0,0,1,0
5050006,0,1,0,0,0,0,0,0,1,0
5050008,0,0,0,0,0,0,0,0,0,0
5050010,0,0,0,0,0,0,0,0,0,0
5050012,0,0,0,0,0,0,0,0,0,0
5050014,0,1,0,0,0,0,0,0,0,0
5050016,0,0,0,1,0,0,0,0,0,0
5050018,0,0,0,0,0,0,0,0,0,0
5050020,0,0,0,0,0,0,0,0,0,0
5050022,0,0,0,0,0,0,0,0,0,0
5050024,0,0,1,0,0,0,0,0,1,0
5050026,0,0,0,0,0,0,0,0,0,0
5050028,0,1,0,0,0,0,0,0,0,0
5050030,0,0,0,0,0,0,0,0,0,0
5060002,0,0,0,0,0,0,0,0,0,0
5060004,0,0,0,1,0,0,0,0,0,0
5060006,0,0,0,1,0,0,0,0,0,0
5060008,0,0,0,0,0,0,0,0,0,0
5060010,0,1,0,0,0,0,0,0,0,1
5060012,0,0,0,0,0,0,0,0,0,0
5060014,0,0,0,0,0,0,0,0,0,0
5060018,0,0,0,0,0,0,0,0,0,0
5060020,0,1,1,0,0,0,1,1,0,1
5060022,1,1,0,0,0,0,0,0,0,0
5060026,0,1,0,0,0,0,0,0,0,0
5060028,0,0,0,0,0,0,0,0,0,0
5060030,0,0,0,0,0,0,0,0,0,0
5070002,0,0,0,0,0,0,0,0,0,0
5070004,0,0,0,0,0,0,0,0,0,0
5070006,0,0,0,0,0,0,0,0,0,0
5070008,0,0,1,0,0,0,0,0,0,0
5070010,0,0,0,0,0,1,0,0,0,0
5070012,0,1,0,0,0,1,0,0,0,0
5070014,0,0,0,1,0,0,0,0,0,0
5070016,0,1,0,0,0,0,0,0,0,0
5070018,0,0,0,1,0,1,1,0,1,0
5070020,0,0,0,0,0,0,0,0,0,0
5070022,0,0,0,0,0,1,0,1,0,0
5070024,0,0,0,0,0,0,0,0,1,0
5070026,0,0,0,1,0,0,0,0,0,0
5070028,0,0,0,0,0,0,0,0,1,0
5070030,0,0,0,0,1,0,1,0,1,0
5080002,0,0,0,0,0,0,0,0,0,0
5080004,0,0,0,1,0,0,0,0,0,0
5080008,0,0,1,0,0,0,1,0,1,0
5080010,0,0,0,0,0,0,0,0,0,0
5080012,0,0,0,0,0,0,0,0,0,0
5080014,0,0,0,0,0,0,0,0,0,0
5080016,0,0,0,0,0,0,0,0,1,0
5080018,0,0,0,0,0,0,0,0,0,0
5080022,0,0,1,0,0,0,0,0,0,0
5080024,0,0,0,0,0,0,0,0,0,0
5080026,0,0,0,0,0,0,0,0,0,0
5080028,0,0,1,0,0,0,1,0,0,0
5080030,0,0,0,0,0,0,0,0,1,0
5090002,0,0,0,1,0,0,0,1,0,1
5090004,0,0,0,1,0,0,0,0,0,0
5090006,0,0,0,0,0,0,0,0,0,0
5090008,0,0,0,0,0,0,0,0,0,0
5090010,0,0,0,0,0,0,0,0,0,0
5090012,0,0,0,0,0,1,0,0,0,0
5090014,0,0,0,0,0,0,0,0,0,0
5090016,0,0,1,1,0,0,0,0,0,0
5090018,0,0,0,0,0,1,0,0,0,0
5090020,0,0,0,0,0,1,0,0,0,0
5090022,0,0,0,1,0,0,1,0,0,0
5090024,0,0,0,0,0,0,0,0,0,0
5090026,0,0,0,0,0,0,1,0,1,0
5090028,0,0,0,0,0,0,1,0,0,0
5090030,0,0,0,0,0,0,0,0,0,0
5100002,0,1,0,0,0,0,0,0,0,0
5100004,0,1,0,0,0,0,0,0,0,0
5100006,0,1,0,0,0,0,1,1,0,0
5100008,0,0,0,0,0,0,0,0,0,0
5100010,0,0,0,0,0,1,1,0,0,0
5100012,0,0,0,0,0,0,0,0,0,0
5100014,0,0,0,1,0,0,0,0,1,0
5100016,0,0,0,0,0,0,0,0,0,0
5100018,0,1,0,0,0,0,0,0,0,0
5100020,0,0,0,0,0,0,0,0,0,1
5100022,0,1,0,0,0,1,1,1,1,0
5100024,0,0,1,0,0,0,0,0,0,1
5100026,0,0,0,0,0,0,0,0,0,0
5100028,0,0,0,1,0,1,0,0,1,0
5100030,0,1,0,1,0,0,1,1,1,1
5110002,0,1,0,0,0,0,1,0,0,1
5110004,0,0,0,1,0,0,0,0,0,0
5110006,0,0,0,0,0,0,0,0,0,0
5110008,0,0,0,0,0,1,0,0,0,0
5110010,0,0,0,0,0,0,0,0,0,0
5110012,0,0,0,1,0,0,0,0,0,0
5110016,0,0,0,0,0,1,0,0,1,0
5110018,0,1,0,0,0,1,0,0,1,0
5110020,0,0,0,0,0,1,1,0,1,0
5110022,0,0,0,0,0,0,0,0,0,0
5110024,0,0,0,0,0,0,0,0,1,0
5110026,0,0,1,0,0,0,0,1,1,0
5110030,0,0,0,0,0,0,0,1,0,0
5120002,0,0,0,0,1,0,1,0,1,1
5120004,0,0,0,0,0,0,0,0,0,0
5120006,0,0,0,0,0,0,0,0,1,0
5120008,0,0,1,0,0,0,0,0,0,0
5120010,1,0,0,0,0,0,0,0,0,0
5120012,0,0,0,0,0,0,0,0,0,0
5120014,0,0,0,0,0,0,0,0,0,0
5120016,0,0,0,0,0,0,1,0,0,0
5120018,0,0,0,0,0,0,0,0,0,0
5120020,0,0,0,1,0,1,0,0,1,1
5120022,0,0,0,0,1,0,1,0,1,0
5120024,0,0,0,0,0,0,0,0,0,0
5120026,0,1,0,0,0,0,1,0,1,0
5120028,0,0,0,0,0,0,1,0,1,0
5120030,0,0,0,0,0,0,0,0,0,0
5130002,0,0,0,0,0,0,0,0,0,1
5130004,0,0,1,1,0,0,0,0,1,0
5130006,0,0,0,0,0,0,0,0,0,0
5130008,0,0,0,0,0,0,0,1,0,0
5130010,0,0,0,1,0,0,0,0,0,0
5130012,0,0,0,0,0,0,0,0,0,0
5130014,0,0,0,0,0,0,0,0,1,0
5130016,0,0,0,1,0,0,0,0,0,0
5130018,0,0,0,1,0,0,1,1,1,1
5130020,0,0,0,1,0,0,0,0,0,0
5130024,0,0,0,0,0,0,0,0,0,0
5130026,0,1,0,0,0,0,0,0,1,0
5130028,0,0,0,0,0,0,0,0,1,0
5130030,0,0,0,0,0,0,0,0,0,0
5140002,0,1,0,0,0,0,0,0,0,0
5140004,0,0,0,0,0,0,0,0,0,0
5140006,0,0,0,0,0,0,0,0,0,0
5140008,0,0,0,0,0,0,0,0,0,0
5140010,0,1,0,0,0,0,0,0,0,0
5140012,0,0,0,1,0,0,1,0,0,0
5140014,0,0,0,0,0,0,0,0,0,0
5140016,0,0,0,0,0,0,0,0,0,0
5140018,0,0,0,0,0,0,0,0,0,0
5140020,0,0,0,1,0,0,0,0,0,0
5140022,0,0,0,0,0,0,0,0,0,0
5140024,0,0,0,0,0,0,0,0,0,0
5140026,0,0,0,0,0,0,0,0,0,1
5140028,0,0,0,0,0,0,0,0,0,0
5140030,0,0,0,0,0,0,0,0,0,0
5150002,0,1,0,0,0,0,0,0,1,1
5150004,0,0,0,1,0,0,0,1,0,0
5150006,0,0,0,0,0,0,0,0,0,0
5150008,0,1,1,1,0,0,0,0,1,1
5150010,0,0,0,0,0,0,0,0,0,0
5150012,0,0,0,1,0,0,0,0,0,0
5150014,0,0,0,1,0,0,1,0,0,1
5150016,0,1,0,1,0,0,0,0,0,0
5150018,0,0,0,0,0,0,0,0,0,0
5150020,0,1,0,1,0,0,1,1,1,1
5150022,0,0,0,0,0,0,0,0,0,0
5150024,0,0,0,0,0,0,0,0,0,0
5150026,0,0,0,0,0,0,0,0,0,0
5150028,0,1,0,1,0,0,0,0,0,0
5150030,0,0,0,1,0,0,0,0,0,0
5160002,0,0,0,0,0,0,1,1,1,1
5160004,0,0,0,1,0,0,1,1,0,0
5160006,0,0,0,0,0,0,1,1,0,0
5160008,0,0,0,0,0,0,0,0,0,0
5160010,0,1,0,0,0,1,0,0,1,0
5160012,0,1,0,0,1,0,0,1,0,0
5160014,0,0,0,1,0,0,1,0,1,0
5160016,0,0,0,1,1,0,1,0,1,0
5160020,0,0,0,0,0,0,1,1,0,0
5160022,0,0,0,0,0,0,1,0,0,0
5160024,0,0,0,0,0,1,0,0,0,0
5160026,0,0,0,0,0,0,0,0,0,0
5160028,0,0,0,0,0,0,0,0,1,0
5160030,0,0,0,0,0,0,0,0,0,0
5170002,0,0,0,1,0,0,1,0,1,0
5170004,0,0,1,0,0,0,1,0,0,0
5170006,0,0,0,0,0,0,0,0,1,0
5170008,0,0,0,0,0,0,1,0,0,1
5170010,0,0,0,0,0,0,0,0,1,0
5170012,0,1,0,1,0,0,1,0,1,0
5170014,0,0,0,1,0,0,0,0,1,0
5170016,0,0,0,0,0,0,1,0,1,0
5170018,0,0,0,1,0,0,1,0,1,0
5170020,0,0,0,0,0,0,0,0,0,0
5170022,0,0,0,0,1,0,1,0,1,0
5170024,0,0,1,0,0,0,0,0,1,0
5170026,0,0,0,0,0,0,1,0,0,0
5170028,0,0,0,1,0,0,0,1,1,0
5170030,0,0,0,0,0,0,0,0,1,0
5180002,0,0,0,1,0,0,0,0,0,0
5180004,0,0,0,0,0,1,0,0,1,0
5180006,0,0,0,1,0,0,1,0,0,1
5180008,0,0,0,1,0,0,0,0,0,0
5180010,0,0,0,0,0,0,0,0,1,0
5180012,0,1,0,0,0,0,1,0,0,0
5180014,0,0,0,0,0,0,0,0,0,0
5180016,0,0,0,0,0,0,0,1,0,1
5180018,0,1,0,0,0,0,0,0,0,0
5180020,0,0,0,0,0,0,0,0,0,0
5180022,0,0,0,0,0,0,0,0,0,0
5180024,0,0,0,0,0,0,0,0,0,0
5180026,0,0,0,0,0,0,0,0,0,0
5180028,0,0,0,0,0,0,0,0,0,0
5180030,0,0,0,0,0,0,0,0,1,0
5190002,0,0,0,0,0,0,0,0,0,0
5190004,0,0,0,1,0,0,0,0,0,0
5190006,0,0,0,0,0,0,0,0,0,0
5190008,0,0,0,1,0,0,1,0,1,0
5190010,0,0,0,0,0,1,0,0,0,0
5190012,0,0,0,0,0,0,1,1,1,0
5190014,0,1,0,0,0,0,1,0,0,0
5190016,0,0,1,0,0,0,1,0,1,0
5190018,0,0,0,1,0,0,0,1,1,0
5190020,0,0,1,0,1,0,1,1,0,1
5190022,0,,0,0,0,0,0,0,0,0
5190024,0,0,1,0,0,1,1,0,0,0
5190026,0,0,0,0,0,1,0,0,0,0
5190028,0,1,0,0,0,0,0,0,0,0
5190030,0,0,0,0,0,0,1,0,1,0
5200002,0,0,0,0,1,0,0,1,0,0
5200004,0,1,0,1,1,0,1,0,1,1
5200006,0,0,0,1,1,1,0,0,1,1
5200008,0,0,0,0,1,0,1,0,1,0
5200010,0,1,0,1,1,0,1,0,1,1
5200012,0,1,1,1,1,1,1,0,1,0
5200014,0,1,0,1,1,1,1,1,1,0
5200016,0,0,0,1,1,0,0,0,1,0
5200018,0,0,0,1,0,1,0,0,1,0
5200020,0,0,0,0,0,0,1,0,0,0
5200022,0,0,0,0,1,0,1,0,1,0
5200024,0,0,0,0,1,1,1,0,1,0
5200026,0,0,1,1,1,1,1,1,0,0
5200028,0,0,1,1,1,0,1,1,1,1
5200030,0,0,0,0,1,1,1,0,1,0
5210002,0,0,0,0,1,1,1,1,1,1
5210004,0,1,0,0,1,1,1,0,1,0
5210006,0,1,0,0,1,1,1,0,1,0
5210008,0,0,0,1,1,1,1,1,1,0
5210010,0,0,0,0,1,1,1,0,1,0
5210012,0,0,0,1,1,1,1,0,1,0
5210014,0,0,0,1,1,1,1,1,1,0
5210016,0,0,0,0,1,1,1,0,1,0
5210018,0,1,1,1,1,1,1,1,1,1
5210020,0,1,0,0,1,1,1,1,1,0
5210022,0,0,0,0,1,1,1,0,1,0
5210024,0,0,0,0,1,1,1,0,1,0
5210026,0,1,0,0,1,1,1,1,1,1
5210028,0,0,0,0,1,1,1,0,1,0
5210030,0,0,0,0,1,1,1,0,1,0
5220002,0,0,0,1,1,1,1,1,1,1
5220004,0,0,1,1,1,1,1,0,1,0
5220006,0,1,0,1,1,1,1,0,1,0
5220008,0,0,0,1,1,1,1,1,1,0
5220010,0,1,0,1,1,1,0,0,1,0
5220012,0,0,0,1,1,1,1,0,0,0
5220014,0,0,0,0,1,1,1,1,1,1
5220016,0,0,0,1,1,1,1,1,1,1
5220018,,1,0,1,1,1,1,0,1,1
5220020,0,0,0,0,1,1,1,1,1,0
5220022,1,0,0,1,1,1,1,1,1,1
5220024,0,0,0,1,1,1,1,0,1,0
5220026,0,0,0,0,1,1,1,1,1,0
5220028,0,0,0,1,1,1,1,0,1,1
5220030,0,0,1,1,1,1,1,0,1,0
5230002,0,0,0,0,0,1,1,0,1,0
5230004,0,0,0,0,0,0,1,0,1,1
5230006,0,0,0,1,1,0,1,1,1,1
5230008,0,0,0,0,0,1,0,1,1,0
5230010,0,1,1,0,0,1,1,0,1,0
5230012,0,0,0,0,0,1,0,0,1,0
5230014,0,0,0,1,0,1,1,0,1,0
5230016,0,0,0,0,0,0,1,0,1,0
5230018,0,1,0,0,0,1,1,0,1,0
5230020,0,0,0,0,0,1,1,1,1,0
5230022,0,0,0,0,0,1,0,0,1,0
5230024,,,0,0,0,0,0,0,0,0
5230026,0,1,0,0,0,0,1,1,1,0
5230028,0,0,1,0,0,0,1,0,1,0
5230030,0,1,0,0,1,1,1,0,0,0
5240002,0,1,0,0,0,1,0,0,1,0
5240004,0,0,0,0,0,1,0,0,0,0
5240006,0,1,0,0,1,1,0,0,1,1
5240008,0,0,0,0,0,0,0,0,1,0
5240010,0,1,0,0,1,1,0,0,1,1
5240012,0,0,0,0,0,1,0,0,1,0
5240014,0,1,0,0,1,1,0,1,1,0
5240016,0,0,0,0,1,1,0,0,1,0
5240018,0,0,0,0,1,1,0,0,1,0
5240020,0,0,0,0,0,1,0,1,1,0
5240022,0,1,0,0,0,1,0,0,1,0
5240024,0,0,0,0,1,1,1,0,1,1
5240026,1,0,0,1,1,0,0,1,1,0
5240028,0,0,0,1,1,1,1,0,1,0
5240030,0,0,0,0,0,1,0,0,1,0
5250002,0,0,0,1,0,0,0,1,1,0
5250004,0,0,0,1,0,0,1,0,1,0
5250006,0,0,0,1,0,0,0,0,0,0
5250008,0,0,0,1,0,1,0,0,1,0
5250010,0,0,0,1,0,0,1,0,0,0
5250012,0,1,0,1,0,0,1,1,1,0
5250014,0,0,0,0,0,0,0,0,0,0
5250016,0,1,0,0,0,0,1,1,0,0
5250018,0,0,1,0,0,0,0,0,0,0
5250020,0,0,0,0,0,1,1,1,1,0
5250022,0,0,1,0,0,1,1,0,0,0
5250024,0,0,0,0,0,0,1,0,0,0
5250026,0,0,0,1,0,0,1,1,1,0
5250028,0,0,0,0,0,0,0,0,0,0
5250030,0,0,0,0,0,0,0,0,0,1
5260002,0,0,0,0,1,1,1,1,1,1
5260004,0,0,0,0,1,1,1,0,1,0
5260006,0,1,0,0,1,1,1,1,1,1
5260008,0,0,1,1,1,1,0,1,1,1
5260010,0,0,0,1,1,1,0,0,1,0
5260012,0,0,0,0,1,1,0,0,1,0
5260014,0,1,0,0,1,1,0,0,1,0
5260016,0,0,0,1,1,1,0,0,1,1
5260018,0,0,0,0,1,1,1,1,1,0
5260020,0,0,0,1,1,1,1,1,1,0
5260022,0,0,1,1,1,1,1,0,1,0
5260024,0,0,0,1,1,1,1,1,1,1
5260026,0,0,1,0,1,1,1,1,1,0
5260028,0,1,0,0,1,1,1,0,1,0
5260030,0,0,0,1,1,1,1,0,1,0
5270002,0,0,0,0,1,0,0,1,1,1
5270004,0,1,1,1,1,0,1,0,1,1
5270006,0,1,1,1,1,0,1,0,1,0
5270008,0,0,0,0,1,0,1,1,1,0
5270010,0,0,0,0,1,0,1,0,1,0
5270012,0,0,1,0,1,0,1,0,1,0
5270014,0,1,0,1,1,0,1,1,1,0
5270016,0,1,0,0,1,0,1,0,0,0
5270018,0,1,0,1,1,0,1,0,1,0
5270020,0,1,0,0,0,0,0,0,1,0
5270022,0,0,0,0,1,0,1,0,1,0
5270024,0,1,0,1,1,0,1,0,1,0
5270026,0,0,0,0,0,0,1,0,1,0
5270028,0,0,0,0,1,0,1,0,1,0
5270030,0,1,0,0,1,0,1,0,1,0
5280002,0,0,0,0,1,0,1,1,1,1
5280004,0,1,0,1,1,1,1,0,1,1
5280006,0,0,1,1,1,1,1,0,1,1
5280008,0,0,1,0,1,1,0,0,1,0
5280010,0,0,1,1,1,1,1,0,1,0
5280012,0,1,0,0,1,1,0,0,1,0
5280014,0,0,1,0,1,1,1,1,1,0
5280016,0,0,0,0,1,1,0,0,1,0
5280018,0,1,0,0,1,1,0,0,1,0
5280020,0,0,0,0,1,1,0,1,1,0
5280022,0,1,0,1,1,1,1,0,1,0
5280024,0,1,0,1,1,1,0,0,0,0
5280026,0,1,0,1,1,1,1,1,1,0
5280028,0,0,1,0,1,1,0,0,1,0
5280030,0,1,0,0,1,1,1,0,1,0
5290002,0,1,0,0,0,0,0,1,1,0
5290004,0,0,0,1,1,0,1,0,1,1
5290006,0,0,1,1,1,0,1,0,1,0
5290008,0,0,1,1,1,0,1,1,1,1
5290010,0,0,0,1,1,0,1,0,1,1
5290012,0,0,0,1,1,0,1,0,1,1
5290014,0,0,0,1,1,1,1,1,1,0
5290016,0,0,0,0,1,0,1,0,1,0
5290018,0,1,0,1,1,0,1,0,1,1
5290020,0,0,0,0,1,0,1,1,1,0
5290022,0,0,1,1,1,1,1,0,1,1
5290024,0,0,1,1,1,0,1,0,1,0
5290026,0,0,0,0,0,0,0,1,0,0
5290028,0,0,0,1,1,0,1,0,1,0
5290030,0,0,0,1,1,0,1,0,1,0
5300002,0,1,0,1,1,1,1,1,1,1
5300004,0,1,0,0,1,1,1,0,1,0
5300006,0,1,0,0,1,1,1,0,1,0
5300008,0,0,0,1,1,1,1,1,1,0
5300010,0,0,0,1,1,1,1,0,1,0
5300012,0,0,0,0,1,1,1,0,1,0
5300014,0,0,0,1,1,1,1,1,1,1
5300016,0,0,0,0,1,1,1,0,0,0
5300018,0,0,0,0,1,1,1,0,1,0
5300020,0,0,0,0,1,1,1,1,1,0
5300022,0,1,0,0,1,1,1,0,1,0
5300024,0,0,0,0,1,1,0,0,1,0
5300026,0,0,1,0,1,1,0,1,1,0
5300028,0,1,0,0,1,1,1,0,1,0
5300030,0,0,0,0,1,1,1,0,1,0
5310002,0,1,0,0,0,0,0,0,0,0
5310004,0,0,0,0,0,0,0,0,0,0
5310006,0,0,0,0,0,0,0,0,0,0
5310008,0,0,0,0,0,0,0,0,0,0
5310010,0,0,0,0,0,0,0,0,0,0
5310012,0,1,0,0,0,0,0,0,1,0
5310014,0,0,0,0,0,0,0,0,0,0
5310016,0,0,0,0,0,0,0,0,0,0
5310018,0,0,0,0,0,0,0,0,1,0
5310020,0,0,0,1,0,0,0,0,0,0
5310022,0,1,0,0,0,0,0,0,0,0
5310024,0,0,0,0,0,0,0,0,0,0
5310026,0,0,0,0,0,0,0,1,0,0
5310028,0,0,0,0,0,0,0,0,1,0
5310030,0,0,0,0,0,0,0,0,1,0
5320002,0,0,0,0,0,0,0,0,0,0
5320004,0,1,0,0,0,0,0,0,0,0
5320006,0,0,1,0,0,0,0,0,1,0
5320008,0,0,0,0,0,0,0,0,0,0
5320010,0,1,0,0,0,0,0,0,0,0
5320012,0,0,0,0,0,0,0,0,0,0
5320014,0,0,0,0,0,0,0,0,0,0
5320016,0,1,0,0,0,0,1,0,0,0
5320018,0,0,0,0,0,0,0,1,0,0
5320020,0,0,0,0,0,0,0,0,0,0
5320022,0,0,0,0,0,0,0,0,0,0
5320024,0,,0,0,0,0,0,0,1,0
5320026,0,1,0,0,0,0,0,0,0,0
5320028,0,0,0,0,0,0,0,0,0,0
5320030,0,0,0,0,0,0,0,0,0,0
5330002,0,0,0,0,0,0,0,0,0,0
5330004,0,0,0,0,0,0,0,0,1,0
5330006,0,1,1,0,0,0,0,0,1,0
5330008,0,0,0,0,0,0,1,1,0,0
5330010,0,0,0,0,0,1,0,1,1,1
5330012,0,0,0,0,0,0,0,0,0,0
5330014,0,0,0,0,0,0,0,1,0,0
5330016,0,0,0,0,0,0,0,0,0,0
5330018,0,0,1,0,0,0,0,0,0,0
5330020,0,1,0,0,0,0,0,0,0,0
5330022,0,0,0,0,0,0,0,0,0,0
5330024,0,0,0,1,0,0,0,0,0,0
5330026,0,0,0,0,0,0,0,0,1,0
5330028,0,0,0,0,0,0,0,0,0,0
5330030,0,0,0,1,0,0,0,0,0,0
5340002,0,0,0,0,0,0,1,0,1,0
5340004,0,0,0,0,0,0,0,0,0,0
5340006,0,0,0,0,0,0,0,0,1,0
5340008,0,0,0,0,0,0,0,0,1,0
5340010,0,0,0,0,0,0,0,0,0,0
5340012,0,0,0,0,0,0,0,0,0,0
5340014,0,0,1,0,0,0,1,1,1,0
5340016,0,0,0,0,0,0,0,0,0,0
5340018,0,0,0,0,0,0,0,0,0,0
5340020,0,0,0,0,0,0,0,1,1,0
5340022,0,0,0,0,0,0,0,0,0,0
5340024,0,0,0,0,0,0,0,0,1,0
5340026,0,0,0,0,0,0,0,0,0,0
5340028,0,0,0,0,0,0,1,0,1,0
5340030,0,0,0,0,0,0,0,0,0,0
5350002,0,1,0,0,1,0,1,1,1,0
5350004,0,0,1,0,1,1,1,1,1,0
5350006,0,0,0,0,1,0,0,0,1,0
5350008,0,0,0,0,1,0,0,0,1,0
5350010,0,0,0,0,0,0,0,0,0,0
5350012,0,0,0,0,0,0,1,1,0,0
5350014,0,0,0,1,0,0,1,0,1,1
5350016,0,0,0,0,1,0,0,0,1,0
5350018,0,0,0,0,0,1,0,0,0,0
5350020,0,0,1,1,0,0,1,1,1,0
5350022,0,0,0,0,1,0,0,1,1,0
5350024,0,1,0,0,1,0,0,1,1,1
5350026,0,0,0,1,0,0,1,1,1,1
5350028,0,0,0,0,1,1,0,1,1,0
5350030,0,1,0,0,0,0,1,0,1,0
5360002,0,1,0,0,0,1,1,0,1,0
5360004,0,0,1,1,0,0,0,0,0,0
5360006,0,0,0,0,0,1,0,0,1,0
5360008,0,0,0,0,1,1,0,1,1,0
5360010,0,0,0,1,1,0,1,0,1,1
5360012,0,0,0,1,1,1,1,0,1,0
5360014,0,0,0,1,1,1,1,1,1,0
5360016,0,0,0,1,1,0,1,0,0,0
5360018,0,0,0,0,1,0,1,0,1,1
5360020,0,0,0,0,1,1,1,1,1,0
5360022,0,0,0,0,1,0,1,0,1,0
5360024,0,0,0,1,1,1,1,0,1,0
5360026,0,0,0,0,0,1,0,0,1,0
5360028,0,1,1,0,0,0,0,0,0,0
5360030,0,0,1,0,0,0,0,0,1,0
5370002,0,1,0,0,1,1,1,1,1,1
5370004,0,0,0,0,1,0,1,0,1,0
5370006,0,0,0,1,1,0,1,1,1,0
5370008,0,1,1,1,1,0,1,1,1,1
5370010,0,1,0,1,1,0,1,0,1,0
5370012,0,0,0,0,1,0,1,1,1,1
5370014,0,1,1,1,1,0,1,1,1,1
5370016,0,0,0,1,1,1,1,0,1,0
5370018,0,0,0,1,1,0,1,0,1,0
5370020,0,0,0,0,1,0,1,1,1,0
5370022,0,1,0,0,1,1,0,0,1,0
5370024,0,0,0,1,1,1,0,0,1,0
5370026,0,0,0,0,1,1,0,1,1,0
5370028,0,0,0,0,1,0,1,0,1,0
5370030,0,0,1,0,1,0,1,1,1,0
5380002,0,1,1,0,1,1,1,1,1,0
5380004,0,0,0,1,1,1,1,0,1,0
5380006,0,0,0,0,1,1,0,0,1,0
5380008,0,0,1,1,1,1,1,1,1,0
5380010,0,0,0,0,1,1,1,0,1,1
5380012,0,0,0,0,1,1,1,0,1,0
5380014,0,0,0,0,1,1,0,1,1,0
5380016,0,0,0,0,1,1,1,0,1,1
5380018,0,0,1,0,1,1,1,0,1,0
5380020,0,0,0,0,1,1,0,1,1,0
5380022,0,0,0,0,1,1,1,0,1,0
5380024,0,0,0,1,1,1,1,0,1,0
5380026,0,0,0,0,1,1,1,1,1,1
5380028,0,1,0,0,1,1,1,1,1,0
5380030,0,1,0,1,0,1,1,0,0,1
5390002,0,1,0,0,1,1,1,1,1,0
5390004,0,1,0,0,1,0,0,0,1,0
5390006,0,0,0,1,1,1,1,0,1,0
5390008,0,0,0,0,1,1,1,1,1,0
5390010,0,0,0,1,1,1,1,0,1,1
5390012,0,1,0,0,1,0,0,0,0,0
5390014,0,0,0,0,1,0,1,1,1,0
5390016,0,0,0,0,0,0,0,0,0,0
5390018,0,0,0,1,1,1,1,0,1,0
5390020,0,0,0,0,1,1,0,1,1,0
5390022,0,0,0,1,1,0,0,0,1,0
5390024,0,0,0,1,1,0,1,1,1,1
5390026,0,0,0,0,1,0,1,1,1,0
5390028,0,0,0,1,1,0,1,0,1,0
5390030,0,0,1,0,1,0,1,1,1,0
5400002,0,1,1,0,1,1,0,1,1,1
5400004,0,0,0,0,1,1,1,1,1,0
5400006,0,0,0,0,1,1,0,0,1,0
5400008,0,0,0,0,1,1,0,1,1,0
5400010,0,0,0,0,0,1,1,0,1,0
5400012,0,0,0,0,1,1,1,0,1,0
5400014,0,1,0,0,1,1,1,1,1,0
5400016,0,1,0,0,0,1,0,0,0,0
5400018,0,1,0,0,1,1,0,0,1,0
5400020,0,0,0,0,0,1,0,0,0,0
5400022,0,0,0,0,1,1,0,0,1,0
5400024,0,1,0,0,0,1,0,0,1,0
5400026,0,0,0,0,1,1,0,1,1,0
5400028,0,0,0,0,1,1,0,0,1,0
5400030,0,0,0,0,1,1,1,0,1,0
5410002,0,0,0,1,1,0,1,1,1,0
5410004,0,0,0,1,0,1,0,0,1,0
5410006,0,0,1,0,1,0,0,0,1,0
5410008,0,0,0,0,0,1,0,1,1,0
5410010,0,0,0,0,0,0,1,0,1,0
5410012,0,0,0,1,0,0,1,0,1,1
5410014,0,0,0,1,1,0,1,1,1,1
5410016,0,0,0,0,0,0,0,0,1,0
5410018,1,1,0,0,1,0,0,0,1,0
5410020,0,0,0,0,0,1,0,1,1,0
5410022,0,1,0,0,0,0,0,0,1,0
5410024,0,0,1,0,1,1,0,0,1,0
5410026,0,1,1,1,1,0,1,1,1,0
5410028,0,0,0,0,0,0,0,0,0,0
5410030,0,0,0,0,1,0,1,0,1,0
5420002,0,0,0,0,1,1,1,1,1,0
5420004,0,0,0,1,1,1,1,0,0,0
5420006,0,0,1,1,1,0,0,0,0,0
5420008,0,0,0,1,1,0,0,1,0,0
5420010,0,0,0,1,1,1,1,0,1,0
5420012,0,0,0,1,1,1,1,0,1,0
5420014,0,0,0,1,1,1,1,1,1,0
5420016,0,0,0,1,1,0,1,1,1,0
5420018,0,0,0,1,1,0,1,0,1,0
5420020,0,0,0,1,1,0,1,1,1,0
5420022,0,0,1,1,1,1,1,0,1,0
5420024,0,1,0,1,1,0,1,0,1,0
5420026,0,0,0,0,1,0,0,1,1,0
5420028,0,0,0,1,1,1,1,0,1,0
5420030,0,0,0,0,1,0,1,0,0,0
5430002,0,0,0,0,0,0,0,0,0,0
5430004,0,1,0,0,0,0,0,0,1,0
5430006,0,0,0,0,0,0,1,0,0,0
5430008,0,0,0,1,0,0,1,1,1,0
5430010,0,0,0,0,0,0,0,0,1,0
5430012,0,0,0,0,0,1,0,0,1,0
5430014,0,0,0,0,0,0,0,0,1,0
5430016,0,0,0,0,0,0,0,0,1,1
5430018,0,0,1,0,0,0,0,0,1,0
5430020,0,0,0,0,0,0,0,1,1,0
5430022,0,0,0,0,0,0,1,0,0,0
5430024,0,0,0,0,0,0,0,0,1,0
5430026,0,0,0,0,0,0,0,0,0,0
5430028,0,1,0,0,0,1,0,0,0,0
5430030,0,1,0,1,0,1,1,0,1,1
5440002,0,0,0,1,1,1,1,1,1,1
5440004,0,0,1,1,1,1,1,0,1,1
5440006,0,0,0,1,1,1,0,0,1,1
5440008,0,0,1,1,1,1,1,0,1,1
5440010,0,0,0,0,1,1,1,0,1,1
5440012,0,0,0,0,1,0,0,0,1,0
5440014,0,0,0,0,1,1,1,0,1,1
5440016,0,0,0,1,1,1,1,1,1,1
5440018,0,1,0,1,1,1,1,0,1,0
5440020,1,1,0,1,1,1,1,0,0,1
5440022,0,0,0,0,1,1,1,0,1,0
5440024,0,0,0,1,1,1,1,0,1,0
5440026,0,0,0,1,1,1,0,0,1,0
5440028,0,1,0,1,1,1,1,1,1,0
5440030,0,1,0,1,1,1,1,1,1,1
5450002,0,0,0,0,0,0,1,0,0,1
5450004,0,0,0,1,0,0,0,1,0,0
5450006,0,0,0,1,0,0,1,1,0,0
5450008,0,0,0,1,0,0,1,0,0,0
5450010,0,0,1,1,0,0,0,1,0,0
5450012,0,0,0,0,0,0,0,0,1,0
5450014,0,0,0,0,0,0,0,1,0,0
5450016,1,1,0,0,0,0,1,1,0,0
5450018,0,0,0,0,0,0,0,1,0,0
5450020,0,0,0,0,0,0,1,1,0,0
5450022,0,0,0,1,0,0,1,0,0,0
5450024,0,0,0,0,0,0,0,0,1,0
5450026,0,0,0,1,0,0,1,0,1,1
5450028,0,0,0,1,0,0,0,0,1,1
5450030,0,0,0,0,0,0,1,0,0,0
5460002,0,0,0,0,0,0,0,0,1,0
5460004,0,0,0,1,0,0,1,0,0,0
5460006,0,1,0,0,0,0,1,0,1,0
5460008,0,0,0,0,0,0,1,0,0,0
5460010,0,0,0,0,0,0,0,1,0,0
5460012,0,0,0,0,0,0,0,0,0,0
5460014,0,0,0,0,0,0,1,0,0,0
5460016,0,0,0,0,0,0,0,0,0,0
5460018,0,1,0,0,0,0,0,0,0,0
5460020,0,0,0,0,0,0,0,1,0,0
5460022,0,0,0,0,0,0,0,0,0,0
5460024,0,1,0,0,0,0,0,0,0,0
5460026,0,0,0,0,0,0,1,1,1,0
5460028,0,0,0,0,0,0,0,0,0,0
5460030,0,0,0,0,0,0,1,1,0,0
5470002,0,0,1,0,0,0,0,0,0,0
5470004,0,0,0,0,0,0,1,0,1,0
5470006,0,0,0,1,0,0,0,0,1,0
5470008,0,0,0,0,0,0,0,0,0,0
5470010,0,0,0,1,0,0,1,1,0,0
5470012,0,0,0,1,0,0,1,1,1,0
5470014,0,0,0,0,0,0,0,0,0,0
5470016,0,0,0,0,0,0,0,0,0,0
5470018,0,0,0,0,0,0,1,0,1,0
5470020,0,0,0,0,0,0,0,0,0,0
5470022,0,0,0,0,0,0,0,0,0,0
5470024,0,1,0,0,0,0,0,0,1,0
5470026,0,0,0,0,0,0,0,0,0,0
5470028,0,0,0,0,0,0,0,0,0,0
5470030,0,0,0,0,0,0,0,0,0,0
5480002,0,0,0,0,0,0,0,0,0,0
5480004,0,0,0,1,0,0,0,0,1,0
5480006,0,0,0,0,0,0,1,0,0,0
5480008,0,0,0,0,0,0,0,0,0,0
5480010,0,0,0,0,0,0,0,0,0,0
5480012,0,0,0,0,0,0,0,0,0,0
5480014,0,1,0,0,0,0,1,0,0,0
5480016,0,0,0,0,0,0,1,0,0,1
5480018,0,0,1,1,0,0,0,0,0,0
5480020,0,0,0,0,0,0,0,0,0,0
5480022,0,0,0,0,0,0,0,0,0,0
5480024,0,0,0,0,0,0,0,0,0,0
5480026,0,0,0,0,0,0,0,0,0,0
5480028,0,1,0,0,0,0,0,0,0,0
5480030,0,0,0,0,0,0,0,0,1,0
5490002,0,0,0,0,0,0,1,0,0,0
5490004,0,0,0,0,0,0,0,1,1,0
5490006,0,1,0,1,0,0,1,1,0,1
5490008,0,0,0,0,0,0,0,0,0,0
5490010,0,0,0,0,0,0,0,0,1,0
5490012,0,0,0,0,0,0,0,0,0,1
5490014,0,1,0,0,0,0,0,0,0,0
5490016,0,0,0,0,0,0,0,0,0,0
5490018,0,0,0,0,0,0,0,0,0,0
5490020,0,0,0,0,0,0,0,0,0,0
5490022,0,0,0,1,0,0,0,1,1,1
5490024,0,0,0,0,0,0,1,0,0,0
5490026,0,0,0,0,0,0,0,0,0,0
5490028,0,0,0,0,0,0,1,0,1,0
5490030,0,0,0,0,0,0,0,0,1,0
5500002,0,0,0,0,0,0,1,0,0,0
5500004,,1,0,0,0,0,0,0,1,0
5500006,0,0,0,0,0,0,0,0,0,0
5500008,0,0,0,1,0,0,0,0,1,1
5500010,0,1,0,0,0,0,0,0,1,0
5500012,0,0,0,1,0,0,0,0,1,1
5500014,0,0,0,0,0,0,0,0,0,0
5500016,0,0,0,0,0,0,1,0,1,1
5500018,0,0,1,0,0,0,0,0,0,0
5500020,0,0,0,0,0,0,1,1,0,1
5500022,0,1,0,0,0,0,0,1,1,0
5500024,0,0,0,0,0,0,0,1,1,1
5500026,0,1,0,1,0,0,0,0,0,0
5500028,0,0,0,0,0,0,0,0,0,0
5500030,0,0,0,0,0,0,0,0,0,0
5510002,0,0,0,0,0,0,1,0,1,0
5510004,0,0,0,0,0,0,0,1,1,0
5510006,0,0,0,0,0,0,0,0,1,0
5510008,0,0,0,0,0,0,1,0,0,1
5510010,0,0,0,0,0,0,0,0,1,0
5510012,0,1,0,0,0,0,0,1,0,0
5510014,0,1,1,0,0,0,0,0,1,1
5510016,0,0,0,0,0,0,0,1,1,0
5510018,0,0,0,0,0,0,0,0,0,0
5510020,0,0,0,0,0,0,0,1,1,0
5510022,0,0,0,0,0,0,0,0,0,0
5510024,0,0,0,1,0,0,0,1,1,0
5510026,0,0,0,0,0,0,0,0,0,0
5510028,0,0,0,0,0,0,0,0,1,0
5510030,0,0,0,0,0,0,0,0,1,0
5520002,0,0,0,0,1,0,0,0,1,0
5520004,0,0,0,0,0,0,0,0,1,0
5520006,0,1,0,0,0,0,0,0,1,0
5520008,0,0,0,0,0,0,0,0,1,0
5520010,0,0,0,0,1,0,0,0,1,0
5520012,0,0,0,0,0,0,0,0,0,0
5520014,0,1,0,1,0,0,0,0,0,0
5520016,0,0,0,1,0,0,0,0,1,0
5520018,0,0,0,0,0,0,0,0,0,0
5520020,0,1,0,0,0,0,0,0,1,0
5520022,0,0,0,0,0,0,0,0,0,0
5520024,0,1,0,1,0,0,0,0,1,0
5520026,0,0,0,0,0,0,0,1,1,0
5520028,0,0,0,0,0,0,0,0,0,0
5520030,0,1,1,1,0,0,0,0,1,1
5530002,0,0,1,0,1,0,0,0,1,0
5530004,0,1,0,1,1,0,0,0,1,0
5530006,0,0,0,0,1,0,0,0,0,0
5530008,0,0,0,0,1,0,0,0,0,0
5530010,0,0,0,0,1,0,0,0,1,0
5530012,0,0,0,0,0,0,0,0,1,0
5530014,0,0,0,0,0,0,0,0,0,0
5530016,0,0,0,1,0,0,0,0,1,0
5530018,0,0,0,0,0,0,0,0,0,0
5530020,0,0,0,0,0,0,0,0,1,0
5530022,0,0,0,0,0,0,0,0,0,0
5530024,0,0,0,1,0,0,0,0,0,0
5530026,0,1,0,0,0,0,0,0,0,0
5530028,0,0,0,1,1,0,0,0,0,0
5530030,0,0,0,1,1,0,0,0,1,0
5540002,0,0,0,1,0,0,1,0,1,0
5540004,0,0,0,1,0,0,0,0,1,0
5540006,0,0,1,0,0,0,0,0,1,0
5540008,0,0,0,0,0,0,0,0,1,0
5540010,0,0,0,0,0,0,0,0,0,0
5540012,0,0,0,1,0,0,0,1,1,1
5540014,0,0,0,1,0,0,0,1,0,0
5540016,0,0,0,0,0,0,0,0,0,0
5540018,0,0,0,0,0,0,0,0,0,0
5540020,0,0,0,1,0,0,1,0,0,0
5540022,0,0,0,1,0,0,1,0,1,0
5540024,0,1,0,0,0,0,0,0,1,0
5540026,0,0,0,1,0,0,0,1,1,0
5540028,0,0,0,0,0,0,0,0,0,0
5540030,0,0,0,0,0,0,1,0,0,0
5550002,0,0,0,1,0,0,1,0,0,1
5550004,0,0,0,0,0,0,0,0,0,0
5550006,0,0,0,0,0,0,0,0,1,0
5550008,0,0,0,0,0,0,0,0,0,0
5550010,0,0,0,1,0,0,0,0,1,0
5550012,0,1,1,1,0,0,0,0,0,0
5550014,0,0,0,0,0,0,1,0,0,0
5550016,0,0,1,0,0,0,0,0,0,0
5550018,0,0,0,0,0,0,0,0,0,0
5550020,0,0,0,1,0,0,0,0,1,0
5550022,0,0,0,0,0,0,0,0,0,0
5550024,0,0,0,0,0,0,0,0,0,0
5550026,0,0,0,1,0,0,0,0,0,0
5550028,0,0,0,0,0,0,0,0,0,0
5550030,0,0,0,0,0,0,0,0,0,0
5560002,0,0,0,0,0,0,0,0,0,0
5560004,0,0,1,1,0,0,0,1,0,1
5560006,0,1,0,0,0,0,0,0,0,0
5560008,0,0,0,0,0,0,0,0,0,0
5560010,0,1,0,0,0,0,0,0,0,0
5560012,0,0,0,0,0,0,0,0,0,0
5560014,0,0,0,0,0,0,0,0,0,0
5560016,0,0,0,1,0,0,1,0,1,0
5560018,0,1,0,0,0,0,0,0,1,0
5560020,0,1,0,0,0,0,0,0,0,0
5560022,0,0,0,0,0,0,0,0,0,0
5560024,0,1,1,1,0,0,0,0,1,0
5560026,0,0,0,0,0,0,0,0,0,0
5560028,0,0,0,0,0,0,1,0,0,1
5560030,0,0,0,1,0,0,0,0,1,0
5570002,0,1,0,0,1,0,0,0,0,0
5570004,0,0,0,1,1,0,1,0,1,0
5570006,0,0,0,0,1,0,0,0,0,0
5570008,0,0,0,0,1,0,1,1,1,0
5570010,0,1,0,0,1,0,1,0,1,1
5570012,0,0,0,1,1,0,0,0,0,0
5570014,0,0,0,1,1,0,0,0,1,0
5570016,0,1,1,1,1,0,0,0,1,0
5570018,0,0,0,1,1,0,0,0,0,0
5570020,0,0,0,1,1,0,0,1,1,0
5570022,0,0,1,1,1,0,0,1,1,0
5570024,0,0,0,1,1,0,1,0,1,0
5570026,0,0,0,1,1,0,1,0,0,0
5570028,0,0,0,1,1,0,0,0,1,0
5570030,0,0,0,0,0,0,0,0,1,0
5580002,0,0,0,1,1,0,0,0,1,0
5580004,0,0,0,0,0,0,0,0,1,0
5580006,0,0,1,1,0,0,1,1,1,0
5580008,0,0,0,1,0,0,1,0,0,0
5580010,0,0,0,0,0,0,0,0,0,0
5580012,0,0,0,0,0,0,1,0,1,0
5580014,0,0,0,0,0,0,1,0,1,0
5580016,0,0,0,1,1,0,0,1,1,1
5580018,0,0,0,0,0,0,0,0,0,0
5580020,0,0,0,0,0,0,0,1,0,0
5580022,0,0,0,0,0,0,1,0,1,0
5580024,0,0,0,1,1,0,1,0,1,0
5580026,0,0,0,0,0,0,0,0,1,0
5580028,0,0,0,0,1,0,0,0,1,0
5580030,1,1,0,0,1,0,0,0,1,0
5590002,0,0,0,0,0,0,1,0,1,0
5590004,0,0,0,0,0,0,0,0,0,0
5590006,0,0,0,0,0,0,0,0,0,0
5590008,0,0,0,1,0,0,1,1,0,1
5590010,0,0,0,0,0,0,0,0,1,0
5590012,0,0,1,1,0,0,0,0,1,0
5590014,0,0,0,0,0,0,0,0,0,0
5590016,0,1,0,0,0,0,0,0,0,0
5590018,0,0,0,1,0,0,1,0,1,0
5590020,0,0,0,0,0,0,0,0,0,0
5590022,0,0,0,1,0,0,1,0,1,0
5590024,0,0,0,0,1,0,0,0,1,0
5590026,0,0,0,0,1,0,1,0,1,0
5590028,0,0,0,0,0,0,1,0,1,0
5590030,0,0,0,0,0,0,1,0,1,0
5600002,0,1,0,0,1,0,0,0,1,0
5600004,0,0,0,0,0,0,0,0,0,0
5600006,0,1,0,0,0,0,1,0,0,0
5600008,0,0,0,1,1,0,1,1,1,0
5600010,0,0,0,0,0,0,0,0,0,0
5600012,0,0,0,0,0,0,0,0,1,0
5600014,0,0,0,0,0,0,1,0,0,0
5600016,0,0,0,0,0,0,0,0,0,0
5600018,0,0,0,0,0,0,0,0,0,0
5600020,0,0,0,0,0,0,0,0,0,0
5600022,0,0,0,0,0,0,0,0,0,0
5600024,0,0,0,0,0,0,1,0,0,0
5600026,0,0,0,0,0,0,0,0,1,0
5600028,0,1,0,0,0,0,1,0,1,0
5600030,0,0,0,0,0,0,0,0,0,0
5610002,0,1,1,0,0,0,1,0,1,0
5610004,0,0,0,0,0,0,0,1,0,0
5610006,0,0,0,1,0,0,1,1,1,1
5610008,0,0,0,0,0,0,0,0,1,0
5610010,0,0,0,0,0,0,0,0,1,0
5610012,0,0,0,0,0,0,1,0,0,0
5610014,0,0,0,0,0,0,1,0,0,0
5610016,0,0,0,0,0,0,0,0,0,0
5610018,0,0,0,0,0,0,0,0,0,0
5610020,0,0,0,0,0,0,1,0,0,0
5610022,0,0,0,0,0,0,0,0,1,0
5610024,0,0,0,0,0,0,0,0,0,0
5610026,0,0,0,0,0,0,0,1,1,0
5610028,0,0,0,0,0,0,0,0,0,0
5610030,0,0,0,0,0,0,0,0,0,0
5620002,0,1,0,0,0,0,0,0,1,0
5620004,0,0,0,1,0,0,0,0,1,0
5620006,0,0,0,0,0,0,0,0,1,0
5620008,0,0,0,0,0,0,0,0,1,0
5620010,0,0,0,1,0,0,1,0,1,0
5620012,0,0,0,0,0,0,1,0,1,0
5620014,0,0,0,0,0,0,0,0,0,0
5620016,0,0,0,0,0,0,0,0,1,0
5620018,0,0,0,0,0,0,1,0,0,0
5620020,0,0,1,1,0,0,1,0,1,0
5620022,0,0,1,0,0,0,0,0,0,0
5620024,0,0,0,0,0,0,1,0,1,0
5620026,0,1,0,0,0,0,0,0,0,0
5620028,0,0,0,0,0,0,0,0,0,0
5620030,0,0,0,0,0,0,0,0,1,0
5630002,0,0,0,1,0,0,1,0,0,0
5630004,0,1,0,0,0,0,0,0,0,0
5630006,0,0,0,1,0,0,1,0,0,0
5630008,0,1,0,0,0,0,0,0,1,0
5630010,0,0,0,0,0,0,1,0,1,0
5630012,0,0,1,1,0,0,0,0,0,0
5630014,0,0,0,1,1,0,1,0,1,1
5630016,0,0,0,1,1,0,1,0,1,0
5630018,0,0,0,0,0,0,0,0,0,0
5630020,0,0,0,0,0,0,1,0,1,0
5630022,0,0,1,1,1,0,0,0,1,0
5630024,0,0,0,1,0,0,1,0,0,0
5630026,0,0,0,0,0,0,1,0,0,0
5630028,0,0,0,0,0,0,0,0,1,0
5630030,0,0,0,1,0,0,1,0,1,0
5640002,0,0,0,0,0,0,0,0,0,0
5640004,0,1,0,0,0,0,0,0,1,0
5640006,0,0,0,0,0,0,0,0,0,0
5640008,0,0,0,0,0,0,0,0,0,0
5640010,0,0,1,0,0,0,0,0,1,0
5640012,0,0,0,0,0,0,0,0,0,0
5640014,0,0,0,0,0,0,0,0,0,0
5640016,0,0,0,0,0,0,0,0,0,0
5640018,0,0,0,0,0,0,0,0,0,0
5640020,0,0,0,0,0,0,1,1,0,0
5640022,0,0,0,0,0,0,0,0,0,0
5640024,0,0,0,0,0,0,0,0,0,0
5640026,0,1,0,1,0,0,1,0,0,0
5640028,0,0,0,0,0,0,0,0,0,0
5640030,0,1,0,0,0,0,0,0,0,0
5650002,0,0,0,0,0,0,1,0,1,0
5650004,0,0,0,0,0,0,0,0,0,0
5650006,0,0,0,0,0,0,0,0,0,0
5650008,0,0,0,0,1,0,0,0,1,0
5650010,0,0,0,1,1,0,1,0,1,0
5650012,0,0,0,1,1,0,1,0,1,0
5650014,0,0,0,0,1,0,1,0,0,0
5650016,0,0,1,0,1,0,1,0,0,0
5650018,0,0,0,0,1,0,0,0,1,0
5650020,0,0,1,1,1,0,1,0,0,0
5650022,0,0,0,0,1,0,0,0,1,0
5650024,0,0,0,1,1,0,0,1,1,0
5650026,0,0,0,1,1,0,1,0,1,1
5650028,0,0,0,1,0,0,1,0,0,0
5650030,0,0,1,1,0,0,0,0,1,0
5660002,0,0,0,0,0,0,0,0,0,0
5660004,0,0,0,0,0,0,0,0,0,0
5660006,0,0,0,0,0,0,1,0,0,0
5660008,0,0,0,0,0,0,0,0,1,0
5660010,0,0,0,0,0,0,0,0,0,0
5660012,0,0,0,0,0,0,1,0,0,0
5660014,0,0,0,0,0,0,0,0,0,0
5660016,0,1,0,0,0,0,0,1,0,0
5660018,0,0,0,0,0,0,0,0,0,0
5660020,0,0,0,0,0,0,0,0,0,0
5660022,0,0,0,0,0,0,0,0,0,0
5660024,0,0,0,0,0,0,0,0,0,0
5660026,0,1,0,0,0,0,0,1,0,0
5660028,0,0,0,0,0,0,0,0,0,0
5660030,0,0,0,0,0,0,0,0,0,0
5670002,0,0,0,0,0,0,1,0,0,0
5670004,0,0,0,0,0,0,1,0,0,0
5670006,0,1,1,0,0,0,0,0,0,0
5670008,0,0,0,1,0,0,0,0,0,0
5670010,0,1,1,0,0,0,0,0,0,0
5670012,0,0,0,0,0,0,0,0,1,0
5670016,0,0,0,1,0,0,0,0,1,0
5670018,0,0,0,0,0,0,0,1,1,0
5670020,0,0,0,0,0,0,0,0,1,0
5670022,0,0,0,0,0,0,0,0,0,0
5670024,0,0,0,0,0,0,1,1,0,1
5670026,0,0,0,0,0,0,1,1,0,0
5670028,0,1,0,1,0,0,1,1,0,0
5670030,0,0,0,0,0,0,0,0,0,0
5680002,0,0,0,0,0,0,0,0,0,0
5680004,0,0,0,0,0,0,0,0,0,0
5680006,0,1,0,1,1,0,1,0,1,0
5680008,0,0,0,0,0,0,1,0,0,0
5680010,0,0,0,0,0,0,1,1,0,1
5680012,0,1,0,0,0,0,0,0,1,0
5680014,0,0,0,0,0,0,1,0,0,0
5680016,0,0,0,0,0,0,0,0,0,0
5680018,0,1,0,1,0,0,1,1,0,0
5680020,0,0,0,0,0,0,0,0,0,0
5680022,0,0,0,0,0,0,0,0,0,0
5680024,0,1,0,0,1,0,0,1,0,0
5680026,0,1,0,0,0,0,1,0,0,0
5680028,0,0,0,0,0,0,0,0,0,0
5680030,0,0,0,0,1,0,0,1,0,0
5690002,0,0,0,1,0,0,1,0,0,0
5690004,0,0,0,0,0,0,0,0,1,0
5690006,0,0,0,0,0,0,1,0,0,0
5690008,0,1,0,0,0,0,0,0,0,0
5690010,0,0,0,1,0,0,0,0,0,0
5690012,0,0,0,1,0,0,1,0,0,0
5690014,0,1,0,0,0,0,0,0,0,0
5690016,0,0,0,1,0,0,0,0,0,0
5690018,0,0,0,0,1,0,1,1,1,0
5690020,0,0,0,1,0,0,0,0,0,0
5690022,0,0,0,0,0,0,0,0,0,0
5690024,0,0,0,0,0,0,0,0,0,0
5690026,0,0,0,1,0,0,0,0,0,0
5690028,0,0,0,0,0,0,0,0,0,0
5690030,0,0,0,0,0,0,1,0,0,0
5700002,0,0,0,0,0,0,0,0,0,0
5700004,0,0,0,0,0,0,0,0,0,0
5700006,0,0,0,0,0,0,0,0,0,0
5700008,,1,0,1,0,0,0,0,1,0
5700010,0,0,0,0,0,0,0,0,0,0
5700012,0,0,0,0,0,0,1,0,0,0
5700014,0,0,0,0,0,0,0,0,1,0
5700016,0,1,0,0,0,0,0,0,0,0
5700018,0,0,0,0,0,0,0,0,0,0
5700020,0,0,0,1,0,0,0,0,0,0
5700022,0,0,0,0,0,0,0,0,0,0
5700024,0,0,0,1,0,0,0,0,1,0
5700026,0,0,0,0,0,0,0,0,1,0
5700028,0,0,0,0,0,0,1,0,0,0
5700030,0,0,0,1,0,0,0,0,0,0
5710002,0,0,0,0,0,0,0,0,1,0
5710004,0,0,0,0,0,0,0,0,0,0
5710006,0,0,0,0,0,0,1,0,0,0
5710008,0,0,0,0,0,0,0,0,1,0
5710010,0,0,0,0,0,0,0,0,0,0
5710012,0,0,1,0,0,0,0,0,0,0
5710014,0,0,0,0,0,0,0,0,0,0
5710016,0,0,0,0,0,0,0,0,0,0
5710018,0,0,0,0,0,0,0,0,0,0
5710020,0,0,0,0,0,0,0,0,0,0
5710022,0,0,0,0,0,0,0,0,0,0
5710024,0,0,1,0,0,0,1,0,0,0
5710026,0,0,0,0,0,0,1,0,0,1
5710028,0,0,0,0,0,0,0,0,0,0
5710030,0,0,0,1,0,0,0,0,0,0
5720002,0,0,0,0,0,0,0,0,0,0
5720004,0,0,1,0,0,0,0,0,0,0
5720006,0,1,0,0,0,0,1,0,0,0
5720008,0,0,0,0,0,0,0,0,0,0
5720010,1,0,0,0,0,0,1,0,0,0
5720012,0,0,0,0,0,0,0,0,0,0
5720014,0,0,0,0,0,0,1,0,0,0
5720016,0,1,0,0,0,0,1,0,0,0
5720018,0,1,0,0,0,0,0,0,0,0
5720020,0,0,0,0,0,0,0,0,0,0
5720022,0,0,0,0,0,0,0,0,1,0
5720024,0,0,0,0,0,0,0,0,1,0
5720026,0,0,0,0,0,0,1,0,0,0
5720028,0,0,0,0,0,0,1,0,0,0
5720030,0,0,0,0,0,0,0,1,0,0
5730002,0,1,0,0,0,0,1,0,0,0
5730004,0,0,0,0,0,0,0,0,1,0
5730006,0,1,0,0,0,0,0,0,0,0
5730008,0,0,0,0,0,0,0,0,1,0
5730010,0,0,0,0,0,0,0,0,1,0
5730012,0,0,0,1,0,0,0,0,1,0
5730014,0,0,1,0,0,0,0,0,0,0
5730016,0,0,1,0,0,0,0,0,0,0
5730018,0,0,1,0,0,0,0,0,0,0
5730020,0,1,0,0,0,0,1,1,0,0
5730022,0,0,0,1,0,0,0,0,1,1
5730024,0,0,0,0,0,0,0,0,1,0
5730026,0,0,0,1,0,0,0,0,1,0
5730028,0,0,0,1,0,0,1,1,1,1
5730030,0,0,0,0,0,0,0,0,0,0
5740002,0,0,0,0,0,0,0,0,0,0
5740004,0,0,0,0,0,0,0,0,1,0
5740006,0,0,0,0,0,0,0,0,0,0
5740008,0,0,0,1,0,0,0,0,0,0
5740010,0,0,0,0,0,0,0,0,1,1
5740012,0,0,1,0,0,1,0,0,1,0
5740014,0,0,0,1,0,0,0,0,0,0
5740016,0,0,0,0,0,0,0,0,0,0
5740018,0,1,1,0,0,0,0,0,1,0
5740020,0,1,0,0,0,1,1,0,1,0
5740022,0,0,0,0,0,0,0,0,0,0
5740024,0,0,0,0,0,1,0,0,1,0
5740026,0,0,0,0,0,0,0,0,0,0
5740028,0,0,0,0,0,0,0,0,0,0
5740030,0,0,1,0,0,0,0,0,0,0
5750002,0,1,1,1,0,0,1,0,0,0
5750004,0,0,0,,0,0,1,1,1,0
5750006,0,0,0,0,0,0,0,0,0,0
5750008,0,0,1,0,0,0,0,0,0,0
5750010,0,1,1,0,0,0,1,0,1,0
5750012,0,0,0,1,1,0,1,1,1,1
5750014,0,0,0,1,0,0,0,0,0,0
5750016,0,0,0,0,0,0,0,0,0,0
5750018,0,0,0,0,0,0,0,0,1,0
5750020,0,0,0,0,0,0,0,1,0,0
5750022,0,0,0,0,0,0,0,0,0,0
5750024,0,0,0,1,0,0,0,0,0,0
5750026,0,0,0,0,0,0,0,0,0,0
5750028,0,0,0,1,0,0,1,0,0,0
5750030,0,0,0,0,0,0,0,0,0,0
5760002,0,0,0,0,0,0,0,0,0,0
5760004,0,0,0,0,0,0,0,0,0,0
5760006,0,0,0,0,0,0,1,0,0,0
5760008,0,0,0,0,0,0,0,0,0,0
5760010,0,0,0,0,0,0,0,0,1,0
5760012,0,0,0,0,0,1,0,0,0,0
5760014,0,0,0,0,0,0,0,0,0,0
5760016,0,0,0,0,0,0,1,1,0,0
5760018,0,0,0,0,0,1,0,0,0,0
5760020,0,0,0,0,0,0,0,0,0,0
5760022,0,0,1,0,0,1,0,0,0,0
5760024,0,0,1,0,0,1,0,0,0,0
5760026,0,0,0,1,0,1,0,1,1,0
5760028,0,0,1,0,0,1,0,0,0,0
5760030,0,0,1,0,0,0,0,0,0,0
5770002,0,0,0,1,0,0,0,0,1,0
5770004,0,0,1,0,0,1,1,0,0,1
5770006,0,0,0,1,0,0,1,0,0,0
5770008,0,0,0,1,0,0,0,0,0,1
5770010,0,0,0,1,0,0,0,0,0,0
5770014,0,0,1,0,0,0,0,0,0,0
5770016,0,0,0,1,0,0,0,1,0,0
5770018,0,0,1,0,0,0,0,0,0,0
5770020,0,0,0,0,0,0,0,0,1,0
5770022,0,0,0,0,0,0,1,0,0,0
5770024,0,1,0,0,0,0,0,0,0,0
5770026,0,0,1,1,0,0,1,0,0,0
5770028,0,0,0,1,0,0,1,1,0,0
5770030,0,0,0,0,0,0,0,0,0,0
5780002,0,0,1,,0,0,0,0,0,0
5780004,0,1,0,0,0,0,0,0,0,0
5780006,0,0,0,1,0,0,1,0,0,0
5780008,0,0,0,0,0,0,0,0,1,0
5780010,0,1,1,0,0,0,0,0,0,0
5780012,0,1,0,0,0,0,0,0,0,0
5780014,0,1,0,0,0,1,0,0,0,0
5780016,0,0,0,0,0,0,0,0,0,0
5780018,0,0,0,0,0,0,0,0,0,0
5780020,0,0,0,0,0,0,1,0,1,0
5780022,0,0,0,0,0,0,1,0,0,0
5780024,0,0,0,0,0,1,0,0,1,0
5780026,0,0,0,1,0,0,0,0,0,0
5780028,0,0,0,0,0,0,0,0,0,0
5790002,0,1,0,0,0,0,0,0,0,0
5790004,0,0,0,0,0,0,0,0,0,0
5790006,0,0,1,0,0,1,0,0,0,0
5790008,0,0,0,1,0,0,1,0,0,0
5790010,0,1,1,0,0,0,1,0,0,0
5790012,0,0,1,0,0,0,0,0,0,0
5790014,0,0,0,1,0,0,0,0,0,0
5790016,0,0,0,0,0,0,1,0,0,0
5790018,0,0,0,0,0,1,0,0,1,0
5790020,0,0,0,0,0,0,0,0,0,0
5790022,0,0,0,0,0,0,0,0,0,0
5790024,0,0,0,0,0,0,0,0,0,0
5790026,0,0,0,0,0,0,1,1,0,0
5790028,0,0,0,0,0,1,0,0,0,0
5790030,0,0,0,0,0,0,1,0,0,0
5800002,0,0,1,1,0,0,1,0,0,0
5800004,0,0,0,0,0,0,0,0,0,0
5800006,0,0,1,0,0,0,0,0,1,0
5800008,0,0,0,1,1,0,1,1,1,0
5800010,0,1,0,0,0,1,1,0,1,1
5800012,0,0,0,0,0,0,1,0,1,0
5800014,0,1,0,1,0,0,1,0,1,0
5800016,0,0,1,0,0,0,0,0,1,0
5800018,0,0,0,1,0,0,0,0,1,0
5800020,0,0,0,0,0,0,1,0,0,0
5800022,0,0,0,1,0,0,1,0,0,0
5800024,0,0,0,1,0,0,1,0,1,1
5800028,0,0,0,0,0,0,0,0,0,0
5800030,0,0,0,1,1,0,1,1,1,1
5810002,0,0,0,0,0,0,0,1,1,0
5810004,0,1,0,0,0,0,0,0,0,0
5810006,0,0,0,0,0,0,0,0,0,0
5810008,0,0,0,1,0,0,0,0,0,0
5810010,0,0,0,0,0,0,0,0,0,0
5810012,0,0,0,0,0,0,0,0,0,0
5810014,0,0,0,1,0,0,0,0,1,0
5810016,0,0,0,0,0,0,0,0,1,0
5810018,0,0,0,0,0,0,0,0,0,0
5810020,0,0,0,0,0,0,1,0,1,0
5810022,0,0,0,0,0,0,1,0,1,0
5810024,0,0,0,1,0,0,1,0,0,0
5810026,0,0,1,0,0,0,0,0,0,0
5810028,0,0,1,0,0,0,1,0,1,0
5810030,0,0,0,0,0,1,0,0,1,0
5820002,0,1,0,0,0,0,0,0,0,0
5820004,0,0,0,0,0,0,0,0,0,0
5820006,0,0,0,0,0,0,0,0,0,0
5820008,0,0,0,1,0,0,1,0,0,1
5820010,0,0,0,1,0,0,1,0,1,0
5820012,0,0,0,0,0,0,0,0,1,0
5820014,0,0,0,0,0,0,0,0,0,0
5820016,0,0,0,0,0,0,0,0,0,0
5820018,0,0,0,0,0,0,0,0,0,0
5820020,0,0,0,0,0,0,0,0,0,0
5820022,0,0,0,1,0,0,0,0,0,0
5820024,0,1,0,1,0,0,1,0,0,0
5820026,0,0,0,0,0,0,0,1,0,0
5820028,0,0,0,0,0,0,0,0,0,0
5820030,0,1,0,0,0,0,0,0,0,0
5830002,1,0,0,0,0,0,0,0,0,0
5830004,0,0,0,0,0,0,0,0,1,0
5830006,0,0,0,0,0,0,1,0,1,0
5830008,0,0,0,0,0,1,1,0,0,0
5830010,0,0,0,1,0,0,1,0,0,0
5830012,0,0,0,0,0,0,0,0,0,0
5830014,0,0,0,0,0,0,0,0,0,0
5830016,0,0,0,0,0,0,0,0,0,0
5830018,0,0,0,1,0,0,0,0,1,0
5830020,0,0,0,0,0,0,0,1,1,0
5830022,0,0,0,0,0,0,0,0,1,0
5830024,0,0,0,1,0,0,0,0,0,1
5830026,0,0,0,0,0,0,0,0,1,0
5830028,0,0,0,0,0,0,0,0,0,0
5830030,0,0,0,1,0,0,0,1,1,1
5840002,0,0,0,0,0,0,1,1,1,0
5840004,0,0,0,0,0,0,0,0,0,0
5840006,0,1,0,0,0,0,0,1,0,0
5840008,0,0,0,1,0,0,0,0,1,1
5840010,0,0,1,0,0,0,0,0,1,0
5840012,0,0,0,0,0,0,0,0,0,0
5840014,0,0,0,1,0,0,0,1,1,0
5840016,0,1,0,0,0,0,0,0,1,0
5840018,0,0,0,0,0,0,0,0,1,0
5840020,0,0,0,0,0,0,0,0,0,0
5840022,0,0,0,1,0,0,0,0,0,0
5840024,0,0,0,0,0,0,0,1,0,0
5840026,0,0,0,0,0,0,0,0,1,0
5840028,0,1,0,0,0,0,0,0,0,0
5840030,0,1,0,0,0,0,0,0,0,0
5850002,0,0,0,1,0,0,0,0,0,0
5850004,0,0,0,1,0,0,0,0,1,0
5850006,0,0,0,0,0,0,0,0,0,0
5850008,0,0,0,0,0,0,0,0,0,0
5850010,0,0,0,0,0,0,0,0,0,0
5850012,0,0,1,0,0,0,0,0,0,0
5850014,0,1,0,0,0,0,0,0,0,0
5850016,0,0,0,0,0,0,0,1,0,0
5850018,0,0,1,0,0,0,0,0,0,0
5850020,0,0,0,0,0,0,0,0,0,0
5850022,0,0,0,0,0,0,0,0,0,0
5850024,0,0,0,0,0,0,0,0,0,0
5850026,0,0,0,0,0,0,0,0,0,0
5850028,0,0,0,0,0,0,0,0,0,0
5850030,0,0,0,,0,0,0,0,0,0
5860002,0,0,0,1,0,0,0,0,0,0
5860004,0,0,0,0,0,0,0,0,1,0
5860006,0,0,0,0,0,0,1,0,0,0
5860008,0,0,0,0,0,0,0,0,1,0
5860010,0,0,0,1,0,0,1,1,0,1
5860012,0,0,0,0,0,0,0,0,0,0
5860014,0,0,0,0,0,0,0,0,1,0
5860016,0,0,0,1,0,0,0,0,0,0
5860018,0,0,0,0,0,0,0,0,1,0
5860020,,,0,0,0,0,0,0,0,0
5860022,0,0,0,1,0,0,0,0,0,0
5860024,0,0,0,0,0,0,0,0,0,0
5860026,0,0,0,0,0,0,0,0,1,0
5860028,0,0,0,0,0,0,0,0,0,0
5860030,0,0,0,0,0,0,0,0,0,0
5870002,0,0,0,0,0,0,0,0,1,0
5870004,0,0,0,0,0,0,0,0,1,0
5870006,0,0,0,0,0,0,0,0,0,0
5870008,0,0,0,1,0,0,0,0,1,1
5870010,1,0,0,0,0,0,0,0,0,0
5870012,0,1,0,0,0,0,0,0,0,0
5870014,0,0,0,0,0,0,0,0,0,0
5870016,0,0,0,0,0,0,0,1,1,0
5870018,0,0,0,0,0,0,0,0,1,0
5870020,0,0,0,0,0,0,0,0,0,0
5870022,0,1,0,0,0,0,1,0,1,0
5870024,0,0,1,0,0,0,0,0,0,0
5870026,0,0,1,0,0,0,0,0,0,0
5870028,0,1,0,0,0,0,0,0,0,0
5870030,0,0,1,0,0,0,0,0,1,0
5880002,0,0,0,0,0,0,0,0,0,0
5880004,0,0,0,0,0,0,0,0,0,0
5880006,0,0,0,0,0,0,0,0,0,0
5880008,0,0,0,0,0,0,0,0,0,0
5880010,0,0,0,0,0,0,0,0,1,0
5880012,0,0,1,0,0,0,0,0,0,0
5880014,0,0,0,0,0,0,0,0,1,0
5880016,0,0,1,0,0,0,0,0,1,0
5880018,0,0,1,0,0,0,0,0,0,0
5880020,0,0,1,0,0,0,0,0,1,0
5880022,0,1,0,0,0,0,0,0,0,0
5880024,0,0,0,0,0,0,0,0,1,0
5880026,0,0,0,0,0,0,1,0,1,0
5880028,0,0,0,0,0,0,0,0,0,0
5880030,0,0,0,0,0,0,0,0,0,0
5890002,0,0,0,0,0,0,0,0,0,0
5890004,0,0,0,1,0,0,0,0,1,0
5890006,0,1,0,0,0,0,0,0,0,0
5890008,0,0,0,1,0,0,0,0,1,0
5890010,0,0,0,0,0,0,0,0,1,0
5890012,0,0,1,0,0,0,0,0,0,0
5890014,0,1,1,0,0,0,0,0,0,0
5890016,0,0,1,0,0,0,0,0,1,0
5890018,0,0,0,0,0,0,0,1,1,0
5890020,0,0,1,0,0,0,0,0,1,0
5890022,0,0,0,0,0,0,0,0,1,0
5890024,0,1,0,1,0,0,0,0,1,0
5890026,0,0,0,0,0,0,0,0,0,0
5890028,0,1,0,0,0,0,0,0,0,0
5890030,0,0,0,0,0,0,0,0,0,0
5900002,0,0,0,0,0,0,0,0,0,0
5900004,0,0,0,0,0,0,1,0,0,0
5900006,0,0,0,1,0,0,1,0,0,0
5900008,0,0,0,,0,0,0,0,0,0
5900010,0,0,0,0,0,0,1,1,0,1
5900012,0,0,0,0,0,0,0,0,1,0
5900014,0,1,1,1,0,0,0,0,0,0
5900016,0,0,1,0,0,0,0,0,0,0
5900018,0,0,0,0,0,0,0,0,0,0
5900020,0,0,0,0,0,1,0,0,0,0
5900022,0,0,0,0,0,0,0,0,0,0
5900024,0,0,0,0,0,0,0,0,0,0
5900026,0,0,0,0,0,0,0,1,1,0
5900028,0,0,0,0,0,0,0,0,0,0
5900030,0,0,1,0,0,0,1,0,1,0
5910002,0,0,1,0,0,0,0,0,0,0
5910004,0,0,1,0,0,0,0,0,1,0
5910006,0,0,0,0,0,0,0,0,0,0
5910008,0,0,0,0,0,0,1,0,1,0
5910010,0,0,0,1,0,0,0,0,1,0
5910012,0,0,0,0,0,0,1,0,0,0
5910014,0,0,0,0,0,0,0,0,0,0
5910016,0,1,0,0,0,1,0,0,0,0
5910018,0,0,0,0,0,0,0,0,0,0
5910020,0,0,0,0,0,0,1,0,0,0
5910022,0,0,0,0,0,0,0,0,0,0
5910024,0,0,0,0,0,0,0,0,0,0
5910026,0,1,0,0,0,0,0,1,1,0
5910028,0,1,0,0,0,0,0,0,1,0
5910030,0,0,0,0,0,1,0,0,0,0
5920002,0,0,0,0,0,0,0,0,1,0
5920004,0,0,0,0,0,0,0,0,1,0
5920006,0,0,1,0,0,0,0,0,1,0
5920008,0,0,1,0,0,0,0,0,1,0
5920010,0,0,0,0,0,0,1,1,1,0
5920012,0,0,0,0,0,0,0,0,1,0
5920014,0,1,0,0,0,0,0,0,0,0
5920016,0,0,0,,0,0,0,0,0,0
5920018,0,0,0,0,0,0,0,0,1,0
5920020,0,0,0,0,0,0,0,0,0,0
5920022,0,0,0,0,0,0,1,0,0,0
5920024,0,0,0,0,0,0,0,0,1,0
5920026,0,0,0,0,0,0,0,0,0,0
5920028,0,0,0,0,0,0,0,0,0,0
5920030,0,0,0,0,0,0,1,0,1,1
5930002,0,0,0,0,0,0,0,0,0,0
5930004,0,0,0,0,0,0,0,0,0,0
5930006,0,0,0,0,0,0,0,0,0,0
5930008,0,0,0,0,0,0,0,0,0,0
5930010,0,0,0,0,0,0,0,0,0,0
5930012,0,0,0,0,0,0,0,0,0,0
5930014,0,0,1,0,0,0,0,0,0,0
5930016,0,0,0,0,0,0,0,0,0,1
5930018,0,1,1,0,0,0,0,0,0,0
5930020,0,0,0,0,0,0,0,0,0,0
5930022,0,0,0,0,0,0,0,0,0,0
5930024,0,0,0,0,0,0,0,0,0,0
5930026,0,0,0,1,0,0,0,0,0,0
5930028,0,0,0,1,0,0,0,0,0,0
5930030,0,0,0,0,0,0,0,0,0,0
5940002,0,0,0,0,0,0,1,0,1,0
5940004,0,0,0,1,0,0,0,0,1,0
5940006,0,0,0,0,0,0,0,0,1,0
5940008,0,0,0,0,0,1,0,0,0,0
5940010,0,0,0,0,0,0,0,0,0,0
5940012,0,0,0,1,0,0,0,0,0,0
5940014,0,0,0,1,0,0,0,0,0,0
5940016,0,1,0,1,0,0,1,0,1,1
5940018,0,0,0,0,0,0,0,0,1,0
5940020,0,0,0,1,0,0,0,0,0,1
5940022,0,0,0,0,0,0,0,1,1,1
5940024,0,0,0,1,0,1,1,1,1,0
5940026,0,1,0,0,0,1,1,0,1,0
5940028,0,0,0,1,0,1,1,1,0,1
5940030,0,1,0,0,0,1,1,0,0,1
5950002,0,0,0,0,0,1,1,0,0,0
5950004,0,0,0,1,0,0,0,1,0,0
5950006,0,0,1,0,0,0,0,0,0,0
5950008,0,0,1,1,0,1,1,0,0,0
5950010,0,0,0,0,0,0,0,0,0,1
5950012,,0,0,1,0,0,0,0,1,0
5950014,0,0,0,0,0,1,0,0,1,0
5950016,0,0,0,1,0,0,0,0,1,0
5950018,0,0,0,0,0,0,1,0,1,0
5950020,0,0,0,0,0,0,0,0,0,0
5950022,0,0,0,0,0,1,0,0,1,0
5950024,0,0,0,1,0,0,0,0,0,0
5950026,0,1,0,0,0,0,1,0,0,1
5950028,0,0,0,0,0,0,0,0,1,0
5950030,0,0,0,0,0,0,1,0,0,0
5960002,0,1,0,0,0,0,0,0,0,0
5960004,0,1,1,0,1,0,1,1,1,0
5960006,0,1,0,0,0,1,0,0,0,0
5960008,0,0,0,0,0,1,0,0,1,0
5960010,0,0,0,1,0,0,0,0,0,0
5960012,0,0,0,0,0,0,0,0,0,0
5960014,0,1,0,0,0,0,0,0,0,0
5960016,0,1,1,0,0,1,1,0,0,0
5960018,0,1,0,0,0,0,1,0,0,1
5960020,0,0,0,1,0,0,1,1,1,1
5960022,0,1,1,0,0,1,0,0,1,0
5960024,0,0,0,0,0,0,1,1,0,1
5960026,0,1,0,0,0,0,0,0,0,0
5960028,0,0,0,1,0,1,0,0,1,0
5960030,0,0,0,0,0,1,0,0,1,0
5970002,0,0,0,1,0,0,1,0,1,1
5970004,0,0,1,0,0,1,1,0,1,0
5970006,0,1,0,0,0,1,1,0,0,0
5970008,0,0,0,1,0,1,1,0,0,0
5970010,0,0,0,1,0,0,1,0,0,0
5970012,0,0,0,0,0,0,1,0,1,0
5970014,0,1,0,0,0,0,0,0,1,0
5970016,0,0,0,0,0,1,1,1,1,0
5970018,0,0,0,0,0,1,1,0,0,0
5970020,0,0,0,1,0,1,1,1,0,0
5970022,0,1,1,,0,1,1,0,1,0
5970024,0,1,1,1,0,1,0,0,1,0
5970026,0,1,0,0,0,1,0,0,0,0
5970028,0,0,0,0,0,1,0,0,0,0
5970030,0,1,1,,0,1,0,1,0,0
5980002,0,0,1,0,0,1,0,0,0,0
5980004,0,0,1,0,0,0,0,0,0,0
5980006,0,0,1,0,0,0,0,0,1,0
5980008,0,0,0,0,0,0,0,0,0,0
5980010,0,0,0,0,0,0,0,0,1,0
5980012,0,1,0,0,0,0,0,0,0,0
5980014,0,1,0,0,0,0,0,0,0,0
5980016,0,0,0,0,0,0,0,0,0,0
5980018,0,0,0,0,0,0,0,0,0,0
5980020,0,0,0,0,1,1,1,1,1,0
5980022,0,0,0,0,1,1,0,0,0,0
5980024,0,0,0,0,0,0,0,0,0,0
5980026,0,0,0,,0,0,0,0,0,0
5980028,0,0,1,0,0,0,1,0,1,0
5980030,0,0,0,0,1,1,0,0,1,0
5990002,0,1,0,0,0,0,0,0,0,0
5990004,0,1,0,0,0,0,0,0,0,0
5990006,0,0,0,0,0,0,0,0,0,0
5990008,0,1,0,0,0,0,0,0,0,0
5990010,0,0,0,0,0,0,0,0,1,0
5990012,0,,0,0,0,0,0,0,0,0
5990014,0,1,0,0,0,0,0,0,0,0
5990016,0,0,0,,0,0,0,0,1,0
5990018,1,0,0,0,0,0,0,0,0,0
5990020,0,0,0,0,0,0,0,0,0,0
5990022,0,0,0,0,0,0,1,0,1,1
5990024,0,0,0,0,0,0,1,0,0,0
5990026,0,0,1,0,0,0,0,1,0,0
5990028,0,0,0,0,0,0,0,0,0,0
5990030,0,0,0,0,0,0,0,0,1,0
6000002,0,0,0,0,0,1,0,0,1,0
6000004,0,0,0,1,0,0,0,0,1,1
6000006,0,0,0,1,0,0,1,0,1,0
6000008,0,0,0,0,0,0,1,0,0,0
6000010,0,1,0,0,0,1,0,0,1,0
6000012,0,0,0,1,0,1,0,0,1,1
6000014,0,0,0,0,0,0,0,0,1,0
6000016,0,0,0,0,0,0,0,1,0,0
6000018,0,0,0,1,0,1,0,0,1,0
6000020,0,0,1,0,0,0,0,0,0,0
6000022,0,0,1,0,0,0,0,0,0,0
6000024,0,0,0,0,0,1,0,0,1,0
6000026,0,0,1,0,0,1,0,0,1,0
6000028,0,1,1,0,0,1,0,0,0,0
6000030,0,0,0,0,0,0,0,0,1,0
6010002,0,0,0,0,0,0,0,0,1,0
6010004,0,1,0,0,0,0,0,0,0,0
6010006,0,1,0,0,0,0,0,0,0,0
6010008,0,0,0,0,0,0,0,0,0,0
6010010,0,0,0,0,0,0,1,0,1,0
6010012,0,0,1,0,0,0,1,0,1,1
6010014,0,0,0,0,0,0,0,0,1,0
6010016,0,1,0,0,0,0,1,0,1,0
6010018,0,0,1,0,0,0,1,1,1,0
6010020,0,1,1,0,0,0,0,0,1,0
6010022,0,0,0,0,0,0,0,0,1,0
6010024,0,0,0,0,0,0,0,0,1,0
6010026,0,1,0,0,0,0,0,0,1,0
6010028,0,0,0,0,0,0,0,1,1,0
6010030,0,0,0,0,0,0,0,0,1,0
6020002,0,1,0,0,0,0,1,0,1,0
6020004,0,0,0,1,0,0,0,0,1,0
6020006,0,0,0,1,0,0,1,0,0,1
6020008,0,0,0,1,0,0,0,0,1,1
6020010,0,0,0,1,0,1,0,0,0,0
6020012,0,0,0,1,0,0,1,0,0,0
6020014,0,1,1,1,0,1,1,1,0,1
6020016,0,0,0,,0,1,0,0,0,0
6020018,0,0,0,1,0,1,1,1,0,0
6020020,0,0,1,1,0,1,1,0,1,0
6020022,0,0,0,1,0,1,0,0,1,0
6020024,0,1,1,1,1,0,1,0,1,0
6020026,0,0,1,0,0,0,1,1,0,0
6020028,0,0,0,0,0,1,0,0,0,0
6020030,0,1,1,1,0,1,1,0,1,0
6030002,0,0,0,0,1,0,1,0,1,0
6030004,0,0,1,0,0,0,0,0,1,0
6030006,0,1,0,0,0,0,0,1,1,0
6030008,0,0,1,1,0,0,1,1,1,0
6030010,0,0,1,0,0,0,0,0,0,0
6030012,0,0,0,0,0,0,0,0,1,0
6030014,0,0,1,0,1,0,1,0,1,1
6030016,0,0,0,0,0,0,0,0,1,0
6030018,0,0,0,0,1,0,1,0,1,0
6030020,0,0,0,1,0,0,0,0,1,0
6030022,0,0,0,0,0,0,0,0,1,0
6030024,0,0,0,0,0,1,1,0,0,0
6030026,0,0,1,1,1,0,1,0,1,1
6030028,0,0,0,0,0,0,0,0,1,0
6030030,0,0,0,0,0,0,0,0,1,0
6040002,0,0,0,0,0,0,0,0,0,0
6040004,0,1,0,0,0,0,0,1,0,0
6040006,0,1,0,0,0,0,1,0,0,0
6040008,0,0,1,0,0,1,0,0,1,0
6040010,0,0,0,1,0,0,0,0,1,0
6040012,0,0,0,0,0,0,0,0,0,0
6040016,0,0,0,0,0,0,0,0,1,0
6040018,0,0,0,1,1,0,0,0,1,0
6040020,0,0,0,1,0,0,0,0,1,0
6040022,0,0,0,0,0,1,0,0,1,0
6040024,0,0,1,0,0,0,0,0,1,0
6040026,0,1,0,1,0,0,0,0,1,0
6040028,0,0,0,0,0,1,0,0,1,0
6050004,0,0,1,0,1,1,1,0,1,0
6050006,0,0,0,0,0,0,0,0,1,0
6050008,0,0,0,0,0,0,0,0,0,0
6050010,0,0,1,0,0,0,0,0,1,0
6050012,0,0,1,1,0,1,0,1,1,0
6050014,0,0,0,0,1,0,0,0,1,0
6050016,0,0,0,0,0,0,0,0,0,0
6050018,0,1,0,0,0,0,0,0,0,0
6050020,0,1,0,0,0,0,0,0,0,0
6050022,0,0,0,1,0,1,0,0,1,0
6050024,0,1,0,0,1,1,0,0,1,0
6050026,0,0,0,0,1,0,0,0,0,0
6050028,0,1,0,1,0,0,0,0,1,0
6050030,0,0,0,1,0,0,0,0,1,0
6060002,0,0,1,0,0,1,0,0,1,0
6060004,0,1,0,0,1,0,1,0,0,0
6060006,0,0,0,0,0,0,0,0,1,0
6060008,0,0,0,0,0,0,0,0,1,0
6060010,0,0,1,0,0,1,0,0,1,0
6060012,0,0,0,0,1,1,1,0,1,1
6060014,0,0,0,0,0,0,0,0,1,0
6060016,0,0,1,0,0,1,1,0,1,0
6060018,0,0,0,0,0,0,0,0,1,0
6060020,0,1,0,0,0,0,0,0,1,0
6060022,0,1,0,0,0,0,1,0,1,0
6060024,0,0,0,0,0,0,0,0,1,0
6060026,0,0,0,0,0,0,0,0,1,0
6060028,0,0,0,0,0,0,0,0,1,0
6060030,0,1,0,0,1,1,0,0,1,0
6070002,0,0,0,1,1,1,1,0,1,1
6070004,0,0,1,0,0,0,0,0,1,0
6070006,0,0,0,0,0,1,1,0,1,0
6070008,0,0,1,0,0,0,1,0,1,0
6070010,0,1,1,0,0,1,0,0,1,0
6070012,0,0,0,0,1,0,1,0,1,0
6070014,0,0,0,1,1,0,0,0,1,0
6070016,0,0,0,1,0,0,0,0,1,0
6070018,0,0,0,1,0,0,0,0,1,0
6070020,0,0,0,1,1,0,1,0,1,1
6070022,0,0,0,1,0,1,1,0,1,1
6070024,0,0,0,1,1,0,0,0,1,0
6070026,0,0,1,0,1,1,1,0,1,0
6070028,0,0,0,1,1,0,1,0,1,1
6070030,0,0,0,0,0,1,0,0,1,1
6080002,0,1,0,0,0,0,0,0,1,0
6080004,0,0,0,0,0,0,0,0,1,0
6080006,0,0,0,1,0,0,0,0,1,0
6080008,0,0,0,0,0,0,0,0,1,0
6080010,0,0,0,0,0,0,1,0,1,0
6080012,0,1,0,0,0,0,1,0,1,0
6080014,0,1,0,1,0,0,1,1,1,0
6080016,0,0,0,1,0,0,0,0,1,0
6080018,0,0,0,0,0,0,1,0,1,0
6080020,0,0,0,0,0,0,0,0,1,0
6080022,0,0,0,0,0,1,1,0,1,0
6080024,0,0,0,0,0,1,0,0,1,0
6080026,0,0,0,0,0,1,0,0,1,0
6080028,0,1,0,0,0,1,0,0,1,0
6080030,0,0,0,0,0,0,0,0,1,0
6090002,0,0,1,0,0,0,1,0,1,1
6090004,0,0,1,0,0,1,0,0,1,0
6090006,1,0,1,1,0,1,0,0,1,0
6090008,0,0,1,1,0,1,0,0,1,1
6090010,0,0,0,1,0,1,0,0,1,0
6090012,0,0,0,0,0,1,1,1,1,0
6090014,0,1,0,0,0,1,0,0,1,0
6090016,0,0,0,0,0,0,1,0,1,0
6090018,0,0,0,0,0,1,0,0,1,0
6090020,0,0,0,0,0,0,0,0,1,0
6090022,,,0,1,0,1,0,0,1,0
6090024,0,0,0,0,0,1,0,0,1,1
6090026,0,0,0,0,0,1,0,0,1,0
6090028,0,1,0,0,0,1,1,0,1,0
6090030,0,0,0,1,0,1,0,0,1,0
6100002,0,0,0,1,0,1,0,0,1,1
6100004,0,0,1,1,0,1,0,0,1,0
6100006,0,0,1,0,0,1,0,0,1,0
6100008,0,0,1,0,0,0,0,0,1,0
6100010,0,0,1,0,0,0,0,0,1,0
6100012,0,0,0,1,0,0,1,0,1,0
6100014,0,0,0,0,0,0,0,0,1,0
6100016,0,1,0,0,0,0,0,0,1,0
6100018,0,0,0,0,0,0,0,0,1,0
6100020,0,1,0,1,0,0,0,0,1,1
6100022,0,0,0,0,0,0,0,0,1,0
6100024,0,0,0,0,0,0,0,0,1,0
6100026,0,0,0,1,0,1,1,0,1,1
6100028,0,0,0,0,0,0,0,0,1,0
6100030,0,1,0,0,0,0,0,0,1,0
6110002,0,0,1,0,1,1,0,0,1,0
6110004,0,0,0,0,1,1,0,0,1,0
6110006,0,0,0,1,1,0,0,0,1,1
6110008,0,0,0,0,1,0,0,0,1,0
6110010,0,0,0,0,1,1,0,0,1,0
6110012,0,0,0,1,1,0,1,0,1,0
6110014,0,0,0,1,1,0,0,0,1,0
6110016,0,0,0,0,1,0,0,0,1,0
6110018,0,0,0,0,1,0,0,0,1,0
6110020,0,0,1,1,1,1,0,0,1,0
6110022,0,0,0,1,1,0,0,0,1,0
6110024,0,0,0,1,1,0,0,0,1,0
6110026,0,0,0,1,1,0,0,0,1,1
6110028,0,0,0,0,1,0,0,0,1,0
6110030,0,0,0,0,1,0,0,0,1,0
6120002,,,0,1,0,0,0,0,1,1
6120004,0,0,0,0,0,0,1,0,0,0
6120006,0,0,0,0,0,0,0,0,0,0
6120008,0,0,0,1,0,0,0,0,1,0
6120010,0,0,0,0,0,0,0,0,1,0
6120012,0,0,1,0,0,0,0,0,1,0
6120014,0,0,0,0,0,0,0,0,1,0
6120016,0,0,1,0,0,0,0,0,1,0
6120018,0,1,1,0,0,0,0,0,1,0
6120020,0,0,0,0,0,0,1,0,0,0
6120022,0,0,1,0,0,1,0,0,1,1
6120024,0,0,0,1,0,0,1,0,1,0
6120026,0,0,0,0,0,0,0,0,1,0
6120028,0,0,0,0,0,0,0,0,0,0
6120030,0,0,0,1,0,0,0,0,1,0
6130002,0,0,1,0,0,0,1,0,1,0
6130004,0,0,1,0,0,0,1,0,1,0
6130006,0,0,0,0,0,0,0,0,0,0
6130008,0,0,1,0,0,0,1,0,1,0
6130010,0,0,0,1,0,0,0,0,1,0
6130012,0,0,0,0,0,0,0,0,1,0
6130014,0,0,0,0,0,0,0,0,1,0
6130016,0,1,0,0,0,0,0,0,1,0
6130018,0,0,0,0,0,1,0,0,1,0
6130020,0,0,0,0,0,0,0,0,1,0
6130022,0,0,0,0,0,1,0,0,1,1
6130024,0,0,0,1,0,0,0,0,1,1
6130028,0,0,0,0,0,0,0,0,1,0
6130030,0,0,0,0,0,1,1,0,1,1
6140002,0,0,0,0,0,1,0,0,1,0
6140004,0,0,0,0,0,0,0,0,1,0
6140006,0,0,0,0,0,1,0,0,1,0
6140008,0,0,0,0,0,1,0,0,1,0
6140010,0,0,0,0,0,0,0,0,1,0
6140012,0,0,0,0,0,0,1,0,1,0
6140014,0,0,0,1,0,0,0,1,1,0
6140016,0,1,0,0,0,1,0,0,1,0
6140018,0,0,0,1,0,0,0,1,1,1
6140020,0,0,1,0,0,0,0,0,1,0
6140022,0,0,0,0,0,0,0,0,1,0
6140024,0,0,1,1,0,0,0,0,1,0
6140026,0,0,0,0,0,1,0,0,0,0
6140028,0,0,0,0,0,0,0,0,1,0
6140030,0,0,0,0,0,1,0,0,1,0
6150002,0,0,1,0,1,0,0,0,1,1
6150004,0,0,1,0,1,0,0,0,1,0
6150006,0,0,0,0,1,0,0,0,1,0
6150008,0,0,0,1,1,0,0,0,1,0
6150010,0,0,0,1,1,0,0,0,1,0
6150012,0,0,0,1,1,0,0,0,1,0
6150014,0,1,1,1,1,0,0,1,1,0
6150016,0,0,1,1,1,0,0,1,1,0
6150018,0,0,0,1,1,1,0,0,1,0
6150020,0,0,0,1,1,1,0,0,1,0
6150022,0,0,0,1,1,0,0,0,1,0
6150024,0,0,1,1,1,0,1,0,1,0
6150026,0,0,0,1,1,0,0,0,1,0
6150028,0,1,0,0,1,0,0,0,1,0
6150030,0,0,0,1,1,0,1,0,1,0
6160002,0,1,0,0,0,0,0,0,1,0
6160004,0,0,0,0,0,0,0,0,1,0
6160006,0,0,0,1,0,0,0,0,1,0
6160008,0,0,0,0,0,0,0,0,1,0
6160010,0,0,0,0,0,0,0,0,0,0
6160012,0,0,1,1,1,1,1,0,1,1
6160014,0,0,0,1,0,0,0,0,1,0
6160016,0,1,1,0,0,0,0,0,1,0
6160018,0,0,0,1,0,0,1,0,1,1
6160020,0,0,0,0,0,0,0,0,0,0
6160022,0,0,0,0,0,1,0,0,1,0
6160024,0,0,0,0,0,0,0,0,1,0
6160026,0,0,0,1,0,1,0,0,1,0
6160028,0,1,0,0,0,0,0,0,1,0
6160030,0,0,0,1,0,0,0,0,1,0
6170002,0,0,0,0,0,0,0,0,1,0
6170004,0,0,0,0,0,0,0,0,1,0
6170006,0,0,0,0,0,0,0,0,1,0
6170008,0,0,0,0,0,0,0,0,0,0
6170010,0,0,0,0,0,0,0,0,1,0
6170012,0,0,0,0,0,0,0,0,1,0
6170014,0,0,0,0,0,0,0,0,1,0
6170016,0,0,0,1,0,0,0,1,1,0
6170018,0,0,0,0,0,0,0,0,1,1
6170020,0,0,0,0,0,0,0,0,1,0
6170022,0,0,0,0,0,0,0,0,0,0
6170024,0,0,0,1,0,0,0,0,1,0
6170026,0,1,0,0,0,1,0,0,1,1
6170028,0,0,0,0,0,0,0,0,1,0
6170030,0,1,0,0,0,0,0,0,1,0
6180002,0,0,0,1,0,1,1,0,1,1
6180004,0,0,0,0,0,0,0,0,1,0
6180006,0,1,0,0,0,0,1,0,1,1
6180008,0,0,0,1,0,0,1,0,0,1
6180010,0,0,0,1,0,1,1,1,1,1
6180012,0,0,0,0,0,1,1,0,1,0
6180014,0,0,0,0,0,1,0,0,1,1
6180016,0,1,0,0,0,1,0,0,1,0
6180018,0,0,1,0,0,0,0,0,1,0
6180020,0,0,0,1,0,1,0,0,1,0
6180022,0,0,0,1,0,0,0,0,1,0
6180024,0,0,0,0,0,0,0,0,1,0
6180026,0,0,0,0,0,0,1,0,1,0
6180028,0,0,0,1,0,1,1,0,1,0
6180030,0,0,0,0,0,1,1,0,1,1
6190002,0,0,0,1,1,0,0,0,1,1
6190004,0,1,0,0,0,0,0,0,0,0
6190006,0,0,1,0,1,0,0,0,1,0
6190008,0,1,0,0,0,0,1,1,1,0
6190010,0,0,0,0,0,0,1,0,0,0
6190012,0,0,1,1,0,0,1,0,1,0
6190014,0,0,0,0,1,0,0,0,1,0
6190016,0,0,0,0,1,1,0,0,1,0
6190018,0,1,0,0,1,0,1,0,1,0
6190020,0,0,0,1,0,1,1,0,1,1
6190022,0,1,0,0,1,0,0,0,1,0
6190024,0,0,0,0,1,0,1,0,1,0
6190026,0,0,0,1,1,0,1,0,1,0
6190028,0,0,0,0,1,0,0,0,1,1
6190030,0,0,0,1,1,0,0,0,1,0
6200002,0,0,0,0,1,1,0,0,1,0
6200004,0,0,1,0,1,0,0,0,1,0
6200006,0,0,0,0,1,0,0,0,1,0
6200008,0,0,0,1,1,0,0,0,1,0
6200010,1,0,0,1,1,1,0,0,0,0
6200012,0,0,1,0,1,1,1,0,1,0
6200014,0,0,0,1,1,1,0,0,1,0
6200016,0,1,0,0,1,1,0,0,1,0
6200018,0,0,1,0,1,1,0,0,1,0
6200020,0,1,0,0,1,0,0,0,0,1
6200022,0,0,1,1,1,0,0,0,1,0
6200024,0,1,0,1,1,0,0,0,1,1
6200026,0,0,0,0,1,0,0,0,1,0
6200028,0,0,0,0,1,0,0,0,1,0
6200030,0,0,0,0,1,1,0,0,1,0
6210002,0,0,0,0,0,0,0,0,1,0
6210004,0,0,0,1,0,1,1,0,1,0
6210006,0,0,0,0,0,0,0,0,1,0
6210008,0,0,0,0,0,0,0,0,1,0
6210010,0,1,0,0,0,0,0,0,0,0
6210012,0,0,0,0,0,0,0,0,1,0
6210014,0,0,0,0,0,0,0,0,1,0
6210016,0,0,0,0,0,0,0,0,1,0
6210018,0,0,0,1,0,1,0,0,1,0
6210020,0,0,0,1,0,0,0,0,1,0
6210022,0,0,0,0,0,0,0,0,0,0
6210024,0,1,0,0,0,0,0,0,1,0
6210026,0,0,0,1,0,0,0,0,1,0
6210028,0,0,0,0,0,0,0,0,1,0
6210030,0,0,0,0,0,0,0,0,1,0
6220002,0,0,1,0,0,0,0,0,1,0
6220004,0,0,0,1,0,0,0,0,1,0
6220006,0,0,0,0,0,0,0,1,1,0
6220008,0,0,0,0,0,0,1,0,1,0
6220010,0,0,1,1,0,0,0,0,1,0
6220012,0,0,0,0,0,0,0,0,0,0
6220014,0,0,0,0,0,0,0,0,1,0
6220016,0,0,0,1,0,0,1,0,0,0
6220018,0,0,0,1,0,0,0,0,1,1
6220020,0,0,0,0,0,0,1,0,1,0
6220022,0,0,1,0,0,0,1,0,1,1
6220024,0,0,1,1,0,0,1,1,1,0
6220026,0,0,1,1,0,0,0,0,0,0
6220028,0,0,0,0,0,0,0,0,1,0
6220030,0,0,0,0,0,0,0,0,0,0
6230002,0,0,0,1,0,0,1,0,1,0
6230004,0,0,0,0,0,0,0,0,1,0
6230006,0,0,0,0,0,0,1,0,1,1
6230008,0,0,0,1,0,0,1,0,1,0
6230010,0,0,0,0,0,0,0,0,1,0
6230012,0,0,0,0,0,0,1,0,1,0
6230014,0,0,0,0,0,0,0,0,1,0
6230016,0,0,0,0,0,0,0,0,1,0
6230018,0,0,0,0,0,0,1,0,1,1
6230020,0,0,0,0,0,0,1,0,1,0
6230022,0,0,0,0,0,0,0,0,1,0
6230024,0,0,0,0,0,0,0,0,1,0
6230026,0,0,0,1,0,0,0,0,1,0
6230028,0,0,0,0,0,0,0,0,1,0
6230030,0,0,0,0,0,0,1,0,1,0
6240002,0,1,0,1,1,0,0,0,1,0
6240004,0,0,0,0,1,0,0,0,1,0
6240008,0,0,0,1,1,0,1,0,1,1
6240010,0,0,1,0,1,0,0,0,1,0
6240012,0,0,0,1,1,0,0,0,1,0
6240014,0,0,0,1,1,0,0,0,1,0
6240016,0,0,0,0,1,0,1,0,1,0
6240018,0,0,1,0,1,0,1,0,1,0
6240020,0,0,0,0,1,0,0,0,1,0
6240022,0,0,0,0,1,0,1,0,1,0
6240024,0,0,0,0,1,0,0,0,1,0
6240026,0,0,0,1,1,0,0,0,1,1
6240028,0,1,0,1,1,1,0,0,1,0
6240030,0,0,0,0,1,0,0,0,1,0
6250002,0,0,0,0,1,0,0,0,1,0
6250004,0,0,1,0,1,0,0,0,1,0
6250006,0,0,1,1,1,0,1,0,1,0
6250008,0,0,0,0,1,0,0,0,1,0
6250012,0,0,0,0,1,1,1,0,1,0
6250014,0,0,0,0,1,0,0,0,1,0
6250016,0,0,0,1,1,0,0,0,1,0
6250018,0,1,0,0,1,0,0,0,1,0
6250020,0,1,0,0,1,0,1,0,1,0
6250022,0,1,0,0,1,0,1,0,1,0
6250024,0,0,0,1,1,1,1,0,1,1
6250026,0,0,0,0,1,0,1,0,1,0
6250028,0,1,0,0,1,0,1,0,1,0
6250030,0,0,0,1,1,0,1,0,1,0
6260002,0,0,0,0,1,0,0,1,1,1
6260004,0,0,0,0,0,0,1,0,1,0
6260006,0,0,0,1,1,1,1,0,1,0
6260008,0,0,1,0,1,0,1,0,1,0
6260010,0,0,0,0,1,0,1,0,1,0
6260012,0,0,0,0,1,0,0,0,1,0
6260014,0,0,0,1,1,0,1,0,1,1
6260018,0,0,0,0,0,0,1,0,1,1
6260020,0,0,0,0,1,1,1,0,1,0
6260022,0,0,0,0,1,1,0,0,1,0
6260024,0,0,0,0,1,0,0,0,1,1
6260026,0,0,0,0,1,0,0,0,1,0
6260028,0,0,0,0,1,1,0,0,1,0
6260030,0,0,0,0,1,0,0,0,0,0
6270002,0,0,0,0,0,0,1,0,0,0
6270004,0,0,0,0,0,0,0,0,1,0
6270006,0,0,1,0,0,1,0,0,1,0
6270008,0,0,0,0,0,0,0,0,1,0
6270010,0,0,1,0,1,0,0,0,1,0
6270012,0,0,0,0,1,0,0,0,1,1
6270014,0,0,0,1,1,0,0,0,1,0
6270016,0,0,0,1,1,0,0,0,0,0
6270018,0,0,0,0,1,0,0,0,1,0
6270020,0,0,0,0,1,0,1,0,1,0
6270024,0,0,0,0,0,0,0,0,0,0
6270026,0,0,0,0,0,0,0,0,1,0
6270028,0,0,0,0,0,0,0,0,1,0
6270030,0,1,0,0,1,1,1,1,1,0
6280002,0,0,1,0,1,1,1,0,1,0
6280004,0,0,0,1,1,1,1,1,1,1
6280006,0,0,0,1,1,1,1,1,1,0
6280008,0,0,0,1,1,1,1,0,1,0
6280010,0,0,0,1,1,1,1,0,1,1
6280012,0,0,0,1,1,1,1,0,1,0
6280014,0,0,0,1,1,1,0,0,1,0
6280016,0,0,0,1,1,1,1,0,1,0
6280018,0,0,0,0,1,1,1,0,1,0
6280020,0,0,0,1,1,1,1,0,1,1
6280022,1,0,0,0,1,1,1,0,1,0
6280024,0,1,0,0,1,1,1,0,1,0
6280026,0,0,0,1,1,1,1,0,1,0
6280028,0,0,0,0,1,1,1,0,1,0
6280030,0,0,0,1,1,1,1,0,1,0
6290002,0,0,0,1,0,0,1,0,1,0
6290004,0,1,1,0,0,0,0,1,1,0
6290008,0,1,0,1,1,0,1,0,1,0
6290010,0,1,0,0,1,1,1,0,0,0
6290012,0,0,0,0,1,0,1,0,1,0
6290014,0,0,0,0,1,1,1,0,1,1
6290016,0,0,0,1,1,0,1,0,1,0
6290018,0,0,1,0,1,0,0,0,1,0
6290020,0,0,0,0,1,0,1,0,1,0
6290022,0,0,0,1,1,0,1,0,1,0
6290024,0,0,0,1,1,0,0,0,1,0
6290028,0,0,0,0,1,0,0,0,1,0
6290030,0,0,0,1,1,0,1,0,0,1
6300002,0,0,0,0,0,0,1,0,0,0
6300004,0,0,1,1,1,1,0,0,1,0
6300006,0,0,0,1,0,1,1,1,0,0
6300008,0,0,1,0,0,1,1,0,0,0
6300010,0,0,0,0,0,0,1,0,0,0
6300012,0,0,0,0,0,0,1,0,1,0
6300014,0,0,0,0,0,0,0,0,0,0
6300016,0,0,1,1,0,0,0,1,1,1
6300018,0,0,0,0,1,1,1,0,0,0
6300020,0,0,0,0,1,1,1,1,0,0
6300022,0,0,0,0,0,0,0,0,0,1
6300024,0,0,1,0,0,0,0,0,0,0
6300026,0,0,0,1,0,0,0,0,0,0
6300028,0,0,1,0,0,0,0,0,0,0
6300030,0,1,1,0,0,0,1,0,0,0
6310002,0,1,0,0,0,0,1,0,0,0
6310004,0,0,0,0,0,0,0,0,0,0
6310006,0,0,1,1,0,0,0,0,0,0
6310008,0,0,0,1,1,0,0,0,0,0
6310010,0,0,0,0,1,1,0,0,1,1
6310012,0,1,0,1,1,1,1,1,1,1
6310014,0,0,0,1,1,0,1,0,0,0
6310016,0,0,1,0,1,0,1,0,1,0
6310018,0,0,0,1,1,0,1,1,1,0
6310020,0,0,0,0,0,0,0,0,0,0
6310022,0,0,0,1,0,0,1,1,0,0
6310024,0,0,0,0,0,0,0,0,0,0
6310026,0,0,1,0,0,0,0,0,0,0
6310028,0,0,1,0,0,0,0,0,0,0
6310030,0,1,1,0,0,0,0,0,0,0
6320002,0,0,0,1,0,1,0,0,0,0
6320004,0,1,0,0,0,0,0,0,0,0
6320006,0,0,0,0,0,0,0,0,0,1
6320008,0,0,0,0,0,1,0,0,0,0
6320010,0,0,0,0,0,1,0,0,1,0
6320012,0,0,1,0,0,0,0,0,0,0
6320014,0,0,1,0,0,1,1,0,0,0
6320016,0,0,1,0,0,0,0,0,0,0
6320018,0,1,1,0,0,1,0,0,0,1
6320020,0,0,0,0,0,0,0,0,0,0
6320022,0,1,0,1,0,0,0,0,0,1
6320024,0,0,1,0,0,0,0,0,1,0
6320026,0,0,1,0,0,0,0,0,0,0
6320028,0,0,1,0,0,0,0,0,0,0
6320030,0,0,0,0,0,0,0,0,0,0
6330002,0,1,0,1,1,0,1,1,0,0
6330004,0,0,0,0,0,0,1,1,0,0
6330006,0,1,0,0,0,1,0,0,0,0
6330008,0,1,0,0,0,1,0,0,1,0
6330010,0,0,0,0,0,1,0,0,0,0
6330012,0,0,0,0,0,0,0,0,0,0
6330014,0,0,1,0,0,0,0,0,0,0
6330016,0,1,0,0,0,0,0,0,0,0
6330018,0,0,0,1,0,0,0,0,0,0
6330020,0,0,1,0,0,0,0,0,0,0
6330022,0,0,1,0,0,0,1,0,0,0
6330024,0,0,1,0,0,0,1,0,0,0
6330026,0,0,1,0,0,0,0,0,0,0
6330028,0,0,0,0,0,0,1,0,0,0
6330030,0,1,1,1,0,0,1,0,0,0
6340002,0,1,0,0,0,1,0,0,0,0
6340004,0,0,0,1,0,0,0,0,0,0
6340006,0,0,0,1,0,1,1,1,1,1
6340008,0,1,0,0,0,1,0,0,0,0
6340010,0,0,0,0,0,1,0,0,0,0
6340012,0,0,0,1,0,1,0,0,1,0
6340014,0,0,0,1,0,0,0,0,1,0
6340016,0,0,1,0,0,0,0,0,0,0
6340018,0,0,0,0,0,1,0,0,1,0
6340020,0,0,0,1,0,1,0,0,1,0
6340022,0,0,1,0,0,0,1,0,0,0
6340024,0,0,0,1,0,0,0,1,1,0
6340026,0,1,1,1,0,0,1,1,0,0
6340028,0,0,0,0,0,0,0,0,0,0
6340030,0,0,0,0,0,0,0,0,0,0
6350002,0,0,0,0,0,0,0,0,0,0
6350004,0,0,0,1,0,0,0,0,0,0
6350006,0,0,0,1,1,0,1,0,1,1
6350008,0,1,1,1,1,0,1,0,1,0
6350010,0,0,0,1,0,0,0,0,1,0
6350014,0,0,0,0,0,0,0,0,1,0
6350016,0,0,0,1,0,0,1,1,1,0
6350018,0,0,0,0,0,0,0,0,0,0
6350020,0,0,0,0,0,0,0,0,1,0
6350022,0,0,0,0,0,0,0,0,1,0
6350024,0,0,0,1,0,0,0,0,0,0
6350026,0,0,1,0,0,0,0,0,0,0
6350028,0,1,0,1,0,0,0,0,0,0
6350030,0,1,0,0,1,0,1,1,0,0
6360002,0,0,1,1,0,0,0,0,1,0
6360004,0,0,1,1,0,0,0,0,0,0
6360006,0,0,0,1,0,0,0,0,0,1
6360008,0,0,1,0,0,0,0,0,0,0
6360010,0,0,1,0,0,0,0,0,0,0
6360012,0,0,0,1,0,0,0,0,0,0
6360014,0,0,0,1,0,0,0,0,0,0
6360016,0,1,0,1,0,0,0,0,0,0
6360018,0,0,0,0,0,0,1,1,0,1
6360020,0,0,1,0,0,1,1,1,1,0
6360024,0,0,0,1,0,1,1,0,0,0
6360028,0,0,0,0,0,1,0,0,0,0
6360030,0,1,0,0,0,1,1,0,0,0
6370002,0,0,0,0,0,0,0,0,0,0
6370004,0,0,0,0,0,0,0,0,0,0
6370006,0,0,0,0,0,0,0,0,0,0
6370008,0,0,0,1,0,0,0,0,1,0
6370010,0,0,0,0,0,0,0,0,0,0
6370012,0,0,1,0,0,0,1,0,0,0
6370014,0,1,1,0,0,0,0,0,0,0
6370016,0,0,1,1,0,0,0,0,0,0
6370018,0,0,0,0,0,0,0,0,0,0
6370020,0,0,1,1,0,0,0,0,1,0
6370022,0,0,0,0,0,0,0,0,0,0
6370024,0,1,0,0,0,0,0,0,0,0
6370026,0,0,0,0,0,0,0,1,1,0
6370028,0,1,0,0,0,0,0,0,0,0
6370030,0,0,0,0,0,0,0,0,1,0
6380002,0,0,0,0,0,1,0,0,0,0
6380004,0,0,0,0,0,0,0,0,0,0
6380006,0,1,0,0,0,0,0,0,0,0
6380008,0,0,0,0,0,0,0,0,0,0
6380010,0,0,0,0,0,0,0,0,0,0
6380012,0,0,1,1,0,0,0,0,0,0
6380014,0,0,0,0,0,0,0,0,1,0
6380016,0,0,0,0,0,0,0,0,0,0
6380018,1,0,1,0,0,0,0,0,0,0
6380020,0,0,1,0,0,0,0,0,0,0
6380022,0,0,1,1,0,0,0,0,0,0
6380024,0,0,1,1,0,0,1,0,0,0
6380026,0,0,0,0,0,0,0,0,0,0
6380028,0,0,0,0,0,0,0,0,0,0
6380030,0,0,0,0,0,0,0,0,0,0
6390002,0,0,0,0,0,0,0,0,0,0
6390004,0,0,0,0,0,0,0,0,0,0
6390006,0,0,0,0,0,1,0,0,0,0
6390008,0,0,0,1,0,0,0,1,0,0
6390010,0,0,0,0,0,0,0,1,0,0
6390012,0,0,1,1,0,1,0,0,1,0
6390014,0,0,1,0,0,0,0,0,0,0
6390016,0,0,0,0,0,0,0,0,0,0
6390018,0,0,1,1,0,0,0,0,0,0
6390020,0,0,1,0,0,1,1,1,1,1
6390022,1,0,1,0,0,0,0,0,0,0
6390024,0,0,0,0,0,0,0,0,0,0
6390026,0,0,0,0,0,0,0,0,0,0
6390028,0,0,1,0,0,0,0,0,1,0
6390030,0,0,1,1,0,0,1,0,0,0
6400002,0,0,1,1,0,0,0,0,0,0
6400004,0,0,1,0,0,0,0,0,1,0
6400006,0,0,0,1,0,1,0,0,0,0
6400008,1,1,0,1,0,0,0,0,1,1
6400010,0,0,1,0,0,0,0,0,0,0
6400012,0,0,1,0,0,1,0,0,1,0
6400014,0,0,0,0,0,1,0,0,1,0
6400016,0,0,0,0,0,0,0,0,0,0
6400018,0,0,0,0,0,0,0,0,0,0
6400020,0,0,0,0,0,0,0,0,0,0
6400022,0,0,0,0,0,0,0,0,0,0
6400024,0,0,0,1,0,0,0,0,0,0
6400026,0,0,0,0,0,0,0,0,0,0
6400028,0,0,1,0,0,0,0,0,0,0
6400030,0,0,1,1,0,0,0,0,0,0
6410002,0,0,0,0,0,0,0,0,0,0
6410004,0,0,0,0,0,0,0,0,0,0
6410006,0,0,0,0,0,0,0,0,0,0
6410008,0,0,0,1,0,0,0,0,0,0
6410010,0,0,1,0,0,0,0,0,0,0
6410012,0,0,0,0,0,0,0,0,0,0
6410014,0,0,0,1,0,0,0,1,0,1
6410016,0,1,0,0,0,0,1,0,0,1
6410018,0,0,0,0,0,0,0,0,0,0
6410020,0,0,0,1,0,0,0,1,0,1
6410022,0,0,0,0,0,0,0,1,0,0
6410024,0,0,0,1,0,0,0,0,0,0
6410026,0,0,1,1,0,0,0,0,1,0
6410028,0,0,1,0,0,0,0,0,0,0
6410030,,0,0,0,0,0,0,1,1,0
6420002,0,1,0,0,0,0,0,0,0,0
6420004,0,0,0,0,0,0,0,0,0,0
6420006,0,0,0,0,0,0,0,0,0,0
6420008,0,0,0,0,0,0,0,0,0,0
6420010,0,0,1,0,0,0,0,0,0,0
6420012,0,0,1,1,0,0,0,0,0,1
6420014,0,0,0,1,0,0,0,0,1,0
6420016,0,1,0,0,0,0,0,0,0,0
6420018,0,0,1,0,0,0,0,0,0,0
6420020,0,0,0,0,0,0,0,0,0,0
6420022,0,0,0,0,0,0,0,0,0,0
6420024,0,0,0,0,0,0,0,0,0,0
6420026,0,0,0,0,0,0,0,0,0,0
6420028,0,0,0,0,0,0,0,0,0,0
6420030,0,0,0,0,0,0,0,0,1,0
6430002,0,0,0,0,0,0,0,0,0,0
6430004,0,1,0,0,0,0,0,0,0,0
6430006,0,0,0,0,0,0,0,0,0,0
6430008,0,0,0,0,0,0,0,0,0,0
6430010,,0,0,0,0,0,0,1,0,0
6430012,0,0,1,0,0,0,0,0,0,0
6430014,0,1,0,0,0,1,0,0,0,0
6430016,0,0,0,0,0,0,0,0,0,0
6430018,0,1,0,0,0,0,0,0,0,0
6430020,0,0,1,0,0,0,0,0,0,0
6430022,0,0,0,0,0,0,0,0,0,0
6430024,0,0,0,0,0,0,0,0,0,0
6430026,0,0,0,0,0,0,0,0,0,0
6430028,0,0,0,1,0,0,1,0,0,0
6430030,0,1,1,0,0,0,0,0,0,0
6440002,0,0,0,0,0,0,0,0,0,0
6440004,0,1,0,1,0,1,0,0,0,0
6440006,0,0,0,0,0,1,0,0,0,0
6440008,0,1,0,0,0,0,0,0,0,0
6440010,0,1,0,0,0,0,0,0,0,0
6440012,0,0,0,0,0,0,0,0,0,0
6440014,0,0,0,0,0,0,0,0,0,0
6440018,0,1,0,0,0,1,0,0,0,0
6440020,0,0,0,0,0,0,0,0,0,0
6440022,0,0,1,0,0,0,0,0,0,0
6440024,0,0,1,0,0,0,0,0,0,0
6440026,0,0,1,0,0,0,0,0,1,0
6440028,0,0,0,0,0,0,0,0,1,0
6440030,0,0,0,0,0,0,0,0,1,0
6450002,0,0,0,0,0,0,0,0,0,0
6450004,0,0,1,0,0,0,0,0,0,0
6450006,0,0,0,0,0,0,0,0,0,0
6450008,0,0,1,0,0,0,0,0,0,0
6450010,0,1,0,0,0,0,0,0,0,0
6450012,0,0,1,0,0,0,0,0,0,0
6450014,0,0,1,0,0,0,0,1,0,0
6450016,0,0,1,0,0,0,0,0,0,0
6450018,0,0,1,0,0,0,0,0,0,0
6450020,0,1,1,0,0,0,0,0,0,0
6450022,0,0,0,0,0,1,0,0,0,0
6450024,0,0,0,0,0,1,1,1,0,0
6450026,0,0,0,0,0,1,0,0,0,0
6450028,0,1,0,0,0,0,0,0,0,0
6450030,0,0,0,0,0,1,1,0,0,0
6460002,0,0,0,1,0,0,1,0,1,1
6460004,0,1,0,0,0,0,0,0,0,0
6460006,0,1,0,0,0,0,0,0,1,0
6460008,0,0,0,1,0,0,0,0,1,1
6460010,0,0,0,1,0,0,1,0,1,0
6460012,0,0,1,1,0,0,0,0,1,0
6460014,0,0,0,0,0,1,0,0,1,0
6460016,0,0,1,0,0,0,0,0,1,0
6460020,0,0,1,0,0,0,0,0,0,0
6460022,0,0,1,0,0,0,1,0,0,0
6460024,0,0,0,0,0,0,0,0,1,1
6460026,0,0,1,0,0,0,0,0,0,0
6460028,0,0,0,0,0,0,0,0,0,0
6460030,0,0,0,1,0,0,0,0,0,0
6470002,0,1,0,0,0,0,0,0,1,0
6470004,0,1,0,1,0,0,1,0,0,1
6470006,0,0,0,0,0,0,0,0,1,0
6470008,0,0,0,0,0,0,0,0,0,0
6470010,0,0,0,0,0,0,0,0,1,0
6470012,0,0,0,0,0,0,0,0,1,0
6470014,0,0,0,0,0,0,0,0,0,0
6470016,0,0,0,0,0,0,0,0,0,0
6470018,0,0,1,0,1,0,0,1,0,0
6470020,0,0,0,0,0,0,0,0,1,0
6470022,0,1,0,0,0,0,0,0,0,0
6470024,0,0,0,0,0,0,0,0,0,0
6470026,0,1,0,1,0,0,0,0,0,0
6470028,0,0,0,0,0,0,0,0,0,0
6470030,0,0,0,0,0,0,0,0,0,0
6480002,0,1,0,1,0,1,1,0,0,0
6480004,0,0,0,1,0,1,0,0,1,1
6480006,0,1,0,1,0,1,0,0,0,0
6480008,0,0,0,1,0,1,1,0,1,0
6480010,0,0,0,1,0,1,0,0,1,1
6480012,0,0,1,0,0,1,1,0,0,1
6480014,0,0,1,0,0,1,0,0,0,0
6480016,0,1,0,0,0,0,0,0,0,1
6480020,0,0,1,0,0,0,0,0,0,0
6480022,0,0,1,0,0,0,0,0,0,0
6480024,0,1,0,0,0,0,0,0,0,0
6480026,0,0,1,0,0,0,0,0,0,0
6480028,0,0,0,0,0,0,0,0,0,0
6480030,0,0,0,0,0,0,1,0,0,0
6490002,0,0,0,0,0,0,0,0,0,0
6490004,0,0,1,1,0,0,1,1,1,0
6490006,0,0,1,0,0,0,0,0,0,0
6490008,0,0,0,0,0,0,1,0,0,0
6490010,0,0,1,0,0,0,0,0,0,0
6490012,1,0,0,0,0,0,0,0,0,0
6490014,0,1,0,1,0,0,0,0,1,0
6490016,0,0,0,0,0,0,0,0,0,0
6490018,0,1,0,0,0,0,0,0,0,0
6490020,0,0,0,0,0,0,0,0,0,0
6490022,0,1,1,0,0,0,0,0,0,0
6490024,0,0,1,0,0,0,0,0,1,0
6490026,0,0,0,0,0,0,0,0,0,0
6490028,0,1,1,0,0,0,0,0,0,0
6490030,0,0,1,0,0,0,0,0,0,0
6500002,0,0,0,0,0,0,0,0,0,0
6500004,0,0,0,0,0,0,0,0,0,0
6500006,0,0,0,0,0,0,0,0,0,0
6500008,0,0,0,1,0,0,0,0,0,0
6500010,0,0,0,0,0,0,0,0,0,0
6500012,0,0,1,0,0,0,0,0,1,0
6500014,0,0,1,1,0,1,1,1,1,0
6500016,0,0,1,0,0,1,0,1,1,0
6500018,0,,1,0,0,1,0,0,1,0
6500020,0,1,0,0,0,1,0,1,0,0
6500022,0,0,0,0,0,0,0,0,0,0
6500024,0,0,1,0,0,0,0,0,1,0
6500026,0,0,0,1,0,0,1,0,1,0
6500028,0,0,1,0,0,0,0,1,0,0
6500030,0,1,1,0,0,0,0,0,0,0
6510002,0,0,0,0,0,1,0,1,1,0
6510004,0,0,0,0,0,0,1,1,1,0
6510006,0,1,0,0,0,0,0,0,0,0
6510010,0,1,0,0,0,0,0,1,1,0
6510012,0,0,0,1,0,0,0,0,0,0
6510014,0,0,0,0,0,0,1,0,1,0
6510016,0,1,0,0,0,0,1,0,0,0
6510018,0,0,0,1,0,0,0,1,1,1
6510020,0,0,0,0,0,0,0,1,0,0
6510022,0,0,1,0,0,0,0,1,0,0
6510024,0,0,0,1,0,0,0,1,1,0
6510026,0,0,0,0,0,0,0,1,0,0
6510028,0,0,1,0,0,0,0,0,0,0
6520002,0,0,0,0,0,1,0,0,0,0
6520004,0,0,0,0,0,0,1,0,1,1
6520006,0,0,0,0,0,1,1,0,1,1
6520008,0,0,0,0,0,1,0,0,0,0
6520010,0,0,0,0,0,1,0,0,0,0
6520012,0,0,1,0,0,0,0,0,0,0
6520014,0,1,0,0,0,1,1,1,1,0
6520016,0,0,0,0,0,1,0,0,1,0
6520018,0,0,1,0,0,0,0,0,0,0
6520020,0,1,0,0,0,1,0,1,0,0
6520022,0,0,0,1,0,0,1,0,1,0
6520024,0,0,0,0,0,0,0,0,0,0
6520026,0,1,0,0,0,1,0,0,0,0
6520028,0,0,0,0,0,1,0,0,0,0
6520030,0,0,1,1,0,0,0,0,0,0
6530002,0,0,1,0,0,0,1,0,0,0
6530004,0,0,0,0,0,0,0,0,0,0
6530006,0,0,0,0,0,0,0,0,0,0
6530008,0,0,0,0,0,0,0,0,0,0
6530010,0,0,0,0,0,1,0,1,0,1
6530014,0,0,1,0,0,0,0,1,0,0
6530018,0,0,0,0,0,1,0,0,1,0
6530020,0,0,1,0,0,0,0,1,1,0
6530022,0,0,1,0,0,0,1,1,1,1
6530024,0,0,0,1,0,1,1,0,0,0
6530026,0,0,0,0,0,0,0,0,0,0
6530028,0,1,0,0,0,0,0,0,0,0
6530030,0,0,1,0,0,0,0,0,0,0
6540002,0,0,0,0,0,0,0,0,1,0
6540004,0,0,0,0,0,1,0,0,0,0
6540006,0,0,0,0,0,0,0,0,0,0
6540010,0,1,0,0,0,0,1,0,0,0
6540012,0,0,0,0,0,1,1,0,0,0
6540014,0,0,0,0,0,0,0,0,0,0
6540016,0,0,0,0,0,1,1,0,0,1
6540018,0,1,0,0,0,0,0,0,1,0
6540020,0,1,1,0,0,0,0,0,0,0
6540022,0,0,0,0,0,0,0,0,0,0
6540024,0,1,0,0,0,0,0,0,0,0
6540026,0,1,1,0,0,0,0,1,0,0
6540030,0,1,0,0,0,0,0,0,0,0
6550002,0,0,0,0,0,0,0,0,0,0
6550004,0,0,0,0,0,0,0,0,0,0
6550006,0,0,0,0,0,0,0,0,0,0
6550008,0,0,0,0,0,0,0,0,0,0
6550010,0,0,0,0,0,0,0,0,0,0
6550012,0,0,0,0,0,0,0,0,0,0
6550014,0,0,0,0,0,0,0,0,0,0
6550016,0,0,0,0,0,0,0,0,0,0
6550018,0,0,0,0,0,0,0,0,1,0
6550020,0,,0,0,0,0,0,0,0,0
6550022,0,0,0,1,0,0,0,0,0,0
6550024,0,0,0,1,0,0,0,0,0,1
6550026,0,0,0,0,0,0,0,0,0,0
6550028,0,0,0,0,0,0,0,0,0,0
6550030,0,0,0,0,0,0,0,0,0,0
6560002,0,0,0,0,0,0,0,0,0,0
6560004,0,0,0,0,0,0,0,0,0,0
6560006,0,0,0,0,0,0,0,0,0,0
6560008,0,0,1,0,0,0,0,0,0,0
6560010,0,,0,0,0,0,0,0,0,0
6560012,0,0,0,0,0,0,1,0,1,0
6560014,0,1,0,1,0,0,0,0,1,0
6560016,0,0,0,0,0,0,0,1,1,0
6560018,0,0,0,0,0,0,0,0,0,0
6560020,0,0,0,1,0,0,0,0,0,0
6560022,0,0,0,0,0,0,0,0,0,0
6560024,0,0,0,0,0,0,0,0,0,0
6560026,0,0,0,0,0,0,0,0,0,0
6560028,0,0,0,0,0,0,0,0,0,0
6560030,0,0,0,0,0,0,0,0,0,0
6570002,0,0,1,0,0,0,0,0,0,0
6570004,0,0,0,1,0,0,0,0,0,0
6570006,0,0,0,1,0,0,0,0,0,0
6570008,0,0,0,0,0,0,1,1,0,0
6570010,0,1,1,0,0,0,0,0,1,0
6570012,0,0,0,0,0,0,0,0,0,0
6570014,0,1,0,1,0,0,1,0,1,0
6570016,0,0,0,0,0,0,0,0,0,0
6570018,0,0,0,0,0,1,0,0,1,0
6570020,0,0,0,0,0,0,0,1,1,0
6570022,0,0,1,0,0,0,1,0,1,0
6570024,0,1,1,1,0,0,0,1,1,0
6570026,0,0,0,0,0,0,0,0,0,0
6570028,0,0,0,0,0,0,0,0,0,0
6570030,0,0,0,0,0,0,0,0,1,0
6580002,0,0,0,0,0,0,0,0,1,0
6580004,0,0,0,0,0,0,0,0,0,0
6580006,0,0,0,1,1,1,1,1,1,0
6580008,0,0,0,0,0,1,0,1,1,0
6580010,0,0,0,0,1,0,0,0,1,0
6580012,0,0,0,0,1,0,0,0,1,0
6580014,0,0,0,1,1,0,1,0,1,0
6580016,0,0,0,0,1,0,0,1,1,0
6580018,0,0,0,1,0,0,0,0,0,0
6580020,0,0,0,0,0,0,0,1,0,0
6580022,0,0,0,0,0,1,0,0,1,0
6580024,0,0,0,1,0,0,0,0,0,0
6580026,0,1,0,0,0,0,0,0,0,0
6580028,0,0,0,0,0,0,0,1,0,0
6580030,0,0,0,0,0,0,0,0,0,0
6590002,0,0,1,0,0,0,0,1,1,0
6590004,0,1,0,0,0,0,0,0,0,0
6590006,0,0,0,1,0,0,0,0,1,0
6590008,0,0,0,1,0,0,1,0,1,0
6590010,0,0,0,0,0,0,0,0,0,0
6590012,0,0,0,0,0,0,0,0,1,0
6590014,0,0,0,0,0,0,0,0,1,0
6590016,0,0,0,0,0,1,0,0,1,0
6590018,0,0,0,0,0,0,0,0,0,0
6590020,0,0,0,1,0,0,0,0,1,0
6590022,0,0,0,0,0,0,0,0,0,0
6590024,0,0,0,0,0,0,0,0,0,0
6590026,0,0,0,0,0,0,0,0,1,0
6590028,0,0,0,0,1,0,1,1,1,0
6590030,0,0,0,0,1,0,0,0,1,0
6600002,0,0,0,0,0,0,0,0,1,0
6600004,0,0,0,0,0,0,0,0,1,0
6600006,0,0,0,0,0,0,1,0,1,0
6600008,0,0,0,0,0,0,0,0,1,0
6600010,0,0,0,0,0,0,0,0,1,0
6600012,0,0,0,1,1,0,1,1,1,1
6600014,0,0,0,1,0,0,0,0,1,0
6600016,0,1,0,0,0,0,0,0,0,0
6600018,0,0,0,0,1,0,1,0,1,1
6600020,0,0,0,1,1,0,0,0,1,0
6600022,0,0,0,0,0,0,0,0,1,0
6600024,0,0,0,0,0,0,1,0,0,0
6600026,0,0,0,0,0,0,0,0,1,0
6600028,0,0,0,0,0,0,0,0,1,0
6600030,0,1,0,0,1,1,1,0,1,0
6610002,0,0,0,0,0,0,0,0,0,0
6610004,0,0,0,0,0,0,0,0,0,0
6610006,0,0,0,0,0,0,0,1,0,1
6610008,0,1,0,1,0,0,0,0,0,0
6610010,0,0,0,0,0,0,0,0,0,0
6610012,0,0,0,0,0,0,0,0,0,0
6610014,0,0,0,0,0,0,0,0,0,0
6610016,0,0,0,0,0,0,0,0,0,0
6610018,0,,0,0,0,0,0,0,0,0
6610020,0,0,0,,0,0,0,0,1,0
6610022,0,0,0,0,0,0,0,0,0,1
6610024,0,0,0,0,0,0,0,0,0,0
6610026,0,0,0,0,0,0,0,0,0,0
6610028,0,0,0,0,0,0,0,1,1,0
6610030,0,0,0,0,0,0,0,0,0,0
6620002,0,0,0,0,1,0,0,0,1,0
6620004,0,0,0,0,1,1,1,0,1,0
6620006,0,0,0,0,1,1,1,0,1,0
6620008,0,0,0,1,1,1,1,0,1,0
6620010,1,1,0,0,1,1,0,0,0,0
6620012,0,0,0,0,1,0,1,0,1,0
6620014,0,0,0,1,1,0,0,0,1,0
6620016,0,1,0,1,1,0,1,1,1,0
6620018,0,0,0,0,1,0,1,1,1,0
6620020,0,0,0,0,1,0,0,0,0,0
6620022,0,1,0,1,0,0,1,0,1,0
6620024,0,0,0,0,1,0,1,0,0,0
6620026,0,1,0,0,0,0,1,0,0,1
6620028,0,0,0,0,0,0,0,0,1,0
6620030,0,0,0,1,0,0,1,0,1,0
6630002,0,0,0,0,0,0,0,0,0,0
6630004,0,0,0,0,0,0,0,0,0,0
6630006,0,0,0,0,0,0,0,0,1,0
6630008,0,0,0,1,1,0,0,1,1,1
6630010,0,0,0,0,0,0,0,0,0,0
6630012,0,0,0,1,0,0,0,0,0,0
6630014,0,0,0,0,0,0,0,0,1,0
6630016,0,0,0,0,0,0,0,1,0,0
6630018,0,0,0,0,0,0,0,0,1,0
6630020,0,0,0,0,0,0,0,0,0,0
6630022,0,0,0,0,0,0,0,0,0,0
6630024,0,0,0,0,0,0,0,0,0,0
6630026,0,0,0,0,0,0,0,0,0,0
6630028,0,0,0,0,0,0,0,0,1,0
6630030,0,1,0,0,0,0,0,0,0,0
6640002,0,0,0,0,0,0,0,0,0,0
6640004,,,0,0,0,0,0,0,0,0
6640006,0,0,0,0,0,0,1,1,1,0
6640008,0,,0,0,0,0,0,0,1,0
6640010,0,0,0,,1,0,1,0,1,1
6640012,0,0,0,1,0,0,0,0,1,1
6640014,0,0,0,0,0,1,1,0,0,0
6640016,0,0,0,1,0,0,0,0,0,0
6640018,0,0,1,0,0,0,1,0,1,1
6640020,0,1,0,0,0,0,0,0,0,0
6640022,0,0,0,0,0,0,0,0,0,0
6640024,0,0,0,1,0,0,0,0,0,0
6640026,0,1,0,0,0,0,0,0,1,0
6640028,0,0,0,0,0,0,0,0,0,0
6640030,0,0,0,0,0,0,0,0,0,0
6650002,1,0,0,0,0,0,1,1,0,0
6650004,0,0,0,0,0,0,1,0,1,0
6650006,0,0,0,0,0,0,1,0,1,0
6650008,0,1,0,0,0,0,0,0,1,0
6650010,0,0,0,0,0,0,0,0,1,0
6650012,0,0,0,0,0,0,1,0,1,0
6650014,0,0,0,0,0,0,0,0,0,0
6650016,0,0,0,0,0,0,0,0,0,0
6650018,0,0,0,1,0,1,0,1,0,1
6650020,0,0,0,0,1,0,0,0,0,0
6650022,0,0,0,0,0,0,0,1,0,0
6650024,0,1,0,0,0,0,0,1,0,0
6650026,0,0,0,0,0,0,0,0,1,0
6650028,0,0,1,0,0,0,0,0,1,0
6650030,0,0,0,0,0,0,0,0,1,0
6660002,0,0,0,0,0,0,1,0,1,0
6660004,0,0,0,,0,0,0,0,0,0
6660006,0,0,0,0,0,0,0,0,0,0
6660008,0,0,0,0,0,0,0,0,0,0
6660010,0,0,0,1,0,0,0,0,0,0
6660012,0,0,0,0,0,0,0,1,0,1
6660014,0,0,0,0,0,0,0,0,0,0
6660016,0,0,0,1,0,0,0,0,0,0
6660018,0,0,0,0,0,0,1,0,0,0
6660020,0,0,0,0,0,0,0,0,0,0
6660022,0,0,0,0,0,0,0,0,0,0
6660024,0,0,0,0,0,0,1,0,0,0
6660026,0,0,0,0,0,0,0,0,0,0
6660028,0,0,0,1,0,0,1,0,1,0
6660030,0,0,0,0,0,0,1,0,0,0
6670002,0,0,0,1,1,1,0,0,1,0
6670004,0,0,0,1,1,1,1,0,1,1
6670006,0,0,0,1,1,0,1,1,1,0
6670008,0,,0,1,0,0,0,0,1,1
6670010,0,1,0,1,1,1,0,0,1,0
6670012,0,0,0,0,1,0,0,0,1,0
6670014,0,0,0,1,1,0,0,0,1,0
6670016,0,0,0,0,0,0,1,1,0,0
6670018,0,0,0,0,1,0,0,1,1,0
6670020,0,0,0,0,1,0,0,0,0,0
6670022,0,0,1,0,1,0,0,0,1,0
6670024,0,0,0,0,0,0,0,0,1,0
6670026,0,0,0,1,0,0,0,0,1,0
6670028,0,0,0,1,1,0,0,0,0,0
6670030,0,0,0,0,1,0,0,0,1,0
6680002,0,0,0,0,0,0,0,1,1,0
6680004,0,0,0,0,0,0,0,0,1,0
6680006,0,0,0,1,0,1,0,0,1,0
6680008,0,0,0,0,0,0,0,0,1,0
6680010,0,0,0,1,0,0,0,0,1,0
6680012,0,0,1,0,0,0,1,0,1,1
6680014,0,0,0,0,0,0,0,0,0,0
6680016,0,0,1,1,0,0,1,0,0,0
6680018,0,1,0,0,0,0,0,1,0,0
6680020,0,1,0,0,0,0,0,0,1,0
6680022,0,0,0,0,0,0,0,0,1,0
6680024,0,0,0,0,0,1,0,0,1,0
6680026,0,0,0,1,1,0,1,0,0,0
6680028,0,0,0,1,1,0,0,0,1,1
6680030,0,0,0,0,1,1,0,0,0,0
6690002,0,0,0,1,1,1,1,1,1,1
6690004,0,1,0,0,0,0,1,1,1,0
6690006,0,0,0,1,0,1,0,0,1,0
6690008,0,0,0,1,0,0,0,0,0,0
6690010,0,0,0,,0,0,0,1,1,0
6690012,0,0,0,1,0,0,0,0,1,1
6690014,0,0,0,1,0,1,0,0,1,1
6690016,0,0,0,0,0,1,0,0,1,1
6690018,0,0,0,0,0,0,0,0,1,0
6690020,0,0,0,0,0,1,0,0,0,0
6690022,0,0,0,0,0,0,0,0,1,0
6690024,0,0,0,0,0,0,0,0,1,0
6690026,0,0,0,0,0,0,0,0,0,0
6690028,0,0,0,0,0,0,0,1,1,0
6690030,0,0,0,0,0,0,0,0,0,0
6700002,0,0,0,1,0,1,0,0,0,0
6700004,0,0,0,1,0,1,0,0,1,0
6700006,0,0,0,1,1,1,0,1,1,1
6700008,0,0,0,0,1,1,0,0,1,0
6700010,0,0,1,0,0,1,1,1,1,0
6700012,0,0,0,0,1,0,0,0,1,0
6700014,1,0,0,1,1,0,0,0,1,0
6700016,0,0,0,0,1,0,1,0,0,0
6700018,0,0,0,1,1,0,1,0,1,0
6700020,0,0,1,0,1,0,1,0,1,0
6700022,0,0,0,0,1,0,0,0,0,0
6700024,0,0,0,0,1,1,0,0,1,0
6700026,0,0,0,1,1,0,0,0,1,1
6700028,0,0,0,0,1,0,0,1,1,0
6700030,0,0,0,1,1,0,0,0,1,0
6710002,0,0,1,0,0,0,0,1,1,1
6710004,0,0,0,0,0,0,0,0,1,1
6710006,0,0,0,1,0,0,0,0,0,0
6710008,0,0,0,0,0,0,0,0,0,0
6710010,0,0,0,0,0,0,0,0,0,0
6710012,0,0,0,0,0,0,0,0,1,0
6710014,0,1,0,0,0,0,0,0,0,0
6710016,0,0,0,0,0,0,0,0,0,0
6710018,0,0,0,0,0,0,1,0,1,0
6710020,0,0,0,1,0,0,1,0,1,1
6710022,0,,0,0,0,0,0,0,0,0
6710024,0,0,0,0,0,0,0,0,0,0
6710026,0,0,0,0,0,0,1,0,1,1
6710028,0,0,0,0,0,0,1,1,1,0
6710030,0,0,1,0,0,0,0,0,0,0
6720002,0,0,0,0,0,0,1,0,1,0
6720004,0,0,0,0,0,0,0,0,1,0
6720006,0,0,1,0,0,0,0,0,1,0
6720008,0,0,0,0,0,0,0,0,0,0
6720010,0,0,0,0,0,0,0,0,0,0
6720012,0,0,0,0,0,0,0,0,0,0
6720014,0,0,0,0,0,0,1,0,0,0
6720016,0,0,0,0,0,0,0,0,1,0
6720018,0,0,0,0,0,0,0,0,0,0
6720020,0,0,0,0,0,0,0,0,0,0
6720022,0,0,0,0,0,0,0,0,1,0
6720024,0,0,0,0,0,0,0,0,1,0
6720026,0,1,0,1,0,0,1,1,0,1
6720028,0,1,0,0,0,0,1,0,0,0
6720030,0,1,0,0,0,0,0,0,0,1
6730002,0,0,0,0,0,1,1,0,1,0
6730004,0,0,0,0,0,0,0,0,1,0
6730006,0,0,0,0,0,0,0,0,1,0
6730008,0,1,0,0,0,0,0,0,0,0
6730010,0,0,0,1,1,1,1,1,1,1
6730012,0,0,0,1,0,0,0,0,1,0
6730014,0,0,0,0,0,0,0,0,0,0
6730016,0,0,0,1,0,0,1,1,0,0
6730018,0,0,0,0,0,0,0,0,0,0
6730020,0,0,1,0,0,0,1,0,1,0
6730022,0,0,0,0,0,0,0,0,0,0
6730024,0,0,0,0,0,0,1,1,0,0
6730026,0,0,1,1,0,0,1,1,1,0
6730028,0,0,0,0,0,0,0,0,0,0
6730030,0,0,0,0,0,0,0,0,0,0
6740002,0,0,0,0,0,0,0,0,0,0
6740004,0,0,0,0,0,0,0,1,0,0
6740006,0,0,0,0,0,0,0,0,0,1
6740008,0,0,0,1,0,0,0,0,0,0
6740010,0,0,1,1,0,0,0,0,0,1
6740012,0,0,0,0,0,0,0,1,1,0
6740014,0,0,0,0,0,0,0,0,0,0
6740016,0,0,0,0,0,0,0,0,0,0
6740018,0,0,0,1,0,0,0,0,0,0
6740020,0,0,0,0,0,0,0,0,0,0
6740022,0,0,1,0,0,0,0,0,1,0
6740024,0,0,0,0,0,0,0,0,0,0
6740026,0,0,0,0,0,0,0,0,0,0
6740028,0,0,0,1,0,0,0,0,1,0
6740030,0,0,0,1,0,0,0,0,0,0
6750002,0,0,0,0,0,0,0,0,0,0
6750004,0,0,0,0,0,0,0,0,0,0
6750006,0,1,1,0,0,0,0,0,0,0
6750008,0,0,0,0,0,0,0,0,0,0
6750010,0,0,0,0,0,0,0,0,0,0
6750012,0,0,0,0,0,0,0,0,0,0
6750014,0,0,0,0,1,0,1,0,0,0
6750016,0,0,0,0,0,0,0,0,0,0
6750018,1,0,0,0,0,0,0,0,0,0
6750020,0,1,0,1,0,0,0,0,1,0
6750022,0,0,0,0,0,0,1,0,1,0
6750024,0,0,0,0,0,0,0,0,0,0
6750026,1,0,1,0,0,0,0,0,1,0
6750028,0,0,0,0,0,0,0,0,0,0
6750030,0,0,0,0,1,0,0,0,1,0
6760002,0,0,0,0,0,0,0,0,0,0
6760004,0,0,0,0,0,0,0,0,0,0
6760006,0,0,1,0,0,0,0,0,0,0
6760008,0,0,0,0,0,0,0,0,0,0
6760010,0,0,0,0,0,0,0,0,0,0
6760012,0,1,0,0,0,0,1,1,0,0
6760014,0,0,0,0,0,0,0,0,0,0
6760016,0,0,0,0,0,0,0,0,0,0
6760018,0,0,1,0,0,0,0,0,0,0
6760020,0,1,0,0,0,0,0,0,0,0
6760022,0,0,0,0,0,0,0,0,0,0
6760024,0,0,0,0,0,0,0,0,0,0
6760026,0,0,0,0,0,0,0,0,0,0
6760028,0,0,0,0,0,0,0,0,0,0
6760030,0,0,0,0,0,0,0,0,0,0
6770002,0,1,0,1,1,1,0,1,0,0
6770004,0,1,1,1,1,1,0,0,1,0
6770006,0,0,0,1,1,0,1,0,1,0
6770008,0,0,0,0,1,0,0,0,1,0
6770010,0,1,0,0,1,1,0,0,1,0
6770012,0,0,0,0,1,0,0,0,0,0
6770014,0,0,1,0,1,0,1,0,0,0
6770016,0,1,0,0,1,0,1,0,1,0
6770018,0,0,0,0,0,0,0,1,1,0
6770020,0,0,1,0,1,0,1,0,1,0
6770022,0,0,0,0,0,0,0,0,0,0
6770024,0,0,0,0,1,0,0,1,0,0
6770026,0,0,0,0,0,0,0,1,0,0
6770028,0,1,1,0,1,0,0,1,1,0
6770030,0,1,1,0,1,0,0,1,1,0
6780002,0,1,0,1,1,0,1,1,1,0
6780004,0,0,0,0,0,0,0,0,1,0
6780006,0,0,0,0,0,0,0,0,0,0
6780008,0,0,0,0,0,0,0,0,0,0
6780010,0,0,0,0,0,0,0,0,0,0
6780012,1,0,0,0,0,0,0,0,0,0
6780014,0,0,0,0,0,0,0,0,0,0
6780016,0,1,0,0,0,0,0,0,0,0
6780018,0,0,0,1,0,0,0,0,0,0
6780020,0,0,0,0,0,0,0,1,0,0
6780022,0,1,1,1,0,0,0,0,1,1
6780024,0,0,1,0,0,0,0,0,1,1
6780026,0,,0,0,0,0,1,0,1,0
6780028,0,0,0,0,0,0,0,0,1,0
6780030,0,0,0,0,0,0,1,0,0,1
6790002,0,0,1,,1,0,0,0,0,0
6790004,0,0,1,0,1,0,0,0,1,0
6790006,0,0,0,0,1,0,0,0,0,0
6790008,0,0,1,0,1,1,0,0,1,0
6790010,0,0,0,0,1,1,1,1,0,0
6790012,0,0,0,0,1,0,0,0,1,0
6790014,0,1,0,1,1,0,0,1,0,0
6790016,0,0,0,1,1,0,0,0,1,0
6790018,0,0,0,0,1,0,1,0,1,0
6790020,0,0,0,1,1,0,1,0,1,0
6790022,0,0,0,0,1,1,0,0,1,0
6790024,0,0,0,0,1,0,1,1,1,0
6790026,0,0,0,0,1,0,1,1,1,0
6790028,0,0,0,1,1,0,1,1,1,0
6790030,0,0,1,0,1,0,1,0,1,0
6800002,0,0,0,,0,0,0,1,0,0
6800004,0,1,0,0,0,0,0,0,0,0
6800006,0,0,1,0,0,0,0,0,0,0
6800008,0,1,1,0,0,0,0,0,0,0
6800010,0,0,1,0,0,0,0,0,1,0
6800012,0,0,1,0,0,0,0,1,0,0
6800014,0,0,1,0,0,0,0,1,0,0
6800016,0,0,0,0,0,0,0,0,1,0
6800018,0,0,1,0,0,0,0,0,0,0
6800020,0,0,1,0,0,0,1,1,0,0
6800024,0,0,0,0,0,0,0,0,0,0
6800026,0,0,0,1,0,0,1,0,0,0
6800028,0,0,0,1,0,0,0,0,1,0
6800030,0,0,0,0,0,0,0,0,0,0
6810002,0,1,0,0,0,0,1,0,1,0
6810004,0,1,0,0,0,0,0,0,1,0
6810006,0,0,1,0,0,0,0,0,1,0
6810008,0,0,1,0,0,0,1,0,1,0
6810010,0,0,1,0,0,0,0,0,1,0
6810012,0,0,0,0,0,0,0,0,0,0
6810014,0,1,0,0,0,0,1,0,1,0
6810016,0,0,1,1,1,0,1,1,1,0
6810018,0,0,0,1,0,0,0,1,0,0
6810020,0,0,0,0,0,0,1,1,0,0
6810022,0,,0,0,0,0,0,0,0,0
6810024,0,,1,0,0,0,1,0,0,0
6810026,0,1,0,0,0,0,1,0,0,0
6810028,0,0,0,0,0,0,0,0,1,0
6810030,0,0,0,0,0,0,1,0,0,0
6820002,0,0,1,0,0,0,0,0,0,0
6820004,0,1,0,0,0,0,1,0,1,0
6820008,0,0,0,0,0,0,0,0,1,0
6820010,0,1,0,0,0,0,0,0,0,0
6820012,0,0,0,0,0,0,0,0,0,0
6820014,0,0,1,0,0,0,0,0,0,0
6820016,0,0,1,0,0,0,0,1,1,0
6820018,0,0,1,0,0,0,1,1,0,0
6820020,0,0,1,1,0,0,1,1,1,1
6820022,0,0,0,1,0,0,0,1,1,0
6820024,0,0,1,0,0,0,1,0,1,0
6820026,0,0,0,0,0,0,0,0,0,0
6820028,0,0,0,0,0,0,0,0,0,0
6830002,0,0,1,1,0,0,0,0,0,0
6830004,0,0,1,1,0,0,1,0,0,0
6830006,0,0,1,1,0,0,0,0,0,0
6830008,0,1,0,1,0,0,0,0,1,0
6830010,0,0,0,1,0,0,0,0,1,1
6830012,0,0,1,0,0,0,0,1,0,0
6830014,0,0,1,1,0,0,0,1,1,0
6830016,0,0,0,0,0,0,0,0,1,0
6830018,0,1,0,1,0,0,0,1,1,1
6830020,0,0,1,1,0,0,0,1,1,0
6830022,0,1,0,0,0,0,0,0,1,0
6830026,0,0,0,0,0,0,1,0,1,0
6830028,0,0,0,0,0,0,0,0,0,0
6830030,0,1,0,0,0,0,0,0,0,0
6840004,0,0,1,0,0,1,0,0,1,0
6840006,0,0,1,0,0,0,1,0,0,0
6840008,0,0,1,0,0,0,1,0,1,0
6840010,0,0,0,1,0,0,0,0,1,0
6840012,0,0,0,0,0,0,1,1,1,0
6840016,0,0,0,1,1,0,1,1,1,1
6840018,0,0,0,0,0,0,0,1,1,0
6840020,0,0,1,0,0,0,0,1,1,0
6840022,0,0,0,1,0,0,0,0,1,0
6840024,0,1,0,0,0,0,0,1,1,0
6840026,0,0,0,0,0,0,0,0,1,0
6840028,0,1,0,1,1,0,1,1,1,0
6850002,0,0,1,0,0,0,0,0,1,0
6850004,0,1,1,0,0,0,0,0,1,0
6850006,0,0,0,1,0,0,1,1,1,0
6850008,0,0,1,0,0,0,0,0,0,0
6850012,0,0,1,1,0,0,0,1,1,0
6850016,0,0,1,0,0,0,0,1,0,0
6850018,0,0,1,0,0,0,1,1,1,0
6850020,0,0,0,0,0,0,0,1,1,0
6850022,0,0,0,0,0,0,0,0,1,0
6850026,0,0,0,0,0,0,0,0,0,0
6850028,0,0,0,0,1,1,1,0,1,0
6850030,0,0,0,0,1,0,1,0,1,0
6860002,0,0,1,0,0,0,0,0,0,0
6860004,0,0,0,1,0,0,0,0,1,0
6860006,0,0,1,0,0,0,0,0,0,0
6860008,0,0,0,0,0,0,1,1,1,0
6860010,0,0,1,0,0,0,0,1,1,0
6860012,0,1,0,1,0,0,0,0,1,0
6860014,0,1,0,0,0,0,1,0,1,0
6860016,0,1,0,1,0,0,1,0,1,1
6860018,0,0,0,1,0,0,0,0,1,0
6860020,0,0,1,0,0,0,0,1,1,0
6860022,0,1,0,0,0,0,0,0,1,0
6860024,,0,0,1,0,0,0,1,1,0
6860026,0,0,0,0,0,0,0,1,0,0
6860028,0,0,0,1,0,0,1,0,1,0
6860030,0,0,0,0,0,0,0,1,0,0
6870002,0,0,0,1,0,0,1,0,1,0
6870004,0,1,1,1,0,0,1,1,1,0
6870006,0,0,0,1,0,0,0,0,1,0
6870008,0,1,0,1,0,0,1,0,1,1
6870010,0,1,1,1,0,0,0,0,1,0
6870012,0,0,1,0,0,0,0,1,1,0
6870014,0,0,0,1,1,1,1,1,1,0
6870016,0,0,1,0,0,0,1,1,1,0
6870018,0,1,1,0,0,0,1,1,1,1
6870020,0,0,0,0,0,0,0,0,0,0
6870022,0,0,0,1,0,0,0,0,0,0
6870024,0,0,0,0,0,0,0,0,1,0
6870026,0,0,0,0,0,0,0,0,1,0
6870028,0,0,0,0,0,0,0,0,1,0
6870030,0,0,0,0,0,0,0,0,1,0
6880002,0,1,1,0,0,0,0,0,1,0
6880004,0,1,0,0,0,0,0,0,0,0
6880006,0,0,0,1,0,0,0,0,0,0
6880008,0,0,0,0,0,0,0,0,0,0
6880012,0,0,0,0,0,0,0,0,0,0
6880014,0,0,0,1,0,0,1,1,0,0
6880016,0,0,1,0,0,0,0,1,0,0
6880018,0,0,0,1,0,0,0,0,1,0
6880020,0,0,1,0,0,0,1,0,0,0
6880022,0,0,0,0,0,0,0,0,0,0
6880024,0,0,0,0,0,0,0,0,0,0
6880026,0,0,0,0,0,0,0,0,0,0
6880028,0,0,0,0,0,0,0,0,0,0
6880030,0,,0,0,0,0,0,0,0,0
6890002,0,0,1,0,0,0,0,1,1,0
6890004,0,0,0,1,0,0,0,0,1,0
6890006,0,0,0,0,0,0,0,0,1,0
6890008,0,0,0,1,0,0,0,0,1,1
6890010,0,0,0,1,0,0,0,0,1,1
6890012,0,0,0,0,0,0,0,1,1,0
6890014,0,0,1,1,0,0,0,0,1,0
6890016,0,0,0,1,0,0,0,1,1,0
6890018,0,0,0,0,0,0,0,1,0,0
6890020,0,0,1,0,0,0,0,1,0,0
6890024,0,0,0,0,0,0,0,0,1,0
6890026,0,0,0,0,0,0,0,0,1,0
6890028,0,0,0,1,0,0,0,0,1,0
6890030,0,0,0,0,0,0,0,1,1,0
6900002,0,1,1,0,0,1,0,0,0,0
6900004,0,1,0,1,0,0,0,0,1,0
6900006,0,0,0,1,0,0,0,0,1,0
6900008,0,0,1,1,0,1,0,0,1,0
6900010,0,0,1,0,0,0,0,0,1,0
6900012,0,0,1,0,0,0,0,1,1,0
6900014,0,0,1,0,0,0,0,1,1,0
6900016,0,1,0,0,0,0,0,1,1,0
6900018,0,0,0,1,0,0,0,0,1,0
6900020,0,0,1,0,0,0,0,1,0,0
6900022,0,0,0,0,0,0,0,0,1,0
6900024,0,0,0,1,0,0,0,0,1,0
6900026,0,0,0,0,0,0,1,0,1,0
6900028,0,0,0,0,0,0,0,0,0,0
6900030,0,0,0,0,0,0,0,0,1,0
6910002,0,0,1,1,0,0,0,0,0,0
6910004,0,0,0,1,0,0,0,0,1,0
6910006,0,0,0,1,0,0,0,0,1,0
6910008,0,0,1,1,0,0,0,1,1,0
6910010,0,0,1,1,0,0,0,0,1,0
6910012,0,1,0,1,0,0,1,0,0,0
6910014,0,0,0,0,0,0,1,1,1,0
6910016,0,1,1,0,0,0,0,1,1,0
6910020,0,0,0,1,0,0,0,0,1,1
6910022,0,1,0,0,0,0,0,0,0,0
6910024,0,0,0,0,0,0,0,0,1,0
6910026,0,0,0,0,0,0,0,0,1,0
6910028,0,0,0,1,0,0,1,0,1,1
6910030,0,0,0,0,0,0,0,0,1,0
6920002,0,0,1,0,0,0,0,0,0,0
6920004,0,0,1,0,0,0,1,0,1,0
6920006,0,0,1,0,0,0,0,0,1,0
6920008,0,0,0,1,0,0,0,0,0,0
6920010,0,0,0,1,0,0,0,0,1,0
6920012,0,0,0,0,0,0,0,1,1,0
6920014,0,0,0,1,0,0,0,1,0,0
6920016,0,0,0,1,0,0,0,1,0,0
6920020,0,0,0,0,0,0,0,1,1,0
6920022,0,0,0,0,0,0,0,0,1,0
6920024,0,0,0,0,0,0,0,0,1,0
6920026,0,0,0,0,0,0,0,0,0,0
6920028,0,0,0,0,0,0,1,0,1,0
6920030,0,0,0,0,0,0,0,0,1,0
6930002,0,0,0,1,0,0,0,0,1,0
6930004,0,1,0,0,0,0,0,0,0,0
6930006,0,1,0,0,0,0,0,0,0,0
6930008,0,0,0,0,0,0,0,0,0,0
6930010,0,0,1,0,0,0,0,0,0,0
6930012,0,0,1,0,0,0,0,1,1,0
6930014,0,0,0,0,0,0,0,1,0,0
6930016,0,0,1,0,0,0,0,1,1,0
6930018,0,0,0,0,0,0,0,0,0,0
6930020,0,1,0,0,0,0,0,1,0,0
6930022,0,0,1,0,0,1,0,0,0,0
6930024,0,0,0,1,0,1,1,0,0,0
6930026,0,0,0,0,0,0,0,0,0,1
6930028,0,1,0,0,0,0,1,0,1,0
6930030,0,0,0,0,0,0,1,0,0,0
6940002,0,0,1,0,0,0,0,0,1,0
6940004,0,0,1,0,0,0,0,0,0,0
6940006,0,1,1,0,0,0,0,0,1,0
6940008,0,0,0,0,0,0,0,0,0,0
6940010,0,0,0,1,0,0,0,1,1,0
6940012,0,1,0,0,0,0,0,1,0,0
6940014,0,0,1,1,0,0,0,1,0,0
6940016,0,0,1,0,0,0,0,1,0,0
6940020,0,0,1,0,0,0,0,1,1,0
6940022,0,1,0,0,0,0,0,0,0,0
6940024,0,1,0,0,0,0,0,0,1,0
6940026,0,0,0,0,0,0,0,1,1,0
6940028,0,0,0,0,1,0,0,0,1,0
6940030,0,0,0,1,1,0,1,0,1,0
6950002,0,0,1,0,0,0,0,0,1,0
6950004,0,0,1,1,0,0,0,0,1,0
6950006,0,0,0,,0,0,0,0,0,0
6950008,0,0,0,0,0,0,0,1,0,1
6950010,0,0,1,0,0,0,1,1,1,0
6950012,0,0,0,0,0,0,0,1,0,0
6950014,0,0,1,0,0,0,1,1,0,0
6950016,0,0,1,0,0,0,0,0,0,0
6950018,0,0,1,0,0,0,1,1,1,0
6950020,0,0,0,0,0,0,0,1,1,0
6950022,0,0,0,0,0,0,0,0,0,0
6950024,0,0,0,1,0,0,0,0,0,0
6950026,0,0,0,0,0,0,0,0,0,0
6950028,0,1,0,1,0,0,1,0,1,0
6960002,0,0,1,0,0,0,0,0,1,0
6960004,0,0,1,0,0,0,0,1,1,0
6960006,0,0,1,0,0,0,0,0,1,0
6960008,0,0,0,0,0,0,0,0,0,0
6960010,0,0,1,0,0,0,1,0,0,0
6960012,0,0,0,0,0,0,0,1,1,1
6960014,0,0,1,0,0,0,1,1,1,0
6960016,0,0,0,0,0,0,1,1,1,0
6960018,0,0,0,0,0,0,0,1,1,0
6960020,0,0,0,0,0,0,0,1,0,0
6960022,0,0,0,0,0,0,0,1,0,0
6960024,0,1,0,0,0,0,1,1,0,0
6960028,0,0,0,0,0,0,0,0,1,0
6960030,0,0,0,1,0,0,1,0,1,1
6970002,0,0,1,1,0,0,0,0,0,0
6970004,0,0,1,1,0,0,1,0,0,0
6970006,0,1,1,1,0,0,1,1,1,1
6970008,0,0,1,1,0,0,1,0,1,0
6970010,0,0,0,1,0,0,1,1,1,0
6970012,0,0,0,0,0,0,0,0,0,0
6970014,0,0,0,0,0,0,0,0,0,0
6970016,0,1,0,0,0,0,0,1,0,0
6970018,0,0,1,1,0,0,0,0,1,0
6970020,0,0,1,0,0,0,0,1,0,0
6970022,0,0,0,0,0,0,1,1,0,0
6970024,0,0,0,0,0,1,0,0,1,0
6970026,0,1,0,0,0,1,1,0,1,0
6970028,0,0,1,1,0,1,0,0,1,0
6970030,0,1,0,0,0,0,1,0,1,0
6980002,0,0,1,0,0,0,1,0,1,0
6980004,0,0,0,0,0,0,0,1,1,0
6980006,0,1,0,0,0,0,1,0,1,0
6980008,0,0,1,0,0,0,1,1,1,0
6980010,0,0,1,0,0,0,0,0,1,0
6980012,0,0,1,0,0,0,0,1,1,0
6980014,0,0,0,1,0,0,1,1,0,1
6980016,0,0,0,0,0,0,1,0,0,0
6980018,0,0,1,0,0,0,0,0,1,0
6980022,0,0,0,0,0,0,0,1,1,0
6980024,0,0,0,1,1,0,1,1,1,1
6980026,0,0,0,0,0,0,0,1,1,0
6980028,0,0,0,0,0,0,0,0,1,0
6980030,0,0,0,0,0,0,0,0,1,0
6990002,0,,1,0,0,0,0,0,0,0
6990004,0,0,0,0,0,0,0,1,1,0
6990008,0,0,0,1,0,0,1,0,1,1
6990010,0,0,1,0,0,0,0,0,0,0
6990012,0,0,1,0,0,0,0,1,1,0
6990014,0,0,0,0,0,0,0,1,0,0
6990016,0,0,1,0,0,0,0,1,1,0
6990018,0,0,1,0,0,0,0,1,0,0
6990020,0,0,1,1,0,0,0,0,1,0
6990022,0,1,1,0,0,1,1,0,1,0
6990024,0,0,0,1,0,0,0,0,1,0
6990026,0,0,0,1,0,0,0,0,1,0
6990028,0,0,0,0,0,0,1,1,1,0
6990030,0,0,0,1,0,0,0,0,0,0
7000002,0,0,1,0,0,0,1,0,1,0
7000004,0,0,1,0,0,0,0,0,0,0
7000006,0,0,0,0,0,0,0,0,1,0
7000010,0,1,0,1,0,0,0,0,1,0
7000012,0,1,0,0,0,0,1,1,0,0
7000014,0,1,1,0,0,0,0,1,1,0
7000016,0,1,1,0,0,0,1,1,1,0
7000018,0,1,0,1,0,0,1,1,1,1
7000020,0,0,1,0,0,0,0,1,1,0
7000022,0,1,0,1,0,0,1,0,1,1
7000024,0,0,0,0,0,0,1,0,1,0
7000026,0,0,0,0,0,0,1,0,1,0
7010002,0,0,1,1,0,0,0,0,0,0
7010004,0,0,1,0,0,0,0,0,0,0
7010006,0,0,0,0,0,0,1,0,1,0
7010010,0,1,0,0,0,0,0,0,0,0
7010012,0,0,1,1,0,0,1,1,0,0
7010014,0,0,1,0,0,0,1,1,1,0
7010016,0,0,0,1,0,0,1,1,1,0
7010020,0,0,0,0,0,0,0,0,0,0
7010022,0,0,0,1,0,0,1,0,1,0
7010024,0,1,0,0,0,0,1,0,1,0
7010026,0,1,0,0,0,0,0,0,1,0
7010028,0,0,0,0,0,0,0,0,1,1
7010030,0,1,0,0,0,1,0,0,1,0
7020002,0,1,1,0,0,0,0,0,0,0
7020004,0,0,1,0,0,0,0,0,0,0
7020006,0,0,0,1,0,0,0,0,1,0
7020008,0,0,0,1,0,0,1,0,1,1
7020010,0,1,0,0,0,0,0,0,0,0
7020012,0,1,1,0,0,0,0,0,0,0
7020014,0,1,0,1,0,0,0,1,0,0
7020016,0,1,1,0,1,0,0,0,1,1
7020018,0,0,0,0,0,0,1,1,0,0
7020024,0,0,0,0,0,0,0,0,0,0
7020028,0,0,0,1,0,0,0,1,1,0
7020030,0,0,0,1,0,0,0,0,1,0
7030002,0,0,1,0,0,0,0,0,1,0
7030004,0,1,0,1,0,0,1,1,1,0
7030006,0,0,1,1,0,0,0,0,1,0
7030008,0,0,0,0,0,0,0,0,1,0
7030010,0,0,0,1,0,0,1,1,1,0
7030014,0,0,0,0,0,0,0,0,0,0
7030016,0,0,0,1,0,0,0,1,0,0
7030018,0,0,1,1,0,0,0,1,1,0
7030022,0,1,0,1,0,0,0,0,1,0
7030024,0,0,1,0,0,0,0,0,1,0
7030026,0,0,0,0,0,0,0,0,1,0
7030028,0,0,0,0,0,0,1,0,1,0
7030030,0,1,0,0,0,0,0,0,1,0
7040002,0,1,0,0,0,0,0,0,1,0
7040004,0,0,0,0,0,0,0,0,0,0
7040006,0,0,0,0,0,0,1,1,1,1
7040012,0,0,1,1,0,0,1,1,0,0
7040014,0,0,1,1,0,0,1,1,0,1
7040016,0,1,0,1,0,0,0,0,0,0
7040018,0,1,0,1,1,0,1,0,1,0
7040020,0,1,0,1,0,0,1,0,1,0
7040022,0,0,1,0,0,0,1,0,0,0
7040024,0,0,1,0,0,0,1,1,0,0
7040028,0,0,1,0,0,0,1,1,1,0
7040030,0,0,1,0,0,0,0,0,1,0
7050002,0,0,0,1,0,0,1,1,1,0
7050004,0,0,0,1,0,0,1,1,1,0
7050006,0,0,1,1,0,0,0,0,0,0
7050008,0,0,0,0,0,0,0,0,1,0
7050010,0,0,0,1,1,0,1,1,1,0
7050012,0,0,0,1,0,0,0,1,1,1
7050014,0,0,0,0,0,0,1,1,1,0
7050016,0,1,0,1,0,0,1,1,1,1
7050018,0,0,0,0,0,0,0,1,1,0
7050020,0,0,1,1,0,0,1,1,1,0
7050022,0,0,0,0,0,0,0,0,0,0
7050024,0,1,0,1,0,0,1,0,1,0
7050026,0,0,0,0,0,0,0,0,1,0
7050028,0,0,0,1,0,0,1,0,0,0
7050030,0,0,0,0,0,0,0,0,1,0
7060004,0,0,0,0,0,0,0,0,0,0
7060006,0,0,0,0,0,0,0,0,1,0
7060008,0,0,1,0,0,0,0,0,0,0
7060010,0,0,0,0,0,0,0,0,0,0
7060012,0,0,1,0,0,0,0,0,0,0
7060014,0,1,1,0,0,0,0,1,0,0
7060016,0,0,0,0,0,0,0,0,0,0
7060018,0,0,1,0,0,0,0,0,0,0
7060020,0,0,1,0,0,1,0,0,0,0
7060022,0,0,0,0,0,0,0,0,0,0
7060024,0,0,0,0,0,0,0,0,0,0
7060026,0,0,0,0,0,0,0,0,0,0
7070004,0,0,1,0,0,0,1,0,1,0
7070006,0,0,1,1,0,0,1,1,1,0
7070008,0,0,0,0,1,0,1,1,1,1
7070010,0,0,0,0,0,0,1,1,1,0
7070012,0,0,0,0,0,0,0,1,1,0
7070014,0,0,1,0,0,1,1,1,1,0
7070016,0,0,1,0,0,0,1,1,1,0
7070018,0,0,1,0,0,0,1,1,1,0
7070020,0,0,0,1,0,0,0,1,1,0
7070022,0,0,0,0,0,1,1,1,1,0
7070024,0,0,0,0,0,0,1,0,0,0
7070026,0,0,0,0,0,0,1,0,1,0
7070028,0,1,1,1,0,0,0,0,1,0
7070030,0,0,0,0,0,0,0,1,0,0
7080002,0,0,1,1,0,1,0,0,1,1
7080004,0,0,1,1,0,0,1,1,1,0
7080006,0,0,1,1,0,0,1,1,1,1
7080008,0,0,0,0,0,0,0,1,1,0
7080010,0,0,1,0,0,0,1,1,1,0
7080012,0,0,0,0,0,0,0,1,0,0
7080014,0,0,0,0,0,0,0,0,0,0
7080018,1,0,1,0,0,0,0,1,0,0
7080020,0,0,0,0,0,0,0,1,0,0
7080022,0,0,0,0,0,0,0,0,0,0
7080024,0,0,0,0,0,1,0,0,0,0
7080026,0,,0,0,0,0,0,0,0,0
7080028,0,,0,0,0,0,0,0,0,0
7080030,0,1,0,0,0,0,0,0,0,0
7090002,0,0,1,0,0,0,0,0,0,0
7090004,0,0,0,0,0,0,1,1,1,0
7090006,0,0,0,1,0,0,1,1,1,1
7090008,0,0,0,0,0,0,0,0,1,0
7090010,0,0,1,0,0,0,0,0,0,0
7090012,0,1,1,0,0,1,1,1,1,0
7090014,0,0,1,,0,0,1,1,0,0
7090016,0,0,1,0,0,0,1,1,0,0
7090018,0,1,1,0,0,0,0,0,1,0
7090020,0,0,1,0,0,0,0,1,1,0
7090022,0,0,0,0,0,0,0,0,1,0
7090024,0,1,0,0,0,0,0,1,1,0
7090026,0,0,0,0,0,0,1,0,1,0
7090028,0,0,1,0,0,0,1,0,1,1
