hh_id,d_cm,d_nutr,d_satt,d_educ,d_elct,d_wtr,d_sani,d_hsg,d_ckfl,d_asst
1002,0,0,0,0,0,0,0,0,0,0
1003,0,0,0,0,0,0,0,0,1,0
1004,0,0,0,0,0,0,0,0,1,0
1005,0,0,0,0,0,0,0,0,1,0
1006,0,0,0,0,0,0,0,0,1,0
1007,0,1,0,0,0,0,0,0,1,0
1008,0,1,0,0,0,0,0,0,0,0
1009,0,0,0,0,0,0,0,0,0,0
1010,0,0,0,0,0,0,0,0,1,0
1011,,0,0,0,0,0,0,0,0,0
1012,0,0,0,0,0,0,0,0,1,0
1013,0,0,1,0,0,0,0,0,0,0
1014,0,0,0,0,0,0,0,0,0,0
1015,0,0,0,0,0,0,0,0,0,0
1016,0,0,0,0,0,0,0,0,1,0
1017,0,0,0,0,0,0,0,0,1,0
1018,0,0,0,0,0,0,0,1,1,0
1019,0,1,0,0,0,0,0,0,1,0
1020,0,0,0,0,0,0,0,0,1,0
2001,0,0,0,0,0,0,1,0,0,0
2002,0,0,0,0,0,0,0,1,1,0
2003,0,0,0,0,0,0,0,0,1,0
2004,0,0,0,0,0,0,0,0,1,0
2005,0,0,0,0,0,0,0,0,1,0
2006,0,0,0,0,0,0,0,0,0,0
2007,0,0,0,0,0,0,0,0,1,0
2008,0,,0,0,0,0,0,0,0,0
2009,0,0,0,0,0,0,0,0,0,0
2010,0,0,0,0,0,0,0,0,1,0
2012,0,0,0,0,0,0,0,0,0,0
2013,0,0,0,0,0,0,0,1,0,0
2014,0,0,0,0,0,0,0,1,1,0
2015,0,0,0,0,0,0,0,0,1,0
2016,0,0,0,0,0,0,0,1,1,0
2017,0,0,0,0,0,0,0,0,1,0
2018,0,0,0,0,0,0,0,0,0,0
2019,0,0,0,0,0,0,0,0,0,0
2020,0,0,0,0,0,0,0,0,1,0
3001,0,0,0,0,0,0,0,0,1,0
3003,0,0,0,0,0,0,0,0,0,0
3004,0,1,0,0,0,0,0,0,1,0
3005,0,0,0,0,0,0,0,0,0,0
3006,0,0,0,0,0,0,0,1,0,0
3007,0,0,0,0,0,0,0,0,0,0
3008,0,0,0,0,0,0,0,0,1,0
3009,0,1,0,0,0,0,1,0,1,0
3010,0,0,0,0,0,0,0,0,1,0
3011,0,0,0,0,0,0,0,0,0,0
3012,0,1,0,0,0,0,0,0,1,0
3013,0,,1,0,0,0,0,0,0,0
3014,0,1,0,0,0,0,0,0,0,0
3016,0,0,0,0,0,0,0,0,1,0
3018,0,0,0,0,0,0,0,0,1,0
3019,0,0,0,0,0,0,0,0,0,0
3020,0,0,0,0,0,0,0,0,1,0
4001,0,0,0,0,0,0,0,0,1,0
4002,0,0,0,0,0,0,0,0,1,0
4003,0,0,0,0,0,0,0,0,0,0
4004,0,0,0,0,0,0,0,0,0,0
4005,0,0,0,0,0,0,0,0,1,0
4006,0,0,1,0,0,0,0,0,1,0
4007,0,0,0,0,0,0,0,0,1,0
4009,0,0,0,0,0,0,0,0,1,0
4011,0,0,0,0,0,0,0,0,1,0
4012,0,0,0,0,0,0,0,0,1,0
4013,0,0,0,0,0,0,0,0,0,0
4014,0,0,0,0,0,0,0,1,1,0
4015,0,0,0,0,0,0,0,0,1,0
4016,0,0,0,0,0,0,0,0,0,0
4017,0,0,0,0,0,0,0,0,1,0
4018,0,0,0,0,0,0,0,0,1,0
4019,0,1,0,0,0,0,0,0,1,0
4020,0,0,0,0,0,0,0,0,1,0
5001,0,0,0,0,0,0,0,0,1,0
5002,0,0,0,0,0,0,1,0,1,0
5003,0,0,0,0,0,0,0,0,1,0
5004,0,0,0,0,0,0,0,0,1,0
5006,0,0,0,0,0,0,0,0,1,0
5008,0,0,0,0,0,0,0,0,1,0
5009,0,0,0,0,0,0,0,0,1,0
5010,0,0,0,0,0,0,0,0,1,0
5011,0,0,0,0,0,0,0,0,1,0
5012,0,1,0,0,0,0,0,0,1,0
5013,0,0,0,0,0,0,0,0,0,0
5014,0,0,0,0,0,0,0,0,0,0
5015,0,0,0,0,0,0,0,0,1,0
5016,0,0,0,0,0,0,0,0,1,0
5017,0,0,0,0,0,0,0,0,0,0
5018,0,0,0,0,0,0,0,0,0,0
5019,0,0,0,0,0,0,0,0,0,0
5020,0,0,0,0,0,0,0,0,1,0
6001,0,0,0,0,0,0,0,0,0,0
6002,0,0,1,0,0,0,0,0,1,0
6003,0,0,0,0,0,0,0,0,0,0
6004,0,0,0,0,0,0,0,0,0,0
6005,0,0,0,0,0,0,0,1,1,0
6006,0,0,0,0,0,0,0,0,0,0
6007,0,0,0,0,0,0,0,0,0,0
6008,0,0,0,0,0,0,0,0,0,0
6009,0,,0,0,0,0,0,0,1,0
6010,0,0,0,0,0,0,0,0,0,0
6011,0,1,0,0,0,0,0,0,0,0
6012,0,,0,0,0,0,0,0,0,0
6013,0,,0,0,0,0,0,0,0,0
6014,0,,0,0,0,0,0,0,0,0
6015,0,0,0,0,0,0,0,0,0,0
6016,0,0,0,0,0,0,0,0,0,0
6017,0,0,0,0,0,0,0,0,0,0
6018,0,0,0,0,0,0,0,0,0,0
6019,0,0,0,0,0,0,0,0,0,0
6020,0,0,0,0,0,0,0,0,0,0
7001,0,0,0,0,0,0,0,0,0,0
7002,0,0,0,0,0,0,0,0,1,0
7003,0,0,0,0,0,0,0,0,1,0
7004,0,0,0,0,0,0,0,0,1,0
7005,0,0,0,0,0,0,0,0,1,0
7006,0,0,0,0,0,0,0,0,0,0
7007,0,0,0,0,0,0,0,0,0,0
7008,0,0,0,0,0,0,0,0,0,0
7010,0,0,0,0,0,0,1,0,0,0
7011,0,0,0,0,0,0,0,0,1,0
7012,0,0,0,0,0,0,0,0,0,0
7013,0,0,0,0,0,0,0,0,0,0
7015,0,0,0,0,0,0,0,0,0,0
7016,0,0,0,0,0,0,0,0,0,0
7017,0,0,0,0,0,0,0,1,0,0
7018,0,0,0,0,0,0,0,0,0,0
7019,0,0,0,0,0,0,0,0,0,0
7020,0,0,0,0,0,0,0,0,0,0
8001,0,0,0,0,0,0,0,1,1,0
8003,0,0,0,1,0,0,0,0,1,0
8004,0,0,0,0,0,0,0,0,1,0
8005,0,0,1,0,0,0,0,0,0,0
8007,0,0,0,0,0,0,0,0,0,0
8008,0,0,0,0,0,0,0,0,0,0
8009,0,0,0,0,0,0,0,0,0,0
8010,0,0,0,0,0,0,1,0,1,0
8011,0,1,0,0,0,0,0,0,0,0
8012,0,0,0,0,0,0,0,0,0,0
8013,0,0,0,0,0,0,0,0,0,0
8015,0,1,0,0,0,0,0,1,1,0
8016,0,0,0,0,0,0,0,0,0,0
8017,0,0,0,1,0,0,0,1,1,0
8018,0,1,0,0,0,0,0,1,0,0
8019,0,0,0,0,0,0,0,1,1,0
9001,0,0,1,0,0,0,0,1,0,0
9002,0,0,0,0,0,0,0,0,0,0
9003,0,0,0,0,0,0,0,0,1,0
9004,0,0,0,0,0,0,0,0,1,0
9005,0,0,0,0,0,0,0,0,0,0
9006,0,0,0,0,0,0,0,0,0,0
9007,0,0,0,0,0,0,0,0,0,0
9008,0,0,0,0,0,0,0,0,0,0
9009,0,0,0,0,0,0,0,0,0,0
9010,0,0,0,0,0,0,0,0,0,0
9011,0,0,0,0,0,0,0,0,0,0
9013,0,0,1,0,0,0,1,0,1,0
9014,0,0,0,0,0,0,0,0,0,0
9015,0,0,0,0,0,0,0,0,0,0
9016,0,0,0,0,0,0,0,0,0,0
9017,0,0,0,0,0,0,0,0,0,0
9018,0,0,0,1,0,0,0,0,1,0
9019,0,0,0,0,0,0,0,0,0,0
9020,0,0,0,0,0,0,0,0,0,0
10001,0,0,0,0,0,0,0,0,0,0
10002,0,0,1,0,0,0,0,0,0,0
10004,0,0,0,0,0,0,0,0,0,0
10005,0,0,0,0,0,0,0,0,0,0
10006,0,0,0,0,0,0,0,0,0,0
10007,0,0,0,0,0,0,0,0,0,0
10008,0,0,0,0,0,0,0,0,0,0
10010,0,0,0,0,0,0,0,0,0,0
10011,0,0,0,0,0,0,1,0,0,0
10012,0,0,0,0,0,0,0,0,0,0
10013,0,0,0,0,0,0,0,0,0,0
10014,0,0,0,0,0,0,0,0,1,0
10015,0,0,0,0,0,0,0,0,0,0
10016,0,0,0,0,0,0,0,0,0,0
10017,0,1,0,0,0,0,0,0,0,0
10018,0,0,0,0,0,0,0,0,1,0
10019,0,0,0,0,0,0,0,0,0,0
10020,0,0,0,0,0,0,0,0,0,0
11001,0,0,0,0,0,0,0,0,1,0
11002,0,0,0,0,0,0,0,0,1,0
11003,0,0,0,0,0,0,0,0,1,0
11004,0,0,0,0,0,0,0,0,0,0
11005,0,0,0,0,0,0,0,0,1,0
11006,0,0,0,0,0,0,0,0,0,0
11007,0,0,0,0,0,0,0,0,1,0
11008,0,,0,0,0,0,0,0,0,0
11009,0,0,0,0,0,0,0,0,1,0
11010,0,0,0,0,0,0,0,0,1,0
11011,0,0,0,0,0,0,0,0,0,0
11012,0,0,0,0,0,0,0,0,1,0
11013,0,0,0,0,0,0,0,0,0,0
11014,0,0,0,0,0,0,0,0,1,0
11015,0,0,0,1,0,0,0,0,1,0
11016,0,0,0,0,0,0,0,0,1,0
11017,0,0,0,0,0,0,0,0,1,0
11018,0,0,0,0,0,0,0,0,0,0
11019,0,0,0,0,0,0,0,1,0,0
11020,0,0,0,0,0,0,0,0,0,0
12001,0,0,0,0,0,0,0,0,1,0
12002,0,0,1,0,0,0,1,0,1,0
12003,0,0,0,0,0,0,0,0,1,0
12004,0,0,0,0,0,0,0,0,1,0
12005,0,0,0,0,0,0,1,0,1,0
12006,0,0,0,0,0,0,0,0,1,0
12007,0,0,0,0,0,0,0,0,1,0
12008,0,1,0,0,0,0,0,0,1,0
12009,0,0,0,1,0,0,0,0,1,0
12010,0,0,0,0,0,0,0,0,1,0
12011,0,0,0,0,0,0,0,0,1,0
12013,0,0,0,0,0,0,0,0,1,0
12014,0,0,0,0,0,0,0,0,1,0
12015,0,0,0,0,0,0,0,0,1,0
12016,0,0,0,1,0,0,0,0,1,0
12017,0,0,0,0,0,0,0,0,0,0
12018,0,0,0,0,0,0,0,0,1,0
12019,0,0,0,0,0,0,0,0,0,0
12020,0,0,0,0,0,0,0,0,1,0
13001,0,0,0,0,0,0,0,0,1,0
13002,0,0,0,0,0,0,0,0,0,0
13003,0,0,0,0,0,0,0,0,1,0
13004,0,0,0,0,0,0,0,0,1,0
13005,0,0,0,0,0,0,0,0,0,0
13006,0,0,0,0,0,0,0,0,0,0
13007,1,0,0,0,0,0,0,0,0,0
13008,0,0,0,0,0,0,0,0,0,0
13009,0,0,0,0,0,0,0,0,1,0
13010,0,0,0,0,0,0,0,0,1,0
13011,0,0,0,0,0,0,0,0,1,0
13012,0,0,0,1,0,0,0,0,1,0
13013,0,0,0,0,0,0,0,0,0,0
13014,0,0,0,0,0,0,0,0,1,0
13015,0,0,0,0,0,0,0,0,1,0
13016,0,0,0,0,0,0,0,0,1,0
13017,0,0,0,0,0,0,0,0,1,0
13018,0,0,0,0,0,0,0,0,1,0
13019,0,0,0,0,0,0,0,0,0,0
13020,0,0,0,0,0,0,0,0,1,0
14001,0,0,0,1,0,0,1,0,1,0
14002,0,0,0,1,0,0,0,0,0,0
14003,0,0,0,0,0,0,0,0,1,0
14004,1,0,0,1,0,0,0,0,1,0
14005,0,0,0,0,0,0,0,1,1,0
14006,0,0,0,0,0,0,0,0,1,0
14007,0,0,0,0,0,0,1,0,0,0
14008,0,0,0,0,0,0,0,1,1,0
14009,0,0,0,1,0,0,0,0,1,0
14010,0,1,1,0,0,0,1,1,1,0
14011,0,0,1,0,0,0,0,0,1,0
14012,0,0,0,0,0,0,0,0,1,0
14013,0,0,0,0,0,0,0,0,1,0
14014,0,0,0,0,0,0,0,0,0,0
14015,0,0,0,1,0,0,0,0,1,0
14016,0,1,0,1,0,0,0,0,1,0
14017,0,0,0,0,0,0,0,0,1,0
14018,0,0,0,1,0,0,0,0,1,0
14019,0,0,0,0,0,0,0,0,0,0
15002,0,0,0,0,0,0,0,0,1,0
15003,0,0,0,0,0,0,0,0,0,0
15004,0,0,0,0,0,0,0,0,1,0
15005,0,0,0,0,0,0,0,1,1,0
15006,0,0,0,0,0,0,0,0,1,0
15007,0,1,0,0,0,0,0,0,0,0
15008,0,0,0,0,0,0,0,0,1,0
15009,0,0,0,0,0,0,0,0,1,0
15010,0,0,0,0,0,0,0,0,0,0
15012,0,0,0,0,0,0,0,0,0,0
15013,0,0,0,1,0,0,1,0,1,0
15014,0,0,0,0,0,0,0,0,0,0
15015,0,0,0,0,0,0,0,0,1,0
15016,0,0,0,0,0,0,0,0,1,0
15017,0,0,0,0,0,0,0,0,0,0
15019,0,1,0,0,0,0,0,0,1,0
15020,0,0,0,0,0,0,1,0,1,0
16001,0,0,0,0,0,0,0,0,1,0
16002,0,0,1,0,0,0,0,0,1,0
16004,0,0,0,0,0,0,0,0,1,0
16005,0,0,0,0,0,0,0,0,0,0
16006,0,0,0,0,0,0,0,0,1,0
16008,0,0,0,0,0,0,0,0,1,0
16009,0,0,0,0,0,0,0,0,1,0
16010,0,0,0,0,0,0,0,0,0,0
16011,0,0,0,0,0,0,0,0,1,0
16012,0,0,0,0,0,0,0,0,0,0
16013,0,0,0,0,0,0,0,0,1,0
16014,0,0,0,0,0,0,0,0,1,0
16015,0,0,0,0,0,0,0,0,1,0
16016,1,0,0,0,0,0,0,0,1,0
16017,0,0,0,0,0,0,0,0,0,0
16018,0,0,0,0,0,0,0,0,0,0
16019,0,0,0,0,0,0,0,1,1,0
16020,0,0,0,0,0,0,0,0,0,0
17001,0,0,0,0,0,0,0,0,1,0
17002,0,0,0,0,0,0,0,0,1,0
17003,0,0,0,0,0,0,0,0,1,0
17004,0,0,0,0,0,0,0,0,1,0
17005,0,0,0,0,0,0,0,0,0,0
17006,0,0,0,0,0,0,0,0,1,0
17007,0,0,0,0,0,0,0,0,0,0
17008,0,0,0,1,0,0,0,0,1,0
17009,0,0,0,0,0,0,0,0,0,0
17010,0,0,0,0,0,0,0,0,0,0
17011,0,0,0,0,0,0,0,0,0,0
17012,0,,0,0,0,0,0,0,0,0
17014,0,0,0,0,0,0,0,0,1,0
17015,0,0,0,0,0,0,0,0,0,0
17016,0,0,0,0,0,0,0,0,0,0
17017,0,0,0,0,0,0,0,0,1,0
17018,0,0,0,0,0,0,0,0,1,0
17019,0,0,0,0,0,0,0,0,1,0
17020,0,0,0,0,0,0,0,0,1,0
18001,0,0,0,0,0,0,0,0,1,0
18002,0,0,0,0,0,0,1,0,1,0
18003,0,0,0,0,0,0,0,0,1,0
18004,0,0,0,0,0,0,0,0,0,0
18005,0,0,0,0,0,0,0,0,1,0
18006,0,0,0,0,0,0,0,0,1,0
18007,0,0,0,0,0,0,0,0,0,0
18008,0,0,0,0,0,0,0,0,0,0
18009,0,0,0,0,0,0,0,0,1,0
18010,0,0,0,0,0,0,0,0,1,0
18011,0,0,0,0,0,0,0,0,1,0
18012,0,0,0,0,0,0,0,0,1,0
18013,0,0,0,0,0,0,0,0,1,0
18014,0,0,0,0,0,0,0,0,1,0
18015,0,0,0,0,0,0,0,0,0,0
18016,0,0,0,0,0,0,0,0,0,0
18017,0,0,0,0,0,0,0,0,0,0
18018,0,0,0,0,0,0,0,0,1,0
18019,0,0,0,0,0,0,0,0,1,0
18020,0,0,0,0,0,0,0,0,0,0
19001,0,0,0,0,0,0,0,0,1,0
19002,0,0,0,0,0,0,0,0,1,0
19003,0,0,0,0,0,0,0,0,1,0
19004,0,0,0,0,0,0,0,0,1,0
19005,0,0,0,0,0,0,0,0,0,0
19006,0,0,0,0,0,0,0,0,1,0
19007,0,0,0,0,0,0,0,0,0,0
19008,0,0,0,0,0,0,0,0,1,0
19009,0,0,0,0,0,0,0,0,1,0
19010,0,0,0,0,0,0,0,0,1,0
19011,0,1,0,0,0,0,0,0,1,0
19012,0,0,0,0,0,0,0,0,1,0
19013,0,0,0,1,0,0,0,0,1,0
19014,0,0,0,0,0,0,0,0,1,0
19015,0,0,0,0,0,0,0,0,0,0
19016,0,0,0,0,0,0,0,0,1,0
19017,0,0,0,0,0,0,0,0,0,0
19018,0,0,0,0,0,0,0,0,1,0
19019,0,0,0,0,0,0,0,0,1,0
19020,0,0,0,0,0,0,0,0,1,0
20001,0,0,0,0,0,0,0,0,1,0
20002,0,0,0,0,0,0,0,0,1,0
20003,0,0,1,1,0,0,0,1,1,0
20004,0,0,0,0,0,0,0,1,1,0
20006,0,0,0,0,0,0,0,0,0,0
20007,0,0,0,0,0,0,0,0,1,0
20008,0,0,0,0,0,0,0,0,1,0
20010,0,0,0,0,0,0,0,0,0,0
20011,0,0,0,0,0,0,0,0,0,0
20012,0,0,0,0,0,0,0,0,1,0
20013,0,0,0,0,0,0,0,0,1,0
20014,0,0,0,0,0,0,0,0,1,0
20015,0,0,0,0,0,0,0,0,1,0
20016,0,0,0,0,0,0,0,0,0,0
20017,0,0,0,0,0,0,0,0,1,0
20018,0,0,0,0,0,0,0,0,1,0
20019,0,0,0,0,0,0,0,0,1,0
20020,0,0,0,0,0,0,0,0,1,0
21001,0,0,0,0,0,0,0,0,1,0
21002,0,0,0,0,0,0,0,0,0,0
21003,0,0,0,0,0,0,0,0,0,0
21004,0,0,0,0,0,0,0,0,1,0
21005,0,0,0,0,0,0,0,0,0,0
21006,0,0,0,0,0,0,0,0,0,0
21007,0,0,0,0,0,0,0,0,0,0
21008,0,0,0,0,0,0,0,0,0,0
21009,0,0,0,0,0,0,0,0,0,0
21011,0,0,0,0,0,0,0,0,0,0
21012,0,0,0,0,0,0,0,0,0,0
21013,0,0,0,0,0,0,0,0,1,0
21014,0,0,0,0,0,0,0,0,1,0
21015,0,0,0,0,0,0,0,0,1,0
21016,0,0,0,0,0,0,0,0,0,0
21017,0,0,0,0,0,0,0,0,0,0
21018,0,0,0,0,0,0,0,0,1,0
21020,0,0,0,0,0,0,0,0,1,0
22001,0,0,0,0,0,0,0,0,1,0
22003,0,0,0,0,0,0,0,0,0,0
22004,0,0,0,0,0,0,0,0,0,0
22006,0,0,0,0,0,0,0,0,0,0
22007,0,0,0,0,0,0,0,0,0,0
22008,0,0,0,0,0,1,0,0,1,0
22009,0,0,1,0,0,0,0,0,1,0
22010,0,0,0,0,0,0,0,0,1,0
22011,0,0,0,0,0,0,0,0,1,0
22012,0,0,0,0,0,0,0,0,0,0
22013,0,0,0,0,0,0,0,0,1,0
22014,0,0,0,0,0,0,0,0,1,0
22015,0,0,0,0,0,0,0,0,0,0
22016,0,0,0,0,0,0,0,0,0,0
22017,0,0,0,0,0,0,0,0,0,0
22018,0,0,0,0,0,0,0,0,0,0
22019,0,0,0,0,0,0,0,0,0,0
22020,0,0,0,0,0,0,0,0,0,0
23001,0,0,0,0,0,0,0,0,0,0
23002,0,0,0,0,0,0,0,0,1,0
23003,0,0,0,0,0,0,0,0,1,0
23004,0,0,0,0,0,0,0,0,1,0
23005,0,0,0,0,0,0,0,0,0,0
23006,0,0,0,0,0,0,0,0,1,0
23007,0,0,0,0,0,0,0,0,1,0
23008,0,0,0,0,0,0,0,0,0,0
23009,0,0,0,0,0,0,0,0,1,0
23010,0,0,0,0,0,0,0,0,1,0
23011,0,0,0,0,0,0,0,0,1,0
23012,0,0,1,0,0,0,0,0,1,0
23013,0,1,0,0,0,0,0,0,0,0
23014,0,0,0,0,0,0,0,0,0,0
23015,0,0,0,0,0,0,0,0,0,0
23016,0,0,0,0,0,0,0,1,1,0
23018,0,0,0,0,0,0,0,0,0,0
23019,0,0,0,0,0,0,0,0,1,0
23020,0,1,0,0,0,0,0,0,0,0
24001,0,,0,1,0,0,0,0,1,0
24002,0,0,0,0,0,0,0,0,1,0
24003,0,0,0,0,0,0,0,0,0,0
24004,0,0,0,0,0,0,0,0,0,0
24005,0,0,0,0,0,0,0,0,0,0
24006,0,0,0,0,0,0,0,1,1,0
24007,0,1,1,1,0,0,0,1,1,0
24008,0,0,0,0,0,0,0,0,1,0
24009,0,0,0,0,0,0,0,0,1,0
24010,0,0,0,0,0,0,0,0,0,0
24011,0,0,0,0,0,0,0,0,0,0
24012,0,0,0,0,0,0,0,0,1,0
24013,0,0,0,0,0,0,0,0,1,0
24014,0,0,0,0,0,0,0,0,1,0
24016,0,1,0,0,0,0,0,1,1,0
24017,0,0,1,0,0,0,0,0,0,0
24018,0,0,1,0,0,0,0,0,1,0
24019,0,0,0,0,0,0,0,1,1,0
24020,0,0,0,0,0,0,0,0,1,0
25001,0,0,0,0,0,0,0,1,1,0
25002,0,0,0,1,0,0,0,0,1,0
25003,0,0,0,0,0,0,0,0,1,0
25004,0,0,0,1,0,0,0,1,1,0
25005,0,0,0,1,0,0,1,1,1,0
25006,0,0,0,1,0,0,0,0,1,0
25007,0,0,0,1,0,1,0,1,1,0
25008,0,0,0,0,0,0,0,1,1,0
25009,0,0,0,0,0,0,0,0,1,0
25010,0,0,0,0,0,0,0,0,1,0
25011,1,0,0,0,0,0,0,0,0,0
25012,0,1,0,0,0,0,0,0,1,0
25013,0,0,0,0,0,0,0,1,1,0
25014,0,0,0,1,0,0,0,1,1,0
25015,0,1,0,0,0,0,1,0,1,0
25017,0,0,0,0,0,0,0,1,1,0
25018,0,0,0,0,0,0,0,0,1,0
25019,0,0,0,1,0,0,0,1,1,0
25020,0,0,0,0,0,0,0,1,1,0
26001,0,0,0,0,0,0,0,0,1,0
26002,0,0,0,0,0,0,0,0,0,0
26003,0,0,0,0,0,0,0,0,1,0
26004,0,0,0,0,0,0,0,0,0,0
26005,0,0,0,0,0,0,0,0,1,0
26006,0,0,0,0,0,0,0,0,0,0
26007,0,0,0,0,0,0,0,0,0,0
26008,0,0,0,0,0,0,0,0,1,0
26009,0,0,0,0,0,0,0,0,1,0
26010,0,,0,0,0,0,0,0,1,0
26011,0,0,0,1,0,0,0,0,1,0
26012,0,0,0,0,0,0,0,0,0,0
26013,0,1,0,0,0,0,0,0,0,0
26014,0,0,0,0,0,0,0,0,1,0
26015,0,0,0,0,0,0,0,0,1,0
26016,0,0,0,0,0,0,0,0,1,0
26017,0,0,0,0,0,0,0,0,1,0
26018,0,0,0,0,0,0,0,1,1,0
26019,0,0,0,0,0,0,0,0,0,0
26020,0,0,0,0,0,0,0,0,1,0
27001,0,0,0,0,0,0,0,0,1,0
27002,0,0,0,0,0,0,0,0,1,0
27003,0,0,0,0,0,0,0,0,1,0
27004,0,0,0,0,0,0,0,0,1,0
27005,0,0,0,0,0,0,0,0,0,0
27007,0,0,0,0,0,0,0,0,1,0
27008,0,0,0,0,0,0,0,0,0,0
27009,0,0,0,0,0,0,0,0,1,0
27010,0,0,0,0,0,0,0,0,1,0
27011,0,0,0,0,0,0,0,0,1,0
27012,0,0,0,0,0,0,0,0,1,0
27013,0,0,0,0,0,0,0,0,1,0
27014,0,0,0,0,0,0,0,0,1,0
27015,0,0,0,0,0,0,0,0,1,0
27016,0,0,0,0,0,0,0,0,1,0
27017,0,0,0,0,0,0,0,0,1,0
27018,0,0,0,0,0,0,0,0,1,0
27019,0,0,0,0,0,0,0,0,1,0
27020,0,0,0,0,0,0,0,0,1,0
28002,0,0,0,0,0,0,0,0,1,0
28003,0,0,0,0,0,0,0,0,1,0
28004,0,0,0,0,0,0,0,0,0,0
28005,0,0,0,0,0,0,0,0,1,0
28006,0,0,0,0,0,0,0,0,1,0
28007,0,0,0,0,0,0,0,0,1,0
28008,0,0,0,1,0,0,0,0,1,0
28011,0,0,0,0,0,0,0,0,1,0
28012,0,,0,0,0,0,0,0,0,0
28013,0,1,0,0,0,0,0,0,1,0
28014,0,0,0,0,0,0,0,0,1,0
28015,0,0,0,0,0,0,0,0,1,0
28016,0,0,0,0,0,0,0,0,1,0
28017,0,0,0,0,0,0,0,0,0,0
28018,0,0,0,0,1,0,0,1,1,0
28019,0,1,0,0,0,0,0,0,1,0
28020,0,0,0,0,0,0,0,0,1,0
29001,0,0,0,0,0,0,0,0,1,0
29002,0,0,0,0,0,0,0,0,0,0
29003,0,0,0,1,0,0,0,0,1,0
29004,0,0,0,0,0,0,0,0,1,0
29005,0,0,0,0,0,0,0,0,0,0
29006,0,0,0,0,0,0,0,0,1,0
29007,0,0,0,0,0,0,0,0,1,0
29008,0,0,0,0,0,0,0,0,1,0
29009,0,1,0,0,0,0,0,0,1,0
29010,0,0,0,0,0,0,0,0,0,0
29011,0,0,0,0,0,0,0,0,0,0
29012,0,0,0,0,0,0,0,0,1,0
29013,0,0,0,0,0,0,0,0,0,0
29014,0,0,0,0,0,0,0,0,1,0
29015,0,0,0,0,0,0,0,0,0,0
29016,0,0,0,0,0,0,0,0,1,0
29017,0,0,0,0,0,0,0,0,0,0
29018,0,0,0,0,0,0,0,0,0,0
29019,0,0,0,0,0,0,0,0,0,0
29020,0,0,0,0,0,0,0,0,1,0
30001,0,0,0,0,0,0,0,0,0,0
30002,,,0,0,0,0,0,0,1,0
30003,0,0,0,0,0,0,0,0,1,0
30004,0,0,0,0,0,0,0,0,1,0
30005,0,0,0,0,0,0,0,0,1,0
30006,0,0,0,0,0,0,0,0,1,0
30007,0,0,0,0,0,0,0,0,1,0
30008,0,0,0,0,0,0,0,0,0,0
30009,0,0,0,0,0,0,0,0,1,0
30010,0,0,0,0,0,0,0,0,0,0
30011,0,0,0,0,0,0,0,0,1,0
30012,0,0,0,0,0,0,0,0,1,0
30013,0,0,0,0,0,0,0,1,1,0
30014,0,0,0,1,0,0,0,0,0,0
30015,0,0,0,0,0,0,1,0,1,0
30016,0,0,0,0,0,0,0,0,1,0
30017,0,0,0,0,0,0,0,1,1,0
30018,0,0,0,0,0,0,0,0,1,0
30019,0,0,0,0,0,0,0,0,0,0
30020,0,0,0,0,0,0,0,0,1,0
31001,0,0,0,0,0,0,0,0,0,0
31003,0,0,0,0,0,0,0,0,1,0
31004,0,0,0,0,0,0,0,0,1,0
31005,0,0,0,0,0,0,0,0,1,0
31006,0,0,0,0,0,0,0,0,1,0
31008,0,0,0,0,0,0,0,0,1,0
31009,0,0,0,0,0,0,0,0,0,0
31010,0,0,1,0,0,0,0,0,1,0
31011,0,0,0,0,0,0,0,0,1,0
31012,0,0,0,0,0,0,0,0,1,0
31013,0,0,0,0,0,0,0,0,1,0
31014,0,0,0,0,0,0,0,0,0,0
31015,0,0,0,0,0,0,0,0,0,0
31016,0,0,0,0,0,0,0,0,0,0
31017,0,0,0,0,0,0,0,0,0,0
31018,0,0,0,0,0,0,0,0,0,0
31019,0,0,0,0,0,0,0,0,0,0
31020,0,0,0,0,0,0,0,0,0,0
32001,1,0,0,0,0,0,0,0,1,0
32002,0,0,0,0,0,0,0,0,1,0
32003,0,0,0,0,0,0,0,0,1,0
32004,0,0,0,0,0,0,0,0,0,0
32005,0,0,0,0,0,0,0,0,1,0
32006,0,1,0,0,0,0,0,0,1,0
32007,0,0,0,0,0,0,0,0,1,0
32008,0,0,0,0,0,0,0,0,1,0
32009,0,0,0,0,0,0,0,0,0,0
32010,0,0,0,0,0,0,0,1,1,0
32011,0,0,0,0,0,0,0,0,1,0
32012,0,0,0,0,0,0,0,0,1,0
32013,0,0,0,0,0,0,0,0,1,0
32014,0,0,0,0,0,1,0,0,1,0
32015,0,0,0,0,0,0,0,0,1,0
32016,0,0,0,0,0,0,0,0,1,0
32017,0,0,0,0,0,0,0,0,1,0
32018,0,1,0,0,0,0,0,0,1,0
32019,0,0,0,0,0,0,0,0,1,0
32020,0,0,1,0,0,0,0,0,1,0
33001,0,0,0,0,0,0,0,0,0,0
33002,0,0,0,0,0,0,0,0,0,0
33003,0,0,0,0,0,0,0,0,0,0
33004,0,0,0,0,0,0,0,0,0,0
33005,0,0,0,0,0,0,0,0,1,0
33006,0,0,0,1,0,0,0,0,0,0
33008,0,0,0,0,0,0,0,0,0,0
33009,0,0,0,0,0,0,0,0,0,0
33010,0,0,0,0,0,0,0,0,1,0
33011,0,0,0,0,0,0,0,0,0,0
33012,0,0,0,0,0,0,0,0,1,0
33013,0,0,0,0,0,0,0,0,0,0
33014,0,0,0,0,0,0,0,0,0,0
33015,0,0,0,0,0,0,0,0,0,0
33016,0,0,0,0,0,0,0,0,0,0
33017,0,0,0,0,0,0,0,0,1,0
33018,0,0,0,0,0,0,0,0,0,0
33019,0,0,1,0,0,0,0,0,1,0
33020,0,0,0,0,0,0,0,0,0,0
34001,0,0,1,0,0,0,0,0,1,0
34002,0,0,0,0,0,0,0,0,0,0
34004,0,0,0,0,0,0,0,0,0,0
34005,0,0,0,0,0,0,0,0,0,0
34006,0,0,0,0,0,0,0,0,0,0
34007,0,0,0,0,0,0,0,0,0,0
34009,0,,0,0,0,0,0,0,1,0
34010,0,0,0,0,0,0,0,0,0,0
34011,0,0,0,0,0,0,0,0,0,0
34012,0,0,0,0,0,0,0,0,1,0
34013,0,0,0,0,0,0,0,0,0,0
34014,0,0,0,0,0,0,0,0,0,0
34015,0,0,0,0,0,0,0,1,1,0
34016,0,0,0,0,0,0,0,0,1,0
34017,0,0,0,0,0,0,0,0,1,0
34018,0,0,0,0,0,0,0,0,1,0
34019,0,0,0,0,0,0,0,0,0,0
34020,0,0,0,0,0,0,0,0,0,0
35001,0,0,0,0,0,0,0,0,1,0
35002,0,0,0,0,0,0,0,0,0,0
35003,0,0,0,0,0,0,0,0,1,0
35004,0,0,0,0,0,0,0,0,0,0
35005,0,0,0,0,0,0,0,0,0,0
35006,0,0,0,0,0,0,0,0,0,0
35007,0,0,0,0,0,0,0,0,0,0
35008,0,0,0,0,0,0,0,0,0,0
35009,0,0,0,0,0,0,0,0,1,0
35010,0,0,0,0,0,0,0,0,1,0
35011,0,0,0,0,0,0,0,0,1,0
35013,0,0,0,0,0,0,0,0,1,0
35014,0,,0,0,0,0,0,0,0,0
35015,0,0,0,0,0,0,0,0,0,0
35016,0,0,0,0,0,0,0,0,1,0
35017,0,0,0,0,0,0,0,0,0,0
35018,0,0,0,0,0,0,0,0,1,0
35019,0,0,0,0,0,0,0,0,1,0
36001,0,0,0,0,0,0,0,0,0,0
36002,0,,0,0,0,0,0,0,1,0
36003,0,0,0,0,0,0,0,0,1,0
36004,0,0,0,0,0,0,0,0,0,0
36005,0,0,0,0,0,0,0,0,1,0
36006,0,0,0,0,0,0,0,1,1,0
36007,0,0,0,0,0,0,0,0,1,0
36008,0,0,0,0,0,0,0,0,1,0
36010,0,0,0,0,0,0,0,0,0,0
36011,0,0,0,0,0,0,0,0,0,0
36012,0,0,0,0,0,0,0,0,1,0
36013,0,0,0,0,0,0,0,0,0,0
36014,0,0,0,0,0,0,0,0,0,0
36016,0,0,0,0,0,0,0,0,0,0
36017,0,0,0,0,0,0,0,0,1,0
36018,0,0,0,0,0,0,0,0,0,0
36019,0,1,0,0,0,0,0,0,0,0
36020,0,0,0,0,0,0,0,0,1,0
37001,0,1,0,1,0,0,0,0,1,0
37002,0,0,0,0,0,0,0,0,1,0
37003,,,0,0,0,0,0,0,0,0
37005,0,0,0,0,0,0,1,0,1,1
37006,0,0,0,0,0,0,0,0,0,0
37007,0,0,0,0,0,0,0,0,1,0
37008,0,0,0,0,0,0,0,0,1,0
37009,0,0,0,0,0,0,0,0,0,0
37010,0,0,0,0,0,0,1,0,0,0
37011,0,0,0,0,0,0,0,0,0,0
37012,0,0,0,0,0,0,0,0,0,0
37013,0,0,0,0,0,0,0,1,0,0
37014,0,0,0,0,0,0,0,0,1,0
37016,0,0,0,0,0,0,0,0,1,0
37017,0,0,0,0,0,0,0,1,1,0
37018,0,0,0,0,0,0,0,1,1,0
37019,0,0,0,0,0,0,0,0,1,0
37020,0,0,0,0,0,0,0,0,0,0
38001,0,0,0,0,0,0,0,0,0,0
38002,0,0,0,0,0,0,0,0,1,0
38004,0,0,0,0,0,0,0,0,0,0
38005,0,0,0,0,0,0,0,0,1,0
38006,0,0,0,0,0,0,0,0,1,0
38007,0,0,0,0,0,0,0,0,0,0
38010,0,0,0,0,0,0,0,0,0,0
38011,0,0,0,0,0,0,0,0,1,0
38012,0,0,0,0,0,0,0,0,0,0
38014,0,0,0,0,0,0,0,0,1,0
38015,0,1,0,0,0,0,0,0,1,0
38016,0,0,0,0,0,0,0,0,1,0
38017,0,0,0,0,0,0,0,0,1,0
38018,0,0,0,0,0,0,0,0,0,0
38019,0,0,0,0,0,0,0,0,0,0
39003,0,0,0,0,0,0,0,0,0,0
39004,0,0,0,0,0,0,0,0,0,0
39005,0,0,0,0,0,0,0,0,1,0
39006,0,0,0,0,0,0,0,0,1,0
39007,0,0,0,0,0,0,0,0,0,0
39008,0,0,0,0,0,0,0,0,1,0
39009,0,0,0,0,0,0,0,0,1,0
39010,0,0,0,0,0,0,0,0,0,0
39011,0,0,0,0,0,0,0,0,1,0
39012,0,0,0,0,0,0,1,0,0,0
39013,0,0,0,0,0,0,0,0,1,0
39015,0,0,0,0,0,0,1,0,0,0
39016,0,1,0,0,0,0,0,1,1,0
39017,0,0,0,0,0,0,0,0,1,0
39018,1,0,0,0,0,0,0,0,1,0
39019,0,0,0,0,0,0,0,0,1,0
39020,0,0,0,0,0,0,0,0,0,0
40002,0,0,0,0,0,0,0,0,1,0
40004,0,0,0,0,0,0,0,0,0,0
40005,0,0,0,0,0,0,0,0,0,0
40006,0,0,0,0,0,0,0,0,0,0
40008,0,,0,0,0,0,0,0,0,0
40009,0,0,0,0,0,0,0,0,0,0
40010,0,,0,0,0,0,0,0,0,0
40011,0,0,0,0,0,0,0,0,0,0
40013,0,0,0,0,0,0,0,0,0,0
40014,0,0,0,0,0,0,0,0,0,0
40015,0,0,0,0,0,0,0,0,1,0
40016,0,0,0,0,0,0,0,0,0,0
40017,0,0,0,0,0,0,0,0,0,0
40018,0,0,0,0,0,0,0,0,0,0
40019,0,0,0,0,0,0,0,0,0,0
41001,0,,0,1,0,0,1,0,1,0
41002,0,0,0,0,0,0,0,0,0,0
41003,0,,0,0,0,0,0,0,1,0
41004,0,0,0,0,0,0,1,0,0,0
41005,0,1,0,0,0,0,0,1,0,0
41006,0,0,0,0,0,0,0,0,0,0
41007,0,0,0,0,0,0,0,0,0,0
41008,0,0,0,0,0,0,0,0,0,0
41009,0,0,0,0,0,0,0,0,1,0
41010,0,0,0,0,0,0,0,0,0,0
41011,0,0,0,0,0,0,0,0,1,0
41012,0,0,0,0,0,0,0,0,1,0
41013,0,0,0,0,0,0,0,0,1,0
41014,0,0,0,0,0,0,0,0,0,0
41015,0,0,0,0,0,0,0,0,0,0
41016,0,0,0,0,0,0,0,0,1,0
41017,0,0,0,0,0,0,0,0,0,0
41018,0,0,0,0,0,0,0,0,1,0
41019,0,0,0,0,0,0,0,0,0,0
41020,0,0,0,0,0,0,0,0,1,0
42002,0,0,0,0,0,0,0,0,1,0
42003,0,0,0,0,0,0,0,0,1,0
42004,0,0,0,0,0,0,0,0,1,0
42005,0,0,0,0,0,0,0,0,0,0
42006,0,0,0,0,0,0,0,0,1,0
42007,0,0,0,0,0,0,0,0,0,0
42008,0,1,0,0,0,0,0,0,0,0
42009,0,1,0,0,0,0,1,1,1,0
42010,0,0,0,0,0,0,0,0,1,0
42011,0,0,0,0,0,0,0,0,1,0
42012,0,0,0,0,0,0,0,0,0,0
42013,0,0,0,0,0,0,0,0,1,0
42014,0,0,0,0,0,0,0,0,1,0
42016,0,0,0,0,0,0,0,0,1,0
42017,0,0,0,0,0,0,0,0,0,0
42018,0,0,0,0,0,0,0,0,0,0
42019,0,0,0,0,0,0,1,0,0,0
42020,0,0,0,0,0,0,0,0,0,0
43001,0,1,0,0,0,0,0,0,1,0
43002,0,0,0,0,0,0,0,0,1,0
43004,0,0,0,0,0,0,0,0,1,0
43006,0,0,0,1,0,0,0,0,1,0
43007,0,0,0,0,0,0,0,0,0,0
43008,0,0,0,0,0,0,0,0,1,0
43009,0,0,0,0,0,0,0,0,0,0
43010,0,1,0,0,0,0,0,0,1,0
43011,0,0,0,0,0,0,0,0,0,0
43012,0,0,0,1,0,0,0,0,1,0
43013,0,0,0,0,0,0,0,0,1,0
43014,0,0,0,0,0,0,0,0,1,0
43015,0,0,0,0,0,0,0,0,1,0
43016,0,0,0,0,0,0,0,0,1,0
43017,0,0,0,1,0,0,0,0,1,0
43018,0,0,0,0,0,0,0,0,1,0
43019,0,0,0,0,0,0,0,0,1,0
43020,0,0,0,0,0,0,0,1,1,0
44001,0,0,0,0,0,0,0,0,1,0
44002,0,0,0,0,0,0,0,0,1,0
44003,0,0,0,1,0,0,1,0,1,0
44005,0,0,0,0,0,0,0,0,1,0
44006,0,0,0,0,0,0,0,0,1,0
44007,0,0,0,0,0,0,0,0,0,0
44008,0,0,0,0,0,0,0,0,1,0
44009,0,0,0,0,0,0,0,0,1,0
44010,0,0,0,0,0,0,1,1,0,0
44011,0,0,0,0,0,0,0,0,1,0
44012,0,0,0,0,0,0,0,0,1,0
44013,0,0,0,0,0,0,0,0,1,0
44014,0,0,0,0,0,0,0,0,1,0
44015,0,0,0,0,0,0,0,0,1,0
44016,1,0,0,0,0,0,0,0,1,0
44017,0,0,1,0,0,0,0,1,1,0
44018,0,0,0,0,0,0,1,0,1,0
44020,0,0,0,0,0,0,0,0,1,0
45001,0,0,0,0,0,0,0,0,0,0
45002,0,0,0,0,0,0,0,0,1,0
45003,0,0,0,0,0,0,0,0,0,0
45004,0,0,0,0,0,0,0,0,1,0
45006,0,0,1,0,0,0,0,1,1,0
45007,0,1,0,0,0,0,1,1,1,0
45008,0,0,0,0,0,0,0,0,1,0
45009,0,0,0,0,0,0,0,0,1,0
45010,0,0,0,0,0,0,0,0,1,0
45011,0,0,0,1,0,0,1,0,1,0
45012,0,0,0,1,0,0,0,0,1,0
45013,0,0,0,0,0,0,0,0,1,0
45015,0,1,0,0,0,0,0,0,1,0
45016,0,0,0,0,0,0,0,0,1,0
45017,0,0,0,0,0,0,0,0,1,0
45018,0,0,1,0,0,0,0,0,1,0
45019,0,0,0,0,0,0,0,0,1,0
45020,0,0,0,0,0,0,0,0,1,0
46001,0,0,0,0,0,0,0,0,1,0
46002,0,1,0,0,0,0,1,0,1,0
46003,0,1,0,0,0,0,0,0,1,0
46004,0,1,0,0,0,0,0,0,1,0
46005,0,0,1,1,0,0,0,0,1,0
46006,0,0,0,0,0,0,0,0,1,0
46007,0,0,0,0,0,0,0,0,1,0
46008,0,0,0,1,0,0,1,1,1,0
46009,0,0,0,0,0,0,0,0,1,0
46010,0,0,0,0,0,0,0,0,1,0
46011,0,0,0,0,0,0,0,0,1,0
46012,0,0,0,1,1,1,0,1,1,1
46013,0,0,0,0,0,0,0,0,1,0
46014,0,0,0,0,0,0,0,0,1,0
46015,0,0,0,0,0,0,0,0,1,0
46016,0,0,0,0,0,0,0,0,1,0
46017,0,0,0,0,0,0,0,0,0,0
46018,0,1,0,0,0,0,0,0,1,0
46019,0,0,0,1,0,0,0,0,1,0
46020,0,0,0,1,1,0,1,1,1,0
47001,0,0,0,0,0,0,0,0,1,0
47002,0,0,0,0,0,0,0,0,1,0
47003,0,0,0,0,0,0,0,1,1,0
47004,0,0,0,0,0,0,0,0,1,0
47005,0,0,0,0,0,0,0,0,1,0
47006,0,0,0,0,0,0,0,0,1,0
47007,0,0,0,0,0,0,0,0,1,0
47008,0,0,0,0,0,0,0,0,1,0
47009,0,1,0,0,0,0,0,0,0,0
47010,0,0,0,0,0,0,0,0,0,0
47012,0,0,0,0,0,0,0,0,1,0
47013,0,0,0,0,0,0,0,0,1,0
47014,0,0,0,0,0,0,0,0,1,0
47015,0,0,0,0,0,0,0,0,1,0
47016,0,0,1,0,0,0,0,1,1,0
47017,0,0,0,0,0,0,0,0,1,0
47018,0,0,0,0,0,0,0,1,0,0
47019,0,0,0,0,0,0,0,0,1,0
47020,0,0,0,0,0,0,0,0,1,0
48001,0,0,0,0,0,0,1,0,1,0
48002,0,0,0,0,0,0,0,0,0,0
48003,0,0,0,0,0,0,0,0,1,0
48004,0,0,0,0,0,0,0,0,0,0
48005,0,0,0,1,0,0,0,0,1,0
48006,0,0,0,0,0,0,0,0,0,0
48007,0,0,0,1,0,0,0,0,1,0
48008,0,0,0,0,0,0,0,0,0,0
48009,1,0,0,0,0,0,0,0,1,0
48010,0,0,0,0,0,0,0,0,1,0
48011,0,0,0,0,0,0,0,0,1,0
48012,0,0,0,0,0,0,0,0,0,0
48014,0,0,0,0,0,0,0,0,0,0
48015,0,0,0,0,0,0,0,0,1,0
48016,0,0,0,0,0,0,0,0,1,0
48017,0,0,0,0,0,0,0,0,0,0
48018,0,0,0,1,0,0,0,0,1,0
48019,0,0,0,0,0,0,0,0,1,0
48020,1,0,0,0,0,0,0,0,1,0
49001,0,0,0,0,0,0,0,0,1,0
49002,0,0,0,0,0,0,0,0,1,0
49003,0,0,0,1,0,0,0,0,1,0
49004,0,0,0,0,0,0,0,0,0,0
49005,0,0,0,0,0,0,0,0,0,0
49006,0,0,0,0,0,0,0,0,0,0
49007,0,,0,0,0,0,0,0,1,0
49008,0,0,0,0,0,0,0,0,1,0
49009,0,0,0,0,0,0,0,0,1,0
49010,0,0,0,1,0,0,0,0,1,0
49011,0,0,0,0,0,0,0,1,1,0
49012,0,0,0,0,0,0,0,0,0,0
49013,0,0,0,0,0,0,0,0,1,0
49014,0,0,0,0,0,0,0,0,1,0
49015,0,0,0,0,0,0,0,0,0,0
49016,0,0,0,1,0,0,0,0,0,0
49017,0,0,0,0,0,0,0,0,1,0
49018,0,0,1,1,0,0,0,0,1,0
49019,0,1,0,0,0,0,0,0,1,0
49020,0,0,0,0,0,0,0,0,1,0
50001,0,0,0,0,0,0,0,0,1,0
50002,0,0,0,0,0,0,0,0,1,0
50003,0,0,0,0,0,0,0,0,1,0
50004,0,0,0,1,0,0,0,0,1,0
50005,0,0,0,0,0,0,0,0,1,0
50006,0,0,0,0,0,0,0,0,1,0
50007,0,0,0,1,0,0,0,0,1,0
50008,0,1,0,1,0,0,0,0,1,0
50009,0,0,0,1,0,0,0,0,1,0
50010,0,0,0,0,0,0,0,0,1,0
50011,0,0,0,0,0,0,0,0,1,0
50012,0,0,0,0,0,0,0,0,1,0
50013,0,0,0,0,0,0,0,0,1,0
50014,0,1,0,0,0,0,0,0,1,0
50015,0,0,0,0,0,0,1,0,1,0
50016,0,0,0,0,0,0,0,0,1,0
50017,0,0,0,0,0,0,0,0,1,0
50018,0,0,0,0,0,0,0,0,0,0
50019,0,0,0,0,0,0,0,0,1,0
50020,0,0,0,0,0,0,0,0,1,0
51001,0,0,0,0,0,0,0,0,1,0
51002,0,0,0,0,0,0,0,0,1,0
51004,0,0,0,0,0,0,0,0,0,0
51005,0,0,0,1,0,0,0,0,1,0
51006,0,0,0,0,0,0,0,0,1,0
51007,0,0,0,0,0,0,0,0,1,0
51008,0,1,0,0,0,0,0,0,1,0
51009,0,1,0,0,0,0,0,0,1,0
51010,0,0,0,0,0,0,0,0,1,0
51011,0,0,0,0,0,0,0,0,1,0
51012,0,0,0,0,0,0,0,0,1,0
51013,0,0,0,0,0,0,0,0,1,0
51014,0,1,0,0,0,0,0,0,1,0
51015,0,0,0,0,0,0,0,0,0,0
51016,0,0,0,0,0,0,0,0,1,0
51017,0,0,0,0,0,0,1,1,1,0
51018,0,0,0,0,0,0,0,0,0,0
51019,0,1,0,1,0,0,1,1,1,0
51020,0,0,0,0,0,0,0,0,1,0
52001,0,1,0,0,0,0,1,1,1,0
52002,0,0,0,0,0,0,1,1,1,0
52003,0,1,0,0,0,0,0,1,1,0
52004,0,0,0,0,0,0,0,0,1,0
52005,0,0,0,0,0,0,0,0,1,0
52006,0,0,0,0,0,0,0,0,1,0
52007,0,0,0,0,0,0,0,0,1,0
52009,0,0,0,0,0,0,0,0,1,0
52010,0,1,0,0,0,0,0,0,0,0
52011,0,0,0,0,0,0,0,0,1,0
52012,0,0,0,0,0,0,0,0,1,0
52013,0,0,0,1,0,0,0,1,1,0
52014,0,1,0,0,0,0,0,0,1,0
52015,0,0,0,1,0,0,0,0,1,0
52016,0,0,0,0,0,0,1,0,1,0
52017,0,0,0,0,0,0,0,0,1,0
52018,0,0,0,0,0,0,0,0,1,0
52019,0,0,0,0,0,0,0,0,0,0
53001,0,1,0,0,0,0,0,0,1,0
53002,0,0,0,0,0,0,0,1,1,0
53003,0,0,0,0,0,0,0,0,1,0
53004,0,0,0,0,0,0,0,0,1,0
53005,0,,0,0,0,0,0,0,1,0
53006,0,1,0,0,0,0,0,0,1,0
53007,0,1,0,0,0,0,0,0,1,0
53008,0,0,0,0,0,0,0,0,0,0
53009,0,0,0,0,0,0,0,0,0,0
53010,0,0,0,0,0,0,0,0,1,0
53011,0,0,1,0,0,0,0,0,1,0
53012,0,0,0,1,0,0,0,0,1,0
53013,0,0,0,0,0,0,0,0,1,0
53014,0,0,0,0,0,0,0,0,0,0
53015,0,0,0,0,0,0,0,0,1,0
53016,0,0,0,0,0,0,0,0,0,0
53017,0,0,0,0,0,0,0,0,1,0
53018,0,0,0,0,0,0,0,0,1,0
53019,0,0,0,0,0,0,0,0,1,0
53020,0,0,0,1,0,0,0,0,1,1
54001,0,0,0,0,0,0,0,0,1,0
54002,0,0,0,0,0,0,0,0,1,0
54003,0,0,0,0,0,0,0,0,1,0
54004,0,0,0,0,0,0,0,0,1,0
54005,0,0,0,0,0,0,0,0,1,0
54006,0,0,0,0,0,0,0,0,1,0
54007,0,0,0,0,0,0,0,0,1,0
54008,0,0,0,0,0,0,0,0,1,0
54009,0,0,0,0,0,0,0,0,1,0
54010,0,0,0,0,0,0,0,0,1,0
54011,0,0,0,0,0,0,0,0,1,0
54012,0,0,0,0,0,0,0,0,1,0
54013,0,0,0,0,0,0,0,0,1,0
54014,0,0,0,0,0,0,0,0,1,0
54015,0,0,0,1,0,0,0,0,1,0
54016,1,0,0,0,0,0,0,0,1,0
54017,0,0,0,0,0,0,0,0,1,0
54018,0,0,0,0,0,0,0,0,1,0
54019,0,0,0,0,0,0,0,0,1,0
54020,0,0,0,0,0,0,0,0,1,0
55001,0,0,0,0,0,0,0,0,1,0
55003,0,0,0,0,0,0,0,0,1,0
55004,0,0,0,0,0,0,0,0,1,0
55005,0,0,0,1,0,0,0,0,1,0
55006,0,0,0,1,0,0,0,0,1,0
55007,0,0,0,0,0,0,0,0,1,0
55008,0,0,0,0,0,0,0,0,1,0
55009,0,0,0,0,0,0,0,0,1,0
55010,0,0,0,0,0,0,0,0,1,0
55011,0,0,0,1,0,0,0,0,1,0
55012,0,0,0,0,0,0,0,0,1,0
55013,0,0,0,0,0,0,0,0,0,0
55014,0,0,0,1,0,0,0,1,1,0
55015,0,0,0,0,0,0,0,0,1,0
55016,0,0,0,0,0,0,0,0,1,0
55017,0,0,0,0,0,0,0,0,1,0
55018,0,0,0,0,0,0,0,0,1,0
55019,0,0,0,0,0,0,0,0,0,0
55020,0,0,0,0,0,0,0,0,1,0
56001,0,0,0,0,0,0,0,0,1,0
56002,0,0,0,0,0,0,0,0,0,0
56003,0,0,0,0,0,0,0,0,1,0
56004,0,0,0,0,0,0,0,0,0,0
56005,0,0,0,0,0,0,0,0,1,0
56006,0,0,0,0,0,1,0,0,1,0
56007,0,0,0,0,0,0,0,0,1,0
56008,0,0,0,0,0,0,0,0,1,0
56009,0,0,0,0,0,0,0,0,1,0
56010,0,0,0,1,0,0,0,0,1,0
56011,0,0,0,1,0,0,0,0,1,0
56012,0,0,0,0,0,0,0,0,1,0
56013,0,0,0,0,0,0,0,0,1,0
56014,0,0,0,0,0,0,0,0,1,0
56015,0,0,0,0,0,0,0,0,1,0
56016,0,0,0,0,0,0,0,0,1,1
56017,0,0,0,0,0,0,0,0,1,0
56018,0,0,0,0,0,0,0,0,1,0
56019,0,0,0,0,0,0,0,0,1,0
56020,0,0,0,0,0,0,0,0,1,0
57001,0,0,0,1,0,0,0,0,0,0
57002,0,0,0,0,0,0,0,0,1,0
57003,0,0,0,0,0,0,0,0,1,0
57004,1,0,0,0,0,0,0,0,0,0
57005,0,0,0,0,0,0,0,0,0,0
57006,0,0,0,0,0,0,0,0,0,0
57007,0,0,0,0,0,0,0,0,1,0
57008,0,0,0,0,0,0,0,0,0,0
57009,0,0,0,0,0,0,0,0,1,0
57010,0,1,0,0,0,0,0,0,0,0
57011,0,0,0,0,0,0,0,0,0,0
57012,0,0,0,0,0,0,0,0,0,0
57013,0,0,0,0,0,0,0,0,1,0
57014,0,0,0,0,0,0,0,0,0,0
57015,0,1,0,0,0,0,0,0,0,0
57016,0,0,0,0,0,0,0,0,1,0
57017,0,0,0,0,0,0,0,0,1,0
57018,0,0,0,0,0,0,0,0,0,0
57019,0,0,0,1,0,0,1,0,0,0
57020,0,0,0,0,0,0,0,0,1,0
58001,0,0,0,0,0,0,0,0,1,0
58002,0,0,0,0,0,0,0,0,1,0
58003,0,0,0,0,0,0,0,0,1,0
58004,0,0,0,0,0,0,0,0,1,0
58005,0,0,0,0,0,0,0,0,1,0
58006,0,0,0,0,0,0,0,0,0,1
58008,0,0,0,0,0,0,0,0,1,0
58009,0,0,0,0,0,0,0,0,1,0
58010,0,0,0,0,0,0,0,0,0,0
58011,0,0,0,0,0,0,0,0,1,0
58012,0,0,0,0,0,0,0,0,1,0
58013,0,0,0,0,0,0,0,0,1,0
58014,0,0,0,0,0,0,0,1,1,0
58015,0,0,0,0,0,0,0,0,1,0
58016,0,0,0,0,0,0,0,0,1,0
58017,0,0,0,1,0,0,1,0,1,1
58018,0,0,0,0,0,0,0,0,1,0
58019,0,0,0,0,0,0,0,0,1,0
58020,0,0,0,0,0,0,0,0,1,0
59001,0,0,0,0,0,0,0,0,1,0
59002,0,0,0,1,0,0,0,0,1,0
59003,0,0,0,0,0,0,0,0,0,0
59004,0,0,0,0,0,0,0,0,0,0
59005,0,0,1,0,0,0,0,0,1,0
59006,0,0,0,0,0,0,0,0,0,0
59007,0,0,0,0,0,0,0,0,0,0
59008,0,0,0,0,0,0,0,1,1,0
59009,0,0,0,0,0,0,0,0,1,0
59010,0,0,0,0,0,0,0,0,0,0
59011,0,0,0,0,0,0,0,0,1,0
59012,0,0,0,0,0,0,0,0,0,0
59013,0,0,1,0,0,0,0,0,1,0
59014,0,0,0,1,0,0,0,0,1,0
59015,0,0,0,0,0,0,0,0,1,0
59016,0,0,0,0,0,0,0,0,0,0
59017,0,0,0,0,0,0,0,0,1,0
59018,0,0,0,0,0,0,0,0,1,0
59019,0,0,0,0,0,0,0,0,1,0
59020,0,0,1,0,0,0,0,0,1,0
60001,0,0,0,0,0,0,0,0,0,0
60004,1,0,0,0,0,0,0,0,1,0
60005,0,0,0,0,0,0,0,0,1,0
60006,0,0,1,0,0,0,0,0,1,0
60007,0,0,0,0,0,1,0,0,0,0
60008,0,0,0,0,0,0,0,0,1,0
60009,0,0,0,0,0,0,0,0,0,0
60010,0,0,0,0,0,0,1,0,1,0
60012,0,0,0,0,0,0,0,0,0,0
60013,0,0,0,0,0,0,1,0,1,0
60014,0,0,0,0,0,0,0,0,1,0
60015,0,0,0,0,0,0,1,0,1,0
60016,0,0,0,0,0,0,0,0,1,0
60017,0,0,0,0,0,0,0,0,0,0
60018,0,0,0,0,0,0,0,0,1,0
60020,0,0,0,0,0,0,0,0,1,0
61001,0,0,0,0,0,0,0,0,0,0
61002,0,0,0,0,0,0,0,0,0,0
61004,0,1,0,0,0,0,0,0,1,0
61005,0,0,0,0,0,0,0,0,1,0
61006,0,0,0,0,0,0,0,0,1,0
61007,0,0,0,0,0,0,0,0,0,0
61008,0,0,0,0,0,0,0,0,1,0
61010,0,0,0,0,0,0,0,0,1,0
61011,0,0,0,0,0,0,1,0,1,0
61012,0,0,0,0,0,0,0,0,1,0
61013,0,0,0,0,0,0,0,0,1,0
61014,0,0,0,0,0,0,0,0,1,0
61015,0,0,0,1,0,0,0,0,1,0
61017,0,0,0,0,0,0,0,0,1,0
61018,0,0,0,0,0,0,0,0,0,0
61019,0,0,0,0,0,0,0,0,0,0
61020,0,0,0,0,0,0,0,0,1,0
62001,0,0,0,0,0,0,0,0,0,0
62002,0,0,0,0,0,0,0,0,0,0
62003,0,0,0,0,0,0,0,0,1,0
62004,0,0,0,0,0,0,0,0,1,0
62005,0,0,0,0,0,0,0,0,1,0
62006,0,0,0,0,0,0,0,0,1,0
62007,0,0,0,0,0,0,0,0,1,0
62008,0,0,0,0,0,0,0,0,0,0
62009,0,0,0,0,0,0,0,0,1,0
62010,0,0,0,0,0,0,0,0,1,0
62012,0,0,0,0,0,0,1,0,1,0
62013,0,0,0,0,0,0,0,0,0,0
62014,0,0,0,0,0,0,0,0,1,0
62015,0,1,0,0,0,0,0,0,1,0
62016,0,0,0,0,0,0,0,0,1,0
62017,0,0,0,0,0,0,0,0,1,0
62019,0,0,0,0,0,0,0,0,1,0
62020,0,0,0,0,0,0,0,0,1,0
63001,0,0,0,0,0,0,0,0,1,0
63002,0,0,0,0,0,0,0,0,1,0
63003,0,0,0,0,0,0,0,0,1,0
63004,0,0,0,0,0,0,0,0,1,0
63006,0,0,0,0,0,0,0,0,0,0
63007,0,0,0,0,0,0,0,0,0,0
63008,0,0,0,0,0,0,0,0,1,0
63009,0,0,0,0,0,0,0,0,1,0
63010,0,0,1,0,0,0,0,0,1,0
63011,0,0,0,0,0,0,0,0,1,0
63012,,,0,0,0,0,0,0,0,0
63013,0,,0,0,0,0,0,1,1,0
63014,0,0,0,0,0,0,0,0,1,0
63015,0,0,0,0,0,0,0,0,1,0
63016,0,0,0,0,0,0,0,0,1,0
63017,0,1,0,0,0,0,0,0,1,0
63019,0,0,0,0,0,0,0,0,0,0
64001,0,0,0,0,0,0,0,0,0,0
64002,0,0,0,0,0,0,0,0,1,0
64004,0,0,0,0,0,0,0,0,1,0
64005,0,,0,0,0,0,0,0,0,0
64006,0,0,0,0,0,0,0,0,0,0
64008,0,0,0,0,0,0,0,0,0,0
64009,0,0,0,0,0,0,1,0,1,0
64010,0,0,0,0,0,0,0,0,1,0
64011,0,0,0,0,0,0,0,0,0,0
64012,0,0,0,1,0,0,0,0,0,0
64013,0,0,0,0,0,0,0,0,0,0
64014,0,0,0,0,0,0,0,0,1,0
64015,0,0,0,0,0,0,0,0,0,0
64016,1,0,0,0,0,0,0,0,0,0
64017,0,0,0,0,0,0,0,0,0,0
64018,0,0,0,0,0,0,0,0,1,0
64019,0,0,0,0,0,0,0,0,1,0
64020,0,0,0,0,0,0,0,0,1,0
65001,0,0,0,0,0,0,0,0,0,0
65003,0,0,0,0,0,0,0,0,1,0
65004,0,0,0,1,0,0,0,0,1,0
65005,0,0,0,0,0,0,1,0,1,0
65006,0,0,0,1,0,0,0,0,1,0
65007,0,0,0,0,0,1,0,0,1,0
65008,0,0,0,0,0,0,0,0,0,0
65009,0,0,0,0,0,0,0,0,1,0
65010,0,0,0,0,0,0,0,0,1,0
65011,0,0,0,0,0,0,0,0,0,0
65012,0,0,0,0,0,0,0,0,1,0
65014,0,0,0,1,0,0,0,0,1,0
65015,0,0,0,0,0,0,0,0,0,0
65016,0,0,0,0,0,0,0,0,1,0
65017,0,0,0,0,0,0,0,0,0,0
65018,0,0,0,0,0,0,0,0,1,0
65019,0,0,0,1,0,0,0,0,1,0
65020,0,0,0,0,0,0,0,0,1,0
66001,0,0,0,0,0,0,0,0,0,0
66002,0,0,0,0,0,0,0,0,0,0
66003,0,0,0,0,0,0,0,0,0,0
66004,0,0,0,0,0,0,0,0,0,0
66005,0,0,0,0,0,0,0,0,0,0
66006,0,0,0,0,0,0,0,0,1,0
66007,0,0,0,0,0,0,0,0,1,0
66008,0,0,0,0,0,0,0,0,0,0
66009,0,0,0,0,0,0,0,0,1,0
66010,0,0,0,0,0,0,0,0,0,0
66011,0,0,0,0,0,0,0,0,0,0
66012,0,0,0,0,0,0,0,0,1,0
66013,0,0,0,0,0,0,0,0,0,0
66014,0,0,0,0,0,0,0,0,1,0
66015,0,0,0,0,0,0,0,0,1,0
66016,0,0,0,0,0,0,0,0,1,0
66017,0,0,0,0,0,0,0,0,1,0
66018,0,0,0,0,0,0,0,0,0,0
66019,0,0,0,0,0,0,0,0,1,0
66020,0,0,0,0,0,0,0,0,1,0
67001,0,0,0,0,0,0,0,0,1,0
67002,0,0,0,0,0,0,0,0,1,0
67003,0,0,0,0,0,0,0,0,1,0
67004,0,0,0,0,0,0,0,0,1,0
67005,0,0,0,1,0,0,0,0,1,0
67006,0,0,0,0,0,0,0,0,0,0
67007,0,0,0,0,0,0,0,0,1,0
67008,0,0,0,0,0,0,0,0,1,0
67009,0,0,0,0,0,0,0,0,1,0
67011,0,0,0,0,0,0,0,0,0,0
67012,0,0,0,0,0,0,0,0,1,0
67013,0,0,0,1,0,0,0,0,1,0
67014,0,0,0,0,0,0,0,0,0,0
67015,0,0,0,0,0,0,0,0,1,0
67016,0,0,0,0,0,0,0,0,1,0
67017,0,0,0,0,0,0,0,0,1,0
67018,0,0,0,0,0,0,0,0,1,0
67019,0,0,0,0,0,0,0,0,1,0
67020,0,0,0,0,0,0,0,0,1,0
68001,0,0,0,0,0,0,0,0,1,0
68002,0,0,0,0,0,0,0,0,1,0
68003,0,0,0,0,0,0,0,0,1,0
68004,0,0,0,0,0,0,0,0,1,0
68005,0,0,0,0,0,0,0,0,1,0
68006,0,0,0,0,0,0,0,0,1,0
68007,0,0,0,0,0,0,0,1,1,0
68008,0,0,0,1,0,0,0,0,1,0
68009,0,0,0,0,0,0,0,0,1,0
68010,0,0,0,0,0,0,0,0,1,0
68011,0,0,0,1,0,0,0,0,1,0
68012,0,0,0,0,0,0,0,0,1,0
68013,0,1,0,0,0,0,0,0,1,0
68014,0,0,0,0,0,0,0,0,1,0
68015,0,0,0,0,0,0,0,0,1,0
68016,0,0,0,0,0,0,0,0,0,0
68017,0,0,0,0,0,0,0,0,1,0
68018,0,0,0,0,0,0,0,0,1,0
68019,0,0,0,0,0,0,0,0,0,0
68020,0,0,0,0,0,0,0,0,1,0
69001,0,0,0,0,0,0,0,0,1,0
69002,0,0,1,0,0,0,0,1,1,0
69003,0,1,0,0,0,0,0,0,1,0
69004,0,0,0,0,0,0,0,0,1,0
69005,0,0,0,0,0,0,0,0,1,0
69006,0,0,0,0,0,0,0,0,1,0
69007,0,0,0,0,0,0,0,0,1,0
69008,0,0,0,1,0,0,1,1,1,1
69009,0,0,0,0,0,0,0,0,1,0
69010,0,1,0,0,0,0,0,0,1,0
69011,0,0,0,0,0,0,0,0,1,0
69012,0,0,0,1,0,0,0,0,0,0
69013,0,0,0,0,0,0,0,0,1,0
69014,0,0,0,0,0,0,0,0,1,0
69015,0,0,0,1,0,0,0,1,1,1
69016,0,0,0,0,0,0,0,0,1,0
69017,0,1,1,1,0,0,1,1,1,0
69018,0,0,0,0,0,0,0,0,1,0
69019,0,0,0,0,0,0,0,0,1,0
69020,0,0,0,1,0,0,0,1,1,0
70001,0,0,0,1,0,0,0,0,1,0
70002,0,0,0,0,0,0,0,0,0,0
70003,0,0,0,0,0,0,0,0,1,0
70004,0,0,0,0,0,0,0,0,1,0
70005,0,0,0,0,0,0,0,0,1,0
70006,0,0,0,0,0,0,0,0,1,0
70007,0,0,0,0,0,0,0,0,1,0
70008,0,0,0,0,0,0,0,0,1,0
70009,0,0,0,0,0,0,0,0,1,0
70010,0,1,0,0,0,0,0,0,0,0
70011,0,0,0,0,0,0,0,0,1,0
70012,0,0,0,0,0,0,0,0,0,0
70013,0,0,0,0,0,0,0,0,1,0
70014,0,0,0,0,0,0,0,0,1,0
70015,0,0,0,0,0,0,0,0,0,0
70016,0,0,0,0,0,0,0,0,1,0
70017,0,0,0,0,0,0,0,0,1,0
70018,0,0,0,0,0,0,0,0,1,0
70019,0,0,0,0,0,0,0,0,1,0
70020,0,0,0,0,0,0,0,0,1,0
71001,0,0,0,0,0,0,0,0,1,0
71002,0,0,0,0,0,0,0,0,0,0
71003,0,0,0,0,0,0,0,0,1,0
71004,0,0,0,0,0,0,0,0,1,0
71005,0,0,0,0,0,0,0,0,1,0
71006,0,0,0,0,0,0,0,0,1,0
71007,0,0,0,0,0,0,0,0,1,0
71008,0,0,0,1,0,0,0,1,1,0
71009,0,0,0,0,0,0,0,0,1,0
71010,0,0,0,0,0,0,0,0,1,0
71011,0,0,0,0,0,0,0,0,0,0
71012,0,0,0,0,0,0,0,0,1,0
71013,0,0,0,0,0,0,0,0,0,0
71014,0,0,0,0,0,0,0,0,0,0
71015,0,0,0,0,0,0,0,0,1,0
71018,0,0,0,0,0,0,0,0,0,0
71019,0,0,0,0,0,0,0,0,1,0
71020,0,0,0,0,0,0,1,1,1,0
72001,0,0,1,0,0,0,0,0,1,0
72002,0,0,0,0,0,0,0,0,1,0
72003,0,0,0,0,0,0,0,0,1,0
72004,0,0,0,0,0,0,0,0,1,0
72005,0,0,0,0,0,0,0,0,0,0
72006,0,0,0,1,0,0,0,0,1,0
72007,0,0,0,0,0,0,0,0,0,0
72008,0,0,0,0,0,0,0,0,1,0
72009,0,0,0,0,0,0,0,0,0,0
72010,0,0,0,0,0,0,0,0,1,0
72011,0,0,0,0,0,0,0,0,1,0
72012,0,0,0,0,0,0,0,0,0,0
72013,0,0,1,0,0,0,0,0,1,0
72014,0,0,0,0,0,0,1,0,0,0
72015,0,0,0,1,0,0,0,0,1,0
72016,0,0,0,0,0,0,0,0,1,0
72017,0,0,0,0,0,0,0,0,1,0
72019,0,0,1,0,0,0,0,0,1,0
72020,0,0,0,0,0,0,0,1,1,0
73001,0,0,0,0,0,0,0,0,1,0
73002,0,0,0,0,0,0,0,0,1,0
73003,0,0,0,0,0,0,0,0,1,0
73004,0,0,0,0,0,0,0,0,1,0
73005,0,0,0,0,0,0,0,0,1,0
73006,0,0,0,0,0,0,0,0,0,0
73007,0,0,0,0,0,0,0,0,0,0
73008,0,0,0,0,0,0,0,0,0,0
73009,0,1,0,0,0,0,0,0,1,0
73010,0,0,0,0,0,0,0,0,1,0
73011,0,0,0,0,0,0,0,0,0,0
73012,0,0,0,0,0,0,0,0,1,0
73013,0,0,0,0,0,0,0,0,1,0
73014,0,0,0,0,0,0,0,0,1,0
73015,0,0,0,0,0,0,0,0,1,0
73016,0,0,1,0,0,0,0,0,1,0
73017,0,0,0,0,0,0,0,0,1,0
73018,0,0,0,0,0,0,0,0,0,0
73019,0,0,0,0,0,0,0,0,1,0
73020,0,0,0,0,0,0,0,0,1,0
74001,0,0,0,0,0,0,0,0,1,0
74002,0,0,0,0,0,0,0,0,1,0
74003,0,,0,0,0,0,0,0,1,0
74004,0,0,0,0,0,0,0,0,1,0
74007,0,0,0,0,0,1,0,0,1,0
74008,0,0,0,0,0,0,1,0,1,0
74010,0,0,0,1,0,1,1,0,1,0
74011,0,0,0,0,0,0,0,0,1,0
74012,0,0,0,0,0,0,1,0,1,0
74014,0,0,0,0,0,0,0,0,0,0
74015,0,0,0,0,0,0,1,0,0,0
74016,0,0,0,0,0,0,0,0,1,0
74017,0,,0,,0,0,0,1,0,0
74018,0,0,0,,0,0,0,0,0,0
74019,0,0,0,0,0,0,0,0,0,0
74020,0,,0,0,0,0,0,0,1,0
75001,0,0,0,0,0,0,0,0,1,0
75002,0,1,0,1,0,0,0,0,1,0
75003,0,0,0,0,0,0,0,0,0,0
75004,0,0,0,0,0,0,0,0,1,0
75005,0,0,0,0,0,0,0,0,1,0
75006,0,0,0,0,0,0,0,0,1,0
75007,0,0,0,0,0,0,0,0,1,0
75008,0,0,0,0,0,0,0,0,0,0
75009,0,0,0,0,0,0,0,0,1,0
75010,0,0,0,0,0,0,0,0,0,0
75011,0,0,0,0,0,0,0,0,1,0
75012,0,0,0,0,0,0,0,0,0,0
75013,0,1,0,0,0,0,0,0,0,0
75014,0,0,0,0,0,0,0,0,0,0
75015,0,1,0,0,0,0,0,0,1,0
75016,0,0,0,0,0,0,0,0,1,0
75017,0,0,0,0,0,0,0,0,0,0
75018,0,0,0,0,0,0,0,0,0,0
75019,0,0,0,0,0,0,0,0,1,0
75020,0,0,1,0,0,0,0,0,1,0
76001,0,0,0,0,0,0,0,0,0,0
76002,0,0,0,0,0,0,0,0,1,0
76003,0,0,0,0,0,0,0,0,1,0
76004,0,0,0,0,0,0,0,0,1,0
76005,0,0,0,0,0,0,0,0,1,0
76006,0,0,1,0,0,0,0,1,1,0
76007,0,0,0,0,0,0,0,0,1,0
76008,0,1,1,0,0,0,0,0,1,0
76009,0,0,0,0,0,0,0,0,1,0
76010,0,0,0,0,0,0,0,0,0,0
76011,0,0,0,0,0,0,0,0,0,0
76012,0,0,0,0,0,0,1,1,1,0
76013,0,0,0,0,0,0,0,0,1,0
76014,0,0,0,0,0,0,0,0,1,0
76015,1,0,0,0,0,0,0,0,1,0
76016,0,0,0,0,0,0,0,0,1,0
76017,0,0,0,0,0,0,0,0,1,0
76018,0,0,0,0,0,0,0,0,1,0
76019,0,0,0,0,0,0,0,0,0,0
76020,0,1,0,0,0,0,0,0,1,0
77001,0,0,0,0,0,0,0,0,1,0
77002,0,0,1,0,0,0,0,0,1,0
77003,0,1,0,0,0,0,0,0,1,0
77004,0,0,0,0,0,0,0,0,1,0
77005,0,0,0,0,0,0,0,0,1,0
77006,0,1,0,0,0,0,0,0,1,0
77007,0,0,0,0,0,0,0,0,0,0
77008,0,0,0,0,0,0,0,0,1,0
77009,0,0,0,0,0,0,0,0,1,0
77010,0,0,1,0,0,0,0,0,1,0
77011,0,0,0,0,0,0,0,0,1,0
77012,0,0,0,0,0,0,0,0,1,0
77013,0,1,0,0,0,0,0,0,1,0
77014,0,0,0,0,0,0,0,0,1,0
77015,0,0,0,0,0,0,0,0,1,0
77016,0,0,0,0,0,0,0,0,1,0
77017,0,0,0,0,0,0,0,0,1,0
77018,0,0,0,0,0,0,0,0,1,0
77019,0,0,0,0,0,0,0,0,1,0
77020,0,0,0,0,0,0,0,0,1,0
78001,0,0,0,0,0,0,0,0,0,0
78002,0,0,0,0,0,0,0,0,0,0
78003,1,0,0,0,0,0,0,0,0,0
78004,0,0,0,0,0,0,0,0,1,0
78005,0,0,0,0,0,0,0,0,0,0
78006,0,0,0,0,0,0,0,0,1,0
78007,0,0,0,0,0,0,0,0,0,0
78008,0,0,0,0,0,0,0,0,1,0
78009,0,0,0,0,0,0,0,0,1,0
78010,0,0,0,0,0,0,0,0,0,0
78011,0,0,0,0,0,0,0,0,1,0
78012,0,0,0,0,0,0,0,0,1,0
78013,0,0,0,0,0,0,0,0,1,0
78014,0,0,0,0,0,0,0,0,1,0
78015,0,0,0,0,0,0,0,0,0,0
78016,0,0,0,0,0,0,0,0,1,0
78017,0,0,0,1,0,0,0,0,1,0
78019,0,0,1,0,0,0,0,0,1,0
78020,0,0,0,0,0,0,0,0,0,0
79001,0,0,0,0,0,0,0,0,1,0
79002,0,0,0,0,0,0,0,0,1,0
79003,0,0,0,0,0,0,0,0,1,0
79004,0,0,0,0,0,0,1,0,1,1
79005,0,0,0,0,0,0,0,0,1,0
79006,0,0,0,0,0,0,0,0,1,0
79007,0,0,0,0,0,0,0,0,1,0
79008,0,0,0,0,0,0,0,0,1,0
79009,0,0,0,0,0,0,0,0,0,0
79010,0,0,0,0,0,0,0,0,1,0
79011,0,0,0,0,0,0,0,1,1,0
79012,0,0,0,0,0,0,0,0,1,0
79013,0,0,0,0,0,0,0,0,0,0
79014,0,0,0,0,0,0,0,0,1,0
79015,0,0,0,0,0,0,0,0,1,0
79016,0,0,0,0,0,0,0,0,1,0
79017,0,0,0,0,0,0,0,0,1,0
79018,0,0,0,0,0,0,0,0,1,0
79019,0,0,0,0,0,0,0,0,1,0
79020,0,0,0,0,0,0,0,0,1,0
80001,0,0,0,0,0,0,0,0,1,0
80002,0,0,0,0,0,0,0,0,0,0
80003,0,0,0,1,0,0,0,0,1,0
80004,0,0,0,0,0,0,0,0,1,0
80005,0,0,0,0,0,0,0,0,1,0
80006,0,0,0,0,0,0,0,0,0,0
80007,0,0,0,1,0,0,0,0,1,0
80008,0,0,0,1,0,0,0,1,1,0
80009,0,0,0,0,0,0,0,0,0,0
80010,0,0,0,0,0,0,0,0,1,0
80011,0,0,0,0,0,0,0,0,1,0
80012,0,0,0,0,0,0,1,0,1,0
80013,0,0,0,0,0,0,0,0,1,0
80014,0,0,0,1,0,0,0,0,1,0
80015,0,0,0,0,0,0,0,0,1,0
80016,0,0,0,0,0,0,0,0,1,0
80017,0,0,0,0,0,0,0,0,1,0
80018,0,0,0,1,0,0,0,0,1,0
80019,1,0,0,0,0,0,0,0,1,0
80020,0,0,0,0,0,0,0,0,1,0
81001,0,0,0,1,0,0,0,0,1,0
81002,0,0,0,0,0,0,0,0,0,0
81003,0,0,0,1,0,0,0,0,1,0
81004,0,1,0,0,0,0,0,0,0,0
81005,0,0,0,0,0,0,0,0,1,0
81006,0,0,0,1,0,0,0,0,1,0
81007,0,0,0,0,0,0,0,0,1,0
81008,0,0,0,1,0,0,0,0,1,0
81009,0,0,0,1,0,0,0,0,1,0
81010,0,0,0,0,0,0,0,0,1,0
81011,0,0,0,0,0,0,0,0,0,0
81012,0,0,0,1,0,0,0,0,1,0
81013,0,0,0,0,0,0,0,0,1,0
81014,0,0,0,0,0,0,0,0,0,0
81015,0,0,0,1,0,0,0,0,1,0
81016,0,0,0,1,0,0,0,0,1,0
81017,0,0,0,0,0,0,0,0,1,0
81018,0,0,0,0,0,0,0,0,1,0
81019,0,0,0,0,0,0,0,0,0,0
81020,0,0,0,1,0,0,0,0,1,0
82001,0,0,0,0,0,0,0,0,1,0
82002,0,0,0,0,0,0,0,0,1,0
82003,0,0,0,0,0,0,0,0,1,0
82004,0,0,0,0,0,0,0,0,1,0
82005,0,0,0,0,0,0,0,0,1,0
82006,0,0,0,0,0,0,0,0,1,0
82007,0,0,0,0,0,0,0,0,1,0
82008,0,0,0,0,0,0,0,1,1,0
82009,0,0,0,0,0,0,0,0,1,0
82010,0,0,0,0,0,0,0,0,1,0
82011,0,0,0,0,0,0,0,0,1,0
82012,0,0,0,1,0,0,0,0,1,0
82013,0,0,0,0,0,0,0,0,1,0
82014,0,0,0,0,0,0,0,0,1,0
82015,0,1,0,0,0,0,0,0,1,0
82016,0,0,1,0,0,0,0,0,1,0
82017,0,0,0,0,0,0,0,1,1,0
82018,0,0,0,0,0,0,0,0,1,0
82019,0,0,0,0,0,0,0,0,1,0
82020,0,0,0,1,0,0,0,0,1,0
83001,0,1,0,0,0,0,0,0,1,0
83002,0,0,0,0,0,0,0,0,1,0
83003,0,0,0,0,0,0,0,0,1,0
83004,0,0,0,1,0,0,0,0,1,0
83005,0,0,1,0,0,0,0,0,1,0
83007,0,1,0,1,0,0,0,1,1,0
83008,0,0,0,0,0,0,0,0,1,0
83010,0,0,0,0,0,0,0,0,1,0
83011,0,0,0,1,0,0,0,0,1,0
83012,0,0,0,1,0,0,0,1,1,0
83013,0,0,0,0,0,0,0,0,1,0
83014,0,0,0,0,0,0,0,0,1,0
83015,0,0,0,0,0,0,0,0,1,0
83016,0,0,0,1,0,1,0,0,1,0
83017,0,0,0,0,0,0,0,0,1,0
83018,0,0,0,0,0,0,0,0,1,0
83019,0,0,0,0,0,0,0,0,1,0
83020,0,0,0,1,0,0,0,0,1,1
84001,0,0,0,0,0,0,0,0,1,0
84002,0,0,0,0,0,0,0,0,1,0
84003,0,0,0,0,0,0,0,0,1,0
84004,0,0,0,1,0,0,0,0,0,0
84005,0,0,0,0,0,0,0,1,1,0
84006,0,0,0,1,0,0,0,0,1,0
84007,0,0,0,0,0,0,0,0,1,0
84008,0,0,0,0,0,0,0,0,1,0
84009,0,0,0,0,0,0,0,0,1,0
84010,0,0,0,0,0,0,0,0,0,0
84011,0,0,0,0,0,0,0,0,0,0
84012,0,0,0,1,0,0,0,0,1,0
84013,0,0,0,0,0,0,0,0,1,0
84014,0,0,0,0,0,0,0,0,0,0
84015,0,0,0,0,0,0,0,0,1,0
84016,0,0,0,0,0,0,0,0,1,0
84017,0,0,1,0,0,0,0,1,1,0
84018,0,0,0,1,0,0,0,0,0,1
84019,0,0,1,1,0,0,0,0,1,0
84020,0,0,0,0,0,0,0,0,1,0
85001,0,0,0,0,0,0,0,0,0,0
85002,0,0,1,0,0,0,0,0,1,0
85003,0,0,0,0,0,0,0,0,1,0
85004,0,0,0,0,0,0,0,0,1,0
85005,0,0,0,1,0,0,0,0,1,1
85006,0,0,0,0,0,0,0,0,1,0
85007,0,0,1,1,0,0,1,0,1,0
85008,0,0,0,0,0,0,0,0,1,0
85010,0,0,0,0,0,0,0,0,1,0
85011,0,0,0,1,0,0,0,0,1,0
85012,0,0,0,0,0,0,0,0,1,0
85013,0,0,0,1,0,0,0,1,1,0
85014,0,0,0,1,0,0,0,0,1,0
85015,0,0,0,0,0,0,1,1,1,0
85016,0,1,0,0,0,0,0,1,1,0
85017,0,1,0,1,0,0,0,0,1,0
85018,0,0,0,0,0,0,0,0,1,0
85019,0,0,0,1,0,0,0,0,1,0
85020,0,0,0,0,0,0,0,0,1,0
86001,0,1,0,0,0,0,1,1,1,0
86002,0,0,0,0,0,0,0,0,1,0
86003,0,0,0,1,0,0,0,0,1,0
86005,0,0,0,0,0,0,0,0,1,0
86006,0,0,0,0,0,0,0,0,1,0
86007,0,1,0,1,0,0,0,0,1,0
86008,0,0,0,0,0,0,0,0,1,0
86009,0,0,0,0,0,0,0,0,1,0
86010,0,0,0,1,0,0,1,0,1,0
86011,0,0,0,1,0,0,0,0,1,0
86012,0,0,0,0,0,0,0,0,1,0
86013,0,0,0,0,0,0,0,0,1,0
86014,0,0,0,0,0,0,0,0,1,0
86015,0,0,0,1,0,0,0,0,1,0
86016,0,0,0,1,0,0,0,0,1,0
86017,0,0,0,0,0,0,0,0,1,0
86018,0,0,0,1,0,0,0,0,1,0
86020,0,0,0,1,0,0,0,0,1,0
87001,0,0,0,0,0,1,1,1,1,0
87002,0,0,0,1,0,0,1,1,1,0
87003,0,1,0,1,0,1,1,1,1,1
87004,0,1,0,0,1,0,1,1,1,0
87005,0,1,0,0,0,0,1,1,1,0
87006,0,0,0,1,0,0,1,1,1,0
87007,0,0,0,1,0,0,1,1,1,0
87009,0,0,0,0,0,0,1,1,1,0
87010,0,0,0,1,1,1,1,1,1,0
87011,0,0,0,0,0,1,1,1,1,0
87012,0,0,0,0,0,0,1,0,1,0
87013,0,0,0,1,0,0,1,1,1,0
87014,0,0,0,1,0,0,1,1,1,1
87015,0,0,0,1,1,0,1,1,1,1
87016,0,0,0,0,0,0,1,1,1,0
87017,0,1,0,1,0,0,1,1,1,0
87018,0,0,1,1,0,0,1,1,1,0
87019,0,1,0,1,0,0,1,1,1,1
88001,0,0,0,0,0,0,0,0,1,0
88002,0,0,0,0,0,0,0,0,1,0
88003,0,0,0,0,0,0,0,0,1,0
88004,0,0,0,1,0,0,0,0,1,0
88005,0,0,0,0,0,0,0,0,1,0
88006,0,0,0,0,0,0,0,0,1,0
88007,0,0,0,0,0,0,0,0,1,0
88008,0,1,0,0,0,0,0,0,1,0
88009,0,0,0,0,0,0,0,0,1,0
88010,0,1,0,0,0,0,0,0,1,0
88011,0,0,0,0,0,0,1,0,1,0
88013,0,0,0,0,0,0,0,0,1,0
88014,0,0,0,0,0,0,1,0,1,0
88015,0,0,0,1,0,0,0,0,1,0
88016,0,0,0,0,0,0,0,0,1,0
88017,0,0,0,0,0,0,0,0,1,0
88018,0,0,0,1,0,0,0,1,1,1
88019,0,0,0,1,0,0,0,0,1,0
88020,0,0,0,0,0,0,0,1,1,0
89001,0,0,0,0,0,0,0,0,1,0
89003,0,0,0,1,0,0,0,1,1,0
89004,0,0,0,0,0,0,1,0,1,0
89005,0,0,0,0,0,0,0,0,1,0
89006,0,0,0,0,0,0,0,0,1,0
89007,0,0,0,0,0,0,1,0,1,0
89008,0,0,0,0,0,0,0,0,1,0
89009,0,0,0,0,0,0,0,1,1,0
89010,0,0,0,1,0,0,1,1,1,0
89011,0,0,0,1,0,0,0,0,1,1
89012,0,0,0,1,0,0,1,0,1,1
89013,0,0,0,1,0,0,0,0,1,1
89014,0,0,0,1,0,0,1,0,1,0
89015,0,0,0,0,0,0,0,0,1,0
89016,0,0,0,1,0,0,1,1,1,0
89017,0,0,0,1,0,0,0,0,1,0
89018,0,0,0,0,0,0,0,0,1,0
89019,0,0,0,0,0,0,0,0,1,0
89020,0,0,0,1,0,1,0,0,1,0
90001,0,0,0,0,0,0,0,0,0,0
90002,0,0,0,0,0,0,0,0,1,0
90003,0,0,0,0,0,0,0,0,0,0
90004,0,0,0,0,0,0,0,0,0,0
90005,0,0,0,0,0,0,0,1,0,0
90006,0,0,0,0,0,0,0,1,0,0
90007,0,0,0,0,0,0,0,0,0,0
90008,0,0,0,0,0,0,0,0,0,0
90009,0,0,0,0,0,0,0,1,1,0
90010,0,0,0,0,0,0,0,0,0,0
90011,0,0,0,0,0,0,0,1,0,0
90012,0,0,0,0,0,0,0,0,1,0
90013,0,0,0,0,0,0,0,0,0,0
90014,0,0,0,0,0,0,0,0,1,0
90015,0,1,0,0,0,0,0,0,1,0
90016,0,0,0,0,0,1,0,0,1,0
90017,0,0,0,0,0,0,0,0,1,0
90018,0,0,0,0,0,0,0,1,1,0
90019,0,0,0,1,0,0,1,1,1,1
90020,0,0,0,0,0,0,0,1,1,0
91001,0,0,0,0,0,0,0,0,0,0
91002,0,0,0,0,0,0,0,0,1,0
91003,0,0,0,0,0,0,0,0,0,0
91004,0,0,0,0,0,0,0,0,0,0
91006,0,0,0,0,0,0,0,0,1,0
91007,0,0,0,0,0,0,0,0,1,0
91008,0,0,0,0,0,0,0,1,0,0
91009,0,0,0,0,0,0,0,0,1,0
91010,0,0,0,0,0,0,0,0,0,0
91011,0,1,0,0,0,0,0,0,1,0
91012,0,0,0,0,0,0,0,0,0,0
91013,0,0,0,0,0,0,0,0,0,0
91014,0,0,0,0,0,0,0,0,0,0
91015,0,0,1,0,0,0,0,0,0,0
91016,0,0,0,0,0,0,0,0,1,0
91017,0,0,0,0,0,0,0,0,1,0
91018,0,0,0,0,0,0,0,1,1,0
91019,0,0,0,0,0,0,0,0,0,0
91020,0,0,0,0,0,0,0,1,0,0
92001,0,0,0,0,0,0,1,0,1,0
92002,0,1,0,1,0,0,1,1,1,0
92003,0,0,0,1,0,0,1,0,1,0
92004,0,0,0,0,0,0,1,0,1,0
92005,0,0,0,0,0,0,1,0,1,0
92006,0,0,1,1,0,0,1,1,1,0
92007,0,0,0,0,0,0,1,1,1,1
92008,0,0,0,0,0,0,1,0,1,0
92009,0,0,0,0,0,0,0,0,1,0
92010,0,0,0,1,0,0,1,1,1,0
92011,0,0,0,1,0,0,1,1,1,0
92012,0,1,0,1,0,0,1,1,1,0
92013,0,0,0,0,0,0,0,0,1,0
92014,0,0,0,1,0,0,1,0,1,0
92015,0,0,0,0,0,0,1,0,1,0
92016,0,0,0,0,0,0,1,0,1,0
92017,0,0,0,0,0,0,0,0,1,0
92018,0,1,0,1,0,0,1,1,1,1
92019,0,0,0,1,0,0,1,0,1,0
92020,0,1,0,1,0,0,1,1,1,0
93001,0,0,1,0,1,0,1,0,1,0
93002,0,0,0,1,0,0,1,1,1,0
93003,0,1,0,1,0,0,1,1,1,0
93004,0,1,0,0,0,0,1,1,1,0
93005,1,0,0,1,0,0,1,1,1,1
93006,0,1,0,1,0,0,1,0,1,0
93007,0,0,0,1,0,0,1,1,1,0
93008,0,1,0,1,0,0,1,0,1,0
93009,0,0,0,1,1,0,1,0,1,0
93010,0,0,0,1,0,0,1,1,1,1
93011,0,0,0,1,0,0,1,0,1,0
93012,0,1,0,0,0,0,1,1,1,0
93013,0,0,1,1,1,0,1,1,1,0
93014,0,1,0,1,0,0,1,1,1,0
93015,0,0,0,1,1,0,1,1,1,0
93016,0,1,1,1,0,0,1,1,1,1
93017,0,0,1,1,1,0,1,0,1,0
93018,0,0,0,0,0,0,1,1,1,1
93019,0,1,0,1,0,0,1,1,1,0
93020,0,0,0,1,0,0,1,1,1,0
94001,0,0,0,0,0,0,1,1,1,1
94002,0,1,0,1,0,0,1,1,1,1
94003,0,1,1,1,1,0,1,0,1,1
94004,0,1,1,1,0,0,1,1,1,1
94005,0,1,0,1,1,0,1,1,1,1
94006,0,0,1,1,0,0,1,0,1,1
94007,0,0,0,0,0,0,1,0,1,0
94008,0,1,0,1,0,0,1,0,1,0
94009,0,0,1,0,1,0,1,1,1,1
94010,0,0,0,1,0,0,1,1,1,0
94011,0,0,0,1,1,0,1,1,1,1
94012,0,1,0,1,0,0,1,0,1,0
94013,0,0,0,1,1,0,1,1,1,1
94014,0,0,0,1,0,0,1,1,1,0
94015,0,0,1,1,1,0,1,1,1,1
94016,0,0,0,1,0,0,1,0,1,1
94017,0,0,0,1,0,0,1,1,1,1
94018,0,0,0,1,0,0,1,1,1,1
94019,0,1,1,1,0,0,1,1,1,1
94020,0,0,1,1,0,0,1,0,1,0
96001,0,1,0,1,0,0,0,0,1,0
96002,0,0,0,0,0,0,1,0,1,0
96003,0,0,0,0,0,0,1,0,1,0
96004,0,1,0,1,0,0,1,1,1,0
96005,0,1,0,1,0,0,1,0,1,0
96006,0,1,0,1,0,0,1,1,1,0
96007,0,0,0,1,0,0,1,0,1,0
96008,0,0,0,1,0,0,1,0,1,0
96009,0,0,1,0,0,0,1,0,1,0
96010,0,0,0,1,0,0,1,1,1,0
96011,0,1,0,0,0,0,1,0,1,0
96012,0,0,0,1,1,0,1,1,1,0
96013,0,1,1,1,0,0,1,1,1,0
96014,0,1,0,1,0,0,1,0,1,0
96015,0,0,1,1,1,0,1,0,1,1
96016,0,1,0,0,0,0,1,0,1,0
96017,0,0,0,1,0,0,1,0,1,0
96018,0,0,1,1,0,0,1,0,1,0
96019,0,1,0,1,0,0,1,0,1,0
96020,1,1,0,1,0,0,1,1,1,1
97001,0,1,0,0,1,0,0,0,1,0
97002,0,1,0,1,0,0,0,0,1,0
97003,0,0,0,1,0,0,0,1,1,0
97004,0,0,0,1,0,0,0,0,1,0
97005,0,1,0,1,1,0,0,0,1,0
97006,0,0,1,0,0,0,0,0,1,0
97007,0,0,0,1,0,0,1,1,1,0
97008,0,0,1,1,0,0,0,0,1,0
97009,0,0,0,1,0,0,0,0,1,0
97010,0,0,0,0,0,0,0,0,1,1
97011,0,0,0,1,0,0,1,0,1,1
97014,0,0,0,1,1,0,1,1,1,1
97015,0,1,0,1,1,0,1,0,1,0
97017,0,0,0,1,0,0,0,0,1,0
97018,0,0,0,1,0,0,0,0,1,0
97019,0,0,0,1,0,0,1,0,1,0
98001,0,0,0,0,0,0,0,0,1,0
98002,0,0,0,0,0,0,0,0,1,0
98003,0,0,0,1,0,0,0,1,1,0
98004,0,0,0,0,0,0,0,0,1,0
98005,0,0,0,0,0,0,0,0,1,0
98006,0,0,0,0,0,0,1,1,0,0
98007,0,0,0,0,0,0,0,0,0,0
98008,0,0,0,0,0,0,0,0,0,0
98010,0,0,0,0,0,0,0,0,1,0
98011,0,0,0,0,0,0,0,0,1,0
98012,0,0,0,0,0,0,0,1,1,0
98013,0,0,0,0,0,0,0,0,1,0
98014,0,0,0,0,0,0,0,0,1,0
98015,0,0,0,1,0,0,0,1,1,0
98016,0,0,0,0,0,0,0,0,1,0
98017,0,0,0,0,0,0,0,1,1,1
98018,0,0,0,0,0,0,0,1,1,0
98019,0,1,0,0,0,0,0,1,1,0
98020,0,1,0,0,0,0,0,0,0,0
99001,0,1,0,0,0,0,1,0,1,0
99002,0,0,0,0,0,0,0,1,1,0
99003,0,1,0,0,0,0,0,1,1,0
99004,0,0,0,0,0,0,0,0,1,0
99005,0,0,0,1,0,0,0,0,1,0
99006,0,0,0,0,0,0,0,0,1,1
99007,0,0,0,0,0,0,0,0,1,1
99008,1,0,0,1,0,0,0,1,1,1
99009,0,1,0,0,0,0,0,0,1,0
99010,0,0,0,0,0,0,0,0,1,0
99011,0,0,0,0,0,0,0,0,1,0
99012,0,1,0,0,0,0,0,0,1,0
99013,0,0,0,0,0,0,0,0,1,0
99014,0,0,0,1,0,0,0,1,1,1
99015,0,0,0,0,0,0,0,0,1,0
99016,0,0,0,1,0,0,0,1,1,1
99017,0,0,0,0,0,0,0,0,1,1
99018,0,0,0,0,0,0,0,1,1,1
99019,0,0,0,0,0,0,0,0,1,0
99020,0,0,0,0,0,0,1,0,1,0
100001,0,1,0,0,1,0,0,1,1,0
100002,0,0,1,0,0,0,0,0,1,0
100003,0,0,0,1,0,0,0,0,1,0
100004,0,1,0,0,0,0,0,0,1,0
100005,1,0,0,0,0,0,0,0,1,0
100006,0,0,0,0,0,0,0,0,1,0
100007,0,1,0,0,1,0,0,0,1,0
100008,0,0,0,1,0,0,0,0,1,0
100009,0,0,0,0,1,0,0,0,1,0
100010,0,0,1,0,0,0,0,0,1,0
100011,0,0,0,0,0,0,0,0,1,0
100012,0,0,0,1,1,0,0,1,1,1
100013,0,0,0,0,1,0,0,0,1,0
100014,0,0,0,0,0,0,0,0,1,0
100015,0,1,0,0,0,0,0,0,1,0
100016,0,0,0,1,0,0,0,0,1,0
100017,0,0,0,0,0,0,0,0,1,0
100018,0,0,0,0,0,0,0,0,1,0
100019,0,0,0,1,0,0,0,0,1,0
100020,0,0,0,0,0,0,0,1,1,0
101001,1,1,0,0,0,0,1,0,1,0
101002,0,0,0,0,0,0,1,1,1,0
101003,0,0,0,0,0,0,1,1,1,0
101004,0,1,0,0,0,0,0,0,1,0
101005,0,1,0,1,0,0,1,1,1,0
101006,1,0,0,0,0,0,1,0,1,0
101007,0,0,0,1,0,0,0,0,1,0
101008,0,0,0,1,0,0,1,0,1,1
101009,0,0,0,1,0,0,0,0,1,0
101010,0,0,1,0,0,0,1,0,1,0
101011,0,1,0,0,0,0,1,0,1,0
101012,0,0,0,1,0,0,1,1,1,1
101013,0,0,0,1,0,0,0,0,1,0
101014,0,0,0,0,0,0,1,1,1,0
101015,0,0,0,0,0,0,1,0,1,0
101016,0,0,1,1,0,0,1,1,1,1
101017,0,0,0,1,0,0,1,0,1,0
101018,0,0,0,1,0,0,1,0,1,0
101020,0,0,0,1,0,0,0,1,1,0
102001,0,0,0,0,0,0,0,1,1,0
102002,0,0,0,0,0,0,0,0,1,0
102003,0,0,1,1,0,0,0,0,1,0
102004,0,0,0,0,1,0,1,0,1,0
102005,0,1,0,1,0,0,1,0,1,0
102006,0,0,0,1,0,0,1,0,1,1
102007,0,0,1,0,0,0,0,0,1,0
102008,0,0,0,1,1,0,1,0,1,0
102009,0,1,0,0,0,0,0,0,1,0
102010,0,0,0,0,0,0,0,0,1,0
102011,0,0,0,0,0,0,1,1,1,0
102012,0,0,0,1,1,0,1,1,1,0
102013,0,0,0,1,0,0,0,0,1,0
102014,0,0,0,0,0,0,0,0,1,0
102015,0,0,0,0,0,0,1,0,1,0
102016,0,0,0,1,1,0,1,1,1,0
102017,0,0,0,0,0,0,1,1,1,1
102018,0,1,0,0,1,0,1,1,1,0
102019,0,0,0,1,0,0,1,0,1,0
102020,0,0,0,1,1,0,1,1,1,1
103001,0,0,0,1,0,0,0,0,1,0
103002,0,0,0,1,1,0,0,1,1,1
103003,0,0,0,0,0,0,0,0,1,0
103004,0,0,0,1,0,0,1,1,1,0
103005,0,0,0,1,0,0,0,0,1,0
103006,0,1,0,1,1,0,1,1,1,0
103007,0,0,0,1,0,0,0,0,1,0
103008,0,1,0,1,1,0,1,1,1,1
103009,0,1,0,1,0,0,0,0,1,0
103010,0,0,0,1,0,0,0,1,1,0
103011,0,0,0,1,0,0,0,0,1,0
103012,0,0,0,1,0,0,0,0,1,0
103013,0,0,0,1,0,0,0,1,1,0
103014,0,1,0,0,1,0,1,1,1,0
103015,0,0,0,1,0,0,0,1,1,0
103016,0,0,0,1,1,0,1,0,1,1
103017,0,1,0,0,0,0,0,0,1,0
103018,0,0,0,1,0,0,0,0,1,1
103019,0,0,0,1,0,0,0,0,1,0
103020,0,0,0,1,0,0,1,1,1,0
104001,0,0,1,0,0,0,0,0,1,0
104002,0,1,0,1,0,0,0,0,1,0
104003,0,0,0,0,1,0,0,1,1,0
104004,0,0,0,1,0,0,1,0,1,0
104005,0,0,0,1,1,0,1,1,1,0
104006,1,1,0,0,0,0,0,0,1,0
104007,0,0,0,0,1,0,0,1,1,0
104008,0,0,0,0,0,0,1,1,1,0
104009,0,0,0,0,1,0,0,0,1,0
104010,0,1,0,1,0,0,0,0,1,0
104011,0,0,1,0,0,0,1,1,1,1
104012,0,0,0,0,0,0,0,1,1,0
104013,0,0,0,0,1,0,1,0,1,0
104014,0,0,0,1,0,0,1,0,1,0
104015,0,0,0,0,0,0,1,1,1,1
104016,1,0,0,1,0,0,1,1,1,1
104017,0,1,0,0,1,0,0,1,1,0
104018,0,0,0,1,0,0,0,0,1,0
104019,0,0,0,0,0,0,1,1,1,0
104020,0,0,0,0,1,0,1,0,1,0
105001,0,1,0,0,0,1,0,1,1,0
105002,0,0,0,0,0,0,0,1,1,0
105003,0,0,0,0,0,1,0,0,1,0
105005,0,0,0,0,0,0,0,0,0,0
105006,0,0,0,0,0,0,0,0,1,0
105007,0,0,0,0,0,0,0,0,1,0
105008,0,0,0,0,0,0,0,0,1,0
105009,0,0,0,0,0,0,0,0,1,0
105010,0,0,0,0,0,0,0,0,1,0
105011,0,0,0,0,0,0,0,0,1,0
105012,0,0,0,0,0,0,0,0,0,0
105013,0,0,0,0,0,0,0,0,1,0
105014,0,0,0,0,0,0,0,1,0,0
105015,0,0,0,0,0,0,0,0,1,0
105016,0,0,0,0,0,0,0,0,1,0
105017,0,1,0,0,0,0,0,0,1,0
105018,0,0,0,0,0,0,0,0,1,0
105019,0,1,0,0,0,0,0,1,1,0
105020,0,0,0,0,0,0,1,1,0,0
106001,0,0,0,0,0,0,0,0,1,0
106002,0,1,0,0,0,0,0,0,1,0
106003,0,1,0,1,0,0,0,1,1,0
106004,0,0,0,0,0,0,1,1,1,0
106005,0,0,0,0,0,0,0,0,1,0
106006,0,0,0,0,0,0,0,0,1,0
106007,0,0,0,0,0,0,0,1,0,0
106008,0,0,0,1,0,0,0,1,1,0
106009,0,0,0,0,0,0,0,1,1,0
106010,0,0,0,0,0,0,0,1,1,0
106011,0,0,0,0,0,0,0,1,1,0
106012,0,0,0,0,0,0,0,1,1,0
106013,0,0,0,1,0,0,0,1,1,0
106014,0,0,0,0,0,1,1,1,1,0
106015,0,0,0,0,0,1,0,0,1,0
106016,0,0,0,0,0,0,1,1,1,0
106017,0,0,0,1,1,0,0,1,1,1
106018,0,0,0,0,0,0,1,1,1,0
106019,0,0,0,0,0,0,0,0,1,0
106020,0,0,0,0,0,0,1,1,1,0
107001,1,0,0,1,1,0,1,1,1,1
107002,1,0,0,1,0,0,1,1,1,1
107003,0,1,1,1,0,0,1,1,1,1
107004,0,0,1,1,1,0,1,1,1,1
107006,0,1,1,1,1,0,1,1,1,1
107007,0,0,0,1,1,0,1,1,1,1
107008,0,1,1,1,0,0,1,1,1,1
107009,0,0,0,1,0,0,1,1,1,1
107010,0,1,0,1,0,0,1,1,0,0
107011,0,1,1,1,0,0,1,1,1,1
107012,0,0,0,0,0,0,1,1,1,1
107013,1,1,1,1,1,0,1,1,1,1
107014,1,0,0,1,0,0,1,1,1,1
107015,0,0,0,1,1,0,1,1,1,1
107016,0,0,0,1,1,0,1,1,1,1
107017,1,1,1,1,0,0,1,1,1,0
107018,0,0,1,0,1,0,1,1,1,1
107019,0,1,0,0,1,0,1,1,1,1
107020,0,0,0,1,1,0,1,1,1,0
108001,0,0,0,0,0,0,1,0,1,0
108002,0,0,0,0,0,0,1,0,1,0
108003,1,1,0,0,0,0,0,0,1,0
108004,0,1,1,1,0,0,1,0,1,0
108005,0,0,1,1,0,0,1,1,1,1
108006,0,0,1,0,0,0,1,1,1,0
108007,0,0,0,0,0,0,1,0,1,0
108008,0,0,0,0,0,0,0,0,1,0
108009,0,0,0,0,0,0,1,1,1,0
108010,0,1,0,0,0,0,1,1,1,0
108011,0,0,0,1,0,0,1,1,1,0
108012,1,0,0,0,0,0,1,1,1,0
108013,0,0,0,0,0,0,1,0,1,0
108014,1,1,0,1,0,0,1,1,1,1
108015,0,1,1,1,0,0,1,1,1,0
108016,0,0,0,0,0,0,1,1,1,0
108017,0,1,0,1,0,0,1,1,1,1
108018,1,1,0,1,0,0,1,0,1,1
108019,0,0,1,0,0,0,1,1,1,1
108020,0,1,0,0,0,0,1,1,1,0
109001,0,1,0,0,0,0,1,1,1,0
109002,0,1,0,1,0,0,1,1,1,0
109003,0,0,0,1,0,0,1,1,1,0
109004,0,0,0,0,0,0,1,0,1,0
109005,0,0,0,1,0,1,1,1,1,0
109006,0,1,0,0,0,1,1,0,1,0
109007,0,0,0,0,0,0,1,1,1,0
109008,0,0,0,0,0,0,1,0,1,0
109009,0,1,0,0,0,0,0,0,1,0
109010,0,0,1,1,0,1,1,1,1,0
109011,0,0,0,0,0,1,1,0,1,0
109012,0,0,0,1,0,1,1,1,1,0
109013,0,0,0,0,0,1,1,1,1,0
109014,0,0,0,0,0,1,1,0,1,0
109015,0,0,0,0,0,0,0,0,1,0
109016,0,0,0,0,0,1,0,0,1,0
109017,0,0,0,0,0,1,1,1,1,0
109018,0,0,0,0,0,1,1,0,1,0
109019,0,0,0,0,0,1,1,0,1,0
109020,0,0,0,1,0,1,1,1,1,0
110001,1,1,0,0,1,0,1,1,1,0
110002,0,0,0,0,0,0,1,0,1,0
110003,0,0,0,0,1,0,1,1,1,0
110004,0,0,0,0,0,0,1,0,1,0
110005,0,0,0,0,0,0,1,0,1,0
110006,0,1,0,0,0,0,1,0,1,0
110007,0,0,0,0,0,0,1,0,1,0
110008,0,1,0,0,0,0,1,0,1,0
110009,0,1,0,0,0,0,1,0,1,0
110010,0,1,0,0,0,0,1,0,1,0
110011,0,0,0,1,0,0,1,0,1,0
110012,0,0,0,1,1,0,1,0,1,0
110013,0,0,0,0,0,0,1,0,1,0
110014,0,0,0,0,0,0,0,0,1,0
110015,0,0,0,0,1,0,1,1,1,0
110016,0,0,0,0,0,0,1,0,1,0
110017,0,0,0,0,1,0,1,1,1,0
110018,0,0,0,0,0,0,1,0,1,0
110019,0,0,0,1,1,0,1,0,1,1
110020,0,0,0,0,0,0,1,0,1,0
111001,0,0,0,0,0,0,1,1,1,1
111002,0,1,0,1,0,0,1,1,1,0
111003,0,0,0,1,0,0,1,0,1,0
111004,0,1,0,1,0,0,1,1,1,1
111005,0,0,0,0,0,0,1,0,1,0
111006,0,1,0,0,0,1,0,0,1,0
111007,0,0,0,1,0,0,1,0,1,0
111008,0,1,0,0,0,0,1,1,1,0
111009,0,0,0,0,0,0,1,1,1,0
111010,0,0,0,0,0,0,0,0,1,0
111011,0,0,0,1,0,0,1,0,1,1
111012,0,0,0,0,0,0,1,0,0,0
111013,0,1,0,0,0,0,1,1,1,0
111014,0,0,0,1,0,0,1,1,1,0
111015,1,0,0,0,0,0,0,0,1,0
111016,0,1,0,0,0,0,1,0,1,0
111017,1,0,0,0,0,0,0,1,1,0
111018,0,0,0,0,0,0,1,1,1,0
111019,0,0,0,1,0,0,0,0,1,0
112001,0,0,0,0,0,1,1,0,1,0
112002,0,0,0,0,0,0,1,1,1,0
112003,0,0,0,0,0,1,1,1,1,0
112004,0,1,0,0,0,1,1,1,1,0
112005,0,1,0,0,0,0,1,1,1,0
112006,0,0,0,0,0,0,1,1,1,0
112007,0,1,0,0,0,1,1,1,1,0
112008,0,0,0,0,0,1,1,1,1,0
112009,1,0,0,1,0,1,1,1,1,0
112010,0,0,0,1,0,0,1,1,1,1
112011,0,0,0,1,0,1,1,1,1,1
112012,0,0,0,0,0,1,1,0,1,0
112015,0,0,0,1,0,0,1,1,1,0
112016,0,0,0,0,0,0,1,1,1,0
112017,1,0,0,0,0,0,1,0,1,0
112020,0,1,0,1,0,0,1,1,1,1
113001,0,0,0,0,0,0,0,0,1,0
113002,0,1,0,0,1,0,0,1,1,1
113003,0,0,0,0,0,0,0,0,1,0
113004,0,0,0,1,0,0,0,0,1,1
113005,0,0,0,0,0,0,0,0,1,0
113006,0,0,0,0,0,0,0,0,1,0
113007,0,0,0,0,0,0,0,0,1,0
113008,0,0,0,0,1,0,0,1,1,0
113009,0,0,0,1,0,0,0,0,1,1
113010,0,0,0,0,0,0,0,0,1,0
113011,0,0,0,0,0,0,0,0,1,0
113012,0,0,0,1,0,0,0,0,1,0
113013,0,0,0,0,0,0,0,0,1,1
113014,0,0,0,0,0,0,0,0,1,0
113015,0,0,0,0,1,0,0,0,1,0
113016,0,0,0,0,0,0,0,0,1,0
113017,0,0,0,0,0,0,0,0,1,1
113019,0,0,0,1,0,0,0,0,1,0
113020,0,0,0,0,1,0,0,1,1,1
114001,0,0,0,0,0,0,0,0,1,0
114002,0,0,0,0,0,0,0,0,1,0
114003,0,0,0,0,0,0,0,0,1,0
114004,0,0,0,0,0,0,0,0,1,0
114005,0,0,0,0,0,0,0,0,1,0
114006,0,,0,0,0,0,0,0,1,0
114007,1,1,0,0,0,0,0,0,1,0
114008,0,0,0,0,0,0,0,0,1,0
114009,0,0,0,0,0,0,0,1,1,0
114010,0,0,0,0,0,0,0,0,1,0
114011,0,0,0,0,0,0,0,0,1,0
114013,0,0,0,1,0,0,0,0,1,0
114014,0,0,0,0,0,0,0,1,1,0
114015,0,1,0,0,0,0,1,1,1,0
114016,1,1,0,0,0,0,0,1,1,0
114017,0,1,0,0,0,0,0,0,1,0
114018,0,0,0,0,0,0,0,1,1,0
114019,0,1,0,1,0,1,0,1,1,0
114020,1,1,0,0,0,0,1,0,1,0
115001,0,0,0,0,0,0,0,0,1,0
115002,0,0,0,0,0,0,0,0,1,0
115003,0,0,0,0,0,0,0,0,1,0
115004,0,0,0,0,0,0,0,0,1,0
115005,0,0,0,0,0,0,0,0,1,0
115006,0,0,0,0,0,0,0,0,1,0
115007,0,0,0,0,0,0,0,0,1,0
115008,0,0,0,0,0,0,0,0,1,0
115009,0,0,0,0,0,0,0,0,1,0
115010,0,0,0,1,0,0,0,0,1,0
115011,0,0,0,0,0,0,0,0,1,0
115012,0,0,0,0,0,0,1,1,1,1
115013,0,0,0,0,0,0,0,0,1,0
115014,0,0,0,1,0,0,1,1,1,1
115015,0,0,0,0,0,0,1,0,1,0
115016,0,0,0,0,0,0,0,0,1,0
115017,0,0,0,0,0,0,0,0,1,0
115018,0,0,0,0,0,0,0,1,1,0
115019,0,0,0,0,0,0,0,0,1,0
115020,0,0,0,0,0,0,0,0,1,0
116001,0,0,0,0,0,0,0,0,1,0
116002,0,0,0,0,0,0,0,0,1,0
116003,0,0,0,0,0,0,0,0,1,0
116004,0,0,0,0,0,0,0,0,1,0
116005,0,0,0,0,0,0,0,0,1,0
116006,0,0,0,0,0,0,0,0,1,0
116007,0,0,0,0,0,0,0,0,1,0
116008,0,1,0,0,0,0,0,0,1,0
116009,0,0,0,0,0,0,0,0,1,0
116010,0,1,0,0,0,0,0,0,1,0
116011,0,0,0,0,0,0,0,0,1,0
116012,0,0,0,0,0,0,0,1,1,0
116013,0,0,0,0,0,0,0,0,1,0
116014,0,0,0,0,0,0,0,0,1,0
116015,0,0,0,0,0,0,0,0,1,0
116016,0,0,0,0,0,0,0,0,1,0
116017,0,0,0,0,0,0,0,0,1,0
116018,0,1,0,1,0,0,0,0,1,0
116019,0,1,0,0,0,0,0,0,1,0
116020,0,0,0,0,0,0,0,0,1,0
117001,0,0,0,0,0,0,0,1,1,0
117002,0,1,0,0,0,0,1,0,1,0
117003,0,0,0,0,0,0,0,1,1,0
117004,0,0,0,0,0,0,0,1,1,0
117005,0,0,0,0,0,0,1,0,1,0
117006,0,0,0,0,0,0,0,0,1,0
117007,0,1,0,0,0,0,0,0,1,0
117008,0,1,0,0,0,0,0,0,1,0
117009,0,0,0,1,0,0,0,0,1,0
117010,0,0,0,0,0,0,0,0,1,0
117011,0,0,0,0,0,0,0,0,1,0
117012,0,0,0,0,0,0,0,1,0,0
117013,0,1,0,0,0,0,0,0,1,0
117014,0,0,0,0,0,1,0,0,1,0
117015,0,1,0,1,0,0,0,1,1,0
117016,0,0,0,0,0,1,0,0,1,0
117017,0,1,0,0,0,0,0,0,1,0
117018,0,0,0,0,0,0,0,1,1,0
117019,0,0,0,1,0,0,0,0,1,0
117020,0,0,0,0,0,0,1,0,1,0
118001,0,0,0,1,1,0,1,1,1,0
118002,0,0,1,0,0,0,1,1,1,0
118003,0,0,0,0,0,0,1,1,1,0
118004,1,0,0,0,0,0,1,0,1,0
118005,0,1,0,1,1,0,1,0,1,0
118006,0,0,0,1,0,0,1,1,1,0
118007,0,0,1,0,0,0,1,0,1,0
118008,0,0,0,1,0,1,1,0,1,0
118009,0,0,0,1,1,0,1,0,1,1
118010,0,0,0,0,0,0,1,1,1,0
118011,0,0,0,0,1,0,1,0,1,0
118012,0,0,0,0,0,0,1,1,1,0
118013,0,0,0,0,0,0,1,1,1,0
118014,0,1,1,1,0,0,1,1,1,0
118015,0,0,0,0,1,0,1,1,1,0
118016,0,1,0,0,1,0,1,1,1,1
118017,0,1,0,0,0,0,1,0,1,0
118018,0,0,0,0,0,0,1,1,1,0
118019,0,0,0,1,1,0,1,0,1,0
118020,0,0,0,0,0,0,1,1,1,1
119001,0,0,0,0,0,0,0,0,1,0
119002,0,0,0,0,0,0,0,0,1,0
119003,0,1,0,0,0,0,0,0,1,0
119004,0,0,0,0,0,0,0,0,1,0
119005,0,0,0,0,0,0,0,0,1,0
119006,0,0,0,0,0,0,0,1,1,0
119007,0,0,0,1,0,0,0,0,1,0
119008,0,0,0,0,0,0,0,0,1,0
119009,0,1,0,1,0,0,0,0,1,0
119010,0,0,0,0,0,0,0,0,1,0
119012,0,0,0,0,0,0,0,0,1,0
119013,0,0,0,1,0,0,0,0,1,0
119014,0,0,0,0,0,1,0,0,1,0
119015,0,0,0,0,0,0,0,0,1,0
119016,0,0,0,0,0,0,0,1,1,0
119017,0,0,0,0,0,0,0,0,1,0
119018,0,0,0,0,0,0,0,0,1,0
119019,0,0,0,0,0,0,0,0,1,0
119020,0,0,0,0,0,0,0,0,1,0
120001,0,0,0,0,0,0,0,0,0,0
120002,0,0,0,0,0,0,0,0,1,0
120003,0,0,0,0,0,0,0,1,1,0
120004,0,0,0,0,0,0,0,0,1,0
120005,0,1,0,0,0,0,0,0,0,0
120007,0,0,0,1,0,0,0,0,1,0
120008,0,0,0,0,0,0,0,0,1,0
120010,0,0,0,0,0,0,0,0,0,0
120011,0,0,0,0,0,0,0,0,1,0
120012,0,0,0,0,0,0,0,0,1,0
120013,0,0,0,0,0,0,0,0,1,0
120014,0,0,0,0,0,0,0,0,1,0
120015,0,0,0,0,0,0,0,0,0,0
120016,0,0,0,0,0,0,0,1,1,0
120017,0,1,0,0,0,0,0,1,1,0
120018,0,0,0,0,0,0,0,0,1,0
120019,0,0,0,0,0,0,0,0,1,0
120020,0,0,0,0,0,0,0,1,1,0
121001,0,0,0,0,0,0,0,0,1,0
121002,0,0,0,0,0,0,1,0,1,0
121003,0,0,0,0,0,0,0,0,1,0
121004,0,0,0,0,0,0,0,0,1,0
121005,0,0,0,1,0,0,0,1,1,0
121006,0,1,0,1,0,0,0,0,1,0
121007,0,0,0,0,0,0,0,0,1,0
121008,0,0,0,0,0,0,0,0,1,0
121009,0,0,0,0,0,0,0,0,1,0
121010,0,1,0,0,0,0,0,0,1,0
121011,0,1,0,0,0,1,0,0,1,0
121012,0,0,0,0,0,0,0,0,1,0
121013,0,0,0,0,0,0,0,0,1,0
121014,0,0,0,0,0,0,0,0,1,0
121015,0,0,0,0,0,0,0,0,1,0
121016,0,0,0,0,0,0,0,0,1,0
121017,0,0,0,0,0,0,0,0,1,0
121018,0,0,0,0,0,0,0,0,1,0
121019,0,0,0,0,0,0,0,0,1,0
121020,0,0,0,0,0,0,0,0,1,0
122001,0,1,0,0,0,0,0,0,1,0
122002,0,0,0,0,0,0,0,0,1,0
122003,0,1,0,0,0,0,0,0,1,0
122004,0,1,0,0,0,0,0,0,1,0
122005,0,0,0,0,0,0,0,0,1,0
122006,0,0,0,0,0,0,0,0,0,0
122007,0,0,0,0,0,0,0,0,1,0
122008,0,0,0,0,0,0,0,0,1,0
122009,0,1,0,0,0,0,0,0,1,0
122010,0,0,0,0,0,0,0,0,1,0
122011,0,0,0,0,0,0,0,0,1,0
122012,0,0,0,0,0,0,0,0,1,0
122013,0,1,0,0,0,0,0,0,1,0
122014,0,0,0,1,0,0,0,0,1,0
122015,0,0,0,0,0,0,0,0,1,0
122016,0,0,0,0,0,0,0,0,1,0
122017,0,1,0,0,0,0,0,0,1,0
122018,0,0,0,0,0,0,0,0,1,0
122019,0,0,0,0,0,0,0,0,1,0
122020,0,0,0,0,0,0,0,0,0,0
123001,0,0,0,1,0,1,1,0,1,0
123002,0,1,0,1,0,1,1,0,1,0
123003,0,0,0,1,0,1,1,0,1,0
123004,0,0,0,1,0,1,1,0,1,0
123005,0,0,0,1,0,0,1,1,1,1
123006,0,0,0,0,0,0,0,0,1,0
123007,0,0,0,0,0,1,0,0,1,0
123008,0,0,0,1,0,1,0,0,1,0
123009,0,0,0,0,0,1,0,1,1,0
123010,0,0,0,1,0,1,0,0,1,0
123011,0,0,1,0,0,1,0,0,1,0
123012,0,0,0,1,0,1,1,0,1,1
123013,0,0,0,1,0,0,0,0,1,0
123014,0,0,0,0,0,1,0,1,1,0
123015,0,0,1,0,0,0,0,0,1,0
123016,0,0,0,1,0,1,0,0,1,0
123017,0,0,1,1,0,1,0,0,1,0
123018,0,0,0,0,0,1,0,0,1,0
123019,0,0,0,0,0,1,0,0,1,0
123020,0,0,0,0,0,1,0,0,1,0
124001,0,0,0,0,0,0,0,0,1,0
124002,0,0,0,0,0,0,0,0,1,0
124003,0,0,0,0,0,1,0,0,1,0
124004,0,0,0,0,0,1,0,0,1,0
124005,0,1,0,1,0,0,0,0,1,0
124006,0,0,0,1,0,1,0,0,1,0
124007,0,0,0,0,0,1,0,0,1,0
124008,0,0,0,0,0,0,0,0,1,0
124009,0,0,1,0,0,0,0,0,1,0
124010,0,0,0,0,0,1,0,0,1,0
124011,0,1,0,0,0,0,0,0,1,0
124012,0,0,0,0,0,0,0,0,1,0
124013,0,0,0,1,0,1,0,0,1,0
124014,0,0,0,0,0,1,0,0,1,0
124015,0,0,0,0,0,0,0,1,1,0
124016,0,0,0,0,0,1,0,0,1,0
124017,0,0,0,1,0,0,0,0,1,0
124018,0,1,0,0,0,1,0,0,1,0
124019,0,0,0,0,0,0,0,0,1,0
124020,0,0,0,0,0,0,0,0,1,0
125001,0,0,1,1,0,0,1,1,1,0
125002,0,0,1,1,0,0,0,0,1,0
125003,0,0,0,0,0,0,1,1,0,0
125004,0,0,0,1,0,0,1,1,1,0
125005,0,1,0,1,0,0,1,1,1,0
125006,0,0,1,1,0,1,0,0,1,0
125007,0,0,1,0,0,0,1,1,1,1
125008,0,0,0,1,0,0,1,0,1,0
125009,0,0,0,1,1,0,1,1,1,1
125010,0,0,0,1,0,0,1,1,1,0
125011,0,1,0,1,0,1,0,0,1,0
125012,0,0,0,1,0,1,0,0,1,1
125013,0,0,0,0,0,0,1,1,1,0
125014,0,0,0,1,0,1,1,0,1,0
125015,0,0,1,1,0,0,1,0,1,0
125016,0,1,0,0,0,1,1,0,1,0
125017,0,0,0,1,0,1,1,1,1,0
125019,0,1,0,1,0,0,1,1,1,0
125020,0,0,0,1,0,0,1,1,1,1
126001,0,0,0,0,0,0,0,0,1,0
126002,0,0,0,0,0,1,0,0,1,0
126003,0,0,0,1,0,0,0,0,1,0
126004,0,0,0,0,0,0,0,0,1,0
126005,0,0,0,0,0,0,0,1,1,0
126006,0,0,0,1,0,0,0,0,1,0
126007,0,0,0,0,0,0,0,1,1,0
126008,0,0,0,1,0,1,0,0,1,0
126009,0,0,0,1,0,0,0,0,1,0
126010,0,0,0,0,0,0,0,0,1,0
126011,0,0,0,0,0,0,0,0,1,0
126012,0,0,0,1,0,0,0,0,1,0
126013,0,0,0,0,0,0,0,0,1,0
126014,0,0,0,1,0,0,0,0,1,0
126015,0,1,0,0,0,0,0,0,1,0
126016,0,0,0,0,0,1,0,0,1,0
126017,0,0,0,0,0,0,0,0,1,0
126018,0,0,0,0,0,0,0,0,1,0
126019,0,0,0,0,0,0,0,1,1,0
126020,0,0,0,0,0,1,0,1,1,0
127001,0,0,0,0,1,1,0,1,1,0
127002,0,1,0,1,0,1,1,1,1,1
127003,0,0,0,0,0,0,1,1,1,1
127004,1,0,0,1,0,0,1,0,1,0
127005,0,1,1,1,1,0,1,1,1,0
127006,0,0,1,1,0,1,0,0,1,0
127007,0,0,0,1,0,0,1,1,1,1
127008,0,0,0,1,1,1,1,1,1,0
127009,0,0,0,1,0,0,1,0,1,0
127010,0,0,0,1,1,1,1,1,1,1
127011,0,0,1,1,1,0,1,0,1,1
127012,0,0,0,0,0,1,1,0,1,0
127013,0,0,0,1,0,0,1,1,1,0
127014,0,0,0,1,1,1,1,0,1,0
127015,0,0,1,1,1,0,1,1,1,1
127016,0,1,1,1,0,1,1,0,1,0
127017,0,0,0,1,1,1,1,1,1,1
127018,0,0,0,1,0,1,0,0,1,0
127019,0,,0,1,1,0,1,1,1,0
127020,0,0,1,1,1,1,1,1,1,1
128001,0,0,0,1,0,1,1,0,1,0
128002,0,0,0,1,0,1,1,1,1,0
128003,0,0,0,1,0,1,1,0,1,0
128004,0,1,0,1,1,1,1,1,1,1
128005,0,0,1,1,0,1,1,1,1,0
128006,0,0,1,1,1,1,0,1,1,0
128007,0,1,0,1,1,1,1,1,1,1
128008,0,0,1,1,1,1,1,1,1,0
128009,0,1,0,1,0,1,0,0,1,0
128010,0,1,0,1,0,1,0,1,1,0
128011,0,0,0,1,0,1,1,1,1,1
128012,0,0,1,1,1,1,0,1,1,0
128013,0,1,1,1,0,1,1,1,1,1
128014,0,0,0,1,0,0,1,1,1,0
128015,0,0,1,1,1,1,1,1,1,1
128016,0,0,0,1,0,1,1,1,1,0
128017,0,1,0,1,0,1,1,1,1,1
128018,0,0,0,1,0,1,1,1,1,0
128019,0,0,1,1,1,1,1,1,1,1
128020,0,0,0,1,0,1,0,0,1,0
129001,0,0,0,0,0,0,0,1,1,0
129002,0,0,1,0,0,0,0,1,1,0
129003,0,0,0,1,1,1,1,1,1,1
129004,0,1,0,0,0,0,0,1,1,0
129005,0,0,0,0,1,0,0,1,1,0
129006,0,0,0,1,0,0,1,1,1,0
129007,0,0,1,1,1,1,0,1,1,0
129008,0,0,0,1,0,0,1,1,1,0
129009,0,1,0,1,0,0,1,1,1,0
129010,0,0,0,1,0,0,1,1,1,0
129011,0,0,1,1,1,1,1,1,1,0
129012,0,0,1,1,0,0,0,1,1,0
129013,0,0,0,1,0,0,1,1,1,0
129014,0,0,1,1,0,0,0,1,1,0
129015,0,0,0,1,1,0,0,1,1,0
129016,0,1,0,1,0,0,0,0,1,0
129017,0,0,1,1,0,0,0,1,1,0
129018,0,0,1,0,0,0,1,1,1,1
129019,0,0,0,1,1,0,0,1,1,0
129020,0,1,0,0,0,1,0,0,1,0
130001,0,1,0,1,1,0,1,1,1,1
130002,0,0,0,1,0,0,1,1,1,0
130003,0,0,0,1,1,0,1,1,1,1
130004,0,0,0,1,0,0,1,1,1,0
130005,0,0,0,0,0,0,1,1,1,0
130006,0,1,0,1,0,0,1,1,1,0
130007,0,0,0,1,1,0,1,1,1,0
130008,0,1,0,0,0,0,1,1,1,0
130009,0,1,0,1,1,0,1,1,1,0
130010,0,0,1,0,1,0,1,1,1,0
130011,0,0,0,1,0,0,1,1,1,1
130012,0,0,0,1,0,0,1,1,1,0
130013,0,0,0,0,0,0,1,1,1,0
130014,0,0,0,1,0,0,1,1,1,1
130015,0,0,0,0,1,0,1,1,1,0
130016,0,0,1,1,0,0,1,1,1,0
130017,0,0,0,1,1,0,1,1,1,1
130018,0,1,0,1,0,0,1,1,1,0
130019,0,0,1,0,0,0,1,1,1,0
130020,0,1,1,1,0,0,1,1,1,0
131001,0,0,0,0,0,1,0,0,1,0
131002,0,0,0,0,0,0,0,0,1,0
131003,0,0,0,0,0,0,0,0,1,0
131004,0,0,0,1,0,0,0,0,1,0
131005,0,0,0,0,0,0,0,0,1,0
131006,0,0,1,1,0,0,1,0,1,0
131007,0,0,0,1,0,1,0,1,1,0
131008,0,0,0,0,0,1,0,0,1,0
131009,0,0,0,0,0,1,1,0,1,0
131010,0,0,0,0,0,0,0,0,1,0
131011,0,0,0,0,0,0,0,0,1,0
131012,0,0,0,0,0,0,0,0,1,0
131013,0,0,0,0,0,1,0,0,1,0
131014,0,0,0,0,0,1,0,0,1,0
131015,0,0,0,0,0,1,0,0,1,0
131016,0,0,0,0,0,1,0,0,1,0
131017,0,0,0,0,0,1,0,0,1,0
131018,0,0,0,0,0,1,0,0,1,0
131019,0,0,0,0,0,0,0,0,1,0
131020,0,0,0,1,0,1,0,0,1,0
132001,0,0,0,1,0,0,1,0,1,0
132002,0,1,1,1,0,0,1,0,1,0
132003,0,0,0,1,0,0,1,1,1,0
132004,0,0,0,1,0,0,1,1,1,1
132005,0,0,0,1,0,0,1,1,1,1
132006,0,0,1,1,0,0,1,1,1,1
132007,0,0,0,1,0,0,1,0,1,0
132008,0,0,1,1,0,0,1,1,1,0
132009,0,0,0,1,0,0,1,1,1,1
132010,0,0,0,1,0,0,1,0,1,0
132011,0,0,0,1,0,0,1,1,1,1
132012,0,1,1,1,0,0,1,1,1,1
132013,1,1,1,1,0,0,1,0,1,1
132014,1,0,0,1,0,0,1,1,0,1
132015,0,1,0,1,0,0,1,0,1,0
132016,0,1,0,1,0,0,1,0,1,0
132017,0,0,0,1,0,0,1,0,1,1
132018,0,0,0,1,0,0,1,0,1,0
132019,0,1,0,1,0,0,1,1,1,0
132020,0,0,0,1,0,0,1,0,1,0
133001,0,0,0,0,0,1,0,0,1,0
133002,0,0,0,0,0,1,0,0,1,0
133003,0,0,0,0,0,0,0,1,1,0
133004,0,0,0,0,0,0,0,0,1,0
133005,0,0,0,0,0,1,0,0,1,0
133006,0,,0,0,0,0,1,0,1,0
133007,0,0,1,0,0,1,0,0,1,0
133008,0,0,0,0,0,1,0,0,1,0
133009,0,0,0,0,0,1,0,0,1,0
133010,0,0,0,0,0,1,0,0,1,0
133011,0,0,0,0,0,1,0,0,1,0
133012,0,0,0,0,0,1,0,0,1,0
133013,0,0,0,0,0,1,0,0,1,0
133014,0,0,0,0,0,1,0,0,1,0
133015,0,0,0,1,0,0,0,1,1,1
133016,0,0,0,0,0,1,0,1,1,0
133017,0,0,0,0,0,1,0,0,1,0
133018,0,0,0,0,0,1,0,0,1,0
133019,0,0,0,0,0,1,0,0,1,0
133020,0,0,0,0,0,1,0,0,1,0
134001,0,1,0,0,0,1,1,1,1,0
134002,0,0,0,0,0,1,0,1,1,0
134003,0,0,0,0,0,1,1,1,1,0
134006,0,0,0,0,0,1,0,0,1,0
134007,0,0,0,0,0,0,0,0,1,0
134008,0,0,0,0,0,1,0,0,1,0
134009,0,1,0,0,0,0,1,1,1,0
134010,0,0,0,0,0,1,1,1,1,0
134011,0,0,0,0,0,1,1,1,1,0
134012,0,0,0,0,0,1,0,0,1,0
134013,0,0,0,0,0,1,1,1,1,1
134014,0,0,0,0,0,1,0,0,1,0
134015,0,0,0,0,0,1,0,1,1,0
134016,0,0,0,1,0,0,0,1,1,0
134017,0,0,0,0,0,1,0,1,1,0
134018,0,,0,0,0,0,0,0,0,0
134019,0,0,0,0,0,0,0,1,1,0
134020,0,0,1,0,0,0,1,1,1,0
135001,0,0,1,1,1,1,1,1,1,0
135002,0,0,0,1,0,1,1,1,1,1
135003,0,1,0,0,0,1,1,1,1,0
135004,1,1,0,1,0,1,1,1,1,0
135005,0,0,0,0,0,1,1,1,1,1
135006,0,0,0,0,1,1,1,1,1,0
135007,0,1,1,1,0,1,1,1,1,0
135008,0,1,0,0,0,1,1,1,1,0
135009,0,1,1,1,0,1,1,1,1,0
135010,0,1,1,1,1,1,1,1,1,1
135011,0,1,1,0,1,1,1,1,1,0
135012,0,0,0,1,1,1,1,1,1,0
135013,0,0,0,0,1,1,1,1,1,0
135014,0,0,1,1,0,1,1,1,1,1
135015,0,1,0,0,0,1,1,1,1,0
135016,0,1,1,0,0,1,1,1,1,0
135017,0,0,0,1,1,1,1,1,1,1
135018,0,1,0,0,0,1,1,1,1,1
135019,0,0,0,1,1,1,1,1,1,0
135020,0,0,1,1,0,1,1,1,1,0
136001,0,0,1,1,0,0,1,0,1,0
136002,0,1,0,1,0,0,1,0,1,0
136003,0,1,0,1,0,0,1,1,1,1
136004,0,0,0,1,0,0,0,0,1,0
136005,0,0,1,0,0,0,1,1,1,0
136006,0,0,0,0,0,0,0,0,1,0
136007,0,0,0,1,0,0,0,0,1,0
136008,0,0,0,0,0,0,0,0,1,0
136009,0,0,0,1,0,0,1,1,1,1
136010,0,1,0,1,0,0,0,0,1,0
136011,0,0,0,1,0,0,0,1,1,0
136012,0,1,0,0,0,1,0,1,1,0
136013,0,1,0,1,0,0,0,1,1,0
136014,0,1,0,1,0,0,0,0,1,0
136015,0,0,0,0,0,1,0,0,1,0
136016,0,1,0,1,0,0,1,1,1,1
136017,0,0,1,1,0,0,1,1,1,1
136018,0,1,0,0,0,0,1,1,1,0
136019,0,0,1,1,0,0,1,1,1,0
136020,0,0,0,0,0,0,1,1,1,0
137002,0,0,1,1,0,0,1,1,1,1
137003,0,1,0,1,0,0,1,1,1,1
137005,1,0,0,1,0,0,1,1,1,1
137006,0,1,0,0,0,0,1,1,0,0
137007,0,1,0,0,0,0,1,1,1,0
137008,0,,0,1,0,0,1,1,1,0
137010,0,1,0,0,0,0,1,1,1,0
137011,0,0,0,1,0,0,1,1,1,0
137012,0,0,0,1,1,0,1,1,1,1
137013,0,0,1,0,1,0,1,1,1,1
137014,1,0,1,1,0,0,1,1,1,1
137015,0,,0,1,0,1,1,1,1,1
137016,0,0,0,0,0,0,1,1,1,0
137017,0,1,0,0,0,0,1,1,1,0
137018,0,1,0,1,0,1,1,1,0,1
137019,0,0,0,0,0,1,1,1,1,0
137020,0,,0,1,0,1,1,1,1,0
138001,1,0,0,0,0,1,1,1,1,0
138002,1,1,0,0,0,1,1,1,1,1
138003,0,0,0,1,0,1,1,1,1,1
138004,0,1,0,1,0,1,1,1,0,0
138006,0,0,1,1,0,1,1,1,1,0
138007,0,1,0,1,0,1,1,1,1,0
138008,0,0,1,0,0,1,1,1,1,0
138009,0,,1,1,0,1,1,1,1,1
138010,0,0,0,1,0,1,1,1,1,1
138011,0,0,0,0,0,1,1,1,1,0
138012,0,0,0,1,0,1,1,1,1,1
138013,0,0,0,1,1,1,1,1,1,1
138014,0,0,0,1,0,1,1,1,1,1
138016,0,1,0,1,0,1,1,1,1,0
138017,0,1,0,1,0,1,1,1,1,1
138018,0,0,1,1,0,1,1,1,0,0
138019,0,1,0,1,0,1,1,1,1,0
138020,0,1,1,1,0,1,1,1,1,0
139001,0,0,0,0,0,0,0,0,1,0
139002,0,0,0,0,0,0,0,0,1,0
139003,0,1,0,0,0,0,0,1,1,0
139004,0,1,0,0,0,0,0,0,1,0
139005,0,1,0,0,0,0,0,0,1,0
139006,0,0,0,0,0,0,0,0,1,0
139007,0,0,0,0,0,0,0,0,1,0
139008,0,0,0,0,0,0,0,0,1,0
139009,0,0,0,1,0,0,0,0,1,0
139010,0,0,0,1,0,0,0,0,1,0
139011,0,0,0,0,0,0,0,0,1,0
139013,0,0,0,0,0,0,0,0,1,0
139014,0,0,0,1,0,0,1,0,1,0
139015,0,1,0,1,0,0,0,0,1,0
139016,0,0,0,1,0,0,0,0,1,0
139017,0,0,0,0,0,0,0,0,1,0
139018,0,0,0,0,0,0,1,1,0,0
139019,0,0,0,0,0,1,0,0,1,0
139020,0,1,0,1,0,0,0,0,1,0
140001,0,0,0,0,0,0,0,0,1,0
140002,0,0,1,1,0,0,0,1,1,0
140003,0,0,0,1,0,0,0,1,1,0
140004,0,0,0,0,0,0,0,0,1,0
140005,0,0,0,1,0,0,0,0,1,0
140006,0,0,0,0,0,0,0,1,1,0
140007,0,0,0,0,0,0,0,0,0,0
140008,0,0,0,0,0,0,0,1,1,0
140009,0,0,0,0,0,1,0,0,1,0
140010,1,0,0,0,0,0,0,0,1,0
140011,0,0,0,0,0,0,0,1,1,0
140013,0,0,0,0,0,0,0,0,1,0
140014,0,0,0,0,0,0,0,0,1,0
140015,0,0,0,0,0,0,0,0,1,0
140016,0,0,0,0,1,0,0,1,1,0
140017,0,0,0,0,0,0,0,1,1,0
140018,0,0,1,0,0,0,0,0,1,0
140019,0,0,0,0,0,0,0,0,1,0
140020,0,0,0,0,0,0,0,1,1,0
141001,0,1,0,0,0,0,0,0,1,0
141002,0,0,0,0,0,0,0,0,1,0
141003,0,0,0,0,0,0,0,0,0,0
141004,0,0,0,0,0,0,0,0,1,0
141005,0,0,0,0,0,0,0,0,1,0
141006,0,0,0,0,0,0,0,0,1,0
141007,0,1,0,0,0,0,0,0,1,0
141008,0,0,1,1,0,0,0,0,1,0
141009,0,0,0,0,0,0,0,0,1,0
141010,0,0,0,0,0,0,0,0,0,0
141011,0,0,0,0,0,0,0,0,1,0
141012,0,0,0,0,0,0,0,0,0,0
141013,0,0,0,0,0,0,0,0,1,0
141014,0,0,0,0,0,0,0,0,1,0
141015,0,0,0,0,0,0,0,0,1,0
141017,0,0,0,1,0,0,0,0,1,0
141018,0,0,0,0,0,0,0,0,1,0
141019,0,1,0,0,0,0,0,0,1,0
141020,0,0,0,0,0,0,0,0,1,0
142001,0,0,0,0,0,0,0,0,1,0
142002,0,,0,0,0,0,0,0,1,0
142003,0,0,0,0,0,0,0,0,1,0
142004,0,0,0,0,0,0,0,0,1,0
142005,0,0,0,0,0,0,0,0,1,0
142006,0,0,0,0,0,0,0,0,1,0
142007,0,0,0,0,0,0,0,0,0,0
142008,0,0,0,0,0,0,0,0,1,0
142009,0,0,0,0,0,0,0,0,1,0
142011,0,0,0,0,0,0,0,0,0,0
142012,0,0,0,0,0,0,0,0,0,0
142013,0,0,0,0,0,0,0,0,1,0
142014,0,0,0,0,0,0,0,0,1,0
142015,0,0,0,0,0,0,0,0,1,0
142016,0,0,0,0,0,0,0,0,1,0
142017,0,0,0,0,0,0,0,0,1,0
142018,0,,0,0,0,0,0,0,1,0
142019,0,1,0,0,0,0,0,0,1,0
142020,0,0,0,0,0,0,0,1,1,0
143001,0,0,0,0,0,0,0,0,1,0
143002,0,0,0,0,0,0,0,0,1,0
143003,0,0,0,0,0,0,0,0,1,0
143004,0,0,0,0,0,0,0,0,1,0
143005,0,0,0,0,0,0,0,0,1,0
143006,0,0,0,1,0,0,0,0,1,0
143007,0,0,0,0,0,0,0,0,1,0
143008,0,0,0,1,0,0,0,0,1,0
143009,0,0,0,0,0,0,0,0,1,0
143010,0,0,0,1,0,0,0,0,1,0
143011,0,0,0,0,0,0,0,0,1,0
143012,0,0,0,0,0,0,0,0,1,0
143013,0,0,0,0,0,0,0,0,1,0
143014,0,0,0,0,0,0,0,0,1,0
143015,0,0,0,0,0,0,0,0,1,0
143016,0,1,0,0,0,0,0,1,1,0
143017,0,1,0,0,0,0,0,0,1,0
143018,0,0,0,0,0,0,0,0,1,0
143019,0,0,0,0,0,0,0,0,1,0
143020,0,0,0,0,0,0,0,0,1,0
144001,0,0,0,0,0,0,0,0,1,0
144002,0,1,0,0,0,0,0,0,1,0
144003,0,0,0,1,0,0,0,0,1,0
144004,0,1,0,0,0,1,1,1,1,1
144005,0,0,0,0,0,0,0,0,1,0
144006,0,0,0,0,0,0,0,0,1,0
144007,0,0,0,0,0,0,0,1,1,0
144008,0,0,0,0,0,0,0,0,1,0
144009,0,1,0,0,0,0,0,0,1,0
144010,0,0,0,0,0,0,0,0,0,0
144011,0,0,0,0,0,0,0,0,1,0
144012,0,0,0,0,0,0,0,0,0,0
144013,0,0,0,0,0,0,0,0,0,0
144014,0,0,0,0,0,0,0,0,1,0
144015,0,0,0,0,0,0,0,0,1,0
144016,0,,0,0,0,0,0,0,1,0
144017,0,0,0,0,0,0,0,1,1,0
144018,0,1,1,0,0,0,0,0,1,0
144019,0,0,0,0,0,0,0,0,1,0
144020,0,0,0,0,0,0,0,0,1,0
145001,0,0,0,1,0,0,1,0,1,0
145002,0,0,0,0,0,1,0,0,1,0
145003,0,0,0,1,1,0,0,0,1,1
145004,0,0,0,1,0,0,0,0,1,0
145005,0,1,0,1,1,0,0,1,1,1
145006,0,0,0,0,0,0,0,0,1,1
145007,0,0,0,0,0,0,0,0,1,0
145008,0,1,0,0,0,0,0,0,1,0
145009,0,0,0,0,0,0,1,1,1,1
145010,0,0,0,1,0,0,0,0,1,0
145011,0,0,0,0,0,0,0,0,1,0
145012,0,0,0,1,0,0,0,1,1,0
145013,0,0,0,0,0,0,0,0,0,0
145014,0,1,0,0,0,0,0,0,1,0
145015,0,0,0,0,0,0,0,1,1,0
145016,1,0,0,1,0,0,0,1,1,0
145017,0,0,0,0,0,0,0,0,1,0
145018,0,1,0,0,0,0,0,1,1,0
145019,0,0,0,1,0,0,0,1,1,0
145020,0,0,0,0,0,0,1,0,1,0
146001,0,1,0,0,0,0,0,1,1,1
146002,0,0,1,0,0,0,0,0,1,0
146003,0,0,0,1,1,0,0,0,1,1
146004,0,0,1,1,1,0,0,0,1,1
146005,0,0,0,0,1,0,0,0,1,0
146006,0,0,0,0,0,0,0,0,1,0
146007,0,0,0,1,0,0,0,0,1,0
146008,0,0,1,1,1,0,0,0,1,1
146009,0,0,0,0,0,0,0,0,1,0
146010,0,0,0,1,0,0,0,1,1,1
146011,0,0,0,0,0,0,0,0,1,0
146012,0,0,0,0,1,0,0,1,1,1
146013,0,0,0,0,1,0,0,0,1,1
146014,0,0,0,1,0,0,0,1,1,0
146015,0,0,0,1,0,0,0,0,1,0
146016,0,0,0,1,1,0,1,0,1,0
146017,0,0,0,1,1,0,0,1,1,0
146018,0,0,0,0,1,0,1,0,1,1
146019,0,0,,,0,0,0,0,1,0
146020,0,1,0,0,1,0,0,0,1,0
147001,0,0,0,1,0,0,0,0,1,0
147002,0,0,0,0,0,0,0,0,1,0
147003,0,0,0,0,0,0,0,1,1,0
147004,0,0,0,0,0,0,0,1,1,0
147005,0,0,0,0,0,0,0,0,1,0
147006,0,0,0,0,0,0,0,0,0,0
147007,0,0,0,0,0,0,0,0,1,0
147008,0,0,0,0,0,0,0,1,1,0
147009,0,0,0,0,0,0,0,0,1,0
147010,0,0,0,0,0,0,0,0,1,0
147011,0,0,0,0,0,0,0,0,1,0
147012,0,0,0,0,0,0,0,0,1,0
147013,0,1,0,0,0,0,0,0,0,0
147014,0,0,0,0,0,0,0,0,0,0
147015,0,1,0,0,0,0,0,0,1,0
147016,0,0,0,0,0,0,0,0,0,0
147017,0,0,0,0,0,0,0,0,0,0
147018,0,0,0,0,0,0,0,0,0,0
147019,0,0,0,0,0,0,0,0,1,0
147020,0,0,1,0,0,0,0,0,1,0
148001,0,0,0,0,0,0,0,0,1,0
148002,0,,0,0,0,0,0,0,1,0
148003,0,0,0,0,0,0,0,0,1,0
148004,0,0,0,0,0,0,0,0,1,0
148005,0,0,0,0,0,0,0,0,1,0
148006,0,0,0,0,0,0,0,0,1,0
148007,0,0,0,0,0,0,0,0,1,0
148008,0,1,0,0,0,0,0,0,1,0
148009,0,0,0,0,0,0,0,0,1,0
148010,0,0,0,0,0,0,0,0,0,0
148011,0,0,0,0,0,0,0,0,1,0
148012,0,0,0,0,0,0,0,1,1,0
148013,0,0,0,0,0,0,0,1,1,0
148014,0,0,0,0,0,0,0,0,1,0
148015,0,0,0,0,0,0,0,0,1,0
148016,0,0,0,0,0,0,0,0,1,0
148017,0,0,0,0,0,0,0,0,1,0
148018,1,0,0,0,0,0,0,0,1,0
148019,0,0,0,0,0,0,0,0,1,0
148020,0,0,0,0,0,0,0,0,1,0
149001,0,0,0,0,0,0,0,0,1,0
149002,0,0,0,0,0,0,0,0,1,0
149003,0,0,0,0,0,0,0,0,1,0
149004,0,0,0,0,0,0,0,1,1,0
149005,0,1,0,0,0,0,0,0,1,0
149006,0,0,0,0,0,0,0,0,0,0
149007,0,0,0,0,0,0,0,0,1,0
149008,0,0,0,0,0,0,0,0,1,0
149009,0,0,0,0,0,0,0,0,1,0
149010,0,0,0,0,0,0,0,1,1,0
149011,0,0,0,0,0,0,0,0,1,0
149012,0,0,0,0,0,0,0,0,1,0
149013,0,1,0,0,0,0,0,0,1,0
149014,0,1,0,0,0,0,0,0,1,0
149015,0,0,0,0,0,0,1,0,1,0
149016,0,0,0,0,0,0,0,0,1,0
149017,0,0,0,0,0,0,0,0,1,0
149018,0,0,0,0,0,0,0,0,1,0
149019,0,0,0,0,0,0,0,1,1,0
149020,0,0,1,0,0,0,0,0,0,0
150001,0,0,0,0,0,0,0,1,1,0
150002,0,0,0,0,0,0,0,1,1,0
150003,0,0,0,0,0,0,0,0,1,0
150004,0,0,0,0,0,0,0,1,1,0
150005,0,0,0,0,0,0,0,0,1,0
150007,0,0,0,0,0,0,0,1,1,0
150008,0,0,0,0,0,0,0,1,1,0
150009,0,0,0,0,0,0,0,1,1,0
150010,0,0,0,0,0,0,0,1,1,0
150011,0,1,0,0,0,0,0,0,1,0
150012,0,0,0,1,0,0,0,0,1,0
150013,0,0,0,0,0,0,0,0,1,0
150014,0,1,0,0,0,0,0,0,1,0
150015,1,0,1,0,0,1,1,1,1,0
150016,0,0,1,0,0,0,0,1,1,0
150017,0,0,1,0,0,0,1,1,1,0
150018,0,0,0,0,0,0,0,1,1,0
150019,0,1,0,0,0,0,0,1,1,0
150020,0,1,0,0,0,0,0,0,1,0
151001,0,0,0,1,0,0,0,1,1,0
151002,0,0,0,0,0,0,0,1,1,0
151003,0,0,0,1,0,0,0,0,1,0
151004,0,0,0,0,0,0,0,0,1,0
151005,0,1,0,1,0,0,0,1,1,0
151006,0,0,0,0,0,0,0,0,1,0
151007,0,0,1,1,0,0,0,1,0,1
151008,0,1,0,0,0,0,1,1,1,0
151009,0,0,0,0,0,0,0,0,1,0
151010,1,0,0,1,0,0,0,1,1,0
151011,0,1,0,0,0,0,0,1,1,0
151012,0,0,0,0,0,0,0,0,1,0
151013,0,0,0,1,0,0,0,0,1,0
151014,1,0,0,1,0,0,0,1,1,0
151015,0,0,0,0,0,0,0,0,1,0
151016,0,0,0,1,0,0,0,0,1,0
151017,0,1,0,0,0,0,0,1,1,0
151018,0,0,0,0,0,0,0,0,1,0
151019,0,0,0,0,0,0,0,0,1,0
151020,0,0,0,1,0,0,0,0,1,0
152001,0,0,0,0,0,0,0,0,0,0
152002,0,0,0,0,0,0,0,1,1,0
152003,0,0,0,0,0,0,0,0,1,0
152004,0,0,0,0,0,0,0,0,1,0
152005,0,0,0,0,0,0,0,0,1,0
152007,0,0,0,0,0,0,0,0,1,0
152008,0,0,0,0,0,0,0,0,1,0
152009,0,1,0,0,0,0,0,0,1,0
152010,0,0,0,0,0,0,0,1,1,0
152011,0,0,0,0,0,0,0,0,1,0
152012,0,0,0,0,0,0,0,0,1,0
152013,0,0,0,0,0,0,0,0,0,0
152014,0,1,0,0,0,0,0,0,1,0
152015,0,0,0,0,0,0,0,0,0,0
152016,0,0,0,0,0,0,0,0,1,0
152018,0,0,0,0,0,0,0,0,1,0
152019,0,0,0,0,0,0,0,0,1,0
152020,0,0,0,0,0,0,0,0,0,0
153001,0,0,0,1,0,0,0,1,1,0
153002,0,1,0,0,0,0,1,1,1,0
153003,0,1,0,1,1,0,1,1,1,1
153004,0,0,1,0,0,0,1,1,1,0
153005,0,0,0,1,1,0,1,1,1,0
153006,0,1,0,1,1,0,1,1,1,0
153007,0,0,0,1,0,0,0,1,1,0
153008,0,0,0,1,1,0,1,1,1,1
153009,0,0,1,0,0,0,0,1,1,1
153010,0,0,1,1,0,0,1,1,1,0
153011,0,0,0,1,0,0,1,1,1,1
153012,0,0,0,1,0,0,0,1,1,0
153014,0,0,0,1,0,0,0,0,1,0
153015,0,0,0,0,0,0,0,0,1,0
153016,0,0,0,0,0,0,1,0,1,0
153017,0,0,0,1,0,0,0,0,1,0
153018,0,0,0,0,0,0,0,1,1,0
153019,0,1,1,1,0,0,0,1,0,0
153020,0,0,1,0,0,0,0,0,1,0
154002,0,1,0,0,0,0,0,0,1,0
154003,0,0,0,0,0,0,1,0,1,0
154004,0,0,0,0,0,0,0,1,1,0
154005,0,1,1,0,0,0,1,1,1,1
154006,0,0,0,0,0,0,0,0,1,0
154007,0,0,0,0,0,0,0,0,0,0
154008,0,0,0,0,0,0,0,0,1,0
154009,0,0,0,0,0,0,0,1,1,0
154010,0,0,0,0,0,0,0,1,1,0
154011,0,1,0,0,0,0,0,0,1,0
154012,0,1,0,1,0,0,1,1,1,0
154013,0,0,0,0,0,0,0,0,1,0
154014,0,0,0,0,0,0,0,0,1,0
154015,0,0,0,0,0,0,0,0,1,0
154016,0,1,0,0,0,1,0,1,1,0
154017,0,0,0,0,0,0,0,0,1,0
154018,0,0,0,0,0,0,1,0,1,0
154019,0,0,0,0,0,0,0,0,1,0
154020,0,1,0,0,0,0,0,1,1,0
155001,0,0,0,0,0,0,0,0,1,0
155002,0,0,0,0,0,0,0,0,1,0
155003,0,0,0,0,0,0,0,0,1,0
155004,0,0,0,0,0,0,0,0,1,0
155005,0,0,0,0,0,0,0,0,1,0
155006,0,0,0,1,0,0,0,0,1,0
155007,0,0,0,1,0,0,0,0,1,0
155009,0,0,0,1,0,0,0,1,1,0
155010,0,0,0,0,0,0,0,0,1,0
155011,0,1,0,0,0,0,0,0,1,0
155012,0,0,1,1,0,0,0,0,1,0
155013,0,0,1,1,0,0,0,1,1,0
155014,0,0,1,0,0,0,0,0,1,0
155015,0,1,0,0,0,0,0,0,1,0
155016,0,1,0,1,0,0,1,0,1,0
155017,0,1,0,0,0,0,0,0,1,0
155018,0,0,0,1,0,0,0,0,1,0
155019,0,0,0,1,0,0,0,1,1,0
155020,0,0,1,0,0,0,0,0,1,0
156001,0,0,0,0,0,0,0,0,1,0
156002,0,0,0,0,0,0,0,1,1,0
156003,0,0,0,0,0,0,0,0,1,0
156004,0,0,0,0,0,0,0,0,0,0
156005,0,0,0,0,0,0,0,0,1,0
156006,0,0,0,0,0,0,0,0,1,0
156008,0,0,0,0,0,0,0,0,1,0
156009,0,0,0,1,0,0,0,0,1,0
156010,0,0,0,0,0,0,0,0,1,0
156011,0,0,0,0,0,0,0,0,1,0
156012,0,0,0,0,0,0,0,0,1,0
156013,0,0,0,0,0,0,0,1,1,0
156014,0,0,0,0,0,0,0,0,1,0
156015,0,0,0,0,0,0,0,1,1,0
156016,0,0,0,0,0,0,0,0,1,0
156017,0,1,0,1,0,0,0,1,1,0
156018,0,0,0,0,0,0,0,0,1,0
156019,0,0,0,0,0,0,0,0,1,0
156020,0,0,0,0,0,0,0,0,1,0
157001,0,1,0,0,0,0,0,0,1,0
157002,0,0,0,0,0,0,0,0,1,0
157004,0,0,0,0,0,0,0,0,1,0
157005,0,0,0,0,0,0,0,0,0,0
157006,0,,0,0,0,0,0,0,1,0
157007,0,0,0,0,0,0,0,0,1,0
157008,0,0,0,0,0,0,0,0,1,0
157009,0,0,0,0,0,0,0,0,1,0
157010,0,1,0,0,0,0,0,0,0,0
157011,0,0,0,0,0,0,0,0,0,0
157012,0,0,0,0,0,0,0,0,1,0
157013,0,0,0,0,0,0,0,0,1,0
157014,0,0,0,0,0,0,0,0,1,0
157015,0,0,0,0,0,0,0,0,1,0
157016,0,0,0,1,0,0,0,0,1,0
157017,0,0,0,0,0,0,0,0,0,0
157018,0,0,0,0,0,0,0,0,0,0
157019,0,0,0,0,0,0,0,0,1,0
158001,0,1,0,1,0,0,0,0,1,0
158002,0,0,0,0,0,0,0,0,1,0
158003,0,0,0,0,0,0,0,0,0,0
158004,0,0,0,0,0,0,0,0,1,0
158005,0,0,0,0,0,0,0,0,1,0
158006,0,0,0,0,0,0,0,0,1,0
158007,0,1,0,0,0,0,0,0,1,0
158008,0,0,1,0,0,0,0,0,1,0
158009,0,0,0,0,0,0,0,0,1,0
158010,0,0,0,0,0,0,0,0,1,0
158011,0,1,0,0,0,0,0,1,1,0
158012,0,0,0,0,0,0,0,0,1,0
158013,0,0,0,0,0,0,1,0,1,0
158014,0,0,0,0,0,0,0,0,1,0
158015,0,0,0,0,0,0,0,0,1,0
158016,0,0,0,0,0,0,0,0,1,0
158017,0,0,0,0,0,0,0,0,1,0
158018,0,1,0,1,0,0,0,0,1,0
158019,0,0,0,0,0,0,0,0,1,0
158020,0,0,0,0,0,0,0,0,0,0
159001,0,1,1,1,0,0,0,1,1,0
159002,0,0,0,0,0,0,0,0,1,0
159003,0,0,0,0,0,0,0,0,1,0
159004,0,0,0,1,0,0,0,0,1,0
159005,0,0,0,0,0,0,0,0,1,0
159006,0,0,0,1,0,0,0,0,1,1
159007,0,,0,0,0,0,0,0,1,0
159008,0,0,1,0,0,0,0,1,1,0
159009,0,0,0,0,0,0,0,0,0,0
159010,0,0,0,0,0,0,0,1,1,0
159011,0,1,0,1,0,0,0,1,1,0
159012,0,0,0,0,0,0,0,0,1,0
159013,0,0,1,0,0,0,1,0,1,0
159014,0,0,0,0,0,0,0,0,1,0
159015,0,0,0,1,0,0,1,0,1,0
159016,0,0,1,0,0,0,0,0,1,0
159017,0,1,1,1,0,0,1,1,0,0
159018,0,1,0,1,0,0,0,0,1,0
159019,0,0,0,0,0,0,0,0,0,0
159020,0,0,0,0,0,0,0,0,1,0
160001,0,1,0,1,0,0,0,1,1,0
160002,0,0,0,0,0,0,0,0,1,0
160003,0,,0,1,0,0,0,0,1,0
160004,0,0,0,1,0,0,0,0,1,0
160005,0,1,0,1,0,0,0,0,1,0
160006,0,0,0,0,0,0,0,1,1,0
160007,0,0,0,0,0,0,0,0,1,0
160008,,0,0,0,0,0,1,0,1,0
160009,1,0,0,1,0,0,0,0,1,0
160010,0,0,0,0,0,0,0,0,1,0
160011,0,0,0,1,0,0,0,0,1,0
160012,0,0,0,0,0,0,0,0,1,0
160013,0,0,0,0,0,0,0,0,1,0
160014,0,1,0,1,0,0,0,0,1,0
160015,0,0,0,0,0,0,0,0,1,0
160016,0,0,1,1,0,0,0,0,1,0
160017,0,0,0,0,0,0,0,0,1,0
160018,1,1,0,0,0,0,0,0,1,0
160019,0,0,0,0,0,0,0,0,1,0
160020,1,0,0,0,0,0,0,0,1,0
161001,0,0,0,1,0,0,1,1,1,0
161002,0,0,0,0,0,0,0,0,1,0
161003,0,0,1,0,0,0,0,1,1,0
161004,0,0,0,1,0,0,1,1,1,0
161005,0,0,0,0,0,0,0,0,1,0
161006,0,1,0,1,0,0,1,1,1,0
161007,0,0,0,0,0,0,0,1,1,0
161008,,0,0,0,0,0,0,0,1,0
161009,0,0,0,1,0,0,1,1,1,1
161010,1,0,0,0,0,0,0,0,1,0
161011,0,0,0,0,0,0,0,0,1,0
161012,0,0,0,0,0,0,0,0,1,0
161013,0,1,0,1,0,0,0,0,1,0
161014,0,0,0,0,0,0,0,1,1,0
161015,0,0,0,1,0,0,1,1,1,0
161016,0,0,0,0,0,0,0,0,1,0
161017,0,0,0,0,0,0,0,0,1,0
161018,0,0,0,1,0,0,1,1,1,1
161019,0,0,0,0,0,0,0,0,1,0
161020,1,0,0,0,0,0,0,0,1,0
162001,0,0,0,0,0,0,1,0,1,0
162002,0,0,0,0,0,0,0,1,1,0
162003,0,0,1,0,0,0,1,1,1,1
162004,0,1,0,0,0,0,1,0,1,0
162005,0,0,0,1,0,0,0,1,1,0
162006,0,1,0,1,0,0,1,1,1,0
162007,0,0,1,1,0,0,1,0,1,0
162008,0,0,0,0,0,0,1,0,1,0
162009,0,1,0,0,0,0,1,1,1,0
162010,0,1,0,0,0,0,1,0,1,0
162011,0,0,0,1,0,0,1,1,1,0
162012,0,0,0,1,0,0,1,0,1,0
162013,0,0,0,1,0,0,1,1,1,0
162014,0,0,0,0,0,0,1,1,1,0
162015,0,0,0,1,0,0,0,1,1,1
162016,0,0,1,0,0,0,1,1,1,0
162017,0,0,0,1,0,0,1,1,1,0
162018,0,0,0,0,0,0,1,1,1,0
162019,0,0,0,0,0,0,0,0,1,0
162020,0,0,0,0,0,0,0,0,1,0
163001,0,0,0,0,0,0,0,0,1,0
163002,0,0,0,0,0,0,0,0,1,0
163003,0,0,0,0,0,0,0,0,0,0
163004,0,0,0,0,0,0,0,0,1,0
163005,1,0,0,0,0,0,0,0,1,0
163006,0,0,0,0,0,0,0,0,0,0
163007,0,0,0,0,0,0,0,0,1,0
163008,0,0,0,1,0,0,0,1,1,0
163009,0,0,0,1,0,0,0,0,0,0
163010,0,1,0,0,0,0,0,0,1,0
163011,0,1,0,1,0,0,0,1,1,0
163012,0,0,0,0,0,0,0,0,1,0
163013,0,0,0,0,0,0,0,0,1,0
163014,0,0,0,1,0,0,0,1,1,1
163015,0,0,0,0,0,0,0,0,1,0
163016,0,0,0,1,0,0,0,0,1,0
163017,0,0,0,0,0,0,0,0,0,0
163019,0,0,1,0,0,0,0,0,1,0
163020,0,0,0,0,0,0,0,0,1,0
164001,0,0,0,0,0,0,0,0,1,0
164002,0,1,0,1,0,0,0,0,1,0
164003,0,1,0,0,0,0,0,0,1,0
164004,0,0,0,0,0,0,0,0,1,0
164005,0,0,0,1,0,0,0,0,1,0
164006,0,0,0,0,0,0,0,0,0,0
164007,0,0,0,0,0,0,0,0,1,0
164008,0,0,0,0,0,0,0,0,1,0
164009,0,0,0,0,0,0,1,0,1,0
164010,0,0,0,0,0,0,0,1,1,0
164011,0,0,0,0,0,0,1,0,1,0
164012,0,0,0,0,0,0,0,0,1,0
164013,0,0,0,1,0,0,0,0,1,0
164014,0,0,0,1,0,0,1,1,1,0
164015,1,0,0,0,0,0,1,0,1,0
164016,0,0,0,0,0,0,1,0,1,0
164017,0,0,0,0,0,0,0,0,1,0
164018,0,0,0,0,0,0,0,0,1,0
164019,0,0,0,0,0,0,0,0,1,0
164020,0,0,0,1,0,0,0,0,0,0
165001,0,0,0,0,0,0,0,0,1,0
165002,0,0,0,0,0,0,0,1,1,0
165003,0,0,0,0,0,0,0,0,1,0
165004,0,0,0,1,0,0,0,0,0,0
165005,0,0,0,0,0,0,0,0,1,0
165006,0,0,0,0,0,0,0,0,1,0
165007,0,0,1,0,0,0,0,1,1,0
165008,0,0,0,0,0,0,0,1,1,0
165009,0,0,0,0,0,0,0,0,1,0
165010,0,1,0,0,0,0,1,1,1,0
165011,0,0,1,0,0,0,0,1,1,0
165012,0,0,0,0,0,0,0,0,1,0
165013,0,0,0,0,0,0,0,0,1,0
165014,0,0,0,0,0,0,0,0,1,0
165015,0,0,0,0,0,0,0,0,1,0
165016,0,0,0,0,0,0,1,1,1,0
165017,0,0,0,0,0,0,0,1,1,0
165018,0,0,0,0,0,0,0,0,1,0
165019,0,0,0,0,0,0,0,0,1,0
166001,0,0,0,0,0,0,0,0,1,0
166002,0,1,0,0,0,0,0,0,1,0
166003,1,0,0,1,0,0,1,1,1,1
166004,0,0,0,1,0,0,0,0,1,0
166005,0,0,0,0,0,0,0,0,1,0
166006,0,0,0,1,0,1,0,0,1,0
166007,0,0,0,0,0,1,0,0,1,0
166008,0,0,0,1,0,0,0,0,1,0
166009,0,0,0,1,0,0,1,0,1,0
166010,0,0,0,1,0,0,1,1,1,1
166011,0,0,0,0,0,0,0,0,1,0
166012,0,0,0,0,0,1,0,0,1,0
166013,0,0,0,0,0,0,1,1,1,0
166015,0,1,0,0,0,1,0,0,1,0
166016,0,0,0,0,0,0,0,0,1,0
166017,0,0,0,0,0,1,1,0,1,0
166018,0,0,0,1,0,1,1,0,1,0
166019,0,0,1,1,0,0,1,0,1,0
166020,0,1,0,1,0,0,0,0,1,0
167001,0,0,0,0,0,0,0,0,1,0
167002,0,0,0,0,0,0,0,0,1,0
167003,0,1,0,0,0,0,0,0,1,0
167004,0,0,0,0,0,0,0,0,1,0
167005,0,0,0,0,0,0,0,0,1,0
167006,0,0,0,0,0,0,0,0,0,0
167007,0,0,0,0,0,0,0,0,1,0
167008,0,0,0,0,0,0,0,0,1,0
167009,0,1,0,0,0,0,0,1,1,0
167010,0,0,0,1,0,0,0,0,1,0
167011,0,0,0,0,0,0,0,0,1,0
167012,0,0,0,0,0,0,0,0,0,0
167013,0,0,0,0,0,0,0,0,1,0
167014,0,0,0,0,0,0,0,0,1,0
167015,1,0,0,0,0,0,0,0,0,0
167016,0,1,0,0,0,0,0,0,1,0
167017,0,0,0,0,0,0,0,0,1,0
167018,0,0,0,1,0,0,0,0,0,0
167019,0,0,0,0,0,0,0,0,1,0
167020,0,0,0,1,0,0,0,0,0,0
168001,0,0,0,0,0,0,0,0,1,0
168002,0,1,0,1,0,0,0,0,1,0
168003,0,0,0,0,0,0,0,0,1,0
168004,0,0,0,0,0,0,0,0,0,0
168005,0,0,0,0,0,0,0,0,1,0
168006,0,0,0,1,0,0,0,0,1,0
168007,0,0,0,1,0,0,0,0,1,0
168008,0,0,0,1,0,0,0,0,1,0
168009,0,0,0,0,0,0,0,0,1,0
168010,0,0,0,0,0,0,0,0,1,0
168011,0,0,0,1,0,0,0,1,1,0
168012,0,0,0,1,0,0,0,0,0,0
168013,0,0,0,0,0,0,0,1,1,0
168014,0,0,0,1,0,0,0,0,1,0
168015,0,0,0,0,0,0,0,0,1,0
168016,0,0,0,0,0,0,0,0,1,0
168017,0,0,0,0,0,0,0,0,1,0
168018,0,0,0,1,0,0,0,0,1,0
168019,0,0,0,0,0,0,0,0,1,0
168020,0,0,0,0,0,0,0,0,1,0
169001,0,0,0,1,1,0,1,1,1,1
169002,0,0,0,1,0,0,0,0,1,0
169003,0,0,0,1,0,0,0,0,1,0
169004,1,0,1,1,0,0,0,0,1,0
169005,0,0,1,1,0,0,0,1,1,0
169006,0,0,0,1,0,0,0,0,1,1
169007,0,0,0,1,0,0,0,0,1,0
169008,0,1,0,1,0,0,0,1,1,0
169009,0,0,0,1,0,0,0,1,1,0
169010,0,0,0,1,0,0,1,0,1,0
169011,0,0,0,1,0,0,0,0,1,0
169012,0,0,0,1,0,0,1,0,1,0
169013,0,0,0,1,0,0,0,0,1,0
169014,0,0,0,1,0,0,1,0,1,0
169015,0,0,0,0,0,0,0,1,1,0
169016,0,0,0,0,0,0,0,1,1,0
169017,0,0,0,1,1,0,0,1,1,1
169018,0,0,1,1,0,0,0,0,1,1
169019,0,0,0,1,0,0,0,0,1,0
169020,0,1,0,1,0,0,0,1,1,0
170001,0,1,0,0,0,0,0,0,1,0
170002,0,0,1,0,0,0,0,0,1,0
170003,0,0,0,0,0,1,0,1,1,0
170004,0,0,0,0,0,0,0,0,1,0
170005,0,1,0,0,0,1,1,1,1,0
170006,0,0,0,0,0,0,1,1,1,0
170007,0,0,0,0,0,0,0,0,1,0
170008,0,1,1,0,0,0,0,0,1,0
170009,0,0,0,0,0,0,0,0,1,0
170010,0,0,1,0,0,1,0,0,1,0
170011,0,1,0,0,0,0,1,1,1,0
170012,0,1,0,0,0,0,0,1,1,0
170013,0,0,0,0,0,0,0,1,1,0
170014,0,0,0,0,0,1,0,0,1,0
170015,0,1,0,0,0,0,0,0,1,0
170016,0,0,0,0,0,1,0,0,1,0
170017,0,0,0,0,0,0,0,0,1,0
170018,0,0,0,0,0,0,0,0,0,0
170019,0,1,0,0,0,0,1,0,1,0
170020,0,0,0,0,0,0,0,0,1,0
171001,0,1,0,0,0,0,0,0,1,0
171002,0,0,0,0,0,0,0,1,1,0
171003,0,0,0,1,0,0,0,0,1,0
171004,0,0,0,0,0,0,0,0,0,0
171005,0,0,0,0,0,0,0,1,1,0
171006,0,0,0,0,0,0,0,0,1,0
171007,0,0,0,0,0,0,0,0,1,0
171008,0,0,0,0,0,0,0,0,1,0
171009,0,0,0,0,0,0,0,0,0,0
171010,0,0,0,0,0,0,0,0,0,0
171011,0,0,0,0,0,0,0,0,1,0
171012,0,,0,0,0,0,0,0,1,0
171013,1,0,0,0,0,0,0,0,1,0
171014,0,0,0,0,0,0,0,0,1,0
171015,0,0,0,0,0,0,0,0,1,0
171016,0,0,0,0,0,0,0,0,0,0
171017,0,0,0,0,0,0,0,0,0,0
171018,0,0,0,0,0,0,0,0,1,0
171019,0,0,0,0,0,0,0,0,0,0
171020,0,0,0,0,0,0,0,0,0,0
172001,0,0,0,0,0,0,0,0,1,0
172002,0,1,0,1,0,0,0,0,1,0
172003,0,0,0,1,0,0,0,0,1,0
172004,0,0,0,1,0,0,0,1,1,0
172005,0,0,1,1,0,0,0,0,1,0
172006,0,0,0,1,0,0,0,0,1,0
172007,0,0,0,1,0,0,0,0,1,0
172008,0,0,0,0,0,0,0,0,1,0
172009,0,0,0,0,0,0,0,0,1,0
172010,0,0,0,1,0,0,0,0,1,0
172011,0,0,0,0,0,0,0,0,1,0
172012,0,0,0,0,0,0,0,0,1,0
172013,0,0,0,0,0,0,0,0,1,0
172014,0,0,0,1,0,0,0,0,1,0
172015,0,1,0,1,1,0,1,1,1,0
172016,0,0,0,1,1,0,1,1,1,0
172017,,,0,1,0,1,1,1,1,0
172018,0,1,0,1,1,0,1,1,1,0
172019,1,1,0,1,1,0,1,1,1,0
172020,0,0,0,0,1,0,1,1,1,0
173001,0,0,0,0,0,0,0,0,1,0
173002,0,0,0,0,0,0,0,1,1,0
173003,0,0,0,0,0,0,0,0,1,0
173004,0,0,0,0,0,0,0,0,1,0
173005,0,0,0,1,0,0,0,0,1,0
173006,0,1,0,1,0,0,1,0,1,0
173007,0,0,0,0,0,0,0,1,1,0
173008,0,0,0,0,0,0,1,0,1,0
173009,0,0,0,0,0,0,0,0,1,0
173010,0,0,0,0,0,0,0,0,1,0
173011,0,0,0,0,0,0,0,0,1,0
173012,0,0,0,0,0,0,0,0,1,0
173013,0,0,1,0,0,0,0,0,1,0
173014,0,0,0,0,0,0,0,0,1,0
173015,0,0,0,1,0,0,0,0,0,0
173016,0,0,0,0,0,0,0,0,1,0
173017,0,0,0,0,0,0,0,0,1,0
173018,0,0,0,0,0,0,0,1,0,0
173019,0,0,0,1,0,0,0,1,1,0
173020,0,0,0,1,0,0,0,0,1,0
174001,0,1,0,1,0,0,1,0,1,0
174002,0,0,0,1,0,0,0,0,1,0
174003,0,0,0,0,0,0,1,1,1,0
174004,0,0,0,0,0,0,1,0,1,0
174006,,0,0,1,0,0,1,1,1,0
174007,0,0,0,0,0,0,0,0,1,0
174008,0,0,1,1,0,0,1,1,1,0
174009,0,0,0,1,0,0,1,1,1,0
174010,0,0,1,1,0,0,0,0,1,0
174011,0,0,0,1,0,0,1,1,1,0
174012,0,0,0,1,0,0,0,0,1,0
174013,0,1,0,1,0,0,0,0,1,0
174014,0,0,0,1,0,0,1,1,1,0
174015,0,0,0,0,0,0,0,0,1,0
174016,0,0,0,0,0,0,0,0,1,0
174017,0,0,0,1,0,0,0,0,1,0
174018,0,0,0,0,0,0,0,0,1,0
174019,0,0,0,1,0,0,0,1,1,0
174020,0,0,1,0,0,0,1,1,1,0
175001,0,0,0,1,0,0,1,0,1,0
175002,0,1,0,0,0,1,0,0,1,0
175003,0,1,0,1,0,0,1,1,1,0
175004,0,0,0,1,0,0,1,0,1,0
175005,0,1,0,0,0,0,0,0,1,0
175006,0,1,0,1,0,0,1,0,1,0
175007,0,1,0,1,0,0,1,1,1,0
175008,0,0,0,1,0,0,1,1,1,0
175009,0,0,0,1,1,0,1,1,1,1
175010,0,1,0,1,0,0,1,0,1,0
175011,0,0,1,1,0,1,1,1,1,0
175012,0,1,0,0,0,0,1,0,1,0
175013,0,0,0,1,0,0,0,0,1,0
175014,0,0,1,1,0,0,1,0,1,0
175015,0,0,0,1,0,0,1,0,1,0
175016,0,0,0,1,0,0,1,0,1,1
175017,0,1,1,0,0,0,0,0,1,0
175018,0,0,0,1,1,0,1,1,1,1
175019,0,1,0,1,0,0,1,0,1,0
175020,0,1,0,1,1,0,1,1,1,1
176002,0,0,0,0,0,0,0,0,1,0
176003,0,0,0,1,0,0,0,0,1,0
176005,0,0,0,0,0,0,0,0,1,0
176006,0,0,0,0,0,0,0,0,0,0
176007,0,0,0,0,0,0,0,1,1,0
176008,0,1,0,0,0,0,0,0,1,0
176009,0,0,0,0,0,0,0,0,1,0
176010,0,0,0,0,0,0,0,0,0,0
176011,0,0,0,0,0,0,0,0,1,0
176012,0,0,0,1,0,0,1,1,1,0
176013,0,0,0,0,0,0,0,0,1,0
176014,0,0,0,0,0,1,0,0,1,0
176015,0,0,0,0,0,0,0,0,1,0
176016,0,0,0,0,0,0,0,0,1,0
176017,0,0,0,0,0,0,0,1,1,0
176018,0,0,0,1,0,1,0,0,1,0
176019,0,0,0,1,0,0,1,1,1,0
176020,0,0,0,1,1,0,1,1,1,1
177002,0,1,0,1,0,0,1,0,1,0
177003,0,0,0,1,0,0,1,0,1,0
177004,0,0,1,1,1,0,1,0,1,0
177005,0,0,0,1,1,0,1,0,1,0
177006,0,0,1,1,1,0,1,0,1,0
177007,0,1,0,1,0,0,1,0,1,0
177008,0,0,0,1,0,0,1,0,1,0
177009,0,1,0,1,0,0,1,0,1,0
177010,0,0,0,1,0,0,1,0,1,0
177011,0,1,1,1,1,0,1,0,1,1
177012,0,1,1,1,1,0,1,0,1,1
177013,0,1,1,1,1,0,1,0,1,0
177014,0,0,1,1,0,0,1,0,1,0
177015,0,0,0,1,1,0,1,0,1,0
177016,0,0,0,1,0,0,1,0,1,0
177017,0,0,0,1,0,0,1,0,1,0
177018,0,0,1,1,1,0,1,0,1,1
177019,0,1,0,1,1,0,1,1,1,1
177020,0,0,0,1,1,0,1,0,1,0
178001,0,0,0,1,1,0,1,1,1,0
178002,0,0,0,1,1,0,1,1,1,1
178003,0,1,0,0,1,0,1,1,1,0
178004,0,0,0,0,1,0,1,1,1,1
178005,0,0,0,1,1,0,1,1,1,0
178006,0,0,1,1,1,0,1,1,1,0
178007,0,1,1,1,1,0,1,1,1,0
178008,0,0,0,1,0,0,1,0,1,0
178009,1,1,0,1,1,0,1,1,1,0
178010,0,1,0,0,0,0,1,1,1,0
178011,0,1,1,1,1,0,1,1,1,1
178012,0,0,1,1,1,0,1,0,1,0
178014,0,1,0,1,1,0,1,1,1,0
178015,0,1,1,1,0,0,1,1,1,1
178016,1,1,0,1,1,0,1,1,1,0
178017,0,0,0,1,1,0,1,0,1,1
178018,0,0,1,0,1,0,1,1,1,0
178019,0,1,0,0,0,0,1,1,1,0
178020,0,0,1,1,1,0,1,1,1,0
179001,0,0,0,1,1,0,1,1,1,1
179002,0,0,0,1,0,0,0,0,1,0
179003,0,1,0,1,0,0,0,1,1,0
179004,1,0,1,1,1,0,1,1,1,1
179006,0,0,0,1,0,0,1,1,1,0
179007,0,0,1,0,0,0,1,1,1,0
179008,0,1,0,1,0,0,1,0,1,0
179009,0,0,0,1,0,0,0,1,1,0
179010,0,0,0,1,0,0,0,0,1,0
179011,0,1,1,1,0,0,0,0,1,0
179013,0,0,1,1,0,0,0,1,1,0
179014,0,0,0,1,0,0,0,1,1,0
179015,0,0,0,1,0,0,0,0,1,0
179016,0,0,0,1,0,0,0,0,1,0
179017,0,0,0,1,0,0,0,1,1,0
179018,0,0,0,1,1,0,1,1,1,1
179019,0,0,1,0,0,0,0,0,1,0
179020,0,0,0,1,0,0,0,0,0,1
180001,0,0,0,1,1,0,0,1,1,1
180002,0,0,0,1,0,0,0,1,1,0
180003,0,1,0,1,0,0,0,0,1,0
180004,0,0,0,1,1,0,1,1,1,1
180005,0,0,0,0,0,0,0,0,1,0
180006,0,0,0,1,0,0,0,0,1,0
180007,0,0,0,0,0,0,0,0,1,0
180008,0,0,0,0,0,0,0,1,1,0
180009,0,0,0,1,0,0,0,0,1,0
180010,0,0,0,1,0,0,0,0,1,0
180011,0,0,0,1,0,0,0,1,1,0
180012,0,0,0,1,0,0,0,0,1,0
180013,0,0,0,1,1,0,1,1,1,1
180014,0,0,0,1,0,0,0,0,1,0
180015,0,0,0,0,1,0,0,1,1,1
180016,0,0,0,1,1,0,1,0,1,0
180017,0,0,0,1,1,0,1,0,1,0
180018,0,0,0,1,0,0,1,0,1,1
180019,0,0,1,1,1,0,1,0,1,0
180020,0,0,1,1,0,0,1,0,1,0
181001,1,0,0,1,0,0,0,1,1,0
181002,1,0,1,0,0,0,0,1,1,0
181003,0,0,0,0,0,0,0,1,1,0
181004,0,0,0,0,0,0,0,1,1,0
181005,0,0,0,0,0,0,0,0,1,0
181006,0,0,0,0,0,0,0,1,1,1
181007,0,0,0,1,0,0,1,1,1,1
181008,0,0,0,0,0,0,0,0,1,0
181009,0,0,0,1,0,0,0,1,1,1
181010,0,0,0,0,0,0,0,1,1,0
181011,0,0,0,0,0,0,0,0,1,0
181012,0,0,0,1,0,0,0,1,1,0
181013,0,0,0,1,0,0,0,0,1,0
181014,0,1,0,0,0,0,0,0,1,0
181015,0,0,0,0,0,0,0,0,1,0
181016,0,0,0,0,0,0,1,0,1,0
181017,0,0,0,1,0,0,0,0,1,0
181018,0,0,0,1,0,0,1,1,1,0
181019,0,0,0,1,0,0,0,0,1,0
181020,0,0,0,0,0,0,0,1,1,0
182001,0,0,0,1,0,0,0,1,1,1
182002,0,0,0,1,0,0,1,1,1,1
182003,0,1,0,0,0,0,1,0,1,0
182004,0,0,0,1,0,0,1,0,1,0
182005,0,0,0,1,0,0,1,1,1,1
182006,0,0,0,1,0,0,1,1,1,0
182007,0,0,0,1,0,0,1,1,1,0
182008,0,0,1,0,0,0,1,0,1,0
182009,0,0,0,1,0,0,0,1,1,0
182010,0,0,0,1,0,0,0,0,1,0
182011,0,0,0,1,0,1,1,1,1,1
182013,0,0,1,1,0,1,1,1,1,1
182014,0,0,0,1,1,0,1,0,1,1
182015,0,0,0,1,0,1,1,1,1,0
182016,0,1,0,1,0,1,1,1,1,0
182017,1,1,0,1,0,0,1,1,1,0
182018,0,0,1,1,1,1,1,1,1,1
182019,0,1,0,1,1,1,1,1,1,1
182020,0,0,1,0,0,1,1,1,1,1
183001,0,0,0,1,0,0,1,1,1,0
183002,0,0,0,1,0,0,1,0,1,0
183003,0,,1,1,0,0,1,0,1,0
183004,0,0,1,1,0,0,1,1,1,0
183006,0,0,1,1,1,0,1,1,1,1
183007,0,0,0,1,1,0,1,1,1,1
183008,0,0,1,1,0,0,0,1,1,0
183009,0,0,1,1,0,0,1,0,1,0
183010,0,0,1,1,1,0,1,1,1,1
183011,0,0,0,1,0,0,1,1,1,0
183012,0,1,0,1,0,0,1,0,1,0
183013,0,0,0,1,1,0,1,1,1,1
183014,,,0,1,0,0,0,1,1,0
183015,0,0,0,0,0,0,0,0,1,0
183016,0,1,0,1,0,0,1,1,1,0
183017,0,0,0,1,0,0,1,0,0,1
183018,0,1,1,1,1,0,1,1,1,1
183019,0,0,0,1,1,0,1,1,1,0
183020,0,0,0,1,1,0,1,1,1,0
184001,0,0,0,0,0,0,0,0,1,0
184002,0,0,0,0,1,0,0,0,1,1
184003,0,0,0,0,0,0,0,0,1,0
184004,0,0,0,0,0,0,0,0,1,0
184005,0,1,1,0,0,0,0,0,1,0
184006,0,0,0,0,0,0,0,0,1,0
184007,0,0,1,1,0,0,0,1,1,0
184008,0,1,0,0,0,0,0,0,1,0
184009,0,1,0,0,0,0,0,1,1,0
184010,0,0,0,0,0,0,0,0,1,0
184011,0,1,0,1,0,0,0,0,1,0
184012,0,0,0,0,0,0,0,0,1,0
184013,0,1,0,1,0,0,0,0,1,0
184014,0,0,0,1,0,0,0,0,1,1
184015,0,0,0,1,0,0,0,0,1,0
184016,0,0,1,0,0,0,0,0,1,0
184017,0,0,0,0,0,0,0,0,1,0
184018,0,0,1,1,0,0,0,0,1,0
184019,0,1,1,0,0,0,0,0,1,0
184020,0,0,0,1,0,0,0,0,1,0
185001,0,0,0,0,0,0,0,0,1,0
185002,0,0,0,0,0,0,0,0,1,0
185003,0,0,0,0,0,0,0,0,1,0
185004,0,0,0,0,0,0,0,0,1,0
185006,0,1,0,1,0,0,1,0,1,0
185007,0,0,0,0,0,0,0,0,1,0
185008,0,0,1,0,0,0,0,1,1,0
185009,0,,0,1,0,0,1,1,1,1
185010,0,1,0,1,0,0,0,0,1,0
185011,0,0,0,0,0,0,0,1,1,0
185012,0,1,0,0,0,0,1,0,1,0
185013,0,0,0,0,0,0,0,0,1,0
185014,0,0,0,0,0,0,0,0,1,0
185015,0,0,0,0,0,0,0,0,1,0
185016,0,0,0,0,0,0,0,1,1,0
185017,0,0,0,0,0,0,1,1,1,1
185018,0,0,0,0,0,0,0,1,1,0
185019,0,0,0,0,0,1,0,0,1,0
185020,0,0,0,0,0,0,0,1,1,0
186001,0,0,0,0,0,1,0,1,1,0
186002,0,1,0,0,0,0,0,0,1,0
186003,1,0,0,1,0,0,0,0,1,0
186004,0,0,0,0,0,0,0,0,1,0
186005,0,0,1,0,0,0,0,0,1,0
186006,0,0,0,0,0,0,0,0,1,0
186007,0,0,0,0,0,0,0,0,1,0
186008,0,0,0,1,0,0,0,1,1,1
186009,0,0,0,1,0,0,0,0,1,0
186010,0,0,0,0,0,0,0,0,1,0
186011,0,0,0,0,0,0,0,0,1,0
186012,0,0,0,0,0,0,0,0,1,0
186013,0,0,0,1,0,0,0,1,1,1
186014,0,0,0,1,0,0,1,1,1,0
186015,0,0,1,0,0,0,0,0,1,0
186016,0,0,0,1,0,0,0,0,1,0
186017,0,0,0,1,0,0,0,1,1,0
186018,0,0,1,1,0,0,0,0,1,1
186019,0,0,0,1,0,0,0,1,1,0
186020,0,0,0,0,0,0,0,0,1,0
187001,0,0,0,0,0,0,0,0,1,0
187002,0,0,0,0,0,0,0,0,1,0
187003,0,,0,1,0,0,0,1,1,1
187004,0,0,0,0,0,0,0,0,1,0
187005,0,0,1,0,0,0,0,0,1,0
187006,0,0,0,1,0,0,0,0,1,0
187007,0,0,0,1,0,0,0,1,1,0
187008,0,0,0,0,0,0,0,0,1,0
187009,0,1,0,0,0,0,0,0,1,0
187010,0,1,0,1,0,0,0,0,1,0
187012,0,1,0,1,0,0,1,0,1,0
187013,0,1,1,1,0,0,0,0,1,0
187014,0,0,1,1,1,0,1,0,1,1
187015,0,0,0,1,0,0,0,0,1,0
187016,0,0,0,1,0,0,0,0,1,0
187017,0,0,0,0,0,0,0,0,1,0
187018,0,0,0,0,0,0,0,0,1,1
187019,0,0,0,1,0,1,0,0,1,0
187020,0,1,0,1,0,1,0,1,1,0
188001,0,1,1,1,0,1,1,1,1,1
188002,0,1,0,1,1,0,0,1,1,1
188003,0,0,0,1,0,0,0,0,1,0
188004,0,0,0,1,0,0,1,0,1,1
188005,0,0,1,1,0,0,0,1,1,1
188006,0,0,0,1,1,0,1,1,1,0
188007,0,1,0,1,0,0,0,0,1,0
188008,0,0,0,0,0,0,0,0,1,0
188009,0,0,0,0,0,0,0,1,1,0
188010,0,0,0,1,0,0,0,1,1,1
188011,0,0,0,0,0,0,0,1,1,0
188012,0,1,0,1,1,0,1,1,1,1
188013,0,0,1,0,1,0,1,1,1,1
188015,0,0,0,1,0,0,0,0,1,0
188017,0,0,1,1,1,0,1,1,1,1
188018,0,0,1,1,1,0,1,1,1,1
188019,1,0,1,0,1,0,1,1,1,1
188020,0,0,0,0,0,0,0,0,1,0
189001,0,1,0,1,0,0,0,0,1,0
189002,0,0,0,0,0,0,0,0,1,0
189003,0,0,0,0,1,1,1,0,1,0
189004,0,0,0,1,0,0,0,0,1,1
189005,0,0,0,0,1,0,0,0,1,0
189006,0,0,0,0,0,0,0,0,1,1
189007,0,0,0,0,0,0,0,1,1,1
189008,0,0,0,0,0,0,0,0,1,1
189009,0,0,0,0,0,0,0,0,1,0
189010,0,0,0,0,0,0,0,0,1,0
189011,0,0,0,0,1,0,1,0,1,1
189012,0,0,0,0,0,0,0,0,1,0
189013,0,0,0,0,0,0,0,0,1,0
189014,0,0,0,0,0,0,0,0,1,1
189015,0,1,0,1,0,0,1,0,1,0
189016,0,0,0,0,1,0,0,0,1,0
189017,0,0,0,1,1,0,0,0,1,1
189018,0,1,0,0,0,0,0,0,1,0
189019,0,0,1,0,0,0,0,1,1,0
189020,0,1,0,0,0,0,0,0,1,0
190001,0,0,0,0,0,0,0,1,1,0
190002,0,,0,1,0,0,0,0,1,0
190003,0,0,0,0,0,0,0,0,1,0
190004,0,1,0,0,0,0,0,0,1,0
190005,0,0,0,0,0,0,0,0,1,0
190006,0,0,0,0,0,0,0,0,1,0
190007,0,0,0,0,0,0,0,0,1,0
190008,0,0,0,0,0,0,0,0,1,0
190009,0,0,0,0,0,0,0,0,1,0
190010,0,0,0,0,0,0,0,0,1,0
190011,0,0,0,0,0,0,0,0,1,0
190012,0,0,0,0,0,0,0,0,1,0
190013,0,0,0,0,0,0,0,0,1,0
190014,0,0,0,0,0,0,0,0,1,0
190015,0,0,0,0,0,0,0,0,1,0
190016,0,0,0,1,0,0,0,0,1,0
190017,0,0,0,0,0,0,0,0,1,0
190019,0,0,0,0,0,0,0,0,1,0
190020,0,0,0,0,0,0,0,0,1,0
191001,0,0,0,1,0,0,0,0,1,1
191002,0,0,0,0,0,0,0,0,1,0
191003,0,0,0,0,0,0,0,0,1,0
191004,0,0,0,0,0,0,0,0,1,0
191005,0,0,0,1,0,0,0,0,1,0
191006,0,0,0,0,0,0,0,0,1,0
191007,0,0,0,1,0,0,0,0,1,1
191008,0,0,0,1,0,0,0,0,1,0
191009,0,0,0,0,0,0,0,0,1,1
191010,0,0,0,1,0,0,0,0,1,0
191011,0,1,0,1,0,0,0,0,0,0
191012,0,1,0,0,0,0,0,0,1,0
191013,0,0,0,1,0,0,0,0,1,0
191014,0,0,0,0,1,0,1,1,1,0
191015,0,1,0,1,0,0,1,0,1,0
191016,0,1,0,0,0,0,0,0,1,0
191017,0,0,1,0,0,0,0,0,1,0
191018,0,0,0,0,0,0,0,0,1,0
191019,0,0,0,1,0,0,0,0,1,0
191020,0,0,0,1,0,0,0,0,1,0
192001,0,0,0,0,0,0,0,0,1,0
192002,0,0,0,0,0,0,0,0,1,0
192003,0,0,0,1,0,0,0,0,1,0
192004,0,0,1,1,0,0,0,0,1,1
192005,0,1,0,0,0,0,0,0,1,0
192006,0,0,0,1,0,0,0,0,1,0
192007,0,0,1,1,0,0,0,0,1,0
192008,0,0,0,0,0,0,0,0,1,0
192009,0,0,0,0,0,0,1,1,1,1
192010,0,0,1,0,0,0,0,0,1,1
192011,0,0,0,1,0,0,1,1,1,1
192012,0,0,0,0,0,0,0,0,1,0
192013,0,1,0,0,0,0,0,1,1,1
192014,0,,0,1,1,0,0,1,1,1
192015,0,0,1,0,0,0,0,1,1,1
192016,0,0,0,1,0,0,0,1,1,1
192017,0,0,0,0,0,0,1,1,1,1
192018,0,0,0,1,0,0,0,0,1,0
192019,0,0,0,0,0,0,0,0,1,0
192020,0,1,0,0,0,0,0,0,1,0
193001,0,0,1,0,0,0,0,0,1,0
193002,0,0,0,0,1,0,1,1,1,0
193003,0,1,0,0,0,0,0,0,1,0
193004,0,0,0,1,0,0,1,0,1,0
193005,0,1,0,1,1,0,1,1,1,1
193006,0,0,0,0,0,0,0,0,1,0
193007,0,0,0,1,0,0,0,1,1,1
193008,0,0,0,0,0,0,1,0,1,0
193009,0,0,0,1,1,0,0,0,1,1
193010,0,1,0,1,0,0,1,0,1,1
193011,0,0,1,1,0,1,0,0,1,0
193012,0,0,0,1,0,0,0,0,1,0
193013,0,0,0,0,0,0,1,1,1,1
193014,0,0,0,1,0,0,1,0,1,0
193015,0,0,0,1,1,0,0,0,1,1
193016,0,0,0,1,0,0,1,1,1,1
193017,0,1,0,1,0,0,0,0,1,0
193018,0,0,0,1,0,0,0,0,1,0
193019,0,0,0,1,0,0,0,0,1,0
193020,0,0,0,1,0,0,0,1,1,1
194001,0,0,0,1,0,1,0,0,1,0
194002,0,0,0,1,0,0,0,1,1,0
194003,0,0,0,0,0,0,0,0,1,0
194004,0,0,0,0,0,1,0,0,1,0
194005,0,0,0,1,0,1,0,0,1,0
194006,1,1,0,0,0,1,0,0,1,0
194007,0,0,0,0,0,0,0,0,1,0
194008,0,0,0,0,0,0,0,0,1,0
194009,0,0,0,0,0,0,0,1,1,0
194010,0,0,0,0,0,1,0,0,1,1
194011,0,1,0,0,0,0,0,0,1,0
194012,0,0,0,0,0,0,0,0,1,0
194013,0,0,0,0,0,0,0,0,1,0
194014,0,0,0,1,0,1,0,0,1,0
194015,0,0,1,1,0,1,0,1,1,0
194016,0,0,0,0,0,1,1,0,1,0
194017,0,0,0,0,0,1,1,0,1,0
194018,0,0,0,1,0,1,1,0,1,0
194019,0,0,0,0,0,0,0,0,1,0
194020,0,1,0,0,0,0,0,1,1,0
195001,0,0,0,0,0,0,0,0,1,0
195002,0,0,0,0,0,0,0,1,1,0
195003,0,0,0,1,0,0,0,0,1,0
195004,0,1,0,0,0,0,0,1,1,0
195005,0,0,0,0,0,0,0,0,0,0
195006,0,1,0,0,0,0,0,0,1,0
195007,0,0,0,0,0,0,0,0,0,0
195008,0,0,0,0,0,0,0,0,1,0
195009,0,0,0,0,0,0,0,0,0,0
195010,0,1,0,0,0,0,0,0,1,0
195011,0,0,0,0,0,0,0,0,1,0
195012,0,0,0,0,0,0,0,0,1,0
195013,0,0,0,0,0,0,0,0,0,0
195014,1,0,0,0,0,0,0,0,0,0
195015,0,0,0,0,0,0,0,0,1,0
195016,0,0,0,0,0,0,0,0,0,0
195017,0,0,0,0,0,0,0,0,0,0
195018,0,0,0,0,0,0,0,0,0,0
195019,0,0,0,0,0,0,0,0,1,0
195020,0,0,0,0,0,0,0,0,1,0
196001,0,0,0,0,0,0,0,0,1,0
196002,0,1,0,0,0,0,0,0,1,0
196003,0,0,0,0,0,1,0,0,1,0
196004,0,0,0,0,0,1,1,1,1,0
196005,0,0,0,0,0,0,0,0,1,0
196006,0,1,0,0,0,0,0,0,1,0
196007,0,1,0,0,0,0,0,0,1,0
196008,0,0,0,0,0,0,0,0,1,0
196009,0,0,0,0,0,0,0,0,1,0
196010,0,1,0,0,0,0,0,0,1,0
196011,0,0,0,0,0,0,0,0,1,0
196012,0,0,0,0,0,0,0,0,0,0
196013,0,0,0,0,0,0,0,0,1,0
196014,0,0,0,0,0,0,0,0,1,0
196015,0,0,0,0,0,0,0,0,1,0
196016,0,0,0,0,0,0,0,0,0,0
196017,0,0,0,0,0,0,0,0,1,0
196018,0,0,0,0,0,0,0,1,1,0
196019,0,0,0,0,0,0,0,0,1,0
196020,0,0,0,0,0,0,0,0,1,0
197001,0,0,0,0,0,0,0,0,1,0
197002,0,1,0,0,0,0,0,0,0,0
197003,0,0,0,0,0,0,0,0,1,0
197004,0,0,0,0,0,0,0,0,1,0
197005,0,0,0,0,0,0,0,0,0,0
197006,0,0,0,0,0,0,0,0,0,0
197007,0,0,1,0,0,0,0,0,1,0
197008,0,0,0,0,0,0,0,0,1,0
197009,0,0,0,0,0,0,0,0,1,0
197010,0,0,0,0,0,0,0,0,1,0
197011,0,0,0,0,0,0,0,0,1,0
197012,0,0,0,0,0,0,0,0,1,0
197013,0,0,0,0,0,0,0,0,1,0
197014,0,0,0,0,0,0,0,0,1,0
197015,0,0,0,0,0,0,0,0,1,0
197016,0,0,0,0,0,0,0,0,0,0
197017,0,0,0,0,0,0,0,0,1,0
197018,0,0,1,0,0,0,0,0,1,0
197019,0,0,0,0,0,0,0,1,1,0
197020,0,0,0,0,0,0,0,0,0,0
198001,0,1,0,0,0,0,0,0,1,0
198002,0,0,0,0,0,0,0,0,0,0
198003,0,0,0,0,0,0,0,0,1,0
198004,0,0,0,0,0,0,0,0,1,0
198005,0,0,0,0,0,0,0,1,0,0
198006,0,0,0,0,0,0,0,1,1,0
198007,0,1,0,0,0,0,0,0,1,0
198008,0,0,0,0,0,0,0,0,0,0
198009,0,0,0,0,0,0,0,1,1,0
198010,0,0,0,0,0,0,0,0,1,0
198011,0,0,0,0,0,0,0,1,1,0
198012,0,0,0,0,0,0,0,0,1,0
198013,0,0,0,0,0,0,0,0,1,0
198014,0,1,0,0,0,0,0,0,1,0
198015,0,0,0,0,0,0,0,0,0,0
198016,0,0,0,0,0,0,0,0,0,0
198017,1,1,0,0,0,0,0,0,1,0
198018,0,0,0,0,0,0,0,0,1,0
198019,0,0,0,0,0,0,1,0,1,0
198020,0,0,0,0,0,0,0,0,0,0
199001,0,0,0,0,0,0,0,0,1,0
199002,0,0,0,0,0,0,0,0,1,0
199003,0,0,0,0,0,0,0,0,1,0
199004,0,0,0,0,0,0,0,0,0,0
199005,0,0,0,0,0,0,0,0,1,0
199006,0,0,0,0,0,0,0,0,1,0
199007,0,0,0,0,0,0,0,0,0,0
199008,0,0,0,0,0,0,0,0,1,1
199009,0,0,0,0,0,0,0,0,0,0
199010,0,0,0,0,0,0,0,0,1,0
199011,0,0,0,0,0,0,0,0,0,0
199012,0,1,0,0,0,0,0,0,1,0
199013,0,0,0,0,0,0,0,0,1,0
199014,0,,0,0,0,0,0,0,0,0
199015,0,0,0,0,0,0,0,0,1,0
199016,0,1,0,0,0,0,0,0,1,0
199017,0,0,0,0,0,0,0,0,1,0
199018,0,1,0,0,0,0,0,0,1,0
199019,0,0,0,0,0,0,0,0,1,0
199020,0,0,0,0,0,0,0,0,1,0
200001,0,0,0,0,0,0,0,0,1,0
200002,0,0,0,0,0,0,0,0,1,0
200003,0,0,0,0,0,0,0,0,1,0
200004,0,0,0,0,0,0,0,0,1,0
200005,0,1,0,0,0,0,0,0,1,0
200006,0,0,0,0,0,1,0,1,1,0
200007,0,0,0,0,0,0,0,0,1,0
200008,0,0,0,0,0,0,0,1,1,0
200009,0,0,0,0,0,0,1,1,1,0
200010,0,0,0,0,0,0,0,0,1,0
200011,0,0,0,0,0,0,0,0,1,0
200012,0,0,0,0,0,0,0,0,1,0
200013,0,1,0,1,0,0,0,0,1,0
200014,0,0,0,1,0,0,0,0,1,1
200015,0,1,0,0,0,0,0,1,1,0
200016,0,0,0,0,0,0,0,0,1,0
200017,0,0,0,0,0,0,0,0,1,0
200019,0,0,0,0,0,0,0,0,1,0
200020,0,0,0,0,0,0,0,0,1,0
201001,0,0,0,1,0,0,0,0,1,0
201002,0,0,0,0,0,0,0,0,1,0
201003,0,1,0,1,0,0,0,0,1,0
201004,0,1,0,1,0,0,0,0,1,0
201005,0,0,0,0,0,0,0,0,1,0
201006,0,0,0,1,0,0,0,1,1,1
201008,0,0,0,0,0,0,0,0,1,0
201009,0,0,0,1,0,0,1,1,1,0
201010,0,0,0,1,0,0,1,1,1,1
201011,0,0,0,1,1,0,0,1,1,1
201012,0,0,1,1,0,0,0,1,1,1
201013,0,0,1,0,0,0,0,0,1,0
201014,0,0,0,1,0,0,0,0,1,0
201015,0,0,0,1,0,0,0,0,1,0
201016,0,0,0,0,0,0,0,1,1,1
201017,0,1,0,1,1,0,0,0,1,1
201018,0,1,0,0,1,0,1,1,1,0
201019,0,0,0,0,0,0,1,0,1,1
201020,0,0,0,0,1,0,1,1,1,0
202001,0,0,0,0,0,0,0,1,1,0
202002,0,0,0,1,1,0,1,1,1,1
202003,0,0,0,0,0,0,0,0,1,0
202004,0,1,0,0,0,0,1,0,1,0
202005,0,1,0,0,0,0,1,0,1,0
202007,0,1,0,1,0,0,0,1,1,1
202008,0,1,0,0,0,0,0,1,1,0
202009,0,0,0,0,0,0,1,0,1,0
202010,0,0,0,0,0,0,0,1,1,0
202011,0,0,0,0,0,0,0,0,1,0
202012,0,0,0,0,0,0,0,0,1,0
202013,0,0,0,0,0,0,1,0,1,0
202014,0,0,0,1,1,1,1,1,1,0
202015,0,0,0,0,0,0,1,0,1,0
202016,0,0,0,0,0,0,0,1,1,0
202017,0,0,0,0,0,0,0,1,1,0
202018,1,1,0,0,0,1,0,1,1,0
202019,0,0,1,1,0,0,1,1,1,0
202020,0,1,0,1,0,0,0,0,1,0
203001,0,0,0,0,0,0,0,0,1,0
203002,0,0,0,1,0,1,1,1,1,1
203003,0,0,0,0,0,0,0,1,1,0
203004,0,1,0,1,0,0,1,0,1,1
203005,0,0,0,1,0,0,0,0,1,0
203006,0,0,0,0,0,0,0,0,1,0
203007,0,0,0,0,0,0,0,0,1,0
203008,0,0,0,0,0,1,0,1,1,1
203009,0,1,0,1,0,0,0,0,1,0
203010,0,0,0,1,0,0,0,1,1,1
203011,1,0,0,0,0,0,0,0,1,0
203012,0,0,0,0,0,0,0,0,1,0
203013,0,0,0,0,0,0,0,0,1,0
203014,0,0,0,0,0,0,1,1,1,0
203015,0,0,0,1,0,1,0,0,1,0
203016,0,0,0,0,0,0,0,0,1,0
203017,0,1,1,1,0,0,0,0,1,0
203018,0,0,0,1,0,1,0,0,1,0
203019,0,0,0,0,0,0,0,0,1,0
203020,0,0,0,0,0,0,0,0,1,0
204001,0,0,0,1,0,0,1,1,0,0
204002,0,0,1,1,0,0,1,0,1,0
204003,0,1,0,1,1,0,1,1,1,1
204004,0,1,1,1,0,0,1,0,1,0
204005,0,0,0,1,0,0,1,1,1,0
204006,0,0,0,1,0,0,1,0,0,1
204007,0,0,0,1,1,0,1,1,1,0
204008,0,0,1,0,1,0,1,1,1,0
204009,0,0,0,0,0,0,0,1,1,0
204010,0,0,0,0,0,0,1,1,1,0
204011,0,0,0,1,0,0,1,0,1,1
204012,0,1,0,0,0,0,0,1,1,1
204013,0,1,0,0,0,0,0,1,1,0
204014,0,0,0,0,0,0,1,1,1,0
204015,0,0,0,1,1,0,1,1,1,1
204016,0,0,0,0,0,0,0,1,1,0
204017,0,0,0,1,0,0,0,1,1,0
204018,0,1,0,1,0,0,0,1,1,0
204020,0,0,0,1,1,1,1,1,1,0
205001,0,0,0,0,0,0,1,1,1,0
205003,1,1,0,0,0,0,1,1,1,0
205004,0,1,0,0,0,0,1,1,1,0
205005,0,1,0,0,0,1,1,1,1,1
205006,0,0,0,0,0,0,0,0,1,0
205007,0,0,0,0,0,0,0,0,1,0
205008,0,0,0,0,0,1,0,1,1,0
205009,0,0,0,1,0,0,0,1,1,0
205010,0,0,0,0,0,0,0,0,1,0
205011,0,0,0,1,0,1,1,0,1,0
205012,0,1,1,0,0,1,1,0,1,0
205014,0,0,0,1,0,1,0,0,1,0
205015,0,1,0,1,0,1,0,1,1,0
205016,0,0,1,0,0,1,0,1,1,0
205017,0,0,1,0,0,0,1,0,1,0
205018,0,0,0,0,0,1,0,0,1,0
205019,0,0,0,0,0,0,0,0,1,0
205020,0,0,0,0,0,0,0,0,1,0
206001,0,0,0,1,0,0,0,1,0,1
206002,0,0,0,1,0,0,0,0,1,0
206003,0,0,0,0,0,0,0,0,1,0
206004,1,0,0,0,0,0,1,0,1,0
206005,0,0,0,0,0,0,0,0,1,0
206006,0,0,0,0,0,0,0,0,1,0
206007,0,1,0,1,0,0,0,1,1,0
206008,0,0,0,1,0,0,1,1,1,1
206009,0,1,0,0,0,1,1,0,1,0
206010,0,0,0,0,0,0,0,0,1,0
206011,0,0,0,0,0,0,1,0,1,0
206012,0,0,0,0,0,0,1,1,1,0
206013,0,0,0,0,0,1,1,0,1,0
206014,0,1,0,0,0,0,0,0,1,0
206015,0,0,0,0,0,0,0,1,1,1
206016,0,0,0,0,0,0,0,1,1,1
206017,0,0,0,0,0,0,0,0,1,0
206018,0,1,0,0,0,0,0,0,1,0
206019,0,0,0,0,0,0,0,0,1,0
206020,0,0,0,0,0,0,0,1,1,0
207001,0,0,0,0,0,0,0,0,1,0
207002,0,0,0,0,0,0,0,1,1,0
207003,0,0,0,0,0,0,0,0,1,0
207004,0,0,0,0,0,0,0,1,1,0
207005,0,0,0,0,0,0,0,0,1,0
207006,0,1,0,0,0,0,0,0,1,0
207007,0,0,0,1,0,0,1,1,1,1
207008,0,0,0,0,0,1,0,1,1,0
207009,0,0,0,0,0,0,0,0,1,0
207010,0,0,0,0,0,0,0,0,1,0
207011,0,0,1,0,0,0,0,0,1,0
207012,0,0,0,0,0,0,0,0,1,0
207013,0,0,0,0,0,0,0,0,1,0
207014,0,0,0,0,0,0,0,0,1,0
207015,0,0,0,0,0,0,0,1,1,0
207016,0,0,0,0,0,1,0,0,1,0
207017,0,0,0,0,0,0,0,1,0,0
207019,0,0,0,0,0,0,0,0,1,0
207020,0,0,0,0,0,0,0,0,1,0
208001,0,0,0,0,0,0,1,0,1,0
208002,0,0,0,0,0,0,0,1,1,0
208003,0,1,0,0,0,0,0,0,1,0
208004,0,0,0,0,0,0,0,0,1,0
208005,0,0,0,0,0,0,0,0,1,0
208006,0,0,0,0,0,0,0,1,1,0
208007,0,0,0,0,0,1,0,0,1,0
208008,0,0,0,0,0,1,1,1,1,0
208009,0,0,0,0,0,0,0,0,1,0
208010,0,0,0,1,0,0,0,1,1,0
208011,0,0,0,0,0,0,1,0,1,0
208012,0,0,0,0,0,0,0,0,1,0
208013,0,0,0,0,0,0,0,0,1,0
208014,0,0,1,1,0,0,0,0,1,1
208015,0,0,0,0,0,0,1,0,1,0
208016,0,0,0,0,0,0,0,0,1,0
208017,0,1,0,1,0,0,0,1,1,0
208018,0,0,0,0,0,0,0,0,1,0
208019,0,0,0,1,0,0,0,0,1,0
208020,0,0,0,1,1,1,1,1,1,1
209001,0,0,0,1,0,0,0,1,1,0
209002,0,0,1,1,0,1,0,0,0,0
209003,0,0,0,0,0,0,0,0,1,0
209004,0,0,1,0,0,0,0,0,1,1
209005,0,1,0,0,0,0,0,0,1,0
209006,0,0,0,1,0,0,0,0,1,0
209007,0,0,0,0,0,0,0,0,1,0
209008,0,1,0,0,0,0,0,0,1,0
209009,0,1,0,0,0,0,0,1,1,0
209010,0,1,0,1,0,0,0,1,1,0
209011,0,0,1,0,0,0,0,0,1,0
209012,0,0,0,0,0,0,0,0,1,0
209013,0,0,0,0,0,0,1,1,1,0
209014,0,0,0,1,0,1,0,1,1,0
209016,0,0,0,1,0,0,1,1,1,1
209017,0,0,0,0,0,0,0,0,1,0
209018,0,0,0,0,0,0,0,0,1,0
209019,0,0,0,0,0,0,0,0,1,0
209020,0,0,0,0,0,0,0,0,1,0
210001,0,0,0,1,1,0,1,1,1,0
210002,1,1,0,0,0,0,1,1,1,0
210003,0,0,0,1,0,0,0,0,1,0
210004,0,0,0,1,0,0,1,1,1,0
210005,0,0,0,1,0,0,0,1,1,0
210006,0,0,0,0,0,0,1,0,1,0
210007,0,0,0,0,0,0,1,0,1,0
210008,0,0,0,0,0,0,0,0,1,0
210009,1,0,0,0,0,0,1,1,1,0
210010,0,0,0,1,0,0,1,0,1,0
210011,0,0,0,0,0,0,1,0,1,0
210012,0,0,0,0,0,0,0,1,1,0
210013,0,0,0,0,0,0,1,1,1,0
210014,0,0,0,0,0,0,0,1,1,0
210015,0,0,0,1,0,0,0,1,1,0
210016,0,0,0,0,0,0,0,0,1,0
210017,0,0,0,0,1,0,0,1,1,0
210018,0,0,0,1,0,0,0,0,1,0
210019,0,0,0,0,0,0,0,0,1,0
210020,0,0,0,0,0,0,0,0,1,0
211001,0,0,0,0,0,0,0,0,1,0
211002,0,0,0,0,0,0,0,0,1,0
211003,0,0,0,0,0,0,0,0,1,0
211004,0,0,0,0,0,0,0,0,1,0
211005,0,0,0,0,0,0,0,0,1,0
211006,0,0,0,0,0,0,0,0,1,0
211007,0,0,0,0,0,0,0,0,0,0
211008,0,0,0,0,0,0,0,0,1,0
211009,0,0,0,1,0,1,1,1,1,0
211010,0,1,0,1,1,0,1,1,1,0
211011,0,0,0,1,0,0,0,1,1,0
211012,0,0,0,1,0,0,1,1,1,1
211013,0,0,0,1,0,0,0,0,1,0
211014,0,0,0,0,0,0,0,0,1,0
211015,0,0,0,1,0,1,0,1,1,1
211016,0,0,0,0,0,0,0,0,1,0
211017,0,0,0,0,0,0,0,1,1,0
211018,0,1,0,0,0,0,0,0,1,0
211019,0,0,0,0,0,0,0,0,1,0
211020,0,0,0,0,0,0,0,0,1,0
212001,0,0,0,0,0,0,0,0,1,0
212002,0,0,0,0,0,0,0,0,1,0
212003,0,0,0,1,0,0,0,0,0,0
212004,0,0,0,0,1,1,1,1,1,1
212005,0,1,0,0,0,0,0,0,1,0
212007,0,0,0,0,0,1,1,1,1,0
212008,0,0,0,1,0,0,0,1,0,0
212009,0,0,0,0,0,0,0,1,1,0
212010,0,0,0,0,0,0,0,0,0,0
212011,0,0,0,0,0,0,0,0,1,0
212012,0,0,0,0,0,0,0,1,1,0
212013,0,0,0,1,0,0,0,0,1,0
212014,0,0,0,0,0,0,0,0,1,0
212015,0,0,0,0,0,0,0,1,1,0
212016,0,0,0,0,0,0,0,0,1,0
212017,0,0,0,0,0,0,0,1,1,0
212018,0,0,0,0,0,0,0,0,1,0
212019,0,0,0,0,0,0,0,0,1,0
212020,0,0,0,0,0,0,0,0,1,0
213001,0,0,0,0,0,0,0,0,1,0
213002,0,0,0,0,0,0,0,0,1,0
213003,0,0,0,0,0,0,0,0,1,0
213004,0,0,0,0,0,0,0,0,1,0
213005,0,0,0,0,0,0,0,1,1,0
213006,0,0,0,1,0,0,0,1,1,0
213007,0,0,0,0,0,0,0,1,1,0
213008,0,0,1,0,1,0,1,1,1,1
213009,1,1,0,1,1,0,1,1,1,1
213010,0,1,0,0,0,0,0,1,1,1
213011,0,0,1,0,1,0,0,0,1,1
213012,1,1,0,0,1,0,1,1,1,1
213013,0,1,0,1,1,0,1,1,1,1
214001,0,0,0,1,0,0,0,0,1,0
214002,0,0,0,1,0,0,0,1,1,0
214003,0,0,0,0,0,0,0,0,1,0
214004,0,0,0,0,0,0,0,0,1,0
214005,0,0,0,0,0,0,0,1,1,0
214006,0,0,0,0,0,0,0,1,1,0
214007,0,0,0,0,0,0,0,0,1,0
214008,0,0,0,0,0,0,0,0,1,0
214009,0,0,0,0,0,1,0,0,1,0
214011,0,0,0,0,0,0,0,0,1,0
214013,0,0,0,0,0,0,0,0,1,0
214014,0,0,0,0,0,0,0,0,1,0
214015,0,0,1,0,0,0,0,0,1,0
214016,0,0,0,0,0,0,0,0,1,0
214017,0,0,0,1,0,0,0,1,1,0
214018,0,0,0,0,0,0,0,0,1,0
214019,0,0,0,0,0,0,0,1,1,0
214020,0,0,0,0,0,1,0,0,1,0
215001,0,1,0,0,0,0,0,0,1,0
215002,0,0,0,0,0,0,0,0,1,0
215003,0,1,0,0,0,1,0,1,1,0
215004,0,1,0,0,1,1,1,1,1,1
215005,1,1,0,0,0,1,1,1,1,0
215006,0,0,0,1,0,0,0,1,1,1
215007,0,0,0,0,0,1,0,1,1,0
215008,0,0,0,1,1,0,0,1,1,1
215009,0,1,1,0,0,0,0,0,1,1
215010,0,1,0,0,0,1,0,0,1,0
215011,0,0,0,0,0,0,0,1,1,0
215012,0,0,0,0,0,0,1,1,1,0
215013,0,0,0,0,0,0,0,1,1,0
215014,0,0,0,0,0,0,0,0,1,0
215015,0,0,0,0,0,1,1,0,1,0
215016,0,0,1,1,0,0,0,1,1,0
215017,0,1,0,0,0,0,0,1,1,0
215018,0,0,0,0,0,0,0,1,1,0
215019,0,0,0,0,0,0,0,0,1,0
215020,0,1,0,0,0,1,0,0,1,0
216001,0,0,0,0,0,0,0,0,1,0
216002,0,0,0,0,0,0,0,0,1,0
216003,0,1,0,0,0,0,1,0,1,0
216004,0,0,0,0,0,0,0,1,1,0
216005,0,0,0,0,0,0,0,0,1,0
216007,0,0,0,0,0,0,0,0,0,0
216008,0,0,0,0,0,0,0,0,1,0
216009,0,1,0,0,0,0,0,0,1,0
216010,0,0,0,0,0,0,0,0,1,0
216011,0,0,0,1,0,0,1,0,1,1
216012,0,0,0,0,0,0,0,0,1,0
216013,0,0,0,0,0,0,0,0,1,0
216014,0,0,0,0,0,0,0,0,1,0
216015,0,0,0,0,0,0,0,0,1,0
216016,0,0,0,0,0,0,1,0,1,0
216017,0,0,0,1,0,0,1,1,1,0
216019,0,1,0,0,0,0,0,0,1,0
216020,0,0,0,0,0,0,0,0,1,0
217001,0,0,0,0,0,0,1,1,1,1
217002,0,1,0,1,0,0,1,1,0,0
217003,0,1,0,1,1,0,1,1,1,1
217004,0,0,0,0,0,0,0,1,1,0
217005,0,1,0,0,1,0,1,0,1,1
217006,0,1,1,1,0,0,0,0,1,1
217008,0,1,0,1,1,0,1,1,1,0
217009,0,0,0,1,0,0,0,1,1,0
217010,1,1,1,1,0,0,1,1,1,0
217011,0,0,0,0,0,0,1,1,1,0
217012,0,1,0,0,0,0,0,1,1,0
217013,0,0,1,1,1,0,0,1,1,1
217014,0,0,0,1,0,0,1,1,1,0
217015,0,1,0,1,1,0,0,1,1,0
217016,0,0,0,1,1,0,1,1,1,0
217018,0,1,0,1,1,0,1,1,1,0
217019,0,0,0,1,1,0,1,0,1,0
217020,0,0,0,1,1,1,1,1,1,0
218001,0,0,1,1,0,0,0,0,1,0
218002,0,0,0,0,0,0,1,1,1,1
218003,1,0,0,0,1,0,1,1,1,1
218004,0,1,0,0,0,1,1,1,1,1
218005,0,1,0,1,1,1,1,1,1,1
218006,0,0,0,1,0,0,0,0,1,0
218007,0,0,0,0,0,0,0,1,1,1
218008,0,0,0,1,0,0,0,0,1,0
218009,0,0,1,1,0,0,1,1,1,1
218010,0,1,1,1,1,0,1,1,1,1
218011,0,0,0,1,0,0,1,1,1,1
218012,0,0,0,0,0,0,0,1,1,1
218013,0,0,0,0,0,0,0,0,1,0
218014,0,0,1,1,0,0,1,1,1,1
218015,0,0,0,1,0,0,0,1,1,0
218016,1,0,0,0,0,0,1,0,1,1
218017,0,1,1,0,0,0,0,0,1,1
218019,0,1,0,1,0,0,0,0,1,0
218020,0,1,0,0,0,0,1,1,1,0
219001,0,0,1,1,0,1,1,1,1,0
219002,0,1,0,0,0,0,1,1,1,0
219003,0,1,1,1,1,0,1,1,1,1
219004,0,0,0,1,0,1,0,1,1,0
219005,0,0,0,1,0,1,1,1,1,1
219006,0,0,0,1,0,1,1,1,1,1
219007,0,0,0,0,0,1,0,0,1,0
219008,0,0,0,0,0,1,1,0,1,0
219009,0,1,1,1,1,0,1,1,1,1
219011,0,0,0,0,0,1,1,1,1,1
219012,0,0,1,0,0,1,1,1,1,0
219013,0,1,0,1,0,1,1,0,1,0
219014,0,0,0,1,1,0,1,1,1,1
219015,0,0,0,1,0,1,0,1,1,0
219016,0,1,0,0,0,0,1,0,1,0
219019,0,1,0,0,0,1,0,0,1,0
219020,0,0,0,1,1,1,1,1,1,0
220001,0,0,0,1,0,0,1,1,1,1
220002,0,0,0,0,0,0,1,0,1,0
220003,0,0,0,1,0,0,1,1,1,1
220004,0,1,0,0,0,0,1,1,1,0
220005,0,0,0,1,0,0,1,1,1,1
220006,0,0,0,1,0,0,1,1,1,1
220007,1,0,0,0,0,0,0,0,1,0
220008,0,0,0,0,0,0,1,1,1,0
220009,0,1,0,1,0,0,1,0,1,1
220010,1,1,0,1,0,0,1,1,1,1
220011,1,1,0,1,0,0,1,1,1,1
220012,0,0,0,0,0,0,1,1,1,1
220013,1,0,0,1,0,0,1,1,1,1
220014,1,0,1,0,0,0,1,1,1,1
220015,0,0,0,0,0,0,1,1,1,0
220016,0,1,0,0,0,0,1,1,1,1
220017,0,0,0,1,0,0,1,1,1,1
220018,0,0,0,1,0,0,1,0,1,1
220019,0,1,0,1,0,0,1,1,1,1
220020,1,1,0,0,0,0,1,1,1,1
221001,0,0,0,0,0,0,1,0,1,0
221002,0,0,1,0,0,0,0,0,1,1
221003,0,0,0,0,0,0,0,0,1,0
221004,0,0,0,1,0,0,1,1,1,1
221005,0,1,0,1,0,0,1,0,1,0
221006,0,1,0,0,0,0,1,1,1,1
221007,0,0,0,1,0,0,1,0,1,0
221008,0,1,0,0,0,0,0,0,1,0
221009,0,0,0,0,0,0,1,0,1,0
221010,0,0,0,0,0,0,0,1,1,1
221011,0,0,0,1,0,0,1,1,1,1
221012,0,0,0,0,0,0,0,0,1,1
221013,0,1,0,0,0,0,0,0,1,0
221014,0,0,1,1,0,0,1,1,1,0
221015,0,0,1,1,0,0,1,0,1,0
221016,0,0,0,1,0,0,1,0,1,0
221017,0,1,0,0,0,0,0,1,1,0
221018,0,0,0,0,0,0,0,1,1,1
221019,0,0,0,0,0,0,0,0,1,0
221020,0,0,0,0,0,0,1,1,1,0
222001,0,1,0,0,0,1,1,1,1,0
222002,0,1,0,1,0,0,1,1,1,1
222003,0,1,0,1,0,0,1,1,1,0
222004,0,0,0,0,0,0,1,0,1,0
222005,0,1,0,0,0,0,0,0,1,0
222006,0,0,0,0,0,0,0,0,1,0
222007,0,0,0,0,0,0,1,0,1,0
222008,0,0,0,0,0,0,1,1,1,1
222009,0,0,0,0,0,0,0,0,1,0
222010,0,0,0,0,0,0,0,0,1,0
222011,0,0,0,0,1,1,1,1,1,1
222012,0,0,0,0,0,0,1,0,1,0
222013,0,0,0,0,0,0,1,0,1,0
222014,0,0,0,0,0,0,1,0,1,0
222015,0,0,0,0,0,0,1,0,1,0
222016,0,0,0,0,0,0,0,1,1,0
222017,0,0,0,0,0,0,1,1,1,0
222018,0,1,0,0,0,0,0,1,1,0
222019,0,1,0,0,0,0,0,0,1,0
222020,0,0,0,0,0,1,0,1,1,0
223001,0,0,0,0,0,0,0,0,1,0
223002,0,0,0,0,0,0,0,0,1,0
223003,0,0,0,1,0,0,0,0,1,0
223004,0,0,0,0,0,0,0,0,1,0
223005,0,0,0,1,0,0,0,1,1,0
223006,0,0,0,0,0,0,0,0,1,0
223007,0,0,0,0,0,0,0,0,1,0
223008,0,0,0,0,0,0,0,0,1,0
223009,0,0,0,0,0,0,0,1,1,0
223010,0,0,0,0,0,0,0,1,1,0
223011,0,0,0,0,0,0,0,1,1,0
223012,0,0,0,0,0,0,0,1,1,0
223013,0,0,0,0,0,0,0,0,1,0
223014,0,0,0,0,0,0,0,0,1,0
223015,0,0,0,0,0,0,0,1,1,0
223016,0,0,0,0,0,0,0,0,1,0
223017,0,0,0,0,0,0,0,0,1,0
223018,0,1,0,0,0,0,0,1,1,0
223019,0,0,0,0,0,0,0,0,1,0
223020,0,0,0,0,0,0,0,0,1,0
224001,0,0,0,0,0,0,0,1,1,0
224002,0,0,1,0,0,0,0,0,1,0
224003,0,0,0,1,0,0,1,1,1,1
224004,0,0,0,0,0,0,0,0,1,0
224005,0,0,0,0,0,0,0,0,1,0
224006,0,0,0,0,0,0,0,1,1,0
224007,0,0,0,0,0,0,0,1,1,1
224008,0,0,0,0,0,0,0,0,1,0
224009,0,0,0,1,0,0,0,0,1,0
224010,1,0,0,0,0,0,0,1,1,0
224011,0,0,0,0,0,0,0,0,1,0
224012,0,0,0,0,0,0,0,0,1,0
224013,0,0,0,0,0,0,0,1,1,0
224014,0,0,0,0,0,0,1,0,1,0
224015,0,0,0,0,0,0,0,1,1,0
224016,0,,0,0,0,0,0,0,1,0
224017,0,0,0,0,0,0,0,1,1,0
224018,0,1,0,0,0,0,0,0,1,0
224019,0,0,0,0,0,0,0,0,1,0
224020,0,0,0,0,0,0,0,1,1,0
225001,0,0,0,0,0,0,1,1,1,1
225002,0,0,0,0,0,0,0,0,1,0
225003,0,0,0,0,0,0,0,0,1,0
225004,0,0,0,0,1,0,1,1,1,1
225005,0,0,0,0,0,0,0,0,0,0
225006,0,0,0,0,0,0,0,0,1,0
225007,0,0,0,0,0,0,1,0,1,0
225008,0,0,0,0,0,0,1,0,1,0
225009,0,0,0,0,0,0,0,0,1,0
225010,0,1,0,0,0,0,0,0,1,0
225011,0,0,0,0,0,0,1,1,1,0
225013,0,0,0,0,0,0,1,0,1,0
225014,0,0,0,1,0,0,0,1,1,1
225015,0,0,0,0,0,0,1,0,1,0
225016,0,0,0,1,0,0,0,0,1,0
225017,0,0,0,0,0,0,0,0,1,0
225018,0,0,0,0,0,0,0,0,1,0
225019,0,0,0,0,0,0,1,1,1,0
225020,0,0,0,0,0,0,0,1,1,0
226001,0,0,0,0,0,0,1,0,1,0
226002,0,0,0,1,0,0,0,0,1,1
226003,1,0,0,0,0,0,0,0,1,0
226004,0,1,0,0,0,0,1,1,1,0
226005,0,0,0,1,0,0,0,0,1,0
226006,0,0,0,0,0,0,1,0,1,0
226007,0,0,0,0,0,0,0,1,1,0
226008,0,0,0,1,0,0,1,0,1,0
226009,0,0,0,0,0,0,0,0,1,0
226010,0,0,0,0,0,0,1,0,1,0
226011,0,0,0,0,0,0,1,0,1,0
226012,0,1,0,1,1,0,1,1,1,1
226013,0,0,0,1,0,0,1,1,1,1
226014,0,0,0,0,0,0,0,1,1,1
226015,0,0,0,1,0,0,0,1,1,1
226016,0,0,0,1,0,0,0,0,1,0
226017,0,0,0,1,0,0,0,1,1,0
226018,0,0,0,0,0,1,0,0,1,0
226019,0,0,0,0,0,0,1,0,1,0
226020,0,0,0,0,0,0,0,1,1,0
227001,0,1,0,0,0,0,0,0,1,0
227002,0,0,0,0,0,0,0,0,1,0
227003,0,0,0,0,0,0,0,1,1,0
227004,0,0,0,0,0,0,0,0,1,0
227005,0,1,0,0,0,0,0,0,1,0
227006,0,1,0,0,0,0,0,0,1,0
227007,0,0,0,0,0,0,0,0,1,0
227008,0,0,0,0,0,0,0,1,1,0
227009,0,0,0,0,0,0,0,0,1,0
227010,0,0,0,0,0,0,1,0,1,0
227011,0,0,0,0,0,0,0,1,1,1
227012,0,0,0,0,0,0,0,0,1,0
227013,0,0,1,1,0,0,0,1,1,0
227014,0,0,0,0,0,0,0,1,1,0
227015,0,1,0,1,0,0,1,1,1,0
227016,0,1,1,0,0,0,0,0,1,0
227017,0,0,0,0,0,0,0,0,1,0
227018,0,0,0,0,0,0,0,0,1,0
227019,0,1,0,0,0,0,0,1,1,0
227020,0,0,1,1,1,0,1,1,1,1
228001,0,0,0,0,0,0,0,0,1,0
228002,0,0,1,0,0,0,0,1,1,1
228003,0,0,0,0,0,0,1,0,1,0
228004,0,1,0,1,0,0,1,1,1,1
228005,0,1,0,0,0,0,1,1,1,0
228006,0,0,0,1,1,0,0,1,1,1
228007,0,0,0,0,0,0,1,1,1,0
228008,0,0,0,0,0,0,1,1,1,0
228009,0,0,0,0,0,0,0,1,1,0
228010,0,0,0,0,0,0,1,1,1,0
228011,1,1,0,0,0,0,0,0,1,0
228012,0,0,0,0,0,0,0,0,1,0
228013,0,1,1,0,0,0,0,1,1,0
228014,0,0,0,0,0,0,1,1,1,0
228015,0,0,0,0,0,0,0,1,1,1
228016,0,0,0,0,0,0,1,0,1,0
228017,0,1,0,1,0,0,1,1,1,0
228018,0,0,1,0,0,0,0,0,1,0
228019,0,0,0,0,0,0,0,0,1,0
228020,0,0,0,0,0,0,0,0,1,0
229001,0,0,0,0,0,0,0,1,1,0
229002,0,0,0,0,0,0,0,1,1,0
229003,0,0,0,0,0,0,0,1,1,0
229004,0,0,0,0,0,0,0,1,1,0
229005,0,0,0,0,0,0,0,0,1,0
229006,0,0,0,0,0,0,0,1,1,0
229007,0,0,0,0,0,0,0,0,1,0
229008,0,0,0,0,0,0,0,0,1,0
229009,0,1,0,0,0,0,0,1,1,0
229010,0,0,0,0,0,0,0,1,1,0
229011,1,0,0,0,0,0,0,0,1,0
229012,0,0,0,0,0,0,0,1,1,0
229013,0,0,0,0,0,0,0,0,1,0
229014,0,0,0,0,0,0,0,0,1,0
229015,0,0,0,0,0,0,0,0,1,0
229016,0,1,0,0,0,0,0,0,1,0
229017,0,0,0,0,0,0,0,0,1,0
229018,0,0,0,0,0,0,0,0,1,1
229019,0,0,0,1,0,0,0,1,1,0
229020,0,0,0,0,0,1,0,1,1,1
230001,0,0,0,0,0,0,0,0,0,0
230002,0,0,0,0,0,0,0,0,1,0
230003,0,0,0,0,0,0,0,0,1,0
230004,0,0,0,0,0,0,0,1,1,0
230005,0,0,0,0,0,0,0,0,1,0
230006,0,0,0,0,0,0,0,0,1,0
230007,0,0,0,0,0,0,0,1,1,0
230008,0,0,0,0,0,0,0,0,1,0
230009,0,0,0,0,0,0,0,0,1,0
230010,0,0,0,0,0,0,0,0,0,0
230011,0,0,0,0,0,0,0,0,1,0
230012,0,0,0,0,0,0,0,0,1,0
230013,0,0,0,0,0,0,0,1,1,0
230014,0,1,0,0,0,0,0,0,1,0
230015,1,0,0,0,0,0,1,0,1,0
230016,0,0,0,0,0,0,0,0,1,0
230017,0,0,0,0,0,0,0,1,1,0
230018,0,0,0,0,0,0,0,0,1,1
230019,0,0,0,0,0,0,0,1,1,0
231001,0,0,0,0,0,0,0,0,1,0
231002,1,1,0,0,0,0,0,0,1,0
231003,0,0,0,0,0,0,0,0,1,0
231004,0,0,0,0,0,0,0,1,1,0
231005,0,0,0,0,0,0,0,0,1,0
231006,0,0,0,0,0,0,0,0,1,0
231007,0,0,0,0,0,0,0,0,1,0
231008,0,0,0,0,0,0,0,0,1,0
231010,0,0,0,0,0,0,0,1,1,0
231011,0,1,0,0,0,0,0,1,1,1
231012,1,0,0,0,0,0,0,1,1,0
231013,1,0,0,0,0,0,0,0,1,0
231014,0,0,0,1,0,1,0,0,1,0
231015,0,0,0,0,0,0,0,0,1,0
231016,0,0,0,0,0,0,1,0,0,0
231017,0,0,0,0,0,0,0,0,1,0
231018,0,0,0,0,0,0,0,0,1,0
231019,0,0,0,0,0,0,0,0,1,0
231020,0,1,0,0,0,0,0,0,1,0
232001,0,1,0,0,0,0,0,0,1,0
232002,0,0,0,1,1,0,1,1,1,1
232003,0,0,0,0,0,0,1,0,1,0
232004,0,0,1,0,0,0,1,1,1,0
232005,0,1,0,0,0,0,0,0,1,0
232006,0,0,0,1,0,0,0,0,1,0
232007,0,0,0,1,0,0,1,1,1,0
232008,0,1,0,0,0,0,1,1,1,0
232009,0,1,0,0,0,0,1,0,1,0
232010,1,0,0,1,0,0,1,1,1,1
232011,0,0,0,0,0,0,0,1,1,0
232012,1,1,0,1,0,0,1,1,1,1
232013,0,0,0,0,0,0,0,0,1,0
232014,0,0,0,1,0,0,1,1,1,1
232016,0,0,0,0,0,0,1,0,1,0
232017,0,0,0,1,0,0,0,1,1,0
232018,0,0,0,1,0,0,1,1,1,1
232019,0,0,0,1,0,0,0,1,1,0
232020,0,0,0,1,1,0,0,1,1,1
233001,0,1,0,1,0,1,1,1,1,0
233002,0,0,0,0,0,0,0,0,1,0
233003,0,0,0,0,0,1,1,0,1,0
233004,0,1,0,1,0,0,0,1,1,0
233005,0,0,0,0,0,0,0,0,1,0
233006,0,0,1,0,0,1,1,1,1,0
233007,0,1,0,0,0,0,0,1,1,0
233008,0,0,1,0,0,1,0,1,1,0
233009,0,1,0,0,0,1,1,1,1,0
233010,0,1,0,0,1,1,1,1,1,0
233013,0,0,1,1,0,1,1,1,1,0
233014,0,1,0,0,0,0,0,0,1,0
233015,0,1,1,1,1,1,1,1,1,0
233016,0,1,0,0,0,0,1,1,1,0
233017,0,1,0,0,0,1,0,1,1,0
233018,0,1,1,0,1,1,0,1,1,0
233019,0,1,0,0,0,0,0,0,1,0
233020,0,1,0,0,0,0,0,0,1,0
234001,0,1,0,0,0,0,0,0,1,0
234002,0,1,0,0,0,0,0,0,1,0
234003,0,0,0,0,0,0,0,0,1,0
234004,0,0,0,0,0,0,0,0,1,0
234005,0,0,0,0,0,0,0,0,1,0
234006,0,0,0,0,0,0,0,0,1,0
234007,0,1,0,0,0,0,1,1,1,0
234008,0,0,0,1,0,0,0,0,1,0
234009,0,0,0,0,0,0,0,1,1,0
234010,0,0,0,0,0,0,0,0,1,0
234011,0,0,0,0,0,0,1,0,1,0
234012,0,0,0,0,0,0,0,0,0,0
234013,0,0,0,0,0,0,0,1,1,0
234014,0,0,0,0,0,0,0,1,1,0
234015,0,0,0,0,0,0,0,0,1,0
234016,0,0,0,1,0,0,0,0,1,0
234017,0,0,0,0,0,0,1,0,1,0
234018,0,0,0,1,0,0,0,0,1,0
234019,0,0,0,1,0,0,0,0,1,0
234020,0,0,0,0,0,0,1,1,1,0
235001,0,1,0,1,1,1,1,1,1,1
235002,0,0,1,1,1,1,1,1,1,0
235003,0,1,1,1,0,0,1,1,1,0
235004,0,1,1,0,0,0,0,0,1,0
235005,0,0,0,1,1,1,1,1,1,0
235006,0,1,1,0,1,0,1,1,1,1
235007,0,0,0,0,0,0,0,0,1,0
235008,0,0,0,1,0,0,0,1,1,0
235009,0,0,0,0,0,0,0,0,1,0
235010,0,1,1,1,0,0,1,0,1,0
235012,0,1,0,1,0,0,0,0,1,0
235013,0,1,0,0,0,0,0,0,1,0
235014,0,1,0,1,0,1,0,0,1,0
235015,0,0,1,0,0,0,1,1,1,0
235016,0,0,0,0,0,0,0,1,1,0
235017,0,0,0,0,0,0,0,0,1,0
235018,0,0,1,0,0,0,0,0,1,0
235019,0,0,0,0,0,0,0,1,1,0
235020,0,1,0,0,0,0,1,0,1,0
236001,0,0,0,0,0,0,0,0,0,0
236002,0,0,0,0,0,0,0,0,0,0
236003,0,0,0,0,0,0,0,0,1,0
236004,0,0,0,0,0,0,0,0,1,0
236005,0,0,0,0,0,0,0,0,1,0
236006,1,0,0,0,0,0,1,1,1,0
236007,0,0,0,0,0,0,1,1,1,0
236008,0,1,0,0,0,0,1,1,1,0
236009,0,0,0,1,0,0,0,1,1,0
236011,0,0,0,0,0,0,0,0,1,0
236012,0,1,0,1,1,0,1,1,1,1
236013,0,0,0,0,0,0,1,0,1,0
236014,0,1,0,0,0,0,0,0,1,0
236015,0,0,0,1,0,0,1,1,1,1
236017,1,0,0,0,0,0,1,1,1,0
236018,0,0,0,0,0,0,0,0,1,0
236019,0,0,0,0,0,0,0,0,1,0
236020,0,1,0,0,0,0,0,0,0,0
237001,0,0,0,0,0,0,0,0,1,0
237002,0,0,0,0,0,0,0,0,1,0
237003,0,0,0,0,0,0,0,0,1,0
237004,0,0,0,0,0,0,0,0,1,0
237005,0,1,0,0,0,0,0,0,1,0
237006,0,0,0,0,0,0,0,0,1,0
237007,0,0,0,0,0,0,0,0,1,0
237008,0,0,0,0,0,0,0,0,1,0
237009,0,0,0,0,0,0,0,0,1,0
237011,0,0,0,0,0,0,0,0,1,0
237012,0,1,0,0,0,0,0,0,1,0
237013,0,0,0,0,0,0,0,0,1,0
237014,0,0,0,0,0,0,0,0,0,0
237015,0,0,0,0,0,0,0,1,1,0
237016,0,0,0,0,0,0,0,0,1,0
237017,0,0,0,0,0,0,0,0,1,0
237018,0,0,0,0,0,0,0,0,1,0
237019,0,0,0,0,0,0,0,0,1,0
237020,0,1,0,0,0,0,0,0,1,0
238001,0,0,0,1,0,0,0,1,1,0
238002,0,1,1,0,0,0,1,0,1,0
238003,0,0,0,0,0,0,1,0,1,0
238004,0,0,0,0,0,0,0,0,1,0
238005,0,0,0,0,0,0,0,1,1,0
238006,0,0,0,0,0,0,0,0,1,0
238007,0,0,0,0,0,0,0,0,1,0
238008,0,1,0,0,0,0,1,0,1,0
238009,0,0,0,0,0,0,0,0,1,0
238010,0,1,0,0,0,0,1,0,1,0
238011,0,0,0,0,0,0,0,0,1,0
238012,0,0,0,0,0,0,1,1,1,0
238013,0,0,0,0,0,0,0,0,1,0
238014,1,0,0,0,0,0,0,0,0,0
238015,0,0,0,0,0,0,1,1,1,0
238016,0,0,0,0,0,0,0,0,1,0
238017,0,0,0,0,0,0,0,0,1,0
238018,0,0,0,0,0,0,0,0,1,0
238019,0,1,0,1,0,0,0,0,1,0
238020,0,1,0,0,0,0,1,0,1,0
239001,0,0,0,0,0,0,0,0,0,0
239002,0,0,0,0,0,0,0,0,1,0
239003,0,0,0,0,0,0,0,0,0,0
239004,0,0,0,0,0,0,0,0,1,0
239005,0,0,0,0,0,0,0,0,1,0
239006,0,0,0,0,0,0,0,1,1,0
239007,0,0,0,0,0,0,0,0,1,0
239008,0,0,0,0,0,0,0,0,1,0
239009,0,0,0,0,0,0,0,0,1,0
239010,0,0,0,1,0,0,0,0,1,0
239011,0,0,0,0,0,0,0,0,1,0
239012,0,0,0,0,0,0,0,0,1,0
239013,0,0,0,1,0,0,0,1,1,0
239014,0,0,0,0,0,0,0,0,1,0
239015,0,0,0,0,0,0,0,0,1,0
239016,0,0,0,0,0,0,0,0,1,0
239017,0,0,0,0,0,0,0,1,1,0
239018,0,0,0,0,0,0,0,0,1,0
239019,0,0,0,0,0,0,0,0,1,0
239020,0,0,0,0,0,0,0,0,1,0
240001,0,1,0,0,0,0,0,0,1,0
240002,0,0,0,0,0,0,0,0,1,0
240003,0,1,0,0,0,0,1,0,1,0
240004,0,0,0,0,0,0,0,0,1,0
240005,0,0,1,0,0,0,1,0,1,0
240006,0,0,0,0,0,1,0,1,1,0
240007,0,0,0,0,0,0,0,1,1,0
240008,0,0,1,0,0,0,0,1,1,0
240009,0,0,0,0,0,0,0,1,1,0
240010,0,1,0,1,0,0,1,0,1,1
240011,0,1,0,0,0,0,0,0,1,0
240012,0,0,0,0,1,0,1,1,1,0
240013,0,0,0,0,0,0,0,1,1,1
240014,0,0,0,0,0,0,1,0,1,1
240015,0,0,0,0,0,0,0,1,1,0
240016,0,1,0,1,0,0,0,1,1,0
240017,0,0,0,0,0,0,1,1,1,0
240018,1,0,0,0,0,0,0,0,1,1
240019,0,0,0,0,0,0,1,1,1,0
240020,0,0,0,0,0,0,0,0,1,0
241001,0,0,0,0,0,0,0,0,1,0
241002,1,1,1,0,0,0,0,0,1,0
241003,0,0,0,0,0,0,0,0,1,0
241004,0,0,0,1,0,0,0,0,1,0
241005,0,0,0,0,0,0,0,0,1,0
241006,0,0,0,0,0,0,0,0,1,0
241007,0,0,0,1,0,0,0,1,1,1
241008,0,0,1,0,0,0,0,1,1,0
241009,0,0,0,1,1,0,1,0,1,0
241010,0,0,0,0,0,0,0,1,1,0
241011,0,1,0,0,0,0,0,1,1,0
241012,0,1,0,0,0,0,0,0,1,0
241013,0,0,0,0,0,0,0,0,1,0
241014,0,0,0,0,0,0,0,0,1,0
241015,0,1,0,0,0,0,0,0,1,0
241016,0,0,0,0,0,0,0,0,1,0
241017,0,1,0,0,0,0,0,0,1,0
241018,0,0,0,1,0,0,0,0,1,0
241019,0,0,0,0,0,0,0,0,1,0
241020,0,0,0,0,0,0,0,0,1,0
242001,0,0,0,0,0,0,0,0,1,0
242002,0,0,0,0,0,0,0,0,1,0
242003,0,0,0,0,0,0,1,0,1,0
242004,0,0,0,0,0,0,0,0,1,0
242005,0,0,0,0,0,0,0,0,1,0
242006,0,0,0,0,0,0,1,1,1,0
242007,0,0,0,0,0,0,0,0,1,0
242008,0,0,0,1,0,0,0,0,1,0
242009,0,0,0,1,0,1,1,0,1,0
242010,0,1,0,0,0,1,1,0,1,0
242011,0,0,0,0,0,0,0,0,1,0
242012,0,0,1,1,0,0,0,0,1,0
242013,1,0,0,0,0,1,1,0,1,0
242014,0,0,0,1,0,1,1,1,1,0
242015,0,0,0,0,0,0,0,0,1,0
242016,0,0,1,0,1,1,1,0,1,1
242017,0,0,1,0,0,1,0,0,1,0
242018,0,0,0,0,0,0,0,0,1,0
242019,0,0,0,0,0,0,0,0,1,0
242020,0,0,0,0,0,0,0,0,1,0
243001,0,0,0,0,0,0,1,0,1,0
243002,0,0,0,0,0,0,0,0,1,0
243003,0,0,0,0,0,0,0,0,1,0
243004,0,0,0,0,0,0,0,0,1,0
243005,0,0,0,0,0,0,0,0,1,0
243006,0,0,0,0,0,0,0,0,1,0
243007,0,0,0,1,0,0,0,1,1,1
243008,0,0,0,1,0,0,0,1,1,1
243009,0,0,0,0,0,0,0,1,1,1
243010,0,0,0,0,1,0,1,1,1,1
243011,0,0,0,0,0,0,0,0,1,0
243012,0,0,0,0,0,0,0,0,1,0
243013,0,0,0,0,0,0,0,0,1,0
243014,0,0,1,0,0,0,0,1,1,0
243015,0,0,0,0,0,0,0,0,1,0
243016,0,0,0,0,0,0,0,0,1,0
243017,0,0,0,0,0,0,0,0,1,0
243018,0,0,0,0,0,0,0,1,1,0
243019,0,1,0,0,0,0,0,0,1,0
243020,0,0,0,0,0,0,0,0,1,0
244001,0,0,0,0,1,0,1,0,1,0
244002,1,0,0,1,1,1,1,1,1,0
244003,0,0,0,1,0,1,1,1,1,0
244004,0,0,0,1,0,0,0,1,1,1
244005,0,0,1,1,1,1,1,1,1,1
244006,0,0,0,0,0,0,0,1,1,0
244007,0,0,0,1,0,0,0,1,1,1
244008,0,0,0,1,1,0,1,1,1,0
244009,0,0,0,0,0,0,1,0,1,0
244010,0,0,0,0,0,0,0,1,1,1
244011,0,1,0,1,0,0,1,1,1,1
244012,0,0,0,1,1,0,1,1,1,1
244013,0,1,0,1,1,1,1,1,1,1
244014,0,0,0,0,1,1,0,1,1,1
244015,0,1,0,1,1,1,1,1,1,1
244016,0,0,0,0,0,0,1,1,1,0
244017,0,0,0,1,0,0,1,1,1,0
244018,0,0,0,0,0,0,0,0,1,0
244019,0,0,0,1,1,0,1,1,1,1
244020,0,0,0,1,1,0,1,1,1,1
245001,0,0,0,1,1,0,0,1,1,0
245002,0,0,0,1,1,0,0,1,1,1
245003,0,0,0,0,0,0,0,1,1,1
245004,0,0,0,1,0,0,0,1,1,0
245005,0,0,0,0,0,0,0,1,1,0
245006,0,0,0,1,0,0,1,1,1,0
245007,1,0,0,1,1,0,0,1,1,1
245008,0,0,0,0,0,0,0,1,1,0
245009,0,0,0,0,1,0,0,1,1,1
245010,0,1,0,0,1,0,0,0,1,0
245011,1,0,0,1,0,0,0,1,1,1
245012,0,0,0,1,0,0,0,0,1,0
245013,0,1,0,1,0,0,0,1,1,0
245014,0,1,0,0,0,0,0,1,1,0
245015,1,0,0,0,0,0,0,1,1,0
245016,0,1,0,0,0,0,0,1,1,0
245017,0,1,0,1,0,0,0,1,1,1
245018,0,1,1,0,0,1,1,1,1,0
245019,0,0,0,1,1,1,1,1,1,1
245020,1,1,1,1,0,1,1,1,1,0
246001,0,0,0,0,0,1,0,0,1,0
246002,0,1,0,1,0,1,0,0,1,0
246003,0,0,0,1,1,1,0,1,1,1
246004,0,0,0,1,0,1,0,1,1,1
246005,0,0,0,1,0,1,1,1,1,0
246006,0,1,0,0,0,1,0,0,1,0
246007,0,,0,0,0,1,0,0,1,0
246008,0,0,1,0,0,1,0,0,1,1
246009,0,0,0,1,0,1,0,0,1,1
246010,0,0,0,0,0,1,0,0,1,0
246011,0,0,0,0,0,1,0,0,1,0
246012,0,0,0,1,0,1,0,0,1,0
246013,0,1,0,0,0,1,0,0,1,0
246014,0,1,0,0,0,1,0,0,1,0
246015,0,0,0,0,0,1,0,0,1,0
246016,0,0,0,1,0,1,0,1,1,1
246017,0,0,0,1,0,1,0,0,1,0
246018,0,0,0,1,0,1,0,0,1,0
246019,0,0,0,1,0,1,0,0,1,1
246020,0,1,0,0,0,1,1,1,1,1
247001,0,0,0,1,0,0,1,1,1,0
247002,0,0,0,0,0,0,1,0,1,0
247003,0,1,0,0,0,0,1,1,1,0
247004,0,0,0,0,0,0,1,1,1,1
247005,0,0,0,0,0,1,0,1,1,0
247006,0,1,0,0,0,1,0,0,1,0
247007,0,0,0,0,0,0,1,0,1,0
247008,0,0,0,1,0,0,1,1,1,0
247009,0,0,0,0,0,0,0,0,1,0
247010,0,0,0,0,0,0,0,0,1,0
247011,0,0,0,0,0,0,1,1,1,0
247012,0,0,0,0,0,0,0,0,1,0
247013,0,1,0,1,0,1,0,1,1,1
247014,0,1,0,0,0,0,0,1,1,0
247015,0,1,0,0,0,0,1,1,1,1
247016,0,0,0,0,0,0,0,1,1,0
247017,0,1,0,1,1,1,0,1,1,1
247018,0,1,0,0,0,1,0,0,1,0
247019,0,0,0,0,0,1,1,1,1,0
247020,0,0,0,0,0,0,0,1,1,0
248001,0,1,0,1,1,0,1,1,1,0
248002,0,0,0,1,1,0,1,1,1,1
248003,0,1,0,0,0,0,0,1,1,1
248004,0,0,0,1,1,0,1,1,1,0
248005,0,0,1,1,0,0,0,1,1,1
248006,0,0,0,1,0,0,0,0,1,1
248007,0,0,0,0,0,0,1,0,1,0
248008,0,0,0,1,0,0,1,1,1,1
248009,0,0,0,0,0,0,0,0,1,0
248010,0,0,0,1,1,0,0,0,1,1
248011,0,1,0,1,1,0,1,1,1,1
248012,0,1,1,1,1,0,0,1,1,0
248013,0,0,0,1,1,0,1,0,1,1
248014,1,1,0,1,1,0,1,1,1,1
248015,0,0,0,1,0,0,0,1,1,1
248016,0,1,0,0,0,0,1,0,1,0
248017,0,0,0,0,0,0,1,0,1,0
248018,0,0,0,0,0,0,0,0,1,0
248019,0,0,0,1,0,0,1,0,1,0
248020,0,0,0,0,0,0,0,0,1,0
249001,0,0,0,1,0,1,1,1,1,0
249002,0,0,0,1,0,1,1,1,0,1
249003,0,1,1,1,1,1,1,1,1,1
249004,0,1,0,1,1,1,1,1,1,1
249005,0,1,0,1,0,1,1,1,1,1
249006,1,1,1,1,1,1,1,1,1,1
249007,0,1,0,1,0,1,1,1,1,1
249008,0,1,0,0,1,1,1,1,1,0
249009,0,1,1,1,1,1,1,1,1,0
249010,0,0,0,1,0,1,1,1,1,1
249011,0,1,0,0,1,1,1,1,1,0
249012,0,0,0,1,0,1,1,1,1,0
249013,0,0,0,1,1,1,1,1,1,1
249014,0,1,1,1,0,1,1,1,1,1
249015,0,1,0,0,0,1,1,1,1,0
249016,0,1,0,0,1,1,1,1,1,0
249017,0,0,0,1,1,1,1,1,1,1
249018,0,1,1,1,1,1,1,1,1,0
249020,0,0,0,0,0,1,1,1,1,0
250001,0,1,0,1,0,1,1,1,1,0
250002,0,0,0,1,1,1,1,1,1,1
250003,0,0,1,1,0,1,1,1,1,1
250004,0,1,1,1,0,1,1,1,1,0
250005,0,0,1,1,0,1,1,1,1,0
250007,0,1,1,1,1,1,1,1,1,1
250008,0,1,1,1,1,1,1,1,1,1
250009,0,0,1,1,0,1,1,1,1,1
250010,0,1,1,1,0,1,1,1,1,0
250011,0,1,0,1,1,1,1,1,1,1
250012,0,1,1,1,0,1,1,1,1,0
250013,0,1,1,1,1,1,1,1,1,1
250014,0,1,1,1,0,1,1,1,1,1
250015,0,1,1,1,0,1,1,1,1,0
250016,1,1,0,0,1,1,1,1,1,0
250017,0,0,1,1,1,1,1,1,1,1
250018,0,0,1,0,0,1,1,1,1,1
250019,0,0,1,1,1,1,1,1,1,0
250020,0,0,0,1,0,1,1,1,1,0
251001,0,0,0,0,0,0,0,0,1,0
251002,0,0,0,0,0,0,0,0,0,0
251003,0,0,0,0,0,0,0,0,1,0
251004,0,0,0,0,0,0,0,0,1,0
251005,0,1,0,0,0,0,0,0,1,0
251006,0,0,0,1,0,0,0,0,1,0
251007,0,0,0,0,0,0,0,0,0,0
251008,0,0,0,0,0,0,0,0,1,0
251009,0,0,0,0,0,0,0,0,1,0
251010,0,1,0,0,0,0,0,1,1,0
251011,0,0,0,0,0,0,1,0,1,0
251012,0,0,0,0,0,0,0,0,1,0
251013,0,0,0,1,0,0,0,0,1,0
251014,0,0,0,0,0,0,0,1,0,0
251015,0,0,1,0,0,0,0,0,1,0
251016,0,1,0,0,0,1,0,0,1,0
251017,0,0,0,0,0,0,0,0,1,0
251018,0,0,0,0,0,0,0,0,1,0
251019,0,0,0,0,0,0,1,0,1,0
251020,1,0,0,0,0,0,0,0,1,0
252001,0,0,0,0,0,0,0,0,1,1
252002,0,0,0,0,0,0,0,1,1,1
252003,0,0,0,1,0,0,0,0,1,0
252004,0,0,0,0,0,0,0,0,1,0
252005,0,0,0,0,0,0,0,0,0,0
252006,0,0,0,0,0,0,0,0,1,0
252007,0,0,0,1,0,0,0,1,1,1
252008,0,0,0,0,0,0,0,0,1,0
252009,0,0,0,1,0,0,1,1,1,1
252010,0,0,0,1,0,0,0,1,1,0
252011,0,0,0,1,0,0,0,0,1,0
252012,0,0,0,0,0,0,0,0,1,0
252013,0,0,0,1,0,0,0,0,1,0
252014,0,0,0,1,0,0,0,1,1,1
252015,0,0,0,0,1,0,1,1,1,0
252016,0,0,0,0,0,0,1,1,1,0
252017,0,0,0,1,0,0,0,1,1,1
252018,0,1,0,0,0,0,0,1,1,0
252019,0,0,0,0,0,0,0,0,1,0
252020,0,0,0,0,1,0,0,1,1,1
253001,0,1,0,0,0,1,0,0,1,0
253002,0,0,0,1,0,0,1,1,1,1
253003,0,0,0,1,0,0,0,0,1,0
253004,0,0,0,0,0,0,0,0,1,0
253005,0,0,0,0,0,0,0,1,1,0
253006,0,0,0,0,0,0,1,0,1,0
253007,0,1,0,0,0,0,1,0,1,0
253008,0,0,0,0,0,0,1,0,1,0
253010,0,0,0,0,0,0,1,0,1,0
253011,0,1,0,0,0,0,0,0,1,0
253012,0,0,0,0,0,0,1,0,1,0
253013,0,1,0,1,0,0,1,1,1,1
253014,0,0,0,0,0,0,1,1,1,1
253015,0,1,0,0,0,0,1,1,1,0
253016,0,0,0,0,0,0,0,0,1,0
253017,0,0,0,0,0,0,1,0,1,0
253018,0,0,0,1,0,0,0,0,1,0
253019,0,0,0,1,0,0,0,0,1,1
253020,0,0,0,1,0,1,1,1,1,1
254001,0,1,0,0,0,0,0,0,1,0
254002,0,0,0,0,0,0,0,0,1,0
254003,0,0,0,0,0,0,0,0,1,0
254004,0,0,0,0,0,0,0,0,1,0
254005,0,0,0,0,0,0,0,0,1,0
254006,0,0,0,0,0,0,0,1,1,0
254007,0,0,1,0,0,1,0,1,1,0
254008,0,0,0,0,1,1,0,1,1,1
254009,0,1,0,0,0,0,0,1,1,1
254010,0,0,0,1,0,0,1,0,1,0
254011,0,0,0,0,0,0,1,1,1,1
254012,0,1,0,0,0,0,0,0,1,0
254013,0,0,0,0,0,0,0,0,1,0
254014,0,0,0,0,0,1,0,0,1,1
254015,0,1,0,0,0,0,0,0,1,0
254016,0,0,0,1,0,0,0,1,1,1
254017,0,0,0,0,1,0,0,1,1,0
254018,0,0,0,0,0,0,0,1,1,0
254019,0,0,0,0,0,0,0,0,0,0
254020,0,1,0,0,0,0,0,0,1,0
255001,0,1,0,0,1,0,0,1,1,1
255002,0,0,1,1,1,0,1,1,1,1
255003,0,0,0,0,1,0,0,1,1,1
255004,0,1,1,0,1,0,0,1,1,1
255005,0,0,0,1,1,0,0,1,1,1
255006,0,0,0,0,0,0,0,1,1,0
255007,0,0,0,0,0,0,0,1,1,0
255009,0,0,0,1,1,0,0,1,1,1
255010,0,0,1,1,1,0,1,1,1,0
255011,0,0,0,1,1,0,0,1,1,1
255012,0,0,0,1,0,0,0,1,1,1
255013,0,0,0,0,0,0,0,1,1,1
255014,0,0,1,0,0,0,0,1,1,0
255015,0,1,0,0,0,0,0,0,1,0
255016,0,0,0,1,0,0,0,1,1,0
255017,0,1,1,0,0,0,0,1,1,0
255018,0,1,0,1,0,0,0,1,1,1
255019,0,0,0,1,0,0,0,1,1,1
255020,0,0,0,0,0,0,0,1,1,0
256001,0,0,0,1,0,0,1,1,1,1
256002,0,0,0,0,0,0,1,1,1,0
256003,1,0,0,1,0,0,1,1,1,0
256004,0,0,0,1,0,0,1,1,1,0
256005,0,0,0,1,0,0,1,1,1,1
256006,0,0,0,1,0,0,0,0,1,1
256007,0,1,0,0,0,0,1,0,1,0
256008,0,1,0,1,0,0,1,1,1,1
256009,0,0,0,0,0,0,1,0,1,1
256010,0,0,0,1,0,0,0,0,0,0
256011,0,1,0,1,0,0,1,1,1,0
256012,0,0,0,0,0,0,1,0,1,0
256013,0,0,0,0,0,0,1,0,1,0
256014,0,0,0,1,0,0,1,1,1,1
256015,1,1,0,0,0,0,1,0,1,0
256016,0,0,0,1,0,0,1,1,1,1
256017,0,0,0,1,0,0,1,0,1,0
256018,0,1,0,0,0,0,1,1,1,0
256019,0,0,0,0,0,0,1,0,1,1
256020,0,0,0,0,0,0,1,0,1,1
257001,0,0,0,0,0,0,0,1,1,0
257002,0,1,0,0,1,0,0,1,1,1
257003,0,0,0,0,0,0,1,0,1,1
257004,0,0,0,0,0,0,0,1,1,0
257005,0,0,0,0,0,0,1,1,1,1
257006,0,0,0,1,1,0,0,1,1,1
257007,0,1,0,1,1,0,0,1,1,1
257008,0,0,0,0,0,0,0,1,1,1
257009,0,1,0,1,1,0,0,1,1,1
257010,0,0,0,0,0,0,0,1,1,0
257011,0,0,0,0,0,0,0,0,1,1
257012,0,1,0,1,0,0,0,1,1,0
257013,0,0,0,0,0,0,0,1,1,0
257014,0,0,0,1,0,0,0,1,1,0
257015,0,0,1,1,0,0,1,1,1,0
257016,0,0,0,1,0,0,1,1,1,0
257017,1,1,0,1,0,0,1,1,1,0
257018,0,0,0,0,0,0,1,1,1,0
257019,0,0,0,1,0,0,1,1,1,1
257020,1,0,0,0,0,1,1,1,1,0
258001,0,1,0,1,0,1,1,0,1,0
258002,0,0,1,1,0,1,0,0,1,0
258003,0,0,0,1,0,1,1,1,1,0
258004,0,0,1,0,0,1,0,1,1,0
258005,0,0,0,1,0,1,0,0,0,0
258006,1,0,0,0,0,0,0,0,1,0
258007,0,0,0,0,0,1,1,0,1,0
258008,0,1,0,0,0,1,0,0,1,0
258009,0,0,1,1,0,1,1,0,1,0
258010,0,1,0,0,1,1,1,1,1,0
258011,0,0,0,1,0,1,0,0,1,0
258012,0,0,0,0,0,1,0,1,1,0
258013,0,1,0,1,0,1,1,1,1,1
258014,0,0,0,0,0,0,0,0,1,0
258015,0,0,0,0,1,1,1,1,1,0
258016,0,0,0,0,1,1,1,1,1,0
258017,1,1,0,1,1,1,1,1,1,1
258018,0,0,0,0,0,1,1,1,1,0
258019,0,0,0,0,0,1,1,0,1,0
258020,0,0,0,1,0,1,0,0,1,0
259001,0,0,0,0,0,1,1,1,1,1
259002,0,0,1,1,1,0,1,1,1,1
259003,0,0,0,0,0,1,0,0,1,0
259004,0,0,0,0,0,0,0,0,1,0
259005,0,0,0,0,0,1,1,1,1,1
259006,0,0,0,0,0,0,1,0,1,0
259007,0,0,1,0,0,1,1,1,1,1
259009,0,0,0,0,0,1,1,1,1,0
259010,0,0,0,1,0,1,1,0,0,0
259011,0,1,0,0,0,1,1,0,1,0
259012,0,0,1,1,0,0,0,1,1,0
259013,1,1,0,0,0,1,0,0,1,0
259014,0,1,1,1,0,0,1,1,1,0
259015,0,0,0,1,0,0,0,0,1,0
259016,0,1,0,0,0,0,1,1,1,0
259017,0,0,0,1,0,1,1,1,1,1
259018,0,0,0,1,0,1,0,0,1,0
259019,0,0,1,1,0,1,1,1,1,0
259020,0,0,0,1,0,0,1,1,1,0
260001,0,0,0,1,0,1,0,0,1,1
260002,0,0,0,0,0,0,0,0,1,0
260003,0,0,0,1,0,1,1,0,1,0
260004,0,0,0,1,0,1,0,0,1,0
260005,0,0,1,0,0,1,1,0,1,0
260006,0,0,0,0,0,1,0,0,1,0
260007,0,0,0,0,0,1,0,0,1,0
260008,0,0,0,0,0,1,0,0,1,0
260009,0,0,0,0,0,0,0,0,1,0
260010,0,1,0,0,0,1,0,0,1,0
260011,0,0,0,1,0,1,0,1,1,0
260012,0,0,0,1,0,1,1,0,1,1
260013,0,0,0,0,0,1,0,0,1,0
260014,,0,1,1,0,1,1,0,1,0
260015,0,0,0,0,0,1,0,0,1,0
260016,0,0,0,0,0,0,1,0,1,0
260017,0,0,0,0,0,0,1,0,1,0
260018,0,1,0,0,0,0,0,1,1,0
260019,0,0,0,0,0,1,0,0,1,0
260020,0,0,0,0,0,0,0,0,1,0
261001,0,0,0,0,0,1,0,0,1,0
261002,0,0,0,0,0,1,0,0,1,0
261003,0,0,0,0,0,1,0,0,1,0
261004,0,0,0,0,0,1,0,0,1,0
261005,0,0,0,0,0,1,0,0,1,0
261006,0,0,0,0,0,1,0,0,1,0
261007,0,0,0,0,0,1,0,0,1,0
261008,0,0,0,0,0,1,0,0,1,0
261009,0,0,0,0,0,1,0,0,1,0
261010,0,0,0,0,0,1,0,0,1,0
261011,0,0,0,0,0,1,0,0,1,0
261012,0,0,0,0,0,1,0,1,1,0
261013,0,0,0,1,0,1,0,0,1,0
261014,0,0,0,0,0,0,0,0,1,0
261015,0,0,0,0,0,0,0,0,1,0
261016,0,0,0,0,0,1,0,0,1,0
261017,0,0,0,0,0,1,0,0,1,0
261019,0,0,0,0,0,0,0,0,1,0
261020,0,0,0,0,0,0,0,0,1,0
262001,0,0,0,0,0,1,1,0,1,0
262002,0,0,1,0,0,1,1,0,1,0
262003,0,0,1,0,0,1,1,1,1,0
262004,0,0,0,0,0,1,1,0,1,1
262005,0,1,0,0,0,1,1,1,1,0
262006,0,0,0,1,0,1,1,1,1,1
262007,0,1,0,1,0,1,1,0,1,0
262008,0,0,0,0,0,1,1,1,1,0
262009,0,0,0,0,0,1,1,0,1,0
262010,0,0,0,1,0,1,1,0,1,1
262011,0,0,0,1,0,1,1,1,1,0
262012,0,0,0,1,1,1,1,1,1,1
262013,0,0,0,1,1,1,1,1,1,1
262014,0,0,0,1,0,1,1,0,1,0
262015,0,0,0,0,0,1,1,1,1,0
262016,0,0,0,1,0,1,1,1,1,1
262017,0,0,0,1,0,1,1,1,1,1
262018,0,0,0,0,0,1,1,1,1,0
262019,0,0,0,1,1,1,1,1,1,1
262020,0,0,1,1,0,1,1,1,1,1
263001,1,0,0,0,0,0,0,0,1,0
263002,0,1,0,0,0,0,0,1,1,0
263003,0,0,0,0,0,0,0,0,0,0
263004,0,0,0,0,0,0,0,0,1,0
263005,0,0,0,0,0,0,0,0,1,0
263006,0,0,0,0,0,0,0,0,1,0
263007,0,0,0,0,0,0,0,0,1,0
263008,0,0,0,0,0,0,0,0,1,0
263009,0,0,0,0,0,0,0,0,1,0
263010,0,0,0,0,0,0,0,0,1,0
263011,0,0,0,0,0,0,0,0,1,0
263012,0,1,0,0,0,0,0,0,1,0
263013,0,0,0,0,0,0,0,0,1,0
263014,0,0,0,0,0,0,0,0,1,0
263015,0,0,0,0,0,0,0,0,1,0
263016,0,0,0,0,0,0,0,0,1,0
263017,0,0,0,0,0,0,0,0,1,0
263018,0,0,0,0,0,0,0,0,1,0
263019,1,0,0,0,0,0,0,0,0,0
263020,0,0,0,0,0,0,0,0,1,0
264001,0,0,0,0,0,1,0,0,1,0
264002,0,1,0,0,0,0,0,0,1,0
264003,0,0,0,0,0,0,0,0,1,0
264004,0,0,0,0,0,1,0,0,1,0
264005,0,0,0,0,0,0,0,0,1,0
264006,0,1,1,0,0,1,0,0,1,0
264007,0,0,0,1,0,0,0,0,0,0
264008,0,0,0,0,0,0,0,1,1,0
264009,0,0,0,0,0,0,1,0,1,0
264010,0,0,0,0,0,0,0,1,1,0
264011,0,0,0,1,0,0,0,0,1,0
264012,0,1,0,1,0,1,1,1,1,0
264013,0,,0,0,1,1,1,1,1,0
264014,0,1,0,0,0,0,0,0,1,0
264015,1,1,0,0,0,1,1,1,1,0
264016,0,1,0,1,0,1,1,1,1,0
264017,0,0,1,1,0,1,0,0,1,0
264018,0,1,0,0,0,1,0,1,1,0
264019,0,0,0,0,0,0,0,0,1,0
264020,0,1,0,1,0,1,1,0,1,0
265001,0,0,0,0,0,0,0,0,1,0
265002,0,0,0,0,0,0,0,0,1,0
265003,0,0,0,0,0,0,0,0,1,0
265004,0,0,0,0,0,0,0,0,1,0
265005,0,0,0,0,0,0,0,0,1,0
265006,0,0,0,0,0,0,0,0,1,0
265007,0,0,0,0,0,0,0,0,1,0
265008,0,0,0,0,0,0,1,0,1,0
265009,0,0,0,0,0,0,1,0,1,0
265010,0,0,1,0,0,0,0,1,1,0
265011,0,1,0,0,0,0,0,0,1,0
265012,0,0,0,0,0,0,0,0,1,0
265013,0,0,0,0,0,0,0,0,1,0
265014,0,0,0,0,0,0,0,0,1,0
265015,0,0,0,0,0,0,0,0,1,0
265016,0,0,0,0,0,0,0,0,1,0
265017,0,0,0,0,0,0,0,0,1,0
265018,0,0,0,0,0,0,0,0,1,0
265019,0,0,0,0,0,0,0,0,1,0
265020,0,0,0,0,0,0,0,0,0,0
266001,0,0,0,0,0,0,0,0,1,0
266002,0,0,0,0,0,0,0,0,1,0
266003,0,0,0,0,0,0,0,0,1,0
266004,0,0,0,1,0,0,0,0,1,0
266005,0,0,0,0,0,0,0,0,1,0
266006,0,0,0,0,0,0,0,0,1,0
266007,0,0,0,0,0,0,0,0,1,0
266008,0,0,0,1,0,0,0,0,1,0
266009,0,0,0,0,0,0,0,0,1,0
266010,0,0,0,0,0,0,0,0,1,0
266011,0,0,0,0,0,0,0,0,1,0
266012,0,0,0,0,0,0,0,0,1,0
266013,0,0,0,0,0,0,0,0,1,0
266014,0,0,0,0,0,0,1,0,1,0
266015,0,0,0,0,0,0,0,0,1,0
266016,0,0,0,0,0,0,0,0,1,0
266017,0,0,0,0,0,0,0,0,1,0
266018,0,0,0,0,0,0,0,0,1,0
266019,0,0,0,0,0,0,0,0,1,0
266020,0,0,0,1,0,0,0,0,1,0
267001,0,0,0,0,0,0,0,0,0,0
267002,1,0,0,0,0,0,0,0,1,0
267003,0,0,0,0,0,0,0,0,0,0
267004,0,0,0,0,0,0,0,0,0,0
267005,0,0,0,1,0,0,0,0,0,0
267006,0,1,0,0,0,0,0,0,1,0
267007,0,0,0,0,0,0,0,0,1,0
267009,0,0,0,0,0,0,0,0,1,0
267010,0,0,0,0,0,0,0,0,0,0
267011,0,0,0,0,0,0,0,0,0,0
267012,0,0,0,0,0,0,0,0,1,0
267013,0,0,0,1,0,0,0,0,1,0
267014,0,0,0,0,0,0,0,1,1,0
267015,0,0,0,0,0,0,0,1,0,0
267016,0,0,0,0,0,0,0,0,1,0
267017,0,0,0,0,0,0,0,0,0,0
267018,0,0,0,0,0,0,0,0,0,0
267020,0,0,0,0,0,0,0,0,0,0
268001,0,0,0,0,0,1,1,0,1,0
268002,0,0,0,0,0,0,0,0,1,0
268003,0,1,0,1,0,0,1,0,1,0
268004,0,0,0,0,0,1,0,0,1,0
268005,0,0,0,0,0,1,0,0,1,0
268006,0,0,0,0,0,0,0,0,1,0
268007,0,0,0,1,0,0,0,0,0,0
268008,0,0,0,0,0,1,0,1,1,0
268009,0,0,0,1,0,1,0,1,1,0
268010,0,0,0,0,0,0,0,0,1,0
268011,0,0,0,0,0,0,0,0,1,0
268012,0,0,0,0,0,0,0,0,1,0
268013,0,0,0,1,0,0,0,1,1,0
268014,0,0,0,1,0,0,0,1,1,0
268015,0,0,0,0,0,1,0,1,1,0
268016,0,1,0,0,0,0,0,0,1,0
268017,0,0,0,0,0,1,0,1,1,0
268018,0,0,0,1,0,1,1,1,1,0
268019,0,0,0,0,0,0,0,0,1,0
268020,0,0,0,0,0,1,1,1,1,0
269001,0,0,0,0,0,0,0,0,1,0
269002,0,0,0,0,0,0,0,0,1,0
269003,0,0,0,0,0,0,0,0,1,0
269004,0,0,0,0,0,0,0,0,0,0
269005,0,0,0,0,0,0,0,0,0,0
269006,0,0,0,0,0,0,0,0,1,0
269007,0,0,0,0,0,0,0,0,0,0
269008,0,0,0,0,0,0,0,0,0,0
269009,0,,0,0,0,0,0,0,0,0
269010,0,0,1,0,0,0,0,0,0,0
269011,0,,0,0,0,0,0,0,1,0
269012,0,0,0,0,0,0,0,1,0,0
269013,0,,0,0,0,0,0,0,0,0
269014,0,0,0,0,0,0,0,0,1,0
269015,0,0,0,0,0,0,0,0,1,0
269016,0,1,0,0,0,0,0,1,0,0
269017,0,,0,0,0,0,0,0,1,0
269018,0,0,0,0,0,0,0,0,1,0
269019,0,0,0,0,0,0,0,0,0,0
269020,0,0,0,0,0,0,0,0,1,0
270001,0,0,0,0,0,0,0,0,0,0
270002,0,0,0,0,0,0,0,0,1,0
270003,0,0,0,0,0,0,0,0,1,0
270004,0,0,0,0,0,0,0,0,1,0
270005,0,0,0,0,0,0,0,0,0,0
270006,0,0,0,0,0,0,0,0,1,0
270007,0,0,0,0,0,0,0,0,1,0
270008,0,0,0,0,0,0,1,0,0,0
270009,0,0,0,0,0,0,0,0,1,0
270010,0,0,0,0,0,0,0,0,0,0
270011,0,0,0,0,0,0,0,1,1,0
270012,0,0,0,0,0,0,1,0,1,0
270013,0,0,0,0,0,0,0,0,1,0
270014,0,0,0,0,0,0,0,0,1,0
270015,0,0,0,0,0,0,0,0,1,0
270016,0,0,0,1,0,0,0,0,1,0
270017,0,0,0,0,0,0,0,0,1,0
270018,0,0,0,0,0,0,1,1,1,0
270019,0,0,0,0,0,0,0,0,1,0
270020,0,0,0,0,0,0,0,0,1,0
271001,0,0,0,0,0,0,0,0,1,0
271002,0,0,0,0,0,0,0,0,0,0
271003,0,0,0,0,0,0,0,0,0,0
271004,0,0,0,0,0,0,0,0,1,0
271005,0,0,0,0,0,0,0,0,1,0
271006,0,0,0,0,0,0,0,0,0,0
271007,0,1,0,0,0,0,0,0,1,0
271008,0,0,0,0,0,0,0,0,0,0
271009,0,0,0,0,0,0,0,0,1,0
271010,0,0,0,0,0,0,0,0,0,0
271011,0,0,0,0,0,0,0,1,1,0
271012,0,0,0,0,0,0,0,0,1,0
271013,0,0,0,0,0,0,0,0,1,0
271014,0,0,0,0,0,0,0,0,0,0
271015,0,0,0,0,0,0,0,0,1,0
271016,0,0,1,0,0,0,0,0,1,0
271017,0,0,0,0,0,0,0,0,1,0
271018,0,0,0,0,0,0,0,0,1,0
271019,0,0,0,0,0,0,0,0,0,0
271020,0,0,0,0,0,0,0,0,0,0
272001,0,0,0,0,0,0,0,0,1,0
272002,0,,0,0,0,0,1,1,1,0
272003,0,0,0,0,0,0,0,0,1,0
272004,0,0,0,0,0,0,1,0,1,0
272005,0,1,0,0,0,0,1,1,1,0
272006,0,0,0,0,0,0,0,0,1,0
272007,0,1,0,0,0,0,0,0,1,0
272008,1,0,0,1,0,0,1,0,1,0
272009,0,0,0,1,0,0,1,1,1,0
272010,0,1,1,0,0,0,0,0,1,0
272011,0,0,0,0,0,0,0,0,1,0
272012,0,0,0,1,0,0,1,1,1,0
272013,1,0,0,0,0,0,0,0,1,0
272014,0,0,0,0,0,0,1,0,1,0
272015,0,1,0,1,0,0,0,0,1,0
272016,0,0,0,0,0,0,0,0,1,0
272017,0,1,0,0,0,0,1,1,1,0
272018,0,0,0,1,1,0,1,1,1,1
272019,0,1,0,0,0,0,0,0,1,0
272020,0,0,0,0,0,0,0,0,1,0
273001,0,0,0,0,0,0,0,1,1,0
273002,0,0,0,0,0,0,0,0,1,0
273003,0,0,0,0,0,0,0,0,1,0
273004,0,0,0,1,0,0,1,1,0,1
273005,0,0,0,1,0,0,0,0,1,0
273006,0,1,0,0,0,0,0,0,1,0
273007,0,0,0,0,0,0,0,0,1,0
273008,0,0,0,0,0,0,0,0,1,0
273009,0,0,0,0,0,0,0,0,1,0
273011,0,0,0,1,0,0,1,0,1,0
273012,0,0,0,0,0,0,0,0,1,0
273013,0,0,0,0,0,0,0,0,1,0
273014,0,0,0,0,0,0,0,0,1,0
273015,0,1,0,0,0,0,0,0,1,0
273016,1,0,0,0,0,0,0,1,1,0
273017,0,0,0,0,0,0,0,0,1,0
273018,0,0,0,0,0,0,0,0,1,0
273019,0,0,0,1,0,0,1,1,1,0
273020,0,0,0,0,0,0,0,0,1,0
274001,0,0,0,0,0,1,0,0,1,0
274002,0,1,1,1,0,1,1,0,1,0
274003,0,0,0,1,0,1,0,0,1,0
274004,0,1,0,0,0,0,1,0,1,0
274005,0,1,0,1,0,1,1,1,1,0
274006,0,0,0,0,0,1,1,1,1,0
274007,0,1,1,1,0,0,1,1,1,0
274008,0,0,0,1,0,1,1,1,1,0
274009,1,0,1,1,0,1,1,1,1,0
274010,0,,0,1,1,0,1,1,1,1
274011,0,1,1,1,0,0,0,0,1,0
274012,0,0,0,1,0,1,1,1,1,1
274013,0,0,0,0,0,0,0,1,1,0
274014,0,1,0,0,0,1,1,0,1,0
274015,0,0,1,0,0,0,1,1,1,0
274016,0,,1,0,0,1,1,0,1,0
274017,0,0,1,1,0,0,1,0,1,0
274018,0,1,0,1,1,1,1,1,1,0
274020,0,1,0,1,0,1,0,1,1,0
275001,0,0,0,0,0,0,0,0,1,0
275002,0,0,0,0,0,0,0,1,0,0
275003,0,0,0,0,0,0,0,0,0,0
275004,0,1,0,0,0,0,0,0,1,0
275005,0,0,0,0,0,0,0,0,0,0
275006,0,0,0,0,0,0,0,0,1,0
275007,0,0,0,1,0,0,0,0,1,0
275008,0,0,0,0,0,0,0,0,1,0
275009,0,0,0,0,0,0,0,0,1,0
275010,0,0,0,0,0,0,0,0,0,0
275011,0,0,0,0,0,0,0,0,1,0
275012,0,0,0,0,0,0,0,0,0,0
275013,0,0,0,0,0,0,0,0,1,0
275014,0,,0,0,0,0,0,0,1,0
275015,0,0,0,0,0,0,0,0,1,0
275016,0,0,0,0,0,0,0,0,1,0
275017,0,0,0,0,0,0,0,0,0,0
275018,0,0,0,0,0,0,0,0,0,0
275019,0,0,0,0,0,0,0,0,1,0
275020,0,0,0,0,0,0,0,0,1,0
276001,0,0,0,0,0,0,0,0,1,0
276002,0,0,0,0,0,0,0,0,0,0
276004,0,0,0,0,0,0,0,0,0,0
276005,0,0,0,1,0,0,0,0,1,0
276006,0,0,0,0,0,0,0,0,0,0
276007,0,0,0,0,0,0,0,0,0,0
276008,0,0,0,1,0,0,0,0,0,0
276009,0,0,0,0,0,0,0,0,1,0
276010,0,,0,0,0,0,0,1,1,0
276011,0,0,0,0,0,0,0,0,1,0
276012,0,0,0,0,0,0,0,0,1,0
276013,0,0,0,0,0,0,1,0,1,0
276014,0,0,0,0,0,0,0,0,1,0
276015,0,0,0,0,0,0,0,0,1,0
276016,0,0,0,0,0,0,0,0,0,0
276017,0,0,0,0,0,0,0,0,1,0
276018,0,0,0,0,0,0,0,0,0,0
276019,0,0,0,0,0,0,0,0,1,0
276020,0,0,0,0,0,0,0,0,0,0
277001,0,0,0,0,0,0,1,0,0,0
277002,0,0,0,0,0,0,0,0,0,0
277003,0,0,1,0,0,0,0,0,0,0
277004,0,0,0,0,0,0,0,0,0,0
277005,0,0,0,0,0,0,0,0,0,0
277007,0,0,0,0,0,0,0,0,1,0
277008,0,0,0,0,0,0,0,0,0,0
277009,0,0,0,0,0,0,0,0,1,0
277011,0,0,0,0,0,0,0,0,1,0
277012,0,0,0,0,0,0,0,0,1,0
277013,0,0,0,0,0,0,0,0,1,0
277014,0,0,0,0,0,0,0,0,0,0
277015,0,0,0,0,0,0,0,0,0,0
277016,0,0,0,0,0,0,0,0,1,0
277017,0,0,0,0,0,0,0,0,1,0
277018,0,0,0,0,0,0,0,0,1,0
277019,0,1,0,0,0,0,0,0,0,0
277020,0,0,0,0,0,0,0,0,1,0
278001,,,0,0,0,0,1,0,1,0
278002,0,0,0,0,0,0,0,0,1,0
278003,0,0,0,1,0,0,0,0,1,1
278004,0,0,0,0,0,0,0,0,0,0
278006,0,0,0,0,0,0,0,0,0,0
278007,0,0,0,1,0,0,0,0,1,0
278008,0,0,0,0,0,0,0,0,1,0
278009,0,1,0,0,0,0,0,0,1,0
278010,0,0,0,0,0,0,1,0,0,0
278011,0,1,0,1,0,0,0,0,1,0
278012,0,0,0,1,0,0,0,0,1,1
278013,0,0,0,0,0,0,0,0,1,0
278014,0,0,0,0,0,0,0,0,1,0
278015,0,0,0,0,0,1,1,0,1,0
278016,0,1,1,0,0,0,1,1,1,0
278017,0,1,0,0,0,0,1,0,1,1
278018,0,0,0,1,0,1,0,0,1,1
278019,0,0,0,0,0,0,0,0,1,0
278020,0,0,0,0,0,0,0,1,1,0
279001,0,0,0,1,0,0,0,0,1,0
279002,0,0,0,0,0,0,0,0,0,0
279003,0,0,0,0,0,0,0,0,1,0
279004,0,0,0,0,0,0,0,0,1,0
279005,0,0,0,0,0,0,0,0,0,0
279006,0,0,0,0,0,0,0,0,1,0
279007,0,0,0,1,0,0,1,1,1,1
279008,0,0,0,0,0,0,0,1,1,0
279009,0,0,0,0,0,0,0,0,1,0
279010,0,0,0,0,0,0,0,0,1,0
279011,0,0,0,1,0,0,1,0,1,0
279012,0,1,0,0,0,0,0,0,1,0
279013,0,0,0,0,0,0,0,0,1,0
279014,0,0,0,0,0,0,0,0,1,0
279015,0,0,0,0,0,0,0,0,1,0
279016,0,0,0,0,0,0,0,0,1,0
279017,0,0,0,0,0,0,0,0,1,0
279018,0,0,0,0,0,0,0,0,1,0
279019,0,1,0,1,0,0,0,0,1,0
279020,0,1,0,0,0,0,0,0,1,0
280001,0,0,0,0,0,0,0,0,1,0
280002,0,0,0,0,0,0,0,0,1,0
280003,0,0,0,1,0,0,0,0,1,0
280004,0,0,0,0,0,0,0,0,0,0
280005,1,0,0,0,0,0,0,0,0,0
280006,0,0,0,0,0,0,0,0,1,0
280007,0,0,0,0,0,0,0,0,1,0
280008,0,0,0,0,0,0,0,0,1,0
280009,0,0,0,0,0,0,0,0,1,0
280010,0,0,0,0,0,0,0,0,0,0
280011,0,1,0,0,0,0,0,0,1,0
280012,0,1,0,0,0,0,0,0,0,0
280013,0,0,0,0,0,0,0,0,1,0
280014,0,0,0,0,0,0,0,0,0,0
280015,0,0,0,0,0,0,0,0,1,0
280016,0,0,0,0,0,0,0,0,1,0
280017,0,0,0,0,0,0,0,0,1,0
280018,0,0,0,0,0,0,0,0,1,0
280019,0,0,0,0,0,0,0,0,0,0
280020,0,1,0,1,0,0,0,0,1,0
281001,0,0,0,0,0,0,0,0,0,0
281002,0,0,0,0,0,0,0,0,0,0
281003,0,0,0,0,0,0,0,0,0,0
281004,0,0,0,0,0,0,0,0,0,0
281005,0,0,0,0,0,0,0,0,1,0
281006,0,0,0,0,0,0,0,0,1,0
281007,0,0,0,0,0,0,0,0,1,0
281008,0,1,0,0,0,0,0,0,1,0
281009,0,0,0,0,0,0,0,0,1,0
281010,0,0,0,0,0,0,0,0,1,0
281011,0,0,0,0,0,0,0,0,1,0
281012,0,0,0,0,0,0,0,0,1,0
281013,0,0,0,0,0,0,0,0,1,0
281014,0,0,0,0,0,0,0,0,1,0
281015,0,0,0,0,0,0,0,0,1,0
281016,0,0,0,0,0,0,0,0,1,0
281017,0,0,0,0,0,0,0,0,0,0
281018,0,0,0,0,0,0,0,0,1,0
281019,0,0,0,0,0,0,0,0,1,0
281020,0,0,0,0,0,0,0,0,1,0
282001,0,1,0,0,0,0,0,0,1,0
282002,0,0,0,0,0,0,1,0,1,0
282003,0,0,0,0,0,0,1,0,1,0
282004,0,1,1,1,0,0,1,0,1,0
282005,1,1,0,0,0,0,0,0,0,0
282006,0,1,1,0,0,0,1,0,1,0
282007,0,0,0,0,0,0,0,0,1,0
282008,0,0,1,0,0,1,0,0,1,0
282009,0,1,0,1,0,0,0,0,1,0
282010,0,1,0,1,0,1,0,1,1,0
282011,0,,0,1,0,0,1,1,1,0
282012,0,0,0,1,0,1,1,1,1,1
282013,0,1,0,0,0,0,0,0,1,0
282014,1,0,0,0,0,0,1,0,1,0
282015,0,1,0,0,0,1,0,0,1,0
282016,0,0,1,0,0,0,1,0,1,0
282017,0,1,0,0,0,0,0,0,1,0
282018,0,0,0,0,0,0,0,0,1,0
282019,0,1,0,0,0,0,0,1,1,0
282020,0,0,0,1,0,0,0,0,0,0
283002,0,1,0,0,0,0,1,0,1,0
283003,1,1,0,0,0,0,0,0,1,0
283004,0,1,0,1,0,0,0,0,0,0
283005,0,0,0,0,0,0,0,0,0,0
283006,0,0,0,0,0,0,1,1,1,1
283007,0,0,0,1,0,1,1,1,1,0
283008,0,1,0,0,0,0,0,0,1,0
283009,0,0,0,0,0,0,1,1,1,1
283010,0,0,0,0,0,0,0,1,1,0
283011,0,,0,0,0,0,1,1,1,1
283012,0,0,0,0,0,0,0,0,1,0
283013,1,0,0,0,0,0,0,0,0,0
283014,0,0,0,1,0,0,0,0,1,0
283015,0,1,0,0,0,0,0,0,0,0
283016,0,0,1,0,0,0,0,1,1,0
283017,0,0,0,1,0,0,0,0,1,0
283018,0,0,0,0,0,0,0,0,1,0
283019,0,0,0,1,0,0,0,0,1,0
283020,0,0,0,0,0,0,0,0,0,0
284001,0,0,0,1,0,0,0,0,1,0
284002,0,0,0,0,0,0,0,0,0,0
284003,0,0,0,0,0,0,0,0,1,0
284004,0,0,0,0,0,0,0,0,1,0
284005,0,1,0,0,0,0,0,0,1,0
284006,0,1,0,0,0,0,0,0,1,0
284007,0,0,0,0,0,0,0,0,1,0
284008,0,0,1,1,0,0,0,0,1,0
284009,0,0,0,1,0,0,0,1,1,0
284010,0,0,0,0,0,0,0,0,1,0
284011,0,0,0,0,0,0,0,0,1,0
284012,0,0,0,1,0,0,1,0,1,0
284013,0,0,0,1,0,0,0,0,1,0
284014,1,0,1,1,0,0,1,1,1,0
284015,0,0,0,0,0,0,0,0,1,0
284016,0,0,0,1,0,0,0,1,1,0
284017,0,0,0,0,0,0,1,0,1,0
284018,0,0,0,1,0,0,1,1,1,0
284019,0,0,0,0,0,0,0,0,0,0
284020,0,1,0,1,0,0,0,0,1,0
285001,0,0,0,0,0,0,0,0,1,0
285002,0,0,0,0,0,0,0,0,1,0
285003,0,0,0,0,0,0,1,0,0,0
285004,0,0,0,0,0,0,0,0,1,0
285005,0,0,0,0,0,0,0,0,0,0
285006,0,0,0,0,0,0,0,0,0,0
285007,0,0,0,1,0,0,0,0,0,0
285008,0,0,0,0,0,0,0,0,0,0
285009,0,0,0,0,0,0,0,0,1,0
285010,0,0,0,0,0,0,0,0,0,0
285011,0,0,0,0,0,0,0,0,1,0
285012,1,0,0,1,0,0,0,0,1,0
285013,0,1,0,0,0,0,0,0,1,0
285014,0,0,0,0,0,0,0,0,1,0
285015,0,0,0,0,0,0,0,0,1,0
285016,0,0,0,1,0,0,0,0,1,0
285017,0,0,0,0,0,0,0,0,0,0
285018,0,0,0,1,0,0,0,0,1,0
285019,0,0,0,0,0,0,0,0,0,0
285020,0,1,0,1,0,0,0,0,1,0
286001,0,0,0,0,0,0,0,0,1,0
286002,0,0,0,0,0,0,0,0,1,0
286003,0,0,0,0,0,0,0,0,1,0
286004,0,0,0,0,0,0,0,0,1,0
286005,0,0,0,1,0,0,1,1,1,0
286006,0,,0,0,0,0,0,0,1,0
286007,0,0,0,0,0,0,0,0,1,0
286008,0,0,0,0,0,0,0,0,1,0
286009,0,0,0,0,0,0,0,0,0,0
286010,0,0,0,0,0,0,0,0,0,0
286011,0,0,0,0,0,0,0,0,1,0
286012,0,0,0,0,0,0,0,0,1,0
286014,0,0,0,0,0,0,0,0,0,0
286015,0,0,0,0,0,0,0,0,0,0
286016,0,0,0,0,0,0,0,0,0,0
286017,0,0,0,0,0,0,0,0,1,0
286018,0,0,0,0,0,0,0,0,0,0
286019,0,0,0,0,0,0,0,0,0,0
286020,0,0,0,0,0,0,0,0,1,0
287001,0,0,0,0,0,0,0,0,1,0
287002,0,0,0,1,0,1,0,0,1,0
287003,0,0,0,0,0,0,0,0,1,0
287004,0,0,0,0,0,0,0,0,1,0
287005,0,0,0,0,0,0,0,0,1,0
287006,0,0,0,0,0,0,0,0,1,0
287007,0,1,0,0,0,0,0,0,1,0
287008,0,0,0,1,0,0,0,0,0,0
287009,0,0,0,0,0,0,0,0,0,0
287010,0,0,0,0,0,0,0,0,1,0
287011,0,0,0,0,0,0,0,0,1,0
287012,0,0,0,0,0,0,0,0,1,0
287013,0,0,0,0,0,0,0,0,1,0
287014,0,0,0,0,0,0,0,0,1,0
287015,0,0,0,0,0,0,0,0,1,0
287016,0,0,0,0,0,0,0,0,1,0
287017,0,0,0,0,0,0,0,0,1,0
287018,0,0,0,0,0,0,0,0,1,0
287019,0,0,0,0,0,0,0,0,1,0
287020,0,0,0,0,0,0,0,0,0,0
288001,0,0,0,0,0,0,0,0,1,0
288002,0,0,0,0,0,0,0,0,1,0
288003,0,0,0,0,0,0,0,0,1,0
288004,0,0,0,0,0,0,0,0,1,0
288005,0,0,0,0,0,0,0,0,1,0
288006,0,0,0,1,0,0,0,1,1,0
288007,0,0,0,0,0,0,0,0,1,0
288008,0,1,0,0,0,0,0,0,1,0
288009,0,0,0,1,0,0,0,0,1,0
288010,0,0,0,1,0,0,0,0,1,0
288011,0,0,0,0,0,0,0,0,1,0
288012,0,0,0,1,0,0,0,0,1,0
288013,0,1,0,0,0,0,0,0,1,0
288014,0,0,0,0,0,0,0,0,1,0
288015,0,0,0,0,0,0,0,0,1,0
288016,0,0,0,1,0,0,0,0,1,0
288017,0,0,0,0,0,0,0,0,0,0
288018,0,0,0,0,0,0,0,0,1,0
288019,0,0,0,1,0,0,0,0,1,0
288020,0,0,0,1,0,0,0,0,1,0
289001,0,0,0,1,0,0,0,1,1,0
289002,0,0,0,1,0,1,0,0,1,0
289003,0,0,0,1,0,0,0,1,1,0
289004,0,0,0,1,0,0,0,0,1,0
289005,0,1,0,1,0,0,0,0,1,0
289006,0,0,0,1,0,0,0,0,1,0
289007,0,0,0,0,0,0,0,0,1,0
289008,0,1,0,1,0,1,0,0,1,0
289009,0,0,0,1,0,0,0,1,1,0
289010,0,0,0,0,0,0,0,0,1,0
289011,0,0,0,0,0,0,0,0,1,0
289012,0,0,0,0,0,0,0,0,1,0
289013,0,0,0,1,0,0,0,0,1,0
289014,0,0,0,1,0,0,0,0,1,0
289015,0,0,0,0,0,0,0,1,1,0
289016,0,0,0,1,0,0,0,0,1,0
289017,0,0,0,1,0,1,0,0,1,0
289018,0,0,0,1,0,0,0,0,1,0
289019,0,0,0,0,0,0,0,0,1,0
289020,0,0,0,0,0,0,0,0,1,0
290001,0,0,0,1,0,0,0,0,1,0
290002,0,0,0,0,0,0,0,0,0,0
290003,0,0,0,0,0,0,0,0,1,0
290004,0,0,0,1,0,0,0,0,1,0
290005,0,0,0,1,0,0,0,0,1,0
290006,0,0,0,1,0,0,0,0,1,0
290007,0,0,0,1,0,0,1,1,1,1
290008,0,0,0,1,0,0,0,0,1,0
290009,0,0,0,1,0,0,0,0,1,0
290010,0,0,0,1,1,0,1,1,1,1
290011,0,0,0,1,0,0,0,0,1,0
290012,0,0,0,1,0,0,0,0,1,0
290013,0,1,0,0,0,0,0,0,0,0
290014,0,0,0,0,0,0,0,0,0,0
290015,0,0,0,0,0,0,0,0,1,0
290016,0,0,0,0,0,0,0,0,0,0
290017,0,0,0,0,0,0,0,0,0,0
290018,0,0,0,0,0,0,0,0,0,0
290019,0,0,0,1,0,0,0,0,0,0
290020,0,0,0,1,0,0,0,0,0,0
291001,0,0,0,,0,1,1,1,1,1
291002,0,1,0,0,0,1,0,0,1,0
291003,0,0,0,1,0,1,1,0,1,0
291004,0,0,0,0,0,1,1,1,1,0
291005,0,0,0,1,0,1,1,1,1,0
291006,1,1,0,1,0,1,1,0,1,0
291007,0,0,1,1,0,1,1,1,1,0
291008,0,0,0,1,0,1,1,1,1,1
291009,0,0,0,1,0,1,1,1,1,1
291010,0,0,0,1,0,1,1,1,1,0
291011,0,0,0,1,0,1,1,0,1,0
291012,0,0,0,1,0,1,1,1,1,1
291013,0,0,0,1,0,1,1,0,1,0
291014,0,1,0,1,0,1,1,1,1,1
291015,0,0,0,1,0,1,1,1,1,1
291016,0,0,1,1,0,1,0,0,1,0
291017,0,0,1,1,0,1,1,1,1,1
291018,1,,1,1,0,1,1,0,1,0
291019,0,0,0,0,0,1,0,0,1,0
291020,0,0,0,1,0,1,1,1,1,1
292001,0,0,0,1,1,1,1,1,1,1
292003,0,1,0,1,0,1,1,1,1,0
292004,0,0,0,1,1,1,1,1,1,1
292005,0,0,1,1,0,1,1,1,1,0
292006,0,,1,0,1,1,1,1,1,0
292007,0,0,1,1,1,1,1,1,1,0
292008,0,0,1,1,1,1,1,1,1,1
292009,0,0,1,1,0,1,1,1,1,0
292010,0,0,1,1,0,1,0,1,1,0
292011,1,0,1,1,1,1,1,1,1,1
292013,0,0,0,1,1,1,1,0,1,0
292014,0,0,0,1,1,1,1,1,1,1
292015,0,1,0,1,1,1,1,1,1,0
292016,0,1,1,1,0,1,1,1,1,0
292017,0,0,1,1,1,1,1,1,1,0
292018,0,0,0,1,1,1,0,1,1,0
292019,0,0,0,1,1,1,0,1,1,0
292020,1,0,0,1,1,1,1,1,1,1
293001,0,1,0,0,0,0,0,0,1,0
293002,0,0,0,0,0,1,0,1,1,0
293003,0,0,0,0,0,0,0,0,1,0
293004,0,0,0,0,0,0,0,0,1,0
293005,0,0,0,0,0,0,0,0,0,0
293006,0,0,0,1,0,0,0,0,1,0
293007,0,0,0,0,0,0,0,0,1,0
293008,0,0,0,0,0,0,0,0,1,0
293009,0,0,0,0,0,0,0,0,1,0
293010,0,0,0,1,0,1,0,0,1,0
293011,0,0,0,1,0,0,0,1,1,0
293012,0,0,0,0,0,0,0,1,1,0
293013,0,0,0,0,0,1,0,0,1,0
293014,0,0,0,0,0,1,0,0,1,0
293015,0,0,0,0,0,0,0,0,1,0
293016,0,0,0,1,0,0,0,0,1,0
293017,0,0,0,0,0,0,0,0,1,0
293018,0,0,0,0,0,0,0,0,1,0
293019,0,0,0,1,0,1,0,0,1,0
293020,0,0,0,0,0,0,0,0,1,0
294001,0,0,0,1,0,0,0,0,0,0
294002,0,0,0,0,0,0,0,0,0,0
294003,0,0,0,0,0,0,0,0,0,0
294004,0,1,0,1,0,0,0,0,0,0
294005,0,0,0,0,0,1,0,0,1,0
294006,0,0,1,0,0,0,0,0,1,0
294007,0,0,0,0,0,0,0,0,1,0
294008,0,0,0,0,0,0,0,0,1,0
294009,0,0,0,0,0,0,0,0,0,0
294010,0,0,0,1,0,1,0,0,1,0
294011,0,0,0,1,0,0,0,0,1,0
294012,0,0,0,0,0,0,0,0,1,0
294013,0,0,0,0,0,0,0,0,0,0
294014,0,1,0,1,0,0,0,1,1,0
294015,0,0,0,0,0,0,0,0,1,0
294016,0,1,0,0,0,0,0,0,0,0
294017,0,0,0,1,0,0,0,0,1,0
294018,0,0,1,0,0,1,0,1,1,0
294019,0,0,0,0,0,0,0,0,0,0
294020,0,0,0,0,0,0,0,0,1,0
295003,0,0,0,0,0,0,0,0,0,0
295004,0,0,0,0,0,0,0,0,0,0
295009,0,0,0,0,0,0,0,0,0,0
295011,0,0,0,0,0,0,0,1,0,0
295012,0,0,0,0,0,0,1,1,0,0
295013,0,0,0,0,0,0,0,0,0,0
296001,0,0,0,0,0,0,0,0,1,0
296002,0,0,0,0,0,0,0,0,0,0
296003,0,0,0,0,0,0,0,0,1,0
296004,0,0,0,0,0,0,0,0,0,0
296005,0,0,0,0,0,0,0,0,1,0
296007,0,0,0,0,0,0,0,0,1,0
296008,0,1,0,0,0,0,0,0,0,0
296009,0,0,0,0,0,0,0,0,0,0
296010,0,0,0,0,0,0,0,0,0,0
296011,0,0,0,0,0,0,0,1,1,0
296012,0,0,0,0,0,0,0,0,1,0
296013,0,0,0,0,0,0,0,0,1,0
296014,0,0,0,0,0,0,0,0,1,0
296015,0,0,0,0,0,0,0,0,1,0
296016,0,0,0,0,0,0,0,0,0,0
296017,0,0,0,0,0,0,0,0,1,0
296018,0,0,0,0,0,0,0,0,1,0
296019,0,0,0,0,0,0,0,0,1,0
296020,0,0,0,0,0,0,0,0,0,0
297001,0,0,0,1,0,1,1,1,1,0
297002,0,0,0,1,0,1,1,1,1,0
297003,0,1,0,1,0,1,0,0,1,0
297004,0,1,0,1,0,1,0,1,1,0
297005,0,0,0,1,0,0,0,1,1,0
297006,0,1,0,0,0,1,1,0,1,0
297007,0,0,0,1,0,1,0,0,1,0
297008,0,0,0,1,0,1,1,1,1,0
297009,0,1,1,1,0,1,0,0,1,0
297010,0,0,0,1,0,0,0,0,1,0
297011,0,1,0,1,0,1,1,1,1,0
297012,0,0,1,1,0,1,0,1,1,0
297013,0,1,1,0,0,1,1,0,1,0
297014,0,1,1,1,0,1,0,1,1,0
297015,0,0,0,1,0,1,0,1,1,0
297016,0,0,1,1,0,0,0,0,1,0
297017,0,0,0,1,0,1,1,0,1,1
297019,0,0,1,1,0,1,1,1,1,1
297020,0,0,0,1,0,1,1,1,1,1
298001,0,0,0,1,0,1,0,1,1,1
298002,0,0,0,0,0,1,0,1,1,0
298003,0,0,0,0,0,1,0,1,1,0
298004,0,0,0,0,0,0,0,0,1,0
298005,0,0,0,0,0,0,0,0,1,0
298006,0,0,0,0,0,1,0,1,1,0
298007,0,0,0,0,0,1,0,0,1,0
298008,0,0,0,0,0,0,0,0,0,0
298009,0,0,0,0,0,0,0,0,0,0
298010,0,0,0,0,0,0,0,0,1,0
298011,0,0,0,0,0,0,0,0,0,0
298012,0,0,0,0,0,0,0,0,1,0
298013,0,0,0,0,0,0,0,0,0,0
298014,0,0,0,0,0,1,0,0,1,0
298015,0,0,0,0,0,0,0,0,1,0
298016,0,0,0,0,0,0,1,0,1,0
298017,0,0,0,0,0,0,0,0,0,0
298018,0,0,0,0,0,0,0,0,1,0
298019,0,0,0,0,0,0,0,0,1,0
298020,0,0,0,0,0,0,0,1,1,0
299001,0,0,0,0,0,0,0,0,1,0
299002,1,0,0,0,0,0,0,0,1,0
299003,1,0,0,0,0,0,0,0,1,0
299004,0,0,0,0,0,0,0,0,0,0
299005,0,0,0,1,0,0,0,0,1,0
299006,0,0,0,1,0,0,1,1,1,1
299007,0,0,0,0,0,0,0,0,1,0
299008,0,0,0,0,0,0,0,0,1,0
299009,0,0,0,0,0,0,0,0,1,0
299010,0,0,0,0,0,1,0,1,1,1
299011,0,0,0,1,0,1,0,0,1,0
299012,0,0,0,0,0,0,0,0,1,0
299013,0,0,0,0,0,0,0,0,1,0
299014,0,0,0,0,0,0,1,0,1,0
299015,0,0,0,0,0,0,0,0,1,0
299017,0,0,0,0,0,0,0,0,1,0
299018,0,0,0,0,0,0,0,0,0,0
299019,0,0,0,0,0,0,0,0,1,0
299020,0,0,0,0,0,0,0,0,1,0
300001,,0,0,0,0,1,0,0,1,1
300002,0,0,0,0,0,1,1,1,1,1
300003,0,,0,0,0,1,1,1,1,1
300004,0,0,0,1,0,1,0,1,1,1
300005,0,0,0,0,0,1,0,1,1,0
300006,0,1,0,0,0,1,0,0,1,0
300007,0,0,0,0,0,1,0,1,1,0
300008,0,0,0,0,0,1,0,0,1,0
300009,0,0,0,0,0,1,0,1,1,0
300010,0,0,0,0,0,1,0,1,1,0
300011,0,0,0,0,0,1,0,0,1,0
300012,0,1,0,0,0,1,0,0,1,0
300013,0,1,0,0,0,1,1,1,1,0
300014,0,0,0,0,0,1,0,0,1,0
300015,0,0,0,0,0,1,0,1,1,0
300016,0,0,0,0,0,1,0,0,1,0
300017,1,1,0,0,0,1,1,1,1,1
300018,0,1,0,1,0,1,1,1,1,0
300019,0,0,0,0,0,1,1,1,1,1
300020,0,0,0,0,0,1,1,1,1,0
301001,0,0,0,0,0,1,0,0,1,0
301002,0,0,0,0,0,1,0,0,1,0
301003,0,0,0,0,0,1,0,0,1,0
301004,0,0,0,1,0,1,0,0,1,0
301005,0,0,0,0,0,1,0,0,1,0
301006,0,0,0,0,0,1,0,0,1,0
301007,0,0,0,0,0,1,0,1,1,0
301008,0,0,0,0,0,1,0,0,1,0
301009,0,0,0,1,0,1,0,0,1,0
301010,0,1,0,1,0,1,0,1,1,0
301011,0,0,0,1,0,1,1,1,1,0
301012,0,1,0,0,0,1,0,0,1,0
301013,0,1,0,1,0,1,0,0,1,0
301014,0,0,0,0,0,1,0,0,1,0
301015,1,0,0,1,0,1,1,1,1,1
301016,0,0,0,0,0,1,1,1,1,0
301017,0,0,0,1,0,1,0,0,1,0
301018,0,0,0,0,0,0,0,0,0,0
301019,0,0,0,0,0,1,0,0,1,0
301020,0,1,0,0,0,1,0,1,1,0
303001,0,1,0,0,0,0,0,1,1,1
303002,0,0,0,0,0,0,0,1,1,0
303003,0,1,0,0,0,0,0,1,1,0
303004,0,0,0,1,0,1,0,1,1,1
303005,0,0,0,1,0,0,0,1,1,0
303006,0,0,0,0,0,0,0,1,1,1
303007,0,0,0,0,0,0,0,1,1,0
303008,0,0,0,0,0,0,0,0,1,0
303009,0,0,0,0,0,0,0,0,1,0
303010,0,0,0,0,0,0,0,0,1,0
303011,0,1,0,0,0,0,0,0,1,0
303012,0,1,0,0,0,0,0,0,1,0
303013,0,0,0,0,0,0,1,1,1,0
303014,0,0,0,0,0,0,0,0,0,0
303015,0,0,0,0,0,0,0,0,1,0
303016,0,0,0,0,0,1,1,1,1,0
303017,1,0,0,0,0,1,0,1,1,0
303018,1,0,0,0,0,0,0,1,1,0
303019,0,0,0,0,0,1,1,0,1,0
303020,0,0,0,0,0,1,0,0,1,0
304001,0,1,0,0,0,0,0,1,1,0
304002,0,1,0,0,0,1,1,1,1,0
304003,0,0,0,1,0,1,1,1,1,0
304004,0,0,0,0,0,1,1,1,1,0
304005,0,,1,1,0,1,0,0,1,0
304006,0,0,0,1,0,1,1,1,1,0
304007,0,1,0,1,1,1,1,1,1,1
304008,0,0,0,0,0,1,0,1,1,0
304009,0,0,0,0,0,1,1,0,1,0
304010,0,0,0,0,0,1,1,1,1,1
304011,0,0,0,1,0,1,0,1,1,0
304012,0,1,1,1,0,1,1,0,1,0
304013,0,0,0,1,1,1,1,0,1,1
304014,1,0,0,1,1,1,1,1,1,1
304015,0,0,1,0,0,1,0,1,1,0
304016,0,0,0,1,0,1,0,1,1,1
304017,0,,1,1,0,1,0,0,1,0
304018,0,0,0,1,0,1,0,1,1,0
304019,0,0,0,1,0,1,1,1,1,0
304020,0,1,0,1,0,1,1,1,1,1
305001,0,0,0,0,0,0,0,0,1,0
305002,0,0,0,0,0,0,0,0,0,0
305003,0,0,0,0,0,0,0,0,0,0
305004,0,0,0,0,0,0,0,1,1,0
305005,0,0,0,0,0,0,0,0,1,1
305006,0,0,0,0,0,0,1,1,1,1
305007,0,0,0,0,0,0,0,0,1,0
305008,0,0,0,0,0,0,0,1,0,0
305009,0,0,0,0,0,0,0,0,1,0
305010,0,0,0,0,0,0,0,0,1,0
305011,0,1,0,0,0,0,0,1,1,0
305012,0,0,0,1,0,1,0,1,1,0
305013,0,1,1,0,0,0,0,1,1,0
305014,0,0,0,1,0,0,0,0,1,0
305015,0,0,0,0,0,1,1,1,1,0
305016,0,0,0,0,0,0,0,1,1,1
305017,0,0,0,0,0,1,1,1,1,0
305018,0,0,0,0,0,0,0,0,1,0
305019,0,0,0,0,0,0,1,0,0,0
305020,0,0,0,0,0,0,0,0,0,0
306001,0,0,0,0,0,0,0,0,1,0
306002,0,0,0,0,0,1,0,0,1,0
306003,0,0,0,0,0,0,0,0,1,0
306004,0,0,0,1,0,0,0,0,1,0
306005,0,0,0,0,0,0,0,0,1,0
306006,0,0,0,0,0,1,0,0,1,0
306007,0,0,0,0,0,1,0,0,1,0
306008,0,0,0,0,0,0,0,0,1,1
306009,0,0,0,0,0,0,0,0,1,0
306010,0,0,0,0,0,0,0,0,1,0
306011,0,0,0,0,0,1,0,1,1,0
306012,0,0,0,0,0,0,0,1,1,0
306013,0,0,0,0,0,0,0,0,1,0
306014,0,1,0,0,0,0,0,0,1,0
306015,0,0,0,0,0,0,0,0,1,0
306016,0,0,0,0,0,1,0,0,1,0
306018,0,0,0,0,0,1,0,0,1,0
306019,0,0,0,0,0,1,0,1,1,1
306020,0,1,0,0,0,0,0,0,1,0
307001,0,0,0,1,1,1,1,1,1,1
307002,1,0,1,0,0,0,1,1,1,1
307003,0,1,1,1,0,1,1,1,1,1
307004,0,1,1,0,0,1,1,1,1,0
307005,0,1,0,1,0,1,1,1,1,1
307006,0,1,1,1,1,1,1,1,1,1
307007,0,0,0,0,0,1,1,1,1,0
307008,1,1,1,0,0,1,1,0,1,0
307009,0,1,1,1,1,1,1,1,1,1
307010,0,1,0,0,0,1,1,0,1,0
307011,0,1,1,0,0,1,1,1,1,0
307012,0,0,0,1,0,1,0,1,1,0
307013,0,1,0,0,0,1,1,1,1,0
307014,0,1,1,1,0,1,0,1,1,1
307015,0,0,0,0,0,1,1,1,1,1
307016,0,0,0,1,1,1,1,1,1,1
307017,0,0,0,1,1,1,1,1,1,1
307018,0,0,0,1,0,1,0,1,1,1
307019,0,1,0,0,0,1,1,1,1,1
307020,0,1,1,0,0,1,0,0,1,0
308001,0,0,0,1,0,1,0,0,1,0
308002,0,0,0,0,0,0,0,0,1,0
308003,0,0,0,1,0,1,0,0,1,0
308004,0,1,0,0,0,1,0,0,1,0
308005,0,0,0,0,0,0,0,0,1,0
308006,0,0,0,0,0,0,0,0,1,0
308007,0,0,0,1,0,0,0,0,0,0
308008,0,0,0,1,0,1,0,0,1,0
308009,0,0,0,0,0,0,0,0,1,0
308010,0,0,0,0,0,0,0,0,1,0
308011,0,0,0,0,0,1,0,0,1,0
308012,0,1,0,0,0,1,0,0,1,0
308013,0,0,0,0,0,1,0,0,1,0
308014,0,0,0,0,0,0,0,0,1,0
308015,0,0,0,0,0,1,0,0,1,0
308016,0,0,0,0,0,1,0,0,1,0
308017,0,0,0,1,0,1,0,0,1,0
308018,0,0,0,0,0,1,0,0,1,0
308019,0,0,0,1,0,0,0,0,1,0
308020,0,0,0,0,0,1,0,0,1,0
309001,0,0,0,0,0,1,1,0,1,1
309002,0,1,0,0,0,1,1,1,1,0
309003,0,1,0,0,0,1,1,0,1,1
309004,0,0,1,0,1,1,1,0,1,1
309005,0,0,0,0,0,1,0,1,1,0
309006,0,0,0,0,0,1,1,1,1,1
309007,0,0,0,1,0,1,1,1,1,1
309008,0,1,0,0,0,1,0,1,1,0
309009,0,0,0,0,0,1,0,0,1,0
309010,0,0,0,0,0,1,1,1,1,1
309011,0,1,0,1,0,1,1,1,1,1
309012,0,1,0,1,0,1,0,1,1,0
309013,0,0,1,1,0,1,1,0,1,1
309014,0,0,0,1,0,1,1,1,0,1
309015,1,1,0,1,1,1,1,1,1,1
309018,0,0,0,1,0,1,0,1,1,1
309019,0,0,0,0,0,1,1,1,1,1
309020,0,0,1,0,0,1,0,0,1,0
310001,0,0,1,0,0,1,0,0,1,0
310002,0,0,0,0,0,0,0,0,0,0
310003,0,0,0,1,0,1,0,1,1,0
310004,0,1,0,0,0,0,1,0,1,0
310005,0,1,1,1,0,1,1,1,1,0
310006,1,1,1,0,0,1,0,0,1,0
310007,0,1,0,0,0,1,0,0,1,0
310008,0,1,1,0,0,1,0,1,1,0
310009,0,0,0,0,0,0,0,0,0,0
310010,0,0,0,0,0,1,1,0,1,0
310011,0,0,0,0,0,1,0,1,1,0
310012,0,1,0,0,0,0,0,0,1,0
310013,0,1,0,0,0,0,0,0,0,0
310014,0,0,1,0,0,1,0,0,1,0
310015,0,0,0,1,0,0,1,0,1,0
310017,0,0,0,0,0,1,0,0,1,0
310018,0,1,0,0,0,0,0,0,0,0
310019,0,1,0,0,0,0,0,0,1,0
310020,0,0,0,1,0,1,0,0,1,0
311001,0,0,0,0,0,1,0,0,1,0
311002,0,0,0,0,0,1,0,0,1,0
311003,0,0,0,1,0,1,0,0,1,1
311004,0,0,0,0,0,1,0,0,1,0
311005,0,0,0,0,0,1,0,0,1,0
311006,0,0,0,0,0,1,0,0,1,0
311007,0,0,0,0,0,0,0,0,1,0
311009,0,0,0,1,0,1,0,0,1,0
311010,0,0,0,0,0,1,0,0,1,0
311011,0,0,0,0,0,1,0,0,1,0
311012,0,0,0,1,0,1,0,0,1,0
311013,0,0,0,0,0,0,0,0,0,0
311014,0,0,0,1,0,1,0,0,1,0
311015,0,0,0,1,0,1,0,0,1,0
311016,0,0,0,1,0,1,0,0,1,0
311017,0,0,0,0,0,1,0,0,1,0
311018,0,0,0,0,0,0,0,0,1,0
311019,0,0,0,1,0,0,0,0,1,0
311020,0,0,0,0,0,1,0,0,1,0
312001,0,0,0,0,0,1,0,0,1,0
312002,0,1,0,1,0,0,0,1,1,1
312003,0,0,0,1,1,1,1,1,1,1
312004,0,0,0,0,0,1,1,1,1,1
312005,0,0,0,0,0,1,0,1,1,0
312006,1,0,0,1,0,1,0,1,1,1
312007,0,0,0,0,0,1,1,1,1,1
312008,0,1,0,0,0,1,1,1,1,0
312009,0,0,0,0,0,1,1,0,1,0
312010,0,0,0,1,0,1,1,1,1,1
312011,0,0,0,0,0,1,0,1,1,1
312012,1,1,0,0,0,1,1,1,1,0
312013,0,1,0,1,0,1,1,1,1,0
312014,0,1,0,0,0,1,0,0,1,0
312015,0,1,0,0,0,1,1,1,1,1
312016,0,0,1,0,0,1,1,1,1,0
312018,0,0,0,1,0,1,1,1,1,1
312019,0,0,1,0,0,1,1,1,1,0
312020,0,0,0,1,0,1,1,1,1,1
313001,0,0,0,0,0,0,0,0,0,0
313002,0,1,0,0,0,0,0,0,0,0
313003,0,0,0,0,0,0,0,0,1,0
313004,0,0,0,0,0,0,0,0,0,0
313005,0,0,0,0,0,0,0,0,0,0
313006,0,1,0,0,0,0,0,0,0,0
313007,0,0,0,0,0,0,0,0,0,0
313008,0,,0,0,0,0,0,0,1,0
313009,0,0,0,0,0,0,0,0,0,0
313010,0,1,0,0,0,0,0,0,0,0
313011,0,0,0,0,0,0,0,0,0,0
313012,0,0,0,0,0,0,0,0,0,0
313013,0,0,0,0,0,0,0,0,0,0
313014,0,0,0,0,0,0,0,0,1,0
313015,0,0,0,0,0,0,0,0,0,0
313016,0,0,0,0,0,0,0,0,0,0
313017,0,0,0,0,0,0,0,0,0,0
313018,0,0,0,0,0,0,0,0,0,0
313019,0,0,0,0,0,0,0,0,1,0
313020,0,0,0,0,0,0,0,0,1,0
314001,0,0,0,0,0,0,0,0,1,0
314002,0,0,0,0,0,0,0,0,1,0
314003,0,0,0,0,0,0,0,0,0,0
314004,0,0,0,1,0,0,0,1,1,0
314005,0,0,0,0,0,0,0,0,0,0
314006,0,0,0,1,0,0,0,0,0,1
314007,0,0,0,0,0,0,0,1,1,0
314008,0,0,0,0,0,0,0,0,0,0
314009,0,0,0,0,0,0,1,0,0,0
314010,0,0,0,0,0,0,0,0,1,0
314011,0,0,0,0,0,0,0,0,0,0
314012,0,0,0,1,0,0,0,0,0,0
314013,0,0,0,1,0,0,1,0,0,0
314015,0,0,0,0,0,0,0,0,1,0
314017,0,0,0,0,0,0,0,0,1,0
314018,0,0,0,0,0,0,0,0,1,0
314019,0,0,0,0,0,0,0,0,1,0
314020,0,0,0,0,0,0,0,0,0,0
315001,0,0,0,0,0,0,0,0,1,0
315002,0,0,0,0,0,0,0,0,1,0
315003,0,0,0,0,0,0,0,0,0,0
315004,0,0,0,0,0,0,0,0,1,0
315005,0,0,0,0,0,0,0,0,1,0
315006,0,0,0,0,0,0,0,0,1,0
315007,0,0,0,0,0,0,0,0,1,0
315008,0,1,0,0,0,0,0,0,1,0
315009,0,0,0,0,0,0,0,0,1,0
315010,0,0,0,0,0,0,0,0,1,0
315011,0,1,0,0,0,0,0,1,1,0
315012,0,1,0,0,0,0,0,0,1,0
315013,0,0,0,0,0,0,0,0,1,0
315014,0,0,0,0,0,0,0,0,0,0
315015,0,0,0,0,0,0,0,0,1,0
315016,0,0,0,0,0,0,0,0,1,0
315017,0,0,0,0,0,0,0,0,1,0
315019,0,0,0,0,0,0,0,0,1,0
315020,0,0,0,0,0,0,0,0,1,0
316001,0,0,0,0,0,0,0,0,0,0
316002,0,0,0,0,0,0,0,0,0,0
316003,0,0,0,0,0,0,0,0,1,0
316006,0,0,0,0,0,0,0,0,0,0
316008,0,0,0,0,0,0,0,0,0,0
316009,0,0,0,0,0,0,0,0,1,0
316010,0,0,0,0,0,0,0,0,0,0
316011,0,1,0,1,0,0,0,0,1,0
316013,0,0,0,1,0,0,0,0,1,0
316014,0,0,0,0,0,0,0,0,1,0
316015,0,1,0,0,0,0,0,0,1,0
316017,0,0,0,0,0,0,0,0,1,0
316018,0,0,0,0,0,0,0,0,1,0
316019,0,0,0,0,0,0,0,0,1,0
316020,0,0,0,0,0,0,0,0,0,0
317001,0,1,0,0,0,0,0,0,1,0
317002,0,0,0,0,0,0,0,0,1,0
317003,0,0,0,0,0,0,0,1,1,0
317004,0,,0,0,0,0,0,0,1,0
317006,0,0,0,0,0,0,0,0,1,0
317007,0,0,0,0,0,0,0,0,1,0
317008,0,0,0,1,0,0,0,0,1,0
317009,0,0,0,0,0,0,1,1,1,0
317010,0,,0,0,0,0,0,0,0,0
317011,0,1,0,0,0,0,0,0,0,0
317012,0,1,0,0,0,0,0,1,1,0
317013,0,,0,0,0,0,0,0,0,0
317014,0,1,0,1,0,0,1,1,1,0
317015,0,0,0,0,0,0,1,1,1,0
317016,0,0,0,0,0,0,0,1,1,0
317017,0,0,1,0,0,0,0,0,1,0
317018,0,0,0,0,0,0,0,1,1,0
317019,0,0,0,0,0,0,1,1,1,0
317020,0,1,0,0,0,0,0,0,1,0
318001,0,1,0,0,0,0,1,0,1,0
318002,0,1,0,0,0,0,0,0,0,0
318003,0,0,0,0,0,0,0,0,1,0
318004,0,1,0,0,0,0,0,0,1,0
318005,0,0,0,0,0,0,0,0,1,0
318006,0,0,0,0,0,0,0,0,1,0
318007,0,0,0,0,0,0,0,0,1,0
318008,0,0,0,0,0,0,0,1,1,0
318009,0,0,0,0,0,0,0,0,1,0
318010,0,1,0,0,0,0,1,0,1,0
318011,0,1,0,0,0,0,0,0,0,0
318012,0,1,0,0,0,0,0,0,0,0
318014,0,0,0,1,0,0,0,0,1,0
318015,0,0,0,0,0,0,0,0,0,0
318016,0,0,0,0,0,0,0,0,0,0
318017,0,0,0,0,0,0,0,0,1,0
318018,0,0,0,0,0,0,0,0,1,0
318019,0,0,0,0,0,0,0,1,1,0
318020,0,0,0,0,0,0,0,0,1,0
319001,0,0,0,0,0,0,0,0,1,0
319002,0,0,0,0,0,0,0,0,1,0
319003,0,0,0,0,0,0,1,0,1,0
319004,0,1,0,0,0,0,0,0,1,0
319005,0,0,0,0,0,0,0,0,1,0
319006,0,0,0,0,0,0,0,0,0,0
319007,0,0,0,0,0,0,0,0,1,0
319008,0,1,0,1,0,0,0,0,1,0
319009,1,1,0,0,0,0,0,0,1,0
319010,0,0,0,0,0,0,0,0,1,0
319011,0,0,0,0,0,0,0,0,1,0
319013,0,0,0,1,0,0,0,0,1,0
319014,0,0,0,0,0,0,0,0,1,0
319015,0,0,0,0,0,0,0,0,1,0
319016,0,1,1,0,0,0,0,0,1,0
319017,0,0,0,0,0,0,0,0,1,0
319018,0,0,0,0,0,0,0,0,1,0
319019,1,1,0,0,0,0,1,1,1,0
319020,0,0,0,0,0,0,0,0,1,0
320001,0,0,0,0,0,0,0,0,1,0
320002,0,1,0,0,0,0,0,0,1,0
320003,0,0,0,0,0,0,0,0,1,0
320004,0,0,0,0,0,0,0,0,1,0
320005,0,0,0,0,0,0,0,0,1,0
320006,0,0,0,0,0,0,0,0,1,0
320007,0,0,0,0,0,0,0,0,1,0
320010,0,0,0,1,0,0,0,0,0,0
320011,0,0,0,0,0,0,0,0,1,0
320012,0,0,0,0,0,0,0,0,1,0
320013,0,0,0,0,0,0,0,0,1,0
320014,0,0,0,0,0,0,0,0,1,0
320015,0,0,0,0,0,0,0,0,1,0
320017,0,0,0,0,0,0,0,0,0,0
320018,0,0,0,0,0,0,0,0,1,0
320019,0,0,0,0,0,0,0,0,1,0
320020,0,0,0,0,0,0,0,0,0,0
321001,0,0,0,0,0,0,0,0,1,0
321002,0,0,1,0,0,1,1,1,1,0
321003,0,1,0,0,0,1,0,1,1,0
321004,0,1,0,1,0,1,0,1,1,0
321005,0,0,0,0,0,1,0,0,1,0
321006,0,0,0,0,0,1,1,1,1,0
321007,0,0,0,0,0,1,1,0,1,0
321008,0,0,0,0,0,1,1,1,1,0
321009,0,1,0,0,0,1,1,1,1,0
321010,0,0,0,1,0,1,1,1,1,0
321011,0,0,0,0,0,1,0,0,1,0
321012,0,0,0,0,0,1,0,0,1,0
321013,0,0,0,0,0,1,1,1,1,0
321014,0,0,0,0,0,0,0,0,1,0
321015,0,0,0,0,0,0,0,0,1,0
321016,0,1,0,1,0,1,1,0,1,0
321017,0,0,0,0,0,0,1,0,1,0
321018,0,0,0,0,0,1,0,0,1,0
321019,0,0,0,0,0,0,0,0,1,0
321020,0,1,0,0,0,1,1,0,1,0
322001,0,0,0,0,0,0,0,0,0,0
322002,0,0,0,0,0,1,0,0,1,0
322003,0,0,1,0,0,0,0,1,1,0
322004,0,0,0,1,0,0,0,0,1,0
322005,0,0,0,0,1,0,1,1,1,0
322006,0,0,0,1,0,1,1,1,1,0
322007,0,1,1,0,0,1,0,0,1,0
322008,1,0,0,1,0,1,1,1,1,0
322009,0,0,0,1,0,1,1,0,1,0
322010,0,0,0,1,0,1,1,1,1,1
322011,0,0,0,0,0,1,0,0,1,0
322012,1,0,0,1,0,1,1,1,1,0
322013,0,0,0,0,0,1,0,0,1,0
322014,0,0,0,0,0,1,0,1,1,0
322015,0,0,0,1,0,1,0,1,1,0
322016,0,0,0,1,0,1,0,1,1,0
322017,0,0,0,1,0,1,1,1,1,0
322018,0,0,0,0,0,1,0,0,1,0
322019,0,0,0,0,0,0,1,0,1,0
322020,0,1,0,0,0,0,0,0,1,0
323001,0,0,0,1,0,1,1,1,1,0
323002,0,0,0,0,0,1,1,1,1,0
323003,,0,0,1,0,1,1,1,1,0
323004,0,0,0,1,0,1,0,0,1,0
323005,0,0,0,1,0,1,0,0,1,0
323006,1,0,0,0,0,1,0,0,1,0
323007,0,0,0,0,0,0,0,0,1,0
323008,0,0,0,0,0,1,0,0,1,0
323009,0,0,0,0,0,1,0,0,1,1
323010,0,1,0,0,0,1,0,0,1,0
323011,0,0,0,1,0,1,1,0,1,0
323012,0,0,1,0,0,0,1,1,1,1
323013,0,0,0,0,0,1,1,0,1,0
323014,0,0,0,1,0,1,0,1,1,0
323015,0,1,0,0,0,1,0,0,1,0
323016,0,0,0,0,0,1,0,0,1,0
323017,0,1,0,0,0,1,1,1,1,0
323018,0,0,0,0,0,0,0,0,1,0
323019,0,1,0,0,0,1,1,0,1,0
323020,0,1,0,0,0,0,0,0,1,0
324001,0,0,0,0,1,1,1,1,1,0
324002,0,0,0,0,0,0,0,0,1,0
324003,0,0,0,0,0,0,0,0,1,0
324004,0,0,0,0,0,0,0,0,1,0
324005,0,0,0,0,0,0,0,0,1,0
324006,0,0,0,0,0,0,0,0,1,0
324007,0,0,0,1,0,0,0,0,1,0
324008,0,0,0,1,0,0,0,0,1,0
324009,0,0,0,0,0,0,1,1,1,0
324010,0,0,0,0,0,0,0,0,1,0
324011,0,0,0,0,0,0,0,0,0,0
324012,0,0,0,0,0,0,0,0,1,0
324013,0,0,0,0,0,0,0,0,1,0
324014,0,0,0,0,0,0,0,0,1,0
324015,0,0,0,0,0,0,0,1,1,0
324016,0,0,0,1,0,0,0,1,1,1
324017,0,0,0,0,0,0,0,0,1,0
324018,0,1,0,0,0,0,0,0,1,0
324019,0,1,0,0,0,0,0,0,1,0
324020,0,1,0,0,0,0,0,1,1,0
325001,0,1,0,1,0,0,1,1,1,1
325002,0,0,0,1,0,0,1,0,1,0
325003,0,0,0,0,0,0,1,1,1,0
325004,0,0,0,0,0,0,0,0,1,0
325005,0,0,0,1,0,0,0,0,1,0
325006,0,1,0,0,0,0,1,1,1,0
325007,0,1,0,0,0,0,0,0,1,0
325008,0,1,0,0,0,0,1,1,1,0
325010,1,0,0,0,0,0,0,0,1,0
325011,0,1,0,1,0,0,0,0,1,0
325012,0,0,0,0,0,0,0,0,1,0
325013,0,0,0,0,0,0,0,1,1,0
325014,0,0,0,1,0,0,1,0,1,0
325015,0,0,0,0,0,0,1,1,1,0
325016,0,0,0,0,0,0,0,0,1,0
325017,0,0,0,1,0,0,1,1,1,1
325018,0,0,0,1,0,0,1,1,1,1
325019,0,0,0,1,0,0,1,1,1,1
325020,0,0,1,0,0,0,0,1,1,0
326001,0,1,0,1,0,0,0,0,1,0
326002,0,0,0,0,0,0,0,0,1,0
326003,0,0,0,0,0,0,0,0,1,0
326004,0,0,0,0,0,0,0,0,1,0
326005,0,1,0,0,0,0,0,0,1,0
326006,0,,0,0,0,0,0,0,1,0
326007,0,0,0,0,0,0,0,0,1,0
326008,0,0,0,0,0,0,0,0,1,0
326009,0,0,0,1,0,0,0,0,1,0
326010,0,0,0,0,0,0,0,0,1,0
326011,0,0,0,0,0,0,0,0,1,0
326013,0,0,0,1,0,0,0,0,0,1
326014,0,1,0,0,0,0,0,0,1,0
326015,0,0,0,0,0,0,0,0,1,0
326016,0,0,0,0,0,0,0,0,1,0
326017,0,1,0,0,0,0,0,0,1,0
326018,0,0,0,0,0,0,0,0,1,1
326020,0,0,0,0,0,0,0,0,1,0
327001,0,0,0,0,0,0,0,0,1,0
327002,0,0,0,0,0,0,0,0,1,0
327003,0,0,0,0,0,0,0,0,1,0
327004,0,0,0,0,0,0,0,0,1,0
327005,0,0,0,0,0,0,0,0,1,0
327006,0,1,0,0,0,0,0,0,1,0
327007,0,1,0,0,0,0,0,0,1,0
327008,0,0,0,0,0,0,0,0,1,0
327009,0,1,0,0,0,0,0,0,1,0
327011,0,1,0,0,0,0,0,0,1,0
327012,0,0,0,0,0,0,0,0,1,0
327013,0,0,0,1,0,0,0,1,1,0
327014,0,1,0,0,0,0,0,0,1,0
327015,0,0,0,1,0,0,0,0,1,0
327016,0,0,0,0,0,0,0,0,1,0
327017,0,1,0,0,0,0,0,0,1,0
327018,0,0,0,0,0,0,0,0,1,0
327019,0,0,0,0,0,0,0,0,1,0
327020,0,0,0,0,0,0,0,0,1,0
328001,0,0,0,0,0,0,0,0,1,0
328002,0,0,0,1,0,0,0,0,1,0
328003,0,0,0,1,0,0,0,1,1,1
328004,0,0,0,0,0,0,0,0,1,0
328005,0,0,0,0,0,0,0,0,1,0
328006,0,0,0,1,0,0,0,0,1,0
328007,0,0,0,0,0,0,0,0,1,0
328008,0,0,0,0,0,0,0,0,1,0
328009,0,0,0,0,0,0,0,0,1,0
328010,0,0,0,0,0,0,0,0,1,0
328011,0,0,0,0,0,0,0,1,1,0
328012,0,0,0,0,0,0,0,0,1,0
328013,0,0,0,0,0,0,0,0,1,0
328014,0,0,0,0,0,0,0,0,1,0
328015,0,0,0,0,0,0,0,0,1,0
328016,0,1,0,0,0,0,0,0,1,0
328017,0,0,0,0,0,0,0,0,1,0
328018,0,0,0,0,0,0,0,0,1,0
328019,0,0,0,0,0,0,0,0,0,0
328020,0,0,0,0,0,0,0,0,1,0
329001,0,0,0,1,0,0,1,0,1,0
329002,0,0,0,1,0,0,0,0,1,0
329003,0,1,0,0,0,0,0,0,1,0
329004,0,0,0,0,0,0,0,0,1,0
329005,0,0,0,0,0,0,0,0,1,0
329006,0,0,0,1,0,0,0,0,1,0
329007,0,0,0,0,0,0,0,0,1,0
329008,0,0,0,1,0,0,0,0,1,0
329009,0,0,0,0,0,0,0,0,1,0
329010,0,0,0,0,0,0,0,0,1,0
329011,0,0,0,0,0,0,0,0,1,0
329012,0,0,0,1,0,0,0,0,1,0
329013,0,0,0,0,0,0,0,0,0,0
329014,1,0,0,0,0,0,0,0,1,0
329015,0,0,0,0,0,0,0,0,1,0
329016,0,0,1,0,0,0,0,0,1,0
329017,0,0,0,0,0,0,0,0,1,0
329018,0,0,0,1,0,0,0,0,1,0
329019,0,0,0,0,0,0,0,0,1,0
329020,0,0,0,0,0,0,1,0,0,0
330001,0,0,0,0,0,0,0,0,1,0
330002,0,0,0,0,0,0,0,0,1,0
330003,0,0,0,0,0,0,1,0,1,0
330004,0,0,0,0,0,0,0,1,1,0
330005,0,0,1,1,0,0,0,1,1,0
330006,0,0,1,1,0,0,0,1,1,0
330007,0,0,0,0,0,0,1,0,1,0
330008,0,0,0,0,0,0,0,0,1,0
330009,0,,0,0,0,0,0,0,1,0
330010,0,0,1,1,0,0,0,1,1,0
330011,0,0,1,0,0,0,0,1,1,0
330012,0,0,0,0,0,0,1,1,1,0
330013,0,0,0,1,0,0,1,1,1,0
330014,0,0,0,0,0,0,0,0,1,0
330015,0,0,0,0,0,0,0,0,1,0
330016,0,0,0,0,0,0,0,0,1,0
330017,0,0,0,1,0,0,1,1,1,1
330018,0,0,0,0,0,0,0,0,1,0
330019,0,0,0,0,0,0,0,0,1,0
330020,0,0,0,0,0,0,0,0,1,0
331001,0,0,0,1,0,0,0,0,1,0
331002,0,1,0,0,0,0,0,0,1,0
331003,0,0,0,1,0,0,0,0,1,0
331004,0,0,0,0,0,0,1,0,1,0
331005,0,0,0,1,0,0,0,0,1,1
331006,0,0,0,0,0,0,0,0,1,0
331007,0,0,0,0,0,0,1,0,1,0
331010,0,0,0,0,0,0,0,0,1,0
331011,0,0,0,0,0,0,0,0,1,0
331012,0,0,0,0,0,0,0,0,1,0
331013,0,0,0,0,0,0,0,1,1,0
331014,0,0,0,0,0,0,0,0,1,0
331015,0,0,0,0,0,0,0,0,1,0
331016,0,1,0,1,0,0,0,0,1,0
331017,0,0,0,0,0,0,0,0,1,0
331018,0,0,1,0,0,0,0,0,1,0
331019,0,1,0,0,0,0,0,0,1,0
331020,0,0,0,0,0,0,0,0,1,0
332001,0,0,0,0,0,0,1,0,0,0
332002,0,0,0,0,0,0,0,1,1,0
332003,0,0,0,0,0,0,0,0,1,0
332004,0,0,0,0,0,1,0,1,1,1
332005,0,1,0,0,0,0,0,0,1,0
332006,0,0,0,0,0,0,0,0,1,0
332007,0,0,0,0,0,0,0,0,1,0
332008,0,0,0,0,0,1,0,1,1,0
332009,0,0,0,0,0,0,0,0,1,0
332010,0,0,0,0,0,0,0,0,1,0
332011,0,0,0,0,0,0,0,0,1,0
332012,0,0,0,0,0,0,1,0,1,0
332013,0,0,0,0,0,0,0,1,1,0
332014,0,0,0,0,0,0,0,0,1,1
332015,0,0,0,0,0,1,1,1,1,0
332016,0,0,0,0,0,0,0,0,1,0
332017,0,0,0,0,0,0,0,0,1,0
332018,0,1,0,0,0,0,0,1,1,0
332019,0,0,0,0,0,0,1,0,1,0
332020,0,0,0,0,0,1,0,0,1,0
333001,0,0,0,0,0,0,0,0,1,0
333002,0,0,0,0,0,0,0,0,1,0
333003,0,0,0,0,0,0,0,0,1,0
333004,0,0,0,1,0,0,0,0,1,0
333006,0,0,0,0,0,1,1,0,1,0
333007,0,1,0,1,0,1,1,0,1,0
333008,0,0,0,0,0,0,0,0,1,0
333009,0,1,0,0,0,0,0,1,1,0
333010,0,1,0,0,0,1,0,0,1,0
333011,0,0,0,0,0,1,0,0,1,0
333012,0,0,0,0,0,0,0,0,1,0
333013,0,0,0,0,0,1,0,0,1,0
333014,0,0,0,1,0,0,0,0,1,0
333015,0,0,0,0,0,0,0,1,1,0
333016,0,0,0,1,0,1,1,0,1,0
333017,0,0,0,0,0,1,0,1,1,0
333018,0,0,0,1,0,1,0,1,1,0
333019,0,0,0,1,0,1,0,1,1,0
333020,0,0,0,1,0,0,0,0,1,0
334001,0,0,0,1,0,1,0,0,1,0
334002,0,0,0,0,0,1,0,0,1,0
334003,0,1,0,0,0,1,1,0,1,0
334004,0,0,0,1,1,1,1,1,1,0
334005,1,1,0,1,0,1,1,1,1,0
334006,0,1,0,0,0,1,0,1,1,0
334007,0,0,0,0,0,1,0,1,1,0
334008,0,0,0,0,0,1,1,0,1,0
334009,0,0,0,1,0,1,0,0,1,0
334010,0,0,0,0,0,1,0,1,1,0
334011,0,0,0,0,0,1,0,1,1,0
334012,0,0,0,1,1,1,1,1,1,0
334013,1,0,0,0,0,1,1,1,1,0
334014,0,0,0,0,0,1,1,0,1,0
334015,0,0,0,1,1,0,0,1,1,1
334016,0,0,0,1,0,1,1,0,1,0
334017,0,0,1,1,0,1,1,1,1,0
334018,0,0,0,0,0,1,0,0,1,0
335001,0,0,0,0,0,1,0,1,1,0
335002,0,0,0,1,0,1,0,0,1,0
335003,0,0,0,0,0,1,0,0,1,0
335004,0,1,0,1,0,1,1,0,1,0
335005,0,1,0,0,0,1,0,0,1,0
335006,0,0,0,0,0,1,0,0,1,0
335007,0,1,0,0,0,1,0,0,1,0
335008,0,1,0,0,0,1,0,0,1,0
335009,0,0,0,0,0,0,0,0,1,0
335010,0,1,1,1,1,1,1,1,1,0
335011,0,0,0,1,1,1,0,1,1,1
335012,0,0,0,1,0,1,0,1,1,1
335013,0,0,0,1,0,1,1,1,1,0
335014,0,0,1,0,0,1,1,0,1,0
335015,0,1,0,0,0,1,0,0,1,0
335016,0,0,0,0,0,1,1,1,1,0
335017,0,0,0,1,0,1,0,0,1,0
335018,0,0,0,0,0,1,1,0,1,0
335019,1,0,0,1,0,1,0,1,1,0
335020,0,0,0,1,0,1,1,1,1,0
336001,0,0,0,1,0,1,1,1,1,0
336002,0,0,0,1,1,0,0,0,1,0
336003,0,0,0,1,1,1,1,1,1,0
336004,0,0,0,1,1,1,1,0,1,0
336005,0,1,0,1,1,1,1,0,1,0
336006,0,0,0,0,1,0,1,0,1,0
336007,0,0,0,1,1,0,1,0,1,0
336008,0,1,0,1,1,1,0,0,1,1
336009,1,0,0,1,1,0,1,0,1,0
336010,0,0,0,1,1,1,1,1,1,0
336011,0,0,0,1,1,0,1,0,1,1
336012,0,0,0,0,1,1,1,0,1,0
336013,0,0,0,0,0,0,0,0,1,0
336014,0,0,0,1,1,1,1,1,1,0
336015,0,1,0,1,1,1,0,0,1,0
336016,0,0,0,1,1,0,1,0,1,1
336017,0,0,0,0,1,0,1,0,1,0
336018,0,0,0,0,1,0,1,0,1,0
336019,0,0,0,0,1,1,1,1,1,0
336020,0,0,0,0,0,1,1,0,1,0
337001,0,0,1,0,1,1,1,1,1,1
337002,0,0,0,1,1,1,1,1,1,1
337003,0,0,1,1,0,1,1,0,1,0
337005,0,0,0,0,0,1,1,0,1,0
337006,0,0,1,0,1,1,1,0,1,0
337007,0,0,1,1,0,1,1,1,1,1
337008,0,0,0,1,1,1,1,1,1,1
337009,0,0,0,0,0,1,1,0,1,0
337010,1,0,0,0,0,1,1,0,1,0
337011,0,1,0,0,1,1,1,1,1,1
337012,0,1,0,0,0,1,1,1,1,0
337013,0,1,0,1,1,1,1,0,1,1
337014,0,0,0,1,0,1,1,1,1,0
337015,0,1,0,1,0,1,1,1,1,0
337016,0,1,0,1,0,1,1,0,1,1
337017,0,0,0,0,0,1,1,0,1,1
337018,0,0,0,1,0,1,1,1,1,0
337019,0,0,0,0,1,1,1,1,1,1
337020,0,1,0,1,1,1,1,1,1,1
338001,0,0,0,0,0,0,0,0,1,0
338002,0,0,0,1,0,0,0,0,1,0
338003,0,0,0,0,0,0,0,0,1,0
338004,0,1,0,1,1,0,1,1,1,1
338005,0,0,0,1,0,0,0,0,1,1
338006,0,0,0,0,1,0,1,1,1,1
338007,0,0,0,0,0,1,0,1,1,0
338008,0,0,0,1,0,1,0,1,1,0
338010,0,0,0,0,0,0,0,1,1,0
338011,0,0,0,1,0,1,0,1,1,0
338012,0,0,0,1,0,0,1,0,1,0
338013,0,0,0,1,0,0,0,0,1,0
338014,0,1,0,1,0,0,0,0,1,1
338015,0,0,0,1,0,1,0,0,1,0
338016,0,0,0,1,0,1,0,1,1,0
338017,0,1,0,0,0,0,0,0,1,1
338018,0,0,0,0,0,0,0,1,1,1
338019,0,0,0,1,0,0,0,1,1,1
338020,0,0,0,1,0,0,1,0,1,0
339002,0,0,0,0,0,0,0,0,1,0
339003,0,0,0,0,0,0,0,0,1,0
339004,0,0,0,0,0,0,0,0,1,0
339005,0,0,0,0,0,0,0,0,1,0
339006,0,0,0,0,0,0,0,0,0,0
339007,0,1,1,1,0,0,1,0,1,0
339008,0,0,1,1,0,0,1,0,1,0
339009,0,0,0,0,0,0,0,0,1,0
339010,0,0,0,0,0,0,0,1,1,0
339011,0,1,0,0,0,0,0,0,1,0
339012,0,0,0,0,0,0,1,0,1,0
339013,0,0,0,1,0,0,0,0,1,0
339014,0,0,0,0,0,0,0,0,1,0
339015,0,0,0,0,0,0,0,0,1,0
339016,0,0,0,0,0,0,0,0,1,1
339017,0,0,0,0,0,0,0,0,1,0
339018,1,0,0,1,0,0,0,0,1,1
339019,0,0,0,0,0,0,0,0,1,0
339020,0,0,0,0,0,0,1,0,0,0
340001,0,0,0,0,0,0,0,0,1,0
340002,0,0,0,0,0,0,0,0,0,0
340003,0,0,0,0,0,0,0,1,1,0
340004,0,0,0,0,0,0,0,0,1,0
340005,0,0,0,0,0,0,0,0,1,0
340006,0,0,0,0,0,0,0,0,1,0
340007,0,0,0,0,0,0,0,0,1,0
340008,0,0,0,1,0,0,0,0,1,0
340009,0,0,0,0,0,0,0,0,1,0
340010,0,0,0,0,0,0,0,0,1,0
340011,0,1,0,0,0,0,0,0,1,0
340012,0,0,0,0,0,0,0,0,1,0
340013,0,0,0,0,0,0,0,0,0,0
340014,0,0,0,1,0,0,0,0,1,0
340015,0,0,0,0,0,1,0,0,1,0
340016,0,0,0,1,0,0,0,0,1,0
340017,0,0,0,1,0,0,0,0,1,0
340018,0,0,0,1,0,0,0,0,1,0
340019,0,0,0,0,0,0,0,0,1,0
340020,0,0,0,0,0,0,0,0,1,0
341001,0,1,0,1,0,1,0,0,1,1
341002,0,0,0,0,0,1,1,0,1,0
341003,0,1,0,0,0,1,1,0,1,1
341004,0,1,0,0,0,1,0,0,1,0
341005,0,0,0,0,0,1,0,0,1,1
341006,0,0,0,0,0,1,0,1,1,1
341007,0,0,0,1,1,1,1,1,1,1
341008,0,1,0,1,1,1,1,1,1,1
341009,0,1,0,0,0,0,1,0,1,0
341010,0,0,1,1,0,1,1,0,1,1
341011,0,0,0,0,1,1,1,0,1,0
341012,0,0,0,0,0,1,0,0,1,0
341014,0,0,0,1,0,1,0,1,1,1
341015,0,0,0,1,0,1,1,1,1,1
341016,0,1,0,1,0,1,0,0,1,1
341017,0,0,0,0,0,1,0,0,1,0
341018,0,0,0,1,0,1,1,0,1,0
341019,0,0,0,0,0,1,1,0,1,0
341020,0,0,0,0,0,0,0,0,1,0
342001,0,0,0,0,0,1,0,0,1,0
342002,0,0,0,0,0,1,0,0,1,1
342003,0,1,1,0,0,1,1,0,1,0
342004,0,0,0,0,0,0,1,0,1,0
342005,0,0,0,0,0,1,0,0,1,0
342006,0,1,0,0,0,1,0,0,1,0
342007,0,1,0,0,0,1,0,0,1,0
342008,0,0,0,0,0,1,0,0,1,0
342009,0,0,0,0,0,1,0,0,1,1
342010,0,0,0,1,0,1,0,1,1,1
342011,0,1,0,0,0,1,1,0,1,0
342012,0,0,1,1,0,1,0,0,1,0
342013,0,0,1,1,0,1,0,0,1,0
342014,0,1,0,0,0,1,1,0,1,0
342015,0,0,0,0,0,1,1,0,1,0
342016,0,0,0,0,0,1,0,0,1,0
342017,0,0,0,0,0,1,0,0,1,0
342018,0,1,0,0,0,1,0,0,1,1
342019,0,0,0,1,0,1,1,0,1,0
342020,0,1,0,1,0,1,0,0,1,0
343001,0,1,0,0,0,1,1,1,1,0
343002,1,1,0,1,0,1,0,1,1,1
343003,0,0,0,0,0,1,1,1,1,1
343004,0,1,0,1,0,1,1,1,1,0
343005,0,0,0,1,0,1,0,0,1,0
343006,0,0,0,0,0,0,0,0,1,0
343007,0,0,0,0,0,0,0,0,1,1
343008,0,0,0,0,0,0,1,1,1,0
343009,0,0,0,0,0,0,0,1,1,0
343010,0,0,0,0,0,1,1,1,1,1
343011,0,1,0,1,0,1,1,1,1,0
343012,0,0,0,1,0,0,0,0,1,0
343014,0,0,0,0,0,0,0,1,1,0
343015,0,0,0,0,0,1,0,0,1,0
343016,0,0,0,0,0,0,0,0,1,0
343017,0,0,0,1,1,1,1,1,1,1
343018,0,1,0,0,0,1,0,0,1,0
343020,0,1,0,1,0,1,1,1,1,0
344001,0,0,0,0,0,0,1,0,1,0
344002,0,0,1,1,0,0,1,0,1,0
344003,0,1,0,0,0,0,0,0,1,0
344004,0,0,0,0,0,0,0,0,1,0
344005,0,1,0,0,0,0,0,0,1,0
344006,0,1,0,0,0,0,1,0,1,0
344007,0,1,0,0,0,1,1,1,1,0
344008,0,1,0,0,0,0,0,0,1,0
344009,0,0,0,0,0,0,0,0,1,0
344010,0,1,0,0,0,1,1,0,1,0
344011,0,0,0,0,0,1,0,0,1,0
344012,0,0,0,0,0,0,0,0,1,0
344013,0,0,0,0,0,1,0,0,1,0
344014,0,1,0,0,0,0,0,0,1,0
344015,0,0,0,1,0,1,1,1,1,1
344016,0,0,0,1,0,1,0,0,1,0
344017,0,0,0,0,0,0,0,0,1,0
344018,0,0,0,0,0,0,0,0,1,0
344019,0,0,0,0,0,0,1,0,1,0
344020,0,1,0,0,0,0,0,0,1,0
345001,0,0,1,0,0,0,1,0,1,0
345002,0,0,1,0,0,0,0,0,1,0
345003,0,0,0,1,0,0,0,0,1,1
345004,0,0,1,1,0,0,0,0,1,1
345005,0,0,0,1,0,0,0,0,1,1
345006,0,0,0,0,0,0,1,0,1,0
345007,0,0,0,1,0,0,0,0,1,0
345008,0,0,0,1,0,0,0,0,1,0
345009,0,0,0,1,0,0,0,0,1,0
345010,0,0,0,1,0,0,1,1,1,0
345011,0,0,0,0,0,0,0,0,1,0
345012,0,0,0,1,0,0,0,0,1,0
345013,,0,0,0,0,0,0,0,1,0
345014,0,1,0,1,0,0,0,0,1,0
345015,0,0,0,1,0,0,0,0,1,1
345016,0,0,0,1,0,0,1,1,1,0
345017,0,1,0,1,0,0,0,0,1,0
345018,0,0,0,1,0,0,0,0,1,0
345019,0,0,0,1,0,0,1,0,1,0
345020,0,0,0,1,0,0,1,0,1,0
346001,0,1,0,1,0,0,0,0,1,0
346003,0,0,0,0,0,0,0,0,1,0
346004,0,0,0,0,0,0,0,0,1,0
346005,0,0,0,1,0,0,1,1,1,0
346006,0,0,0,1,0,0,0,0,1,1
346007,0,0,0,1,0,0,0,1,1,1
346008,0,0,0,0,0,0,0,0,1,0
346009,0,0,0,0,0,0,0,0,1,0
346010,0,0,0,0,0,0,0,0,1,0
346011,0,1,0,1,0,0,0,0,1,0
346012,0,0,0,1,0,0,0,0,1,0
346013,0,0,0,0,0,0,0,0,1,0
346014,0,0,0,0,0,0,0,0,1,0
346015,0,0,0,1,0,0,0,0,1,0
346016,0,0,0,0,0,0,0,0,1,0
346017,0,0,0,0,0,0,0,0,1,0
346018,0,0,0,0,0,0,0,0,1,0
346019,0,0,0,0,0,0,0,1,1,0
346020,0,0,0,0,0,0,0,0,1,0
347001,0,0,0,1,0,0,0,0,1,0
347002,0,0,0,0,0,0,0,0,1,0
347003,0,0,0,1,0,0,0,0,1,0
347004,0,0,0,1,0,0,0,0,1,0
347005,0,0,0,1,0,0,0,0,1,1
347006,0,0,0,1,0,0,0,0,1,0
347007,0,0,0,0,0,0,1,0,1,0
347008,0,0,0,0,0,0,1,0,1,0
347009,0,0,0,0,0,0,0,0,1,0
347010,0,0,0,1,0,0,0,1,1,0
347011,0,0,0,1,0,0,0,0,1,1
347012,0,0,0,1,0,0,0,0,1,0
347013,0,0,0,0,0,0,1,0,1,0
347014,0,0,0,1,0,0,0,0,1,0
347015,0,0,0,1,0,0,0,0,1,1
347016,0,0,0,1,0,0,0,0,1,0
347017,0,0,0,1,0,0,0,0,1,0
347018,0,0,0,1,0,1,1,0,1,0
347019,0,0,0,1,0,0,0,0,1,0
347020,0,0,0,0,0,0,0,0,1,0
348001,0,0,0,0,0,1,0,1,1,0
348002,0,0,0,0,0,1,0,0,1,0
348003,0,1,0,0,0,1,0,1,1,0
348004,0,0,0,1,0,0,1,0,1,0
348005,0,0,0,0,0,0,0,0,0,0
348006,0,0,0,1,0,1,1,0,1,0
348007,0,1,0,1,0,0,0,0,1,0
348008,0,0,0,0,0,0,0,0,1,0
348009,0,0,0,0,1,0,1,0,1,0
348010,0,0,0,1,0,0,1,0,1,0
348012,0,0,0,0,0,0,0,1,1,0
348013,0,0,0,1,0,0,1,1,1,0
348014,0,1,0,1,0,1,1,0,1,0
348015,0,0,0,1,0,1,1,1,1,1
348016,0,0,0,1,0,1,0,0,1,0
348017,0,0,0,0,0,1,1,0,1,0
348018,0,0,0,0,0,1,1,0,1,0
348019,0,0,0,1,0,0,1,0,1,0
348020,0,0,0,1,0,0,1,0,1,0
349001,0,0,0,0,0,0,0,0,1,0
349002,0,0,0,0,0,0,0,0,1,0
349003,0,0,0,0,0,0,0,1,1,0
349004,0,0,0,0,0,0,1,0,0,0
349005,0,0,0,0,0,0,0,1,1,0
349006,0,0,0,0,0,0,1,0,1,0
349007,0,0,0,0,0,0,0,0,1,0
349008,0,0,0,0,0,0,0,0,1,0
349009,0,0,0,0,0,0,1,1,1,0
349010,0,0,0,0,0,0,1,0,1,0
349011,0,0,0,0,0,0,0,0,1,0
349012,0,0,0,1,0,0,0,0,1,0
349013,0,0,0,1,0,0,1,0,1,0
349014,0,0,0,0,0,1,1,1,1,0
349015,0,0,0,0,0,0,0,0,1,0
349016,0,0,0,0,0,1,1,0,1,0
349017,0,0,0,0,0,1,1,1,1,0
349018,0,0,0,1,0,1,0,0,1,0
349019,0,0,0,1,0,1,1,1,1,1
349020,0,1,0,1,0,1,0,1,1,0
350001,0,0,0,1,1,1,1,0,1,1
350002,0,0,1,0,1,1,1,0,1,1
350003,0,0,0,1,1,1,1,0,1,1
350004,0,0,1,0,0,1,1,0,1,0
350005,0,0,0,1,1,1,1,0,1,1
350006,0,0,0,1,1,1,1,0,1,1
350007,0,0,0,0,1,1,1,0,1,1
350008,0,1,0,0,1,1,1,0,1,1
350009,0,0,1,1,1,1,1,1,1,1
350010,0,0,0,1,1,1,1,1,1,1
350011,0,1,0,0,1,1,1,1,1,0
350012,1,0,0,1,1,1,1,1,1,0
350013,0,1,0,1,1,1,1,0,1,1
350014,0,0,0,1,1,1,1,1,1,1
350015,0,0,1,1,1,1,1,1,1,1
350016,0,0,0,1,1,1,1,0,1,1
350017,0,0,0,1,1,1,1,1,1,1
350018,0,0,1,1,1,1,1,1,1,1
350019,0,0,1,1,1,1,1,1,1,1
350020,0,0,1,1,1,1,1,1,1,1
351001,0,0,0,0,0,0,0,0,1,0
351002,0,0,0,1,0,0,0,0,1,0
351003,0,0,0,0,0,0,1,0,1,0
351004,0,0,0,0,0,0,0,1,1,0
351005,0,0,0,1,0,0,0,0,1,0
351006,0,0,0,1,0,0,1,0,1,0
351007,0,0,0,0,0,0,1,0,1,0
351008,0,0,0,0,0,0,1,0,1,0
351009,0,0,0,0,0,0,0,0,1,0
351010,0,1,0,0,0,0,0,0,1,0
351011,0,0,0,0,0,0,0,0,1,0
351012,0,0,0,0,0,0,1,0,1,0
351013,0,0,0,0,0,0,1,0,1,0
351014,0,0,0,0,0,0,0,0,1,0
351015,0,0,0,0,0,0,0,0,1,0
351016,0,1,0,0,0,0,0,1,1,0
351017,0,0,0,0,0,0,1,0,1,0
351018,0,1,0,0,0,0,0,0,1,0
351019,0,0,0,0,0,0,0,0,1,0
351020,0,0,0,0,0,0,0,0,1,0
352001,0,0,0,0,0,0,0,0,1,0
352002,0,0,0,0,0,0,0,0,1,0
352003,0,0,0,0,0,0,0,0,1,0
352004,0,0,0,0,0,1,0,0,1,0
352005,0,0,0,0,0,0,1,0,1,0
352006,0,0,0,0,0,0,0,0,1,0
352007,0,0,0,1,0,0,0,0,1,0
352008,0,0,0,0,0,1,1,0,1,0
352009,0,0,0,0,0,0,1,0,1,0
352010,0,0,1,0,0,0,1,0,1,0
352011,0,0,0,0,0,0,0,0,1,0
352012,0,0,0,1,0,1,0,0,1,0
352013,0,1,0,0,0,0,0,0,1,0
352014,0,0,0,0,0,0,0,0,1,0
352015,0,0,0,0,0,0,1,1,1,1
352016,0,1,0,0,0,0,0,0,1,0
352017,0,0,0,0,0,0,0,0,1,0
352018,0,0,0,0,0,1,0,1,1,0
352019,0,0,0,1,0,0,0,0,0,0
353001,0,0,0,0,0,0,0,0,1,0
353004,0,1,1,0,0,0,0,1,1,0
353006,0,0,0,0,0,0,0,0,1,0
353007,0,0,0,0,0,0,0,0,1,0
353008,0,0,0,0,0,0,0,0,1,0
353009,0,1,0,0,0,0,0,0,1,0
353010,0,0,0,0,0,0,0,1,1,0
353011,0,0,0,1,0,0,0,0,1,0
353012,0,0,0,1,0,0,0,0,1,0
353013,0,0,0,0,0,0,0,0,1,0
353014,0,1,0,0,0,0,0,0,1,0
353015,0,0,0,0,0,0,0,0,1,0
353016,0,0,0,0,0,0,0,0,1,0
353017,0,1,0,0,0,0,0,0,1,0
353018,0,0,0,0,0,0,0,0,1,0
353019,0,1,0,0,0,0,1,1,1,0
354002,0,0,0,1,0,0,1,0,1,1
354003,0,1,0,1,0,0,1,1,1,0
354005,0,0,0,0,0,0,0,0,1,0
354006,0,0,0,0,0,0,0,0,1,0
354008,0,0,0,0,0,0,0,1,1,0
354009,0,1,0,1,0,0,0,0,1,0
354010,0,0,0,0,0,0,0,0,1,0
354011,0,0,0,0,0,0,1,1,1,0
354012,0,0,0,1,0,0,0,0,1,0
354013,0,0,0,1,0,0,0,0,1,0
354014,0,1,0,1,0,0,0,0,1,0
354015,0,0,0,0,0,0,0,0,1,0
354017,0,0,0,1,0,0,0,1,1,0
354018,0,0,0,0,0,0,0,1,1,0
354020,0,0,0,0,0,0,0,0,1,0
355001,0,0,0,1,0,0,1,0,1,1
355002,0,0,1,0,1,0,1,1,1,0
355003,1,0,0,0,0,0,0,0,1,1
355004,0,0,0,1,0,0,0,0,0,0
355005,0,0,0,1,0,0,1,0,1,0
355006,0,1,0,1,1,0,0,1,1,1
355007,0,0,0,1,0,0,0,0,1,1
355008,1,1,0,1,0,0,0,0,1,0
355009,0,1,0,1,0,0,0,0,1,1
355010,0,0,0,0,1,0,1,1,1,1
355011,0,0,0,0,0,0,0,0,1,0
355012,0,1,0,0,0,0,0,0,1,0
355013,0,0,0,1,0,0,0,0,1,0
355014,0,0,0,1,0,0,0,1,1,1
355015,0,1,0,0,0,0,1,1,1,1
355016,0,0,0,1,1,0,1,0,1,1
355017,0,0,0,1,0,0,0,0,1,0
355018,0,0,0,1,1,0,1,1,1,1
355019,0,0,0,1,1,0,1,1,1,0
355020,0,0,0,1,1,0,1,1,0,1
356001,0,0,0,0,0,1,0,1,1,0
356002,0,0,0,0,0,1,0,0,1,1
356003,0,0,0,1,0,1,0,1,1,1
356004,0,0,0,0,0,1,0,0,1,0
356005,0,1,0,0,0,1,0,1,1,0
356006,0,1,0,0,0,0,0,0,1,0
356007,0,0,0,0,0,1,0,1,1,1
356008,0,0,0,0,0,1,1,1,1,0
356009,0,0,0,0,0,0,0,0,1,0
356010,0,0,0,1,0,1,1,1,1,0
356011,0,0,1,1,0,0,0,1,1,0
356012,0,0,0,1,0,0,0,0,1,0
356013,0,0,0,1,0,0,1,0,1,0
356014,0,1,0,0,0,0,0,0,1,0
356015,0,0,0,1,0,0,0,0,1,0
356016,0,0,0,1,0,1,1,1,1,0
356017,0,0,0,0,0,1,0,0,1,0
356018,0,1,0,0,0,0,1,1,1,0
356019,0,0,0,1,0,1,1,1,1,1
356020,0,0,0,1,0,1,0,0,1,0
357001,0,1,0,0,0,1,1,1,1,0
357002,0,0,0,0,0,0,0,0,0,0
357003,0,0,0,0,0,0,0,0,1,0
357004,0,0,0,0,0,0,1,0,1,0
357005,0,0,0,1,1,1,1,1,1,1
357006,0,0,0,1,0,1,0,1,1,1
357007,0,0,0,1,0,0,0,0,1,0
357008,0,0,0,0,0,0,0,0,1,0
357009,0,1,0,0,0,0,1,0,1,0
357010,0,1,0,0,0,0,0,0,1,0
357011,0,0,0,0,0,0,0,0,1,0
357012,0,0,0,1,0,0,0,0,1,0
357013,0,0,0,1,0,0,1,0,1,0
357014,0,0,0,0,0,0,0,0,1,0
357015,0,0,0,0,0,0,1,0,1,0
357016,0,0,0,0,0,0,0,0,1,0
357017,0,0,0,1,0,0,1,0,1,0
357018,0,0,0,0,0,1,0,0,1,0
357019,0,1,0,0,0,0,1,0,1,0
357020,0,0,0,0,0,0,0,0,1,0
358001,0,0,0,0,0,0,0,0,1,0
358002,0,0,0,0,0,0,0,0,1,0
358003,0,1,0,0,0,0,0,0,1,0
358004,0,0,0,0,0,0,0,0,1,0
358005,0,0,0,0,0,0,0,0,1,0
358006,0,0,0,0,0,0,0,0,1,0
358008,0,0,0,0,0,0,0,1,1,0
358009,0,0,0,1,0,0,0,0,1,0
358010,0,0,0,1,0,0,0,0,1,0
358011,0,0,0,0,0,0,0,0,1,0
358012,0,0,0,0,0,0,0,1,1,0
358013,0,0,0,1,0,0,1,1,1,0
358014,0,0,0,0,0,0,1,1,1,0
358015,0,0,0,1,0,0,0,0,1,0
358016,0,0,0,1,0,0,1,1,1,1
358017,0,0,0,1,0,0,1,1,1,1
358020,0,0,0,1,0,0,1,0,1,0
359001,0,0,0,0,0,0,0,0,1,0
359002,0,1,0,0,0,0,0,0,1,0
359003,0,0,0,0,0,0,1,0,0,0
359004,0,0,0,0,0,0,0,0,1,0
359005,0,1,0,0,0,0,0,0,1,0
359006,0,0,0,0,0,0,0,0,1,0
359008,0,0,0,0,0,0,0,0,1,0
359009,0,0,0,0,0,0,0,0,1,0
359010,0,0,0,0,0,0,0,0,1,0
359011,0,0,0,1,0,0,0,0,1,0
359013,0,0,0,0,0,0,0,0,1,0
359014,0,0,0,0,0,0,0,0,1,0
359015,0,0,0,0,0,0,0,0,1,0
359016,0,0,0,1,0,0,0,0,1,0
359017,0,0,0,1,0,0,0,0,1,0
359018,0,0,0,0,0,0,0,0,1,0
359019,0,0,0,1,0,0,0,0,1,0
359020,0,1,0,1,0,0,0,0,1,0
360001,0,0,0,1,0,0,0,1,1,1
360003,0,0,0,0,0,0,1,0,1,0
360004,0,0,0,1,0,0,1,0,1,0
360005,0,0,0,1,0,0,1,0,1,1
360007,0,0,0,1,0,0,1,1,1,1
360008,0,1,0,1,1,0,1,1,1,1
360009,0,0,0,0,0,0,1,1,1,1
360010,0,0,0,0,0,0,1,1,1,0
360011,0,1,0,1,0,0,1,1,1,1
360012,0,0,0,0,0,0,0,1,1,0
360013,0,0,0,0,0,0,0,0,1,0
360014,0,0,1,0,0,0,1,1,1,1
360015,0,0,0,1,0,0,1,1,1,0
360016,0,0,0,1,0,0,0,1,1,0
360017,0,1,0,0,0,0,0,1,1,0
360018,0,0,0,0,0,0,1,0,1,0
360020,1,0,0,1,1,0,1,1,1,1
361001,0,0,0,1,0,0,0,1,1,0
361002,0,0,0,1,0,0,0,0,0,0
361003,0,0,0,0,0,0,0,1,1,0
361004,0,0,0,0,0,0,0,1,1,0
361005,0,0,0,1,0,0,0,0,1,0
361006,0,0,0,1,0,0,0,0,1,0
361007,0,0,0,0,0,0,0,0,1,0
361008,0,0,0,0,0,0,0,1,1,1
361009,0,0,0,1,0,0,0,1,1,1
361010,0,1,0,1,0,0,0,0,1,0
361011,0,0,0,1,0,0,0,1,1,0
361012,0,0,0,1,0,0,0,1,1,0
361013,0,0,1,0,0,0,0,1,1,0
361014,0,0,0,1,0,0,0,0,1,0
361015,0,1,0,0,0,0,0,0,1,0
361016,0,0,0,1,0,0,0,1,1,0
361017,0,0,0,0,0,0,0,0,1,0
361018,0,0,0,0,0,0,0,1,1,0
361019,0,0,0,1,0,0,0,0,1,0
361020,0,0,0,1,0,0,0,0,1,0
362001,0,1,0,0,0,0,0,0,1,0
362002,0,0,0,1,0,0,0,1,1,0
362003,0,0,0,1,0,0,1,0,1,0
362004,0,0,0,1,1,0,0,1,1,1
362006,0,0,0,1,0,0,0,1,1,1
362007,0,0,0,0,0,0,0,1,1,0
362008,0,0,0,1,0,0,0,1,1,0
362009,0,0,0,0,0,0,0,0,1,0
362010,0,0,0,0,0,0,0,0,1,0
362011,0,0,0,1,0,0,0,1,1,1
362012,0,1,0,1,1,0,0,1,1,1
362013,0,0,0,1,0,0,0,1,1,1
362014,0,0,0,0,0,0,0,1,1,1
362015,0,0,0,1,0,0,0,1,1,1
362016,0,0,0,1,0,0,0,0,1,1
362017,0,0,0,0,1,0,0,0,1,1
362018,0,0,0,0,0,0,0,1,1,1
362019,0,1,0,0,0,0,0,1,1,1
362020,0,0,0,0,0,0,0,0,1,0
363001,0,0,0,1,0,0,0,0,1,1
363002,0,0,1,1,0,0,0,0,1,0
363003,0,0,0,0,0,0,0,0,1,0
363004,0,0,0,0,0,0,0,0,1,0
363005,0,0,0,1,0,0,0,0,1,0
363006,0,0,0,0,0,0,0,0,1,0
363007,0,0,0,0,0,0,0,0,1,0
363008,0,1,0,1,0,0,0,1,1,1
363009,0,1,0,1,0,0,0,0,1,0
363010,0,0,0,1,0,0,0,1,1,0
363011,0,0,0,1,0,1,0,1,1,1
363012,0,0,0,1,0,1,0,1,1,1
363013,0,0,0,0,0,0,0,0,1,0
363014,0,0,0,0,0,1,1,1,1,0
363015,0,0,0,0,0,1,0,1,1,0
363016,0,0,0,1,0,0,1,1,1,0
363017,0,0,0,1,0,1,0,1,1,1
363018,0,0,0,0,0,0,1,0,1,0
363019,0,0,0,0,1,1,1,1,1,1
363020,0,0,0,1,0,1,1,0,1,0
364001,0,0,0,0,1,1,1,1,1,1
364002,0,1,1,1,1,1,0,1,1,1
364003,0,1,0,1,1,1,1,1,1,1
364004,0,,0,0,0,1,0,0,1,0
364005,0,1,0,1,1,1,1,1,1,0
364006,0,1,0,0,1,1,0,1,1,0
364007,0,1,0,0,0,1,1,0,1,0
364008,0,0,0,1,0,1,0,1,1,0
364009,0,1,1,1,1,1,1,1,1,1
364010,0,0,0,1,1,1,0,1,1,1
364011,0,0,0,1,1,1,0,0,1,0
364012,0,0,0,0,0,1,0,0,1,1
364013,0,0,0,1,0,1,1,0,1,1
364014,0,1,0,0,1,1,1,1,1,0
364015,0,0,0,1,0,1,0,0,1,0
364016,0,0,0,1,1,1,0,1,1,1
364017,0,0,1,0,1,1,1,0,1,1
364018,0,1,0,1,1,1,0,1,1,1
364019,0,0,1,1,1,1,0,1,1,1
364020,0,1,0,0,1,1,1,1,1,1
365001,0,0,0,0,0,1,0,1,1,0
365002,0,0,1,0,0,1,0,1,1,0
365003,0,0,0,0,1,1,1,1,1,1
365004,0,0,0,0,0,1,1,1,1,1
365005,0,0,0,0,0,0,0,0,1,0
365006,0,1,0,0,0,1,0,1,1,0
365007,0,0,0,0,0,0,0,0,1,0
365008,0,0,0,1,0,0,1,0,1,1
365010,0,1,0,0,1,0,1,1,1,1
365011,0,0,0,0,0,1,0,0,1,0
365012,0,0,0,0,0,0,0,0,1,0
365013,0,0,0,1,0,0,1,0,1,1
365014,0,0,0,0,0,0,1,1,1,0
365015,0,0,0,0,0,1,0,1,1,0
365016,0,0,0,0,0,0,0,1,1,0
365018,0,0,0,0,0,0,1,1,1,0
365019,0,1,0,0,1,0,1,1,1,1
366001,0,0,0,0,0,0,0,0,1,0
366002,0,0,0,0,0,0,0,0,1,0
366003,0,0,0,1,0,0,0,0,1,0
366004,0,1,0,1,0,0,0,0,1,0
366005,0,0,0,1,0,0,0,1,1,0
366006,0,0,0,1,0,0,0,0,1,0
366007,0,0,0,0,0,0,0,0,1,0
366008,0,0,0,0,0,0,0,0,1,0
366010,0,1,0,0,0,0,0,1,1,0
366011,0,1,0,0,0,0,0,0,1,0
366012,0,1,0,0,0,0,0,0,1,0
366013,1,0,0,0,0,0,0,1,1,0
366014,0,0,0,0,0,0,0,0,1,0
366015,0,1,0,0,0,1,0,0,1,0
366016,0,0,0,1,0,0,0,0,1,0
366017,0,0,0,0,0,0,0,0,1,0
366018,0,0,0,0,0,0,0,0,1,0
366019,0,0,0,0,0,0,0,0,1,0
367001,0,1,0,0,0,0,0,0,1,1
367003,0,1,0,1,1,0,0,0,1,1
367004,0,0,0,0,1,0,0,1,1,0
367005,0,0,0,0,1,0,0,0,1,0
367006,0,0,0,1,1,0,1,0,1,0
367007,0,1,0,0,1,0,0,0,1,1
367008,0,0,1,0,1,0,0,1,1,1
367010,0,0,0,1,1,0,0,0,1,1
367011,0,0,0,0,0,0,0,0,1,0
367013,0,0,0,0,1,0,0,0,1,1
367014,0,1,0,0,1,0,0,0,1,0
367015,0,1,0,1,1,0,0,0,1,1
367016,0,0,0,0,1,0,1,1,1,1
367017,0,0,0,1,1,0,0,0,1,1
367018,0,1,0,0,1,0,0,1,1,0
367019,0,1,0,0,1,0,0,0,1,1
367020,0,1,0,0,1,0,0,1,1,0
368001,0,0,1,1,1,0,0,1,1,1
368002,0,1,0,1,1,0,0,1,1,0
368004,0,0,0,0,1,0,0,0,1,1
368005,0,0,0,0,1,0,0,0,1,0
368006,0,0,0,1,1,0,0,1,1,1
368007,0,0,1,1,1,0,1,1,1,1
368008,0,0,0,1,1,0,0,0,1,1
368009,0,0,0,1,1,0,1,1,1,1
368010,0,0,0,0,1,0,0,0,1,1
368011,0,0,0,1,1,0,1,1,1,1
368012,0,0,0,1,1,0,0,0,1,0
368013,0,0,0,1,1,0,1,1,1,1
368014,0,1,0,1,1,0,0,1,1,0
368015,0,0,0,0,1,0,0,0,1,0
368016,0,0,0,1,1,0,0,1,1,0
368017,0,0,0,0,1,0,1,1,1,1
368018,0,1,1,0,1,0,1,1,1,1
368019,0,0,0,1,1,0,1,0,1,1
368020,0,0,0,1,1,0,0,1,1,0
369001,0,0,0,1,1,1,1,1,1,1
369002,0,1,0,1,1,1,1,1,1,1
369003,0,0,0,0,0,1,1,1,1,1
369004,0,0,0,0,1,1,1,1,1,1
369005,0,1,0,1,1,1,1,1,1,1
369006,0,1,0,1,1,0,1,1,1,1
369007,0,0,0,0,1,1,1,1,1,0
369008,0,0,0,1,1,1,1,1,1,1
369009,0,1,1,1,0,1,1,1,1,1
369010,0,1,0,1,1,1,1,0,1,0
369011,0,0,0,1,1,1,0,0,1,0
369012,0,1,0,1,1,1,1,0,1,0
369013,0,1,0,1,1,1,0,0,1,0
369014,0,0,0,1,1,1,1,1,1,1
369015,0,1,0,0,1,1,0,0,1,0
369016,0,0,0,0,1,1,1,0,1,0
369017,0,0,0,0,1,1,1,1,1,0
369018,0,0,0,1,1,1,1,1,1,1
369019,0,0,0,0,0,1,0,0,1,0
369020,0,0,0,1,1,1,0,0,1,0
370001,0,0,0,0,0,1,0,0,1,0
370002,0,1,0,1,0,1,0,1,1,0
370003,1,1,0,1,0,1,1,0,0,1
370004,0,0,1,0,0,1,0,0,1,1
370005,0,0,0,0,0,1,1,1,1,0
370006,0,0,0,0,0,1,0,0,1,0
370007,0,0,0,1,1,1,1,1,1,1
370008,0,1,0,0,0,1,1,1,1,1
370009,0,0,0,1,0,1,0,0,1,1
370010,0,0,0,0,0,1,1,0,1,0
370011,0,0,0,0,0,1,0,0,1,0
370012,0,0,0,0,0,1,0,0,1,0
370013,0,1,0,0,0,1,0,0,1,0
370014,0,0,0,0,0,1,0,1,1,0
370015,0,1,0,1,0,1,1,0,1,0
370016,0,0,0,1,0,1,1,0,1,0
370017,0,0,0,0,0,0,0,0,1,0
370018,0,0,0,0,0,1,1,0,1,0
370019,0,0,0,1,0,1,0,0,1,0
370020,0,0,0,0,0,0,1,0,1,0
371001,0,0,0,0,0,1,1,1,1,0
371002,0,0,0,1,1,1,0,1,1,1
371003,0,1,0,0,0,1,1,0,1,1
371004,0,1,0,1,1,1,1,1,1,1
371005,0,1,0,1,1,1,1,1,1,1
371006,0,0,0,0,0,1,1,0,1,1
371007,0,0,0,1,0,1,0,1,1,1
371008,0,0,0,1,0,1,0,0,1,1
371009,0,1,0,0,0,1,1,0,1,1
371010,0,0,0,0,0,1,0,0,1,0
371011,0,0,0,1,0,1,1,1,1,1
371012,0,0,1,1,0,1,1,1,1,0
371013,0,0,0,1,0,1,1,1,1,1
371014,0,0,1,1,0,1,0,0,1,0
371015,0,1,0,1,0,1,1,1,1,0
371016,0,1,0,1,0,1,0,1,1,0
371017,0,1,0,1,0,0,1,1,1,1
371018,0,1,0,1,0,1,0,0,1,0
371019,0,0,0,1,0,1,1,1,1,1
371020,0,1,0,0,0,1,0,0,1,1
372001,0,1,0,1,1,1,1,0,1,1
372002,0,0,0,0,0,1,0,0,1,0
372003,0,0,0,0,0,1,0,0,1,0
372004,0,0,0,0,0,1,0,0,1,0
372005,0,0,0,0,0,1,1,0,1,0
372006,0,1,0,1,0,1,1,0,1,0
372007,0,0,0,0,0,1,1,0,1,0
372008,0,0,0,1,0,1,0,0,1,0
372009,0,0,0,0,0,1,0,0,1,0
372010,0,0,0,0,0,1,0,0,1,0
372011,0,0,0,0,0,1,1,0,1,0
372012,1,0,0,0,0,1,1,0,1,0
372013,0,0,1,1,0,1,1,0,1,1
372014,0,0,0,1,0,1,1,1,1,1
372015,0,0,1,0,0,1,1,0,1,1
372016,0,1,0,0,0,1,1,1,1,0
372017,0,1,1,0,0,1,1,1,1,0
372018,0,0,0,1,1,1,1,1,1,1
372019,0,0,0,1,1,1,1,1,1,1
372020,0,1,0,0,0,1,1,0,1,0
373001,0,0,1,1,0,0,0,1,1,1
373002,0,0,0,0,0,0,0,0,1,0
373003,0,0,0,0,0,0,0,1,1,0
373004,0,0,0,0,0,0,0,1,1,0
373005,0,1,0,0,0,0,0,1,1,0
373006,0,0,0,1,0,0,0,1,1,0
373007,0,0,0,1,0,0,0,1,1,1
373008,0,0,1,1,0,0,0,1,1,0
373009,0,1,0,1,0,0,0,1,1,1
373010,0,0,0,1,0,0,0,1,1,1
373011,0,0,0,0,0,0,0,1,1,0
373012,0,1,0,0,0,0,1,1,1,0
373013,0,0,0,1,0,0,0,1,1,0
373014,0,1,0,0,0,0,0,1,1,1
373015,0,0,1,1,0,0,0,0,1,0
373016,0,0,0,0,0,0,0,0,1,0
373017,0,0,0,1,1,0,0,1,1,1
373018,0,1,0,1,0,0,0,0,1,0
373019,0,0,0,0,0,0,0,1,1,0
373020,0,0,0,1,0,0,0,1,1,1
374001,0,0,0,0,0,0,1,1,1,0
374003,0,0,0,0,0,0,0,0,1,0
374004,0,0,0,0,0,0,0,0,1,0
374005,0,0,0,0,0,0,0,0,0,0
374006,0,0,0,0,0,0,0,0,1,0
374007,0,0,0,0,0,0,0,0,1,0
374008,0,0,0,0,0,0,0,0,0,1
374009,0,1,0,0,0,0,1,0,1,0
374010,0,0,0,0,0,0,0,0,1,0
374011,0,0,0,0,0,0,0,1,1,0
374012,0,0,0,0,0,0,0,0,1,0
374013,0,0,0,0,0,0,1,0,0,0
374014,0,0,0,0,0,0,0,0,1,0
374015,0,0,0,0,0,0,0,0,1,0
374016,0,0,0,0,0,0,0,0,1,0
374017,0,0,0,0,0,1,0,1,1,1
374018,0,0,0,0,0,0,0,0,1,0
374019,0,0,0,0,0,0,0,0,1,0
374020,0,0,0,0,0,0,0,0,1,0
375002,0,0,0,0,0,0,0,0,1,0
375003,0,1,0,0,0,0,0,0,1,0
375004,0,0,0,1,0,0,0,0,1,0
375005,0,0,0,1,0,0,0,1,1,1
375006,0,0,0,0,0,0,1,1,1,0
375008,0,0,0,1,1,0,0,1,1,1
375009,0,0,0,0,0,0,0,0,1,0
375010,0,1,0,0,0,0,0,0,1,0
375011,0,0,0,0,0,0,0,0,1,0
375012,0,0,0,0,0,0,0,1,1,0
375015,0,0,0,1,0,0,1,1,1,1
375016,0,0,0,1,0,0,0,1,1,0
375017,0,0,0,1,0,0,1,1,1,0
375018,0,0,0,0,0,0,0,1,0,0
375019,0,1,0,0,0,0,0,0,1,0
375020,0,0,0,1,0,0,0,0,1,0
376001,0,0,0,0,0,0,0,1,1,0
376003,0,0,0,1,1,0,0,1,1,1
376004,0,1,0,0,1,0,0,1,1,0
376005,0,0,0,1,1,0,0,1,1,1
376006,0,,0,1,1,0,0,1,1,1
376008,0,1,0,1,1,0,1,1,1,1
376009,0,0,0,1,0,0,0,0,1,0
376010,0,0,0,1,0,0,0,0,1,0
376011,0,0,0,1,1,0,0,1,1,1
376012,0,,0,0,1,0,0,1,1,0
376013,0,1,0,1,0,0,1,1,1,0
376014,0,0,1,0,1,0,0,1,1,0
376015,0,0,0,1,0,0,0,0,1,0
376016,0,0,0,1,1,0,0,1,1,1
376017,0,0,0,1,0,0,1,1,1,1
376018,0,0,0,1,1,0,0,1,1,1
376020,0,0,0,1,1,0,1,1,1,1
377001,0,0,0,0,1,0,1,1,1,1
377002,0,0,1,1,0,0,0,0,1,1
377003,0,0,0,1,1,0,1,0,1,1
377004,0,0,0,0,0,0,0,0,1,0
377005,0,0,0,0,1,0,0,0,1,1
377006,0,1,0,0,0,0,0,0,1,0
377007,0,0,0,0,0,1,1,1,1,0
377008,1,0,0,0,0,1,0,0,1,0
377009,0,0,0,0,0,1,1,0,1,0
377010,0,1,0,0,0,0,1,1,1,1
377011,0,0,0,1,0,0,0,0,1,0
377012,0,0,0,0,0,0,0,0,1,0
377013,0,0,0,0,0,1,0,0,1,0
377014,0,0,0,0,0,1,0,0,1,0
377015,0,1,0,0,0,0,0,0,1,0
377016,0,1,0,0,0,0,1,0,1,0
377017,0,0,0,0,0,0,1,0,1,0
377018,0,0,0,0,0,0,0,0,1,0
377019,0,0,0,0,0,0,1,0,1,0
377020,0,0,0,0,0,0,0,0,1,0
378001,0,0,0,1,0,0,0,0,1,0
378002,0,0,0,1,0,0,0,0,1,0
378004,0,0,0,0,0,1,0,0,1,0
378005,0,0,0,0,0,0,1,0,0,0
378006,0,0,0,0,0,0,0,1,1,0
378007,0,0,0,0,0,0,0,0,1,0
378008,0,0,0,0,0,0,0,0,1,0
378009,0,0,0,0,0,1,1,0,1,0
378010,0,0,0,0,0,0,0,0,1,0
378011,0,0,0,0,0,0,0,0,1,0
378012,0,0,0,0,0,0,0,0,1,0
378013,0,0,0,0,0,0,0,0,1,0
378014,0,0,0,0,0,0,0,0,1,0
378015,0,0,0,0,0,0,0,0,1,0
378016,0,1,0,0,0,0,0,1,1,0
378017,0,0,0,0,0,0,0,0,0,0
378018,0,,1,0,0,0,0,0,1,0
378019,0,0,0,0,0,0,0,0,1,0
378020,0,0,0,0,0,0,0,0,1,0
379002,0,0,0,0,0,0,0,0,1,0
379003,0,0,0,1,0,0,0,0,1,0
379004,0,0,0,1,0,0,0,0,1,1
379005,0,1,0,1,0,0,0,0,1,0
379006,0,0,0,0,0,0,0,0,1,0
379007,0,0,0,1,0,0,1,0,1,0
379008,0,0,0,1,0,0,1,1,1,0
379009,0,0,0,0,0,0,1,1,1,0
379010,0,0,0,0,0,0,0,0,1,0
379011,0,0,0,1,0,0,0,0,1,0
379012,0,0,0,0,0,0,0,0,1,0
379013,0,0,0,0,0,0,0,0,1,0
379014,0,0,1,0,0,0,0,0,1,0
379015,0,0,0,0,0,0,0,0,1,0
379016,0,0,0,0,0,0,0,0,1,0
379017,0,0,0,0,0,0,0,1,1,0
379018,0,0,0,0,0,0,0,0,1,0
379019,0,0,0,0,0,0,0,0,1,0
379020,0,0,0,1,0,1,1,0,1,0
380001,0,0,0,0,0,1,0,0,1,0
380002,0,0,0,0,0,0,0,1,1,0
380003,0,0,0,0,0,0,1,0,1,0
380004,0,0,0,0,0,0,0,0,1,0
380005,0,0,0,0,0,0,1,0,1,0
380006,0,0,0,0,0,0,0,0,1,0
380007,0,0,0,0,0,1,0,0,1,0
380008,0,1,0,0,0,1,1,0,1,0
380009,0,1,0,0,0,0,0,0,1,0
380010,0,0,0,0,0,1,1,0,1,0
380012,0,0,0,0,0,1,0,0,1,0
380013,0,0,0,0,0,0,0,0,1,0
380014,0,0,0,0,0,0,1,0,1,0
380015,0,1,0,0,0,0,0,0,1,0
380016,0,0,0,0,0,0,1,0,1,0
380017,0,0,0,0,0,0,0,0,1,0
380018,0,0,0,0,0,1,0,0,1,0
380019,0,0,0,0,0,0,0,1,1,0
380020,0,,0,0,0,0,0,0,1,0
381001,0,0,0,0,0,1,1,0,1,0
381002,0,0,0,1,1,1,1,1,1,1
381003,0,0,0,0,0,1,1,1,1,1
381004,0,0,0,1,1,0,1,1,1,1
381005,0,0,0,0,0,1,1,1,1,1
381006,0,1,0,0,0,1,1,0,1,0
381007,0,1,0,1,1,1,1,1,1,1
381008,0,1,0,1,1,1,1,0,1,1
381009,0,1,0,0,0,1,1,0,1,0
381010,0,0,1,0,1,1,1,1,1,1
381011,0,0,0,0,1,1,1,1,1,1
381012,0,0,0,0,0,0,1,1,1,1
381013,0,0,0,0,0,1,1,0,1,1
381014,0,1,0,1,0,0,1,0,1,0
381015,0,0,1,1,1,1,1,1,1,1
381016,0,0,0,0,1,1,1,0,1,1
381017,0,1,0,0,0,0,1,1,1,1
381018,0,0,1,1,1,1,1,1,1,1
381019,0,0,0,1,0,1,0,0,1,0
381020,0,0,0,1,0,1,1,1,1,1
382001,0,0,0,0,0,1,0,0,1,0
382002,0,0,0,0,0,1,0,0,1,0
382003,0,0,0,1,0,0,1,0,1,0
382004,0,1,0,0,0,1,1,1,1,0
382005,0,1,0,0,0,1,0,0,1,0
382006,0,1,0,0,1,1,0,0,1,0
382007,0,0,0,1,1,1,1,1,1,1
382008,0,1,0,0,0,1,1,0,1,0
382009,0,0,0,0,0,1,0,1,1,1
382010,0,0,0,0,0,0,0,0,1,0
382011,0,0,0,0,1,1,0,0,1,0
382012,0,0,0,0,1,1,1,1,1,1
382013,0,0,0,0,0,1,1,1,1,0
382014,0,0,0,0,1,1,0,0,1,0
382015,0,0,0,0,1,1,1,1,1,0
382016,0,0,0,0,0,1,1,1,1,0
382017,0,1,0,0,0,1,0,0,1,0
382018,0,1,0,0,1,1,1,1,1,0
382019,0,0,0,0,0,1,0,1,1,0
382020,0,0,0,0,1,1,0,0,1,1
383001,0,0,0,0,0,1,0,1,1,0
383002,0,0,0,1,0,1,0,1,1,1
383003,0,0,1,1,0,1,1,1,1,1
383004,0,0,0,0,0,1,0,0,1,0
383005,0,0,0,0,0,1,0,1,1,0
383006,0,0,0,0,0,1,0,0,1,0
383007,0,0,0,1,0,1,1,1,1,1
383008,0,0,0,0,0,1,1,1,1,0
383009,0,0,0,1,0,1,0,0,1,0
383010,0,0,0,0,0,1,0,0,1,1
383011,0,0,0,1,1,1,1,1,1,1
383012,0,0,0,1,0,1,1,1,1,1
383013,0,0,0,0,0,1,0,1,1,1
383014,0,0,0,0,0,1,0,1,1,0
383015,0,0,1,1,0,1,0,1,1,1
383016,0,0,1,0,0,1,1,1,1,0
383017,0,1,0,0,0,1,0,1,1,1
383018,0,0,0,0,0,1,0,0,1,0
383019,0,1,0,0,0,1,1,0,1,0
383020,0,0,0,0,1,1,0,1,1,0
384001,0,1,0,0,0,1,1,1,1,0
384002,0,0,0,1,0,1,0,1,1,0
384003,0,0,0,0,1,1,1,1,1,1
384004,0,0,0,0,1,1,1,1,1,1
384005,0,0,0,0,0,1,0,0,1,0
384006,0,0,0,0,0,1,1,1,1,1
384007,0,0,0,0,0,1,0,1,1,1
384008,0,0,0,0,0,1,0,0,1,1
384009,0,0,0,1,1,1,0,1,1,1
384010,0,0,0,1,,1,0,1,1,1
384011,0,0,0,1,0,1,0,1,1,0
384012,0,,0,1,1,1,0,1,1,1
384013,0,0,0,0,0,1,0,0,1,0
384014,0,0,0,0,0,1,1,1,1,0
384015,0,0,0,1,1,1,1,1,1,1
384016,0,1,0,0,0,1,0,1,1,1
384017,0,0,0,0,0,0,0,0,1,0
384018,0,0,0,0,0,1,0,1,1,1
384019,0,0,1,0,0,1,1,0,1,0
384020,0,0,0,1,1,1,0,1,1,0
385001,1,0,0,0,0,1,0,1,1,0
385002,0,1,0,0,0,1,0,0,1,1
385003,0,1,0,1,0,1,1,1,1,1
385004,0,0,0,0,0,1,0,0,1,0
385005,0,1,0,0,0,1,0,0,1,0
385006,0,0,0,0,0,1,1,0,1,0
385007,0,0,0,0,0,1,1,1,1,0
385008,0,0,0,0,0,1,0,0,1,0
385009,0,0,0,0,0,1,0,0,1,0
385010,0,0,0,0,0,1,0,0,1,0
385011,0,0,0,1,0,1,0,0,1,0
385012,0,0,0,0,0,1,0,0,1,1
385013,0,0,0,0,0,1,0,0,1,0
385014,0,0,0,0,0,1,0,1,1,1
385015,0,0,0,0,0,1,0,1,1,1
385016,0,0,0,0,0,1,0,1,1,0
385017,0,0,0,0,0,1,0,0,1,0
385018,0,0,0,0,0,1,0,0,1,0
385019,0,0,0,0,0,1,0,0,1,0
385020,0,0,0,0,0,1,0,0,1,0
386001,0,0,0,0,0,0,1,0,1,1
386002,0,0,0,0,0,0,0,1,1,0
386003,0,1,0,0,0,0,0,0,1,0
386004,0,0,0,1,0,0,0,1,1,1
386005,0,0,1,0,0,0,1,1,1,0
386006,0,0,0,1,0,0,0,0,1,0
386007,0,0,0,0,0,0,0,0,1,0
386008,0,0,0,0,0,0,1,1,1,0
386009,0,1,0,1,0,0,0,0,1,0
386010,1,1,0,0,0,0,0,0,1,0
386011,0,0,0,0,0,0,0,0,1,0
386013,0,0,0,0,0,0,1,1,1,1
386014,0,0,0,0,0,0,0,1,1,0
386015,0,0,0,0,0,0,0,1,1,0
386016,0,0,0,0,0,0,1,0,1,0
386017,0,0,0,1,1,0,1,1,1,1
386018,0,0,0,0,0,0,1,0,1,0
386019,0,0,0,0,0,0,0,0,1,0
386020,0,0,0,0,0,0,0,0,0,0
387002,0,0,0,0,0,0,0,0,1,0
387003,0,0,0,1,0,0,0,1,1,0
387004,0,0,0,0,0,0,0,0,1,0
387005,0,0,0,1,1,0,0,1,1,1
387006,0,0,0,1,0,0,1,1,1,0
387007,0,0,0,1,0,0,1,1,1,1
387008,0,0,0,0,0,0,0,0,1,1
387009,0,0,0,1,0,0,0,0,1,0
387010,0,0,0,0,1,0,0,1,1,0
387011,0,1,0,1,0,0,0,0,1,0
387012,0,0,1,1,0,0,1,1,1,1
387013,0,0,0,1,0,0,0,1,1,1
387014,0,0,0,0,0,0,1,1,1,0
387015,0,0,1,0,0,1,0,1,1,0
387016,0,0,0,0,0,0,0,1,1,1
387017,0,1,0,0,0,0,0,0,1,0
387018,0,0,0,1,0,0,1,1,1,0
387019,0,0,0,0,0,0,0,1,1,0
387020,0,0,0,0,0,0,0,1,1,1
388001,0,0,1,0,0,0,1,0,1,0
388002,0,1,0,1,0,0,1,0,1,0
388004,0,1,1,0,0,0,1,1,1,0
388005,0,1,0,1,0,0,1,1,1,0
388006,0,1,0,0,0,0,1,1,1,0
388007,0,1,0,0,0,0,1,1,1,0
388008,0,1,0,1,1,0,1,1,1,0
388009,1,1,0,0,0,0,1,1,1,0
388010,0,1,1,1,1,0,1,1,1,1
388011,0,0,0,1,1,0,1,1,1,1
388012,0,1,0,1,1,0,1,1,1,0
388013,0,1,1,0,0,0,1,1,1,0
388014,0,1,1,1,1,0,1,1,1,0
388015,0,0,0,0,0,0,1,1,1,0
388016,0,0,1,0,1,0,1,1,1,0
388017,0,1,1,1,0,0,1,1,1,0
388020,0,0,1,1,1,0,1,1,1,1
389001,0,0,0,0,0,0,0,0,1,0
389002,0,0,0,0,0,0,0,0,1,0
389003,0,0,0,0,0,0,0,0,1,0
389004,0,0,0,0,0,0,0,0,1,0
389005,0,0,0,0,0,0,0,0,0,0
389006,0,0,0,0,0,0,0,0,1,0
389007,0,0,0,0,0,0,0,0,1,0
389009,0,0,0,0,0,0,0,0,1,0
389010,0,1,0,0,0,0,0,0,0,0
389011,0,0,0,0,0,0,0,0,1,0
389012,0,0,0,0,0,0,0,1,1,0
389013,0,0,0,0,0,0,0,0,1,0
389016,0,0,0,0,0,0,0,1,0,0
389017,0,0,0,0,0,0,0,0,0,0
389018,0,0,0,1,0,0,0,0,0,0
389019,0,0,0,0,0,0,0,0,1,0
389020,0,0,0,0,0,0,0,0,1,0
390001,0,0,1,1,0,1,0,1,1,0
390002,0,0,0,0,0,0,0,1,1,0
390003,0,1,1,0,0,0,1,1,1,0
390004,1,0,0,0,0,0,1,1,1,0
390005,0,0,0,0,0,0,0,1,1,0
390006,0,1,0,1,0,0,1,1,1,0
390007,0,1,0,1,0,0,1,0,1,0
390008,0,0,1,0,0,0,0,0,1,0
390009,0,0,0,1,0,0,1,1,1,0
390010,0,1,0,0,0,1,1,1,1,0
390011,0,1,1,0,0,0,1,1,1,0
390012,0,1,0,0,0,0,1,1,1,0
390013,1,1,0,1,0,0,0,0,1,0
390014,0,1,0,0,0,0,1,1,1,0
390015,0,1,0,0,0,0,0,0,1,0
390016,0,1,1,1,0,1,1,1,1,1
390017,0,1,1,1,0,0,1,1,1,1
390018,0,0,0,1,0,0,1,1,1,0
390020,0,0,0,1,0,1,1,1,1,0
391002,0,0,0,1,1,0,1,1,1,0
391003,0,0,0,1,1,0,1,0,1,0
391004,0,0,0,1,1,0,0,1,1,1
391005,0,0,0,1,0,0,1,0,1,0
391006,0,0,0,1,1,0,1,0,1,1
391007,0,0,0,0,0,0,1,0,1,1
391008,0,1,0,1,0,0,1,0,1,0
391009,0,0,0,1,0,1,1,0,1,0
391010,0,0,0,1,0,1,1,1,1,0
391011,0,0,0,1,0,0,0,0,1,1
391012,0,0,0,1,0,0,1,0,1,0
391013,0,0,0,1,0,0,1,0,1,0
391014,0,0,0,1,0,1,1,0,1,0
391015,0,0,0,0,0,0,0,0,1,0
391016,0,0,0,0,0,0,1,0,1,0
391017,0,0,0,0,0,0,0,0,1,0
391018,0,0,0,0,0,0,1,0,1,0
391019,0,0,1,1,0,1,1,0,1,0
391020,0,0,0,0,0,1,1,0,1,0
392001,0,0,0,0,0,0,1,1,1,0
392002,0,1,0,1,0,0,0,0,1,0
392003,0,0,0,0,0,0,0,0,1,0
392004,0,0,0,0,0,0,0,1,1,0
392005,0,0,0,0,0,0,0,0,1,0
392006,0,0,0,1,0,0,0,0,1,0
392007,0,0,0,0,0,0,1,1,1,0
392008,1,0,0,0,0,1,0,0,1,0
392009,0,0,0,0,0,0,0,0,1,0
392010,0,1,0,0,0,0,0,1,1,0
392011,0,0,0,0,0,0,0,0,1,0
392012,0,0,0,1,0,0,0,1,1,0
392013,0,0,0,0,0,0,0,0,1,0
392014,0,1,0,0,0,0,0,0,1,0
392015,0,0,0,1,0,0,1,1,1,1
392016,0,0,0,1,0,0,0,1,1,0
392017,0,0,0,0,0,0,0,1,1,0
392018,0,0,0,0,0,0,0,0,1,0
392019,0,1,0,1,0,0,1,1,1,1
392020,0,0,0,0,0,0,0,0,1,0
393001,0,0,0,1,0,0,1,1,1,0
393002,0,0,0,0,0,0,0,0,1,0
393003,0,1,0,1,1,1,1,1,1,1
393004,0,0,0,1,0,0,0,0,1,0
393005,0,0,0,0,1,0,0,0,1,0
393006,0,0,0,0,0,0,0,0,1,0
393007,0,1,0,0,0,0,1,0,1,0
393008,0,0,0,0,0,0,0,0,1,0
393009,0,0,0,0,0,0,0,0,1,0
393010,0,0,0,0,0,0,0,0,1,0
393011,0,0,0,0,0,0,0,0,1,0
393012,0,0,0,0,1,1,1,1,1,1
393013,0,0,0,0,0,0,1,0,1,1
393014,0,1,0,1,0,0,1,0,1,1
393015,0,1,0,0,0,0,1,1,1,0
393016,0,0,0,1,0,0,0,0,1,0
393017,0,0,0,0,0,0,0,1,1,0
393018,0,0,0,0,0,0,0,0,1,0
393019,0,0,0,0,0,0,0,0,1,0
393020,0,1,0,0,0,0,1,1,1,1
394001,0,0,0,0,0,0,0,0,1,0
394002,0,0,0,0,0,1,0,1,1,0
394003,0,0,0,0,0,0,0,1,1,0
394004,0,0,0,1,0,0,0,0,1,0
394005,0,0,1,0,0,0,1,0,1,0
394006,0,0,0,0,0,0,0,0,1,0
394007,0,0,0,0,0,0,1,0,1,0
394008,0,0,0,0,0,1,0,0,1,0
394009,0,0,0,0,0,0,0,0,1,0
394010,0,1,0,1,0,0,0,0,1,0
394011,0,0,0,0,0,1,1,1,1,0
394012,0,0,0,0,0,1,1,1,1,1
394013,0,0,0,0,0,0,0,0,1,0
394014,0,0,0,0,0,1,0,1,1,1
394015,0,0,0,0,0,0,0,0,1,0
394016,0,1,0,0,0,0,0,0,1,0
394017,0,0,0,0,0,0,1,0,1,0
394018,0,1,1,0,0,1,0,1,1,0
394019,0,0,0,1,0,0,0,0,1,0
394020,0,0,0,0,0,0,0,0,1,0
395001,0,0,1,0,0,0,0,1,1,0
395002,0,0,0,1,0,1,0,1,1,0
395003,0,0,0,0,0,0,0,0,1,0
395004,0,0,0,1,0,1,0,0,1,1
395005,0,1,0,0,0,0,0,0,1,0
395006,0,0,0,0,0,1,0,1,1,0
395007,0,0,0,1,0,1,0,1,1,0
395008,0,0,0,0,0,0,0,0,1,0
395009,0,0,0,0,0,0,0,0,1,0
395010,0,0,0,0,0,1,0,0,1,0
395011,0,0,0,0,0,1,0,0,1,0
395012,0,0,0,1,0,0,0,1,1,1
395013,0,1,0,1,0,0,0,0,1,0
395014,0,0,1,0,0,1,1,0,1,0
395015,0,0,0,0,0,0,0,0,1,0
395016,0,0,0,0,0,1,0,1,1,0
395017,0,1,0,0,0,0,0,0,1,0
395018,0,0,0,1,0,1,1,1,1,1
395019,0,0,0,0,1,0,0,0,1,0
395020,0,1,0,0,0,0,1,0,1,0
396001,0,0,0,0,0,0,0,0,0,0
396002,0,0,0,1,0,0,0,0,0,0
396003,1,0,0,0,0,1,0,1,1,0
396004,0,0,0,0,0,0,0,0,1,0
396005,0,1,0,0,0,0,0,0,1,0
396006,0,0,0,0,0,0,0,0,1,0
396007,0,0,0,0,0,0,0,0,1,0
396008,0,0,0,0,0,0,0,0,1,0
396009,0,1,0,0,0,0,0,0,0,0
396010,0,1,0,0,0,0,0,0,1,0
396011,0,0,0,0,0,0,0,1,1,0
396012,0,0,0,0,0,0,0,0,0,0
396013,0,0,0,0,0,1,0,0,1,0
396014,0,0,0,0,0,0,0,0,1,0
396015,0,0,0,1,0,0,0,0,1,0
396016,0,0,0,0,0,0,0,0,1,0
396017,0,0,0,0,0,0,0,0,1,0
396018,0,1,0,0,0,0,0,1,0,0
396019,0,0,0,0,0,1,0,0,1,0
396020,0,0,0,0,0,0,1,0,1,0
397001,0,0,0,0,0,0,0,0,1,0
397002,0,0,0,0,0,0,0,0,1,0
397003,0,0,0,0,0,0,0,0,0,0
397004,0,0,0,0,0,0,0,0,0,0
397005,0,0,0,0,0,0,0,0,1,0
397006,0,0,0,0,0,0,0,0,0,0
397008,0,0,0,0,0,0,0,0,1,0
397009,0,0,0,0,0,0,0,0,1,0
397010,0,0,0,0,0,0,0,0,0,0
397011,0,0,0,0,0,0,0,0,1,0
397012,0,1,0,0,0,0,0,0,0,0
397013,0,0,0,0,0,0,0,0,1,0
397015,0,0,0,0,0,0,0,0,0,0
397016,0,0,0,0,0,0,0,0,1,0
397018,0,1,0,0,0,0,0,0,1,0
397019,0,0,0,0,0,0,0,0,0,0
397020,0,0,0,0,0,0,0,0,1,0
398001,0,0,0,0,0,0,0,0,1,0
398002,0,0,0,0,0,0,0,0,1,0
398003,0,0,0,0,0,0,0,0,0,0
398004,0,0,0,0,0,0,0,0,1,0
398005,0,0,0,0,0,0,0,0,1,0
398007,0,0,0,0,0,0,0,0,1,0
398008,0,0,0,0,0,0,0,0,0,0
398009,0,0,0,0,0,0,0,0,1,0
398010,0,1,0,0,0,0,0,0,1,0
398011,0,0,0,0,0,0,0,0,1,0
398012,0,0,0,0,0,0,0,0,1,0
398013,0,0,0,0,0,0,0,0,1,0
398014,0,0,0,0,0,0,1,0,1,0
398015,0,0,0,0,0,0,0,0,0,0
398016,0,0,0,0,0,0,0,0,0,0
398017,0,0,0,0,0,0,1,0,1,0
398018,0,0,0,0,0,0,0,0,0,0
398019,0,0,0,0,0,0,0,0,0,0
398020,0,1,0,0,0,0,0,0,1,0
399001,0,1,0,1,0,0,0,0,1,1
399002,0,0,0,1,0,1,0,1,1,0
399003,0,0,0,1,1,1,0,1,1,0
399004,1,1,0,0,0,1,0,1,1,0
399005,0,0,0,1,1,0,0,1,1,1
399006,0,0,1,1,0,1,0,1,1,1
399007,0,1,1,1,1,1,1,1,1,1
399008,0,1,1,1,0,0,0,1,1,0
399009,0,0,0,1,0,0,0,1,1,0
399010,0,0,1,0,1,0,0,1,1,0
399011,0,0,0,1,1,0,1,1,1,1
399012,0,0,0,1,1,0,0,1,1,1
399013,0,0,0,0,0,0,1,1,1,0
399014,0,0,0,1,0,1,0,1,1,0
399015,0,1,0,1,1,1,1,1,1,0
399016,0,1,0,0,0,0,0,0,1,0
399017,0,0,0,0,0,1,0,0,1,0
399018,0,0,0,0,0,0,0,0,1,0
399019,0,0,0,0,0,0,0,0,1,0
399020,0,0,0,0,0,0,0,0,1,0
400001,0,0,0,0,0,0,0,0,1,0
400002,0,1,0,0,0,0,0,0,1,0
400003,0,0,0,0,0,0,0,1,1,0
400004,0,1,0,0,0,0,0,1,1,0
400005,0,0,0,0,0,1,1,1,1,0
400006,0,0,0,1,0,1,0,1,1,0
400007,0,0,0,0,0,1,0,1,1,1
400009,0,0,0,0,0,0,0,0,1,0
400010,0,0,0,1,1,0,1,1,1,1
400011,0,0,0,0,0,0,0,0,1,0
400012,0,1,0,0,0,1,0,0,1,0
400013,0,0,0,0,0,0,0,0,1,0
400014,0,0,0,0,0,1,0,1,1,0
400015,0,0,0,0,0,0,0,0,1,0
400016,0,0,0,0,0,1,1,1,1,0
400017,0,0,0,0,0,1,0,0,1,0
400018,0,0,0,0,0,1,0,0,1,0
400019,0,0,0,0,0,1,0,1,1,0
400020,0,0,0,0,0,0,0,0,1,0
401001,0,0,0,0,0,0,0,0,1,0
401002,0,0,0,0,0,0,0,0,1,0
401003,0,0,0,0,0,0,0,0,0,0
401004,0,0,0,0,0,0,0,1,1,0
401005,0,0,0,0,0,0,0,0,1,0
401006,0,0,0,1,0,0,0,1,0,0
401007,0,0,0,0,0,0,0,0,1,0
401008,0,0,0,0,0,0,0,0,1,0
401009,0,0,0,0,0,0,0,0,0,0
401010,0,0,0,0,0,0,0,0,1,0
401011,1,0,0,0,0,0,0,1,1,0
401012,0,0,0,0,0,0,0,1,1,1
401013,0,0,0,0,0,0,0,1,1,0
401014,0,0,0,1,0,1,0,1,1,0
401015,0,0,0,0,0,0,0,0,1,0
401016,0,0,0,1,0,0,0,0,0,0
401017,0,1,0,0,0,0,0,0,1,0
401018,0,1,0,0,0,0,0,0,1,0
401019,0,0,0,0,0,0,0,0,1,0
401020,0,0,0,0,0,0,0,0,1,0
402001,0,0,0,1,0,0,0,1,1,0
402002,0,1,0,1,0,1,0,1,1,0
402003,1,1,1,1,0,0,0,1,1,0
402004,0,0,0,1,0,0,0,0,1,0
402005,0,0,0,1,1,1,1,1,1,1
402006,0,0,0,1,0,1,0,1,1,0
402007,0,1,0,1,0,1,0,1,1,0
402008,0,0,1,0,0,0,0,0,1,0
402009,0,1,0,1,0,0,0,0,1,0
402010,1,1,0,1,0,0,0,1,1,0
402011,0,0,0,0,0,1,0,1,1,0
402012,0,0,0,0,0,0,0,1,1,0
402013,0,1,0,0,0,1,0,1,1,0
402015,0,0,0,0,0,0,0,1,1,0
402016,0,0,0,1,0,0,1,1,1,1
402017,0,1,1,0,0,0,0,0,1,0
402018,0,0,0,1,1,1,1,1,1,0
402019,0,0,0,1,0,0,0,0,1,0
402020,0,0,1,0,0,0,0,0,1,0
403001,0,0,0,0,0,0,0,0,1,0
403002,1,0,0,0,0,0,0,1,1,1
403003,0,0,0,0,0,0,0,0,1,0
403004,0,0,0,0,0,1,0,1,1,0
403005,0,0,1,0,0,0,0,0,1,0
403006,0,0,0,0,0,0,0,1,1,0
403007,0,1,0,0,0,0,0,0,1,0
403008,0,1,0,1,0,1,0,1,1,0
403009,0,0,1,0,0,0,1,0,1,0
403010,0,0,0,1,0,1,1,1,1,0
403011,0,0,0,0,0,0,0,0,1,1
403012,0,0,1,0,0,1,0,1,1,0
403013,0,0,1,0,0,0,0,0,1,0
403014,0,0,1,0,0,0,0,0,1,1
403015,0,1,0,1,0,0,0,0,1,0
403016,0,0,1,1,1,0,0,1,1,1
403017,0,0,1,0,0,0,0,1,1,0
403018,0,0,0,1,0,0,0,0,1,0
403019,0,0,0,0,0,0,1,1,1,1
403020,0,0,0,1,1,0,0,0,1,0
404001,0,0,0,0,0,1,0,0,1,0
404002,0,0,0,0,0,0,0,0,1,0
404003,0,0,0,1,0,0,0,0,1,1
404004,0,0,0,0,0,0,0,0,1,0
404005,0,0,0,0,0,0,0,0,1,0
404006,0,0,0,0,0,1,0,1,1,0
404007,0,1,0,0,0,0,0,0,1,0
404008,0,0,0,0,0,0,0,0,1,0
404009,0,0,0,0,0,0,0,0,1,0
404010,0,0,0,1,0,0,0,1,1,0
404011,0,0,0,0,0,0,0,0,1,0
404012,0,0,0,0,0,0,0,1,1,0
404013,0,0,0,0,0,0,0,0,1,0
404014,0,0,0,0,0,0,0,0,1,0
404015,0,0,0,0,0,0,0,0,1,0
404016,0,1,0,0,0,1,0,0,1,0
404018,0,0,1,0,0,0,0,0,1,0
404019,0,0,0,0,0,0,0,0,1,0
404020,0,0,0,0,0,0,0,0,1,0
405001,0,1,0,1,0,0,0,1,1,0
405002,0,0,0,0,0,0,0,1,1,0
405003,0,0,0,0,0,0,0,0,1,0
405004,0,0,0,0,0,0,0,1,1,0
405005,0,0,0,0,0,0,0,0,1,0
405006,1,0,0,1,0,0,0,1,1,0
405007,0,0,0,0,0,0,0,1,1,0
405008,0,1,1,1,0,1,1,1,1,0
405009,0,0,0,1,0,0,0,0,1,0
405010,0,0,0,1,0,0,0,1,1,0
405011,0,1,0,0,0,0,1,0,1,0
405012,0,1,0,1,0,1,1,1,1,0
405013,0,0,0,0,0,0,0,0,1,0
405014,0,0,0,0,0,1,0,1,1,0
405015,0,0,0,0,1,1,0,1,1,0
405016,0,0,0,1,0,1,0,0,1,0
405017,0,0,0,1,0,0,1,0,1,0
405018,0,1,0,0,0,0,0,0,1,0
405019,0,1,0,0,0,0,1,1,1,0
405020,0,0,0,0,0,0,1,1,1,0
406002,0,0,0,0,0,0,0,0,1,0
406003,0,0,0,0,0,0,1,0,1,0
406004,0,0,0,0,0,1,0,1,1,0
406005,0,0,0,1,0,0,0,0,1,0
406006,0,0,0,0,0,0,1,0,1,0
406007,0,0,0,0,0,0,0,0,1,0
406008,0,0,0,0,0,0,0,1,1,0
406010,0,0,0,0,0,0,0,0,0,0
406011,0,0,0,0,0,0,0,0,1,0
406012,0,0,0,0,0,0,1,0,1,0
406013,0,0,0,0,0,0,0,0,1,0
406014,0,0,0,0,0,0,0,0,1,0
406015,1,0,0,0,0,0,0,0,1,0
406016,0,0,0,0,0,0,0,1,1,0
406017,0,1,0,0,0,0,0,0,1,0
406018,0,0,0,0,0,0,0,0,1,0
406019,0,0,0,0,0,1,1,1,1,0
406020,0,0,0,0,0,0,0,0,0,0
407001,0,0,0,0,0,0,1,1,1,0
407002,0,0,0,1,1,1,1,1,1,1
407003,0,0,0,0,0,0,0,0,1,0
407004,0,0,0,0,0,0,1,1,1,0
407005,0,0,0,1,1,1,1,1,1,1
407006,0,0,0,0,0,0,1,0,1,0
407007,0,0,0,0,0,0,1,0,1,0
407008,0,0,0,0,0,1,1,1,1,0
407009,0,0,0,0,0,0,1,0,1,0
407010,0,0,0,0,0,0,1,1,1,0
407011,0,0,0,1,0,1,1,1,1,0
407012,0,0,0,0,0,0,0,0,1,0
407013,0,0,0,0,0,0,0,0,1,0
407014,0,0,0,0,0,1,1,1,1,0
407015,0,0,0,0,0,0,0,1,1,0
407016,0,0,0,0,0,0,0,1,1,0
407017,0,0,0,0,0,0,1,1,1,0
407018,0,0,0,0,0,0,0,0,1,0
407019,0,1,0,0,0,0,1,1,1,0
407020,0,0,0,0,0,0,0,0,1,0
408001,0,0,0,0,0,0,0,1,1,0
408002,0,,0,0,0,0,0,1,1,0
408003,0,0,0,0,0,0,0,0,1,0
408004,0,0,0,0,0,0,0,0,1,0
408005,0,0,0,0,0,1,0,1,1,0
408006,0,0,0,0,0,0,0,0,1,0
408007,0,0,0,0,0,1,0,0,1,0
408008,0,0,0,0,0,0,0,0,1,0
408009,0,0,0,1,0,0,0,0,1,0
408010,1,0,0,0,0,0,0,0,1,0
408011,0,0,0,0,0,0,0,0,1,0
408012,0,0,0,0,0,0,0,0,1,0
408013,0,0,0,0,0,1,0,1,1,0
408014,0,0,0,0,0,1,0,0,1,0
408015,0,0,0,1,0,1,0,1,1,0
408016,0,0,0,0,0,0,0,0,1,0
408017,0,0,0,0,0,0,0,0,1,0
408018,0,0,0,0,0,0,0,0,1,0
408019,0,0,0,0,0,0,0,0,1,0
408020,0,0,0,0,0,0,0,0,1,0
409001,0,0,0,0,0,0,0,0,1,0
409002,0,1,0,0,0,0,0,0,1,0
409003,0,0,0,0,0,0,0,0,1,0
409004,0,0,0,0,0,0,0,0,0,0
409005,0,0,0,0,0,0,0,0,1,0
409006,0,0,0,0,0,0,0,0,1,0
409007,0,0,0,0,0,0,0,0,0,0
409008,0,0,0,0,0,0,0,0,1,0
409009,0,0,0,0,0,0,0,0,0,0
409010,0,0,0,0,0,0,0,0,0,0
409011,0,0,0,0,0,0,0,0,1,0
409012,0,0,0,0,0,0,0,0,1,0
409013,0,0,0,0,0,0,0,0,0,0
409014,0,0,0,1,0,0,0,0,1,0
409015,0,0,0,0,0,0,0,0,0,0
409016,0,1,0,1,0,0,0,1,1,0
409017,0,0,0,0,0,0,0,0,0,0
409019,0,0,0,0,0,0,0,0,0,0
409020,0,0,0,0,0,0,0,0,1,0
410001,0,0,0,1,0,0,0,1,1,1
410002,0,0,0,0,0,0,0,0,1,0
410003,0,0,1,0,0,0,0,0,1,0
410004,0,0,0,1,0,0,0,0,1,0
410005,0,0,0,0,0,0,0,1,1,0
410006,0,1,0,0,0,0,0,0,1,0
410008,0,0,1,0,0,0,0,0,1,0
410009,0,0,0,0,0,1,0,0,1,0
410010,0,0,0,1,0,0,0,0,1,0
410011,0,0,0,1,0,1,0,0,1,0
410012,0,1,0,0,0,0,0,0,1,0
410013,0,1,0,0,0,1,0,0,1,0
410014,1,0,0,0,0,0,0,0,1,0
410015,0,0,0,1,0,0,0,0,1,0
410016,0,1,0,0,0,0,0,0,1,0
410017,0,0,0,1,0,1,0,0,1,0
410018,0,1,0,0,0,0,0,0,1,0
410019,0,1,0,1,0,0,0,1,1,1
410020,0,0,1,1,0,0,1,0,1,0
411001,0,0,0,1,0,0,0,0,1,0
411002,0,1,0,1,0,0,0,1,1,0
411003,0,0,0,0,0,1,0,0,1,0
411004,0,0,0,0,0,0,0,0,1,0
411005,0,0,0,1,0,0,0,0,1,0
411006,0,0,0,1,0,0,1,1,1,0
411007,0,0,0,0,0,1,0,0,1,0
411008,0,0,0,0,0,0,0,0,1,0
411009,0,0,0,0,0,0,0,1,1,0
411010,0,0,0,0,0,0,1,0,1,0
411011,0,0,0,0,0,0,0,1,1,0
411012,0,0,0,1,0,0,0,0,1,0
411013,0,1,0,0,0,1,0,0,1,0
411014,0,0,0,0,0,0,0,1,1,0
411015,0,0,0,0,0,1,1,1,1,0
411016,0,0,0,0,0,0,0,0,1,0
411017,0,1,0,0,0,1,0,0,1,0
411018,0,0,0,0,0,0,0,0,1,0
411019,0,1,0,0,0,0,0,1,1,0
411020,0,0,0,0,0,0,0,0,1,0
412001,0,0,0,0,0,0,0,0,1,0
412002,0,0,0,0,0,0,0,0,1,0
412003,0,0,0,1,0,0,0,0,1,0
412004,0,0,0,0,0,0,1,0,1,0
412005,0,0,0,1,0,1,1,1,1,0
412006,0,0,0,0,0,1,1,0,1,1
412007,0,0,0,1,0,0,1,0,1,0
412008,0,1,0,1,0,1,1,1,1,0
412009,0,0,0,1,0,0,1,0,1,0
412010,0,0,1,0,0,1,1,0,1,0
412011,0,1,1,1,0,0,1,1,1,0
412012,0,0,0,1,0,0,1,1,1,0
412013,0,0,1,0,0,1,0,0,1,0
412014,0,0,1,0,1,0,1,1,1,0
412015,0,0,0,0,0,1,0,1,1,0
412016,0,0,0,1,0,0,1,0,1,0
412017,0,0,0,1,0,0,0,0,1,0
412018,0,0,0,0,0,0,1,0,1,0
412020,0,1,1,0,0,0,1,1,1,0
413001,0,1,0,0,0,0,0,1,1,0
413002,0,0,0,0,0,0,0,0,1,0
413003,0,0,0,0,0,0,0,0,1,0
413004,0,0,0,0,0,0,0,0,1,0
413005,0,0,0,0,0,0,0,0,1,0
413006,0,0,0,1,0,0,0,0,1,0
413007,0,0,0,0,0,0,0,0,1,0
413008,0,1,0,0,0,1,0,1,1,0
413009,0,0,0,0,0,0,0,0,1,0
413010,0,0,0,0,0,1,0,0,1,0
413011,0,0,0,0,0,0,0,0,1,0
413012,0,1,0,0,0,0,0,1,1,0
413013,0,0,0,0,0,0,0,0,1,0
413014,0,0,0,0,0,0,0,0,1,0
413015,0,0,0,1,0,0,0,1,1,0
413016,0,0,0,0,0,0,0,1,1,0
413017,0,0,0,0,0,0,0,0,1,0
413019,0,0,0,0,0,0,0,0,1,0
413020,0,0,0,0,0,0,0,0,1,0
414001,0,0,0,0,0,1,0,0,1,0
414002,0,1,0,0,0,0,1,0,1,0
414003,0,0,0,0,0,1,0,0,1,0
414004,0,0,0,0,0,0,0,0,1,0
414005,0,0,0,0,0,1,0,0,1,0
414006,0,0,0,0,0,0,0,0,1,0
414007,0,1,1,0,0,1,0,0,1,0
414008,0,1,0,0,0,0,0,0,1,0
414009,0,0,0,0,0,1,0,0,1,0
414010,0,0,0,0,0,0,1,1,1,0
414011,0,0,0,1,0,0,0,0,1,0
414012,0,0,0,0,0,0,0,0,1,0
414013,0,0,0,0,0,0,0,0,1,0
414014,0,0,0,0,0,0,0,0,1,0
414015,0,0,0,0,0,0,0,0,1,0
414016,0,0,0,0,0,0,0,1,1,0
414017,0,0,0,0,0,0,0,0,1,0
414018,0,0,0,1,0,0,0,0,1,0
414019,0,0,0,0,0,0,0,0,1,0
414020,0,0,0,0,0,0,0,0,1,0
415001,0,0,0,0,0,0,0,1,1,0
415002,0,0,0,0,0,1,0,1,1,0
415003,0,1,0,1,0,0,0,1,1,0
415004,0,1,0,0,0,0,0,0,1,0
415005,0,0,0,0,0,0,0,1,1,0
415006,0,0,0,1,0,0,0,0,1,0
415007,0,0,0,0,0,0,0,0,1,0
415008,0,0,0,0,0,1,0,1,1,0
415009,0,0,0,1,0,0,0,0,1,0
415010,0,0,1,1,0,0,0,0,1,0
415011,0,0,0,0,0,0,0,0,1,0
415012,0,0,0,0,0,0,1,1,1,0
415013,0,0,0,0,0,0,0,0,1,0
415014,0,0,0,1,0,1,0,1,1,0
415015,0,0,0,0,0,0,1,0,1,0
415016,0,1,0,0,0,0,0,0,1,0
415017,0,0,0,0,0,0,0,0,1,0
415018,0,0,0,0,0,1,0,1,1,0
415019,0,1,0,0,0,0,0,1,1,0
415020,0,0,0,0,0,0,0,0,1,0
416002,0,0,0,1,0,0,1,0,1,0
416003,0,1,0,1,0,0,1,0,1,0
416004,0,1,0,0,0,0,0,0,1,0
416005,0,0,1,0,0,0,0,1,1,0
416006,0,1,0,0,0,0,0,1,1,0
416007,0,0,0,1,0,0,0,0,0,0
416008,0,1,0,1,0,0,0,1,1,0
416009,0,1,0,0,0,1,0,1,1,0
416010,0,0,0,0,0,1,1,1,1,0
416011,0,1,0,0,0,0,0,0,1,0
416012,0,1,1,0,0,0,0,1,1,0
416013,0,0,0,0,0,0,0,1,1,0
416014,0,1,0,0,0,0,1,1,1,0
416015,0,1,0,0,0,1,0,1,1,0
416016,1,1,0,0,0,0,0,1,1,0
416017,0,1,1,0,0,0,0,1,1,0
416018,0,1,0,0,0,0,0,0,1,0
416019,0,0,0,0,0,1,0,1,1,0
416020,0,1,0,1,0,1,0,1,1,0
417001,0,0,0,1,0,0,0,0,1,0
417002,0,0,0,0,0,0,0,0,1,0
417003,0,0,0,1,0,0,1,1,1,0
417004,0,0,0,0,0,0,0,0,1,1
417005,0,1,0,0,0,0,0,0,1,0
417006,0,0,0,0,0,0,0,0,1,0
417007,0,1,0,0,0,1,0,1,1,1
417008,0,0,0,0,0,1,0,1,1,0
417009,0,0,0,0,0,1,0,1,1,0
417010,0,0,0,0,0,0,0,0,1,0
417011,0,1,0,0,0,1,0,1,1,0
417013,0,0,0,0,0,0,0,0,1,0
417014,,0,0,1,0,0,0,0,1,0
417015,0,0,0,1,0,0,1,1,1,1
417016,0,0,0,1,0,1,0,1,1,1
417017,0,0,0,0,0,0,0,0,1,1
417018,0,0,0,0,1,0,1,0,1,1
417019,0,0,0,0,0,1,0,1,1,0
417020,0,0,0,0,0,0,0,0,1,0
418001,0,1,0,1,0,0,1,1,1,0
418002,0,1,0,0,0,0,0,0,1,0
418003,0,0,0,0,0,0,0,0,1,0
418004,0,0,0,0,0,0,0,0,1,0
418005,0,0,0,0,0,1,0,0,1,0
418006,0,0,0,0,0,0,0,0,1,0
418007,0,0,0,1,0,0,0,0,1,0
418008,0,1,0,0,0,1,0,1,1,0
418009,0,0,0,0,0,0,0,0,1,0
418010,0,0,0,0,0,1,0,1,1,0
418011,0,1,0,1,0,0,0,0,1,0
418012,0,0,0,1,0,0,1,0,1,1
418013,0,0,1,1,0,0,1,1,1,1
418014,0,1,0,0,0,0,0,0,1,0
418015,0,0,0,0,0,0,0,0,1,0
418016,0,0,0,1,0,1,0,1,1,0
418017,0,1,0,1,0,0,0,0,1,0
418018,0,0,0,0,0,0,0,0,1,0
418019,0,1,0,0,0,0,0,0,1,0
418020,0,0,0,0,0,1,0,0,1,0
419001,0,1,0,1,0,0,1,0,1,0
419002,0,1,0,1,0,0,1,0,1,0
419003,0,0,0,0,0,0,0,0,1,0
419004,0,1,0,0,0,1,0,1,1,0
419005,0,0,0,1,0,1,0,1,1,1
419006,0,0,0,0,0,0,0,0,1,1
419007,0,1,1,0,0,0,0,1,1,1
419008,0,1,1,0,0,0,0,0,1,0
419009,0,0,1,0,0,1,0,1,1,0
419010,0,1,0,0,0,0,0,0,1,0
419011,0,1,0,1,0,1,0,1,1,0
419012,0,1,0,0,1,0,0,0,1,0
419013,0,0,0,1,0,1,1,1,1,0
419014,1,1,0,1,0,1,0,1,1,1
419016,0,1,0,1,0,0,0,0,1,0
419017,1,0,0,0,0,0,0,0,1,1
419018,0,0,0,1,1,0,1,0,1,0
419019,0,1,0,1,0,0,0,0,1,0
419020,0,0,0,0,0,0,0,0,1,0
420001,0,0,0,1,0,1,0,1,1,0
420002,0,0,0,1,0,0,0,0,1,0
420003,0,1,0,0,0,0,1,0,1,0
420004,0,0,0,0,0,0,0,0,1,0
420005,1,1,0,0,0,0,1,1,1,0
420006,0,0,0,0,0,0,1,0,1,0
420007,0,0,1,1,0,0,0,0,1,0
420008,0,0,0,1,0,0,0,0,1,0
420009,0,0,0,1,0,1,0,1,1,0
420010,0,0,0,0,0,0,0,0,1,0
420011,0,0,0,0,0,0,0,1,1,0
420012,0,0,0,1,0,0,1,0,1,0
420013,0,0,0,1,0,1,0,1,1,0
420014,0,0,0,0,0,0,0,0,1,0
420015,0,0,0,0,0,0,0,0,1,0
420016,0,0,0,0,0,0,1,0,1,0
420017,0,0,0,0,0,1,0,1,1,0
420018,0,0,0,1,0,1,1,1,1,0
420019,0,0,0,0,0,0,0,0,1,0
420020,0,0,0,1,0,0,0,0,1,1
421001,0,0,0,0,0,1,0,0,1,0
421002,0,0,0,0,0,0,0,0,1,0
421003,0,0,0,1,0,1,0,0,1,0
421004,0,0,0,0,0,0,0,0,1,0
421005,0,0,0,0,0,0,0,0,1,0
421006,0,0,0,0,0,0,0,0,1,0
421007,0,0,0,0,0,1,0,0,1,0
421008,0,0,0,0,0,0,0,0,1,0
421009,0,0,0,0,0,0,0,0,1,0
421010,0,0,0,0,0,1,0,0,1,0
421011,0,0,0,0,0,1,0,0,1,0
421012,0,0,0,0,0,0,0,0,1,0
421013,0,0,1,0,0,1,0,0,1,0
421014,0,0,0,0,0,0,0,1,1,0
421015,0,0,1,0,0,1,0,1,1,0
421016,0,0,0,1,0,0,0,0,1,0
421017,0,0,0,0,0,0,0,0,1,0
421018,0,0,0,0,0,1,0,0,1,0
421019,0,0,0,0,0,0,0,0,1,0
421020,0,0,0,0,0,0,0,0,1,0
422001,0,0,0,0,0,0,0,0,1,0
422002,0,0,0,0,0,0,0,0,1,0
422003,0,0,0,0,0,0,1,0,1,0
422004,0,0,0,0,1,0,0,0,1,1
422005,0,0,0,0,1,0,0,0,1,0
422006,0,0,0,1,1,0,0,0,1,1
422007,0,0,0,1,1,0,0,0,1,0
422008,0,0,0,0,0,0,0,0,1,0
422009,0,0,0,1,0,0,0,0,1,0
422010,0,0,0,0,0,0,0,0,1,0
422012,0,0,0,0,0,0,0,0,1,0
422013,0,0,0,1,1,0,0,0,1,0
422014,0,0,0,0,0,0,0,0,1,0
422015,0,1,0,0,0,0,0,0,1,0
422016,0,0,0,0,0,0,0,0,1,0
422017,0,0,0,0,0,0,0,0,1,0
422018,0,0,0,0,0,0,0,0,1,0
422019,0,0,0,0,1,0,0,0,1,0
422020,0,0,0,1,1,0,0,1,1,0
423001,0,1,0,1,0,0,0,1,1,0
423002,0,0,0,0,0,0,0,0,1,0
423003,0,0,0,0,0,0,0,0,1,0
423004,0,0,0,0,0,0,0,0,1,0
423005,0,0,0,1,0,0,0,0,1,0
423006,0,0,0,0,0,0,0,0,1,0
423007,0,1,0,1,0,0,0,1,1,0
423008,0,0,0,1,0,0,0,0,1,0
423009,0,0,0,0,0,0,0,0,1,0
423010,0,0,0,1,0,0,0,0,1,1
423011,0,0,0,0,0,0,0,0,1,0
423012,0,0,0,0,0,0,0,0,1,0
423013,0,0,0,0,0,0,0,0,1,0
423014,0,0,0,1,0,0,0,0,1,0
423015,0,1,0,1,0,0,0,1,1,0
423016,0,0,1,1,0,0,0,0,1,0
423017,0,0,0,0,0,0,0,0,1,0
423018,0,0,0,0,0,0,0,0,1,0
423019,0,0,0,0,0,0,1,1,1,1
423020,0,0,0,0,1,0,0,0,1,0
424001,0,1,0,1,0,0,0,0,1,0
424002,0,1,1,0,0,0,0,0,1,1
424003,0,0,0,0,0,0,0,0,1,0
424004,0,1,0,0,0,0,0,0,1,0
424005,0,0,0,0,1,0,1,1,1,1
424006,0,0,0,1,0,0,1,1,1,1
424007,0,0,0,1,0,0,1,1,1,0
424008,0,1,0,1,1,0,0,1,1,0
424009,0,0,1,0,0,0,0,1,1,0
424010,0,0,0,1,0,0,0,1,1,1
424011,0,1,0,0,0,0,0,0,1,0
424012,0,1,0,0,0,0,0,0,1,0
424013,0,0,0,0,0,0,0,1,1,0
424014,0,1,0,0,0,0,1,0,1,0
424015,0,0,0,1,0,0,1,1,1,0
424016,0,1,0,0,0,0,0,1,1,0
424017,0,1,0,1,1,0,1,1,1,1
424018,0,0,0,0,1,0,1,1,1,1
424019,0,1,0,1,0,0,0,1,1,0
424020,0,0,0,0,0,0,0,0,1,0
425001,0,0,0,0,0,0,0,0,1,0
425002,0,0,0,0,0,0,0,0,1,0
425003,0,1,0,1,1,0,1,1,1,0
425004,0,1,0,0,0,0,0,1,1,1
425005,0,1,0,0,0,0,0,1,1,0
425006,0,0,0,0,1,0,0,1,1,0
425007,0,0,0,0,0,0,0,1,1,0
425008,0,1,0,1,0,0,0,1,1,0
425009,0,0,0,0,0,0,1,1,1,0
425010,0,0,0,0,0,0,0,0,1,0
425011,0,1,0,0,0,0,1,0,1,0
425012,0,0,1,0,0,0,1,1,1,1
425013,0,0,0,1,0,0,1,1,1,1
425014,0,1,0,1,0,0,0,1,1,1
425015,0,1,0,0,0,0,0,1,1,0
425016,0,0,0,0,1,0,1,1,1,1
425017,0,1,1,0,1,0,1,1,1,1
425018,0,0,0,0,1,0,0,1,1,0
425019,0,0,0,0,0,0,0,1,1,0
425020,0,1,0,0,0,0,0,1,1,0
426001,0,0,0,0,0,0,0,1,1,0
426002,0,0,1,1,0,0,1,1,1,0
426003,0,1,0,0,0,0,1,1,1,0
426004,0,0,0,1,0,0,1,1,1,0
426005,0,0,0,1,0,0,1,0,1,0
426006,0,0,0,0,0,0,0,1,1,0
426007,0,1,0,0,0,0,0,1,1,0
426008,0,0,0,1,0,0,0,1,1,0
426009,0,0,0,1,0,0,0,1,1,0
426010,0,1,0,1,1,0,0,1,1,1
426011,0,1,0,0,0,0,1,1,1,0
426012,0,1,0,0,1,0,1,1,1,0
426013,0,0,0,0,0,0,0,1,1,0
426014,0,0,1,0,0,0,0,1,1,0
426015,0,0,0,0,0,0,0,1,1,0
426016,0,1,0,0,0,0,1,1,1,1
426017,0,0,0,0,0,0,1,0,1,0
426018,0,0,1,1,0,0,1,1,1,0
426019,0,1,0,0,0,1,1,1,1,0
426020,0,1,0,1,0,1,1,1,1,0
427001,0,0,0,1,1,0,1,0,1,1
427002,0,0,0,1,1,0,1,0,1,0
427004,0,0,0,0,0,0,0,0,1,1
427005,0,0,0,0,1,0,0,0,1,1
427006,0,0,0,0,0,0,0,0,1,0
427008,0,1,0,0,0,0,1,1,1,0
427009,0,1,0,0,0,0,0,0,1,0
427010,0,0,0,0,0,0,0,0,1,0
427011,0,0,0,0,1,0,0,0,1,1
427012,0,0,0,0,0,0,0,0,1,0
427013,0,,0,0,0,0,0,0,1,0
427014,0,0,1,0,0,0,0,0,1,0
427015,0,0,0,1,0,0,0,0,1,1
427016,0,0,0,0,0,0,0,0,1,0
427017,0,1,0,0,0,0,0,0,1,0
427018,0,0,0,0,0,0,0,0,1,0
427019,0,1,0,0,0,0,0,0,1,0
427020,0,1,0,0,0,0,0,0,1,0
428001,0,0,0,0,0,0,0,0,1,0
428002,0,0,0,0,0,0,0,1,1,1
428003,0,0,0,1,0,0,0,0,1,0
428004,0,0,0,0,0,0,0,0,1,0
428005,0,0,0,0,0,0,0,0,1,1
428006,0,0,0,0,0,0,0,1,1,0
428007,0,0,1,0,0,0,0,1,1,0
428008,0,1,0,0,0,0,0,0,1,0
428009,0,0,1,0,0,0,0,1,1,0
428010,0,0,0,1,0,0,0,1,1,0
428011,0,0,0,0,0,0,0,1,1,0
428012,0,0,0,0,0,0,0,1,1,0
428013,0,0,0,0,0,0,0,0,1,0
428014,0,0,0,0,0,0,0,0,1,0
428015,0,1,0,0,0,0,0,0,1,0
428016,0,0,0,0,0,0,0,0,1,0
428017,0,0,0,1,0,0,0,0,1,0
428018,0,0,0,1,0,0,0,1,1,0
428019,0,0,0,0,0,0,0,0,1,0
428020,0,0,1,0,0,0,0,0,1,0
429001,0,0,0,0,0,0,1,1,1,0
429002,0,,0,0,0,0,1,1,1,0
429003,0,0,0,0,0,0,1,1,1,0
429004,0,0,0,1,0,0,1,1,1,1
429005,0,0,0,0,0,0,1,1,1,1
429006,0,0,0,0,0,0,1,1,1,1
429007,0,1,0,0,0,0,1,1,1,0
429008,0,0,0,1,0,0,1,1,1,1
429009,0,1,0,0,0,0,0,1,1,1
429010,0,1,0,0,0,0,0,1,1,0
429011,0,0,0,0,0,0,0,1,1,1
429012,0,0,0,0,0,0,0,0,1,0
429013,0,0,0,0,0,0,0,1,1,0
429014,0,0,0,1,0,0,1,1,1,0
429015,0,0,0,0,0,0,0,1,1,0
429016,0,0,0,0,0,0,0,1,1,0
429017,0,0,1,0,0,0,0,1,1,0
429018,0,0,0,0,0,0,1,1,1,0
429019,0,0,0,1,0,0,1,1,1,1
429020,0,0,1,0,0,0,1,1,1,0
430001,0,1,0,0,0,0,1,1,1,0
430002,0,0,1,1,0,0,1,1,1,0
430003,0,0,0,0,0,1,1,1,1,0
430004,0,0,1,0,0,0,1,1,1,0
430005,0,0,0,0,0,0,1,1,1,0
430006,0,1,1,0,0,0,1,1,1,0
430007,0,0,0,0,0,0,1,1,1,0
430008,0,0,1,0,0,0,1,1,1,0
430009,0,1,0,1,0,0,1,1,1,0
430010,0,1,1,1,0,0,1,1,1,0
430011,0,0,0,0,0,0,1,0,1,1
430012,0,0,1,1,1,1,1,1,1,0
430013,0,1,0,1,0,0,1,1,1,0
430014,0,0,0,0,0,1,1,1,1,0
430015,0,1,0,0,0,0,1,1,1,0
430016,0,1,0,0,0,1,1,0,1,0
430017,0,0,0,1,1,0,1,1,1,1
430018,0,0,0,1,1,1,1,1,1,0
430019,0,1,0,0,0,0,1,1,1,1
431001,0,0,0,0,0,0,0,0,0,0
431002,0,0,0,0,0,0,0,0,1,0
431004,0,0,0,0,0,0,0,0,1,0
431005,0,0,0,0,0,0,0,0,1,0
431006,0,0,0,0,0,0,0,0,1,0
431007,0,0,0,0,0,0,0,0,0,0
431008,0,0,0,0,0,0,0,0,1,0
431009,0,0,0,0,0,0,0,0,1,0
431010,0,0,0,0,0,0,0,0,1,0
431011,0,0,0,0,0,0,0,0,1,0
431012,0,0,0,0,0,0,0,0,1,0
431013,0,0,0,0,0,0,0,0,0,0
431014,0,1,0,0,0,0,0,0,0,0
431016,0,0,0,0,0,0,0,0,1,0
431017,0,1,0,0,0,0,0,0,1,0
431018,0,0,0,0,0,0,0,0,1,0
431019,0,0,0,0,0,0,0,0,0,0
431020,0,0,0,0,0,0,0,0,1,0
432001,0,0,0,0,0,0,0,0,1,0
432003,0,0,0,0,0,0,0,0,1,0
432004,0,0,0,1,0,0,0,0,1,0
432005,0,1,0,0,0,0,0,0,1,0
432006,0,0,0,0,0,0,0,0,1,0
432007,0,1,0,1,0,0,0,0,1,0
432008,0,0,0,1,0,0,0,0,1,0
432009,0,0,0,0,0,0,0,0,1,0
432010,0,0,0,0,0,0,0,0,1,0
432011,0,0,0,0,0,0,0,0,1,0
432012,0,1,0,0,0,0,0,0,1,0
432013,0,0,0,0,0,0,0,0,1,0
432014,0,0,0,0,0,0,0,0,1,0
432015,0,0,0,1,0,0,0,1,1,0
432016,0,0,0,1,0,0,0,0,1,0
432017,0,0,0,0,0,0,0,1,1,0
432018,0,0,0,1,0,0,0,0,1,0
432019,0,0,0,0,0,0,0,0,1,0
432020,0,1,0,0,0,0,0,0,1,0
433001,0,0,0,1,0,0,1,1,1,0
433002,0,0,0,1,1,0,1,1,1,0
433003,0,0,0,1,1,0,1,1,1,0
433004,0,0,0,1,1,0,1,1,1,1
433005,0,0,0,0,1,0,1,1,1,0
433006,0,1,0,1,1,0,1,1,1,0
433007,0,1,0,1,1,0,1,1,1,0
433008,0,0,0,1,1,0,1,1,1,1
433009,0,1,0,1,1,0,1,1,1,1
433010,0,0,0,1,1,0,1,1,1,1
433011,0,1,0,1,1,0,1,0,1,0
433012,0,1,1,1,1,0,1,1,1,1
433013,0,0,1,0,1,0,1,1,1,0
433014,0,1,1,1,1,0,1,1,1,0
433015,0,0,0,0,1,0,1,1,1,0
433016,0,0,0,0,1,0,1,1,1,0
433017,0,0,0,1,1,0,1,1,1,0
433018,0,0,0,1,1,0,1,1,1,1
433019,0,0,1,1,1,0,1,1,1,0
433020,0,0,0,0,0,0,1,1,1,0
434001,0,0,0,0,0,0,0,0,1,0
434002,0,0,0,0,0,0,0,0,1,0
434003,0,0,0,0,0,0,0,0,1,0
434004,0,0,0,0,0,0,0,0,1,0
434005,0,0,0,0,0,0,0,0,1,0
434006,0,0,0,0,0,0,0,0,1,0
434007,1,1,0,0,0,0,0,0,1,0
434008,0,0,0,0,0,0,0,1,1,0
434009,0,0,0,0,0,1,0,1,1,0
434010,0,0,0,0,0,0,1,1,1,1
434011,0,0,0,1,0,0,0,0,1,0
434012,0,0,0,0,0,0,0,0,1,0
434013,0,0,0,0,0,1,0,0,1,0
434014,0,0,1,0,0,0,0,0,1,0
434015,0,0,0,0,0,0,0,1,1,0
434016,0,0,0,0,0,0,0,0,1,0
434017,0,0,0,0,0,0,0,0,1,0
434018,0,0,0,0,0,0,0,0,1,0
434019,0,1,0,0,0,0,0,0,1,0
434020,0,0,0,0,0,0,0,0,1,0
435001,0,0,0,0,0,0,0,0,0,0
435002,0,0,0,0,0,0,0,0,1,0
435003,0,0,0,0,0,0,0,0,0,0
435004,0,0,0,0,0,0,0,0,0,0
435005,0,0,0,0,0,0,0,0,1,0
435006,0,0,0,0,0,0,0,0,1,0
435007,0,0,0,0,0,0,0,0,1,0
435008,0,0,0,0,0,0,0,0,1,0
435009,0,0,0,0,0,0,0,0,0,0
435010,0,0,0,0,0,0,0,0,0,0
435011,0,0,0,0,0,0,0,0,0,0
435012,0,0,0,0,0,0,0,0,0,0
435013,0,0,0,0,0,0,0,0,1,0
435014,0,1,0,0,0,0,0,0,0,0
435015,0,0,0,0,0,0,0,0,1,0
435016,0,0,0,0,0,0,0,0,0,0
435017,0,0,0,0,0,0,0,0,1,0
435018,0,0,0,0,0,0,0,0,1,0
435019,0,0,0,0,0,0,0,0,1,0
435020,0,0,0,0,0,0,0,0,1,0
436001,0,0,0,0,0,0,1,1,1,1
436002,0,0,0,1,0,1,1,0,1,0
436003,0,0,0,0,0,0,1,1,1,1
436004,0,1,0,1,0,1,0,1,1,0
436005,0,0,0,1,1,0,1,1,1,1
436006,0,0,0,0,0,1,0,0,1,0
436007,0,0,0,1,1,0,1,1,1,1
436008,0,0,0,1,0,1,0,0,1,0
436009,0,0,0,0,0,0,1,0,1,0
436010,0,0,0,0,0,1,0,1,1,0
436011,0,1,0,1,0,0,0,1,1,0
436012,0,0,1,0,0,0,1,1,1,1
436013,0,0,0,0,0,0,0,0,1,0
436014,0,0,0,0,0,0,0,0,1,1
436015,0,1,0,1,0,0,0,1,1,0
436016,0,0,0,0,0,0,0,1,1,1
436017,0,0,1,1,1,0,1,1,1,1
436018,0,1,0,0,0,0,0,1,1,1
436019,0,0,1,0,0,0,0,1,1,0
436020,0,0,0,0,0,0,0,0,1,1
437001,0,0,1,1,0,1,1,1,1,0
437002,0,1,0,1,0,0,0,1,1,0
437003,0,0,0,1,0,1,1,1,1,0
437004,0,0,0,1,0,0,0,1,1,1
437006,0,0,0,0,0,0,1,1,1,0
437007,0,0,0,1,0,1,0,0,1,0
437008,0,0,0,1,0,0,0,0,1,0
437009,0,0,0,0,0,1,1,1,1,0
437010,0,1,1,1,1,0,1,1,1,1
437012,0,0,0,0,0,0,0,1,1,1
437013,0,0,0,1,0,0,0,0,1,0
437014,0,0,0,1,0,0,1,1,1,0
437015,0,0,0,1,0,0,1,0,1,0
437016,0,0,0,0,0,0,1,1,1,0
437017,0,0,0,1,0,0,0,0,1,0
437018,0,,0,1,0,0,0,1,1,0
437019,0,1,1,1,0,0,1,1,1,0
437020,0,0,0,0,0,0,0,0,1,0
438001,0,1,0,0,0,0,0,0,1,0
438002,0,0,1,0,0,0,1,0,1,0
438003,0,1,0,1,0,0,1,0,1,0
438004,0,0,0,0,0,1,1,1,1,0
438005,0,0,0,0,0,1,1,1,1,0
438006,0,0,0,0,0,0,0,0,1,0
438007,0,1,0,0,0,1,0,0,1,0
438008,0,0,0,1,0,1,0,0,1,0
438009,0,0,0,1,0,0,1,0,1,0
438010,0,0,0,0,0,0,0,0,1,0
438011,1,0,1,0,0,0,1,0,1,0
438012,0,1,0,0,0,0,0,0,1,0
438013,0,0,1,0,0,1,0,0,1,0
438014,0,1,1,0,0,0,1,0,1,0
438015,0,0,1,0,0,1,0,1,1,0
438016,0,1,0,0,0,0,1,0,1,0
438017,0,1,1,1,0,1,0,1,1,0
438018,0,0,0,1,0,0,1,0,1,0
438019,0,0,0,1,0,0,1,0,1,0
438020,0,0,1,0,0,0,1,0,1,0
439001,0,0,0,0,0,1,0,0,1,0
439002,0,0,1,0,0,0,0,1,1,0
439003,0,0,0,0,0,0,0,0,1,0
439004,0,0,0,0,0,0,0,0,1,0
439005,0,0,0,0,0,0,0,0,1,0
439006,0,0,0,1,0,0,0,0,1,0
439007,0,0,0,0,0,1,0,0,1,0
439008,0,0,0,1,0,0,0,1,1,0
439009,0,0,0,0,0,0,0,0,1,0
439010,0,0,0,0,0,1,0,1,1,0
439011,0,0,0,0,0,0,0,0,1,0
439012,0,0,0,0,0,0,0,0,1,0
439013,0,0,0,1,0,0,0,0,1,0
439014,0,0,0,0,0,0,0,0,1,0
439015,0,0,0,0,0,0,0,0,1,0
439016,0,0,0,0,0,0,0,0,1,0
439017,0,0,0,0,0,0,0,0,1,0
439018,0,0,0,1,0,0,0,0,1,0
439019,0,0,0,0,0,0,0,0,1,0
439020,0,0,0,1,0,0,0,0,1,0
440001,0,0,0,0,0,0,0,0,1,0
440002,0,0,0,0,0,0,0,0,1,0
440003,0,0,0,0,0,0,0,0,0,0
440004,0,0,0,0,0,0,0,0,1,0
440005,0,0,0,0,0,0,0,0,0,0
440006,0,0,0,0,0,0,0,0,1,0
440007,0,0,0,1,0,0,0,0,1,0
440008,0,0,0,0,0,0,0,0,1,0
440009,0,0,0,1,0,0,0,0,1,0
440010,0,0,0,0,0,0,0,0,0,0
440011,0,0,0,0,0,0,0,0,1,0
440012,0,0,0,0,0,0,0,0,1,0
440013,0,1,0,0,0,0,0,0,1,0
440014,0,0,0,0,0,0,0,0,0,0
440015,0,0,0,0,0,0,0,0,0,0
440016,0,0,0,0,0,0,0,0,1,0
440017,0,0,0,0,0,0,0,0,1,0
440018,0,0,0,0,0,0,0,0,1,0
440019,0,0,0,0,0,0,1,0,0,0
440020,0,0,0,0,0,0,0,0,1,0
441001,0,0,0,1,0,1,0,1,1,0
441002,0,0,0,0,0,0,0,0,1,0
441003,0,0,0,0,0,0,0,0,1,0
441004,0,0,0,1,0,0,0,0,1,0
441005,0,0,0,0,0,0,0,0,1,0
441006,0,1,0,1,0,0,0,0,1,0
441007,0,0,0,1,0,0,0,0,1,0
441008,0,0,0,0,0,0,0,1,1,0
441009,0,0,0,0,0,1,0,0,1,0
441010,0,0,0,1,0,0,0,0,1,0
441011,0,0,0,0,0,0,0,0,1,0
441012,0,1,0,0,0,0,0,0,1,0
441013,0,0,0,0,0,1,0,1,1,0
441014,0,0,0,0,0,1,0,0,1,0
441015,0,0,0,0,0,1,0,0,1,0
441016,0,0,0,0,0,0,0,0,1,0
441017,0,0,0,0,0,0,0,0,1,0
441018,0,1,0,0,0,0,0,0,1,0
441019,1,1,0,0,0,0,0,0,1,0
441020,0,0,0,1,0,0,0,0,1,0
442001,0,0,0,0,0,0,0,0,1,0
442002,0,0,0,0,0,0,0,0,1,0
442004,0,1,0,1,0,0,0,0,1,0
442005,0,0,0,0,0,0,0,0,1,0
442006,0,0,0,0,0,0,0,0,1,0
442007,0,0,0,0,0,0,0,0,1,0
442008,0,0,0,0,0,0,0,0,1,0
442009,0,0,0,0,0,0,0,0,1,0
442010,0,0,0,0,0,0,0,0,1,0
442011,0,0,0,1,0,0,0,0,1,1
442012,0,0,0,0,0,0,0,1,1,0
442013,0,0,0,1,0,0,0,0,1,1
442014,0,0,0,0,0,0,0,0,1,0
442015,0,1,0,0,0,0,0,1,1,0
442016,0,0,0,0,0,0,0,0,1,0
442017,0,0,0,0,0,0,0,0,1,0
442018,0,0,0,0,0,0,0,0,1,1
442019,0,0,0,0,1,0,0,0,1,1
442020,0,0,0,1,0,0,1,0,1,0
443001,0,1,0,0,0,0,0,0,1,0
443002,0,0,0,1,0,0,0,0,1,0
443003,0,0,0,0,0,0,0,0,1,0
443004,0,1,0,1,0,0,0,0,1,1
443005,0,0,0,0,0,0,0,0,1,1
443006,0,0,0,1,0,0,0,0,1,0
443007,0,1,0,0,0,0,0,0,1,0
443008,0,1,0,0,0,1,0,0,1,0
443009,0,0,0,1,0,0,0,0,1,0
443010,0,0,0,1,0,0,0,0,1,1
443011,0,0,0,0,0,0,0,0,1,1
443012,0,0,0,0,0,0,0,0,1,1
443013,0,0,0,0,0,0,0,0,1,0
443014,0,1,0,1,0,0,0,0,1,1
443015,0,0,0,0,0,0,0,0,1,0
443016,0,0,0,1,0,0,0,0,1,1
443017,0,1,0,0,0,0,0,1,1,0
443018,0,0,0,1,0,0,0,0,1,1
443019,0,1,0,0,0,0,0,0,1,0
443020,0,0,0,1,0,1,0,0,1,0
444001,0,0,0,0,0,1,0,0,1,0
444002,0,0,0,1,0,0,0,0,1,0
444004,0,0,1,1,0,1,1,0,1,0
444005,0,0,0,1,0,0,1,0,1,1
444006,0,0,0,0,0,0,0,0,1,0
444007,0,0,0,1,0,0,0,0,1,1
444008,0,1,0,1,0,0,0,0,1,0
444009,0,0,0,1,0,0,0,0,1,0
444010,0,0,0,1,0,0,1,0,1,1
444011,0,1,0,0,0,0,1,0,1,0
444012,0,0,0,1,0,0,0,0,1,0
444013,0,1,1,1,1,0,0,0,1,0
444014,0,0,0,1,0,1,1,0,1,0
444015,0,0,0,1,1,0,0,0,1,1
444016,0,0,0,0,0,0,0,0,1,0
444018,0,0,0,0,0,1,1,0,1,0
444019,0,1,0,1,1,0,1,1,1,1
444020,0,1,0,1,0,0,0,0,1,1
445001,0,0,0,0,0,1,0,0,1,0
445002,0,0,0,0,0,0,0,0,1,0
445003,0,0,0,0,0,1,0,0,1,0
445004,0,0,0,0,0,0,0,1,1,0
445005,0,0,0,0,0,0,0,0,1,0
445006,0,0,0,0,0,0,0,0,1,0
445007,0,0,0,0,0,0,0,0,1,0
445008,1,0,0,0,0,0,0,1,1,0
445009,0,0,1,0,0,1,0,0,1,0
445010,0,0,0,0,0,0,0,0,1,0
445011,0,0,0,0,0,0,0,0,1,0
445012,0,0,1,1,0,0,0,0,1,0
445013,0,0,0,1,0,0,0,0,1,1
445014,0,0,0,0,0,0,0,0,1,0
445015,0,0,0,0,0,0,0,0,1,1
445016,0,1,0,0,0,0,0,0,1,0
445017,0,0,0,0,0,0,0,0,1,0
445018,0,0,0,0,0,0,0,0,1,0
445019,0,0,0,0,0,0,0,0,1,0
445020,0,0,0,0,0,0,0,0,1,0
446001,0,0,1,0,0,0,1,1,1,0
446002,0,0,0,1,0,1,0,1,1,0
446004,0,1,0,1,1,0,1,1,1,0
446005,0,1,0,1,0,0,1,1,1,0
446007,0,0,0,0,0,0,1,1,1,0
446008,1,0,0,1,0,0,1,1,1,1
446009,1,1,0,0,0,0,1,0,1,0
446010,0,0,0,0,0,0,1,1,1,0
446011,0,0,0,0,1,0,1,1,1,0
446012,0,0,0,1,1,1,1,1,1,1
446013,0,0,1,0,0,0,1,1,1,0
446014,0,0,0,1,1,0,1,1,1,1
446015,0,0,0,1,0,0,1,1,1,0
446016,0,0,1,1,0,0,1,1,1,1
446017,0,0,1,1,0,1,1,1,1,0
446018,0,1,0,1,0,0,1,0,1,0
446019,0,1,0,0,0,0,1,1,1,0
446020,0,1,1,0,0,0,1,1,0,0
447002,0,0,0,0,0,1,0,1,1,0
447003,0,1,0,1,0,0,0,0,1,0
447004,0,1,0,1,0,1,1,1,1,0
447005,0,1,1,1,0,0,1,1,1,1
447006,0,1,0,0,0,0,1,1,1,0
447007,0,1,0,0,0,1,0,1,1,0
447008,0,0,0,0,0,0,0,0,1,0
447009,0,0,0,0,0,1,1,1,1,0
447010,0,0,0,1,0,0,1,1,1,0
447011,0,1,0,1,0,0,1,0,1,0
447012,0,1,0,0,0,0,0,0,1,0
447013,0,0,0,0,0,0,1,1,1,0
447014,0,0,0,0,0,0,0,0,1,0
447015,0,0,0,0,0,0,0,0,1,0
447016,0,1,0,1,0,1,1,1,1,1
447017,0,1,0,1,0,0,1,1,1,0
447018,0,0,0,0,0,0,1,1,1,0
447019,0,0,0,0,0,0,0,1,1,0
447020,0,1,0,1,1,0,1,1,1,0
448001,0,0,0,1,0,0,1,0,1,1
448002,0,0,1,0,0,0,0,1,1,0
448003,0,1,0,1,0,0,1,1,1,0
448004,0,0,1,0,1,0,1,1,1,0
448005,0,0,1,0,0,0,1,1,1,0
448006,0,1,0,0,0,0,1,1,1,0
448008,0,0,0,0,0,0,0,1,1,0
448009,0,1,0,0,0,0,0,1,1,0
448010,0,0,0,0,0,1,0,1,1,0
448011,0,0,0,1,0,1,0,1,1,0
448012,0,0,0,0,0,1,1,1,1,0
448013,0,1,1,0,0,0,1,1,1,0
448014,0,1,1,0,0,1,0,1,1,0
448015,0,0,1,0,0,0,0,1,1,0
448016,0,0,0,0,0,0,0,1,1,0
448017,1,1,0,0,0,0,0,0,1,0
448018,0,1,0,1,0,0,0,1,1,0
448019,0,1,0,1,0,0,1,1,1,0
448020,0,1,0,0,0,0,0,1,1,0
449001,0,0,0,0,0,0,0,0,0,0
449002,0,0,0,0,0,0,0,0,1,0
449003,0,0,0,0,0,0,0,0,1,0
449004,0,0,0,1,0,0,0,0,0,0
449005,0,0,0,0,0,0,0,0,0,0
449006,0,0,0,1,0,0,0,0,0,0
449007,0,0,0,1,0,0,0,0,0,0
449008,0,0,0,0,0,0,0,0,1,0
449009,0,0,0,0,0,0,0,0,1,0
449010,0,0,0,0,0,0,0,0,0,0
449011,0,0,0,0,0,0,0,0,1,0
449012,0,0,0,1,0,0,0,0,1,0
449013,0,0,0,0,0,0,0,0,0,0
449014,0,0,0,0,0,0,0,0,1,0
449015,0,0,0,0,0,0,0,0,1,0
449016,0,0,0,0,0,0,0,0,1,0
449017,0,0,0,0,0,0,0,0,1,0
449018,0,0,0,0,0,0,0,0,1,0
449019,0,0,0,0,0,0,0,0,1,0
449020,0,0,0,0,0,0,0,0,1,0
450001,0,0,0,0,0,0,0,0,1,0
450002,0,0,0,0,0,0,0,0,1,0
450003,0,0,0,0,0,0,0,0,1,0
450004,0,0,0,0,0,0,0,0,1,0
450005,0,0,0,0,0,0,1,0,1,0
450006,0,0,0,0,0,0,0,0,1,0
450007,0,0,0,1,0,0,0,0,1,0
450008,0,0,0,0,0,1,0,0,1,0
450009,0,0,0,0,0,0,0,0,1,0
450010,0,0,0,0,0,0,0,0,1,0
450011,0,0,0,0,0,0,0,0,0,0
450013,0,0,0,0,0,0,0,0,1,0
450014,0,0,0,0,0,1,0,0,1,0
450015,0,0,0,0,0,0,0,0,1,0
450016,0,0,0,0,0,0,0,0,1,0
450017,0,0,0,0,0,0,0,0,1,0
450018,0,1,0,0,0,0,1,0,1,0
450019,0,0,0,0,0,0,0,0,1,0
450020,0,0,0,1,0,0,0,0,1,0
451001,0,0,0,0,0,0,0,0,1,0
451002,0,0,0,0,0,0,0,0,1,0
451003,0,0,0,0,0,0,0,0,1,0
451004,0,0,0,0,0,0,0,0,1,0
451005,0,0,0,0,0,0,0,0,1,0
451006,0,0,0,0,0,0,0,1,1,0
451007,0,0,0,1,0,0,0,0,1,0
451008,0,0,0,0,0,0,0,0,1,0
451009,0,0,0,0,0,0,0,0,1,0
451010,0,0,0,0,0,0,0,0,1,0
451011,0,0,0,0,0,0,0,0,1,0
451012,0,0,0,0,0,0,0,0,1,0
451013,0,0,0,1,0,0,0,0,1,0
451014,0,0,0,0,0,0,0,0,1,0
451015,0,0,0,0,0,0,0,0,1,0
451016,0,0,0,0,0,0,0,0,1,0
451017,0,0,0,0,0,0,0,0,1,0
451018,0,0,0,0,0,0,0,0,1,0
451019,0,0,0,0,0,0,0,0,1,0
451020,0,0,0,0,0,0,0,0,0,0
452001,0,0,0,0,0,0,0,0,1,0
452002,0,0,0,0,0,0,0,0,1,0
452003,0,0,0,0,0,0,0,0,1,0
452004,0,0,0,1,0,0,0,0,1,0
452005,0,0,0,0,0,0,0,0,1,0
452006,0,0,0,0,0,0,0,0,1,0
452007,0,0,0,0,0,0,0,1,1,0
452008,0,0,0,0,0,0,0,0,1,0
452009,0,1,0,0,0,0,0,0,1,0
452010,0,0,0,0,0,0,0,1,1,0
452011,0,0,0,0,0,0,0,0,1,0
452012,0,0,0,0,0,0,0,0,1,0
452014,0,0,0,0,0,0,0,0,1,0
452015,0,0,0,0,0,0,0,0,1,0
452016,0,0,0,0,0,0,0,0,1,0
452017,0,0,0,0,0,0,0,0,1,0
452018,0,0,0,0,0,0,0,0,1,0
452019,0,0,0,0,0,0,0,0,1,0
452020,0,0,0,0,0,0,0,0,1,0
453001,0,0,0,0,0,0,0,0,0,0
453002,0,0,0,0,0,0,0,0,1,0
453003,0,0,0,1,0,0,0,0,1,0
453004,0,0,0,0,0,0,0,0,1,0
453005,0,0,0,0,0,0,0,0,1,0
453006,0,0,0,0,0,0,0,0,0,0
453007,0,0,0,0,0,0,0,0,0,0
453009,0,0,0,0,0,0,0,0,1,0
453010,0,0,0,0,0,0,0,0,1,0
453011,0,0,0,0,0,0,1,0,1,0
453012,0,0,0,0,0,0,0,0,1,0
453013,0,0,0,1,0,0,1,0,0,0
453014,0,1,0,0,0,0,0,0,1,0
453015,0,0,0,1,0,0,0,0,1,0
453016,0,0,0,0,0,0,0,0,1,0
453017,0,0,0,0,0,0,0,0,1,0
453018,0,1,0,0,0,0,0,0,1,0
453019,0,0,0,0,0,0,0,0,1,0
453020,0,1,0,0,0,0,1,0,1,0
454001,0,0,0,0,0,0,0,0,1,0
454002,0,0,0,0,0,0,0,0,1,0
454003,0,0,0,0,0,0,0,0,1,0
454004,0,1,0,0,0,0,0,0,1,0
454005,0,0,0,0,0,0,0,0,1,0
454006,0,0,0,0,0,0,0,0,1,0
454007,0,0,0,0,0,0,0,0,1,0
454008,0,0,0,0,0,0,0,0,1,0
454009,0,0,0,0,0,0,0,0,1,0
454010,0,0,0,1,0,0,0,0,1,0
454011,0,0,0,0,0,0,0,0,1,0
454012,0,0,0,0,0,0,0,0,1,0
454013,0,0,0,1,0,0,0,0,1,0
454014,0,0,0,0,0,0,0,0,1,0
454015,0,0,0,1,0,0,0,0,1,0
454016,0,0,0,0,0,0,0,0,1,0
454017,0,0,0,0,0,0,0,0,1,0
454018,0,0,0,0,0,0,0,0,1,0
454019,0,0,0,1,0,0,0,0,1,0
454020,0,0,0,0,0,0,0,0,1,0
455001,0,0,0,0,0,0,1,1,1,0
455002,0,1,0,0,0,0,1,1,1,1
455003,0,0,0,1,0,0,1,1,1,0
455004,0,0,0,1,0,0,1,1,1,0
455005,0,0,0,1,0,0,1,1,1,1
455006,0,0,0,0,0,0,0,1,1,0
455007,0,0,0,1,0,0,1,1,1,1
455008,0,0,0,1,0,0,0,1,1,0
455009,0,0,0,0,0,0,1,1,1,1
455010,0,0,0,0,0,0,0,1,1,1
455011,0,0,0,1,0,0,0,1,1,0
455012,0,0,1,1,0,0,1,1,1,0
455013,0,0,0,0,0,0,0,0,1,0
455014,0,0,0,1,0,0,0,1,1,0
455015,0,0,0,0,0,0,0,0,1,0
455016,0,0,0,1,0,0,0,1,1,1
455017,0,1,0,0,0,0,0,1,1,0
455018,0,0,0,0,0,0,0,1,1,1
455019,0,0,0,0,0,0,0,0,1,0
455020,0,0,0,0,0,0,0,1,1,1
456001,0,0,0,1,0,0,1,0,1,0
456002,0,0,0,0,0,0,0,0,1,0
456003,0,0,0,0,0,0,0,0,1,0
456004,0,0,0,0,0,0,0,0,1,0
456005,0,0,0,0,0,0,0,0,1,0
456006,0,0,0,0,0,0,0,0,0,0
456007,0,0,0,0,0,0,0,1,1,0
456008,0,0,0,0,0,0,0,0,1,0
456009,0,0,0,0,0,0,0,0,1,0
456010,0,0,0,0,0,0,0,0,1,0
456011,0,0,0,0,0,0,0,0,1,0
456012,0,0,0,0,0,0,0,0,1,0
456013,0,0,0,1,0,0,0,0,1,0
456014,0,0,0,0,0,0,0,0,1,0
456015,0,0,0,0,0,0,0,0,1,0
456016,0,0,0,1,0,0,0,0,1,0
456017,0,0,0,0,0,0,0,0,1,0
456018,0,0,0,1,0,0,0,0,1,0
456019,0,0,0,0,0,0,0,0,1,0
456020,0,0,0,0,0,0,0,0,1,0
457001,0,0,0,0,0,0,0,0,1,0
457002,0,0,1,0,0,0,0,0,1,0
457003,0,0,0,1,0,0,0,1,1,0
457004,0,0,0,1,0,0,0,0,1,1
457005,0,1,1,1,0,0,1,0,1,1
457006,0,1,0,1,0,0,0,0,1,0
457007,0,0,0,1,0,0,0,1,1,0
457008,0,0,0,1,0,0,0,0,1,0
457009,0,0,0,1,0,0,0,0,1,0
457010,0,0,0,1,0,0,0,0,1,0
457011,0,0,0,1,0,0,0,0,1,0
457012,0,0,0,0,0,0,1,1,1,0
457013,0,0,0,0,0,0,0,0,1,0
457014,0,0,0,1,0,0,0,0,1,0
457015,0,0,0,1,0,0,1,0,1,0
457016,0,1,0,1,0,0,1,1,1,1
457017,0,1,0,1,0,0,0,0,1,0
457018,0,0,0,0,0,0,1,0,1,1
457019,0,1,0,1,0,0,0,0,1,1
457020,0,0,0,0,0,0,0,0,1,0
458001,0,0,0,1,0,0,0,0,1,0
458002,0,0,0,0,0,0,0,0,1,0
458003,0,1,0,0,0,0,1,0,1,0
458004,0,1,0,1,0,0,1,0,1,0
458005,0,0,0,0,0,0,0,0,1,0
458006,0,0,0,1,0,0,0,0,1,0
458007,0,0,0,1,0,0,0,0,1,0
458008,0,0,0,1,0,0,0,0,1,0
458010,0,0,0,1,0,0,0,0,1,0
458011,0,0,0,1,0,0,0,0,1,0
458012,0,0,0,1,0,0,0,0,1,0
458013,0,1,0,1,0,0,0,0,1,0
458014,0,0,0,1,0,0,1,1,1,0
458015,0,0,1,1,0,0,1,1,1,1
458016,0,1,0,0,0,0,0,1,1,0
458017,0,0,0,0,0,0,0,0,1,0
458018,0,1,0,1,0,0,0,1,1,0
458019,0,0,0,0,0,0,0,0,1,0
459001,0,0,0,1,0,0,0,0,1,0
459002,0,0,0,0,0,0,0,0,1,0
459003,0,0,0,1,0,0,0,0,1,0
459004,0,0,0,0,0,0,0,0,1,0
459005,0,0,0,0,0,0,0,0,1,0
459006,0,0,0,1,0,0,0,0,1,0
459007,0,0,0,0,0,0,0,0,1,0
459008,0,0,0,1,0,0,0,0,1,0
459009,0,0,0,0,0,0,0,0,1,0
459010,0,0,0,0,0,0,0,0,1,0
459011,0,0,0,0,0,0,0,0,1,0
459012,0,0,0,0,0,0,0,0,1,0
459013,0,0,0,0,0,0,0,0,1,0
459014,0,0,0,0,0,0,0,0,1,0
459015,0,0,0,0,0,0,0,0,1,0
459016,0,0,0,0,0,0,0,0,1,0
459017,0,0,0,1,0,0,0,0,1,0
459018,0,0,0,0,0,0,0,0,1,0
459019,0,0,0,0,0,0,0,0,1,0
459020,0,0,0,0,0,0,1,0,1,0
460001,0,0,0,0,0,0,0,0,1,0
460002,0,1,0,1,0,0,0,0,1,0
460003,0,0,0,0,0,0,0,0,1,0
460004,0,0,0,1,0,0,0,0,1,0
460005,0,0,0,0,0,0,0,0,1,0
460006,0,0,0,0,0,0,0,0,1,0
460007,0,0,0,0,0,0,0,0,1,0
460008,0,0,0,0,0,0,0,0,1,0
460009,0,0,0,0,0,0,0,0,1,0
460010,0,0,0,1,0,0,0,0,1,0
460011,0,0,0,0,0,0,0,1,1,0
460012,0,0,0,0,0,0,0,0,1,0
460013,0,0,0,1,0,0,0,0,1,0
460014,0,0,0,0,0,0,0,0,1,0
460015,0,0,0,0,0,0,0,0,1,0
460016,0,0,0,1,0,0,0,0,1,0
460017,0,0,0,0,0,0,0,0,1,0
460018,0,0,0,1,0,0,0,0,1,0
460019,0,0,0,0,0,0,0,0,1,0
460020,0,0,0,0,0,0,0,0,1,0
461001,0,0,0,0,0,0,0,0,1,0
461002,0,0,1,0,0,0,0,0,1,0
461003,0,0,0,0,0,0,0,0,1,0
461004,0,0,0,0,0,0,0,0,1,0
461005,0,0,0,0,0,0,0,0,1,0
461006,0,0,0,0,0,0,0,1,1,0
461007,0,1,0,0,0,0,0,0,1,0
461008,0,0,0,0,0,0,0,1,1,0
461009,0,0,0,0,0,0,0,0,1,0
461010,0,0,0,0,0,0,0,0,1,0
461011,0,0,0,0,0,0,0,0,1,0
461012,0,0,0,0,0,0,0,0,1,0
461013,0,0,0,0,0,0,0,0,1,0
461014,0,0,0,0,0,0,0,0,1,0
461015,0,0,0,0,0,0,0,0,1,0
461016,0,0,0,0,0,0,0,0,1,0
461017,0,0,0,0,0,0,0,0,1,0
461018,0,0,0,0,0,0,0,0,1,0
461019,0,1,0,0,0,0,0,0,1,0
461020,0,0,0,1,0,0,0,0,1,0
462001,0,0,0,0,0,0,0,0,1,0
462002,0,0,0,0,0,0,0,0,1,0
462003,0,0,0,0,0,0,0,0,1,0
462004,0,0,0,1,0,0,0,0,1,0
462005,0,0,0,0,0,0,0,0,1,0
462006,0,0,0,0,0,0,0,0,0,0
462007,0,0,0,0,0,0,0,0,1,0
462008,0,0,0,0,0,0,0,0,1,0
462009,0,0,0,1,0,0,0,1,1,0
462010,0,0,0,0,0,0,0,0,1,0
462011,0,0,0,0,0,0,0,0,1,0
462012,0,,0,0,0,0,0,0,1,0
462013,0,0,0,0,0,0,0,0,1,0
462014,0,0,0,0,0,0,0,0,1,0
462015,0,0,0,0,0,0,0,0,1,0
462016,0,0,0,1,0,0,0,0,1,0
462017,0,1,0,0,0,0,0,0,1,0
462018,0,1,0,0,0,0,0,0,1,0
462019,0,0,0,0,0,0,0,0,1,0
462020,0,0,0,0,0,0,0,0,1,0
463001,0,0,0,0,0,1,0,0,1,0
463002,0,0,0,0,0,1,0,0,1,0
463004,0,0,0,0,0,1,0,0,1,0
463005,0,0,0,0,0,1,0,0,1,0
463006,0,0,0,0,0,0,0,0,1,0
463007,0,0,0,0,0,1,0,0,1,0
463008,0,0,0,0,0,1,0,0,1,0
463009,0,0,0,0,0,1,0,1,1,0
463010,0,0,0,0,0,0,0,0,1,0
463011,0,0,0,0,0,0,0,0,1,0
463012,0,0,0,0,0,1,0,0,1,0
463013,0,0,0,0,0,0,0,0,1,0
463014,0,0,0,0,0,0,0,0,1,0
463015,0,0,0,0,0,0,0,0,1,0
463016,0,1,0,1,0,0,0,0,1,0
463017,0,0,0,1,0,0,0,0,1,0
463018,0,0,0,0,0,1,0,0,1,0
463019,0,0,0,0,0,0,0,0,1,0
463020,0,0,0,0,0,1,0,0,1,0
464001,0,1,0,0,0,0,0,1,1,0
464002,0,1,1,0,1,0,1,1,1,1
464003,0,1,0,0,0,0,0,1,1,0
464006,0,1,1,0,0,0,0,1,1,0
464007,0,1,0,0,0,0,1,1,1,0
464008,0,1,0,0,0,1,0,1,1,0
464009,0,0,0,0,0,0,0,1,1,0
464010,0,1,0,1,1,0,1,1,1,1
464011,0,0,0,0,0,0,0,1,1,0
464012,0,0,0,1,0,0,0,1,1,0
464013,0,1,0,0,0,0,0,1,1,0
464014,0,0,0,0,0,0,0,0,1,0
464015,0,0,1,0,0,0,0,0,1,0
464016,0,1,0,0,0,0,0,0,1,0
464017,0,0,0,,0,0,0,1,1,0
464018,0,1,0,0,0,0,0,0,1,0
464019,0,0,0,1,0,0,0,0,1,0
464020,0,1,0,0,0,0,0,1,1,0
465001,0,0,0,0,0,0,0,0,1,0
465002,0,1,0,0,0,0,1,1,1,0
465003,0,0,0,1,0,0,0,0,1,0
465004,0,0,1,1,1,0,1,1,1,1
465005,0,0,0,0,0,0,0,0,1,0
465006,0,0,0,0,0,0,0,0,1,0
465007,0,0,0,0,0,0,0,0,1,0
465008,0,0,0,0,0,0,0,0,1,0
465009,0,0,0,0,0,0,0,0,1,0
465010,0,0,0,0,0,0,0,0,1,0
465011,0,0,0,0,0,0,0,0,1,0
465012,0,0,0,0,0,0,0,0,1,0
465013,0,0,0,1,1,0,1,1,1,1
465014,0,0,0,1,1,0,0,1,1,0
465015,0,0,0,0,0,0,0,0,1,0
465017,0,0,0,0,0,0,0,1,1,0
465018,0,0,0,0,0,0,0,1,1,0
465019,0,0,0,0,0,0,0,1,1,0
465020,0,0,0,0,0,0,0,0,1,0
466001,0,1,0,0,0,0,0,0,1,0
466002,0,0,0,0,0,0,0,0,1,0
466003,0,0,0,0,0,0,0,0,1,0
466004,0,0,0,0,0,0,0,0,1,0
466005,0,0,0,1,0,0,0,0,1,0
466006,0,0,0,0,0,0,0,0,1,0
466007,0,0,0,1,0,0,0,0,1,0
466008,0,0,0,0,0,1,1,1,1,0
466009,0,0,0,0,0,0,0,0,1,0
466010,0,0,0,0,0,0,0,0,1,0
466011,0,0,0,0,0,0,0,0,1,0
466012,0,0,0,0,0,0,0,0,0,0
466013,0,0,0,0,0,0,0,0,1,0
466014,0,0,0,0,0,0,0,0,1,0
466015,0,0,0,0,0,0,0,0,1,0
466016,0,0,0,0,0,0,0,0,0,0
466017,0,0,0,0,0,0,0,0,0,0
466018,0,0,0,0,0,0,0,0,1,0
466019,0,0,0,0,0,0,0,0,1,0
466020,0,0,0,0,0,0,0,1,1,0
467001,0,0,0,0,0,0,0,0,1,0
467002,0,0,0,0,0,0,0,0,0,0
467003,0,0,0,0,0,0,0,0,1,0
467004,0,0,0,1,0,0,0,0,1,0
467005,0,1,0,0,0,0,0,0,1,0
467006,0,0,0,0,0,0,0,0,0,0
467007,0,0,0,0,0,0,0,0,1,0
467008,0,0,0,0,0,0,0,0,0,0
467009,0,0,0,0,0,0,0,0,0,0
467010,0,0,0,0,0,0,0,0,1,0
467011,0,,0,0,0,0,0,0,1,0
467012,0,0,0,0,0,0,0,0,0,0
467013,0,1,0,0,0,0,0,0,0,0
467014,0,0,0,0,0,0,0,0,1,0
467015,0,0,0,0,0,0,0,0,0,0
467016,0,0,0,0,0,0,0,0,1,0
467017,0,0,0,1,0,0,0,0,0,0
467018,0,0,0,0,0,0,0,0,0,0
467019,0,0,0,0,0,0,0,0,0,0
467020,0,0,0,0,0,0,0,0,0,0
468001,0,0,0,1,0,0,0,0,1,0
468002,0,0,0,0,0,0,0,0,1,0
468003,0,0,0,0,0,0,0,0,1,0
468004,0,0,0,0,0,0,0,0,1,0
468005,0,0,0,0,0,0,0,0,1,0
468006,0,0,0,0,0,0,0,0,0,0
468007,0,0,0,1,0,0,0,0,1,0
468008,0,0,0,0,0,0,0,0,1,0
468009,0,0,0,0,0,0,0,0,1,0
468010,0,1,0,0,0,0,0,0,1,0
468011,0,0,0,0,0,0,0,0,1,0
468012,0,0,0,0,0,0,0,0,1,0
468013,0,0,0,0,0,0,0,0,1,0
468014,0,0,0,0,0,0,0,0,1,0
468015,0,0,0,0,0,0,0,0,1,0
468016,0,0,0,1,0,0,0,0,1,0
468017,0,0,0,0,0,0,0,0,1,0
468018,0,0,0,0,0,0,0,0,1,0
468019,0,0,0,0,0,0,0,0,1,0
468020,0,0,0,0,0,0,0,0,0,0
469001,0,0,0,0,1,1,1,0,1,1
469002,0,0,0,0,1,0,1,0,1,1
469003,0,0,0,1,0,0,1,1,1,1
469004,0,0,0,0,0,0,1,1,1,1
469005,0,0,0,0,0,0,1,1,1,1
469006,0,0,0,0,0,0,0,0,1,0
469007,0,0,0,1,1,0,1,0,1,1
469008,0,0,0,0,0,0,0,0,1,0
469009,0,1,0,0,0,0,0,0,1,0
469010,0,0,0,0,0,0,0,0,1,0
469011,0,0,0,0,0,0,1,0,1,0
469012,0,0,0,1,1,0,1,1,1,1
469013,0,0,0,1,0,0,1,1,1,1
469014,0,0,0,0,0,1,0,0,1,0
469016,0,0,0,1,1,1,1,1,1,1
469018,0,0,0,0,0,0,0,0,1,0
469019,0,0,0,0,0,0,0,0,1,0
469020,0,0,0,0,0,0,1,1,1,0
470003,0,0,0,0,0,0,0,0,1,0
470004,0,0,0,0,0,0,0,0,1,0
470005,0,1,0,1,0,0,0,0,1,0
470006,0,0,0,0,0,0,0,0,1,0
470007,0,0,0,0,0,0,0,0,1,0
470008,0,0,0,0,0,0,0,0,1,0
470009,0,0,0,0,0,0,0,0,1,0
470010,0,0,0,0,0,0,0,0,1,0
470012,0,0,0,1,0,0,0,0,1,0
470013,0,0,0,0,0,0,0,0,1,0
470014,0,0,0,1,0,0,0,0,1,0
470015,0,0,0,1,0,0,0,1,1,0
470016,0,0,0,0,0,0,0,0,1,0
470017,0,0,0,0,0,0,0,0,1,0
470018,0,1,0,0,0,0,0,0,1,0
470019,0,0,0,0,0,0,0,0,1,0
470020,0,0,0,1,0,0,0,0,1,0
471001,0,0,0,1,0,0,0,0,1,1
471002,0,0,0,0,0,0,0,0,1,0
471003,0,0,0,0,0,0,0,0,1,0
471004,0,0,0,0,0,0,0,0,1,0
471005,0,0,0,0,0,0,0,0,1,0
471006,0,1,0,0,0,1,1,0,1,0
471007,0,0,0,1,1,0,0,0,1,1
471008,0,1,0,1,0,0,0,0,1,0
471009,0,0,0,0,0,0,0,0,1,0
471010,0,1,0,1,0,0,0,0,1,0
471011,0,1,0,1,0,0,1,0,1,0
471012,0,0,0,0,0,0,0,0,1,0
471013,0,0,0,0,0,0,0,1,1,1
471014,0,0,1,0,0,1,0,0,1,0
471015,0,0,0,1,0,0,1,0,1,1
471016,0,0,0,0,0,0,0,0,1,0
471017,0,0,0,0,1,1,0,1,1,0
471018,0,0,0,0,1,1,0,1,1,1
471019,0,0,0,0,1,0,1,1,1,1
471020,0,0,1,1,1,1,0,1,1,1
472001,0,0,0,0,0,0,0,0,1,0
472002,0,0,0,0,0,0,0,0,1,0
472003,0,0,0,1,0,0,0,1,1,0
472004,0,0,0,0,0,0,0,1,1,0
472005,0,0,0,0,0,0,0,0,1,0
472006,0,0,0,1,0,0,0,0,1,1
472007,0,0,0,0,0,0,0,1,1,1
472008,0,0,0,1,0,1,0,1,1,0
472009,0,0,0,0,0,0,0,0,1,0
472010,0,0,0,0,0,0,0,0,1,0
472011,0,0,0,0,0,1,0,0,1,0
472012,0,0,0,0,0,0,1,0,1,1
472013,0,0,0,0,0,0,0,1,1,0
472014,0,0,0,0,0,0,0,0,1,1
472015,0,0,0,1,0,0,0,1,1,0
472016,1,0,0,0,0,0,0,0,1,0
472017,0,0,0,0,1,0,0,1,1,1
472018,0,0,0,1,1,0,0,1,1,0
472019,0,1,0,0,0,0,1,0,1,0
472020,0,0,0,0,0,1,0,0,1,0
473001,0,0,0,1,0,0,0,0,1,0
473002,0,0,1,1,0,1,0,0,1,0
473003,0,0,0,0,0,0,0,0,1,0
473004,0,0,0,0,0,0,0,0,1,0
473005,0,0,0,0,0,0,0,0,1,0
473006,0,0,0,0,0,0,0,0,1,0
473007,0,0,0,0,0,0,0,0,1,0
473008,0,1,0,0,0,0,0,0,1,0
473009,0,0,0,0,0,0,0,0,1,0
473010,0,0,0,0,0,0,0,0,1,0
473011,0,0,0,0,0,0,0,0,1,0
473012,0,1,0,1,0,0,0,0,1,0
473013,0,0,0,0,0,0,0,0,1,0
473014,0,0,0,0,0,1,0,0,1,0
473015,0,0,0,1,0,0,0,1,1,0
473016,0,0,0,0,0,0,0,0,1,0
473017,0,1,0,0,0,0,0,0,1,0
473018,0,0,0,0,0,0,0,0,1,0
473019,0,0,0,1,0,0,0,0,1,0
473020,0,0,0,0,0,0,0,0,1,0
474001,0,0,0,1,0,0,0,0,1,0
474002,0,0,0,1,0,0,0,0,1,0
474003,0,0,0,1,0,0,0,0,1,0
474004,0,0,0,0,0,0,0,0,1,0
474005,0,0,0,1,0,0,0,0,1,0
474006,0,0,0,0,0,0,0,0,1,0
474007,0,1,0,0,0,0,0,0,1,0
474008,0,0,0,0,0,0,0,0,1,0
474009,0,0,0,1,0,0,0,0,1,0
474010,0,0,0,0,0,0,1,0,1,0
474011,0,0,0,1,0,0,0,0,1,0
474012,0,0,0,0,0,0,0,0,1,0
474013,0,0,0,0,0,0,0,0,1,0
474014,0,0,0,0,0,0,0,0,0,0
474015,0,0,0,0,0,0,0,0,1,0
474016,0,0,0,1,0,0,0,0,1,0
474017,0,1,0,1,0,0,0,0,1,0
474018,0,0,0,1,0,0,0,0,1,0
474019,0,0,0,0,0,0,0,0,1,0
474020,0,0,0,0,0,0,0,0,1,0
475001,0,0,0,1,0,0,0,0,0,0
475002,0,0,0,0,0,0,0,0,1,0
475003,0,0,0,0,0,0,1,0,1,0
475004,0,0,0,1,0,0,0,0,1,0
475005,0,0,0,0,0,0,0,0,1,0
475006,0,0,0,0,0,0,0,0,1,0
475007,0,0,0,0,0,0,0,0,1,0
475009,0,0,0,1,0,0,0,0,1,0
475010,0,0,0,0,0,0,0,0,1,0
475011,0,0,0,0,0,0,0,0,1,0
475012,0,0,0,0,0,0,0,0,1,0
475014,0,0,0,0,0,0,1,0,1,0
475016,0,0,0,1,0,0,0,0,1,0
475017,0,0,0,0,0,0,0,0,1,0
475018,0,0,0,0,0,0,0,0,1,0
475019,0,0,0,0,0,0,0,0,1,0
475020,0,0,0,0,0,0,0,0,1,0
476001,0,0,0,0,0,0,0,0,1,0
476002,0,1,0,0,0,1,1,1,1,0
476003,0,0,0,0,0,0,0,0,1,0
476004,0,0,0,0,0,0,0,0,1,0
476005,0,0,0,0,0,0,0,0,1,0
476006,0,0,0,0,0,0,0,0,1,0
476007,0,0,0,0,0,0,0,0,1,0
476008,0,0,0,0,0,0,0,0,1,0
476009,0,0,0,0,0,0,0,0,0,0
476010,0,1,0,1,0,0,0,0,1,0
476011,0,0,0,0,0,0,0,0,0,0
476012,0,0,0,0,0,0,0,0,0,0
476013,0,0,0,1,0,1,0,0,1,0
476014,0,0,0,0,0,0,0,0,1,0
476015,0,0,0,0,0,0,0,0,1,0
476016,0,0,0,1,0,1,1,0,1,0
476017,0,0,0,0,0,0,0,0,1,0
476018,0,1,0,0,0,0,0,0,1,0
476019,0,1,0,1,0,1,0,0,1,0
476020,0,1,0,0,1,1,1,1,1,0
477001,0,0,0,0,0,0,0,0,1,0
477003,0,0,0,1,0,0,0,0,1,0
477004,0,0,0,1,0,0,0,0,1,0
477005,0,0,0,1,1,1,0,1,1,1
477006,0,0,1,1,0,1,1,0,1,1
477007,0,1,0,1,1,0,0,1,1,0
477008,0,1,0,0,1,1,0,1,1,1
477009,0,0,0,0,1,0,1,1,1,1
477010,0,,0,0,1,1,0,1,1,0
477011,0,1,0,1,1,1,0,1,1,0
477012,0,1,0,0,0,0,0,0,0,0
477013,0,0,0,0,0,0,0,0,1,0
477014,0,0,0,0,0,0,0,0,1,0
477015,0,0,0,1,1,1,1,1,1,1
477016,0,0,0,1,0,1,0,0,1,0
477017,0,0,0,1,0,1,0,0,1,1
477018,0,0,0,1,0,0,0,0,1,0
477019,0,0,0,1,1,1,0,1,1,1
477020,0,0,0,1,0,0,0,1,1,1
478001,0,0,0,0,0,0,0,0,1,0
478002,0,0,0,0,0,0,0,0,1,0
478003,0,0,0,0,0,0,0,0,1,0
478004,0,0,0,0,0,0,0,0,1,0
478005,0,0,0,1,0,0,0,0,1,0
478006,0,0,0,1,0,0,0,0,1,0
478007,0,0,0,0,0,0,0,0,1,0
478008,0,1,0,0,0,0,0,1,1,0
478009,0,0,0,0,0,0,0,0,1,0
478010,0,0,0,0,0,0,0,0,1,0
478011,0,0,0,0,0,0,0,1,1,0
478012,0,0,0,0,0,0,0,0,1,0
478013,0,0,0,0,0,0,0,0,1,0
478014,0,0,0,0,0,0,0,0,1,0
478015,0,0,0,0,0,0,0,0,1,0
478016,0,0,0,0,0,0,0,0,1,0
478017,0,,0,0,0,0,0,0,1,0
478018,0,0,0,0,0,0,0,0,1,0
478019,0,0,0,0,0,0,0,0,1,0
478020,0,0,0,0,0,0,0,0,1,0
479001,0,0,0,0,0,0,0,0,1,0
479002,0,0,0,1,0,0,1,0,1,0
479003,0,0,0,0,0,0,0,0,1,0
479004,0,0,0,1,0,0,0,0,1,0
479005,0,0,0,0,0,0,1,0,1,0
479006,0,0,0,1,0,1,1,0,1,1
479007,0,1,0,1,0,0,0,0,1,0
479008,0,0,1,1,0,0,0,1,1,0
479009,0,0,0,1,0,0,0,1,1,0
479010,0,0,0,0,0,0,0,0,1,0
479011,1,0,0,0,0,0,0,0,1,0
479012,0,0,1,1,0,0,0,0,1,0
479013,0,0,0,1,0,1,0,1,1,1
479014,0,0,0,0,0,0,0,0,1,0
479015,0,0,0,1,0,0,0,0,1,0
479016,0,0,0,1,0,0,0,0,1,0
479017,0,0,1,0,0,1,1,0,1,0
479018,0,1,0,1,0,0,0,0,1,0
479019,0,0,0,1,0,0,0,0,1,0
479020,0,0,0,1,0,0,0,0,1,0
480001,0,0,0,0,0,0,0,0,1,0
480002,0,0,0,0,0,0,0,0,1,0
480003,0,0,0,0,0,0,0,0,1,0
480004,0,0,0,0,0,0,0,0,1,0
480005,0,0,0,1,0,0,0,0,1,0
480006,0,0,0,0,0,0,0,0,1,0
480007,0,0,0,0,0,0,0,0,1,0
480008,0,0,0,0,0,0,0,0,1,0
480009,0,0,0,0,0,0,0,0,1,0
480010,0,0,0,0,0,0,0,0,1,0
480011,0,0,0,0,0,0,0,0,1,0
480012,0,0,0,0,0,0,0,0,1,0
480013,0,0,0,0,0,0,0,0,1,0
480014,0,0,0,0,0,0,0,0,1,0
480015,0,0,0,0,0,0,0,0,1,0
480016,0,0,0,0,0,0,0,0,1,0
480017,0,0,0,0,0,0,0,0,1,0
480018,0,0,0,0,0,0,0,0,0,0
480019,0,0,0,0,0,0,0,0,1,0
480020,0,0,0,0,0,0,0,0,0,0
481001,0,0,1,0,0,1,0,0,1,0
481002,0,0,0,1,0,0,0,0,1,0
481003,0,0,0,1,0,1,0,0,0,0
481005,0,0,0,1,0,0,0,1,1,1
481006,0,0,1,1,0,0,1,1,1,1
481007,0,0,0,1,0,0,0,1,1,1
481008,0,0,0,1,0,0,0,1,1,1
481009,0,0,0,0,0,0,0,0,1,0
481010,0,0,0,1,0,0,0,1,1,0
481011,0,0,1,0,0,0,0,0,1,0
481012,0,0,0,0,0,0,0,0,1,0
481013,0,0,1,0,0,0,0,1,1,0
481014,0,0,0,0,0,0,0,0,1,0
481015,0,0,0,0,0,0,0,0,1,0
481016,0,0,0,0,0,0,0,0,1,0
481017,0,0,1,1,0,1,0,0,1,0
481018,0,0,1,1,0,0,0,0,1,0
481019,0,0,0,0,0,0,0,0,1,0
481020,0,0,0,0,0,0,0,0,1,0
482001,0,0,0,0,0,0,0,0,1,0
482002,0,0,0,0,0,0,0,0,1,0
482003,0,0,0,0,0,0,0,0,1,0
482004,0,0,0,1,0,0,1,0,1,0
482005,0,0,0,0,0,0,0,0,1,0
482006,0,0,0,1,0,0,0,0,1,0
482007,0,0,0,0,0,0,0,0,0,0
482008,0,0,0,0,0,0,0,0,1,0
482009,0,0,0,0,0,0,0,0,1,0
482010,0,0,0,0,0,0,0,0,1,0
482011,0,0,0,0,0,0,0,0,1,0
482012,0,0,0,0,0,0,0,0,1,0
482013,0,0,0,0,0,0,0,0,1,0
482014,0,0,0,0,0,0,0,0,1,0
482015,0,0,0,0,0,0,0,0,1,0
482016,0,0,0,0,0,0,0,0,1,0
482017,0,0,0,0,0,0,0,0,1,0
482018,0,0,0,1,0,0,0,0,1,0
482019,0,0,0,0,0,0,0,0,1,0
482020,0,0,0,0,0,0,0,0,1,0
483001,0,1,0,0,0,0,0,0,1,0
483002,0,0,0,0,0,0,0,0,1,0
483003,0,0,0,0,0,0,0,0,1,0
483004,0,0,0,0,0,0,0,0,1,0
483005,0,0,0,0,0,0,0,0,1,0
483006,0,0,0,0,0,0,0,0,0,0
483007,0,0,0,0,0,0,0,0,1,0
483008,0,0,0,0,0,0,0,0,1,0
483009,0,0,0,0,0,0,0,0,1,0
483010,0,0,0,0,0,0,0,0,1,0
483011,0,0,0,0,0,0,0,0,1,0
483012,0,0,0,0,0,0,0,0,1,0
483013,0,0,0,0,0,0,0,0,1,0
483014,0,0,0,0,0,0,0,0,1,0
483015,0,1,0,0,0,0,0,0,1,0
483016,0,1,0,0,0,0,0,0,1,0
483017,0,1,0,0,0,0,0,0,1,0
483018,0,0,0,0,0,0,0,0,1,0
483019,0,0,0,1,0,0,0,0,1,0
483020,0,0,0,0,0,0,0,0,1,0
484001,0,0,0,1,0,0,1,1,1,1
484002,0,0,0,1,0,0,0,0,1,0
484003,0,0,0,1,0,0,0,1,1,1
484004,0,0,1,0,0,0,0,1,1,0
484005,0,0,0,1,0,0,0,0,1,1
484006,0,0,0,0,0,0,0,0,1,0
484008,0,1,0,0,0,0,0,0,1,0
484009,0,,0,1,0,0,1,0,1,0
484010,0,0,0,1,0,0,1,0,1,0
484011,0,0,1,1,0,0,0,0,1,0
484012,0,0,0,1,0,0,0,0,1,0
484013,0,0,0,1,0,0,0,1,1,0
484014,0,0,0,0,0,0,1,0,1,0
484015,0,0,0,1,0,0,1,0,1,0
484016,0,0,0,0,0,0,1,0,1,0
484017,0,0,0,0,0,0,1,0,1,0
484018,0,0,0,1,0,0,1,0,1,0
484019,0,0,0,0,0,0,0,0,1,0
484020,0,0,0,0,0,0,1,1,1,0
485001,0,1,0,0,0,0,0,1,1,0
485002,0,0,0,0,0,0,0,0,1,0
485003,0,0,0,0,0,0,0,0,1,0
485004,0,0,0,0,0,0,0,1,1,0
485005,0,0,0,0,0,0,0,1,1,0
485006,0,0,0,0,0,0,0,1,1,0
485007,0,0,0,0,0,0,0,0,1,0
485008,0,0,0,0,0,0,1,0,1,0
485009,0,0,0,0,0,0,0,0,1,0
485010,0,0,0,0,0,0,0,0,1,0
485011,0,0,0,0,0,0,0,0,1,0
485012,0,0,0,0,0,0,0,1,1,0
485013,0,0,0,1,0,0,0,0,1,1
485014,0,0,0,1,0,0,0,0,1,0
485015,0,0,0,1,0,0,1,0,1,0
485016,0,0,0,0,0,0,1,0,1,0
485017,0,0,0,0,0,0,1,0,1,0
485018,0,0,0,0,0,0,1,1,1,0
485019,0,0,0,0,0,0,0,0,1,0
485020,0,0,0,0,0,0,0,0,1,0
486001,0,1,1,0,1,1,1,1,1,1
486002,0,1,0,1,1,1,1,1,1,0
486003,0,1,1,0,1,0,1,1,1,0
486004,0,0,0,0,0,0,1,1,1,0
486005,0,0,1,1,0,1,1,1,1,0
486006,0,0,0,0,0,0,1,1,1,0
486007,0,0,0,0,0,0,0,0,1,0
486008,0,0,0,0,1,1,1,1,1,1
486009,0,0,0,0,0,1,1,1,1,0
486010,0,1,0,1,0,1,1,1,1,0
486011,0,0,0,0,0,0,1,1,1,0
486012,0,1,0,0,0,0,1,1,1,0
486013,0,1,0,0,0,1,1,0,1,0
486014,0,0,0,1,0,1,1,1,1,0
486015,0,1,1,0,0,1,0,0,1,0
486016,0,0,1,0,0,1,0,0,1,0
486017,0,0,0,0,0,1,1,1,1,0
486018,0,1,0,0,0,1,0,0,1,0
486020,0,0,1,1,0,1,1,1,1,0
487001,0,1,0,0,0,0,1,1,1,1
487002,0,0,1,0,0,0,1,1,1,0
487003,0,0,0,0,0,0,1,0,1,0
487004,0,0,0,1,0,0,1,1,1,0
487005,0,0,0,1,0,0,0,1,1,0
487006,0,0,1,1,0,1,1,1,1,1
487007,0,0,0,1,0,0,1,1,1,0
487008,0,0,0,0,0,0,1,1,1,0
487009,1,0,1,0,0,0,1,0,1,0
487010,0,0,0,1,0,1,0,0,1,0
487011,0,0,0,1,1,1,1,1,1,0
487012,0,0,0,1,1,0,1,1,1,1
487013,0,0,0,1,0,1,0,0,1,0
487014,0,1,0,1,0,0,1,1,1,0
487015,0,0,1,0,0,1,1,1,1,0
487016,0,0,0,0,0,0,1,0,1,0
487017,0,1,0,0,0,0,1,1,1,1
487018,0,0,0,1,0,0,1,1,1,1
487019,0,0,0,0,0,0,1,1,1,1
487020,0,1,0,1,0,0,1,1,1,1
488001,0,0,0,0,0,0,0,0,1,0
488002,0,0,0,1,0,0,0,0,1,0
488003,0,1,0,1,0,0,1,0,1,0
488004,0,0,0,1,0,0,1,0,1,0
488005,0,0,0,0,0,0,0,0,1,0
488006,0,0,0,0,0,0,0,0,1,0
488007,0,1,0,0,0,0,0,0,1,0
488008,0,0,0,0,0,0,0,0,1,0
488009,0,0,0,0,0,0,0,0,1,0
488010,0,1,0,0,0,0,0,0,1,0
488011,0,0,0,0,0,0,0,1,1,0
488012,0,1,0,0,0,0,0,0,1,0
488013,0,1,0,0,0,0,0,0,1,0
488014,0,0,0,0,0,0,0,0,1,0
488015,0,0,0,0,0,0,0,0,1,0
488016,0,0,0,1,0,0,0,0,1,0
488017,0,1,0,0,0,0,0,0,1,0
488018,0,0,0,0,0,0,0,0,1,0
488019,0,0,0,1,0,0,0,1,1,1
488020,0,0,0,0,0,0,0,0,1,0
489001,0,0,0,0,0,0,0,0,1,0
489002,0,0,0,1,0,0,1,0,1,1
489003,0,0,0,0,1,0,0,1,1,0
489004,0,0,0,0,0,0,0,0,1,0
489005,0,0,0,0,0,0,0,0,1,0
489006,0,0,0,0,0,0,0,0,1,0
489007,0,0,0,0,0,0,0,0,1,0
489008,0,0,0,0,0,0,0,0,1,0
489009,0,0,0,1,0,0,0,0,1,0
489010,0,0,0,1,0,0,1,1,1,0
489011,0,0,0,0,0,0,0,0,1,0
489012,0,0,0,0,0,0,0,0,1,0
489013,0,0,0,0,0,0,0,0,1,0
489014,0,0,0,0,0,0,0,0,1,0
489015,0,,0,0,0,0,0,0,1,0
489016,0,1,0,0,0,0,0,1,1,0
489017,0,1,0,0,0,0,0,0,1,0
489018,0,1,0,0,0,0,0,0,1,0
489019,0,0,0,0,0,0,0,0,1,0
489020,0,0,0,0,0,0,0,0,1,0
490001,0,0,0,0,0,0,0,0,1,0
490002,0,0,0,1,1,1,0,0,1,1
490003,0,1,0,0,0,0,0,0,1,0
490004,0,0,0,0,0,0,0,0,1,0
490005,0,0,0,0,0,0,0,0,1,0
490006,0,0,0,1,0,0,0,0,1,0
490007,0,0,0,1,0,0,0,1,1,1
490008,0,0,1,1,1,0,0,1,1,1
490009,0,0,0,0,0,0,0,0,1,0
490010,0,0,0,0,0,0,0,0,1,0
490011,0,0,0,1,0,0,1,1,1,1
490012,0,0,0,1,0,0,0,0,1,0
490013,0,0,0,0,0,0,0,0,1,0
490014,0,0,0,1,0,1,1,1,1,1
490015,0,0,0,0,0,1,0,0,1,0
490016,0,0,0,1,0,1,0,1,1,0
490017,0,0,0,1,0,0,0,0,1,0
490018,0,0,0,1,0,0,0,0,1,1
490019,0,0,0,0,0,0,0,0,1,0
490020,0,0,0,0,0,0,1,0,1,0
491001,0,0,0,1,1,1,1,1,1,1
491002,0,0,0,0,0,0,0,1,1,1
491003,0,1,0,0,0,0,0,0,1,0
491004,0,0,0,0,0,0,0,0,1,0
491005,0,0,0,0,0,0,0,0,1,0
491006,0,0,0,0,0,0,0,0,1,0
491007,0,0,0,1,0,1,0,0,1,0
491008,0,0,0,1,0,0,0,0,1,0
491009,0,0,0,0,0,0,0,0,1,0
491010,0,1,0,1,0,0,0,1,1,1
491011,0,0,0,1,0,1,0,1,1,0
491012,0,1,0,0,0,0,0,0,1,0
491013,0,0,0,0,0,1,1,1,1,0
491014,0,0,0,0,0,0,0,0,1,0
491015,0,0,0,0,0,0,0,1,1,0
491016,0,0,0,0,0,0,1,0,1,0
491017,0,0,0,1,0,0,0,0,1,0
491018,0,0,0,0,0,0,1,0,1,0
491019,0,0,0,0,0,0,0,1,1,0
491020,0,0,0,1,0,1,1,0,1,0
492001,1,0,0,1,0,1,0,0,1,0
492002,0,0,0,0,0,0,0,0,1,0
492003,0,0,0,0,0,0,0,0,1,0
492004,0,0,0,1,0,0,0,0,1,0
492005,0,1,1,1,0,0,0,0,1,0
492006,0,1,0,0,0,0,0,0,1,0
492007,0,0,0,0,0,0,0,0,1,0
492008,0,1,0,0,0,0,0,0,1,0
492009,0,1,0,0,0,0,0,0,1,0
492010,0,0,0,0,0,0,0,0,1,0
492011,0,0,0,0,0,0,0,0,1,0
492012,0,0,0,1,0,0,0,0,1,1
492013,0,0,0,0,0,0,0,0,1,0
492014,0,1,0,0,0,0,0,0,1,0
492015,0,0,0,0,0,0,0,0,1,0
492016,0,0,0,1,0,1,0,0,1,0
492017,0,0,0,1,0,0,0,0,1,0
492018,0,0,0,0,0,0,0,1,1,0
492019,0,0,0,0,0,0,0,0,1,0
492020,0,0,0,0,0,0,0,1,1,0
493001,0,0,0,0,0,0,0,0,1,0
493002,0,0,0,0,0,0,0,0,1,0
493003,0,0,0,1,0,0,0,0,1,0
493004,0,0,0,1,0,0,0,0,1,0
493005,0,0,0,0,0,0,0,0,1,0
493006,0,1,0,0,0,0,0,0,1,0
493007,0,0,0,0,0,0,0,0,1,0
493008,0,0,0,1,0,0,0,0,1,0
493009,0,0,0,0,0,0,0,0,1,0
493010,0,1,0,0,0,0,0,0,1,0
493011,0,0,0,0,0,0,0,0,1,0
493012,0,0,0,0,0,0,0,0,1,0
493013,0,0,0,0,0,0,0,0,1,0
493014,0,0,0,0,0,0,0,0,1,0
493015,0,0,0,0,0,0,0,0,1,0
493016,0,0,0,0,0,0,0,0,1,0
493017,0,0,0,0,0,0,0,0,1,0
493018,0,0,0,0,0,0,0,0,1,0
493019,0,0,0,0,0,0,0,0,1,0
493020,0,1,0,0,0,0,0,0,1,0
494001,0,0,0,0,0,0,0,0,1,0
494002,0,0,0,0,0,0,0,0,1,0
494003,0,0,0,0,0,0,0,0,1,0
494004,0,0,0,0,0,0,0,0,1,0
494005,0,0,0,0,0,0,0,0,1,0
494006,0,0,0,0,0,0,0,0,1,0
494007,0,0,0,1,0,0,1,0,1,0
494008,0,0,0,0,0,0,0,1,1,0
494009,0,0,0,0,0,0,0,0,1,0
494010,0,0,0,0,0,0,0,0,1,0
494011,0,0,0,0,0,0,0,0,1,0
494012,0,0,0,0,0,0,0,0,1,0
494013,0,0,0,0,0,0,0,1,1,0
494014,0,0,0,0,0,0,0,0,1,0
494015,0,0,0,0,0,0,0,0,1,0
494016,0,0,0,1,0,0,0,0,1,0
494017,0,1,0,0,0,0,0,0,1,0
494018,0,0,0,1,0,0,0,0,1,0
494019,0,0,0,1,0,0,0,0,1,0
494020,0,0,0,1,0,0,0,0,1,0
495001,0,0,0,1,0,0,0,0,1,0
495002,0,0,0,0,0,0,0,0,1,1
495003,0,0,0,0,0,0,0,0,1,0
495004,0,0,0,0,0,0,0,0,1,0
495005,0,0,0,1,0,0,0,0,1,0
495006,0,0,0,0,0,0,0,0,1,0
495007,0,0,0,1,0,0,0,0,1,0
495008,0,0,0,0,0,0,0,0,1,0
495009,0,1,1,0,0,1,0,0,1,0
495010,0,1,0,0,0,1,0,0,1,0
495011,0,1,0,0,0,1,0,0,1,0
495012,0,0,0,0,0,0,0,0,1,0
495013,0,0,0,0,0,1,0,0,1,0
495014,0,0,0,0,0,0,0,0,1,0
495015,0,0,1,0,0,0,0,0,1,0
495016,0,1,0,0,0,1,0,0,1,0
495017,0,0,0,1,0,0,0,0,1,0
495018,0,0,0,1,0,0,0,0,1,0
495019,0,0,0,0,0,0,0,0,1,0
495020,0,0,0,1,0,0,0,0,1,1
496001,0,0,0,0,0,0,0,0,1,0
496002,0,0,0,0,0,0,0,0,1,0
496003,0,0,0,1,0,0,0,0,1,0
496004,0,0,0,0,0,0,0,0,1,0
496005,0,1,0,0,0,0,1,0,1,0
496006,0,0,0,0,0,0,0,0,1,0
496007,0,0,0,0,0,0,0,0,1,0
496008,0,0,0,0,0,0,0,0,1,0
496009,0,,0,0,0,0,0,0,1,0
496010,0,0,0,0,0,0,0,0,1,0
496011,0,0,0,0,0,0,0,0,1,0
496012,0,0,0,1,0,0,0,0,1,0
496013,0,0,0,0,0,0,0,0,1,0
496014,0,0,0,0,0,0,0,0,1,0
496015,0,0,0,0,0,0,0,0,1,0
496016,0,0,0,0,0,0,0,0,1,0
496017,0,0,0,0,0,0,0,0,1,0
496018,0,0,0,0,0,0,0,0,1,0
496019,0,0,0,0,0,0,0,0,1,0
496020,0,0,0,0,0,0,0,0,1,0
497001,0,0,0,0,0,0,0,0,1,0
497002,0,0,0,0,0,0,0,0,1,0
497003,0,0,0,0,0,0,0,0,1,0
497004,0,0,0,0,0,0,0,0,1,0
497005,0,0,0,1,0,1,0,1,1,0
497006,0,0,0,0,0,0,0,0,1,0
497007,0,0,0,0,0,0,0,0,1,0
497008,0,0,0,0,0,0,0,0,1,0
497009,0,0,0,0,0,0,0,0,1,0
497010,0,0,0,1,0,0,0,0,1,0
497011,0,1,0,0,0,0,0,0,1,0
497012,0,0,0,0,0,0,0,0,1,0
497013,0,0,0,0,0,0,0,0,1,0
497014,0,0,0,0,0,0,0,0,1,0
497015,0,0,0,0,0,0,0,0,1,0
497017,0,0,0,0,0,0,0,0,1,0
497018,0,0,0,0,0,0,0,0,1,0
497019,0,0,0,0,0,0,0,0,1,0
497020,0,0,0,0,0,0,0,0,1,0
498001,0,0,0,0,0,0,0,0,1,0
498002,0,0,0,0,0,0,0,0,1,0
498003,0,0,0,0,0,0,0,0,1,0
498004,0,0,0,0,0,0,0,0,1,0
498005,0,0,0,0,0,0,0,0,1,0
498006,0,0,0,0,0,0,0,1,1,0
498007,0,1,0,0,0,0,0,0,1,0
498008,0,1,0,0,0,0,0,0,1,0
498009,0,0,0,0,0,0,0,0,1,0
498010,0,0,0,0,0,0,0,0,1,0
498011,0,0,1,0,0,0,0,0,1,0
498012,0,0,0,0,0,0,0,0,1,0
498014,0,0,0,0,0,0,0,0,1,0
498015,0,0,0,0,0,0,0,0,1,0
498017,0,1,0,1,0,0,0,0,1,0
498018,1,1,0,0,0,0,0,0,1,0
498019,0,0,0,1,0,0,0,0,1,0
498020,0,1,0,0,0,0,0,0,1,0
499001,0,0,0,0,0,0,0,0,1,0
499002,0,0,0,1,0,0,0,0,1,0
499003,0,0,0,0,0,0,0,0,1,0
499004,0,0,0,0,0,0,0,0,0,0
499005,0,,0,0,0,0,0,0,1,0
499006,0,0,0,0,0,0,0,0,1,0
499007,0,0,0,0,0,0,0,1,1,0
499008,0,1,0,0,0,0,0,0,1,0
499009,0,0,0,0,0,0,0,0,1,0
499010,0,0,0,0,0,0,0,0,1,0
499011,0,0,0,0,0,0,0,0,1,0
499012,0,1,0,0,0,0,0,0,1,0
499013,0,1,0,0,0,0,0,0,1,0
499014,1,0,0,0,0,0,0,0,1,0
499015,0,1,0,0,0,0,0,0,1,0
499016,0,0,0,0,0,0,0,0,1,0
499017,0,0,0,1,0,0,0,0,1,0
499018,0,0,0,0,0,0,0,0,1,0
499019,0,0,0,0,0,0,0,0,1,0
499020,0,1,0,0,0,0,0,0,1,0
500001,0,1,0,0,0,0,0,0,1,0
500002,0,0,0,1,0,0,0,0,1,0
500003,0,0,0,0,0,0,0,0,1,0
500004,0,0,0,0,0,0,0,0,1,0
500005,0,0,0,0,0,0,0,0,1,0
500006,0,0,0,0,0,0,0,0,1,0
500008,0,0,0,0,0,0,0,0,1,0
500009,0,0,0,0,0,0,0,0,1,0
500010,0,0,0,0,0,0,0,0,1,0
500011,0,1,0,0,0,0,0,0,1,0
500012,0,0,0,0,0,0,0,0,1,0
500013,0,0,0,0,0,0,0,0,1,0
500014,0,0,0,0,0,0,0,0,1,0
500015,0,0,0,0,0,0,0,0,1,0
500017,0,0,0,0,0,0,0,0,0,0
500018,0,0,0,0,0,0,0,0,1,0
500019,0,0,0,0,0,0,0,0,0,0
500020,0,0,0,1,0,0,0,0,1,0
501001,0,0,0,1,0,0,0,0,1,0
501002,0,0,0,0,0,1,0,0,1,0
501003,0,0,0,0,0,1,0,0,1,0
501004,0,0,0,1,0,1,0,0,1,0
501005,0,0,0,0,0,0,0,0,1,0
501006,0,0,0,0,0,0,0,0,1,0
501007,0,0,0,0,0,0,0,0,1,0
501008,0,0,0,0,0,0,0,0,1,0
501009,0,0,0,1,0,0,0,0,1,0
501010,0,0,0,0,0,0,0,0,1,0
501011,0,1,0,0,0,0,0,0,1,0
501012,0,0,0,0,0,0,0,0,1,0
501013,0,0,0,1,0,0,0,0,1,1
501014,0,0,0,1,0,0,0,1,1,0
501015,0,0,0,1,0,1,0,0,1,0
501016,0,0,1,0,0,0,0,0,1,0
501017,0,0,0,0,0,0,0,0,1,0
501018,0,0,0,0,0,0,0,0,1,0
501019,0,0,0,0,0,0,0,0,1,0
501020,0,0,0,1,0,0,0,1,1,0
502001,0,0,0,0,0,0,0,0,0,0
502002,0,0,0,0,0,0,0,0,0,0
502003,0,0,0,0,0,0,0,0,1,0
502004,0,0,0,0,0,0,0,0,1,0
502005,0,0,0,0,0,0,0,0,1,0
502006,0,0,0,0,0,0,0,0,1,0
502007,0,0,0,1,0,0,0,0,1,0
502008,0,0,0,0,0,0,0,0,1,0
502009,0,0,0,0,0,0,0,0,1,0
502010,0,0,0,0,0,0,0,0,1,0
502011,0,0,0,1,0,0,0,1,1,0
502012,0,0,0,0,0,0,0,0,1,0
502013,0,0,0,0,0,0,0,0,1,0
502014,0,0,0,0,0,0,0,0,1,0
502015,0,0,0,0,0,0,0,0,1,0
502016,0,0,0,0,0,0,0,0,1,0
502017,0,0,0,1,0,0,0,0,1,0
502018,0,0,0,0,0,0,0,0,1,0
502019,0,1,0,0,0,0,0,0,1,0
502020,0,0,0,1,0,0,0,0,1,0
503001,0,0,0,0,0,0,0,0,1,0
503002,0,0,0,0,0,0,0,0,1,0
503003,0,0,0,0,0,0,0,0,1,0
503004,0,1,0,0,0,0,0,0,1,0
503005,0,0,0,0,1,0,0,0,1,0
503006,0,0,0,1,0,0,0,0,1,0
503007,0,0,0,0,0,0,0,0,1,0
503008,0,0,0,0,0,0,0,0,1,0
503009,0,0,0,1,0,0,0,0,1,0
503010,0,0,0,0,0,0,0,0,1,0
503011,0,0,0,0,0,0,1,0,1,0
503012,0,0,0,0,0,0,0,0,1,0
503013,0,0,0,0,0,0,0,0,1,0
503014,0,0,0,1,0,0,0,0,1,0
503015,0,0,0,0,0,0,0,0,1,0
503016,0,0,0,0,0,0,0,0,1,0
503017,0,0,0,0,0,0,0,0,1,0
503018,0,0,0,1,0,0,0,0,1,1
503019,0,0,0,0,0,0,0,0,1,0
503020,0,0,0,0,0,0,0,0,1,0
504001,0,0,0,0,0,1,0,0,1,0
504002,0,0,0,0,0,0,0,0,1,0
504003,0,0,0,0,0,0,0,0,1,0
504004,0,0,0,0,0,0,0,0,1,0
504005,0,0,0,0,0,0,0,0,1,0
504006,0,0,0,0,0,0,0,0,1,0
504007,0,0,0,0,0,0,0,0,1,0
504008,0,0,0,0,0,0,0,0,1,0
504009,0,0,0,0,0,0,0,0,1,0
504010,0,0,0,0,0,0,1,0,1,0
504011,0,0,0,0,0,0,0,0,1,0
504012,0,0,0,0,0,0,0,0,1,0
504013,0,0,0,0,0,0,0,0,0,0
504014,0,0,0,0,0,0,0,0,1,0
504015,0,0,0,0,0,0,0,0,1,0
504016,0,0,0,0,0,0,0,0,1,0
504017,0,0,0,0,0,0,0,0,1,0
504018,0,0,0,0,0,0,0,0,1,0
504019,0,0,0,0,0,0,0,0,1,0
504020,0,0,0,0,0,0,0,0,1,0
505001,0,1,0,0,0,0,0,0,1,0
505002,0,0,0,0,0,0,0,0,1,0
505003,0,0,0,0,0,0,0,0,1,0
505004,0,0,0,0,0,0,0,0,1,0
505005,0,1,0,1,0,0,0,0,1,0
505006,0,0,0,0,0,0,0,0,1,0
505007,0,0,0,0,0,0,0,0,1,0
505008,0,0,0,0,0,0,0,0,1,0
505009,0,0,0,0,0,0,0,0,1,0
505010,0,0,0,0,0,0,0,0,1,0
505012,0,0,0,0,0,0,0,0,0,0
505013,0,0,0,0,0,0,0,0,1,0
505014,0,0,1,0,0,0,0,1,1,0
505015,0,0,0,0,0,0,0,0,1,0
505016,0,0,0,0,0,0,0,0,1,0
505017,0,0,0,0,0,0,0,0,0,0
505018,0,0,0,0,0,0,0,0,1,0
505019,0,0,0,0,0,0,0,0,1,0
505020,0,0,0,1,0,0,0,0,1,0
506001,0,0,0,0,0,0,0,0,1,0
506002,0,0,0,0,0,0,0,0,1,0
506003,0,0,0,0,0,0,0,0,1,0
506004,0,0,0,1,0,0,0,0,1,0
506005,0,0,0,0,0,0,0,0,1,0
506007,0,0,0,0,0,0,0,0,1,0
506008,0,0,0,0,0,0,0,0,1,0
506009,0,0,0,0,0,0,0,0,1,0
506010,0,0,0,1,0,0,0,0,1,0
506011,0,0,0,0,0,0,0,0,1,0
506012,0,0,0,0,0,0,0,0,1,0
506013,0,0,0,1,0,0,0,0,1,0
506014,0,0,0,0,0,0,0,0,0,0
506015,0,0,0,0,0,0,0,0,1,0
506016,0,0,0,0,0,0,0,0,1,0
506017,0,0,0,0,0,0,0,0,0,0
506018,0,0,0,0,0,0,0,0,1,0
506019,0,0,0,0,0,0,0,0,1,0
506020,0,0,0,0,0,0,0,0,1,0
507001,0,0,0,0,0,0,0,0,1,0
507002,0,0,0,1,0,0,0,0,1,0
507003,0,0,0,1,0,0,0,0,1,0
507004,0,0,1,0,0,0,0,0,1,0
507005,0,0,0,0,0,0,0,0,1,0
507006,0,0,0,0,0,0,0,0,1,0
507007,0,1,0,0,0,0,0,1,1,0
507008,0,0,0,0,0,0,0,0,1,0
507009,0,1,0,1,0,0,0,0,1,0
507010,0,1,0,0,0,0,0,0,1,0
507011,0,0,0,0,0,0,0,0,1,0
507012,0,0,0,0,0,0,0,0,1,0
507013,0,0,0,0,0,0,0,0,1,0
507015,0,0,0,0,0,0,0,0,1,0
507016,0,0,0,1,0,0,0,0,1,0
507017,0,1,0,0,0,0,0,0,1,0
507018,0,1,0,0,0,0,0,0,1,0
507019,0,0,0,1,0,0,0,0,1,0
507020,0,0,0,0,0,0,0,0,1,0
508001,0,0,0,1,0,0,0,1,1,0
508002,0,0,0,0,0,0,0,0,1,0
508003,0,0,0,0,0,0,0,0,1,0
508004,0,0,0,0,0,0,0,1,1,1
508005,0,0,0,0,0,0,0,1,1,0
508006,0,0,0,0,0,0,0,0,1,0
508007,0,0,0,1,0,0,0,1,1,0
508008,0,0,0,0,0,0,0,0,1,0
508009,0,0,0,0,0,0,0,0,1,0
508010,0,1,0,0,0,0,0,0,1,0
508011,0,0,0,0,0,0,0,0,1,0
508012,0,0,0,0,0,0,0,0,1,0
508013,0,0,0,0,0,0,0,1,1,1
508014,0,0,0,0,0,0,0,0,1,0
508015,0,0,0,0,0,0,1,0,1,0
508016,0,0,0,1,0,0,0,0,1,0
508017,0,0,0,0,0,0,0,0,1,0
508018,0,0,0,0,0,0,0,0,1,0
508019,0,0,0,0,0,0,0,0,1,0
508020,0,0,0,0,0,0,0,0,1,0
509001,0,0,0,0,0,0,0,0,1,0
509002,0,0,0,0,0,0,0,0,1,0
509003,0,0,0,0,0,0,0,0,1,0
509004,0,0,0,0,0,0,0,0,1,0
509005,0,0,0,0,0,0,0,0,1,0
509006,0,0,1,0,0,0,0,0,1,0
509007,0,0,0,1,0,0,0,0,1,0
509008,0,0,1,0,0,0,1,0,1,0
509009,0,0,0,1,0,0,0,0,1,0
509010,0,0,0,0,0,0,0,0,1,0
509011,0,1,0,1,0,0,0,0,1,0
509012,0,0,0,0,0,0,0,0,1,0
509013,0,0,0,0,0,0,0,0,1,0
509014,0,0,0,0,0,0,0,0,1,0
509015,0,1,0,0,0,0,0,0,1,0
509016,0,0,0,0,0,0,0,0,1,0
509017,0,1,0,0,0,0,0,0,1,0
509018,0,0,0,0,0,0,0,0,1,0
509019,0,0,0,0,0,0,0,0,1,0
509020,0,1,0,0,0,0,0,0,1,0
510001,0,0,0,1,0,0,0,0,1,0
510002,0,0,0,0,0,0,0,0,1,0
510003,0,0,0,0,0,0,0,0,1,0
510004,0,0,0,0,0,0,0,0,1,0
510005,0,0,0,0,0,0,0,0,1,0
510006,0,0,0,0,0,0,0,0,1,0
510007,0,0,0,0,0,0,0,0,1,0
510008,0,0,0,0,0,0,0,0,1,0
510009,0,0,0,0,0,0,0,0,1,0
510010,0,0,0,0,0,0,0,0,1,0
510011,0,0,0,1,0,0,0,0,1,0
510012,0,0,0,0,0,0,0,0,1,0
510013,0,0,0,0,0,0,0,0,1,0
510014,0,0,0,0,0,0,0,0,1,0
510015,0,0,0,0,0,0,0,0,1,0
510016,0,1,0,0,0,0,0,0,1,0
510017,0,0,0,0,0,0,0,0,1,0
510018,0,0,0,0,0,0,0,0,1,0
510019,0,0,0,1,0,0,0,0,1,0
510020,0,1,0,0,0,0,0,0,1,0
511001,0,0,0,0,0,0,0,0,1,0
511002,0,0,0,0,0,0,0,0,1,0
511003,0,0,0,0,0,0,0,0,1,0
511004,0,0,0,0,0,0,0,0,1,0
511005,0,1,0,0,0,0,0,0,1,0
511006,0,0,0,0,0,0,0,0,1,0
511007,0,0,0,0,0,0,0,0,1,0
511008,0,0,0,1,0,0,0,0,1,0
511009,0,0,0,0,0,0,0,0,1,0
511010,0,0,0,0,0,0,0,0,1,0
511011,0,0,0,0,0,1,0,0,1,0
511012,0,0,0,0,0,0,0,0,1,0
511013,0,0,0,0,0,0,0,0,1,0
511014,0,0,0,1,0,0,0,0,1,0
511015,0,0,0,0,0,0,0,0,1,0
511016,0,0,0,0,0,0,1,0,1,0
511017,0,0,0,0,0,0,0,0,1,0
511018,0,0,0,1,0,0,1,0,1,0
511019,0,1,0,1,0,0,0,0,1,0
511020,0,0,0,0,0,0,0,0,1,0
512001,0,0,0,0,0,0,0,0,1,0
512002,0,1,0,0,0,0,0,0,1,0
512003,0,0,0,0,0,1,0,0,1,0
512004,0,0,0,0,0,0,0,0,1,0
512005,0,0,0,0,0,1,0,0,1,0
512006,0,0,0,0,0,0,0,0,1,0
512007,0,1,0,0,0,0,0,0,1,0
512008,0,0,0,0,0,0,0,0,1,0
512009,0,1,0,0,0,1,0,0,1,0
512010,0,0,0,1,0,1,0,0,1,0
512011,0,0,0,1,0,0,0,0,1,0
512012,0,0,0,0,0,0,0,0,1,0
512013,0,0,0,0,0,0,0,0,1,0
512014,0,0,0,0,0,1,0,0,1,1
512015,0,0,0,0,0,1,0,0,1,0
512016,0,1,0,0,0,0,0,0,1,0
512017,0,1,0,0,0,0,0,0,1,0
512018,0,0,0,1,0,1,1,0,1,1
512019,0,0,0,0,0,1,0,0,1,0
512020,0,0,0,0,0,1,0,0,1,0
513001,0,0,0,0,0,0,0,0,1,0
513002,0,0,0,0,0,0,0,0,1,0
513003,0,0,0,0,0,0,0,0,1,0
513004,0,0,0,0,0,0,0,0,1,0
513005,0,0,0,0,0,0,0,0,0,0
513006,0,0,0,0,0,0,0,0,1,0
513007,0,0,0,0,0,0,0,0,1,0
513008,0,0,0,0,0,0,0,0,1,0
513009,0,0,0,0,0,0,0,0,1,0
513010,0,0,0,0,0,0,0,0,1,0
513011,0,0,0,0,0,0,0,0,1,0
513012,0,0,0,0,0,0,0,0,1,0
513013,0,0,0,1,0,0,0,0,1,0
513014,0,0,0,1,0,0,0,0,1,0
513015,0,0,0,0,0,0,0,0,1,0
513016,0,0,0,0,0,0,0,0,1,0
513017,0,0,0,0,0,0,0,0,1,0
513018,0,0,0,1,0,0,0,0,1,0
513019,0,0,0,0,0,0,0,0,1,0
513020,0,0,0,0,0,0,0,0,1,0
514001,0,0,0,1,0,1,1,0,1,0
514003,0,0,0,0,0,0,0,0,1,0
514004,0,1,0,0,0,0,0,0,1,0
514005,0,0,0,1,0,0,0,0,1,0
514006,0,0,0,0,0,0,0,0,1,0
514007,0,0,0,0,0,0,0,0,1,0
514008,0,0,0,0,0,0,0,1,1,0
514009,0,0,0,0,0,0,0,0,1,0
514010,0,0,0,0,0,0,0,0,1,0
514011,0,0,0,0,0,0,0,1,1,1
514012,1,0,0,0,0,0,0,0,1,0
514013,0,0,0,0,0,0,0,0,1,0
514014,0,0,0,1,0,0,0,0,1,0
514015,0,0,0,1,0,1,0,0,1,0
514016,0,0,0,0,0,0,0,0,1,0
514017,0,0,0,0,0,0,0,0,1,0
514018,0,0,0,0,0,0,0,0,1,0
514019,0,0,0,0,0,0,0,0,1,0
514020,0,0,0,0,0,1,0,0,1,0
515001,0,1,0,1,0,0,0,0,1,0
515002,0,0,0,0,0,0,0,0,1,0
515003,0,0,0,0,0,0,0,0,1,0
515004,0,0,0,0,0,0,0,0,1,0
515005,0,0,0,0,0,0,0,0,1,0
515006,0,0,0,0,0,0,0,0,1,0
515007,0,0,0,0,0,0,0,0,1,0
515008,0,0,0,1,0,0,0,0,1,0
515009,0,0,0,0,0,0,0,0,1,0
515010,0,0,0,1,0,0,0,0,1,0
515011,0,0,0,0,0,0,0,0,1,0
515012,0,1,0,0,0,0,0,0,1,0
515013,0,0,0,0,0,0,0,0,1,0
515015,0,1,0,0,0,1,0,0,1,0
515016,0,0,0,0,0,0,0,0,1,0
515017,0,0,0,0,0,1,0,0,1,0
515018,0,0,0,0,0,0,0,0,1,0
515019,0,0,0,0,0,0,0,0,1,0
515020,0,0,0,0,0,0,0,0,1,0
516001,0,0,0,0,0,0,0,0,1,0
516002,0,0,0,0,0,0,0,0,1,0
516003,0,0,0,0,0,0,0,0,1,0
516004,0,0,0,0,0,0,0,1,1,0
516005,0,0,0,0,0,0,0,0,1,0
516006,0,0,0,1,0,1,0,0,1,0
516007,0,0,0,1,1,0,1,1,1,0
516008,0,0,0,0,0,0,0,0,1,0
516009,0,0,0,0,0,0,0,0,1,0
516010,0,0,0,0,0,0,0,0,1,0
516011,0,0,0,1,0,0,0,0,1,0
516012,0,0,0,0,0,1,0,0,1,0
516013,0,0,0,1,0,0,0,0,0,0
516014,0,0,0,1,0,1,0,0,1,1
516015,0,0,0,0,0,0,0,1,1,0
516016,0,0,0,0,0,0,0,0,1,0
516017,0,0,0,0,0,0,0,0,1,0
516018,0,0,0,0,0,0,0,0,1,0
516019,0,0,0,0,0,0,1,0,1,0
516020,0,1,0,0,0,0,0,0,1,0
517001,0,0,0,0,0,0,0,0,1,0
517002,0,0,0,1,0,0,0,0,1,0
517003,0,0,0,0,0,0,0,0,1,0
517004,0,0,0,0,0,0,0,0,1,0
517005,0,0,0,0,0,0,0,0,0,0
517006,0,1,0,0,0,0,0,0,1,0
517007,0,0,0,0,0,0,0,0,1,0
517008,0,0,0,0,0,0,0,0,1,0
517009,0,0,0,0,0,0,0,0,1,0
517010,0,1,0,0,0,0,0,0,1,0
517011,0,0,0,0,0,0,0,0,1,0
517012,0,0,0,0,0,0,0,0,1,0
517013,0,0,0,0,0,0,0,0,1,0
517014,0,1,0,0,0,0,0,0,1,0
517015,0,0,0,0,0,0,0,0,1,0
517016,0,0,0,0,0,0,0,0,0,0
517017,0,0,0,0,0,0,0,0,1,0
517018,0,0,0,0,0,0,0,0,1,0
517019,0,0,0,0,0,0,0,0,0,0
517020,0,0,0,0,0,0,0,0,0,0
518001,0,0,0,0,0,0,0,0,1,0
518002,1,0,0,0,0,0,0,0,1,0
518003,0,0,0,0,0,0,0,1,1,0
518004,0,0,0,0,0,0,0,0,1,0
518005,0,0,0,0,0,0,0,0,1,0
518006,0,0,0,0,0,0,0,0,1,0
518007,0,0,0,0,0,0,0,0,1,0
518008,0,0,0,0,0,0,0,0,1,0
518009,0,0,0,0,0,0,0,0,1,0
518010,0,0,0,0,0,0,0,0,1,0
518011,0,0,0,0,0,0,0,0,1,0
518012,0,0,0,0,0,0,0,0,1,0
518013,0,0,0,0,0,0,0,0,1,0
518014,0,0,0,0,0,0,0,0,1,0
518015,0,0,0,0,0,0,0,0,1,0
518016,0,0,0,0,0,0,0,0,1,0
518017,0,0,0,0,0,0,0,0,1,0
518018,0,0,0,0,0,0,0,0,1,0
518019,0,0,0,0,0,0,0,0,1,0
518020,0,0,0,0,0,0,1,0,1,0
519001,0,0,0,1,0,1,0,0,1,1
519002,0,0,0,0,0,1,0,0,1,1
519003,0,1,0,0,0,1,0,0,1,0
519004,0,0,0,0,0,0,0,0,1,0
519005,0,0,0,1,0,0,0,0,1,0
519006,0,0,0,0,0,0,0,0,1,1
519007,0,0,0,1,0,0,0,0,1,0
519008,0,0,0,1,0,0,0,0,1,0
519009,0,0,0,0,0,0,0,0,1,1
519010,0,0,0,1,0,0,0,0,1,0
519011,0,0,0,0,0,0,0,0,1,0
519012,0,0,0,0,0,0,0,0,1,0
519013,0,1,0,0,0,0,0,0,1,0
519014,0,0,0,1,0,0,1,1,1,1
519015,0,0,0,0,0,0,0,1,1,0
519016,0,0,0,1,0,0,0,0,1,1
519017,0,0,0,0,0,0,0,1,1,1
519018,0,0,0,1,0,0,0,0,1,1
519019,0,0,1,0,0,0,0,0,1,1
519020,0,1,0,1,0,0,0,1,1,1
520001,0,0,0,0,0,1,1,1,1,1
520002,0,0,0,1,0,1,1,1,1,1
520003,0,0,0,0,0,1,1,0,1,0
520004,0,0,0,0,0,0,0,0,1,0
520005,0,0,0,0,0,1,1,1,1,0
520006,0,0,0,0,0,0,0,0,1,0
520007,0,0,0,0,0,0,0,1,1,0
520008,0,0,0,0,0,0,0,0,1,0
520009,0,0,0,0,0,0,0,0,1,0
520010,0,0,0,0,0,0,0,0,0,0
520011,0,1,0,1,0,1,1,1,1,1
520012,0,0,0,0,0,0,0,0,1,0
520013,0,0,0,0,0,0,0,0,1,0
520014,0,0,0,0,0,0,0,0,0,0
520015,0,0,0,0,0,0,0,1,1,0
520016,0,0,0,0,0,0,0,0,0,0
520017,0,0,0,0,0,0,0,0,1,0
520018,0,0,0,0,0,0,0,1,1,0
520019,0,,0,0,0,0,0,0,1,0
520020,0,0,0,0,0,0,0,0,1,0
521001,0,0,1,0,0,0,0,0,1,1
521002,0,0,1,0,0,0,0,0,1,0
521003,0,0,0,1,0,0,0,0,1,1
521004,0,0,0,0,0,0,0,0,1,1
521005,0,0,0,1,0,0,0,0,1,1
521006,0,0,1,1,0,0,1,0,1,0
521007,0,1,0,0,0,0,1,0,1,1
521008,0,0,0,0,0,0,0,0,1,0
521009,0,0,0,0,0,0,0,0,0,0
521010,0,1,0,0,0,0,1,0,1,1
521011,0,0,0,1,0,0,1,0,1,0
521012,0,0,0,0,0,0,0,0,1,0
521013,0,0,0,1,0,0,1,0,1,1
521014,0,0,0,0,0,0,0,0,1,1
521015,0,1,0,0,0,0,1,0,1,0
521016,0,1,0,1,0,0,1,0,1,0
521017,0,0,0,0,0,0,1,0,1,0
521018,0,0,0,1,0,0,0,1,1,0
521019,0,0,0,1,0,0,0,1,1,0
521020,0,0,0,0,0,0,0,0,0,0
522001,0,0,0,0,0,0,0,0,1,0
522002,0,0,0,0,0,0,0,0,1,0
522003,0,0,0,1,0,0,0,1,1,0
522004,0,0,0,0,0,0,1,0,1,0
522005,0,1,0,0,0,0,0,0,1,0
522006,0,1,0,0,0,0,0,0,1,0
522007,0,0,0,0,0,1,0,0,1,0
522008,0,0,0,0,0,0,0,0,1,0
522009,0,0,0,0,0,0,0,0,1,0
522010,0,0,0,0,0,0,0,0,1,0
522011,0,1,0,1,0,1,0,0,1,0
522012,0,0,0,0,0,0,0,0,1,0
522013,0,1,0,0,0,0,0,0,1,0
522014,0,0,0,0,0,0,0,0,1,0
522015,0,1,0,0,0,0,0,0,1,0
522016,0,0,0,0,0,0,0,0,1,0
522017,0,0,0,0,0,0,0,1,1,0
522018,0,1,0,1,0,0,0,1,1,0
522019,0,1,0,0,0,0,0,0,1,0
522020,0,1,0,1,0,0,0,0,1,0
523001,0,0,0,0,0,0,0,1,1,0
523002,0,0,0,0,0,0,0,0,1,0
523003,1,0,0,0,0,0,0,0,1,0
523004,0,1,0,0,0,0,0,0,1,0
523005,0,0,0,1,0,1,0,0,1,0
523006,0,0,0,0,0,0,0,1,1,0
523007,0,0,0,0,0,0,1,1,1,0
523008,0,0,0,0,0,0,0,1,1,0
523009,0,0,0,0,0,0,0,1,1,0
523010,0,0,0,0,0,0,0,0,1,0
523011,0,1,0,0,0,0,0,1,1,0
523012,0,1,0,0,0,0,0,0,1,0
523013,0,0,0,0,0,0,0,0,1,0
523014,0,0,0,0,0,0,0,0,1,0
523015,0,0,0,0,0,0,0,0,1,0
523016,0,0,0,0,0,0,0,0,1,0
523017,0,0,0,0,0,0,0,0,1,0
523018,0,0,0,0,0,0,0,0,1,0
523019,0,0,0,0,0,0,0,0,1,0
523020,0,0,0,0,0,0,0,0,1,0
524001,0,0,0,0,0,0,0,0,1,0
524002,0,0,0,0,0,0,0,0,1,0
524003,0,0,0,0,0,0,0,0,1,0
524004,0,0,0,0,0,0,0,0,1,0
524005,0,1,0,0,0,0,0,0,1,0
524006,0,0,0,0,0,0,0,0,1,0
524007,0,0,0,0,0,0,0,0,1,0
524008,0,0,0,0,0,0,0,0,1,0
524009,0,0,0,0,0,0,0,1,1,0
524010,0,0,0,0,0,0,0,0,1,0
524011,0,1,0,0,0,0,0,0,1,0
524012,0,0,0,0,0,0,0,0,1,0
524013,0,0,0,0,0,0,0,0,1,0
524014,0,0,0,0,0,1,1,0,1,1
524015,0,0,0,0,0,0,0,0,1,0
524016,0,0,0,0,0,0,0,0,1,0
524017,0,0,0,0,0,0,0,0,1,0
524018,0,1,0,1,0,0,0,0,1,0
524019,0,0,0,0,0,0,0,0,1,0
524020,0,0,0,0,0,0,0,0,1,0
525001,0,1,0,0,0,0,0,0,1,0
525002,0,0,0,0,0,0,0,0,1,0
525003,0,1,0,0,0,0,0,0,1,0
525004,0,0,0,0,0,0,0,0,1,0
525005,0,1,0,0,0,0,0,0,0,0
525006,0,0,0,0,0,0,0,0,1,0
525007,0,0,0,0,0,0,0,0,0,0
525008,0,0,0,0,0,0,0,0,1,0
525009,0,0,0,0,0,0,0,0,1,0
525010,0,1,0,0,0,0,0,0,1,0
525011,0,1,0,0,0,0,0,0,1,0
525012,0,0,0,0,0,0,0,0,1,0
525013,0,0,0,0,0,0,0,0,0,0
525014,0,0,0,0,0,0,0,0,1,0
525015,0,0,0,0,0,0,0,0,1,0
525016,0,0,0,0,0,0,0,0,1,0
525017,0,0,0,0,1,1,1,1,1,1
525018,0,0,0,0,0,0,1,0,1,0
525019,0,0,0,0,0,0,0,0,1,0
525020,0,0,0,0,0,0,0,0,1,0
526001,0,0,0,0,0,0,0,0,1,0
526002,0,0,0,0,0,0,0,0,1,0
526003,0,0,0,0,0,0,0,0,1,0
526004,0,0,0,0,0,0,0,0,1,0
526005,0,0,0,0,0,0,0,0,1,0
526006,0,0,0,0,0,0,0,0,1,0
526007,0,0,0,0,0,0,0,0,1,0
526008,0,0,0,0,0,1,0,0,1,0
526009,0,0,0,0,0,0,0,0,1,0
526010,0,0,0,0,0,0,0,0,1,0
526011,0,0,0,0,0,0,0,1,1,0
526012,0,1,0,0,0,0,0,0,1,0
526013,0,1,0,0,0,0,0,0,1,0
526014,0,0,0,0,0,0,1,0,1,0
526015,0,1,0,1,0,1,1,0,1,0
526016,0,0,0,0,0,0,0,0,1,0
526017,0,1,0,0,0,0,0,1,1,0
526018,0,0,0,0,0,0,0,0,1,0
526019,0,1,0,0,0,0,0,0,1,0
526020,0,0,0,0,0,0,1,1,1,0
527001,0,0,0,0,0,0,0,0,1,0
527002,0,0,0,0,0,0,0,0,1,0
527003,0,0,0,0,0,0,0,0,1,0
527004,0,0,0,0,0,0,0,0,0,0
527005,0,1,0,0,0,0,0,0,1,0
527006,0,0,0,0,0,0,0,0,1,0
527007,0,1,0,0,0,0,0,0,1,0
527008,0,1,0,0,0,0,0,0,1,0
527009,0,0,0,0,0,0,0,0,1,0
527010,0,0,0,0,0,0,1,0,1,0
527011,0,0,0,0,0,0,0,0,0,0
527012,0,0,0,0,0,0,0,0,1,0
527013,0,0,0,0,0,0,0,0,1,0
527014,0,1,0,0,0,0,0,0,1,0
527015,0,0,0,0,0,0,1,0,1,0
527016,0,0,0,0,0,0,0,0,0,0
527017,0,0,0,0,0,0,0,0,1,0
527018,0,0,0,0,0,0,0,0,0,0
527019,0,0,0,0,0,0,0,0,1,0
527020,0,0,0,0,0,0,0,0,1,0
528001,0,0,0,0,0,0,0,0,1,0
528002,0,0,0,0,0,0,0,0,1,0
528003,0,0,0,0,0,0,0,0,1,0
528004,0,1,0,0,0,0,0,0,1,0
528005,0,0,0,0,0,0,0,0,1,0
528006,0,0,0,0,0,0,0,0,1,0
528007,0,0,0,0,0,0,0,0,1,0
528008,0,0,0,0,0,0,0,0,1,0
528009,0,0,0,0,0,0,0,0,1,0
528010,0,0,0,0,0,0,0,0,1,0
528011,0,0,0,0,0,0,0,0,1,0
528012,0,1,0,0,0,0,0,0,1,0
528013,0,1,0,0,0,0,0,0,1,0
528014,0,0,0,0,0,0,0,0,1,0
528015,0,0,0,0,0,0,0,0,0,0
528016,0,0,0,0,0,0,0,0,1,0
528017,0,0,0,0,0,0,0,0,1,0
528018,0,0,0,0,0,0,0,0,1,0
528019,0,0,0,0,0,0,0,0,1,0
528020,0,0,0,0,0,0,0,0,1,0
529001,0,0,0,0,0,0,0,0,1,0
529002,0,0,0,0,0,0,0,0,1,0
529003,0,0,0,0,0,0,0,0,1,0
529004,0,0,0,0,0,0,0,0,1,0
529005,0,0,0,0,0,0,0,0,1,0
529006,0,1,0,0,0,0,0,0,1,0
529007,0,0,0,0,0,0,0,0,1,0
529008,0,0,0,0,0,0,0,0,1,0
529009,0,0,0,0,0,0,0,0,1,0
529010,0,0,0,0,0,0,0,0,1,0
529011,0,0,0,0,0,0,0,0,1,0
529012,0,0,0,0,0,0,0,0,0,0
529013,0,0,0,0,0,0,0,0,1,0
529014,0,0,0,0,0,0,0,0,1,0
529015,0,0,0,0,0,0,0,0,1,0
529016,0,0,0,0,0,0,0,0,1,0
529017,0,0,0,0,0,0,0,0,1,0
529018,0,0,0,0,0,0,0,0,1,0
529019,0,0,0,0,0,0,0,0,1,0
529020,0,0,0,0,0,0,0,0,1,0
530001,0,0,0,0,0,0,0,1,1,0
530002,0,0,0,1,0,0,0,0,1,0
530003,0,0,0,1,0,0,0,0,1,0
530004,0,1,0,0,0,0,0,0,1,0
530005,0,0,0,0,0,0,0,0,1,0
530006,0,0,0,1,0,0,0,0,1,0
530007,0,0,0,0,0,0,0,0,1,0
530008,0,1,0,1,0,0,0,0,1,0
530009,0,1,0,0,0,0,0,0,1,0
530010,0,1,0,0,0,0,0,0,1,0
530011,0,1,0,0,0,0,0,0,1,0
530012,0,1,0,0,0,0,0,0,1,0
530013,0,1,0,0,0,0,0,0,0,0
530014,0,0,0,0,0,0,0,0,0,0
530015,0,0,0,0,0,0,1,0,0,0
530016,0,1,0,0,0,1,0,0,1,0
530017,0,1,0,0,0,0,0,0,1,0
530018,0,0,0,0,0,0,0,0,1,0
530019,0,0,0,0,0,0,0,0,1,0
530020,0,1,0,0,0,0,0,0,0,0
531001,0,0,0,0,0,0,0,0,1,0
531002,0,0,0,0,0,0,0,0,1,0
531003,0,1,0,0,0,0,0,0,1,0
531004,0,0,0,0,0,0,0,0,1,0
531005,0,1,0,0,0,0,0,0,1,0
531006,0,0,0,0,0,0,0,0,1,0
531007,0,1,0,0,0,0,0,0,1,0
531008,0,0,0,0,0,0,0,0,1,0
531009,0,0,0,0,0,0,0,0,1,0
531010,0,0,0,0,0,0,0,0,0,0
531011,0,0,0,0,0,0,0,0,1,0
531012,0,0,0,0,0,0,0,0,1,0
531013,0,0,0,0,0,0,0,0,1,0
531014,0,0,0,0,0,0,0,0,0,0
531015,0,0,0,1,0,0,0,0,1,0
531016,0,0,0,0,0,0,0,0,0,0
531017,0,0,0,0,0,0,0,0,1,0
531018,0,0,0,0,0,0,0,0,1,0
531019,0,1,0,0,0,0,0,0,1,0
531020,0,1,0,0,0,0,0,0,1,0
532001,0,0,0,0,0,0,0,0,0,0
532002,0,0,0,0,0,0,0,0,0,0
532003,0,0,0,0,0,0,0,0,1,0
532004,0,0,0,0,0,0,0,0,1,0
532005,0,0,0,0,0,0,0,0,1,0
532006,0,0,0,0,0,0,0,0,1,0
532007,0,0,0,0,0,0,0,0,1,0
532008,0,0,0,0,0,0,0,0,1,0
532009,0,1,0,0,0,0,0,0,1,0
532010,0,0,0,0,0,0,0,0,1,0
532011,0,1,0,0,0,0,0,0,1,0
532012,0,0,0,0,0,0,0,0,1,0
532013,0,0,1,1,0,0,0,0,1,0
532014,0,0,0,0,0,0,0,0,1,0
532015,0,1,0,0,0,0,0,0,1,0
532016,0,0,0,0,0,0,0,0,0,0
532017,0,0,0,0,0,0,0,0,0,0
532018,0,0,0,0,0,0,0,0,1,0
532019,0,1,0,0,0,0,0,0,1,0
532020,0,0,0,0,0,0,0,0,0,0
533001,0,0,0,0,0,1,0,0,1,0
533002,0,1,0,0,0,0,0,0,1,0
533003,0,0,0,0,0,0,0,0,1,0
533004,0,0,0,0,0,0,0,0,1,0
533005,0,0,0,0,0,0,0,0,1,0
533006,0,0,0,0,0,1,0,0,1,0
533007,0,0,0,0,0,0,0,0,1,0
533008,0,0,0,0,0,0,0,0,1,0
533009,0,0,0,0,0,1,0,0,1,0
533010,0,0,0,0,0,0,0,0,1,0
533011,0,0,0,0,0,0,0,0,1,0
533012,0,0,0,0,0,0,0,0,1,0
533013,0,0,0,0,0,0,0,0,1,0
533014,0,0,0,0,0,0,0,1,1,0
533015,0,0,0,0,0,0,0,0,1,0
533016,0,1,0,0,0,0,0,0,1,0
533017,0,0,0,0,0,0,0,0,1,0
533018,0,0,0,0,0,1,0,0,1,0
533019,0,0,0,0,0,1,0,0,1,0
533020,0,0,0,0,0,1,0,0,1,0
534001,0,0,0,0,0,0,0,0,1,0
534002,0,0,0,0,0,0,0,0,1,0
534003,0,0,0,0,0,0,0,0,1,0
534004,0,0,0,0,0,0,0,0,1,0
534005,0,0,0,0,0,0,0,1,1,0
534006,0,0,0,0,0,0,0,0,1,0
534007,0,0,0,0,0,0,0,0,1,0
534008,0,0,0,0,0,0,0,0,0,0
534009,0,0,0,0,0,0,0,0,0,0
534010,0,0,0,0,0,0,0,0,1,0
534011,0,1,0,0,0,0,0,0,1,0
534012,0,0,0,0,0,0,0,0,1,0
534013,0,0,0,0,0,0,0,0,1,0
534014,0,1,0,0,0,0,0,0,1,0
534015,0,1,0,0,0,0,0,0,1,0
534016,0,0,0,0,0,0,0,1,1,0
534017,0,0,0,0,0,0,0,0,1,0
534018,0,0,0,0,0,0,0,0,1,0
534019,0,0,0,0,0,0,0,0,1,0
534020,0,0,0,0,0,0,0,0,1,0
535001,0,0,0,0,0,0,0,0,1,0
535002,0,0,0,0,0,0,0,0,1,0
535003,0,0,0,0,0,0,0,0,1,0
535004,0,1,0,0,0,0,0,0,1,0
535005,0,0,0,0,0,0,0,0,1,0
535006,0,1,0,0,0,0,0,0,1,0
535007,0,0,0,0,0,0,0,0,1,0
535008,0,0,0,1,0,0,0,0,1,0
535009,0,1,0,0,0,0,0,0,1,0
535010,0,0,0,0,0,0,0,0,1,0
535011,0,0,0,0,0,0,0,0,1,0
535012,0,0,0,0,0,0,0,0,1,0
535013,0,0,0,0,0,0,0,0,1,0
535014,0,0,0,0,0,1,0,0,1,0
535015,0,1,0,0,0,1,0,0,1,0
535016,0,0,0,0,0,0,0,0,1,0
535017,0,0,0,0,0,0,0,0,1,0
535018,1,0,0,0,0,0,0,0,1,0
535019,0,0,0,0,0,0,0,0,1,0
535020,0,0,0,0,0,0,0,0,1,0
536001,0,0,0,0,0,0,0,0,1,0
536002,0,0,0,0,0,0,0,0,1,0
536003,0,0,0,1,0,0,0,0,1,0
536004,0,0,0,0,0,0,0,0,1,0
536005,0,0,0,0,0,0,0,0,1,0
536006,0,0,0,0,0,0,0,0,1,0
536007,0,0,0,0,0,0,0,0,1,0
536008,0,0,0,0,0,0,0,1,1,0
536009,0,0,0,0,0,0,0,1,1,0
536010,0,0,0,0,0,0,0,0,1,0
536011,0,1,0,0,0,0,0,0,1,0
536012,0,0,0,0,0,0,0,0,1,0
536013,0,0,0,1,0,0,0,0,1,0
536014,0,0,0,0,0,0,0,0,1,0
536015,0,0,0,0,0,0,0,0,1,0
536016,0,0,0,0,0,0,0,0,1,0
536017,0,1,0,0,0,0,0,0,1,0
536018,0,0,0,0,0,0,0,0,1,0
536019,0,0,0,0,0,0,0,0,1,0
536020,0,0,0,0,0,0,0,0,1,0
537001,0,0,0,0,0,0,0,0,1,0
537002,0,0,0,0,0,0,0,0,1,0
537003,0,0,0,0,0,0,1,0,1,0
537004,0,0,0,0,0,0,0,0,1,0
537005,0,0,0,0,0,0,0,0,1,0
537006,0,0,0,0,0,0,0,0,1,0
537007,0,0,0,0,0,0,0,0,1,0
537008,0,0,0,0,0,0,0,0,1,0
537009,0,0,0,0,0,0,0,0,0,0
537010,0,0,0,0,0,0,0,0,1,0
537011,0,0,0,0,0,0,0,0,1,0
537012,0,0,0,0,0,0,0,0,1,0
537013,0,0,0,0,0,0,0,0,1,0
537014,0,0,0,0,0,0,0,0,0,0
537015,0,0,0,0,0,0,0,0,1,0
537016,0,0,0,0,0,0,0,0,1,0
537017,0,1,0,0,0,0,0,0,1,0
537018,0,0,0,0,0,0,0,0,1,0
537019,0,0,0,0,0,0,0,0,1,0
537020,0,1,0,0,0,0,0,0,1,0
538001,0,1,0,0,0,0,0,0,0,0
538002,0,0,0,0,0,0,0,0,1,0
538003,0,0,0,0,0,0,0,0,1,0
538004,0,0,0,0,0,0,0,0,0,0
538005,0,0,0,0,0,0,0,0,1,0
538006,0,1,0,0,0,0,0,0,1,0
538007,0,0,0,0,0,0,0,0,1,0
538008,0,0,0,0,0,0,0,0,1,0
538009,0,0,0,0,0,0,0,0,1,0
538010,0,0,0,0,0,0,0,0,1,0
538011,0,0,0,0,0,0,0,0,0,0
538012,0,0,0,0,0,0,0,0,1,0
538013,0,0,0,0,0,0,0,0,1,0
538014,0,1,0,0,0,0,0,0,1,0
538015,0,0,0,0,0,0,0,0,1,0
538016,0,1,0,0,0,0,0,0,0,0
538017,0,1,0,0,0,0,0,0,1,0
538018,0,1,0,0,0,0,0,0,1,0
538019,0,0,0,0,0,0,0,0,1,0
538020,0,0,0,0,0,0,0,0,1,0
539001,0,0,0,0,0,0,0,0,1,0
539002,0,0,0,0,0,0,0,0,1,0
539003,0,0,0,0,0,0,0,0,1,0
539004,0,0,0,0,0,0,1,0,1,0
539005,0,0,0,0,0,0,0,0,1,0
539006,0,0,0,0,0,0,1,0,1,0
539007,0,1,0,0,0,0,0,0,1,0
539008,0,0,0,0,0,1,1,0,1,0
539009,0,1,1,0,0,0,1,0,1,0
539010,0,0,0,0,0,0,0,0,1,0
539011,0,0,0,0,0,0,0,0,1,0
539012,1,1,0,0,0,0,1,0,1,0
539013,0,1,0,0,0,0,0,0,1,0
539014,0,0,0,0,0,0,0,0,1,0
539015,0,0,0,0,0,0,0,0,1,0
539016,0,0,0,0,0,0,0,0,1,0
539017,0,,0,0,0,0,0,0,1,0
539018,0,0,0,0,0,0,0,0,1,0
539019,0,1,0,0,0,0,1,0,1,1
539020,0,0,0,0,0,0,0,0,1,0
540001,0,0,0,0,0,0,0,0,1,0
540002,0,1,0,0,0,0,0,0,1,0
540003,0,0,0,0,0,0,0,0,1,0
540004,0,0,0,0,0,0,0,0,1,0
540005,0,0,0,0,0,0,0,0,1,0
540006,0,0,0,1,0,0,1,0,1,0
540007,0,0,0,0,0,0,0,0,0,0
540008,0,0,0,0,0,0,0,0,0,0
540009,0,0,0,0,0,0,0,0,1,0
540010,0,0,0,0,0,0,1,1,1,0
540011,0,0,0,1,0,0,0,0,1,0
540012,0,0,0,0,0,0,0,0,1,0
540013,0,0,0,0,0,0,0,0,1,0
540014,0,0,0,0,0,0,0,0,1,0
540015,0,0,0,0,0,0,0,0,1,0
540016,0,0,0,0,0,0,0,0,1,0
540017,0,0,0,0,0,0,0,0,1,0
540018,0,0,0,0,0,0,0,0,0,0
540019,0,0,0,0,0,0,0,0,1,0
540020,0,0,0,0,0,0,1,0,1,0
541002,0,0,0,0,0,0,0,0,1,0
541003,0,0,0,0,0,0,0,0,1,0
541004,0,0,0,0,0,0,0,0,1,0
541005,0,0,0,0,0,0,0,0,1,0
541006,0,0,0,0,0,0,0,0,0,0
541007,0,0,0,0,0,0,0,0,1,0
541008,0,0,0,0,0,0,0,0,1,0
541009,0,0,0,0,0,0,0,0,1,0
541010,0,0,0,0,0,0,0,0,0,0
541011,0,0,0,0,0,0,0,0,1,0
541012,0,0,0,0,0,0,0,0,1,0
541013,0,0,0,0,0,0,0,0,1,0
541014,0,0,0,0,0,0,0,0,1,0
541015,0,1,0,0,0,0,0,0,1,0
541016,0,1,0,0,0,0,0,0,1,0
541017,0,0,0,1,0,0,0,1,1,0
541018,0,1,0,0,0,0,0,0,1,0
541019,0,0,0,0,0,0,0,0,1,0
541020,0,0,0,0,0,0,0,0,1,0
542001,0,0,0,0,0,0,1,0,1,0
542002,0,0,0,0,0,0,0,0,1,0
542003,0,0,0,0,0,0,0,0,1,0
542004,0,0,0,0,0,0,0,0,1,0
542005,0,0,0,0,0,0,0,0,1,0
542006,0,0,0,0,0,0,0,0,1,0
542007,0,0,0,0,0,0,0,0,1,0
542008,0,0,0,0,0,0,0,0,1,0
542009,1,0,0,1,0,0,0,0,1,0
542010,0,0,0,0,0,0,0,0,1,0
542011,0,1,0,0,0,0,0,0,1,0
542012,0,0,0,0,0,0,0,0,1,0
542013,0,1,0,0,0,0,0,0,1,0
542014,0,0,0,0,0,0,0,0,1,0
542015,0,0,0,0,0,0,0,0,1,0
542016,0,0,0,0,0,0,0,1,1,0
542017,0,0,0,0,0,0,0,0,1,0
542018,0,0,0,0,0,0,0,0,1,0
542019,0,0,0,0,0,0,0,0,1,0
542020,0,0,0,0,0,0,0,0,1,0
543001,0,0,0,0,0,0,0,0,1,0
543002,0,0,0,0,0,0,0,0,1,0
543003,0,0,0,0,0,0,0,0,1,0
543004,0,1,0,0,0,0,0,0,1,0
543005,0,1,0,0,0,0,0,0,1,0
543006,0,0,0,0,0,0,0,0,1,0
543007,0,0,0,0,0,0,0,0,1,0
543008,0,0,0,0,0,0,0,0,1,0
543009,0,1,0,0,0,0,0,0,1,0
543010,0,0,1,1,0,0,0,0,1,0
543011,0,0,0,0,0,0,0,0,1,0
543012,0,1,0,0,0,0,0,0,1,0
543013,0,0,0,0,0,0,0,0,1,0
543014,0,0,0,0,0,0,0,0,1,0
543015,0,1,0,0,0,0,0,0,1,0
543016,0,0,0,0,0,0,0,0,1,0
543017,0,0,0,0,0,0,0,0,1,0
543018,0,1,0,0,0,0,0,0,1,0
543019,0,0,0,0,0,0,0,0,1,0
543020,0,0,0,0,0,0,0,0,1,0
544001,0,1,0,0,0,0,0,0,1,0
544002,0,1,0,1,0,0,0,0,1,0
544003,0,0,0,0,0,0,0,0,1,0
544004,0,0,0,0,0,0,0,0,1,0
544005,0,0,0,0,0,0,0,0,1,0
544006,0,0,0,0,0,0,0,0,1,0
544007,0,0,1,0,0,0,0,0,1,0
544008,0,0,0,0,0,0,0,0,1,0
544009,0,0,0,0,0,0,0,1,1,0
544010,0,0,0,0,0,0,0,0,1,0
544011,0,0,0,0,0,0,0,0,1,0
544012,0,0,0,0,0,0,0,0,1,0
544013,0,1,0,0,0,0,0,0,1,0
544014,0,0,0,0,0,0,0,0,1,0
544015,0,0,0,0,0,0,0,0,1,0
544016,0,0,0,0,0,0,0,0,1,0
544017,0,1,0,0,0,0,0,0,1,0
544018,0,0,0,0,0,0,0,0,1,0
544019,0,0,0,0,0,0,0,0,1,0
545001,0,0,0,0,1,1,1,1,1,0
545002,0,1,0,0,0,0,1,1,1,0
545003,0,1,0,0,0,1,1,0,1,0
545004,0,0,0,0,1,1,1,1,1,0
545005,0,0,0,1,0,1,1,1,1,0
545006,0,0,0,0,0,1,1,1,1,0
545007,0,0,0,0,1,1,1,1,1,0
545008,0,1,0,0,0,1,1,1,1,0
545009,0,0,1,0,0,0,1,1,1,0
545010,0,1,0,1,1,0,1,1,1,1
545011,0,1,1,0,0,0,1,1,1,0
545012,0,0,0,1,0,0,1,1,1,0
545013,0,0,0,0,0,0,1,1,1,0
545014,1,0,0,0,0,1,1,1,1,0
545015,0,1,0,0,0,0,1,1,1,0
545016,1,0,0,0,0,0,0,0,1,0
545017,0,1,0,0,0,0,1,1,1,0
545018,0,1,0,0,0,0,1,1,1,0
545019,0,0,0,0,0,0,1,1,1,0
545020,0,0,0,0,0,0,0,0,1,0
546001,0,0,0,0,0,0,0,0,1,0
546002,0,1,0,0,0,0,0,0,1,0
546003,0,0,0,0,0,0,0,0,0,0
546004,0,1,0,0,0,0,0,0,1,0
546005,0,0,0,0,0,0,0,0,1,0
546006,0,0,0,0,0,0,0,0,1,0
546007,0,1,0,0,0,0,0,0,1,0
546008,0,0,0,1,0,0,0,0,1,0
546009,0,0,0,1,0,0,0,0,1,0
546010,0,0,0,0,0,0,0,0,1,0
546011,0,0,0,0,0,0,0,0,1,0
546012,0,0,0,0,0,0,0,0,1,0
546013,0,1,0,1,0,0,0,0,1,0
546014,0,1,0,0,0,0,0,0,1,0
546015,0,1,0,0,0,0,0,0,1,0
546016,0,1,0,0,0,0,0,0,1,0
546017,0,0,0,1,0,0,0,0,1,0
546018,0,0,0,0,0,0,0,0,1,0
546019,0,0,0,0,0,0,0,0,1,0
546020,0,0,0,0,0,0,0,0,1,0
547001,0,1,0,0,0,0,0,0,1,0
547002,0,0,0,0,0,0,0,0,1,0
547003,0,0,0,0,0,0,0,0,1,0
547004,0,0,0,1,0,0,0,0,1,0
547005,0,0,0,0,0,0,0,0,1,0
547006,0,0,0,0,0,0,0,0,1,0
547007,0,0,0,0,0,0,0,0,1,0
547008,0,0,0,0,0,0,0,0,1,0
547009,0,0,0,0,0,0,0,0,1,0
547010,0,0,0,1,0,0,0,0,1,0
547011,0,0,0,0,0,0,0,0,1,0
547012,0,0,0,0,0,0,0,0,1,0
547013,1,1,1,1,0,0,0,0,1,1
547014,0,0,0,0,0,0,0,0,1,0
547015,0,0,1,0,0,0,0,0,1,0
547016,0,0,0,0,0,0,0,0,1,0
547017,1,1,0,1,0,0,0,0,1,0
547018,0,0,1,0,0,0,0,0,1,0
547019,0,1,0,0,0,0,0,1,1,0
547020,0,0,0,0,0,0,0,0,1,0
548001,0,0,0,0,0,0,0,1,1,0
548002,1,1,0,1,1,0,0,1,1,1
548003,1,0,0,0,0,0,0,1,1,0
548004,0,0,1,0,0,0,0,1,1,0
548005,0,0,0,0,0,0,0,1,1,0
548006,0,0,0,0,0,0,0,1,1,0
548007,0,0,0,0,0,0,0,1,1,0
548008,0,0,0,0,0,0,0,1,1,0
548009,1,1,1,0,0,0,1,1,1,0
548010,1,1,0,0,0,0,0,1,1,1
548011,0,0,1,1,0,0,0,1,1,0
548012,0,0,0,0,0,0,0,0,1,0
548013,0,0,1,1,1,0,0,1,1,0
548014,0,1,1,0,0,0,0,1,1,0
548015,0,1,0,0,1,0,0,1,1,0
548016,0,1,0,0,0,0,0,1,1,0
548017,0,1,0,0,0,0,0,1,1,0
548018,0,1,1,0,0,0,0,1,1,0
548019,0,0,1,0,0,0,0,1,1,0
548020,0,1,0,0,0,0,0,1,1,0
549001,0,0,0,0,0,0,0,1,1,0
549002,1,1,0,0,0,0,0,1,1,0
549003,0,1,0,0,0,0,0,1,1,0
549004,1,1,1,0,0,0,0,1,1,0
549005,0,1,0,0,0,0,0,1,1,0
549006,0,1,0,0,0,0,0,1,1,0
549007,0,1,0,0,0,0,0,1,1,1
549008,0,0,0,0,0,0,0,1,1,0
549009,0,1,0,0,0,0,0,1,1,0
549010,0,1,0,0,0,0,0,1,1,0
549011,0,1,0,0,0,0,0,1,1,0
549012,0,1,0,0,0,0,0,1,1,0
549013,0,1,0,0,0,0,0,1,1,0
549014,0,1,0,0,0,0,0,1,1,0
549015,0,0,0,0,0,0,0,1,1,0
549016,0,0,0,0,0,0,0,1,1,0
549017,0,1,1,1,0,0,0,1,1,1
549018,0,1,1,0,0,0,0,1,1,1
549019,0,0,0,0,0,0,1,1,1,0
549020,0,0,0,0,0,0,0,1,1,0
550001,0,0,0,0,0,1,0,0,1,0
550002,1,0,0,1,0,0,0,0,1,0
550003,0,0,0,0,0,0,0,0,1,0
550004,0,0,0,0,0,0,0,0,1,0
550005,0,0,0,0,0,0,0,0,1,0
550006,0,0,0,0,0,0,0,0,1,0
550007,0,0,0,1,0,0,0,0,1,0
550008,0,1,0,0,0,0,0,0,1,0
550009,0,0,0,0,0,0,0,0,1,0
550010,0,0,0,0,0,0,0,1,1,0
550011,0,0,0,1,0,0,0,0,1,1
550012,0,1,0,0,0,0,0,0,1,0
550013,0,0,0,0,0,0,0,0,1,0
550014,0,0,0,0,0,0,0,0,1,0
550015,0,0,0,0,0,0,0,0,1,0
550016,0,0,0,0,0,0,0,0,1,0
550017,0,0,0,0,0,0,0,0,1,0
550018,0,1,0,0,0,1,0,1,1,0
550019,0,0,0,0,0,0,0,0,1,0
550020,0,0,1,0,1,1,0,1,1,0
551001,0,0,0,0,0,0,0,0,1,0
551002,0,0,0,0,0,0,1,0,1,0
551003,0,0,0,0,0,0,0,0,1,0
551004,0,0,0,0,0,0,0,0,1,0
551005,0,1,0,0,0,0,0,0,1,0
551006,0,0,0,0,0,0,0,0,1,0
551007,0,0,0,0,0,0,0,0,1,0
551008,0,0,0,0,0,0,0,0,1,0
551009,0,0,0,0,0,0,0,0,1,0
551010,0,0,0,0,0,0,0,0,1,0
551011,0,0,0,0,0,0,0,0,1,0
551012,0,0,0,0,0,0,0,0,1,0
551013,0,0,0,0,0,0,0,0,1,0
551014,0,0,0,0,0,0,0,0,1,0
551015,0,0,0,0,0,0,0,0,1,0
551016,0,0,0,1,0,0,0,0,1,0
551017,0,0,0,0,0,0,0,0,1,0
551018,0,0,0,0,0,0,0,0,1,0
551019,0,,0,0,0,0,0,0,1,0
551020,0,0,0,0,0,0,0,0,1,0
552001,0,0,0,0,0,0,0,0,1,0
552002,0,0,0,0,0,0,0,0,1,0
552003,0,0,0,0,0,0,0,0,1,0
552004,0,0,0,0,0,0,0,0,1,0
552005,0,0,0,0,0,0,0,0,1,0
552006,0,0,0,0,0,0,0,0,0,0
552007,0,0,0,0,0,0,0,0,1,0
552008,0,1,0,0,0,0,0,0,1,0
552009,0,0,0,0,0,0,0,0,1,0
552010,0,1,0,0,0,0,0,0,1,0
552011,0,0,0,1,0,0,0,0,1,0
552012,0,0,0,0,0,0,0,0,1,0
552013,0,0,0,0,0,0,0,0,1,0
552014,0,0,0,0,0,0,0,0,1,0
552015,0,0,0,0,0,0,0,0,1,0
552016,0,1,0,0,0,0,0,0,1,0
552017,0,0,0,0,0,0,0,0,1,0
552018,0,0,0,0,0,0,0,0,1,0
552019,0,0,0,0,0,0,0,0,1,0
552020,0,0,0,0,0,0,0,0,1,0
553001,1,0,0,0,0,0,1,1,1,0
553002,0,0,1,0,0,0,1,0,1,0
553003,0,0,1,0,1,0,1,1,1,1
553004,0,0,0,0,0,0,1,0,1,0
553005,0,0,0,0,1,1,1,1,1,0
553006,0,0,1,0,0,0,1,0,1,0
553007,0,0,0,1,1,1,1,0,1,1
553008,0,0,1,1,1,1,1,1,1,1
553009,1,0,0,0,1,0,1,1,1,0
553010,0,0,0,0,1,1,1,0,1,0
553011,0,0,1,1,1,1,1,1,1,1
553012,0,0,1,0,1,1,1,0,1,1
553013,0,0,0,1,1,1,1,0,1,0
553014,0,0,0,0,1,1,1,0,1,0
553015,0,0,1,0,0,1,1,0,1,0
553016,0,1,0,1,1,1,1,1,1,0
553017,0,1,1,1,1,0,1,0,1,0
553018,0,1,0,0,0,1,1,0,1,1
553019,0,1,0,1,1,0,1,0,1,0
553020,1,0,0,1,1,1,1,0,1,1
554001,0,0,0,0,0,0,0,0,1,0
554003,0,1,0,0,0,0,0,0,1,0
554004,0,1,0,0,0,1,0,1,1,0
554005,0,0,0,0,0,0,0,0,0,0
554006,0,1,0,0,0,0,0,0,1,0
554007,0,1,0,0,0,0,0,0,1,0
554008,0,0,0,0,0,0,0,0,1,0
554009,0,0,0,0,0,0,0,0,0,0
554010,0,0,0,0,0,0,0,0,1,0
554012,0,0,0,0,0,0,0,0,1,0
554013,0,0,0,0,0,0,0,0,1,0
554014,0,1,0,0,0,0,0,0,1,0
554015,0,0,0,0,0,0,0,0,1,0
554016,0,0,0,0,0,0,0,0,1,0
554017,0,0,0,0,0,0,0,0,1,0
554019,0,1,0,0,0,0,0,1,1,0
554020,0,0,1,0,0,1,1,0,1,0
555001,0,1,0,0,0,0,1,0,1,0
555002,0,1,0,0,0,0,0,0,1,0
555003,0,1,0,0,0,0,0,0,1,0
555004,0,0,0,0,0,0,1,1,1,0
555005,0,0,0,0,0,0,1,0,0,0
555006,0,0,0,0,0,0,0,0,1,0
555007,0,0,0,0,0,0,0,0,1,0
555008,0,0,0,0,0,0,0,0,1,0
555009,0,1,0,0,0,0,0,1,1,0
555010,0,0,0,0,0,0,0,0,1,0
555011,0,0,0,0,0,0,0,1,1,0
555012,0,1,0,1,0,0,1,1,1,0
555013,0,1,0,0,0,0,1,0,1,0
555014,0,1,0,0,0,0,1,0,1,0
555015,0,0,0,0,0,0,0,1,1,0
555016,0,0,0,0,0,0,0,0,1,0
555017,0,1,0,0,0,0,1,1,1,0
555018,0,1,0,0,0,0,0,0,1,0
555019,0,0,0,0,0,0,0,0,1,0
555020,0,1,1,0,0,0,0,0,0,0
556001,0,1,0,0,0,0,1,1,1,1
556002,0,1,1,0,0,0,1,1,1,0
556003,1,1,0,0,1,0,1,1,1,0
556004,0,0,0,1,0,0,0,1,1,0
556005,0,0,0,0,0,0,1,1,1,0
556006,0,0,0,0,0,0,1,1,1,0
556007,0,0,0,0,0,0,1,1,1,0
556008,0,1,0,0,0,0,1,1,1,0
556009,0,1,0,0,0,0,0,0,1,0
556010,0,0,0,0,0,0,0,0,1,0
556011,0,0,0,0,0,0,1,1,1,0
556012,0,0,0,0,0,0,1,1,1,0
556013,0,0,0,1,0,0,1,1,1,1
556014,1,0,0,1,1,0,0,1,1,0
556015,0,0,0,0,0,0,1,0,1,0
556016,0,,0,1,0,0,1,1,1,0
556017,0,1,0,0,0,0,0,1,1,0
556018,0,1,0,0,0,0,0,1,1,0
556019,0,0,0,1,0,0,1,1,1,0
556020,0,0,0,0,0,0,1,1,1,0
557001,0,0,0,0,0,0,0,0,1,0
557002,0,0,0,0,0,0,0,0,1,0
557003,0,0,0,0,0,0,0,0,0,0
557004,0,0,0,0,0,0,0,1,1,0
557005,0,0,0,0,0,0,0,0,1,0
557006,0,0,0,0,0,0,0,0,1,0
557007,0,0,0,0,0,0,0,0,1,0
557008,0,0,0,1,0,0,0,0,1,0
557009,0,0,0,0,0,0,0,0,0,0
557010,0,0,0,0,0,0,0,0,1,0
557011,0,1,0,0,0,0,0,0,1,0
557012,0,0,0,0,0,0,0,0,1,0
557013,0,0,0,0,0,0,0,0,1,0
557014,0,0,0,0,0,0,0,0,1,0
557015,0,0,0,0,0,0,0,0,1,0
557016,0,0,0,1,0,0,0,0,1,0
557017,0,1,0,0,0,0,0,0,1,0
557018,0,0,0,0,0,0,0,0,1,0
557019,0,0,0,0,0,0,0,0,1,0
557020,0,0,0,0,0,0,0,0,1,0
558001,0,0,0,0,0,0,0,0,1,0
558002,0,0,0,0,0,0,1,0,1,0
558003,0,1,0,0,0,0,1,0,1,0
558004,0,1,0,0,0,0,0,0,1,0
558005,0,0,0,0,0,0,0,0,1,0
558006,0,1,0,0,0,1,1,1,1,0
558007,0,0,0,0,0,0,1,0,1,0
558008,0,0,0,0,0,0,0,0,1,0
558009,0,0,0,0,0,0,0,0,1,0
558010,0,1,0,0,0,0,0,1,1,0
558011,0,0,0,0,0,0,0,1,1,0
558012,0,1,0,1,0,0,1,1,1,1
558013,0,1,0,0,0,0,0,0,1,0
558014,0,1,0,1,0,0,0,0,1,0
558015,0,1,0,0,0,0,1,1,1,1
558016,0,1,0,0,0,0,0,0,1,0
558017,0,1,0,0,0,0,1,0,1,0
558018,0,0,0,0,0,0,1,1,1,0
558019,0,1,0,0,0,0,0,0,1,0
558020,0,0,0,0,0,0,0,0,1,0
559001,0,0,0,0,0,1,1,0,1,0
559002,0,0,0,0,0,0,0,1,1,0
559003,0,1,0,0,0,0,0,0,1,0
559004,0,1,0,0,0,0,0,0,1,0
559005,0,0,0,0,0,0,1,0,1,0
559006,1,1,0,0,0,0,0,0,1,0
559007,0,1,0,0,0,0,1,1,1,0
559008,0,1,0,0,0,0,0,0,1,0
559009,0,0,0,0,0,0,0,0,1,0
559010,0,1,0,0,0,0,1,0,1,0
559011,0,1,0,0,0,0,0,0,1,0
559012,0,0,0,0,0,0,0,0,1,0
559013,0,0,0,0,0,1,0,0,1,0
559014,0,0,0,0,0,0,1,1,1,1
559015,0,0,1,0,0,0,1,1,1,1
559016,0,0,0,0,0,0,1,1,1,0
559017,0,0,0,1,0,0,1,1,1,0
559018,0,1,0,0,0,0,0,0,1,0
559019,0,1,0,0,0,0,0,0,1,0
559020,0,0,0,0,0,0,0,0,1,0
560001,0,0,0,0,0,0,0,0,1,0
560002,0,0,0,0,0,0,0,0,1,0
560003,0,0,0,0,0,0,0,0,1,0
560004,0,1,0,0,0,0,0,0,1,0
560005,0,0,0,0,0,0,0,1,1,0
560006,0,0,0,1,0,0,0,0,1,0
560007,0,0,0,0,0,0,0,1,1,0
560008,0,0,0,0,0,0,0,0,1,0
560009,0,0,0,0,0,0,0,0,1,0
560010,0,0,0,0,0,0,0,1,1,0
560011,0,0,0,0,0,0,0,0,1,0
560012,0,1,0,0,0,0,0,1,1,0
560013,0,1,0,0,0,0,0,0,1,0
560014,0,1,0,0,0,0,0,0,1,0
560015,0,0,0,0,0,0,0,0,1,0
560016,0,0,0,0,0,0,0,0,1,0
560017,0,0,0,0,0,0,0,0,1,0
560018,0,1,0,0,0,0,1,0,1,0
560019,0,1,0,0,0,0,0,0,1,0
560020,0,0,0,0,0,0,1,1,1,0
561001,0,0,0,0,0,0,0,0,1,0
561002,0,0,0,0,0,0,0,0,1,0
561003,0,0,0,0,0,0,0,0,1,0
561004,0,0,0,1,0,0,0,0,1,0
561005,0,0,0,1,0,0,0,0,1,0
561006,0,0,0,0,0,0,0,0,1,0
561007,0,1,0,0,0,0,0,0,1,0
561008,0,0,0,0,0,0,0,0,1,0
561009,0,0,0,0,0,0,0,0,1,0
561010,0,0,0,0,1,0,0,0,1,0
561011,0,1,0,0,1,0,1,0,1,1
561012,0,1,0,0,1,0,1,1,1,1
561013,0,1,0,0,0,1,0,0,1,0
561014,0,1,0,0,0,0,0,0,1,0
561015,0,0,0,0,0,0,0,0,1,0
561016,0,0,0,0,0,0,0,0,1,0
561017,0,0,0,0,0,0,0,0,1,0
561018,0,0,0,0,0,0,0,0,1,0
561019,0,0,0,0,0,0,0,0,1,0
561020,0,1,0,0,0,0,0,0,1,0
562001,0,1,0,0,0,0,0,1,1,0
562002,0,0,0,0,0,0,0,0,1,0
562003,0,1,0,0,0,0,0,1,1,0
562004,0,0,0,0,0,0,0,0,1,0
562005,0,1,0,0,0,0,0,0,0,0
562006,0,0,0,0,0,0,1,0,1,0
562007,0,0,0,0,0,0,1,0,1,0
562008,0,0,0,1,0,0,0,1,1,0
562009,0,1,0,1,0,0,1,1,1,1
562010,0,0,0,0,0,0,1,0,1,1
562011,0,0,0,0,0,0,0,0,1,0
562012,0,1,0,0,0,0,0,0,1,0
562013,0,1,0,0,0,0,0,0,1,0
562014,0,0,0,1,0,0,0,0,1,0
562015,0,0,0,0,0,0,0,0,1,0
562016,0,1,0,0,0,0,0,0,1,0
562017,0,0,0,0,0,0,0,0,1,0
562018,0,0,0,0,0,0,0,0,1,0
562019,0,0,0,0,0,0,0,0,1,0
562020,0,0,0,0,0,0,0,0,1,0
563001,0,1,0,0,1,1,1,1,1,0
563002,0,0,1,0,0,1,1,0,1,0
563003,0,1,0,0,1,1,1,1,1,0
563004,0,0,0,1,1,1,1,1,1,1
563005,0,1,0,0,0,1,0,0,1,0
563006,0,0,0,0,0,1,0,0,1,0
563007,0,1,0,0,0,0,0,1,1,0
563008,0,0,0,0,0,1,0,0,1,0
563009,0,0,1,0,0,1,1,1,1,0
563010,0,0,0,0,0,0,1,1,1,0
563011,0,0,0,0,0,0,1,0,1,0
563012,1,1,0,0,1,0,1,1,1,1
563013,0,0,0,1,0,0,0,0,1,0
563014,0,0,0,0,0,0,1,0,1,0
563015,0,0,1,0,1,0,1,1,1,0
563016,0,0,0,1,0,0,1,1,1,0
563017,0,1,0,1,0,1,1,0,1,0
563018,0,0,0,1,0,0,1,1,1,0
563019,0,1,1,0,0,1,1,1,1,0
563020,0,1,0,1,1,1,1,1,1,1
564001,0,0,0,0,0,0,1,1,1,0
564002,0,0,0,0,0,0,0,1,1,0
564003,0,0,0,0,0,0,0,1,1,0
564004,0,0,0,0,0,0,0,0,1,0
564005,0,0,0,0,0,0,0,0,1,0
564006,0,0,0,0,0,0,0,0,1,0
564007,0,0,0,0,0,0,0,1,1,0
564008,0,0,0,0,0,0,1,0,1,0
564009,0,0,0,0,0,0,0,0,1,0
564010,0,0,0,0,0,0,1,0,1,0
564011,0,0,0,0,1,0,1,1,1,0
564012,0,1,0,0,0,0,0,0,1,0
564013,0,0,0,0,0,0,0,0,1,0
564014,0,1,0,0,0,0,1,1,1,0
564015,0,0,0,1,0,0,0,1,1,0
564016,0,0,1,0,0,0,1,1,1,0
564017,0,0,0,0,0,0,0,1,1,0
564018,0,0,0,0,0,0,0,0,1,0
564019,0,0,0,0,0,0,0,0,1,0
564020,0,1,0,0,0,0,0,1,1,0
565001,0,0,0,0,0,0,0,0,1,0
565002,0,0,0,0,0,0,0,0,1,0
565003,0,0,0,1,0,0,0,0,1,0
565004,0,1,0,0,0,0,0,0,1,0
565005,0,0,0,1,0,0,0,0,1,0
565006,0,0,0,0,0,0,0,0,1,0
565007,0,0,0,0,0,0,0,0,1,0
565008,0,0,0,0,0,0,0,0,1,0
565009,0,0,0,0,0,0,0,0,1,0
565010,0,1,0,0,0,0,0,0,1,0
565011,0,0,0,0,1,0,0,0,1,0
565012,0,0,0,1,0,0,0,0,1,0
565013,0,0,0,0,0,0,0,1,1,0
565014,0,0,0,0,0,0,0,0,1,0
565015,0,0,0,1,0,0,0,0,1,0
565016,0,0,0,0,0,0,0,0,1,0
565017,0,1,0,0,0,0,0,0,1,0
565018,0,0,0,0,0,0,0,0,1,0
565019,0,0,0,0,0,0,0,0,1,0
565020,0,1,0,0,0,0,0,0,1,0
566001,0,0,0,0,0,0,0,0,1,0
566002,0,0,0,0,0,0,0,0,1,0
566003,0,0,0,0,0,0,0,0,1,0
566004,0,0,0,0,0,0,0,0,1,0
566005,0,1,0,0,0,0,0,0,1,0
566006,1,,0,0,0,0,0,0,1,0
566007,0,0,0,1,0,0,0,0,1,1
566008,0,0,0,0,0,0,1,1,1,0
566009,0,0,1,1,0,0,1,0,1,0
566010,0,1,0,1,0,0,0,0,1,0
566011,0,0,1,1,1,0,1,1,1,1
566012,1,0,1,1,0,0,0,0,1,0
566013,0,1,0,1,0,0,1,1,1,0
566014,0,1,0,1,0,0,1,0,1,0
566015,0,0,1,0,0,0,1,1,1,0
566016,0,0,1,0,0,0,0,1,1,0
566017,0,0,0,1,0,0,0,0,1,0
566018,0,0,0,0,0,0,1,1,1,1
566019,0,0,0,1,0,0,0,0,1,0
566020,0,1,0,0,0,0,0,0,1,0
567001,0,0,0,0,0,0,0,1,1,0
567002,0,0,0,0,0,0,0,0,1,0
567003,0,1,0,0,0,0,0,0,1,0
567004,0,0,0,0,0,0,0,0,1,0
567005,0,0,0,0,0,0,0,0,1,0
567006,0,0,0,0,0,0,0,0,1,0
567007,0,0,0,0,0,0,0,0,1,0
567008,0,0,0,0,0,0,0,0,1,0
567009,0,1,0,0,0,0,0,0,1,0
567010,0,0,0,0,0,0,0,0,1,0
567011,0,0,0,0,0,0,0,0,1,0
567012,0,0,0,0,0,0,0,0,1,0
567013,0,1,0,0,0,0,0,0,1,0
567014,0,0,0,0,0,0,0,0,1,0
567015,0,0,0,0,0,0,0,0,1,0
567016,0,0,0,0,0,0,0,0,1,0
567017,0,0,0,0,0,0,0,0,1,0
567018,0,0,0,0,0,0,0,0,1,0
567019,0,1,0,0,0,0,0,0,1,0
567020,0,0,0,0,0,0,0,0,1,0
568001,0,1,0,0,0,0,0,1,1,0
568002,0,0,0,1,0,0,1,1,1,1
568003,0,1,0,0,1,0,0,1,1,0
568004,0,1,0,0,0,0,0,1,1,0
568005,0,0,0,0,0,0,0,0,1,0
568006,0,0,1,1,0,0,1,1,1,0
568007,0,1,0,0,1,0,1,1,1,0
568008,0,1,1,1,0,0,1,1,1,0
568009,0,1,0,1,0,0,1,1,1,0
568010,0,1,0,0,0,0,0,1,1,0
568011,0,0,0,0,0,0,0,0,1,0
568012,0,1,0,1,1,0,1,1,1,1
568013,0,1,0,1,0,0,1,1,1,1
568014,0,0,0,0,1,0,0,1,1,0
568015,1,1,0,0,0,0,0,1,1,0
568016,0,1,1,0,0,0,0,1,1,0
568017,0,0,0,1,1,0,1,1,1,1
568018,0,1,0,0,0,0,0,0,1,0
568019,0,1,0,1,0,0,1,1,1,0
568020,0,0,0,1,0,0,1,0,1,0
569001,0,0,0,0,0,0,0,0,1,0
569002,0,1,0,0,0,0,0,0,1,0
569003,0,0,0,0,0,0,0,0,1,0
569004,0,0,0,0,0,0,0,0,1,0
569005,0,0,0,0,0,0,0,0,1,0
569006,0,1,0,0,0,0,0,0,1,0
569007,0,1,0,0,0,0,0,0,1,0
569008,0,0,0,0,0,0,0,0,1,0
569009,0,1,0,0,0,0,0,0,1,0
569010,0,0,0,0,0,0,0,0,1,0
569011,0,0,0,1,0,0,0,0,1,0
569012,0,0,0,0,0,0,0,0,1,0
569013,0,1,0,0,0,0,0,0,1,0
569014,0,0,0,1,0,0,0,0,1,0
569015,0,0,0,0,0,0,0,0,1,0
569016,0,0,1,0,0,0,0,0,1,0
569017,0,1,0,0,0,0,0,0,1,0
569018,0,0,0,0,0,0,0,0,1,0
569019,0,1,0,0,0,0,0,0,1,0
569020,0,1,0,0,0,0,0,0,1,0
570001,0,1,0,0,0,1,1,1,1,0
570002,0,1,0,0,0,1,0,1,1,0
570003,0,1,0,0,0,0,0,0,1,0
570004,0,0,0,1,0,1,0,0,1,0
570005,0,0,0,0,0,0,0,0,1,0
570006,0,1,0,0,0,0,0,0,1,0
570007,0,0,0,0,0,0,0,0,1,0
570008,0,0,0,0,0,0,0,0,1,0
570009,0,0,0,0,0,0,0,0,1,0
570010,0,0,0,0,0,0,0,0,1,0
570011,0,0,0,0,0,1,0,0,1,0
570012,0,0,0,0,0,0,0,0,1,0
570013,0,0,0,0,0,0,0,0,1,0
570014,0,0,0,0,0,0,0,0,1,0
570015,0,0,0,0,0,1,0,0,1,0
570016,0,0,0,0,0,0,0,0,1,0
570017,1,0,0,0,0,1,0,0,1,0
570018,0,0,0,0,0,1,0,0,1,0
570019,0,0,0,0,0,0,0,0,1,0
570020,0,0,0,0,0,1,0,0,1,0
571001,0,1,0,0,0,0,0,1,1,0
571002,0,1,0,0,0,0,0,0,1,0
571003,0,0,0,0,0,0,1,0,1,0
571004,0,0,0,0,0,0,0,0,1,0
571005,0,0,0,0,0,0,0,0,1,0
571006,0,0,0,0,0,0,0,0,1,0
571007,0,1,0,1,0,0,0,0,1,1
571008,0,0,0,0,0,0,0,0,1,0
571009,0,0,0,0,0,0,0,0,1,0
571010,0,0,0,0,0,0,0,0,1,0
571011,0,1,0,1,0,0,0,0,1,0
571012,0,0,0,0,0,0,0,0,1,0
571013,0,0,0,0,0,0,0,0,1,0
571014,0,0,0,0,0,0,0,0,1,0
571015,1,1,0,1,0,0,0,0,1,0
571016,0,1,0,0,0,0,0,0,1,0
571017,0,0,0,0,0,0,0,0,1,0
571018,0,1,0,1,0,0,0,0,1,0
571019,1,1,0,0,0,0,0,0,1,0
571020,0,1,0,1,0,0,0,1,1,1
572001,0,0,0,0,0,0,0,1,1,0
572002,0,1,0,0,0,0,0,0,1,0
572003,0,1,0,0,0,0,0,0,1,0
572004,0,0,0,0,0,0,0,0,1,0
572005,0,0,1,1,0,0,0,0,1,0
572006,0,0,0,0,0,0,0,0,1,0
572007,0,0,1,0,0,0,0,0,1,0
572008,0,0,0,1,0,0,0,0,1,0
572009,0,0,0,1,0,0,0,0,1,0
572010,0,1,0,1,0,0,0,0,1,0
572011,0,1,0,0,0,0,0,0,1,0
572012,0,0,0,0,0,0,0,0,1,0
572013,0,0,0,0,0,0,0,0,1,0
572014,0,0,0,0,0,0,0,0,1,0
572015,0,0,0,0,0,0,0,0,1,0
572016,0,0,0,1,0,0,0,0,1,0
572017,0,0,0,1,0,0,0,0,1,0
572018,0,1,0,0,0,0,0,0,1,0
572019,0,0,0,0,0,0,0,1,1,0
572020,0,0,0,0,0,0,0,0,1,0
573001,0,0,0,0,0,0,0,0,1,0
573002,0,1,0,0,0,0,0,0,1,0
573003,0,0,0,0,0,0,0,0,1,0
573004,0,1,0,0,0,0,0,0,1,0
573005,0,0,0,0,0,0,0,0,1,0
573006,0,1,0,0,0,0,0,0,1,0
573007,0,0,0,0,0,1,0,0,1,0
573008,0,0,0,0,0,1,0,0,1,0
573009,0,0,0,0,0,0,0,0,1,0
573010,0,0,0,0,0,0,0,0,1,0
573011,0,0,0,0,0,0,0,0,1,0
573012,0,1,0,0,0,0,0,0,1,0
573013,0,0,0,0,0,0,0,0,1,0
573014,0,0,0,0,0,0,0,0,1,0
573015,0,0,0,0,0,0,0,0,1,0
573016,0,0,0,0,0,0,0,0,1,0
573017,0,0,0,0,0,0,0,0,1,0
573018,0,0,0,0,0,0,0,0,1,0
573019,0,0,0,0,0,0,0,0,1,0
573020,0,0,0,0,0,0,0,0,1,0
574001,0,0,0,0,0,0,0,0,1,0
574002,0,0,0,0,0,0,0,0,1,0
574003,0,0,0,0,0,0,0,0,1,0
574004,0,1,0,0,0,0,0,0,1,0
574005,0,0,0,0,0,0,0,0,1,0
574006,0,0,0,0,0,0,0,0,1,0
574007,0,0,0,0,0,0,0,0,1,0
574008,0,0,0,0,0,0,0,0,1,0
574009,0,0,0,1,0,0,0,0,1,0
574010,0,0,0,0,0,0,0,0,1,0
574011,0,1,0,0,0,1,0,0,1,0
574012,0,0,0,0,0,0,0,0,1,0
574013,0,0,0,0,0,0,0,0,1,0
574014,0,0,0,0,0,0,0,0,1,0
574015,0,0,0,0,0,0,0,0,1,0
574016,0,0,0,0,0,0,0,0,1,0
574017,0,0,0,0,0,0,0,0,1,0
574018,0,0,0,0,0,0,0,0,1,0
574019,0,0,0,0,0,0,0,0,1,0
574020,0,0,0,0,0,0,0,0,1,0
575001,0,1,0,0,0,0,0,1,1,0
575002,0,1,0,1,0,0,0,0,1,0
575003,0,0,1,1,0,0,0,1,1,0
575004,0,1,0,0,0,0,0,0,1,0
575005,0,0,0,1,0,0,1,1,1,1
575006,1,0,1,0,0,0,0,1,1,0
575007,0,0,0,1,0,0,0,1,1,0
575008,0,1,0,0,0,0,0,0,1,0
575009,0,1,0,0,0,0,0,0,1,0
575010,0,1,0,1,0,0,0,0,1,0
575011,0,0,0,0,0,0,0,0,1,0
575012,0,0,0,0,0,0,0,0,1,0
575013,0,0,0,0,0,0,0,0,1,0
575014,0,1,0,0,0,0,0,0,1,0
575015,0,0,0,0,0,0,0,0,1,0
575016,0,0,0,1,0,0,0,0,1,0
575017,0,1,0,0,0,0,0,0,1,0
575018,0,0,0,0,0,0,0,1,1,0
575019,0,0,1,1,0,0,0,0,1,0
575020,0,0,1,0,0,0,0,1,1,0
576001,1,0,0,0,0,0,0,0,1,0
576002,0,0,0,0,0,0,0,0,1,0
576003,0,0,0,0,0,0,0,0,1,0
576004,0,0,0,0,0,0,0,0,1,0
576005,0,0,0,0,0,0,0,0,1,0
576006,0,0,0,0,0,0,0,0,1,0
576007,0,0,0,1,0,0,0,0,1,0
576008,0,0,0,0,0,0,0,1,1,0
576009,0,0,0,0,0,0,0,0,1,0
576010,0,0,0,0,0,0,0,0,1,0
576011,0,0,0,0,0,0,0,0,1,0
576012,1,,0,0,0,0,1,0,1,0
576013,0,0,0,0,0,0,0,0,1,0
576014,0,0,0,0,0,0,0,0,1,0
576015,0,0,0,0,0,0,0,0,1,0
576016,0,0,0,0,0,0,0,0,1,0
576017,0,0,0,0,0,0,0,0,1,0
576018,1,0,0,1,0,0,1,1,1,1
576019,0,0,0,0,0,0,0,0,1,0
576020,0,0,0,0,0,0,0,0,1,0
577001,0,1,0,0,0,0,0,1,1,0
577002,0,1,0,0,0,0,1,1,1,0
577003,0,0,0,0,0,0,0,1,1,0
577004,0,0,0,0,0,0,0,0,1,0
577005,0,1,0,0,0,0,0,0,1,0
577006,0,0,0,0,0,0,0,1,1,0
577007,0,0,0,0,0,0,0,1,1,0
577008,0,0,0,0,0,0,0,0,1,0
577009,0,0,0,1,0,0,0,1,1,0
577010,0,0,0,0,0,0,0,0,1,0
577011,0,0,0,0,0,0,0,0,1,0
577012,0,0,0,1,0,0,0,0,1,0
577013,0,0,0,0,0,0,0,1,1,0
577014,0,0,0,0,0,0,0,0,1,0
577015,0,0,1,0,0,1,0,1,1,0
577016,0,0,0,1,0,0,0,0,1,0
577017,0,1,0,0,0,0,0,0,1,0
577018,0,1,0,0,0,0,0,1,1,0
577019,0,0,0,0,0,0,0,0,1,0
577020,0,0,0,0,0,0,0,1,1,0
578001,0,0,0,0,0,0,0,0,1,0
578002,0,0,0,0,0,0,0,0,0,0
578003,0,0,0,0,0,0,0,0,0,0
578004,0,0,0,0,0,0,0,0,0,0
578005,0,0,0,0,0,0,0,0,0,0
578006,0,0,0,0,0,0,0,0,1,0
578007,0,0,0,0,0,0,0,0,1,0
578008,0,0,0,0,0,0,0,0,1,0
578009,0,0,0,0,0,0,0,0,1,0
578010,0,0,0,0,0,0,0,1,1,0
578011,0,0,0,0,0,0,0,0,1,0
578012,0,0,0,0,0,0,0,0,0,0
578013,0,1,0,0,0,0,0,0,1,0
578015,0,0,0,0,0,0,0,0,1,0
578016,0,0,0,0,0,0,0,0,1,0
578017,0,0,0,1,0,0,0,0,1,0
578018,0,0,0,0,0,0,0,0,1,0
578019,0,0,0,0,0,0,0,0,1,0
579001,0,0,0,0,0,0,0,0,1,0
579002,0,0,0,0,0,0,0,0,1,0
579003,0,0,0,1,0,0,0,0,1,0
579004,0,0,0,0,0,0,0,0,1,0
579005,0,0,0,0,0,0,0,0,0,0
579006,0,0,0,0,0,0,0,0,1,0
579007,0,0,0,0,0,0,0,0,0,0
579008,0,0,0,0,0,0,0,0,1,0
579009,0,0,0,0,0,0,0,0,1,0
579011,0,0,0,0,0,0,0,0,1,0
579012,0,0,1,0,0,0,0,0,1,0
579013,0,0,0,0,0,0,0,0,0,0
579014,0,0,0,0,0,0,0,0,1,0
579015,0,0,0,0,0,0,0,0,0,0
579016,0,0,0,0,0,0,0,0,1,0
579017,0,0,0,0,0,0,0,0,1,0
579018,0,0,0,0,0,0,0,0,1,0
579019,0,0,0,0,0,0,0,1,1,0
579020,0,0,0,0,0,0,0,0,1,0
580001,0,0,0,0,0,0,0,0,0,0
580002,0,0,0,0,0,0,0,0,1,0
580003,0,0,0,0,0,0,0,0,0,0
580004,0,0,0,0,0,0,0,0,1,0
580005,0,0,0,0,0,0,0,0,1,0
580006,0,0,0,0,0,0,0,0,0,0
580007,0,0,0,0,0,0,0,0,1,0
580008,0,0,0,1,0,0,0,0,1,0
580009,0,0,0,0,0,0,0,0,0,0
580010,0,0,0,0,0,0,0,0,1,0
580011,0,0,1,1,0,0,0,0,1,0
580012,0,0,0,0,0,0,0,0,1,0
580013,0,,0,1,0,0,0,0,0,0
580015,0,,0,0,0,0,0,0,0,0
580016,0,1,0,0,0,0,0,0,1,0
580017,0,,0,0,0,0,0,0,1,0
580018,0,0,0,0,0,0,0,0,1,0
580019,0,1,0,0,0,0,0,0,1,0
580020,0,0,0,0,0,0,0,0,1,0
581001,0,0,0,0,0,0,0,0,1,0
581002,0,0,0,0,0,0,0,0,1,0
581003,0,0,0,0,0,0,0,0,1,0
581004,0,0,0,0,0,0,0,0,1,0
581005,0,0,0,1,0,0,0,0,1,0
581006,0,0,0,0,0,0,0,0,1,0
581007,0,0,0,0,0,0,0,0,1,0
581008,0,0,0,1,0,0,0,0,1,0
581009,0,1,0,0,0,0,0,1,1,0
581010,0,0,0,0,0,0,0,0,1,0
581011,0,1,0,0,0,0,0,0,1,0
581012,0,0,0,0,0,0,0,0,1,0
581013,0,0,0,0,0,0,0,0,1,0
581014,0,0,0,0,0,0,0,0,1,0
581015,0,0,0,0,0,0,0,0,1,0
581016,0,0,0,1,0,0,0,0,1,0
581017,0,0,0,1,0,0,0,0,1,0
581018,0,0,0,0,0,0,0,0,1,0
581019,0,0,0,0,0,0,0,0,1,0
581020,0,0,0,0,0,0,0,0,1,0
582001,0,0,0,0,0,0,0,0,1,0
582002,0,0,0,0,0,0,0,0,1,0
582003,0,0,0,0,0,0,0,0,1,0
582004,0,0,0,0,0,0,0,0,0,0
582006,0,0,0,0,0,0,0,0,1,0
582007,0,0,0,0,0,0,0,0,1,0
582008,0,0,0,0,0,0,0,0,1,0
582009,1,0,0,0,0,0,0,0,1,0
582010,0,0,0,0,0,0,0,0,1,0
582011,0,0,0,0,0,0,0,0,0,0
582012,0,0,0,0,0,0,0,0,0,0
582013,0,0,0,0,0,0,0,0,1,0
582014,0,0,0,0,0,0,0,0,1,0
582015,0,0,0,0,0,0,0,0,1,0
582016,0,0,0,1,0,0,0,0,1,0
582017,0,0,0,0,0,0,0,0,1,0
582018,0,0,0,0,0,0,0,0,1,0
582019,0,0,0,0,0,0,0,0,1,0
582020,0,0,0,0,0,0,0,0,1,0
583001,0,0,0,0,0,0,0,0,1,0
583002,0,0,0,0,0,0,0,0,1,0
583003,0,0,0,0,0,0,0,0,1,0
583004,0,0,0,0,0,0,0,0,1,0
583005,0,0,0,0,0,0,0,0,0,0
583006,0,0,0,0,0,0,0,0,1,0
583007,0,0,0,1,0,0,1,0,1,1
583009,0,0,0,0,0,0,0,0,0,0
583010,0,0,0,1,0,0,0,0,1,0
583012,0,0,0,0,0,0,0,0,1,0
583013,0,0,0,0,0,0,0,0,1,0
583014,0,0,0,0,0,0,0,0,1,0
583015,0,0,0,0,0,0,0,0,1,0
583016,0,0,0,0,0,0,0,0,1,0
583017,0,0,0,0,0,0,0,0,1,0
583018,0,0,0,0,0,0,0,0,1,0
583019,0,0,0,0,0,0,0,0,1,0
583020,0,0,0,0,0,0,0,0,1,0
584001,0,0,0,0,0,0,0,0,1,0
584002,0,0,0,0,0,0,0,0,1,0
584003,0,0,0,0,0,0,0,0,1,0
584004,0,0,0,1,0,0,0,1,1,0
584005,0,0,0,0,0,0,1,0,0,0
584006,0,0,0,0,0,0,1,1,1,0
584007,1,0,0,0,0,0,0,0,1,0
584008,0,0,0,0,0,0,0,0,0,0
584010,0,1,0,0,0,0,0,0,1,0
584011,0,0,0,1,0,0,0,0,1,0
584012,0,0,0,0,0,0,0,0,1,0
584013,0,0,0,0,0,0,0,0,1,0
584014,0,0,0,0,0,0,1,0,1,0
584015,0,0,0,0,1,0,0,1,1,0
584016,0,0,0,0,0,0,0,0,1,0
584018,0,0,0,0,0,0,0,0,0,0
584019,0,0,0,0,0,0,0,0,1,0
584020,0,0,0,0,0,0,0,0,1,0
585001,0,0,0,0,0,0,0,0,1,0
585002,0,0,0,0,0,0,0,0,1,0
585003,0,0,0,0,0,0,0,0,1,0
585004,0,0,0,0,0,0,0,0,1,0
585005,0,0,0,0,0,0,0,0,1,0
585006,0,0,0,0,0,0,0,0,1,0
585007,0,0,0,0,0,0,0,0,1,0
585008,0,0,0,0,0,0,0,0,1,0
585009,1,0,0,0,0,0,1,0,1,0
585010,0,0,0,0,0,0,1,0,1,0
585011,0,0,0,1,0,0,0,1,1,0
585012,0,0,0,0,0,0,0,0,0,0
585013,0,0,0,0,0,0,0,0,0,0
585014,0,0,0,0,0,0,0,0,1,0
585015,0,0,0,1,0,0,0,1,1,0
585018,0,0,0,0,0,0,0,0,1,0
585019,0,0,0,0,0,0,0,0,1,0
585020,0,0,0,1,0,0,0,0,1,1
586001,0,0,0,0,0,0,0,0,1,0
586002,0,0,0,0,0,0,0,0,1,0
586003,0,0,0,0,0,0,0,0,0,0
586004,0,0,0,0,0,0,0,0,0,0
586005,0,0,0,1,0,0,0,0,1,0
586006,0,0,0,0,0,0,1,0,1,0
586007,0,0,0,0,0,0,0,0,0,0
586009,0,0,0,0,0,0,0,0,1,0
586010,0,1,0,0,0,0,0,0,1,0
586011,0,0,1,0,0,0,0,0,1,0
586013,0,1,1,0,0,0,0,0,1,0
586014,0,1,0,0,0,0,0,1,1,0
586015,0,0,0,0,0,0,0,0,1,0
586016,0,0,0,0,0,0,0,0,0,0
586017,0,0,0,0,0,0,0,0,1,0
586018,0,0,0,0,0,0,0,0,1,0
586019,0,1,1,0,0,0,0,0,0,0
586020,1,0,0,0,0,0,0,0,1,0
587001,0,0,0,0,0,0,0,0,1,0
587002,0,0,0,0,0,0,0,1,0,0
587003,0,1,0,0,0,0,0,1,1,0
587004,0,0,0,1,1,0,0,0,1,1
587005,0,0,0,0,0,0,0,0,1,0
587006,0,0,0,0,0,0,0,0,1,0
587007,0,0,0,0,0,0,1,0,0,0
587008,0,0,0,0,0,0,0,0,0,0
587009,0,1,0,0,0,0,0,0,1,0
587010,0,0,0,0,0,0,0,0,1,0
587011,0,1,0,0,0,0,0,0,0,0
587012,0,0,0,0,0,0,0,0,1,0
587013,0,0,0,0,0,0,0,0,1,0
587014,0,0,0,0,0,0,1,0,1,0
587015,0,0,0,0,0,0,0,0,1,0
587016,0,0,0,0,0,0,1,1,1,0
587019,0,0,1,0,0,0,1,0,1,0
587020,0,0,0,0,0,0,0,1,1,0
588001,0,0,0,0,0,0,0,0,1,0
588002,0,1,0,0,0,0,1,1,1,0
588003,0,0,0,0,0,0,0,0,1,0
588004,0,0,0,0,0,0,0,0,1,0
588005,0,0,0,0,0,0,0,1,1,0
588007,0,0,0,1,0,0,0,0,1,0
588008,0,0,0,0,0,0,0,0,1,0
588009,0,0,0,1,0,0,1,1,1,0
588010,0,0,0,0,0,0,0,0,1,0
588011,0,1,0,0,0,0,0,0,1,0
588012,0,0,0,0,0,0,0,0,1,0
588013,0,0,0,0,0,0,0,0,1,0
588014,0,0,0,0,0,0,0,1,1,0
588015,0,0,0,0,0,0,0,0,1,0
588016,0,0,0,1,0,0,0,0,1,0
588017,0,0,0,0,0,0,1,0,1,0
588018,0,0,0,0,0,0,0,0,0,0
588019,0,1,0,0,0,0,0,0,1,0
588020,0,0,0,1,0,0,1,0,1,0
589001,0,0,0,0,0,0,0,0,1,0
589002,0,1,0,0,0,0,0,1,1,0
589003,0,0,0,0,0,0,0,0,1,0
589004,0,0,0,0,0,0,0,0,1,0
589005,0,0,0,0,0,0,0,0,1,0
589006,0,0,0,0,0,0,0,0,1,0
589007,0,0,0,0,0,0,0,0,1,0
589008,0,0,0,0,0,0,0,0,1,0
589009,0,0,0,0,0,0,1,0,1,0
589011,0,0,0,0,0,0,0,0,1,0
589012,0,0,0,1,0,0,0,0,1,0
589013,0,0,0,1,0,0,0,1,1,0
589014,0,0,0,0,0,0,0,0,1,0
589015,0,0,0,0,0,0,0,0,1,0
589016,0,0,0,0,0,0,0,0,1,0
589017,0,0,0,0,0,0,0,0,1,0
589018,0,0,0,0,0,0,0,0,1,0
589019,0,0,0,0,0,0,0,1,1,0
589020,0,0,0,0,0,0,0,0,1,0
590001,0,0,0,0,0,0,0,0,1,0
590002,0,0,0,1,0,0,1,0,1,0
590003,0,0,0,0,0,0,0,0,1,0
590004,0,1,0,0,0,0,0,0,1,0
590005,0,0,0,0,0,0,0,0,1,0
590006,0,0,0,0,0,0,0,0,0,0
590007,0,1,0,0,0,0,0,0,1,0
590008,0,0,0,0,0,0,0,0,1,0
590009,0,0,0,0,0,0,0,0,0,0
590010,0,0,0,0,0,0,0,0,1,0
590011,0,0,0,0,0,0,0,0,1,0
590012,0,0,0,0,0,0,0,0,1,0
590013,0,0,0,0,0,0,0,0,1,0
590014,0,,0,0,0,0,0,0,1,0
590015,0,0,0,0,0,0,0,0,1,0
590016,0,0,0,0,0,0,0,0,1,0
590017,0,0,0,0,0,0,0,0,0,0
590018,0,0,0,0,0,0,0,0,1,0
590019,0,0,0,0,0,0,0,0,1,0
590020,0,1,0,0,0,0,0,0,1,0
591001,0,0,0,0,0,0,0,0,1,0
591002,0,0,0,0,0,0,0,0,1,0
591003,0,0,0,0,0,0,0,0,1,0
591004,0,0,0,0,0,0,0,0,0,0
591005,0,0,0,0,0,0,0,0,1,0
591006,0,,0,1,0,0,0,0,1,0
591007,0,0,0,0,0,0,0,0,1,0
591008,0,0,0,0,0,0,0,0,1,0
591009,0,1,0,0,0,0,0,0,1,0
591010,0,0,0,0,0,0,0,0,1,0
591011,0,,0,0,0,0,0,0,1,0
591012,0,0,0,0,0,0,0,0,1,0
591013,0,0,0,0,0,0,0,0,1,0
591014,0,0,0,0,0,0,1,1,1,0
591015,0,,0,0,0,0,0,0,1,0
591016,0,0,0,0,0,0,0,0,1,0
591017,0,0,0,1,0,1,1,1,1,0
591018,0,1,0,0,0,0,0,0,1,0
591019,0,0,0,1,0,0,0,1,1,0
591020,0,0,0,0,0,0,0,0,1,0
592001,0,0,0,0,0,0,0,0,1,0
592002,0,0,0,0,0,0,0,0,1,0
592003,0,0,0,0,0,0,0,0,1,0
592004,0,0,0,0,0,0,0,0,1,0
592005,0,0,0,0,0,0,0,0,1,0
592006,0,0,0,0,0,0,0,0,1,0
592007,0,0,0,0,0,0,0,0,1,0
592009,0,1,0,0,0,0,0,0,1,0
592010,0,0,0,0,0,0,0,0,0,0
592011,0,0,0,1,0,0,0,0,1,0
592012,0,0,0,0,0,0,0,0,1,0
592013,0,0,0,0,0,0,0,0,1,0
592014,0,0,0,0,0,0,0,0,1,0
592015,0,0,0,0,0,0,0,0,1,0
592016,0,0,0,0,0,0,0,0,1,0
592017,0,0,0,0,0,0,0,0,1,0
592018,0,0,0,0,0,0,0,0,1,0
592019,0,0,0,0,0,0,0,0,0,0
592020,0,0,0,1,0,0,0,0,0,0
593001,0,0,0,0,0,0,0,0,1,0
593003,1,0,0,1,0,0,0,0,1,0
593004,0,0,0,0,0,0,0,0,1,0
593005,0,0,0,1,0,0,0,0,1,0
593006,0,0,0,0,0,0,1,0,1,0
593007,0,0,0,0,0,0,0,0,1,0
593008,0,1,0,0,0,0,0,0,1,0
593009,0,0,0,0,0,0,0,0,1,0
593010,0,0,0,0,0,0,1,0,1,0
593011,0,0,0,1,0,0,0,0,1,0
593012,0,0,0,0,0,0,0,0,1,0
593013,0,0,0,0,0,0,0,0,1,0
593014,0,0,0,0,0,0,0,0,1,0
593016,0,0,0,0,0,0,0,0,1,0
593017,0,,0,0,0,0,0,0,1,0
593018,0,0,0,0,0,0,0,0,1,0
593019,0,0,0,0,0,0,0,0,1,0
593020,0,1,0,0,0,0,0,0,1,0
594001,0,0,0,0,0,0,0,0,1,0
594003,0,0,0,0,0,0,0,0,1,0
594004,0,0,0,1,0,0,0,0,1,0
594005,0,0,0,0,0,0,0,0,1,0
594006,0,1,0,0,0,0,0,0,1,0
594008,0,0,0,0,0,0,0,0,1,0
594009,0,0,0,0,0,0,0,0,1,0
594010,0,0,0,0,0,0,0,0,1,0
594012,0,0,0,0,0,0,0,0,1,0
594013,0,0,0,0,0,0,0,0,1,0
594014,0,0,0,0,0,0,0,0,1,0
594015,0,0,0,0,0,0,0,0,1,0
594016,0,0,0,1,0,0,0,0,1,0
594017,0,0,0,0,0,0,0,0,1,0
594018,0,0,0,0,0,0,0,0,1,0
594019,0,0,0,0,0,0,0,0,1,0
594020,0,0,0,1,0,0,0,1,1,0
595001,0,0,0,0,0,0,0,0,1,0
595002,0,1,0,0,0,0,0,1,1,0
595003,0,0,0,0,0,0,0,0,1,0
595004,0,0,0,0,0,0,0,0,1,0
595005,0,0,0,0,0,0,0,0,1,0
595006,0,0,0,0,0,0,0,0,1,0
595007,0,0,0,0,0,0,0,0,1,0
595008,0,1,0,0,0,0,0,0,1,0
595009,0,0,0,0,0,0,0,0,1,0
595010,0,0,0,0,0,0,0,0,1,0
595011,0,0,0,0,0,0,0,0,1,0
595012,0,0,0,0,0,0,0,0,1,0
595013,0,0,0,0,0,0,0,0,1,0
595014,0,0,0,0,0,0,0,0,1,0
595015,0,0,0,0,0,0,0,0,1,0
595016,0,0,0,0,0,0,0,0,1,0
595017,0,0,0,0,0,0,0,0,1,0
595018,0,0,0,0,0,0,0,0,1,0
595019,0,0,0,0,0,0,0,0,1,0
595020,0,0,0,0,0,0,0,0,1,0
596001,0,0,0,0,0,0,0,0,1,0
596002,0,0,0,0,0,0,0,1,1,0
596003,0,0,0,0,0,0,0,0,1,0
596004,0,0,0,0,0,0,0,0,1,0
596005,0,0,0,0,0,0,0,0,1,0
596006,0,0,0,0,0,0,0,0,1,0
596007,0,0,0,0,0,0,0,0,1,0
596009,0,0,0,0,0,0,0,0,1,0
596010,0,0,0,0,0,0,0,0,1,0
596011,0,0,0,0,0,0,0,0,1,0
596012,0,0,0,0,0,0,0,0,1,0
596013,0,0,0,0,0,0,0,0,1,0
596014,0,0,0,0,0,0,0,0,1,0
596015,0,0,0,0,0,0,0,0,1,0
596016,0,1,0,0,0,0,0,0,1,0
596017,0,0,0,0,0,0,0,0,1,0
596018,0,0,0,0,0,0,0,0,1,0
596019,0,0,0,0,0,0,0,0,1,0
596020,0,0,0,0,0,0,0,0,0,0
597001,0,0,0,0,0,0,0,0,1,0
597002,0,0,0,1,0,0,0,1,1,0
597003,0,0,0,0,0,0,0,0,1,0
597004,0,0,0,0,0,0,0,0,1,0
597005,0,0,0,0,0,0,0,0,1,0
597006,0,0,0,0,0,0,0,0,1,0
597008,0,1,0,0,0,0,0,0,1,0
597009,0,0,0,0,0,0,0,0,0,0
597010,0,0,0,0,0,0,0,0,1,0
597011,0,0,0,0,0,0,0,0,1,0
597012,0,0,0,0,0,0,0,0,1,0
597013,0,0,0,0,0,0,0,0,1,0
597015,0,0,0,1,0,0,0,0,1,0
597016,0,0,0,0,0,0,0,0,1,0
597017,0,0,0,0,0,0,0,0,1,0
597018,0,0,0,0,0,0,0,0,1,0
597019,0,0,0,0,0,0,0,0,1,0
598001,0,0,0,0,0,0,0,0,1,0
598002,0,0,0,0,0,0,0,0,1,0
598003,0,0,0,0,0,0,0,0,1,0
598004,0,0,0,0,0,0,0,0,1,0
598005,0,0,0,0,0,0,0,0,1,0
598006,0,0,0,1,0,0,0,0,1,0
598007,0,0,0,0,0,0,0,0,1,0
598008,0,0,0,0,0,0,0,0,1,0
598009,0,0,0,0,0,0,0,0,1,0
598010,0,0,1,0,0,0,0,1,1,0
598011,0,0,0,0,0,0,0,0,1,0
598012,0,0,0,0,0,0,0,0,1,0
598013,0,0,0,0,0,0,0,0,1,0
598014,0,0,0,0,0,0,0,0,1,0
598015,0,0,0,0,0,0,0,0,0,0
598016,0,0,0,0,0,0,0,0,1,0
598018,0,0,0,1,0,0,0,0,1,0
598019,0,0,0,0,0,0,0,1,1,0
598020,0,0,0,0,0,0,0,0,1,0
599002,0,1,1,1,0,0,1,1,1,0
599003,0,1,0,1,0,0,0,0,1,0
599004,0,0,1,1,0,0,0,0,1,0
599006,0,1,0,0,0,0,1,0,1,0
599007,0,,0,0,0,0,0,0,1,0
599008,0,0,0,0,0,0,0,0,1,0
599009,0,1,0,1,0,0,0,1,1,0
599011,0,1,0,0,0,0,0,1,1,0
599012,0,1,0,0,0,0,0,0,1,0
599013,0,0,1,0,0,0,1,1,1,0
599014,0,0,0,0,0,0,0,1,1,0
599015,0,0,0,0,0,0,0,0,1,0
599016,0,0,0,1,0,0,0,0,1,0
599017,0,0,0,0,0,0,0,0,1,0
599018,0,1,0,0,0,0,0,0,1,0
599019,0,0,0,0,0,0,0,0,1,0
599020,0,0,0,0,0,0,0,0,1,0
600001,0,0,0,0,0,0,0,0,1,0
600002,0,0,0,0,0,1,0,0,1,0
600003,0,0,0,0,0,0,0,0,1,0
600004,0,0,0,0,0,0,0,0,1,0
600005,0,1,0,0,0,0,0,1,1,0
600006,0,0,0,0,0,0,0,0,1,0
600007,0,0,0,1,0,1,1,1,1,1
600008,0,0,0,0,0,1,1,0,1,0
600009,0,0,0,0,0,0,0,0,0,0
600010,0,1,0,1,0,0,1,1,1,0
600011,0,1,0,1,0,0,1,1,1,0
600012,0,0,0,1,0,0,0,0,1,0
600013,0,,0,0,0,0,0,0,0,0
600014,0,0,0,0,0,0,0,0,1,0
600015,0,0,0,0,0,0,0,0,1,0
600016,0,0,0,0,0,0,0,0,1,0
600017,0,0,0,0,0,0,0,0,1,0
600018,0,0,0,0,0,0,0,0,1,0
600019,0,0,0,0,0,0,0,0,1,0
600020,0,0,0,0,0,0,0,0,1,0
601001,0,0,1,1,0,0,1,1,1,0
601002,0,0,0,0,0,0,1,1,1,1
601003,0,0,1,0,0,0,0,0,1,0
601004,0,1,1,1,0,1,0,1,1,1
601005,0,0,1,0,0,0,1,1,1,1
601006,0,1,1,1,0,0,0,1,1,0
601007,0,0,0,0,0,0,0,0,1,0
601008,0,0,1,1,0,0,1,1,1,1
601009,0,0,0,1,0,1,1,1,1,1
601010,0,1,0,1,0,0,1,1,1,1
601011,0,0,1,0,0,0,0,1,1,0
601012,,0,0,0,0,0,0,1,1,0
601013,0,0,1,0,0,1,0,1,1,0
601014,0,0,0,0,0,0,0,1,1,0
601015,0,1,0,0,0,0,0,1,1,0
601016,0,1,0,1,0,0,1,1,1,0
601017,0,0,0,0,0,0,0,1,1,0
601018,0,0,0,0,0,1,0,1,1,0
601019,0,0,0,1,0,1,0,0,1,0
601020,0,0,1,1,0,1,1,1,1,0
602001,0,1,1,0,0,0,1,0,1,0
602002,1,0,0,0,0,0,0,0,1,0
602003,0,1,0,0,0,0,0,1,1,0
602004,0,0,0,1,0,0,0,0,1,0
602005,0,1,0,0,0,0,0,0,1,0
602006,0,0,0,0,0,0,1,0,1,0
602007,0,1,0,1,0,0,1,1,1,0
602008,0,1,1,1,0,1,0,0,1,0
602009,0,1,0,1,0,0,1,1,1,0
602010,0,0,0,0,0,0,0,1,1,0
602011,0,1,0,0,0,0,0,0,1,0
602012,1,0,0,1,0,0,0,1,1,0
602013,0,0,0,0,0,0,1,0,1,0
602014,0,1,0,0,0,0,0,0,1,0
602015,0,0,0,0,0,0,0,0,1,0
602017,0,0,0,0,0,0,0,0,1,0
602018,0,0,0,1,0,0,0,0,1,0
602019,0,0,0,0,0,0,0,0,1,0
602020,0,0,0,0,0,0,0,0,1,0
603001,0,1,0,1,0,1,1,1,1,0
603002,0,0,1,0,0,0,0,1,1,1
603003,0,0,0,0,0,0,0,1,1,0
603004,0,0,0,0,0,0,0,1,1,0
603005,0,0,0,0,0,0,1,1,1,0
603006,0,0,0,0,0,0,0,0,1,0
603007,0,0,0,0,0,0,0,1,1,1
603008,1,0,0,0,0,0,0,1,1,0
603009,0,0,0,0,0,0,1,1,1,0
603010,0,0,0,0,0,0,0,1,1,0
603011,0,0,0,0,0,0,0,0,1,0
603012,0,0,0,0,0,0,0,0,1,0
603013,0,0,0,1,0,0,1,1,1,1
603014,0,0,0,0,0,1,0,1,1,0
603015,0,0,0,0,0,0,0,0,1,0
603017,0,0,0,0,0,0,1,1,1,0
603018,0,0,0,1,0,1,1,0,1,0
603019,0,0,0,1,0,0,0,1,1,1
603020,,,0,0,0,0,0,0,1,0
604001,0,0,0,0,0,0,1,0,1,0
604003,0,0,0,0,0,0,0,0,1,0
604004,0,0,0,0,0,0,0,0,1,0
604005,0,0,0,0,0,0,1,1,1,0
604006,0,0,0,0,0,0,0,1,1,0
604007,0,0,0,0,0,0,1,1,1,0
604008,0,0,0,1,0,0,1,1,1,0
604009,0,1,1,0,0,0,0,1,1,0
604010,0,0,0,0,0,0,0,0,1,0
604011,0,0,0,0,0,0,1,1,1,0
604012,0,0,0,0,0,0,0,0,1,0
604013,0,1,1,0,0,0,1,0,1,0
604014,0,0,0,0,0,0,1,0,1,0
604016,0,1,0,1,0,0,1,1,1,0
604017,0,0,1,0,0,0,0,1,1,0
604018,0,0,0,0,0,0,1,1,1,0
604019,0,0,0,0,0,0,1,1,1,0
604020,0,0,0,0,0,0,1,1,1,0
605002,0,0,0,0,0,0,0,0,1,0
605003,0,0,0,0,0,0,0,0,1,0
605004,0,,0,0,0,0,0,0,1,0
605005,0,0,0,0,0,0,0,0,1,0
605006,0,0,0,0,0,0,0,0,0,0
605007,0,0,0,0,0,0,0,0,1,0
605008,0,0,0,0,0,0,0,0,1,0
605009,0,0,0,0,0,0,0,0,1,0
605010,0,0,0,0,0,0,0,0,1,0
605011,0,1,0,0,0,0,0,0,1,0
605012,0,0,0,0,0,0,0,0,1,0
605013,0,0,0,0,0,0,0,1,1,0
605014,0,1,0,0,0,0,0,0,1,0
605015,0,0,0,0,0,0,0,0,1,0
605016,0,1,0,0,0,0,0,0,1,0
605017,0,0,0,0,0,0,0,0,1,0
605018,0,0,0,0,0,0,0,1,1,0
605019,0,0,0,0,0,0,0,0,0,0
605020,0,0,0,0,0,0,0,0,1,0
606001,0,0,0,0,0,0,0,0,1,0
606002,1,0,0,0,0,0,0,0,1,0
606003,0,0,0,1,0,0,0,1,1,0
606004,0,1,0,0,0,0,1,1,1,0
606005,0,0,0,0,0,0,1,0,1,0
606006,0,0,0,0,0,0,0,0,1,0
606007,0,0,0,0,0,0,0,0,1,0
606008,0,0,0,0,0,0,0,0,1,0
606009,0,0,0,0,0,0,0,0,1,0
606010,0,1,0,0,0,0,0,1,1,0
606011,0,0,0,0,0,0,0,0,1,0
606012,0,0,0,0,0,0,0,0,1,0
606013,0,0,0,0,0,0,0,0,1,0
606014,1,1,0,0,0,0,0,0,1,0
606015,0,0,0,0,0,0,0,0,1,0
606016,0,0,0,1,0,0,0,1,1,1
606017,0,0,0,0,0,0,0,0,1,0
606018,0,0,0,1,0,1,1,0,1,0
606019,0,1,0,0,0,0,1,1,1,0
606020,0,1,0,0,0,0,0,0,1,0
607001,0,1,1,0,0,0,0,0,1,0
607002,0,0,0,0,0,0,0,0,1,0
607003,0,1,0,0,0,0,0,0,1,0
607004,0,0,0,0,0,0,0,0,1,0
607005,0,0,0,0,0,0,0,0,1,0
607006,0,0,0,0,0,0,0,0,1,0
607007,0,0,0,0,0,0,0,0,1,0
607008,0,0,0,0,0,0,0,0,1,0
607009,0,0,0,0,0,0,0,0,1,0
607010,0,0,0,0,0,0,0,1,1,0
607011,0,1,0,0,0,0,0,1,1,0
607012,1,1,0,0,0,0,0,0,1,0
607013,0,0,0,0,0,1,0,0,1,0
607014,0,0,1,0,0,0,0,0,1,0
607015,0,0,1,0,0,0,0,0,1,0
607016,0,0,1,0,0,0,1,1,1,0
607017,0,0,0,0,0,1,0,1,1,0
607018,0,0,0,0,0,0,0,0,1,0
607019,0,0,0,0,0,0,1,0,1,0
607020,0,0,0,0,0,0,0,0,1,0
608001,0,0,0,0,0,0,0,0,1,0
608002,0,0,0,0,0,0,0,0,1,0
608003,0,0,0,0,0,0,0,0,1,0
608004,0,0,0,0,0,0,0,0,1,0
608005,0,0,0,0,0,0,0,0,1,0
608006,0,0,0,0,0,0,0,0,1,0
608007,0,0,0,0,0,0,0,0,1,0
608008,0,,0,0,0,0,0,0,1,0
608009,0,1,0,0,0,0,0,0,1,0
608010,0,0,0,0,0,0,0,0,1,0
608011,0,0,0,0,0,0,0,0,1,0
608012,0,0,0,0,0,0,0,0,1,0
608013,0,0,0,0,0,0,0,0,1,0
608014,0,0,0,0,0,0,0,0,0,0
608015,0,0,0,0,0,0,0,0,1,0
608016,0,0,0,0,0,0,0,0,1,0
608017,0,0,0,0,0,0,0,0,1,0
608018,0,0,0,0,0,0,0,0,1,0
608019,0,0,0,0,0,0,0,0,1,0
608020,0,0,0,0,0,0,0,0,1,0
609001,0,0,0,0,0,0,0,1,1,0
609002,0,0,0,0,0,0,0,0,1,0
609003,0,0,0,0,0,0,0,0,1,0
609004,0,0,0,0,0,0,0,0,1,0
609005,0,0,0,0,0,0,0,0,1,0
609006,0,0,0,0,0,0,0,0,1,0
609007,0,0,0,0,0,0,0,0,1,0
609008,0,0,0,0,0,0,0,0,1,0
609009,0,0,0,0,0,0,0,0,1,0
609010,0,0,0,0,0,0,0,0,1,0
609011,0,1,0,0,0,0,0,0,1,0
609012,0,,0,0,0,0,0,0,0,0
609013,0,0,0,0,0,0,0,0,1,0
609014,0,0,0,0,0,0,0,0,1,0
609015,0,0,0,0,0,0,0,0,1,0
609016,0,0,0,1,0,0,0,0,1,0
609017,0,0,0,1,0,0,0,0,1,0
609018,1,0,0,0,0,0,0,0,1,0
609019,0,0,0,0,0,0,0,0,1,0
609020,0,0,0,1,0,0,0,0,1,0
610001,0,0,0,0,0,0,0,0,1,0
610002,0,0,0,0,0,0,0,0,1,0
610003,0,0,0,0,0,0,0,0,1,0
610004,0,0,0,0,0,0,0,0,1,0
610005,0,1,0,0,0,0,0,0,1,0
610006,0,1,0,0,0,0,0,0,0,0
610007,0,0,0,0,0,0,0,0,1,0
610008,0,0,0,0,0,0,0,0,1,0
610009,0,0,0,0,0,0,0,0,1,0
610010,0,0,0,0,0,0,0,0,1,0
610011,0,0,0,0,0,0,0,0,0,0
610012,0,0,0,0,0,0,0,0,1,0
610013,0,0,0,0,0,0,0,0,0,0
610014,0,0,0,0,0,0,0,0,0,0
610015,0,0,0,0,0,0,0,0,1,0
610016,0,0,0,0,0,0,0,0,1,0
610017,0,0,0,0,0,0,0,0,1,0
610018,0,0,0,0,0,0,0,0,1,0
610019,0,0,0,0,0,0,0,0,1,0
610020,0,1,0,0,0,0,0,0,1,0
611001,0,0,0,0,0,0,0,0,0,0
611002,0,0,0,0,0,0,0,0,0,0
611003,0,0,0,0,0,0,0,0,1,0
611004,0,0,0,1,1,0,0,0,1,1
611005,0,0,0,0,0,0,0,0,1,0
611006,0,0,0,0,0,1,1,1,1,0
611007,0,0,0,0,0,0,0,0,1,0
611008,0,1,0,0,0,0,0,0,1,0
611009,0,0,0,0,0,0,0,0,1,0
611010,0,0,0,0,0,0,0,0,1,0
611011,0,0,0,0,0,0,0,0,1,0
611012,0,0,0,1,0,1,1,1,1,0
611013,0,0,1,0,0,0,0,0,1,0
611014,0,0,0,0,0,0,0,0,1,0
611015,0,0,0,0,0,0,0,0,1,0
611016,0,0,0,0,0,0,0,0,1,0
611017,0,0,0,0,0,0,0,0,1,0
611018,0,0,0,0,0,0,0,0,1,0
611019,0,0,0,0,0,0,0,0,1,0
611020,0,0,0,1,0,1,0,1,1,0
612001,0,1,0,0,0,0,1,0,1,0
612002,0,0,0,0,0,0,0,0,1,0
612003,0,0,0,0,0,0,0,0,1,0
612004,0,0,0,0,0,0,0,0,1,0
612005,0,0,0,0,0,0,0,0,1,0
612006,0,0,0,0,0,0,0,0,1,0
612007,0,0,0,0,0,0,0,0,1,0
612008,0,0,0,0,0,0,0,0,1,0
612009,0,0,0,0,0,0,1,0,1,0
612010,0,0,0,0,0,0,0,0,1,0
612011,0,0,1,0,0,0,0,0,1,0
612012,0,0,0,0,0,0,0,0,1,0
612013,0,0,0,0,0,0,0,0,1,0
612014,0,1,0,0,0,0,0,0,1,0
612015,0,0,0,0,0,0,0,0,1,0
612016,0,0,0,0,0,0,0,0,1,0
612017,0,0,0,0,0,0,0,0,1,0
612018,0,0,0,0,0,0,0,0,1,0
612019,0,,0,0,0,0,0,1,1,0
612020,0,0,0,0,0,0,0,0,1,0
613001,0,0,0,1,0,1,1,1,1,0
613002,0,0,0,0,0,0,0,0,1,0
613003,0,0,0,0,0,0,0,0,1,0
613005,0,0,0,0,0,0,0,0,1,0
613006,0,0,0,1,0,0,0,1,1,1
613007,0,0,0,0,0,0,0,0,1,0
613008,0,0,0,0,0,0,0,0,1,0
613009,0,0,0,0,0,0,0,0,1,0
613010,0,,0,0,0,0,0,0,1,0
613011,0,0,0,1,0,0,0,0,1,0
613012,0,0,0,0,0,0,0,0,1,0
613013,0,0,0,0,0,0,0,0,1,0
613014,0,0,0,0,0,0,0,0,1,0
613015,0,1,0,0,0,0,0,0,1,0
613016,0,0,0,0,0,0,0,0,1,0
613017,0,0,0,0,0,0,0,0,1,0
613018,0,,0,0,0,0,0,0,0,0
613019,0,1,0,0,0,0,0,0,0,0
613020,0,0,0,0,0,0,0,0,1,0
614001,0,0,0,0,0,0,0,0,1,0
614002,0,0,0,0,0,0,0,0,1,0
614004,0,0,0,0,0,0,0,0,1,0
614006,0,0,0,0,0,0,0,0,1,0
614007,0,1,0,0,0,0,0,0,1,0
614008,0,0,0,0,0,1,0,0,1,0
614009,0,0,0,0,0,0,0,0,1,0
614010,0,0,0,0,0,0,0,0,1,0
614011,0,0,0,1,0,0,0,0,1,0
614013,0,0,0,0,0,0,0,0,1,0
614014,,0,0,0,0,0,0,0,1,0
614016,0,0,0,0,0,0,1,0,1,0
614017,0,,0,0,0,0,1,0,1,0
614018,0,0,0,0,0,0,0,0,1,0
614019,0,0,0,0,0,0,0,0,1,0
614020,0,0,0,0,0,0,0,0,1,0
615001,0,0,0,0,0,1,0,0,1,0
615002,0,1,0,1,0,0,1,1,0,1
615003,,1,0,0,0,0,0,0,1,0
615004,0,1,0,0,0,0,0,0,1,0
615008,0,1,0,1,0,0,0,0,1,0
615009,0,0,0,0,0,0,0,0,1,0
615010,0,0,0,0,0,0,0,0,1,0
615011,0,0,0,0,0,0,0,0,1,0
615012,0,0,0,0,0,0,0,1,1,0
615013,0,0,0,1,0,0,1,1,1,0
615014,0,1,0,1,0,1,0,1,1,0
615015,0,1,0,0,0,0,1,0,1,0
615016,0,0,0,0,0,0,0,0,1,0
615017,0,,0,0,0,0,0,0,1,0
615018,0,1,0,0,0,0,0,1,1,0
615019,0,0,0,0,0,0,0,0,1,0
615020,0,0,0,0,0,0,0,0,1,0
616001,0,0,0,0,0,1,0,0,1,0
616002,0,1,0,1,0,0,0,1,1,0
616003,0,0,0,1,0,0,0,1,1,0
616004,0,0,0,1,0,1,0,1,1,1
616005,0,0,0,0,0,0,0,1,1,0
616006,0,0,0,0,0,0,0,0,1,0
616007,0,0,0,0,0,0,0,0,1,0
616008,0,0,0,0,0,0,0,0,1,0
616009,0,1,0,1,0,0,0,1,1,0
616010,0,0,0,0,0,0,0,1,1,1
616011,0,1,0,1,0,0,0,1,1,0
616012,1,0,0,0,0,0,0,0,1,0
616013,1,1,0,0,0,0,0,0,1,0
616014,0,1,0,0,0,0,0,0,1,0
616015,0,0,0,1,0,0,0,0,1,0
616016,0,0,0,0,0,0,0,0,1,0
616017,0,0,0,0,0,0,0,1,1,0
616018,0,0,0,0,0,1,0,0,1,0
616020,0,0,0,0,0,1,0,0,1,0
617001,1,1,0,0,0,0,1,1,1,1
617002,0,1,0,0,0,1,1,1,1,0
617003,0,0,0,0,0,0,0,0,1,0
617004,0,0,0,0,0,0,0,0,1,0
617005,0,1,0,0,0,0,0,0,1,0
617006,0,1,0,1,0,0,0,0,1,0
617007,0,0,0,0,0,0,0,0,1,0
617008,0,0,0,1,0,0,1,1,1,0
617009,0,0,0,0,0,1,0,0,1,0
617010,0,0,0,0,0,0,0,0,1,0
617011,0,0,0,0,0,0,1,1,1,0
617012,0,1,0,0,0,0,1,1,1,0
617013,0,0,0,0,0,0,0,1,1,1
617014,0,0,0,1,0,0,1,1,1,1
617015,0,0,0,1,0,0,1,1,1,0
617016,0,0,0,0,0,1,1,1,1,0
617017,0,0,0,0,0,0,0,0,1,0
617018,0,0,0,0,0,0,0,0,1,0
617019,0,0,0,0,0,0,0,0,1,0
617020,0,0,0,0,0,0,0,0,1,0
618001,0,0,0,0,0,0,0,0,1,0
618002,0,0,0,0,0,0,0,0,1,0
618003,0,0,0,0,0,0,0,0,1,0
618004,0,0,0,0,0,0,0,0,1,0
618005,0,1,0,1,0,0,0,1,1,0
618006,0,0,0,0,0,0,0,0,1,0
618007,0,0,0,0,0,0,0,0,1,0
618008,0,0,0,0,0,0,0,1,1,0
618009,0,0,0,0,0,0,0,0,1,0
618010,0,1,1,0,0,0,0,0,1,0
618011,0,0,0,0,0,0,0,0,1,0
618013,0,0,0,0,0,0,0,0,1,0
618014,0,0,0,0,0,0,0,0,1,0
618015,0,0,0,0,0,0,0,0,1,0
618016,0,0,0,0,0,0,0,0,1,0
618017,0,0,0,0,0,0,0,0,1,0
618018,0,0,0,0,0,0,0,0,1,0
618019,0,0,0,0,0,0,0,0,1,0
618020,0,0,0,0,0,0,1,1,1,0
619001,0,0,1,0,0,0,1,0,1,0
619002,0,0,0,1,0,0,0,1,1,0
619003,0,0,0,0,0,0,0,0,1,0
619004,0,0,0,1,0,0,0,1,1,0
619005,0,0,0,1,0,0,0,0,1,0
619006,0,0,0,0,0,0,0,0,1,0
619007,0,1,0,0,0,0,0,1,1,0
619008,0,0,0,0,0,0,0,0,1,0
619009,0,0,0,0,0,0,0,0,1,0
619010,0,0,0,1,0,0,0,1,1,0
619011,0,0,0,0,0,0,0,0,1,0
619012,0,0,0,0,0,0,0,0,1,0
619013,0,0,0,0,0,0,0,0,1,0
619014,0,1,0,0,0,0,0,0,1,0
619015,0,0,0,0,0,0,0,0,1,0
619016,0,0,0,0,0,0,0,0,1,0
619017,0,0,0,0,0,0,0,0,1,0
619018,0,0,0,0,0,0,0,0,0,0
619019,0,0,0,0,0,0,0,0,1,0
619020,0,0,0,0,0,0,0,0,1,0
620001,0,0,1,0,0,0,1,1,1,0
620002,0,1,0,1,0,1,1,1,1,0
620003,0,1,0,0,0,1,0,0,1,0
620006,0,1,0,0,0,0,0,0,0,0
620007,0,0,1,0,0,0,0,0,1,0
620008,0,0,0,1,0,0,1,1,1,0
620009,0,0,0,0,0,0,0,1,1,0
620010,0,0,0,1,0,1,0,0,1,1
620011,0,0,0,0,0,0,0,0,1,0
620012,0,1,0,1,0,1,0,1,1,0
620013,0,1,0,0,0,1,0,0,1,0
620014,0,0,0,1,0,1,0,1,1,0
620015,0,0,0,0,0,1,1,1,1,1
620018,0,0,0,0,0,0,1,0,1,0
620019,1,1,0,0,0,0,0,0,1,0
620020,0,0,0,0,0,0,0,1,1,0
621001,0,0,0,0,0,0,0,0,1,0
621002,0,1,0,0,0,0,1,0,1,0
621003,0,0,0,0,0,0,0,0,1,0
621004,0,0,0,0,0,0,0,0,1,0
621005,0,0,0,0,0,0,0,0,1,0
621006,0,0,0,0,0,0,0,1,1,0
621007,0,1,0,0,0,0,0,0,1,0
621009,0,0,0,0,0,0,0,1,1,0
621010,0,0,0,1,0,0,0,1,1,0
621011,0,0,0,0,0,0,0,0,1,0
621012,0,1,0,0,0,0,0,0,1,0
621013,0,0,0,0,0,0,0,0,1,0
621014,0,0,0,0,0,0,0,0,1,0
621015,0,0,0,1,0,0,0,0,1,0
621016,0,0,0,0,0,0,0,0,1,0
621017,0,1,0,0,0,0,0,0,1,0
621018,0,0,0,0,0,0,0,0,1,0
621019,0,0,1,0,0,0,0,1,1,0
621020,0,0,0,1,0,0,0,0,1,0
622001,0,1,0,0,0,1,0,0,1,0
622002,0,0,0,0,0,0,0,0,1,0
622003,0,0,0,1,0,0,0,1,1,0
622004,0,1,0,0,0,0,0,0,1,0
622005,0,0,0,0,0,1,0,1,1,0
622006,0,0,0,0,0,0,1,0,1,0
622007,0,1,0,1,0,0,0,1,1,0
622008,0,0,0,0,0,1,0,0,1,0
622010,0,1,0,0,0,1,0,0,1,0
622011,0,1,0,0,0,1,1,0,1,0
622012,0,1,0,0,0,0,1,1,1,0
622014,0,0,0,1,0,0,0,0,1,0
622015,1,1,0,1,0,1,0,1,1,1
622016,0,0,0,1,0,1,0,0,1,0
622017,0,0,0,0,0,0,0,0,1,0
622018,0,0,0,0,0,0,0,0,1,0
622019,0,0,0,0,0,1,0,1,1,0
622020,0,0,0,0,0,0,0,1,1,0
623001,0,1,0,0,0,0,0,0,1,0
623002,0,0,0,0,0,0,0,0,1,0
623003,0,0,0,0,0,0,0,0,1,0
623004,0,0,0,0,0,0,0,0,1,0
623005,0,0,0,0,0,0,0,0,1,0
623006,0,0,0,0,0,0,0,0,1,0
623007,0,0,0,0,0,0,0,0,1,0
623008,0,1,0,0,0,0,0,0,1,0
623009,0,0,0,0,0,0,0,0,1,0
623010,0,0,0,0,0,0,0,0,1,0
623011,0,,0,0,0,0,0,0,1,0
623013,0,1,0,1,0,0,0,0,1,0
623014,0,0,0,0,0,0,0,0,1,0
623016,0,0,0,1,0,0,0,1,1,0
623017,0,0,0,0,0,1,0,0,1,0
623018,0,1,0,0,0,0,0,0,1,0
623019,0,0,0,0,0,0,0,0,1,0
623020,0,0,0,1,0,0,0,0,1,0
624001,0,0,0,0,0,0,1,1,1,0
624002,0,0,0,1,0,1,1,1,1,0
624003,0,1,1,0,0,0,0,0,1,0
624004,0,1,0,0,0,0,0,0,1,0
624007,0,1,0,1,0,0,1,1,1,0
624009,0,0,0,1,0,0,1,1,1,0
624010,0,1,0,0,0,1,0,1,1,0
624011,0,0,0,0,1,0,0,0,1,0
624012,0,0,0,0,0,1,0,1,1,0
624013,0,0,0,0,0,0,0,1,1,0
624014,0,0,0,1,0,1,0,1,1,1
624015,0,0,0,1,0,0,0,1,1,0
624016,0,1,0,0,0,1,0,0,1,0
624017,0,0,0,1,0,0,1,1,1,0
624018,0,1,1,0,0,0,0,0,1,0
624019,0,0,0,0,0,1,0,1,1,0
624020,0,0,0,0,0,0,0,0,0,0
625001,0,0,0,0,0,0,1,0,1,0
625002,0,1,0,1,0,0,0,0,1,0
625003,0,0,0,1,0,0,0,0,1,0
625004,0,0,0,1,0,0,0,0,1,0
625005,0,0,0,0,0,0,0,0,1,0
625006,0,0,0,0,0,0,0,0,1,0
625007,0,0,0,1,0,0,0,0,1,0
625008,0,0,0,0,0,0,0,0,1,0
625009,0,0,0,0,0,0,0,0,1,0
625010,0,0,0,0,0,0,0,0,0,0
625012,0,0,0,1,0,0,0,0,1,0
625013,0,0,0,0,0,0,0,0,1,0
625014,0,1,0,0,0,0,0,1,1,0
625015,0,0,0,0,0,0,0,0,1,0
625016,0,0,0,1,0,0,0,0,1,0
625017,0,0,0,0,0,0,0,0,1,0
625018,0,0,0,0,0,0,0,0,1,0
625019,0,0,0,0,0,0,0,0,1,0
625020,0,1,0,0,0,0,0,0,1,0
626001,0,0,0,0,0,0,0,0,1,0
626002,0,0,0,0,0,0,0,0,1,0
626003,0,0,0,0,0,0,0,0,1,0
626004,0,0,0,0,0,0,0,0,1,0
626005,0,0,0,0,0,0,0,0,1,0
626006,0,0,0,0,0,0,0,0,1,0
626007,0,0,0,0,0,0,0,0,1,0
626009,0,0,0,0,0,0,0,0,1,0
626010,0,0,0,0,0,0,0,0,1,0
626011,0,0,0,0,0,0,0,0,0,0
626013,0,0,0,0,0,0,0,0,1,0
626014,0,0,0,0,0,0,0,0,1,0
626015,0,0,0,0,0,0,0,0,1,0
626016,0,0,0,0,0,0,0,0,1,0
626017,0,0,0,0,0,0,0,0,1,0
626018,0,0,0,0,0,0,0,0,0,0
626020,0,0,0,0,0,0,0,0,1,0
627001,0,0,0,0,0,0,0,0,1,0
627002,0,0,0,0,0,0,0,0,1,0
627003,0,0,0,0,0,0,0,0,0,0
627004,0,0,0,0,0,0,0,0,1,0
627005,0,0,0,0,0,0,0,0,1,0
627006,0,0,0,1,0,0,0,0,1,0
627008,0,0,0,0,0,0,0,0,1,0
627009,0,0,0,0,0,0,0,0,1,0
627010,0,0,0,0,0,0,0,0,1,0
627011,0,0,0,0,0,0,0,0,1,0
627012,0,0,0,0,0,0,0,0,1,0
627013,0,1,0,0,0,0,0,0,1,0
627014,0,0,0,0,0,0,0,0,1,0
627015,0,0,0,0,0,0,0,0,1,0
627016,0,0,0,0,0,0,0,0,1,0
627017,0,0,0,1,0,0,0,0,1,0
627018,0,0,0,0,0,0,0,0,1,0
627019,0,0,0,1,0,0,0,0,1,0
627020,0,0,0,0,0,0,0,0,1,0
628001,0,0,0,0,0,0,0,0,1,0
628002,0,0,0,0,0,0,0,0,1,0
628004,0,0,0,0,0,0,0,0,1,0
628005,0,0,0,0,0,0,0,0,1,0
628006,0,0,0,0,0,0,0,0,0,0
628007,0,0,0,1,0,0,0,0,1,0
628008,0,0,0,0,0,0,0,0,0,1
628009,0,0,0,0,0,0,0,0,0,0
628010,0,0,0,0,0,0,0,0,1,0
628012,0,0,0,0,0,0,0,0,1,0
628013,0,0,0,0,0,0,0,0,1,0
628015,0,0,0,0,0,0,0,0,1,0
628016,0,1,0,0,0,0,0,0,1,0
628017,0,0,0,0,0,0,0,0,1,0
628018,0,0,0,0,0,0,0,0,1,0
628019,0,0,0,0,0,0,0,0,0,0
628020,0,0,0,0,0,0,0,0,0,0
629001,0,0,0,1,0,0,0,0,1,0
629002,0,0,1,1,0,0,0,0,1,0
629003,0,1,0,1,0,0,0,0,1,0
629004,0,0,0,0,0,0,0,0,1,0
629005,1,0,0,0,0,0,0,0,1,0
629006,0,0,0,1,0,0,0,0,0,0
629007,0,0,0,1,0,0,0,0,1,0
629009,0,0,0,1,0,0,0,0,1,0
629010,0,0,0,1,0,0,0,0,1,0
629011,1,1,0,0,0,0,0,0,1,0
629012,0,0,1,1,0,1,0,0,1,0
629013,0,0,0,0,0,0,0,0,1,0
629014,0,0,0,1,0,0,0,1,1,0
629015,0,0,0,0,0,0,0,0,0,0
629016,0,0,0,0,0,0,0,0,1,0
629017,0,0,0,0,0,0,0,0,1,0
629018,0,0,0,0,0,0,0,0,1,0
629019,0,0,0,0,0,0,0,0,1,0
629020,0,0,1,0,0,0,0,0,1,0
630001,0,0,0,0,0,0,0,0,1,0
630002,0,0,0,0,0,0,0,0,1,0
630003,0,0,0,0,0,0,0,0,1,0
630005,0,0,0,0,0,0,0,0,0,0
630006,0,0,0,0,0,0,0,0,1,0
630007,0,0,0,0,0,0,0,0,1,0
630008,0,0,0,0,0,0,0,0,0,0
630009,0,0,0,0,0,0,0,0,1,0
630010,0,0,0,0,0,0,0,0,1,0
630011,0,0,0,0,0,0,0,0,1,0
630012,0,0,0,0,0,0,0,0,1,0
630013,0,0,0,0,0,0,0,0,0,0
630014,0,1,0,0,0,0,0,0,1,0
630015,0,0,0,0,0,0,0,0,1,0
630016,0,0,0,0,0,0,0,0,1,0
630017,0,0,0,1,0,0,0,0,1,0
630018,0,0,0,0,0,0,0,0,1,0
630019,0,0,0,1,0,0,0,0,1,0
630020,0,0,0,0,0,0,0,0,1,0
631001,0,0,0,0,0,0,0,0,1,0
631002,0,0,0,0,0,0,1,1,1,0
631003,0,0,0,0,0,1,0,1,1,0
631005,0,0,1,1,0,0,1,1,1,0
631006,0,0,0,0,0,0,0,1,1,0
631007,0,0,0,0,0,0,1,1,1,1
631008,0,1,0,0,1,1,1,1,1,1
631009,0,0,0,1,0,0,1,1,1,1
631010,1,0,0,0,0,0,1,1,1,1
631011,0,0,0,1,0,0,0,1,1,0
631012,0,0,0,0,0,0,1,1,1,1
631013,0,0,1,0,0,0,0,0,1,0
631014,0,0,0,0,0,0,1,1,1,1
631015,0,0,0,0,0,1,1,1,1,0
631017,0,0,0,1,0,0,1,1,1,1
631018,0,1,0,0,0,0,1,0,1,0
631019,0,1,0,0,0,0,1,0,1,0
631020,0,0,0,0,0,0,0,0,1,0
632001,0,0,0,0,0,0,0,0,1,0
632002,0,0,0,1,0,0,0,0,1,0
632004,0,0,0,0,0,0,0,0,1,0
632005,0,0,0,0,0,0,0,0,1,0
632006,0,0,0,0,0,0,0,0,1,0
632007,0,0,1,1,0,0,1,1,1,0
632009,0,0,0,0,0,0,0,1,1,0
632010,0,0,1,1,1,0,1,1,1,1
632011,0,0,0,0,0,0,0,1,1,0
632014,0,0,0,0,0,0,0,0,1,0
632015,0,0,1,0,0,0,0,1,1,0
632016,0,0,0,0,0,1,0,0,1,0
632017,0,0,1,0,0,0,0,0,1,0
632018,0,0,0,1,0,0,0,1,1,0
632019,0,0,1,0,0,0,0,0,1,0
632020,0,0,0,1,0,0,0,0,1,0
633001,0,0,0,0,0,1,1,1,1,1
633002,0,0,0,0,0,0,0,0,1,0
633003,0,0,0,0,0,1,0,0,1,0
633004,0,0,0,0,0,0,0,1,1,1
633005,0,0,0,1,0,0,0,1,1,1
633006,0,0,1,0,0,1,0,0,1,0
633007,0,0,0,0,0,0,0,1,1,1
633008,0,0,0,0,0,0,0,1,1,0
633009,0,1,0,0,0,1,1,0,1,0
633010,0,0,0,0,0,0,0,0,1,0
633012,0,0,0,0,0,0,1,0,1,0
633013,0,1,0,0,0,0,0,0,1,1
633014,0,0,0,0,0,0,0,0,1,0
633015,0,0,0,1,0,0,0,1,1,1
633016,0,0,0,1,0,0,0,1,1,1
633017,0,0,0,0,0,0,0,0,1,0
633018,0,0,0,0,0,0,0,0,1,0
633019,0,1,0,0,0,0,0,0,1,0
633020,0,0,0,0,0,1,0,0,1,0
634001,0,1,0,0,0,0,1,1,1,0
634002,0,0,1,1,0,0,1,1,1,1
634003,0,0,0,0,0,0,1,1,1,0
634004,0,1,0,0,0,0,0,1,1,0
634005,0,0,0,1,0,0,1,1,1,0
634006,0,0,0,1,1,0,1,0,1,0
634007,0,1,0,0,0,0,0,0,1,0
634009,0,0,1,1,0,0,1,0,1,0
634010,0,1,0,1,0,0,1,1,1,0
634011,0,1,1,1,0,0,0,0,1,0
634012,0,0,0,1,0,1,1,1,1,0
634013,0,1,1,0,0,0,0,1,1,0
634014,0,0,1,1,0,0,0,1,1,0
634015,0,0,0,0,0,0,0,0,1,0
634016,0,0,1,1,0,1,1,1,1,0
634017,0,0,0,1,0,1,1,1,1,0
634018,0,0,0,0,0,1,0,1,1,0
634019,1,1,0,0,0,1,0,1,1,0
634020,0,0,0,1,0,0,1,1,1,0
635001,0,0,0,0,0,0,0,0,1,0
635002,0,0,0,0,0,0,0,0,1,0
635003,0,0,0,1,0,0,1,1,1,0
635004,0,1,0,1,0,1,0,0,1,0
635005,0,0,1,0,0,0,1,0,1,1
635006,0,1,0,0,0,0,1,1,1,0
635008,0,0,0,0,0,0,0,1,1,0
635009,0,1,0,0,0,0,1,1,1,0
635010,0,0,0,0,0,0,0,1,1,0
635011,0,0,0,1,0,0,1,1,1,1
635012,0,0,0,1,0,0,1,0,1,0
635014,0,0,1,1,0,0,0,0,1,0
635016,0,1,0,0,0,0,0,0,1,0
635017,0,1,0,1,0,0,0,0,1,0
635018,0,1,0,1,0,0,0,0,1,0
635019,0,0,0,0,0,0,1,0,1,0
635020,0,0,0,0,0,0,0,0,1,0
636001,0,0,0,0,0,0,0,0,1,0
636002,0,0,0,1,0,0,0,0,1,0
636003,0,0,0,0,0,0,0,0,1,0
636004,0,0,0,0,0,0,0,0,1,0
636005,0,0,0,0,0,0,0,0,1,0
636006,0,0,0,0,0,0,0,0,1,0
636008,0,0,0,0,0,0,0,0,1,0
636010,0,0,0,0,0,0,0,0,1,0
636011,0,0,0,0,0,0,0,0,0,0
636013,0,0,0,0,0,0,0,0,1,0
636014,0,0,0,0,0,0,0,0,1,0
636015,0,0,0,0,0,0,0,0,0,0
636016,0,0,0,1,0,0,0,0,1,0
636017,0,0,0,0,0,0,0,0,1,0
636018,0,0,0,0,0,0,0,1,1,0
636020,0,1,0,0,0,0,0,0,1,0
637002,0,0,0,0,0,0,0,0,1,0
637003,0,0,0,0,0,0,0,0,1,0
637004,0,0,0,0,0,0,0,0,1,0
637005,0,1,0,0,0,0,0,0,1,0
637006,0,0,0,0,0,0,0,0,1,0
637007,0,0,0,0,0,0,0,0,0,0
637008,0,0,0,0,0,0,0,0,1,0
637009,0,0,0,0,0,0,0,0,1,0
637010,0,1,0,0,0,0,0,0,1,0
637011,0,0,0,0,0,0,0,0,1,0
637012,0,0,0,0,0,0,0,0,1,0
637014,0,0,0,0,0,0,0,0,1,0
637015,0,0,0,0,0,0,0,0,1,0
637016,0,0,0,0,0,0,0,0,1,0
637017,0,0,0,0,0,0,0,0,1,0
637018,0,0,0,0,0,0,0,0,0,0
637019,0,0,0,1,0,0,0,1,1,0
637020,0,0,0,0,0,0,0,0,1,0
638001,0,0,0,0,0,0,0,0,1,0
638002,0,0,0,0,0,0,0,1,1,0
638003,0,0,0,0,0,0,0,0,1,0
638004,0,0,0,1,0,0,0,0,1,0
638005,0,0,0,0,0,0,0,0,1,0
638006,0,0,0,0,0,0,0,0,1,0
638007,0,1,0,0,0,0,0,0,1,0
638008,0,0,0,0,0,0,1,0,1,0
638009,0,0,0,0,0,0,0,0,1,0
638011,0,0,0,0,0,0,0,0,0,0
638012,0,0,0,0,0,0,1,1,1,0
638013,0,0,0,0,0,0,0,1,1,0
638014,0,0,0,0,0,0,0,0,0,0
638016,0,0,0,0,0,0,0,0,1,0
638017,0,0,0,0,0,0,1,0,0,0
638018,0,0,0,0,0,0,0,0,1,0
638019,0,0,0,0,0,0,0,0,1,0
638020,0,0,0,0,0,0,0,0,1,0
639001,0,0,0,0,0,0,0,0,1,0
639002,0,,0,0,0,0,0,0,1,0
639003,0,0,0,0,0,0,0,0,1,0
639004,0,0,0,0,0,0,0,0,1,0
639005,0,0,0,0,0,0,0,0,0,0
639006,0,0,0,0,0,0,0,0,1,0
639007,0,0,0,0,0,0,0,0,1,0
639008,0,0,0,1,0,0,0,0,1,0
639009,0,0,0,0,0,0,0,0,1,0
639010,0,0,0,0,0,0,0,0,1,0
639011,0,0,0,0,0,0,0,0,0,0
639012,0,0,0,0,0,0,1,0,1,0
639013,0,0,0,0,0,0,0,0,1,0
639014,0,0,0,0,0,0,0,0,1,0
639015,0,0,0,0,0,0,0,0,0,0
639016,0,0,1,0,0,0,0,0,1,0
639017,0,0,0,0,0,0,0,0,1,0
639018,0,0,0,0,0,0,0,0,1,0
639019,0,0,0,1,0,0,0,0,1,0
639020,0,0,0,0,0,0,0,0,1,0
640001,0,0,0,0,0,0,0,0,1,0
640002,0,0,0,0,0,0,0,1,1,0
640003,0,0,0,0,0,0,0,1,1,0
640005,0,1,0,0,0,0,0,0,1,0
640006,0,0,0,0,0,0,0,0,1,0
640007,0,0,0,0,0,0,0,0,1,0
640008,0,0,0,0,0,0,0,0,1,0
640009,0,0,0,0,0,0,0,0,1,0
640010,0,0,0,1,0,0,0,0,1,0
640011,0,0,0,0,0,0,0,0,1,0
640012,0,1,0,0,0,0,0,0,1,0
640013,0,0,0,0,0,0,0,0,1,0
640014,0,0,0,0,0,0,0,0,1,0
640015,0,1,0,0,0,0,0,0,1,0
640016,0,0,0,0,0,0,0,0,1,0
640017,0,0,0,0,0,0,0,0,1,0
640018,0,,0,0,0,0,0,0,1,0
640019,0,0,0,0,0,0,0,0,1,0
640020,0,0,0,0,0,0,0,0,1,0
641001,0,0,0,0,0,0,0,0,1,0
641002,0,0,0,0,0,0,0,0,1,0
641003,0,0,0,0,0,0,0,0,1,0
641004,0,0,0,0,0,0,0,0,1,0
641005,0,0,0,1,0,0,0,0,1,0
641006,0,0,0,0,0,0,0,0,1,0
641007,0,0,0,0,0,0,0,0,1,0
641008,0,0,0,0,0,0,0,0,1,0
641009,0,0,0,0,0,0,0,0,0,0
641010,0,0,0,0,0,0,0,0,1,0
641011,0,0,0,0,0,0,0,0,1,0
641012,0,0,0,0,0,0,0,0,1,0
641013,0,0,0,0,0,0,0,0,0,0
641014,0,0,0,0,0,0,0,0,1,0
641015,0,0,0,0,0,0,0,0,1,0
641017,0,0,0,0,0,0,0,0,1,0
641018,0,0,0,0,0,0,0,0,1,0
641019,0,0,0,1,0,0,1,1,1,0
641020,0,0,0,0,0,0,0,0,1,0
642001,0,0,0,0,0,0,0,0,1,0
642002,0,0,0,1,0,0,0,0,1,0
642003,0,0,0,0,0,0,0,0,1,0
642004,0,1,0,0,0,0,0,0,1,0
642005,0,0,0,0,0,0,0,0,1,0
642006,0,0,0,0,0,0,1,1,1,0
642008,0,0,0,0,0,1,1,1,1,0
642009,0,0,0,0,0,0,0,0,1,0
642010,0,0,0,0,0,0,0,0,1,0
642011,0,0,0,0,0,0,0,0,0,0
642012,0,0,0,0,0,0,0,0,1,0
642013,0,0,0,0,0,0,0,0,1,0
642014,0,0,0,0,0,0,0,0,1,0
642015,0,0,0,0,0,0,0,0,1,0
642016,0,0,0,0,0,0,0,0,1,0
642017,0,1,0,0,0,0,0,0,1,0
642018,0,0,0,1,0,0,1,1,1,0
642019,0,0,0,1,0,1,0,0,1,0
642020,0,1,0,1,0,0,1,0,1,0
643001,0,0,0,1,0,0,0,1,0,0
643002,0,0,0,0,0,0,0,1,1,0
643003,0,1,0,0,0,0,0,0,1,0
643004,0,1,0,0,0,0,0,0,1,0
643005,0,0,0,1,0,0,0,0,1,0
643006,1,0,0,0,0,0,0,1,1,0
643007,0,0,0,0,0,0,0,0,1,0
643008,0,0,0,0,0,0,0,0,1,0
643009,0,0,0,0,0,0,0,0,1,0
643010,0,0,0,0,0,0,0,0,1,0
643011,0,0,0,0,0,0,0,1,1,0
643012,0,0,0,0,0,0,1,0,1,0
643013,0,0,0,0,0,0,0,0,1,0
643014,0,0,1,0,0,0,0,0,1,0
643015,0,0,0,0,0,0,0,0,1,0
643016,0,0,0,0,0,0,0,0,1,0
643017,0,0,0,0,0,0,0,0,0,0
643018,0,0,0,0,0,0,0,0,1,0
643019,0,0,0,0,0,0,0,0,1,0
643020,0,0,0,1,0,0,0,0,1,0
644001,0,0,0,1,0,0,1,1,1,0
644002,0,1,0,1,0,0,1,1,1,0
644003,0,0,0,0,0,0,0,0,1,0
644004,0,0,0,0,0,0,0,1,1,0
644005,0,0,0,1,0,0,0,0,1,0
644006,0,0,0,1,0,1,0,0,1,0
644007,0,0,0,0,0,0,1,1,1,0
644008,0,0,0,1,0,0,0,0,1,0
644009,0,0,0,0,0,0,0,1,1,0
644010,0,0,0,1,0,0,0,0,1,0
644011,0,0,0,1,0,0,0,0,1,0
644012,0,0,0,0,0,0,0,1,1,0
644013,0,0,0,0,0,0,0,1,1,0
644014,0,0,0,1,0,0,0,1,1,0
644016,0,0,0,0,0,0,0,0,1,0
644018,0,0,0,0,0,0,1,0,1,0
644019,0,0,0,0,0,0,0,0,1,0
644020,0,0,1,1,0,0,0,1,1,0
645001,0,0,0,0,0,0,0,1,1,0
645002,1,1,0,0,0,0,0,0,1,0
645003,0,0,0,0,0,0,0,0,1,0
645004,0,0,0,1,0,0,0,0,1,0
645005,0,0,0,1,0,0,1,1,1,1
645006,0,0,0,0,0,0,0,0,1,0
645007,0,0,0,0,0,0,0,0,1,0
645009,0,0,0,0,0,0,0,0,1,0
645010,0,0,0,0,0,1,0,0,1,0
645011,0,0,0,0,0,0,0,1,1,0
645013,0,0,0,0,0,0,0,1,1,0
645014,0,0,0,0,0,0,0,0,1,0
645015,0,0,0,0,0,0,0,0,1,0
645016,0,1,0,0,0,0,1,1,1,0
645017,0,1,0,0,0,0,0,0,1,0
645019,0,1,0,0,0,0,1,0,1,0
645020,0,0,0,0,0,0,0,0,1,0
646002,0,1,0,1,0,1,1,1,1,0
646003,0,0,0,0,0,0,0,0,1,0
646004,0,0,0,0,0,0,0,0,1,0
646005,,0,0,0,0,0,0,0,1,0
646006,0,0,0,0,0,0,0,0,1,0
646007,0,0,0,0,0,1,1,1,1,0
646008,0,0,0,0,0,0,0,0,1,0
646009,0,,0,0,0,0,1,1,1,0
646010,0,,0,0,0,0,0,0,1,0
646011,0,0,1,0,0,0,0,0,1,0
646012,0,0,0,0,0,0,0,0,1,0
646013,,0,0,1,0,0,1,0,1,0
646014,0,0,0,1,0,0,0,1,1,1
646015,0,0,0,0,0,0,0,0,1,0
646016,0,0,0,0,0,0,0,0,1,0
646017,0,0,0,1,0,0,0,0,1,0
646018,0,1,0,1,0,0,1,0,1,0
646019,1,0,1,0,0,0,0,0,1,0
646020,0,0,0,1,0,0,0,0,1,0
647001,0,0,0,0,0,0,0,1,1,0
647002,1,0,1,1,0,1,1,1,1,1
647003,0,0,0,0,0,0,1,0,1,0
647004,0,0,0,0,0,1,0,1,1,0
647005,0,1,0,0,0,1,0,1,1,1
647006,0,0,0,0,0,0,1,0,1,0
647007,0,1,0,0,0,1,1,1,1,0
647008,0,0,0,0,0,0,1,1,1,0
647009,0,0,0,0,0,0,1,1,1,0
647010,0,0,0,0,0,0,0,0,1,0
647011,0,0,0,0,0,0,0,0,1,0
647012,0,0,0,0,0,0,0,0,1,0
647013,0,0,0,0,0,0,0,0,1,0
647014,0,0,1,0,0,0,1,1,1,0
647015,0,1,0,0,0,0,0,1,1,1
647016,0,0,0,0,0,0,1,1,1,0
647017,0,0,0,0,0,0,0,1,1,0
647018,0,0,0,1,0,0,1,1,1,1
647019,0,0,0,0,0,0,0,1,1,0
647020,0,0,0,0,0,1,0,0,0,0
648001,0,0,0,0,0,0,0,0,1,0
648002,0,0,0,0,0,0,0,0,1,0
648003,0,1,0,0,0,0,0,0,1,0
648004,0,0,0,0,0,0,0,0,1,0
648005,0,0,0,0,0,0,0,0,1,0
648006,0,0,0,0,0,0,0,0,1,0
648007,0,0,0,0,0,0,0,0,1,0
648008,0,0,0,0,0,0,0,0,1,0
648009,0,0,0,0,0,0,0,0,1,0
648010,0,0,0,1,0,0,0,0,1,0
648011,0,0,0,0,0,0,0,0,1,0
648012,0,0,0,0,0,0,0,0,1,0
648013,0,0,0,0,0,1,0,1,1,0
648014,0,1,0,0,0,0,0,1,1,1
648015,0,0,0,0,0,0,0,0,1,0
648016,0,1,0,0,0,0,0,0,1,0
648017,0,0,0,0,0,0,0,0,1,0
648018,0,0,0,0,0,1,0,1,1,0
648019,0,0,0,0,0,0,0,0,1,0
648020,0,0,0,0,0,0,0,0,1,0
649001,0,,0,0,0,0,0,0,0,0
649002,0,1,0,0,0,0,0,0,0,0
649003,0,0,0,1,0,0,0,0,1,0
649004,0,0,0,0,0,0,0,0,1,0
649005,0,0,0,0,0,0,0,1,1,0
649006,0,1,1,0,0,0,1,1,1,0
649007,0,0,0,0,0,0,0,0,1,0
649008,1,0,0,0,0,0,1,1,1,0
649009,0,0,0,0,0,0,0,0,1,0
649011,0,1,0,1,0,1,0,1,1,0
649012,0,0,0,0,0,0,0,1,1,0
649013,0,0,0,1,0,0,0,0,1,0
649014,0,0,1,1,0,1,1,1,1,0
649016,0,0,0,0,0,0,0,0,1,0
649017,0,1,0,0,0,0,0,1,1,0
649019,0,0,1,1,0,0,1,0,1,0
649020,0,1,0,0,0,0,0,1,1,0
650001,0,1,0,0,0,0,0,0,1,0
650002,0,1,0,0,0,0,0,1,1,0
650003,0,0,0,0,0,0,0,0,1,0
650004,0,0,0,0,0,0,0,1,1,0
650005,0,0,1,0,0,0,0,0,1,0
650006,0,0,0,0,0,1,0,1,1,0
650007,0,0,1,0,0,1,0,1,1,1
650008,0,1,0,0,0,0,0,0,1,0
650009,0,0,0,0,0,1,0,1,1,0
650010,0,1,0,1,0,0,1,1,1,0
650011,1,1,1,0,0,0,0,0,0,0
650013,0,1,0,0,0,0,0,1,1,0
650014,0,0,1,0,0,0,0,0,1,0
650015,0,0,0,0,0,0,1,1,1,0
650017,0,1,0,1,0,0,1,1,1,0
650018,0,1,0,1,0,0,1,1,1,0
650019,0,0,0,0,0,0,1,1,1,0
650020,0,1,1,0,0,1,0,1,1,0
651001,0,0,0,0,0,0,0,0,1,0
651003,0,0,0,0,0,0,1,1,1,0
651004,0,1,0,0,0,0,0,0,1,0
651005,0,0,0,0,0,0,0,0,1,0
651006,0,0,0,0,0,0,0,1,1,0
651007,0,1,0,1,0,0,1,1,1,0
651008,0,0,0,0,0,0,1,0,1,0
651009,0,0,0,0,0,0,0,0,1,1
651010,0,0,0,0,0,0,1,0,1,0
651011,0,1,0,1,0,1,0,1,1,1
651012,0,0,0,0,0,0,0,1,1,0
651013,0,0,0,0,0,0,0,0,1,0
651014,0,0,0,0,0,0,0,1,1,0
651015,0,0,1,0,0,0,1,1,1,0
651017,0,1,0,0,0,0,0,1,1,0
651018,0,0,0,0,0,0,1,1,1,1
651019,0,1,0,0,0,0,1,1,1,0
651020,1,0,1,0,0,0,0,1,1,0
652001,0,1,0,0,0,0,0,0,1,0
652002,0,1,0,0,0,0,1,1,1,0
652003,0,1,0,0,0,0,0,0,1,0
652004,0,0,0,0,0,0,0,0,1,0
652005,0,1,1,0,0,0,0,0,1,0
652006,0,1,0,1,0,1,1,1,1,0
652007,0,0,0,1,0,0,0,0,1,0
652008,0,1,1,0,0,1,0,1,1,0
652009,0,1,0,0,0,1,0,0,1,0
652010,0,0,0,0,0,0,0,1,1,0
652011,0,1,1,1,0,0,1,1,1,0
652012,0,0,0,0,0,0,1,1,1,0
652013,0,0,0,0,0,0,1,1,1,0
652014,0,1,0,0,0,0,1,1,1,0
652015,0,1,0,1,1,0,1,1,1,1
652017,0,1,0,0,0,0,1,0,1,0
652019,0,0,0,0,0,0,0,1,1,0
652020,0,0,0,1,0,0,0,1,1,0
653001,0,0,0,0,0,0,0,1,1,0
653002,0,0,1,1,0,0,1,1,1,0
653003,0,0,1,0,0,0,0,1,1,0
653004,0,0,0,0,0,0,0,0,1,0
653005,0,0,1,0,0,0,0,1,1,0
653006,0,0,0,0,0,0,1,1,1,0
653007,0,0,1,0,0,0,0,0,1,0
653009,0,0,0,1,0,0,0,1,1,0
653010,0,0,0,0,0,0,0,0,1,0
653011,0,0,1,0,0,0,0,0,1,0
653012,0,0,0,0,0,0,0,0,1,0
653013,0,1,1,1,0,1,1,1,1,0
653014,0,0,0,0,0,0,0,0,1,0
653015,0,1,0,1,0,1,0,0,1,0
653016,1,1,0,0,0,0,0,1,1,0
653017,0,1,0,0,0,1,0,0,1,0
653018,0,0,0,0,0,0,0,1,1,0
653019,0,1,0,0,0,0,0,0,1,0
653020,0,0,0,1,1,1,1,0,1,0
654001,0,1,1,0,0,0,0,0,0,0
654002,0,0,0,0,0,0,0,0,1,0
654003,0,0,0,1,0,0,0,0,1,0
654004,0,0,0,0,0,0,0,0,1,0
654005,0,0,0,0,0,0,0,0,1,0
654006,0,0,0,0,0,0,0,0,1,0
654007,0,0,0,0,0,0,0,0,0,0
654008,0,1,0,0,0,0,0,0,1,0
654009,0,0,0,0,0,0,0,0,1,0
654010,0,0,0,0,0,0,0,0,1,0
654011,0,0,0,0,0,0,0,0,0,0
654012,0,0,0,0,0,0,0,0,1,0
654013,0,1,0,0,0,0,0,0,0,0
654014,0,0,0,0,0,0,0,0,0,0
654015,0,0,0,0,0,0,0,0,1,0
654016,0,0,0,0,0,0,0,0,1,0
654017,0,0,0,0,0,0,0,0,1,0
654018,0,1,0,0,0,0,0,0,1,0
654019,0,0,0,1,0,0,0,0,1,0
655001,0,0,0,0,0,0,0,0,1,0
655002,0,0,0,0,0,0,0,0,1,0
655003,0,0,0,0,0,0,0,0,0,0
655004,0,0,0,0,0,0,0,0,0,0
655005,0,0,0,0,0,0,0,0,0,0
655006,0,0,0,0,0,0,0,0,1,0
655007,0,0,0,0,0,0,0,0,0,0
655008,0,0,0,0,0,0,0,0,0,0
655009,0,0,0,0,0,0,0,0,1,0
655010,0,0,0,0,0,0,0,0,1,0
655011,0,0,0,0,0,0,0,0,1,0
655012,0,0,0,0,0,0,0,0,1,0
655013,0,0,0,0,0,0,0,0,0,0
655014,0,0,0,0,0,0,0,0,1,0
655015,0,0,0,0,0,0,0,0,1,0
655016,0,0,0,0,0,0,0,0,1,0
655017,0,0,0,0,0,0,0,0,1,0
655018,0,0,0,0,0,0,0,0,0,0
655019,0,0,0,0,0,0,0,0,1,0
656001,0,0,0,0,0,0,0,0,0,0
656002,0,0,0,1,0,0,0,0,1,0
656003,0,0,0,0,0,0,0,0,1,0
656004,0,0,0,0,0,0,0,0,1,0
656005,0,0,0,0,0,0,0,0,1,0
656006,0,0,1,1,0,0,0,0,1,0
656007,0,0,0,0,0,0,0,1,1,0
656008,0,0,0,0,0,0,0,0,1,0
656009,0,1,0,0,0,0,0,0,1,0
656010,0,0,0,0,0,0,0,1,1,0
656011,0,0,0,0,0,0,0,0,1,0
656012,0,0,0,0,0,0,0,0,1,0
656013,0,0,0,0,0,0,0,0,0,0
656014,0,0,0,0,0,0,0,0,1,0
656015,0,0,0,0,0,0,0,0,0,0
656016,0,0,0,0,0,0,0,0,0,0
656017,0,0,0,0,0,0,0,0,1,0
656018,0,0,0,0,0,0,0,0,1,0
656019,0,0,0,0,0,0,0,0,1,0
656020,0,0,0,0,0,0,0,0,1,0
657001,0,0,0,0,0,0,0,0,1,0
657002,0,0,0,0,0,0,0,0,1,0
657003,0,0,0,0,0,0,0,0,1,0
657004,0,0,0,0,0,0,0,0,1,0
657005,0,0,0,0,0,0,1,0,1,0
657006,0,0,0,0,0,0,0,0,0,0
657007,0,0,0,0,0,0,0,0,1,0
657008,0,0,0,0,0,0,0,0,0,0
657009,0,0,0,1,0,0,0,0,1,0
657010,0,0,0,1,0,0,0,0,1,0
657011,0,0,0,0,0,0,0,0,1,0
657012,0,0,0,0,0,0,0,0,0,0
657013,0,0,0,1,0,0,0,0,1,0
657014,0,0,0,0,0,0,0,0,0,0
657015,0,1,0,0,0,0,0,0,1,0
657016,0,0,0,0,0,0,0,0,1,0
657017,0,0,0,0,0,0,0,0,1,0
657018,0,0,0,0,0,0,0,0,1,0
657019,0,0,0,0,0,0,0,0,1,0
657020,0,0,0,0,0,0,0,0,1,0
658001,0,0,0,1,0,0,0,0,1,0
658002,0,0,0,0,0,0,0,0,1,0
658003,0,0,0,0,0,0,0,0,1,0
658004,0,0,0,0,0,0,0,0,1,0
658005,0,0,0,0,0,0,0,0,1,0
658006,0,0,0,0,0,0,1,0,0,0
658007,0,1,0,0,0,0,0,0,1,0
658008,0,0,0,1,0,0,0,0,1,0
658009,0,0,0,0,0,0,1,0,1,0
658010,0,0,0,0,0,0,0,0,1,0
658011,0,0,0,0,0,0,0,1,1,0
658012,0,0,0,0,0,0,0,0,1,0
658013,0,0,0,0,0,0,0,0,1,0
658014,0,0,0,0,0,1,0,0,1,0
658015,0,0,0,0,0,0,0,0,1,0
658016,0,1,0,0,0,0,0,0,0,0
658017,0,0,0,0,0,0,0,0,1,0
658018,0,0,0,0,0,0,0,0,1,0
658019,0,0,0,0,0,0,0,0,1,0
658020,0,0,0,0,0,1,0,0,1,0
659001,0,0,0,0,0,0,0,0,1,0
659002,0,0,0,0,0,0,0,0,1,0
659003,0,0,0,1,0,0,0,0,1,0
659004,0,0,0,0,0,0,0,0,1,0
659005,0,0,0,0,0,0,0,0,1,0
659006,0,0,0,0,0,0,0,0,1,0
659007,0,0,0,1,0,0,1,1,1,0
659008,0,0,0,0,0,0,0,0,0,0
659009,0,1,0,0,0,0,0,0,1,0
659010,0,0,0,0,0,0,0,0,1,0
659011,0,0,0,0,0,0,0,0,1,0
659012,0,0,0,0,0,0,0,0,1,0
659013,0,0,0,1,0,0,0,0,1,0
659014,0,0,0,0,0,0,0,0,1,0
659015,0,0,0,0,0,0,0,0,1,0
659016,0,1,0,0,0,0,1,0,1,0
659017,0,0,0,0,0,0,0,0,1,0
659018,0,1,0,0,0,0,0,0,1,0
659019,0,0,0,0,0,0,0,0,1,0
659020,0,0,0,0,0,0,0,0,1,0
660001,0,0,0,0,0,0,0,0,1,0
660002,0,0,0,0,0,0,0,0,1,0
660003,0,1,0,0,0,0,0,0,1,0
660004,0,0,0,0,0,0,0,0,1,0
660005,0,0,0,0,0,0,1,0,1,0
660006,0,0,0,0,0,0,0,0,1,0
660007,0,0,0,0,0,0,0,0,1,0
660008,0,0,0,1,0,0,0,0,1,0
660009,0,0,0,0,0,0,0,0,0,0
660011,0,0,0,0,0,0,0,0,1,0
660012,0,0,0,0,0,0,0,0,1,0
660013,0,0,0,0,0,0,0,0,1,0
660014,0,0,0,0,0,0,0,0,1,0
660015,0,0,0,0,0,0,0,0,1,0
660016,0,0,0,0,0,0,0,0,1,0
660018,0,0,0,0,0,0,0,0,1,0
660019,0,0,0,1,0,0,1,1,1,0
660020,0,0,0,1,0,0,1,0,1,0
661001,0,0,0,0,0,0,0,0,1,0
661002,0,0,0,0,0,0,0,0,1,0
661003,0,0,0,0,0,0,0,0,1,0
661004,0,0,0,0,0,0,0,0,1,0
661005,0,0,0,0,0,0,1,1,1,0
661006,0,0,0,0,0,0,0,0,1,0
661007,0,0,0,0,0,0,0,0,0,0
661008,0,0,0,0,0,0,0,0,1,0
661009,0,0,0,0,0,0,0,0,1,0
661010,0,0,0,0,0,0,0,0,1,0
661011,0,1,0,0,0,0,0,0,1,0
661012,0,1,0,0,0,0,0,0,0,0
661013,0,0,0,0,0,0,0,0,1,0
661014,0,0,0,0,0,0,0,0,1,0
661015,0,0,0,0,0,0,0,0,1,0
661016,0,0,0,0,0,0,0,0,1,0
661017,0,0,0,0,0,0,0,1,1,0
661018,0,0,0,0,0,0,0,0,1,0
661019,0,0,0,0,0,0,0,1,1,0
661020,0,0,0,1,0,0,1,0,1,1
662001,0,1,1,0,0,0,0,0,1,0
662002,0,0,0,0,0,0,0,0,1,0
662003,0,0,0,0,0,0,0,0,1,0
662004,0,0,0,0,0,0,0,0,1,0
662005,0,0,0,0,0,0,0,0,1,0
662006,0,0,0,0,0,0,0,0,1,0
662007,0,1,0,0,0,0,0,0,1,0
662008,0,0,0,1,0,0,0,0,1,0
662009,0,0,0,0,0,0,0,0,1,0
662010,0,1,0,0,0,0,1,1,1,1
662011,0,1,0,1,0,0,0,0,1,0
662012,0,0,0,0,0,0,0,0,1,0
662013,0,0,0,0,0,0,0,0,1,0
662015,0,0,0,0,0,0,0,0,1,0
662016,0,0,0,0,0,0,0,0,1,0
662017,0,0,0,0,0,0,0,0,0,0
662018,0,0,0,0,0,0,1,1,1,1
662019,0,0,0,0,0,0,0,0,1,0
662020,0,0,0,0,0,0,0,0,1,0
663001,0,0,0,0,0,0,0,0,1,0
663002,0,0,0,0,0,0,0,0,1,0
663003,0,0,0,0,0,0,0,0,1,0
663004,0,0,0,0,0,0,0,0,1,0
663005,0,0,0,0,0,0,0,0,1,0
663006,0,0,0,0,0,0,0,0,1,0
663007,0,0,0,0,0,0,0,0,1,0
663008,0,0,0,0,0,0,0,0,1,0
663009,0,0,0,0,0,0,0,0,0,0
663010,0,0,0,0,0,0,0,0,1,0
663011,0,0,0,0,0,0,0,0,1,0
663012,0,0,0,0,0,0,0,0,1,0
663013,0,0,0,0,0,0,0,0,1,0
663014,0,0,0,0,0,0,0,0,1,0
663015,0,0,0,0,0,0,0,0,1,0
663016,0,0,0,0,0,0,0,0,1,0
663017,0,0,0,0,0,0,0,0,1,0
663018,0,0,0,0,0,0,0,0,1,0
663019,0,0,0,0,0,0,0,0,1,0
663020,0,0,0,0,0,0,0,1,1,0
664001,0,0,0,1,0,0,0,0,1,0
664002,0,0,0,0,0,0,0,0,0,0
664003,0,0,0,0,0,0,0,0,0,0
664004,0,0,0,0,0,0,0,0,1,0
664005,0,0,0,0,0,0,0,0,1,0
664006,0,0,0,0,0,0,0,0,1,0
664007,0,0,0,0,0,0,0,0,1,0
664008,0,0,0,0,0,0,0,0,1,0
664009,0,0,0,0,0,0,0,1,1,0
664010,0,0,0,0,0,0,0,0,1,0
664011,0,0,0,0,0,0,0,0,1,0
664012,0,0,0,0,0,0,0,0,1,0
664013,0,0,0,0,0,0,0,0,1,0
664014,0,0,1,0,0,0,0,0,1,0
664015,0,0,0,1,0,1,0,0,1,0
664016,0,0,0,0,0,0,0,0,1,0
664017,0,0,0,0,0,0,0,0,1,0
664018,0,0,0,0,0,0,0,0,1,0
664019,0,0,0,0,0,0,0,0,1,0
664020,0,0,0,0,0,0,0,0,1,0
665001,0,0,0,0,0,0,0,0,1,0
665002,0,0,0,0,0,0,0,0,0,0
665003,0,0,0,0,0,0,0,0,0,0
665004,0,0,0,0,0,0,0,0,0,0
665005,0,0,0,0,0,0,0,0,1,0
665006,0,0,0,0,0,0,0,0,1,0
665007,0,0,0,0,0,0,0,0,0,0
665008,0,0,0,0,0,0,0,0,1,0
665009,0,0,0,0,0,0,0,0,1,0
665010,0,0,0,0,0,0,0,0,1,0
665011,0,0,0,0,0,0,0,0,0,0
665012,0,0,0,0,0,0,0,0,1,0
665013,0,0,0,0,0,0,0,0,1,0
665014,0,0,0,0,0,0,0,0,1,0
665015,0,0,0,0,0,0,0,0,0,0
665016,0,0,0,0,1,0,0,1,1,0
665017,0,0,0,0,0,0,0,0,1,0
665018,0,0,0,0,0,0,0,0,1,0
665019,0,0,0,0,0,0,0,0,1,0
665020,0,0,0,0,0,0,0,0,1,0
666001,0,0,0,0,0,0,0,0,1,0
666002,0,0,0,0,0,0,0,1,1,0
666003,0,0,0,0,0,0,0,0,1,0
666004,0,0,0,1,0,0,0,1,1,0
666005,0,0,0,1,0,0,0,1,1,0
666006,0,0,0,0,0,0,0,0,1,0
666007,0,0,0,0,0,0,0,0,1,0
666008,0,0,0,0,0,0,0,0,1,0
666009,0,0,0,1,0,0,0,0,1,0
666010,0,1,0,0,0,0,1,0,1,0
666011,0,0,0,0,0,0,0,0,1,0
666012,0,0,0,0,0,0,0,0,0,0
666013,0,0,0,0,0,0,0,1,0,0
666014,0,0,0,0,0,0,0,1,1,0
666015,0,0,0,0,0,0,0,0,0,0
666016,0,0,0,0,0,0,0,0,1,0
666017,0,1,0,0,0,0,0,0,1,0
666018,0,0,0,0,0,0,0,0,1,0
666019,0,0,0,0,0,0,0,0,1,0
666020,0,0,0,0,0,0,0,0,1,0
667001,0,1,0,1,0,0,0,0,1,0
667002,0,0,0,0,0,0,1,0,1,0
667003,0,0,0,0,0,0,0,0,1,0
667004,0,0,0,0,0,0,0,0,1,0
667005,0,1,0,0,0,0,0,0,1,0
667006,0,0,0,0,0,0,0,0,1,0
667007,0,0,0,0,0,0,0,0,1,0
667008,0,0,1,0,0,0,0,0,1,0
667009,0,0,0,0,0,0,0,1,1,0
667010,0,0,0,0,0,0,0,0,1,0
667011,0,0,0,0,0,0,0,0,1,0
667012,0,0,0,0,0,0,0,0,1,0
667013,0,0,0,0,0,0,0,0,0,0
667014,0,0,0,1,0,0,0,0,1,0
667015,0,0,0,1,0,0,0,1,1,0
667016,0,0,0,1,0,0,0,0,1,0
667017,0,0,0,0,0,0,0,0,1,0
667018,0,0,0,1,0,0,0,0,1,0
667019,0,0,0,0,0,0,0,0,1,0
667020,0,0,0,1,0,1,0,0,1,1
668001,0,0,1,0,0,0,0,0,1,0
668002,0,0,0,0,0,0,0,0,1,0
668003,0,0,0,0,0,0,1,0,1,0
668004,0,0,0,0,0,0,0,0,1,0
668005,0,0,0,1,0,0,0,0,1,0
668006,0,0,0,0,0,0,0,0,1,0
668007,0,0,0,1,0,0,0,0,1,0
668008,0,0,0,0,0,0,1,0,0,0
668009,0,0,0,0,0,0,0,0,1,0
668010,0,0,0,1,0,0,0,0,0,0
668011,0,0,0,0,0,0,1,0,1,0
668012,0,0,1,0,0,0,0,0,1,0
668013,0,0,0,0,0,0,0,0,1,0
668014,0,0,0,0,0,0,0,0,1,0
668015,0,0,0,0,0,0,0,1,1,0
668016,0,0,0,0,0,0,0,0,1,0
668017,0,0,0,0,0,0,0,0,1,0
668018,0,0,0,0,0,0,0,0,1,0
668019,0,0,0,0,0,0,0,0,1,0
668020,0,0,0,1,0,0,0,0,1,0
669001,0,1,0,0,0,0,0,0,1,0
669003,0,0,0,0,0,0,0,0,1,0
669004,0,0,0,1,0,0,0,0,1,0
669006,0,0,0,0,0,0,0,0,1,0
669007,0,0,0,0,0,0,0,0,1,0
669008,0,0,0,0,0,0,0,0,0,0
669009,0,1,0,0,0,0,0,0,1,0
669010,0,0,0,0,0,0,0,0,1,0
669011,0,0,0,0,0,0,0,0,1,0
669012,0,0,0,0,0,0,0,0,1,0
669013,0,0,0,0,0,1,0,0,1,0
669014,0,,0,0,0,0,0,0,1,0
669015,0,0,0,0,0,0,0,0,1,0
669016,0,1,0,0,0,0,0,0,1,0
669017,0,0,0,0,0,0,0,1,1,0
669018,0,0,0,0,0,0,0,0,1,0
669019,0,0,0,0,0,1,0,0,1,0
669020,0,0,0,0,0,0,0,0,1,0
670001,0,0,0,0,0,0,0,0,1,0
670002,0,0,0,0,0,0,0,1,1,0
670003,0,0,1,1,0,0,0,1,1,0
670004,0,0,0,0,0,0,0,0,1,0
670005,0,0,0,0,0,0,0,0,1,0
670006,0,0,0,0,0,0,0,0,1,0
670007,0,0,0,0,0,0,0,0,1,0
670008,0,0,0,1,0,0,0,0,1,0
670009,0,0,0,0,0,0,0,0,1,0
670010,0,0,0,0,0,0,0,0,1,0
670011,0,0,0,1,0,0,0,0,1,0
670012,0,0,0,1,0,0,0,1,1,0
670013,0,0,0,0,0,0,0,0,1,0
670014,0,0,0,0,0,0,0,0,0,0
670015,0,0,0,0,0,0,0,0,1,0
670017,0,0,0,0,0,0,0,0,0,0
670018,0,0,0,1,0,0,0,0,1,0
670019,0,0,0,0,0,0,0,0,1,0
670020,0,0,0,1,0,0,0,1,1,0
671001,0,0,0,0,0,0,0,0,0,0
671002,0,0,0,0,0,0,0,0,1,0
671003,0,0,0,0,0,0,0,0,1,0
671004,0,0,0,0,0,0,0,0,1,0
671005,0,0,0,0,0,0,0,0,0,0
671006,0,0,0,0,0,0,0,0,1,0
671007,0,1,0,0,0,0,0,0,1,0
671008,1,0,0,0,0,0,0,0,1,0
671009,0,0,0,0,0,0,0,0,1,0
671010,0,0,0,0,0,0,0,0,0,0
671011,0,0,0,0,0,0,0,0,1,0
671012,0,0,0,1,0,0,0,1,1,0
671013,0,0,0,0,0,0,1,1,1,0
671014,0,0,0,1,0,0,0,1,1,0
671015,0,0,0,0,0,0,0,0,0,0
671016,0,0,0,1,0,0,0,0,1,0
671017,0,0,0,0,0,0,0,0,1,0
671018,0,0,0,0,0,0,0,0,1,0
671019,0,0,0,1,0,0,0,1,1,1
672001,0,0,1,0,0,0,0,1,1,0
672002,0,0,0,0,0,0,0,0,1,0
672003,0,0,0,1,0,1,0,0,1,0
672004,0,0,0,0,0,1,0,0,0,0
672005,0,0,0,0,0,0,0,0,0,0
672006,0,0,1,0,0,0,0,0,1,0
672007,0,1,0,0,0,0,0,0,1,0
672008,0,0,0,0,0,0,0,0,1,0
672009,0,0,0,0,0,0,0,0,1,0
672010,0,0,0,0,0,0,0,0,1,0
672011,0,1,0,1,0,1,0,0,1,0
672012,0,0,0,1,0,0,1,0,1,0
672013,0,0,0,1,0,0,0,0,0,0
672014,0,0,0,0,0,0,0,0,0,0
672015,0,0,0,0,0,0,0,0,1,0
672016,0,1,0,0,0,0,0,0,1,0
672017,0,0,1,0,0,0,0,0,1,0
672018,0,1,0,0,0,1,0,0,1,0
672019,0,0,1,0,0,0,0,0,1,0
672020,0,0,0,0,0,0,0,0,1,0
673001,0,1,0,0,0,0,0,0,1,0
673002,0,0,0,1,0,1,0,0,1,0
673003,0,0,0,0,0,0,0,0,0,0
673004,0,0,0,0,0,0,0,0,1,0
673005,0,0,0,0,0,0,0,0,0,0
673006,0,0,0,0,0,0,0,0,0,0
673007,0,0,0,0,0,0,0,0,1,0
673008,0,0,0,0,0,0,0,0,1,0
673009,0,0,0,0,0,0,0,0,1,0
673010,0,0,0,1,0,0,0,0,1,0
673011,0,0,0,0,0,0,0,0,1,0
673012,0,1,0,1,0,0,0,0,1,1
673013,0,0,0,0,0,1,0,0,1,0
673014,0,0,0,1,0,0,0,0,1,0
673015,0,1,0,0,0,1,0,0,1,0
673018,0,1,0,1,0,0,1,0,1,0
673019,0,0,1,0,0,0,0,0,1,0
673020,0,0,0,1,0,0,0,0,1,0
674001,0,0,0,1,0,0,0,0,1,1
674002,0,0,0,0,0,1,1,0,1,0
674003,0,0,0,0,0,1,0,1,1,0
674004,0,0,0,1,0,0,1,1,1,0
674005,0,1,0,0,0,0,0,0,1,0
674006,0,0,0,0,0,0,0,0,1,0
674007,0,0,0,0,0,1,0,0,1,0
674008,0,0,0,0,0,0,0,0,1,0
674009,0,0,0,1,0,0,0,0,1,0
674010,1,0,0,0,0,0,0,1,1,0
674011,0,0,0,0,0,1,0,1,1,0
674012,0,0,0,0,0,0,0,0,1,0
674013,0,0,0,1,0,0,0,0,1,0
674014,0,0,0,0,0,0,0,0,1,0
674015,0,0,0,0,0,0,0,0,1,0
674016,0,0,0,0,0,0,0,0,1,0
674017,0,1,0,0,0,0,0,0,1,0
674018,0,0,0,0,0,0,0,0,1,0
674019,0,0,0,1,0,0,0,1,1,0
674020,0,0,0,0,0,1,0,1,1,0
675001,0,1,0,0,0,0,0,0,0,0
675002,0,0,0,0,0,0,0,0,1,0
675003,0,0,0,0,0,0,0,1,1,0
675004,1,0,0,0,0,0,0,1,1,0
675005,0,0,0,0,0,0,0,0,1,0
675006,0,1,0,0,0,0,0,0,1,0
675007,0,1,0,0,0,0,0,0,1,0
675008,0,0,0,0,0,0,0,0,1,0
675009,0,1,0,0,0,0,0,0,1,1
675010,0,0,0,0,0,0,0,0,1,0
675011,0,0,0,0,0,1,0,0,1,0
675012,0,1,0,0,0,0,0,0,1,0
675013,0,0,0,0,0,0,0,0,1,0
675014,0,0,0,1,0,0,0,1,0,0
675015,0,0,0,0,0,1,0,1,1,0
675016,0,0,0,0,0,0,1,0,1,0
675017,0,0,0,1,0,0,0,0,1,0
675018,0,0,0,0,0,0,0,1,1,0
675019,0,1,0,0,0,0,0,0,1,0
675020,0,0,0,0,0,0,0,0,1,0
676001,0,0,0,0,0,0,0,0,0,0
676002,0,0,0,0,0,0,0,0,1,0
676003,0,1,0,0,0,0,1,0,1,0
676004,1,0,0,0,0,0,0,0,1,0
676005,0,0,0,0,0,0,0,0,1,0
676006,0,0,0,0,0,0,0,0,1,0
676007,0,0,0,1,0,0,0,0,1,0
676008,0,0,0,0,0,0,0,0,1,0
676009,0,0,1,0,0,0,0,0,1,0
676010,0,0,0,1,0,0,0,1,1,0
676011,0,0,0,0,0,0,0,0,1,0
676012,0,0,0,1,0,0,0,1,1,0
676013,0,0,0,0,0,0,0,0,1,0
676014,0,0,0,0,0,0,0,0,1,0
676015,0,0,0,0,0,0,0,0,1,0
676016,0,0,0,0,0,0,0,0,1,0
676017,0,0,0,0,0,0,0,0,1,0
676018,0,0,0,0,0,0,0,0,0,0
676019,0,0,0,0,0,0,0,0,0,0
676020,0,0,0,0,0,0,0,1,1,0
677001,0,0,0,1,0,0,0,0,1,0
677002,0,0,0,0,0,0,0,0,1,0
677003,0,0,0,0,0,0,0,0,1,0
677004,0,0,0,0,0,0,0,0,1,0
677005,0,0,0,0,0,0,0,0,0,0
677006,0,0,0,0,0,0,0,0,1,0
677007,0,0,0,1,0,0,0,0,1,0
677009,0,0,0,0,0,0,0,0,1,0
677010,0,0,0,0,0,0,0,0,1,0
677011,0,0,0,0,0,0,0,0,1,0
677012,0,0,0,0,0,0,0,0,1,0
677013,0,0,0,1,0,0,0,0,1,0
677014,0,0,0,0,0,0,0,0,1,0
677015,0,0,0,0,0,0,1,0,1,0
677016,0,0,0,1,0,0,0,0,1,0
677017,0,0,0,1,0,0,0,0,1,0
677018,0,0,0,0,0,0,0,0,1,0
677019,0,0,0,0,0,0,0,0,0,0
677020,1,0,0,0,0,0,0,0,0,0
678002,0,0,0,0,0,0,0,0,1,0
678003,0,0,0,0,0,0,0,0,1,0
678004,0,0,0,0,0,0,0,1,1,0
678005,0,1,0,0,0,0,0,1,1,0
678006,0,1,0,0,0,0,0,0,1,0
678007,0,0,0,0,0,1,1,0,1,0
678008,0,0,0,0,0,1,0,0,1,0
678009,0,0,0,1,0,0,0,0,1,0
678010,0,0,0,0,0,0,0,0,1,0
678011,0,0,1,1,0,0,0,1,1,0
678012,0,0,0,0,0,0,0,0,1,0
678013,0,1,0,0,0,1,1,1,1,0
678014,0,1,0,0,0,0,1,0,1,0
678015,0,1,0,0,0,0,1,0,1,0
678016,0,0,0,1,0,0,0,0,1,0
678017,0,1,0,0,0,0,0,1,1,0
678018,0,1,1,0,0,0,0,1,1,0
678019,0,0,0,0,0,0,0,0,1,0
678020,0,0,0,0,0,0,0,0,1,0
679001,0,0,0,0,0,0,0,0,1,0
679002,0,0,0,0,0,0,0,0,1,0
679003,0,0,0,0,0,0,0,0,1,0
679004,0,0,0,0,0,0,0,0,1,0
679005,0,0,0,0,0,0,0,0,1,0
679006,0,0,0,1,0,0,0,0,1,0
679007,0,0,0,0,0,0,1,1,1,0
679008,0,0,0,0,0,0,0,0,1,0
679010,0,0,0,0,0,0,0,0,1,0
679011,0,1,0,0,0,0,0,0,1,0
679012,0,1,0,0,0,0,1,0,1,0
679013,0,0,0,0,0,0,1,1,1,0
679014,0,0,0,0,0,0,0,1,1,0
679015,0,0,0,0,0,0,0,0,1,0
679016,0,0,0,0,0,0,0,0,1,0
679017,0,,0,0,0,0,0,0,1,0
679018,0,0,0,0,0,0,0,1,1,0
679019,0,1,0,0,0,0,1,1,1,0
679020,0,1,0,0,0,0,0,1,1,0
680001,0,0,0,0,0,0,0,0,1,0
680002,0,0,0,0,0,0,0,0,1,0
680003,0,0,0,0,0,0,0,0,1,0
680004,0,0,0,0,0,0,1,1,1,0
680005,0,0,0,0,0,0,0,0,1,0
680006,0,0,0,0,0,0,0,0,1,0
680007,0,0,0,0,0,0,0,0,1,0
680008,0,0,0,0,0,0,0,0,1,0
680009,0,0,0,0,0,0,0,0,1,0
680010,0,0,0,0,0,0,0,0,1,0
680011,0,0,0,0,0,0,0,0,1,0
680012,0,0,0,0,0,0,0,0,1,0
680013,0,0,0,0,0,0,0,0,1,0
680014,0,0,0,0,0,0,0,0,0,0
680015,0,0,0,0,0,0,0,0,0,0
680016,0,0,0,0,0,0,0,1,1,0
680017,0,0,0,0,0,1,0,0,1,0
680018,0,0,0,0,0,0,1,0,0,0
680019,0,0,0,1,0,0,1,1,1,0
680020,0,0,0,0,0,0,0,0,1,0
681001,0,0,0,1,0,1,0,0,1,0
681002,0,0,0,1,0,0,0,0,1,0
681003,0,0,0,0,0,0,0,0,1,0
681004,0,0,0,0,0,0,0,0,1,0
681005,0,0,1,1,0,1,0,1,1,0
681006,0,0,0,1,0,1,0,0,1,0
681007,0,0,0,1,0,1,0,1,1,0
681008,0,0,0,0,0,0,0,0,1,0
681009,0,0,0,0,0,1,0,0,1,0
681010,0,0,0,0,0,0,0,0,1,0
681011,0,0,1,0,0,0,0,0,1,0
681012,0,0,0,0,0,0,0,0,1,0
681013,0,0,0,0,0,0,0,0,0,0
681014,0,0,0,0,0,0,0,1,1,0
681016,0,0,0,0,0,0,0,0,0,0
681017,0,0,0,0,0,0,0,1,1,0
681018,0,0,0,0,0,0,1,0,1,0
681019,0,0,0,0,0,1,0,1,1,0
681020,0,1,0,0,0,0,0,0,1,0
682001,0,0,0,0,0,0,0,0,1,0
682002,0,0,0,1,0,0,0,1,1,0
682003,0,0,0,0,0,0,0,0,1,0
682004,0,0,0,1,0,0,0,1,1,0
682005,0,0,0,0,0,0,0,1,1,0
682006,0,0,0,0,0,0,0,0,1,0
682007,0,0,0,1,0,0,0,1,1,0
682008,0,1,1,1,0,0,0,0,1,0
682009,0,0,0,1,0,0,0,0,1,0
682010,0,0,0,0,0,0,0,1,1,0
682011,0,0,0,0,0,0,0,0,1,0
682012,0,0,0,0,0,0,0,0,1,0
682013,0,0,0,0,0,0,1,0,1,0
683001,0,1,1,0,0,0,0,1,1,0
683002,0,0,0,0,0,0,0,0,1,0
683003,0,0,0,0,0,0,0,1,0,0
683004,0,0,0,0,0,0,0,0,1,0
683005,0,0,0,1,0,0,0,0,1,0
683006,0,0,0,0,0,0,0,0,1,0
683007,0,0,0,1,0,0,0,1,1,0
683008,1,0,0,0,0,0,0,0,1,0
683009,0,1,0,0,0,0,0,0,1,0
683010,0,0,0,1,0,0,0,0,1,0
683011,0,0,0,0,0,0,0,1,1,0
683012,0,0,0,0,0,0,0,0,1,0
683013,0,0,1,0,0,0,0,1,1,0
683014,0,0,1,1,0,0,0,1,1,0
683015,0,0,0,0,0,0,0,0,1,0
683016,0,0,0,0,0,0,0,0,1,0
683017,0,1,0,0,0,0,0,1,1,0
683018,0,1,0,0,0,0,0,1,1,0
683019,0,1,0,0,0,0,0,1,1,0
683020,0,1,1,1,0,0,0,1,1,0
684001,0,1,0,0,0,0,0,1,1,0
684002,0,0,0,0,0,0,0,0,1,0
684003,0,0,0,0,0,0,0,0,1,0
684004,0,0,0,0,0,0,0,1,1,1
684005,0,1,0,0,0,0,0,0,1,0
684006,0,1,1,0,0,0,0,0,1,0
684007,0,0,0,0,0,1,0,0,1,0
684008,0,0,0,0,0,0,1,0,1,0
684009,0,1,0,0,0,0,1,0,1,0
684010,0,0,0,0,0,0,1,1,1,0
684011,0,0,0,0,0,0,0,0,1,0
684012,0,0,0,0,0,1,0,1,1,0
684013,0,0,0,0,0,0,0,0,1,0
684014,0,0,0,0,0,0,0,0,1,0
684015,0,0,0,0,0,0,0,0,1,0
684016,0,0,0,0,0,0,0,0,1,0
684017,0,1,0,0,0,0,0,1,1,0
684018,0,1,0,0,0,0,0,0,1,0
684019,0,0,0,1,0,0,0,1,1,1
684020,0,0,0,0,0,0,0,0,1,0
685001,0,0,0,0,0,0,0,0,1,0
685002,0,0,0,0,0,0,0,0,1,0
685003,0,0,0,0,0,0,0,0,1,0
685004,0,0,0,0,0,0,0,0,1,0
685005,0,0,0,0,0,0,0,0,1,0
685006,0,0,0,0,0,0,0,0,1,0
685007,0,0,0,0,0,0,0,1,1,0
685008,0,0,0,0,0,1,0,0,1,0
685009,0,0,0,1,0,0,1,0,1,0
685010,0,0,0,0,0,0,0,1,1,0
685011,0,0,0,0,0,0,0,1,1,0
685012,0,0,0,0,0,0,0,0,1,0
685013,0,0,0,0,0,0,0,0,1,0
685014,1,1,0,0,0,0,1,1,1,0
685015,0,0,0,1,0,0,0,0,1,0
685016,0,0,0,0,0,0,0,0,1,0
685017,0,0,0,0,0,0,0,0,1,0
685018,0,0,0,0,0,0,0,0,1,0
685019,0,0,0,0,0,0,1,0,1,0
685020,0,0,0,0,0,0,0,0,1,0
686001,0,0,0,1,0,0,1,1,1,0
686002,0,1,0,1,0,0,1,1,1,0
686003,0,0,0,1,0,0,0,1,1,1
686004,0,0,0,1,0,0,0,1,1,0
686005,0,0,0,0,0,0,0,1,1,0
686006,0,0,0,1,0,0,0,0,1,0
686007,0,1,0,1,0,0,0,1,1,0
686008,0,0,0,1,0,0,0,1,1,0
686009,0,0,0,0,0,0,0,1,1,0
686010,0,0,0,0,0,0,0,1,1,0
686011,0,0,0,0,0,0,0,0,1,0
686012,0,0,0,1,0,0,0,1,1,0
686013,0,0,0,0,0,0,0,1,1,0
686014,0,0,0,1,0,0,0,0,1,0
686015,0,0,0,1,0,0,0,1,1,0
686016,0,0,0,1,0,0,0,1,1,0
686017,0,0,0,0,0,0,0,0,1,0
686018,0,0,0,0,0,0,0,0,1,0
686019,0,1,0,1,0,0,0,1,1,0
686020,0,1,0,0,0,0,0,0,1,0
687001,0,,0,0,0,0,0,0,1,0
687002,0,0,0,1,0,0,0,1,1,0
687003,0,1,1,0,0,0,0,0,1,0
687004,0,1,0,0,0,0,0,0,1,0
687005,0,0,0,0,0,0,1,1,1,0
687006,0,0,0,0,0,0,0,0,0,0
687007,0,0,0,0,0,0,0,0,1,0
687008,0,0,0,1,0,0,0,0,1,0
687009,0,0,0,0,0,1,1,0,1,0
687010,0,0,0,0,0,0,0,1,1,0
687011,0,0,0,0,0,0,1,0,1,0
687012,0,0,0,0,0,0,0,0,1,0
687013,0,0,0,0,0,0,1,1,1,0
687014,0,0,0,0,0,0,0,0,1,0
687015,0,1,0,0,0,0,0,0,1,0
687016,0,0,0,0,0,0,0,0,1,0
687017,0,1,0,0,0,0,0,0,1,0
687018,0,0,0,0,0,0,0,0,1,0
687019,0,1,0,1,0,0,0,1,1,0
687020,0,1,0,1,0,0,0,0,1,0
688001,0,0,0,0,0,0,0,0,1,0
688002,0,0,0,0,0,0,0,1,1,0
688003,0,0,0,0,0,0,0,0,1,0
688004,0,0,0,0,0,0,0,0,1,0
688005,0,0,0,0,0,0,0,1,1,0
688006,0,0,0,0,0,0,0,0,1,0
688007,0,0,0,0,0,0,0,1,1,0
688008,0,0,0,0,0,0,0,0,1,0
688009,0,0,0,0,0,0,0,0,1,0
688010,0,0,0,1,0,0,0,0,0,0
688011,0,0,0,0,0,0,0,1,1,0
688012,0,0,0,0,0,0,0,0,1,0
688013,0,0,0,0,0,0,0,0,1,0
688014,0,1,0,0,0,0,1,1,1,0
688016,0,0,1,0,0,0,0,0,1,0
688017,0,0,0,0,0,0,0,0,1,0
688018,0,0,1,0,0,1,1,1,1,0
688019,0,0,0,0,0,0,0,0,1,0
688020,0,1,0,0,0,0,0,1,1,0
689001,0,1,0,0,0,0,0,1,1,0
689002,0,1,0,1,0,0,1,1,1,0
689003,0,1,0,0,0,0,0,0,1,0
689004,1,,0,1,0,1,1,1,1,1
689005,0,0,0,0,0,1,0,1,1,1
689006,0,0,0,0,0,0,1,0,1,0
689007,0,1,0,1,0,1,1,1,1,0
689008,0,1,0,1,0,0,0,1,1,0
689009,0,0,0,0,0,0,0,0,1,0
689010,0,0,0,0,0,0,1,1,1,1
689011,0,0,0,0,0,0,0,0,1,0
689012,0,0,0,1,0,1,0,1,1,0
689013,0,1,1,1,0,1,1,1,1,0
689014,1,0,1,0,0,1,1,1,1,0
689016,0,0,0,0,0,0,1,1,1,0
689017,0,0,1,0,0,1,1,1,1,0
689018,0,1,0,1,0,1,1,1,1,0
689019,0,1,0,0,0,1,1,1,1,0
689020,0,,0,0,0,0,1,0,1,0
690001,0,0,0,0,0,0,1,0,1,0
690002,0,0,0,0,0,0,0,0,0,0
690003,0,0,0,0,0,0,0,0,1,0
690004,0,0,0,0,0,0,0,0,1,0
690005,0,0,0,0,0,0,0,0,1,0
690006,0,0,0,0,0,0,0,0,1,0
690007,0,0,0,0,0,0,0,0,1,0
690008,0,0,0,0,0,0,0,0,1,0
690009,0,0,0,0,0,0,0,0,1,0
690010,0,0,0,0,0,0,0,0,1,0
690011,0,1,0,0,0,0,0,1,1,0
690012,0,0,0,1,0,0,0,0,1,0
690013,0,0,0,0,0,0,0,0,1,0
690014,0,0,0,0,0,0,0,0,1,0
690015,0,0,0,0,0,0,0,0,1,0
690016,0,0,0,0,0,0,0,0,1,0
690017,0,0,0,0,0,0,0,0,1,0
690018,0,0,0,0,0,0,0,0,1,0
690019,0,0,0,0,0,0,1,0,1,0
690020,0,0,0,0,0,0,0,0,1,0
691001,0,0,0,0,0,0,0,0,1,0
691003,0,,0,1,0,0,0,0,1,0
691005,0,0,0,1,0,0,0,0,1,0
691006,0,0,0,0,0,0,0,0,1,0
691007,0,0,0,0,0,0,0,0,1,0
691008,0,0,0,1,0,0,0,0,1,0
691009,0,0,0,0,0,0,0,0,1,0
691010,0,0,0,0,0,0,0,0,1,0
691011,0,0,0,0,0,0,0,0,1,0
691012,0,0,0,0,0,0,0,0,1,0
691013,0,0,0,0,0,0,0,1,1,0
691014,0,0,0,0,0,0,0,0,1,0
691015,0,0,0,0,0,0,0,1,1,0
691016,0,0,1,1,0,0,1,1,1,0
691017,0,0,0,0,0,0,1,0,1,0
691018,0,0,0,0,0,0,0,0,1,0
691019,0,0,0,0,0,0,0,1,1,0
691020,0,0,0,0,0,0,0,0,1,0
692001,0,0,0,1,0,0,0,0,1,0
692002,0,0,0,0,0,0,1,0,1,0
692003,0,0,0,0,0,0,0,0,1,0
692005,0,0,1,0,0,1,0,0,1,0
692006,0,1,1,0,0,0,1,0,1,0
692007,0,1,0,0,0,0,0,0,1,0
692008,0,0,0,1,0,0,0,0,1,0
692009,0,0,0,0,0,0,0,0,1,0
692010,0,0,0,0,0,0,0,0,1,0
692011,0,0,0,1,0,0,0,0,1,0
692012,0,0,0,1,0,1,1,0,1,0
692013,0,1,0,1,0,1,1,0,1,0
692014,0,0,0,1,0,1,0,0,1,1
692015,0,0,0,1,0,0,0,1,1,1
692016,0,0,1,1,1,0,0,1,1,1
692017,0,0,0,0,0,0,0,0,1,0
692018,0,0,0,0,0,0,0,1,1,1
692019,0,0,0,1,0,1,1,0,1,0
692020,1,1,0,1,0,1,1,0,1,0
693001,1,0,0,0,0,1,1,0,1,0
693002,0,1,0,1,0,0,0,0,1,0
693003,0,1,0,1,0,1,0,1,1,1
693004,0,0,0,1,0,1,0,1,1,0
693005,0,0,0,1,0,1,0,0,1,0
693006,1,1,0,1,0,1,0,0,1,0
693007,0,0,0,0,0,1,1,0,0,0
693008,0,0,0,0,0,1,0,0,1,0
693009,0,0,0,1,0,0,0,0,1,0
693010,0,0,0,0,0,0,0,0,1,0
693011,0,1,0,1,0,1,1,0,1,1
693012,0,1,0,0,0,0,0,0,1,0
693015,0,0,0,0,0,0,0,0,1,0
693017,0,1,0,0,0,1,0,0,1,0
693018,1,0,0,0,0,1,0,0,1,0
693019,0,0,0,0,0,0,0,0,1,0
693020,0,0,1,1,0,1,0,0,1,0
694001,0,0,0,0,0,0,0,1,1,0
694002,0,1,0,0,0,0,0,0,0,0
694003,0,0,0,0,0,0,0,0,1,0
694004,0,0,0,0,0,0,0,0,1,0
694005,0,1,0,0,0,0,0,0,1,0
694007,0,0,1,1,0,1,1,1,1,0
694008,0,0,1,1,0,0,1,1,1,1
694009,0,1,1,0,0,0,0,0,1,0
694010,0,1,1,0,0,0,0,0,1,0
694011,1,1,1,0,0,0,0,0,1,0
694012,0,1,1,0,0,0,0,0,1,0
694013,0,1,1,0,0,0,0,0,1,0
694014,0,0,1,0,0,0,0,0,1,0
694015,0,,0,0,0,0,0,0,1,0
694016,0,0,0,0,0,0,0,1,1,0
694017,0,0,0,1,0,1,1,1,1,0
694018,0,1,1,1,0,0,0,0,1,0
694019,0,0,0,1,0,0,0,0,1,0
694020,1,1,1,1,0,0,0,0,1,0
695001,0,0,0,1,0,0,0,0,1,0
695002,0,0,0,0,0,0,0,0,1,0
695003,0,0,0,1,0,0,0,0,1,0
695004,0,1,0,0,0,0,0,0,1,0
695005,0,0,0,0,0,0,0,0,1,0
695006,0,0,0,1,0,0,0,1,1,0
695007,0,0,0,1,0,0,0,0,1,0
695008,0,,0,0,0,0,0,0,1,0
695009,0,0,0,0,0,0,0,1,1,0
695010,0,0,0,0,0,0,0,0,1,0
695011,0,0,0,0,0,0,0,0,1,0
695012,0,0,0,0,0,0,0,0,1,0
695013,0,0,0,0,0,0,0,0,1,0
695015,0,0,0,0,0,0,0,0,1,0
695016,0,0,0,1,0,0,1,0,1,0
695017,0,0,0,1,0,0,0,0,1,0
695018,0,0,0,0,0,0,0,0,1,0
695019,0,0,0,0,0,0,0,0,1,0
695020,0,0,0,0,0,0,0,0,1,0
696001,0,0,0,1,0,0,0,0,1,0
696002,0,1,0,0,0,0,0,0,1,0
696003,0,0,0,0,0,0,0,0,1,0
696004,1,0,0,0,0,0,0,0,1,0
696005,0,1,0,1,0,1,1,1,1,0
696006,0,0,0,0,0,0,0,0,1,0
696007,0,0,0,0,0,0,0,0,1,0
696008,0,0,0,0,0,0,0,0,1,0
696009,0,0,0,0,0,0,0,0,1,0
696010,0,1,0,0,0,0,0,0,1,0
696011,0,1,0,0,0,0,1,1,1,0
696012,0,0,0,0,0,0,0,0,1,0
696013,0,0,0,0,0,0,0,0,1,0
696014,0,0,0,0,0,0,0,0,1,0
696015,1,0,0,0,0,1,0,1,1,0
696016,0,0,0,0,0,0,0,0,1,0
696017,0,0,0,0,0,0,0,1,1,1
696018,0,0,0,1,0,0,0,1,1,0
696019,0,0,0,0,0,0,0,0,1,0
696020,0,0,0,0,0,0,0,0,1,0
697001,0,0,0,0,0,1,1,0,1,0
697002,0,0,0,0,0,0,1,0,1,0
697003,0,0,0,0,0,0,0,0,1,0
697004,0,0,0,0,0,0,0,0,1,0
697005,0,0,0,0,0,1,0,0,1,0
697006,0,0,0,0,0,0,0,1,1,0
697007,0,0,0,0,0,0,0,1,1,0
697008,0,0,0,0,0,0,1,0,1,0
697009,0,0,0,0,0,0,0,0,1,0
697010,0,0,0,0,0,0,0,0,1,0
697011,0,0,0,0,0,0,0,0,1,0
697012,0,0,0,0,0,0,0,0,1,0
697013,0,0,0,0,0,0,0,0,1,0
697014,0,0,0,0,0,0,0,0,1,0
697015,0,0,0,0,0,0,0,0,1,0
697016,0,0,0,0,0,0,0,0,1,0
697017,0,0,0,0,0,0,0,0,1,0
697018,0,1,0,0,0,0,0,0,0,0
697019,0,0,0,0,0,1,0,0,1,0
697020,0,0,0,0,0,0,0,0,1,0
698001,0,0,0,0,0,0,0,0,1,0
698002,0,0,0,0,0,0,0,0,1,0
698003,0,0,0,0,0,0,0,0,0,0
698004,0,0,0,0,0,0,0,0,1,0
698005,0,1,0,0,0,0,0,0,1,0
698006,0,0,0,0,0,0,0,0,1,0
698007,0,0,0,0,0,0,0,0,1,0
698008,0,0,0,1,0,0,0,0,1,0
698009,0,0,0,0,0,0,0,0,1,0
698010,0,1,0,0,0,0,0,0,1,0
698011,0,0,0,0,0,0,0,0,1,0
698012,0,0,0,0,0,0,0,0,1,0
698013,0,0,0,0,0,0,0,1,1,1
698014,0,1,0,0,0,0,0,0,1,0
698015,0,0,0,0,0,0,0,0,1,0
698016,0,0,0,0,0,0,0,0,1,0
698017,0,0,0,0,0,0,0,0,1,0
698018,0,0,0,0,0,0,0,0,0,0
698019,0,1,0,0,0,1,0,0,1,0
698020,0,0,0,0,0,0,0,0,1,0
699001,0,0,0,0,0,0,0,0,1,0
699002,0,1,0,0,0,0,0,0,1,0
699003,0,1,0,0,0,1,0,0,1,0
699004,0,0,0,0,0,0,0,1,1,0
699005,0,0,0,0,0,0,0,0,1,0
699006,0,0,0,0,0,0,1,0,1,0
699007,0,1,0,0,0,0,1,0,1,0
699008,0,0,0,1,0,0,0,1,1,0
699009,0,0,1,0,0,1,0,0,1,0
699010,0,1,1,0,0,0,0,0,1,0
699012,0,0,0,0,0,0,0,0,1,0
699013,0,1,0,0,0,1,0,0,1,0
699014,0,0,0,1,0,1,0,0,1,0
699015,0,0,0,1,0,0,0,0,1,0
699016,0,1,0,0,0,0,0,0,1,0
699017,0,1,0,0,0,0,0,0,0,0
699019,0,0,0,0,0,1,0,0,1,0
699020,0,0,0,1,0,1,0,0,1,0
700001,0,0,0,0,0,0,0,0,1,0
700002,0,0,0,0,0,0,0,0,1,0
700003,0,0,0,0,0,0,0,0,1,0
700004,0,0,0,0,0,0,0,1,1,0
700005,0,0,0,1,0,0,0,0,1,0
700006,0,0,0,1,0,0,0,0,1,0
700007,0,0,0,1,0,0,0,0,1,1
700008,0,1,0,0,0,1,0,0,1,0
700009,0,0,0,0,0,0,0,0,1,0
700010,0,1,0,1,0,0,0,0,1,0
700011,0,0,0,0,0,0,0,0,1,0
700012,0,0,0,0,0,0,0,0,1,0
700013,0,1,0,0,0,1,1,0,1,0
700014,0,0,0,1,0,0,0,0,1,0
700015,0,0,0,0,0,0,0,0,1,0
700016,0,0,0,0,0,0,0,0,1,0
700017,0,0,0,1,0,0,1,1,1,0
700018,0,0,0,0,0,0,0,0,1,0
700019,0,0,0,0,0,0,0,0,1,0
700020,0,0,0,0,0,0,0,0,1,0
701001,0,0,0,0,0,0,0,0,1,0
701002,0,0,0,0,0,0,0,1,1,0
701003,0,0,0,0,0,0,1,0,1,0
701004,0,0,0,1,0,0,1,0,1,0
701005,0,0,0,0,0,0,0,0,1,0
701006,0,0,1,0,0,0,0,0,1,0
701007,1,1,0,0,0,0,0,0,1,0
701008,0,0,0,1,0,0,1,0,1,0
701009,0,0,0,0,0,0,0,0,1,0
701010,0,1,0,1,0,0,0,0,1,0
701011,0,0,0,0,0,0,0,0,1,0
701012,0,1,0,0,0,1,0,0,1,0
701013,0,1,0,1,0,0,1,1,1,0
701014,0,0,0,0,0,0,1,0,1,0
701016,0,0,0,0,0,0,0,0,1,0
701017,0,0,0,0,0,0,0,0,1,0
701018,0,0,0,0,0,0,0,0,1,0
701019,0,0,0,0,0,0,0,0,1,0
701020,1,0,0,0,0,0,0,0,1,0
702001,0,0,0,0,0,0,0,0,1,0
702002,0,0,0,0,0,0,0,0,1,0
702003,0,0,0,0,0,0,0,0,1,0
702004,0,0,0,0,0,0,0,0,1,0
702005,0,0,0,0,0,0,0,0,1,0
702006,0,0,0,1,0,0,0,0,1,0
702007,0,0,0,0,0,0,0,0,1,0
702008,0,0,0,0,0,0,0,0,1,0
702009,0,1,0,0,0,0,0,0,1,0
702010,0,0,0,1,0,0,0,0,0,0
702011,0,1,0,0,0,0,0,0,1,0
702012,0,0,0,0,0,0,0,0,1,0
702013,0,0,0,0,0,0,0,0,0,0
702014,0,0,0,0,0,0,0,0,0,0
702015,0,0,0,0,0,0,1,0,1,0
702016,0,0,0,0,0,0,0,0,1,0
702017,0,0,0,1,0,0,0,0,1,0
702018,0,1,0,0,0,0,0,0,1,0
702019,0,0,0,0,0,0,0,0,0,0
702020,0,0,0,0,0,0,0,0,0,0
703001,0,0,0,0,0,0,0,0,0,0
703002,1,0,0,0,0,0,0,0,1,0
703004,0,0,0,0,0,0,0,0,1,0
703005,0,0,0,0,0,0,0,0,1,0
703006,0,0,0,0,0,0,0,1,1,0
703007,0,1,0,0,0,0,0,0,1,0
703008,0,0,0,0,0,0,0,0,1,0
703009,0,0,0,0,0,0,0,0,1,0
703010,0,0,0,0,0,0,0,0,0,0
703011,0,0,0,0,0,0,0,0,1,0
703012,0,0,0,0,0,0,0,0,1,0
703013,0,0,0,0,0,0,0,0,1,0
703014,0,0,0,0,0,0,0,0,1,0
703015,0,0,0,1,0,0,0,1,1,0
703016,0,0,0,0,0,0,0,0,1,0
703017,0,0,0,0,0,0,0,0,0,0
703018,0,0,0,0,0,0,0,0,0,0
703019,0,0,0,0,0,0,0,0,0,0
703020,0,0,0,0,0,0,0,0,1,0
704001,0,0,0,0,0,0,0,0,1,0
704002,0,0,0,0,0,0,0,1,1,0
704003,0,0,0,0,0,0,0,0,1,0
704004,0,0,0,0,0,0,0,0,1,0
704006,0,0,0,0,0,0,0,0,1,0
704007,0,1,0,0,0,0,0,0,1,0
704008,0,1,0,1,0,0,0,0,1,0
704009,0,0,0,0,0,0,0,0,1,0
704010,0,0,0,0,0,0,0,0,1,0
704011,1,0,0,1,0,1,0,0,1,0
704012,0,0,0,0,0,0,0,0,1,0
704013,0,0,0,0,0,0,0,0,1,0
704014,0,0,0,0,0,0,0,0,1,0
704015,0,0,0,0,0,0,0,0,1,0
704016,0,1,0,0,0,0,0,1,1,0
704017,0,0,0,0,0,0,0,0,1,0
704018,0,0,0,0,0,0,0,0,1,0
704019,0,0,0,0,0,0,0,0,1,0
704020,0,0,0,0,0,0,0,0,1,0
705001,0,0,0,0,0,0,0,0,1,0
705002,0,0,0,0,0,0,0,0,1,0
705003,0,0,0,0,0,0,0,0,1,0
705004,0,1,0,0,0,0,0,0,1,0
705005,0,0,0,0,0,0,0,0,1,0
705006,0,1,0,0,0,0,0,0,1,0
705007,0,1,0,0,0,0,0,0,1,0
705008,0,0,0,0,0,0,0,0,1,0
705009,1,0,0,0,0,0,0,0,1,0
705011,0,0,0,0,0,0,0,0,1,0
705012,0,0,0,0,0,0,0,0,1,0
705013,0,0,0,0,0,0,0,0,1,0
705014,0,0,0,0,0,0,0,0,0,0
705015,0,0,0,0,0,0,0,0,1,0
705016,0,0,0,0,0,0,0,0,1,0
705017,0,0,0,0,0,0,0,0,1,0
705018,0,0,0,0,0,0,0,0,1,0
705019,0,0,0,0,0,0,0,0,1,0
705020,0,0,0,0,0,0,0,1,1,0
706001,0,0,0,0,0,0,0,0,0,0
706002,0,0,0,0,0,0,0,0,1,0
706003,0,0,0,0,0,0,0,0,1,0
706004,1,0,0,0,0,0,0,0,1,0
706005,0,0,0,0,0,0,1,0,1,0
706006,0,0,0,0,0,0,0,0,1,0
706007,0,0,0,0,0,0,0,0,1,0
706008,0,0,0,0,0,0,0,0,1,0
706009,0,0,0,1,0,0,0,0,1,0
706010,0,0,0,0,0,0,0,0,0,0
706011,0,0,0,0,0,0,0,0,1,0
706012,0,0,0,1,0,0,1,0,1,0
706013,1,0,0,1,0,0,1,1,1,0
706015,0,0,0,0,0,0,0,0,0,0
706016,0,0,0,0,0,0,0,0,1,0
706017,0,0,0,0,0,0,0,0,0,0
706018,0,0,0,0,0,0,0,0,1,0
706019,0,0,0,0,0,0,0,0,0,0
706020,0,0,0,0,0,0,0,0,1,0
707001,0,0,0,0,0,0,0,0,1,0
707002,0,0,0,0,0,0,0,0,1,0
707003,0,1,0,0,0,0,0,0,1,0
707004,0,0,0,0,0,0,0,0,1,0
707005,0,0,0,0,0,0,0,1,1,0
707006,0,0,0,0,0,0,0,0,1,0
707007,0,0,0,0,0,0,0,0,1,0
707008,0,0,0,0,0,0,0,0,0,0
707009,0,0,0,0,0,0,0,0,1,0
707010,0,1,0,0,0,0,0,0,1,0
707011,0,0,0,0,0,0,0,0,1,0
707012,0,1,0,0,0,0,0,0,1,0
707013,0,0,0,1,0,0,0,0,1,0
707014,0,0,0,0,0,0,0,0,1,0
707015,0,0,0,0,0,0,0,0,1,0
707016,0,0,0,1,0,0,0,0,1,0
707017,0,0,0,0,0,0,0,0,1,0
707018,0,0,0,0,0,0,0,0,1,0
707019,0,1,0,0,0,0,0,0,1,0
708001,0,0,0,0,0,0,0,0,1,0
708002,0,0,0,0,0,0,0,0,1,0
708003,0,1,0,0,0,0,0,0,1,0
708004,0,0,0,0,0,0,0,0,1,0
708005,0,0,0,0,0,0,0,0,1,0
708006,0,0,0,0,0,0,0,0,1,0
708007,0,0,0,0,0,0,0,0,1,0
708008,0,0,0,0,0,0,0,0,1,0
708009,0,0,0,0,0,0,0,0,1,0
708010,0,0,0,0,0,0,0,0,1,0
708011,0,0,0,0,0,0,0,0,1,0
708012,0,0,0,0,0,0,0,0,0,0
708013,0,0,0,0,0,0,0,0,1,0
708014,0,0,0,0,0,0,0,0,1,0
708015,0,0,0,0,0,0,0,0,1,0
708016,0,0,0,0,0,0,0,0,0,0
708017,0,0,0,0,0,0,0,0,1,0
708019,0,0,0,0,0,0,0,0,1,0
708020,0,1,0,0,0,0,0,0,1,0
709001,0,1,0,0,0,0,0,0,1,0
709002,0,0,0,0,0,0,0,0,1,0
709003,0,1,0,0,0,0,0,0,1,0
709004,0,0,0,0,0,0,0,0,0,0
709005,0,0,0,0,0,0,0,0,1,0
709006,0,0,0,0,0,0,0,0,1,0
709007,0,0,0,0,0,0,0,0,1,0
709008,0,0,0,0,0,0,0,0,1,0
709009,0,0,0,0,0,0,0,0,1,0
709010,0,0,0,0,0,0,0,0,1,0
709011,0,1,0,0,0,0,0,0,1,0
709012,0,0,0,0,0,0,0,0,1,0
709013,0,0,0,1,0,0,1,1,1,1
709014,0,0,0,0,0,0,0,0,1,0
709015,0,0,0,0,0,0,0,0,1,0
709016,0,1,0,0,0,0,0,0,1,0
709017,0,0,0,0,0,0,0,0,0,0
709018,0,0,0,0,0,0,0,0,1,0
709019,1,0,1,0,0,0,0,0,1,0
709020,0,0,0,0,0,0,0,0,1,0
710001,0,0,0,0,0,0,0,0,1,0
710002,0,0,0,1,0,1,1,1,1,0
710003,0,0,0,0,0,0,0,0,1,0
710004,0,1,0,0,0,0,0,0,1,0
710005,0,1,0,0,0,0,0,0,1,0
710006,0,0,1,1,0,0,1,1,1,0
710007,0,1,0,0,0,0,0,0,1,0
710008,0,1,0,0,0,1,0,0,1,0
710009,0,1,1,0,0,0,0,1,1,0
710011,0,0,0,0,0,0,0,0,1,0
710012,0,0,1,0,0,0,0,0,1,0
710013,0,1,0,0,0,0,1,0,1,0
710014,0,0,0,1,0,1,1,0,1,1
710015,0,0,0,0,0,0,0,0,1,0
710016,0,0,0,0,0,0,0,0,1,0
710017,0,0,0,0,0,0,0,0,1,0
710018,0,0,0,0,0,0,0,0,1,0
710020,0,1,0,0,0,0,0,0,1,0
711001,0,1,0,0,0,0,0,0,1,0
711002,0,0,0,0,0,0,0,1,1,0
711003,0,0,0,0,0,0,0,0,1,0
711004,0,0,0,1,0,0,0,1,1,0
711005,0,0,0,0,0,0,1,0,1,0
711006,0,0,0,1,0,0,1,0,1,0
711007,0,0,0,0,0,0,0,0,1,0
711008,0,0,0,0,0,0,0,1,1,0
711009,0,0,0,1,0,0,0,0,1,0
711010,0,0,0,1,0,0,1,0,1,0
711012,0,0,1,0,0,0,0,1,1,0
711013,0,0,0,1,0,0,0,1,1,0
711014,1,0,0,1,0,0,0,0,1,0
711015,0,0,1,0,0,0,1,1,1,0
711016,0,0,0,0,0,0,0,1,1,0
711017,0,0,0,0,0,0,0,1,1,0
711018,0,0,0,0,0,0,0,0,1,0
711019,0,0,0,1,0,0,0,0,1,0
711020,0,0,0,0,0,0,0,0,1,0
712001,0,1,0,0,0,1,1,1,1,0
712002,0,0,0,0,0,0,1,1,1,1
712004,0,0,0,1,0,0,1,1,1,0
712006,0,1,0,1,0,0,0,1,1,0
712007,0,1,1,0,0,0,0,0,1,1
712008,1,0,0,1,0,0,1,1,1,1
712009,0,0,0,0,0,0,1,1,1,1
712010,0,1,1,1,0,1,1,1,1,1
712011,1,0,0,1,1,1,1,1,1,0
712013,0,0,1,1,0,0,0,1,1,1
712014,0,1,0,1,0,0,0,1,1,1
712015,0,0,0,1,0,0,0,1,1,0
712016,0,0,0,0,0,0,1,0,1,0
712017,0,1,0,1,0,1,0,0,1,0
712018,0,0,1,1,0,0,1,0,1,1
712019,0,0,1,1,0,1,0,1,1,1
713001,0,0,0,0,0,0,0,0,1,0
713002,0,0,0,0,0,0,0,0,1,0
713003,0,0,0,0,0,0,0,0,1,0
713005,0,0,0,0,0,0,0,0,1,0
713006,0,0,0,1,0,0,0,0,1,0
713007,0,0,0,0,0,0,0,0,1,0
713008,0,0,0,0,0,0,0,0,1,0
713010,0,0,0,0,0,0,0,0,1,0
713011,0,0,0,0,0,0,0,0,1,0
713012,0,0,0,0,0,0,0,0,1,0
713013,0,0,0,0,0,0,0,0,1,0
713014,0,0,0,0,0,0,0,0,1,0
713015,0,0,0,0,0,0,0,0,1,0
713016,0,0,0,0,0,0,0,0,1,0
713017,0,0,0,0,0,0,0,0,1,0
713018,0,0,0,0,0,0,0,0,1,0
713019,0,1,0,0,0,1,1,0,1,1
713020,0,0,0,1,0,0,1,1,1,0
714001,0,1,0,0,0,0,0,0,1,0
714003,0,0,0,0,0,0,0,0,1,0
714004,0,0,0,0,0,0,0,0,1,0
714005,0,0,0,0,0,0,0,0,1,0
714006,0,0,0,0,0,0,0,0,1,0
714007,0,0,0,0,0,0,1,0,1,0
714008,0,1,0,1,0,0,0,0,1,0
714009,0,0,0,0,0,0,1,0,1,0
714010,0,0,0,0,0,0,0,0,1,0
714011,0,0,0,0,0,0,0,0,1,0
714012,0,0,0,0,0,0,1,0,1,0
714013,0,0,0,0,0,0,0,0,1,0
714014,0,0,0,0,0,0,0,0,1,0
714015,0,0,0,1,0,0,0,0,1,0
714016,0,0,0,0,0,0,0,0,1,0
714018,0,0,0,0,0,0,0,0,1,0
714019,0,0,0,0,0,0,0,0,1,0
714020,0,0,0,0,0,0,0,0,1,0
715001,0,0,0,0,0,0,0,0,1,0
715002,0,0,0,0,0,0,0,0,1,0
715003,0,0,0,0,0,0,0,0,1,0
715004,0,0,0,1,0,0,1,1,1,0
715005,0,0,0,0,0,0,0,0,1,0
715006,0,0,0,1,0,0,1,0,1,0
715007,0,0,0,0,0,0,0,0,1,0
715008,0,0,0,0,0,0,0,0,1,0
715009,0,0,0,0,0,0,0,0,1,0
715010,0,1,0,0,0,0,0,0,1,0
715011,0,0,1,0,0,0,1,1,1,0
715012,0,0,0,0,0,0,0,0,1,0
715014,0,0,0,0,0,0,0,0,1,0
715015,0,0,0,0,0,0,0,0,1,0
715016,0,0,0,0,0,0,0,0,0,0
715017,0,0,0,0,0,0,0,1,1,0
715018,0,0,0,0,0,0,0,0,1,0
715019,0,0,0,0,0,0,0,0,1,0
715020,0,1,0,1,0,0,0,0,1,0
716001,0,0,0,0,0,0,0,1,0,0
716002,0,0,0,0,0,0,0,0,1,0
716003,0,0,0,0,0,0,0,0,1,0
716004,0,0,0,0,0,0,0,0,1,0
716005,0,0,0,0,0,0,0,0,1,0
716006,0,0,0,0,0,0,0,0,1,0
716007,0,0,0,0,0,0,0,0,1,0
716008,0,0,0,0,0,0,0,0,1,0
716009,0,0,0,0,0,0,0,0,1,0
716010,0,0,0,1,0,0,0,1,1,0
716011,0,0,0,0,0,0,0,1,1,0
716012,0,0,0,0,0,0,0,0,0,0
716013,0,0,0,0,0,0,0,1,1,0
716014,0,0,0,1,0,0,0,0,1,0
716015,0,0,0,0,0,0,0,0,1,0
716016,0,0,0,0,0,0,0,0,1,0
716017,0,0,0,0,0,0,0,0,1,0
716018,0,0,1,0,0,0,0,0,1,0
716019,0,0,0,0,0,0,0,0,1,0
716020,0,0,0,1,0,0,0,1,1,0
717001,0,0,0,0,0,0,0,0,1,0
717002,0,0,0,0,0,0,0,0,1,0
717004,0,0,0,0,0,0,0,0,1,0
717005,0,0,0,0,0,0,0,0,1,0
717006,0,0,0,0,0,0,0,0,1,0
717009,0,0,0,1,0,0,0,0,0,0
717010,0,0,0,0,0,0,1,0,1,0
717011,0,0,0,0,0,0,0,0,1,0
717012,0,0,0,0,0,0,0,0,1,0
717013,0,0,0,0,0,0,0,0,1,0
717014,0,0,0,0,0,0,0,0,1,0
717015,0,0,0,0,0,0,0,0,1,0
717016,0,0,0,0,0,0,0,0,1,0
717017,0,0,0,0,0,0,0,0,1,0
717018,0,0,0,0,0,0,0,0,0,0
717019,0,0,0,0,0,0,0,0,1,0
717020,0,0,0,0,0,0,0,0,1,0
718001,0,0,0,0,0,0,1,0,1,0
718002,0,0,0,0,0,0,0,0,1,0
718003,0,0,0,0,0,0,0,1,0,0
718004,0,0,0,0,0,0,0,0,0,0
718005,0,0,0,0,0,0,0,0,1,0
718006,0,0,0,0,0,0,0,1,1,0
718007,0,0,0,0,0,0,0,0,1,0
718008,0,0,0,0,0,0,0,0,1,0
718009,0,0,0,0,0,0,0,0,1,0
718010,0,0,0,0,0,0,0,0,1,0
718011,0,0,0,0,0,0,0,0,1,0
718012,0,0,0,0,0,0,0,1,0,0
718013,0,0,0,0,0,0,0,0,1,0
718015,0,0,0,0,0,0,0,0,1,0
718016,0,0,0,0,0,0,0,0,1,0
718017,0,0,0,0,0,0,0,1,1,0
718018,0,0,0,0,0,0,1,0,1,0
718019,0,0,0,0,0,0,0,0,1,0
718020,0,0,0,0,0,0,0,1,0,0
719001,0,0,0,0,0,0,0,0,1,0
719002,0,0,0,0,0,0,0,0,0,0
719003,0,0,0,0,0,0,0,0,1,0
719004,0,0,0,0,0,0,0,0,1,0
719005,0,0,0,0,0,0,0,0,1,0
719006,0,0,0,0,0,0,0,0,1,0
719007,0,0,0,0,0,0,0,0,1,0
719008,0,0,0,0,0,0,0,0,1,0
719009,0,0,0,0,0,0,0,0,1,0
719010,0,0,0,0,0,0,1,1,1,0
719011,0,0,0,0,0,0,0,1,1,0
719013,0,0,0,0,0,0,0,0,1,0
719014,0,0,0,0,0,0,0,0,1,0
719015,0,0,0,0,0,0,0,1,1,0
719016,0,0,0,0,0,0,0,0,1,0
719017,0,0,0,0,0,0,0,0,0,0
719018,0,0,0,1,0,0,1,0,1,0
719019,0,0,0,0,0,0,0,0,0,0
719020,0,0,0,0,0,0,0,1,1,0
720001,0,0,0,0,0,0,0,0,1,0
720002,0,0,0,1,0,1,0,1,1,0
720003,0,1,0,0,0,0,0,0,1,0
720004,0,0,0,0,0,0,0,0,0,0
720005,0,0,0,0,0,1,0,0,1,0
720006,0,0,0,0,0,0,0,0,1,0
720007,0,0,0,0,0,0,1,1,1,0
720008,0,0,0,0,0,0,0,1,0,0
720009,0,0,0,0,0,0,0,0,1,0
720010,0,0,1,0,0,0,1,1,1,0
720011,0,0,0,0,0,0,0,1,1,0
720012,0,0,0,0,0,0,0,0,1,0
720013,0,0,0,0,0,0,0,0,1,0
720014,0,0,0,0,0,0,0,1,1,0
720015,0,1,0,0,0,0,0,0,1,0
720016,0,0,0,0,0,0,0,0,0,0
720017,0,0,0,0,0,0,1,0,1,0
720018,0,0,0,0,0,0,0,0,1,0
720019,0,0,0,0,0,0,0,1,1,0
720020,0,0,0,0,0,0,0,0,1,0
721002,0,0,0,1,0,0,0,0,1,0
721003,0,0,0,0,0,0,0,0,1,0
721004,0,0,0,0,0,0,0,0,0,0
721005,0,0,0,0,0,0,0,0,1,0
721006,0,0,0,0,0,0,0,0,1,0
721007,0,0,0,0,0,0,0,0,1,0
721008,0,0,0,0,0,0,0,0,1,0
721009,0,0,0,0,0,0,0,0,1,0
721010,0,0,1,0,0,0,0,0,1,0
721011,0,0,0,0,0,0,0,0,0,0
721012,0,0,0,0,0,0,0,0,1,0
721013,0,0,0,0,0,0,0,0,1,0
721014,0,0,0,0,0,0,0,0,1,0
721015,0,0,0,0,0,0,0,0,1,0
721016,0,,0,0,0,0,0,0,1,0
721017,0,0,0,1,0,0,1,1,1,0
721018,0,0,0,0,0,0,0,0,0,0
721019,0,0,0,1,0,0,0,0,1,0
721020,0,0,0,1,0,0,1,0,1,0
722001,0,0,0,0,0,0,1,0,1,0
722002,1,0,0,0,0,0,0,0,1,0
722003,0,0,0,0,0,0,0,0,1,0
722004,0,0,0,0,0,0,0,0,1,0
722005,0,0,0,0,0,0,0,0,1,0
722006,0,0,1,0,0,0,0,0,1,0
722007,0,0,0,0,0,0,0,0,1,0
722008,0,0,0,0,0,0,1,1,1,0
722009,0,0,0,0,0,0,0,0,1,0
722010,0,0,0,0,0,0,0,1,1,0
722011,0,0,0,0,0,0,0,1,1,0
722012,0,0,0,0,0,0,0,0,1,0
722013,0,0,0,0,0,0,1,1,1,0
722014,0,0,0,0,0,0,0,0,1,0
722015,0,0,1,0,0,0,0,0,1,0
722016,0,0,0,0,0,0,0,0,1,0
722017,0,0,0,0,0,0,0,0,1,0
722018,0,0,0,1,0,0,0,0,0,0
722019,0,0,0,0,0,0,0,0,0,0
723001,0,0,0,0,0,0,0,0,1,0
723002,0,0,0,0,0,0,0,0,1,0
723003,,,0,0,0,0,1,0,1,0
723004,0,0,0,0,0,0,0,0,1,0
723005,0,1,0,0,0,1,0,0,1,0
723006,0,0,0,0,0,0,1,0,1,0
723007,0,0,0,0,0,0,1,0,1,0
723008,0,0,0,0,0,0,0,0,1,0
723009,0,0,1,0,0,0,1,1,1,0
723010,0,1,0,0,0,0,0,0,1,0
723011,0,0,0,0,0,0,1,1,1,0
723013,0,0,0,1,0,0,0,0,1,0
723014,0,1,0,0,0,1,0,0,1,0
723015,0,0,1,1,0,1,1,1,1,0
723016,0,0,0,0,0,1,1,0,1,0
723017,0,0,1,0,0,1,1,0,1,0
723018,0,0,1,0,0,1,1,0,1,0
723019,0,0,1,1,0,1,1,0,1,0
723020,0,0,1,1,0,0,0,0,1,0
724001,0,0,0,1,0,0,0,0,1,0
724002,0,0,0,0,0,1,1,0,1,1
724003,0,0,0,0,0,1,0,0,1,0
724004,0,0,0,0,0,0,0,0,1,0
724005,0,0,0,0,0,0,0,0,0,0
724006,0,0,0,0,0,0,0,0,1,0
724007,0,0,0,0,0,1,1,0,1,0
724008,0,0,0,0,0,1,1,1,1,0
724009,0,0,0,1,0,1,1,1,1,0
724010,0,0,0,0,0,0,0,0,1,0
724011,0,0,0,0,0,0,0,0,1,0
724012,0,0,1,1,0,0,1,0,1,0
724013,0,1,0,0,0,0,0,0,1,0
724014,0,0,0,0,0,0,0,0,1,0
724015,1,0,0,0,0,1,0,0,1,0
724016,0,0,0,1,0,1,1,1,1,1
724017,0,0,0,0,0,1,1,0,1,0
724018,0,0,0,0,0,1,0,0,1,0
724019,,0,0,0,0,0,0,0,1,0
724020,0,0,0,1,0,0,0,0,1,0
725001,0,0,0,0,0,0,0,0,1,0
725002,0,0,0,0,0,1,0,0,1,0
725003,0,0,0,0,0,0,0,0,1,0
725004,0,0,1,1,0,1,1,0,1,0
725005,0,0,0,0,0,0,0,0,1,0
725006,0,0,1,0,0,0,0,0,1,0
725007,0,0,0,0,0,0,0,0,1,0
725008,0,0,0,0,0,0,0,0,1,0
725009,0,0,0,0,0,0,0,0,1,0
725010,0,0,0,0,0,0,0,0,1,0
725011,1,1,0,0,0,0,0,0,1,0
725013,0,1,0,0,0,0,0,0,1,0
725014,0,0,0,0,0,0,0,0,1,0
725015,0,0,0,0,0,0,1,0,1,0
725016,0,1,0,0,0,0,0,0,1,0
725017,0,0,0,0,0,0,0,0,1,0
725018,0,0,0,0,0,0,1,0,1,0
725019,0,0,0,0,0,0,0,0,1,0
725020,0,1,0,0,0,1,0,0,1,0
726001,0,0,0,0,0,0,0,0,1,0
726002,0,0,0,0,0,0,0,0,1,0
726004,0,1,0,0,0,0,0,0,1,0
726005,0,0,0,0,0,0,0,0,1,0
726006,0,0,0,0,0,0,0,0,1,0
726007,0,0,0,0,0,0,0,0,1,0
726008,0,0,0,0,0,1,0,0,1,0
726009,0,,0,0,0,0,0,0,1,0
726010,0,0,0,0,0,0,0,0,1,0
726011,0,0,0,0,0,0,1,0,1,0
726012,0,0,0,1,0,0,0,0,1,0
726013,0,,0,0,0,0,0,0,1,0
726014,0,0,0,0,0,1,1,0,1,0
726015,0,0,0,0,0,1,1,0,1,0
726016,0,0,0,0,0,1,0,0,1,0
726017,0,0,0,0,0,0,0,0,1,0
726018,0,0,0,0,0,0,1,0,1,0
726020,0,1,0,0,0,0,0,0,1,0
727001,0,0,0,0,0,0,0,0,1,0
727002,0,0,0,0,0,0,0,0,1,0
727003,0,0,0,0,0,0,0,0,1,0
727004,0,0,0,1,0,1,0,1,0,1
727005,0,0,0,1,0,0,0,0,1,0
727006,0,0,0,1,0,0,1,0,1,0
727007,0,0,0,0,0,0,0,0,1,0
727008,0,0,0,1,0,0,1,0,1,0
727009,0,0,0,0,0,0,0,0,1,0
727010,0,0,0,0,0,0,1,0,1,0
727011,0,0,0,0,0,0,0,0,1,0
727012,0,0,0,1,0,0,0,0,0,0
727013,0,0,0,0,0,0,0,0,1,0
727014,0,0,0,0,0,1,1,1,1,0
727015,0,0,0,0,0,0,0,0,1,0
727016,0,0,0,0,0,0,1,0,1,0
727017,0,0,0,1,0,0,0,0,1,0
727018,0,0,0,0,0,0,0,0,0,0
727019,0,1,0,0,0,0,1,0,1,0
727020,0,1,0,1,0,1,1,1,1,0
728001,0,0,0,0,0,0,0,0,1,0
728003,0,0,0,0,0,0,1,0,1,0
728004,0,0,0,0,0,0,1,0,1,0
728005,0,0,0,0,0,0,0,0,1,0
728006,0,0,0,0,0,0,0,1,1,0
728007,0,0,0,1,0,0,1,0,1,0
728008,0,0,0,1,0,0,0,0,1,0
728009,0,0,0,0,0,0,1,1,1,0
728010,0,0,0,0,0,0,0,0,1,0
728011,0,0,0,0,0,0,1,1,1,0
728012,0,0,1,0,0,0,0,0,1,0
728013,0,0,0,1,0,0,0,0,1,0
728014,0,0,0,0,0,0,0,0,1,0
728015,0,0,0,1,0,0,0,0,1,0
728016,0,0,0,1,0,1,1,0,0,0
728017,0,0,1,1,0,0,1,0,0,1
728018,0,0,0,1,0,0,0,0,1,0
728019,0,1,0,1,0,0,1,1,1,0
729001,0,0,0,0,0,0,0,0,1,0
729002,0,0,0,0,0,0,0,0,1,0
729003,0,0,0,0,0,1,1,1,1,0
729004,0,0,0,0,0,0,0,0,1,0
729005,0,0,0,0,0,0,1,1,1,0
729006,0,0,0,1,0,0,0,0,1,0
729007,0,0,0,0,0,0,0,1,1,0
729008,0,0,0,0,0,0,1,0,1,0
729009,0,0,0,0,0,0,0,1,1,0
729011,0,0,0,1,0,0,1,0,1,0
729012,0,0,0,0,0,0,0,0,1,0
729014,0,0,0,0,0,0,0,0,1,0
729015,0,0,0,0,0,0,1,1,1,0
729016,0,1,0,0,0,0,0,0,1,0
729017,0,0,0,0,0,0,0,0,1,0
729018,0,0,0,0,0,0,1,1,1,0
729019,0,0,0,0,0,0,0,0,1,0
729020,0,1,0,0,0,0,1,0,1,0
730001,0,0,0,0,0,0,0,1,1,0
730002,,,0,0,0,0,0,1,0,0
730003,0,0,0,0,0,0,0,0,0,0
730004,0,0,0,0,0,0,0,0,1,0
730005,0,0,0,0,0,0,0,0,0,0
730006,0,0,0,0,0,0,0,0,1,0
730007,0,0,0,0,0,0,0,0,1,0
730008,0,0,0,0,0,0,0,0,1,0
730009,0,0,0,0,0,0,0,0,1,0
730010,0,0,0,0,0,0,0,0,1,0
730011,0,0,1,0,0,0,0,0,1,0
730012,0,0,0,0,0,0,0,0,1,0
730013,0,0,1,0,0,0,0,0,1,0
730014,0,0,0,0,0,0,0,0,1,0
730015,0,0,0,0,0,0,1,0,1,0
730018,0,0,0,0,0,0,0,0,1,0
730019,0,0,0,0,0,0,0,0,1,0
730020,0,0,0,0,0,0,0,0,1,0
731001,0,0,0,0,0,0,1,1,1,0
731002,0,0,1,0,0,0,0,0,1,0
731003,0,1,0,0,0,0,0,0,1,0
731004,0,0,0,0,0,0,0,0,1,0
731005,0,0,0,0,0,1,1,1,1,0
731006,0,0,0,0,0,1,0,0,1,0
731007,0,0,0,0,0,0,0,0,1,0
731008,0,0,0,0,0,0,0,0,1,0
731009,0,0,0,0,0,0,0,0,1,0
731010,0,0,0,0,0,0,0,1,1,0
731011,0,0,0,0,0,0,0,0,1,0
731012,0,0,1,0,0,0,0,0,1,0
731013,0,0,0,0,0,1,0,0,1,0
731014,0,0,0,0,0,0,0,1,1,0
731015,0,0,0,0,0,0,0,0,1,0
731016,0,0,0,0,0,0,0,1,1,0
731017,0,0,0,0,0,0,0,0,1,0
731018,0,0,0,0,0,0,1,0,1,0
731019,0,0,1,0,0,0,0,0,1,0
731020,0,0,0,0,0,0,1,1,1,0
732001,0,0,1,0,0,0,0,0,1,0
732002,0,0,0,0,0,1,1,0,1,0
732004,0,0,0,0,0,0,0,0,1,0
732005,0,0,0,1,0,0,0,0,1,0
732006,0,0,0,0,0,0,1,0,1,0
732007,0,1,1,0,0,1,0,0,1,0
732008,,,0,0,0,0,1,1,1,0
732009,0,0,0,0,0,0,0,0,1,0
732010,0,0,0,1,0,1,1,0,1,1
732011,0,0,0,0,0,0,0,0,1,0
732012,0,0,0,0,0,0,1,0,1,0
732013,0,0,0,0,0,0,0,0,1,0
732014,0,0,0,0,0,1,1,0,1,0
732015,0,0,0,0,0,0,0,0,1,0
732016,0,0,0,0,0,1,1,0,1,0
732017,0,0,0,1,0,0,1,0,1,0
732018,0,1,0,0,0,0,0,0,1,0
732019,0,0,0,0,0,0,0,0,1,0
732020,0,0,0,0,0,0,0,0,1,0
733001,0,0,0,0,0,0,0,0,1,0
733002,0,0,0,0,0,0,0,0,1,0
733003,0,0,0,0,0,0,0,0,1,0
733005,0,0,0,0,0,0,0,0,1,0
733006,0,0,0,0,0,0,0,0,1,0
733007,0,0,0,0,0,0,0,0,1,0
733008,0,0,0,0,0,0,0,0,1,0
733009,1,0,0,0,0,0,0,0,1,0
733010,0,,0,0,0,0,0,0,1,0
733011,0,0,0,0,0,0,1,1,1,0
733013,0,0,0,0,0,0,0,0,1,0
733015,0,0,0,0,0,0,0,1,1,0
733016,0,0,0,0,0,0,0,0,1,0
733017,0,0,0,0,0,0,0,1,1,0
733018,0,0,0,0,0,0,0,0,1,0
733019,0,0,1,0,0,0,0,0,1,0
733020,0,0,0,0,0,0,1,0,1,0
734001,0,1,0,1,0,1,1,1,1,0
734002,0,0,1,0,0,1,0,1,1,0
734003,0,0,1,0,0,0,0,0,1,0
734004,0,0,0,0,0,0,0,0,1,0
734005,0,1,0,0,0,0,0,0,1,0
734006,0,0,0,1,0,0,0,1,1,0
734007,0,0,0,1,0,1,1,0,1,0
734008,0,0,0,0,0,0,0,0,1,0
734009,0,0,0,0,0,0,0,0,1,0
734010,0,0,0,1,0,0,1,0,1,0
734011,0,0,0,0,0,0,1,0,1,0
734012,0,1,0,1,0,1,0,0,1,0
734013,0,0,0,0,0,0,1,0,1,0
734014,0,0,0,1,0,0,0,0,1,0
734015,0,0,0,1,0,0,1,1,1,0
734016,0,1,0,1,0,0,0,1,1,0
734017,0,0,0,1,0,0,1,1,1,0
734018,0,0,0,1,0,0,0,1,1,0
734019,0,1,0,1,0,0,0,0,1,0
734020,0,0,0,0,0,1,0,0,1,0
735001,0,0,0,0,0,0,0,0,1,0
735002,0,0,0,0,0,1,0,0,1,0
735003,0,0,0,0,0,0,1,1,1,0
735004,0,1,0,0,0,0,0,1,1,0
735005,0,0,0,0,0,0,1,0,1,0
735006,0,0,0,0,0,0,0,0,1,0
735007,0,0,0,1,0,0,0,0,1,0
735008,0,0,0,0,0,0,0,0,1,0
735009,0,0,0,0,0,0,0,0,1,0
735010,0,0,0,0,0,0,0,0,0,0
735011,0,1,0,1,0,1,1,0,1,1
735012,0,0,0,1,0,1,1,1,1,0
735013,0,0,0,1,0,0,1,1,1,0
735014,0,1,0,1,1,0,1,1,1,0
735015,0,0,0,0,0,1,0,0,1,0
735018,0,0,0,1,0,0,1,0,0,1
735019,0,0,1,0,0,0,0,0,1,0
735020,0,0,0,1,0,1,0,0,1,0
736001,0,0,0,0,0,0,1,0,1,0
736002,0,0,0,1,0,0,1,1,1,1
736003,0,0,1,0,0,0,0,0,1,0
736004,0,0,0,0,0,0,0,0,1,0
736005,0,0,0,0,0,0,0,1,1,1
736006,0,0,0,0,0,0,0,1,1,0
736007,0,0,0,0,0,1,0,0,1,0
736008,0,0,0,1,0,0,0,0,1,0
736009,0,0,0,0,0,0,0,0,1,0
736010,0,0,0,1,0,0,0,0,1,1
736011,0,0,0,0,0,0,1,1,1,0
736012,0,0,0,0,0,0,0,0,1,0
736013,0,0,0,0,0,0,0,0,1,0
736014,0,0,1,0,0,0,0,0,1,0
736015,0,0,0,0,0,0,0,1,1,0
736016,0,0,0,0,0,0,0,0,1,0
736017,0,0,0,0,0,0,0,0,1,0
736019,0,0,1,0,0,1,1,1,1,0
737001,0,0,0,1,0,1,1,0,1,0
737004,0,0,0,1,0,0,1,0,1,0
737005,0,1,0,0,0,1,0,0,1,0
737006,0,1,0,0,0,1,0,0,1,0
737007,0,0,0,0,0,0,0,0,1,0
737008,0,0,0,0,0,0,0,0,1,0
737009,0,0,0,0,0,1,0,0,1,0
737010,0,0,1,1,0,0,0,0,1,0
737011,0,0,1,1,0,1,1,0,1,0
737012,0,0,0,0,0,1,0,0,1,0
737013,0,0,0,0,0,0,0,0,1,0
737014,0,0,0,0,0,0,0,0,1,0
737015,0,1,0,0,0,1,1,0,1,0
737018,0,0,0,0,0,0,0,0,1,0
737019,0,0,0,0,0,1,0,0,1,0
737020,0,0,0,1,0,0,0,0,1,0
738001,0,0,0,0,0,0,1,0,1,0
738002,0,0,0,0,0,0,1,0,1,0
738003,0,0,0,0,0,0,0,0,1,0
738004,0,0,0,1,0,1,0,0,1,0
738005,0,0,1,0,0,0,0,1,1,0
738006,0,0,0,1,0,1,1,0,1,0
738008,0,0,1,0,0,1,0,0,1,0
738009,0,0,0,0,0,1,0,0,1,0
738010,0,0,0,0,0,1,0,0,1,0
738011,0,0,1,0,0,1,1,0,1,0
738012,0,0,0,1,0,1,1,1,1,0
738013,0,0,1,1,0,0,0,0,1,0
738014,0,0,1,1,0,1,1,0,1,0
738015,0,0,0,0,0,0,1,0,1,0
738016,0,1,0,1,0,0,1,0,1,0
738018,1,1,1,0,0,1,1,0,1,0
738019,0,0,0,0,0,0,1,0,1,0
738020,0,0,0,1,0,1,1,0,1,1
739001,0,0,0,0,0,0,0,0,1,0
739003,0,0,1,1,0,0,0,0,1,0
739004,0,1,0,0,0,0,0,0,1,0
739005,0,0,0,1,0,0,1,1,1,0
739006,0,0,0,1,0,0,0,1,1,0
739007,0,0,0,0,0,0,0,0,1,0
739008,0,0,0,1,0,0,0,0,1,0
739009,0,0,0,0,0,0,1,0,1,0
739010,0,0,0,0,0,0,0,0,1,0
739011,0,0,0,0,0,0,0,0,1,0
739012,0,0,0,0,0,0,0,0,1,0
739013,0,0,0,0,0,0,0,0,1,0
739014,0,0,0,1,0,0,0,0,1,0
739015,0,0,0,1,0,0,0,0,1,1
739016,0,0,0,0,0,0,0,0,1,0
739017,0,1,1,0,0,1,0,1,1,0
739018,1,0,0,1,0,0,1,0,1,0
739019,0,0,0,0,0,0,0,0,1,0
739020,0,0,0,0,0,0,0,0,1,0
740001,0,0,0,0,0,0,1,0,1,0
740002,0,0,0,0,0,0,0,0,1,0
740003,0,0,0,0,0,0,0,0,1,0
740004,0,0,0,0,0,0,0,0,1,0
740005,0,0,0,0,0,0,0,0,1,0
740006,0,0,0,0,0,0,1,0,1,0
740007,1,0,0,0,0,0,0,0,1,0
740009,0,0,0,0,0,0,0,0,1,0
740010,0,0,0,0,0,0,0,1,1,0
740011,0,0,0,0,0,0,0,0,1,0
740012,0,0,0,0,0,0,0,0,1,0
740013,0,0,0,1,0,0,0,0,1,0
740014,0,0,0,0,0,0,0,0,1,0
740015,0,0,0,0,0,0,0,1,1,0
740016,0,0,0,0,0,0,0,0,1,0
740017,0,,0,0,0,0,0,0,1,0
740018,0,0,0,0,0,0,1,0,1,0
740019,0,0,0,0,0,0,0,0,1,0
740020,0,0,0,0,0,0,0,0,1,0
741001,0,0,0,0,0,0,0,0,1,0
741002,0,0,0,0,0,0,0,0,1,0
741003,0,0,0,0,0,0,0,0,1,0
741004,0,0,0,0,0,0,0,0,1,0
741005,0,0,0,1,0,0,1,1,1,0
741006,0,0,0,0,0,0,0,0,0,0
741007,0,1,0,0,0,0,0,0,1,0
741008,0,0,0,1,0,0,0,0,1,0
741010,0,0,0,0,0,0,0,0,1,0
741011,0,0,0,0,0,0,0,0,1,0
741012,0,0,0,0,0,0,0,0,1,0
741013,0,0,0,0,0,0,1,0,1,0
741014,0,1,0,1,0,0,0,0,1,0
741015,0,1,0,0,0,0,1,0,1,0
741016,0,0,0,0,0,0,0,0,1,0
741017,0,0,0,0,0,0,0,0,1,0
741018,0,0,0,0,0,0,1,0,1,0
741019,0,0,0,1,0,0,0,1,1,0
741020,0,0,0,0,0,0,0,0,1,0
742001,0,0,0,0,0,0,1,0,1,0
742002,0,0,0,0,0,0,0,0,1,0
742003,0,0,0,0,0,0,0,1,1,0
742004,1,1,0,0,0,0,0,0,1,0
742005,0,0,0,0,0,0,0,0,1,0
742006,0,0,0,0,0,0,1,1,1,0
742007,0,1,0,0,0,0,0,0,1,0
742008,0,0,0,0,0,0,0,0,1,0
742009,0,0,0,0,0,0,1,0,1,0
742010,0,0,0,0,0,0,0,0,1,0
742011,0,0,0,1,0,0,1,0,1,0
742012,0,0,0,0,0,0,0,0,1,0
742013,0,0,0,0,0,0,0,0,1,0
742014,0,1,0,0,0,0,0,0,1,0
742015,0,0,0,0,0,0,0,0,1,0
742016,0,0,0,0,0,0,0,0,1,0
742017,0,0,0,0,0,0,0,0,1,0
742019,0,1,0,0,0,0,0,0,1,0
742020,0,0,0,0,0,0,0,0,1,0
743002,0,0,0,0,0,0,1,0,1,0
743003,0,0,0,0,0,0,0,0,1,0
743005,0,0,0,0,0,0,0,0,1,0
743006,0,1,0,0,0,0,0,0,1,0
743007,0,0,0,0,0,0,0,0,0,0
743008,0,0,0,0,0,0,0,0,1,0
743009,0,0,0,0,0,0,0,0,1,0
743011,0,0,0,0,0,0,0,0,1,0
743012,0,0,0,0,0,0,0,1,1,0
743013,0,1,0,0,0,0,0,1,1,0
743015,0,0,0,0,0,0,0,0,1,0
743016,0,0,0,0,0,0,1,1,1,0
743018,0,0,0,0,0,0,1,0,1,0
744001,0,0,0,0,0,0,0,0,1,0
744002,0,0,0,0,0,0,1,1,1,0
744003,0,0,0,0,0,0,0,1,1,0
744004,0,0,0,1,0,0,0,0,1,0
744005,0,0,0,1,0,0,0,0,1,0
744006,0,0,0,1,0,0,0,0,1,0
744007,1,0,0,0,0,0,0,0,1,0
744008,0,0,0,1,0,0,0,0,1,0
744009,0,0,0,1,0,0,0,0,1,0
744010,0,0,0,0,0,0,0,0,1,0
744011,0,0,0,0,0,0,0,0,1,0
744012,0,0,0,0,0,0,0,0,1,0
744013,1,0,0,0,0,0,0,0,1,0
744014,0,0,0,0,0,0,0,0,1,0
744015,0,0,0,0,0,0,0,0,1,0
744016,0,1,0,0,0,0,0,0,1,0
744017,0,0,0,0,0,0,0,0,1,0
744018,0,1,0,1,0,0,1,1,1,0
744019,0,0,0,0,0,0,0,0,1,0
744020,0,0,0,1,0,0,0,0,1,0
745001,1,0,0,0,0,0,0,0,1,0
745002,0,0,0,0,0,0,0,0,1,0
745003,0,0,0,1,0,1,0,0,1,0
745004,0,0,0,0,0,0,0,0,1,0
745005,0,0,0,1,0,0,0,0,1,0
745006,0,0,0,0,0,0,0,0,1,0
745007,0,0,0,0,0,0,0,0,1,0
745009,0,0,0,0,0,0,0,0,1,0
745010,0,0,0,0,0,0,0,0,1,0
745011,0,0,0,0,0,0,0,0,1,0
745012,0,0,0,0,0,0,0,0,1,0
745013,0,0,0,0,0,0,0,0,1,0
745014,0,0,0,0,0,0,0,0,1,0
745016,0,0,0,1,0,0,1,0,1,1
745018,0,0,0,0,0,0,0,0,1,0
745019,0,0,0,0,0,0,0,0,1,0
745020,0,0,0,0,0,0,0,0,1,0
746001,,0,0,1,0,0,1,0,1,0
746002,0,0,0,0,0,0,1,0,1,0
746003,0,0,0,0,0,0,0,0,1,0
746004,0,0,0,1,0,0,1,1,1,0
746005,0,0,0,1,0,0,0,0,1,0
746006,0,1,0,0,0,0,0,0,1,0
746007,1,0,1,1,0,0,1,1,1,0
746008,0,0,0,0,0,0,0,0,1,0
746010,0,1,0,0,0,0,0,1,1,0
746011,0,0,0,0,0,0,0,0,1,0
746013,0,0,0,0,0,0,0,0,1,0
746014,0,0,0,1,0,0,0,0,1,0
746015,0,1,0,0,0,0,1,0,1,0
746016,0,0,0,1,0,0,1,0,1,0
746017,0,0,0,1,0,0,0,0,1,0
746018,0,0,0,0,0,0,0,0,1,0
746019,0,0,0,1,0,0,0,0,1,0
746020,0,0,0,1,0,0,1,0,1,0
747001,0,0,0,0,0,1,1,1,1,0
747002,0,0,0,0,0,1,1,0,1,0
747003,0,0,0,0,0,1,1,0,1,0
747004,0,0,0,0,0,1,0,0,1,0
747005,0,0,0,1,0,0,1,0,0,0
747006,0,0,0,1,0,0,1,0,1,0
747007,0,0,0,1,0,1,0,0,1,0
747008,0,0,0,0,0,0,0,0,1,0
747009,0,1,0,0,0,0,0,0,1,0
747010,0,1,0,1,0,1,0,0,1,0
747011,0,0,0,1,0,1,0,1,1,0
747012,0,0,0,0,0,1,1,0,1,0
747013,0,0,0,1,0,0,0,0,1,0
747014,0,0,0,0,0,0,0,0,1,0
747016,0,0,0,1,0,0,0,0,0,0
747017,,,0,0,0,1,0,1,1,0
747018,0,0,0,1,0,0,0,0,1,0
747019,0,0,0,0,0,0,0,0,1,0
747020,0,0,0,0,0,0,0,0,1,0
748001,0,0,0,0,0,0,0,0,1,0
748002,0,0,0,1,0,0,0,1,1,0
748003,0,0,0,0,0,0,0,0,1,0
748004,0,0,0,1,0,0,0,0,1,0
748005,0,0,0,1,0,0,0,0,1,0
748006,0,0,0,0,0,0,0,0,1,0
748007,0,1,0,0,0,1,0,0,1,0
748008,0,0,0,0,0,0,0,0,1,0
748009,0,0,0,1,0,0,0,1,1,1
748010,0,0,0,1,0,0,0,0,1,0
748011,0,0,0,1,0,0,0,0,1,0
748012,0,0,0,1,0,0,0,0,1,1
748013,0,0,0,1,0,1,0,0,1,0
748014,0,0,0,1,0,0,0,0,1,1
748015,0,1,0,1,0,0,0,1,1,1
748016,0,0,0,1,0,0,0,1,1,1
749001,0,0,0,1,1,1,1,0,1,1
749002,0,0,0,1,1,1,1,1,1,1
749003,0,0,1,1,1,1,1,1,1,0
749004,0,0,0,1,1,1,1,0,1,0
749005,0,1,1,1,1,1,1,0,1,1
749006,0,0,0,1,1,1,1,0,1,0
749007,0,0,1,1,1,1,1,1,1,0
749008,0,0,1,0,1,1,1,0,1,0
749009,0,0,1,1,1,1,1,0,1,0
749010,0,0,0,1,1,1,1,1,1,0
749011,0,0,1,1,1,1,1,1,1,0
749012,0,0,0,1,1,1,0,0,1,0
749013,0,1,0,1,1,1,1,0,1,0
749014,0,1,1,1,1,1,1,0,1,0
749015,0,0,1,1,1,1,1,0,1,0
749016,0,0,0,1,1,1,1,1,1,1
749017,0,1,0,1,1,1,0,0,1,1
749018,0,1,1,1,1,1,1,0,1,0
749019,0,1,1,1,1,1,1,1,1,1
749020,0,1,0,1,1,1,1,1,1,0
750001,0,0,0,0,0,0,0,0,1,0
750002,0,0,0,0,0,0,0,1,1,0
750003,0,0,0,1,0,0,1,1,1,0
750004,0,0,1,0,0,0,0,1,1,0
750005,0,0,0,0,0,0,1,0,1,0
750006,0,0,0,0,0,0,1,0,1,0
750007,0,1,0,0,0,0,0,0,1,0
750008,0,0,0,0,1,1,1,0,1,1
750009,0,0,0,1,0,0,0,0,1,0
750010,0,0,0,0,0,0,1,0,1,0
750011,0,0,0,0,0,0,0,0,1,0
750012,0,0,0,1,0,1,1,0,1,1
750013,0,0,0,1,0,0,0,0,1,0
750014,0,0,0,0,0,0,0,0,1,0
750015,0,0,1,0,0,0,0,0,1,0
750016,0,0,0,0,0,0,1,0,1,0
750017,0,0,0,1,0,0,0,0,1,0
750019,0,0,0,1,0,0,1,1,1,0
751002,0,0,0,0,0,0,0,0,1,0
751003,0,0,0,0,0,0,0,0,1,0
751004,0,0,0,0,0,0,0,0,1,0
751005,0,1,0,1,0,0,0,0,1,0
751006,0,0,0,1,0,0,0,0,0,0
751007,0,0,0,0,0,0,0,0,1,0
751008,0,0,0,0,0,0,0,0,1,0
751009,0,0,0,0,0,0,0,0,1,0
751010,0,0,0,0,0,0,0,0,1,0
751011,0,0,0,0,0,0,0,0,1,0
751012,0,0,0,0,0,0,0,0,1,0
751013,0,0,0,0,0,0,0,0,1,0
751014,0,0,0,0,0,0,0,0,1,0
751015,0,0,0,0,0,0,0,0,1,0
751016,1,0,0,0,0,0,0,0,1,0
751017,0,0,0,0,0,0,0,0,1,0
751018,0,0,0,0,0,0,0,0,1,0
751019,0,1,0,1,0,0,0,0,1,0
751020,0,0,0,0,0,0,0,1,1,0
752001,0,0,0,1,0,0,0,0,1,0
752002,0,0,0,0,0,0,1,0,1,0
752003,0,0,0,1,0,0,0,0,1,0
752004,0,0,1,0,0,0,0,0,1,0
752005,0,1,0,1,0,0,0,0,1,0
752006,0,0,0,0,0,0,0,0,0,0
752007,0,0,0,0,0,0,0,0,1,0
752008,0,0,0,0,0,0,0,0,1,0
752009,0,0,0,1,0,0,0,0,1,0
752011,0,0,0,1,0,0,0,0,1,0
752012,0,0,0,0,0,0,0,0,1,0
752014,0,0,0,0,0,0,0,0,1,0
752015,0,0,0,1,0,0,1,0,1,1
752016,0,0,0,1,0,0,0,0,1,0
752017,0,0,0,0,0,0,0,0,1,0
752018,0,0,0,0,0,0,1,1,1,0
752019,0,0,0,0,0,0,0,0,1,0
752020,0,0,0,0,0,1,1,0,1,0
753001,0,0,0,1,0,0,0,0,1,0
753002,0,0,0,1,0,0,1,0,1,0
753003,0,,0,0,0,0,0,0,1,0
753004,0,0,0,0,0,0,0,0,1,0
753005,0,0,0,0,0,0,0,0,1,0
753007,0,0,0,0,0,0,0,0,1,0
753008,0,0,0,1,0,0,0,0,1,0
753009,0,0,0,1,0,0,0,0,1,0
753010,0,0,0,0,0,0,0,0,0,0
753011,0,1,0,0,0,0,0,0,0,0
753012,0,0,0,0,0,0,0,0,1,0
753013,0,0,0,0,0,0,0,0,1,0
753014,0,0,0,1,0,0,0,0,1,0
753015,0,1,0,0,0,0,0,0,1,0
753016,0,0,0,0,0,0,0,0,1,0
753017,0,0,0,0,0,0,0,0,1,0
753018,0,,0,0,0,0,0,0,1,0
753019,0,0,0,0,0,0,0,0,1,0
753020,0,0,0,0,0,0,0,0,1,0
754001,0,0,0,0,0,0,0,0,1,0
754002,0,0,0,0,0,0,0,0,1,0
754004,0,0,0,0,0,0,0,0,1,0
754005,0,0,0,0,0,1,0,0,1,0
754006,0,0,0,1,0,0,0,0,1,0
754007,0,0,0,0,0,0,0,0,1,0
754009,0,0,0,0,0,0,0,0,0,0
754010,0,0,0,0,0,0,0,0,1,0
754011,0,0,0,0,0,1,1,1,1,0
754012,0,0,0,1,0,0,0,0,1,0
754013,0,0,0,1,0,0,0,0,0,0
754015,0,1,0,0,0,0,0,0,1,0
754016,0,0,0,0,0,0,0,0,1,0
754017,0,0,0,0,0,0,0,0,1,0
754018,0,0,0,0,0,0,0,0,1,0
754019,0,0,0,0,0,0,0,0,1,0
754020,0,1,0,0,0,0,0,0,1,0
755001,0,0,0,0,0,0,0,0,1,0
755002,0,0,0,1,0,0,0,0,1,0
755003,0,0,0,0,0,0,0,0,1,0
755005,0,1,0,0,0,0,0,0,1,0
755006,0,0,0,0,0,0,0,0,1,0
755007,0,0,0,0,0,0,0,0,1,0
755008,0,0,0,0,0,0,0,0,1,0
755009,0,0,0,0,0,0,0,0,1,0
755010,0,1,0,0,0,0,0,1,1,0
755011,0,0,0,1,0,0,0,0,1,0
755012,0,1,0,0,0,0,0,1,1,0
755013,0,0,0,1,0,0,1,1,1,0
755014,0,0,0,1,0,0,0,0,1,0
755015,0,0,0,0,0,0,0,0,1,0
755016,0,0,0,1,0,0,0,0,1,0
755017,0,1,0,1,0,1,0,1,1,0
755018,0,1,0,0,0,0,0,0,1,0
755019,0,0,0,0,0,0,0,0,1,0
755020,0,0,1,0,0,0,0,0,1,0
756001,0,0,0,0,0,0,0,0,0,0
756002,0,1,0,0,0,0,0,0,1,0
756003,0,0,0,0,0,0,0,0,1,0
756004,0,0,0,0,0,0,0,0,1,0
756005,0,0,0,0,0,0,0,0,1,0
756006,0,0,0,0,0,0,0,0,1,0
756007,0,0,0,0,0,0,0,0,1,0
756008,0,0,0,0,0,0,1,0,1,0
756009,0,0,0,0,0,0,0,0,1,0
756010,0,0,0,0,0,0,0,0,1,0
756012,0,0,0,0,0,0,1,0,1,0
756013,0,0,0,0,0,0,0,0,1,0
756014,0,0,0,0,0,0,0,0,1,0
756015,0,0,0,0,0,0,1,0,1,0
756016,0,0,0,0,0,0,0,0,0,0
756017,0,0,0,0,0,0,1,0,1,0
756018,0,0,1,1,0,0,1,0,1,0
756019,0,0,0,0,0,0,0,0,1,0
756020,0,0,0,0,0,0,0,0,1,0
757001,0,0,0,1,1,0,1,0,1,0
757002,0,0,0,0,0,1,1,0,1,0
757003,0,0,1,0,0,1,1,0,1,0
757004,0,0,0,1,0,1,1,0,1,0
757005,1,0,0,0,0,0,0,0,1,0
757006,0,0,0,1,0,0,1,1,1,1
757007,0,0,0,0,0,0,1,0,1,0
757008,0,0,0,1,0,0,1,0,1,0
757009,0,0,0,0,0,0,0,0,1,0
757010,0,0,0,0,0,0,0,0,1,0
757011,0,0,0,0,0,1,1,0,1,0
757012,0,0,0,0,0,1,0,0,1,0
757013,0,0,0,0,0,0,1,0,1,0
757014,0,0,0,1,0,0,0,0,1,0
757015,0,1,0,0,0,0,0,0,1,0
757016,0,0,0,0,0,0,1,0,1,0
757017,0,0,0,1,0,1,0,0,1,0
757018,0,1,0,1,1,1,1,0,1,1
757019,0,0,0,1,0,0,1,0,0,1
757020,0,0,0,1,0,1,1,0,1,0
758001,0,1,0,0,0,0,0,0,1,0
758002,0,0,0,0,0,1,1,0,1,0
758003,0,0,0,0,0,0,0,0,1,0
758004,0,0,0,0,0,1,0,0,1,0
758005,0,0,0,0,0,1,1,1,1,0
758006,0,0,0,0,0,1,1,1,1,0
758007,0,0,0,0,0,1,0,0,1,0
758008,0,0,0,0,0,0,0,1,1,0
758009,0,0,0,0,0,1,1,0,1,0
758010,0,0,0,1,0,0,0,0,1,0
758011,0,0,0,0,0,1,1,0,1,0
758012,0,0,0,0,0,1,1,0,1,0
758013,0,0,0,1,0,1,1,0,1,0
758014,0,0,0,1,0,1,1,0,1,0
758015,0,0,1,0,0,1,1,1,1,0
758016,0,0,0,0,0,0,0,1,1,0
758017,0,0,0,1,0,0,1,1,1,0
758018,0,0,0,0,0,0,1,0,1,0
758019,0,1,0,1,0,1,1,1,1,0
758020,0,0,0,1,0,1,0,1,1,0
759001,0,0,1,0,0,0,0,0,1,0
759002,0,0,0,1,0,0,1,1,1,1
759003,0,0,0,0,0,0,0,0,1,0
759004,0,1,0,1,0,0,1,0,1,1
759005,0,0,0,1,0,1,1,0,0,1
759006,0,0,0,0,0,0,1,1,1,0
759007,0,0,1,1,0,1,1,1,1,1
759008,0,0,0,1,0,0,1,1,1,0
759009,0,0,0,0,0,1,1,1,1,1
759010,0,0,1,0,0,0,0,0,1,0
759011,0,0,0,0,0,1,1,0,1,0
759012,0,0,0,1,0,1,1,0,1,0
759013,0,0,0,0,0,1,1,0,1,0
759014,0,0,0,1,0,0,1,0,1,0
759015,0,0,0,0,0,1,1,1,1,0
759016,0,1,0,1,0,1,1,0,1,0
759017,0,0,0,1,0,1,1,1,1,0
759018,0,0,0,1,0,0,1,1,1,1
759019,0,0,1,1,0,1,1,1,1,1
759020,0,0,1,0,0,1,1,0,1,0
760002,0,0,0,0,0,0,0,0,1,0
760003,0,0,0,0,0,0,0,1,1,0
760004,0,0,1,1,1,1,1,1,1,1
760005,0,,0,0,0,1,0,0,1,0
760006,0,0,0,0,0,0,0,0,1,0
760008,0,0,0,0,0,0,0,1,1,0
760009,0,0,0,0,0,0,0,0,1,0
760010,0,0,0,0,0,0,0,0,1,0
760011,0,0,0,0,0,0,0,0,0,0
760013,0,0,0,1,0,0,0,0,1,0
760014,0,0,0,0,0,0,0,0,1,0
760015,0,1,0,0,0,0,1,0,1,0
760016,0,0,0,0,0,0,0,0,1,0
760018,0,0,0,0,0,0,0,0,1,0
760019,0,0,0,1,0,0,0,0,1,0
760020,0,0,0,0,0,0,0,0,1,0
761001,0,0,0,1,0,0,1,1,1,0
761002,0,0,0,0,0,0,1,0,1,0
761003,0,0,0,0,1,0,0,1,1,1
761004,1,1,0,1,0,1,0,0,1,0
761005,0,0,0,0,1,0,0,1,1,1
761006,0,0,0,0,0,0,0,0,1,0
761007,0,0,0,0,0,0,1,0,1,0
761008,0,0,0,0,0,0,1,0,1,0
761009,0,0,0,1,0,1,0,0,1,0
761010,0,0,0,0,0,1,0,1,1,0
761011,0,0,0,0,0,0,1,0,1,0
761012,0,0,0,1,1,0,0,0,1,0
761013,0,0,0,1,0,0,0,0,1,0
761014,0,0,0,0,0,0,0,0,1,0
761015,0,1,0,1,0,1,1,0,1,0
761016,0,0,0,1,0,1,0,0,1,0
761017,1,1,0,1,0,0,0,0,1,1
761018,0,0,0,1,0,0,0,1,1,0
761019,0,0,0,0,0,0,1,0,1,0
761020,0,0,0,1,0,0,1,1,1,0
762001,0,0,0,0,0,0,0,0,1,0
762002,0,0,0,0,0,0,0,0,1,0
762003,0,0,0,1,0,0,0,1,1,0
762004,0,0,0,0,0,0,0,1,1,0
762005,0,1,0,1,0,0,1,1,1,1
762006,0,0,0,0,0,0,0,0,1,0
762007,0,1,0,1,0,0,0,0,1,0
762008,0,0,0,0,0,0,0,1,1,0
762009,0,0,0,1,0,0,0,0,1,0
762010,0,0,0,0,0,0,0,0,1,0
762011,0,0,0,0,0,0,0,0,1,0
762012,0,0,0,0,0,0,0,1,1,0
762013,0,0,0,1,0,0,0,0,1,0
762014,1,0,0,0,0,0,1,1,1,0
762015,0,,0,0,0,0,0,0,1,0
762016,0,0,0,1,0,0,0,0,1,0
762017,0,0,0,0,0,0,1,0,1,0
762018,0,0,0,1,0,0,0,0,1,0
762019,0,0,0,0,0,0,0,0,1,0
762020,0,0,0,1,0,0,0,0,1,0
763001,0,0,0,0,0,0,1,0,1,0
763002,0,1,0,0,0,0,1,0,1,0
763003,0,0,0,0,0,1,1,0,1,0
763004,0,0,1,1,0,0,1,0,1,0
763005,0,0,1,0,0,1,1,1,1,0
763006,0,0,1,0,0,0,0,0,1,0
763007,0,1,0,0,0,0,0,0,1,0
763008,0,0,0,0,0,1,1,0,1,0
763009,1,0,0,0,0,0,0,0,1,0
763010,0,1,0,1,0,1,1,0,1,0
763011,0,0,1,0,0,0,1,0,1,1
763012,0,0,0,1,0,0,1,0,1,0
763013,0,0,0,1,0,0,1,0,1,0
763014,0,0,0,0,0,1,0,0,1,1
763015,0,0,0,0,0,0,0,0,1,0
763016,0,1,0,1,0,0,1,0,1,1
763017,0,0,0,1,0,0,1,1,1,1
763018,0,1,0,0,0,0,0,0,1,0
763019,1,0,0,0,0,0,0,0,1,0
763020,0,0,0,1,0,0,1,0,1,1
764001,0,1,1,1,0,0,1,0,1,0
764002,0,0,0,0,0,0,1,0,1,0
764004,0,0,0,1,0,0,1,1,1,0
764005,0,0,0,1,1,1,1,1,1,1
764006,0,0,0,1,0,0,1,0,1,1
764007,0,0,0,1,0,0,1,0,1,0
764008,0,0,0,1,1,1,1,0,1,0
764009,0,0,0,1,0,0,1,1,1,1
764010,0,1,0,1,0,1,1,0,1,1
764011,0,0,0,1,0,1,1,0,1,0
764012,0,0,0,1,1,1,1,1,1,1
764013,0,0,0,1,0,0,1,0,1,0
764014,0,0,0,1,1,1,1,1,1,1
764015,0,0,0,1,0,0,1,0,1,0
764016,0,1,0,1,1,1,1,1,1,1
764017,0,0,1,1,0,1,1,0,1,1
764018,1,1,1,1,0,1,1,0,1,0
764019,0,0,0,1,0,0,1,0,1,0
764020,0,0,1,0,0,0,1,0,1,1
765001,0,1,0,1,0,1,1,0,1,0
765002,0,0,0,1,0,1,1,1,1,0
765003,0,1,0,1,1,1,0,0,1,1
765004,0,0,1,1,0,1,0,0,1,1
765005,0,1,0,1,0,1,1,1,1,0
765006,0,0,0,0,1,1,1,0,1,1
765007,0,0,0,0,0,1,1,0,1,0
765008,0,1,0,1,0,1,1,0,1,1
765009,0,0,0,1,0,1,0,0,1,0
765010,0,0,1,1,0,1,0,0,1,0
765011,0,0,0,0,0,1,0,1,1,0
765012,0,0,0,0,0,1,0,0,1,0
765013,0,0,0,0,0,1,1,0,1,0
765014,0,0,0,0,1,1,1,0,1,1
765015,0,0,0,0,0,1,1,0,1,0
765016,0,0,0,1,0,1,0,0,1,0
765017,1,0,0,1,0,1,1,1,1,0
765018,0,0,0,1,1,1,0,0,1,0
765019,0,0,1,1,1,1,1,1,1,1
765020,0,1,0,1,0,1,0,0,1,0
766002,0,0,1,1,0,1,1,1,1,0
766003,0,0,0,0,0,1,1,0,1,0
766004,0,0,0,0,0,1,1,1,1,0
766005,0,0,0,1,0,1,1,0,1,1
766006,1,,0,0,0,1,1,0,1,0
766007,0,0,0,1,0,1,1,0,1,0
766008,0,0,0,1,0,1,1,0,1,0
766009,0,0,0,0,0,1,1,1,1,0
766010,0,1,0,1,1,1,1,1,1,1
766011,0,0,0,0,0,1,1,0,1,0
766013,0,0,0,0,0,1,1,0,1,0
766014,0,0,0,1,0,1,1,1,1,0
766015,0,0,0,1,0,1,1,0,1,0
766016,0,0,0,0,0,1,1,0,1,0
766017,0,0,1,1,0,1,1,0,1,0
766018,0,0,0,0,0,1,1,0,1,0
766019,0,0,0,1,1,1,1,1,1,1
766020,0,,0,0,0,1,1,0,1,0
767001,,0,0,0,0,1,1,0,1,0
767002,0,1,0,1,1,1,1,1,1,1
767003,0,,0,0,0,1,1,0,1,0
767004,0,0,1,0,1,1,1,1,1,1
767005,0,0,1,1,0,1,1,1,1,1
767006,0,,0,1,0,1,1,0,1,0
767007,0,0,0,1,1,1,1,0,1,1
767008,0,0,0,1,0,1,1,1,1,1
767009,0,0,1,1,0,1,0,0,1,0
767010,0,1,0,0,0,1,1,1,1,1
767011,0,1,1,1,1,1,1,0,1,0
767012,0,0,0,1,1,1,1,0,1,0
767013,0,0,1,1,1,1,1,1,1,0
767014,0,0,0,1,0,1,1,0,1,0
767015,0,0,0,1,0,1,0,0,1,0
767016,0,0,0,0,0,1,1,0,1,0
767017,0,0,0,1,0,1,1,0,1,0
767018,1,1,0,0,0,1,0,0,1,0
767019,0,0,1,0,1,1,1,0,1,0
767020,0,0,0,0,0,1,1,1,1,0
768001,0,0,0,0,0,0,0,0,1,0
768002,0,0,0,1,0,0,1,0,1,0
768003,0,0,0,0,0,0,0,0,1,0
768004,0,0,0,0,0,0,0,0,1,0
768005,0,0,0,0,0,0,1,0,1,1
768007,0,0,0,0,0,1,1,1,1,0
768008,0,1,0,0,0,0,1,0,1,0
768009,0,0,0,0,0,0,0,0,1,0
768010,0,0,0,0,0,0,1,1,1,0
768011,0,0,0,1,0,0,1,1,1,1
768012,0,0,0,0,0,0,0,0,1,0
768013,0,1,0,0,0,1,1,1,1,0
768014,0,0,0,0,0,0,0,0,1,0
768015,0,0,0,0,0,0,0,0,1,0
768016,0,0,0,0,0,0,1,0,1,0
768018,0,0,0,1,0,1,1,0,1,1
768019,0,0,0,0,0,0,1,1,1,1
768020,0,0,1,1,0,1,1,0,1,0
769001,0,0,1,1,1,1,1,1,1,1
769002,0,,0,1,1,1,1,1,1,1
769003,0,1,0,1,1,1,1,1,1,1
769004,0,1,1,1,1,1,1,1,1,1
769005,0,0,0,0,0,1,1,0,1,0
769006,0,1,0,0,0,1,1,0,1,0
769007,0,1,0,1,1,1,1,1,1,1
769008,0,1,0,1,1,1,1,1,1,1
769009,1,0,1,1,1,1,1,1,1,1
769010,0,0,1,1,1,1,1,1,1,1
769011,0,0,0,0,1,1,1,1,1,1
769012,0,1,1,1,0,1,1,0,1,0
769013,0,0,1,1,1,1,1,0,1,1
769014,0,1,0,1,1,1,1,1,1,1
769015,0,1,0,0,1,1,1,0,1,1
769016,0,1,1,1,0,1,1,0,1,0
769017,0,1,0,1,1,1,1,1,1,1
769019,,0,1,1,0,1,1,0,1,0
769020,0,0,0,1,0,1,1,0,1,1
770001,0,0,0,0,0,0,0,0,1,0
770002,0,0,0,1,0,0,1,0,1,0
770004,0,0,0,0,0,0,0,0,1,0
770005,0,0,0,0,0,0,0,0,1,0
770006,0,0,0,0,1,0,1,1,1,1
770008,0,0,0,0,0,0,0,0,1,0
770009,0,0,0,1,0,0,0,1,1,0
770011,0,0,0,0,0,0,0,0,1,0
770012,0,0,1,0,0,0,0,0,1,0
770013,0,0,0,0,0,0,0,0,1,0
770014,0,0,0,0,0,0,0,0,1,0
770015,0,0,1,0,0,0,0,1,1,0
770017,0,0,0,0,0,0,0,0,1,0
770018,0,0,0,1,0,0,0,0,1,0
770019,0,0,0,0,0,0,0,0,1,0
770020,0,0,0,0,0,0,0,1,0,0
771001,,0,0,0,0,0,0,0,1,0
771002,0,0,0,0,0,0,0,0,1,0
771003,0,0,0,0,0,0,0,0,1,0
771004,0,0,0,0,0,0,0,1,1,0
771005,0,0,0,0,0,0,0,0,0,0
771006,0,0,0,0,0,0,0,0,1,0
771007,0,0,0,0,0,0,0,0,1,0
771008,0,0,0,0,0,0,0,0,1,0
771009,0,0,0,0,0,0,0,0,1,0
771010,0,0,0,0,0,0,1,0,1,0
771011,0,0,0,0,0,0,0,0,1,0
771012,0,0,0,0,0,0,0,0,1,0
771014,0,1,0,0,0,0,0,0,1,0
771015,0,0,0,0,0,0,0,0,1,0
771016,0,0,0,0,0,0,0,0,1,0
771017,0,0,0,0,0,0,0,0,1,0
771018,0,0,0,0,0,0,0,0,1,0
771019,0,0,0,0,0,0,0,0,1,0
771020,0,0,0,0,0,0,0,0,1,0
772001,0,0,0,0,0,0,0,0,1,0
772002,0,0,0,0,0,0,0,0,1,0
772003,0,0,0,0,0,0,0,0,1,0
772004,0,0,0,1,0,0,0,1,1,0
772005,0,0,0,0,0,0,0,1,1,0
772006,0,0,0,0,0,0,0,0,1,0
772007,0,0,0,0,0,1,0,0,1,0
772009,0,0,0,0,0,1,0,0,1,0
772010,0,1,0,0,0,0,0,0,1,0
772011,0,0,0,1,0,0,1,1,1,0
772012,0,0,0,0,0,0,0,0,1,0
772013,0,0,0,0,0,0,0,1,1,0
772014,0,0,0,0,0,0,0,0,1,0
772015,0,0,0,0,0,0,0,0,1,0
772016,0,0,0,0,0,0,0,0,1,0
772017,0,0,0,0,0,0,0,1,1,0
772018,0,0,0,0,0,0,1,0,1,0
772019,0,1,0,0,0,0,0,1,1,0
772020,0,0,0,0,0,0,0,0,1,0
773001,0,0,1,0,0,1,0,0,1,0
773002,0,0,0,0,0,1,1,0,1,0
773003,0,0,0,0,0,0,1,0,1,1
773004,0,0,0,0,0,1,1,0,1,0
773006,0,0,0,1,0,0,1,0,1,0
773007,0,0,0,0,0,0,0,0,1,0
773008,0,0,0,0,0,1,1,0,1,0
773009,0,0,0,0,0,0,0,0,1,0
773010,0,0,0,0,0,1,0,0,1,0
773012,0,1,0,0,0,0,1,1,1,0
773013,0,0,1,0,0,1,0,0,1,0
773014,0,1,0,0,0,1,1,0,1,0
773015,0,1,0,0,0,0,1,1,1,0
773016,0,0,0,0,0,1,1,0,1,0
773017,0,0,0,0,0,0,0,0,0,0
773018,0,0,0,0,0,0,0,0,1,0
773019,0,1,0,1,0,0,0,0,1,0
773020,0,0,0,0,0,0,0,0,1,0
774002,0,0,0,0,0,0,0,0,1,0
774003,0,0,0,1,0,0,1,0,1,0
774004,0,0,0,1,0,0,0,1,1,0
774005,0,0,0,0,0,1,1,0,1,0
774006,0,0,0,0,0,0,0,0,1,0
774007,0,0,0,0,0,0,0,1,1,0
774008,0,0,1,0,0,0,0,0,1,0
774009,0,0,0,0,0,0,0,0,1,0
774010,0,0,0,0,0,0,0,0,1,0
774011,0,0,0,0,0,0,1,1,1,0
774012,0,0,0,0,0,0,0,0,1,0
774013,0,1,0,0,0,1,1,1,1,0
774014,0,1,0,0,0,1,1,0,1,0
774015,0,0,0,0,0,1,0,0,1,0
774016,0,0,0,0,0,1,0,0,1,0
774017,0,0,0,0,0,1,1,1,1,0
774018,0,0,0,0,0,0,0,0,1,0
774019,0,0,0,0,0,0,0,0,1,0
774020,0,0,0,0,0,0,0,0,1,0
775001,0,0,0,1,1,1,1,1,1,0
775002,1,0,0,1,1,0,1,1,1,1
775003,0,1,0,1,1,1,1,1,1,1
775004,0,1,0,1,1,1,1,1,1,1
775005,1,1,0,1,1,1,1,1,1,1
775006,0,0,0,1,1,1,1,0,1,1
775007,0,1,0,1,1,1,1,0,1,1
775008,1,1,0,1,1,1,1,1,1,1
775009,0,0,0,1,0,1,1,0,1,1
775010,0,0,0,1,0,1,1,0,1,0
775011,1,1,1,0,0,1,1,0,1,0
775012,0,1,0,1,1,1,1,1,1,0
775013,0,0,1,1,0,1,1,0,1,0
775014,0,0,0,1,1,1,1,1,0,1
775015,0,0,0,1,1,1,1,0,1,0
775016,0,1,0,1,1,1,1,0,1,1
775017,0,0,1,1,0,1,1,0,1,0
775018,0,0,0,1,1,1,1,0,1,1
775019,0,0,1,1,0,1,1,0,1,0
775020,0,0,0,1,1,1,1,1,1,1
776002,0,1,0,1,1,1,1,0,1,1
776003,0,0,0,1,1,1,1,1,1,1
776004,0,0,0,1,0,1,1,0,1,0
776005,0,0,1,1,1,1,1,0,1,0
776006,0,0,0,0,0,1,1,0,1,0
776007,0,0,0,1,1,0,1,0,1,1
776008,0,,0,0,0,1,1,1,1,1
776009,0,1,0,1,1,0,1,1,1,1
776010,0,0,0,1,0,1,1,0,1,0
776011,0,0,1,1,0,0,1,0,1,0
776012,0,0,1,1,1,1,0,1,1,0
776013,0,0,0,1,0,0,1,1,1,0
776014,0,0,0,1,1,1,1,1,1,0
776015,0,0,0,1,0,1,1,1,1,1
776016,0,0,0,1,0,1,1,0,1,0
776017,0,1,0,1,0,1,1,0,1,0
776018,0,0,0,1,1,1,1,1,1,1
776019,0,0,0,1,0,1,1,0,1,0
776020,0,1,0,1,1,0,1,0,1,1
777001,0,0,0,0,0,1,0,1,1,0
777002,0,1,0,1,0,0,1,1,1,0
777003,0,1,0,1,0,0,1,1,1,0
777004,0,0,0,0,0,0,1,0,1,0
777005,0,0,0,0,0,1,0,1,1,0
777006,0,0,0,1,0,0,0,0,1,0
777008,0,0,0,0,0,1,0,0,1,0
777009,0,1,0,1,0,1,1,0,1,0
777011,1,0,0,1,0,0,1,0,1,0
777012,0,0,0,0,0,0,0,0,1,0
777013,0,0,0,0,1,1,1,1,1,1
777014,0,0,0,0,0,0,0,0,1,0
777015,0,0,0,1,0,0,0,0,1,0
777016,0,0,0,1,0,1,1,0,1,0
777017,0,0,0,1,0,0,0,0,1,0
777018,1,1,0,1,0,0,1,0,1,0
777019,1,1,0,0,0,0,1,1,1,0
777020,0,0,0,0,0,0,0,1,0,0
778001,0,0,0,0,0,0,0,0,1,0
778002,0,0,0,0,0,0,0,0,1,0
778003,0,0,0,0,0,0,0,0,1,0
778004,0,,0,0,0,0,0,1,1,0
778006,0,1,0,0,0,0,1,0,1,0
778008,0,0,0,0,0,0,0,0,1,0
778009,0,0,0,0,0,0,0,0,1,0
778010,0,0,0,0,0,0,1,0,1,0
778011,0,1,1,0,0,0,1,0,1,0
778012,0,0,0,1,0,0,0,0,1,0
778013,0,0,0,1,0,0,0,1,1,0
778014,0,0,0,1,0,0,1,0,1,0
778015,0,0,,1,0,1,1,0,1,0
778016,0,0,0,1,0,0,0,0,1,0
778017,0,1,1,1,1,1,1,1,1,1
778018,0,0,0,1,0,0,0,1,1,0
778019,0,0,0,1,0,0,1,0,1,0
778020,0,1,1,1,0,1,0,1,1,0
779001,0,0,1,1,0,1,1,1,1,1
779002,0,0,0,0,0,1,0,1,1,0
779003,0,0,0,1,0,0,1,0,1,0
779004,0,0,1,0,0,0,0,0,1,0
779006,0,0,0,0,0,0,0,0,0,0
779007,0,,0,0,0,0,0,0,1,0
779009,0,0,0,1,0,0,0,0,1,0
779010,0,0,0,0,0,1,0,0,1,0
779011,0,0,0,1,0,0,0,0,1,1
779012,0,0,0,1,0,0,0,0,1,0
779013,0,0,0,0,0,0,0,0,1,0
779014,0,0,1,0,0,0,1,0,1,0
779015,0,1,0,0,0,0,0,0,1,0
779016,0,0,0,0,0,0,0,1,1,0
779017,0,0,0,1,0,0,0,0,1,0
779018,0,0,0,0,0,1,1,1,1,0
779019,0,0,0,0,0,0,0,0,1,0
779020,0,0,0,0,0,1,0,0,1,0
780001,0,0,0,1,0,1,0,0,1,0
780002,0,1,0,0,0,0,1,0,1,0
780003,0,0,0,0,0,1,1,0,1,0
780004,0,0,0,1,0,0,1,0,1,0
780005,0,0,0,1,0,0,0,0,1,1
780006,0,1,1,0,0,0,0,1,1,0
780007,0,0,0,0,0,0,1,0,1,0
780008,0,0,0,1,0,0,1,0,1,1
780009,0,1,0,0,0,0,1,0,0,0
780010,0,0,0,0,0,0,1,0,1,0
780012,0,0,0,0,0,0,0,0,1,0
780013,0,0,0,0,0,0,0,0,1,0
780014,0,0,1,0,0,0,1,0,1,0
780015,0,1,0,0,1,0,1,0,1,0
780016,0,1,0,0,0,1,0,0,1,0
780017,0,1,0,0,0,1,1,0,1,0
780018,0,1,0,1,0,1,1,1,1,0
780019,0,0,1,0,0,1,1,0,1,0
780020,0,0,0,0,0,0,0,1,1,0
781001,0,0,0,0,1,0,1,0,1,0
781002,0,1,1,0,1,0,1,1,1,0
781004,0,0,0,0,0,0,1,0,1,0
781005,0,0,0,1,0,1,1,0,1,0
781006,0,0,0,0,0,0,0,0,1,0
781007,0,0,0,0,0,0,0,0,1,0
781008,0,1,0,0,0,0,1,0,1,0
781009,0,1,0,1,0,0,1,1,1,0
781010,0,0,1,1,0,1,1,1,1,0
781012,0,1,0,0,0,1,1,0,1,0
781013,1,1,1,1,0,0,0,0,1,0
781014,0,1,0,0,0,1,0,1,1,0
781015,0,0,0,0,0,1,0,0,1,0
781016,0,0,0,1,0,0,1,0,1,0
781017,0,0,0,1,0,0,0,0,1,0
781018,0,0,0,1,0,0,0,0,1,0
781019,0,0,0,0,0,0,0,0,1,0
781020,0,0,1,1,0,0,1,1,1,0
782001,0,1,0,0,0,1,1,0,1,0
782002,0,0,0,1,0,0,1,0,1,0
782003,0,1,1,1,0,1,1,1,1,0
782004,0,0,0,0,0,0,1,0,1,0
782005,0,0,0,1,0,1,1,0,1,0
782006,0,0,1,0,0,0,1,0,1,0
782007,0,1,0,0,0,0,0,1,1,0
782008,0,0,0,0,0,0,0,0,1,0
782009,0,0,0,1,0,1,0,0,1,0
782010,0,0,0,1,0,0,0,0,1,0
782011,0,1,0,0,0,1,0,0,1,0
782012,0,1,0,0,0,0,0,0,1,0
782013,0,0,0,0,0,1,0,1,1,0
782014,0,0,0,0,0,0,1,1,1,0
782015,0,0,0,0,0,1,0,1,1,0
782016,0,1,0,1,0,0,0,1,1,1
782017,0,0,1,0,0,0,1,0,0,0
782018,0,0,0,0,0,1,1,1,1,0
782019,0,0,0,0,0,0,1,0,1,0
782020,0,1,0,1,0,0,1,0,1,0
783001,0,1,0,0,0,1,1,0,1,0
783003,0,0,0,1,0,0,1,1,1,0
783005,1,1,0,1,0,0,1,0,1,0
783007,0,0,0,1,0,1,1,1,1,0
783008,0,0,0,0,0,1,1,0,1,0
783009,0,0,0,0,0,0,1,0,1,0
783010,0,0,0,1,0,1,1,0,1,0
783011,0,0,0,0,0,1,1,0,1,0
783012,0,0,0,1,0,1,1,0,1,0
783014,0,0,0,1,0,1,1,0,1,0
783015,0,0,0,1,0,0,1,0,1,0
783016,0,0,0,0,0,0,1,0,1,0
783018,0,0,0,1,0,0,1,1,0,0
783019,1,0,0,1,0,0,1,0,1,0
783020,0,0,0,1,0,0,1,0,1,0
784001,0,0,0,0,0,0,0,0,0,0
784002,0,1,1,1,0,0,0,1,1,0
784003,0,0,0,0,0,0,0,0,1,0
784004,0,0,0,0,0,0,0,0,1,0
784005,0,0,0,0,0,0,0,0,1,0
784006,0,0,0,0,0,0,0,0,1,0
784007,0,0,0,1,0,0,0,1,1,0
784008,0,0,0,0,0,0,0,0,1,0
784009,0,0,0,1,0,1,0,0,1,0
784010,0,0,0,0,0,0,0,0,1,0
784011,0,0,0,1,0,0,1,0,1,0
784012,0,0,0,0,0,0,0,0,1,0
784013,0,0,0,0,0,0,0,1,1,0
784014,0,0,0,0,0,1,0,1,1,0
784015,0,1,0,0,0,0,0,0,1,0
784016,0,0,0,0,0,0,0,0,1,0
784017,0,1,0,0,0,0,0,0,1,0
784018,0,0,0,0,0,0,0,1,1,0
784019,0,1,0,0,0,0,1,0,1,0
784020,0,0,1,0,0,1,1,0,1,0
785001,0,1,0,0,0,0,1,0,1,0
785002,0,0,0,0,0,0,1,0,1,0
785003,0,0,0,0,0,0,1,0,1,0
785004,0,0,0,0,0,0,1,0,1,0
785005,0,0,0,0,0,0,0,0,1,0
785006,0,0,1,0,0,0,0,0,1,0
785007,0,0,0,0,0,1,1,0,1,0
785008,0,0,0,0,0,0,0,0,1,0
785009,0,0,0,0,0,0,0,0,1,0
785010,0,0,0,1,0,0,1,0,1,0
785011,0,0,0,0,0,1,1,1,1,0
785012,0,1,0,0,0,0,0,1,1,0
785015,0,0,0,0,0,0,1,0,1,0
785016,0,0,0,0,0,0,1,0,1,0
785017,0,0,0,0,0,0,0,1,1,0
785018,0,0,0,0,0,0,0,0,1,0
785019,0,0,0,0,0,0,0,0,1,0
785020,0,,0,0,0,0,0,0,1,0
786001,0,0,0,0,0,1,0,0,1,0
786002,0,0,0,0,0,0,0,0,1,0
786003,0,0,0,0,0,0,0,0,1,0
786004,0,0,0,0,0,1,0,0,1,0
786005,0,0,0,0,0,0,0,0,1,0
786006,0,0,0,1,0,0,0,0,1,0
786007,0,0,0,0,0,1,0,0,1,0
786008,0,0,0,0,0,0,0,0,1,0
786010,0,0,0,0,0,0,0,0,1,0
786012,0,0,0,0,0,0,0,0,1,0
786013,0,0,0,0,0,0,0,0,1,0
786014,0,0,0,0,0,1,0,0,1,0
786015,0,0,0,0,0,0,1,0,1,0
786016,0,0,0,0,0,0,0,0,1,0
786018,0,0,0,0,0,0,0,0,1,0
786019,0,0,0,0,0,0,0,0,1,0
786020,1,1,0,0,0,0,0,0,1,0
787001,0,0,0,1,0,0,0,0,1,0
787002,0,0,0,0,0,0,0,0,1,0
787003,0,0,0,0,0,0,0,0,1,0
787004,0,0,0,0,0,0,0,0,1,0
787005,0,0,0,0,0,0,1,0,1,0
787006,0,0,0,0,0,0,1,0,1,0
787007,0,0,0,1,0,0,0,0,0,0
787008,0,0,1,1,0,0,0,0,1,0
787009,0,0,0,0,0,0,0,0,1,0
787010,0,0,0,0,0,0,0,0,1,0
787011,0,0,0,0,0,0,0,0,1,0
787012,0,1,0,0,0,0,0,0,1,0
787013,0,0,0,0,0,0,1,0,1,0
787014,1,0,0,0,0,0,1,0,1,0
787015,0,0,0,0,0,0,0,0,1,0
787016,0,0,0,0,0,0,0,0,1,0
787017,0,0,0,0,0,0,0,0,1,0
787018,0,0,0,0,0,0,0,0,1,0
787019,0,0,0,0,0,0,0,0,1,0
787020,0,0,1,0,0,0,1,0,1,0
788001,0,0,0,0,0,0,0,0,1,0
788002,0,0,0,0,0,0,0,0,1,0
788003,0,0,0,0,0,0,0,0,1,0
788005,0,0,0,0,0,0,0,0,1,0
788006,0,0,1,0,0,0,0,0,1,0
788007,0,0,0,0,0,0,0,0,1,0
788008,0,0,0,0,0,0,0,0,1,0
788009,0,0,0,0,0,0,0,0,1,0
788010,0,0,0,0,0,0,0,0,1,0
788011,0,0,0,0,0,0,0,0,1,0
788012,0,0,0,0,0,0,0,0,1,0
788013,0,0,0,0,0,0,0,0,0,0
788014,0,0,0,0,0,0,0,0,1,0
788016,0,0,0,0,0,0,0,0,0,0
788017,0,0,0,0,0,0,0,0,1,0
788018,0,0,0,0,0,0,0,0,1,0
788019,0,0,0,0,0,0,0,0,1,0
788020,0,0,0,0,0,0,0,0,1,0
789001,0,0,0,0,0,0,0,0,0,0
789002,0,0,0,0,0,0,0,0,1,0
789003,0,0,0,0,0,0,0,0,1,0
789004,0,0,0,0,0,0,0,0,1,0
789005,0,0,0,0,0,0,0,0,1,0
789006,0,0,0,0,0,0,0,0,1,0
789007,0,0,0,0,0,0,0,0,1,0
789008,0,0,0,0,0,0,0,0,1,0
789009,0,0,0,0,0,0,0,0,1,0
789010,0,0,0,0,0,0,0,0,1,0
789011,0,0,0,0,0,0,0,0,1,0
789012,0,0,0,0,0,0,0,0,1,0
789013,0,0,0,0,0,0,0,0,1,0
789014,0,0,0,0,0,0,0,0,1,0
789015,0,0,0,0,0,0,0,0,1,0
789017,0,0,0,0,0,0,0,0,1,0
789018,0,0,0,0,0,0,0,0,1,0
789019,0,0,0,0,0,0,0,0,0,0
789020,0,1,0,0,0,0,0,0,1,0
790001,0,1,0,0,0,0,0,0,1,0
790002,0,0,0,0,0,0,0,0,1,0
790003,0,0,0,0,0,0,0,0,1,0
790004,0,0,0,0,0,0,0,0,1,0
790005,0,0,0,0,0,0,0,0,1,0
790006,0,0,0,0,0,0,0,0,1,0
790007,0,0,0,0,0,0,0,0,1,0
790008,0,0,0,0,0,0,0,0,1,0
790009,0,0,0,0,0,0,0,0,1,0
790010,0,0,0,0,0,0,0,0,1,0
790011,0,0,0,0,0,0,0,0,1,0
790012,0,0,0,0,0,0,0,0,1,0
790013,0,0,0,0,0,0,0,0,1,0
790014,0,0,0,0,0,0,0,0,1,0
790015,0,0,0,0,0,0,0,0,1,0
790016,0,0,0,0,0,0,0,0,1,0
790017,0,0,0,0,0,0,1,0,1,0
790018,0,0,0,0,0,0,0,0,1,0
790019,0,0,0,0,0,0,0,0,1,0
790020,0,0,0,0,0,0,0,0,1,0
791001,0,0,0,0,0,0,0,0,1,0
791002,0,0,0,0,0,0,0,0,1,0
791003,0,0,0,0,0,0,0,0,1,0
791004,0,0,0,0,0,0,0,0,1,0
791005,0,0,0,1,0,0,0,0,1,0
791006,0,0,0,0,0,0,0,0,0,0
791007,0,0,0,0,0,0,0,0,0,0
791008,0,0,0,0,0,0,0,0,1,0
791009,0,0,0,0,0,0,0,0,1,0
791010,0,0,0,0,0,0,0,0,1,0
791011,0,0,0,0,0,0,0,0,1,0
791012,0,0,0,0,0,0,0,0,1,0
791013,0,0,0,0,0,0,0,0,1,0
791014,0,1,0,0,0,0,0,1,1,0
791015,0,0,0,1,0,0,0,0,1,0
791016,0,0,0,0,0,0,0,0,1,0
791017,0,0,0,0,0,0,0,0,1,0
791018,0,0,0,0,0,0,0,0,1,0
791019,0,0,0,0,0,0,0,0,1,0
791020,0,0,0,0,0,0,0,0,1,0
792001,0,0,0,0,0,0,0,0,1,0
792002,0,0,0,0,0,0,0,0,1,0
792004,0,0,0,0,0,0,0,0,1,0
792005,0,0,0,0,0,0,0,0,0,0
792006,0,0,0,0,0,0,0,0,0,0
792007,0,0,0,0,0,0,0,0,1,0
792008,0,0,0,0,0,0,0,0,1,0
792009,0,0,0,0,0,0,0,0,0,0
792011,0,0,0,0,0,0,0,0,1,0
792012,0,0,0,0,0,0,0,0,1,0
792013,0,0,0,0,0,0,0,0,1,0
792014,0,0,0,0,0,0,0,0,1,0
792016,0,0,0,0,0,0,0,0,1,0
792017,0,0,0,0,0,0,0,0,0,0
792018,0,0,0,0,0,0,0,0,1,0
792019,0,0,0,0,0,0,0,0,0,0
792020,0,0,0,0,0,0,0,0,1,0
793001,0,0,0,1,0,0,0,0,0,0
793002,0,0,0,0,0,0,0,0,1,0
793003,0,0,0,0,0,0,0,0,1,0
793004,0,0,0,0,0,0,0,0,1,0
793005,0,0,0,0,0,0,0,0,1,0
793007,0,0,0,0,0,0,0,0,1,0
793008,0,0,0,0,0,0,0,0,1,0
793009,0,0,0,1,0,0,0,0,1,0
793010,0,0,0,1,0,0,0,0,1,0
793011,0,0,0,0,0,0,0,0,1,0
793012,0,0,0,0,0,0,0,0,1,0
793013,0,0,0,0,0,0,0,0,1,0
793015,0,0,0,0,0,0,0,0,1,0
793016,0,0,0,0,0,0,0,0,1,0
793017,0,0,0,0,0,0,0,0,1,0
793018,0,0,0,0,0,0,0,0,1,0
793019,0,0,0,1,0,0,0,1,1,0
793020,0,0,0,0,0,0,0,0,1,0
794001,0,0,0,0,0,0,0,0,1,0
794002,0,0,0,0,0,0,1,0,1,0
794003,0,0,0,0,0,0,0,0,1,0
794004,0,0,0,0,0,0,1,0,1,0
794005,0,0,0,0,0,0,0,0,1,0
794006,0,0,0,0,0,0,0,0,1,0
794007,0,0,0,1,0,0,0,0,1,0
794008,0,0,0,0,0,0,0,0,1,0
794009,0,0,0,1,0,0,0,0,1,0
794010,0,,0,0,0,0,0,0,1,0
794011,0,0,0,0,0,0,0,0,1,0
794012,0,0,0,0,0,0,0,0,1,0
794013,0,0,0,0,0,0,0,0,1,0
794014,0,0,0,0,0,0,0,0,1,0
794015,0,0,0,0,0,0,0,0,0,0
794016,0,0,0,0,0,0,0,0,1,0
794017,0,0,0,0,0,0,0,0,1,0
794018,0,0,0,0,0,0,0,0,1,0
794019,0,0,0,0,0,0,0,0,1,0
794020,0,0,0,0,0,0,0,0,1,0
795001,0,1,0,0,0,0,1,0,1,0
795002,1,0,0,0,0,1,1,0,1,0
795003,0,0,0,1,0,0,0,0,1,0
795004,0,0,0,0,0,0,0,0,1,0
795005,0,0,0,0,0,1,1,1,1,0
795006,0,0,0,0,0,1,1,1,1,0
795007,0,0,0,0,0,1,0,0,1,0
795008,0,1,0,0,0,0,0,0,1,0
795009,0,0,0,0,0,0,1,1,1,0
795010,0,0,0,0,0,0,1,0,1,0
795011,0,0,0,1,0,1,1,1,0,1
795012,0,0,0,1,0,0,0,0,1,0
795013,0,0,0,0,0,0,0,0,1,0
795014,0,0,0,1,0,0,0,0,1,0
795015,0,0,0,0,0,1,0,0,1,0
795016,0,0,0,0,0,0,0,0,1,0
795017,0,0,0,0,0,1,0,0,1,0
795019,0,1,0,0,0,0,0,0,1,0
795020,0,0,0,1,0,1,1,1,1,1
796001,0,0,0,0,0,0,0,0,1,0
796002,0,0,0,0,0,0,0,0,1,0
796003,0,0,0,0,0,0,0,0,1,0
796004,0,1,0,0,0,0,0,0,1,0
796005,0,0,0,1,0,0,1,0,1,0
796006,0,0,0,0,0,0,0,0,1,0
796007,0,0,0,0,0,0,0,0,1,0
796008,0,0,0,0,0,0,1,0,1,0
796009,0,0,0,0,0,0,0,0,1,0
796010,0,0,0,0,0,0,0,0,1,0
796012,0,0,0,0,0,0,0,0,1,0
796013,0,0,0,0,0,0,0,0,1,0
796014,0,0,0,0,0,0,0,0,1,0
796015,0,0,0,0,0,0,0,0,1,0
796016,0,0,0,1,0,0,0,0,1,0
796017,0,0,0,0,0,0,0,0,1,0
796018,0,0,0,0,0,0,0,0,1,0
796019,0,0,0,0,0,0,0,1,1,0
796020,0,0,0,1,0,0,1,0,1,1
797001,0,0,0,0,0,0,0,0,1,0
797002,0,0,0,0,0,0,0,0,1,0
797003,0,0,0,1,0,0,0,0,1,0
797004,0,0,0,0,0,0,0,0,1,0
797005,0,0,0,1,0,0,0,0,1,0
797006,0,0,0,0,0,0,1,0,1,0
797007,0,0,0,0,0,0,0,0,1,0
797008,0,0,0,1,0,0,0,0,1,0
797009,0,0,0,0,0,0,0,0,1,0
797010,0,0,0,1,0,0,0,0,1,0
797011,0,0,0,0,0,0,0,0,1,0
797012,0,1,0,1,0,0,0,0,1,0
797013,0,0,0,0,0,0,0,0,1,0
797014,0,0,1,0,0,0,0,0,1,0
797015,0,0,0,1,0,0,1,1,1,1
797016,0,1,0,0,0,0,0,0,1,0
797017,0,0,0,0,0,0,0,0,1,0
797019,0,0,0,0,0,0,0,0,1,0
798001,0,0,0,0,0,0,0,0,1,0
798002,0,0,0,0,0,0,0,0,1,0
798003,0,0,0,0,0,0,0,0,1,0
798004,0,0,0,0,0,0,0,0,1,0
798005,0,0,0,0,0,0,0,0,1,0
798006,0,0,0,0,0,0,1,0,1,0
798007,0,0,0,1,0,0,0,0,1,0
798008,0,0,0,0,0,0,0,0,1,0
798009,0,1,0,0,0,0,0,0,1,0
798010,0,0,0,0,0,0,0,0,1,0
798011,0,0,0,0,0,0,0,0,1,0
798012,0,0,0,0,0,0,0,0,1,0
798013,0,0,0,0,0,0,0,0,1,0
798014,0,0,0,0,0,0,0,0,1,0
798015,0,0,0,0,0,0,0,0,1,0
798016,0,0,0,0,0,0,0,0,1,0
798017,0,0,0,0,0,0,0,0,1,0
798018,0,0,0,0,0,0,0,0,1,0
798019,0,0,0,0,0,0,0,0,1,0
798020,0,0,0,0,0,0,0,0,1,0
799001,0,0,0,0,0,0,0,0,1,0
799002,0,1,0,0,0,0,0,0,1,0
799003,0,0,0,0,0,0,0,0,1,0
799004,0,0,0,0,0,0,0,0,1,0
799005,0,1,0,0,0,0,0,0,1,0
799006,0,0,0,0,0,0,0,0,1,0
799007,0,0,0,0,0,0,0,0,1,0
799008,0,0,1,1,0,0,0,0,1,0
799009,0,0,0,0,0,0,0,0,1,0
799010,0,0,0,0,0,0,0,0,1,0
799011,0,0,0,1,0,0,0,0,1,0
799012,0,0,0,0,0,0,0,0,1,0
799013,0,0,0,0,0,0,0,1,1,0
799014,0,0,0,0,0,0,0,0,1,0
799015,0,0,0,0,0,0,0,0,1,0
799016,0,0,0,0,0,0,0,0,1,0
799017,0,0,0,0,0,0,0,0,1,0
799018,0,0,0,0,0,0,0,0,0,0
799019,0,0,0,0,0,0,0,0,1,0
799020,0,0,0,0,0,0,0,0,1,0
800001,0,0,0,1,1,0,1,1,1,0
800002,0,1,0,0,0,0,0,0,1,0
800003,0,1,0,1,0,1,1,0,1,0
800004,1,0,0,1,0,0,1,0,1,0
800005,0,0,0,0,0,0,0,0,1,0
800006,0,0,0,1,0,0,1,1,1,1
800007,0,0,0,1,0,0,0,0,1,0
800008,0,0,0,1,0,0,0,0,1,0
800009,0,0,0,0,0,0,0,0,1,0
800010,0,0,0,1,0,0,1,0,1,1
800011,0,0,0,1,0,0,1,1,1,0
800012,0,0,0,0,0,1,1,1,1,0
800014,0,0,0,1,0,0,1,0,1,0
800015,0,0,0,1,0,1,1,0,1,1
800016,0,0,0,1,0,0,0,0,1,0
800017,0,0,0,1,0,0,0,0,1,0
800018,0,0,0,1,0,0,0,1,1,0
800019,0,0,0,0,0,0,0,0,1,0
800020,0,0,0,1,0,0,0,0,1,0
801001,0,0,0,0,0,0,0,0,1,0
801002,0,0,1,0,0,0,0,0,1,0
801003,0,0,0,0,0,0,0,0,0,0
801004,0,0,0,0,0,0,0,0,1,0
801005,0,1,0,0,0,1,0,0,1,0
801006,0,0,0,1,0,0,0,0,1,0
801007,0,1,0,0,0,0,0,0,1,0
801008,0,0,0,1,0,0,0,0,1,0
801009,0,0,0,0,0,0,1,0,1,0
801010,0,0,0,0,0,0,0,0,1,0
801011,0,0,0,0,0,0,0,0,1,0
801012,0,0,0,1,0,1,1,0,1,0
801013,0,0,0,1,0,0,0,0,1,0
801014,0,0,0,0,0,0,0,0,1,0
801015,0,0,0,0,0,0,0,0,1,0
801016,0,0,0,0,0,0,0,0,1,0
801017,0,0,0,0,0,0,0,0,1,0
801018,0,0,0,0,0,0,0,0,1,0
801019,0,0,0,1,1,0,1,1,1,0
801020,0,0,0,0,0,0,1,0,1,0
802001,0,0,0,0,0,1,0,0,1,0
802002,0,0,0,0,0,1,0,0,1,0
802003,0,0,0,0,0,0,0,0,1,0
802004,0,0,0,1,0,0,0,0,1,0
802005,0,1,0,0,0,0,1,0,1,0
802006,0,0,0,0,0,0,0,0,1,0
802007,0,0,0,1,1,0,1,0,1,0
802008,0,0,0,1,0,0,0,0,1,0
802009,0,0,0,1,0,1,0,0,1,0
802010,0,0,0,0,0,0,1,0,1,0
802011,0,0,0,0,0,0,1,0,1,0
802012,0,0,0,1,0,0,0,0,1,0
802013,0,1,1,0,0,0,0,0,1,0
802014,0,0,0,0,0,0,1,0,1,0
802016,0,0,0,0,0,0,1,0,1,0
802017,0,0,0,0,0,0,0,0,1,0
802018,0,0,0,0,0,1,0,0,1,0
802019,0,0,0,0,0,0,0,0,1,0
802020,0,0,0,0,0,1,0,0,1,0
803001,0,0,0,0,0,1,0,0,1,0
803002,0,0,1,0,0,1,1,1,1,0
803003,0,0,0,0,0,1,1,1,1,0
803004,0,0,1,1,0,1,1,0,1,0
803005,0,0,0,1,0,0,0,0,1,0
803006,0,0,0,0,0,1,1,0,1,0
803007,0,1,1,0,0,0,1,0,1,0
803008,0,1,0,0,0,0,0,0,1,0
803009,0,0,0,1,0,1,1,0,1,1
803010,0,0,0,1,0,0,1,0,1,0
803011,0,0,0,0,0,0,1,0,1,0
803012,0,0,1,0,0,0,1,0,1,0
803013,0,0,0,0,0,0,1,0,1,0
803014,0,0,0,0,0,0,1,1,1,0
803015,0,0,0,1,0,0,0,0,1,0
803016,0,0,0,1,0,0,0,0,1,0
803017,0,1,0,0,0,0,0,0,1,0
803018,0,0,0,1,0,0,0,0,1,0
803019,0,0,0,1,0,0,0,0,1,0
803020,0,0,0,0,0,0,1,0,1,0
804001,0,0,0,0,0,0,0,0,1,0
804002,0,0,0,1,0,0,1,0,1,0
804003,0,0,0,1,0,0,0,0,1,0
804004,0,0,0,0,0,0,0,0,1,0
804005,0,0,0,0,0,0,0,0,1,0
804006,0,0,0,0,0,0,0,0,1,0
804007,0,0,0,0,0,0,0,0,1,0
804008,0,0,0,0,0,0,0,0,1,0
804009,0,0,0,1,0,0,0,0,1,0
804010,0,0,0,0,0,0,0,0,1,0
804011,0,0,0,0,0,0,0,0,1,0
804012,0,0,0,0,0,0,1,0,1,0
804013,0,0,0,0,0,0,0,0,1,0
804014,0,0,0,0,0,0,0,0,1,0
804015,0,0,0,0,0,0,0,0,1,0
804016,0,0,0,1,0,0,1,0,1,1
804017,0,0,0,0,0,0,0,1,1,1
804018,0,0,0,0,0,0,0,0,1,0
804019,0,0,0,0,0,0,0,0,1,0
804020,0,0,0,0,0,0,0,0,1,0
805001,0,0,0,0,0,0,0,0,1,0
805002,0,0,0,0,0,0,0,0,1,0
805003,0,1,0,0,0,0,0,0,1,0
805005,0,0,0,0,0,0,0,0,1,0
805006,0,0,0,0,0,0,0,1,1,0
805007,0,0,0,0,0,0,1,0,1,0
805008,0,1,0,0,0,0,0,0,1,0
805009,0,0,0,0,0,0,0,0,1,0
805010,0,0,0,0,0,0,0,0,1,0
805011,0,0,0,0,0,0,0,0,1,0
805012,0,1,0,0,0,0,0,0,1,0
805013,0,0,0,0,0,0,0,0,1,0
805014,0,0,0,0,0,0,0,0,1,0
805015,0,0,0,0,0,0,0,0,1,0
805017,0,0,0,0,0,0,0,0,1,0
805018,0,0,0,0,0,0,0,0,1,0
805019,0,0,0,0,0,0,0,0,1,0
805020,0,0,0,0,0,0,0,0,1,0
806001,0,0,0,1,0,0,1,1,1,0
806002,0,0,0,1,0,1,1,1,1,0
806003,0,1,1,1,0,0,1,0,1,0
806004,0,0,0,1,0,0,0,0,1,0
806005,0,0,0,1,0,1,1,1,1,0
806006,0,0,1,1,1,0,1,1,1,0
806007,0,0,0,0,0,0,1,0,1,0
806008,0,0,0,1,0,0,1,0,1,0
806009,0,0,0,0,0,0,0,0,1,0
806010,0,0,0,0,0,0,0,0,1,0
806011,0,0,0,0,0,1,0,0,1,0
806012,0,0,0,0,0,0,1,0,1,0
806013,0,0,0,1,0,0,1,1,1,0
806014,0,0,0,0,0,0,1,0,1,0
806015,0,0,0,0,0,0,0,0,1,0
806016,0,0,0,1,0,0,0,1,1,1
806017,0,0,0,0,0,0,0,0,1,0
806018,0,0,1,1,0,0,1,0,1,1
806019,0,0,0,1,0,1,1,0,1,0
806020,0,0,0,1,0,0,1,0,1,1
807001,0,0,0,0,0,0,0,0,1,0
807002,0,0,0,0,0,0,1,0,1,0
807003,0,0,0,0,0,1,0,0,1,0
807004,0,0,0,0,0,0,0,0,1,0
807005,0,0,0,0,0,0,0,0,1,0
807006,0,0,0,0,0,1,0,0,1,0
807007,0,0,0,0,0,0,1,0,1,0
807008,0,1,0,1,0,0,0,0,1,0
807009,0,0,0,1,0,0,0,0,1,0
807010,0,0,0,0,0,1,0,0,1,0
807011,0,0,0,0,0,1,0,0,1,0
807012,0,1,0,0,0,0,1,0,1,0
807013,0,0,0,0,0,1,1,1,1,0
807014,0,0,0,1,0,0,1,0,1,0
807016,0,0,0,0,0,0,1,0,1,0
807017,0,0,0,1,0,0,1,1,1,1
807018,0,0,0,1,0,1,1,0,1,0
807020,0,1,0,1,0,0,1,0,1,0
808001,0,0,0,0,0,0,0,0,1,0
808002,0,0,0,0,0,0,0,0,1,0
808003,0,0,0,0,0,0,0,0,1,0
808004,0,0,0,1,0,0,0,0,1,0
808005,0,1,0,0,0,0,0,0,1,0
808006,0,0,0,0,0,0,0,0,1,0
808007,0,0,0,0,0,0,0,0,1,0
808008,0,0,0,1,0,0,0,0,1,0
808009,0,0,0,0,0,0,0,0,1,0
808010,0,0,0,0,0,0,0,0,1,0
808011,0,0,0,0,0,0,0,0,1,0
808012,0,0,0,1,0,0,0,0,1,0
808013,0,0,0,0,0,0,0,0,1,0
808014,0,0,0,0,0,0,1,0,1,0
808015,0,0,0,0,0,0,0,0,1,0
808016,0,0,0,0,0,0,0,0,1,0
808017,0,0,0,0,0,0,0,0,1,0
808018,0,0,0,0,0,0,0,0,1,0
808019,0,0,0,1,0,0,0,0,1,0
808020,0,0,0,0,0,0,0,0,0,0
809001,0,0,0,0,0,0,0,0,1,0
809003,0,0,1,0,0,0,1,0,1,0
809004,0,0,0,0,0,1,1,0,1,0
809005,0,1,0,0,0,0,0,0,1,0
809006,0,0,0,0,0,1,1,0,1,0
809007,0,1,0,1,0,0,1,0,1,0
809008,0,0,0,0,0,1,0,0,1,0
809009,0,0,0,0,0,0,0,0,1,0
809011,0,0,0,1,0,1,0,1,1,0
809012,0,0,0,1,1,0,1,1,1,0
809013,0,0,0,0,0,0,0,0,1,0
809014,0,0,0,0,0,1,1,0,1,0
809015,0,0,0,0,0,0,1,0,1,0
809016,0,0,0,1,0,0,0,0,1,0
809017,0,0,0,0,1,0,1,0,1,0
809018,0,0,0,0,0,0,0,0,1,0
809019,0,0,0,1,1,0,1,0,1,0
809020,0,0,0,0,0,0,0,0,1,0
810001,0,1,0,0,0,0,0,0,1,0
810002,0,0,0,0,0,0,0,0,1,0
810003,0,1,0,1,0,0,0,1,1,0
810004,0,0,0,1,0,0,0,0,1,0
810005,0,0,0,1,0,0,0,0,1,1
810006,0,0,0,0,0,0,0,0,1,0
810007,0,0,0,0,0,0,0,0,1,0
810008,0,0,0,0,0,0,1,0,1,0
810009,0,0,0,0,0,0,0,0,1,0
810011,0,0,0,0,0,0,0,0,1,0
810012,0,0,0,0,0,0,0,0,1,0
810013,0,0,0,0,0,0,0,0,1,0
810014,0,0,1,0,0,0,1,1,1,0
810015,0,0,0,1,0,0,0,0,1,0
810016,0,0,0,0,0,0,0,0,1,0
810017,0,1,0,0,0,0,0,0,1,0
810020,0,1,0,1,0,0,0,0,1,0
811001,0,0,1,1,0,0,1,1,1,0
811002,0,0,0,0,0,1,0,1,1,0
811003,0,0,0,0,0,1,1,1,1,0
811004,0,1,1,0,0,1,1,1,1,1
811005,0,1,0,0,0,1,1,0,1,0
811006,0,0,0,1,0,0,0,0,1,0
811007,0,0,0,0,0,0,0,0,1,0
811008,0,1,0,0,0,1,1,0,1,0
811009,0,0,0,0,0,1,1,0,1,0
811010,0,1,0,0,0,0,1,0,1,0
811011,0,0,0,1,0,0,1,1,1,0
811012,0,0,0,0,0,0,0,0,1,0
811013,0,0,0,0,0,0,1,0,1,0
811014,0,0,0,0,0,0,0,0,1,0
811015,0,0,0,0,0,1,1,0,1,0
811016,0,0,0,0,0,0,1,0,1,0
811017,0,0,0,0,0,1,1,0,1,1
811018,0,0,0,1,0,1,1,1,1,1
811019,0,1,0,1,0,0,1,1,1,1
811020,0,0,0,1,0,1,1,0,1,0
812001,0,0,0,1,0,0,1,0,1,0
812002,0,0,1,1,0,0,1,1,1,0
812003,0,0,0,1,0,1,1,0,1,0
812005,0,1,1,1,0,0,1,1,1,0
812006,0,0,0,0,0,1,1,1,1,0
812007,0,0,0,1,0,0,1,1,1,1
812008,0,0,0,1,0,1,0,0,1,0
812009,0,0,0,0,0,1,1,0,1,0
812010,0,0,1,1,0,1,1,1,1,0
812011,0,0,1,0,0,1,1,0,1,0
812012,0,0,1,1,1,0,1,0,1,0
812013,0,0,0,1,0,0,1,0,1,0
812014,0,0,0,1,0,0,1,0,1,0
812015,0,0,1,1,0,1,1,0,1,0
812017,1,1,0,1,1,0,1,1,1,1
812018,0,0,0,1,0,0,1,1,1,0
812019,0,0,0,1,1,1,1,1,1,1
812020,1,0,1,1,0,1,1,1,1,0
813001,0,0,0,0,0,0,0,0,1,0
813002,0,0,0,0,0,0,0,0,1,0
813003,0,0,0,0,0,0,0,0,1,0
813004,0,1,0,0,0,0,0,0,1,0
813005,0,0,0,0,0,0,0,0,1,0
813006,0,0,0,0,0,0,0,1,1,0
813007,0,0,0,0,0,0,0,0,1,0
813008,0,0,0,0,0,0,0,0,1,0
813009,0,0,0,0,0,0,1,0,1,0
813010,0,0,0,0,0,0,0,0,1,0
813011,0,0,0,0,0,0,0,0,1,0
813013,0,0,0,0,0,0,0,0,1,0
813014,0,0,0,1,0,0,0,1,1,0
813015,0,0,0,0,0,0,0,0,1,0
813017,0,0,0,0,0,0,0,0,1,0
813018,0,0,0,0,0,0,0,0,1,0
813019,0,0,0,0,0,0,0,0,1,0
813020,0,0,0,0,0,0,0,0,1,0
814001,0,0,0,0,0,0,0,0,1,0
814002,0,0,0,0,0,0,0,0,1,0
814003,0,0,0,0,0,0,0,0,1,0
814004,0,0,0,0,0,0,0,0,1,0
814005,0,0,0,0,0,0,0,0,1,0
814006,0,1,0,0,0,0,0,0,1,0
814007,0,0,0,0,0,0,0,0,1,0
814008,0,0,0,1,0,0,0,0,1,0
814009,0,0,0,0,0,0,0,0,1,0
814010,0,0,0,0,0,0,0,0,1,0
814011,0,1,0,0,0,0,0,0,1,0
814012,0,0,0,0,0,0,0,0,1,0
814013,0,1,1,0,0,0,1,1,1,0
814014,0,0,0,0,0,0,0,0,1,0
814015,0,0,0,1,0,0,0,1,1,0
814016,0,0,0,0,0,0,0,0,1,0
814017,0,0,0,0,0,0,0,0,1,0
814018,0,0,0,0,0,0,0,0,1,0
814019,0,0,0,0,0,0,0,0,1,0
814020,0,0,0,0,0,0,0,0,1,0
815001,0,0,0,1,0,1,1,0,1,0
815002,0,0,0,0,0,0,0,0,1,0
815003,0,0,0,1,0,0,1,0,1,0
815004,0,1,1,0,0,0,0,0,1,0
815005,0,0,0,1,0,0,1,0,1,0
815006,0,1,0,1,0,1,1,0,1,0
815007,0,1,0,1,0,0,1,0,1,0
815008,0,0,0,1,0,0,1,1,1,0
815009,0,0,0,0,0,0,0,0,1,0
815010,0,0,0,0,0,0,0,0,1,0
815011,0,1,0,0,0,0,1,1,1,0
815013,0,0,0,0,0,0,0,0,1,0
815014,0,0,0,0,0,0,0,0,0,0
815015,0,0,0,0,0,0,0,0,1,0
815016,0,0,0,1,0,0,0,0,1,0
815017,0,0,0,1,0,0,0,0,1,0
815018,0,1,0,0,0,0,0,0,1,0
815020,0,0,0,0,0,0,0,0,1,0
816001,1,0,0,0,0,0,0,0,1,0
816002,0,0,0,0,0,0,0,0,1,0
816003,0,0,0,0,0,0,0,0,1,0
816004,0,0,0,0,0,0,0,0,0,0
816005,0,0,0,0,0,0,0,0,1,0
816006,0,0,0,0,0,0,0,0,1,0
816007,0,0,0,0,0,0,0,0,1,0
816008,0,1,0,0,0,0,0,0,1,0
816009,0,0,0,0,0,0,0,0,1,0
816010,0,0,0,0,0,0,0,0,0,0
816011,0,0,0,0,0,0,0,0,1,0
816012,0,0,0,0,0,0,0,0,1,0
816013,0,0,0,0,0,0,0,0,1,0
816014,0,0,0,0,0,0,0,0,0,0
816016,0,0,0,0,0,0,0,0,1,0
816017,0,0,0,0,0,0,0,0,1,0
816018,0,0,0,0,0,0,0,0,1,0
816019,0,0,0,0,0,0,0,0,1,0
816020,0,0,0,0,0,0,0,0,1,0
817001,0,0,1,1,0,0,1,1,1,1
817002,0,1,0,0,0,0,1,1,1,0
817003,0,0,1,1,0,0,1,0,1,0
817004,0,0,0,1,0,0,1,1,1,0
817005,0,0,0,1,0,0,1,0,1,0
817006,0,1,0,1,0,0,1,1,1,0
817007,0,1,1,1,0,0,0,1,1,1
817008,0,0,1,1,0,0,1,1,1,1
817009,1,1,1,1,0,0,0,1,1,0
817010,0,1,1,1,0,0,1,0,1,0
817011,0,1,0,0,0,0,0,0,1,0
817012,0,1,1,1,1,0,1,1,1,1
817013,0,0,1,1,0,0,1,1,1,0
817014,0,0,0,1,1,0,1,0,1,1
817015,0,0,0,1,0,0,0,0,1,0
817016,0,0,0,1,1,0,1,1,1,1
817017,0,0,1,1,0,0,1,1,1,1
817018,0,1,1,0,0,0,0,0,1,0
817019,0,0,0,1,0,0,1,1,1,0
817020,0,0,1,1,0,0,0,0,1,0
818001,0,0,0,0,0,0,0,0,1,0
818002,0,0,0,1,0,0,1,0,0,1
818003,0,1,0,0,0,0,0,0,1,0
818004,0,0,0,0,0,0,0,0,1,0
818005,0,0,0,0,0,0,0,0,1,0
818006,0,0,0,0,0,0,0,0,1,0
818007,0,1,0,0,0,0,0,0,1,0
818008,0,1,0,0,0,0,0,0,0,0
818009,0,0,0,0,0,0,1,0,1,0
818010,0,0,0,1,0,0,1,0,1,0
818011,0,0,0,0,0,1,0,0,1,0
818012,0,0,0,0,0,0,0,0,1,0
818013,0,0,0,0,0,0,1,0,1,0
818014,0,0,0,0,0,0,0,0,1,0
818015,0,0,0,0,0,0,0,0,1,0
818016,0,0,0,1,0,0,1,1,1,0
818017,0,0,0,0,0,0,1,0,1,0
818018,0,0,0,0,0,0,0,1,1,0
818019,0,0,0,0,0,0,0,0,1,0
818020,0,0,0,0,0,0,0,0,1,0
819001,0,0,1,1,0,1,1,1,1,0
819002,0,1,1,1,0,0,1,0,1,0
819003,0,0,0,1,0,1,1,1,1,1
819004,0,0,1,1,1,1,1,1,1,0
819005,0,1,0,1,1,1,1,1,1,1
819006,0,0,1,1,0,1,1,0,1,0
819007,0,0,0,1,0,1,1,1,1,1
819008,0,0,0,1,0,1,1,0,1,0
819009,0,0,1,1,0,0,1,0,1,0
819010,1,0,0,1,0,1,1,1,1,0
819011,0,1,0,1,0,0,1,1,1,0
819012,0,0,0,1,0,0,1,0,1,0
819013,0,1,0,1,0,0,1,0,1,0
819014,0,1,0,1,0,1,1,1,1,1
819015,0,0,1,1,0,1,1,1,1,1
819016,0,1,1,1,0,0,1,0,1,0
819017,0,0,1,1,0,1,1,0,1,0
819018,0,0,0,1,0,1,1,1,1,1
819019,0,1,0,1,0,1,1,1,1,0
819020,0,0,0,0,0,1,1,0,1,0
820001,0,1,1,1,1,1,1,0,1,0
820002,0,0,1,1,1,1,1,0,1,1
820003,0,0,0,1,1,0,1,0,1,1
820004,0,0,0,0,1,0,1,0,1,0
820005,0,0,1,1,1,1,1,0,1,1
820006,0,0,0,0,1,1,1,0,1,0
820008,0,1,0,0,1,1,1,0,1,0
820009,0,0,1,1,1,1,1,0,1,0
820010,0,0,1,0,1,1,1,0,1,0
820011,0,0,0,1,1,1,1,1,1,1
820012,0,0,1,1,1,1,1,1,1,1
820014,0,1,1,1,1,1,1,1,1,1
820015,0,0,0,1,1,1,1,0,1,1
820016,0,1,0,0,1,1,1,0,1,1
820017,0,0,0,1,1,1,1,0,1,1
820018,0,0,0,1,1,1,1,1,1,1
820019,0,0,0,1,1,1,1,0,1,1
820020,0,0,0,1,1,1,1,1,1,1
821001,0,0,0,1,0,0,0,0,1,0
821002,0,0,0,0,0,0,0,0,1,0
821003,0,0,0,1,0,0,0,0,1,0
821004,0,0,0,0,0,0,0,0,1,0
821005,0,0,0,0,0,0,0,0,1,0
821006,0,0,0,0,0,0,0,0,1,0
821007,0,0,0,1,0,0,0,0,1,0
821008,0,0,0,0,0,0,0,0,1,0
821009,0,0,0,0,0,0,0,0,1,0
821010,0,0,0,1,0,0,0,0,0,0
821011,0,0,0,0,0,0,0,0,1,0
821012,0,0,0,1,0,1,0,0,1,0
821013,0,0,0,0,0,0,0,0,1,0
821014,0,0,0,1,0,1,0,0,1,0
821015,0,1,0,1,0,0,0,0,1,0
821016,0,0,0,1,0,0,0,0,1,0
821017,0,0,0,1,0,0,0,0,1,0
821018,0,0,0,0,0,1,0,0,1,0
821019,0,0,0,0,0,0,0,0,1,0
821020,0,0,0,0,0,0,0,0,1,0
822001,0,1,0,1,0,0,0,0,1,0
822002,0,,0,1,0,1,0,1,1,0
822003,0,0,0,0,0,0,0,0,1,0
822004,0,0,0,0,0,0,0,1,1,0
822005,0,0,0,0,0,0,0,0,1,0
822006,0,0,0,1,0,0,1,0,1,0
822007,0,0,0,1,1,1,1,1,1,1
822008,0,0,0,0,0,1,0,0,1,0
822009,0,0,0,0,0,0,0,0,1,0
822010,0,0,0,0,0,0,0,0,1,0
822011,0,0,0,0,0,0,0,0,1,0
822012,0,0,0,1,0,0,0,0,1,0
822014,0,0,0,0,0,0,0,0,1,0
822015,0,0,0,0,0,0,0,0,1,0
822016,0,0,0,0,0,0,1,0,1,0
822017,0,0,0,0,0,1,0,0,1,0
822018,0,0,0,1,1,1,1,1,1,1
822019,0,1,0,0,0,1,1,0,1,0
822020,0,0,1,1,0,1,1,1,1,1
823001,1,1,1,1,0,1,1,0,1,0
823002,0,0,0,1,0,1,1,1,1,1
823003,0,0,0,1,0,1,1,1,1,1
823004,0,1,1,1,0,1,1,0,0,0
823005,0,1,0,1,0,1,1,1,1,0
823006,0,1,1,1,0,1,1,0,1,0
823007,0,0,1,1,0,1,1,0,1,0
823008,0,1,1,1,0,1,1,1,1,1
823009,0,1,0,1,1,1,1,0,1,1
823010,0,0,0,0,0,1,1,1,1,0
823011,0,1,0,1,1,1,1,1,1,1
823012,0,1,0,1,0,1,1,0,1,0
823013,0,0,0,0,0,0,1,0,1,0
823014,0,0,1,0,0,0,0,0,1,0
823015,0,0,0,0,0,0,0,0,1,0
823016,0,0,0,1,0,1,1,0,1,0
823017,0,0,0,0,0,0,0,0,1,0
823018,0,0,0,0,0,1,0,0,1,0
823019,0,1,0,0,0,0,0,0,1,0
823020,0,1,0,0,0,0,0,0,1,0
824001,0,0,0,1,1,0,1,1,1,1
824003,0,0,0,1,0,0,1,0,1,1
824004,0,0,0,0,0,0,1,0,1,0
824005,0,1,0,1,0,0,1,0,1,1
824006,0,1,0,1,0,0,1,0,1,0
824007,0,0,0,0,0,0,1,0,1,0
824008,0,,1,1,0,0,1,0,1,0
824011,0,0,0,1,1,0,1,1,1,1
824012,0,0,1,0,0,0,0,0,1,0
824013,0,1,0,1,0,0,1,1,1,0
824014,0,1,0,1,0,0,1,1,1,0
824015,1,0,1,1,0,0,1,0,1,1
824016,0,1,1,1,1,0,1,0,1,0
824017,0,1,1,1,0,0,1,0,1,0
824018,0,1,0,1,1,0,1,1,1,1
824019,0,1,1,1,0,0,1,0,1,1
824020,0,1,0,1,1,0,1,1,1,1
825001,0,0,0,1,0,1,1,0,1,0
825002,0,0,0,1,0,1,1,0,1,0
825003,0,1,1,0,0,1,1,0,1,0
825004,0,1,0,0,0,1,1,1,1,0
825005,0,0,0,1,0,1,1,0,1,0
825006,0,0,0,0,0,1,1,0,1,0
825007,0,1,0,0,0,1,1,0,1,0
825008,0,1,1,1,0,1,1,0,1,0
825009,0,1,0,0,0,1,1,0,1,0
825010,0,0,1,1,0,1,1,1,1,1
825011,0,0,1,1,0,1,1,0,1,0
825012,1,1,0,1,0,1,1,1,1,0
825013,0,0,0,0,0,1,1,0,1,0
825014,0,0,0,0,0,1,1,0,1,0
825015,0,,1,1,0,1,1,0,1,0
825016,0,1,1,1,0,1,1,0,1,0
825017,0,0,1,0,0,1,1,0,1,0
825018,0,0,0,1,0,1,1,0,1,0
825019,0,0,0,1,0,1,1,0,1,0
825020,0,0,0,1,0,1,1,1,1,1
826002,0,1,1,1,1,0,1,0,1,0
826003,0,0,0,0,0,1,1,0,1,0
826004,0,1,1,1,1,1,1,1,1,1
826005,0,1,0,0,1,1,1,0,1,1
826006,0,1,1,1,1,0,1,0,1,1
826007,0,0,1,1,1,1,1,0,1,1
826008,0,1,1,1,1,1,1,0,1,0
826009,0,1,1,1,1,1,1,0,1,1
826010,0,0,1,1,0,1,1,0,1,1
826011,0,0,1,1,0,1,1,0,1,1
826012,0,1,1,1,1,1,1,0,1,1
826013,0,0,0,1,1,1,1,0,1,1
826014,0,1,1,1,1,1,1,0,1,0
826015,0,1,1,1,1,1,1,0,1,1
826016,0,1,1,1,0,0,1,0,1,1
826017,0,1,0,1,1,1,1,0,1,0
826018,0,0,1,1,0,1,1,0,1,1
826019,0,1,1,1,0,1,1,0,1,0
826020,0,0,0,1,1,1,1,0,1,0
827001,0,0,1,1,0,1,1,0,1,0
827002,0,0,1,1,1,1,1,0,1,1
827004,0,0,1,1,1,1,1,0,1,0
827005,0,0,0,0,0,1,0,0,1,0
827007,0,0,0,1,0,1,1,0,1,1
827008,0,0,0,1,1,1,1,1,1,1
827009,0,0,0,0,0,1,1,0,1,0
827010,0,0,1,1,0,1,1,0,1,1
827011,0,0,0,0,0,0,1,0,1,0
827012,0,0,1,1,0,1,1,1,1,1
827013,0,0,1,1,0,1,1,0,1,0
827014,0,0,0,1,0,1,1,0,1,0
827015,0,0,1,0,0,1,1,0,1,0
827016,0,0,0,0,0,1,1,0,1,0
827017,0,0,0,1,0,1,1,1,1,1
827018,0,0,1,1,0,1,1,0,1,0
827019,0,0,1,1,0,1,1,0,1,1
827020,0,0,1,1,1,1,1,1,1,1
828001,1,0,0,0,0,0,1,0,1,0
828002,1,0,0,0,0,0,1,1,1,1
828003,0,0,0,1,0,0,1,0,1,0
828004,0,0,0,1,0,0,1,0,1,0
828005,0,0,1,1,0,0,1,1,1,1
828006,0,0,0,1,0,1,1,0,1,1
828007,0,0,0,0,0,0,1,0,1,1
828008,0,0,1,1,0,0,1,0,1,1
828009,0,0,0,0,0,1,1,1,1,1
828010,0,0,0,0,0,1,1,0,1,0
828011,0,0,0,0,0,0,1,0,0,0
828012,0,0,1,1,0,0,1,0,1,0
828013,0,1,0,0,0,0,1,0,1,0
828014,0,0,0,1,1,1,1,0,1,0
828015,0,0,1,0,0,1,1,0,1,0
828016,0,0,1,1,1,1,1,0,1,0
828017,0,0,0,0,1,1,1,0,1,0
828018,0,1,0,0,1,1,1,0,1,0
828019,0,0,0,1,1,0,1,0,1,1
828020,0,1,0,1,1,1,1,0,1,1
829001,0,0,0,0,0,0,0,0,1,0
829002,0,0,1,1,1,0,1,1,1,0
829003,0,0,0,0,0,0,1,0,1,0
829004,0,0,0,1,0,0,0,0,1,0
829005,1,0,0,1,0,0,1,0,1,0
829006,0,0,0,0,0,0,0,0,1,0
829007,0,1,0,1,0,0,1,1,1,0
829008,0,1,0,1,0,1,1,0,1,0
829009,0,1,0,0,0,0,1,0,1,0
829010,0,0,1,0,0,0,0,0,1,0
829011,0,0,1,1,0,0,0,0,1,0
829012,0,0,0,1,0,0,0,0,1,0
829013,0,0,0,0,0,0,0,0,1,0
829014,0,0,0,0,0,0,1,0,1,0
829015,0,0,0,1,0,0,1,1,1,0
829016,0,0,0,0,0,0,1,0,1,0
829017,0,0,0,0,0,0,1,1,1,1
829018,0,0,0,0,0,0,1,1,1,0
829019,0,1,0,1,0,0,1,0,1,0
829020,0,0,0,0,0,0,1,0,1,0
830001,0,1,0,1,1,1,1,0,1,0
830002,0,0,0,1,1,1,1,0,1,0
830003,0,1,1,0,0,1,1,0,1,0
830004,0,0,0,0,0,1,1,0,1,0
830005,0,0,0,1,0,0,1,0,1,0
830006,0,0,0,0,0,1,0,0,1,0
830007,0,0,0,0,1,1,1,1,1,0
830009,0,0,0,1,0,0,1,0,1,0
830010,0,1,0,0,0,0,1,0,1,1
830012,0,0,0,0,0,0,1,0,1,0
830013,0,0,0,0,0,1,1,0,1,0
830014,0,0,0,1,0,1,1,0,1,0
830015,1,0,0,1,1,1,1,0,1,0
830016,0,,1,1,0,0,1,0,1,0
830017,0,1,0,1,0,0,1,1,1,1
830018,0,0,0,1,1,1,1,0,1,0
830019,0,0,1,0,0,1,1,0,1,0
830020,0,1,0,1,1,1,1,0,1,0
831001,0,0,0,0,0,1,1,0,1,0
831002,0,1,0,1,0,1,1,0,1,0
831003,0,0,0,1,0,0,0,1,1,0
831004,0,1,1,1,0,0,1,0,1,0
831005,0,0,0,1,0,1,1,0,1,0
831006,0,0,0,1,1,1,1,1,1,0
831007,0,0,0,1,0,1,1,0,1,0
831008,0,0,0,1,0,1,0,0,1,0
831009,0,1,1,1,1,1,1,0,1,1
831010,0,0,1,1,0,1,1,0,1,0
831013,0,0,0,1,0,1,1,1,1,1
831014,0,0,0,1,1,1,1,1,1,0
831016,0,0,0,0,0,1,1,0,1,0
831017,0,0,0,0,0,0,0,0,1,0
831018,0,0,0,1,0,1,1,1,1,0
831019,0,0,0,1,0,1,1,0,1,0
832001,0,0,0,0,0,0,0,0,1,0
832002,0,0,0,1,0,0,0,0,0,0
832003,0,0,0,0,0,0,0,1,1,0
832004,0,0,0,0,0,0,0,0,1,0
832005,0,0,0,0,0,0,0,0,1,0
832006,0,0,0,1,0,0,0,1,1,0
832007,0,0,0,1,0,0,0,0,1,0
832008,0,0,0,0,0,0,0,1,1,0
832009,0,0,0,0,0,0,0,0,1,0
832010,0,0,0,1,0,0,0,0,1,0
832011,0,0,0,0,0,0,0,0,1,0
832012,0,0,0,0,0,0,0,0,1,0
832013,1,0,0,1,0,0,0,0,1,0
832014,0,0,0,0,0,0,0,0,0,0
832015,0,0,0,0,0,0,0,0,1,0
832016,0,0,0,0,0,0,0,1,1,0
832017,0,0,0,0,0,0,0,0,1,0
832020,0,0,0,0,0,0,0,0,1,0
833001,0,0,0,0,0,0,0,0,1,0
833002,0,0,0,0,0,0,0,0,1,0
833004,0,0,0,0,0,0,1,0,1,0
833005,0,0,0,0,0,0,0,0,1,0
833006,0,0,0,1,0,0,0,0,1,0
833008,0,1,0,0,0,0,0,0,1,0
833009,0,0,0,0,0,0,0,0,1,0
833010,0,1,0,0,0,0,0,0,1,0
833011,0,0,0,0,0,0,0,0,1,0
833012,0,0,0,0,0,0,0,0,1,0
833013,0,0,0,0,0,0,0,0,0,0
833014,0,0,0,0,0,0,0,0,1,0
833015,0,0,0,1,0,0,0,0,1,0
833016,0,0,0,0,0,0,0,0,1,0
833017,0,0,0,0,0,0,0,0,1,0
833018,0,0,0,0,0,0,0,0,1,0
834001,0,0,0,0,0,0,0,0,1,0
834002,0,0,1,0,0,0,0,0,1,0
834003,0,0,0,0,0,0,0,0,1,0
834004,0,0,0,1,0,0,1,0,1,1
834005,0,1,0,0,0,0,1,0,1,0
834006,0,1,0,0,0,0,0,0,1,0
834008,0,0,0,0,0,0,0,0,1,0
834009,0,0,0,0,0,0,0,0,1,0
834010,0,0,0,0,0,0,1,0,1,0
834011,0,0,0,1,0,0,0,0,1,0
834012,0,0,0,0,0,0,0,0,1,0
834013,0,0,0,0,0,0,1,0,1,0
834014,0,0,0,0,0,0,0,0,1,0
834015,0,0,0,0,0,0,0,0,1,0
834017,0,0,0,1,0,0,1,0,1,0
834018,0,1,0,0,0,0,0,1,1,0
834019,0,1,1,0,0,0,0,1,1,0
834020,0,0,0,0,0,0,0,0,1,0
835001,0,0,0,1,0,0,1,1,0,1
835002,0,0,0,1,0,0,0,0,1,0
835003,0,0,0,0,0,0,0,0,1,0
835004,0,0,0,0,0,0,0,0,1,0
835005,0,0,0,0,0,0,0,0,1,0
835006,0,0,0,0,0,0,0,0,1,0
835007,0,0,0,0,0,0,0,0,1,0
835008,0,0,0,0,0,0,0,0,1,0
835009,0,0,0,0,0,0,0,0,1,0
835011,0,0,0,0,0,0,0,0,1,0
835013,0,0,0,0,0,0,1,1,1,1
835014,0,0,0,1,0,0,0,0,1,0
835015,0,0,0,0,0,1,0,0,1,0
835016,0,0,0,0,0,0,0,0,1,0
835018,0,0,0,0,0,0,0,0,1,0
835019,0,0,0,1,1,1,1,1,1,1
835020,0,0,1,1,0,0,1,0,1,0
836001,0,0,0,0,0,0,0,0,1,0
836002,0,0,0,0,0,0,0,0,1,0
836003,0,0,0,0,0,0,1,1,1,0
836004,0,0,0,1,0,0,1,1,1,1
836005,0,0,1,0,0,0,1,0,1,0
836006,0,0,0,1,0,0,0,0,1,0
836007,0,0,0,0,0,0,0,0,1,0
836008,0,0,0,0,0,0,0,0,1,0
836009,0,0,0,0,0,0,1,0,1,1
836010,0,0,0,0,0,0,1,1,1,0
836011,0,1,0,0,0,0,1,1,1,0
836012,0,1,0,0,0,0,1,0,1,1
836013,0,0,0,0,0,0,0,0,1,0
836014,0,0,0,1,0,0,1,1,1,0
836015,0,0,0,0,0,0,0,0,1,0
836016,0,0,0,0,0,0,0,0,1,0
836017,0,0,0,0,0,0,0,0,1,0
836019,0,0,0,0,0,0,0,0,1,0
836020,0,1,0,0,0,0,0,0,1,0
837001,0,1,0,0,1,0,1,0,1,0
837002,0,0,0,1,1,1,1,0,1,0
837003,0,0,0,1,1,1,1,0,1,1
837004,0,0,0,1,1,1,1,1,1,1
837005,0,0,0,1,0,1,1,0,1,0
837006,0,0,0,1,1,1,1,0,1,1
837007,0,0,0,1,1,0,1,0,1,0
837008,0,0,0,0,0,1,1,0,1,0
837009,0,0,0,1,0,0,1,0,1,0
837010,0,0,0,0,0,1,0,0,1,0
837011,0,1,0,0,1,0,1,0,1,0
837012,0,1,0,1,0,0,1,0,1,1
837013,0,0,1,1,1,1,1,1,1,1
837014,0,1,1,0,1,1,1,1,1,0
837015,0,0,0,0,0,0,0,0,1,0
837016,0,0,1,1,1,0,1,0,1,0
837017,0,0,0,0,0,0,0,0,1,0
837018,0,0,0,0,0,0,0,0,1,0
837019,0,0,0,0,0,0,0,0,1,0
837020,0,0,0,0,0,0,1,0,1,0
838001,0,0,0,0,0,0,1,1,1,0
838003,0,0,0,0,0,0,1,0,1,1
838004,0,0,0,0,0,0,0,0,1,0
838005,0,0,0,0,0,0,1,0,1,1
838006,0,0,0,0,0,0,1,0,1,0
838007,0,0,0,0,0,0,1,0,1,0
838008,1,0,0,0,0,1,1,0,1,0
838009,0,0,0,0,0,0,1,0,1,0
838010,0,0,0,0,0,0,0,0,1,0
838011,0,0,0,0,0,0,0,0,1,0
838012,0,,0,0,0,0,1,0,1,0
838013,0,0,0,0,0,0,1,0,1,0
838014,0,0,0,0,0,0,1,0,1,0
838015,0,0,0,0,0,0,0,0,1,0
838016,0,1,0,0,0,0,1,0,1,0
838017,0,0,1,0,0,0,1,0,1,0
838019,0,0,0,0,0,0,1,0,1,0
838020,0,0,0,1,0,0,1,0,1,0
839001,0,0,0,0,0,0,0,0,1,0
839002,0,0,0,0,0,0,0,0,1,0
839003,0,1,0,0,0,0,1,0,1,0
839004,0,0,0,0,0,0,1,0,1,0
839005,0,0,0,0,0,0,0,0,1,0
839006,0,0,0,0,0,0,0,0,1,0
839007,0,0,0,1,0,0,1,0,1,1
839008,0,0,0,0,0,0,0,0,1,0
839009,0,0,0,1,0,0,0,0,1,0
839011,0,0,0,1,0,0,1,0,1,1
839012,0,0,0,0,0,0,0,1,1,0
839013,0,0,1,0,0,0,0,0,1,0
839014,0,0,1,1,0,0,0,0,1,0
839015,0,0,0,0,0,0,0,0,0,0
839016,0,0,0,0,0,0,0,0,1,0
839017,0,0,0,0,0,0,0,0,1,0
839018,0,1,0,0,0,0,0,0,1,0
839019,0,0,0,0,0,0,0,0,1,0
839020,0,0,0,0,0,0,1,0,1,0
840001,0,0,0,1,0,0,0,0,1,0
840002,0,0,1,0,0,0,0,0,1,0
840003,0,0,0,1,0,0,0,0,1,0
840004,0,0,0,1,0,0,1,1,1,1
840005,1,0,0,1,0,0,0,0,1,0
840006,0,0,0,1,0,0,0,0,1,0
840007,0,0,0,0,0,0,1,0,1,0
840008,0,0,0,0,0,0,0,0,1,0
840009,0,0,0,1,0,0,0,0,1,0
840010,0,0,0,1,0,0,0,0,1,0
840011,0,0,0,1,0,0,1,1,1,0
840012,0,0,0,0,0,0,0,0,1,0
840013,0,0,0,0,0,0,0,0,1,0
840014,0,0,0,0,0,0,0,0,1,0
840015,0,1,0,0,0,0,0,0,1,0
840016,0,0,0,0,0,0,0,0,1,0
840017,0,1,0,0,0,0,0,0,1,0
840018,0,0,0,1,0,0,0,1,1,0
840019,0,0,0,0,0,0,0,0,1,0
840020,0,0,0,1,0,0,1,1,1,0
841001,0,0,0,1,0,0,0,0,1,0
841002,0,0,0,0,0,0,0,0,1,0
841003,0,0,0,0,0,0,0,0,1,0
841004,0,0,0,0,0,0,0,0,1,0
841005,0,0,0,0,0,0,0,0,1,0
841006,0,1,0,0,0,0,0,0,1,0
841007,0,0,0,0,0,0,0,0,1,0
841008,0,0,0,0,0,0,0,0,1,0
841009,0,0,0,0,0,0,0,0,1,0
841010,0,0,0,0,0,0,0,0,1,0
841011,0,0,0,0,0,0,0,0,1,0
841012,0,0,0,0,0,0,0,0,1,0
841013,0,0,0,0,0,0,0,0,1,0
841014,0,0,0,1,0,0,0,0,1,0
841015,0,1,0,0,0,0,0,0,1,0
841016,0,0,0,0,0,0,0,0,1,0
841018,0,0,0,0,0,0,0,0,1,0
841019,0,0,0,1,0,0,0,0,1,0
841020,0,0,0,0,0,0,0,0,0,0
842001,0,0,1,1,0,0,0,0,1,0
842002,0,0,0,1,0,0,0,0,1,0
842003,0,0,0,1,0,0,0,1,1,1
842004,0,0,0,1,0,0,1,1,1,0
842005,0,0,0,1,0,0,0,0,1,0
842006,0,0,0,0,0,0,1,0,1,0
842007,0,0,0,0,0,0,1,0,1,0
842008,0,0,0,0,0,0,1,0,1,0
842009,0,0,1,1,0,0,1,0,1,0
842011,0,0,0,1,0,0,0,0,1,0
842012,0,0,0,1,0,0,1,0,1,0
842013,0,0,0,1,0,0,0,0,1,0
842014,0,0,0,1,0,0,0,1,1,0
842015,0,0,0,1,0,0,1,0,1,0
842016,0,0,0,1,0,0,0,0,1,0
842017,0,0,0,1,0,0,0,0,1,0
842018,0,0,0,0,0,0,0,1,1,0
842019,0,0,0,1,0,0,1,0,1,0
842020,0,0,1,1,0,0,0,0,1,0
843001,0,1,1,1,0,1,1,0,1,0
843002,0,1,0,1,0,1,1,0,1,1
843003,0,0,1,1,0,1,1,0,1,0
843004,0,1,1,1,0,1,1,0,1,0
843005,0,0,0,1,0,1,1,1,1,0
843006,0,0,1,1,0,1,1,0,1,0
843007,0,0,1,1,0,1,1,0,1,0
843008,0,0,1,1,0,1,1,0,1,0
843009,0,0,0,1,0,1,1,1,1,0
843010,0,0,1,0,0,1,1,0,1,0
843011,0,0,1,1,0,1,1,1,1,0
843012,1,0,1,0,0,1,1,0,1,0
843013,0,1,0,1,0,1,1,0,1,0
843014,0,0,0,0,0,1,1,0,1,0
843015,0,0,0,1,0,1,1,0,1,0
843016,0,0,0,1,1,1,1,1,1,1
843017,0,1,0,1,0,1,1,0,1,0
843018,0,0,0,1,0,0,0,0,1,0
843019,0,0,1,1,0,0,1,0,1,0
843020,1,0,0,0,0,1,1,1,1,0
844001,0,1,1,0,0,0,0,0,1,0
844002,0,0,0,0,0,0,0,0,1,0
844003,0,0,0,0,0,0,0,0,1,0
844005,0,1,0,0,0,0,1,0,1,0
844006,0,0,0,0,0,1,0,0,1,0
844009,0,0,0,1,0,0,1,0,1,0
844010,0,1,0,0,0,0,0,0,1,0
844011,0,0,0,0,0,0,1,0,1,0
844013,0,0,0,0,0,0,0,0,1,0
844014,0,0,0,0,0,1,1,0,1,0
844015,0,0,0,1,0,0,1,0,1,0
844016,0,0,0,0,0,0,0,0,1,0
844017,0,0,0,0,0,0,0,0,1,0
844018,0,0,0,0,0,1,0,0,1,0
844019,0,0,0,0,0,0,0,0,1,0
844020,0,0,0,0,0,1,0,0,1,0
845001,0,0,0,1,0,0,0,0,1,0
845002,0,0,0,0,0,0,0,0,1,0
845003,0,0,0,0,0,1,1,0,1,0
845004,0,0,0,0,0,0,1,0,1,0
845005,0,0,1,1,0,1,1,0,1,0
845006,0,0,0,1,0,1,1,1,1,0
845007,0,0,0,0,0,0,0,0,1,0
845008,0,0,0,0,0,0,1,0,1,0
845009,0,0,0,0,0,0,0,0,1,0
845010,1,0,0,0,0,0,0,0,1,0
845011,0,0,0,1,0,0,1,1,1,1
845012,0,0,0,1,0,0,1,0,1,1
845013,0,0,1,0,0,0,1,0,1,0
845014,0,0,0,0,0,0,1,1,1,0
845015,0,0,0,0,0,0,0,0,1,0
845016,0,0,0,0,0,0,0,0,1,0
845017,0,0,0,1,0,0,0,0,1,0
845018,0,0,0,0,0,0,1,0,1,0
845019,0,0,0,0,0,0,1,0,1,0
845020,0,0,0,0,0,0,1,0,1,0
846001,0,0,0,1,0,1,1,1,1,0
846002,0,0,0,0,0,0,0,0,1,0
846003,0,0,0,0,0,1,0,0,1,0
846004,0,0,0,1,0,0,1,0,1,1
846005,0,0,1,1,0,0,0,0,1,0
846006,0,0,0,1,0,0,0,0,1,0
846007,0,0,0,1,0,0,1,0,1,0
846008,0,0,0,1,0,0,0,0,1,0
846009,0,0,0,0,0,1,1,0,1,0
846010,0,0,0,0,0,0,0,0,1,0
846011,0,0,0,0,0,0,0,0,1,0
846012,0,0,0,0,0,0,0,0,1,0
846013,0,0,0,1,0,0,1,0,1,0
846014,0,0,0,0,1,0,1,1,1,0
846015,0,0,0,0,0,0,0,0,1,0
846016,0,0,1,0,0,1,1,1,1,0
846017,0,0,0,1,0,1,0,0,1,0
846018,1,0,0,1,0,0,1,1,1,0
846019,0,0,0,0,0,0,0,0,1,0
846020,0,0,0,0,0,0,0,0,1,0
847001,0,0,0,0,0,0,0,0,1,0
847002,0,0,0,0,0,0,1,0,1,0
847003,0,0,0,0,0,0,0,0,1,0
847004,0,0,0,1,0,0,0,0,1,0
847005,0,0,0,0,0,0,0,0,0,0
847006,0,0,0,0,0,0,0,0,1,0
847007,0,0,0,0,0,0,0,0,1,0
847008,0,0,0,0,0,0,0,0,1,0
847009,0,0,0,0,0,0,0,0,1,0
847010,0,0,0,0,0,0,0,0,1,0
847011,0,0,0,0,0,0,0,0,1,0
847012,0,0,0,0,0,0,0,0,1,0
847013,0,0,1,0,0,0,0,0,1,0
847014,0,0,0,0,0,0,0,0,1,0
847015,0,0,0,0,0,0,0,0,1,0
847016,0,0,0,0,0,0,0,0,1,0
847017,0,0,0,0,0,0,0,0,1,0
847019,0,0,0,0,0,0,0,0,1,0
847020,0,0,0,0,0,0,0,0,1,0
848001,0,0,0,0,0,0,0,0,1,0
848002,0,0,0,0,0,0,0,0,1,0
848003,0,0,0,0,0,0,0,0,1,0
848004,0,0,0,0,0,0,0,0,1,0
848006,0,0,0,0,0,0,0,0,1,0
848007,0,0,0,0,0,0,0,0,1,0
848008,0,0,0,0,0,0,0,0,1,0
848009,0,0,0,0,0,0,0,0,1,0
848010,0,0,0,0,0,0,0,0,1,0
848011,0,0,0,0,0,0,0,0,1,0
848012,0,0,0,0,0,0,0,0,1,0
848013,0,1,0,0,0,0,1,0,1,0
848014,0,0,0,0,0,0,0,0,1,0
848015,0,0,0,0,0,0,0,0,1,0
848016,0,0,0,1,0,0,0,0,1,0
848017,0,0,0,0,0,0,0,0,0,0
848019,0,0,0,0,0,0,0,0,1,0
848020,0,0,0,0,0,0,1,0,1,0
849001,0,1,1,1,1,1,1,0,1,0
849002,0,0,1,1,1,1,1,1,1,1
849003,0,0,0,1,1,1,1,1,1,1
849004,0,1,1,0,1,1,1,0,1,0
849005,0,0,1,1,0,1,1,0,1,1
849006,0,0,1,0,1,1,1,0,1,0
849007,0,1,0,1,1,0,1,0,1,0
849008,0,0,0,0,0,1,1,0,1,0
849009,0,1,1,1,0,1,1,0,1,0
849010,0,0,1,1,1,1,1,0,1,0
849011,0,0,1,0,1,1,1,0,1,0
849012,0,0,0,0,1,1,1,0,1,0
849013,0,0,1,1,0,1,1,0,1,0
849014,0,1,0,1,1,1,1,0,1,0
849015,0,0,0,1,1,1,1,0,1,0
849016,0,0,1,1,1,1,1,0,1,0
849017,0,0,0,1,0,1,1,0,1,1
849018,0,0,0,1,1,1,1,0,1,0
849019,0,0,1,1,1,1,1,0,1,0
849020,0,0,0,1,0,1,1,0,1,1
850001,0,1,1,1,1,0,1,0,1,0
850002,0,0,1,1,1,1,1,1,1,1
850003,0,1,1,1,1,1,1,1,1,1
850004,0,0,1,1,1,1,1,1,1,1
850005,0,0,1,0,1,0,1,0,1,0
850006,0,0,1,1,1,1,1,1,1,1
850007,0,0,1,1,1,0,1,0,1,0
850009,0,0,1,1,1,1,1,0,1,0
850010,0,0,0,1,1,0,1,0,1,1
850011,0,1,0,1,1,0,1,0,1,0
850012,0,0,0,1,1,0,1,0,1,0
850013,0,1,1,0,1,0,1,1,1,1
850014,0,0,1,1,1,1,1,0,1,0
850015,0,0,0,1,1,1,1,0,1,0
850016,0,,1,1,1,1,1,0,1,1
850017,0,0,1,1,1,1,1,1,1,0
850018,0,1,1,1,1,1,1,1,1,1
850019,0,0,1,1,1,1,1,1,1,1
850020,0,0,1,1,1,0,1,1,1,1
851001,0,0,1,0,0,0,1,0,1,0
851002,0,0,0,0,0,0,1,0,1,0
851003,0,0,0,0,0,0,1,0,1,0
851004,0,1,0,0,0,0,1,0,1,0
851005,0,1,0,1,1,1,1,0,1,1
851006,0,0,0,1,0,1,1,0,1,0
851007,0,0,0,0,0,1,1,1,1,0
851008,0,0,1,1,1,0,1,1,1,0
851009,0,0,0,0,0,1,1,0,1,0
851010,0,0,0,1,0,0,1,0,1,1
851011,0,1,1,1,1,1,1,1,1,1
851012,0,1,0,0,0,0,1,0,1,0
851013,1,1,0,0,0,0,1,0,1,0
851014,0,0,0,1,0,1,1,0,1,0
851015,0,0,0,1,0,1,1,1,1,0
851016,0,1,0,1,0,0,1,1,1,0
851017,0,0,0,0,0,0,1,0,1,1
851018,0,0,0,0,1,0,1,0,1,0
851019,0,0,0,0,0,0,1,0,1,0
851020,0,0,0,0,0,0,0,0,1,0
852001,0,1,1,1,1,1,1,1,1,0
852002,0,0,1,1,1,1,1,0,1,0
852003,0,0,1,1,0,0,1,0,1,0
852004,0,1,1,0,1,1,1,1,1,1
852005,0,0,1,1,0,1,1,1,1,1
852006,0,0,1,1,1,1,1,1,1,0
852007,0,0,0,1,1,1,1,1,1,1
852008,0,0,1,1,0,0,1,0,1,1
852009,0,1,1,1,0,1,1,0,1,1
852010,0,0,1,1,1,1,1,1,1,1
852011,0,1,1,1,0,1,1,0,1,1
852012,0,0,1,1,1,1,1,1,1,1
852013,0,1,0,1,1,1,1,1,1,1
852014,0,0,1,1,1,1,1,0,1,0
852015,0,0,0,1,1,1,1,1,1,0
852016,0,1,0,1,0,1,1,1,1,1
852017,0,1,1,1,1,1,1,1,1,1
852018,0,0,1,1,1,1,1,0,1,1
852019,0,1,0,1,1,1,1,1,1,1
852020,0,1,1,1,1,1,1,1,1,1
853001,0,0,0,0,0,0,1,0,1,0
853002,0,0,0,0,0,0,1,0,1,0
853003,0,0,0,0,0,0,1,0,1,0
853004,0,0,0,0,0,1,1,1,1,0
853005,0,0,1,0,0,0,0,0,1,0
853006,0,0,0,1,0,0,1,0,1,1
853007,0,0,0,0,0,0,1,0,1,0
853008,1,0,0,0,0,0,1,0,1,0
853009,0,0,0,0,0,0,0,0,1,0
853010,0,0,0,0,0,0,1,0,1,0
853011,0,0,0,1,0,0,1,0,1,0
853012,0,0,0,0,0,0,1,0,1,0
853013,0,0,0,0,0,0,0,0,1,0
853014,0,0,0,0,0,0,1,0,1,0
853015,0,0,0,0,0,0,1,0,1,0
853016,0,0,0,0,0,0,0,0,1,0
853017,0,0,1,1,0,0,0,0,1,0
853018,0,0,1,0,0,0,1,0,1,0
853019,0,0,0,0,0,0,1,0,1,0
854001,0,0,0,0,0,0,0,0,1,0
854002,0,0,0,1,0,0,0,0,1,0
854003,0,0,0,0,0,0,0,0,1,0
854004,1,0,0,0,0,1,0,0,1,0
854005,0,0,0,0,0,0,0,0,1,0
854006,0,0,0,0,0,0,0,0,1,0
854007,0,0,0,0,0,0,0,0,1,0
854008,0,0,0,1,0,0,0,0,1,0
854009,0,0,0,0,0,0,0,0,1,0
854010,0,0,0,0,0,0,0,0,1,0
854011,0,0,0,0,0,0,0,0,1,0
854012,0,0,0,0,0,0,0,0,1,0
854013,0,0,0,0,0,0,0,0,1,0
854014,0,1,0,0,0,1,1,0,1,0
854015,0,0,0,0,0,0,0,0,1,0
854016,0,0,1,0,0,0,1,0,1,0
854017,0,0,0,0,0,0,0,0,1,0
854018,0,1,0,0,0,0,0,0,1,0
854019,0,0,0,0,0,0,0,0,1,0
854020,0,0,1,0,0,1,0,0,1,0
855001,0,0,0,0,0,0,0,0,1,0
855002,0,0,0,0,0,0,0,0,1,0
855003,0,0,0,0,0,0,0,0,1,0
855004,0,0,0,0,0,0,0,0,1,0
855005,0,0,0,0,0,0,0,0,1,0
855006,0,0,0,0,0,0,0,0,1,0
855007,0,0,0,0,0,0,0,0,1,0
855008,0,0,0,0,0,0,0,0,1,0
855010,0,0,0,0,0,0,0,0,1,0
855011,0,0,0,0,0,0,0,0,1,0
855012,0,0,0,0,0,0,0,0,1,0
855013,0,0,0,0,0,0,0,0,1,0
855014,0,0,0,0,0,0,0,0,1,0
855015,0,0,0,0,0,0,0,0,1,0
855016,0,0,0,0,0,0,0,0,1,0
855017,0,0,0,1,0,0,0,0,1,0
855018,0,0,0,0,0,0,0,0,1,0
855019,0,0,0,0,0,0,0,0,1,0
855020,0,0,0,0,0,0,0,0,1,0
856001,0,1,0,0,0,0,0,0,1,0
856002,0,0,0,1,0,0,0,0,1,0
856004,0,0,0,1,0,1,1,0,1,0
856006,0,0,0,0,0,1,0,0,1,0
856007,0,0,0,0,0,1,0,0,1,0
856008,0,1,0,1,0,0,0,0,1,0
856009,0,0,0,1,0,0,1,0,1,0
856010,0,0,0,1,0,0,1,0,1,1
856011,0,0,0,1,0,0,1,1,1,0
856012,0,0,0,1,0,0,0,1,1,0
856013,0,1,0,1,0,1,0,0,1,0
856014,0,1,1,1,0,1,0,0,1,0
856015,0,1,0,1,0,1,0,0,1,0
856016,0,0,1,1,0,0,0,0,1,0
856017,0,1,0,0,0,0,0,0,1,0
856018,0,0,1,0,0,0,0,0,1,0
856019,0,0,0,1,0,0,1,1,1,0
856020,0,0,1,0,0,1,0,0,1,0
857001,0,0,0,0,0,0,0,0,1,0
857002,0,0,0,0,0,0,0,1,1,0
857003,0,1,0,0,0,0,0,0,1,0
857004,0,1,0,0,0,0,0,0,1,0
857005,0,0,0,0,0,0,0,0,1,0
857006,0,0,0,0,0,0,0,0,1,0
857007,0,0,0,0,0,0,0,0,1,0
857008,0,0,0,0,0,0,0,0,1,0
857009,0,0,0,0,0,0,0,0,1,0
857010,0,0,0,0,0,0,0,0,1,0
857012,0,0,0,0,0,0,0,0,1,0
857013,0,0,0,0,0,0,1,0,1,0
857014,0,0,0,0,0,0,0,0,1,0
857015,0,0,0,0,0,0,0,0,1,0
857016,0,1,0,0,0,0,0,0,1,0
857018,0,0,0,0,0,0,0,0,1,0
857019,0,0,0,0,0,0,0,0,1,0
857020,0,1,0,0,0,0,0,0,1,0
858001,0,0,1,0,0,0,1,0,1,0
858002,0,0,1,1,0,0,1,1,1,1
858003,0,0,0,1,0,0,1,1,1,1
858004,0,1,0,0,0,1,1,0,1,0
858005,0,0,0,1,0,0,1,1,1,0
858006,0,0,0,1,0,0,0,0,1,0
858007,0,0,1,1,0,0,1,0,1,0
858008,0,0,0,0,0,1,0,1,1,0
858009,0,0,0,0,0,0,0,0,1,0
858010,0,0,1,1,1,0,1,1,1,0
858011,0,1,0,0,0,0,0,0,1,0
858012,0,1,1,0,0,0,1,1,1,0
858013,0,1,1,0,0,0,1,1,1,1
858014,0,1,0,1,0,0,0,0,1,0
858015,0,1,0,1,0,1,1,1,1,0
858016,0,0,0,1,0,0,1,1,1,0
858017,0,0,0,1,0,0,0,0,1,0
858018,0,1,1,1,0,0,1,1,1,1
858019,0,0,1,1,0,1,1,0,1,0
858020,0,1,0,1,0,0,0,0,1,0
859001,0,0,0,1,0,1,1,0,1,0
859002,0,0,0,1,0,1,1,0,1,1
859003,0,0,0,1,1,1,1,0,1,1
859004,0,0,0,1,0,1,1,1,1,1
859005,0,0,0,1,0,1,1,0,1,1
859006,0,0,0,0,0,1,0,0,1,0
859007,0,0,0,1,0,1,1,1,1,1
859008,0,0,0,1,0,0,0,0,1,0
859009,1,0,0,1,0,1,1,0,1,0
859010,0,0,0,0,0,1,1,0,1,0
859011,0,0,0,1,0,1,1,0,1,1
859012,0,0,0,1,0,1,1,0,1,0
859013,0,0,0,0,0,1,1,0,1,0
859014,0,0,0,1,1,1,1,1,1,1
859015,0,0,0,0,0,1,0,1,1,0
859016,0,0,1,1,1,1,1,0,1,1
859017,0,0,0,1,0,1,1,0,1,1
859018,1,0,1,1,0,1,1,0,1,1
859019,0,0,0,1,1,0,1,1,1,1
859020,0,0,1,1,0,0,1,1,1,1
860001,0,0,0,1,0,1,0,0,1,0
860002,0,1,0,1,0,1,0,0,1,0
860003,0,0,0,1,0,0,0,0,1,0
860004,0,1,0,1,0,1,1,0,1,0
860005,0,0,0,0,0,0,0,0,1,0
860006,0,,0,1,0,1,1,0,1,0
860007,0,0,0,0,0,0,0,0,1,0
860008,0,0,1,0,0,1,0,0,1,0
860009,0,1,0,1,0,0,1,0,1,0
860010,0,0,0,1,0,0,1,0,1,0
860011,0,0,1,0,0,0,0,0,1,0
860012,0,1,0,0,0,1,1,0,1,0
860013,0,0,0,1,0,0,1,0,1,0
860014,0,0,0,0,0,0,0,0,1,0
860015,0,0,0,1,0,0,0,0,1,0
860016,0,0,0,1,0,1,1,1,1,0
860017,0,0,0,0,0,0,0,0,1,0
860018,0,0,1,1,0,0,1,0,1,0
860019,0,0,0,1,0,0,0,0,1,0
860020,0,1,0,0,0,0,0,0,1,0
861001,0,1,0,1,0,0,1,0,1,0
861002,0,1,0,0,0,0,0,0,1,0
861003,0,0,1,1,0,0,1,1,1,1
861005,0,0,0,1,0,0,0,1,1,0
861006,0,,0,0,0,0,0,0,1,0
861007,0,1,0,1,0,0,0,0,1,0
861008,1,0,0,1,1,0,1,1,1,0
861010,0,1,0,0,0,0,0,0,1,0
861011,0,0,0,0,0,0,0,1,1,0
861012,0,0,0,1,0,1,0,0,1,0
861013,0,0,0,1,1,1,1,1,1,1
861014,0,1,0,1,0,1,1,0,1,0
861015,0,0,0,1,0,1,1,0,1,1
861016,0,0,0,0,0,0,0,1,1,0
861017,0,1,0,0,0,0,1,0,1,0
861018,0,0,0,0,0,0,0,0,1,0
861019,0,0,1,1,0,0,0,0,1,0
861020,0,0,1,1,0,1,0,0,1,1
862001,0,0,0,0,0,0,1,0,1,0
862003,0,0,0,0,0,0,0,0,1,0
862004,0,0,0,0,0,0,0,0,1,0
862005,0,0,0,0,0,0,0,0,1,0
862006,0,0,0,0,0,0,1,1,1,0
862007,0,0,0,0,0,0,0,0,1,0
862008,0,0,0,0,0,0,0,0,1,0
862009,0,0,0,0,0,0,0,0,1,0
862010,0,0,0,0,0,0,0,0,1,0
862011,0,1,0,0,0,0,0,0,1,0
862012,0,1,0,0,0,1,0,1,1,0
862013,0,0,0,0,0,0,0,0,1,0
862014,0,0,0,0,0,0,0,0,1,0
862015,0,0,0,0,0,0,0,1,1,0
862016,0,0,0,0,0,0,0,0,1,0
862017,0,0,0,0,0,0,0,0,1,0
862018,0,0,0,0,0,0,0,1,1,0
862020,0,0,0,0,0,0,0,0,1,0
863002,0,0,0,1,0,0,0,0,1,0
863003,0,0,0,1,0,0,0,0,1,0
863004,0,0,0,0,0,0,0,0,1,0
863005,0,0,0,0,0,0,0,0,1,0
863006,0,0,0,0,0,0,0,0,1,0
863007,0,1,0,0,0,0,0,0,1,0
863008,0,0,0,0,0,0,1,0,1,0
863009,0,0,0,0,0,0,0,0,1,0
863011,0,0,0,0,0,0,0,0,1,0
863012,0,0,0,0,0,0,1,0,1,0
863013,0,0,0,0,0,0,1,0,1,0
863014,0,0,0,0,0,0,1,0,1,0
863016,0,0,0,0,0,0,0,0,1,0
863017,0,0,0,0,0,0,0,0,1,0
863018,0,0,0,0,0,0,1,0,1,0
863019,0,0,0,0,0,0,1,0,1,0
863020,0,1,0,0,0,0,1,0,1,0
864001,0,1,0,0,1,1,1,0,1,0
864002,0,0,1,1,1,1,1,1,1,0
864004,0,0,0,1,1,1,1,0,1,1
864005,0,0,0,1,1,1,1,0,1,1
864006,0,0,0,1,1,0,1,1,1,1
864007,0,0,0,1,1,1,1,0,1,1
864008,0,0,0,1,0,0,0,0,1,0
864009,0,1,0,0,0,1,1,1,1,0
864010,1,1,1,1,1,1,1,1,1,1
864011,0,1,0,1,0,0,1,0,1,0
864012,0,0,0,1,0,1,1,0,1,1
864013,0,0,0,1,1,0,1,1,1,0
864014,0,0,1,1,0,1,1,1,1,1
864015,0,0,0,0,0,0,0,0,1,0
864016,0,1,1,1,0,1,1,1,1,1
864017,0,0,0,1,1,0,1,0,1,1
864018,0,0,0,1,0,0,1,1,1,0
864019,0,0,0,0,0,0,1,0,1,0
864020,0,0,0,1,0,1,0,0,1,0
865001,0,1,0,1,0,1,1,0,1,1
865003,0,1,0,0,1,1,1,0,1,0
865004,0,1,0,1,0,1,1,1,1,0
865005,0,0,0,0,0,1,1,0,1,0
865006,0,0,0,0,1,0,1,0,1,0
865007,0,0,0,1,1,1,1,1,1,0
865008,0,0,0,0,0,1,1,0,1,0
865009,0,0,0,0,0,1,0,0,1,0
865010,0,0,0,0,1,1,1,0,1,0
865011,0,0,0,0,0,1,1,0,1,0
865012,0,0,0,0,0,0,0,0,1,0
865013,0,0,0,0,0,1,1,0,1,0
865014,0,0,0,0,1,1,1,0,1,0
865015,0,0,0,0,0,1,1,0,1,0
865016,0,0,0,0,0,0,0,0,1,0
865017,0,1,0,0,0,1,1,0,1,0
865018,0,1,0,0,1,1,1,0,1,1
865019,0,1,0,0,0,1,1,1,1,0
865020,0,0,0,1,0,1,0,0,1,0
866001,0,1,0,0,0,0,0,0,1,0
866002,0,,0,0,0,0,0,0,1,0
866003,0,0,1,0,0,0,1,1,1,0
866004,0,0,0,0,0,0,0,0,1,0
866005,0,0,0,0,0,0,0,0,1,0
866006,0,0,0,1,0,0,0,0,1,0
866008,0,0,0,0,0,0,0,0,1,0
866009,0,0,0,0,0,0,0,0,1,0
866010,0,0,0,1,0,0,0,0,1,0
866011,0,0,1,0,0,0,0,1,1,0
866012,0,0,0,1,0,0,0,0,1,0
866013,0,0,0,0,0,0,0,0,1,0
866014,0,0,0,0,0,0,0,0,1,0
866015,0,0,0,0,0,0,0,0,1,0
866016,0,0,0,1,0,0,0,0,1,0
866017,0,0,0,1,0,0,0,0,1,0
866018,0,1,0,1,0,0,1,0,1,0
866019,0,0,0,1,0,0,0,0,1,0
866020,0,0,0,1,0,0,0,0,1,0
867001,0,0,1,1,0,1,1,1,1,1
867002,1,0,1,0,0,1,1,1,1,1
867003,0,0,1,1,0,1,1,1,1,0
867004,0,1,1,1,0,1,1,1,1,1
867005,0,1,1,0,0,1,1,1,1,0
867006,0,0,1,1,0,1,1,0,1,0
867007,0,1,0,1,0,1,1,0,1,1
867008,0,1,0,1,0,1,1,0,1,1
867009,0,1,0,0,0,1,1,0,1,0
867010,0,0,1,1,0,1,1,1,1,1
867011,0,1,0,1,0,1,1,0,1,0
867012,0,0,0,0,0,1,1,1,1,1
867013,1,0,0,1,0,1,1,1,1,1
867014,0,0,1,1,0,1,1,0,1,0
867015,0,0,1,1,0,1,1,0,1,1
867016,0,1,1,1,1,1,1,1,1,1
867017,1,1,1,1,0,1,1,1,1,0
867018,0,0,0,1,0,1,1,1,1,0
867019,1,,0,0,0,1,1,0,1,0
867020,0,0,0,0,0,1,1,0,1,0
868002,0,0,0,0,0,0,0,0,1,0
868003,0,0,0,0,0,0,0,0,1,0
868004,0,0,0,0,0,0,0,0,1,0
868005,0,0,0,0,0,0,0,0,0,0
868006,0,0,0,0,0,0,0,0,1,0
868007,0,0,0,0,0,0,0,0,1,0
868008,0,0,0,0,0,0,0,0,1,0
868010,0,0,0,0,0,0,0,0,1,0
868011,0,0,0,0,0,0,0,0,1,0
868012,0,0,0,0,0,0,0,0,1,0
868013,0,0,0,0,0,0,0,0,1,0
868014,0,0,0,0,0,0,0,0,1,0
868015,0,0,0,0,0,1,0,0,1,0
868016,0,0,0,0,0,0,0,0,1,0
868017,0,0,0,0,0,0,0,0,0,0
868018,0,0,0,0,0,0,0,0,1,0
868019,0,0,0,1,0,0,0,0,1,0
868020,0,0,0,0,0,0,0,0,0,0
869001,0,0,0,0,0,0,0,0,1,0
869002,0,0,0,0,0,0,0,0,0,0
869003,0,0,0,0,0,0,0,0,1,0
869004,0,0,0,0,0,0,0,0,1,0
869005,0,1,0,0,0,0,0,0,0,0
869006,0,0,0,0,0,0,0,0,1,0
869007,0,0,0,0,0,0,1,1,1,0
869008,0,1,0,0,0,0,0,0,1,0
869009,0,0,0,0,0,0,0,0,1,0
869010,0,0,0,0,0,0,0,0,1,0
869011,0,0,0,0,0,0,0,0,1,0
869012,0,0,0,0,0,0,0,0,1,0
869015,0,0,0,1,0,0,0,1,1,0
869016,0,0,0,0,0,0,0,0,1,0
869017,0,0,0,0,0,0,0,1,1,0
869018,0,0,0,0,0,0,0,0,1,0
869019,0,0,0,0,0,0,0,0,1,0
869020,0,0,0,0,0,0,1,0,1,0
870001,0,0,0,0,0,0,0,0,1,0
870002,0,0,0,0,0,0,0,0,1,0
870003,0,0,0,0,0,0,0,0,1,0
870004,0,1,0,0,0,0,0,0,1,0
870005,0,0,1,0,0,0,0,0,1,0
870006,0,0,0,0,0,0,0,0,1,0
870007,0,1,0,0,0,0,0,0,1,0
870009,0,0,0,0,0,0,0,0,1,0
870010,0,0,0,0,0,0,0,0,1,0
870011,0,1,0,0,0,0,0,0,1,0
870012,0,1,0,0,1,0,1,1,1,1
870014,0,0,0,0,0,0,0,0,1,0
870015,0,0,0,0,0,0,0,0,1,0
870016,0,0,0,0,0,0,0,0,1,0
870017,0,0,0,0,0,0,0,1,1,0
870018,0,0,0,0,0,0,0,0,1,0
870019,0,0,0,0,0,0,0,0,1,0
870020,0,0,0,0,0,0,0,0,1,0
871001,0,0,0,0,0,0,0,1,1,0
871002,0,0,0,0,0,0,1,0,1,0
871003,0,1,0,0,0,0,0,0,1,0
871004,0,1,0,0,0,0,1,1,1,0
871005,0,0,0,0,0,0,1,0,1,0
871006,0,0,0,0,0,0,1,0,1,0
871007,0,0,0,0,0,0,0,0,1,0
871008,1,0,0,0,0,0,0,0,1,0
871010,0,1,0,1,0,0,0,0,1,0
871011,0,0,0,0,0,0,0,0,1,0
871012,0,0,0,0,0,0,0,0,1,0
871013,0,0,0,0,0,0,0,0,1,0
871014,0,0,0,0,0,0,0,0,1,0
871015,0,0,0,0,0,0,1,0,0,0
871016,0,0,0,0,0,0,0,0,1,0
871017,0,0,0,0,0,0,0,0,1,0
871018,0,,0,0,0,0,0,0,1,0
871019,0,0,0,0,0,0,0,0,1,0
871020,0,0,0,1,0,0,1,0,1,0
872001,0,0,0,0,0,0,0,1,1,0
872002,0,0,0,0,0,1,0,0,1,0
872003,0,0,0,1,0,0,1,1,1,0
872004,0,0,0,0,0,0,1,0,1,0
872005,0,0,0,1,0,0,1,0,1,0
872006,1,1,0,0,0,0,1,0,1,0
872007,0,0,0,0,0,0,1,0,1,0
872008,0,0,0,1,0,0,1,0,1,0
872009,0,0,0,0,0,0,1,0,1,0
872010,0,1,0,0,0,0,0,0,1,0
872011,0,1,0,0,0,0,0,0,1,0
872012,0,0,0,0,0,0,0,0,1,0
872013,0,0,0,0,0,1,1,0,1,0
872014,0,0,0,0,0,0,1,0,0,0
872015,0,0,0,0,0,0,1,0,1,0
872016,0,0,0,0,0,0,1,0,1,0
872017,0,0,0,0,0,0,0,0,1,0
872018,0,0,0,0,0,0,0,0,1,0
872019,0,0,0,0,0,0,1,0,1,0
872020,0,0,0,0,0,0,0,0,1,0
873001,0,1,0,1,0,1,1,0,1,0
873002,0,0,0,1,0,1,1,0,1,0
873004,0,1,0,1,0,1,1,0,1,0
873005,0,0,0,0,0,1,1,0,1,0
873006,0,1,0,1,0,0,1,0,1,0
873007,0,0,0,0,0,1,1,0,1,0
873008,0,1,1,0,0,1,1,0,1,0
873009,0,1,0,0,0,1,1,0,1,0
873010,0,0,1,0,1,1,1,0,1,1
873011,0,1,0,0,0,1,1,0,1,0
873012,0,1,0,1,0,1,1,0,1,1
873013,0,1,0,1,0,1,1,0,1,0
873014,0,1,0,1,1,1,1,0,1,1
873015,0,0,0,1,0,1,1,0,1,0
873016,0,0,0,1,1,1,1,1,1,1
873017,0,0,0,1,1,1,1,0,1,1
873018,0,1,0,1,1,1,1,0,1,1
873019,0,,0,1,1,1,1,0,1,0
873020,0,1,0,1,1,1,1,0,1,0
874001,0,0,0,0,0,0,1,0,1,0
874002,0,1,1,1,0,0,1,1,1,0
874003,0,1,0,0,0,0,1,1,1,1
874004,,0,1,1,0,0,1,1,1,1
874005,0,0,0,0,0,1,1,0,1,0
874006,0,0,0,0,0,0,1,0,1,0
874007,0,0,0,0,0,0,1,0,1,0
874008,0,1,0,0,0,0,0,0,1,0
874009,0,1,0,1,0,0,1,1,1,0
874010,0,0,0,1,0,0,1,0,1,0
874011,0,0,0,0,0,1,1,0,1,0
874012,0,0,0,0,0,0,1,1,1,0
874013,0,0,0,0,0,0,1,0,1,1
874014,0,0,0,0,0,0,1,1,1,0
874015,0,0,0,0,0,0,1,0,1,0
874016,0,0,0,0,0,0,1,0,1,0
874017,0,0,0,0,0,0,1,0,1,0
874018,0,0,0,1,0,0,1,1,1,1
874019,0,0,0,0,0,0,1,0,1,0
874020,0,1,0,1,0,1,1,1,1,0
875001,0,0,0,0,0,0,0,0,1,0
875002,0,0,0,0,0,0,0,0,1,0
875003,0,0,0,0,0,0,0,1,1,0
875004,0,0,0,0,0,0,0,1,1,0
875006,0,0,0,0,0,0,0,0,1,0
875007,0,0,0,0,0,0,0,0,1,0
875008,0,0,0,0,0,0,0,0,1,0
875009,0,0,0,0,0,0,0,1,1,0
875010,0,0,0,0,0,0,1,0,1,0
875011,0,0,0,0,0,0,0,0,1,0
875012,0,0,0,1,0,0,1,0,1,0
875013,0,0,0,0,0,0,1,0,1,0
875014,0,1,0,0,0,0,1,1,1,1
875015,0,1,0,0,0,0,0,0,1,0
875016,0,0,1,0,0,0,0,1,1,0
875017,0,0,0,0,0,0,0,0,1,0
875018,0,0,0,1,0,0,1,1,1,0
875019,0,0,0,0,0,0,0,0,1,0
875020,1,0,0,1,0,0,1,1,1,0
876001,0,0,0,0,1,0,0,0,1,0
876002,0,0,0,0,1,1,1,1,1,0
876003,0,0,0,0,1,0,1,0,1,0
876004,0,0,0,1,1,0,1,0,1,0
876005,0,0,0,0,1,0,1,0,1,0
876006,0,1,0,0,1,0,1,0,1,0
876007,0,0,0,1,1,1,1,0,1,0
876008,0,0,1,0,1,0,1,0,1,0
876009,0,1,0,1,1,0,1,0,1,1
876010,0,0,0,0,0,0,1,1,1,0
876011,0,0,0,0,1,1,0,0,1,0
876012,0,0,0,0,1,0,1,1,1,1
876013,0,0,1,1,1,1,1,0,1,0
876014,0,1,0,1,1,1,1,0,1,1
876015,1,0,1,1,1,0,1,1,1,1
876016,0,1,0,0,1,0,1,0,1,1
876017,0,0,1,0,1,0,1,0,1,0
876018,0,1,0,0,1,0,1,0,1,0
876019,0,1,0,0,1,1,1,1,1,0
876020,0,0,0,0,1,0,1,0,1,0
877001,0,1,0,1,0,1,1,1,1,0
877003,0,0,1,1,0,1,1,0,1,0
877004,0,0,0,0,1,0,1,0,1,0
877005,0,0,0,0,1,0,0,0,1,0
877006,0,0,1,1,0,1,1,0,1,0
877007,0,1,0,1,1,0,0,0,1,1
877008,0,0,1,0,1,1,1,0,1,0
877009,0,0,0,0,0,0,0,0,1,0
877010,0,0,1,0,0,0,1,1,1,1
877011,0,1,1,0,0,0,0,0,1,0
877012,0,0,0,1,1,0,1,0,1,0
877013,0,1,1,1,1,0,1,1,1,1
877014,0,0,1,1,1,1,1,1,1,1
877015,0,0,1,0,1,0,1,0,1,1
877016,0,0,1,1,1,0,1,0,1,1
877018,0,0,0,0,1,1,1,1,1,0
877019,0,1,1,1,1,1,1,1,1,1
877020,0,0,0,0,0,0,0,0,1,0
878001,0,0,1,0,0,0,1,1,1,1
878002,0,0,0,1,0,1,1,0,1,0
878003,0,1,0,0,0,0,1,0,1,0
878004,0,0,0,1,0,1,1,1,1,0
878005,0,0,0,1,0,1,1,0,1,0
878006,0,0,0,1,0,1,1,1,1,0
878007,0,0,0,1,0,1,1,0,1,0
878008,0,1,1,0,0,1,1,0,1,0
878009,0,1,0,0,0,1,1,0,1,0
878010,0,1,0,1,0,1,1,0,1,0
878011,0,0,0,0,0,1,1,0,1,0
878012,0,0,1,1,0,1,1,0,1,0
878013,0,0,0,1,0,1,1,0,1,0
878014,0,0,0,0,0,0,1,0,1,0
878015,0,1,0,1,0,0,1,0,1,0
878016,0,1,0,0,0,1,1,0,1,0
878017,0,0,0,0,0,0,1,0,1,0
878018,1,0,0,1,0,1,1,0,1,0
878019,0,0,1,1,0,1,1,1,1,0
878020,0,0,0,0,0,1,1,0,1,0
879001,0,1,0,0,0,0,1,0,1,0
879002,0,0,0,1,0,0,1,0,1,0
879003,1,1,1,1,0,1,1,1,1,0
879004,0,0,1,0,0,1,1,1,1,0
879005,0,0,0,1,0,1,1,0,1,0
879006,0,0,0,1,0,0,1,1,1,0
879007,0,0,0,1,0,0,1,0,1,0
879008,0,0,0,1,0,0,1,1,1,0
879009,0,1,0,0,0,0,1,0,1,0
879010,0,1,0,1,1,1,1,1,1,0
879011,0,0,0,0,0,0,1,0,1,0
879012,0,0,1,1,1,0,1,1,1,1
879013,0,0,0,1,0,0,1,0,1,0
879014,0,0,0,0,0,0,1,0,1,0
879015,0,0,0,0,0,0,1,0,1,0
879016,0,0,0,0,0,0,1,0,1,0
879017,0,0,0,0,0,1,1,0,1,0
879018,0,0,0,0,0,1,1,0,1,0
879019,0,1,0,1,0,1,1,0,1,0
879020,0,0,0,0,1,1,1,0,1,1
880001,0,1,1,1,0,0,1,1,1,1
880002,0,0,0,1,0,1,1,0,1,0
880003,0,0,1,0,0,1,1,0,1,0
880004,0,0,0,1,1,1,1,0,1,0
880005,0,0,0,0,0,1,1,0,1,0
880006,0,0,0,1,0,1,1,0,1,0
880007,0,0,0,1,0,0,1,0,1,1
880008,0,0,0,0,0,0,1,0,1,0
880009,0,0,0,1,0,0,1,0,1,0
880010,0,0,1,1,0,0,1,0,1,0
880011,0,1,0,1,0,0,1,0,1,0
880012,0,1,0,1,0,0,1,0,1,1
880013,0,0,1,1,0,1,1,0,1,1
880014,0,0,0,0,0,0,1,0,1,0
880015,0,0,1,1,0,1,1,0,1,0
880016,0,1,0,0,0,1,1,0,1,0
880017,0,0,1,1,0,1,1,0,1,0
880018,0,0,0,1,0,1,1,0,1,0
880019,0,1,1,1,1,0,1,0,1,1
880020,0,0,1,1,1,0,1,0,1,0
881001,0,0,0,1,0,0,1,1,1,1
881002,0,0,1,0,0,1,0,0,1,0
881003,0,0,0,0,0,0,0,0,1,0
881004,0,0,0,1,0,1,1,0,1,0
881005,0,0,0,1,0,0,0,0,1,0
881006,0,0,0,0,0,1,1,0,1,0
881007,0,0,0,0,0,0,0,0,1,0
881008,0,0,1,0,0,0,0,0,1,0
881009,0,0,0,1,0,1,1,0,1,0
881010,0,0,1,1,0,0,0,1,1,0
881011,0,1,1,1,0,0,1,1,1,0
881012,0,0,1,1,0,0,0,0,1,0
881013,0,0,0,1,0,0,1,0,1,0
881014,0,1,1,1,0,0,0,1,1,0
881015,0,0,0,0,0,0,1,0,1,0
881016,0,0,1,1,0,0,0,0,1,0
881017,0,0,0,1,0,0,1,0,1,0
881018,0,0,0,1,0,0,0,0,1,0
881019,0,0,1,1,0,0,1,1,1,0
881020,0,1,1,1,0,1,1,0,1,0
882001,0,0,0,0,0,1,1,0,1,0
882002,0,0,1,0,0,1,1,0,1,0
882003,0,0,0,0,0,1,1,0,1,0
882004,0,1,1,0,0,1,1,1,1,0
882005,0,0,0,1,0,1,1,0,1,0
882006,0,1,0,1,0,0,1,0,1,0
882007,0,0,0,1,0,1,1,0,1,0
882008,0,0,0,1,0,0,1,0,1,0
882009,0,0,0,1,0,1,1,1,1,0
882010,0,1,0,1,0,1,1,0,1,0
882011,0,1,0,0,0,0,1,1,1,0
882012,0,1,0,1,0,1,1,1,1,0
882013,0,0,0,1,0,0,1,0,1,0
882014,0,0,0,1,0,1,1,1,1,1
882015,0,0,1,1,0,1,1,0,1,0
882016,0,1,0,1,0,1,1,0,1,0
882017,0,0,0,1,0,0,1,0,1,0
882018,0,0,0,0,0,0,1,0,1,0
882019,0,0,0,0,0,0,0,0,1,0
882020,1,0,0,1,0,0,1,0,1,0
883001,0,0,1,0,0,0,0,0,1,0
883002,0,0,0,0,0,1,0,0,1,0
883003,0,1,1,0,1,1,1,0,1,1
883004,0,0,1,0,0,1,1,0,1,0
883005,0,1,0,0,1,1,1,0,1,1
883006,0,0,1,1,0,1,0,0,1,0
883007,0,0,0,0,0,1,0,0,1,0
883008,0,0,1,0,0,1,0,0,1,0
883009,0,0,0,0,0,1,0,0,1,0
883010,0,0,1,1,0,1,1,0,1,0
883011,0,0,1,0,0,1,1,0,1,0
883012,0,0,1,1,0,1,0,1,1,0
883013,0,1,0,0,0,1,1,0,1,1
883014,0,0,0,0,0,1,0,0,1,0
883015,0,1,0,1,0,0,0,0,1,0
883016,0,0,0,1,0,1,1,1,1,0
883017,0,0,0,1,0,1,1,0,1,0
883018,0,1,0,0,1,1,1,1,1,1
883019,0,0,1,1,0,1,1,0,1,0
883020,0,0,1,1,0,1,1,0,1,0
884002,0,0,1,0,0,0,1,0,1,0
884003,0,1,1,0,0,1,1,1,1,0
884004,0,0,0,0,0,0,1,0,1,0
884005,0,0,1,1,1,1,1,0,1,1
884006,0,0,0,1,1,1,1,1,1,0
884007,0,0,0,1,1,0,1,0,1,0
884008,0,0,0,0,1,1,1,0,1,1
884009,0,0,1,0,0,0,1,0,1,0
884010,0,0,0,1,1,0,1,1,1,0
884011,0,0,1,1,1,1,1,1,1,0
884012,0,1,0,0,1,1,1,0,1,0
884013,0,1,1,1,1,1,1,1,1,1
884014,0,0,0,0,0,1,1,0,1,0
884015,0,0,0,0,0,0,1,0,1,0
884016,0,1,0,0,0,1,1,0,1,0
884017,0,0,1,1,1,1,1,1,1,0
884018,0,0,1,1,1,1,1,0,1,0
884019,0,1,0,1,1,1,1,0,1,0
884020,0,0,1,0,0,1,1,0,1,0
885001,0,1,1,1,1,1,1,1,1,1
885002,0,1,1,1,1,1,0,0,1,1
885003,0,0,1,1,1,1,0,1,1,1
885004,0,1,0,1,1,1,0,1,1,1
885005,0,1,0,1,1,1,0,1,1,1
885006,0,1,0,1,1,0,0,1,1,0
885007,0,1,0,1,1,0,0,0,1,1
885008,0,,0,0,1,1,0,1,1,0
885009,0,1,1,1,1,0,0,1,1,1
885010,0,1,0,1,0,1,0,0,1,1
885011,0,1,0,1,0,0,1,1,1,1
885012,0,0,1,1,0,1,1,0,1,1
885013,0,0,0,1,0,1,0,0,1,1
885014,0,0,0,1,0,0,0,1,1,1
885015,0,1,1,1,0,1,1,0,1,0
885016,0,0,1,1,0,0,0,0,1,1
885017,0,0,0,1,0,0,0,0,1,0
885018,0,0,1,1,0,0,1,0,1,0
885019,0,0,0,0,0,0,1,0,1,1
885020,0,0,0,0,0,0,0,0,1,0
886001,0,0,0,1,1,0,1,0,1,0
886002,0,1,0,1,1,0,1,0,1,0
886003,0,0,0,0,1,0,1,0,1,0
886004,0,0,0,1,1,0,1,1,1,0
886005,0,0,0,1,1,0,1,0,1,1
886006,0,1,1,1,1,0,1,0,1,0
886007,0,1,1,1,1,0,1,0,1,1
886008,0,0,0,1,1,0,1,0,1,1
886009,0,0,0,0,1,0,1,0,1,0
886010,0,0,0,1,1,0,1,0,1,0
886011,0,0,0,1,1,0,1,1,1,1
886012,0,1,0,1,1,0,1,0,1,0
886013,0,0,0,1,0,0,1,0,1,0
886014,0,1,1,1,1,0,1,0,1,0
886015,0,1,0,1,1,0,1,0,1,0
886016,0,0,0,1,1,1,1,0,1,0
886017,0,0,1,1,1,1,1,0,1,1
886018,0,0,0,1,1,0,1,0,1,0
886019,0,0,0,1,1,0,1,1,1,0
886020,0,1,0,1,1,0,1,0,1,0
887001,0,0,0,1,1,1,1,0,1,0
887002,0,0,0,0,1,1,1,0,1,0
887003,0,0,1,0,1,1,1,0,1,0
887004,0,1,0,1,1,1,1,1,1,1
887006,0,1,0,0,1,1,1,0,1,0
887007,0,0,0,0,1,1,1,0,1,1
887008,0,0,1,0,0,1,1,0,1,1
887009,0,1,0,1,1,1,1,0,1,1
887010,0,1,0,1,1,1,1,1,1,1
887011,0,0,0,1,1,1,1,0,1,0
887012,0,0,1,0,1,1,1,1,1,1
887013,0,0,0,1,1,1,1,0,1,1
887014,0,0,0,0,1,1,1,0,1,1
887015,0,1,0,1,1,1,1,0,1,1
887016,0,1,1,0,0,1,1,0,1,0
887017,0,0,0,0,1,1,1,1,1,0
887018,0,0,0,0,1,1,1,1,1,1
887019,0,1,0,0,1,1,0,0,1,0
887020,0,1,0,1,1,1,1,0,1,0
888001,0,0,1,1,1,1,1,0,1,1
888002,0,0,1,1,1,1,1,1,1,1
888003,0,0,1,1,1,1,1,1,1,1
888004,0,1,0,1,1,1,1,0,1,0
888005,0,1,0,1,1,1,1,0,1,0
888006,0,0,0,1,1,1,1,0,1,0
888007,0,1,1,1,1,1,1,0,1,0
888008,0,1,0,1,1,1,1,1,1,0
888009,0,0,1,1,1,1,1,1,1,1
888010,0,0,0,1,1,1,1,1,1,1
888011,0,1,0,0,1,1,1,0,1,1
888012,0,1,0,1,1,1,1,1,1,1
888013,0,1,0,1,1,1,1,0,1,0
888014,0,1,0,1,1,1,1,1,1,0
888015,0,0,1,1,1,1,1,0,1,0
888016,0,1,0,1,1,0,1,0,1,0
888017,0,1,1,1,1,1,1,0,1,1
888018,0,0,1,1,1,1,1,0,1,0
888019,0,1,0,0,1,1,1,0,1,0
888020,0,0,0,1,1,1,1,0,1,0
889001,0,0,0,1,1,0,1,1,1,1
889002,0,1,0,1,1,0,1,0,1,1
889003,0,0,0,0,1,0,1,0,1,0
889004,0,0,1,1,1,0,1,0,1,1
889005,0,0,1,1,1,0,1,1,1,1
889006,0,0,1,1,1,1,1,1,1,1
889007,0,1,0,1,1,0,1,0,1,1
889008,0,0,1,1,1,0,1,0,1,0
889009,0,1,1,1,1,1,1,0,1,0
889010,0,1,1,1,1,0,1,1,1,1
889011,1,0,0,1,1,0,1,1,1,1
889012,0,0,0,1,1,0,1,0,1,0
889013,0,1,1,1,1,0,1,1,1,0
889014,0,1,1,1,1,0,1,0,1,0
889015,0,0,0,0,1,0,1,0,1,0
889016,0,0,1,1,1,0,1,1,1,1
889017,1,0,1,1,1,0,1,0,1,1
889018,1,1,1,1,1,0,1,1,1,1
889019,0,0,1,1,1,0,1,1,1,1
889020,0,0,1,0,1,0,1,0,1,1
890001,1,0,0,0,0,0,0,0,1,0
890002,0,0,0,1,0,0,0,0,1,0
890003,0,0,0,1,0,0,0,0,1,0
890004,0,0,1,0,0,0,0,1,1,0
890005,0,1,0,0,0,0,0,0,1,0
890006,0,0,0,1,0,0,0,0,1,0
890007,0,1,0,1,0,0,0,0,1,0
890008,0,0,0,1,0,0,0,0,1,0
890009,0,1,0,0,0,0,0,0,1,0
890010,0,0,0,0,0,0,1,0,1,0
890011,0,0,0,0,0,0,0,0,1,0
890012,0,0,0,0,0,0,0,0,1,0
890013,0,0,0,0,0,0,0,0,1,0
890014,0,0,0,0,0,0,0,0,1,0
890015,1,1,0,0,0,0,0,0,1,0
890016,0,0,0,0,0,0,0,0,1,0
890017,0,0,0,0,0,0,0,0,1,0
890018,0,0,0,0,0,0,0,0,1,0
890019,0,1,0,0,0,0,0,0,1,0
890020,0,0,0,0,0,0,0,0,1,0
891001,0,0,0,0,0,0,0,0,1,0
891002,0,1,0,0,0,0,1,0,1,0
891003,0,0,1,0,0,0,0,0,1,0
891004,0,0,0,1,0,0,0,0,1,0
891005,0,1,1,0,0,0,0,0,1,0
891006,0,0,0,1,0,0,1,0,1,0
891007,0,0,1,1,0,0,1,0,1,0
891008,0,0,0,1,0,0,0,0,1,0
891009,0,0,0,0,0,0,0,0,1,0
891010,0,0,0,0,0,0,0,0,1,0
891011,0,0,0,1,0,0,0,1,1,0
891012,0,1,0,0,0,0,0,0,1,0
891013,0,1,0,0,0,0,0,1,1,0
891014,0,1,0,0,0,0,1,0,1,0
891015,0,1,0,0,0,0,0,0,1,0
891016,0,0,0,1,0,0,0,0,1,0
891018,0,1,0,1,0,0,1,0,1,0
891019,0,0,0,1,0,0,0,0,1,0
891020,0,0,0,1,0,0,0,0,1,0
892001,0,0,0,1,0,0,0,0,1,0
892002,0,0,0,0,0,0,1,0,1,0
892003,0,0,0,1,0,0,0,0,1,0
892004,0,1,0,1,0,0,0,0,1,0
892005,0,0,0,1,0,0,0,0,1,0
892006,0,0,0,1,0,0,0,0,1,1
892007,0,0,0,1,0,0,0,0,1,0
892009,0,0,0,1,0,0,0,0,1,0
892010,0,0,0,1,0,0,0,1,1,0
892011,0,0,1,1,0,0,0,0,1,0
892012,0,0,0,1,0,0,0,0,1,0
892013,0,1,1,0,0,0,0,0,1,0
892014,0,0,0,1,0,0,0,0,1,0
892015,0,0,1,1,0,0,0,0,1,0
892016,0,1,0,1,0,0,0,0,1,0
892017,0,1,0,0,0,0,1,0,1,0
892018,0,1,0,0,0,0,0,0,1,0
892020,0,0,1,1,0,0,1,1,1,0
893001,0,0,0,1,0,0,1,0,1,0
893002,0,0,0,1,0,0,1,0,1,0
893003,0,0,0,1,0,0,1,0,1,0
893004,0,1,0,1,0,0,1,0,1,0
893005,0,1,0,1,0,0,1,0,1,0
893006,0,0,1,1,0,0,1,0,1,0
893007,0,0,0,1,0,0,1,1,1,0
893008,1,0,0,0,0,1,1,0,1,0
893009,0,1,0,1,0,0,1,0,1,1
893010,1,0,1,1,0,0,1,0,1,1
893011,0,0,1,0,0,1,1,0,1,0
893012,0,0,0,1,0,0,1,0,1,1
893013,0,1,1,1,0,0,1,0,1,0
893014,0,1,0,1,0,1,1,0,1,1
893015,1,1,0,0,0,0,1,0,1,0
893016,0,0,0,1,0,0,1,0,1,0
893017,0,1,0,0,0,0,1,0,1,0
893018,0,1,0,1,0,0,1,0,1,0
893019,1,1,0,1,0,0,1,0,1,0
893020,0,,0,1,0,0,1,0,1,0
894001,0,0,0,0,0,0,0,0,1,0
894002,0,0,0,1,0,0,0,0,1,0
894003,0,0,0,1,0,0,0,0,1,0
894004,0,0,0,0,0,0,0,0,1,0
894005,0,0,1,1,0,0,1,0,1,0
894006,0,0,0,1,0,0,1,0,1,0
894008,0,0,0,1,0,0,1,1,1,0
894009,0,0,0,0,0,0,0,0,1,0
894010,0,0,0,1,0,0,1,0,1,0
894011,0,0,0,0,0,0,0,0,1,0
894012,0,0,0,1,0,0,0,1,1,1
894013,0,0,1,1,0,0,0,0,1,0
894014,0,0,1,1,0,0,1,1,1,0
894015,0,0,0,0,0,0,1,0,1,0
894017,0,0,1,1,0,0,1,0,1,0
894018,0,0,1,1,0,0,1,0,1,0
894019,0,1,0,1,0,0,0,0,1,0
894020,0,0,0,0,0,0,1,0,1,0
895001,0,0,0,0,0,0,0,0,1,0
895002,0,0,0,0,0,0,0,0,1,0
895003,0,0,0,1,0,0,1,0,1,0
895004,0,1,0,0,0,0,1,0,1,0
895005,0,0,0,1,0,0,0,0,1,1
895006,0,,0,1,0,0,1,0,1,0
895007,0,0,0,0,0,0,0,0,1,0
895008,0,0,0,0,0,0,1,0,1,0
895009,0,1,0,1,0,0,0,0,1,0
895010,0,1,0,1,0,0,1,0,1,0
895011,0,1,0,1,0,0,1,0,1,0
895012,0,1,0,1,0,0,0,0,1,0
895013,0,0,1,0,0,0,0,0,1,0
895014,0,0,1,1,0,0,1,0,1,0
895017,0,0,0,1,0,0,1,0,1,1
895018,0,0,1,1,0,1,1,0,1,0
895019,0,0,0,0,0,0,0,0,1,0
895020,0,1,0,1,1,1,1,0,1,1
896003,0,0,0,0,0,0,0,0,1,0
896005,0,0,0,1,0,0,0,0,1,0
896006,0,1,0,0,0,0,1,0,1,0
896007,0,0,0,0,0,0,0,0,1,0
896008,0,0,0,0,0,0,1,0,1,0
896009,0,0,0,0,0,0,0,0,1,0
896010,0,0,0,1,0,0,1,0,1,0
896011,0,1,0,0,0,0,0,0,1,0
896012,0,1,0,1,0,0,0,0,1,0
896013,0,0,0,0,0,0,1,0,1,0
896014,0,0,0,0,0,0,1,0,1,0
896015,0,0,0,0,0,0,0,0,1,0
896016,0,1,0,0,0,0,0,0,1,0
896017,0,0,0,0,0,0,0,0,1,0
896018,0,0,0,0,0,0,1,0,1,0
896020,0,0,0,0,0,0,0,0,1,0
897001,0,1,0,0,0,0,0,0,1,0
897002,0,1,0,0,0,1,0,0,1,0
897003,0,0,1,0,0,0,1,0,1,0
897004,0,0,0,0,0,0,0,0,1,0
897005,0,0,0,0,0,0,1,0,1,0
897006,0,0,0,0,0,0,0,0,1,0
897007,0,0,0,1,0,0,1,0,0,0
897008,0,0,0,0,0,0,0,0,1,0
897009,0,0,0,1,0,0,1,0,1,1
897010,0,0,0,0,0,0,0,0,1,0
897011,0,1,0,0,0,0,0,0,1,0
897012,0,0,0,1,0,0,0,0,1,0
897013,0,0,0,0,0,0,1,0,1,0
897014,0,1,0,0,0,0,0,0,1,0
897015,0,0,0,1,0,0,1,0,1,0
897016,0,1,0,1,0,0,0,0,1,0
897018,0,1,0,0,0,0,0,0,1,0
897019,0,0,0,0,0,0,0,0,1,0
897020,0,0,0,0,0,0,0,0,1,0
898001,0,0,0,1,1,0,1,0,1,0
898002,0,0,0,1,0,1,1,0,1,1
898003,0,1,0,1,0,0,1,0,1,0
898004,1,1,0,1,0,0,1,0,1,0
898005,0,0,0,1,0,1,1,0,1,0
898006,0,1,0,0,0,0,0,0,1,0
898007,0,0,1,1,0,1,1,0,1,0
898008,0,0,0,1,1,0,1,0,1,1
898009,0,0,0,0,0,1,1,0,1,0
898010,0,0,0,1,0,1,1,0,1,0
898011,0,0,0,1,0,0,1,0,1,1
898012,0,1,0,1,0,0,1,0,1,0
898013,0,,0,1,0,0,1,0,1,0
898014,0,0,1,1,1,0,1,0,1,1
898015,0,0,1,1,0,0,1,1,1,1
898016,0,0,0,1,0,0,1,0,1,1
898017,0,0,0,1,0,1,1,0,1,1
898018,0,0,0,1,0,1,1,1,1,1
898019,0,0,0,1,0,0,1,0,1,0
898020,1,1,1,0,1,1,1,0,1,1
899001,0,0,0,0,0,0,0,0,1,1
899002,0,1,0,1,1,0,1,1,1,1
899003,0,0,0,0,1,1,1,1,1,1
899004,0,1,0,1,1,1,1,0,1,1
899005,0,0,0,1,0,1,1,0,1,1
899006,0,1,0,0,1,0,1,0,1,1
899007,0,0,0,1,1,0,1,0,1,1
899008,0,0,0,0,0,0,1,0,1,0
899009,0,0,0,0,0,0,1,0,1,0
899010,0,0,0,0,0,0,0,0,1,0
899011,0,0,0,1,0,0,1,0,1,0
899012,0,0,0,0,0,0,1,0,1,0
899013,0,1,0,1,0,0,1,0,1,0
899014,0,0,0,1,0,0,1,0,1,1
899015,1,0,1,1,1,0,1,0,1,0
899016,0,0,1,0,0,0,1,0,1,1
899017,0,1,0,1,0,0,1,0,1,1
899018,0,0,0,1,0,0,1,0,1,0
899019,0,0,0,1,0,0,1,0,1,1
899020,0,0,0,1,0,1,1,0,1,0
900001,0,0,0,1,0,0,1,0,1,0
900002,0,0,1,1,0,1,0,0,1,0
900003,0,0,1,1,0,0,1,0,1,0
900004,0,0,0,1,0,0,1,0,1,0
900005,0,0,0,1,0,0,1,1,1,0
900006,0,0,0,1,0,0,1,1,1,0
900007,0,0,0,1,0,0,1,0,1,0
900008,0,0,0,0,0,0,1,0,1,0
900009,1,0,0,0,0,1,1,0,1,0
900010,0,0,0,1,0,0,1,0,1,0
900011,0,0,0,1,0,0,1,0,1,0
900012,0,1,1,1,0,0,1,0,1,0
900013,0,0,0,0,0,0,1,0,1,0
900014,0,1,0,1,0,1,1,0,1,0
900015,0,0,0,1,0,0,1,0,1,0
900016,0,0,0,1,0,0,1,0,1,0
900017,0,0,1,1,0,0,1,0,1,0
900018,0,0,1,1,0,0,1,0,1,0
900019,0,0,0,1,1,0,1,0,1,0
900020,0,0,1,0,0,0,1,0,1,0
901001,0,1,0,0,0,1,1,1,1,0
901002,0,0,0,0,0,0,1,0,1,0
901003,0,1,1,0,0,1,1,1,1,0
901005,0,0,0,0,0,1,1,1,1,0
901006,0,1,1,0,0,1,1,0,1,0
901007,0,0,1,0,0,0,0,0,1,0
901008,0,0,0,1,0,1,1,0,1,0
901009,0,1,0,0,0,0,0,0,1,0
901010,0,0,0,0,0,0,0,0,1,0
901011,0,1,1,0,0,1,1,0,1,0
901012,0,0,0,0,0,1,1,0,1,0
901014,0,0,1,1,0,1,0,0,1,1
901015,0,0,0,1,0,1,1,1,1,0
901016,0,0,0,0,0,0,0,0,1,0
901017,0,0,0,1,0,1,1,0,1,0
901018,0,1,0,1,0,1,1,1,1,0
901019,0,1,0,0,0,1,1,1,1,0
901020,0,1,0,0,0,0,0,0,1,0
902001,0,0,0,1,0,0,1,0,1,0
902002,0,1,0,0,0,0,1,0,1,0
902003,0,1,0,1,0,0,1,0,1,0
902004,0,0,1,0,0,0,0,0,1,0
902005,0,1,0,1,0,0,0,0,1,0
902006,0,0,0,0,0,0,0,0,1,0
902007,0,0,0,1,0,1,1,0,1,0
902008,0,0,0,0,0,1,0,0,1,0
902009,0,0,0,0,0,0,0,0,1,0
902010,0,0,0,1,0,1,0,0,1,0
902011,0,1,0,1,0,0,1,0,1,0
902012,0,0,1,0,0,0,1,0,1,0
902013,0,1,0,1,0,0,0,1,1,0
902014,0,0,0,0,0,1,1,0,1,0
902015,0,0,0,0,0,1,0,0,1,0
902016,0,0,0,1,0,0,1,0,1,1
902017,0,1,0,0,0,1,0,0,1,0
902018,0,0,0,1,0,1,0,1,1,0
902019,0,1,0,0,0,0,1,0,1,0
902020,0,0,0,0,0,1,1,1,1,1
903001,0,0,0,1,0,0,1,0,1,0
903002,0,0,1,1,0,0,1,0,1,0
903003,0,1,1,1,0,0,1,0,1,0
903004,0,0,1,1,1,1,1,1,1,1
903005,0,0,0,1,0,0,1,0,1,1
903006,0,0,0,1,1,0,1,1,1,0
903007,0,1,0,1,1,0,1,0,1,1
903008,0,0,0,1,0,0,1,0,1,0
903009,0,0,0,1,0,0,1,0,1,1
903010,1,1,0,1,1,0,1,0,1,0
903011,0,0,0,0,0,1,0,0,1,0
903012,0,0,0,1,1,0,1,0,1,0
903013,0,0,0,1,0,0,1,0,1,0
903014,0,1,0,1,1,0,1,0,1,0
903015,0,1,0,0,0,0,0,0,1,0
903016,0,0,1,0,0,0,1,0,1,0
903017,0,1,0,0,0,0,1,0,1,0
903018,0,0,1,0,0,0,1,0,1,0
903019,0,0,1,0,0,0,1,0,1,0
903020,0,0,0,1,1,0,1,0,1,0
904001,0,0,0,0,0,0,0,0,1,0
904002,0,0,0,0,0,0,1,0,1,0
904003,0,0,0,0,0,0,0,0,1,0
904004,0,0,0,0,0,0,1,0,1,0
904005,0,0,0,0,0,0,0,0,1,0
904006,0,0,0,0,0,0,0,0,1,0
904007,0,0,0,0,0,0,0,1,1,0
904008,0,0,0,0,0,0,0,0,1,0
904009,0,0,0,0,0,0,0,0,1,0
904010,0,0,0,0,0,0,0,0,1,0
904011,0,0,0,0,0,0,1,0,1,0
904012,0,0,0,0,0,0,0,0,1,0
904013,0,1,0,1,0,0,0,0,1,0
904014,0,0,0,1,0,0,0,0,1,0
904015,0,0,0,1,0,0,0,0,1,0
904016,0,0,0,0,0,0,0,0,1,0
904017,0,0,0,0,0,0,0,0,1,0
904018,0,0,0,0,0,0,0,0,1,0
904019,0,0,0,0,0,0,0,0,1,0
904020,0,0,0,0,0,0,0,0,1,0
905001,0,0,0,1,0,0,1,0,1,0
905002,0,0,0,1,0,0,0,0,1,0
905003,0,0,0,0,0,0,1,0,1,0
905004,0,0,0,0,0,0,0,0,1,0
905005,0,0,0,0,0,0,0,0,1,0
905006,0,0,0,1,0,1,0,0,1,0
905007,0,0,0,1,0,0,0,0,1,0
905008,0,0,0,0,0,0,1,0,1,0
905009,0,0,0,1,0,0,0,0,1,0
905010,0,0,0,0,0,0,0,0,1,0
905011,0,0,0,1,0,0,0,1,1,0
905012,0,0,1,0,0,0,1,1,1,0
905013,0,1,1,0,0,0,0,1,1,0
905014,0,0,0,1,0,0,0,0,1,0
905015,0,0,0,0,0,0,0,0,1,0
905016,0,0,0,0,0,0,0,0,1,0
905017,0,1,0,0,0,0,0,1,1,0
905018,0,0,1,0,0,0,0,0,1,0
905019,0,0,0,1,0,0,0,0,1,0
905020,0,1,0,1,0,0,1,0,1,0
906001,0,0,0,1,0,1,1,1,1,0
906002,0,0,0,1,0,0,0,0,1,0
906003,0,0,0,0,0,1,1,0,1,0
906004,0,0,0,1,0,1,1,0,1,0
906005,0,0,0,0,0,1,1,1,1,0
906006,0,0,0,0,0,0,1,0,1,0
906007,0,0,0,0,0,0,1,0,1,0
906008,0,1,0,0,0,0,1,0,1,0
906009,0,1,0,0,0,1,1,0,1,0
906010,0,0,0,0,0,1,1,0,1,0
906011,0,0,0,1,0,0,1,0,1,0
906012,0,1,1,0,0,1,0,0,1,0
906013,0,0,0,0,0,0,1,0,1,0
906014,0,0,0,0,0,1,1,0,1,0
906015,0,0,0,0,0,1,1,0,1,0
906016,0,0,0,0,0,1,0,0,1,0
906017,0,0,0,1,0,1,1,0,1,0
906018,0,0,0,1,0,1,0,0,1,0
906019,0,0,0,0,0,0,0,0,1,0
906020,0,1,0,0,0,0,0,0,1,0
907001,0,0,0,0,0,0,0,0,1,0
907002,0,1,0,0,0,0,0,0,1,0
907003,0,0,0,0,0,0,1,0,1,0
907004,0,0,0,0,0,0,0,0,0,0
907005,0,0,0,0,0,0,0,0,1,0
907006,0,0,0,0,0,0,0,0,1,0
907007,0,0,0,0,0,0,0,0,1,0
907008,0,0,0,0,0,0,0,0,1,0
907009,0,0,0,0,0,0,0,0,1,0
907010,0,0,0,0,0,0,0,0,1,0
907011,0,0,0,0,0,0,0,0,1,0
907012,0,0,0,0,0,0,0,0,1,0
907013,0,0,0,0,0,0,0,0,1,0
907014,0,0,0,0,0,0,1,0,1,0
907016,0,0,0,0,0,0,1,0,1,0
907017,0,0,0,0,0,0,0,0,1,0
907018,0,0,0,0,0,0,0,0,1,0
907019,0,0,0,0,0,0,0,0,1,0
907020,0,1,0,1,0,0,0,0,0,0
908001,0,0,0,0,0,0,0,0,1,0
908002,0,0,0,0,0,0,0,0,1,0
908003,0,0,0,0,0,0,0,0,0,0
908004,0,0,0,0,0,0,0,0,1,0
908005,0,0,1,0,0,0,0,0,1,0
908006,0,0,0,0,0,0,0,0,1,0
908007,0,0,0,1,0,0,0,0,1,0
908008,0,0,0,0,0,0,0,0,1,0
908009,0,0,0,0,0,0,0,0,1,0
908010,0,0,0,0,0,0,0,0,1,0
908012,0,0,1,0,0,1,0,0,1,0
908013,0,0,0,0,0,0,0,0,1,0
908014,0,0,0,0,0,0,0,0,1,0
908015,0,0,0,0,0,0,0,0,1,0
908016,0,0,0,0,0,0,0,0,1,0
908017,0,0,0,0,0,0,0,0,1,0
908018,0,0,0,0,0,0,0,0,1,0
908019,0,0,0,0,0,0,0,0,1,0
909001,0,0,0,0,0,0,0,0,1,0
909003,0,0,0,0,0,0,0,0,1,0
909004,0,0,0,0,0,0,0,0,1,0
909005,0,0,0,0,0,0,0,0,1,0
909006,0,0,0,0,0,0,0,0,1,0
909007,0,1,0,0,0,0,0,0,1,0
909008,0,0,0,0,0,0,0,0,1,0
909009,0,1,0,0,0,0,0,0,1,0
909010,0,0,0,0,0,0,0,0,1,0
909011,0,1,0,0,0,0,0,0,1,0
909012,0,0,0,0,0,0,0,0,1,0
909013,0,0,0,1,0,0,0,0,1,0
909014,0,0,0,0,0,0,0,0,0,0
909015,0,0,0,0,0,0,0,0,0,0
909016,0,0,0,0,0,0,0,0,1,0
909017,0,0,0,0,0,0,0,0,1,0
909018,0,0,0,0,0,0,0,0,1,0
909019,0,1,0,0,0,0,1,0,1,0
909020,0,0,0,0,0,0,0,0,0,0
910001,0,1,0,1,0,0,0,0,1,0
910002,0,0,0,0,0,0,0,0,1,0
910003,0,0,0,0,0,0,0,0,1,0
910005,0,0,0,1,0,0,0,0,1,0
910006,0,0,0,0,0,0,0,0,1,0
910007,0,0,0,0,0,0,0,0,1,0
910008,0,0,0,0,0,0,0,0,1,0
910010,0,0,0,0,0,0,0,0,1,0
910011,0,0,1,0,0,0,1,1,1,0
910012,0,0,0,0,0,0,0,0,1,0
910013,0,0,0,0,0,0,0,0,1,0
910014,0,1,0,1,0,0,1,0,1,0
910015,0,0,0,0,0,0,0,0,1,0
910016,0,0,0,0,0,0,0,0,1,0
910017,0,1,0,0,0,0,0,0,1,0
910018,0,0,0,0,0,0,0,0,1,1
910019,0,0,0,0,0,0,0,0,1,0
910020,0,0,0,0,0,0,0,0,1,0
911001,0,1,0,1,0,1,1,0,1,1
911002,0,0,0,1,0,0,0,0,1,0
911003,0,1,0,1,0,1,1,0,1,0
911004,0,1,1,0,0,0,1,0,1,1
911005,0,1,0,0,0,0,1,0,1,0
911006,0,0,0,0,0,0,0,0,1,0
911007,0,1,1,1,0,0,1,0,1,0
911008,0,0,0,1,0,0,1,0,1,0
911009,0,0,0,0,0,0,1,1,1,0
911011,0,1,1,1,0,0,0,0,1,0
911012,0,0,0,1,0,0,1,0,1,0
911013,0,0,0,1,0,0,1,0,1,1
911014,1,1,0,1,0,0,1,0,1,1
911015,0,1,0,1,0,0,1,0,1,0
911016,0,0,1,1,0,0,1,1,1,1
911017,0,0,0,1,0,0,0,0,1,0
911018,0,0,1,1,0,0,1,0,1,0
911019,0,0,0,0,0,0,0,0,1,0
911020,0,0,0,1,0,0,1,0,1,0
912001,0,1,0,0,0,1,1,0,1,0
912002,0,0,0,1,0,1,1,0,1,1
912003,0,0,1,1,0,1,1,0,1,0
912004,0,1,0,1,0,1,1,0,1,0
912005,0,1,0,1,0,1,1,0,1,0
912006,0,0,1,1,0,1,1,0,1,1
912007,0,0,1,1,0,1,1,0,1,0
912008,0,0,1,1,0,0,1,1,1,1
912009,0,1,1,1,0,1,1,0,1,0
912010,0,0,0,1,0,1,1,1,1,1
912011,0,0,1,0,0,1,1,0,1,0
912012,0,0,0,1,0,1,1,1,1,0
912013,0,1,0,0,0,0,1,0,1,0
912014,1,1,1,1,0,1,1,0,1,1
912015,0,0,0,1,0,0,1,0,1,0
912016,0,1,0,1,0,1,1,0,1,0
912017,0,0,0,0,0,0,1,0,1,0
912018,0,0,0,0,0,0,1,0,1,0
912019,0,1,0,1,0,0,1,0,1,1
912020,0,1,0,0,0,0,1,0,1,0
913001,0,0,1,1,0,0,1,0,1,0
913002,0,1,0,0,1,1,1,0,1,0
913003,0,1,0,0,1,1,1,0,1,1
913004,0,0,1,1,0,1,1,1,1,0
913005,0,1,1,1,0,0,1,0,1,0
913006,0,0,0,1,0,0,1,0,1,0
913007,1,0,0,1,0,0,1,0,1,0
913008,0,0,0,1,0,0,1,0,1,0
913009,0,0,0,0,0,0,1,0,1,0
913010,0,0,1,0,0,0,1,0,1,0
913011,0,0,0,1,0,0,1,0,1,0
913012,0,0,0,1,0,0,1,0,1,0
913013,0,0,1,1,0,0,0,1,1,0
913014,0,1,0,1,0,1,1,1,1,0
913015,0,0,0,1,0,0,0,0,1,0
913016,0,1,0,0,0,0,0,0,1,0
913017,0,0,0,1,0,0,1,0,1,0
913018,0,1,0,0,0,0,0,0,1,0
913019,0,0,0,1,0,1,1,0,1,0
913020,0,0,0,1,0,0,1,0,1,0
914001,0,1,1,1,1,0,1,1,1,1
914002,0,0,1,0,0,0,0,0,1,0
914003,0,1,0,1,0,0,0,0,1,0
914004,0,0,0,1,0,0,1,0,1,1
914006,0,0,0,0,0,0,1,1,1,0
914007,0,0,0,0,0,0,1,0,1,0
914008,0,0,0,0,0,0,0,0,1,0
914009,0,0,1,1,0,0,0,0,1,0
914012,0,0,1,1,0,0,1,0,1,0
914013,0,0,0,0,0,0,0,0,1,0
914014,0,0,1,1,0,0,0,0,1,0
914015,0,0,0,1,0,0,0,0,1,0
914016,0,0,0,1,0,0,0,0,1,0
914019,0,1,0,1,0,0,0,0,1,1
914020,0,0,0,1,0,0,0,0,1,0
915001,0,0,0,1,0,0,1,0,1,0
915002,0,0,1,0,0,0,1,1,1,0
915003,0,0,1,1,0,0,1,0,1,0
915004,0,1,0,0,0,0,1,0,1,0
915005,0,1,0,0,0,0,0,0,1,0
915006,0,0,0,0,0,0,1,0,1,0
915007,0,1,0,0,0,0,0,0,1,0
915008,0,0,0,1,0,0,0,0,1,1
915010,0,1,0,1,0,0,1,0,1,0
915011,0,0,0,0,0,0,1,0,1,0
915012,0,0,0,0,0,0,1,0,1,0
915013,0,0,1,0,0,0,0,0,1,0
915014,0,0,0,0,0,0,1,1,1,0
915015,0,0,0,0,0,0,0,0,1,0
915016,0,0,0,0,0,0,0,0,1,0
915017,0,1,0,1,0,0,0,0,1,1
915018,0,0,0,1,0,0,1,1,1,1
915019,0,0,0,1,0,0,0,0,1,0
915020,0,0,0,1,0,0,0,0,1,0
916001,0,0,0,0,0,1,0,0,1,0
916002,0,0,0,1,0,0,1,0,1,0
916004,1,0,0,0,0,1,1,0,1,0
916005,0,0,0,0,0,1,1,0,1,0
916007,0,1,0,0,0,0,1,0,1,0
916008,0,0,1,0,0,0,1,0,1,0
916009,0,0,0,0,0,0,1,0,1,0
916010,0,0,0,1,0,0,1,0,1,1
916011,0,0,0,0,0,1,1,0,1,0
916012,0,1,0,1,0,0,0,0,1,0
916013,0,0,0,0,0,1,1,0,1,0
916014,0,0,0,0,0,1,1,0,0,0
916015,0,0,1,0,0,1,1,0,1,0
916016,0,0,1,0,0,0,1,0,1,0
916017,0,1,0,1,0,0,1,0,1,1
916018,0,0,0,0,0,0,1,0,1,0
916019,0,0,1,0,0,0,0,0,1,0
916020,0,0,1,1,0,0,1,0,1,0
917001,0,0,0,0,0,0,0,0,1,0
917002,0,0,1,1,0,0,0,0,1,0
917003,0,0,0,0,0,0,0,0,1,0
917005,0,0,1,1,0,0,0,0,1,0
917006,0,1,1,1,0,0,1,0,1,0
917007,0,0,0,0,0,1,0,0,1,0
917008,0,0,1,0,0,0,0,0,1,0
917009,0,0,0,0,0,0,1,0,1,0
917010,0,0,0,0,0,1,0,0,1,0
917011,0,0,0,0,0,0,0,0,1,0
917012,0,1,1,1,0,0,0,0,1,0
917013,0,0,0,0,0,0,0,0,1,0
917014,0,0,0,0,0,0,0,0,1,0
917015,0,0,0,1,0,0,0,0,1,0
917016,0,1,0,0,0,0,0,0,1,0
917017,0,0,0,0,0,0,1,0,1,0
917018,0,0,0,0,0,0,0,0,1,0
917019,0,0,0,0,0,0,0,0,1,0
917020,0,1,0,0,0,0,0,0,1,0
918001,0,1,0,1,0,0,1,0,1,1
918002,0,1,0,1,0,0,1,0,1,0
918003,0,0,1,1,0,0,1,1,1,0
918004,0,1,0,1,0,0,1,0,1,0
918005,0,0,0,1,0,0,1,0,1,1
918006,0,0,0,1,0,0,1,0,1,0
918007,0,1,1,1,0,0,1,0,1,0
918008,0,1,0,0,0,0,1,0,1,0
918009,0,1,1,1,0,0,1,0,1,0
918010,0,1,1,1,0,0,1,0,1,1
918011,0,0,1,1,0,0,1,0,1,0
918012,0,0,0,1,0,0,1,0,1,0
918013,0,0,0,1,0,0,1,0,1,0
918014,0,0,0,1,0,0,1,0,1,0
918015,0,0,1,1,0,0,1,0,1,0
918016,0,0,1,1,0,0,1,0,1,1
918017,0,0,1,1,0,0,1,0,1,0
918018,0,0,1,0,0,0,1,0,1,0
918019,0,1,0,1,0,0,1,0,1,0
918020,1,0,0,1,0,0,1,0,1,0
919001,0,0,0,0,0,0,0,0,1,0
919002,0,0,1,0,0,0,1,0,1,0
919003,0,0,0,0,0,0,1,0,1,1
919004,0,0,0,0,0,0,1,0,1,0
919005,0,1,0,1,0,0,1,0,1,0
919006,0,0,0,1,0,0,1,0,1,0
919007,0,0,0,0,0,1,1,1,1,0
919008,0,0,1,0,0,0,1,1,1,0
919009,0,0,0,1,0,0,0,0,1,0
919010,0,0,1,0,0,0,1,0,1,0
919011,0,0,0,0,0,1,1,0,1,1
919012,0,0,0,0,0,0,1,0,1,0
919013,0,0,0,0,0,0,1,0,1,0
919014,0,0,0,0,0,0,0,0,1,0
919015,0,0,0,1,0,0,1,0,1,0
919016,0,0,0,0,0,0,1,0,1,0
919017,0,1,1,1,0,0,1,0,1,0
919018,0,1,0,0,0,0,1,0,1,0
919019,0,0,0,1,0,0,1,0,1,1
919020,0,0,0,1,0,0,1,0,1,0
920001,0,0,0,1,0,0,0,0,1,0
920002,0,1,0,1,0,0,1,0,1,0
920003,0,0,1,1,0,0,1,0,1,0
920004,0,0,1,1,0,0,1,1,1,0
920005,0,0,1,1,0,0,1,1,1,0
920006,0,0,0,1,0,0,1,0,1,0
920007,0,0,0,0,0,0,1,0,1,0
920008,0,1,0,1,0,0,1,0,1,0
920009,0,0,0,0,0,0,1,0,1,0
920010,0,1,0,1,0,0,1,1,1,1
920011,0,0,0,1,0,0,1,0,1,0
920012,0,0,1,1,0,0,1,0,1,0
920013,0,0,0,1,0,0,1,0,1,1
920014,0,,1,1,0,0,1,1,1,0
920015,0,1,0,1,0,0,1,0,1,0
920016,0,0,0,0,0,0,1,0,1,0
920017,0,0,1,1,0,0,1,0,1,0
920018,0,0,1,1,0,0,1,1,1,0
920019,0,1,0,1,0,0,1,1,1,0
920020,0,1,0,1,0,0,1,1,1,1
921001,0,0,0,0,0,0,1,0,1,0
921002,0,1,0,1,0,0,1,1,1,0
921003,0,1,0,1,0,0,1,1,1,0
921004,0,0,0,0,0,0,1,0,1,0
921005,0,0,1,1,0,1,1,0,1,0
921006,0,0,0,0,0,0,1,0,1,0
921007,0,0,0,1,0,0,1,1,1,0
921008,0,0,0,0,0,0,1,0,1,0
921009,0,0,0,1,0,0,0,0,1,0
921010,0,0,0,0,0,0,1,0,1,0
921011,0,1,0,0,0,0,0,0,1,0
921012,0,0,0,0,0,0,1,0,1,0
921013,0,0,0,0,0,0,1,0,1,0
921014,0,0,0,1,0,0,1,0,1,0
921015,0,0,0,0,0,0,1,1,1,1
921016,0,0,0,1,0,1,1,0,1,0
921017,0,1,0,0,0,0,0,1,1,0
921018,0,0,0,1,0,0,1,1,1,1
921020,0,0,0,0,0,1,0,0,1,0
922001,0,0,1,1,1,0,1,0,1,0
922002,0,1,0,0,1,0,1,1,1,0
922003,0,0,0,1,1,0,0,0,1,1
922004,0,0,1,1,1,1,1,1,1,0
922005,0,1,0,0,1,1,1,1,1,1
922006,0,0,0,0,1,0,1,0,1,0
922007,0,0,0,1,1,0,1,1,1,0
922008,0,0,0,1,1,1,1,1,1,1
922009,0,0,0,0,1,0,0,0,1,0
922010,0,0,0,1,1,1,1,1,1,0
922011,0,0,0,1,1,0,1,1,1,1
922012,0,0,0,1,1,0,1,1,1,1
922013,0,0,0,0,1,0,0,0,1,0
922014,0,1,0,1,1,0,1,1,1,1
922015,0,0,1,0,1,1,1,1,1,0
922016,0,0,0,1,1,1,1,1,1,0
922017,0,0,1,1,1,1,1,1,1,1
922018,0,0,1,0,1,0,1,0,1,1
922019,0,0,0,1,1,0,1,0,1,0
922020,0,0,0,1,1,0,1,1,1,0
923001,0,0,0,1,0,0,1,0,1,0
923002,0,0,0,0,0,0,0,0,1,0
923003,0,0,0,1,0,0,0,0,1,0
923004,0,0,0,1,0,0,1,1,1,1
923005,0,0,0,0,0,0,0,0,1,0
923006,0,0,0,1,0,0,1,0,1,0
923007,0,0,0,1,0,0,0,0,1,0
923008,0,0,0,0,0,0,0,0,1,0
923010,1,0,0,1,0,0,1,0,1,0
923011,0,0,0,1,0,0,1,1,1,0
923012,0,0,1,1,0,0,1,0,1,0
923013,0,0,0,1,0,0,1,1,1,0
923014,0,1,0,1,0,0,1,0,1,0
923015,0,0,0,1,0,0,1,1,1,0
923016,0,1,0,1,0,0,1,1,1,0
923017,0,1,0,1,0,0,1,0,1,0
923018,0,1,0,1,0,0,1,0,1,0
923019,0,0,0,0,0,0,0,1,1,0
923020,0,0,0,0,0,0,1,0,1,0
924001,0,0,1,0,0,0,1,0,1,0
924002,0,0,0,0,0,1,1,0,1,0
924004,1,0,0,1,1,0,1,1,1,0
924005,0,0,0,1,0,0,1,0,1,0
924006,0,0,0,1,0,1,1,1,1,0
924007,0,0,0,1,0,1,1,1,1,0
924008,0,0,1,1,0,1,1,0,1,0
924009,0,0,0,1,0,0,1,0,1,0
924010,0,0,0,1,1,0,1,1,1,1
924011,0,0,0,0,0,0,1,0,1,0
924012,0,0,0,0,0,0,1,1,1,0
924013,0,0,0,0,0,0,1,0,1,0
924014,0,0,0,1,0,0,1,0,1,1
924015,0,0,0,1,1,0,1,0,1,0
924016,0,0,0,1,0,0,1,1,1,0
924018,0,0,0,1,0,0,1,0,1,0
924019,0,0,0,0,0,0,0,0,1,0
924020,0,0,0,1,0,1,1,0,1,0
925001,1,0,0,1,0,1,1,1,1,0
925002,0,0,1,1,0,1,1,1,1,0
925003,0,1,0,0,0,1,0,0,1,0
925004,0,1,1,1,0,1,1,0,1,0
925005,0,0,0,0,0,1,1,1,1,0
925006,0,1,0,0,0,0,0,0,1,0
925007,0,0,0,1,0,1,1,0,1,0
925008,0,1,0,0,0,1,1,0,1,0
925009,0,0,1,1,0,1,1,0,1,0
925010,0,0,0,0,0,1,1,0,1,0
925011,0,0,0,1,0,1,1,1,1,0
925012,0,1,0,1,1,1,1,1,1,1
925013,1,0,0,1,0,1,1,0,1,1
925014,0,0,0,0,0,0,1,0,1,0
925015,0,0,0,1,0,1,1,0,1,0
925016,0,0,0,0,0,1,1,1,1,0
925017,0,1,0,1,0,0,1,1,1,0
925018,0,0,0,0,0,0,0,0,1,0
925019,0,0,0,0,0,0,0,0,1,0
925020,0,0,0,0,0,0,1,0,1,0
926001,0,0,0,1,0,0,1,1,1,0
926002,0,1,0,1,0,0,1,1,1,1
926003,0,0,0,0,0,0,1,0,1,0
926004,0,1,0,1,0,0,1,1,1,1
926005,1,1,1,1,0,0,1,1,1,0
926006,0,0,0,1,0,0,1,0,1,0
926007,1,1,1,1,0,0,1,1,1,0
926008,0,0,1,1,0,0,1,0,1,0
926009,0,0,0,1,1,0,1,1,1,0
926010,0,1,0,1,0,0,1,1,1,0
926011,0,0,0,1,0,0,1,0,1,0
926012,0,0,0,1,0,0,1,0,1,0
926013,0,1,0,1,0,0,1,0,1,0
926014,0,0,1,0,0,0,1,0,1,0
926015,0,0,0,1,0,0,1,0,1,0
926016,0,0,0,1,0,0,1,1,1,0
926017,0,1,1,1,0,0,1,0,1,0
926018,0,0,1,1,0,0,1,1,1,0
926019,0,0,0,0,0,0,1,0,1,0
926020,0,0,0,0,0,0,1,0,1,0
927001,0,0,0,1,0,0,0,0,1,0
927002,0,1,1,0,0,0,0,0,1,0
927003,0,0,1,0,0,0,0,0,1,0
927004,0,0,1,1,0,0,0,0,1,0
927005,0,,0,0,0,0,0,0,1,0
927006,1,1,0,0,0,0,1,0,1,0
927007,0,0,0,0,0,0,1,0,1,1
927008,0,0,0,0,0,0,1,1,1,0
927009,0,0,0,0,0,0,1,0,1,0
927010,0,0,0,0,0,0,0,0,1,0
927011,0,0,0,0,0,0,0,0,1,0
927013,0,1,0,1,0,0,1,1,1,0
927014,0,1,0,1,0,1,1,0,1,0
927015,0,0,1,1,0,0,0,0,1,0
927016,0,0,0,1,0,1,1,0,1,0
927017,0,0,0,0,0,0,0,0,1,0
927018,0,0,0,1,0,0,0,0,1,0
927019,0,0,0,0,0,0,0,0,1,0
927020,0,0,1,1,0,1,1,0,1,0
928001,0,1,0,0,0,0,0,0,1,0
928002,0,0,0,0,0,0,1,1,1,0
928003,0,0,0,0,0,0,1,1,1,0
928004,0,0,0,0,0,0,0,0,1,0
928005,0,0,0,1,0,0,1,0,1,0
928006,0,1,0,1,0,0,1,1,1,1
928007,0,,0,0,0,0,1,1,1,0
928008,0,0,0,0,0,0,1,0,1,0
928009,0,0,0,0,0,0,0,1,1,0
928010,0,0,0,0,0,0,0,0,1,0
928011,0,0,0,0,0,0,1,1,1,0
928012,0,0,0,0,0,0,0,0,1,0
928013,1,0,0,0,0,0,1,0,1,0
928014,0,0,0,1,0,0,0,0,1,0
928015,0,0,0,0,0,0,1,1,1,0
928016,1,0,0,0,0,0,1,0,1,1
928017,0,0,0,1,0,0,0,0,1,0
928018,0,0,0,0,0,0,1,0,0,0
928019,0,0,0,0,0,0,1,0,1,0
928020,0,0,0,0,0,0,0,0,1,0
929001,0,0,0,0,0,0,0,0,1,0
929002,0,0,0,0,0,0,0,0,1,0
929003,0,0,0,0,0,1,0,0,1,0
929004,0,0,0,0,0,1,1,0,1,0
929005,0,0,0,0,0,0,1,1,1,0
929006,0,0,0,0,0,1,0,0,1,0
929007,0,0,0,0,0,1,1,0,1,0
929008,0,0,0,0,0,1,1,1,1,0
929009,0,0,0,0,0,1,1,1,1,0
929010,0,0,0,0,0,0,1,1,1,1
929011,1,0,0,0,0,1,1,0,1,0
929012,0,0,0,0,0,0,0,0,1,0
929013,0,0,0,0,0,0,1,0,1,1
929014,0,0,0,1,1,1,1,1,1,1
929015,0,0,0,0,0,0,1,0,1,0
929016,0,0,0,0,0,1,1,0,1,0
929017,0,1,0,0,0,1,1,0,1,0
929018,0,0,0,0,0,0,1,1,1,0
929019,0,0,0,0,0,1,1,1,1,0
929020,0,0,0,0,0,1,0,1,1,0
930002,0,0,0,1,0,0,1,1,1,0
930003,0,0,0,1,0,0,0,0,1,0
930004,0,0,0,1,0,0,1,1,1,0
930005,0,0,0,0,0,0,1,0,1,0
930006,0,1,1,1,1,0,1,1,1,0
930007,0,0,0,0,0,1,0,0,1,0
930008,0,0,0,1,0,0,0,0,1,0
930009,0,0,0,0,0,0,1,0,1,0
930011,0,0,0,1,0,1,1,0,1,0
930012,0,0,0,0,0,0,1,0,1,0
930013,0,1,0,0,0,0,0,0,1,0
930014,0,1,0,1,0,0,1,0,1,0
930015,0,0,0,0,0,0,1,0,1,0
930016,0,0,0,1,0,0,0,0,1,0
930017,0,0,0,1,0,0,1,0,1,0
930018,0,0,0,0,0,0,1,1,1,0
930019,0,0,0,0,0,0,1,0,1,0
930020,0,0,0,0,0,0,1,0,1,0
931001,0,0,0,0,0,0,0,0,1,0
931002,0,0,0,0,0,0,0,0,1,0
931003,1,0,1,1,0,0,1,0,1,0
931004,0,0,0,0,0,0,0,0,1,0
931005,0,0,0,0,0,0,1,0,1,0
931007,0,0,0,0,0,0,1,0,1,0
931009,0,0,0,1,0,0,0,0,1,0
931010,0,0,0,0,0,0,1,0,1,0
931011,0,0,0,0,0,0,1,0,1,0
931012,0,0,0,0,0,0,1,0,1,0
931013,0,0,1,1,0,0,1,0,1,0
931014,0,0,0,1,0,1,1,0,1,1
931015,0,0,0,0,0,0,0,0,1,0
931016,0,1,0,0,0,0,1,1,1,0
931017,0,1,1,1,1,0,1,0,1,1
931018,0,0,0,0,0,0,1,0,1,0
931019,0,0,0,0,0,0,1,0,1,0
931020,0,0,0,0,0,0,0,0,1,0
932001,0,0,0,0,0,0,1,1,1,0
932002,0,0,0,1,0,0,0,0,1,0
932003,0,0,1,1,0,0,1,1,1,1
932004,0,0,0,0,0,0,0,0,1,0
932005,1,0,0,0,0,0,1,1,1,0
932006,0,0,1,0,0,1,1,1,1,1
932007,0,0,0,1,0,0,1,0,1,0
932008,0,0,0,0,0,0,1,0,1,0
932009,0,0,0,1,0,0,0,0,1,0
932010,0,0,0,0,0,0,1,0,1,0
932011,0,0,0,0,0,0,1,0,1,0
932012,0,0,1,1,0,0,1,1,1,0
932013,0,0,0,0,0,0,1,0,1,0
932014,0,0,0,0,0,0,1,0,1,0
932015,0,0,1,1,0,0,1,1,1,0
932016,0,0,0,1,0,0,1,0,1,1
932017,0,0,0,0,0,0,0,0,1,0
932018,0,0,1,0,0,1,1,0,1,0
932019,0,0,0,0,0,0,0,0,1,0
932020,0,1,0,0,0,0,1,1,1,0
933001,0,0,0,0,0,0,0,0,1,0
933002,0,0,0,0,0,0,0,0,0,0
933003,0,1,0,0,0,0,0,0,1,0
933004,0,0,0,0,0,0,1,0,1,0
933005,1,0,0,0,0,0,0,0,1,0
933006,0,0,0,0,0,0,1,0,1,0
933007,0,0,0,0,0,0,1,0,0,0
933008,0,,0,0,0,0,0,1,1,0
933009,0,0,0,0,0,0,0,0,1,0
933010,0,0,0,0,0,0,0,0,1,0
933011,0,1,0,0,0,1,0,1,1,0
933012,0,1,0,0,0,0,0,1,1,0
933014,0,0,0,0,0,0,0,1,1,0
933015,0,0,0,0,0,0,0,1,1,0
933017,0,0,0,0,0,0,0,0,0,0
933018,0,0,0,0,0,0,0,0,1,0
933019,0,1,0,0,0,0,0,1,1,0
933020,0,0,0,1,0,0,0,1,1,0
934001,0,1,0,1,1,1,1,0,1,1
934002,0,1,0,1,1,1,1,1,1,1
934003,1,0,0,0,1,1,1,0,1,0
934004,0,0,1,1,1,0,1,1,1,0
934005,0,0,0,1,1,1,1,0,1,1
934006,0,1,0,1,1,0,1,1,1,1
934007,0,0,0,1,1,0,1,0,1,1
934008,0,0,1,0,1,0,1,0,1,1
934009,0,1,1,1,1,1,1,1,1,1
934010,0,0,0,0,1,1,1,0,1,1
934011,0,1,0,0,1,1,1,1,1,0
934013,0,0,0,0,1,1,1,0,1,0
934014,0,1,0,0,0,1,1,0,1,0
934015,0,0,0,1,1,1,1,0,1,1
934016,0,1,1,0,1,1,1,0,1,1
934017,0,0,1,1,1,1,1,1,1,1
934018,0,1,1,0,1,1,1,1,1,1
934019,0,0,0,1,1,1,1,1,1,1
934020,0,0,0,0,1,1,1,1,1,1
935001,1,1,0,1,1,1,1,1,1,1
935002,0,1,1,1,1,1,1,1,1,1
935003,0,0,1,1,1,1,1,1,1,1
935004,1,0,1,1,1,1,1,1,1,1
935005,0,1,1,1,1,1,1,1,1,1
935006,0,0,0,1,1,1,1,1,1,1
935007,0,1,0,1,1,1,1,1,1,1
935008,0,0,0,1,1,1,1,1,1,1
935010,0,0,1,1,1,1,1,1,1,1
935011,0,1,0,0,1,1,1,1,1,1
935012,0,0,0,1,1,1,1,1,1,1
935013,0,1,1,1,1,1,1,1,1,1
935014,0,0,0,1,1,1,1,1,1,1
935015,1,1,0,0,1,1,1,1,1,1
935016,0,0,0,1,1,1,1,1,1,1
935017,1,1,0,1,1,1,1,1,1,0
935018,0,1,0,0,1,1,1,1,1,1
935019,0,0,0,1,1,1,1,1,1,1
935020,0,0,0,1,1,1,1,1,1,1
936002,0,1,0,0,0,1,0,1,1,0
936003,0,1,0,0,0,0,0,1,1,0
936004,0,0,0,0,0,1,1,1,1,1
936005,0,0,0,0,0,1,1,1,1,1
936006,0,1,0,0,0,1,1,0,1,0
936007,0,0,1,0,0,1,1,0,1,0
936008,0,0,1,0,0,1,1,1,1,0
936009,0,0,0,1,0,1,1,1,1,0
936010,0,1,0,1,0,1,1,1,1,1
936011,0,0,0,0,0,1,0,0,1,0
936012,0,0,0,0,0,1,1,1,1,0
936013,0,1,0,0,0,1,1,1,1,0
936014,0,0,0,0,0,1,1,1,1,0
936015,0,0,0,1,0,0,0,1,0,0
936016,0,1,0,0,0,1,0,0,1,0
936017,0,0,0,0,0,1,0,1,1,0
936018,0,0,0,0,0,1,1,1,1,0
936019,0,0,0,0,0,1,0,1,1,0
936020,0,0,0,1,0,0,0,0,0,0
937001,0,0,0,1,0,0,0,0,1,0
937002,0,0,0,0,0,0,1,1,1,0
937003,0,0,0,0,0,0,0,0,1,0
937004,0,0,0,0,0,0,0,0,1,0
937005,0,0,0,0,0,0,1,0,1,0
937006,0,0,0,0,0,0,0,0,1,0
937007,0,0,0,0,0,0,0,0,0,0
937008,0,0,0,0,0,0,0,0,1,0
937009,0,0,0,0,0,0,0,0,1,0
937010,0,0,0,0,0,0,0,0,1,0
937011,0,0,0,0,0,0,0,0,1,0
937012,0,0,0,0,0,0,0,0,1,0
937014,0,0,0,1,0,0,0,0,1,0
937015,0,0,0,0,0,0,0,0,1,0
937016,0,0,0,0,0,0,0,0,1,0
937017,0,0,0,0,0,0,0,0,1,0
937018,0,0,0,0,0,0,0,0,1,0
937019,0,0,0,0,0,0,0,0,1,0
937020,0,0,0,0,0,0,0,0,1,0
938001,0,0,0,0,0,0,0,0,1,0
938002,0,1,0,0,0,0,0,0,0,0
938003,0,0,0,0,0,0,0,0,1,0
938004,0,0,0,0,0,0,0,0,1,0
938005,1,1,0,1,0,0,0,1,1,0
938006,0,0,0,0,0,0,0,0,1,0
938007,0,0,0,0,0,0,0,0,0,0
938008,0,0,0,0,0,0,1,0,1,0
938009,0,0,0,0,0,0,0,0,1,0
938010,0,0,0,0,0,0,0,1,1,0
938011,0,0,0,0,0,0,0,0,1,0
938012,0,0,0,0,0,0,1,0,1,0
938013,0,0,0,0,0,0,1,0,1,0
938014,0,0,0,0,0,0,0,1,1,0
938015,0,1,0,0,0,0,0,0,1,0
938016,0,0,0,0,0,0,0,1,1,1
938017,0,0,0,0,0,0,0,0,1,0
938018,0,0,0,0,0,0,0,0,1,0
938019,0,0,0,0,0,0,0,0,1,0
938020,0,1,0,0,0,0,0,0,1,0
939003,0,,0,0,0,0,1,0,1,0
939004,0,0,0,0,0,0,1,0,1,0
939005,0,0,0,0,0,0,0,0,1,0
939006,0,0,0,0,0,0,1,0,1,0
939007,0,0,0,0,0,0,0,0,1,0
939008,0,0,0,0,0,0,0,0,1,0
939009,0,0,0,0,0,0,0,0,1,0
939010,0,0,0,0,0,0,0,0,1,0
939011,0,0,0,0,0,0,0,0,1,0
939012,0,0,0,0,0,0,0,0,1,0
939013,0,0,0,0,0,0,0,0,1,0
939014,0,0,0,0,0,0,0,0,1,0
939015,0,0,0,0,0,0,0,0,1,0
939016,0,0,0,0,0,0,0,0,1,0
939017,0,0,0,0,0,0,0,0,1,0
939018,0,0,0,0,0,0,0,0,1,0
939019,0,0,0,0,0,0,0,0,1,0
939020,0,0,0,0,0,0,0,0,1,0
940001,0,0,0,0,0,0,0,1,0,0
940002,0,0,0,0,0,0,0,0,1,0
940003,0,0,0,0,0,0,0,0,1,0
940005,0,0,0,0,0,0,0,0,1,0
940006,0,0,0,0,0,0,0,0,1,0
940007,0,0,0,0,0,0,0,0,1,0
940008,0,0,0,0,0,0,0,0,0,0
940009,0,0,0,0,0,0,1,0,1,0
940010,0,0,0,0,0,0,0,1,1,0
940011,0,0,0,0,0,0,0,0,0,0
940012,0,0,0,0,0,0,0,0,1,0
940014,1,0,0,0,0,0,1,0,1,0
940015,0,0,1,0,0,0,0,0,0,0
940016,0,0,0,0,0,0,0,0,1,0
940017,0,0,0,0,0,0,0,0,1,0
940018,0,0,0,0,0,0,0,0,1,0
940019,0,0,0,0,0,0,1,0,1,0
940020,0,0,0,0,0,0,0,0,1,0
941001,0,0,0,0,0,0,0,0,1,0
941002,0,0,0,0,0,0,0,0,1,0
941003,1,0,0,0,0,0,0,1,1,0
941004,0,0,0,0,0,0,0,0,1,0
941005,0,0,0,0,0,0,0,0,1,0
941006,0,0,0,0,0,0,0,0,1,0
941007,0,0,0,0,0,0,0,1,1,1
941009,0,0,0,0,0,0,0,0,1,0
941010,0,0,0,0,0,0,0,0,1,0
941011,0,0,1,0,0,0,0,0,1,0
941012,0,0,0,1,0,0,0,1,1,0
941013,0,0,0,0,0,0,0,0,1,0
941015,0,0,0,0,0,0,0,0,0,0
941016,0,0,0,0,0,0,0,0,1,0
941017,0,0,0,0,0,0,0,0,1,0
941018,0,0,0,0,0,0,0,0,1,0
941019,0,0,1,0,0,0,0,1,1,0
941020,0,0,0,0,0,0,0,0,1,0
942001,0,0,0,0,0,0,0,0,1,0
942002,0,0,0,0,0,0,1,0,1,0
942003,0,1,0,0,0,0,0,0,1,0
942004,0,0,0,0,0,0,0,1,1,0
942005,0,0,0,0,0,0,0,0,1,0
942006,0,0,0,0,0,0,0,0,1,0
942007,0,0,0,0,0,0,0,0,1,0
942008,0,0,0,0,0,0,1,0,1,0
942009,0,0,0,0,0,0,0,1,1,0
942010,0,1,0,0,0,0,0,0,1,0
942011,1,0,0,1,0,0,0,0,1,0
942012,0,0,0,0,0,0,0,0,1,0
942013,0,0,0,0,0,0,0,1,1,0
942014,0,0,0,0,0,0,0,0,1,0
942015,0,0,0,0,0,0,1,0,1,0
942016,1,0,0,0,0,0,0,1,1,0
942017,0,0,0,0,0,0,0,0,1,0
942018,0,0,0,0,0,0,0,0,1,0
942019,0,0,0,0,0,0,0,0,1,0
942020,0,0,0,0,0,0,0,0,1,0
943001,0,0,0,0,0,0,0,0,1,0
943002,0,0,0,0,0,0,0,0,1,0
943003,0,0,0,0,0,0,0,0,1,0
943004,0,0,0,0,0,0,0,0,1,0
943005,0,0,0,0,0,0,0,0,1,0
943006,0,0,0,0,0,0,1,0,1,0
943007,0,0,1,0,0,0,0,0,1,0
943008,0,1,0,1,0,0,0,1,1,0
943009,0,1,0,0,0,0,0,0,1,0
943010,0,0,0,0,0,0,0,1,1,0
943011,0,0,0,0,0,0,0,0,1,0
943012,0,0,0,0,0,0,0,0,1,0
943013,0,1,0,1,0,0,1,0,1,0
943014,1,1,0,1,0,0,0,0,1,0
943015,0,1,0,0,0,0,1,0,1,0
943016,0,1,0,0,0,0,0,1,1,0
943017,0,0,0,0,0,0,0,0,1,0
943018,0,0,0,0,0,0,0,0,1,0
943019,0,0,0,0,0,0,1,0,1,0
943020,0,0,0,0,0,0,1,0,1,0
944001,0,1,0,0,0,0,0,0,1,0
944002,0,0,0,0,0,0,0,0,0,0
944003,0,0,0,0,0,0,1,0,1,0
944004,0,0,0,0,0,0,0,0,1,0
944005,0,0,0,0,0,0,0,1,1,0
944006,0,0,0,1,0,0,0,1,1,1
944007,0,1,0,0,0,0,0,1,1,0
944008,0,0,0,0,0,0,0,0,1,0
944009,0,0,0,0,0,0,0,0,1,0
944010,0,1,0,0,0,0,0,0,1,0
944011,0,0,0,1,0,0,0,0,1,0
944012,0,1,0,0,0,0,1,1,1,0
944013,0,0,0,1,0,0,0,0,1,0
944014,0,,0,1,0,0,0,1,1,0
944015,0,0,0,0,0,0,0,0,1,0
944016,0,1,0,0,0,0,0,0,1,0
944017,0,0,0,0,0,0,0,0,1,0
944018,0,0,0,0,0,0,0,0,1,0
944019,0,0,0,0,0,0,0,0,1,0
944020,0,0,0,0,0,0,0,1,1,0
945001,0,0,0,1,0,0,1,0,1,0
945002,0,0,0,0,0,1,1,0,1,0
945003,0,0,0,1,0,1,0,0,1,0
945004,0,0,0,0,0,0,1,0,1,0
945005,0,0,0,0,0,1,1,0,1,0
945006,0,0,0,0,0,0,0,0,1,0
945007,0,0,0,0,0,0,0,0,1,0
945008,0,0,0,0,0,0,0,1,1,0
945009,0,1,0,0,0,0,1,1,1,0
945010,0,0,0,0,0,0,0,1,1,0
945011,0,0,0,0,0,0,0,0,1,0
945012,0,0,0,0,0,0,0,0,1,0
945013,0,0,0,0,0,0,1,1,1,1
945014,0,0,0,0,0,0,1,0,1,0
945015,0,0,0,0,0,1,1,1,1,0
945016,0,0,0,0,0,0,1,0,1,0
945017,0,1,0,0,0,0,0,0,1,0
945018,0,1,0,0,0,0,1,0,1,0
945019,0,0,0,0,0,0,1,1,1,0
946001,0,0,0,0,0,0,1,0,1,0
946002,0,0,0,0,0,0,0,1,1,0
946003,0,1,0,1,0,0,1,0,1,1
946004,0,0,0,0,0,0,1,0,1,1
946005,0,0,0,0,0,0,1,0,1,0
946006,0,0,0,0,0,0,0,0,1,0
946007,0,1,0,0,0,0,0,0,1,0
946008,0,0,0,0,0,0,1,0,1,0
946009,0,0,0,0,0,0,0,0,1,0
946010,0,0,0,0,0,0,0,0,1,0
946011,0,0,0,0,0,0,1,1,1,0
946012,0,0,0,0,0,0,0,0,1,0
946013,0,0,0,0,0,0,1,0,1,0
946014,0,0,0,0,0,1,1,0,1,0
946015,0,1,0,0,0,1,1,0,1,0
946016,0,0,0,0,0,0,1,0,1,0
946017,0,0,0,0,0,0,0,0,1,0
946018,0,0,0,0,0,0,0,0,1,0
946019,0,0,0,0,0,0,0,0,1,0
946020,0,0,0,0,0,0,0,0,1,0
947001,0,0,0,0,0,0,1,0,1,0
947002,0,1,0,0,0,0,0,0,1,0
947003,0,0,0,0,0,0,0,0,1,0
947004,0,0,0,0,0,1,1,1,1,1
947005,0,1,0,0,0,0,0,0,1,0
947006,0,0,0,1,0,0,1,0,1,0
947007,0,1,0,0,0,0,0,0,1,0
947008,0,0,0,0,0,0,1,0,1,0
947009,0,1,0,0,0,1,1,0,1,1
947011,0,1,0,0,0,0,0,0,1,0
947012,0,0,1,0,0,0,1,0,1,0
947013,0,1,0,0,0,0,1,1,1,1
947014,0,0,0,0,0,0,1,0,1,0
947015,0,1,0,0,0,0,1,0,1,0
947016,0,1,0,0,0,0,0,0,1,0
947017,0,1,0,0,0,1,1,0,1,0
947018,1,0,0,1,0,0,1,0,1,0
947019,0,0,0,0,0,0,0,0,1,0
947020,0,0,0,0,0,0,1,0,1,0
948001,0,0,0,0,0,0,0,0,1,1
948002,0,0,0,0,0,0,0,0,1,0
948003,0,0,0,1,0,1,0,0,1,0
948004,0,1,0,0,0,0,0,0,1,0
948005,0,0,0,0,0,1,1,0,1,0
948006,0,0,1,1,0,0,0,1,1,1
948007,1,0,0,1,0,1,1,0,1,0
948008,0,0,0,1,0,1,0,1,1,0
948009,0,0,0,0,0,1,0,0,1,0
948010,0,0,0,0,0,1,0,0,1,0
948011,0,,0,1,0,1,0,0,1,0
948012,0,0,0,0,0,1,0,0,1,0
948013,0,0,0,1,0,1,0,0,1,0
948014,0,0,0,0,0,1,0,0,1,0
948015,0,0,0,0,0,1,0,0,1,0
948016,0,1,0,0,0,1,1,0,1,1
948017,0,0,0,1,0,0,0,1,1,0
948018,0,0,0,0,0,1,0,1,1,0
948019,0,0,1,1,0,1,0,1,1,0
948020,0,1,0,1,0,0,0,1,1,0
949001,0,0,0,1,0,0,1,0,1,0
949002,0,1,0,0,0,0,0,0,1,0
949003,0,,0,0,0,0,0,0,1,0
949004,0,0,0,0,0,0,0,0,1,0
949005,0,0,0,0,0,0,0,0,1,0
949006,0,0,0,0,0,0,0,1,1,0
949007,0,1,0,1,0,1,1,1,1,0
949008,0,0,0,1,0,0,0,0,1,1
949009,0,0,0,1,0,1,0,0,1,0
949010,0,0,0,0,0,0,1,1,1,0
949011,0,0,0,0,0,0,0,0,1,0
949012,0,0,0,0,0,1,0,0,1,0
949013,0,0,0,1,0,0,1,0,1,0
949014,0,0,0,1,0,1,0,0,1,0
949015,0,0,0,1,0,1,0,1,1,1
949016,0,1,0,0,0,0,1,1,1,0
949017,0,0,0,0,0,1,0,0,1,0
949018,0,1,0,1,0,0,1,1,1,1
949019,0,0,0,1,0,0,1,1,1,1
949020,0,1,0,0,0,1,1,1,1,0
950001,0,0,0,1,0,1,1,1,1,0
950002,0,0,1,1,0,1,1,1,1,1
950003,0,0,0,1,0,1,1,0,1,0
950004,0,0,1,1,0,1,1,1,1,0
950005,0,0,0,1,0,1,1,0,1,1
950006,0,1,0,1,0,1,1,0,1,0
950008,0,0,0,1,0,1,1,0,1,1
950009,0,0,0,1,0,1,1,0,1,1
950010,0,1,0,0,0,1,1,0,1,0
950011,0,0,0,0,0,1,0,0,1,0
950012,0,1,0,1,0,1,1,0,1,0
950013,0,1,0,1,0,1,1,0,1,0
950014,0,0,0,1,0,1,0,0,1,0
950015,0,0,0,0,0,1,0,0,1,0
950016,0,0,0,0,0,0,1,1,1,0
950017,0,1,0,1,0,0,1,1,1,0
950018,0,0,1,0,0,0,1,0,1,0
950019,0,0,0,0,0,0,1,0,1,0
951001,0,0,1,1,1,0,1,0,1,0
951002,0,1,0,1,1,1,0,0,1,0
951003,1,0,1,1,1,0,1,1,1,0
951004,0,0,0,1,1,0,1,0,1,0
951005,0,0,0,1,1,0,1,0,1,0
951006,0,0,0,1,0,1,0,0,1,0
951007,0,0,0,1,1,1,1,0,1,0
951008,0,0,0,1,1,1,1,0,1,1
951009,0,0,0,1,1,1,0,0,1,0
951010,0,0,0,1,1,1,0,0,1,0
951011,0,1,1,0,1,0,0,0,1,0
951012,0,0,0,1,1,0,0,0,1,0
951013,0,1,1,1,1,0,0,0,1,0
951014,0,0,0,1,1,0,1,0,1,0
951015,0,1,0,0,1,0,1,0,1,0
951016,0,0,0,0,0,0,0,0,1,0
951017,0,0,0,0,0,1,0,0,1,0
951018,0,1,0,1,1,0,1,0,1,1
951019,0,1,0,1,0,0,1,0,1,0
951020,0,1,0,1,0,1,1,0,1,0
952001,0,0,0,0,0,0,0,0,1,0
952002,0,0,0,1,0,0,0,0,1,0
952003,0,1,0,0,0,0,1,1,1,0
952004,0,1,0,1,0,0,0,1,1,0
952005,0,0,0,0,0,0,1,1,1,0
952006,0,0,0,0,0,0,0,1,1,0
952007,0,0,0,0,0,0,0,0,1,0
952008,0,0,0,0,0,0,0,0,1,0
952009,0,0,0,0,0,0,0,1,1,0
952010,0,0,0,0,0,0,0,0,1,0
952011,0,1,0,0,0,0,1,1,1,0
952012,0,0,0,0,0,0,0,0,1,0
952013,0,0,0,0,0,0,0,0,1,0
952014,0,0,0,1,0,0,1,1,1,1
952015,0,0,0,0,0,0,0,0,1,0
952016,0,0,0,0,0,0,1,1,1,0
952017,0,0,0,0,0,0,0,0,1,0
952018,0,0,0,0,0,0,0,0,1,0
952019,0,1,0,1,0,0,0,0,1,1
952020,0,1,0,0,0,0,1,1,1,1
953001,0,0,0,0,0,0,0,0,1,0
953002,0,1,0,1,0,0,0,1,1,0
953003,0,0,0,0,0,0,0,0,1,0
953004,0,0,0,0,0,0,0,0,1,0
953005,0,0,0,1,0,0,1,1,1,0
953006,0,0,0,0,0,0,0,1,1,0
953007,0,0,0,0,0,0,0,0,1,0
953008,0,0,0,0,0,0,0,0,1,0
953009,0,0,0,1,0,0,1,0,0,0
953010,0,0,0,0,0,0,1,0,1,1
953011,0,0,0,0,0,0,0,0,1,0
953012,0,0,0,1,0,0,0,0,1,0
953013,0,0,0,0,0,0,0,0,1,0
953014,0,0,0,1,0,0,0,0,1,0
953015,0,0,0,0,0,0,1,0,1,1
953016,0,0,0,0,0,0,0,0,1,0
953017,0,1,0,1,0,0,0,0,1,0
953018,0,0,0,0,0,0,0,0,1,0
953019,0,0,0,0,0,0,0,0,1,0
953020,0,0,0,0,0,0,1,1,1,0
954001,0,0,0,0,0,0,0,0,1,0
954002,0,0,0,0,0,0,0,0,1,0
954003,0,1,0,0,0,0,0,0,1,0
954004,0,0,0,0,0,0,0,0,1,0
954005,0,0,0,0,0,0,0,0,1,0
954006,0,0,0,0,0,0,0,0,1,0
954007,0,0,0,0,0,0,0,0,1,0
954008,0,0,0,0,0,0,0,0,1,0
954009,0,0,0,0,0,0,0,0,1,0
954010,0,0,0,1,0,0,0,0,1,0
954011,0,1,0,1,0,0,1,0,1,0
954012,0,0,0,0,0,0,0,0,1,0
954013,0,0,0,0,0,0,0,0,1,0
954014,0,0,0,0,0,0,1,0,1,0
954015,0,0,0,0,0,0,0,0,1,0
954017,0,0,0,0,0,0,0,0,1,0
954018,0,0,0,0,0,0,0,0,0,0
954019,0,0,0,0,0,0,0,0,1,0
954020,0,0,0,0,0,0,0,0,1,0
955001,0,0,0,0,0,0,1,0,1,0
955002,0,0,0,0,0,0,1,0,1,0
955003,0,1,0,0,0,0,0,1,1,0
955004,0,0,1,0,0,0,1,1,1,0
955005,0,0,0,1,0,0,0,0,1,0
955006,0,0,1,1,0,0,0,0,1,0
955007,0,0,0,1,0,1,0,1,1,1
955008,0,0,1,0,0,1,0,0,1,0
955009,0,1,1,1,0,0,0,1,1,1
955010,0,0,0,0,0,0,1,0,1,0
955011,0,1,0,0,0,0,0,0,1,0
955012,0,1,0,0,0,0,0,0,1,0
955013,0,1,1,0,0,0,0,0,1,0
955015,0,0,0,0,0,0,1,1,1,0
955016,0,0,0,1,1,0,1,1,1,1
955017,0,0,0,0,0,1,1,1,1,0
955018,0,0,0,0,0,0,0,0,1,0
955019,0,0,0,0,0,0,1,0,1,0
956001,0,0,0,0,1,1,1,0,1,0
956002,0,0,0,0,0,1,0,0,1,0
956003,0,0,1,1,0,0,0,0,1,0
956004,0,0,0,0,0,0,0,0,1,0
956005,0,0,0,0,0,0,0,0,1,0
956006,0,0,0,1,0,0,1,0,1,1
956007,0,0,1,0,0,0,0,0,1,0
956008,0,0,0,0,0,0,1,0,1,0
956009,0,1,0,0,0,0,1,0,1,0
956010,0,1,0,0,0,0,0,0,1,0
956011,0,1,0,1,0,0,1,0,1,0
956012,0,0,0,1,0,0,0,0,1,0
956013,0,1,0,0,0,0,1,0,1,0
956014,0,0,0,0,1,0,1,0,1,0
956015,1,0,0,0,0,0,0,0,1,0
956016,0,0,0,0,0,0,0,0,1,0
956017,1,0,0,0,0,0,0,0,1,0
956018,0,0,0,1,0,0,0,0,1,0
956019,0,1,0,0,0,1,1,1,1,0
956020,0,0,0,0,1,0,1,0,1,1
957002,0,1,0,0,0,0,0,1,1,0
957003,0,1,0,1,0,0,1,0,1,0
957004,0,1,1,1,0,0,1,0,1,0
957005,0,0,0,0,0,0,1,0,1,0
957006,0,0,1,0,0,0,1,0,1,0
957007,0,0,1,0,0,0,0,0,1,0
957008,0,0,0,1,0,0,1,0,1,0
957009,0,0,0,1,0,0,1,1,1,0
957010,1,0,0,0,0,0,0,0,1,0
957011,0,1,0,1,0,0,1,0,1,0
957012,0,0,0,0,0,0,1,0,1,0
957013,0,0,1,1,0,0,1,0,1,0
957014,0,0,0,0,0,0,0,0,1,0
957015,0,0,0,1,1,0,1,1,1,1
957016,0,1,0,1,0,1,1,1,1,0
957017,0,1,0,0,1,1,1,0,1,1
957018,0,0,0,0,0,0,0,0,1,0
957019,0,1,0,0,0,0,1,1,1,0
957020,0,0,1,1,0,0,1,0,1,0
958001,0,1,1,0,1,0,1,0,1,0
958002,1,1,0,1,0,0,1,0,1,0
958003,0,0,0,0,0,0,0,0,1,0
958004,0,1,0,1,0,0,1,0,1,0
958005,0,0,0,1,0,0,0,0,1,0
958006,0,0,0,1,0,0,0,0,0,0
958007,0,1,0,1,0,0,0,0,1,0
958008,0,0,0,0,0,0,0,0,1,0
958009,0,0,0,1,0,0,1,0,1,0
958010,0,1,1,1,0,0,1,0,1,1
958011,1,1,1,1,0,0,1,0,1,0
958012,0,1,0,1,0,0,1,0,1,0
958013,0,0,0,1,0,0,1,0,1,0
958014,0,0,0,1,0,0,1,0,1,0
958015,0,0,0,1,0,0,1,0,1,0
958016,0,1,0,0,0,0,1,0,1,0
958017,0,1,0,0,0,0,1,0,1,0
958018,0,1,0,0,0,0,1,0,1,0
958019,0,1,0,0,0,0,1,0,1,0
958020,0,0,0,0,0,0,1,0,1,0
959001,0,0,0,0,0,1,0,0,1,0
959002,0,1,0,1,1,0,1,1,1,0
959003,0,1,0,1,0,0,0,0,1,0
959004,0,1,0,1,0,0,1,1,1,1
959005,1,0,0,0,0,0,0,0,1,0
959006,0,0,0,0,1,1,1,0,1,1
959007,0,1,0,0,0,1,1,0,1,1
959008,0,1,0,0,0,0,0,1,1,1
959009,0,0,0,0,0,0,1,0,1,0
959010,0,1,0,0,0,0,1,0,1,1
959011,0,1,0,0,0,1,0,0,1,0
959012,0,1,0,0,0,0,1,0,1,0
959013,0,1,0,1,0,0,1,1,1,1
959014,0,1,0,1,0,1,1,0,1,1
959015,0,0,1,1,0,0,1,0,1,1
959016,0,1,1,1,0,0,1,0,1,1
959017,0,1,1,1,1,0,1,0,1,1
959018,0,1,0,1,1,1,1,0,1,1
959019,0,1,1,1,0,0,1,1,1,1
959020,0,0,1,1,0,0,1,0,1,0
960001,0,1,0,1,1,0,1,1,1,1
960002,0,0,0,1,1,0,1,1,1,1
960003,0,1,0,1,1,0,1,1,1,1
960004,0,1,0,1,1,0,1,1,1,1
960005,0,1,1,1,1,0,1,1,1,1
960006,0,1,1,1,1,0,1,1,1,1
960007,0,1,1,1,1,0,1,1,1,0
960008,0,0,0,1,1,0,1,1,1,0
960009,0,1,1,1,1,0,1,1,1,1
960010,0,1,1,1,1,0,1,1,1,1
960011,0,0,1,1,1,0,1,1,1,1
960012,0,1,0,1,1,0,1,1,1,1
960013,0,1,0,1,1,0,1,1,1,1
960014,0,0,1,1,1,0,1,1,1,1
960015,0,1,0,1,1,0,1,1,1,1
960016,0,0,0,1,1,1,1,1,1,1
960017,0,,0,1,1,1,1,1,1,1
960018,0,0,0,1,1,1,1,0,1,1
960019,0,0,1,1,1,1,1,1,1,0
960020,0,1,0,0,0,1,1,1,1,0
961001,0,1,0,1,1,0,1,1,1,0
961002,0,0,0,1,1,0,1,0,1,1
961003,0,1,1,1,0,0,1,0,1,1
961004,0,0,1,1,1,0,1,1,0,1
961005,0,1,1,1,1,0,1,0,1,1
961006,0,1,0,1,1,1,1,0,1,1
961007,0,0,0,1,1,1,1,1,1,0
961008,0,1,0,1,1,1,1,1,1,1
961009,0,0,0,1,1,1,1,1,1,1
961010,0,0,0,1,1,1,1,1,1,1
961011,0,0,0,0,1,0,1,0,1,1
961012,0,1,0,1,1,0,1,0,1,1
961013,0,0,0,1,1,0,1,0,1,0
961014,0,0,0,1,1,0,1,0,1,1
961015,0,0,0,0,1,0,1,0,1,0
961016,0,1,0,1,1,0,1,0,1,1
961017,0,0,0,1,1,0,1,0,1,1
961018,0,0,0,0,1,0,1,0,1,1
961019,0,1,0,1,1,0,1,0,1,1
961020,0,1,1,1,1,0,1,1,1,1
962001,0,1,0,0,1,1,1,0,1,1
962002,0,1,1,1,0,1,1,0,1,1
962003,0,0,0,1,1,1,1,1,1,1
962004,0,1,1,1,1,1,1,1,1,1
962005,0,0,1,0,1,1,1,0,1,0
962006,0,0,0,1,1,0,1,0,1,0
962007,1,1,0,1,1,1,1,1,1,1
962008,0,0,0,1,1,0,1,1,1,1
962009,0,0,0,1,1,0,1,1,1,1
962010,0,0,1,1,1,1,1,1,1,1
962011,0,1,0,1,0,1,1,1,1,1
962012,0,0,1,1,1,1,1,1,1,1
962013,0,0,0,1,1,1,1,1,1,1
962014,0,0,0,1,1,1,1,1,1,1
962015,0,1,0,1,1,1,1,1,1,1
962016,0,0,0,1,0,1,1,0,1,0
962017,0,1,0,1,1,1,1,1,1,1
962018,0,0,1,1,1,1,1,1,1,1
962019,0,1,0,1,1,1,1,1,1,0
962020,0,0,0,0,1,0,1,0,1,0
963001,0,1,1,0,1,1,1,1,1,1
963002,0,0,1,1,1,1,1,0,1,1
963003,0,1,0,1,1,1,0,0,1,0
963004,0,0,1,1,1,1,1,1,1,0
963005,1,0,0,1,0,1,1,1,1,0
963006,0,1,1,1,0,1,1,1,1,1
963007,0,0,0,1,1,1,1,1,1,1
963008,0,1,0,1,0,1,1,0,1,0
963009,0,0,0,0,0,1,0,0,1,0
963010,0,1,0,1,0,1,1,1,1,0
963011,0,0,0,1,1,0,1,1,1,1
963012,0,0,0,1,1,1,1,0,1,0
963013,0,0,0,1,1,1,1,0,1,0
963014,0,1,0,1,1,1,1,0,1,1
963015,0,0,0,1,1,0,1,0,1,0
963016,0,1,0,1,1,1,1,1,1,1
963017,0,0,0,1,1,1,1,0,1,1
963018,0,0,0,1,1,1,1,1,1,0
963019,0,1,0,0,1,1,1,0,1,0
963020,0,1,0,1,1,1,1,1,1,0
964001,0,1,0,1,1,0,1,0,1,1
964002,0,0,0,0,1,0,1,0,1,0
964003,0,0,0,1,1,1,1,0,1,0
964004,0,1,0,0,0,1,1,1,1,0
964005,0,0,0,0,0,1,1,0,1,0
964006,0,0,1,0,1,0,1,1,1,0
964007,0,0,1,1,1,0,1,1,1,0
964008,0,0,0,0,1,0,1,1,1,0
964009,0,0,0,1,1,0,1,1,1,0
964010,0,0,0,0,0,1,1,0,1,0
964011,0,0,0,1,0,1,1,0,1,0
964012,0,0,0,0,0,1,1,0,1,0
964013,0,0,0,0,0,1,1,0,1,0
964014,0,0,0,0,0,1,1,0,1,0
964015,0,0,0,1,1,0,1,0,1,0
964016,0,1,0,1,1,0,1,1,1,0
964017,0,1,0,0,0,0,1,0,1,0
964018,0,1,0,1,1,0,1,1,1,0
964019,0,0,0,1,0,0,1,1,1,1
964020,0,0,0,1,0,1,1,0,1,0
965001,0,1,0,1,0,0,1,0,1,1
965002,0,0,0,0,0,1,0,0,1,0
965003,0,1,0,0,0,1,0,0,1,0
965004,0,1,0,0,0,0,0,0,1,0
965005,0,0,0,0,0,0,1,0,1,0
965006,0,1,0,0,0,0,0,0,1,0
965007,0,0,0,0,0,0,1,1,1,0
965008,0,0,1,1,0,1,1,1,1,1
965009,0,0,0,1,0,1,1,1,1,1
965010,0,1,0,1,0,1,1,1,1,1
965011,0,0,0,1,0,1,1,0,1,0
965012,0,0,1,0,0,0,1,0,1,0
965013,0,1,0,0,0,0,0,0,1,0
965014,0,0,1,0,0,1,0,1,1,0
965015,0,0,0,0,0,0,0,0,1,0
965016,0,1,0,0,0,0,0,0,1,0
965017,0,0,0,1,0,1,0,0,1,1
965018,0,0,0,1,0,0,1,1,1,1
965019,0,1,0,1,0,1,0,1,1,0
965020,0,0,0,0,0,0,0,0,1,1
966001,0,0,0,0,0,0,0,0,1,0
966002,0,0,0,0,0,0,0,0,1,0
966003,0,0,0,0,0,0,1,0,1,0
966004,0,1,0,1,0,0,0,0,1,1
966005,0,1,0,1,0,0,0,0,1,0
966006,0,0,0,0,0,1,0,0,1,0
966007,0,0,0,1,0,1,0,0,1,1
966008,0,1,0,0,0,1,0,0,1,0
966009,0,0,0,0,1,1,0,0,1,0
966010,0,1,0,0,0,1,1,0,1,0
966011,0,0,0,0,0,1,0,0,1,1
966012,0,0,0,0,0,1,1,0,1,0
966013,0,1,0,1,0,1,0,0,1,1
966014,0,1,0,1,1,1,1,0,1,1
966015,0,1,0,0,0,1,0,0,1,0
966016,0,0,0,1,0,1,1,0,1,1
966017,0,0,0,0,0,1,0,0,1,0
966018,0,1,0,0,0,1,0,0,1,0
966019,0,1,0,0,0,0,0,0,1,1
966020,0,1,0,0,0,1,1,0,1,0
967001,0,0,0,0,1,0,1,0,1,1
967002,0,0,0,0,1,0,1,0,1,0
967003,0,1,0,0,1,0,0,0,1,0
967004,0,1,0,0,1,1,1,0,1,0
967005,0,1,0,1,1,1,1,0,1,0
967006,0,1,0,0,1,0,1,0,1,1
967007,0,0,1,0,1,0,1,1,1,1
967008,0,0,1,1,0,0,1,0,1,1
967009,0,1,0,0,0,0,0,0,1,0
967010,0,0,0,0,0,1,1,0,1,0
967011,0,1,0,0,1,0,0,1,1,1
967012,0,0,1,1,1,0,1,0,1,1
967013,0,1,0,0,0,1,1,0,1,1
967014,0,1,0,0,1,1,1,0,1,0
967015,0,0,0,1,0,0,0,0,1,0
967016,0,1,0,1,1,0,1,0,1,0
967017,0,1,0,0,1,1,1,0,1,1
967018,0,0,0,0,1,0,1,0,1,0
967019,0,1,1,0,1,0,1,0,1,0
967020,0,1,1,1,1,1,1,0,1,1
968001,0,0,0,1,0,1,1,0,1,0
968002,0,0,0,1,0,1,1,0,1,0
968003,0,1,0,0,0,1,0,0,1,0
968004,0,1,0,0,0,0,0,0,1,0
968005,0,0,0,1,0,0,1,1,1,1
968006,0,1,0,0,0,0,0,0,1,0
968007,0,0,0,1,0,1,0,0,1,1
968008,0,0,0,0,0,1,0,0,1,1
968009,0,1,0,1,0,1,1,0,1,0
968010,0,1,0,1,0,1,0,0,1,0
968011,0,0,0,1,0,1,1,0,1,0
968012,0,1,0,0,0,1,0,0,1,0
968013,0,0,1,0,0,1,1,0,1,0
968014,0,0,1,1,1,1,1,1,1,1
968015,0,0,0,0,0,1,1,0,1,0
968016,0,1,0,1,0,1,1,1,1,1
968017,0,0,0,1,0,0,1,0,1,0
968018,0,0,0,1,0,0,1,0,1,1
968019,0,0,0,1,1,1,1,0,1,0
968020,0,0,0,0,0,1,1,1,1,0
969001,0,1,0,0,1,0,1,1,1,1
969002,0,0,0,0,1,0,1,0,1,1
969003,0,0,0,0,1,0,0,0,1,1
969004,0,1,0,1,1,0,1,1,1,0
969005,0,0,0,1,0,0,1,0,1,0
969006,0,1,0,1,0,0,0,0,1,1
969007,0,1,0,0,1,0,0,0,1,0
969008,0,0,0,0,1,0,0,0,1,1
969009,0,1,0,0,1,0,0,0,1,0
969010,0,1,0,1,1,0,0,0,1,1
969011,0,1,0,1,0,0,1,0,1,1
969012,0,1,0,1,1,0,0,0,1,1
969013,0,0,0,1,0,0,0,0,1,0
969014,0,0,0,1,1,0,0,1,1,1
969015,0,1,0,0,1,1,0,0,1,0
969016,0,1,0,1,1,0,0,0,1,1
969017,0,0,0,0,1,1,0,0,1,0
969018,0,1,0,1,0,0,1,0,1,0
969019,0,1,0,0,0,0,0,0,1,0
969020,0,1,0,1,0,0,0,0,1,0
970001,0,1,0,0,0,0,0,0,1,1
970002,0,1,0,0,0,0,0,0,1,0
970003,0,1,1,1,0,0,0,0,1,1
970004,0,1,0,1,0,0,0,0,1,0
970005,0,0,0,1,0,1,0,0,1,0
970006,0,1,0,0,0,1,0,0,1,0
970007,0,1,0,1,0,1,0,0,1,1
970008,0,1,1,1,0,1,0,0,1,0
970009,0,0,0,0,0,1,0,0,1,0
970010,0,0,0,1,0,1,0,0,1,1
970011,0,0,0,0,0,1,0,0,1,0
970012,0,1,0,1,0,1,0,0,1,1
970013,0,1,0,1,1,1,1,0,1,1
970014,0,0,0,1,1,1,1,0,1,1
970015,0,0,0,1,0,1,0,1,1,1
970016,0,0,0,0,0,1,0,0,1,0
970017,0,1,0,1,0,1,0,0,1,1
970018,0,1,0,1,0,1,0,0,1,0
970019,0,1,0,1,0,1,0,0,1,0
970020,0,1,0,1,0,1,0,1,1,0
971001,0,0,1,0,0,0,1,0,1,0
971002,0,1,0,1,0,1,1,0,1,1
971003,0,0,0,0,0,1,1,1,0,1
971004,0,1,0,1,0,1,1,1,1,1
971005,0,0,0,1,0,1,1,1,1,1
971006,0,0,0,1,1,1,1,1,1,1
971007,0,1,0,1,1,0,1,1,1,0
971008,0,0,0,1,1,0,1,1,1,0
971009,0,0,0,1,1,0,1,0,1,0
971010,0,1,0,0,1,1,1,1,1,0
971011,0,0,0,1,1,0,1,0,1,1
971012,0,1,0,1,1,1,1,1,1,1
971013,0,0,0,1,1,1,1,1,1,1
971014,0,1,0,0,1,1,1,1,1,0
971015,0,0,1,0,0,1,1,1,1,1
971016,0,0,0,0,0,1,1,1,1,0
971017,0,0,0,1,1,1,1,1,1,1
971018,0,1,1,0,1,1,1,1,1,1
971019,0,0,0,1,0,1,1,0,1,0
971020,0,1,1,1,1,1,1,0,1,1
972001,0,0,0,1,0,0,1,0,1,1
972002,0,1,0,1,0,0,0,0,1,1
972003,0,0,1,0,0,0,0,0,1,0
972004,0,0,0,0,0,0,0,0,1,0
972005,0,1,0,0,0,0,0,0,1,0
972006,0,0,0,1,0,0,0,0,1,0
972007,0,1,0,0,0,0,0,0,1,0
972008,0,0,0,1,0,1,1,0,1,0
972009,0,1,0,1,0,1,1,0,1,1
972010,0,0,0,0,0,1,0,0,1,0
972011,0,1,0,1,0,0,0,0,1,0
972012,0,0,0,1,0,0,0,0,1,0
972013,0,1,0,1,0,0,0,0,1,0
972014,0,0,0,0,0,0,0,0,1,0
972015,0,0,0,0,0,1,0,0,1,1
972016,1,0,0,1,0,0,0,0,1,0
972017,0,0,0,0,0,0,0,0,1,0
972018,0,1,0,0,0,0,0,0,1,0
972019,1,1,0,1,0,1,0,0,0,0
972020,0,1,0,0,0,1,0,0,1,0
973001,0,0,0,0,0,0,0,0,1,0
973002,0,0,0,0,0,0,0,0,1,0
973003,0,0,0,0,0,0,0,0,1,0
973004,0,1,0,0,0,0,0,0,1,0
973005,0,0,0,0,0,0,0,0,1,0
973006,0,0,0,0,0,0,0,0,1,0
973007,0,1,0,0,0,0,0,0,1,0
973008,0,0,0,0,0,0,1,0,1,0
973009,0,0,0,0,0,0,1,0,1,0
973010,0,1,0,0,0,0,0,0,1,0
973011,0,1,0,0,0,0,0,0,1,0
973012,0,0,0,0,0,0,0,0,1,0
973013,0,0,0,0,0,0,0,0,1,0
973014,0,0,0,1,0,0,1,0,1,1
973015,0,0,0,1,0,0,0,0,1,0
973016,0,0,0,0,0,0,0,0,1,0
973017,0,0,0,0,0,0,0,0,1,0
973018,0,0,0,0,0,0,0,0,1,0
973019,0,0,0,0,0,0,0,0,1,0
973020,0,0,0,0,0,0,0,0,1,1
974001,0,1,0,0,0,0,0,0,1,0
974002,0,0,0,0,0,0,0,0,1,0
974003,0,0,0,0,0,0,1,0,0,0
974004,0,0,0,1,0,0,0,1,1,0
974005,0,1,0,1,0,0,0,1,1,1
974006,1,0,0,0,0,0,0,0,1,0
974007,0,0,0,0,0,0,0,0,1,1
974008,0,0,1,1,0,0,0,1,1,0
974009,0,1,1,1,0,0,0,1,1,1
974010,0,0,0,0,0,0,0,0,1,0
974011,0,0,1,0,0,0,0,0,1,0
974012,0,0,0,0,0,0,0,0,1,0
974013,0,0,0,0,0,0,0,0,1,0
974014,0,0,0,1,0,0,0,0,1,0
974015,0,0,0,0,0,0,0,0,1,0
974016,0,0,0,0,0,0,0,0,1,0
974017,0,0,1,0,0,0,0,0,1,0
974018,0,0,0,0,0,0,0,0,1,0
974019,0,0,0,0,0,0,0,0,1,1
974020,0,0,0,0,0,0,0,0,1,0
975001,0,0,0,0,0,0,0,0,1,0
975003,0,0,0,0,0,0,0,0,1,0
975004,0,0,0,0,0,0,0,1,1,0
975005,0,0,0,1,1,1,1,1,1,1
975006,0,0,0,0,0,0,0,0,1,0
975007,0,,0,0,0,0,1,0,1,0
975008,0,1,0,0,0,0,0,0,1,0
975009,0,0,0,0,0,0,0,0,1,0
975010,0,0,0,0,0,0,0,1,1,0
975011,0,0,0,0,0,0,0,1,1,0
975012,0,0,0,0,0,0,0,1,1,0
975013,0,0,1,1,0,1,0,0,1,0
975014,0,0,0,1,0,0,1,0,1,1
975015,0,0,1,0,0,0,0,0,1,0
975016,0,0,0,0,0,0,1,0,1,0
975018,0,0,0,0,0,0,0,0,1,0
975019,0,0,0,0,0,0,0,0,1,1
975020,0,0,1,1,0,0,1,0,1,0
976001,0,0,0,0,0,0,0,0,1,0
976002,0,1,0,0,0,0,0,0,1,0
976003,0,0,0,0,0,0,0,1,1,0
976004,0,1,0,0,0,0,1,0,1,0
976005,0,0,1,0,0,0,0,0,1,0
976006,0,0,1,0,0,0,0,0,1,0
976007,0,0,0,1,0,0,0,0,1,0
976008,0,,0,0,0,0,0,0,1,1
976009,0,1,0,0,0,0,0,1,1,0
976010,0,1,0,1,0,0,0,0,1,0
976011,0,0,0,0,0,0,0,0,1,0
976012,0,0,0,1,0,1,0,0,1,0
976013,0,1,0,1,0,1,0,0,1,0
976014,0,0,0,0,0,0,0,1,1,0
976015,0,0,0,1,0,0,0,0,1,0
976016,0,0,0,0,0,0,0,0,1,0
976017,0,1,0,1,0,0,0,0,1,0
976018,0,0,0,0,0,0,0,0,1,0
976019,0,0,0,0,0,0,0,0,1,0
976020,0,0,0,1,0,0,1,1,1,0
977001,0,0,0,0,0,0,0,0,1,0
977002,0,0,0,0,0,0,0,0,1,0
977003,0,0,0,0,0,1,0,1,1,0
977004,0,1,1,1,0,0,0,0,1,0
977005,0,0,0,0,0,0,1,0,1,0
977006,0,0,0,1,0,0,0,1,1,1
977007,0,1,0,0,0,0,0,1,1,0
977008,0,0,0,0,0,0,0,0,1,0
977009,0,0,0,0,0,0,0,0,1,0
977010,1,0,0,0,0,0,0,0,1,0
977011,0,0,0,0,0,0,0,0,1,0
977012,0,0,0,0,0,0,0,1,1,1
977013,0,0,1,1,0,0,0,1,1,0
977014,0,0,0,0,0,0,0,0,1,0
977015,0,0,0,0,0,0,1,0,1,0
977016,0,0,1,0,0,0,0,0,1,0
977017,0,0,0,0,0,0,0,0,1,0
977018,0,0,0,0,0,0,0,0,1,0
977019,0,0,0,0,0,0,0,0,1,0
977020,0,0,0,0,0,0,0,0,1,0
978001,0,0,0,0,0,0,0,1,0,0
978002,0,0,0,0,0,0,1,1,1,0
978003,0,0,0,0,0,0,0,1,1,0
978004,0,0,1,0,0,0,0,0,1,0
978005,0,0,0,0,0,0,0,0,0,0
978006,0,1,0,0,0,0,1,0,1,0
978007,0,0,1,0,0,0,1,1,1,1
978008,0,0,0,0,0,0,0,0,1,0
978009,0,0,0,0,0,0,0,0,1,0
978010,0,0,0,0,0,0,0,0,1,0
978011,0,0,0,0,0,0,0,0,1,0
978012,0,0,0,0,0,0,0,0,1,0
978013,0,0,0,0,0,0,0,0,1,0
978015,0,0,0,0,0,0,0,0,1,0
978017,0,0,1,0,0,0,0,0,1,0
978018,0,0,0,0,0,0,0,0,1,0
978019,0,0,1,1,0,0,0,0,1,0
978020,0,0,0,1,0,0,1,0,1,0
979001,0,1,1,1,0,0,0,1,1,0
979002,0,0,0,0,0,0,0,0,1,0
979003,0,0,0,0,0,0,0,0,1,0
979004,0,0,0,0,0,0,0,0,1,0
979005,0,1,0,0,0,0,0,1,1,0
979006,0,1,0,1,0,0,1,1,1,1
979007,0,0,0,0,0,0,0,0,1,0
979008,0,0,0,0,0,0,0,0,1,0
979009,0,1,0,0,0,0,0,0,1,0
979010,0,0,0,0,0,0,0,0,0,0
979012,0,0,0,0,0,0,0,0,1,0
979013,0,0,0,1,0,0,0,0,1,0
979014,0,1,0,0,0,1,1,0,1,0
979015,0,0,0,0,0,0,0,0,1,0
979016,0,0,0,0,0,0,0,0,1,0
979017,0,0,1,0,0,0,0,0,1,0
979018,0,0,0,0,0,0,0,0,1,0
979019,0,0,0,0,0,0,0,0,1,0
979020,0,0,0,1,0,0,1,1,1,1
980001,0,0,0,0,0,0,0,0,1,0
980002,0,0,0,1,0,0,1,0,1,0
980003,0,0,1,1,0,0,0,1,1,0
980004,0,0,0,0,0,0,0,0,1,0
980005,0,0,0,1,0,0,0,1,1,0
980006,0,0,0,0,0,1,0,1,1,0
980007,0,0,0,0,0,0,0,0,1,0
980008,0,0,0,0,0,0,0,0,1,0
980009,0,0,0,0,0,0,0,0,1,0
980011,0,0,0,0,0,0,0,0,1,0
980012,0,0,0,0,0,1,0,1,1,0
980013,0,0,0,0,0,0,0,0,1,0
980014,0,0,0,1,0,0,0,0,1,0
980015,0,0,0,0,0,0,0,0,1,0
980016,0,0,0,0,0,0,0,0,1,0
980017,0,0,0,0,0,0,0,0,1,0
980018,0,0,0,1,0,0,0,0,1,1
980019,0,0,0,0,0,0,0,1,1,0
980020,0,0,0,0,0,0,0,0,1,0
981001,0,0,0,1,0,0,0,1,1,1
981002,1,1,0,1,0,0,0,0,1,0
981003,0,0,0,0,0,0,0,0,1,0
981004,0,0,1,1,0,0,1,0,1,0
981005,0,0,0,1,0,0,1,0,1,0
981006,0,0,0,0,0,0,0,0,1,0
981007,0,0,0,0,0,0,0,0,1,0
981008,0,0,0,0,0,0,0,0,1,1
981009,0,0,0,0,0,0,0,0,1,0
981010,1,1,1,0,0,1,1,1,1,0
981011,0,0,1,0,0,0,0,0,1,0
981012,0,0,0,0,0,1,0,0,1,0
981013,0,1,1,1,0,0,0,0,1,0
981014,0,1,0,0,0,0,0,1,1,0
981016,0,0,0,0,0,1,0,0,1,1
981017,0,0,1,0,0,1,0,0,1,0
981018,0,1,0,0,0,1,0,0,1,0
981019,0,0,1,0,0,1,0,0,1,0
981020,0,0,0,0,0,0,0,0,1,0
982001,0,0,0,0,0,0,0,1,1,0
982002,0,1,1,0,0,1,0,1,1,0
982003,0,0,0,0,0,0,1,1,1,0
982004,0,1,0,0,0,1,1,1,1,0
982005,0,0,0,0,0,1,0,0,1,0
982006,0,0,0,1,0,1,1,1,1,0
982007,0,0,1,0,0,1,0,1,1,0
982008,0,1,0,0,0,1,0,0,1,0
982009,0,0,1,0,0,1,0,1,1,0
982010,0,0,0,0,0,1,0,0,1,0
982011,0,1,0,1,0,1,1,1,1,0
982012,0,1,1,0,0,1,0,0,1,0
982013,0,0,1,1,0,1,0,0,1,0
982014,0,1,0,1,0,1,0,0,1,0
982015,0,1,1,0,0,1,0,0,1,0
982016,0,0,0,0,0,1,0,0,1,0
982017,0,0,0,0,0,0,0,0,1,0
982018,0,0,0,1,0,1,1,0,1,0
982019,0,1,0,0,0,1,0,0,1,0
982020,0,0,0,0,0,1,1,1,1,0
983001,0,0,0,0,0,1,0,0,1,0
983002,0,0,0,1,0,0,0,0,1,0
983003,0,1,0,0,0,0,0,0,1,0
983004,0,0,0,1,0,0,0,1,1,1
983005,0,0,0,1,0,0,0,1,1,1
983006,0,1,0,1,0,0,0,0,1,0
983007,0,1,0,0,0,0,0,0,1,0
983008,0,0,0,1,0,0,0,0,1,0
983009,0,1,0,1,0,0,0,0,1,0
983010,0,0,0,1,0,0,0,0,1,1
983011,0,0,0,1,0,1,1,1,1,1
983012,0,1,0,1,0,0,0,0,1,0
983013,0,0,0,0,0,0,0,0,1,0
983014,0,0,0,1,0,0,0,1,1,0
983015,0,0,1,0,0,0,0,0,1,0
983016,0,1,0,0,0,0,0,1,1,0
983017,0,1,0,0,0,0,0,1,1,0
983018,0,0,1,1,0,1,0,0,1,0
983019,0,0,1,1,0,1,0,0,1,0
983020,0,0,0,1,0,1,1,1,1,1
984001,0,1,0,1,0,0,0,0,1,0
984002,0,0,1,1,0,0,0,0,1,1
984003,0,0,0,0,0,0,0,0,1,0
984004,0,1,0,0,0,0,0,1,1,0
984005,0,0,0,0,0,0,0,0,1,0
984006,0,1,0,1,0,0,0,0,1,0
984007,0,0,0,0,0,0,0,1,1,1
984009,0,1,0,1,0,0,0,0,1,0
984010,0,1,1,1,0,0,0,0,1,0
984011,0,0,0,0,0,0,0,0,1,0
984012,0,1,0,1,0,0,1,0,1,0
984013,0,0,1,0,0,0,0,0,1,0
984014,0,0,0,0,0,0,0,1,1,0
984015,0,0,0,0,0,0,0,0,1,0
984016,0,1,0,1,0,0,1,0,1,0
984017,0,0,0,1,0,0,0,0,1,0
984018,0,1,0,1,0,0,1,0,1,0
984019,0,0,0,1,0,0,1,0,1,1
984020,0,1,0,1,0,0,1,0,1,0
985001,0,0,0,0,0,0,0,0,1,0
985002,0,0,1,0,0,0,0,0,1,0
985003,0,0,1,0,0,0,0,1,1,0
985004,0,0,0,1,0,0,1,1,1,1
985005,0,0,1,0,0,0,1,0,1,0
985006,0,0,1,1,0,0,0,0,1,0
985007,0,1,0,0,0,0,0,0,1,1
985008,0,1,0,1,0,1,0,0,1,0
985009,0,0,0,0,0,0,0,0,1,0
985010,0,0,0,0,0,0,0,0,1,0
985011,0,1,1,1,0,0,0,1,1,0
985012,0,0,0,0,0,1,1,0,1,1
985013,0,0,0,1,0,0,1,0,1,0
985014,0,0,0,1,0,0,0,0,1,1
985015,0,0,1,1,0,0,0,0,1,0
985016,0,0,1,1,1,1,0,1,1,1
985017,0,0,1,1,0,0,0,0,1,0
985018,0,1,0,1,0,0,0,0,1,0
985019,0,1,0,0,0,0,1,1,1,0
985020,1,1,1,0,0,0,1,1,1,0
987001,0,0,0,0,0,0,0,0,1,0
987002,0,0,0,0,0,0,0,0,1,0
987003,0,1,0,0,0,0,0,0,1,0
987004,0,1,0,1,0,0,0,0,1,0
987005,0,0,1,0,0,0,0,1,1,0
987006,0,0,0,0,0,0,0,0,1,0
987007,0,0,0,1,0,0,0,0,1,0
987008,0,0,0,0,0,0,1,0,1,0
987009,0,1,0,0,0,0,0,0,1,0
987010,0,0,0,0,0,0,0,1,1,0
987011,0,0,0,0,0,0,0,0,1,0
987012,0,0,0,0,0,0,0,0,1,0
987013,0,0,0,0,0,0,0,0,1,0
987014,0,0,0,0,0,0,0,0,1,0
987015,0,0,0,0,0,0,0,0,1,0
987016,0,0,0,1,0,0,0,1,1,0
987017,0,1,0,0,0,0,0,0,1,0
987018,0,0,0,0,0,0,0,0,1,0
987019,0,1,0,0,0,0,0,1,1,0
987020,0,0,0,0,0,0,0,0,1,0
988001,0,0,1,0,0,0,0,0,1,0
988002,0,0,0,0,0,0,0,0,1,0
988003,0,0,0,1,0,0,0,0,1,0
988004,0,0,0,1,0,0,0,0,1,0
988005,0,1,0,0,0,0,1,0,1,0
988006,0,0,0,0,0,0,0,0,1,0
988007,0,1,0,1,0,0,1,0,1,0
988008,0,0,0,0,0,0,0,0,1,0
988009,0,1,0,0,0,0,0,0,1,0
988010,0,0,0,1,0,0,0,0,1,0
988011,0,0,0,0,0,0,0,0,1,0
988012,0,1,0,1,0,0,1,0,1,1
988013,0,0,0,0,0,0,0,0,1,0
988014,0,0,0,0,0,0,0,0,1,0
988015,0,0,0,1,0,0,0,0,1,0
988016,0,0,0,0,0,0,0,0,1,0
988017,0,0,0,1,0,0,1,0,1,0
988018,0,0,0,0,0,0,1,0,1,0
988019,0,0,0,0,0,0,0,0,1,0
988020,0,0,0,0,0,0,0,0,1,0
989001,0,0,0,0,0,0,0,0,1,0
989002,0,0,0,0,0,0,0,0,1,0
989003,0,0,1,0,0,0,0,0,1,0
989004,0,1,0,0,0,0,0,0,1,0
989005,0,0,0,1,0,0,0,0,1,0
989006,0,0,0,0,0,0,0,0,1,0
989007,0,0,0,1,0,0,0,0,1,0
989008,0,0,0,0,0,0,0,0,1,0
989009,0,0,0,0,0,0,0,0,1,0
989010,0,1,0,0,0,0,0,0,1,0
989011,0,0,0,0,0,0,0,1,1,0
989012,0,0,0,0,0,0,0,1,1,0
989013,0,0,0,0,0,0,1,0,1,0
989014,0,1,0,1,0,0,0,0,1,0
989015,0,1,0,1,0,0,1,0,1,0
989016,0,0,0,0,0,0,1,0,1,0
989017,0,0,0,0,0,0,0,0,1,0
989018,0,0,0,1,0,0,1,0,1,0
989020,0,0,0,0,0,0,1,0,1,1
990001,0,1,1,1,0,0,0,0,1,0
990002,0,0,1,0,0,0,0,0,1,0
990003,0,1,0,0,0,0,0,0,1,0
990004,0,0,1,0,0,0,0,0,1,0
990005,1,1,0,1,0,0,0,1,1,0
990006,0,1,0,1,0,0,0,0,1,1
990007,0,1,1,0,0,0,0,1,1,0
990008,0,0,0,0,0,0,0,0,1,0
990009,0,1,0,1,0,0,0,0,1,0
990010,0,0,0,1,0,0,0,0,1,0
990011,0,0,0,0,0,0,0,0,1,0
990012,0,0,0,0,0,0,0,0,1,0
990013,0,0,0,1,0,0,0,0,1,0
990014,0,0,0,1,0,0,0,1,1,0
990015,0,0,0,0,0,0,0,1,1,1
990016,0,0,0,1,0,0,0,1,1,1
990017,0,1,0,1,0,0,0,1,1,0
990018,0,1,0,1,0,0,0,1,1,0
990019,1,1,0,0,0,0,0,0,1,1
990020,0,1,0,0,0,0,0,0,1,1
991001,0,1,0,0,0,0,0,0,1,0
991002,0,0,0,0,0,1,0,0,1,1
991003,0,1,0,1,0,1,0,0,1,0
991004,0,0,0,0,0,0,0,0,1,0
991005,0,0,0,1,0,0,0,1,1,0
991006,0,1,0,0,0,0,0,0,1,0
991007,0,1,0,1,0,0,0,0,1,0
991008,0,0,1,1,0,0,0,0,1,0
991009,0,1,0,0,0,0,1,0,1,1
991010,0,0,1,1,0,0,0,0,1,0
991011,0,0,0,1,0,1,0,0,1,0
991012,0,0,1,0,0,1,0,0,1,0
991013,0,1,0,1,0,0,0,0,1,0
991014,0,0,0,0,0,0,0,0,1,0
991015,0,1,1,1,0,1,0,0,1,1
991016,0,0,0,0,0,0,0,0,1,0
991017,0,0,0,1,0,0,0,0,1,0
991018,0,0,0,0,0,0,0,0,1,0
991019,0,1,0,0,0,0,0,0,1,0
991020,0,1,0,1,0,0,1,0,1,0
992001,0,0,0,0,0,0,0,0,0,0
992002,0,0,0,0,0,0,0,0,0,0
992003,0,0,0,0,0,0,0,0,1,0
992004,0,0,0,0,0,0,0,0,0,0
992005,0,0,0,1,0,0,0,0,0,0
992006,0,0,0,0,0,0,0,0,0,0
992007,0,0,0,0,0,0,0,1,1,0
992008,0,0,0,0,0,0,0,0,1,0
992009,0,0,0,1,0,0,0,0,1,0
992010,0,0,0,0,0,0,0,0,1,0
992011,0,0,0,1,0,0,0,0,1,0
992012,0,0,0,0,0,0,0,0,1,0
992013,0,0,0,0,0,0,0,0,1,0
992014,0,0,0,0,0,0,0,0,1,0
992015,0,0,0,0,0,0,0,0,0,0
992016,0,0,0,0,0,0,0,0,1,0
992017,0,0,0,0,0,0,0,0,0,0
992018,0,0,0,0,0,0,0,0,1,0
992019,0,0,0,0,0,0,0,0,1,0
992020,0,0,0,0,0,0,0,0,1,0
993001,0,0,0,0,0,0,0,0,1,0
993002,0,0,0,0,0,0,0,0,1,0
993004,0,0,0,0,0,0,0,0,1,0
993009,0,0,0,0,0,0,0,0,0,0
993010,0,0,0,0,0,0,0,0,1,0
993011,0,0,0,0,0,0,0,0,0,0
993012,0,1,0,0,0,0,0,0,1,0
993013,0,0,0,0,0,0,0,0,1,0
993014,0,0,0,0,0,0,0,0,1,0
993016,0,0,0,0,0,0,0,0,1,0
993017,0,1,0,1,0,0,0,0,1,0
993018,0,0,0,0,0,0,0,0,1,0
993019,0,0,0,0,0,0,0,0,0,0
994001,0,0,0,0,0,0,0,0,1,0
994002,0,0,0,0,0,0,0,0,0,0
994003,0,0,0,0,0,0,0,0,1,0
994004,0,,0,0,0,0,0,0,1,0
994005,0,0,0,0,0,0,0,0,1,0
994006,0,0,0,0,0,0,0,0,1,0
994007,0,0,0,0,0,0,0,0,1,0
994009,0,0,0,0,0,0,0,0,1,0
994010,0,0,0,0,0,0,0,0,1,0
994011,0,0,0,0,0,0,0,0,1,0
994012,0,0,0,0,0,0,0,0,0,0
994014,0,0,0,0,0,0,0,0,1,0
994015,0,0,0,0,0,0,0,0,1,0
994016,0,0,0,0,0,0,0,0,1,0
994017,0,0,0,0,0,0,0,0,1,0
994018,0,0,0,0,0,0,0,0,1,0
994019,0,0,0,0,0,0,0,0,1,0
994020,0,0,0,0,0,0,0,0,0,0
995001,0,0,0,0,0,0,0,0,1,0
995002,0,0,0,0,0,0,1,0,1,0
995003,0,0,0,0,0,0,0,0,1,0
995004,0,,0,0,0,0,0,0,1,0
995005,0,1,0,0,0,0,0,0,1,0
995006,0,0,0,0,0,0,0,0,1,0
995007,0,0,1,0,0,1,1,0,1,0
995008,0,0,0,0,0,1,1,0,1,0
995009,0,0,0,0,0,0,1,0,1,0
995010,0,0,0,0,0,0,0,0,1,0
995011,0,0,0,0,0,0,0,0,1,0
995012,0,0,0,0,0,0,0,0,1,0
995013,0,0,0,0,0,0,0,0,1,0
995014,0,0,0,0,0,0,0,0,1,0
995015,0,0,0,0,0,0,0,0,1,0
995016,0,0,0,0,0,0,1,0,1,0
995017,0,0,0,0,0,0,0,0,1,0
995018,0,0,0,0,0,0,1,0,1,0
995019,0,0,0,0,0,0,0,0,1,0
995020,0,0,0,0,0,0,0,0,0,0
996001,0,0,0,0,0,0,0,0,1,0
996002,0,0,0,0,0,0,0,0,1,0
996003,0,0,0,0,0,0,0,0,1,0
996004,0,0,0,0,0,0,0,0,1,0
996005,0,0,0,0,0,0,0,0,1,0
996006,0,0,0,0,0,0,0,0,0,0
996007,0,0,0,0,0,0,0,0,0,0
996008,0,,0,0,0,0,0,0,1,0
996009,0,0,0,0,0,0,0,0,1,0
996010,0,0,0,0,0,0,0,0,1,0
996011,0,0,0,0,0,0,0,0,1,0
996012,0,0,0,0,0,0,0,0,1,0
996013,0,0,0,0,0,0,0,0,1,0
996015,0,0,0,0,0,0,0,0,1,0
996016,0,0,1,0,0,0,0,0,1,0
996017,0,0,0,0,0,0,0,0,1,0
996018,0,0,0,0,0,0,0,0,1,0
996019,0,0,0,0,0,0,0,0,1,0
996020,0,,0,0,0,0,1,0,1,0
997001,0,0,0,0,0,0,0,1,1,0
997002,0,0,0,0,0,0,0,0,1,0
997004,0,0,0,0,0,0,0,1,1,0
997005,0,0,0,0,0,0,0,0,1,0
997006,0,0,0,0,0,0,0,0,1,0
997007,0,0,0,0,0,0,0,0,1,0
997008,0,0,0,0,0,0,0,0,1,0
997009,0,0,0,0,0,0,0,0,1,0
997010,0,0,0,0,0,0,0,0,1,0
997011,0,0,0,0,0,0,0,0,1,0
997012,0,0,0,0,0,0,0,0,1,0
997013,0,0,0,0,0,0,0,0,0,0
997014,0,0,1,0,0,0,0,0,1,0
997015,0,0,0,0,0,0,0,0,1,0
997016,0,0,0,0,0,0,0,0,1,0
997017,0,0,0,0,0,0,0,0,1,0
997018,0,0,1,0,0,0,0,0,1,0
997019,0,0,0,0,0,0,0,0,1,0
997020,0,0,0,0,0,0,0,0,0,0
998001,0,0,0,0,0,0,0,0,1,0
998002,0,1,0,0,0,0,0,0,1,0
998003,0,0,0,0,0,0,0,0,1,0
998004,0,0,0,1,0,1,0,0,1,0
998005,0,0,0,0,0,0,0,0,1,0
998006,0,0,0,0,0,0,0,0,1,0
998007,0,0,0,0,0,0,0,0,1,0
998008,0,1,0,0,0,0,0,0,1,0
998009,0,0,0,0,0,0,0,0,1,0
998010,0,0,0,0,0,0,0,0,1,0
998011,0,0,0,0,0,0,0,0,1,0
998012,0,0,0,0,0,0,0,0,1,0
998013,0,0,0,0,0,0,0,0,1,0
998014,0,0,0,0,0,0,0,0,1,0
998015,0,0,0,0,0,0,0,0,1,0
998016,0,0,0,0,0,0,0,0,1,0
998017,0,0,0,0,0,0,0,0,1,0
998018,0,0,0,0,0,0,0,0,1,0
998019,0,0,0,0,0,0,0,0,0,0
998020,0,0,0,0,0,0,0,0,1,0
999001,0,0,0,1,0,0,0,0,1,0
999002,0,0,0,0,0,0,0,0,1,0
999003,0,0,0,0,0,0,1,1,1,0
999004,0,1,0,0,0,0,0,0,1,0
999005,0,1,0,1,0,0,0,0,1,0
999006,0,0,0,0,0,0,1,0,1,0
999007,0,0,0,0,0,0,0,0,0,0
999008,0,0,1,0,0,0,0,0,1,0
999009,0,0,0,0,0,0,0,1,1,0
999010,0,0,0,0,0,0,0,0,1,0
999011,0,0,0,0,0,0,0,0,1,0
999012,0,0,0,0,0,0,0,0,1,0
999013,0,0,1,1,0,0,0,0,1,0
999014,0,0,0,0,0,0,0,0,1,0
999015,0,0,0,0,0,0,0,0,1,0
999016,0,0,0,0,0,0,0,0,1,0
999017,0,0,0,0,0,0,0,0,1,0
999018,0,0,0,0,0,0,0,0,1,0
999019,0,0,0,1,0,0,0,0,1,0
999020,0,0,0,0,0,0,0,0,1,0
1000001,0,0,0,0,0,0,0,0,1,0
1000002,0,0,0,0,0,0,0,0,1,0
1000003,0,0,0,0,0,0,0,0,1,0
1000004,0,0,0,0,0,0,1,0,1,0
1000005,0,0,0,1,0,1,0,0,1,0
1000007,1,0,1,0,0,0,0,0,1,0
1000008,0,0,0,0,0,0,0,0,1,0
1000010,0,1,0,1,0,0,0,0,1,0
1000011,0,0,0,0,0,0,0,1,1,1
1000012,0,0,0,0,0,0,0,0,1,0
1000013,0,0,0,0,0,0,0,0,1,0
1000014,0,0,0,0,0,0,0,0,1,0
1000015,0,0,0,0,0,0,0,0,1,0
1000016,0,0,0,0,0,0,0,0,1,0
1000017,0,0,0,0,0,0,1,0,1,0
1000018,0,0,0,0,0,0,1,1,1,0
1000019,0,0,0,0,0,0,0,0,1,0
1000020,0,0,1,1,0,0,0,0,1,0
1001001,0,0,0,1,0,0,0,1,1,0
1001002,0,0,0,0,0,1,1,1,1,0
1001003,0,0,0,1,0,0,1,1,1,1
1001004,0,1,0,0,0,1,0,0,1,0
1001005,0,0,0,0,0,0,0,0,0,0
1001006,0,0,0,1,0,0,0,0,1,0
1001007,0,0,0,0,0,0,0,1,1,0
1001008,0,0,1,1,0,0,1,1,1,1
1001009,0,1,0,1,0,0,0,0,1,0
1001010,0,1,0,0,0,0,0,0,1,0
1001011,0,0,1,1,0,1,1,1,1,0
1001012,0,0,0,1,0,1,1,1,1,1
1001013,0,0,1,0,0,0,1,1,1,0
1001014,0,0,0,1,0,0,0,0,1,0
1001015,0,0,1,0,0,0,1,1,1,0
1001016,0,0,0,0,0,0,1,1,1,0
1001018,0,0,1,0,0,1,0,0,1,0
1001019,0,0,0,1,0,0,1,1,1,1
1001020,0,0,0,0,0,0,0,0,1,0
1002001,0,0,1,1,0,0,0,0,0,0
1002002,0,0,0,0,0,0,0,0,1,0
1002003,0,0,0,1,0,0,0,0,1,0
1002004,0,0,0,0,0,0,0,0,1,0
1002005,0,0,0,1,0,0,0,0,1,0
1002006,0,0,1,1,0,0,0,0,1,0
1002007,0,0,1,0,0,0,0,1,1,0
1002008,0,0,0,0,0,0,0,0,1,0
1002009,0,0,1,1,0,0,0,1,1,0
1002010,0,0,0,0,0,0,0,0,1,0
1002011,0,0,0,1,0,0,0,0,1,1
1002012,0,0,0,1,0,0,0,0,1,0
1002013,0,0,0,0,0,0,0,0,1,0
1002014,0,0,0,0,0,0,0,0,0,0
1002015,0,0,0,0,0,0,1,0,1,0
1002016,0,0,1,0,0,0,0,0,1,1
1002017,0,0,0,0,0,1,1,0,1,1
1002018,0,1,1,0,1,0,1,0,1,1
1002019,0,1,0,0,0,0,1,0,1,1
1003001,0,0,0,1,0,0,0,0,1,0
1003002,0,0,0,0,0,1,0,0,1,0
1003003,0,0,0,0,0,0,0,0,1,0
1003004,0,0,0,1,0,0,1,0,1,0
1003005,0,0,0,0,0,0,0,0,1,0
1003006,0,1,0,0,0,0,0,0,1,0
1003007,0,0,0,0,0,0,0,0,1,0
1003008,0,0,1,0,0,0,0,0,1,0
1003009,0,0,0,0,0,0,0,0,1,0
1003010,0,0,0,0,0,0,0,0,1,0
1003011,0,0,0,0,0,0,0,0,1,0
1003012,0,0,0,0,0,0,0,0,1,0
1003013,0,1,0,0,0,0,0,0,1,0
1003014,0,0,0,0,0,0,1,1,1,0
1003016,0,0,0,0,0,0,0,0,1,0
1003017,0,1,0,0,0,0,0,0,1,0
1003018,0,0,1,0,0,0,0,0,1,0
1003019,0,0,0,0,0,0,0,0,1,0
1003020,0,0,0,1,0,0,0,0,1,0
1004001,0,0,0,0,0,0,0,1,1,0
1004002,0,0,0,0,0,0,0,0,1,0
1004003,0,0,0,0,0,0,0,0,1,0
1004004,0,0,0,1,1,0,1,1,1,0
1004005,0,0,0,0,0,0,0,0,1,0
1004006,0,0,0,0,0,0,1,1,1,0
1004007,0,0,0,0,0,0,0,0,1,0
1004008,0,0,0,0,0,0,0,0,1,0
1004009,0,0,0,0,0,0,0,0,1,0
1004010,0,0,0,0,0,0,0,0,1,0
1004011,0,0,0,1,0,0,0,0,1,0
1004012,0,0,0,0,0,0,0,0,1,0
1004013,0,0,0,0,0,0,0,0,1,0
1004014,0,0,0,0,0,0,0,0,1,0
1004015,0,0,0,0,0,0,0,0,1,0
1004016,0,0,0,0,0,0,0,0,1,0
1004017,0,0,0,0,0,0,0,0,1,0
1004018,0,0,0,0,0,0,0,0,1,0
1004019,0,1,0,0,0,0,0,0,1,0
1004020,0,0,0,1,0,0,0,0,1,0
1005001,0,0,0,0,0,0,0,0,1,0
1005002,0,0,0,0,0,0,0,0,1,0
1005003,0,0,0,0,0,0,0,0,1,0
1005005,0,0,0,0,0,0,0,0,1,0
1005006,0,0,0,0,0,0,0,0,1,0
1005007,0,1,1,0,0,0,0,0,1,0
1005008,0,0,0,0,0,0,0,0,1,0
1005009,0,0,0,0,0,0,0,0,1,0
1005010,0,0,0,0,0,0,0,0,1,0
1005011,0,0,0,1,0,0,0,0,1,0
1005012,0,0,0,0,0,1,0,0,1,0
1005013,0,0,0,0,0,0,0,0,1,0
1005014,0,0,0,0,0,0,0,0,1,0
1005015,0,0,0,0,0,0,0,0,1,0
1005016,0,0,1,1,0,0,0,0,1,0
1005017,0,0,0,0,0,0,1,0,1,0
1005018,0,0,0,0,0,0,0,0,1,0
1005019,0,0,0,0,0,0,0,0,1,0
1005020,0,0,0,0,0,0,0,0,1,0
1006001,0,0,0,0,0,0,1,0,1,0
1006002,0,1,0,0,0,0,0,1,1,0
1006003,0,0,0,0,0,0,0,0,1,0
1006004,0,0,0,0,0,0,0,0,1,0
1006005,0,0,0,1,0,0,0,0,1,0
1006006,0,0,0,0,0,0,1,0,1,0
1006007,0,0,0,0,0,0,0,0,1,0
1006008,0,0,0,0,0,0,0,0,1,0
1006009,0,0,0,0,0,0,0,0,1,0
1006010,0,0,0,0,0,0,0,0,1,0
1006011,0,0,0,0,0,0,0,0,1,0
1006012,0,0,0,0,0,0,0,0,1,0
1006013,0,0,0,0,0,0,0,0,1,0
1006014,0,0,0,0,0,0,0,0,1,0
1006015,0,0,0,0,0,0,0,0,1,0
1006016,0,0,0,0,0,0,0,0,1,0
1006017,0,0,0,0,0,0,0,0,1,0
1006018,0,0,0,0,0,0,0,0,1,0
1006019,0,0,0,0,0,0,0,0,1,0
1006020,0,0,0,0,0,0,0,0,1,0
1007001,0,0,0,0,0,1,0,0,1,0
1007002,0,0,0,0,0,0,0,0,1,0
1007003,0,0,0,0,0,0,0,0,1,0
1007004,0,0,0,1,0,0,0,0,1,0
1007005,0,0,0,0,0,0,1,0,1,0
1007006,0,0,0,0,0,0,0,0,1,0
1007007,0,0,0,1,0,1,0,0,1,0
1007008,0,0,0,0,0,0,0,0,1,0
1007009,0,0,0,1,0,0,0,0,1,0
1007010,0,0,0,0,0,0,1,0,1,0
1007011,0,0,0,0,0,0,0,0,1,0
1007013,0,0,0,0,0,0,0,0,1,0
1007014,0,0,0,0,0,0,0,0,1,0
1007016,0,0,0,1,0,0,0,0,1,0
1007017,0,0,0,0,0,0,0,0,1,0
1007018,0,0,0,0,0,0,0,0,0,0
1007019,0,0,0,1,0,0,1,0,1,0
1007020,0,0,0,0,0,0,0,0,1,0
1008001,0,0,0,0,0,1,0,0,1,0
1008002,0,0,0,0,0,0,1,0,1,0
1008003,0,0,0,0,0,0,1,0,1,0
1008004,0,0,0,0,0,0,0,0,1,0
1008005,0,0,0,0,0,1,0,0,1,0
1008006,0,0,0,0,1,0,0,0,1,1
1008007,0,0,1,0,0,0,0,1,1,0
1008008,0,0,0,1,0,0,1,0,1,0
1008009,0,0,0,0,0,0,1,1,1,0
1008010,0,0,0,0,0,0,1,0,1,0
1008011,0,0,0,0,0,0,0,0,1,0
1008012,0,0,0,0,0,1,0,0,1,0
1008013,0,0,0,0,0,1,1,0,1,1
1008014,0,0,0,0,0,0,0,0,1,0
1008015,0,1,0,0,0,1,1,0,1,0
1008016,0,0,0,0,0,0,1,1,1,0
1008017,0,0,0,1,0,1,1,0,1,0
1008018,0,0,1,1,0,0,1,1,1,0
1008019,0,0,0,0,0,0,1,0,1,0
1008020,0,0,0,0,0,0,1,0,1,0
1009001,0,0,0,0,0,0,0,0,1,0
1009002,0,0,0,0,0,0,0,0,1,0
1009004,0,0,0,0,0,0,0,0,1,0
1009005,0,0,0,0,0,0,0,0,1,0
1009006,0,0,0,0,0,0,0,0,1,0
1009007,0,0,0,0,0,0,0,0,1,0
1009008,0,0,0,0,0,0,0,0,1,0
1009009,0,0,0,0,0,0,0,0,1,0
1009010,0,0,0,1,0,0,0,0,1,0
1009011,0,0,0,0,0,0,0,0,1,0
1009012,0,0,0,0,0,0,0,0,1,0
1009013,0,0,0,0,0,0,0,0,1,0
1009014,0,0,0,0,0,0,0,0,1,0
1009015,0,1,0,0,0,0,0,0,1,0
1009017,0,0,0,0,0,0,0,0,1,0
1009018,0,0,0,0,0,0,0,0,1,0
1009019,0,0,0,0,0,0,0,0,1,0
1009020,0,0,0,0,0,0,0,0,1,0
1010001,0,0,0,0,0,0,0,0,1,0
1010002,0,0,0,0,0,0,0,0,1,0
1010003,0,0,0,1,0,0,0,0,1,0
1010004,0,1,0,0,0,0,0,0,1,0
1010005,0,0,0,0,0,0,0,0,1,0
1010006,0,0,0,0,0,0,0,0,1,0
1010008,0,1,0,0,0,0,1,0,1,0
1010010,0,0,0,0,0,0,0,0,1,0
1010011,0,0,0,0,0,0,0,0,1,0
1010012,0,0,0,0,0,0,0,0,1,0
1010013,0,0,0,0,0,0,0,0,1,0
1010014,0,0,0,0,0,0,0,0,1,0
1010015,0,0,0,0,0,0,0,0,1,0
1010016,0,1,0,0,0,0,0,0,1,0
1010017,0,0,0,0,0,1,0,0,1,0
1010018,0,0,0,0,0,0,0,1,1,0
1010019,0,0,0,0,0,0,0,0,1,0
1010020,0,0,0,0,0,0,0,0,1,0
1011001,0,1,0,0,0,0,0,0,1,0
1011002,0,0,0,0,0,0,1,0,1,0
1011003,1,0,0,1,0,0,1,0,1,0
1011004,0,,0,0,0,0,1,0,1,0
1011005,0,0,0,0,0,0,1,0,1,0
1011006,0,0,1,0,0,0,0,0,1,0
1011007,0,1,0,0,0,0,1,1,1,0
1011008,0,1,0,0,0,0,0,1,1,0
1011009,0,0,0,0,0,0,0,0,1,0
1011010,0,0,0,0,0,0,1,1,1,0
1011011,0,0,0,0,0,0,0,0,1,0
1011013,0,0,0,0,0,0,0,0,1,1
1011014,0,0,0,0,0,0,0,0,1,0
1011015,0,0,1,1,0,0,1,0,1,0
1011016,0,0,0,0,0,0,0,1,1,0
1011017,0,0,0,0,0,0,1,0,1,0
1011018,0,0,0,0,0,0,1,0,1,0
1011019,0,0,0,0,0,0,0,0,1,0
1011020,0,0,0,0,0,0,1,0,1,0
1012001,0,,0,0,0,0,1,0,1,0
1012002,0,0,0,0,0,0,0,0,1,0
1012003,0,0,0,0,0,0,1,0,1,0
1012004,0,1,0,0,0,0,1,0,1,0
1012005,0,0,0,0,0,1,1,0,1,0
1012006,0,0,0,1,0,1,1,0,1,1
1012007,0,0,0,0,0,0,1,1,1,0
1012008,0,1,0,0,0,1,1,0,1,0
1012009,0,0,0,0,0,1,0,0,1,0
1012010,0,0,0,0,0,0,0,1,1,0
1012011,0,0,0,0,0,1,0,0,1,0
1012012,0,0,0,1,0,0,1,0,1,0
1012013,0,1,0,1,0,0,0,0,1,0
1012014,0,0,0,0,0,0,1,0,1,0
1012015,0,0,0,1,0,0,0,0,1,0
1012016,0,0,0,0,0,0,1,0,1,0
1012017,0,,0,0,0,1,1,0,1,0
1012018,0,0,0,1,0,0,0,0,1,0
1012019,0,0,0,1,0,0,0,0,1,0
1012020,0,1,0,0,0,0,1,0,1,0
1013001,0,0,0,1,0,0,1,0,1,0
1013002,0,1,0,1,0,0,1,1,1,1
1013003,0,0,0,0,0,0,1,0,1,0
1013004,1,1,1,0,0,0,1,1,1,0
1013005,0,0,0,0,0,0,1,0,1,0
1013006,1,0,1,1,0,0,1,0,1,0
1013007,0,,1,1,0,0,1,1,1,1
1013008,0,1,1,0,0,0,1,1,1,0
1013009,0,0,1,1,0,0,1,0,0,0
1013010,0,1,0,1,0,0,1,0,1,1
1013011,0,1,0,1,0,0,1,1,1,1
1013012,0,0,1,1,0,0,1,1,1,0
1013013,0,0,1,0,0,0,1,0,1,0
1013014,0,0,0,1,0,0,1,0,1,0
1013015,0,0,0,0,0,0,1,0,1,0
1013016,0,0,1,0,0,0,1,0,1,0
1013017,0,0,0,1,0,0,1,0,1,0
1013018,1,1,1,0,0,0,1,0,1,0
1013019,0,0,0,0,0,0,1,0,0,0
1013020,0,0,0,0,0,0,1,0,1,1
1014001,0,1,1,1,0,0,1,1,1,0
1014002,0,1,0,0,0,0,0,1,1,0
1014003,0,0,0,0,0,0,1,0,1,0
1014004,0,0,0,0,0,0,0,0,1,0
1014005,0,0,0,0,0,0,1,0,1,0
1014006,0,0,0,0,0,0,0,0,1,0
1014007,0,0,0,0,0,0,1,1,1,0
1014008,0,0,0,0,0,0,0,0,1,0
1014009,0,0,0,1,0,0,0,0,1,0
1014010,0,0,0,0,0,0,0,0,1,0
1014011,0,0,1,1,0,0,1,0,1,0
1014012,0,0,0,1,0,0,0,0,1,0
1014013,1,0,0,1,0,0,0,0,1,0
1014014,0,0,0,0,0,0,0,0,1,0
1014015,0,0,0,0,0,0,0,0,1,0
1014016,0,1,0,0,0,0,0,0,1,0
1014017,0,1,1,0,0,0,1,1,1,0
1014018,0,0,0,0,0,0,0,0,1,0
1014019,0,0,0,0,0,0,0,0,1,0
1014020,0,0,0,0,0,0,0,0,1,0
1015001,0,0,0,1,0,0,0,0,1,0
1015002,0,0,1,0,0,0,1,0,1,0
1015003,0,0,0,1,0,0,1,1,1,0
1015004,0,0,0,0,0,0,0,0,1,0
1015005,0,1,0,0,0,0,0,0,1,0
1015006,0,0,0,0,0,0,1,0,1,0
1015007,0,0,0,1,0,0,1,0,1,0
1015008,0,1,0,0,0,0,1,0,1,0
1015009,1,0,0,0,0,0,0,0,1,0
1015010,0,0,0,0,0,0,0,0,1,0
1015011,0,0,0,0,0,0,1,1,1,0
1015012,0,0,0,0,0,0,0,0,1,0
1015013,0,0,0,0,0,0,1,0,1,0
1015014,0,1,0,1,0,0,1,1,1,0
1015015,0,0,0,0,0,0,0,0,1,0
1015016,0,0,0,0,0,0,0,0,1,0
1015017,0,0,0,0,0,0,1,1,1,0
1015018,0,1,0,1,0,0,1,1,1,0
1015019,0,0,0,0,0,0,0,0,1,0
1015020,0,0,0,0,0,0,1,0,1,0
1016001,0,0,0,0,0,0,0,0,1,0
1016002,0,1,0,0,0,0,1,0,1,0
1016003,0,1,0,1,0,0,1,0,1,0
1016004,1,0,1,0,0,0,1,0,1,0
1016005,0,1,0,1,0,0,1,0,1,0
1016006,0,0,0,0,1,0,1,1,1,1
1016007,0,1,0,0,0,0,1,0,1,0
1016008,0,0,0,1,0,0,1,0,1,0
1016009,0,0,0,1,0,0,1,0,1,0
1016010,0,0,0,0,0,0,1,0,1,0
1016011,0,1,0,1,0,0,1,0,1,0
1016012,0,0,0,0,0,0,1,0,1,0
1016013,0,0,0,0,0,0,1,0,1,0
1016014,0,0,0,0,0,0,0,0,1,0
1016015,0,0,0,0,0,0,0,0,1,0
1016016,0,0,0,1,0,0,1,0,1,0
1016017,0,0,0,0,0,0,0,0,1,0
1016018,0,0,0,0,0,0,0,0,1,0
1016019,0,0,0,1,0,1,1,0,1,0
1016020,0,0,0,0,0,0,0,0,1,0
1017001,0,0,0,0,0,0,1,0,1,0
1017002,0,1,0,0,0,0,0,0,1,0
1017003,0,1,0,0,0,0,0,0,1,0
1017004,0,0,0,0,0,0,0,0,1,0
1017005,0,0,0,0,0,0,0,0,1,0
1017006,0,0,0,0,0,0,0,0,1,0
1017008,0,0,1,1,0,0,0,0,1,0
1017009,0,1,0,0,0,0,0,0,1,0
1017010,0,1,0,0,0,0,0,0,1,0
1017011,0,0,1,1,0,0,0,0,1,0
1017012,0,0,0,0,0,0,0,0,1,0
1017013,0,0,0,0,0,1,0,0,1,0
1017014,0,0,0,0,0,0,0,0,1,0
1017015,0,0,0,0,0,0,1,0,1,0
1017016,0,1,0,0,0,0,0,0,1,0
1017017,0,0,0,0,0,0,0,0,1,0
1017018,0,0,0,0,0,1,1,0,1,0
1017019,0,1,0,0,0,0,0,0,0,0
1017020,0,0,0,1,0,0,0,0,1,0
1018001,0,0,0,0,0,0,1,0,1,0
1018002,0,0,0,1,0,0,1,0,1,0
1018003,0,0,0,1,0,0,0,0,1,0
1018004,0,0,0,1,0,0,1,0,1,0
1018005,0,1,0,0,0,0,1,0,1,0
1018006,0,0,0,1,0,0,1,0,1,0
1018007,0,1,0,1,1,1,1,0,1,1
1018008,1,1,1,1,0,0,1,0,1,0
1018009,0,0,0,0,0,0,0,0,1,0
1018010,0,1,0,1,0,0,1,0,1,0
1018011,0,1,1,0,0,0,1,0,1,0
1018012,0,1,0,0,0,0,0,0,1,0
1018013,0,0,0,1,0,0,1,0,1,0
1018014,0,1,0,0,0,0,1,0,1,0
1018015,0,0,0,1,0,0,1,0,1,1
1018016,0,0,0,1,0,0,1,0,1,0
1018017,0,0,0,1,0,0,0,0,1,1
1018018,0,0,0,1,1,1,1,0,1,1
1018019,0,0,0,0,0,0,1,0,1,0
1018020,0,0,0,1,0,0,1,0,1,0
1019001,0,0,1,1,0,0,1,0,1,0
1019003,0,0,1,1,0,0,1,0,1,0
1019004,0,0,0,0,0,0,0,0,1,0
1019005,0,0,0,0,0,0,0,0,1,0
1019006,0,1,0,1,0,1,1,0,1,0
1019007,0,0,1,0,0,0,0,0,1,0
1019008,0,1,0,0,0,0,0,0,1,0
1019009,0,0,0,0,0,0,1,0,1,0
1019010,0,0,0,0,0,0,0,0,1,0
1019011,0,0,0,0,0,0,0,0,1,0
1019012,0,1,0,,1,0,1,0,1,0
1019013,0,0,1,1,0,0,1,0,1,0
1019014,0,1,0,0,0,0,0,0,1,0
1019015,0,1,0,0,0,0,0,0,1,0
1019016,0,0,1,0,0,0,1,1,1,0
1019017,0,0,0,0,0,0,0,0,1,0
1019018,0,0,0,0,0,0,1,1,1,0
1019019,0,0,0,0,0,0,0,0,1,0
1019020,0,0,0,0,0,0,0,0,1,0
1020001,0,0,0,0,0,0,0,0,1,0
1020002,0,0,0,0,0,0,0,0,1,0
1020003,0,0,0,0,0,0,0,0,1,0
1020004,0,0,0,1,0,1,0,0,1,0
1020005,0,0,0,0,0,0,1,0,1,0
1020006,0,0,0,0,0,0,0,0,0,0
1020007,0,1,0,0,0,0,1,0,1,0
1020008,0,0,0,0,0,0,0,0,1,0
1020009,0,0,0,0,0,0,1,1,1,0
1020010,0,0,0,1,1,1,1,1,1,1
1020011,0,0,0,0,0,0,0,0,1,0
1020012,0,0,1,0,1,0,1,1,1,0
1020013,0,0,0,0,0,0,1,0,1,0
1020014,0,0,0,0,1,0,1,0,1,0
1020015,0,0,0,0,0,1,1,0,1,0
1020016,0,0,0,0,0,0,1,0,1,0
1020017,0,0,0,1,0,0,1,1,1,0
1020018,0,0,0,0,0,0,0,0,0,0
1020019,0,0,0,1,1,0,1,1,1,0
1020020,0,0,0,0,0,0,0,0,1,0
1021001,0,0,0,0,1,0,0,0,1,1
1021002,0,0,0,0,0,0,0,0,1,0
1021003,0,0,0,0,0,0,0,1,1,0
1021004,0,0,0,0,0,0,0,0,1,0
1021005,0,0,0,0,0,0,0,0,1,0
1021006,0,0,0,0,0,0,0,1,1,0
1021007,0,0,0,0,0,0,0,0,1,0
1021008,0,0,0,0,0,0,0,0,1,0
1021009,0,0,0,0,0,1,0,0,1,0
1021010,0,0,0,0,0,0,0,0,1,0
1021011,0,0,0,0,0,0,0,0,1,0
1021012,0,0,1,0,0,0,1,0,1,0
1021013,0,0,0,1,0,0,0,0,1,0
1021014,0,0,0,1,0,0,0,0,1,0
1021015,0,0,0,0,0,0,0,0,1,0
1021016,0,1,0,0,0,0,0,0,1,0
1021017,1,0,1,0,0,0,0,0,1,0
1021018,0,0,0,0,0,0,1,0,1,0
1021019,0,0,0,0,0,0,0,0,1,0
1021020,0,0,0,0,0,0,0,0,0,0
1022001,0,0,0,0,0,0,0,0,1,0
1022002,0,0,0,0,0,0,0,0,1,0
1022003,0,0,0,0,0,0,0,0,1,0
1022004,0,0,0,0,0,0,1,0,1,0
1022005,0,0,0,0,0,0,0,0,1,0
1022006,0,0,0,0,0,0,0,0,1,0
1022007,0,0,0,0,0,0,0,0,1,0
1022008,0,1,0,0,0,0,0,0,1,0
1022009,0,0,0,1,0,0,0,0,1,0
1022010,0,0,0,0,0,0,0,0,1,0
1022012,0,0,0,0,0,0,0,0,1,0
1022013,0,0,0,0,0,0,0,0,1,0
1022014,0,0,0,1,0,0,1,0,1,1
1022015,0,0,0,0,0,0,0,0,1,0
1022016,0,0,0,0,0,0,0,1,1,0
1022017,0,0,0,1,1,0,1,1,1,0
1022018,0,1,0,0,0,0,0,0,1,0
1022019,0,0,0,0,0,0,1,0,1,0
1022020,0,0,0,0,0,0,0,0,1,0
1023001,0,0,0,0,0,0,1,0,1,0
1023002,0,0,0,0,0,0,1,0,1,0
1023003,0,0,0,0,0,0,0,0,1,0
1023004,0,0,0,0,0,1,1,0,1,0
1023005,0,0,0,0,0,0,0,0,1,0
1023006,0,1,0,1,0,0,0,0,1,0
1023007,0,1,0,1,0,1,1,0,1,0
1023008,0,0,0,0,0,0,0,0,1,0
1023009,0,1,0,1,0,0,0,0,1,0
1023010,0,0,1,0,0,1,1,0,1,0
1023011,0,0,0,0,0,0,1,0,1,0
1023012,0,1,0,0,0,0,0,0,1,0
1023013,0,0,0,1,0,0,1,0,1,0
1023014,0,1,0,0,0,1,1,0,1,0
1023015,0,0,0,0,0,0,0,0,1,0
1023016,0,0,0,1,0,1,1,0,1,0
1023017,0,0,0,0,0,0,0,0,1,0
1023018,0,0,1,0,0,0,1,0,1,0
1023020,0,1,0,1,0,1,1,0,1,0
1024001,0,0,0,0,0,0,0,0,1,0
1024002,0,1,0,0,0,0,0,0,1,0
1024003,0,0,1,0,0,0,0,0,1,0
1024004,0,0,0,1,0,0,0,0,1,0
1024005,0,0,0,0,0,0,0,0,1,0
1024006,0,0,0,0,0,0,0,0,1,0
1024007,0,0,0,0,0,0,0,0,1,0
1024008,0,0,0,0,0,0,0,0,1,0
1024009,0,0,1,1,0,0,0,0,1,0
1024010,0,0,0,0,0,0,0,0,1,0
1024011,0,0,0,1,0,0,1,1,1,1
1024012,0,0,0,0,0,0,0,0,1,0
1024013,0,0,0,1,0,0,0,0,1,0
1024014,0,1,0,0,0,0,0,0,1,0
1024015,0,0,0,0,0,0,0,0,1,0
1024016,0,0,0,0,0,0,1,0,1,0
1024017,0,0,0,0,0,0,0,0,1,0
1024018,0,0,0,0,1,0,1,1,1,1
1024019,0,0,0,0,0,0,0,0,1,0
1024020,1,0,0,0,0,0,0,0,1,0
1025001,0,1,0,0,0,0,0,0,1,0
1025002,0,0,0,0,0,0,0,0,1,0
1025003,0,0,0,1,0,0,0,0,1,0
1025004,0,0,0,1,0,0,1,1,1,0
1025005,0,1,1,0,0,0,0,0,1,0
1025006,0,0,0,0,0,0,0,0,1,0
1025007,0,0,1,0,0,0,0,0,1,0
1025008,0,0,0,0,0,0,1,0,1,0
1025009,0,0,0,0,0,0,0,0,1,0
1025010,0,1,0,0,0,0,1,0,1,0
1025012,0,0,0,0,0,1,1,0,1,0
1025013,0,1,0,1,0,1,0,0,1,0
1025014,0,0,0,0,0,1,0,0,1,0
1025015,0,0,0,0,0,1,1,0,1,0
1025016,0,0,0,0,0,0,0,0,1,0
1025017,0,0,1,0,0,0,1,0,1,0
1025018,0,0,0,1,0,1,0,0,1,0
1025019,0,0,0,1,0,0,0,0,1,0
1025020,0,0,0,0,0,0,0,0,1,0
1026001,0,0,0,1,0,0,0,0,1,0
1026002,0,0,0,0,0,0,0,0,1,0
1026003,0,0,0,1,0,0,0,0,1,0
1026004,0,0,0,0,0,0,0,0,1,0
1026005,0,0,0,1,0,0,0,0,1,0
1026006,0,1,0,1,0,0,0,0,1,0
1026008,0,0,1,1,0,0,1,1,1,0
1026009,0,0,0,0,0,0,0,0,1,0
1026010,0,1,0,0,0,0,0,0,1,0
1026011,0,1,0,1,0,0,1,0,1,0
1026012,0,0,0,0,0,0,0,0,1,0
1026013,0,0,1,0,0,0,0,0,1,0
1026014,0,0,0,1,0,0,0,1,1,0
1026015,0,0,0,0,0,0,0,0,1,0
1026016,0,0,0,0,0,0,1,0,1,0
1026017,0,0,0,0,0,0,0,0,1,0
1026018,0,0,0,1,0,0,0,0,1,0
1026019,0,0,0,1,0,0,0,0,1,0
1026020,0,0,0,1,1,1,1,0,1,0
1027001,0,0,0,0,0,0,0,0,1,0
1027002,0,0,0,1,0,0,0,0,1,0
1027003,0,0,0,1,0,0,0,0,1,0
1027004,0,0,0,1,0,0,0,0,1,0
1027005,0,0,0,,0,0,0,0,1,0
1027006,0,1,0,0,1,1,0,0,1,1
1027007,0,0,0,1,0,0,1,0,1,0
1027008,0,0,0,1,0,1,1,0,1,0
1027009,0,1,1,1,0,1,1,0,1,0
1027010,0,0,0,1,0,0,0,0,1,0
1027011,0,0,0,1,0,0,0,0,1,0
1027012,0,0,0,0,0,1,1,0,1,0
1027013,0,0,0,0,0,0,1,0,1,0
1027014,0,0,0,0,0,0,0,0,1,0
1027015,0,0,0,0,0,0,0,0,1,0
1027016,0,0,0,1,1,1,1,0,1,0
1027017,0,0,0,0,0,0,1,0,1,0
1027018,0,0,1,1,1,1,1,1,1,1
1027019,0,0,0,1,0,0,0,0,1,0
1027020,0,0,1,1,1,1,1,0,1,1
1028002,0,0,0,0,0,0,0,0,1,0
1028003,0,0,0,1,0,0,0,0,1,0
1028004,0,0,0,0,0,0,0,0,1,0
1028006,0,0,0,1,0,0,0,0,1,0
1028007,1,0,0,0,0,0,0,0,1,0
1028008,0,0,0,0,0,0,0,0,1,0
1028009,0,0,0,0,0,0,0,0,1,0
1028010,0,0,0,0,0,0,0,0,1,0
1028011,0,0,0,0,0,0,0,0,1,0
1028012,0,0,0,0,0,0,1,0,1,0
1028013,0,1,0,0,0,0,1,0,1,0
1028014,0,0,0,1,0,0,0,0,1,0
1028015,0,0,1,0,0,0,0,0,1,0
1028016,0,1,0,1,0,0,0,0,1,0
1028017,0,0,0,0,0,0,0,0,1,0
1028018,0,0,0,0,0,0,0,0,1,0
1028019,0,0,0,1,0,0,0,0,1,0
1028020,0,0,0,0,0,0,0,0,1,0
1029001,0,0,0,0,0,0,0,0,1,0
1029002,0,0,0,0,0,0,1,0,1,0
1029003,0,0,1,1,0,0,0,0,1,0
1029004,0,0,0,0,0,0,0,0,1,0
1029005,0,0,0,0,0,0,0,0,1,0
1029006,0,1,0,0,0,0,0,0,1,0
1029007,0,0,0,1,0,0,1,0,1,0
1029008,0,0,0,1,0,0,1,0,1,0
1029009,0,0,0,0,0,0,0,0,1,0
1029010,0,0,1,1,0,0,1,1,1,1
1029011,0,0,1,0,0,0,0,0,1,0
1029012,0,0,0,0,0,0,0,0,1,0
1029013,1,0,0,0,1,0,1,0,1,1
1029014,0,0,0,1,0,0,0,0,1,0
1029015,0,0,0,0,0,0,1,0,1,0
1029016,0,0,0,0,0,0,0,0,1,0
1029017,0,0,0,0,0,0,0,0,1,0
1029018,0,0,1,0,0,0,0,0,1,0
1029019,0,0,1,1,0,0,1,0,1,0
1029020,0,0,0,1,0,0,0,0,1,0
1030001,0,0,1,0,0,0,0,0,1,0
1030002,0,0,1,0,0,0,1,0,1,0
1030003,0,0,0,0,0,0,0,0,1,0
1030004,0,0,0,0,0,0,0,0,1,0
1030005,0,1,0,0,0,1,0,0,1,0
1030006,0,0,0,0,0,0,1,0,1,0
1030007,0,1,1,0,0,0,1,0,1,0
1030008,0,0,0,1,0,0,1,0,1,0
1030009,0,0,0,1,0,0,0,0,1,0
1030010,0,0,0,1,0,0,1,0,1,0
1030011,0,0,0,0,0,0,1,0,1,0
1030012,0,0,0,0,0,0,0,0,1,0
1030013,0,0,0,0,0,0,0,0,1,0
1030014,0,0,0,0,0,0,0,0,1,0
1030015,0,0,0,1,0,0,0,0,1,0
1030016,0,1,0,0,0,0,0,0,1,0
1030017,0,0,0,1,0,0,1,0,1,0
1030018,0,0,0,0,0,0,0,0,1,0
1030019,0,0,0,1,0,0,0,0,1,0
1030020,0,0,1,0,0,0,0,0,1,0
1031001,0,0,0,0,0,0,1,0,1,0
1031002,0,0,1,0,0,1,1,0,1,0
1031003,0,0,0,1,0,0,1,0,1,0
1031004,0,0,0,0,0,0,0,0,1,0
1031005,0,0,0,0,0,0,0,0,1,0
1031006,0,0,0,0,0,0,0,0,1,0
1031007,0,0,1,0,0,0,1,0,1,0
1031008,0,0,0,1,0,0,0,0,1,0
1031009,0,0,0,0,0,0,0,0,1,0
1031010,0,0,0,1,0,0,0,0,1,0
1031011,0,1,0,1,0,0,0,0,1,0
1031012,0,0,0,1,0,0,0,0,1,0
1031013,0,0,0,0,0,0,0,0,1,0
1031014,0,0,1,0,0,1,0,0,1,0
1031015,0,0,0,0,0,0,0,0,1,0
1031016,0,0,0,0,0,0,0,0,1,0
1031017,0,0,0,0,0,0,1,0,1,0
1031018,0,0,0,1,0,0,0,0,1,0
1031019,0,0,0,0,0,0,0,0,1,0
1031020,0,0,0,1,0,0,0,0,1,0
1032001,1,0,0,0,0,0,0,0,1,0
1032002,0,0,0,0,0,0,0,0,1,0
1032003,0,0,0,0,0,0,0,0,1,0
1032004,0,0,0,1,0,0,1,0,1,0
1032005,0,0,0,0,0,0,0,0,1,0
1032006,0,1,0,0,0,0,0,0,1,0
1032007,0,0,0,1,0,0,0,0,1,0
1032008,0,0,0,0,0,0,0,0,1,0
1032009,0,0,0,1,0,0,0,0,1,0
1032010,0,1,0,0,0,0,0,0,1,0
1032011,0,0,0,0,0,0,0,0,1,0
1032012,0,0,0,0,0,0,0,0,1,0
1032013,0,0,0,0,0,0,0,0,1,0
1032014,0,0,0,0,0,0,0,0,1,0
1032015,0,0,0,0,0,0,0,0,1,0
1032016,0,0,0,1,0,0,0,0,1,0
1032017,0,0,0,0,0,0,0,0,1,0
1032018,0,0,0,0,0,0,0,0,1,0
1032020,0,0,0,0,0,0,0,0,1,0
1033001,0,0,0,0,0,0,0,0,1,0
1033002,0,0,0,1,0,0,0,0,1,0
1033003,0,0,0,0,0,0,1,0,1,0
1033004,0,0,0,0,0,0,0,0,1,0
1033005,0,0,0,0,0,0,0,0,1,0
1033006,0,0,0,0,0,0,0,0,1,0
1033007,0,0,0,0,0,0,0,0,1,0
1033008,0,0,0,0,0,0,0,0,1,0
1033009,0,0,0,0,0,0,0,0,1,0
1033010,0,0,1,0,0,0,0,0,1,0
1033011,0,0,0,0,0,0,0,0,1,0
1033012,0,0,0,0,0,0,0,0,1,0
1033013,0,0,0,0,0,0,1,0,1,0
1033014,0,0,0,0,0,0,0,0,1,0
1033015,0,0,0,0,0,0,0,0,1,0
1033016,0,0,0,1,0,0,1,1,1,0
1033017,0,0,0,0,0,0,0,0,1,0
1033018,0,0,0,0,0,0,0,0,1,0
1033019,0,0,0,1,0,0,0,0,1,0
1033020,0,0,0,1,0,0,0,0,1,0
1034001,0,0,0,1,0,0,0,0,1,0
1034002,0,0,0,0,0,0,0,0,1,0
1034003,0,0,0,0,0,0,0,0,1,0
1034004,0,1,0,1,0,0,1,0,1,0
1034005,0,0,0,0,0,0,0,0,1,0
1034006,0,0,0,0,0,0,0,0,1,0
1034007,0,0,0,0,0,0,0,0,1,0
1034008,0,0,0,0,0,0,0,0,1,0
1034009,0,0,0,1,0,0,0,0,1,0
1034010,0,0,0,0,0,0,0,0,1,0
1034011,0,0,0,1,0,0,1,0,1,0
1034012,0,0,0,0,0,0,0,0,1,0
1034013,0,0,0,0,0,0,0,0,0,0
1034014,0,0,0,0,0,0,0,0,1,0
1034015,0,0,1,0,0,0,0,0,1,0
1034016,0,0,0,0,0,0,0,0,1,0
1034017,0,0,0,0,0,0,0,0,1,0
1034018,0,0,0,0,0,0,0,0,1,0
1034019,0,0,1,0,0,0,0,0,1,0
1034020,0,0,0,0,0,0,0,0,1,0
1035001,0,0,0,0,0,0,0,0,1,0
1035002,0,0,0,1,0,0,0,0,1,0
1035003,0,1,0,0,0,0,0,0,1,0
1035004,0,0,0,1,0,0,0,0,1,0
1035005,0,1,0,1,0,0,0,0,1,0
1035006,0,0,1,0,0,0,0,1,1,0
1035007,0,0,0,0,0,0,0,0,1,0
1035008,0,0,1,1,0,0,1,0,1,0
1035009,0,0,0,0,0,0,0,0,1,0
1035010,0,0,0,0,0,0,0,0,1,0
1035011,0,0,0,0,0,0,0,0,1,0
1035012,0,0,0,0,0,0,0,0,1,0
1035013,0,0,0,0,0,0,0,0,1,0
1035014,0,0,0,0,0,0,1,1,1,0
1035015,0,0,0,1,0,0,0,0,1,0
1035016,0,0,0,0,0,0,0,0,1,0
1035017,0,0,0,1,0,0,0,0,1,0
1035019,0,0,0,0,0,0,0,0,1,0
1036001,0,0,0,0,0,0,0,0,1,0
1036002,0,0,0,0,0,0,0,0,1,0
1036004,0,0,0,0,0,0,1,0,1,0
1036005,0,0,0,0,0,0,1,0,1,0
1036006,1,0,0,0,0,0,0,0,1,0
1036007,0,0,0,0,0,0,0,0,1,0
1036008,0,0,0,0,0,0,0,0,0,0
1036009,0,0,0,1,0,0,0,0,1,0
1036010,0,0,0,0,0,0,0,0,1,0
1036011,0,0,0,0,0,0,0,0,1,0
1036013,0,0,0,1,0,0,0,0,1,0
1036014,0,0,0,0,0,0,0,0,1,0
1036015,0,0,0,0,0,0,0,0,1,0
1036016,0,0,0,0,0,0,0,0,1,0
1036017,0,0,0,1,0,0,0,0,1,0
1036018,0,0,0,0,0,0,0,0,1,0
1036019,0,0,0,1,0,0,1,0,1,0
1036020,0,0,1,0,0,0,0,1,1,0
1037001,0,0,0,1,0,0,0,0,1,0
1037002,0,0,0,0,0,0,0,0,1,0
1037003,0,0,1,1,0,0,1,0,1,0
1037004,0,0,0,0,0,0,0,0,0,0
1037005,0,1,0,0,0,0,1,0,1,0
1037006,0,0,0,0,0,0,0,0,1,0
1037007,0,0,0,1,0,0,0,0,1,0
1037008,0,0,0,0,0,0,0,0,1,0
1037009,0,1,0,0,0,0,0,0,1,0
1037010,0,0,0,0,0,0,0,0,1,0
1037011,0,0,0,1,0,0,0,0,1,0
1037013,0,1,0,0,0,0,1,0,0,0
1037015,0,0,0,1,0,0,0,0,1,0
1037016,0,1,1,1,0,1,1,0,1,0
1037017,0,0,0,1,0,0,1,0,1,0
1037018,0,0,0,0,0,0,1,0,1,0
1037019,0,0,0,0,0,0,0,0,1,0
1037020,0,,0,1,0,0,0,0,1,0
1038001,0,0,0,0,0,1,1,0,1,0
1038002,0,0,0,0,0,0,0,0,1,0
1038003,0,0,0,0,0,0,0,0,1,0
1038004,0,1,0,1,0,0,1,0,1,0
1038005,0,0,0,0,0,0,1,0,1,0
1038006,0,0,0,1,0,0,0,0,1,0
1038007,0,1,0,1,0,0,0,0,1,0
1038008,0,0,0,1,0,0,0,0,1,0
1038009,0,0,0,0,0,0,1,0,1,0
1038010,0,0,0,1,0,0,0,0,1,0
1038011,0,0,1,1,0,0,0,0,1,0
1038012,0,0,0,1,0,1,1,0,1,1
1038013,0,0,0,0,0,0,1,0,1,0
1038014,0,0,0,1,0,0,1,0,1,0
1038015,1,0,0,1,0,0,0,0,0,0
1038016,0,0,0,1,0,0,0,0,1,0
1038017,0,0,0,0,0,1,1,0,1,0
1038018,0,1,0,1,0,0,1,0,1,0
1038019,0,0,0,1,0,0,0,0,1,0
1038020,0,0,0,1,0,0,1,0,1,1
1039001,0,0,1,1,0,0,1,0,1,0
1039002,0,0,0,0,0,1,0,0,1,0
1039003,0,1,1,1,0,1,0,0,1,0
1039004,0,1,0,0,0,0,0,0,1,0
1039005,0,0,0,0,0,0,0,0,1,0
1039006,0,0,0,0,0,0,0,0,1,0
1039007,0,0,0,0,0,0,0,0,1,0
1039008,0,0,0,0,0,0,0,0,1,0
1039009,1,0,0,1,0,0,1,0,1,0
1039010,0,0,0,0,0,0,0,0,1,0
1039011,0,0,0,0,0,0,0,0,1,0
1039012,0,0,0,0,0,0,0,0,1,0
1039013,0,0,0,0,0,0,0,0,0,0
1039014,0,0,0,0,0,0,0,0,1,0
1039015,0,0,0,0,0,0,1,0,1,0
1039016,0,0,0,0,0,0,0,0,1,0
1039017,0,0,0,0,0,0,0,0,1,0
1039018,0,1,0,0,0,0,0,0,1,0
1039019,0,0,1,0,0,0,0,0,1,0
1039020,0,0,1,0,0,1,1,0,1,0
1040001,0,0,1,1,0,0,1,0,1,0
1040002,0,0,0,1,0,0,1,0,1,0
1040003,0,1,0,0,0,0,1,0,1,0
1040004,0,1,1,1,0,0,1,0,1,0
1040005,0,0,1,0,0,0,1,0,1,0
1040006,0,0,0,1,0,0,0,0,1,0
1040007,0,0,0,0,0,0,0,0,1,0
1040008,0,0,1,1,0,0,0,0,1,0
1040009,0,0,1,0,0,0,1,0,1,0
1040010,0,0,1,0,0,0,1,0,1,0
1040011,0,0,0,1,0,0,0,0,1,0
1040012,0,0,0,1,0,0,0,0,1,0
1040013,0,0,0,0,0,0,0,0,1,0
1040014,0,1,0,1,0,1,1,0,1,0
1040015,1,0,1,0,0,0,1,0,1,0
1040016,0,0,0,1,0,1,1,0,1,0
1040017,0,0,0,1,0,0,1,0,1,0
1040018,0,0,0,1,0,0,0,0,1,0
1040019,0,0,0,1,0,0,1,0,1,0
1040020,0,0,0,1,0,0,1,0,1,0
1041001,0,0,0,0,0,0,0,0,1,0
1041002,0,1,0,0,0,0,0,0,1,0
1041003,0,1,0,0,0,0,0,0,1,0
1041004,0,0,0,1,0,0,0,0,1,0
1041005,0,0,0,0,0,0,0,0,1,0
1041006,0,0,0,0,0,0,0,0,1,0
1041007,0,0,1,0,0,0,1,0,1,0
1041008,0,0,0,0,0,0,0,0,1,0
1041009,0,0,0,0,0,0,0,0,1,0
1041010,0,0,0,0,0,0,0,0,1,0
1041011,0,0,0,0,0,0,0,0,1,0
1041012,0,0,1,0,0,0,0,0,1,0
1041014,0,1,0,0,0,0,1,0,1,0
1041015,0,0,0,0,0,0,1,0,1,0
1041016,0,0,0,1,0,0,0,0,1,0
1041017,0,0,0,0,0,0,0,0,1,0
1041018,0,0,0,0,0,0,0,0,1,0
1041019,0,0,0,0,0,0,0,0,1,0
1041020,0,0,0,0,0,0,0,0,1,0
1042001,0,0,0,0,0,0,0,0,1,0
1042003,0,0,0,0,0,0,0,0,1,0
1042004,0,1,0,0,0,0,0,0,1,0
1042005,0,0,0,0,0,0,1,0,1,0
1042007,0,0,0,0,0,0,0,0,1,0
1042008,0,0,0,0,0,0,0,0,1,0
1042009,0,1,0,0,0,0,0,0,1,0
1042010,0,1,1,0,0,0,0,0,1,0
1042011,0,1,0,0,0,0,0,0,1,0
1042012,0,0,1,1,0,0,0,0,1,0
1042013,0,0,0,0,0,0,0,0,1,0
1042014,0,0,0,0,0,0,0,0,1,0
1042015,0,0,0,0,0,0,0,0,1,0
1042016,0,1,0,0,0,0,0,0,1,0
1042017,0,0,1,1,0,0,1,0,1,0
1042018,0,1,0,0,0,0,1,1,1,1
1042019,0,0,0,0,0,0,0,0,1,0
1042020,0,0,0,0,0,0,0,0,1,0
1043001,0,1,0,1,0,0,0,0,1,0
1043002,0,0,0,1,0,0,0,0,1,0
1043003,0,0,0,0,0,0,0,0,1,0
1043004,0,0,0,0,0,0,0,0,1,0
1043005,0,0,0,0,0,0,0,0,1,0
1043006,0,0,0,1,0,0,0,0,1,0
1043007,0,0,0,0,0,0,0,0,1,0
1043009,0,0,0,0,0,0,1,0,1,0
1043010,0,0,0,0,0,0,1,0,1,0
1043011,0,0,0,0,0,0,0,0,1,0
1043012,0,1,1,0,0,0,1,0,1,0
1043013,0,0,0,0,0,0,1,1,1,0
1043014,0,1,1,1,0,0,1,0,1,0
1043015,1,1,1,1,0,0,1,1,1,0
1043016,0,0,0,0,0,0,0,0,1,0
1043017,0,0,1,0,0,0,1,0,1,0
1043018,0,0,0,0,0,0,0,0,1,0
1043019,0,0,0,0,0,0,1,0,1,0
1043020,0,0,0,0,0,0,0,0,1,0
1044001,0,0,1,0,0,0,0,0,1,0
1044002,0,0,0,1,0,0,0,0,1,0
1044003,0,1,1,0,0,0,0,0,0,0
1044004,0,0,1,0,0,0,0,0,1,0
1044005,0,0,0,1,0,0,1,0,1,0
1044006,0,0,1,0,0,0,0,0,1,0
1044007,0,1,0,1,0,0,0,0,1,0
1044008,0,0,0,1,0,0,1,0,1,0
1044009,0,0,0,1,0,0,0,0,1,0
1044010,0,0,1,1,0,0,1,0,1,1
1044011,0,1,0,0,0,0,0,0,1,0
1044012,0,0,0,1,0,0,1,0,1,0
1044013,0,0,1,1,0,0,0,0,1,0
1044014,1,0,0,0,0,0,0,0,1,0
1044015,0,0,0,1,0,0,0,0,1,0
1044016,0,0,0,1,0,0,1,0,1,0
1044017,0,0,1,1,0,0,0,0,1,0
1044018,0,1,1,1,0,0,1,0,1,0
1044019,0,0,1,1,0,0,0,0,1,0
1044020,0,1,1,1,0,0,0,0,1,0
1045001,0,0,0,0,0,0,0,0,1,0
1045002,0,0,0,0,0,0,1,0,1,0
1045003,0,0,0,0,0,0,0,0,0,0
1045004,0,0,1,0,0,0,0,0,1,0
1045005,0,0,0,0,0,0,1,0,1,0
1045006,0,0,1,0,0,0,1,0,1,0
1045007,0,1,0,1,0,0,0,0,1,0
1045008,0,1,0,0,0,0,0,0,1,0
1045009,0,0,1,1,0,0,1,0,1,0
1045011,0,0,0,1,0,0,1,0,1,0
1045012,0,0,0,1,0,0,0,0,1,0
1045013,0,0,0,0,0,0,0,0,1,0
1045014,0,0,1,0,0,0,1,0,1,0
1045015,0,0,0,0,0,1,0,0,1,0
1045016,0,0,0,0,0,0,0,0,1,0
1045017,0,0,0,0,0,0,0,0,1,0
1045018,0,0,0,0,0,0,0,0,1,0
1045019,0,1,1,0,0,0,0,0,1,0
1045020,0,0,0,1,0,0,0,0,1,0
1046001,0,0,0,0,0,0,0,0,1,0
1046002,0,0,0,0,0,0,1,0,1,0
1046003,0,0,0,0,0,0,0,0,1,0
1046004,0,1,1,0,0,0,1,0,1,0
1046005,0,0,0,1,0,0,0,0,1,0
1046006,0,0,0,0,0,0,0,0,1,0
1046007,0,0,0,1,0,0,0,0,1,0
1046008,0,0,0,1,0,0,0,0,1,0
1046009,0,0,0,0,0,0,1,0,1,0
1046010,0,0,0,0,0,0,0,0,1,0
1046011,0,0,0,1,0,0,1,0,1,0
1046012,0,0,0,1,0,0,0,0,1,0
1046013,0,1,0,0,0,0,0,0,1,0
1046014,0,0,0,0,0,0,0,0,1,0
1046015,0,0,0,1,0,0,0,0,1,0
1046016,0,0,0,0,0,0,0,0,1,0
1046017,0,0,0,0,0,0,0,0,1,0
1046019,0,1,0,0,0,0,1,0,1,0
1046020,0,0,0,1,0,0,1,0,1,0
1047001,0,0,0,0,0,0,1,0,1,0
1047002,0,0,0,1,0,0,0,0,0,0
1047003,0,0,0,0,0,1,0,0,1,0
1047004,1,0,0,0,0,0,0,0,1,0
1047005,0,0,0,0,0,0,1,0,1,0
1047006,0,0,1,1,0,0,0,0,1,0
1047008,0,0,0,0,0,0,0,0,1,0
1047009,0,1,1,1,0,1,0,0,1,0
1047010,0,1,0,1,0,0,0,0,1,0
1047011,0,0,1,0,0,0,0,0,1,0
1047012,0,0,0,0,0,0,1,0,1,0
1047013,0,0,0,0,0,0,0,0,1,0
1047014,0,0,0,0,0,0,0,0,1,0
1047015,0,0,0,0,0,0,0,0,1,0
1047016,0,,0,1,0,0,1,0,1,0
1047017,1,0,0,0,0,0,0,0,1,0
1047018,0,0,0,0,0,0,0,0,1,0
1047019,1,0,1,0,0,0,0,0,1,0
1047020,0,0,0,0,0,0,0,0,1,0
1048001,0,0,0,0,0,0,0,0,1,0
1048002,0,0,0,0,0,0,0,0,1,0
1048003,0,0,0,0,0,0,1,0,1,0
1048004,0,0,0,0,0,1,0,0,1,0
1048005,0,0,0,0,0,0,1,0,1,0
1048006,0,0,0,1,0,1,1,1,1,0
1048008,0,0,1,1,0,0,1,0,1,0
1048009,0,0,0,1,0,0,1,0,1,0
1048010,0,1,0,1,0,0,1,0,1,1
1048011,0,0,0,0,0,0,1,0,1,0
1048012,0,1,1,0,0,0,0,0,1,0
1048013,0,1,1,1,0,0,0,0,1,0
1048014,0,0,0,0,0,0,0,0,1,0
1048015,0,1,0,1,0,0,1,0,1,1
1048016,0,1,0,0,0,0,1,0,1,0
1048017,0,0,0,0,0,0,0,0,1,0
1048018,0,0,0,0,0,0,0,0,1,0
1048019,1,0,1,1,1,0,1,1,1,1
1048020,0,,0,1,0,0,1,0,1,0
1049001,0,0,0,0,0,0,1,0,1,0
1049002,0,0,0,0,0,0,1,1,1,0
1049003,0,0,0,0,0,0,0,0,1,0
1049004,0,0,0,1,0,0,0,0,1,0
1049005,0,1,1,0,1,0,1,1,1,1
1049006,0,0,0,0,0,0,0,0,1,0
1049008,0,0,1,1,0,0,1,0,1,0
1049009,0,0,0,1,0,0,1,0,1,0
1049010,0,0,0,0,0,0,1,0,1,0
1049012,0,0,0,1,0,0,1,0,1,0
1049013,0,0,1,1,0,0,1,0,1,0
1049014,0,0,0,1,0,0,1,0,1,0
1049015,0,1,1,0,0,0,0,0,1,0
1049016,0,0,1,1,1,0,1,0,1,0
1049017,0,0,0,1,0,0,1,0,1,0
1049018,0,0,0,0,0,0,1,0,1,0
1049019,0,1,0,0,0,0,0,0,1,0
1049020,0,0,0,1,0,0,0,0,1,0
1050001,0,0,0,0,0,0,1,1,1,0
1050002,0,0,0,1,0,0,1,1,1,1
1050003,0,0,0,1,0,0,1,0,1,0
1050004,1,0,0,1,1,0,1,0,1,1
1050005,0,0,0,0,0,1,0,1,1,0
1050006,0,0,0,0,0,0,0,1,1,0
1050007,0,0,1,0,0,0,1,0,1,0
1050008,0,0,1,0,0,0,0,0,1,0
1050009,0,0,0,0,0,0,0,0,1,0
1050010,0,0,0,0,0,0,1,0,1,0
1050011,0,0,0,0,0,0,0,0,1,0
1050012,0,0,0,0,0,0,0,0,1,0
1050013,0,0,0,1,0,0,0,0,1,0
1050014,0,1,0,1,0,0,0,0,1,0
1050015,0,0,0,0,0,0,0,0,1,0
1050016,0,0,1,1,0,0,1,0,1,0
1050018,0,0,1,0,0,0,1,0,1,0
1050019,0,0,0,0,0,0,1,0,1,0
1051001,0,0,0,1,0,0,0,0,1,0
1051002,0,1,0,1,0,1,0,1,1,0
1051003,0,0,0,1,0,1,1,1,1,0
1051004,0,0,0,1,0,0,0,0,1,0
1051005,0,1,1,0,0,0,1,1,1,0
1051006,0,1,1,1,0,0,1,1,1,0
1051007,0,1,1,0,0,1,1,1,1,0
1051008,0,0,1,0,0,0,1,1,1,0
1051009,0,0,0,0,0,1,1,1,1,0
1051010,0,0,0,1,0,0,0,1,1,0
1051011,0,0,0,0,0,1,1,0,1,0
1051012,0,0,0,1,0,0,1,0,1,0
1051013,0,0,0,1,0,0,1,0,1,0
1051014,0,0,0,1,0,1,1,1,1,0
1051015,0,1,1,1,0,0,0,0,1,0
1051016,0,1,0,1,1,0,1,0,1,0
1051017,0,0,1,1,0,1,1,1,1,0
1051018,0,0,0,0,0,0,0,0,1,0
1051020,0,0,0,0,0,0,0,0,1,0
1052001,0,1,0,1,0,0,0,0,1,0
1052002,0,0,0,0,0,1,0,0,1,0
1052003,0,0,0,0,0,0,1,0,1,0
1052004,0,1,0,0,0,0,1,0,1,0
1052005,0,1,0,0,0,0,1,1,1,0
1052006,0,0,0,0,0,0,0,0,1,0
1052007,0,0,0,0,0,0,1,0,1,0
1052008,0,0,0,1,0,0,1,1,1,1
1052009,0,0,0,1,0,0,1,1,1,0
1052010,0,0,0,0,0,0,0,0,1,0
1052011,0,0,0,1,0,0,1,0,1,0
1052012,0,0,0,0,0,0,1,0,1,0
1052013,0,0,0,0,0,0,0,0,1,0
1052014,0,1,0,0,0,0,0,0,1,0
1052015,0,1,0,0,0,0,0,0,1,0
1052016,0,0,1,0,0,0,1,0,1,0
1052017,0,0,0,1,0,0,0,0,1,0
1052018,0,0,0,0,0,0,0,0,1,0
1052019,0,0,0,0,0,0,0,0,1,0
1052020,0,1,0,0,0,0,0,0,1,0
1053001,0,0,0,0,0,0,0,0,1,0
1053002,0,0,0,0,0,0,0,0,1,0
1053003,0,1,0,0,0,0,0,1,1,0
1053004,0,0,1,0,0,0,1,0,1,0
1053005,0,1,0,0,0,1,0,0,1,0
1053006,0,0,0,0,0,0,0,0,1,0
1053007,0,0,0,0,0,0,0,0,1,0
1053008,0,0,0,0,0,1,0,0,1,0
1053009,0,1,0,0,0,0,0,0,1,0
1053010,0,0,0,0,0,0,1,0,1,0
1053011,0,0,0,1,0,0,0,0,1,0
1053012,0,1,0,1,0,0,0,0,1,0
1053013,0,1,0,1,0,0,0,1,1,0
1053014,0,0,0,0,0,1,0,0,1,0
1053015,0,1,0,1,0,0,0,0,1,0
1053016,0,1,0,0,0,0,0,0,1,0
1053017,0,1,0,1,0,0,0,0,1,0
1053018,0,1,0,0,0,0,0,0,1,0
1053019,0,0,0,0,0,0,0,0,1,0
1053020,0,0,0,0,0,0,0,0,1,0
1054001,0,0,1,0,0,0,1,0,1,0
1054002,0,0,0,0,0,0,1,0,1,0
1054003,0,0,0,0,0,0,0,0,1,0
1054004,0,0,1,0,0,0,0,0,1,0
1054005,0,0,0,0,0,0,0,0,1,0
1054006,0,0,0,0,0,0,0,0,1,0
1054007,0,0,1,0,0,1,1,0,1,0
1054008,0,0,1,1,0,0,1,0,1,0
1054009,0,0,1,0,0,0,0,0,1,0
1054010,0,0,0,0,0,0,0,0,1,0
1054011,0,0,0,1,0,0,0,0,1,0
1054012,0,1,0,1,0,1,0,0,1,0
1054013,0,0,1,1,0,1,0,0,1,0
1054014,1,0,0,1,0,0,0,0,1,0
1054015,0,0,0,1,0,0,0,0,1,0
1054016,0,0,0,0,0,1,1,0,1,0
1054017,0,0,0,0,0,0,0,0,1,0
1054018,1,0,0,0,0,0,0,0,1,0
1054019,1,0,0,1,0,0,0,0,1,0
1054020,0,0,0,0,0,0,0,0,1,0
1055001,0,0,0,1,0,0,1,0,1,0
1055002,0,0,0,1,0,0,0,0,1,0
1055003,1,0,0,0,0,0,0,1,1,0
1055004,0,0,1,1,0,0,0,1,1,0
1055005,0,0,0,0,0,0,1,1,1,0
1055006,0,0,0,0,0,0,0,0,1,0
1055007,0,0,0,0,0,0,0,1,1,0
1055008,0,0,0,0,0,0,0,0,1,0
1055009,0,0,0,0,0,0,0,0,1,0
1055010,0,0,0,1,0,0,0,1,1,1
1055011,1,1,1,0,0,0,0,0,1,0
1055012,0,1,0,0,0,0,0,1,1,0
1055013,0,0,0,0,0,0,0,0,1,0
1055014,0,1,0,0,0,0,1,1,1,0
1055015,0,0,0,0,0,0,0,0,1,0
1055016,0,0,0,1,0,0,1,0,1,0
1055017,0,0,0,1,0,0,1,0,1,0
1055018,0,0,0,0,0,0,0,0,1,0
1055019,0,0,0,0,0,0,0,0,1,0
1055020,0,0,0,0,0,0,0,0,1,0
1056001,0,0,0,1,0,0,0,0,1,0
1056002,0,0,0,0,0,0,0,0,1,0
1056003,0,0,0,0,0,0,1,0,1,0
1056004,0,0,0,0,0,0,1,0,1,0
1056005,0,0,0,0,0,0,0,0,1,0
1056006,0,0,0,0,0,0,0,0,1,0
1056007,0,0,0,0,0,1,0,0,1,0
1056008,0,0,0,0,0,0,1,0,1,0
1056009,0,0,0,1,0,0,0,0,1,0
1056010,0,0,0,0,0,0,0,0,1,0
1056011,0,0,0,1,0,0,1,0,1,1
1056012,0,0,0,1,0,0,0,0,1,0
1056013,0,0,0,0,0,0,0,0,1,0
1056014,1,1,0,1,0,0,0,1,1,0
1056015,0,0,0,0,0,0,0,0,1,0
1056016,0,0,0,0,0,0,0,0,1,0
1056017,0,0,0,0,0,0,0,0,1,0
1056018,0,0,0,0,0,0,0,0,1,0
1056019,0,1,0,1,0,0,0,0,1,0
1056020,0,0,0,0,0,0,0,0,1,0
1057001,0,0,0,0,0,0,0,1,1,0
1057002,0,1,0,1,1,0,1,1,1,0
1057003,0,0,1,0,0,0,0,0,1,0
1057004,0,0,0,0,0,0,0,0,1,0
1057005,0,0,1,0,0,0,1,0,1,0
1057006,0,0,0,0,0,0,0,0,1,0
1057007,0,0,0,0,0,1,1,0,1,0
1057008,0,0,0,1,0,0,1,0,1,0
1057009,0,0,0,0,0,0,1,0,1,0
1057010,0,0,1,1,1,1,1,0,1,0
1057011,0,0,0,0,0,0,0,0,1,0
1057012,0,1,0,0,0,0,1,0,1,0
1057013,0,0,1,0,0,0,1,0,1,0
1057014,0,0,0,0,0,1,0,0,1,0
1057015,0,0,0,1,0,0,0,0,1,0
1057016,0,0,0,0,0,0,0,0,1,0
1057017,0,0,1,0,0,0,0,0,1,0
1057018,0,0,0,0,0,0,0,0,1,0
1057019,0,0,0,0,0,0,1,0,1,0
1057020,0,0,0,1,0,0,0,1,1,1
1058001,0,0,0,1,0,0,1,1,1,0
1058002,0,0,0,0,0,0,1,0,1,0
1058003,0,0,1,0,0,0,1,0,1,0
1058004,0,1,1,0,0,0,1,0,1,0
1058005,0,0,1,0,0,0,0,0,1,0
1058006,0,0,1,1,0,1,0,0,0,0
1058007,0,0,0,0,0,0,1,0,1,0
1058008,0,0,0,0,0,0,1,0,1,0
1058009,0,0,0,0,0,0,0,0,1,0
1058010,0,0,0,0,0,0,0,0,1,0
1058011,0,0,0,0,0,0,0,0,1,0
1058012,0,0,0,0,0,0,0,0,1,0
1058013,0,0,0,0,0,0,0,0,1,0
1058014,0,0,0,0,0,1,0,0,1,0
1058015,0,0,0,0,0,0,0,0,1,0
1058016,0,0,0,0,0,0,0,0,1,0
1058017,0,0,0,,0,0,1,0,1,0
1058018,0,0,0,1,0,0,0,0,1,0
1058019,0,0,0,0,0,0,0,0,1,0
1058020,0,0,0,0,0,0,0,1,1,0
1059001,0,0,0,0,0,0,0,0,1,0
1059002,0,0,0,1,0,0,1,0,1,1
1059003,0,0,0,0,0,0,0,0,1,0
1059004,0,0,0,0,0,0,1,0,1,0
1059005,0,0,0,0,0,0,0,0,1,0
1059006,0,0,0,0,0,0,1,0,1,0
1059007,0,0,0,0,0,1,0,0,1,0
1059008,0,0,0,0,0,0,0,0,1,0
1059009,0,1,0,0,0,0,0,0,1,0
1059010,0,0,0,0,0,0,0,0,1,0
1059011,0,0,1,0,0,0,0,0,1,0
1059012,0,0,0,1,1,1,1,0,1,1
1059013,0,0,0,0,0,0,0,0,1,0
1059014,,0,0,0,0,0,0,0,1,0
1059015,0,1,0,0,0,0,1,0,1,0
1059016,0,0,0,0,0,0,0,0,1,0
1059017,0,0,0,0,0,0,1,0,1,0
1059018,0,1,1,0,0,0,1,0,1,0
1059019,0,0,0,0,0,0,0,0,1,0
1059020,0,0,0,0,0,0,1,1,1,0
1060002,0,0,0,0,0,0,1,0,1,0
1060003,0,0,0,0,0,0,0,0,1,0
1060004,0,0,0,0,0,0,0,0,1,0
1060005,0,0,0,1,0,0,0,0,1,0
1060007,0,0,0,0,0,1,0,0,1,0
1060008,0,0,0,1,0,1,1,0,1,0
1060009,0,1,0,0,0,0,0,0,1,0
1060010,0,0,1,0,0,0,0,0,1,0
1060011,0,0,0,0,0,0,0,0,1,0
1060012,0,0,0,0,0,0,0,0,1,0
1060013,0,1,1,0,0,0,0,0,1,0
1060014,0,0,0,1,0,0,0,0,1,0
1060015,1,0,0,1,0,1,1,0,1,0
1060016,0,0,0,0,0,0,0,0,1,0
1060018,0,1,1,0,0,0,0,0,1,0
1060019,0,1,0,0,1,1,0,0,1,0
1060020,0,0,1,1,0,0,1,0,1,0
1061001,0,0,0,1,0,0,1,0,1,0
1061002,0,0,0,0,0,0,1,0,1,0
1061003,0,1,0,1,0,0,1,0,1,0
1061004,0,0,0,1,0,0,1,0,1,0
1061005,0,0,0,1,0,0,1,0,1,0
1061006,0,0,0,0,0,0,1,0,1,0
1061007,0,0,0,1,0,0,1,0,1,1
1061008,0,0,0,1,0,0,1,0,1,1
1061009,0,0,0,1,0,0,0,0,1,1
1061010,0,1,0,0,0,0,0,0,1,0
1061011,0,1,0,1,0,0,1,0,1,0
1061013,0,0,0,0,0,0,0,0,1,0
1061014,0,0,0,0,0,0,1,0,1,0
1061015,0,0,0,0,0,0,1,0,1,0
1061016,0,0,0,0,0,0,1,1,1,0
1061017,0,0,0,0,0,0,0,0,1,0
1061018,0,0,0,0,0,0,1,0,1,0
1061019,0,0,0,0,0,0,0,0,1,0
1061020,0,0,0,0,0,0,1,0,1,0
1062001,0,0,0,0,0,0,0,0,1,0
1062002,0,0,0,0,0,0,0,0,1,0
1062003,0,0,0,0,0,0,1,1,1,0
1062004,0,0,0,0,0,0,1,0,1,0
1062005,0,0,0,0,0,0,0,0,1,0
1062006,0,0,0,0,0,0,1,1,1,0
1062007,0,0,0,0,0,0,0,0,1,0
1062008,0,0,0,0,0,0,0,0,1,0
1062009,0,0,0,1,0,0,0,0,1,0
1062010,0,0,0,0,0,0,0,0,1,0
1062011,0,0,1,0,0,0,0,0,1,0
1062013,0,0,0,0,0,0,0,1,1,0
1062014,0,1,0,0,0,0,0,1,1,0
1062015,0,0,0,1,0,0,0,0,1,0
1062016,0,0,0,0,0,0,0,0,1,0
1062017,0,0,0,0,0,0,0,0,0,0
1062018,0,0,0,1,0,0,0,0,1,0
1062019,0,0,0,0,0,0,0,0,1,0
1062020,0,0,0,0,0,0,0,0,0,0
1063001,0,1,0,0,0,0,0,0,1,0
1063002,0,0,0,0,0,0,0,0,1,0
1063003,0,0,0,0,0,0,0,0,1,0
1063004,0,0,0,0,0,0,0,0,1,0
1063005,0,0,0,1,0,0,0,0,1,0
1063006,0,0,0,0,0,0,0,0,1,0
1063007,0,0,0,0,0,0,0,0,1,0
1063008,0,0,0,0,0,0,0,0,0,0
1063009,0,0,0,0,0,0,0,0,1,0
1063010,0,0,0,1,0,0,0,0,1,0
1063011,0,0,0,0,0,0,0,0,1,0
1063012,0,0,0,0,0,0,0,0,1,0
1063013,0,0,0,0,0,0,0,0,1,0
1063014,0,0,0,0,0,0,0,0,1,0
1063015,0,0,0,0,0,0,0,0,1,0
1063016,0,0,0,0,0,0,0,1,1,0
1063017,0,1,0,0,0,0,0,0,1,0
1063018,0,0,0,0,0,0,0,0,1,0
1063019,0,0,0,0,0,0,0,0,1,0
1063020,0,0,0,0,0,0,0,0,1,0
1064001,1,0,0,0,0,0,0,0,1,0
1064002,0,0,0,0,0,0,0,0,1,0
1064003,0,0,0,0,0,0,0,0,1,0
1064004,0,0,0,0,0,0,0,0,1,0
1064005,0,0,0,0,0,0,0,0,1,0
1064006,0,0,0,1,0,0,0,0,1,1
1064007,0,0,0,1,0,0,0,0,1,0
1064008,0,0,0,0,0,0,0,0,1,0
1064009,0,0,0,0,0,0,0,0,1,0
1064010,0,0,0,0,0,0,0,0,1,0
1064011,0,0,0,0,0,0,0,0,1,0
1064012,0,0,0,0,0,0,0,0,1,0
1064013,0,1,0,0,0,0,0,0,1,0
1064014,0,0,0,0,0,0,0,0,0,0
1064015,0,0,0,1,0,0,0,1,1,0
1064016,0,0,0,0,0,0,0,0,1,0
1064017,0,0,0,0,0,0,0,0,0,0
1064018,0,0,0,0,0,0,0,0,1,0
1064019,0,0,0,0,0,0,1,0,1,0
1064020,0,0,0,0,0,0,0,0,0,0
1065001,0,0,0,0,0,0,0,0,1,0
1065002,0,0,0,0,0,0,0,0,1,0
1065003,0,0,0,0,0,0,0,0,1,0
1065004,0,0,0,1,1,0,1,0,1,1
1065005,0,0,0,0,0,0,1,0,1,0
1065006,0,0,0,0,0,0,1,0,1,0
1065007,0,0,0,1,0,0,1,0,1,1
1065008,0,0,0,0,0,0,1,1,1,0
1065009,0,0,1,1,0,0,1,1,1,0
1065010,0,0,0,1,0,0,1,0,1,0
1065012,,0,1,0,0,0,1,0,1,0
1065013,0,0,0,1,0,0,0,1,1,1
1065014,0,0,0,1,0,0,1,1,1,0
1065015,0,0,0,0,0,0,1,0,1,0
1065016,0,1,0,0,0,0,0,0,1,0
1065017,0,0,0,1,0,0,1,1,1,0
1065019,0,0,0,0,0,0,1,0,1,0
1065020,0,0,0,0,0,0,0,0,1,0
1066002,0,0,0,0,0,0,0,0,1,0
1066003,0,0,1,1,0,0,1,0,1,0
1066004,0,0,0,1,0,0,1,1,1,0
1066005,0,0,0,1,0,0,1,0,1,0
1066006,0,0,1,0,0,0,1,0,1,0
1066007,0,0,0,0,0,0,1,0,1,0
1066008,0,0,0,0,0,0,0,0,1,0
1066009,0,1,1,1,1,0,1,0,1,1
1066010,0,0,0,1,0,0,1,0,1,0
1066011,0,0,0,1,0,0,1,1,1,0
1066013,0,0,0,1,0,0,1,0,1,0
1066015,0,0,1,1,0,0,1,0,1,0
1066016,0,0,0,0,0,0,1,0,1,0
1066017,0,0,0,0,0,0,0,0,1,0
1066018,0,0,0,0,0,0,1,0,1,0
1066020,0,0,0,0,0,0,1,1,1,0
1067001,0,0,0,0,0,0,0,0,1,0
1067002,0,0,0,0,0,0,0,0,1,0
1067003,0,0,0,0,0,0,1,0,1,0
1067004,0,0,0,0,0,0,0,0,1,0
1067006,0,0,0,0,0,0,0,0,1,0
1067007,0,0,0,0,0,0,1,0,1,0
1067008,0,0,0,0,0,0,1,0,1,0
1067009,0,0,0,0,0,0,0,0,1,0
1067010,0,0,0,0,0,0,0,0,1,0
1067011,0,0,0,1,0,0,0,0,1,0
1067012,0,0,0,0,0,0,1,0,1,0
1067013,0,0,1,0,0,0,0,0,1,0
1067014,0,0,0,0,0,0,0,0,1,0
1067015,0,0,0,0,0,0,0,0,1,0
1067016,0,0,0,0,0,0,0,0,1,0
1067017,0,0,1,1,0,0,0,0,1,0
1067018,0,0,0,1,0,0,1,1,1,0
1067019,0,0,0,0,0,0,0,0,1,0
1067020,0,0,0,0,0,0,1,1,1,0
1068001,0,0,0,1,0,0,0,1,1,0
1068002,0,0,0,0,0,0,0,0,1,0
1068004,0,0,0,0,0,0,0,0,1,0
1068005,0,1,0,0,0,0,0,0,1,0
1068006,0,1,0,0,0,0,0,1,1,0
1068007,0,0,1,0,0,0,1,1,1,0
1068009,0,0,0,0,0,0,0,0,1,0
1068010,0,0,0,0,0,0,0,0,1,0
1068011,0,0,0,0,0,0,0,0,1,1
1068012,0,0,0,0,0,0,1,0,1,0
1068013,0,1,0,1,0,0,1,0,1,0
1068014,0,0,0,0,0,0,0,0,1,0
1068015,0,0,0,0,0,0,0,0,1,0
1068016,0,0,0,1,0,0,1,0,1,0
1068017,0,0,0,0,0,0,0,0,1,0
1068018,0,0,0,1,0,0,1,1,1,0
1068019,0,0,0,0,0,0,1,0,1,0
1068020,0,0,0,0,0,0,1,0,1,0
1069001,0,0,0,0,0,0,1,1,1,0
1069002,0,0,0,1,0,0,0,0,1,0
1069003,0,0,0,0,0,0,0,0,1,0
1069004,0,0,0,1,0,0,0,0,1,0
1069007,0,0,0,1,0,0,0,0,1,0
1069008,0,0,0,0,0,0,0,0,1,0
1069009,0,0,0,0,0,0,1,0,1,0
1069010,0,0,0,0,0,0,0,0,1,0
1069011,0,0,0,0,0,0,0,0,1,0
1069012,0,0,1,0,0,0,1,0,1,0
1069014,0,0,0,0,0,0,0,0,1,0
1069015,0,0,0,1,0,0,1,1,1,0
1069016,0,0,0,0,0,0,0,0,1,0
1069017,1,0,0,0,0,0,0,0,1,0
1069018,0,0,0,0,0,0,0,0,1,0
1069019,0,0,0,0,0,0,0,0,1,0
1069020,0,0,0,0,0,0,0,0,1,0
1070001,0,0,0,0,0,1,1,0,1,0
1070002,0,0,0,0,0,0,0,1,1,0
1070004,0,0,1,0,0,1,1,0,1,0
1070005,0,0,0,1,0,1,1,0,1,0
1070006,0,0,0,1,0,0,1,0,1,1
1070007,0,0,0,1,0,1,1,0,1,0
1070008,0,0,0,1,0,0,1,1,1,1
1070009,0,0,0,1,1,0,1,1,1,1
1070010,0,0,0,0,0,0,1,0,1,0
1070011,1,0,0,0,0,0,1,0,1,0
1070012,0,0,1,0,0,1,0,0,1,0
1070013,0,0,0,1,0,0,1,0,1,0
1070014,0,1,0,0,0,0,1,0,1,0
1070015,1,0,0,0,0,0,1,0,1,0
1070016,0,0,0,1,0,0,1,0,1,0
1070017,0,0,0,0,0,0,1,0,1,0
1070019,0,0,0,1,0,0,1,0,1,0
1070020,0,0,0,1,0,0,1,0,1,0
1071001,0,0,0,0,0,1,1,0,1,0
1071002,0,1,0,1,1,0,1,1,1,0
1071003,0,1,0,0,0,0,1,1,1,0
1071004,0,0,0,0,1,0,1,0,1,0
1071006,0,0,0,0,0,1,1,0,1,1
1071007,0,0,0,1,1,1,1,1,1,0
1071008,1,1,0,0,0,0,0,1,1,0
1071009,0,0,0,1,0,1,1,0,1,1
1071010,0,0,0,1,0,1,1,1,1,0
1071011,0,0,0,1,0,1,1,0,1,0
1071012,0,0,1,1,0,1,1,0,1,0
1071013,0,0,0,1,0,0,1,0,1,1
1071014,0,0,0,1,0,0,1,0,1,0
1071015,0,0,0,1,1,0,1,0,1,0
1071016,0,0,0,0,1,1,1,1,1,0
1071018,0,1,0,1,1,0,1,0,1,0
1071019,0,0,0,1,1,1,1,1,1,1
1072001,0,0,0,0,0,0,1,0,1,0
1072002,0,0,0,1,0,0,1,1,1,0
1072003,0,1,0,1,0,0,1,0,1,0
1072004,0,0,0,0,0,1,0,0,1,0
1072005,0,0,0,0,0,0,0,0,1,0
1072007,0,0,0,0,0,0,1,0,1,0
1072008,0,0,0,0,0,0,0,0,1,0
1072009,0,1,0,1,0,0,1,1,1,0
1072010,0,1,0,1,0,1,1,0,1,0
1072011,0,1,1,1,1,0,1,0,1,0
1072012,0,0,0,0,1,1,1,0,1,0
1072013,0,0,0,0,0,1,1,0,1,0
1072014,0,0,0,1,0,0,1,1,1,0
1072015,0,1,0,0,0,0,1,1,1,0
1072016,0,0,0,0,0,0,1,0,1,0
1072018,0,1,0,0,1,0,1,0,1,0
1072019,0,0,0,0,0,0,0,0,1,0
1072020,0,0,1,1,0,0,1,0,1,0
1073001,0,1,0,0,0,0,1,1,1,0
1073002,0,0,0,0,0,0,1,1,1,0
1073003,0,1,0,0,0,0,0,0,1,0
1073004,0,0,0,0,0,0,1,0,1,0
1073005,0,0,0,0,0,0,0,0,1,0
1073006,0,0,0,0,1,0,1,0,1,0
1073007,0,0,0,1,0,0,1,0,1,1
1073008,0,0,0,1,1,1,1,1,1,1
1073009,0,0,1,0,0,1,0,1,1,0
1073010,0,0,1,1,0,0,1,0,1,1
1073011,0,0,0,1,0,0,1,0,1,1
1073012,0,0,0,0,0,0,1,0,1,0
1073013,0,0,0,1,0,0,1,0,1,0
1073014,0,0,0,1,0,0,1,1,1,1
1073015,0,0,0,0,0,0,1,0,1,0
1073016,0,0,0,0,0,0,0,0,1,0
1073017,1,1,0,0,0,0,0,0,1,0
1073018,0,0,0,0,0,0,0,0,1,0
1073019,0,1,0,0,0,0,1,0,1,0
1073020,0,0,0,1,1,1,1,0,1,1
1074001,0,0,0,1,0,0,0,0,1,0
1074002,0,0,0,0,0,0,0,0,1,0
1074003,0,1,0,0,0,0,0,0,1,0
1074004,0,0,0,1,0,0,0,0,1,0
1074005,0,0,0,0,0,0,0,0,1,0
1074006,0,0,0,0,0,0,1,0,1,0
1074007,0,0,0,0,1,0,1,1,1,0
1074008,0,0,0,1,0,0,1,0,1,0
1074010,0,0,0,0,0,0,0,0,1,0
1074011,0,0,0,0,0,0,0,0,1,0
1074013,0,0,1,1,0,0,1,0,1,0
1074014,0,0,0,1,0,0,1,0,1,0
1074015,0,0,0,1,0,0,1,0,1,0
1074016,0,0,0,0,0,0,0,0,1,0
1074017,0,0,0,0,0,0,0,0,1,0
1074018,0,0,0,1,0,0,1,0,1,0
1074019,0,0,0,1,0,0,1,0,1,0
1074020,0,0,0,1,0,1,1,1,1,0
1075002,0,1,0,1,0,0,1,0,1,0
1075003,0,1,0,0,0,0,1,1,1,0
1075004,0,0,0,1,0,0,0,0,1,0
1075005,0,0,0,1,0,0,0,0,1,0
1075006,0,0,0,1,0,0,1,0,1,0
1075008,0,0,0,1,0,0,1,0,1,0
1075009,1,0,0,1,0,0,1,0,1,0
1075010,0,1,0,1,0,0,1,1,1,0
1075011,0,0,0,0,0,0,0,0,1,0
1075012,0,0,0,1,0,0,1,0,1,0
1075013,0,1,0,1,0,0,0,0,1,1
1075014,0,0,0,0,0,0,0,0,1,0
1075015,0,0,0,0,0,0,1,0,1,0
1075016,0,0,0,1,0,0,1,0,1,0
1075019,0,0,1,1,0,0,1,0,1,0
1075020,0,1,0,0,0,0,1,0,1,0
1076001,0,0,0,0,0,0,0,0,0,0
1076003,0,0,0,0,0,0,0,0,1,0
1076004,0,0,0,1,0,0,0,0,1,0
1076005,0,0,0,0,0,0,0,0,1,0
1076006,0,0,0,0,0,0,0,0,1,0
1076007,0,0,0,0,0,0,0,0,0,0
1076008,0,0,0,0,0,0,0,0,1,0
1076009,0,0,0,0,0,0,0,0,1,0
1076010,0,0,0,0,0,0,0,0,1,0
1076011,0,0,0,0,0,0,0,0,1,0
1076012,0,0,0,0,0,0,0,0,0,0
1076013,0,0,0,0,0,0,0,0,0,0
1076014,0,0,0,0,0,0,0,0,0,0
1076015,0,0,0,0,0,0,0,0,0,0
1076016,0,0,0,0,0,0,0,0,0,0
1076017,0,0,0,0,0,0,0,0,1,0
1076018,0,1,0,0,0,0,0,0,1,0
1076019,0,0,1,0,0,0,0,0,1,0
1077001,0,0,0,0,0,0,0,0,1,0
1077002,0,0,0,0,0,0,0,0,1,0
1077004,0,0,0,0,0,0,0,0,0,0
1077005,0,0,0,0,0,0,0,0,1,0
1077006,0,0,0,0,0,0,0,0,1,0
1077007,0,0,0,0,0,0,0,1,1,0
1077008,0,0,0,0,0,0,0,0,1,0
1077009,0,0,0,0,0,0,0,0,1,0
1077010,0,0,0,0,0,0,0,0,1,0
1077011,0,0,0,0,0,0,0,0,1,0
1077012,0,0,1,0,0,0,0,0,0,0
1077013,0,0,0,0,0,0,0,0,1,0
1077014,0,0,0,0,0,0,0,0,1,0
1077015,0,0,0,0,0,0,0,0,1,0
1077016,0,0,0,0,0,0,0,0,1,0
1077017,0,0,0,0,0,0,0,0,1,0
1077018,0,0,0,1,0,0,0,0,1,1
1077019,0,0,0,1,0,0,0,0,1,0
1077020,1,0,0,0,0,0,1,0,1,0
1078001,0,0,0,0,0,0,0,0,1,0
1078002,0,0,0,1,0,0,0,0,1,0
1078003,1,0,0,0,0,0,0,0,1,0
1078004,0,0,0,1,0,0,1,1,1,0
1078005,0,0,0,0,0,0,1,0,1,0
1078006,0,0,0,0,0,0,0,0,1,0
1078008,0,0,0,0,0,0,1,0,1,0
1078009,0,0,0,0,0,0,0,0,1,0
1078010,0,0,0,0,0,0,0,0,1,0
1078011,0,0,0,0,0,0,0,0,1,0
1078012,0,0,0,0,0,0,0,0,1,0
1078013,0,0,0,0,0,0,0,0,0,0
1078014,0,0,0,0,0,0,0,0,0,0
1078015,0,0,0,1,0,0,1,1,1,0
1078016,0,1,0,0,0,0,0,0,1,0
1078017,0,0,0,0,0,0,0,0,1,0
1078018,0,0,0,0,0,0,1,0,1,0
1079001,0,0,0,0,0,0,0,0,0,0
1079002,0,1,0,0,0,0,1,1,1,0
1079003,0,0,0,0,0,0,1,0,1,0
1079004,0,1,0,0,0,0,1,0,1,0
1079005,0,0,0,1,0,0,1,1,1,0
1079006,0,0,0,1,0,0,0,0,1,0
1079007,0,0,0,0,0,1,1,0,1,0
1079008,0,0,0,0,0,0,1,0,1,0
1079009,0,0,1,0,0,1,1,0,1,0
1079010,0,0,0,1,0,0,0,0,1,0
1079011,0,0,0,0,0,0,0,0,1,0
1079012,0,0,0,0,0,0,0,0,1,0
1079013,0,1,0,0,0,0,0,0,1,0
1079014,0,,0,1,0,0,1,0,1,1
1079015,0,0,0,0,0,0,1,0,1,0
1079016,0,1,0,1,0,0,1,0,1,0
1079017,0,0,0,1,0,0,0,1,1,0
1079018,0,0,0,0,0,0,0,0,1,0
1079019,0,0,0,1,0,0,0,0,1,1
1079020,0,0,0,0,0,0,0,0,1,0
1080001,0,1,0,0,0,0,0,0,1,0
1080003,0,1,0,0,0,0,0,0,1,0
1080005,0,1,0,0,0,0,0,0,1,0
1080006,0,0,0,0,0,0,0,0,1,0
1080007,0,0,0,1,0,0,0,0,1,0
1080008,0,0,0,0,0,0,0,0,1,0
1080009,0,0,0,0,0,0,0,0,1,0
1080010,0,0,0,0,0,0,0,0,1,0
1080011,0,0,0,0,0,0,0,0,1,0
1080012,0,0,0,0,0,0,0,0,1,0
1080013,0,0,0,0,0,0,0,0,1,0
1080014,0,1,0,0,0,0,0,0,1,0
1080015,0,0,0,0,0,0,1,0,1,0
1080016,0,0,0,0,0,0,1,0,1,0
1080018,0,0,0,0,0,0,0,0,1,0
1080019,0,0,0,0,0,0,0,0,1,0
1080020,0,0,0,0,0,0,1,0,1,0
1081001,0,0,0,0,0,0,0,0,1,0
1081002,0,0,0,0,0,0,0,0,1,0
1081003,0,0,0,0,0,0,0,0,1,0
1081004,0,0,0,0,0,0,0,0,0,0
1081005,0,0,0,0,0,0,0,0,1,0
1081006,0,0,0,0,0,0,0,0,1,0
1081007,0,0,0,0,0,0,0,0,0,0
1081008,0,,0,0,0,0,0,0,1,0
1081009,0,0,0,0,0,0,0,0,0,0
1081010,0,0,0,0,0,0,0,0,1,0
1081011,0,0,0,0,0,0,0,0,0,0
1081012,0,0,0,0,0,0,0,0,1,0
1081013,0,0,1,0,0,0,0,1,1,0
1081014,0,0,0,0,0,0,0,0,1,0
1081015,0,0,0,0,0,0,0,0,1,0
1081016,0,0,0,0,0,0,0,0,1,0
1081017,0,0,0,0,0,0,0,0,0,0
1081018,0,0,0,0,0,0,0,0,1,0
1081020,0,0,0,1,0,0,0,0,1,0
1082001,0,0,0,0,0,0,0,0,1,0
1082003,0,0,0,0,0,0,0,0,1,0
1082006,0,0,0,0,0,0,0,0,1,0
1082007,0,0,0,0,0,0,0,0,1,0
1082008,0,0,0,1,0,0,0,1,1,0
1082009,0,0,0,0,0,0,0,0,1,0
1082010,0,0,0,0,0,0,0,0,1,0
1082011,0,0,0,0,0,0,0,0,1,0
1082012,0,0,0,0,0,0,0,0,1,0
1082013,0,1,0,1,0,0,1,0,1,0
1082014,0,0,0,0,0,0,0,0,1,0
1082015,0,0,0,0,0,0,1,0,1,0
1082016,0,0,0,0,0,0,0,0,1,0
1082017,0,0,0,0,0,0,1,0,1,0
1082018,0,0,0,0,0,0,0,0,1,0
1082019,0,0,0,0,0,0,0,0,1,0
1082020,0,0,0,0,0,0,0,0,1,0
1083001,0,0,0,0,0,0,1,0,1,0
1083002,0,0,0,0,0,0,1,0,1,0
1083003,0,0,0,0,0,0,0,0,1,0
1083004,0,0,0,0,0,0,0,0,0,0
1083005,0,0,0,0,0,0,0,0,1,0
1083006,0,1,0,1,0,0,0,0,1,0
1083007,0,0,0,0,0,0,0,0,1,0
1083008,0,0,0,0,0,0,0,0,1,0
1083009,0,1,0,0,0,1,1,1,1,0
1083010,0,0,0,0,0,0,0,0,1,0
1083011,0,0,0,0,0,0,1,0,1,0
1083012,0,0,0,0,0,0,0,0,1,0
1083013,0,0,0,0,0,0,0,0,1,0
1083014,0,0,0,0,0,0,0,0,1,0
1083015,0,0,0,0,0,0,0,0,1,0
1083016,0,0,0,0,0,0,0,0,1,0
1083017,0,0,0,0,0,0,0,0,1,1
1083018,0,0,0,0,0,0,0,0,1,0
1083020,0,0,0,0,0,0,1,0,1,0
1084001,0,0,0,0,0,0,1,1,1,0
1084002,0,0,0,1,0,1,1,0,1,1
1084003,0,0,0,0,0,0,0,0,1,0
1084004,0,,0,0,0,0,1,0,1,0
1084005,0,1,0,0,0,0,1,0,1,0
1084006,0,0,0,0,0,0,1,0,1,0
1084007,0,0,0,1,0,0,1,0,1,1
1084008,0,0,0,0,0,0,0,0,1,0
1084009,0,0,0,1,0,0,0,0,1,0
1084010,0,0,0,0,0,0,0,1,1,0
1084011,0,0,0,1,0,0,1,0,1,0
1084012,0,1,0,0,0,0,0,0,1,0
1084013,0,0,0,0,0,0,0,0,1,0
1084014,0,1,0,0,0,0,1,1,1,0
1084015,0,0,0,0,0,0,0,0,1,0
1084016,0,0,0,0,0,0,1,0,1,0
1084017,0,0,0,0,0,0,0,0,1,0
1084018,0,0,0,0,0,0,1,0,1,0
1084019,0,0,0,0,0,0,0,0,1,0
1084020,0,0,0,0,0,0,0,0,1,0
1085001,0,0,0,0,0,0,0,0,1,0
1085002,0,0,0,0,0,0,0,0,1,0
1085003,0,0,0,0,0,0,0,0,1,0
1085004,0,0,0,0,0,0,0,0,1,0
1085005,0,0,0,0,0,0,0,0,1,0
1085006,0,0,0,1,0,0,0,0,1,0
1085007,0,0,0,0,0,0,1,0,0,0
1085008,0,0,0,0,0,0,0,0,1,0
1085009,0,0,0,0,0,0,0,0,1,0
1085010,0,0,0,1,0,0,0,0,0,0
1085011,0,0,0,0,0,0,0,0,1,0
1085012,0,0,0,0,0,0,0,0,1,0
1085013,,0,0,0,0,0,0,0,0,0
1085015,0,0,0,0,0,0,0,0,1,0
1085017,0,1,0,0,0,0,0,0,1,0
1085018,0,0,0,0,0,0,0,0,0,0
1085019,0,0,0,0,0,0,0,0,1,0
1085020,0,0,0,0,0,0,0,0,1,0
1086001,0,0,0,0,0,0,0,0,1,0
1086002,0,0,0,0,0,0,0,0,1,0
1086003,0,1,0,0,0,0,0,1,0,0
1086004,0,0,0,0,0,0,0,0,1,0
1086005,0,0,0,0,0,0,0,0,1,0
1086006,0,0,0,0,0,0,0,0,1,0
1086007,0,0,0,0,0,0,0,0,1,0
1086008,0,0,0,0,0,0,0,0,0,0
1086009,0,0,0,0,0,0,0,0,1,0
1086010,0,0,0,0,0,0,0,0,0,0
1086011,0,0,0,0,0,0,0,0,1,0
1086012,0,0,0,0,0,0,0,0,1,0
1086013,0,0,0,0,0,0,0,0,1,0
1086014,0,0,0,0,0,0,0,0,1,0
1086015,0,0,0,0,0,0,0,0,0,0
1086016,0,0,0,0,0,0,0,0,1,0
1086017,0,0,0,0,0,0,0,0,1,0
1086018,0,0,0,0,0,0,0,0,0,0
1086019,0,0,0,0,0,0,0,0,1,0
1086020,0,0,0,0,0,0,0,0,0,0
1087001,0,0,0,0,0,0,0,0,1,0
1087002,0,0,0,0,0,0,0,0,1,0
1087003,0,0,0,0,0,0,0,0,1,0
1087004,0,0,0,0,0,0,0,0,1,0
1087005,0,0,0,0,0,0,0,0,1,0
1087006,0,0,0,0,0,0,0,0,1,0
1087007,0,0,0,0,0,0,0,0,1,0
1087008,0,0,0,0,0,0,0,0,1,0
1087009,0,0,0,0,0,0,0,0,1,0
1087010,0,0,0,0,0,0,0,1,1,0
1087011,0,0,0,0,0,0,0,0,1,0
1087012,0,0,0,0,0,0,0,1,1,0
1087013,0,0,0,0,0,0,0,0,1,0
1087018,0,0,0,0,0,0,0,0,1,0
1087019,0,0,0,0,0,0,0,0,1,0
1087020,0,0,0,0,0,0,0,0,1,0
1088001,0,0,0,0,0,0,0,0,1,0
1088003,0,0,0,0,0,0,0,0,1,0
1088004,0,0,0,0,0,0,0,0,1,0
1088005,0,0,0,0,0,1,1,0,1,0
1088006,0,0,0,0,0,0,0,0,1,0
1088007,0,0,0,0,0,1,1,1,1,0
1088008,0,1,0,0,0,0,1,0,1,0
1088009,0,0,0,1,0,0,0,0,1,0
1088010,0,0,0,0,0,0,1,0,1,0
1088012,0,0,0,0,0,0,0,0,1,0
1088013,0,0,0,0,0,0,1,0,1,0
1088014,0,1,0,1,0,0,1,1,1,1
1088015,0,1,0,1,0,0,1,0,1,0
1088016,0,0,0,1,0,0,1,0,1,0
1088017,0,0,0,0,0,0,1,0,1,0
1088018,0,0,0,0,0,0,1,0,1,0
1088019,0,0,0,0,0,0,1,0,1,0
1088020,0,0,0,0,0,0,0,0,1,0
1089001,0,0,0,0,0,0,0,0,1,0
1089002,0,0,0,0,0,0,0,0,1,0
1089003,0,0,1,0,0,0,1,0,1,0
1089004,0,0,0,0,0,0,0,0,1,0
1089005,0,0,0,0,0,0,1,1,1,0
1089006,0,0,0,1,0,0,1,0,1,1
1089008,0,0,0,0,0,0,0,0,1,0
1089009,0,0,1,0,0,0,0,0,1,0
1089010,0,0,0,0,0,0,0,0,1,0
1089011,0,0,1,0,0,0,0,0,1,0
1089012,0,0,0,1,0,0,1,0,1,0
1089013,0,0,0,1,0,0,1,0,1,0
1089014,0,1,0,0,0,1,1,0,1,0
1089015,0,0,0,0,0,1,1,0,1,1
1089016,0,0,0,1,0,1,0,0,1,0
1089017,0,0,0,0,0,0,0,0,1,0
1089018,0,1,0,0,0,0,1,0,1,0
1089019,0,0,0,0,0,0,0,0,1,0
1089020,0,0,0,0,0,0,1,0,1,0
1090001,0,1,0,0,0,1,1,1,1,0
1090002,0,0,0,0,0,0,0,1,1,0
1090003,0,0,0,0,0,0,0,0,1,0
1090004,0,0,1,0,0,0,1,0,1,0
1090005,0,0,0,0,0,0,1,0,1,0
1090006,0,0,0,0,0,0,1,0,1,0
1090007,0,0,0,0,0,0,1,1,1,0
1090008,0,0,0,0,0,1,1,0,1,0
1090009,0,0,0,0,0,1,1,0,1,0
1090010,0,1,0,0,0,0,1,0,1,0
1090011,0,0,0,0,0,0,1,0,1,0
1090012,0,1,0,1,0,1,1,1,1,0
1090013,0,0,1,0,0,0,0,0,1,0
1090014,0,0,0,0,0,0,1,0,1,0
1090016,0,0,0,0,0,1,1,1,1,0
1090017,0,0,0,0,0,0,0,0,1,0
1090018,1,0,0,0,0,0,1,0,1,0
1090019,0,0,0,1,0,0,1,0,1,1
1090020,0,0,0,1,0,0,1,1,1,0
1091001,0,0,0,1,0,0,0,0,1,0
1091002,0,1,0,1,0,0,0,0,1,0
1091003,0,0,0,0,0,1,0,0,1,0
1091004,0,0,0,1,0,0,0,0,1,0
1091005,0,0,0,0,0,0,0,0,1,0
1091006,0,0,0,0,0,0,0,0,0,0
1091007,0,0,0,0,0,0,0,0,1,0
1091008,0,0,0,1,0,0,1,0,1,1
1091009,0,0,1,1,0,1,1,1,1,0
1091010,0,0,0,1,0,0,1,1,1,0
1091011,0,0,0,0,0,0,0,1,1,0
1091012,0,0,0,1,0,0,1,0,1,0
1091013,0,1,0,0,0,0,0,0,1,0
1091014,0,0,0,1,0,0,0,0,1,0
1091015,0,0,0,1,0,0,1,1,1,0
1091016,0,0,0,0,0,0,1,1,1,0
1091017,0,0,0,0,0,0,1,0,1,0
1091018,0,1,0,0,0,0,1,1,1,0
1091019,0,0,0,1,0,0,0,0,1,0
1091020,0,0,0,1,1,0,1,0,1,1
1092001,0,0,0,0,0,0,1,1,1,0
1092002,0,0,0,0,0,0,0,0,1,0
1092003,0,0,0,1,0,0,1,0,1,0
1092004,0,0,0,0,0,0,0,0,1,0
1092005,0,0,0,0,0,0,1,1,1,0
1092006,0,0,0,0,0,0,0,0,1,0
1092007,0,0,0,1,0,0,1,0,1,0
1092008,0,0,0,0,0,0,0,0,1,0
1092009,0,0,0,0,0,0,0,0,1,0
1092010,0,0,0,1,0,0,0,0,1,0
1092011,0,0,0,0,0,1,0,0,1,0
1092012,0,0,0,0,0,0,0,0,1,0
1092013,0,0,0,1,0,0,0,1,1,0
1092014,0,0,0,0,0,0,0,0,1,0
1092015,0,0,0,0,0,0,0,0,1,0
1092016,0,1,0,0,0,0,0,0,1,0
1092017,0,0,0,0,0,0,0,0,1,0
1092018,0,0,0,0,0,0,0,0,1,0
1092019,0,0,0,0,0,0,0,0,1,0
1092020,0,0,0,0,0,0,0,0,1,0
1093001,0,0,0,0,0,0,0,0,1,0
1093002,0,0,0,0,0,0,0,0,1,1
1093003,0,1,0,1,0,0,0,0,1,0
1093004,0,0,0,0,0,0,0,0,1,0
1093005,0,1,0,0,0,0,1,0,1,0
1093006,1,0,0,1,0,0,0,1,1,0
1093007,0,0,0,1,0,0,0,0,1,0
1093009,0,1,0,1,0,0,0,0,1,0
1093010,0,0,0,0,0,0,1,0,1,0
1093011,1,0,0,0,0,1,1,0,1,0
1093013,0,0,0,0,0,0,1,1,1,1
1093014,0,1,0,0,0,0,0,1,1,1
1093015,0,0,1,0,0,0,1,1,1,0
1093016,0,0,0,0,0,1,1,0,1,0
1093017,0,1,0,0,0,0,0,1,1,1
1093018,0,0,1,1,0,0,1,0,1,1
1093019,0,0,0,0,0,0,0,1,1,0
1093020,0,0,0,0,0,0,1,0,1,0
1094001,0,0,0,0,0,0,1,0,1,0
1094002,0,0,0,1,0,1,1,0,1,0
1094003,0,1,0,0,0,1,1,1,1,0
1094004,0,0,0,0,0,1,0,1,1,0
1094005,0,0,0,1,0,1,1,1,1,0
1094007,0,0,0,0,0,1,1,0,1,0
1094008,0,0,0,0,0,0,1,1,1,0
1094009,0,0,0,1,0,0,1,0,1,1
1094010,0,0,0,0,0,1,1,0,1,0
1094011,0,0,0,0,0,0,1,0,1,0
1094012,0,0,0,0,0,0,0,0,1,0
1094013,0,1,0,1,0,0,1,1,1,0
1094014,1,0,0,0,0,0,1,0,1,0
1094015,0,0,0,0,1,0,1,1,1,1
1094016,0,0,0,0,0,0,1,0,1,0
1094017,0,0,0,0,0,0,1,1,1,0
1094018,0,0,0,1,0,1,1,0,1,1
1094019,0,1,0,1,0,0,1,0,1,0
1094020,0,0,0,0,0,0,0,0,1,0
1095002,0,0,0,1,0,0,1,0,1,0
1095004,0,0,1,0,0,0,0,0,1,0
1095005,0,0,0,1,0,0,0,1,0,0
1095006,,,0,0,0,0,1,0,1,0
1095007,0,1,0,0,0,1,0,1,1,0
1095010,0,0,0,0,0,0,0,0,1,0
1095011,0,0,0,0,0,0,0,0,1,0
1095012,,0,1,0,0,0,1,1,1,1
1095013,0,1,0,0,0,0,1,0,1,0
1095014,0,0,1,0,0,0,0,0,1,0
1095015,0,1,0,0,0,0,1,0,1,0
1095016,0,1,0,0,0,0,1,0,1,0
1095017,0,0,0,0,0,1,1,1,1,0
1095018,0,0,0,0,0,0,0,0,1,0
1095020,0,0,0,0,0,0,0,0,1,0
1096003,0,1,0,1,0,0,1,1,1,0
1096004,0,0,0,0,0,0,0,0,1,0
1096005,0,0,0,0,0,0,0,0,1,0
1096006,0,0,0,1,0,0,0,0,1,1
1096007,0,0,0,1,0,0,0,0,1,0
1096008,0,0,0,1,0,0,0,0,1,1
1096010,0,0,1,0,0,0,0,0,1,0
1096011,0,0,0,1,0,1,1,0,1,0
1096012,0,0,0,1,0,0,0,1,1,1
1096013,0,0,0,0,0,0,0,0,1,0
1096014,0,0,0,1,0,0,0,0,1,0
1096015,0,1,0,0,0,0,1,1,1,0
1096016,0,0,0,0,0,0,0,0,1,0
1096017,0,0,0,0,0,0,0,0,1,0
1096018,0,0,0,0,0,0,0,0,1,0
1096019,0,0,0,0,0,0,0,0,1,0
1096020,0,1,0,0,0,0,1,0,1,1
1097001,0,1,0,0,0,1,1,0,1,1
1097002,1,0,0,1,0,0,0,0,1,0
1097003,0,0,0,0,0,1,0,0,1,0
1097004,0,0,0,0,0,0,0,0,1,0
1097005,0,1,0,0,0,0,0,1,1,0
1097006,0,0,0,0,0,0,0,0,1,0
1097007,0,0,1,0,0,1,0,0,1,0
1097008,0,1,0,0,0,0,1,0,1,0
1097009,0,0,1,1,0,1,1,1,1,0
1097010,1,1,1,1,0,1,1,1,1,1
1097013,0,1,0,1,0,1,1,1,1,0
1097014,0,0,0,1,0,0,0,1,1,0
1097015,0,0,0,0,0,1,0,0,1,0
1097016,0,1,0,0,0,0,1,0,1,0
1097017,0,0,1,0,0,1,0,0,1,0
1097018,0,0,0,0,0,1,1,0,1,0
1097019,0,0,0,1,0,0,1,1,1,0
1097020,0,0,0,0,0,1,0,0,1,0
1098001,0,0,0,1,0,1,0,0,1,0
1098002,0,1,1,1,0,1,0,0,1,0
1098003,0,0,0,1,0,1,1,0,1,0
1098004,0,0,0,1,0,1,0,0,1,0
1098005,0,0,0,1,0,1,0,0,1,0
1098006,0,0,0,1,0,1,0,0,1,0
1098007,0,0,1,0,0,1,0,0,1,0
1098008,0,0,0,1,1,1,1,0,1,1
1098009,0,0,1,1,1,1,0,1,1,1
1098010,0,0,0,1,0,1,0,0,1,0
1098011,0,1,1,1,0,0,0,1,1,1
1098012,0,0,0,0,0,1,0,0,1,0
1098013,0,0,1,1,0,1,0,0,1,0
1098014,0,0,0,0,0,1,0,1,1,0
1098015,0,1,1,1,1,1,0,0,1,1
1098016,0,0,0,0,0,0,0,0,1,0
1098017,0,0,0,0,0,1,0,0,1,0
1098018,0,1,0,0,0,0,0,0,1,0
1098019,0,,0,1,1,1,1,1,1,0
1098020,0,0,1,1,1,1,0,0,1,1
1099001,0,0,0,0,0,1,0,0,1,0
1099002,0,1,0,0,0,1,1,0,1,0
1099003,0,0,0,0,0,1,0,0,1,0
1099004,0,0,0,1,0,1,1,0,1,0
1099005,0,0,0,0,0,1,0,0,1,0
1099006,0,0,0,0,0,0,0,0,1,0
1099007,0,0,1,1,0,0,0,0,1,0
1099008,0,0,0,0,0,1,0,0,1,0
1099009,0,0,0,0,0,0,0,0,1,0
1099010,1,0,1,0,0,0,0,0,1,0
1099011,0,0,0,0,0,0,0,0,1,0
1099012,0,1,0,0,0,1,0,0,1,0
1099013,0,0,0,1,0,1,0,0,1,0
1099014,0,1,0,0,0,1,0,0,1,0
1099015,0,0,0,0,0,1,0,0,1,0
1099016,0,1,0,0,0,1,1,0,1,0
1099017,0,0,0,1,0,0,0,0,1,0
1099018,0,0,0,0,0,0,1,0,1,0
1099019,0,0,0,1,0,1,0,0,1,0
1099020,0,0,0,1,1,1,1,0,1,0
1100001,0,0,0,0,0,0,0,0,1,0
1100002,0,1,0,0,0,0,1,1,1,0
1100004,0,1,0,0,0,1,0,0,1,0
1100005,0,1,0,0,0,0,0,0,1,0
1100006,0,0,1,1,0,0,1,0,1,0
1100007,0,0,0,1,0,1,0,0,1,0
1100008,1,0,0,0,0,0,1,0,1,0
1100009,0,0,1,0,0,0,0,0,1,0
1100010,0,0,0,0,0,0,0,0,1,0
1100011,0,0,0,0,0,0,0,0,1,0
1100012,0,0,1,0,0,0,1,1,1,0
1100013,0,0,0,0,0,0,0,0,1,0
1100014,0,0,0,0,0,0,0,1,1,0
1100015,0,0,0,0,0,0,0,0,1,0
1100016,0,0,0,1,0,1,1,0,1,0
1100017,0,1,0,0,0,1,1,0,1,0
1100018,0,0,0,1,0,0,0,0,1,0
1100019,0,1,1,0,0,0,0,0,1,0
1100020,1,0,0,0,0,1,1,1,1,0
1101001,1,1,0,0,0,0,1,0,1,0
1101002,0,0,0,1,0,0,1,0,1,0
1101003,0,1,0,0,0,0,1,0,1,0
1101004,0,0,0,0,0,0,0,0,1,0
1101006,0,,0,1,0,0,0,1,1,0
1101008,0,0,0,0,0,0,1,0,1,0
1101009,0,0,1,1,0,0,1,1,1,1
1101010,0,0,0,1,0,0,1,0,1,0
1101011,0,1,1,1,0,0,1,1,1,1
1101012,0,1,0,0,0,0,1,1,1,0
1101014,0,1,0,1,0,0,0,0,1,0
1101015,0,0,0,1,0,0,1,0,1,0
1101016,0,0,0,1,0,0,1,0,1,0
1101017,0,0,0,0,0,0,0,0,1,0
1101018,0,0,0,0,0,0,0,0,1,0
1101019,0,0,0,0,0,0,0,0,1,0
1102001,0,0,0,0,0,1,0,0,1,0
1102002,0,0,0,0,0,1,0,0,1,0
1102003,0,1,0,1,1,1,1,1,1,1
1102004,0,0,0,0,0,1,0,0,1,0
1102005,0,0,1,0,0,0,0,0,1,0
1102006,1,1,0,0,0,1,1,0,1,0
1102007,0,1,1,0,0,0,1,1,1,1
1102008,0,0,0,1,1,1,1,1,1,1
1102009,0,1,1,1,0,1,0,0,1,1
1102010,0,1,0,1,0,1,1,0,1,0
1102011,0,0,0,0,0,1,0,0,1,0
1102012,0,0,0,1,0,1,1,0,1,1
1102014,0,0,0,1,1,1,1,1,1,1
1102015,0,1,0,1,0,0,0,1,1,1
1102016,0,1,1,0,0,1,1,1,1,0
1102017,0,0,0,0,0,1,0,0,1,0
1102018,0,0,0,0,0,1,1,0,1,0
1103001,0,0,0,0,0,0,1,0,1,0
1103002,0,0,0,0,0,0,0,0,1,0
1103003,0,0,0,0,0,0,0,1,1,0
1103004,0,0,0,0,0,1,0,1,1,0
1103005,0,0,0,0,0,0,0,0,1,0
1103006,0,0,0,1,0,0,0,1,1,0
1103007,0,0,0,0,0,1,0,0,1,0
1103008,0,1,0,1,0,0,0,1,1,0
1103009,0,1,0,0,0,1,0,1,1,0
1103010,0,0,0,0,0,0,0,0,1,0
1103011,0,0,0,1,0,0,0,0,1,0
1103013,0,1,1,0,0,0,0,1,1,0
1103014,0,0,0,1,0,0,0,1,1,1
1103015,0,1,0,0,0,0,0,0,1,0
1103016,0,0,0,0,0,1,1,1,1,0
1103019,0,0,0,0,0,0,0,0,1,0
1104001,0,0,0,0,0,0,1,1,1,0
1104002,0,0,0,0,0,0,0,0,1,0
1104003,0,0,0,0,0,0,0,0,1,0
1104004,0,0,0,0,0,0,0,0,1,0
1104005,0,0,0,0,0,0,1,0,1,1
1104006,0,0,0,0,0,0,0,0,1,0
1104007,0,0,0,0,0,0,0,0,1,0
1104008,0,1,0,0,0,1,0,0,1,0
1104010,0,0,0,0,0,0,0,0,1,0
1104011,0,0,0,0,0,0,0,1,1,0
1104012,0,0,0,0,0,0,0,0,1,0
1104013,0,0,0,0,0,0,0,0,1,0
1104014,0,0,0,0,0,0,0,0,1,0
1104016,0,0,0,0,0,0,0,0,1,0
1104017,0,0,0,0,0,0,0,0,1,0
1104018,0,0,0,0,0,0,0,0,1,0
1104019,0,1,0,1,0,0,0,0,1,0
1104020,0,0,0,1,0,0,1,0,1,1
1105001,0,1,0,1,1,0,1,0,1,1
1105002,0,0,0,0,1,0,1,0,1,0
1105003,0,1,0,0,1,1,1,0,1,0
1105004,1,0,1,1,1,1,1,0,1,0
1105005,0,0,0,0,1,1,1,0,1,1
1105006,0,0,0,1,1,1,1,0,1,0
1105007,1,1,0,1,1,1,1,0,1,0
1105008,0,0,0,1,1,1,1,0,1,0
1105009,0,0,0,1,1,1,1,1,1,0
1105010,0,1,0,0,1,1,1,0,1,0
1105011,0,0,0,0,1,1,1,0,1,0
1105012,0,0,1,0,1,1,1,0,1,0
1105013,0,0,0,1,1,1,1,0,1,0
1105014,0,1,0,0,0,1,1,0,1,0
1105016,0,0,0,1,1,1,1,1,1,0
1105017,1,1,0,1,1,0,1,0,1,1
1105018,0,1,0,0,1,1,1,0,1,0
1105019,0,0,0,1,1,1,1,0,1,0
1106001,0,0,0,1,0,0,1,0,1,0
1106002,0,0,0,0,0,0,1,0,1,0
1106003,0,0,0,1,0,0,0,0,1,0
1106004,0,0,0,1,0,0,1,1,1,0
1106005,0,1,0,0,0,0,1,0,1,0
1106006,0,0,0,1,0,0,1,0,1,1
1106007,0,0,1,1,0,0,1,0,1,0
1106008,0,0,1,1,0,0,0,0,1,0
1106009,0,0,1,1,0,0,1,0,1,0
1106010,0,0,0,1,0,1,1,0,1,0
1106011,0,0,0,0,0,0,1,0,1,0
1106012,0,1,0,0,0,1,1,0,1,0
1106013,0,0,1,1,0,0,1,0,1,0
1106014,0,0,1,1,0,0,0,0,1,0
1106015,0,0,0,1,0,0,0,0,1,0
1106016,0,0,0,0,0,0,0,0,1,0
1106017,0,0,0,1,0,0,1,0,1,0
1106020,0,0,0,1,0,1,0,0,1,0
1107001,0,0,0,0,0,0,0,0,1,0
1107002,0,1,0,1,0,0,1,1,1,0
1107003,0,0,0,0,0,1,1,0,1,0
1107004,0,0,0,0,0,0,0,0,1,0
1107005,0,0,0,0,0,1,0,0,1,0
1107006,0,0,0,0,0,0,0,1,1,0
1107007,0,0,0,0,0,0,0,0,1,0
1107008,0,1,0,0,0,0,0,0,1,0
1107009,0,0,0,0,0,0,0,0,1,0
1107010,0,1,0,0,0,0,0,0,1,0
1107011,0,1,0,0,0,0,0,1,1,0
1107012,0,0,0,0,0,0,0,0,1,0
1107013,0,0,0,0,0,0,0,0,1,0
1107014,0,0,0,0,0,0,1,0,1,0
1107015,0,0,0,0,0,0,0,0,1,0
1107016,0,0,0,0,0,0,0,0,1,0
1107017,0,0,0,0,0,0,0,0,1,0
1107018,0,0,0,0,0,0,0,0,1,0
1107019,0,1,0,1,0,1,1,1,1,0
1107020,0,0,0,0,0,0,0,0,1,0
1108001,0,,0,0,0,1,0,0,1,0
1108002,0,0,1,0,0,0,0,0,1,0
1108004,0,0,1,1,0,0,0,0,1,0
1108005,0,0,0,1,0,0,0,0,1,0
1108006,0,0,0,1,0,0,1,1,1,0
1108007,0,0,1,0,0,1,0,0,1,1
1108008,0,1,0,1,0,1,0,0,1,0
1108009,0,0,0,0,0,0,0,0,1,0
1108010,0,1,0,1,0,0,0,0,1,1
1108011,0,0,0,1,0,0,0,0,1,0
1108012,0,0,0,0,0,1,0,0,1,0
1108013,0,0,0,0,0,0,0,0,1,0
1108014,0,0,0,0,0,0,0,0,1,0
1108015,0,0,0,1,0,0,0,0,1,0
1108016,0,1,0,0,0,1,0,1,1,0
1108017,0,0,1,0,0,1,1,0,1,0
1108018,0,0,0,0,0,0,0,1,1,0
1108019,0,0,0,0,0,1,1,0,1,0
1108020,0,0,0,0,0,0,0,0,1,0
1109001,1,0,0,0,0,1,1,0,1,0
1109002,0,1,1,0,0,1,0,0,1,1
1109005,1,0,0,0,0,0,0,0,1,0
1109006,,,0,0,0,1,0,1,1,1
1109007,0,1,0,0,0,1,0,0,1,0
1109008,1,1,0,1,0,1,1,1,1,1
1109009,0,0,0,0,0,1,0,0,1,0
1109010,0,1,0,1,0,1,0,0,1,0
1109011,0,0,0,0,0,1,0,0,1,0
1109012,0,0,0,1,0,1,0,0,1,0
1109013,0,0,0,0,0,0,0,0,1,0
1109014,0,0,0,0,0,1,0,1,1,0
1109015,0,1,0,0,0,1,0,0,1,0
1109016,0,1,0,1,0,1,0,0,1,0
1109017,0,1,0,1,0,0,1,1,1,0
1109018,0,1,0,0,0,0,1,0,1,0
1109019,0,0,1,1,1,1,1,0,1,1
1109020,0,0,0,1,0,1,1,1,1,0
1110001,0,0,0,0,0,0,0,0,0,0
1110002,0,0,0,0,0,0,0,0,1,0
1110003,0,1,0,0,0,0,0,0,1,0
1110005,0,0,0,0,0,0,0,1,1,0
1110006,0,0,0,0,0,0,1,1,1,0
1110007,0,1,0,0,0,0,0,0,1,0
1110008,0,1,0,0,0,0,0,0,1,0
1110009,0,1,0,0,0,0,0,0,1,0
1110010,1,1,0,1,0,0,1,0,1,0
1110011,0,0,0,0,0,0,0,0,1,0
1110012,0,0,0,0,0,0,0,0,1,0
1110013,0,0,0,0,0,0,0,0,1,0
1110014,0,0,0,1,0,0,1,0,1,0
1110015,1,0,1,1,0,0,1,1,1,1
1110017,0,0,0,0,0,0,1,0,1,0
1110018,0,0,0,1,0,0,0,0,1,1
1110019,0,0,0,0,0,0,1,0,1,0
1110020,0,0,0,0,0,0,0,0,1,0
1111001,0,0,0,1,1,1,1,1,1,1
1111002,0,1,0,1,1,1,1,1,1,1
1111003,0,0,0,1,0,0,0,0,1,0
1111004,0,0,0,0,0,0,0,1,1,0
1111005,0,0,0,1,0,1,0,0,1,0
1111007,0,1,0,1,1,1,1,0,1,1
1111009,0,0,0,1,0,0,0,1,1,1
1111010,0,0,1,1,0,1,0,1,1,1
1111011,0,0,0,1,0,1,1,1,1,1
1111012,0,0,0,0,0,0,0,0,0,0
1111013,0,0,0,1,0,0,1,0,1,0
1111015,0,0,1,1,0,0,1,1,1,1
1111016,0,0,0,1,1,1,1,1,1,0
1111017,1,1,0,0,0,1,0,1,1,1
1111019,0,0,1,1,1,1,1,1,1,1
1111020,0,1,0,0,1,1,1,1,1,1
1112001,0,0,0,0,0,0,0,0,1,0
1112002,0,0,0,0,1,0,1,0,1,0
1112003,0,1,1,1,0,1,1,0,1,0
1112005,0,0,0,0,0,0,1,0,1,0
1112006,0,,0,0,0,0,1,0,1,0
1112007,1,0,0,1,0,0,0,0,1,0
1112008,0,0,0,0,0,0,1,0,1,0
1112010,0,0,0,0,0,0,1,0,1,0
1112011,0,1,0,0,0,1,0,0,1,0
1112012,0,1,0,1,0,0,1,1,1,0
1112013,0,0,0,0,0,1,1,1,1,1
1112015,0,0,0,0,0,0,0,0,1,0
1112016,0,1,0,0,0,0,1,0,1,0
1112017,0,1,1,1,1,1,1,0,1,0
1112019,0,1,0,0,0,1,1,0,1,1
1112020,0,0,0,1,0,1,1,1,1,0
1113001,0,0,0,0,0,0,0,0,1,0
1113002,0,1,0,1,1,0,1,1,1,0
1113003,0,1,0,1,0,0,1,0,1,0
1113004,0,0,0,0,0,0,0,0,1,0
1113005,0,0,0,1,0,0,1,1,1,0
1113006,0,0,0,0,0,0,0,0,1,0
1113007,0,1,0,0,0,0,0,0,1,0
1113009,0,0,0,1,0,0,1,0,1,1
1113010,0,0,0,1,0,0,1,1,1,0
1113011,0,0,1,1,0,1,1,1,1,0
1113012,0,0,0,1,0,0,1,1,1,0
1113013,0,0,0,1,0,0,1,1,1,0
1113014,0,0,0,0,0,0,1,1,1,0
1113015,0,1,0,1,0,0,1,0,1,1
1113016,1,0,0,0,0,0,1,0,1,0
1113017,0,0,0,0,0,1,1,0,1,0
1113018,0,0,0,0,0,0,0,1,1,1
1113019,0,1,0,0,0,0,0,0,1,0
1113020,0,0,0,1,0,0,1,1,1,0
1114001,0,0,1,0,0,0,0,0,1,0
1114002,0,0,0,0,0,0,0,0,1,0
1114003,0,1,0,1,0,0,1,1,1,0
1114004,0,0,0,0,0,0,0,0,1,0
1114005,0,1,0,1,1,0,1,1,1,1
1114006,0,1,0,1,0,0,1,1,1,0
1114009,0,0,0,1,0,0,1,1,1,0
1114010,0,0,1,1,0,0,1,0,1,0
1114011,1,1,0,1,0,0,0,0,1,0
1114012,0,1,0,1,1,0,1,1,1,1
1114013,0,1,0,1,0,0,0,1,1,0
1114014,0,0,0,0,0,0,1,0,1,0
1114015,0,0,0,1,0,0,0,0,1,0
1114016,0,0,0,0,0,0,1,0,1,0
1114017,0,0,0,1,0,0,1,1,1,1
1114018,0,1,0,1,0,1,1,1,1,0
1114019,0,0,0,0,0,0,0,0,1,0
1114020,0,0,0,1,0,0,1,1,1,0
1115001,0,0,0,0,0,0,0,0,1,0
1115002,1,0,0,0,0,0,0,0,1,0
1115003,0,0,0,1,0,1,0,1,1,1
1115004,0,0,0,1,0,1,1,1,1,1
1115005,0,0,0,1,0,0,0,0,1,0
1115006,0,0,0,0,0,0,1,0,1,0
1115007,0,0,1,1,0,1,1,0,1,0
1115008,0,0,0,0,0,0,1,0,1,0
1115009,0,0,0,1,0,0,1,0,1,0
1115010,0,0,0,0,0,0,0,0,1,0
1115011,0,0,0,0,0,0,0,0,1,0
1115012,0,0,0,0,0,0,0,0,1,0
1115013,0,0,0,1,0,0,0,1,1,0
1115014,0,0,1,0,1,0,1,0,1,1
1115016,0,0,0,0,0,0,0,0,1,0
1115018,0,0,0,0,0,0,0,0,1,0
1115019,0,1,0,0,0,1,1,1,1,0
1115020,0,0,0,1,1,1,1,1,1,1
1116001,0,0,0,0,0,1,0,1,1,0
1116002,0,1,0,0,0,0,1,1,1,0
1116003,0,1,0,0,0,0,0,0,1,0
1116004,0,0,1,0,0,0,1,0,1,0
1116005,0,0,0,0,0,0,1,1,1,0
1116006,0,0,0,0,0,0,0,0,0,0
1116007,0,0,0,0,0,0,0,0,0,0
1116008,0,1,0,0,0,0,1,1,1,0
1116009,0,1,0,0,0,0,1,0,1,0
1116010,0,0,0,0,0,0,0,1,1,0
1116011,0,0,0,0,0,0,1,1,1,0
1116012,0,0,0,0,0,0,0,0,1,0
1116013,0,1,0,0,0,0,1,1,1,0
1116014,0,0,0,0,0,0,0,0,1,0
1116015,0,1,0,0,0,0,0,0,1,0
1116016,0,0,0,0,0,0,0,0,1,0
1116017,0,1,0,0,0,0,0,1,1,0
1116018,0,0,0,0,0,0,1,1,1,0
1116019,0,0,0,0,0,0,1,1,1,0
1116020,0,0,0,0,0,0,0,0,1,0
1117001,1,1,0,0,0,0,1,1,1,0
1117002,0,1,0,0,0,0,0,0,1,0
1117003,0,1,0,0,0,0,0,1,1,0
1117004,0,1,0,0,0,0,0,1,1,1
1117005,0,,0,0,0,0,0,1,1,0
1117006,0,0,0,0,0,0,0,1,1,0
1117007,0,1,1,0,0,0,0,1,1,0
1117008,0,1,1,0,0,1,1,1,1,0
1117009,0,0,0,0,0,0,1,1,1,0
1117010,0,1,0,0,0,0,0,0,1,0
1117011,0,0,0,0,0,0,0,0,0,0
1117012,0,1,0,0,0,1,0,1,1,0
1117013,1,0,0,0,0,0,0,0,1,0
1117014,0,0,0,0,0,0,0,0,1,0
1117015,0,0,0,0,0,0,1,1,1,0
1117016,0,0,0,0,0,0,0,0,1,0
1117017,0,0,0,0,0,0,1,1,1,0
1117018,0,,0,0,0,0,1,1,1,0
1117019,0,0,0,0,0,1,1,0,1,0
1117020,0,0,0,0,0,0,0,0,1,0
1118001,0,0,0,0,0,0,1,0,1,0
1118002,0,1,0,0,0,1,1,1,1,0
1118003,0,0,0,0,0,0,0,1,1,0
1118004,0,0,0,0,0,1,1,1,1,0
1118005,0,0,0,0,0,0,1,1,1,0
1118006,0,0,0,0,0,0,0,1,1,0
1118007,0,0,0,0,0,0,0,1,1,0
1118008,0,0,0,0,0,0,1,1,1,0
1118009,0,0,0,1,0,1,1,1,1,0
1118010,0,1,0,0,0,0,1,1,1,0
1118011,0,0,0,0,0,1,1,1,1,0
1118012,0,0,0,0,0,0,0,0,1,0
1118013,0,1,0,0,0,0,1,1,1,0
1118014,0,0,0,1,0,0,1,0,1,0
1118015,0,0,0,0,0,0,0,0,1,0
1118016,0,1,0,1,0,0,1,1,1,0
1118017,0,1,0,0,0,1,1,1,1,0
1118018,0,1,0,0,0,1,1,0,1,0
1118019,0,1,0,0,0,0,1,1,1,0
1118020,0,0,0,1,0,1,0,1,1,0
1119001,0,0,0,0,0,0,0,0,1,0
1119002,0,0,0,0,0,0,0,0,1,0
1119003,0,1,0,0,0,0,1,0,1,0
1119004,0,0,0,0,0,0,1,1,1,0
1119005,0,1,0,1,0,0,0,1,1,0
1119006,0,0,0,0,0,0,0,0,1,0
1119007,0,0,0,0,0,0,0,0,1,0
1119008,0,1,0,1,0,0,1,1,1,0
1119009,0,0,0,0,0,0,0,0,1,0
1119010,0,0,0,0,0,0,0,0,1,0
1119011,0,0,0,0,0,0,1,1,1,0
1119012,0,0,0,0,0,0,1,1,1,0
1119013,0,1,0,0,0,0,0,0,1,0
1119014,0,1,0,0,0,0,0,1,1,0
1119015,0,0,0,0,0,0,0,0,1,0
1119016,0,0,0,0,0,0,0,1,1,0
1119017,0,1,0,0,0,0,0,0,1,0
1119018,0,1,0,0,0,0,0,0,1,0
1119019,0,0,1,0,0,0,0,1,1,0
1119020,0,0,0,0,0,0,0,0,1,0
1120001,0,1,0,0,0,0,0,0,1,0
1120002,0,0,0,0,0,0,0,1,1,0
1120003,0,0,1,0,0,1,0,1,1,0
1120004,0,1,0,1,0,0,0,1,1,1
1120005,0,1,0,0,0,0,0,0,1,0
1120006,0,1,0,0,0,1,0,1,1,0
1120007,1,0,0,0,0,1,0,1,1,0
1120008,0,1,0,0,0,0,0,0,1,0
1120009,0,1,0,0,0,0,0,1,1,0
1120010,0,0,1,0,0,1,1,1,1,0
1120011,0,0,0,0,0,0,0,0,1,0
1120012,0,0,0,0,0,0,0,0,1,0
1120013,0,1,0,0,0,0,0,0,1,0
1120014,0,1,0,0,0,1,1,1,1,0
1120015,0,0,1,0,0,0,0,0,1,0
1120016,0,1,0,0,0,0,0,0,1,0
1120017,0,0,0,0,0,0,1,1,1,0
1120018,1,0,0,0,0,1,0,1,1,0
1120019,0,0,0,0,0,0,0,1,1,0
1120020,0,0,0,0,0,0,0,0,1,0
1121001,0,1,0,0,0,0,0,0,0,0
1121002,0,1,0,0,0,0,1,1,1,0
1121003,0,0,0,0,0,0,0,0,1,0
1121004,1,0,0,0,0,0,1,0,1,0
1121005,0,1,0,0,0,1,1,0,0,0
1121006,0,1,0,0,0,0,0,0,1,0
1121007,0,1,0,0,0,1,1,1,1,0
1121008,0,0,0,0,0,1,1,0,1,0
1121009,0,1,0,1,0,1,1,1,1,1
1121010,0,0,0,0,0,0,0,0,1,0
1121011,,0,0,0,0,1,0,1,0,1
1121012,0,1,0,0,0,0,0,0,1,0
1121013,0,1,0,0,0,0,0,0,1,0
1121014,0,1,0,0,0,1,0,1,1,0
1121015,0,0,0,0,0,0,0,0,1,0
1121016,0,0,1,0,0,0,1,1,1,0
1121017,0,0,1,0,0,1,0,1,1,0
1121018,0,0,1,0,0,0,1,0,1,0
1121019,0,1,0,0,0,0,1,1,1,1
1121020,0,,0,0,0,0,1,1,1,0
1122001,0,1,0,0,0,0,1,1,1,1
1122002,0,1,0,0,0,0,1,1,1,0
1122003,0,0,0,0,0,0,1,1,1,0
1122004,0,1,0,0,0,1,1,1,1,0
1122005,0,1,0,1,0,0,1,1,1,0
1122006,0,0,0,0,0,0,1,0,1,0
1122007,0,0,0,0,0,1,1,1,1,0
1122008,0,1,1,0,0,0,1,1,1,0
1122009,0,0,0,0,0,0,1,0,1,0
1122010,0,1,0,0,0,0,1,1,1,1
1122011,0,1,0,0,0,0,0,0,1,0
1122012,0,1,0,0,0,0,0,0,1,0
1122013,0,1,0,0,1,1,1,1,1,1
1122014,0,0,0,0,1,1,1,1,1,1
1122015,0,1,0,0,0,0,0,0,1,0
1122016,1,1,1,0,0,1,1,1,1,0
1122017,0,1,0,0,0,0,1,0,1,1
1122018,0,0,0,0,0,1,1,1,1,0
1122019,0,1,0,0,0,0,0,0,1,0
1122020,0,1,1,0,0,1,1,1,1,0
1123001,0,0,0,0,0,1,0,0,0,0
1123002,0,,0,0,0,0,0,0,1,0
1123003,0,0,0,0,0,0,0,1,1,0
1123004,0,1,0,0,0,1,1,1,1,0
1123005,0,0,0,0,0,0,0,0,1,0
1123006,0,0,0,0,0,1,0,0,1,0
1123007,0,1,0,0,0,1,1,1,1,0
1123008,0,0,0,0,0,0,0,0,1,0
1123010,0,1,0,0,0,0,0,0,1,0
1123011,0,0,0,0,0,0,0,0,1,0
1123012,0,1,0,0,0,1,0,0,1,0
1123013,0,0,0,0,0,0,0,0,1,0
1123014,0,0,0,0,0,0,0,0,0,0
1123015,0,0,0,0,0,1,0,0,1,0
1123016,0,0,0,0,0,1,0,0,1,0
1123017,0,0,1,0,0,1,0,0,1,0
1123018,0,1,0,1,0,0,0,0,1,0
1123019,0,0,0,0,0,0,0,0,0,0
1124002,0,1,0,1,1,1,1,1,1,1
1124003,0,0,1,1,0,0,1,0,1,0
1124004,0,0,0,0,0,0,0,1,1,0
1124005,0,0,1,0,0,1,0,0,1,0
1124006,0,1,0,0,0,0,1,0,1,0
1124007,0,1,0,0,0,1,1,1,1,0
1124008,0,0,0,0,0,0,0,0,1,0
1124009,0,1,0,1,0,1,1,1,1,0
1124010,0,1,1,0,0,0,0,0,1,0
1124011,0,0,0,1,0,0,0,0,1,0
1124012,0,1,0,0,0,0,0,0,1,0
1124013,0,0,0,0,0,1,0,0,0,0
1124014,0,1,0,1,0,0,0,1,1,0
1124015,0,0,0,0,0,0,0,1,1,0
1124016,0,1,1,0,0,1,0,0,1,0
1124018,1,1,0,1,1,1,1,1,1,0
1125001,0,0,0,0,0,0,0,0,1,0
1125002,0,0,0,0,0,0,1,0,1,0
1125003,0,0,0,0,0,1,0,1,1,0
1125005,0,0,0,1,0,1,0,1,1,1
1125006,0,0,0,0,0,1,1,1,1,0
1125007,0,0,0,1,0,0,0,1,1,0
1125008,0,0,0,0,0,0,0,0,1,0
1125009,0,1,0,0,0,0,0,0,1,0
1125010,0,0,0,0,0,1,1,0,1,0
1125011,0,0,0,0,0,0,0,1,1,0
1125012,0,0,0,0,0,0,0,0,0,0
1125013,0,0,0,0,0,0,1,1,0,1
1125014,0,0,0,0,0,1,0,0,1,0
1125015,0,1,0,0,0,0,1,0,1,0
1125016,0,,0,0,0,0,0,1,1,0
1125017,0,1,0,0,0,0,0,0,1,0
1125018,0,1,0,0,0,0,0,0,1,0
1125019,0,0,1,1,0,0,1,0,1,0
1125020,0,0,0,0,0,0,0,0,1,0
1126001,0,0,0,1,0,0,0,0,1,0
1126002,0,0,1,0,0,0,1,0,1,0
1126003,0,0,0,0,0,0,0,0,1,0
1126004,0,0,0,0,0,1,0,1,1,0
1126005,0,0,0,0,0,1,0,0,0,0
1126006,0,0,0,0,0,0,0,0,1,0
1126007,0,1,0,0,0,0,1,0,0,0
1126008,0,0,0,0,0,1,0,0,1,0
1126009,0,0,0,0,0,0,0,0,1,0
1126010,0,0,0,0,0,0,1,0,1,0
1126011,0,0,0,0,0,0,0,0,1,0
1126012,0,0,0,0,0,1,0,0,1,0
1126013,0,0,0,0,0,0,0,0,1,0
1126014,0,0,0,0,0,0,0,0,1,0
1126015,0,0,0,0,0,1,0,0,1,0
1126017,0,0,0,0,0,0,0,0,1,0
1126018,0,0,0,0,0,0,0,0,1,0
1126019,0,0,0,0,0,0,0,0,1,0
1126020,0,0,0,0,0,0,0,1,0,0
1127001,0,0,1,0,0,0,0,0,1,0
1127002,0,0,0,0,0,0,0,0,0,0
1127003,0,1,0,0,0,0,0,0,1,0
1127004,0,0,0,0,0,1,0,1,1,0
1127005,0,0,0,0,0,0,0,0,1,0
1127006,0,0,0,0,0,0,0,0,0,0
1127007,0,0,0,1,0,0,0,0,1,0
1127008,0,0,0,0,0,0,0,0,1,0
1127009,0,1,0,0,0,0,0,0,0,0
1127010,0,1,0,0,0,1,0,0,1,0
1127011,0,0,0,0,0,0,0,1,1,0
1127012,0,0,0,0,0,0,0,0,1,0
1127013,0,1,0,0,0,0,0,0,1,0
1127014,0,0,0,0,0,1,0,0,1,0
1127015,0,1,0,0,0,1,0,1,1,0
1127016,0,0,0,0,0,0,0,0,1,0
1127017,0,1,0,0,0,0,1,0,1,0
1127018,0,0,0,0,0,0,1,0,1,0
1127019,0,0,0,0,0,0,0,0,1,0
1127020,0,0,0,0,0,0,1,0,1,0
1128001,0,0,0,0,0,0,0,0,1,0
1128002,0,1,0,0,0,1,0,0,1,0
1128003,0,0,0,0,0,0,1,0,1,0
1128004,0,0,0,0,0,0,0,0,0,0
1128005,0,1,0,0,0,0,0,0,1,0
1128006,0,0,0,0,0,0,0,0,1,0
1128007,1,0,0,0,0,1,0,0,0,0
1128008,0,0,0,0,0,0,0,0,1,0
1128009,0,0,1,0,0,0,0,0,0,0
1128010,0,0,0,0,0,0,0,0,1,0
1128011,0,0,0,0,0,0,0,0,1,0
1128012,0,0,0,0,0,0,0,0,1,0
1128013,0,0,0,0,0,0,1,0,1,0
1128014,0,0,0,0,0,0,0,0,1,0
1128015,0,0,0,0,0,0,0,0,1,0
1128016,0,1,0,0,0,0,0,0,1,0
1128017,0,1,0,0,0,0,0,0,1,0
1128018,0,0,0,0,0,0,0,0,1,0
1128019,0,0,0,0,0,0,0,0,0,0
1128020,0,0,0,0,0,0,1,0,1,0
1129001,0,1,0,0,0,0,0,0,1,0
1129002,0,0,0,0,0,0,1,1,1,0
1129003,0,0,0,0,0,1,0,0,1,0
1129004,0,0,0,0,0,0,0,0,1,0
1129005,0,0,0,1,0,1,0,1,1,0
1129006,0,0,0,0,0,0,0,0,1,0
1129007,0,0,0,0,0,1,0,0,0,0
1129008,0,0,0,0,0,1,0,1,1,0
1129009,0,,0,0,0,0,0,0,1,0
1129010,0,0,0,0,0,0,0,1,1,0
1129011,0,0,0,0,0,1,0,1,1,0
1129012,0,0,0,0,0,0,0,0,1,0
1129013,0,0,0,0,0,1,0,1,1,0
1129014,0,0,0,0,0,1,0,0,1,0
1129015,0,0,0,0,0,0,0,0,1,0
1129016,0,0,0,1,0,0,0,1,1,0
1129017,0,0,0,1,0,1,1,0,1,1
1129018,0,0,0,0,0,1,1,0,1,0
1129019,0,0,0,0,0,0,0,1,1,0
1129020,0,1,0,0,0,0,0,1,1,0
1130001,0,0,0,0,0,0,0,0,1,0
1130002,0,1,0,0,0,0,0,0,1,0
1130003,0,0,0,0,0,1,0,0,1,0
1130004,0,0,0,0,0,0,0,0,1,0
1130005,0,0,0,1,0,0,1,1,1,0
1130006,0,1,0,0,0,1,0,0,1,0
1130007,0,0,0,0,0,0,0,0,1,0
1130008,1,0,0,0,0,0,0,0,1,0
1130009,0,0,0,1,0,1,0,1,1,1
1130010,1,0,0,1,0,0,1,1,1,0
1130011,0,1,0,1,0,0,0,0,1,0
1130012,0,0,0,1,0,1,1,0,1,1
1130013,0,0,0,0,0,0,1,0,1,0
1130014,0,0,0,1,0,0,1,0,1,0
1130015,0,1,1,0,1,1,1,1,1,1
1130016,1,0,0,0,0,0,1,1,1,1
1130017,0,1,0,0,0,0,0,1,1,0
1130018,1,0,0,0,0,1,1,1,1,0
1130019,0,0,0,0,0,1,0,0,1,0
1131001,0,1,1,1,0,1,0,1,1,0
1131002,0,0,1,0,0,0,0,1,1,0
1131003,1,1,0,0,0,0,0,0,1,0
1131004,0,0,0,0,0,1,0,1,1,0
1131005,0,0,0,0,0,0,0,0,1,0
1131006,1,0,0,0,1,1,0,1,1,0
1131007,0,0,1,0,0,1,0,0,1,0
1131008,0,0,0,0,0,0,0,0,1,0
1131009,0,0,0,0,0,0,0,1,1,0
1131010,0,1,0,1,0,1,0,1,1,0
1131011,1,1,0,0,0,0,0,1,1,0
1131012,0,0,0,0,0,0,0,1,1,0
1131013,0,0,0,0,0,1,0,1,1,0
1131014,0,1,0,1,0,1,1,1,1,0
1131015,0,1,1,0,0,0,0,1,1,0
1131016,0,0,0,0,0,0,0,0,1,0
1131017,0,0,0,0,0,0,0,1,1,1
1131018,0,0,1,0,0,1,0,0,1,0
1131019,0,0,0,0,0,0,0,1,1,0
1131020,0,0,0,1,0,0,1,1,1,0
1132001,0,0,0,0,0,0,0,0,1,0
1132002,0,0,1,0,0,0,0,1,1,1
1132003,0,0,0,0,0,0,1,1,1,0
1132004,0,0,0,0,0,0,1,0,1,0
1132005,0,0,0,0,0,0,1,1,1,1
1132006,0,0,0,0,0,0,0,0,1,0
1132007,0,1,0,0,0,0,0,0,1,0
1132008,0,0,0,1,0,1,1,1,1,1
1132009,0,0,1,0,0,1,0,0,1,0
1132010,0,0,0,0,0,0,0,0,1,0
1132011,0,1,0,0,0,1,1,0,1,1
1132012,0,0,0,0,0,0,0,0,1,0
1132013,0,0,0,0,0,0,0,0,1,0
1132014,0,1,0,0,0,0,0,0,1,0
1132015,0,0,0,0,0,1,0,0,1,0
1132016,0,,1,0,0,0,0,0,1,0
1132017,0,1,0,0,0,0,1,0,1,0
1132018,0,0,0,1,0,1,0,1,1,0
1132019,0,0,0,0,0,0,0,0,1,0
1133001,0,0,0,0,0,0,0,0,0,0
1133002,0,1,0,0,0,0,0,0,1,0
1133003,0,0,0,0,0,0,0,1,1,0
1133004,0,0,0,1,0,1,0,0,1,0
1133005,0,1,0,0,0,0,0,0,1,0
1133006,0,0,0,0,0,0,0,0,1,0
1133007,0,0,0,1,0,0,1,0,1,0
1133008,0,1,0,0,0,1,0,0,1,0
1133009,0,1,0,0,0,0,0,0,1,0
1133010,0,0,0,0,0,0,0,0,1,0
1133011,0,0,0,0,0,1,0,0,1,0
1133012,0,0,0,0,0,0,0,0,1,0
1133013,0,0,0,0,0,0,0,0,1,0
1133014,0,0,0,0,0,1,0,0,1,0
1133015,0,0,0,0,0,1,0,0,1,0
1133016,0,0,0,0,0,0,0,1,1,0
1133017,0,0,0,1,0,0,0,0,1,0
1133018,0,0,0,0,0,0,0,0,1,0
1133019,0,0,0,0,0,0,0,0,1,0
1133020,0,0,0,0,0,1,0,0,1,0
1134001,0,0,0,1,0,0,0,1,1,0
1134002,0,0,0,1,0,0,0,0,1,0
1134003,0,0,0,1,0,1,1,1,1,1
1134004,0,1,0,0,0,0,0,0,1,0
1134005,0,0,1,1,0,1,0,0,1,0
1134007,0,,0,1,0,0,0,0,1,0
1134008,0,0,0,0,0,1,0,0,1,0
1134009,0,0,0,1,0,0,0,0,1,0
1134010,0,0,1,1,0,1,0,0,1,0
1134011,1,0,0,1,0,0,0,1,1,1
1134012,0,1,0,1,0,0,0,0,1,0
1134013,0,0,0,0,0,1,0,0,1,1
1134014,0,0,0,1,0,0,0,0,1,0
1134015,0,0,0,0,0,1,0,1,1,0
1134016,0,0,0,1,0,0,0,1,1,1
1134017,0,0,0,0,0,0,0,0,1,0
1134018,0,0,0,0,0,1,0,0,1,0
1134019,0,1,0,0,0,0,0,0,1,0
1134020,0,1,0,1,0,1,1,1,1,1
1135001,0,0,0,1,0,1,0,0,1,0
1135002,0,0,0,0,0,0,0,0,1,0
1135003,0,0,0,0,0,0,0,0,1,0
1135004,0,1,1,0,0,0,0,0,1,0
1135005,0,0,0,0,0,0,0,0,1,0
1135006,1,0,0,1,0,0,0,0,1,0
1135007,1,0,0,1,0,0,0,0,1,1
1135008,0,0,0,0,0,0,0,0,1,0
1135009,0,0,0,0,0,0,0,0,1,0
1135010,0,0,0,0,0,0,0,0,1,0
1135011,0,0,0,0,0,1,0,0,1,0
1135012,0,0,0,0,0,0,0,0,1,0
1135013,0,0,0,0,0,0,0,0,1,0
1135014,0,0,0,0,0,1,0,0,1,0
1135015,0,0,0,0,0,1,0,0,1,0
1135016,0,1,0,0,0,1,0,0,1,0
1135017,0,0,0,0,0,1,0,0,1,0
1135018,0,0,0,0,0,0,0,0,1,0
1135019,0,0,0,0,0,1,0,0,1,0
1135020,0,0,0,0,0,0,0,0,1,1
1136001,0,0,0,0,0,0,0,0,1,0
1136002,0,0,0,0,0,1,0,0,1,0
1136003,0,0,1,0,0,1,1,0,1,1
1136004,0,0,0,0,0,0,1,0,1,1
1136005,0,1,0,0,0,1,0,0,1,0
1136006,0,1,0,0,0,0,0,0,1,0
1136007,0,1,0,1,0,0,1,1,1,1
1136008,0,1,0,0,0,0,0,1,1,0
1136009,0,0,0,0,0,1,0,0,1,0
1136011,0,0,0,0,0,0,1,1,1,0
1136012,1,0,0,0,0,0,1,1,1,0
1136013,0,0,0,0,0,1,0,1,1,0
1136014,0,,0,0,0,0,1,1,1,0
1136015,0,0,0,1,0,0,1,1,1,0
1136016,0,1,0,0,0,1,0,1,1,0
1136017,0,0,0,0,0,1,0,0,1,0
1136018,0,0,0,0,0,0,0,0,1,0
1136019,1,0,0,0,0,0,0,0,1,0
1136020,0,0,0,0,0,0,0,0,1,0
1137001,0,0,0,0,0,1,0,1,1,0
1137002,0,0,0,0,0,0,0,0,1,0
1137003,0,0,1,0,1,0,1,1,1,0
1137004,0,0,0,1,0,1,0,1,1,1
1137005,0,1,0,0,0,0,0,1,1,0
1137006,0,0,0,0,0,0,0,0,1,0
1137007,0,0,0,0,0,0,1,1,1,0
1137008,0,0,0,0,0,0,1,0,1,0
1137009,0,1,0,0,0,1,0,1,1,0
1137010,0,0,0,0,0,0,0,0,1,0
1137011,0,0,0,1,0,1,0,0,1,0
1137012,0,0,0,0,0,0,0,0,1,0
1137013,0,0,0,0,1,0,0,0,1,0
1137014,0,0,0,0,0,0,0,1,1,0
1137015,0,1,0,0,0,1,0,1,1,1
1137016,0,0,0,0,0,0,0,1,1,0
1137017,0,0,0,0,0,0,1,0,1,0
1137018,0,0,0,0,1,1,0,0,1,1
1137019,0,1,0,0,0,0,0,0,1,0
1137020,0,1,0,0,1,0,1,1,1,0
1138001,0,0,0,0,0,0,0,0,1,0
1138002,0,0,1,0,0,0,0,0,1,0
1138003,0,0,0,0,0,0,1,0,1,1
1138005,0,0,0,0,0,0,0,0,1,0
1138006,0,0,0,0,0,0,0,0,1,0
1138007,0,0,0,0,0,0,0,0,1,0
1138008,0,0,1,0,0,1,0,1,1,1
1138009,0,1,0,1,0,1,1,1,1,1
1138010,0,0,0,0,0,0,0,1,1,0
1138011,0,1,1,0,0,1,1,1,1,0
1138012,0,,0,0,0,0,0,1,1,0
1138013,1,0,0,0,0,1,0,1,1,0
1138014,0,0,0,0,0,0,1,1,1,0
1138015,0,0,0,0,0,1,0,1,1,0
1138016,0,1,0,0,0,0,1,1,1,1
1138017,0,0,0,0,0,1,0,0,1,0
1138018,0,1,0,0,0,0,0,1,1,0
1138019,0,0,0,0,0,1,0,0,0,0
1138020,0,0,0,0,0,0,1,0,1,0
1139002,0,0,0,0,0,1,0,0,1,0
1139003,0,0,0,0,0,0,0,0,1,0
1139004,0,0,0,0,0,1,0,0,1,0
1139005,0,0,0,0,0,0,1,0,1,0
1139006,0,0,0,1,0,0,0,0,1,0
1139007,0,0,0,0,0,1,0,0,1,0
1139008,0,0,0,0,0,1,0,1,1,0
1139009,0,1,0,0,0,0,0,0,1,0
1139010,0,0,0,0,0,1,0,1,1,0
1139011,0,0,0,0,0,0,0,1,1,0
1139012,0,0,0,0,0,0,0,1,1,0
1139013,0,0,0,1,0,0,1,0,1,0
1139014,1,0,0,0,0,1,0,0,1,0
1139015,0,0,0,0,0,0,0,0,1,0
1139016,0,0,0,0,0,0,1,0,1,0
1139017,0,0,0,0,0,0,0,0,1,0
1139018,0,0,0,0,0,0,1,0,1,0
1139019,0,0,0,0,0,1,0,0,1,0
1139020,0,0,0,0,0,0,0,0,1,0
1140001,0,1,0,0,1,1,1,0,1,0
1140002,0,1,0,1,1,1,0,0,1,1
1140003,0,0,0,1,1,0,1,1,1,1
1140004,0,0,0,0,0,1,0,1,0,0
1140006,0,0,0,0,0,0,1,0,1,0
1140007,0,0,0,0,0,0,1,1,1,0
1140012,0,0,0,0,0,0,0,0,1,1
1140013,0,0,0,0,0,0,0,0,1,0
1140014,0,1,0,0,0,1,1,1,1,0
1140015,1,1,0,0,1,1,0,1,1,0
1140016,0,1,1,0,1,1,0,1,1,0
1140017,0,0,0,1,0,1,0,0,1,0
1140018,0,0,1,0,1,1,1,1,1,0
1140019,0,1,1,0,0,1,1,1,1,0
1140020,1,1,0,0,0,0,1,0,1,0
1141001,0,0,1,0,0,1,0,1,1,1
1141002,0,0,0,0,0,0,1,1,1,0
1141004,0,0,1,0,0,0,0,1,1,0
1141005,0,0,0,0,0,1,1,1,1,0
1141006,0,0,0,0,0,0,1,1,1,0
1141007,0,0,0,0,0,0,0,1,1,0
1141008,0,1,0,0,0,0,1,0,1,0
1141009,0,0,0,0,0,1,1,1,1,0
1141010,0,1,0,0,0,0,1,1,1,0
1141011,0,0,0,0,0,1,0,1,1,0
1141012,0,1,0,0,0,1,0,1,1,0
1141013,0,0,0,0,0,0,1,1,1,0
1141014,0,0,0,0,1,1,1,1,1,0
1141015,0,0,0,1,1,0,1,1,1,1
1141016,0,1,0,1,0,1,1,1,1,1
1141017,0,0,1,1,1,0,1,1,1,0
1141018,0,0,0,0,0,1,0,1,1,0
1141019,0,0,0,0,0,0,1,0,1,0
1141020,0,0,0,1,1,1,0,1,1,0
1142001,0,0,0,1,1,1,1,1,1,0
1142002,0,1,0,1,1,1,1,1,1,1
1142003,0,0,0,1,1,1,1,0,1,1
1142004,0,0,0,0,1,0,1,0,1,0
1142005,0,0,0,1,1,0,1,0,1,1
1142006,0,1,0,0,0,1,0,0,1,0
1142008,0,0,0,0,1,1,1,1,1,1
1142009,0,1,0,1,0,1,1,1,1,1
1142010,0,0,0,1,1,0,1,0,1,1
1142011,0,0,0,1,1,0,1,0,1,1
1142012,0,1,0,0,1,0,0,0,1,0
1142014,0,0,1,1,1,1,0,0,1,0
1142015,0,0,0,0,1,0,0,0,1,0
1142016,0,1,0,1,1,1,1,0,1,0
1142018,1,1,0,0,1,1,1,1,1,0
1142019,0,0,0,0,1,1,1,0,1,1
1142020,0,0,0,0,1,1,1,0,1,0
1143001,0,0,0,0,0,0,0,0,1,0
1143002,0,0,0,0,0,0,0,0,1,0
1143003,0,0,0,0,0,1,1,1,1,0
1143004,0,,1,0,0,0,0,1,1,0
1143005,0,1,1,1,0,1,1,1,1,1
1143006,0,,0,0,0,0,0,1,1,0
1143007,0,0,0,1,0,0,,0,1,0
1143008,0,0,0,1,0,1,1,1,1,1
1143009,0,1,0,0,0,1,1,1,1,0
1143010,0,0,0,0,0,0,1,1,1,0
1143011,0,0,0,0,0,1,0,1,1,0
1143012,0,0,0,0,0,0,1,1,1,0
1143013,0,1,0,0,0,1,1,1,1,0
1143014,0,0,0,0,0,0,0,1,1,0
1143015,0,1,0,0,0,1,0,0,1,0
1143016,0,0,0,0,0,0,0,1,1,0
1143017,0,0,0,0,0,1,1,1,0,0
1143018,0,0,0,0,0,0,0,0,1,0
1143019,0,0,0,0,0,0,0,0,1,0
1143020,0,0,0,0,0,0,0,0,1,0
1144003,0,1,0,1,0,1,0,1,1,0
1144004,0,0,0,0,0,1,0,0,1,0
1144005,0,0,0,0,0,1,1,0,1,0
1144006,0,0,0,0,0,0,0,0,1,0
1144007,0,0,0,0,0,1,0,0,1,1
1144008,0,0,0,0,0,0,0,1,1,1
1144009,0,0,1,0,0,0,0,1,1,1
1144010,0,0,0,1,0,0,0,1,1,0
1144011,0,0,0,0,0,0,0,0,1,0
1144012,1,0,0,1,0,0,1,1,1,0
1144013,0,0,0,0,0,1,0,0,0,0
1144014,0,0,0,1,0,1,0,0,1,0
1144015,0,1,0,1,0,1,1,0,1,0
1144016,0,0,0,0,0,1,0,0,1,0
1144017,1,1,0,1,1,1,1,1,1,1
1144018,0,1,0,0,1,1,1,1,1,0
1144019,1,1,0,0,1,1,1,1,1,0
1144020,0,0,0,0,1,1,1,1,1,0
1145001,0,0,0,1,0,1,0,0,1,1
1145002,0,0,0,0,0,1,0,1,1,1
1145003,0,1,0,1,0,1,0,0,1,0
1145005,0,1,0,0,0,0,0,0,1,0
1145006,0,0,0,1,0,1,0,0,1,0
1145007,0,0,0,1,0,1,0,0,1,0
1145008,0,0,0,0,0,1,0,1,1,0
1145009,0,0,0,0,0,1,0,1,1,0
1145010,0,0,0,0,0,0,0,0,1,0
1145011,0,,0,0,0,0,0,0,1,0
1145012,0,1,1,0,0,1,0,1,1,1
1145013,0,0,0,1,0,1,0,1,1,0
1145014,0,0,0,0,0,0,1,1,1,0
1145015,0,0,0,0,0,1,0,0,1,0
1145016,0,0,0,1,0,0,0,1,1,0
1145017,0,0,0,0,0,0,0,0,1,0
1145018,0,0,0,0,0,0,0,0,1,0
1145019,0,0,0,0,0,0,0,0,1,0
1145020,0,0,0,0,0,0,0,1,1,0
1146001,0,1,0,0,0,0,1,1,1,0
1146002,0,1,0,0,0,1,0,1,1,0
1146003,0,1,0,0,0,0,0,1,1,0
1146004,0,1,0,0,0,1,0,0,1,0
1146005,0,0,0,1,0,1,0,1,1,1
1146006,0,0,0,0,0,1,0,1,1,0
1146007,0,0,0,0,0,0,0,0,1,0
1146008,0,0,0,0,0,0,0,1,1,0
1146009,0,0,0,1,0,0,0,0,1,0
1146010,0,,0,0,0,0,0,1,1,0
1146011,0,0,0,1,0,0,0,0,1,0
1146012,0,1,0,0,1,1,1,1,1,0
1146013,0,0,0,1,0,0,0,1,1,0
1146014,0,1,0,0,0,1,1,1,1,0
1146015,0,1,1,0,0,1,0,0,1,0
1146017,0,0,0,0,0,0,0,0,1,0
1146018,0,0,0,1,0,1,0,1,1,0
1147001,0,0,0,0,0,0,0,0,1,0
1147002,0,1,0,0,0,0,1,0,1,0
1147003,0,0,0,0,0,0,0,0,1,0
1147004,0,1,0,1,0,1,0,0,1,0
1147005,0,0,0,0,0,1,1,0,1,0
1147006,0,1,0,0,0,0,1,0,1,0
1147007,0,0,0,0,0,1,0,0,1,0
1147008,0,1,1,0,0,1,0,0,1,0
1147009,0,,0,0,0,0,0,0,1,0
1147010,0,0,0,1,0,0,1,0,1,0
1147011,0,,0,0,0,0,0,0,1,0
1147012,0,0,0,1,0,0,1,0,1,0
1147013,0,0,0,0,0,0,0,0,1,0
1147014,0,0,0,0,0,0,0,0,1,0
1147015,0,1,0,0,0,1,1,0,1,0
1147016,0,0,0,0,0,1,0,0,1,0
1147017,0,1,0,0,0,1,0,0,1,0
1147018,0,0,0,0,0,0,1,0,1,0
1147019,0,0,0,0,0,0,0,0,1,0
1147020,0,0,0,0,0,1,0,0,1,0
1148001,0,0,0,0,0,0,0,0,1,0
1148002,0,1,0,0,0,0,1,0,1,0
1148003,0,0,0,0,0,0,0,0,1,0
1148004,0,1,0,0,0,0,0,1,1,0
1148005,0,0,0,0,0,0,0,0,1,0
1148006,0,1,0,0,0,0,0,0,1,0
1148007,0,0,1,0,0,0,0,0,1,0
1148008,0,0,0,0,0,0,1,0,0,0
1148009,0,0,0,0,0,0,0,0,1,0
1148010,0,0,1,0,0,0,0,0,1,0
1148011,0,0,0,0,0,0,1,0,1,0
1148012,0,0,0,0,0,0,1,1,0,0
1148013,0,1,0,0,0,0,0,1,0,0
1148014,0,1,0,0,0,0,0,0,1,0
1148015,0,0,0,0,0,0,1,1,1,0
1148016,0,1,1,0,0,0,1,1,1,0
1148017,0,1,0,0,0,0,1,1,1,0
1148018,0,0,0,0,0,0,1,0,1,0
1148019,0,0,0,0,0,0,0,0,1,0
1148020,0,0,0,0,0,0,0,0,1,0
1149001,0,0,0,1,0,0,1,1,1,0
1149002,0,0,0,0,0,0,0,0,0,0
1149003,0,0,0,0,0,0,1,0,1,0
1149004,0,1,0,0,0,1,1,1,1,0
1149005,0,0,0,0,0,0,0,0,1,0
1149006,0,0,0,0,0,0,0,0,1,0
1149007,0,1,1,1,0,0,1,0,1,0
1149008,1,0,0,0,0,0,0,0,1,0
1149009,0,0,1,0,0,0,1,0,1,0
1149010,0,1,0,0,0,1,0,0,1,0
1149011,0,0,0,0,0,0,0,1,1,0
1149012,0,1,1,0,0,1,1,1,1,0
1149013,0,1,1,0,0,0,1,1,1,0
1149014,0,0,0,0,0,0,1,1,1,0
1149015,0,0,0,0,0,0,0,0,1,0
1149016,0,0,0,0,0,0,1,1,1,1
1149017,0,0,0,0,0,0,1,1,1,0
1149018,0,0,0,0,0,0,1,0,1,0
1149019,0,0,0,0,0,0,0,0,0,0
1149020,0,0,0,0,0,0,0,0,1,0
1152001,0,0,0,0,0,0,0,0,1,0
1152002,0,0,0,0,0,1,1,0,1,0
1152003,0,1,0,0,0,1,1,1,1,0
1152004,0,0,0,0,0,0,0,0,1,0
1152005,0,0,0,0,0,0,0,0,1,0
1152006,0,0,0,0,0,0,0,0,1,0
1152007,0,0,0,0,0,0,0,0,0,0
1152008,0,0,0,0,0,0,0,0,0,0
1152009,0,0,0,0,0,0,0,0,1,0
1152010,0,0,0,0,0,0,0,0,0,0
1152011,0,0,0,0,0,0,0,0,0,0
1152012,0,1,0,0,0,0,1,1,1,0
1152013,0,0,0,0,0,0,0,0,0,0
1152014,0,0,0,0,0,0,0,0,1,0
1152015,0,1,0,0,0,0,0,0,1,0
1152016,0,0,0,0,0,0,0,0,1,0
1152017,0,0,0,0,0,0,0,0,1,0
1152018,0,0,0,0,0,0,0,0,0,0
1152019,0,1,0,0,0,0,0,0,0,0
1152020,0,0,1,0,0,0,1,1,1,0
1153001,0,0,0,0,0,0,0,0,1,0
1153002,0,,0,0,0,0,0,1,1,0
1153004,0,1,0,0,0,0,0,1,1,0
1153005,0,0,0,0,0,0,0,0,1,0
1153006,0,0,0,0,0,1,0,1,1,0
1153007,0,0,0,0,0,1,0,0,1,0
1153008,0,0,0,1,0,1,0,1,1,0
1153009,0,0,0,0,0,0,0,0,1,0
1153010,0,1,0,0,0,0,1,0,1,0
1153011,0,0,0,0,0,0,0,0,1,0
1153012,0,0,0,0,0,0,0,0,1,0
1153013,0,0,0,0,0,0,1,0,1,0
1153014,0,0,0,0,0,0,0,1,1,0
1153015,0,1,0,1,1,1,0,1,1,1
1153016,0,0,0,0,0,0,1,1,1,0
1153017,0,1,1,0,0,0,0,0,1,0
1153018,0,0,0,1,0,0,0,0,1,0
1153019,0,0,1,0,0,0,0,1,0,0
1153020,0,0,0,0,0,1,0,0,1,0
1154001,0,0,0,0,0,0,0,0,1,0
1154003,1,0,0,0,0,0,0,1,1,0
1154004,0,0,0,0,0,0,0,1,1,0
1154005,1,0,0,0,0,0,0,0,1,0
1154006,0,1,0,0,0,0,1,1,1,0
1154007,0,1,0,0,0,1,0,1,1,0
1154008,0,1,0,0,0,0,0,1,1,0
1154009,0,1,0,0,0,0,0,0,1,0
1154010,0,0,0,0,0,0,0,1,1,0
1154011,0,0,0,0,0,1,1,1,1,0
1154012,1,0,0,1,0,1,0,1,1,0
1154013,0,1,1,0,0,1,0,1,1,0
1154014,0,0,0,0,0,0,0,1,1,0
1154015,0,0,0,1,0,0,0,0,1,0
1154016,0,0,0,0,0,0,0,1,1,0
1154017,0,0,1,0,0,0,0,1,1,0
1154018,0,0,0,0,0,0,0,1,1,0
1154019,0,0,0,0,1,1,1,1,1,1
1154020,0,1,1,0,0,1,0,1,1,0
1155001,0,,0,0,0,0,1,0,1,0
1155003,0,0,0,0,0,1,0,0,1,0
1155004,0,0,0,0,0,0,0,0,1,0
1155005,0,0,0,0,0,0,0,0,1,0
1155006,0,1,0,0,0,1,1,0,1,0
1155007,0,0,0,0,0,0,0,0,1,0
1155008,0,0,0,0,0,0,0,0,1,0
1155009,0,,0,0,0,0,1,1,1,0
1155010,0,1,0,0,0,0,1,1,1,0
1155011,0,1,0,0,0,0,0,1,1,0
1155012,0,0,0,0,0,0,1,1,0,0
1155013,0,0,1,0,0,1,1,0,1,0
1155014,0,0,0,0,0,1,0,0,1,0
1155015,0,0,0,1,0,1,1,0,1,0
1155016,0,0,0,0,0,0,0,0,1,0
1155017,0,0,0,0,0,0,0,0,1,0
1155018,0,0,0,0,0,0,1,0,1,0
1155019,0,0,0,0,0,0,0,0,1,0
1155020,0,1,0,0,0,0,1,0,1,0
1156001,0,0,0,0,0,0,1,0,0,0
1156002,0,0,0,0,0,0,0,0,0,0
1156003,0,0,0,0,0,0,0,0,1,0
1156004,0,1,0,0,0,0,1,1,1,1
1156005,0,0,0,0,0,0,0,1,1,0
1156006,0,0,0,1,0,1,0,0,1,0
1156007,0,0,0,0,0,0,0,0,1,0
1156008,0,0,0,0,0,0,0,0,0,0
1156009,0,0,0,0,0,1,1,1,1,0
1156010,0,0,0,0,0,0,1,1,1,0
1156012,0,1,0,0,1,1,1,1,1,0
1156013,0,0,0,0,0,0,0,0,1,0
1156014,0,0,0,0,0,0,0,0,1,0
1156015,1,0,0,0,0,0,0,0,1,0
1156016,0,1,0,0,0,0,1,0,1,0
1156017,0,0,0,0,0,0,0,1,1,0
1156018,0,0,0,0,0,0,1,0,1,0
1156019,0,0,0,0,0,0,0,0,1,0
1156020,0,0,0,0,0,0,0,0,1,0
1157001,0,0,0,0,0,0,0,0,1,0
1157002,0,0,0,0,0,1,1,0,1,0
1157003,0,0,0,0,0,0,1,0,1,0
1157004,0,0,0,0,0,0,0,0,1,0
1157005,0,0,0,0,0,0,0,0,1,0
1157006,0,0,0,0,0,1,0,1,1,0
1157007,0,0,0,0,0,0,0,0,1,0
1157008,0,0,1,0,0,0,0,1,1,1
1157009,0,1,0,1,0,0,0,0,1,0
1157010,0,0,0,1,0,0,0,1,1,1
1157011,0,0,0,0,0,0,0,0,1,0
1157012,0,0,0,0,0,0,0,0,1,0
1157013,0,0,0,0,0,0,0,0,1,0
1157014,1,0,0,0,0,0,0,0,1,0
1157015,0,0,0,0,0,0,0,1,1,0
1157016,0,0,0,1,0,0,0,1,1,1
1157017,0,1,0,0,0,0,1,0,1,0
1157018,0,0,0,0,0,1,1,0,1,0
1157019,0,0,0,0,0,0,0,0,1,0
1157020,0,0,0,0,0,0,0,0,1,0
1158001,0,0,0,0,0,0,1,0,1,0
1158002,0,0,0,0,0,1,0,0,1,0
1158003,0,0,0,1,0,0,1,0,1,0
1158004,0,0,0,0,0,0,0,0,1,0
1158005,0,0,0,0,0,0,0,0,1,0
1158006,0,0,0,0,0,0,1,0,1,0
1158007,0,0,0,0,0,1,0,0,1,0
1158008,0,1,1,1,0,1,1,1,1,0
1158009,0,1,0,0,0,0,1,0,1,0
1158010,0,0,0,0,0,1,0,1,1,0
1158011,0,0,1,0,0,1,0,0,1,0
1158012,0,0,0,0,0,1,1,0,1,0
1158013,0,0,0,0,0,0,1,1,1,0
1158014,0,1,0,0,0,0,0,0,1,0
1158015,0,0,0,0,0,0,0,0,1,0
1158016,0,0,0,0,0,0,0,0,1,0
1158017,0,1,0,0,0,0,1,0,0,0
1158018,0,0,0,0,0,0,0,0,1,0
1158019,0,0,0,0,0,0,0,1,1,0
1158020,0,0,0,0,0,0,0,0,1,0
1159001,0,0,0,0,0,0,0,0,1,0
1159002,0,0,1,0,0,1,0,0,1,0
1159003,0,0,0,0,0,0,0,1,1,0
1159004,0,0,0,0,0,0,1,0,1,0
1159005,0,1,0,0,0,1,0,0,1,0
1159006,0,0,0,1,0,0,0,0,1,0
1159007,0,0,0,0,0,0,0,0,1,0
1159008,1,0,0,0,0,0,1,0,0,0
1159009,1,0,1,1,1,1,1,1,1,1
1159010,0,0,0,1,0,1,1,0,1,0
1159011,0,0,0,1,0,1,1,0,1,0
1159012,0,0,0,0,0,1,1,0,1,0
1159013,0,0,0,0,0,1,1,0,1,0
1159014,0,1,0,1,0,1,0,0,1,0
1159015,0,0,0,1,0,0,1,1,1,0
1159016,0,0,0,0,0,0,1,0,1,0
1159017,0,0,1,0,0,1,1,0,1,0
1159018,0,0,0,1,0,1,0,0,1,0
1159019,0,0,0,1,0,1,1,0,1,0
1159020,0,1,0,0,0,1,1,1,1,0
1160001,0,0,0,0,0,0,1,0,0,0
1160002,0,0,0,0,0,0,0,1,1,0
1160003,0,0,1,0,0,0,1,0,1,0
1160004,1,0,0,0,0,0,0,1,1,0
1160005,0,1,0,1,0,0,0,1,1,0
1160006,0,0,0,0,0,0,0,0,1,0
1160007,0,1,0,0,0,0,1,0,0,0
1160008,0,0,0,0,0,0,0,0,0,0
1160009,0,0,0,0,0,0,0,0,1,0
1160010,1,1,0,0,0,0,1,0,1,0
1160011,0,0,0,0,0,0,0,0,1,0
1160012,0,0,0,0,0,0,0,0,1,0
1160013,0,0,0,0,0,0,1,1,1,1
1160014,0,1,0,0,1,1,1,1,1,1
1160015,0,1,0,0,0,0,1,0,0,0
1160016,0,0,0,0,0,1,0,1,1,0
1160017,0,0,0,0,0,0,0,0,1,0
1160018,0,0,0,0,0,0,0,0,1,0
1160019,0,1,0,0,0,1,1,0,1,0
1160020,0,0,0,0,0,0,0,0,0,0
1161001,0,1,1,1,0,0,1,1,1,0
1161002,0,0,1,1,0,0,1,1,1,0
1161003,0,0,0,1,0,0,1,1,1,0
1161004,0,1,0,0,0,0,0,0,1,0
1161005,0,0,0,0,0,0,0,0,1,0
1161006,0,1,1,0,0,0,1,0,1,0
1161007,0,1,0,1,0,0,0,0,1,1
1161008,0,1,0,0,0,0,0,1,1,0
1161009,0,0,0,0,0,0,1,0,1,0
1161010,0,0,0,0,0,0,0,0,1,0
1161011,0,0,0,0,0,0,0,0,1,0
1161012,0,0,0,0,0,0,0,0,1,0
1161013,0,1,0,0,0,0,0,0,1,0
1161014,0,0,0,0,0,0,1,0,1,0
1161016,0,0,1,0,0,0,1,0,1,0
1161017,0,0,0,0,0,0,1,1,1,0
1161018,0,1,0,0,0,0,1,1,1,0
1161019,0,0,0,0,0,0,1,1,1,0
1162001,0,1,0,0,0,0,1,0,1,0
1162002,0,1,0,0,0,0,0,1,1,1
1162003,0,0,0,0,1,0,1,1,1,1
1162004,0,0,0,0,0,0,0,0,1,0
1162005,0,0,0,1,0,0,0,0,1,1
1162006,0,0,0,0,0,0,0,1,1,0
1162007,0,1,0,0,0,1,0,0,1,1
1162008,0,1,0,0,0,0,0,0,1,0
1162009,0,1,0,0,0,0,0,0,1,0
1162010,0,0,0,0,0,1,0,0,1,0
1162012,0,1,0,0,0,0,0,0,1,0
1162013,0,0,0,0,0,0,1,1,1,0
1162014,0,0,0,0,0,0,0,1,1,0
1162015,0,1,0,0,0,0,0,0,1,0
1162016,0,1,0,0,0,0,1,1,1,0
1162017,0,1,0,0,0,0,1,1,1,0
1162018,0,1,0,0,0,0,1,0,1,0
1162019,0,1,0,0,0,0,0,0,1,0
1162020,0,0,0,0,0,0,1,1,1,0
1163001,0,0,0,0,1,0,1,1,1,0
1163002,0,1,0,0,0,0,1,1,1,0
1163003,0,1,0,0,0,0,0,0,1,0
1163004,0,0,0,0,0,1,1,1,1,0
1163005,0,0,0,0,0,0,1,1,1,1
1163006,0,0,0,1,0,0,1,1,0,1
1163007,0,0,0,0,0,0,1,1,1,0
1163008,0,0,0,0,0,1,0,1,1,0
1163009,0,0,0,1,0,0,1,1,1,0
1163010,0,0,0,0,0,0,0,0,1,0
1163011,0,0,0,0,0,0,0,0,1,0
1163012,0,1,1,1,0,0,1,1,1,1
1163013,1,0,0,0,0,0,0,1,1,0
1163014,0,0,0,0,0,0,1,1,1,0
1163015,0,0,0,0,0,0,0,1,1,0
1163016,0,0,0,0,0,0,0,0,1,0
1163017,0,1,0,0,0,0,0,1,1,0
1163018,0,0,0,0,0,1,0,1,1,0
1163019,0,0,0,0,0,0,1,1,1,0
1163020,0,1,0,0,0,0,1,1,1,0
1164001,0,0,0,0,0,0,0,0,1,0
1164002,0,0,0,0,0,0,0,0,1,0
1164003,0,0,0,0,0,0,0,0,1,0
1164004,0,0,0,0,0,0,0,1,1,0
1164005,0,0,0,0,0,0,0,1,1,0
1164006,0,0,0,0,0,0,1,1,1,0
1164007,0,0,0,1,0,0,0,1,1,0
1164008,0,0,0,0,0,0,1,1,1,0
1164009,0,0,0,0,0,0,0,0,1,0
1164010,0,0,0,0,0,0,0,0,1,0
1164011,0,0,0,0,0,0,0,1,1,0
1164012,0,0,0,0,0,0,1,0,1,0
1164013,0,1,0,0,0,0,0,0,1,0
1164014,0,0,0,0,0,0,0,0,1,0
1164015,0,0,0,0,0,0,1,1,1,0
1164016,0,1,1,0,0,0,1,1,1,0
1164017,0,0,0,0,0,0,1,1,1,0
1164018,0,0,0,0,0,0,0,1,1,0
1164019,0,0,0,0,0,0,1,1,1,0
1164020,0,0,0,0,0,0,0,0,1,0
1165001,0,0,0,0,0,0,0,0,0,0
1165002,0,0,0,0,0,0,0,0,1,0
1165003,0,1,0,0,0,1,1,1,1,0
1165004,0,0,0,0,0,0,0,0,1,0
1165005,0,1,0,0,0,0,1,0,0,0
1165006,0,0,0,0,0,0,1,1,1,1
1165007,0,0,0,0,0,0,1,1,1,0
1165008,0,1,0,0,0,0,0,0,1,0
1165009,0,1,0,1,0,0,0,1,1,0
1165010,0,1,0,0,0,0,1,0,1,0
1165011,0,1,0,0,0,0,1,0,1,0
1165012,0,0,1,0,0,0,0,1,1,0
1165013,0,0,0,0,0,0,0,1,1,1
1165014,0,,0,0,0,0,1,0,0,0
1165015,0,0,0,0,1,0,0,1,1,1
1165016,0,0,0,0,0,0,0,0,1,0
1165017,0,1,0,0,0,0,1,0,1,0
1165018,0,1,0,0,0,0,0,1,1,0
1165019,0,1,0,0,0,0,1,1,1,0
1165020,0,1,0,0,0,0,1,1,1,0
1166001,0,0,0,0,0,0,0,0,1,0
1166002,0,0,0,0,0,0,0,0,1,0
1166003,0,1,0,0,0,0,0,0,1,0
1166004,0,0,0,0,0,0,0,0,1,0
1166005,0,0,0,0,0,0,1,0,1,0
1166006,0,0,0,0,0,0,0,0,1,0
1166007,0,0,0,0,0,0,0,0,1,0
1166008,0,0,0,0,0,1,1,0,1,0
1166009,0,0,0,0,0,0,0,0,1,0
1166010,0,0,0,0,0,0,0,0,1,0
1166011,0,0,0,0,0,0,0,1,1,0
1166012,0,0,0,1,0,0,1,0,1,0
1166013,0,0,0,0,0,0,0,0,0,0
1166014,0,0,0,0,0,0,1,1,1,0
1166015,0,0,0,1,0,0,0,0,1,0
1166016,0,1,0,0,0,0,0,1,1,0
1166017,0,0,0,0,0,0,0,0,1,0
1166018,0,1,0,0,0,0,1,1,1,0
1166019,0,1,0,0,0,1,0,0,1,0
1166020,0,1,0,0,0,0,0,0,1,0
1167001,0,0,0,0,0,0,1,0,0,0
1167002,0,0,0,1,0,0,0,1,1,1
1167003,0,0,0,0,0,0,0,0,1,0
1167004,0,0,0,0,0,0,0,0,1,0
1167005,0,0,0,0,0,0,0,0,0,0
1167006,0,1,0,0,0,0,0,1,1,0
1167007,0,1,0,0,0,0,1,0,1,0
1167008,0,1,0,0,0,0,1,0,1,0
1167009,0,1,1,0,0,0,0,1,1,0
1167010,0,0,0,0,0,0,0,0,1,0
1167011,0,0,0,1,0,0,0,0,1,0
1167012,1,0,0,0,0,0,0,1,1,0
1167013,0,0,1,1,0,0,1,1,1,0
1167014,0,0,0,0,0,0,0,0,0,0
1167015,0,0,0,0,0,0,0,0,1,0
1167016,0,0,0,0,0,0,0,0,1,0
1167017,0,0,0,0,0,0,1,0,0,0
1167018,0,1,1,0,0,0,1,0,1,0
1167019,0,0,0,0,0,0,0,0,1,0
1167020,0,0,0,0,0,0,0,0,1,0
1168001,0,0,0,0,0,0,1,1,1,0
1168002,0,1,0,1,0,0,1,1,1,0
1168003,0,0,0,0,0,0,1,0,1,0
1168004,0,0,0,0,0,0,0,0,1,0
1168005,0,1,0,0,0,0,1,0,1,0
1168006,0,0,0,0,0,0,0,1,1,0
1168007,0,1,0,0,0,0,0,1,1,0
1168008,0,0,0,0,0,1,0,0,1,0
1168009,0,0,0,0,0,0,1,1,1,0
1168010,0,0,0,1,0,0,1,1,0,1
1168011,0,0,0,0,0,0,1,1,1,0
1168012,0,1,0,0,0,0,0,1,1,0
1168013,0,0,0,0,0,0,0,1,1,0
1168014,0,0,0,0,0,0,0,0,1,0
1168015,0,,0,0,0,0,0,0,1,0
1168016,0,0,0,0,0,0,1,0,1,0
1168017,0,1,0,0,0,0,1,1,1,0
1168018,0,1,0,0,0,0,1,1,1,0
1168019,0,0,0,0,0,0,1,1,1,0
1168020,0,0,0,0,0,0,0,0,1,0
1169001,0,0,0,0,0,0,1,0,1,0
1169002,0,0,0,0,0,0,1,1,1,0
1169003,0,0,1,1,1,0,1,1,1,0
1169004,0,1,0,0,0,0,1,0,1,0
1169005,0,0,0,1,0,0,1,0,1,0
1169006,0,0,0,0,0,0,0,0,1,0
1169007,0,0,0,0,0,0,1,1,1,1
1169008,0,0,1,0,0,0,0,0,1,0
1169009,0,1,1,0,0,0,0,0,1,0
1169010,0,1,0,0,1,0,1,1,1,0
1169011,0,0,1,0,0,0,1,1,1,0
1169012,0,1,0,0,0,0,0,0,1,0
1169013,0,1,0,1,0,0,1,0,1,0
1169014,0,0,0,0,0,0,0,0,1,0
1169015,0,0,0,0,0,0,0,0,1,1
1169016,0,0,0,0,0,0,0,0,1,0
1169017,0,0,1,0,0,0,0,0,1,0
1169018,0,1,0,0,0,0,1,1,1,0
1169019,0,0,0,0,0,0,1,0,0,0
1169020,0,0,0,0,0,0,0,1,1,0
1170001,0,0,0,0,0,0,1,1,1,0
1170002,0,1,0,0,0,0,0,0,1,0
1170003,0,0,1,0,0,0,1,0,1,0
1170004,0,1,1,1,0,0,1,1,1,1
1170005,0,0,0,0,0,0,1,1,1,0
1170006,0,0,0,0,0,0,1,1,1,0
1170007,0,0,0,0,0,0,0,0,0,0
1170008,0,0,0,0,0,0,1,1,0,0
1170009,0,1,0,1,1,0,1,1,1,1
1170010,0,1,0,1,0,0,1,1,1,0
1170011,0,0,0,0,1,1,0,1,1,0
1170012,0,1,0,1,0,0,0,1,1,0
1170013,0,0,0,0,0,0,0,1,1,0
1170014,0,0,0,0,0,0,1,1,1,0
1170015,0,1,0,0,0,0,0,1,1,0
1170016,0,1,0,0,0,0,1,1,1,0
1170017,0,1,0,0,1,0,0,1,1,0
1170018,0,0,0,0,1,0,1,1,1,0
1170019,0,1,0,1,0,0,1,1,1,0
1170020,0,0,0,0,0,0,1,1,1,0
