hh_id,d_cm,d_nutr,d_satt,d_educ,d_elct,d_wtr,d_sani,d_hsg,d_ckfl,d_asst
10001,0,0,0,0,0,0,0,0,0,0
10002,0,0,0,0,0,0,0,0,0,0
10003,0,0,0,0,0,0,0,0,0,0
10004,0,0,0,0,0,0,0,0,0,0
10005,0,0,0,0,0,0,0,0,0,0
10006,,0,0,0,0,0,0,0,0,0
10007,0,0,0,0,0,0,0,1,0,0
10008,0,0,0,0,0,0,1,1,0,0
10009,0,0,0,0,0,0,0,1,0,0
10010,0,0,0,0,0,0,0,1,0,0
10011,0,1,0,0,0,0,0,0,0,0
10012,0,0,0,0,0,0,0,1,0,0
10013,0,0,0,0,0,0,0,0,0,0
10014,0,0,0,0,0,0,0,0,0,0
10015,0,0,0,0,0,0,0,0,0,0
10016,0,0,0,0,0,0,0,0,0,0
10017,0,0,0,0,0,0,0,0,0,0
10018,0,1,0,0,0,0,0,0,0,0
10019,0,0,0,0,0,0,0,0,0,0
10020,,,0,0,0,0,0,0,0,0
10021,1,0,0,0,0,0,0,0,0,0
10022,0,0,0,0,0,0,0,0,0,0
10023,,,0,0,0,0,0,0,0,0
10024,0,0,0,0,0,0,0,0,0,0
10025,0,0,0,0,0,0,0,0,0,0
20001,0,1,0,0,0,0,0,0,0,0
20004,0,0,0,0,0,0,0,0,0,0
20006,0,0,0,0,0,0,0,0,0,0
20007,0,0,0,0,0,0,0,0,0,0
20008,0,0,0,0,0,0,0,0,0,0
20010,,,0,0,0,0,0,1,0,0
20014,0,,0,0,0,0,0,0,0,0
20015,0,,0,0,0,0,0,0,0,0
20016,0,1,0,0,0,0,0,0,0,0
20018,0,,0,0,0,0,0,0,0,0
20019,0,0,0,0,0,0,0,0,0,0
20020,0,0,0,0,0,0,0,0,0,0
20022,,,0,0,0,0,0,0,0,0
20023,0,0,0,0,0,0,0,0,0,0
20024,0,1,0,0,0,0,0,0,0,0
30002,,,0,0,0,0,0,0,0,0
30005,0,1,0,0,0,0,0,0,0,0
30006,0,1,0,0,0,0,0,0,0,0
30007,0,0,0,0,0,0,0,0,0,0
30009,0,0,0,0,0,0,0,0,0,0
30010,0,0,0,0,0,0,0,0,0,0
30011,0,0,0,0,0,0,0,0,0,0
30012,0,0,0,0,0,0,0,0,0,0
30013,0,0,0,0,0,0,0,0,0,0
30014,0,0,0,0,0,0,0,0,0,0
30015,0,0,0,0,0,0,0,0,0,0
30016,0,0,0,0,0,0,0,0,0,0
30017,0,0,0,0,0,0,0,0,0,0
30020,,,0,0,0,0,0,0,0,0
30021,0,,0,0,0,0,0,0,0,0
30023,0,1,0,0,0,1,0,0,0,0
30024,0,1,0,0,0,0,0,0,0,0
30025,0,1,0,0,0,0,0,0,0,0
40001,0,0,0,0,0,0,0,0,0,0
40002,0,0,0,0,0,0,0,0,0,0
40003,0,,0,0,0,0,0,0,0,0
40005,0,0,0,0,0,0,0,0,0,0
40006,0,0,0,1,0,0,0,0,0,0
40007,0,0,0,0,0,0,0,0,0,0
40008,0,0,0,0,0,0,0,0,0,0
40009,0,0,0,0,0,0,0,0,0,0
40010,0,0,0,0,0,0,0,0,0,0
40011,0,1,0,0,0,0,0,0,0,0
40012,0,1,0,0,0,0,0,0,0,0
40013,0,0,0,0,0,0,0,0,0,0
40015,0,0,0,0,0,0,0,0,0,0
40017,0,,0,0,0,0,0,0,0,0
40018,0,,0,0,0,0,0,0,0,0
40019,0,0,0,0,0,0,0,0,0,0
40020,0,1,0,0,0,0,0,0,0,0
40023,0,0,0,0,0,0,0,0,0,0
40024,0,1,0,0,0,0,0,0,0,0
40025,0,1,0,0,0,0,0,0,0,0
50002,,,0,0,0,0,0,0,0,0
50004,0,1,0,0,0,0,0,0,0,0
50005,0,,0,0,0,0,0,0,0,0
50006,0,0,0,0,0,0,0,0,0,0
50007,0,0,0,0,0,0,0,0,0,0
50008,,,0,0,0,0,0,0,0,0
50010,0,1,0,0,0,0,0,0,0,0
50012,0,0,0,0,0,0,0,0,0,0
50013,0,1,0,0,0,0,0,0,0,0
50015,0,1,0,0,0,0,0,0,0,0
50016,0,,0,0,0,0,0,0,0,0
50017,0,0,0,0,0,0,0,0,0,0
50018,0,1,0,0,0,0,0,0,0,0
50019,0,0,0,0,0,0,0,0,0,0
50024,0,0,0,0,0,0,0,0,0,0
60001,0,1,0,0,0,0,0,0,0,0
60003,0,1,0,0,0,0,0,1,0,0
60004,0,0,0,0,0,0,0,0,0,0
60006,0,1,0,0,0,0,0,0,0,0
60007,0,0,0,0,0,0,0,1,0,0
60010,0,,0,0,0,0,0,0,0,0
60011,0,,0,0,0,0,0,0,0,0
60012,0,0,0,0,0,0,0,0,0,0
60013,0,0,0,0,0,0,0,0,0,0
60014,,,0,0,0,0,0,0,0,0
60015,0,0,0,0,0,0,0,0,0,0
60016,0,0,0,0,0,0,0,0,0,0
60017,0,0,0,0,0,0,0,0,0,0
60018,0,0,0,0,0,0,0,0,0,0
60019,0,0,0,0,0,0,0,0,0,0
60020,0,1,0,0,0,0,0,0,0,0
60021,0,0,0,1,0,0,0,0,0,0
60022,0,0,0,0,0,0,0,0,0,0
60023,0,1,0,0,0,0,0,0,0,0
60024,,,0,,0,0,0,0,0,0
70002,,,0,0,0,0,0,0,0,0
70005,0,1,0,0,0,0,0,0,0,0
70006,0,0,0,0,0,0,0,0,0,0
70007,,,0,0,0,0,0,1,0,0
70008,0,0,0,0,0,0,0,0,0,0
70009,0,1,0,0,0,0,0,0,0,0
70010,0,0,0,0,0,0,1,0,0,0
70011,0,1,0,0,0,0,0,0,0,0
70012,0,0,0,0,0,0,0,0,0,0
70013,0,1,0,0,0,0,0,0,0,0
70014,0,0,0,0,0,0,0,0,0,0
70015,0,0,0,0,0,0,0,0,0,0
70017,0,0,0,0,0,0,0,0,0,0
70018,0,0,0,0,0,0,0,0,0,0
70021,0,0,0,0,0,0,0,0,0,0
70022,0,0,0,0,0,0,0,0,0,0
70025,0,0,0,0,0,0,0,0,0,0
80001,0,0,0,0,0,0,0,0,0,0
80002,0,0,0,0,0,0,0,0,0,0
80004,0,0,0,0,0,0,0,0,0,0
80005,0,0,0,0,0,0,0,0,0,0
80006,0,0,0,0,0,0,0,0,0,0
80008,0,,0,0,0,0,0,1,0,0
80009,0,0,0,0,0,0,0,0,0,0
80010,0,0,0,0,0,0,0,0,0,0
80011,0,0,0,0,0,0,0,0,0,0
80012,0,0,0,0,0,0,0,0,0,0
80013,0,0,0,0,0,0,0,0,0,0
80014,0,0,0,0,0,0,0,0,0,0
80016,0,,0,0,0,0,0,0,0,0
80017,0,0,0,0,0,0,0,0,0,0
80019,0,,0,0,0,0,0,0,0,0
90001,0,1,0,0,0,0,0,0,0,0
90002,0,0,0,,0,0,0,0,0,0
90003,0,0,0,0,0,0,0,0,0,0
90005,0,,0,0,0,0,0,0,0,0
90006,0,,0,0,0,0,0,0,0,0
90008,0,0,0,0,0,0,0,0,0,0
90009,0,,0,0,0,0,0,0,0,0
90010,0,0,0,0,0,0,0,0,0,0
90011,0,0,0,0,0,0,0,0,0,0
90012,0,0,0,1,0,0,0,0,0,0
90013,0,1,0,0,0,0,0,0,0,0
90014,0,1,0,0,0,0,0,0,0,0
90015,0,0,0,0,0,0,0,0,0,0
90016,0,,0,0,0,0,0,0,0,0
90018,0,0,0,0,0,0,0,0,0,0
90019,0,0,0,0,0,0,0,0,0,0
90020,0,,0,0,0,0,0,0,0,0
90021,0,0,0,0,0,0,0,0,0,0
90023,0,0,0,0,0,0,0,0,0,0
90024,0,0,0,0,0,0,1,0,0,0
100001,0,0,0,0,0,0,0,0,0,0
100002,0,0,0,0,0,0,0,0,0,0
100003,1,1,0,0,0,0,0,0,0,0
100004,0,1,0,0,0,0,0,0,0,0
100005,0,0,0,0,0,0,0,0,0,0
100006,0,0,0,0,0,0,0,0,0,0
100007,,,0,0,0,0,0,1,0,0
100008,0,1,0,0,0,0,0,0,0,0
100010,0,0,0,1,0,0,0,0,0,1
100011,0,0,0,0,0,0,0,1,0,0
100012,0,1,0,0,0,0,0,0,0,0
100013,0,0,0,0,0,0,0,0,0,0
100014,,,0,0,0,0,0,0,0,0
100015,0,,0,0,0,0,0,0,0,0
100016,0,0,1,0,0,0,0,0,0,0
100017,,,0,0,0,0,0,0,0,0
100018,0,0,0,0,0,0,0,0,0,0
100019,0,0,0,0,0,0,0,0,0,0
100020,0,0,0,0,0,0,0,0,0,0
100021,0,0,0,0,0,0,0,0,0,0
100022,0,1,0,0,0,0,0,0,0,0
100023,0,0,0,1,0,0,0,0,0,0
100024,0,1,0,0,0,0,0,0,0,0
100025,0,0,0,0,0,0,0,0,0,0
110001,0,0,0,0,0,0,0,0,0,0
110002,0,0,0,0,0,0,0,0,0,0
110003,0,0,0,0,0,0,0,0,0,0
110004,0,0,0,0,0,0,0,0,0,0
110008,,,0,0,0,0,0,0,0,0
110011,0,1,0,0,0,0,0,0,0,0
110012,0,0,0,0,0,0,0,0,0,0
110013,0,0,0,0,0,0,0,0,0,0
110015,0,0,0,0,0,0,0,0,0,0
110016,0,0,0,0,0,0,0,0,0,0
110018,0,0,0,0,0,0,0,0,0,0
110022,0,1,0,0,0,0,0,1,0,0
110024,,,0,0,0,0,0,0,0,0
110025,0,0,0,0,0,0,0,0,0,0
120003,,,0,0,0,0,0,0,0,0
120004,0,0,0,0,0,0,0,0,0,0
120005,0,0,0,0,0,0,0,0,0,0
120006,0,,0,0,0,0,0,0,0,0
120007,0,,0,0,0,0,0,0,0,0
120011,0,0,0,0,0,0,0,0,0,0
120012,,,0,0,0,0,0,0,0,0
120013,0,0,0,0,1,0,0,1,0,0
120017,0,0,0,0,0,0,0,0,0,0
120019,,,0,0,0,0,0,0,0,0
120022,0,1,0,0,0,0,0,0,0,0
120023,0,0,0,0,0,0,0,0,0,0
120024,0,0,0,0,0,0,0,0,0,0
120025,0,0,0,0,0,0,0,0,0,0
130001,0,0,0,0,0,0,0,0,0,0
130002,0,1,0,0,0,0,0,0,0,0
130003,0,1,0,0,0,0,0,0,0,0
130004,0,0,0,0,0,0,0,0,0,0
130006,0,1,0,0,0,0,0,0,0,0
130007,0,0,0,1,0,0,0,0,0,0
130008,0,0,0,0,0,0,0,0,0,0
130009,0,,0,0,0,0,0,0,0,0
130010,0,0,0,0,0,0,0,0,0,0
130011,0,0,0,0,0,0,0,0,0,0
130012,0,0,0,0,0,0,0,0,0,0
130013,0,,0,0,0,0,0,0,0,0
130014,0,0,0,0,0,0,0,0,0,0
130015,0,0,0,0,0,0,0,0,0,0
130016,0,,0,0,0,0,0,0,0,0
130017,0,0,0,0,0,0,0,0,0,0
130018,0,0,0,0,0,0,0,0,0,0
130020,0,,0,0,0,0,0,0,0,0
140001,0,0,0,0,0,0,0,0,0,0
140002,0,0,0,0,0,0,0,0,0,0
140003,0,0,0,0,0,0,0,0,0,0
140005,,,0,0,0,0,0,0,0,0
140006,0,0,0,0,0,0,0,0,0,0
140007,0,1,0,0,0,0,0,1,0,0
140009,0,0,0,0,0,0,0,0,0,0
140010,,,0,0,0,0,0,0,0,0
140011,,,0,0,0,0,0,0,0,0
140013,0,0,0,0,0,0,0,0,0,0
140014,0,0,0,0,0,0,0,0,0,0
140018,0,1,0,0,0,0,0,0,0,0
140020,,,0,0,0,0,0,0,0,0
140021,0,1,0,0,0,0,0,0,0,0
140022,,,0,0,0,0,0,0,0,0
150001,0,0,0,0,0,0,0,0,0,0
150002,,,0,0,0,0,0,0,0,0
150003,,,0,0,0,0,0,0,0,0
150004,1,0,0,0,0,0,0,0,0,0
150005,0,0,0,0,0,0,0,0,0,0
150006,0,1,0,0,0,0,0,0,0,0
150007,0,1,0,0,0,0,0,0,0,0
150008,,,0,0,0,0,0,0,0,0
150009,0,0,0,0,0,0,0,0,0,0
150010,0,,0,0,0,0,0,0,0,0
150011,0,0,0,0,0,0,0,0,0,0
150012,0,0,0,0,0,0,0,0,0,0
150014,0,0,0,0,0,0,0,0,0,0
150016,0,0,0,,0,0,0,0,0,0
150017,0,,0,0,0,0,0,0,0,0
150019,0,,0,1,0,0,1,0,0,1
150020,0,0,0,0,0,0,0,0,0,0
150021,0,0,0,0,0,0,0,0,0,0
150022,0,0,0,0,0,0,0,0,0,0
150023,0,1,0,0,0,0,0,0,0,0
150024,0,0,0,0,0,0,0,0,0,0
160001,0,0,0,0,0,0,0,0,0,0
160002,0,0,0,0,0,0,0,0,0,0
160004,0,0,0,0,0,0,0,0,0,0
160005,0,0,0,0,0,0,0,0,0,0
160006,0,1,0,0,0,0,0,0,0,0
160007,0,0,0,0,0,0,0,0,0,0
160010,0,1,0,0,0,0,0,0,0,0
160011,0,,0,0,0,0,0,0,0,0
160012,0,0,0,0,0,0,0,0,0,0
160013,0,0,0,0,0,0,0,0,0,0
160015,0,1,0,0,0,0,0,0,0,0
160016,0,0,0,1,0,0,0,0,0,0
160017,0,0,0,0,0,0,0,0,0,0
160018,0,1,0,0,0,0,0,0,0,0
160020,0,0,0,0,0,0,0,0,0,0
160021,0,0,0,0,0,0,0,0,0,0
160023,0,1,0,0,0,0,0,0,0,0
160024,0,0,0,0,0,0,0,0,0,0
160025,,,0,0,0,0,0,0,0,0
170001,0,0,0,0,0,0,0,1,0,0
170002,0,1,0,0,0,0,0,0,0,0
170003,0,,0,0,0,0,0,0,0,0
170004,0,0,0,0,0,0,0,0,0,0
170005,0,0,0,0,0,0,0,0,0,0
170006,0,1,0,0,0,0,0,1,0,0
170007,0,1,0,0,0,0,0,1,0,0
170008,0,,0,0,0,0,0,1,0,0
170009,0,0,1,0,0,0,0,1,0,0
170012,,,0,0,0,0,0,0,0,0
170013,0,,0,0,0,0,0,0,0,0
170014,0,0,0,0,0,0,0,0,0,0
170015,0,1,0,0,0,0,0,1,0,0
170016,0,0,0,0,0,0,1,0,0,0
170017,0,0,0,0,0,0,0,0,0,0
170018,,,0,0,0,0,0,0,0,0
170019,0,,0,0,0,0,0,0,0,0
170020,0,1,0,0,0,0,0,0,0,0
170021,0,,0,0,0,0,0,0,0,0
170024,0,1,0,0,0,0,0,0,0,0
170025,0,0,0,0,0,0,0,0,0,0
180001,,,0,0,0,0,0,0,0,0
180002,0,0,0,0,0,0,0,0,0,0
180003,0,0,0,0,0,0,0,0,0,0
180004,0,0,0,0,0,0,0,0,0,0
180008,0,0,0,0,0,0,0,0,0,0
180009,0,0,0,0,0,0,0,0,0,0
180010,0,0,0,0,0,0,0,0,0,0
180011,0,1,0,0,0,0,0,0,0,0
180012,0,0,0,0,0,0,0,0,0,0
180013,0,1,0,0,0,0,0,0,0,0
180014,0,0,0,1,0,0,0,0,0,0
180015,0,,0,0,0,0,0,0,0,0
180017,0,0,0,0,0,0,0,0,0,0
180018,0,,0,0,0,0,0,0,0,0
180019,0,0,0,0,0,0,0,0,0,0
180021,0,1,0,0,0,0,0,0,0,0
180023,0,,0,0,0,0,0,0,0,0
190001,0,0,0,0,0,0,0,0,0,0
190002,0,,0,0,0,0,0,0,0,0
190004,0,0,0,0,0,0,0,0,0,0
190005,0,1,0,0,0,0,0,0,0,0
190006,0,0,0,0,0,0,0,0,0,0
190007,0,1,0,0,0,0,0,0,0,0
190008,0,,0,0,0,0,0,0,0,0
190009,0,,1,0,0,0,0,0,0,0
190010,0,1,0,0,0,0,0,0,0,0
190012,0,0,0,0,0,0,0,0,0,0
190014,,,0,0,0,0,0,0,0,0
190015,0,0,0,0,0,0,0,0,0,0
190017,0,0,0,0,0,0,0,0,0,0
190018,,,0,0,0,0,0,0,0,0
190019,0,0,0,0,0,0,0,0,0,0
190020,0,0,0,0,0,0,0,0,0,0
190021,0,0,0,1,0,0,0,0,0,0
190022,0,0,0,0,0,0,0,0,0,0
190023,,,0,0,0,0,0,0,0,0
190024,0,1,0,0,0,0,0,0,0,0
200001,0,0,0,0,0,0,0,0,0,0
200003,0,0,0,0,0,0,0,0,0,0
200004,,,0,0,0,0,0,0,0,0
200005,0,0,0,0,0,0,0,0,0,0
200006,0,0,0,0,0,0,0,0,0,0
200008,0,1,0,0,0,0,0,0,0,0
200010,1,0,0,0,0,0,0,0,0,0
200012,0,,0,0,0,0,0,0,0,0
200013,,,0,0,0,0,0,0,0,0
200014,0,0,0,0,0,0,0,0,0,0
200015,0,0,0,0,0,0,0,0,0,0
200016,,,0,0,0,0,0,0,0,0
200017,0,,0,0,0,0,0,0,0,0
200018,0,1,0,0,0,0,0,0,0,0
200023,0,,0,0,0,0,0,0,0,0
200025,0,0,0,0,0,0,0,0,0,0
210001,0,,1,,0,0,0,0,0,0
210002,0,0,0,0,0,0,0,0,0,0
210003,0,0,0,0,0,0,0,0,0,0
210005,0,1,0,0,0,0,0,0,0,0
210006,,,0,0,0,0,0,0,0,0
210007,0,1,0,0,0,0,0,1,0,0
210008,0,0,0,0,0,0,0,1,0,0
210009,0,0,0,0,0,0,0,1,0,0
210010,0,0,0,0,0,0,0,1,0,0
210011,0,1,0,0,0,0,0,0,0,0
210012,0,0,0,0,0,0,0,0,0,0
210013,0,1,0,0,0,0,0,0,0,0
210014,0,1,0,0,0,0,0,0,0,0
210015,0,0,0,0,1,0,0,0,0,0
210016,0,1,0,0,0,0,0,0,0,0
210017,0,0,0,0,0,0,0,0,0,0
210019,0,1,0,0,0,0,0,0,0,0
210020,0,1,0,0,0,0,0,0,0,0
210022,0,0,0,0,0,0,0,0,0,0
210023,0,0,0,0,0,0,0,0,0,0
210025,0,1,0,0,0,0,0,1,0,0
210026,0,0,0,0,0,0,0,0,0,0
220001,0,0,0,1,0,0,0,0,0,0
220002,0,0,0,0,0,0,0,0,0,0
220004,0,,0,0,0,0,0,0,0,0
220005,0,0,0,0,0,0,0,0,0,0
220006,0,,0,0,0,0,0,0,0,0
220007,0,0,0,0,0,0,0,0,0,0
220008,0,1,0,0,0,0,0,0,0,0
220009,0,1,0,0,0,0,0,0,0,0
220010,0,0,0,0,0,0,0,0,0,0
220011,0,0,0,0,0,0,0,0,0,0
220012,0,0,0,0,0,0,0,0,0,0
220014,,,0,0,0,0,0,0,0,0
220016,0,,0,0,0,0,0,0,0,0
220017,0,0,0,0,0,0,0,0,0,0
220018,0,,0,0,0,0,0,0,0,0
220019,,,0,0,0,0,0,0,0,0
220023,0,0,0,0,0,0,0,0,0,0
220024,0,,0,0,0,0,0,0,0,0
230001,,,0,0,0,0,0,0,0,0
230003,0,,0,0,0,0,0,0,0,0
230004,0,1,0,0,0,0,0,0,0,0
230005,0,0,0,0,0,0,0,0,0,0
230006,0,0,0,0,0,0,0,0,0,0
230007,0,,0,0,0,0,0,0,0,0
230008,0,0,0,0,0,0,0,0,0,0
230010,0,0,0,0,0,0,0,0,0,0
230012,0,0,0,0,0,0,0,0,0,0
230015,0,0,0,0,0,0,0,0,0,0
230016,,,0,0,0,0,0,0,0,0
230017,0,1,0,0,0,0,0,0,0,0
230018,0,0,0,0,0,0,0,0,0,0
230019,0,0,0,0,0,0,0,0,0,0
230020,,,0,0,0,0,0,0,0,0
230023,0,0,0,0,0,0,0,0,0,0
230024,0,0,0,0,0,1,0,0,0,0
230025,0,0,0,0,0,0,0,0,0,0
230026,0,0,0,0,0,0,0,0,0,0
240001,0,0,0,0,0,0,0,0,0,0
240002,0,1,0,0,0,0,0,0,0,0
240003,0,,0,0,0,0,0,0,0,0
240007,0,,0,0,0,0,0,1,0,0
240008,0,0,0,0,0,0,0,0,0,0
240009,0,0,0,0,0,0,0,0,0,0
240010,0,0,0,0,0,0,0,0,0,0
240012,0,0,0,0,0,0,0,0,0,0
240013,0,0,0,0,0,1,0,0,0,0
240014,0,0,0,0,0,0,0,0,0,0
240015,0,0,0,0,0,0,0,0,0,0
240016,0,1,0,0,0,0,0,0,0,0
240017,0,0,0,0,0,0,0,0,0,0
240018,0,0,0,0,0,0,0,0,0,0
240023,0,,0,0,0,0,0,0,0,0
240024,,,0,0,0,0,0,0,0,0
250001,0,0,0,0,0,0,0,0,0,0
250002,0,1,0,0,0,0,0,0,0,0
250010,,,0,0,0,0,0,0,0,0
250011,,,0,0,0,0,0,0,0,0
250012,0,1,0,0,0,0,0,0,0,0
250013,0,0,0,0,0,0,0,0,0,0
250014,0,,0,0,0,0,0,0,0,0
250016,0,1,0,0,0,0,0,0,0,0
250017,0,0,0,0,0,0,0,0,0,0
250018,0,0,0,0,0,0,0,0,0,0
250019,0,0,0,0,0,0,0,0,0,0
250020,0,0,0,0,0,0,0,0,0,0
250022,0,0,0,0,0,0,0,0,0,0
250023,0,0,1,0,0,0,0,0,0,0
250024,0,,0,0,0,0,0,0,0,0
250025,0,0,0,0,0,0,0,0,0,0
260002,0,0,0,0,0,0,0,0,0,0
260003,0,0,0,0,0,0,0,0,0,0
260005,,,0,0,0,0,0,0,0,0
260006,,,0,0,0,0,0,0,0,0
260010,0,0,0,0,0,0,0,0,0,0
260011,,,0,0,0,0,0,0,0,0
260012,0,0,0,0,0,0,0,0,0,0
260013,0,0,0,0,0,0,0,0,0,0
260015,0,1,0,0,0,0,0,0,0,0
260017,0,0,0,0,0,0,0,0,0,0
260021,0,0,0,0,0,0,0,0,0,0
260023,0,1,0,0,0,0,0,0,0,0
260024,0,0,0,0,0,0,0,0,0,0
270001,0,0,0,0,0,0,0,0,0,0
270002,0,,0,1,0,0,0,0,0,0
270003,0,0,0,0,0,0,0,0,0,0
270004,,,0,0,0,0,0,0,0,0
270007,0,0,0,0,0,0,0,0,0,0
270008,0,0,0,0,0,0,0,1,0,0
270010,0,,0,0,0,0,0,1,0,0
270011,0,0,0,0,0,0,0,0,0,0
270012,0,0,0,0,0,0,0,1,0,0
270013,0,0,0,0,0,0,0,1,0,0
270015,0,1,0,0,0,0,0,0,0,0
270016,0,0,0,0,0,0,0,0,0,0
270017,0,1,0,0,0,0,0,0,0,0
270018,0,1,0,0,0,0,0,0,0,0
270019,0,0,0,0,0,0,0,0,0,0
270022,,,0,0,0,0,0,0,0,0
270023,0,0,0,0,0,0,0,0,0,0
270024,,0,0,0,0,0,0,0,0,0
270025,0,,0,0,0,0,0,0,0,0
280001,0,0,0,0,0,0,0,0,0,0
280002,,,0,0,0,0,0,0,0,0
280003,0,0,0,0,0,0,0,0,0,0
280004,0,,0,0,0,0,0,0,0,0
280005,0,0,0,0,0,0,0,0,0,0
280007,0,1,0,0,0,0,0,0,0,0
280008,0,0,0,0,0,0,0,0,0,0
280009,0,1,0,0,0,0,0,0,0,0
280011,0,0,0,0,0,0,0,0,0,0
280012,0,,0,0,0,0,0,0,0,0
280013,,,0,0,0,0,0,0,0,0
280014,0,,0,0,0,0,0,0,0,0
280017,0,0,0,0,0,0,0,0,0,0
280018,0,1,0,0,0,0,0,0,0,0
280019,0,0,0,0,0,0,0,0,0,0
280020,0,1,0,0,0,0,0,0,0,0
280021,0,,0,0,0,0,0,0,0,0
280022,0,0,0,0,0,0,0,0,0,0
280025,0,0,0,0,0,0,0,0,0,0
290004,0,0,0,0,0,0,0,0,0,0
290006,,,0,0,0,0,0,0,0,0
290008,0,0,0,1,0,0,0,0,0,0
290009,0,,0,0,0,0,0,0,0,0
290010,0,0,0,0,0,0,0,1,0,0
290011,0,0,0,0,0,0,0,0,0,0
290012,0,1,0,0,0,0,0,0,0,0
290013,0,0,0,0,0,0,0,0,0,0
290014,0,0,0,0,0,0,0,0,0,0
290015,,,0,0,0,0,0,0,0,0
290016,0,0,0,0,0,0,0,0,0,0
290018,0,1,0,0,0,0,0,0,0,0
290019,,,0,0,0,0,0,0,0,0
290021,0,0,0,1,0,0,0,0,0,0
290022,0,1,0,0,0,0,0,0,0,0
290023,0,0,0,0,0,0,1,0,0,0
290025,0,0,0,0,0,0,0,0,0,0
300002,0,0,0,0,0,0,0,0,0,0
300003,0,0,0,0,0,0,0,0,0,0
300005,0,0,0,1,0,0,0,0,0,0
300006,0,0,0,0,0,0,0,0,0,0
300007,,,0,,0,0,0,0,0,0
300008,0,1,0,0,0,0,0,0,0,0
300009,0,0,0,0,0,0,0,0,0,0
300010,0,,0,0,0,0,0,0,0,0
300011,0,,0,0,0,0,0,0,0,0
300012,0,0,0,0,0,0,0,0,0,0
300015,,,0,0,0,0,0,0,0,0
300017,0,0,0,0,0,0,0,0,0,0
300018,0,0,0,0,0,0,0,0,0,0
300019,0,0,0,0,0,0,0,0,0,1
300020,,,0,0,0,0,0,0,0,0
300021,0,0,0,0,0,0,0,0,0,0
300022,0,0,0,0,0,0,0,0,0,0
300023,0,,0,0,0,0,0,0,0,0
300025,1,1,0,0,0,0,0,0,0,0
310001,0,0,0,0,0,0,0,0,0,0
310002,0,1,0,0,0,0,0,0,0,0
310003,0,0,0,0,0,0,0,0,0,0
310004,0,0,0,0,0,0,0,0,0,0
310005,0,0,0,0,0,0,0,0,0,0
310006,0,0,0,0,0,0,0,0,0,0
310007,,,0,0,0,0,0,0,0,0
310008,,,0,0,0,0,0,0,0,0
310010,,,0,0,0,0,0,1,0,0
310011,0,0,0,0,0,0,0,0,0,0
310012,,,0,0,0,0,0,0,0,0
310013,0,0,0,0,0,0,0,0,0,0
310014,0,0,0,0,0,0,0,0,0,0
310015,0,0,0,0,0,0,0,0,0,0
310016,0,,0,0,0,0,0,0,0,0
310017,0,0,0,0,0,0,0,0,0,0
310020,0,1,0,0,0,0,0,0,0,0
310021,0,0,0,0,0,0,0,0,0,0
310022,0,0,0,0,0,0,0,0,0,0
310023,0,,0,0,0,0,0,0,0,0
310024,0,0,0,1,0,0,0,0,0,0
310025,,,0,0,0,0,0,0,0,0
320001,0,0,0,0,0,0,1,0,0,0
320005,0,0,0,0,0,0,0,0,0,0
320007,,,0,0,0,0,0,1,0,0
320008,,,0,0,0,0,0,1,0,0
320009,0,0,0,0,0,0,0,1,0,0
320010,0,1,0,0,0,0,0,1,0,0
320014,0,0,0,0,0,0,0,0,0,0
320015,,,0,0,0,0,0,0,0,0
320016,0,0,0,0,0,0,0,0,0,0
320017,0,,0,0,0,0,0,0,0,0
320018,0,1,0,0,0,0,0,0,0,0
320019,0,0,0,1,0,0,0,0,0,0
320020,0,0,1,0,0,0,0,0,0,0
320022,0,,0,0,0,0,0,0,0,0
320023,0,0,0,0,0,0,0,0,0,0
320024,0,0,0,0,0,0,0,0,0,0
320025,0,1,0,0,0,0,0,1,0,0
330001,0,0,0,0,0,0,0,0,0,0
330002,0,,0,0,0,0,0,0,0,0
330005,0,0,0,0,0,0,0,0,0,0
330006,0,0,0,0,0,0,0,0,0,0
330008,0,1,0,0,0,0,0,0,0,0
330009,0,0,0,0,0,0,0,0,0,0
330010,0,0,0,0,0,0,0,0,0,0
330011,0,0,0,0,0,0,0,0,0,0
330012,0,0,0,0,0,0,0,0,0,0
330013,0,0,0,0,0,0,0,0,0,0
330016,0,,0,0,0,0,0,0,0,0
330018,0,0,0,0,0,0,0,0,0,0
330019,0,,0,0,0,0,0,0,0,0
330020,,,0,0,0,0,0,0,0,0
330022,0,,0,0,0,0,0,0,0,0
330023,0,1,0,0,0,0,0,0,0,0
340001,,,0,0,0,0,0,0,0,0
340002,0,0,0,0,0,0,0,0,0,0
340005,0,,0,0,0,0,0,0,0,0
340006,0,0,0,0,0,0,0,0,0,0
340007,,,0,0,0,0,0,0,0,0
340008,0,0,0,0,0,0,0,0,0,0
340009,0,,0,0,0,0,0,1,0,0
340013,0,0,0,0,0,0,0,0,0,0
340015,0,0,0,0,0,0,0,0,0,0
340016,0,0,0,0,0,0,0,0,0,0
340018,0,0,0,0,0,0,0,0,0,0
340020,0,1,0,0,0,0,0,0,0,0
340021,0,0,0,0,0,0,0,0,0,0
340022,,,0,0,0,0,0,0,0,0
340023,0,0,0,0,0,0,0,0,0,0
340024,0,0,0,0,0,0,0,0,0,0
340025,0,0,0,0,0,0,0,1,0,0
350001,0,,0,0,0,0,0,0,0,0
350005,0,,0,0,0,0,0,0,0,0
350008,0,,0,0,0,0,0,0,0,0
350010,0,0,0,0,0,0,0,0,0,0
350011,0,1,0,0,0,0,0,0,0,0
350013,0,0,0,0,0,0,0,0,0,0
350014,1,0,0,0,0,0,0,0,0,0
350016,,,0,0,0,0,0,0,0,0
350017,0,,0,0,0,0,0,0,0,0
350018,0,0,0,0,0,0,0,0,0,0
350019,0,0,0,0,0,0,0,0,0,0
350020,0,0,0,0,0,0,0,0,0,0
350021,0,0,0,0,0,0,0,0,0,0
350022,0,0,0,0,0,0,0,0,0,0
350023,0,0,0,0,0,0,0,0,0,0
350024,0,0,0,0,0,0,0,0,0,0
350025,0,,0,0,0,0,0,0,0,0
360001,0,0,0,0,0,0,0,0,0,0
360002,0,,0,0,0,0,0,0,0,0
360003,0,0,0,0,0,0,0,0,0,0
360004,0,0,0,0,0,0,0,0,0,0
360008,0,0,0,0,0,0,0,0,0,0
360009,0,1,0,0,0,0,0,0,0,0
360010,0,0,0,0,0,0,0,0,0,0
360011,0,0,0,0,0,0,0,0,0,0
360012,0,1,0,0,0,0,0,0,0,0
360013,0,0,0,0,0,0,0,0,0,0
360015,0,1,0,0,0,0,0,0,0,0
360016,0,,0,0,0,0,0,0,0,0
360017,0,0,0,0,0,0,0,0,0,0
360018,0,0,0,0,0,0,0,0,0,0
360019,0,0,0,0,0,0,0,0,0,0
360020,0,0,0,0,0,0,0,0,0,0
360021,0,0,0,0,0,0,0,0,0,0
360025,0,,0,0,0,0,0,0,0,0
370001,0,0,0,0,0,0,0,0,0,0
370002,0,0,0,0,0,0,0,0,0,0
370003,0,1,0,0,0,0,0,0,0,0
370004,0,0,0,0,0,0,0,0,0,0
370005,0,1,0,0,0,0,0,0,0,0
370006,0,,0,0,0,0,0,0,0,0
370008,0,,0,0,0,0,0,1,0,0
370010,,,0,0,0,0,0,0,0,0
370011,0,1,0,0,0,0,0,0,0,0
370012,0,0,0,0,0,0,0,0,0,0
370014,0,0,0,0,0,0,0,0,0,0
370015,0,1,0,0,0,0,0,0,0,0
370016,0,0,0,0,0,0,0,0,0,0
370017,0,0,0,0,0,0,0,0,0,0
370018,0,1,0,0,0,0,0,0,0,0
370021,0,,0,0,0,0,0,0,0,0
370024,0,0,0,0,0,0,0,0,0,0
370025,0,0,0,0,0,0,0,0,0,0
380001,0,0,0,0,0,0,0,0,0,0
380002,0,0,0,0,0,0,0,0,0,0
380004,0,0,0,0,0,0,0,0,0,0
380005,0,0,0,0,0,0,0,0,0,0
380006,0,1,0,0,0,0,0,0,0,0
380007,0,0,0,0,0,0,0,0,0,0
380010,0,0,0,0,0,0,0,0,0,0
380011,0,1,0,0,0,0,0,0,0,0
380012,0,0,0,0,0,0,0,0,0,0
380013,0,0,0,0,0,0,0,0,0,0
380014,0,0,0,0,0,0,0,0,0,0
380015,0,0,0,0,0,0,0,0,0,0
380016,,0,0,0,0,0,0,0,0,0
380017,0,1,0,0,0,0,0,0,0,0
380018,,,0,0,0,0,0,0,0,0
380020,0,0,0,0,0,0,0,0,0,0
380021,0,0,0,0,0,0,0,0,0,0
380022,0,0,0,0,0,0,0,0,0,0
380023,0,0,0,0,0,0,0,0,0,0
380024,0,0,0,0,0,0,0,0,0,0
380025,,,0,0,0,0,0,0,0,0
390001,0,0,0,0,0,0,0,0,0,0
390002,0,1,0,0,0,0,0,0,0,0
390004,0,,0,0,0,0,0,0,0,0
390005,0,0,0,0,0,0,0,0,0,0
390007,,,0,0,0,0,0,0,0,0
390009,,,0,0,0,0,0,1,0,0
390010,0,1,0,0,0,0,1,1,0,0
390011,0,,0,0,0,0,0,1,0,0
390012,0,0,0,0,0,0,0,1,0,0
390013,0,,0,,0,0,0,0,0,0
390014,0,0,0,0,0,0,0,0,0,0
390015,0,0,0,0,0,0,0,0,0,0
390017,0,0,0,0,0,0,0,0,0,0
390018,0,0,0,0,0,0,0,0,0,0
390019,0,1,0,0,0,0,0,0,0,0
390021,0,1,0,0,0,0,0,0,0,0
390023,0,,0,0,0,0,0,0,0,0
390024,0,0,0,0,0,0,0,0,0,0
390025,,,0,0,0,0,0,0,0,0
390026,0,1,0,0,0,0,0,0,0,0
400001,0,0,0,0,0,0,0,0,0,0
400004,0,0,0,0,0,0,0,0,0,0
400005,,,0,0,0,0,0,0,0,0
400006,,,0,0,0,0,0,0,0,0
400008,0,0,0,0,0,0,0,0,0,0
400010,,,0,0,0,0,1,0,0,0
400012,0,0,0,0,0,0,0,0,0,0
400013,0,,0,0,0,0,0,0,0,0
400015,0,0,0,0,0,0,0,0,0,0
400016,,,0,0,0,0,0,0,0,0
400017,0,1,0,0,0,0,0,0,0,0
400018,,,0,0,0,0,0,0,0,0
400019,0,0,0,0,0,0,0,0,0,0
400020,0,0,0,0,0,0,0,0,0,0
400021,0,0,0,0,0,0,0,0,0,0
400022,0,0,0,0,0,0,0,0,0,0
400023,0,1,0,0,0,0,0,0,0,0
400024,0,1,0,0,0,0,0,0,0,0
400025,0,0,0,0,0,0,0,0,0,0
410001,0,0,0,0,0,0,0,0,0,0
410006,0,0,0,0,0,0,0,0,0,0
410008,0,0,0,0,0,1,0,0,0,0
410012,0,0,0,0,0,0,0,0,0,0
410013,0,0,0,0,0,0,0,0,0,0
410014,0,0,0,0,0,0,0,0,0,0
410016,0,,0,0,0,0,0,0,0,0
410017,0,,0,0,0,0,0,0,0,0
410018,0,,0,0,0,0,0,0,0,0
410019,0,,0,0,0,0,0,0,0,0
410020,0,,0,0,0,0,0,0,0,0
410022,0,,0,0,0,0,0,0,0,0
410023,0,0,0,0,0,0,0,0,0,0
410024,0,0,0,0,0,0,0,0,0,0
420002,,,0,0,0,0,0,0,0,0
420003,0,0,0,0,0,0,0,1,0,0
420006,0,1,0,0,0,0,0,0,0,0
420009,0,0,0,0,0,0,0,1,0,0
420010,0,0,0,0,0,0,0,1,0,0
420012,0,,0,0,0,0,0,0,0,0
420013,0,1,0,0,0,0,0,0,0,0
420014,0,0,0,0,0,0,0,0,0,0
420015,0,0,0,0,0,0,0,0,0,0
420016,0,0,0,0,0,0,0,0,0,0
420021,,,0,0,0,0,0,0,0,0
420022,0,0,0,0,0,0,0,0,0,0
420023,0,0,0,0,0,0,0,0,0,0
420024,,,0,0,0,0,0,0,0,0
420025,,,0,0,0,0,0,0,0,0
430001,0,1,0,0,0,0,0,0,0,0
430002,0,1,0,0,0,0,0,0,0,0
430003,0,0,1,0,0,0,0,0,0,0
430004,0,0,0,0,0,0,0,0,0,0
430007,0,1,0,0,0,0,0,0,0,0
430008,1,0,0,0,0,0,0,0,0,0
430009,0,0,0,0,0,0,0,0,0,0
430010,0,,0,0,0,0,0,0,0,0
430012,0,,0,0,0,0,0,0,0,0
430013,0,0,0,0,0,0,0,0,0,0
430014,0,0,0,0,0,0,0,0,0,0
430016,0,0,0,0,0,0,0,0,0,0
430017,,0,0,0,0,0,0,0,0,0
430018,0,0,0,0,0,1,0,0,0,0
430019,0,0,0,0,0,0,0,0,0,0
430020,0,0,0,0,0,0,0,0,0,0
430021,0,0,0,0,0,0,0,0,0,0
430022,0,1,0,0,0,0,0,0,0,0
430023,0,0,0,0,0,0,0,0,0,0
430025,0,0,0,0,0,0,0,0,0,0
440001,0,0,0,1,0,0,0,0,0,0
440002,0,0,0,0,0,0,0,0,0,0
440003,0,1,0,0,0,0,0,0,0,0
440004,0,1,0,0,0,0,0,0,0,0
440005,0,1,0,0,0,0,0,0,0,0
440006,0,0,0,0,0,0,0,0,0,0
440007,0,0,0,0,0,0,0,0,0,0
440008,,,0,0,0,0,0,0,0,0
440009,0,0,0,0,0,0,0,0,0,0
440010,0,0,0,0,0,0,0,0,0,0
440011,0,0,0,0,0,0,0,0,0,0
440012,0,1,0,0,0,1,0,1,0,0
440014,0,1,0,0,0,0,0,0,0,0
440015,0,0,0,1,0,0,0,0,0,0
440016,0,0,0,0,0,0,0,0,0,0
440017,0,0,0,0,0,0,0,0,0,0
440018,0,1,0,0,0,0,0,0,0,0
440019,0,0,0,0,0,0,0,0,0,0
440020,0,0,0,1,0,0,0,0,0,0
440021,0,1,0,0,0,0,0,0,0,0
440022,0,,0,1,0,0,0,0,0,0
440023,0,0,0,0,0,0,0,0,0,0
440024,0,0,0,0,0,0,1,0,0,0
440025,0,0,0,0,0,0,0,0,0,0
450001,0,0,0,1,0,0,0,0,0,0
450002,1,0,0,0,0,0,0,0,0,0
450003,0,1,0,0,0,0,0,0,0,0
450004,0,0,0,0,0,0,0,0,0,0
450005,0,0,0,0,0,0,0,0,0,0
450006,0,0,0,1,0,0,0,0,0,0
450007,0,0,0,0,0,0,0,0,0,0
450008,0,1,0,0,0,0,0,0,0,0
450009,0,1,0,0,0,0,0,0,0,0
450010,0,0,0,0,0,0,0,0,0,0
450011,0,0,0,0,0,0,0,0,0,0
450012,0,0,0,0,0,0,0,0,0,0
450013,0,0,0,0,0,0,0,0,0,0
450014,0,0,0,1,0,0,0,0,0,0
450015,0,0,0,0,0,0,0,0,0,0
450016,0,,0,0,0,0,0,0,0,0
450017,0,0,0,0,0,0,0,0,0,0
450018,0,0,0,0,0,0,0,0,0,0
450019,0,0,0,1,0,0,0,0,0,0
450020,0,0,0,1,0,0,0,0,0,0
450021,0,1,0,0,0,0,0,0,0,0
450022,0,0,0,0,0,0,0,0,0,0
450023,0,0,0,0,0,0,0,0,0,0
450024,0,0,0,0,0,0,0,0,0,0
450025,0,0,0,0,0,0,0,0,0,0
460001,0,0,0,0,0,0,0,0,0,0
460002,0,0,0,0,0,0,0,0,0,0
460003,0,1,0,0,0,0,0,0,0,0
460004,0,1,0,0,0,0,0,0,0,0
460005,0,0,0,0,0,0,0,0,0,0
460006,0,1,0,0,0,0,0,0,0,0
460007,0,0,0,0,0,0,0,0,0,0
460008,0,1,0,0,0,0,0,0,0,0
460009,0,0,0,0,0,0,0,0,0,0
460010,0,1,0,0,0,0,0,0,0,0
460011,0,0,0,1,0,0,0,0,0,0
460012,0,0,0,0,0,0,0,0,0,0
460013,0,0,0,0,0,0,0,0,0,0
460014,0,0,0,0,0,0,0,0,0,0
460015,0,0,0,0,0,0,0,0,0,0
460016,0,0,0,0,0,0,0,0,0,0
460017,0,0,0,0,0,0,0,0,0,0
460018,0,0,0,0,0,0,0,0,0,0
460019,0,0,0,0,0,0,0,0,0,0
460020,0,0,0,0,0,0,0,0,0,0
460021,0,0,0,0,0,0,0,0,0,0
460022,0,0,0,0,0,0,0,0,0,0
460024,0,0,0,0,0,0,0,0,0,0
460025,0,0,0,0,0,0,0,0,0,0
470001,0,0,0,0,0,0,0,0,0,0
470002,0,1,0,0,0,0,0,0,0,0
470003,0,0,0,0,0,0,0,0,0,0
470004,0,1,0,0,0,0,0,0,0,0
470005,0,1,0,0,0,0,0,0,0,0
470006,0,0,0,0,0,0,0,0,0,0
470007,0,0,0,0,0,0,0,0,0,0
470008,1,0,0,0,0,0,0,1,0,0
470009,0,0,0,0,0,0,0,0,0,0
470010,0,0,0,0,0,0,0,0,0,0
470011,0,0,0,0,0,0,0,0,0,0
470012,0,0,0,0,0,0,0,0,0,0
470013,0,1,0,0,0,0,0,1,0,0
470014,0,0,0,1,0,0,0,0,0,0
470015,0,1,0,0,0,0,0,0,0,0
470016,0,1,0,0,0,0,0,0,0,0
470017,0,1,0,0,0,0,0,0,0,0
470018,0,0,0,0,0,0,0,0,0,0
470019,0,1,0,0,0,0,0,0,0,0
470020,0,0,0,0,0,0,0,0,0,0
470021,0,1,0,0,0,0,0,0,0,0
470022,0,0,0,0,0,0,0,0,0,0
470023,0,1,0,0,0,0,0,0,0,0
470024,0,0,0,0,0,0,0,0,0,0
470025,0,1,0,0,0,0,0,0,0,0
470026,0,0,0,0,0,0,0,0,0,0
480001,0,0,0,0,0,0,0,0,0,0
480002,0,0,0,0,0,0,0,0,0,0
480003,0,0,0,0,0,0,0,0,0,0
480004,0,0,0,0,0,0,0,0,0,0
480005,0,0,0,0,0,0,0,0,0,0
480006,0,0,0,0,0,0,0,0,0,0
480007,0,0,0,0,0,0,0,0,0,0
480008,0,1,0,0,0,0,0,0,0,0
480009,0,0,0,0,0,0,0,0,0,0
480010,0,0,0,0,0,0,0,1,0,0
480011,0,1,0,0,0,0,0,0,0,0
480012,0,1,0,0,0,0,0,1,0,0
480013,0,1,0,0,0,0,0,0,0,0
480014,0,1,0,1,0,0,0,0,0,0
480015,0,1,0,0,0,0,0,0,0,0
480016,1,0,0,0,0,0,0,0,0,0
480017,0,0,0,0,0,0,0,1,0,0
480018,0,0,0,0,0,0,0,0,0,0
480019,0,1,0,0,0,0,0,0,0,0
480020,0,0,0,0,0,0,0,0,0,0
480021,0,0,0,0,0,0,0,0,0,0
480022,0,0,0,0,0,0,0,0,0,0
480023,0,0,0,0,0,0,0,0,0,0
480024,0,1,0,0,0,0,0,0,0,0
480025,0,0,0,0,0,0,0,0,0,0
490001,0,0,0,0,0,0,0,0,0,0
490002,0,0,0,0,0,0,0,0,0,0
490003,0,0,0,0,0,0,0,0,0,0
490004,0,1,0,0,0,0,0,0,0,0
490005,0,0,0,0,0,0,0,0,0,0
490006,0,0,0,0,0,0,0,0,0,0
490007,0,0,0,0,0,0,0,0,0,0
490008,0,0,0,0,0,0,0,0,0,0
490009,0,0,0,0,0,0,0,0,0,0
490010,0,0,0,0,0,0,0,0,0,0
490011,0,0,0,0,0,0,0,0,0,0
490012,0,0,0,0,0,0,0,0,0,0
490013,0,0,0,1,0,0,0,1,0,0
490014,0,0,0,1,0,0,0,0,0,0
490015,0,0,0,0,0,0,0,0,0,0
490016,0,0,0,0,0,0,0,0,0,0
490017,0,0,0,0,0,0,0,0,0,0
490018,0,0,0,0,0,0,0,0,0,0
490019,0,1,0,0,0,0,0,0,0,0
490020,0,0,0,1,0,0,0,0,0,0
490021,0,0,0,0,0,0,0,0,0,0
490022,0,0,0,0,0,0,0,0,0,0
490023,,,0,0,0,0,0,0,0,0
490024,0,0,0,1,0,0,0,0,0,0
500001,0,1,0,0,0,0,0,0,0,0
500002,0,0,0,0,0,0,0,0,0,0
500003,0,0,0,0,0,0,0,0,0,0
500004,0,1,0,0,0,0,0,0,0,0
500005,0,0,0,1,0,0,0,0,0,0
500006,0,1,0,0,0,0,0,1,0,0
500007,0,0,0,0,0,0,0,0,0,0
500008,0,0,0,0,0,0,0,0,0,0
500009,0,0,0,0,0,0,0,1,0,0
500010,0,1,0,0,0,0,0,1,0,0
500011,0,0,0,0,0,0,0,0,0,0
500012,0,0,0,0,0,0,0,0,0,0
500013,0,1,0,0,0,0,0,0,0,0
500014,0,0,0,0,0,0,0,0,0,0
500015,0,0,0,0,0,0,0,0,0,0
500016,0,0,0,0,0,0,0,0,0,0
500017,0,1,0,0,0,0,0,0,0,0
500018,0,0,0,0,0,0,0,0,0,0
500019,0,0,0,1,0,0,0,0,0,0
500020,0,0,0,0,0,0,0,0,0,0
500021,0,0,0,0,0,0,0,0,0,0
500022,0,0,0,0,0,0,0,0,0,0
500023,0,1,0,0,0,0,0,0,0,0
500024,0,0,0,1,0,0,0,0,0,0
500025,0,1,0,0,0,0,0,0,0,0
510001,0,0,0,0,0,0,0,0,0,0
510002,0,0,0,0,0,0,0,0,0,0
510003,0,0,0,1,0,0,0,0,0,0
510004,0,0,0,0,0,0,0,0,0,0
510005,0,0,0,0,0,0,0,0,0,0
510006,0,1,0,0,0,0,0,0,0,0
510007,1,0,0,0,0,0,0,0,0,0
510008,0,1,0,0,0,0,0,0,0,0
510009,0,0,0,1,0,0,0,0,0,0
510010,0,1,0,0,0,0,0,0,0,0
510011,,1,0,1,0,0,0,0,0,0
510012,0,0,0,0,0,0,0,1,0,0
510013,0,1,0,0,0,0,0,1,0,0
510014,0,0,0,0,0,0,0,0,0,0
510015,0,1,0,0,0,0,0,0,0,0
510016,0,0,0,0,0,0,0,0,0,0
510017,1,0,0,0,0,0,0,0,0,0
510018,0,0,0,0,0,0,0,0,0,0
510019,,,0,0,0,0,0,0,0,0
510020,0,0,0,0,0,0,0,0,0,0
510021,0,1,0,0,0,0,0,0,0,0
510022,0,0,0,0,0,0,0,0,0,0
510023,0,0,0,0,0,0,0,0,0,0
510024,0,1,0,0,0,0,0,0,0,0
510025,0,0,0,0,0,0,0,0,0,0
520002,0,0,0,0,0,0,0,0,0,0
520003,0,0,0,0,0,0,0,0,0,0
520004,0,0,0,0,0,0,0,0,0,0
520005,0,0,0,0,0,0,0,0,0,0
520006,0,0,0,0,0,0,0,0,0,0
520007,0,0,0,0,0,0,0,0,0,0
520008,0,0,0,0,0,0,0,1,0,0
520009,0,0,0,0,0,0,0,0,0,0
520010,0,0,0,0,0,0,0,0,0,0
520011,0,0,0,1,0,0,0,1,0,0
520012,0,0,0,0,0,0,0,0,0,0
520013,0,0,0,0,0,0,0,0,0,0
520014,0,0,0,0,0,0,0,0,0,0
520015,0,0,0,0,0,0,0,0,0,0
520016,0,0,0,0,0,0,0,0,0,0
520017,0,0,0,0,0,0,0,0,0,0
520018,0,0,0,1,1,0,0,0,0,1
520019,0,0,0,1,0,0,0,0,0,0
520020,1,0,0,0,0,0,0,0,0,0
520021,0,0,0,0,0,0,0,0,0,0
520022,0,0,0,0,0,0,0,0,0,0
520023,0,0,0,0,0,0,0,0,0,0
520024,0,0,0,0,0,0,0,0,0,0
520025,0,0,0,0,0,0,0,0,0,0
530001,0,0,0,0,0,0,0,0,0,0
530002,,,0,1,0,0,0,0,0,0
530003,0,0,0,0,0,0,0,1,0,0
530004,0,0,0,0,0,0,0,0,0,0
530005,0,0,0,1,0,0,0,0,0,0
530006,0,0,0,0,0,0,0,0,0,0
530007,0,0,0,0,0,0,0,0,0,0
530008,0,1,0,0,1,0,0,0,0,0
530009,0,0,0,0,0,0,0,0,0,0
530010,0,0,0,0,0,0,0,0,0,0
530011,0,0,0,0,0,0,0,0,0,0
530012,0,0,0,0,0,0,0,0,0,0
530013,0,0,0,0,0,0,0,0,0,0
530014,0,0,0,0,0,0,0,0,0,0
530015,0,0,0,0,0,0,0,0,0,0
530016,0,0,0,0,0,0,0,0,0,0
530017,0,0,0,0,0,0,0,0,0,0
530018,0,0,0,0,0,0,0,0,0,0
530019,0,1,0,0,0,0,0,0,0,0
530020,0,0,0,0,0,0,0,0,0,0
530021,0,1,0,0,0,0,0,0,0,0
530022,0,1,0,0,0,0,0,0,0,0
530023,0,0,0,0,0,0,0,0,0,0
530024,0,0,0,0,0,0,0,0,0,0
530025,0,0,0,0,0,0,0,0,0,0
530026,0,0,0,0,0,0,0,0,0,0
540001,0,0,0,0,0,0,0,0,0,0
540002,0,0,0,1,0,0,0,0,1,0
540003,0,1,0,0,0,0,0,0,0,0
540004,0,0,0,0,0,0,0,0,0,0
540005,0,0,0,0,0,0,0,0,0,0
540006,0,0,0,0,0,0,0,0,0,0
540007,0,0,0,1,0,0,0,0,0,0
540008,0,0,0,0,0,0,0,0,0,0
540009,0,0,0,0,0,0,0,0,0,0
540010,0,0,0,1,0,0,0,0,0,0
540011,0,0,0,1,0,0,0,0,0,0
540012,0,1,0,0,0,0,0,0,0,0
540013,0,0,0,1,0,0,0,0,0,0
540014,0,0,0,1,0,0,0,0,0,0
540015,0,1,0,0,0,0,0,0,0,0
540016,0,1,0,0,0,0,0,0,0,0
540017,0,0,0,1,0,0,0,0,0,0
540018,0,0,0,0,0,0,0,0,0,0
540019,0,1,0,0,0,0,0,0,0,0
540020,1,0,0,0,0,0,0,0,0,0
540021,0,0,0,0,0,0,0,0,0,0
540022,0,0,0,0,0,0,0,0,0,0
540023,0,0,0,0,0,0,0,0,0,0
540024,0,0,0,1,0,0,0,0,0,0
540025,0,0,0,0,0,0,0,0,0,0
550001,0,0,0,1,0,0,0,0,0,0
550002,0,0,0,0,0,0,1,0,0,0
550003,0,0,0,0,0,0,0,0,0,0
550004,0,1,0,0,0,0,0,0,0,0
550005,0,0,0,1,0,0,0,0,0,0
550006,0,0,0,1,0,0,0,0,0,0
550007,0,0,0,0,0,0,0,0,0,0
550008,0,0,0,0,0,0,0,0,0,0
550009,0,1,0,0,0,0,0,0,0,0
550010,0,1,0,0,0,0,0,0,0,0
550011,0,1,0,0,0,0,0,1,0,0
550012,0,1,0,0,0,0,0,0,0,0
550013,0,1,0,0,0,0,0,0,0,0
550014,0,0,0,0,0,0,0,0,0,0
550015,0,1,0,0,0,0,0,1,0,0
550016,0,0,0,0,0,0,0,0,0,0
550017,0,1,0,0,0,0,0,0,0,0
550018,0,0,0,0,0,0,0,0,0,0
550019,0,0,0,0,0,0,0,0,0,0
550020,0,0,0,0,0,0,0,0,0,0
550021,0,0,0,0,0,0,0,0,0,0
550022,0,0,0,0,0,0,0,0,0,0
550023,0,1,0,0,0,0,0,0,0,0
550024,0,1,0,0,0,0,0,0,0,0
550025,0,0,0,0,0,0,0,0,0,0
560001,0,0,0,0,0,0,0,0,0,0
560002,0,0,0,0,0,0,0,0,1,0
560003,0,1,0,0,0,0,0,0,0,0
560004,0,0,0,0,0,0,0,0,0,0
560005,0,0,0,0,0,0,0,0,0,0
560006,,,0,0,0,0,0,0,0,0
560007,0,0,0,1,1,0,1,0,0,1
560008,0,1,0,0,0,0,0,0,0,0
560009,0,0,0,1,0,0,0,0,0,0
560010,0,0,0,0,0,0,0,0,0,0
560011,,,0,0,0,0,0,0,0,0
560012,0,0,0,1,0,0,0,0,0,0
560013,0,0,0,0,0,0,0,0,0,0
560014,0,0,0,0,0,0,0,0,0,0
560015,0,0,0,1,0,0,0,0,0,0
560016,0,0,0,0,0,0,0,0,0,0
560017,0,0,0,0,0,0,0,0,0,0
560018,0,0,0,0,0,0,0,0,1,0
560019,0,1,0,0,0,0,0,0,0,0
560020,0,0,0,0,0,0,0,0,0,0
560021,0,0,0,0,0,0,0,0,0,0
560022,0,0,0,0,0,0,0,0,0,0
560023,0,0,0,1,0,0,0,0,0,0
560024,0,1,0,0,0,0,0,0,0,0
560025,0,0,0,0,0,0,0,0,0,0
570001,0,1,0,0,0,0,0,0,0,0
570002,0,0,0,0,0,0,0,1,0,0
570003,0,0,0,1,0,0,0,0,0,0
570004,0,0,0,0,0,0,0,0,0,0
570005,0,0,0,1,0,0,0,0,0,0
570006,0,0,0,0,0,0,0,0,0,0
570007,0,1,0,0,0,0,0,0,0,0
570008,0,1,0,0,0,0,0,0,0,0
570009,,,0,0,0,0,0,0,0,0
570010,0,0,0,0,0,0,0,0,0,0
570011,0,,0,0,0,0,0,0,0,0
570012,0,,0,0,0,0,0,0,0,0
570013,0,0,0,1,0,0,0,0,0,0
570014,0,1,0,0,0,0,0,0,0,0
570015,0,1,0,0,0,0,0,0,0,0
570016,0,0,1,0,0,0,0,0,0,0
570017,0,1,0,0,0,0,0,0,0,0
570018,,,0,0,0,0,0,0,0,0
570019,0,0,0,0,0,0,0,0,0,0
570020,0,,0,0,0,0,0,0,0,0
570021,0,0,0,0,0,0,0,0,0,0
570022,0,1,0,0,0,0,0,0,0,0
570023,,,0,0,0,0,0,0,0,0
570024,0,0,0,0,0,0,0,0,0,0
580001,0,1,0,0,0,0,0,0,0,0
580002,,,0,1,0,0,0,0,0,0
580003,0,0,0,1,0,0,0,0,0,0
580004,0,1,0,0,0,0,0,1,0,0
580005,0,1,0,0,0,0,0,1,0,0
580006,0,0,0,0,0,0,0,0,0,0
580007,0,1,0,0,0,0,0,0,0,0
580008,1,1,0,0,0,0,0,1,0,0
580009,0,0,0,1,0,0,0,1,0,0
580010,0,0,0,0,0,0,0,0,0,0
580011,0,0,0,0,0,0,0,1,0,0
580012,0,,0,0,0,1,0,0,0,0
580013,0,1,0,0,0,0,0,0,0,0
580014,0,0,0,0,0,0,0,0,0,0
580015,0,0,0,0,0,0,0,0,0,0
580016,0,0,0,1,0,0,0,0,0,0
580017,0,0,0,1,0,0,0,0,0,0
580018,0,1,0,0,0,0,0,0,0,0
580019,,,0,0,0,0,0,0,0,0
580020,0,0,0,0,0,0,0,0,0,0
580021,0,1,0,0,0,0,0,0,0,0
580022,0,1,0,0,0,0,0,0,0,0
580023,0,0,0,,0,0,0,0,0,0
580024,0,0,0,0,0,0,0,0,0,0
580025,0,0,0,0,0,0,0,0,0,0
590001,,0,0,1,0,0,0,0,0,0
590002,0,1,0,0,0,0,0,0,0,0
590003,0,1,0,0,0,0,0,0,0,0
590004,0,0,0,0,0,0,0,0,0,0
590005,0,0,0,1,0,0,0,0,0,0
590006,0,0,0,0,0,0,0,0,0,0
590007,0,0,0,1,0,0,0,0,0,1
590008,0,0,0,0,0,0,0,0,0,0
590009,0,1,0,0,0,0,0,0,0,0
590010,0,0,0,0,0,0,0,0,0,0
590011,0,0,0,1,0,0,0,0,0,0
590012,0,1,0,0,0,0,0,0,0,0
590013,0,0,0,0,0,0,0,0,0,0
590015,0,0,0,0,0,0,0,1,0,0
590016,0,,0,0,0,0,0,0,0,0
590017,0,0,0,0,0,0,0,0,0,0
590018,0,0,0,0,0,0,0,0,0,0
590019,0,0,0,,0,0,0,0,0,0
590020,0,0,0,0,0,0,0,0,0,0
590021,0,0,0,0,0,0,0,0,0,0
590022,0,0,0,0,0,0,0,0,0,0
590023,,,0,,0,0,0,0,0,0
590024,0,0,0,0,0,0,0,0,0,0
590025,0,1,0,0,0,0,0,0,0,0
600001,0,0,0,0,0,0,0,0,0,0
600002,0,0,0,0,0,0,0,1,0,0
600003,0,1,0,0,0,0,0,1,0,0
600004,0,0,0,0,0,0,0,0,0,0
600005,0,0,0,0,0,0,0,1,0,0
600006,0,0,0,1,0,0,0,0,0,0
600007,0,1,0,0,0,0,0,0,0,0
600008,0,,0,0,0,0,0,1,0,0
600009,0,0,0,1,0,0,0,0,0,0
600010,0,1,0,0,0,0,0,0,0,0
600011,0,,0,0,0,0,0,0,0,0
600012,0,1,0,0,0,0,0,0,0,0
600013,0,0,0,1,0,0,0,0,0,0
600014,0,1,0,0,0,0,0,0,0,0
600015,0,0,0,0,0,0,0,0,0,0
600016,0,1,0,0,0,0,0,0,0,0
600017,0,1,0,0,0,0,0,0,0,0
600018,0,0,0,0,0,0,0,0,0,0
600019,0,1,0,0,0,0,0,0,0,0
600020,0,0,0,0,0,0,0,0,0,0
600021,0,0,0,0,0,0,0,0,0,0
600022,0,1,0,0,0,0,0,0,0,0
600023,0,1,0,0,0,0,0,0,0,0
600024,0,0,0,,0,0,0,0,0,0
600025,0,0,0,0,0,0,0,0,0,0
610002,0,0,0,0,0,0,0,0,0,0
610003,0,1,0,0,0,0,0,0,0,0
610004,0,0,0,0,0,0,0,0,0,0
610005,0,1,0,0,0,0,0,0,0,0
610006,0,,0,0,0,0,1,0,0,0
610007,0,1,0,0,0,0,0,0,0,0
610008,0,1,0,0,0,0,0,0,0,0
610009,0,1,0,0,0,0,0,0,0,0
610010,0,,0,1,0,0,0,1,0,0
610011,0,1,0,0,0,0,0,1,0,0
610012,0,,0,0,0,0,0,1,0,0
610013,,,0,0,0,0,0,0,0,0
610014,0,,0,0,0,0,0,1,0,0
610015,0,0,0,0,0,0,0,0,0,0
610016,0,1,0,0,0,0,0,0,0,0
610017,0,,0,0,0,0,0,0,0,0
610018,0,1,0,0,0,0,0,0,0,0
610019,0,1,0,0,0,0,1,0,0,0
610020,0,0,0,,0,0,0,0,0,0
610021,0,0,0,0,0,0,0,0,0,0
610022,1,1,0,0,0,0,0,0,0,0
610023,0,0,0,0,0,0,0,0,0,0
610024,0,0,1,0,0,0,0,0,0,0
610025,0,0,0,0,0,0,0,0,0,0
610026,0,0,1,0,0,0,0,0,0,0
620001,0,,0,0,0,0,0,0,0,0
620002,0,0,0,0,0,0,0,0,0,0
620003,0,0,0,0,0,0,0,0,0,0
620004,0,1,0,0,0,0,0,0,0,0
620005,0,0,0,0,0,0,0,0,0,0
620006,0,0,0,1,0,0,0,0,0,0
620007,0,1,0,0,0,0,0,0,0,0
620008,0,0,0,0,0,0,0,0,1,0
620009,0,1,0,0,0,0,0,0,0,0
620010,0,0,0,0,0,0,0,0,0,0
620011,0,1,0,0,0,0,0,0,0,0
620012,0,1,0,0,0,0,0,0,0,0
620013,0,1,0,0,0,0,0,0,0,0
620015,0,0,0,0,0,0,0,0,0,0
620016,0,0,1,1,0,0,0,0,0,0
620017,0,0,0,0,0,0,0,0,0,0
620018,0,1,0,0,0,0,0,0,0,0
620019,0,1,0,0,0,0,0,0,0,0
620020,0,0,0,0,0,0,0,0,0,0
620021,0,1,0,0,0,0,0,0,0,0
620022,0,0,0,0,0,0,0,0,0,0
620023,0,1,0,0,0,0,0,0,0,0
620024,0,0,0,1,0,0,0,0,0,0
620025,0,0,0,0,0,0,0,0,0,0
630001,0,,0,0,0,0,0,0,0,0
630002,0,0,0,0,0,0,0,0,0,0
630004,0,0,0,0,0,0,0,0,0,0
630005,,,0,0,0,0,0,0,0,0
630006,0,1,0,0,0,0,0,0,0,0
630007,0,0,0,0,0,0,0,0,0,0
630008,0,0,0,0,0,0,0,0,0,0
630010,0,,0,0,0,0,0,0,0,0
630011,,,0,0,0,0,0,0,0,0
630012,0,0,0,0,0,0,0,0,0,0
630013,0,1,0,0,0,0,0,0,0,0
630014,1,0,0,0,0,0,0,0,0,0
630015,0,0,0,0,0,0,0,0,0,0
630016,0,0,0,0,0,0,0,0,0,0
630017,0,1,0,0,0,0,0,0,0,0
630018,0,0,0,1,0,0,0,0,0,0
630019,0,0,0,0,0,0,0,1,0,0
630020,0,0,0,1,0,0,0,0,0,0
630021,0,0,0,0,0,0,0,0,0,0
630022,0,0,0,0,0,0,0,0,0,0
630023,0,0,0,1,0,0,0,0,0,0
630024,0,0,0,0,0,0,0,0,0,0
630025,0,1,0,0,0,0,0,0,0,0
640001,0,0,0,0,0,0,0,0,0,0
640002,0,0,0,0,0,0,0,0,0,0
640003,0,1,0,0,0,0,0,0,0,0
640005,0,0,0,0,0,0,0,0,0,0
640006,0,1,0,0,0,0,0,1,0,0
640007,0,1,0,0,0,0,0,0,0,0
640009,0,0,0,0,0,0,0,0,0,0
640010,0,0,0,0,0,0,0,0,0,0
640011,0,0,0,0,0,0,0,0,0,0
640012,0,0,0,0,0,0,0,0,0,0
640013,0,1,0,0,0,0,0,0,0,0
640014,0,0,0,0,0,0,0,0,0,0
640016,0,1,0,0,0,0,0,0,0,0
640017,0,0,0,0,0,0,0,0,0,0
640018,0,0,0,0,0,0,0,0,0,0
640019,0,,0,0,0,0,0,0,0,0
640020,0,0,0,0,0,0,0,0,0,0
640021,0,0,0,0,0,0,0,0,0,0
640022,0,0,0,1,0,0,0,0,0,0
640023,0,0,0,0,0,0,0,0,0,0
640024,0,0,0,0,0,0,0,0,0,0
640025,0,1,0,0,0,0,0,0,0,0
650002,0,0,0,0,0,0,0,0,0,0
650003,0,0,0,0,0,0,0,0,0,0
650004,0,0,0,0,0,0,0,1,0,0
650005,0,0,0,0,0,0,0,0,0,0
650006,0,0,0,0,0,0,0,1,0,0
650007,0,,0,1,0,0,0,0,0,0
650008,0,,0,0,0,0,0,0,0,0
650010,0,0,0,0,0,0,0,0,0,0
650011,0,0,0,0,0,0,0,0,0,0
650012,1,0,0,0,0,0,0,0,0,0
650013,1,0,0,0,0,0,0,0,0,0
650014,,,0,0,0,0,0,0,0,0
650015,0,0,0,0,0,0,0,0,0,0
650016,0,0,0,0,0,0,0,0,0,0
650017,0,1,0,0,0,0,0,0,0,0
650018,0,0,0,0,0,0,0,0,0,0
650019,0,0,0,0,0,0,0,0,0,0
650020,0,0,0,0,0,0,0,0,0,0
650021,0,0,0,0,0,0,0,0,0,0
650022,0,1,0,0,0,0,0,0,0,0
650023,0,0,0,1,0,0,0,0,0,0
650024,0,0,0,0,0,0,0,0,0,0
650025,1,0,0,0,0,0,0,0,0,0
660001,0,0,0,0,0,0,0,0,0,0
660002,0,0,0,0,0,0,0,0,0,0
660003,0,0,0,0,0,0,0,0,0,0
660004,0,0,0,0,0,0,0,0,0,0
660005,0,0,0,0,0,0,0,0,0,0
660006,0,1,0,0,0,0,0,0,0,0
660007,0,1,0,0,0,0,0,0,0,0
660008,0,1,0,0,0,0,0,0,0,0
660009,0,1,0,0,0,0,0,0,0,0
660010,0,0,0,0,0,0,0,0,0,0
660011,0,0,0,0,0,0,0,0,0,0
660012,0,0,0,0,0,0,0,0,0,0
660013,0,0,0,0,0,0,0,0,0,0
660014,0,0,0,0,0,0,0,0,0,0
660015,0,1,0,0,0,0,0,0,0,0
660016,0,1,0,0,0,0,0,0,0,0
660017,0,1,0,0,0,0,0,0,0,0
660018,0,0,0,0,0,0,0,0,0,0
660019,0,0,0,0,0,0,0,0,0,0
660020,0,0,0,0,0,0,0,0,1,0
660021,0,0,0,,0,0,0,0,0,0
660022,0,0,0,1,0,0,0,0,0,0
660023,0,0,0,0,0,0,0,0,0,0
660024,0,0,0,,0,0,0,0,0,0
660025,0,0,0,0,0,0,0,0,0,0
670001,0,0,0,1,0,0,0,1,0,1
670002,0,1,0,0,0,0,0,1,0,0
670003,0,0,0,0,0,0,0,0,1,0
670004,0,0,0,0,0,0,0,1,0,0
670005,0,0,0,0,0,0,0,1,1,0
670006,0,0,0,1,0,0,0,0,0,0
670007,0,0,0,0,0,0,0,0,0,0
670008,0,0,0,0,0,0,0,0,0,0
670009,0,0,0,0,0,0,0,0,0,0
670010,0,0,0,0,0,0,0,0,0,0
670011,0,0,0,0,0,0,0,1,0,0
670012,0,0,0,0,0,0,0,0,0,0
670013,0,0,0,1,0,0,0,0,0,0
670014,1,0,0,0,0,0,0,0,0,0
670015,0,0,0,0,0,0,0,0,0,0
670016,0,0,0,0,0,0,0,0,0,0
670017,0,0,0,0,0,0,0,0,0,0
670018,0,0,0,0,0,0,0,0,0,0
670019,0,0,0,0,0,0,0,1,1,0
670020,,,0,0,0,0,0,0,0,0
670021,0,0,0,0,0,0,0,1,0,0
670022,0,0,0,0,0,0,0,0,0,0
670023,0,1,0,0,0,0,0,0,0,0
670024,0,1,0,0,0,0,0,0,0,0
670025,0,0,0,1,0,0,0,0,0,0
680001,0,0,0,0,0,0,0,0,0,0
680002,0,0,0,0,0,0,0,0,0,0
680003,0,0,0,1,0,0,0,0,0,0
680004,0,0,0,0,0,0,0,1,0,0
680005,0,1,0,0,0,0,0,0,0,0
680006,0,0,0,1,0,0,0,0,0,0
680007,0,0,0,0,0,0,0,0,0,0
680008,0,0,0,1,0,0,0,0,0,0
680009,0,0,0,0,0,0,0,0,0,0
680010,0,0,0,0,0,0,0,0,0,0
680011,0,0,0,0,0,0,0,0,0,0
680012,0,0,0,0,0,0,0,0,0,0
680013,0,1,0,0,0,0,0,0,0,0
680014,0,0,0,0,0,0,0,0,0,0
680015,0,0,0,0,0,0,0,0,0,0
680016,0,1,0,0,0,0,0,0,0,0
680017,0,0,0,,0,0,0,0,0,0
680018,0,1,0,0,0,0,0,0,0,0
680019,0,0,0,,0,0,0,0,0,0
680020,0,0,0,0,0,0,0,0,0,0
680021,0,1,0,0,0,0,0,0,0,0
680022,0,1,0,0,0,0,0,0,0,0
680023,0,0,0,0,0,0,0,0,0,0
680024,0,0,0,0,0,0,0,0,0,0
680025,0,0,0,,0,0,0,0,0,0
690001,0,0,0,0,0,0,0,1,0,0
690002,0,1,0,0,0,0,0,1,0,0
690003,0,0,0,0,0,0,0,0,0,0
690004,0,0,0,0,0,0,0,1,0,0
690005,0,0,0,1,0,0,0,0,0,0
690006,0,0,0,0,0,0,0,0,0,0
690007,0,1,0,0,0,0,0,0,0,0
690008,0,0,0,0,0,0,0,0,0,0
690009,0,0,0,0,0,0,0,1,0,0
690010,0,0,0,1,0,0,0,0,1,0
690011,0,0,0,0,0,0,0,0,0,0
690012,0,0,0,0,0,0,0,0,0,0
690013,0,0,0,0,0,0,0,0,0,0
690014,0,1,0,0,0,0,0,0,0,0
690015,0,0,0,0,0,0,0,1,0,0
690016,0,0,0,0,0,1,0,1,0,0
690017,0,0,0,0,0,0,0,0,0,0
690018,0,0,0,0,0,0,0,0,0,0
690019,0,0,0,0,0,0,0,0,0,0
690020,0,1,0,0,0,0,0,0,0,0
690021,0,0,0,0,0,0,0,0,0,0
690022,1,0,0,0,0,0,0,0,0,0
690023,0,0,0,0,0,0,0,0,0,0
690024,0,0,0,0,0,0,0,0,0,0
690025,0,0,0,0,0,0,0,0,0,0
700001,0,1,0,0,0,0,0,0,0,0
700002,0,1,0,0,0,0,0,0,0,0
700003,0,0,0,0,0,0,0,1,0,0
700004,0,0,0,0,0,0,0,0,0,0
700005,0,0,0,0,0,0,0,0,0,0
700006,0,0,0,0,0,0,0,1,0,0
700007,0,0,0,0,0,0,0,0,0,0
700008,0,0,0,0,0,0,0,0,0,0
700009,0,0,0,0,0,0,0,1,0,0
700010,0,0,0,0,0,0,0,0,0,0
700011,0,0,0,0,0,0,0,0,0,0
700012,0,1,0,0,0,0,0,0,0,0
700013,0,0,0,0,0,0,0,0,0,0
700014,0,0,0,0,0,0,0,0,0,0
700015,0,1,0,0,0,0,0,0,0,0
700016,0,0,0,0,0,0,0,0,0,0
700017,0,0,0,0,0,0,0,0,0,0
700018,0,0,0,0,0,0,0,1,0,0
700019,0,0,0,0,0,0,0,0,0,0
700020,0,1,0,0,0,0,0,0,0,0
700021,0,1,0,0,0,0,0,0,0,0
700022,0,0,0,,0,0,0,0,0,0
700023,0,1,0,0,0,0,0,0,0,0
700024,0,1,0,0,0,0,0,0,0,0
700025,0,0,0,0,0,0,0,0,0,0
700026,0,0,0,0,0,0,0,1,0,0
710001,0,0,0,0,0,0,0,0,1,0
710002,0,0,0,0,0,0,0,0,0,0
710003,0,0,0,0,0,0,0,0,1,0
710004,0,0,0,0,0,0,0,0,0,0
710005,1,1,0,0,0,0,0,0,1,0
710006,0,0,0,0,0,0,0,0,0,0
710007,0,1,0,0,0,0,0,0,0,0
710008,0,0,0,0,0,0,0,0,1,0
710009,0,0,0,0,0,0,0,0,1,0
710010,0,0,0,0,0,0,0,0,0,0
710011,1,1,0,0,0,0,0,0,0,0
710012,0,0,0,0,0,0,0,0,0,0
710013,0,0,0,0,0,0,0,0,0,0
710014,1,0,0,1,0,0,0,0,1,0
710015,0,1,0,0,0,0,0,0,0,0
710016,0,0,0,0,0,0,0,0,0,0
710017,0,0,0,0,0,0,0,0,0,0
710018,0,1,0,0,0,0,0,0,0,0
710019,0,0,0,0,0,0,0,0,0,0
710020,0,0,0,0,0,0,1,0,0,0
710021,0,0,0,0,0,0,0,0,0,0
710022,0,0,0,0,0,0,0,0,0,0
710023,0,1,0,0,0,0,0,0,0,0
710024,0,0,0,0,0,0,0,0,0,0
710025,0,0,0,1,0,0,0,0,0,0
720001,0,0,0,1,0,0,0,0,0,0
720002,0,0,0,0,0,0,0,1,0,0
720003,0,0,0,0,0,0,0,0,0,0
720004,0,0,0,0,0,0,0,1,0,0
720005,0,1,0,0,0,0,0,1,0,0
720006,,,0,0,0,0,0,0,0,0
720007,0,1,0,0,0,0,0,0,0,0
720008,0,0,0,0,0,0,0,0,0,0
720009,0,1,0,0,0,0,0,0,1,0
720010,0,1,0,0,0,0,0,0,0,0
720011,0,0,0,0,0,0,0,1,0,0
720012,0,1,0,0,0,0,0,0,0,0
720013,0,1,0,0,0,0,0,0,0,0
720014,0,0,0,0,0,0,0,0,0,0
720015,0,0,0,1,0,0,0,0,0,0
720016,0,1,0,0,0,0,0,1,0,0
720017,0,0,0,1,0,0,0,0,0,0
720018,0,0,0,0,0,0,0,0,0,0
720019,0,1,0,0,0,0,0,0,0,0
720020,0,0,0,0,0,0,0,0,0,0
720021,0,0,0,,0,0,0,0,0,0
720022,0,0,0,,0,0,0,0,0,0
720023,0,1,0,0,0,0,0,0,0,0
720024,0,0,0,1,0,0,0,0,0,0
720025,0,0,0,0,0,0,0,0,0,0
730001,0,0,0,0,0,0,0,0,0,0
730002,0,1,0,0,0,0,0,0,0,0
730003,0,0,0,0,0,0,0,0,0,0
730004,0,1,0,0,0,0,0,0,0,0
730005,0,0,0,0,0,0,0,0,0,0
730006,0,1,0,0,0,0,0,0,0,0
730007,0,0,0,0,0,0,0,0,0,0
730008,0,0,0,0,0,0,0,0,0,0
730009,0,1,0,0,0,0,0,0,0,0
730010,0,1,0,0,0,0,0,1,0,0
730011,0,0,0,1,0,0,0,0,0,0
730012,0,0,0,0,0,0,1,0,0,0
730013,0,0,0,0,0,0,0,0,0,0
730014,0,0,0,0,0,0,0,0,0,0
730015,0,0,0,0,0,0,0,0,0,0
730016,0,0,0,0,0,0,0,0,0,0
730017,0,0,0,0,0,0,0,0,0,0
730018,0,0,0,0,0,0,0,0,0,0
730019,0,0,0,0,0,0,0,0,0,0
730020,0,0,0,0,0,0,0,0,0,0
730021,0,0,0,0,0,0,0,0,0,0
730022,0,0,0,0,0,0,0,0,0,0
730024,0,1,0,0,0,0,0,0,0,0
730025,0,0,0,1,0,0,0,0,0,0
740001,0,1,0,0,0,0,0,0,0,0
740002,0,0,0,0,0,0,0,0,0,0
740003,0,0,0,0,0,0,0,0,0,0
740004,0,0,0,0,0,0,0,0,0,0
740005,0,0,0,0,0,0,0,0,0,0
740006,0,1,0,0,0,0,0,1,0,0
740007,0,0,0,1,0,0,0,0,0,0
740008,,,0,0,0,0,0,0,0,0
740009,0,0,0,0,0,0,0,0,0,0
740010,0,0,0,0,0,0,0,0,0,0
740011,0,1,0,0,0,0,0,0,0,0
740012,0,0,0,0,0,0,0,0,0,0
740013,0,0,0,0,0,0,0,1,0,0
740014,0,1,0,0,0,0,0,0,0,0
740015,0,0,0,0,0,0,0,1,0,0
740016,0,0,0,0,0,0,0,1,0,0
740017,0,0,0,0,0,0,0,0,0,0
740018,0,0,0,0,0,0,0,0,0,0
740019,0,0,0,0,0,0,0,0,0,0
740020,0,0,0,0,0,0,0,0,0,0
740021,0,0,0,0,0,0,0,0,0,0
740022,0,0,0,0,0,0,0,0,0,0
740023,0,0,0,,0,0,0,0,0,0
740024,0,0,0,0,0,0,0,0,0,0
740025,0,0,0,0,0,0,0,0,0,0
750001,0,0,0,0,0,0,0,0,0,0
750003,0,1,0,0,0,0,0,0,0,0
750004,0,0,0,0,0,0,0,0,0,0
750005,0,1,0,0,0,0,0,0,0,0
750006,0,0,0,0,0,0,0,0,0,0
750007,0,0,0,0,0,0,0,0,0,0
750008,0,0,0,1,0,0,0,0,0,0
750009,0,0,0,0,0,0,0,0,0,0
750010,0,1,0,0,0,0,0,0,0,0
750011,0,1,0,0,0,0,0,0,0,0
750012,0,0,0,0,0,0,0,0,0,0
750013,0,0,0,0,0,0,0,0,0,0
750014,0,0,0,0,0,0,0,0,0,0
750015,0,0,0,1,0,0,0,0,0,0
750016,0,0,0,0,0,0,0,0,0,0
750017,0,0,0,0,0,0,0,0,0,0
750018,0,1,0,0,0,0,0,0,0,0
750019,0,0,0,1,0,0,0,0,0,0
750020,0,1,0,0,0,0,0,0,0,0
750021,0,0,0,0,0,0,0,0,0,0
750022,0,0,0,1,0,0,0,0,0,0
750023,0,0,0,0,0,0,0,0,0,0
750024,0,0,0,0,0,0,0,0,0,0
750025,0,0,0,0,0,0,0,0,0,0
760001,0,0,0,1,0,0,0,0,0,0
760002,0,0,0,0,0,0,0,0,0,0
760003,0,0,0,0,0,0,0,0,0,0
760004,0,1,0,0,0,0,0,0,0,0
760005,0,0,0,0,0,0,0,1,0,0
760006,,,0,0,0,0,0,0,0,0
760007,0,0,0,1,0,0,0,0,0,0
760008,0,0,0,0,0,0,0,0,0,0
760009,0,0,0,0,0,0,0,0,0,0
760010,0,0,0,0,0,0,0,0,0,0
760011,,,0,0,0,0,0,0,0,0
760012,0,0,0,0,0,0,0,0,0,0
760013,0,1,0,0,0,0,0,0,0,0
760014,0,0,0,0,0,0,0,0,0,0
760015,0,0,0,1,0,0,0,0,0,0
760016,0,0,0,0,0,0,0,0,0,0
760017,0,0,0,0,0,0,0,0,0,0
760018,0,0,0,0,0,0,0,0,0,0
760019,0,0,0,0,0,0,0,0,0,0
760020,0,,0,0,0,0,0,0,0,0
760021,0,1,0,0,0,0,0,0,0,0
760022,0,1,0,0,0,0,0,0,0,0
760023,0,0,0,,0,0,0,0,0,0
760024,0,0,0,0,0,0,0,0,0,0
760025,0,0,0,0,0,0,0,0,0,0
760026,0,0,0,,0,0,0,0,0,0
770001,0,0,0,0,0,0,0,0,0,0
770002,0,0,0,0,0,0,0,0,0,0
770003,0,0,0,0,0,0,0,1,0,0
770004,0,0,0,0,0,0,0,0,0,0
770005,0,0,0,0,0,0,0,0,0,0
770006,1,0,0,0,0,0,0,0,0,0
770007,0,0,0,1,0,0,0,0,0,0
770008,0,0,0,1,0,0,0,0,0,0
770009,0,0,0,0,0,0,0,0,0,0
770010,0,0,0,0,0,0,0,0,0,0
770011,0,0,0,0,0,0,0,0,0,0
770012,0,1,0,0,0,0,0,0,0,0
770013,0,0,0,0,0,0,0,0,0,0
770014,0,0,0,0,0,0,0,0,0,0
770015,0,0,0,0,0,0,0,0,0,0
770016,0,0,0,0,0,0,0,0,0,0
770017,0,0,0,0,0,0,0,0,0,0
770018,0,0,0,0,0,0,0,0,0,0
770019,0,0,0,0,0,0,0,0,0,0
770020,0,0,0,0,0,0,0,0,0,0
770021,0,0,0,0,0,0,0,0,0,0
770022,0,0,0,0,0,0,0,0,0,0
770023,0,0,0,0,0,0,0,0,0,0
770024,0,0,0,0,0,0,0,0,0,0
770025,0,0,0,,0,0,0,0,0,0
770026,0,0,0,0,0,0,0,0,0,0
780001,0,1,0,0,0,0,0,0,0,0
780002,0,0,0,1,0,0,0,0,0,1
780003,0,1,0,0,0,0,0,0,0,0
780004,0,0,0,0,0,0,0,0,0,0
780005,0,0,0,0,0,0,0,0,0,0
780006,0,1,0,0,0,0,0,0,0,0
780007,0,1,0,0,0,0,0,0,0,0
780008,0,1,0,0,0,0,0,0,0,0
780009,0,0,0,0,0,0,0,1,0,0
780010,0,1,0,0,1,0,0,0,0,0
780011,0,0,0,0,0,0,0,0,0,0
780012,0,0,0,0,0,0,0,0,0,0
780013,0,0,0,0,0,0,0,0,0,0
780014,0,0,0,0,0,0,0,0,0,0
780015,0,0,0,0,0,0,0,0,0,0
780016,0,0,0,0,0,0,0,0,0,0
780017,0,0,0,0,0,0,0,0,0,0
780018,0,1,0,0,0,0,0,0,0,0
780019,0,0,0,0,0,0,0,0,0,0
780020,0,,0,1,0,0,0,0,0,0
780021,0,1,0,0,0,0,0,0,0,0
780022,0,0,0,0,0,0,0,0,0,0
780023,0,0,0,0,0,0,0,0,0,0
780024,0,0,0,0,0,0,0,0,0,0
780025,0,0,0,0,0,0,0,0,0,0
780026,0,0,0,0,0,0,0,0,0,0
790001,0,0,0,0,0,0,0,0,0,0
790003,0,1,0,0,0,0,0,0,0,0
790004,0,0,0,0,0,0,0,0,0,0
790005,0,0,0,0,0,0,0,0,0,0
790006,0,1,0,0,0,0,0,0,0,0
790007,0,0,0,0,0,0,0,0,0,0
790008,0,1,0,0,0,0,0,0,0,0
790009,0,0,0,0,0,0,0,1,0,0
790010,0,0,0,0,0,0,0,0,0,0
790011,0,0,0,0,0,0,0,1,0,0
790012,0,1,0,0,0,0,0,0,0,0
790013,0,0,0,0,0,0,0,0,0,0
790014,0,1,0,0,0,0,0,0,0,0
790015,0,0,0,0,0,0,0,0,0,0
790016,0,0,0,0,0,0,0,0,0,0
790017,0,0,0,0,0,0,0,0,0,0
790018,0,1,0,0,0,0,0,0,0,0
790019,0,0,0,0,0,0,0,0,0,0
790020,0,1,0,0,0,0,0,0,0,0
790021,0,0,0,0,0,0,0,0,0,0
790023,0,1,0,0,0,0,0,0,0,0
790024,0,0,0,0,0,0,0,0,0,0
790025,0,0,0,0,0,0,0,0,0,0
800001,0,0,0,0,0,0,0,0,0,0
800002,0,0,0,0,0,0,0,0,0,0
800003,0,0,0,0,0,0,0,0,0,0
800004,0,1,0,0,0,0,0,0,0,0
800005,0,0,0,0,0,0,0,0,0,0
800006,0,0,0,1,0,0,0,0,0,0
800007,0,1,0,0,0,0,0,0,0,0
800008,0,1,0,0,0,0,0,0,0,0
800009,0,1,0,0,0,0,0,0,0,0
800010,0,0,0,0,0,0,0,0,0,0
800011,0,0,0,0,0,0,0,0,0,0
800012,0,1,0,0,0,0,0,0,0,0
800013,0,0,0,0,0,0,0,0,0,0
800014,0,0,0,0,0,0,0,0,0,0
800015,0,0,0,1,0,0,0,0,0,1
800016,0,0,0,1,0,0,0,0,0,0
800017,0,0,0,0,0,0,0,0,0,0
800018,0,0,0,0,0,0,0,0,0,0
800019,0,1,0,0,0,0,0,0,0,0
800020,0,0,0,1,0,0,0,0,0,1
800021,0,0,0,0,0,0,0,0,0,0
800022,0,0,0,0,0,0,0,0,0,0
800023,0,1,0,0,0,0,0,0,0,0
800024,0,1,0,0,0,0,0,0,0,0
800025,0,0,0,0,0,0,0,0,0,0
810001,0,0,0,0,0,0,0,0,0,0
810002,0,0,0,0,0,0,0,0,0,0
810003,0,0,0,0,0,0,0,0,0,0
810004,0,0,0,0,0,0,0,0,0,0
810005,0,0,0,0,0,0,0,0,0,0
810006,0,1,0,0,0,0,0,0,0,0
810007,0,0,0,0,0,0,0,0,0,0
810008,0,0,0,0,0,0,0,0,0,0
810009,0,1,0,0,0,0,0,0,0,0
810010,0,0,0,0,0,0,0,0,0,0
810011,0,0,0,0,0,0,0,0,0,0
810012,0,0,0,0,0,0,0,0,0,0
810013,0,0,0,0,0,0,0,0,0,0
810014,0,0,0,0,0,0,0,0,0,0
810015,0,0,0,0,0,0,0,0,0,0
810016,0,0,0,0,0,0,0,0,0,0
810017,0,0,0,0,0,0,0,0,0,0
810018,0,0,0,0,0,0,0,0,0,0
810019,0,0,0,0,0,0,0,1,0,0
810020,0,0,0,0,0,0,0,0,0,0
810021,0,1,0,0,0,0,0,0,0,0
810022,0,0,0,0,0,0,1,0,0,0
810023,0,0,0,0,0,0,0,0,0,0
810024,0,0,0,0,0,0,0,0,0,0
810025,0,0,0,0,0,0,0,0,0,0
820001,0,0,0,0,0,0,0,0,0,0
820002,0,0,0,0,0,0,0,0,0,0
820003,0,0,0,0,0,0,0,0,0,0
820004,0,1,0,0,0,0,0,0,0,0
820005,1,0,0,0,0,0,0,0,0,0
820006,0,0,0,0,0,0,0,0,0,0
820007,0,0,0,0,0,0,0,0,0,0
820008,0,0,0,0,0,0,0,0,0,0
820009,0,0,0,0,0,0,0,0,0,0
820010,0,0,0,0,0,0,0,0,0,0
820011,0,0,0,0,0,0,0,0,0,0
820012,0,0,0,0,0,0,1,0,0,0
820013,0,0,0,1,0,0,0,0,0,0
820014,0,0,0,0,0,0,0,0,0,0
820015,0,0,0,0,0,0,0,0,0,0
820016,0,0,0,0,0,0,0,0,0,0
820017,0,1,0,0,0,0,0,0,0,0
820018,0,0,0,0,0,0,0,0,0,0
820019,0,0,0,0,0,0,0,0,0,0
820020,0,0,0,0,0,0,0,0,0,0
820021,0,1,0,0,0,0,0,0,0,0
820022,0,0,0,0,0,0,0,0,0,0
820023,0,0,0,0,0,0,0,0,0,0
820024,0,1,0,0,0,0,0,0,0,0
820025,0,0,0,1,0,0,0,0,0,0
830001,0,0,0,0,0,0,0,0,0,0
830002,0,0,0,0,0,0,0,0,0,0
830003,0,0,0,0,0,0,0,1,0,0
830004,0,0,0,0,0,0,0,0,0,0
830006,0,0,0,0,0,0,0,0,0,0
830007,0,0,0,0,0,0,0,1,0,0
830008,0,0,0,0,0,0,0,0,0,0
830009,0,0,0,1,0,0,0,0,0,0
830010,0,0,0,0,0,0,0,0,0,0
830011,0,0,0,0,0,0,0,1,0,0
830012,0,0,0,1,0,0,0,0,0,0
830013,0,0,0,0,0,0,0,0,0,0
830014,0,0,0,1,0,0,0,0,0,0
830015,0,,0,0,0,0,0,0,0,0
830016,0,1,0,0,0,0,0,0,0,0
830017,0,0,0,0,0,0,0,0,0,0
830018,0,0,0,1,0,0,0,1,0,0
830019,0,1,0,0,0,0,0,0,0,0
830020,0,0,0,0,0,0,0,1,0,0
830021,0,0,0,0,0,0,0,0,0,0
830022,0,,0,1,0,0,0,0,0,0
830023,0,0,0,1,1,0,1,0,0,1
830024,0,0,1,0,0,0,0,0,0,0
830025,0,0,0,0,0,0,0,0,0,0
840001,0,0,0,1,0,0,0,0,0,0
840002,0,1,0,0,0,0,0,0,0,0
840003,0,0,0,0,0,0,0,1,0,0
840004,0,0,0,0,0,0,0,0,0,0
840005,0,0,0,0,0,0,0,0,0,0
840006,0,0,0,0,0,0,0,0,0,0
840007,0,1,0,0,0,0,0,0,0,0
840008,0,1,0,0,0,0,0,1,0,0
840009,0,0,0,0,0,0,0,0,0,0
840010,0,1,0,0,0,0,0,0,0,0
840011,0,0,0,1,0,0,0,1,0,0
840012,,,0,0,0,0,0,0,0,0
840013,0,0,0,0,0,0,0,0,0,0
840014,0,,0,0,0,1,0,0,0,0
840015,0,0,0,0,0,0,0,1,0,0
840016,0,0,0,0,0,0,0,0,0,0
840017,0,1,0,0,0,0,0,0,0,0
840018,0,1,0,0,0,0,0,0,0,0
840019,0,,0,1,0,0,0,0,0,0
840020,0,0,0,0,0,0,0,0,0,0
840021,0,0,0,0,0,0,0,0,0,0
840022,0,0,0,0,0,0,0,0,0,0
840023,0,0,0,0,0,0,0,0,0,0
840024,0,1,0,0,0,0,0,0,0,0
840025,0,1,0,0,0,0,0,0,0,0
840026,0,1,0,0,0,0,0,0,0,0
850001,0,1,0,0,0,0,0,1,0,0
850002,0,0,0,0,0,0,0,0,0,0
850003,0,0,0,0,0,0,0,0,0,0
850004,0,1,0,0,0,0,0,0,0,0
850005,0,1,0,0,0,0,0,0,0,0
850006,0,0,0,0,0,0,0,0,0,0
850007,0,0,0,0,0,0,0,0,0,0
850008,0,1,0,0,0,0,0,0,0,0
850009,0,0,0,0,0,0,0,0,0,0
850010,0,0,0,0,0,0,0,1,0,0
850011,0,0,0,0,0,0,0,0,0,0
850012,0,,0,0,0,0,0,0,0,0
850013,0,0,0,0,0,0,0,0,0,0
850014,0,0,0,0,0,0,0,0,0,0
850015,0,0,0,0,0,0,0,0,0,0
850016,0,0,0,0,0,0,0,0,0,0
850017,0,0,0,0,0,0,0,0,0,0
850018,0,1,0,0,0,0,0,0,0,0
850019,,,0,0,1,0,0,0,0,0
850020,0,0,0,1,0,0,0,0,0,0
850021,0,0,0,0,0,0,0,0,0,0
850022,0,0,0,0,0,0,0,0,0,0
850024,0,0,0,0,0,0,0,0,0,0
850025,0,0,0,0,0,0,0,0,0,0
860001,0,0,0,1,0,0,0,0,0,0
860002,0,0,0,1,0,0,0,0,0,0
860003,0,0,0,0,0,0,0,0,0,0
860004,0,0,0,0,0,0,0,0,0,0
860005,0,0,0,0,0,0,0,0,0,0
860006,0,0,0,0,0,0,0,0,0,0
860007,0,1,0,0,0,0,0,0,0,0
860008,0,0,0,0,0,0,0,0,0,0
860009,0,0,0,1,0,0,0,0,0,0
860010,0,0,0,0,0,0,0,0,0,0
860011,0,1,0,0,0,0,0,0,0,0
860012,0,0,0,0,0,0,0,0,0,0
860013,0,0,0,0,0,0,0,0,0,0
860014,0,0,0,0,0,0,0,0,0,0
860015,0,0,0,0,0,0,0,0,0,0
860016,0,0,0,0,0,0,0,0,0,0
860017,0,0,0,0,0,0,0,0,0,0
860018,0,0,0,0,0,0,0,0,0,0
860019,0,0,0,0,0,0,0,0,0,0
860020,0,0,0,0,0,0,0,0,0,0
860021,0,0,0,0,0,0,0,0,0,0
860022,0,0,0,1,1,0,0,0,0,0
860023,0,0,0,0,0,0,0,0,0,0
860024,0,1,0,0,0,0,0,0,0,0
860025,0,0,0,1,0,0,0,0,0,0
860026,0,0,0,1,0,0,0,0,0,1
870001,0,1,0,0,0,1,0,1,0,0
870002,0,0,0,0,0,0,0,0,0,0
870003,0,0,0,0,0,0,0,1,0,0
870004,0,0,0,0,0,0,0,0,0,0
870005,0,0,0,0,0,0,0,1,0,0
870006,0,1,0,0,0,0,0,0,0,0
870007,0,0,0,0,0,1,0,1,0,0
870008,0,0,0,0,0,0,0,0,0,0
870009,0,0,0,1,0,0,0,0,0,0
870010,0,0,0,0,0,0,0,0,0,0
870011,0,0,0,0,0,0,0,0,0,0
870012,0,0,0,0,0,0,0,1,0,0
870013,0,1,0,0,0,0,0,0,0,0
870014,0,0,0,0,0,0,0,1,0,0
870015,0,0,0,0,0,0,0,0,0,0
870016,0,1,0,0,0,0,0,0,0,0
870017,0,0,0,1,0,0,0,1,1,0
870018,0,0,0,0,0,0,0,0,0,0
870019,0,1,0,0,0,0,0,1,0,0
870020,0,0,0,0,0,0,0,0,0,0
870021,0,1,0,0,0,0,0,0,0,0
870022,,,0,,0,0,0,0,0,0
870024,0,0,0,0,0,0,0,0,0,0
870025,0,0,0,0,0,0,0,0,0,0
880001,0,0,0,0,0,0,0,0,0,0
880002,0,0,0,1,0,0,0,0,0,0
880003,0,0,0,0,0,0,0,0,0,0
880004,0,1,0,0,0,0,0,0,0,0
880005,0,0,0,1,0,0,0,0,0,0
880006,0,1,0,0,0,0,0,0,0,0
880007,0,0,0,0,0,0,0,0,0,0
880008,0,0,0,0,0,0,0,0,0,0
880009,0,0,0,0,0,0,0,0,0,0
880010,0,0,0,0,0,0,0,0,0,0
880011,0,0,0,0,0,0,0,1,0,0
880012,0,0,0,1,0,0,0,0,0,0
880013,0,0,0,0,0,0,0,0,0,0
880014,0,1,0,0,0,0,0,0,0,0
880015,0,0,0,0,0,0,0,1,0,0
880016,0,1,0,0,0,0,0,0,0,0
880017,0,0,0,0,0,0,0,0,0,0
880018,0,0,0,0,0,0,0,0,0,0
880019,0,0,0,0,0,0,0,0,0,0
880020,0,,0,0,0,0,0,0,0,0
880021,0,,0,0,0,0,0,0,0,0
880022,0,1,0,0,0,0,1,0,0,0
880023,0,0,0,0,0,0,0,0,0,0
880024,0,1,0,0,0,0,0,0,0,0
880025,0,0,0,0,0,0,0,0,0,0
890001,0,1,0,0,0,0,0,0,0,0
890002,0,1,0,0,0,0,0,1,0,0
890003,0,0,0,0,0,0,0,1,0,0
890004,0,1,0,0,0,0,0,0,0,0
890005,0,0,0,0,0,0,0,1,0,0
890006,0,1,0,0,0,0,0,0,0,0
890007,0,0,0,1,0,0,0,0,0,0
890008,0,0,0,0,0,0,0,1,0,0
890009,0,0,0,0,0,0,0,0,0,0
890010,0,0,0,0,0,0,0,0,0,0
890011,0,0,0,1,0,0,0,0,0,0
890012,0,0,0,0,0,0,0,0,0,0
890013,0,1,0,0,0,0,0,1,0,0
890014,0,0,0,0,0,0,0,0,0,0
890015,0,1,0,0,0,0,0,0,0,0
890016,0,0,0,0,0,0,0,0,0,0
890017,0,1,0,0,0,0,0,0,0,0
890018,0,0,0,1,0,0,0,1,0,0
890019,0,0,0,0,0,0,0,0,0,0
890020,0,0,0,0,0,0,0,0,0,0
890022,0,0,0,0,0,0,0,0,0,0
890023,0,0,1,0,0,0,0,0,0,0
890024,0,1,0,0,0,0,0,0,0,0
890025,0,0,0,0,0,0,0,0,0,0
900001,0,1,0,0,0,0,0,1,0,0
900002,0,0,0,0,0,0,0,0,0,0
900003,0,1,0,0,0,0,0,1,0,0
900004,0,0,0,0,0,0,0,0,0,0
900005,0,0,0,0,0,0,0,0,0,0
900006,0,1,0,0,0,0,0,0,0,0
900007,0,0,0,0,0,0,0,1,0,0
900009,0,0,0,0,0,0,0,1,0,0
900010,0,0,0,0,0,0,0,0,0,0
900011,0,0,0,0,0,0,0,0,0,0
900012,0,0,0,0,0,0,0,1,0,0
900013,,,0,0,0,0,0,1,0,0
900014,0,0,0,0,0,0,0,0,0,0
900015,0,0,0,0,0,0,0,0,0,0
900016,0,0,0,0,0,0,0,0,0,0
900017,0,0,0,0,0,0,0,1,0,0
910001,0,0,0,0,0,0,0,0,0,0
910002,0,0,0,0,0,0,0,1,0,0
910003,0,0,0,0,0,0,0,0,0,0
910004,0,1,0,0,0,0,0,1,0,0
910005,0,0,0,0,0,0,0,1,0,0
910006,0,0,0,0,0,0,0,0,0,0
910007,0,1,1,0,0,0,0,0,0,0
910008,0,0,0,0,0,0,0,1,0,0
910009,0,0,0,0,0,0,0,0,0,0
910010,0,0,0,0,0,0,0,0,0,0
910011,0,0,0,0,0,0,0,0,0,0
910012,0,0,0,0,0,0,0,0,0,0
910013,0,0,0,0,0,0,0,1,0,0
910014,0,0,0,0,0,0,0,0,0,0
910015,0,0,0,0,0,0,0,0,0,0
910016,0,0,0,0,0,0,0,1,0,0
910017,0,1,0,0,0,0,0,0,0,0
910018,0,0,0,0,0,0,0,0,0,0
910019,0,0,0,0,0,0,0,0,0,0
910020,0,0,0,0,0,0,0,0,0,0
910021,0,0,0,0,0,0,0,0,0,0
910022,0,0,0,0,0,0,0,0,0,0
910023,0,1,0,0,0,0,0,0,0,0
910024,0,0,0,0,0,0,0,0,0,0
920001,0,0,0,0,0,0,0,0,0,0
920002,0,0,0,0,0,0,0,0,0,0
920003,0,0,0,0,0,0,0,0,0,0
920004,0,0,0,0,0,0,0,0,0,0
920005,0,1,0,0,0,0,0,1,0,0
920006,0,1,0,0,0,0,0,0,0,0
920007,0,0,0,0,0,0,0,0,0,0
920008,0,0,0,0,0,0,0,1,0,0
920009,1,0,0,0,0,0,0,0,0,0
920010,0,1,0,0,0,0,0,0,0,0
920011,0,1,0,0,0,0,0,0,0,0
920012,0,0,0,0,0,1,0,1,0,0
920013,0,0,0,0,0,0,0,0,0,0
920014,0,0,0,0,0,0,0,0,0,0
920015,0,0,0,0,0,0,0,0,0,0
920016,0,0,0,0,0,0,0,0,0,0
920017,0,0,0,0,0,0,0,0,0,0
920018,0,0,0,0,0,0,0,0,0,0
920019,0,0,0,1,0,0,1,1,0,0
920020,0,1,0,0,0,0,0,0,0,0
920021,0,0,0,0,0,0,0,1,0,0
920022,0,0,0,0,0,0,0,0,0,0
920023,0,0,0,0,0,0,0,0,0,0
920024,,,0,0,0,0,0,0,0,0
920025,0,0,0,0,0,0,0,1,0,0
930001,0,0,0,0,0,0,0,0,0,0
930002,0,0,0,0,0,0,0,0,0,0
930003,0,0,0,0,0,0,0,0,0,0
930004,0,0,0,1,0,0,0,0,0,0
930005,0,1,0,0,0,0,0,0,0,0
930006,0,0,0,1,0,0,0,0,0,0
930007,0,0,0,1,0,0,0,0,0,0
930008,0,,0,0,0,0,0,0,0,0
930009,0,,0,0,0,0,0,0,0,0
930010,0,0,0,1,0,1,0,0,0,0
930011,0,0,0,0,0,0,0,0,0,0
930012,0,0,0,0,0,0,0,0,0,0
930013,0,0,0,0,0,1,0,0,0,0
930014,0,0,0,0,0,0,0,0,0,0
930015,0,0,0,0,0,1,0,1,0,0
930016,0,0,0,1,0,0,0,1,0,0
930017,0,0,0,0,0,0,0,0,0,0
930018,0,0,0,0,0,0,0,0,0,0
930019,0,1,0,0,0,0,0,1,0,0
930020,0,0,0,0,0,0,0,1,0,0
930021,0,1,0,0,0,0,0,0,0,0
930022,,,0,0,0,0,0,0,0,0
930024,0,0,0,0,0,0,0,0,0,0
930025,0,0,0,0,0,0,0,0,0,0
940001,0,0,0,0,0,0,0,0,0,0
940002,0,0,0,0,0,0,0,1,0,0
940003,0,1,0,0,0,0,0,0,0,0
940004,0,0,0,0,0,0,0,1,0,0
940005,0,1,0,0,0,0,0,0,0,0
940006,0,0,0,0,0,0,0,0,0,0
940007,0,0,0,0,0,0,0,0,0,0
940009,,,0,0,0,0,0,0,0,0
940010,,,0,0,0,0,0,0,0,0
940011,0,0,0,0,0,0,0,0,0,0
940012,0,0,0,0,0,0,0,0,0,0
940013,0,0,0,1,0,0,0,0,0,0
940014,,,0,0,0,0,0,0,0,0
940015,0,1,0,0,0,0,0,0,0,0
940016,0,0,0,0,0,0,0,0,0,0
940017,0,0,0,1,0,0,0,0,0,0
940018,0,1,0,0,0,0,0,0,1,0
940019,0,0,0,0,0,0,0,0,0,0
940020,0,0,0,0,0,0,0,0,0,0
940021,0,1,0,0,0,0,0,0,0,0
940022,0,0,0,0,0,0,0,0,0,0
940023,0,0,0,0,0,0,0,0,0,0
940024,0,0,0,0,0,0,0,0,0,0
940025,1,0,0,0,0,0,0,0,0,0
950001,,,0,0,0,0,0,0,0,0
950002,0,0,0,0,0,0,0,0,0,0
950003,0,0,0,0,0,0,0,0,0,0
950004,0,0,0,0,0,0,0,0,0,0
950005,0,0,0,0,0,0,0,0,0,0
950006,0,0,0,0,0,0,0,0,0,0
950007,0,,0,0,0,0,0,0,0,0
950008,0,1,0,0,0,0,0,0,0,0
950009,0,1,0,0,0,0,0,0,0,0
950010,0,0,0,0,0,0,0,0,0,0
950011,0,0,0,0,0,0,0,0,0,0
950012,0,0,0,1,0,0,0,0,0,0
950013,0,1,0,0,0,0,0,1,0,0
950014,0,1,0,0,0,0,0,0,0,0
950015,,0,0,0,0,0,0,0,0,0
950016,0,0,0,0,0,0,0,0,0,0
950018,0,0,0,0,0,0,0,0,0,0
950019,0,1,0,0,0,0,0,0,0,0
950020,0,0,0,0,0,0,0,0,0,0
950022,0,0,0,0,0,0,0,0,0,0
950023,0,1,0,0,0,0,0,0,0,0
950024,0,0,0,0,0,0,0,0,0,0
950025,0,0,0,0,0,0,0,0,0,0
960001,0,1,0,0,0,0,0,0,0,0
960002,0,1,0,0,0,0,0,1,0,0
960003,0,1,0,0,0,0,0,0,0,0
960004,0,0,0,,0,0,0,0,0,1
960005,0,0,0,0,0,0,0,0,0,0
960006,0,1,0,0,0,0,0,0,0,0
960007,0,1,0,0,0,0,0,0,0,0
960008,0,0,0,0,0,0,0,0,0,0
960009,0,0,0,1,0,0,0,0,0,0
960010,0,0,0,0,0,0,0,0,0,0
960011,0,0,0,0,0,0,0,0,0,0
960012,0,0,0,1,0,0,0,0,0,0
960013,0,0,0,0,0,0,0,0,0,0
960014,0,0,0,0,0,0,0,0,0,0
960015,0,0,0,0,0,0,0,0,0,0
960016,0,0,0,0,0,0,0,0,0,0
960017,0,0,0,0,0,0,0,0,0,0
960018,0,0,0,0,0,0,0,0,0,0
960019,0,0,0,0,0,0,0,0,0,0
960020,0,0,0,0,0,0,0,0,0,0
960021,0,0,0,0,0,0,0,0,0,0
960022,0,0,0,0,0,0,0,0,0,0
960023,0,0,0,0,0,0,0,0,0,0
960025,0,0,0,0,0,0,0,0,0,0
970001,0,1,0,0,0,0,0,0,0,0
970002,0,1,0,0,0,0,0,0,0,0
970003,0,1,0,0,0,0,0,0,0,0
970004,0,0,0,0,0,0,0,0,1,0
970005,0,0,0,0,0,0,0,0,0,0
970006,,,0,0,0,0,0,0,0,0
970007,0,1,0,0,0,0,0,0,0,0
970008,0,0,0,0,0,0,0,0,0,0
970009,0,0,0,0,0,0,0,0,0,0
970010,0,0,0,0,0,0,0,0,0,0
970011,0,0,0,0,0,0,0,0,0,0
970012,0,0,0,0,0,0,0,0,0,0
970013,0,0,0,0,0,0,0,0,0,0
970014,0,0,0,0,0,0,0,0,0,0
970015,0,1,0,0,0,0,0,0,0,0
970016,0,0,0,0,0,0,0,0,0,0
970017,0,0,0,0,0,0,0,0,0,0
970018,0,0,0,0,0,0,0,0,0,0
970019,,,0,0,0,0,0,0,0,0
970020,0,0,0,0,0,0,0,0,0,0
970021,0,0,0,0,0,0,0,0,0,0
970022,0,0,0,1,0,0,0,0,0,0
970023,0,0,0,0,0,0,0,0,0,0
970025,0,0,0,0,0,0,0,0,0,0
980001,0,0,0,0,0,0,0,0,0,0
980002,,,0,0,0,0,0,0,0,0
980003,0,0,0,0,0,0,0,0,0,0
980004,0,0,0,0,0,0,0,1,0,0
980005,0,1,0,0,0,0,1,0,0,0
980006,0,0,0,0,0,0,0,0,0,0
980008,0,1,0,0,0,0,0,0,0,0
980009,0,0,0,0,0,0,0,0,1,0
980010,0,0,0,0,0,0,0,0,0,0
980011,0,0,0,1,0,0,0,0,1,0
980012,0,0,0,1,0,0,0,0,0,1
980013,0,0,0,0,0,0,0,0,0,0
980014,0,0,0,0,0,0,0,0,0,0
980016,0,0,0,0,0,0,0,0,0,0
980017,0,1,0,0,0,0,0,0,0,0
980018,0,0,0,1,0,0,0,0,0,0
980019,0,0,0,0,0,0,0,0,0,0
980020,0,1,0,0,0,0,0,0,0,0
980021,0,0,0,0,0,0,0,0,0,0
980022,0,1,0,0,0,0,0,0,0,0
980023,0,0,0,1,0,0,0,0,0,0
980024,0,0,0,0,0,0,0,0,0,0
980025,0,0,0,0,0,0,0,0,0,0
990001,0,0,0,0,0,0,0,0,0,0
990002,0,0,0,0,0,0,0,0,0,0
990003,0,0,0,0,0,0,0,0,0,0
990004,0,0,0,0,0,0,0,0,0,0
990005,0,1,0,0,0,0,0,0,0,0
990006,0,0,0,0,0,0,0,0,0,0
990007,0,1,0,0,0,0,0,0,0,0
990008,0,0,0,0,0,0,0,0,0,0
990009,0,0,0,0,0,0,0,0,0,0
990010,0,0,0,0,0,0,0,0,0,0
990011,0,0,0,0,0,0,0,0,0,0
990012,0,0,0,0,0,0,0,0,0,0
990014,0,0,0,1,0,0,0,1,0,0
990015,0,0,0,0,0,0,0,0,0,0
990016,0,1,0,0,0,0,0,0,0,0
990017,0,0,0,1,0,0,0,0,0,0
990018,0,0,0,0,0,0,1,1,0,0
990019,0,0,0,0,0,0,0,0,0,0
990020,0,0,0,0,0,0,0,0,0,0
990021,0,1,0,0,0,0,0,0,0,0
990022,0,0,1,0,0,0,0,0,0,0
990023,0,1,0,0,0,0,0,0,0,0
990024,0,0,0,0,0,0,0,0,0,0
990025,0,1,0,0,0,0,0,0,0,0
1000001,0,1,0,0,0,0,0,0,0,0
1000002,0,0,0,0,0,0,0,0,0,0
1000003,0,0,0,0,0,0,0,0,0,0
1000004,0,1,0,0,0,0,0,0,0,0
1000005,0,1,0,0,0,0,0,0,0,0
1000006,0,0,0,1,0,0,0,0,0,0
1000007,0,0,0,0,0,0,0,0,0,0
1000008,0,1,0,0,0,0,0,0,0,0
1000009,0,0,0,0,0,0,0,0,0,0
1000011,0,0,0,0,0,0,0,0,0,0
1000012,0,0,0,0,0,0,0,0,0,0
1000013,0,0,0,0,0,0,0,0,0,0
1000014,0,0,0,0,0,0,0,0,0,0
1000015,0,0,0,0,0,0,0,0,0,0
1000016,0,,0,0,0,0,0,1,0,0
1000017,0,0,0,0,0,0,0,1,0,0
1000018,0,0,0,0,0,0,0,0,0,0
1000019,0,1,0,0,0,0,0,0,0,0
1000020,0,0,0,0,0,0,0,0,0,0
1000021,1,1,0,0,0,0,0,1,0,0
1000022,0,0,0,1,0,0,0,0,0,1
1000023,0,0,0,0,0,0,0,0,0,0
1000025,0,0,0,0,0,0,0,1,0,0
1010001,0,0,0,0,0,0,1,0,0,0
1010002,0,0,0,0,0,0,1,0,0,0
1010003,0,0,0,0,0,0,1,0,0,0
1010004,0,0,0,0,0,0,1,0,0,0
1010005,0,0,0,0,0,0,1,0,0,0
1010006,0,1,0,0,0,0,1,0,0,0
1010007,0,1,0,0,0,0,0,0,0,0
1010008,0,1,0,0,0,0,0,0,0,0
1010009,0,0,0,0,0,0,0,0,0,0
1010010,0,1,0,0,0,0,0,0,0,0
1010011,0,0,0,0,0,0,0,0,0,0
1010012,0,0,0,0,0,0,0,0,0,0
1010013,0,0,1,0,0,0,0,0,0,0
1010014,0,1,0,0,0,0,0,0,0,0
1010015,0,0,0,1,0,0,0,0,0,0
1010016,0,0,0,0,0,0,0,1,0,0
1010017,0,0,0,1,0,0,0,0,0,0
1010018,0,1,0,0,0,0,0,0,0,0
1010019,0,1,0,0,0,0,0,1,0,0
1010020,0,1,0,0,0,0,0,0,0,0
1010021,0,0,0,0,0,0,0,0,0,0
1010022,0,0,0,0,0,0,0,0,0,0
1010023,0,0,0,0,0,0,0,0,0,0
1010024,0,1,0,0,0,0,0,0,0,0
1010025,0,0,0,0,0,0,0,0,0,0
1020001,0,0,0,1,0,0,0,0,0,0
1020002,0,0,0,0,0,0,0,0,0,0
1020003,0,0,0,0,0,0,0,0,0,0
1020004,0,0,0,0,0,0,0,0,0,0
1020005,0,0,0,0,0,0,0,0,0,0
1020006,0,1,0,0,0,0,0,0,0,0
1020007,0,1,0,0,0,0,0,0,0,0
1020008,0,0,0,0,0,0,0,0,0,0
1020009,0,0,0,0,0,0,0,0,0,0
1020010,0,0,0,0,0,0,0,0,0,0
1020011,0,0,0,1,0,0,0,0,0,0
1020012,0,0,0,1,0,0,0,0,0,0
1020013,0,1,1,0,0,0,0,0,0,0
1020014,0,1,0,0,0,0,0,0,0,0
1020016,0,0,0,0,0,0,0,1,0,0
1020018,,0,0,0,0,0,0,0,0,0
1020019,0,1,0,0,0,0,0,0,0,0
1020020,0,0,0,0,0,0,0,0,0,0
1020021,0,0,0,0,0,0,0,0,0,0
1020022,0,0,0,1,0,0,0,1,0,0
1020023,0,0,0,0,0,0,0,1,0,0
1020024,0,0,0,0,0,0,0,0,0,0
1030001,0,1,0,0,0,0,0,0,0,0
1030002,0,1,0,0,0,0,0,0,0,0
1030003,0,0,0,1,0,0,0,0,0,0
1030004,0,1,0,0,0,0,0,0,0,0
1030005,0,1,0,0,0,0,0,0,0,0
1030006,0,1,0,0,0,0,0,0,0,0
1030007,0,0,0,0,0,0,0,0,0,0
1030008,0,0,0,0,0,0,0,0,0,0
1030009,0,1,0,0,0,0,0,0,0,0
1030010,0,0,0,0,0,0,0,0,0,0
1030011,0,0,0,0,0,0,0,1,0,0
1030012,0,0,0,1,0,0,0,0,0,0
1030013,0,0,0,0,0,0,0,0,0,0
1030014,0,0,0,0,0,0,0,1,0,0
1030015,0,0,0,0,0,0,0,0,0,0
1030016,0,0,0,1,0,0,0,0,0,0
1030017,0,0,0,0,0,0,0,0,0,0
1030018,0,0,0,0,0,0,0,0,0,0
1030019,0,0,1,0,0,0,0,0,0,0
1030020,0,0,0,0,0,0,0,0,0,0
1030021,0,1,0,0,0,0,0,0,0,0
1030022,0,1,0,0,0,0,0,0,0,0
1030023,0,0,0,0,0,0,0,0,0,0
1030024,0,1,0,0,0,0,0,0,0,0
1030025,0,0,0,0,0,0,0,0,0,0
1040001,0,0,0,0,0,0,0,0,0,0
1040002,0,0,0,,0,0,0,0,1,0
1040003,0,0,0,1,0,0,0,0,0,0
1040004,0,0,0,1,0,0,0,0,0,0
1040005,0,0,0,0,0,0,0,0,0,0
1040006,0,0,0,0,0,0,0,1,1,0
1040007,0,0,0,0,0,0,0,0,0,0
1040008,,,0,0,0,0,0,0,0,0
1040009,0,0,0,1,0,0,0,0,0,0
1040010,0,1,0,0,0,0,0,0,0,0
1040011,0,0,0,0,0,0,0,0,0,0
1040012,0,1,0,0,0,0,0,0,0,0
1040013,0,0,0,1,0,0,0,0,0,0
1040014,0,1,0,0,0,0,0,0,0,0
1040015,0,0,0,1,0,0,0,0,0,0
1040016,0,0,0,0,0,0,0,0,0,0
1040017,0,0,0,0,0,0,0,0,0,0
1040018,0,0,0,,0,0,0,0,0,0
1040019,0,0,0,1,0,0,0,0,0,1
1040020,0,0,0,0,0,0,0,0,0,0
1040021,0,0,0,1,0,0,0,0,0,0
1040022,0,0,0,1,0,0,0,0,0,0
1040023,0,1,0,0,0,0,0,0,0,0
1040024,0,0,0,,0,0,0,0,0,0
1040025,0,0,0,0,0,0,0,0,0,0
1050001,0,1,0,0,0,0,0,1,0,0
1050002,0,0,0,1,0,0,0,0,0,0
1050003,0,1,0,0,0,0,0,1,0,0
1050004,0,0,0,1,0,0,0,1,0,0
1050005,0,1,0,0,0,0,0,1,0,0
1050006,0,0,0,0,0,0,0,0,0,0
1050007,0,1,0,0,0,0,0,0,0,0
1050008,0,1,0,0,0,0,0,0,0,0
1050009,0,0,0,0,0,0,0,0,0,0
1050010,0,0,0,0,0,0,0,0,0,0
1050011,0,1,0,0,0,0,0,0,0,0
1050012,0,0,0,1,0,0,0,0,0,0
1050013,0,0,0,1,0,0,0,0,0,0
1050014,0,1,0,0,0,0,0,0,0,0
1050015,0,0,0,0,0,0,0,0,0,0
1050016,0,0,0,0,0,0,0,0,0,0
1050017,0,0,0,0,0,0,0,1,0,0
1050018,0,0,0,0,0,0,0,0,0,0
1050019,0,0,0,0,0,0,0,0,0,0
1050020,0,0,0,0,0,0,0,0,0,0
1050021,0,0,0,1,0,0,0,0,0,0
1050022,0,0,0,0,0,0,0,0,0,0
1050023,0,0,0,0,0,0,0,0,0,0
1050024,1,0,0,0,0,0,0,0,0,0
1050025,0,1,0,0,0,0,0,0,0,0
1060001,0,0,0,0,0,0,0,0,0,0
1060002,0,0,0,0,0,0,0,1,0,0
1060003,0,0,0,1,0,0,0,1,0,0
1060004,0,0,0,1,0,0,0,0,0,0
1060005,0,1,0,0,0,0,0,0,0,0
1060006,,,0,0,0,0,0,0,0,0
1060007,0,0,0,0,0,0,0,1,0,0
1060008,0,0,0,0,0,0,0,1,0,0
1060009,0,0,0,0,0,0,0,0,0,0
1060010,0,0,0,0,0,0,0,0,0,0
1060011,0,0,0,0,0,0,0,0,0,0
1060012,0,0,0,0,0,0,0,0,0,0
1060013,0,0,0,1,0,0,0,0,0,0
1060014,0,0,0,0,0,0,0,0,0,0
1060015,0,1,0,0,0,0,0,0,0,0
1060016,0,1,0,0,0,0,0,1,0,0
1060017,0,0,0,0,0,0,0,0,0,0
1060018,0,0,0,0,0,0,0,0,0,0
1060019,0,1,0,0,0,0,0,0,0,0
1060020,0,1,0,0,0,0,0,0,0,0
1060021,0,1,0,0,0,0,0,0,0,0
1060022,0,1,0,0,0,0,0,0,0,0
1060023,0,0,0,0,0,0,0,0,0,0
1060024,0,0,0,0,0,0,0,0,0,0
1060025,0,0,0,0,0,0,0,0,0,0
1070001,0,0,0,1,0,0,0,0,0,0
1070002,0,0,0,,0,0,0,0,0,0
1070003,0,0,0,0,0,0,0,0,0,0
1070004,0,0,0,0,0,0,0,0,0,0
1070005,0,0,0,0,0,0,0,0,0,0
1070006,0,0,0,0,0,0,0,0,0,0
1070007,0,0,0,0,0,0,0,0,0,0
1070008,0,1,0,0,0,0,0,0,0,0
1070009,0,0,0,0,0,0,0,0,0,0
1070010,0,0,0,1,0,0,0,0,0,0
1070011,0,1,0,0,0,0,0,0,0,0
1070012,0,0,1,0,0,0,0,0,0,0
1070013,0,0,0,0,0,0,0,1,0,0
1070014,0,0,0,0,0,0,0,1,0,0
1070015,1,1,0,0,0,0,0,1,0,0
1070016,0,0,0,0,0,0,0,1,0,0
1070017,0,0,0,0,0,0,0,0,0,0
1070018,0,0,0,0,0,0,0,1,0,0
1070019,0,0,0,0,0,0,0,0,0,0
1070020,0,0,0,0,0,0,0,0,0,0
1070021,0,0,0,0,0,0,0,0,0,0
1070022,0,1,0,0,0,0,0,0,0,0
1070023,0,0,0,0,0,0,0,0,0,0
1070024,1,0,0,0,0,0,0,0,0,0
1070025,0,0,0,0,0,0,0,0,0,0
1080001,0,0,0,0,0,0,0,0,0,0
1080002,0,0,0,0,0,0,0,0,0,0
1080003,0,0,0,0,0,0,0,0,0,0
1080004,0,0,0,0,0,0,0,0,0,0
1080005,0,0,0,0,0,0,0,0,0,0
1080006,0,0,0,0,0,0,0,0,0,0
1080007,0,1,0,0,0,0,0,0,0,0
1080008,0,0,0,0,0,0,0,0,0,0
1080009,0,0,0,0,0,0,0,0,0,0
1080010,0,1,0,0,0,0,0,0,0,0
1080011,0,0,0,0,0,0,0,0,0,0
1080012,0,1,0,0,0,0,0,0,0,0
1080013,0,0,0,0,0,0,0,0,0,0
1080014,0,0,0,0,0,0,0,0,0,0
1080015,0,0,0,0,0,0,0,0,0,0
1080016,0,1,0,0,0,0,0,0,0,0
1080017,,,0,0,0,0,0,0,0,0
1080018,0,0,0,0,0,0,0,0,0,0
1080019,0,0,0,0,0,0,0,1,0,0
1080020,,,0,0,0,0,0,0,0,0
1080021,0,0,0,0,0,0,0,0,0,0
1080022,0,1,0,0,0,0,0,0,0,0
1080023,0,0,0,0,0,0,0,0,0,0
1080024,0,0,0,0,0,0,0,0,0,0
1080025,0,0,0,0,0,0,0,0,0,0
1080026,0,0,0,0,0,0,0,0,0,0
1090001,0,1,0,0,0,0,0,0,0,0
1090002,0,0,0,0,0,0,0,0,0,0
1090003,0,0,0,0,0,0,0,1,0,0
1090004,0,1,0,0,0,0,0,0,0,0
1090005,0,0,0,0,0,0,0,0,0,0
1090006,0,1,0,0,0,0,0,0,0,0
1090007,0,1,0,0,0,0,0,0,0,0
1090008,0,1,0,0,0,0,0,0,0,0
1090009,0,1,0,0,0,0,0,1,0,0
1090010,0,1,0,0,0,0,0,0,0,0
1090011,0,0,0,0,0,0,1,1,0,0
1090012,0,0,0,0,0,0,0,0,0,0
1090013,0,0,0,0,0,0,0,1,0,0
1090014,0,0,0,0,0,0,0,0,0,0
1090015,0,0,0,0,0,0,0,0,0,0
1090016,0,1,0,0,0,0,0,1,0,0
1090017,0,1,0,0,0,0,0,1,0,0
1090018,0,1,0,0,0,0,0,0,0,0
1090019,0,0,0,0,0,0,0,1,0,0
1090020,0,1,0,0,0,0,0,0,0,0
1090021,0,0,0,0,0,0,0,1,0,0
1090022,0,0,0,0,0,0,0,1,0,0
1090023,0,1,0,1,0,0,0,0,1,0
1090024,0,0,0,0,0,0,0,1,0,0
1090025,0,1,0,0,0,0,0,1,0,0
1100001,0,0,0,0,0,0,0,0,0,0
1100002,0,0,0,0,0,0,0,0,0,0
1100003,0,0,0,0,0,0,0,0,0,0
1100004,0,1,0,0,0,0,0,0,0,0
1100005,0,0,0,0,0,0,0,0,0,0
1100006,0,0,0,0,0,0,0,0,0,0
1100007,1,0,0,0,0,1,0,0,0,0
1100008,0,1,0,0,0,0,0,0,0,0
1100009,0,1,0,0,0,0,0,0,0,0
1100010,0,1,0,0,0,0,1,0,0,0
1100011,0,1,0,0,0,0,0,0,0,0
1100012,0,1,0,0,0,0,0,0,0,0
1100013,0,0,0,0,0,0,0,0,0,0
1100014,0,0,0,0,0,0,0,0,0,0
1100015,0,0,0,0,0,0,0,0,0,0
1100016,0,0,0,0,0,0,0,0,0,0
1100017,0,0,0,1,0,0,0,0,0,0
1100018,0,0,0,1,0,0,0,0,0,0
1100019,0,0,0,0,0,0,0,0,0,0
1100020,0,0,0,0,0,0,0,0,0,0
1100021,0,0,0,0,0,0,0,0,0,0
1100022,0,0,0,0,0,0,0,0,0,0
1100023,0,0,0,1,0,0,0,0,0,0
1100024,0,1,0,0,0,0,0,0,0,0
1100025,0,0,0,0,0,1,0,0,0,0
1110001,0,0,0,0,0,0,0,0,0,0
1110002,0,0,0,0,0,0,0,0,0,0
1110003,0,0,0,1,0,0,0,0,0,0
1110004,0,0,0,0,0,0,0,0,0,0
1110005,0,0,0,0,0,0,0,0,0,0
1110006,0,0,0,0,0,0,0,0,0,0
1110007,0,0,0,0,0,0,0,0,0,0
1110008,0,0,0,1,0,0,0,0,0,0
1110009,0,0,0,0,0,0,0,0,0,0
1110010,0,0,0,0,0,0,0,0,0,0
1110011,0,0,0,0,0,0,0,0,0,0
1110012,0,0,0,0,0,0,0,0,0,0
1110013,0,1,0,0,0,0,0,0,0,0
1110014,0,1,0,0,0,0,0,0,0,0
1110015,0,1,0,0,0,0,0,0,0,0
1110016,0,1,0,0,0,0,0,0,0,0
1110017,0,1,0,0,0,0,0,0,0,0
1110018,0,0,0,0,0,0,0,1,0,0
1110019,0,0,0,0,0,0,0,0,0,0
1110020,0,0,0,0,0,0,0,0,0,0
1110021,0,0,0,0,0,0,0,0,0,0
1110022,0,1,0,0,0,0,0,0,0,0
1110023,0,1,0,0,0,0,0,0,0,0
1110024,0,0,0,0,0,0,0,0,0,0
1110025,0,0,0,0,0,0,0,0,0,0
1120001,0,0,0,0,0,0,0,0,0,0
1120002,0,0,0,0,0,0,0,0,0,0
1120003,0,1,0,0,0,0,0,0,0,0
1120004,0,0,0,0,0,0,0,0,0,0
1120005,0,0,0,0,0,0,0,0,0,0
1120006,0,1,0,0,0,0,0,0,0,0
1120007,0,1,0,0,0,0,0,0,0,0
1120008,0,0,0,0,0,0,0,0,0,0
1120009,0,0,0,0,0,0,0,0,0,0
1120010,0,0,0,0,0,0,0,0,0,0
1120011,0,0,0,0,0,0,0,0,0,0
1120012,0,0,0,0,0,1,0,0,0,0
1120013,0,0,0,0,0,0,0,0,0,0
1120014,0,0,0,1,0,0,0,0,0,0
1120015,0,0,0,0,0,0,0,0,0,0
1120016,0,1,0,0,0,0,0,0,0,0
1120017,0,0,0,0,0,0,0,0,0,0
1120018,0,0,0,0,0,0,0,0,0,0
1120019,0,1,0,0,0,0,0,0,0,0
1120020,0,0,0,0,0,0,0,0,0,0
1120021,0,0,0,1,0,0,0,0,0,0
1120022,0,0,0,0,0,0,0,0,0,0
1120023,0,0,0,0,0,0,0,0,0,0
1120024,0,0,0,0,0,0,0,0,0,0
1120025,0,0,0,0,0,0,0,0,0,0
1130001,0,1,0,0,0,0,0,0,0,0
1130002,0,1,0,0,0,0,0,0,0,0
1130003,0,0,0,0,0,0,0,0,0,0
1130004,0,0,1,0,0,0,0,0,0,0
1130005,0,0,0,0,0,0,0,0,0,0
1130006,0,0,0,1,0,0,0,0,0,0
1130007,0,0,0,1,0,0,0,0,0,0
1130008,0,0,0,0,0,0,0,0,0,0
1130009,0,0,0,0,0,0,0,0,0,0
1130010,0,0,0,0,0,0,0,0,0,0
1130011,0,0,0,0,0,0,0,0,0,0
1130012,0,0,0,0,0,0,0,0,0,0
1130013,0,0,0,0,0,0,0,0,0,0
1130014,0,0,0,1,0,0,0,0,0,0
1130015,0,0,0,1,0,0,0,0,0,0
1130016,0,0,0,1,0,0,0,0,0,0
1130017,0,0,0,0,0,0,0,1,0,0
1130018,0,0,0,0,0,0,0,1,0,0
1130019,0,0,0,0,0,0,0,0,0,0
1130020,0,0,0,0,0,0,0,0,0,0
1130021,0,0,0,0,0,0,0,0,0,0
1130022,0,0,0,0,0,0,0,0,0,0
1130023,0,0,0,0,0,0,0,0,0,0
1130024,0,0,0,0,0,0,0,0,0,0
1130025,0,0,0,0,0,0,0,0,0,0
1140001,0,0,0,0,0,0,0,0,0,0
1140002,0,0,0,0,0,0,0,0,0,0
1140003,0,0,0,0,0,0,0,0,0,0
1140004,0,1,0,0,0,0,0,0,0,0
1140005,0,0,0,0,0,1,0,0,0,0
1140006,0,1,0,0,0,0,0,1,0,0
1140007,0,0,0,0,0,0,0,0,0,0
1140008,0,0,0,0,0,0,0,0,0,0
1140009,0,0,0,0,0,0,0,0,0,0
1140010,0,0,0,0,0,0,0,1,0,0
1140011,0,0,0,0,0,0,0,0,0,0
1140012,0,0,0,1,0,0,0,0,0,0
1140013,0,0,0,0,0,0,0,0,0,0
1140014,0,0,0,0,0,0,0,0,0,0
1140015,0,0,0,0,0,0,0,1,0,0
1140016,0,0,0,0,0,0,0,1,0,0
1140017,0,,0,0,0,0,0,0,0,0
1140018,0,0,0,0,0,0,0,0,0,0
1140019,0,0,0,0,0,0,0,0,0,0
1140020,0,1,0,0,0,0,0,0,0,0
1140021,0,1,0,0,0,0,0,0,0,0
1140022,0,0,0,0,0,0,0,1,0,0
1140023,0,0,0,0,0,0,0,0,0,0
1140024,,,0,0,0,0,0,1,0,0
1140025,0,0,0,0,0,0,0,1,0,0
1150001,0,1,0,0,0,0,0,0,0,0
1150002,0,0,0,0,0,0,0,0,0,0
1150003,0,0,0,0,0,0,0,0,0,0
1150004,0,0,0,0,0,0,0,0,0,0
1150005,0,0,0,0,0,0,0,0,0,0
1150006,1,1,0,0,0,0,0,0,0,0
1150007,0,1,0,0,0,0,0,0,0,0
1150008,0,0,0,1,0,0,0,0,0,0
1150009,0,1,0,0,0,0,0,0,0,0
1150010,0,0,0,0,0,0,0,0,0,0
1150011,,0,0,0,0,0,0,0,0,0
1150012,0,0,0,0,0,0,0,0,0,0
1150013,0,0,0,1,0,0,0,0,0,1
1150014,0,0,0,0,0,0,0,0,0,0
1150015,0,0,0,0,0,0,0,1,0,0
1150016,0,0,0,1,0,0,0,1,0,0
1150017,0,1,0,0,0,0,0,0,0,0
1150018,0,0,0,0,0,0,0,1,0,0
1150019,0,0,0,0,0,0,0,0,0,0
1150020,0,0,0,0,0,0,0,0,0,0
1150021,0,0,0,0,0,0,0,1,0,0
1150022,0,0,0,0,0,0,0,0,0,0
1150023,0,0,0,0,0,0,0,1,0,0
1150024,0,0,0,0,0,0,0,0,0,0
1150025,0,0,0,0,0,0,0,0,0,0
1160001,0,0,0,1,0,0,0,0,0,1
1160002,0,0,0,0,0,0,0,0,0,0
1160003,,,0,1,0,0,0,0,0,0
1160004,0,0,0,1,0,0,0,0,0,0
1160005,,,0,0,0,0,0,0,0,0
1160006,,0,0,0,0,0,0,0,0,0
1160007,0,0,0,0,0,0,0,0,0,0
1160008,0,0,0,0,0,0,0,1,0,0
1160009,0,0,0,0,0,0,0,0,0,0
1160010,0,0,0,0,0,0,0,0,0,0
1160011,0,1,0,0,0,0,0,0,0,0
1160012,0,0,0,0,0,0,0,0,0,0
1160013,0,0,0,0,0,0,0,0,0,0
1160014,,,0,0,0,0,0,1,0,0
1160015,0,0,0,0,0,0,0,1,0,0
1160016,0,0,0,0,0,0,0,1,0,0
1160017,0,1,0,0,0,0,0,1,0,0
1160018,0,0,0,0,0,0,0,1,0,0
1160019,0,0,0,0,0,0,0,1,0,0
1160020,0,0,0,1,0,0,0,1,0,0
1160021,0,0,0,0,0,0,0,0,0,0
1160022,0,0,0,0,0,0,0,0,0,0
1160023,0,0,0,0,0,1,0,1,0,0
1160024,0,0,0,0,0,0,0,0,0,0
1160025,,1,0,0,0,0,0,0,0,0
1160026,0,1,0,0,0,0,0,0,0,0
1170001,0,0,0,0,0,0,0,0,0,0
1170002,0,0,0,0,0,0,0,0,0,0
1170003,0,0,0,0,0,0,0,0,0,0
1170004,0,1,0,0,0,0,0,0,0,0
1170005,0,0,0,1,0,0,0,0,0,0
1170006,0,0,0,0,0,0,0,0,0,0
1170007,0,,0,0,0,0,0,0,0,0
1170008,0,0,0,1,0,0,0,1,0,0
1170009,0,0,0,0,0,0,0,0,0,0
1170010,0,0,0,0,0,0,0,1,0,0
1170011,0,0,0,0,0,0,0,0,0,0
1170012,0,1,0,0,0,0,0,0,0,0
1170013,0,0,0,0,0,0,0,0,0,0
1170014,0,0,0,0,0,0,0,1,0,0
1170015,0,0,0,0,0,0,0,0,0,0
1170016,0,0,0,0,0,0,0,1,0,0
1170017,0,0,0,0,0,0,0,1,0,0
1170018,1,1,0,0,0,0,0,1,0,0
1170019,0,0,0,0,0,0,0,1,0,0
1170020,0,0,0,0,0,0,0,1,0,0
1170021,0,1,0,0,0,0,0,1,0,0
1170022,,0,0,1,0,0,0,0,0,0
1170023,0,0,0,0,0,0,0,0,0,0
1170024,0,0,0,0,0,0,0,0,0,0
1170025,0,0,0,0,0,0,0,0,0,0
1180001,0,0,0,0,0,0,0,1,0,0
1180002,0,0,0,0,0,0,0,1,1,0
1180003,0,0,0,0,0,0,0,1,0,0
1180004,0,0,0,0,0,0,0,0,0,0
1180005,0,0,0,1,0,0,0,0,0,0
1180006,0,1,0,0,0,0,0,0,0,0
1180007,0,1,0,0,0,0,0,1,0,0
1180008,0,0,0,0,0,0,0,1,0,0
1180009,0,0,0,0,0,0,0,0,0,0
1180011,0,0,0,0,0,0,0,0,0,0
1180012,0,0,0,0,0,1,0,0,0,0
1180013,0,1,0,0,0,0,1,0,0,0
1180014,0,0,0,0,0,0,0,1,0,0
1180015,0,0,0,1,0,0,0,1,0,0
1180016,0,0,0,0,0,0,0,0,0,0
1180017,0,,0,0,0,0,0,0,0,0
1180018,0,,0,0,0,0,0,0,0,0
1180019,0,,0,0,0,0,0,1,0,0
1180020,0,0,0,0,0,0,0,1,0,0
1180021,0,1,0,0,0,0,0,1,0,0
1180022,0,0,0,0,0,0,0,0,0,0
1180023,0,0,0,0,0,0,0,1,0,0
1180024,0,1,0,0,0,0,0,1,0,0
1180025,0,0,0,0,0,0,0,0,0,0
1190001,0,0,0,0,0,0,0,0,0,0
1190002,0,0,0,0,0,0,0,0,0,0
1190004,0,0,0,0,0,0,0,1,0,0
1190005,0,0,0,0,0,0,0,1,0,0
1190006,0,1,0,0,0,0,0,1,0,0
1190007,0,0,0,0,0,0,0,1,0,0
1190008,0,1,0,0,0,0,1,0,0,0
1190009,0,1,0,0,0,0,0,0,0,0
1190010,0,0,0,0,0,0,0,0,0,0
1190011,,,0,0,0,0,0,1,0,0
1190013,0,0,0,0,0,1,0,0,0,0
1190014,0,0,0,0,0,1,0,0,0,0
1190015,0,0,0,0,0,0,0,1,0,0
1190016,,,0,0,0,0,0,0,0,0
1190017,0,0,0,0,0,0,0,1,0,0
1190018,0,0,0,0,0,0,0,1,0,0
1190019,0,0,0,0,0,0,0,1,0,0
1190020,0,1,0,0,0,0,0,1,0,0
1190021,0,0,0,0,0,0,0,1,0,0
1190022,0,0,0,0,0,0,0,1,0,0
1190023,0,1,0,0,0,0,0,1,0,0
1190024,0,0,0,0,0,0,0,1,0,0
1190025,0,0,0,0,0,0,0,1,0,0
1200001,0,0,0,0,0,0,0,1,0,0
1200002,0,1,0,0,0,0,0,1,0,0
1200003,0,0,0,0,0,0,0,1,0,0
1200004,0,0,0,1,0,0,0,1,0,0
1200005,0,0,0,0,0,0,0,1,0,0
1200006,0,0,0,0,0,0,0,1,0,0
1200007,0,1,0,0,0,0,0,1,0,0
1200008,0,,0,0,0,0,0,1,0,0
1200009,0,0,0,0,0,0,1,0,0,0
1200010,0,0,0,0,0,0,0,0,0,0
1200011,0,0,0,0,0,0,0,0,0,0
1200012,0,0,0,0,0,1,0,0,0,0
1200013,0,0,0,1,0,0,1,1,0,0
1200014,0,1,0,0,0,0,0,1,0,0
1200015,0,0,0,0,0,0,0,0,0,0
1200017,0,0,0,0,0,0,0,0,0,0
1200018,0,0,0,0,0,0,0,0,0,0
1200019,0,1,0,0,0,0,0,0,0,0
1200020,0,1,0,0,0,0,0,0,0,0
1200021,,,0,0,0,0,0,1,0,0
1200022,0,0,0,0,0,0,1,1,0,0
1200023,0,0,0,0,0,0,0,0,0,0
1200025,0,0,0,0,0,1,0,0,0,0
1210001,0,0,0,0,0,0,0,1,0,0
1210002,0,0,0,1,0,0,0,0,0,0
1210003,0,0,0,0,0,0,0,1,0,0
1210004,0,0,0,1,0,0,0,1,0,0
1210005,0,0,0,1,0,0,0,1,0,0
1210006,0,0,0,0,0,0,0,0,0,0
1210007,0,,0,0,0,0,0,0,0,0
1210008,0,0,0,0,0,0,0,1,0,0
1210009,0,0,0,0,0,0,0,1,0,0
1210010,0,0,0,0,0,0,0,0,0,0
1210011,0,0,0,1,0,0,0,0,0,0
1210012,0,0,0,0,0,0,1,0,0,0
1210013,0,,0,0,0,0,0,1,0,0
1210014,0,0,0,0,0,0,0,1,0,0
1210015,0,1,0,0,0,0,0,1,0,0
1210016,0,0,0,0,0,0,0,1,0,0
1210017,0,0,0,0,0,0,0,1,0,0
1210018,,,0,1,0,0,0,0,0,0
1210019,0,0,0,0,0,0,0,0,0,0
1210021,0,1,0,0,0,0,0,1,0,0
1210022,,,0,0,0,0,0,1,0,0
1210023,0,0,0,0,0,0,0,1,0,0
1210024,0,0,0,0,0,0,0,1,0,0
1210025,0,0,0,1,0,0,0,1,0,0
1220001,0,0,0,0,0,0,0,0,0,0
1220002,0,0,0,0,0,0,0,0,0,0
1220003,0,0,0,0,0,0,0,0,0,0
1220004,0,0,0,1,0,0,0,0,0,1
1220005,0,0,0,0,0,0,0,1,0,0
1220006,0,1,0,0,0,0,0,0,0,0
1220007,0,0,0,0,0,0,0,1,0,0
1220008,0,0,0,0,0,0,0,1,0,0
1220009,0,0,0,0,0,0,0,0,0,0
1220011,0,1,0,0,0,0,0,0,0,0
1220012,0,0,0,0,0,0,0,0,0,0
1220013,0,1,0,0,0,0,0,0,0,0
1220014,0,1,0,0,0,0,0,1,0,0
1220015,0,1,0,0,0,0,0,0,0,0
1220016,0,0,0,0,0,0,0,0,0,0
1220017,0,0,0,0,0,0,0,0,0,0
1220020,0,0,0,0,0,0,0,1,0,0
1220021,0,1,0,0,0,0,0,1,0,0
1220022,0,0,0,0,0,0,0,1,0,0
1220023,0,1,0,0,0,0,0,1,0,0
1220024,0,1,0,0,0,0,0,1,0,0
1220025,0,0,0,0,0,0,0,1,0,1
1220026,0,0,0,0,0,0,0,0,0,0
1230001,0,0,0,0,0,0,0,1,0,0
1230002,0,1,0,0,0,0,0,1,0,0
1230003,0,1,0,0,0,0,0,0,0,0
1230004,0,0,0,0,0,0,0,1,0,0
1230005,0,0,0,0,0,0,0,0,0,0
1230006,0,1,0,0,0,0,0,1,0,0
1230007,0,0,0,0,1,0,0,0,0,0
1230008,0,0,0,1,0,0,0,0,0,0
1230009,0,0,0,0,0,0,0,0,0,0
1230010,0,0,0,0,0,0,0,0,0,0
1230011,0,0,0,0,0,0,0,0,0,0
1230012,0,0,0,0,0,0,0,0,0,0
1230013,0,0,0,0,0,0,0,1,0,0
1230014,0,0,0,0,0,0,0,0,0,0
1230015,0,0,0,0,0,0,0,0,0,0
1230016,0,,0,0,0,0,0,1,0,0
1230017,0,0,0,0,0,0,0,1,0,0
1230018,0,0,0,0,0,0,0,1,0,0
1230019,0,0,0,0,0,0,0,0,0,0
1230020,0,0,0,1,0,0,0,1,0,0
1230021,0,0,0,0,0,0,0,0,0,0
1230022,0,0,0,0,0,0,0,0,0,0
1230023,0,0,0,1,0,0,0,1,0,0
1230024,0,0,0,0,0,0,0,1,0,0
1230025,0,0,0,0,0,0,0,1,0,0
1240001,0,0,0,1,0,0,0,0,0,0
1240002,0,0,1,0,0,0,0,1,0,0
1240003,0,0,0,1,0,0,0,1,0,0
1240004,0,0,0,0,0,0,0,1,0,0
1240005,0,0,0,0,0,0,0,1,0,0
1240006,0,0,0,0,0,0,0,1,0,0
1240007,0,0,0,0,0,0,0,0,0,0
1240008,0,0,0,0,0,0,0,1,0,0
1240009,0,0,0,1,0,0,1,1,0,0
1240010,0,0,0,0,0,0,0,0,0,0
1240011,0,0,0,0,0,0,0,0,0,0
1240012,0,0,0,0,0,0,0,0,0,0
1240013,0,1,0,0,0,0,0,1,0,0
1240014,0,0,0,0,0,0,0,0,0,0
1240015,0,0,0,0,0,0,0,1,0,0
1240016,,,0,0,0,0,0,0,0,0
1240017,0,0,0,0,0,0,0,0,0,0
1240018,0,0,0,0,0,0,0,1,0,0
1240019,0,0,0,0,0,0,0,0,0,0
1240020,0,1,0,0,0,0,0,1,0,0
1240021,0,0,0,0,0,0,0,0,0,0
1240022,0,1,0,0,0,0,0,0,0,0
1240024,0,,0,0,0,0,0,1,0,0
1240025,0,1,0,0,0,0,0,0,0,0
1250001,0,1,0,0,0,0,0,1,0,0
1250002,0,0,0,0,0,0,0,1,0,0
1250003,0,0,0,0,0,0,0,1,0,0
1250004,0,0,0,0,0,0,0,1,0,0
1250005,0,0,0,0,0,0,0,1,0,0
1250006,0,0,0,0,0,0,0,1,0,0
1250007,0,1,0,0,0,0,0,1,0,0
1250008,0,0,0,0,0,0,0,1,0,0
1250010,0,0,0,0,0,0,0,1,0,0
1250012,0,0,0,0,0,0,0,0,0,0
1250013,0,0,0,0,0,0,0,0,0,0
1250014,0,0,0,1,0,0,1,0,0,0
1250015,0,0,0,0,0,0,0,1,0,0
1250016,0,0,0,0,0,0,0,0,0,0
1250017,0,0,0,1,0,0,0,0,0,0
1250018,0,0,0,0,0,0,1,0,0,0
1250019,0,,0,0,0,0,0,0,0,0
1250020,0,0,0,0,0,0,0,0,0,0
1250022,0,0,0,0,0,0,0,1,0,0
1250023,0,0,0,0,0,0,0,0,0,0
1250024,0,0,0,0,0,0,0,0,0,0
1250025,0,1,0,0,0,0,0,0,0,0
1260001,0,0,0,1,0,0,0,1,0,0
1260002,0,0,0,0,0,0,0,1,0,0
1260003,0,0,0,1,0,0,0,0,0,0
1260004,0,0,0,0,0,0,0,1,0,0
1260005,,,0,0,0,0,0,0,0,0
1260006,0,0,0,0,0,0,0,0,0,0
1260007,0,0,0,0,0,0,0,1,0,0
1260009,,,0,0,0,0,0,0,0,0
1260010,0,0,0,1,0,0,0,1,0,1
1260011,0,1,0,0,0,0,0,0,0,0
1260012,0,0,0,0,0,0,0,0,0,0
1260013,,,0,0,0,0,0,0,0,0
1260014,0,0,0,0,0,0,0,1,0,0
1260015,0,0,0,0,0,0,0,1,0,0
1260016,0,0,0,0,0,0,0,1,0,0
1260017,0,0,0,0,0,0,0,1,0,0
1260018,0,0,0,,0,0,0,0,0,0
1260019,0,0,0,0,0,0,0,1,0,0
1260020,0,0,0,,0,0,0,0,0,0
1260021,0,0,0,,0,0,0,1,0,0
1260022,0,0,0,1,0,0,0,0,0,0
1260023,0,0,0,0,0,0,0,1,0,0
1270001,0,0,0,0,0,0,0,0,0,0
1270002,0,0,0,1,0,0,0,0,0,0
1270003,0,0,0,0,0,0,0,0,0,0
1270004,0,0,0,0,0,0,0,1,0,0
1270005,0,0,0,0,0,0,0,0,0,0
1270006,0,0,0,0,0,0,0,1,0,0
1270007,0,0,0,1,0,0,0,0,0,0
1270008,0,1,0,0,0,0,0,0,0,0
1270009,0,1,0,0,0,0,0,1,0,0
1270010,0,0,0,0,0,0,0,0,0,0
1270011,0,0,0,0,0,0,0,0,0,0
1270012,0,0,0,0,0,0,0,0,0,0
1270013,0,1,0,0,0,0,0,0,0,0
1270014,0,0,0,0,0,0,0,1,0,0
1270015,0,1,0,0,0,0,0,1,0,0
1270016,0,0,0,0,0,1,0,0,0,0
1270017,0,1,0,0,0,0,0,0,0,0
1270019,0,0,0,0,0,0,0,1,0,0
1270020,0,0,0,0,0,0,0,0,0,0
1270021,0,0,0,0,0,0,0,1,0,0
1270022,0,0,0,0,0,0,0,1,0,0
1270023,0,0,0,0,0,0,0,1,0,0
1270024,0,0,0,0,0,0,0,1,0,0
1270025,0,0,0,0,0,0,0,0,0,0
1280001,0,0,0,0,0,0,0,0,0,0
1280002,0,0,0,0,0,0,0,0,0,0
1280003,0,0,0,0,0,0,0,0,0,0
1280004,0,0,0,0,0,0,0,0,0,0
1280005,0,0,0,0,0,0,0,1,0,0
1280006,0,0,0,0,0,0,0,1,0,0
1280007,0,0,0,0,0,0,0,1,0,0
1280008,0,0,0,0,0,0,0,1,0,0
1280009,0,0,0,0,0,0,0,1,0,0
1280010,0,0,0,1,0,0,0,1,0,0
1280011,0,0,0,0,0,0,0,1,0,0
1280012,0,0,0,1,0,0,0,1,0,0
1280013,0,0,0,0,0,0,0,1,0,0
1280014,0,0,0,1,0,0,0,0,0,0
1280015,0,0,0,0,0,0,0,0,0,0
1280016,0,1,0,0,0,0,0,0,0,0
1280017,0,0,0,1,0,0,0,0,0,0
1280018,,,0,1,0,0,0,1,0,0
1280019,0,0,0,0,0,0,0,0,0,0
1280020,0,0,0,1,0,0,0,1,0,0
1280021,0,1,0,0,0,0,0,0,0,0
1280022,0,0,0,,0,0,0,0,0,0
1280023,0,0,0,0,0,0,0,1,0,0
1280024,0,0,0,0,0,0,0,1,0,0
1280025,0,0,0,0,0,0,0,1,0,0
1290001,0,0,0,0,0,0,0,0,0,0
1290002,0,0,0,0,0,0,0,1,0,0
1290003,0,0,0,0,0,0,0,0,0,0
1290004,0,0,0,0,0,1,0,1,0,0
1290005,0,1,0,,0,0,0,0,0,0
1290006,0,,0,0,0,0,0,0,0,0
1290007,0,0,0,0,0,0,0,0,0,0
1290008,0,1,0,0,0,0,0,0,0,0
1290009,0,0,0,0,0,0,0,0,0,0
1290010,0,0,0,0,0,0,0,0,0,0
1290011,0,0,0,0,0,0,0,0,0,0
1290012,0,0,0,0,0,0,0,0,0,0
1290013,0,1,0,0,0,0,0,0,0,0
1290014,0,0,0,0,0,0,0,0,0,0
1290015,0,1,0,0,0,0,0,0,0,0
1290016,0,0,0,0,0,0,0,0,0,0
1290017,0,0,0,0,0,0,0,0,0,0
1290018,0,0,0,0,0,0,0,0,0,0
1290020,0,0,0,0,0,1,0,0,0,0
1290021,0,1,0,0,0,1,1,1,0,0
1290022,0,,0,0,0,0,0,0,0,0
1290023,0,0,0,0,0,0,0,0,0,0
1290024,0,0,0,0,0,0,0,0,0,0
1290025,0,0,0,1,0,0,0,0,0,0
1300001,0,1,0,0,0,0,0,0,0,0
1300002,0,0,0,0,0,0,0,1,1,0
1300003,0,0,0,0,0,0,0,0,0,0
1300004,0,0,0,0,0,0,0,1,0,0
1300005,0,0,0,0,0,0,0,0,0,0
1300006,,,0,0,0,0,0,0,0,0
1300007,0,0,0,0,0,0,0,0,0,0
1300008,0,0,0,0,0,0,0,0,0,0
1300009,0,0,0,0,0,0,0,0,0,0
1300011,0,0,0,0,0,0,0,0,0,0
1300012,0,0,0,1,0,0,0,1,0,0
1300013,0,0,0,0,0,0,0,0,0,0
1300014,0,0,0,0,0,0,0,0,0,0
1300015,0,1,0,0,0,0,0,0,0,0
1300016,0,1,0,0,0,0,0,0,0,0
1300017,0,0,0,0,0,0,0,0,0,0
1300018,0,0,0,0,0,0,0,0,0,0
1300019,0,1,0,0,0,0,0,0,0,0
1300020,0,0,0,0,0,0,0,0,0,0
1300022,0,0,0,0,0,0,0,0,0,0
1300023,0,0,0,0,0,0,0,0,0,0
1300024,0,0,0,1,0,0,1,0,0,0
1300025,0,,0,0,0,0,0,0,0,0
1310001,0,0,0,0,0,0,0,0,0,0
1310002,0,0,0,0,0,0,0,1,0,0
1310003,0,1,0,0,0,0,0,0,0,0
1310005,,,0,0,0,0,0,0,0,0
1310006,0,0,0,0,0,0,0,0,0,0
1310007,0,0,0,0,0,0,0,0,0,0
1310008,0,,0,0,0,0,0,0,0,0
1310009,,,0,0,0,0,0,0,0,0
1310011,,,0,0,0,0,0,0,0,0
1310012,0,1,0,0,0,0,0,0,0,0
1310013,,0,0,0,0,0,0,0,0,0
1310015,0,0,0,0,0,0,0,0,0,0
1310016,0,0,0,0,0,0,0,0,0,0
1310017,0,0,0,0,0,0,0,0,0,0
1310018,0,1,0,0,0,0,0,0,0,0
1310019,0,1,0,0,0,0,0,0,0,0
1310021,0,0,0,0,0,0,0,0,0,0
1310022,0,1,0,0,0,0,0,0,0,0
1310023,0,0,0,0,0,0,0,0,0,0
1320001,0,0,0,0,0,0,1,0,0,0
1320002,0,1,0,0,0,0,0,0,0,0
1320003,0,0,0,0,0,0,0,0,0,0
1320004,0,1,0,0,0,0,0,0,0,0
1320005,0,0,0,0,0,0,0,0,0,0
1320006,0,0,0,0,0,0,0,0,0,0
1320007,0,0,0,0,0,0,1,0,0,0
1320008,0,1,0,0,0,0,0,0,0,0
1320009,0,1,0,0,0,0,0,0,0,0
1320010,0,0,0,0,0,0,0,0,0,0
1320011,0,1,0,0,0,0,0,0,0,0
1320012,0,0,0,0,0,0,0,0,0,0
1320013,0,0,0,0,0,0,0,0,0,0
1320014,0,1,0,0,0,0,0,0,0,0
1320015,0,0,0,0,0,0,0,0,0,0
1320016,0,0,0,0,0,0,1,0,0,0
1320017,0,,0,0,0,0,0,0,0,0
1320019,0,,0,0,0,0,1,0,0,0
1320020,0,0,0,0,0,0,0,0,0,0
1320021,,,0,0,0,0,0,0,0,0
1320022,0,0,0,0,0,0,1,0,0,0
1320023,0,0,0,1,0,0,0,1,0,0
1320024,0,0,0,0,0,0,0,0,0,0
1320025,0,0,0,1,0,0,0,0,0,0
1330001,0,1,0,0,0,0,0,0,0,0
1330002,0,1,0,0,0,0,0,0,0,0
1330003,0,0,0,0,0,0,1,0,0,0
1330004,0,0,0,,0,0,0,0,0,0
1330005,0,0,0,0,0,0,0,0,0,0
1330006,0,0,0,0,0,0,1,0,0,0
1330007,0,0,0,0,0,0,0,0,0,0
1330009,0,0,0,0,0,0,1,0,0,0
1330010,1,0,0,0,0,0,0,0,0,0
1330011,0,1,0,0,0,1,0,1,0,0
1330012,0,0,0,0,0,0,0,0,0,0
1330013,0,1,0,0,0,0,0,0,0,0
1330014,0,0,0,0,0,0,0,0,0,0
1330015,0,0,0,1,0,0,1,0,0,0
1330016,0,1,0,0,0,0,0,0,0,0
1330017,0,0,0,0,0,0,0,0,0,0
1330018,0,1,0,0,0,0,0,0,0,0
1330019,0,0,0,0,0,0,0,0,0,0
1330020,0,1,0,0,0,0,0,0,0,0
1330021,0,0,0,0,0,0,1,0,0,0
1330022,0,0,0,,0,0,0,0,0,0
1330023,0,0,0,1,0,0,0,0,0,0
1330024,0,1,0,0,0,0,1,0,0,0
1330025,0,0,0,0,0,0,0,0,0,0
1340002,0,,0,0,0,0,0,0,0,0
1340004,0,0,0,0,0,0,0,0,0,0
1340005,0,0,0,0,0,0,0,0,0,0
1340007,0,,0,0,0,0,0,0,0,0
1340008,0,,0,0,0,0,0,0,0,0
1340010,0,,0,0,0,0,0,0,0,0
1340011,0,0,0,0,0,0,0,0,0,0
1340012,0,1,0,0,0,0,1,0,0,0
1340013,,,0,0,0,0,0,0,0,0
1340014,0,,0,0,0,0,0,1,0,0
1340016,0,0,0,0,0,0,0,0,0,0
1340017,0,0,0,1,0,0,0,0,0,0
1340018,0,0,0,0,0,0,1,0,0,0
1340019,0,,1,0,0,0,0,0,0,0
1340021,0,0,0,0,0,0,1,0,0,0
1340022,0,0,0,0,0,0,0,0,0,0
1340023,0,0,0,0,0,0,1,0,0,0
1340024,0,0,0,1,0,0,1,0,0,0
1340025,0,0,0,0,0,0,1,0,0,0
1350001,1,0,0,0,0,0,0,0,0,0
1350002,0,0,0,0,0,0,0,0,0,0
1350003,0,0,0,0,0,0,0,0,0,0
1350005,0,0,0,0,0,0,0,1,0,0
1350008,0,1,0,0,0,0,0,1,0,0
1350009,0,0,0,0,0,0,0,0,0,0
1350010,0,0,0,0,0,0,0,0,0,0
1350011,0,1,0,0,0,0,0,0,0,0
1350012,0,0,0,0,0,0,0,0,0,0
1350014,0,0,0,0,0,0,0,0,0,0
1350015,0,0,0,0,0,0,0,0,0,0
1350016,0,0,0,0,0,0,0,0,0,0
1350017,0,0,0,0,0,0,0,0,0,0
1350018,0,0,0,0,0,0,0,0,0,0
1350019,0,1,0,0,0,0,0,0,0,0
1350020,0,0,0,0,0,0,0,0,0,0
1350021,0,1,0,0,0,0,0,0,0,0
1350022,0,0,0,0,0,0,0,0,0,0
1350023,0,1,0,0,0,0,0,0,0,0
1350024,0,0,0,0,0,0,0,0,0,0
1350025,0,0,0,0,0,0,0,0,0,0
1360001,0,0,0,0,0,0,0,0,0,0
1360002,0,,0,0,0,0,0,0,0,0
1360003,0,0,0,0,0,0,0,1,0,0
1360004,0,,0,0,0,0,0,0,0,0
1360005,0,,0,0,0,0,0,0,0,0
1360006,0,,0,0,0,0,0,0,0,0
1360009,0,0,0,0,0,1,0,0,0,0
1360012,0,0,0,0,0,1,1,0,0,0
1360013,0,1,0,0,0,0,0,0,0,0
1360015,0,0,0,0,0,1,0,0,0,0
1360016,0,0,0,0,0,0,0,0,0,0
1360017,0,1,0,0,0,1,0,0,0,0
1360018,0,1,0,0,0,0,0,0,0,0
1360019,,0,0,0,0,1,0,0,0,0
1360020,0,0,0,1,0,1,0,0,0,0
1360022,,,0,0,0,1,0,0,0,0
1360023,0,0,0,0,0,1,0,0,0,0
1360024,0,0,0,0,0,1,0,0,0,0
1360025,0,0,0,0,0,0,0,0,0,0
1370001,0,0,0,0,0,0,0,0,0,0
1370002,0,0,0,0,0,0,0,0,0,0
1370003,0,,0,0,0,0,0,0,0,0
1370004,0,0,0,0,0,0,0,0,0,0
1370006,0,,0,1,0,0,0,0,0,0
1370007,0,0,0,0,0,0,0,0,0,0
1370008,0,0,0,0,0,0,0,0,0,0
1370009,0,0,0,0,0,0,0,0,0,0
1370010,0,0,0,0,0,0,0,0,0,0
1370011,,,0,0,0,0,0,0,0,0
1370012,0,0,0,0,0,0,0,0,0,0
1370013,0,1,0,0,0,0,0,0,0,0
1370014,0,0,0,0,0,0,0,0,0,0
1370015,0,0,0,0,0,0,0,0,0,0
1370016,0,0,0,0,0,0,0,0,0,0
1370017,0,,0,0,0,0,0,0,0,0
1370018,0,0,0,0,0,0,0,0,0,0
1370020,0,,0,0,0,0,0,0,0,0
1370021,0,0,0,0,0,0,0,0,0,0
1370022,0,1,0,0,0,0,0,0,0,0
1370024,0,0,0,0,0,0,0,0,0,0
1380001,0,0,0,0,0,0,0,0,0,0
1380002,0,0,1,0,0,0,0,0,0,0
1380003,0,0,0,0,0,0,0,0,0,0
1380004,0,0,0,0,0,0,0,0,0,0
1380006,0,0,0,0,0,0,0,0,0,0
1380007,0,0,0,0,0,0,0,0,0,0
1380008,0,0,0,0,0,0,0,0,0,0
1380009,0,1,0,0,0,0,0,1,0,0
1380010,0,1,0,0,0,0,0,0,0,0
1380011,0,0,0,0,0,0,0,0,0,0
1380012,0,0,0,0,0,0,0,0,0,0
1380013,0,0,0,0,0,0,0,0,0,0
1380014,0,,0,0,0,0,0,0,0,0
1380015,0,,0,0,0,0,0,0,0,0
1380016,0,,0,0,0,0,0,0,0,0
1380017,0,,1,0,0,0,0,0,0,0
1380018,0,,0,0,0,0,0,0,0,0
1380019,0,,0,0,0,0,0,0,0,0
1380020,0,0,0,0,0,0,0,0,0,0
1380021,0,,0,0,0,0,0,0,0,0
1380022,0,0,0,0,0,0,0,0,0,0
1380023,0,1,0,0,0,0,0,0,0,0
1380024,0,0,0,0,0,0,0,0,0,0
1380025,0,0,0,0,0,0,0,0,0,0
1380026,,,0,0,0,0,0,0,0,0
1390001,0,1,0,0,0,0,0,0,0,0
1390002,0,0,0,0,0,0,0,0,0,0
1390003,0,,0,1,0,0,0,0,0,0
1390005,0,0,0,0,0,0,0,1,0,0
1390006,0,0,0,0,0,0,0,0,0,0
1390007,0,0,0,0,0,0,0,0,0,0
1390008,0,0,0,0,0,0,0,0,0,0
1390009,0,0,0,0,0,0,0,1,0,0
1390010,0,1,0,0,0,0,0,0,0,0
1390011,0,,0,0,0,0,0,0,0,0
1390012,0,0,0,0,0,0,0,0,0,0
1390013,0,0,0,0,0,0,0,0,0,0
1390014,0,0,0,0,0,0,0,0,0,0
1390015,0,1,0,0,0,0,0,0,0,0
1390018,1,,0,0,0,0,0,0,0,0
1390019,0,0,0,0,0,0,0,0,0,0
1390021,0,1,0,0,0,0,0,0,0,0
1390022,0,1,0,0,0,0,0,0,0,0
1390023,0,1,0,0,0,0,0,0,0,0
1390025,0,,0,0,0,0,0,0,0,0
1390026,0,,0,0,0,0,0,0,0,0
1400001,0,0,0,0,0,0,0,0,0,0
1400002,0,0,0,0,0,0,0,0,0,0
1400003,0,0,0,0,0,0,0,0,0,0
1400004,0,,0,0,0,0,0,0,0,0
1400007,0,,0,0,0,0,0,0,0,0
1400008,0,1,0,0,0,0,0,0,0,0
1400009,0,0,0,0,0,0,0,0,0,0
1400010,0,,0,0,0,0,0,0,0,0
1400011,0,,0,0,0,0,0,0,0,0
1400012,0,0,0,0,0,0,0,0,0,0
1400013,0,,0,0,0,0,0,0,0,0
1400015,0,0,0,1,0,0,0,0,0,0
1400016,0,,0,0,0,0,0,0,0,0
1400018,0,0,0,0,0,0,0,0,0,0
1400019,0,0,0,0,0,0,0,0,0,0
1400021,0,0,0,0,0,0,0,0,0,0
1400022,0,0,0,0,0,0,0,0,0,0
1400023,0,0,0,0,0,0,0,0,0,0
1400024,1,1,0,0,0,0,0,0,0,0
1400025,0,0,0,0,0,0,0,0,0,0
1400026,0,0,0,0,0,0,0,0,0,0
1410001,0,0,0,0,0,0,0,0,1,0
1410002,0,,0,0,0,0,0,0,0,0
1410003,0,0,0,0,0,0,0,0,0,0
1410004,0,0,0,0,0,0,0,0,0,0
1410006,0,0,0,0,0,0,0,0,0,0
1410007,0,,0,0,0,0,0,0,0,0
1410008,0,0,0,0,0,0,0,0,0,0
1410010,0,0,1,0,0,0,0,0,0,0
1410011,0,0,0,0,0,0,0,0,0,0
1410012,0,1,0,0,0,0,0,0,0,0
1410013,0,0,0,0,0,0,0,0,0,0
1410014,0,,0,0,0,0,0,0,0,0
1410015,0,0,0,0,0,0,0,0,0,0
1410018,0,0,0,0,0,0,0,0,0,0
1410019,0,0,0,1,0,0,0,0,0,0
1410020,0,,0,0,0,0,0,0,0,0
1410021,0,1,0,0,0,0,0,0,0,0
1410022,0,0,0,0,0,0,0,0,0,0
1410023,0,0,0,0,0,0,0,0,0,0
1410025,0,0,0,0,0,0,0,0,0,0
1420001,0,0,0,0,0,0,0,0,0,0
1420002,0,1,0,0,0,0,0,0,0,0
1420003,0,0,0,0,0,0,0,0,0,0
1420004,0,0,0,0,0,0,0,0,0,0
1420005,0,0,0,0,0,0,0,0,0,0
1420006,0,0,0,0,0,1,0,0,0,0
1420007,0,,0,0,0,0,0,0,0,0
1420010,0,0,0,0,0,0,0,0,0,0
1420013,0,1,0,0,0,0,0,0,0,0
1420014,,,0,0,0,0,0,0,0,0
1420015,0,0,0,0,0,0,0,0,0,0
1420016,0,0,0,0,0,0,0,0,0,0
1420017,0,0,0,0,0,0,0,0,0,0
1420018,0,1,0,0,0,0,0,0,0,0
1420019,0,1,0,0,0,0,0,0,0,0
1420020,0,1,0,0,0,0,0,0,0,0
1420021,0,0,0,1,0,0,0,0,0,0
1420024,0,,0,0,0,0,0,0,0,0
1420025,0,0,0,1,0,0,0,0,0,0
1430001,0,0,0,0,0,0,0,0,0,0
1430002,0,0,0,0,0,0,0,0,0,0
1430003,0,0,0,0,0,0,0,0,0,0
1430004,0,,0,0,0,0,0,0,0,0
1430005,0,0,0,0,0,0,0,0,0,0
1430007,0,,0,0,0,0,0,0,0,0
1430009,0,0,0,0,0,0,0,0,0,0
1430010,0,0,1,0,0,0,0,0,0,0
1430011,0,0,0,0,0,0,0,0,0,0
1430012,,,0,0,0,0,0,0,0,0
1430013,0,0,0,0,0,0,0,0,0,0
1430014,0,0,0,0,0,0,0,0,0,0
1430018,0,0,0,0,0,0,0,0,0,0
1430019,0,,0,0,0,0,0,0,0,0
1430020,0,,0,0,0,0,0,0,0,0
1430021,0,0,0,0,0,0,0,0,0,0
1430022,0,,0,0,0,0,0,0,0,0
1430024,0,0,0,0,0,0,0,0,0,0
1430025,0,0,0,0,0,0,0,0,0,0
1440001,0,0,0,0,0,0,0,0,0,0
1440002,0,,0,0,0,0,0,0,0,0
1440003,0,0,0,0,0,0,0,0,0,0
1440004,0,0,0,0,0,0,0,0,0,0
1440005,0,,0,0,0,0,0,0,0,0
1440006,0,0,0,0,0,0,0,0,0,0
1440008,0,,0,0,0,0,0,0,0,0
1440010,0,0,0,0,0,0,0,0,0,0
1440011,0,0,0,1,0,0,0,0,0,0
1440012,0,1,0,0,0,0,0,0,0,0
1440013,1,,0,0,0,0,0,0,0,0
1440014,0,0,0,0,0,0,0,0,0,0
1440015,0,,0,0,0,0,0,0,0,0
1440016,0,0,0,0,0,0,0,0,0,0
1440018,0,,0,0,0,0,0,0,0,0
1440019,0,0,0,0,0,0,0,0,0,0
1440020,0,,0,0,0,0,0,0,1,0
1440021,0,0,0,0,0,0,0,0,0,0
1440022,0,,0,0,0,0,0,0,0,0
1440023,0,0,0,0,0,0,0,0,0,0
1440024,0,,0,0,0,0,0,0,0,0
1440025,,,0,0,0,0,0,0,0,0
1450001,0,0,0,0,0,0,1,0,0,0
1450002,0,0,0,0,0,0,1,0,0,0
1450003,0,0,0,0,0,0,1,0,0,0
1450006,0,0,0,0,0,0,1,0,0,0
1450010,0,1,0,0,0,0,0,0,0,0
1450013,0,0,0,0,0,0,0,0,0,0
1450014,0,0,0,0,0,0,0,0,0,0
1450015,,0,0,0,0,0,0,0,0,0
1450016,0,0,0,0,0,0,0,0,0,0
1450017,0,1,0,0,0,0,0,0,0,0
1450018,0,0,0,0,0,0,0,0,0,0
1450019,,,0,0,0,0,0,0,0,0
1450020,0,0,0,0,0,0,0,0,0,0
1450021,0,0,0,1,0,0,0,0,0,0
1450022,0,0,0,0,0,0,0,0,0,0
1450023,0,0,0,1,0,0,0,0,0,0
1450024,0,,0,0,0,0,0,1,0,0
1450025,0,0,0,1,0,0,0,0,0,0
1460001,0,,0,0,0,0,0,1,0,0
1460002,0,0,0,0,0,0,0,1,0,0
1460003,0,0,0,0,0,0,0,1,0,0
1460009,0,0,0,0,0,0,0,0,0,0
1460010,,,0,0,0,0,0,0,0,0
1460011,0,0,0,0,0,0,0,0,0,0
1460012,0,0,0,0,0,0,0,1,0,0
1460013,0,1,0,0,0,0,0,0,0,0
1460014,0,0,0,0,0,0,0,0,0,0
1460015,0,0,0,0,0,0,0,0,0,0
1460017,0,0,0,0,0,0,0,0,0,0
1460018,,,0,0,0,0,0,0,0,0
1460022,,,0,0,0,0,0,0,0,0
1460023,0,,0,0,0,0,0,0,0,0
1470002,0,0,0,0,0,0,0,0,0,0
1470003,0,0,0,0,0,0,0,1,0,0
1470004,0,0,0,1,0,0,0,0,0,0
1470005,0,0,0,0,0,0,0,1,0,0
1470006,0,1,0,0,0,0,1,0,0,0
1470009,0,,0,0,0,0,0,0,0,0
1470010,0,0,0,0,0,0,0,0,0,0
1470011,,1,0,0,0,0,0,0,0,0
1470012,0,0,0,0,0,0,0,0,0,0
1470013,,,0,0,0,0,0,0,0,0
1470014,0,0,0,1,0,0,0,0,0,0
1470015,0,0,0,0,0,0,0,0,0,0
1470016,,,0,0,0,0,0,0,0,0
1470017,0,,0,1,0,0,0,0,0,0
1470018,,,0,0,0,0,0,0,0,0
1470019,0,1,0,0,0,0,0,1,0,0
1470020,0,0,0,0,0,0,0,0,0,0
1470023,0,0,0,0,0,0,0,0,0,0
1470024,0,1,0,0,0,0,0,0,0,0
1480001,0,,0,1,0,0,0,0,0,0
1480002,0,0,0,0,0,0,0,0,0,0
1480004,0,0,0,0,0,1,0,0,0,0
1480005,0,0,0,1,0,1,0,0,0,0
1480006,0,0,0,0,0,0,0,0,0,0
1480007,,,0,0,0,0,0,0,0,0
1480008,0,,0,0,0,0,0,0,0,0
1480009,0,1,0,0,0,0,1,0,0,0
1480010,,,0,0,0,0,0,0,0,0
1480011,,,0,0,0,0,1,0,0,0
1480012,0,,0,1,0,0,0,0,0,0
1480013,0,0,0,0,0,0,0,0,0,0
1480014,0,0,0,0,0,0,0,1,0,0
1480015,0,0,0,0,0,0,0,0,0,0
1480016,0,1,0,0,0,0,0,1,0,0
1480017,0,0,0,0,0,0,0,0,0,0
1480018,,,0,0,0,0,0,1,0,0
1480020,0,1,0,0,0,0,0,0,0,0
1480022,0,0,0,0,0,0,0,0,0,0
1480023,0,1,0,0,0,0,0,0,0,0
1480024,0,0,0,0,0,0,0,0,0,0
1480025,0,1,0,0,0,0,0,0,0,0
1480026,0,0,0,0,0,0,0,0,0,0
1490001,0,,0,0,0,0,0,0,0,0
1490002,,,0,0,0,0,0,0,0,0
1490003,,,0,0,0,0,0,0,0,0
1490004,,,0,0,0,0,0,0,0,0
1490005,0,0,0,1,0,0,0,0,0,0
1490006,,,0,1,0,0,0,0,0,0
1490007,0,0,0,0,0,0,0,0,0,0
1490009,0,0,0,0,0,0,0,1,0,0
1490010,0,0,0,0,0,0,0,0,0,0
1490011,,,0,0,0,0,0,0,0,0
1490012,0,0,0,0,0,0,0,0,0,0
1490013,0,0,0,0,0,0,0,1,0,0
1490014,0,0,0,0,0,0,0,0,0,0
1490016,0,1,0,0,0,0,0,0,0,0
1490019,0,0,0,0,0,0,0,0,0,0
1490020,0,0,0,0,0,0,0,0,0,0
1490021,0,,0,0,0,0,0,0,0,0
1490022,0,0,1,0,0,0,0,0,0,0
1490023,,,0,0,0,0,0,0,0,0
1490024,0,0,0,0,0,0,0,0,0,0
1500001,0,0,0,0,0,0,0,0,0,0
1500002,0,,0,0,0,0,0,0,0,0
1500004,0,0,0,0,0,0,0,0,0,0
1500006,0,,0,0,0,0,0,0,0,0
1500007,0,0,0,0,0,0,0,0,0,0
1500008,0,,0,0,0,0,0,0,0,0
1500010,0,0,0,0,0,0,0,0,0,0
1500011,0,0,0,0,0,0,0,0,0,0
1500012,0,0,0,0,0,0,0,0,0,0
1500013,0,1,0,0,0,0,0,0,0,0
1500014,0,0,0,0,0,0,0,0,0,0
1500015,0,1,0,0,0,0,0,0,0,0
1500016,0,1,0,0,0,0,0,0,0,0
1500017,0,0,0,1,0,0,0,0,0,0
1500019,0,0,0,0,0,0,0,0,0,0
1500020,0,0,0,0,0,0,0,0,0,0
1500021,0,0,0,1,0,0,0,0,0,0
1500022,0,1,0,0,0,0,0,0,0,0
1500023,0,,0,0,0,0,0,0,0,0
1500024,0,0,0,0,0,0,0,0,0,0
1500025,0,0,0,0,0,0,0,0,0,0
1510001,0,0,0,0,0,0,0,1,0,0
1510002,0,1,0,0,0,0,0,0,0,0
1510003,0,1,0,0,0,0,0,1,0,0
1510004,0,0,0,1,0,0,0,0,0,0
1510005,0,0,0,0,0,0,0,0,0,0
1510006,,,0,0,0,0,0,1,0,0
1510008,0,0,0,0,0,0,1,0,0,0
1510009,0,,0,0,0,0,0,0,0,0
1510010,0,,0,0,0,0,0,0,0,0
1510011,0,0,0,1,0,0,0,0,0,0
1510012,,,0,0,0,0,0,1,0,0
1510014,0,0,0,0,0,0,0,0,0,0
1510015,0,0,0,0,0,0,0,0,0,0
1510016,0,1,0,0,0,0,0,0,0,0
1510017,,,1,0,0,0,0,0,0,0
1510018,0,0,0,0,0,0,0,0,0,0
1510021,0,0,0,0,0,0,0,1,0,0
1510023,0,,0,0,0,0,1,0,0,0
1510024,0,0,0,1,0,0,1,0,0,0
1520001,0,0,0,0,0,0,0,0,0,0
1520002,0,0,0,0,0,0,0,0,0,0
1520003,0,1,0,0,0,0,0,0,0,0
1520004,0,,0,0,0,0,0,0,0,0
1520005,0,,0,0,0,0,0,0,0,0
1520006,0,0,0,,0,0,0,0,0,0
1520007,0,0,0,0,0,0,0,0,0,0
1520009,0,0,0,0,0,0,0,0,0,0
1520010,0,0,0,0,0,0,0,0,0,0
1520011,0,0,0,0,0,0,0,0,0,0
1520012,0,1,0,0,0,0,0,0,0,0
1520013,0,0,0,0,0,0,0,0,0,0
1520014,0,0,0,0,0,0,0,0,0,0
1520015,0,0,0,0,0,0,0,0,0,0
1520016,0,0,0,1,0,0,0,0,0,0
1520017,0,0,0,0,0,0,0,0,0,0
1520018,0,0,0,0,0,0,0,0,0,0
1520019,0,0,0,0,0,1,0,0,0,0
1520022,0,0,0,0,0,0,0,0,0,0
1520023,0,0,0,0,0,1,0,0,0,0
1520024,0,,0,0,0,0,0,0,0,0
1520025,0,1,0,0,0,0,0,0,0,0
1530001,0,0,0,0,0,0,0,0,0,0
1530002,0,0,0,0,0,0,0,0,0,0
1530003,0,1,0,0,0,0,0,0,0,0
1530004,0,1,0,0,0,0,0,0,0,0
1530005,0,0,0,0,0,0,0,0,0,0
1530006,0,0,0,0,0,0,0,0,0,0
1530007,0,0,0,0,0,0,0,0,0,0
1530008,0,0,0,0,0,0,0,0,0,0
1530009,0,0,0,0,0,0,0,0,0,0
1530010,0,0,0,0,0,0,0,0,0,0
1530011,0,1,0,0,0,0,0,0,0,0
1530012,0,1,0,0,0,0,0,0,0,0
1530013,0,0,0,0,0,0,0,0,0,0
1530014,0,0,0,1,0,0,0,0,0,0
1530016,0,0,0,0,0,0,0,0,0,0
1530017,0,,0,0,0,0,0,0,0,0
1530018,0,,0,0,0,0,0,0,0,0
1530019,0,0,0,0,0,0,0,0,0,0
1530020,0,,0,0,0,0,0,0,0,0
1530021,0,1,0,0,0,0,0,0,0,0
1530022,0,,0,0,0,0,0,0,0,0
1530023,0,,0,0,0,0,0,1,0,0
1530024,0,0,0,1,0,0,0,0,0,0
1530025,0,0,0,0,0,0,0,0,0,0
1540001,0,0,0,0,0,0,0,0,0,0
1540002,0,0,0,1,0,0,0,0,0,0
1540003,0,,0,0,0,0,0,0,0,0
1540004,0,0,0,0,0,0,0,0,0,0
1540005,0,0,0,1,0,0,0,0,0,0
1540006,0,0,0,1,0,0,0,0,0,0
1540007,0,,0,0,0,0,0,0,0,0
1540008,,,0,0,0,0,0,0,0,0
1540009,0,0,0,0,0,0,0,0,0,0
1540011,0,1,0,0,0,0,0,0,0,0
1540012,0,0,0,1,0,0,1,0,0,0
1540013,0,0,0,0,0,0,1,0,0,0
1540014,0,0,0,0,0,0,1,0,0,0
1540015,,,0,0,0,0,1,0,0,0
1540016,,,0,0,0,0,1,0,0,0
1540017,0,0,0,0,0,0,1,0,0,0
1540018,0,0,0,1,0,0,0,0,0,0
1540019,0,0,0,0,0,0,0,0,0,0
1540020,0,0,0,1,0,0,0,0,0,0
1540021,0,0,0,0,0,0,1,0,0,0
1540022,0,0,0,0,0,0,0,0,0,0
1540023,0,0,0,1,0,0,0,0,0,0
1540025,0,0,0,1,0,0,0,1,0,0
1540026,0,0,0,1,0,0,0,0,0,0
1550001,0,,0,0,0,0,0,0,0,0
1550003,0,,0,0,0,0,0,0,0,0
1550004,0,,0,0,0,0,0,0,0,0
1550006,0,,0,0,0,0,0,0,0,0
1550007,0,,0,0,0,0,0,0,0,0
1550008,0,,0,0,0,0,0,0,0,0
1550009,,,0,0,0,0,1,0,0,0
1550010,,,0,0,0,0,1,0,0,0
1550011,,,0,0,0,0,1,0,0,0
1550012,0,,0,0,0,0,1,0,0,0
1550014,0,,0,0,0,0,1,0,0,0
1550015,0,0,0,0,0,0,1,0,0,0
1550016,,,0,0,0,0,1,0,0,0
1550017,0,0,0,1,0,0,1,0,0,0
1550018,0,0,0,0,0,0,0,0,0,0
1550019,0,,0,0,0,0,0,0,0,0
1550021,0,1,0,0,0,0,0,0,0,0
1550022,0,,0,0,0,0,0,0,0,0
1550023,0,0,0,0,0,0,0,0,0,0
1550025,0,0,0,0,0,0,0,0,0,0
1550026,0,0,0,0,0,0,0,0,0,0
1560001,0,,0,0,0,0,0,0,0,0
1560002,0,0,0,1,0,0,0,0,0,0
1560003,0,0,0,0,0,0,0,0,0,0
1560004,0,0,0,0,0,0,0,0,0,0
1560005,0,0,0,0,0,0,0,0,0,0
1560006,0,0,0,0,0,0,0,0,0,0
1560007,0,,0,0,0,1,0,0,0,0
1560008,0,,0,0,0,0,0,0,0,0
1560009,0,0,0,0,0,0,0,0,0,0
1560010,,0,0,0,0,0,0,0,0,0
1560011,0,0,0,0,0,0,0,0,0,0
1560012,0,1,0,0,0,0,0,0,0,0
1560013,0,0,0,0,0,0,0,0,0,0
1560014,0,0,0,0,0,1,0,0,0,0
1560015,0,0,0,0,0,0,0,0,0,0
1560016,0,0,0,1,0,0,0,0,0,0
1560017,0,0,0,0,0,0,0,0,0,0
1560018,,0,0,0,0,0,1,0,0,0
1560019,0,,0,0,0,0,1,0,0,0
1560020,0,0,0,0,0,0,0,0,0,0
1560021,0,,0,0,0,0,1,0,0,0
1560022,0,0,0,0,0,0,1,0,0,0
1560023,0,0,0,0,0,0,1,0,0,0
1560025,0,0,0,0,0,0,0,0,0,0
1570001,0,0,0,0,0,0,0,0,0,0
1570002,0,0,0,0,0,0,0,1,0,0
1570003,0,0,0,0,0,0,0,0,0,0
1570004,0,0,0,1,0,0,0,1,0,0
1570005,0,0,0,1,0,0,0,0,0,0
1570006,0,0,0,0,0,0,0,0,0,0
1570007,0,0,0,1,0,0,0,1,0,0
1570008,0,0,0,0,0,0,0,0,0,0
1570009,0,0,0,0,0,0,0,0,0,0
1570010,0,0,0,0,0,0,0,0,0,0
1570011,,,1,0,0,0,0,0,0,0
1570012,0,0,0,0,0,0,0,0,0,0
1570013,0,,0,0,0,0,0,0,0,0
1570014,0,0,0,0,0,1,0,0,0,0
1570015,0,0,0,0,0,0,0,0,0,0
1570016,0,0,0,0,0,0,0,0,0,0
1570017,0,0,0,0,0,0,0,0,0,0
1570018,0,0,0,1,0,0,0,0,0,0
1570019,0,0,0,1,0,1,0,0,0,0
1570020,0,1,0,0,0,0,0,0,0,0
1570021,1,,0,0,0,0,0,0,0,0
1570022,0,0,0,1,0,0,0,0,0,0
1570023,0,0,0,0,0,0,0,0,0,0
1570024,0,0,0,1,0,0,0,0,0,0
1570025,0,0,0,1,0,0,0,0,0,0
1580001,0,0,0,0,0,0,0,0,0,0
1580002,0,0,0,0,0,0,0,0,0,0
1580003,0,0,0,0,0,0,0,0,0,0
1580004,0,,0,0,0,0,0,0,0,0
1580005,0,,0,0,0,0,0,0,0,0
1580006,0,,0,0,0,0,0,0,0,0
1580007,,,0,1,0,0,0,0,0,0
1580008,0,0,0,0,0,0,0,0,0,0
1580009,0,0,0,0,0,0,0,0,0,0
1580010,0,1,0,0,0,0,0,0,0,0
1580011,0,0,0,1,0,0,0,0,0,0
1580012,0,0,0,1,0,0,0,0,0,0
1580013,0,0,0,0,0,0,0,0,0,0
1580014,0,0,0,0,0,0,0,0,0,0
1580016,0,,0,0,0,0,0,0,0,0
1580017,,,0,0,0,0,0,0,0,0
1580018,,,0,0,0,0,0,0,0,0
1580020,0,0,0,0,0,0,0,0,0,0
1580021,0,,0,0,0,0,0,0,0,0
1580022,0,0,1,0,0,0,0,0,0,0
1580023,0,0,0,1,0,0,0,0,0,0
1580024,0,0,0,0,0,0,0,0,0,0
1580025,0,0,0,0,0,0,0,0,0,0
1590001,,0,0,0,0,0,0,1,0,0
1590002,0,0,0,0,0,0,0,0,0,0
1590003,0,0,0,0,0,0,0,0,0,0
1590004,0,,0,0,0,0,0,0,0,0
1590005,0,0,0,0,0,0,0,0,0,0
1590006,0,,0,0,0,0,0,0,0,0
1590007,0,0,0,1,0,0,0,0,0,0
1590008,0,0,0,0,0,0,0,0,0,0
1590009,,,0,0,0,0,0,0,0,0
1590010,0,1,0,0,0,0,0,0,0,0
1590011,0,,0,0,0,0,0,0,0,0
1590012,0,1,0,0,0,0,0,0,0,0
1590013,0,,0,0,0,0,0,0,0,0
1590014,0,0,0,0,0,0,0,0,0,0
1590015,0,,0,1,0,0,0,0,0,0
1590016,0,0,0,0,0,0,0,0,0,0
1590017,0,0,0,1,0,0,0,0,0,0
1590018,0,0,0,0,0,0,0,0,0,0
1590019,0,0,0,0,0,0,0,0,0,0
1590020,0,0,0,0,0,0,0,0,0,0
1590021,0,,0,0,0,0,0,0,0,0
1590023,0,0,0,0,0,0,0,0,0,0
1590024,0,0,0,0,0,0,0,0,0,0
1590025,0,0,0,0,0,0,0,0,0,0
1600001,0,0,0,0,0,0,0,0,0,0
1600002,0,0,0,0,0,0,0,0,0,0
1600003,0,,0,0,0,0,0,0,0,0
1600004,0,0,0,0,0,0,0,0,0,0
1600005,0,,0,0,0,0,0,0,0,0
1600006,0,,0,0,0,0,0,0,0,0
1600007,0,,0,0,0,0,0,0,0,0
1600008,0,0,0,0,0,0,0,0,0,0
1600009,0,,0,0,0,0,0,0,0,0
1600012,,,0,0,0,0,0,0,0,0
1600013,0,0,0,0,0,0,0,0,0,0
1600014,,,0,0,0,0,0,0,0,0
1600015,0,1,0,0,0,0,0,0,0,0
1610001,0,0,1,0,0,0,0,0,0,0
1610002,0,0,0,0,0,0,0,0,0,0
1610003,0,0,0,1,0,0,0,0,0,0
1610004,1,0,0,0,0,0,0,0,0,0
1610005,0,0,0,0,0,0,0,0,0,0
1610007,,,0,0,0,0,0,0,0,0
1610009,0,0,0,0,0,0,0,0,0,0
1610010,0,0,0,0,0,0,1,0,0,0
1610012,0,0,0,0,0,0,0,0,0,0
1610013,0,1,0,1,0,0,0,0,0,0
1610015,0,,0,0,0,0,0,0,0,0
1610016,0,0,0,0,0,0,0,0,0,0
1610017,0,0,0,0,0,0,0,0,0,0
1610018,0,0,0,0,0,0,0,0,0,0
1610019,0,0,0,0,0,0,0,0,0,0
1610020,0,0,0,0,0,0,0,0,0,0
1610021,0,0,0,0,0,0,0,0,0,0
1610022,0,0,0,0,0,0,0,0,0,0
1610024,0,0,1,0,0,0,0,0,0,0
1610026,0,1,0,0,0,0,0,0,0,0
1610027,0,0,0,0,0,0,0,0,0,0
1610032,0,0,0,0,0,0,0,0,0,0
1610033,0,1,0,0,0,0,0,0,0,0
1610034,0,0,0,0,0,0,0,0,0,0
1610035,0,1,0,0,0,0,0,0,0,0
1610037,0,0,0,0,0,0,0,0,0,0
1610038,0,0,0,0,0,0,0,0,0,0
1610039,0,0,0,0,0,0,0,0,0,0
1610040,0,0,0,0,0,0,0,0,0,0
1610041,0,0,0,0,0,0,0,0,0,0
1610042,0,0,0,0,0,0,1,1,0,0
1620001,0,0,0,0,0,1,0,0,0,0
1620002,0,,0,1,0,0,1,0,0,0
1620003,0,0,0,0,0,0,1,1,0,0
1620004,0,0,0,0,0,1,0,1,0,0
1620005,0,,0,0,0,0,0,0,0,0
1620006,0,0,0,1,0,0,0,0,0,0
1620007,0,0,0,0,0,0,0,0,0,0
1620008,0,0,0,0,0,0,0,0,0,0
1620009,0,0,0,0,0,0,0,0,0,0
1620010,0,0,0,0,0,0,0,0,0,0
1620011,0,0,0,0,0,0,0,0,0,0
1620012,0,0,0,0,0,0,0,0,0,0
1620013,0,0,0,0,0,0,0,0,0,0
1620014,0,0,0,0,0,0,0,0,0,0
1630001,0,0,0,0,0,0,0,0,0,0
1630002,0,0,0,1,0,0,0,0,0,0
1630004,0,,0,0,0,0,0,0,0,0
1630005,0,0,0,1,0,0,1,0,0,0
1630006,0,0,0,0,0,0,0,0,0,0
1630007,0,0,0,0,0,0,0,0,0,0
1630008,0,,0,0,0,0,0,0,0,0
1630009,,,0,0,0,0,0,0,0,0
1630010,0,0,0,0,0,0,0,0,0,0
1630011,0,0,0,1,0,0,0,0,0,0
1630012,,,0,0,0,0,0,0,0,0
1630013,0,,0,0,0,0,0,0,0,0
1630014,0,0,0,0,0,0,1,0,0,0
1630015,0,0,0,0,0,0,1,0,0,0
1630016,0,1,0,0,0,0,0,0,0,0
1630017,0,0,0,0,0,0,0,0,0,0
1630018,0,1,0,0,0,0,0,0,0,0
1630019,0,0,0,0,0,0,0,0,0,0
1630020,0,0,0,0,0,0,0,0,0,0
1630021,0,1,0,0,0,0,0,0,0,0
1630022,0,0,0,0,0,0,0,0,0,0
1630023,0,0,0,0,0,0,0,0,0,0
1630024,,,0,0,0,0,0,0,0,0
1630026,0,0,0,0,0,0,0,0,0,0
1630028,0,,0,0,0,0,0,0,0,0
1630029,0,0,0,0,0,0,0,0,0,0
1630030,0,,0,0,0,0,1,0,0,0
1630031,0,0,0,0,0,0,0,0,0,0
1630032,0,0,0,0,0,0,0,0,0,0
1630034,0,0,0,0,0,0,1,0,0,0
1630035,0,0,0,0,0,0,0,0,0,0
1630036,0,0,0,0,0,0,0,0,0,0
1630037,0,,0,0,0,0,0,0,0,0
1630039,0,0,0,0,0,0,0,0,0,0
1630041,0,0,0,0,0,0,0,0,0,0
1630043,,,0,0,0,0,0,0,0,0
1640003,0,0,0,0,0,0,0,1,0,0
1640004,0,,0,0,0,0,1,0,0,0
1640006,,,0,0,0,0,0,0,0,0
1640007,0,0,0,0,0,0,1,0,0,0
1640008,0,1,0,0,0,0,0,0,0,0
1640009,0,0,0,0,0,0,1,0,0,0
1640011,0,0,0,1,0,0,1,0,0,0
1640012,0,,0,0,0,0,1,0,0,0
1640013,0,0,0,0,0,0,0,0,0,0
1640015,,,0,1,0,0,1,0,0,0
1640016,0,,0,1,0,0,0,0,0,0
1640017,0,0,0,1,0,0,0,0,0,0
1640018,0,1,0,0,0,0,0,0,0,0
1640019,0,0,0,0,0,0,0,0,0,0
1640020,0,1,0,0,0,0,1,0,0,0
1640021,,,0,0,0,0,0,0,0,0
1640022,,,0,0,0,0,0,0,0,0
1640023,0,1,0,0,0,0,0,0,0,0
1640024,0,0,0,0,0,0,0,0,0,0
1640026,0,,0,0,0,0,0,0,0,0
1640027,0,0,0,1,0,0,0,0,0,0
1640028,,,0,1,0,0,0,0,0,0
1640029,0,0,0,0,0,0,0,0,0,0
1640031,0,0,0,0,0,0,0,0,0,0
1640032,0,0,0,0,0,0,0,0,0,0
1640033,0,,0,0,0,0,0,0,0,0
1640035,0,0,0,0,0,0,0,0,0,0
1640036,0,0,0,0,0,0,0,0,0,0
1640037,0,,0,0,0,0,0,0,0,0
1640038,0,,0,0,0,0,0,0,0,0
1640039,0,0,0,0,0,0,0,0,0,0
1640040,0,0,0,0,0,0,0,0,0,0
1640041,,,0,0,0,0,0,0,0,0
1640042,0,0,0,1,0,0,0,0,1,0
1650002,,,1,0,0,0,1,0,0,0
1650004,0,0,0,1,0,0,1,0,0,0
1650005,0,,0,0,0,0,1,0,0,0
1650007,0,,0,0,0,0,1,0,0,0
1650010,0,0,0,1,0,0,1,0,0,0
1650012,0,,0,0,0,0,0,0,0,0
1650013,0,,0,0,0,0,1,0,0,0
1650014,,,0,0,0,0,1,0,0,0
1650015,,,0,0,0,0,0,0,0,0
1650016,0,0,0,0,0,0,0,0,0,0
1650017,0,0,0,0,0,0,0,0,0,0
1650018,,,0,0,0,0,0,0,0,0
1650020,0,,0,0,0,0,0,0,0,0
1650021,0,0,0,0,0,0,0,0,0,0
1650022,0,,0,0,0,0,0,0,0,0
1650023,0,0,0,0,0,0,0,0,0,0
1650024,0,0,0,0,0,0,0,0,0,0
1650025,0,0,0,0,0,0,0,0,0,0
1650028,0,,0,0,0,0,0,0,0,0
1650032,,,0,0,0,0,1,0,0,0
1650034,0,0,0,0,0,0,0,0,0,0
1650035,0,0,0,0,0,0,0,0,0,0
1650036,,,1,0,0,0,0,0,0,0
1650040,0,0,0,1,0,0,0,0,0,0
1650041,0,,0,0,0,0,0,0,0,0
1660003,0,0,0,0,0,0,0,1,0,0
1660004,0,0,0,1,0,0,0,0,0,0
1660005,0,0,0,0,0,0,0,1,0,0
1660006,0,,0,0,0,0,0,0,0,0
1660008,0,0,0,0,0,0,0,1,0,0
1660009,0,0,0,0,0,0,0,0,0,0
1660010,0,0,0,0,0,0,0,0,0,0
1660011,0,0,0,1,0,0,0,0,0,0
1660012,0,0,0,1,0,0,0,0,0,0
1660013,0,0,0,0,0,0,0,0,0,0
1660014,0,,0,0,0,0,0,0,0,0
1660016,0,0,0,1,0,0,0,0,0,0
1660017,0,0,0,0,0,0,0,0,0,0
1660018,0,0,0,1,0,0,0,0,0,0
1660019,0,0,0,0,0,1,1,0,0,0
1660020,0,0,0,1,0,0,0,0,0,0
1660021,0,0,0,0,0,0,0,0,0,0
1660022,0,0,0,0,0,0,0,0,0,0
1670001,0,0,0,0,0,0,0,0,0,0
1670002,0,0,0,0,0,0,0,0,0,0
1670003,0,0,0,0,0,0,0,0,0,0
1670004,0,1,0,0,0,0,0,0,0,0
1670005,0,0,0,0,0,0,0,0,0,0
1670006,0,0,0,0,0,0,0,0,0,0
1670007,0,1,0,0,0,0,0,0,0,0
1670008,0,0,0,0,0,0,0,1,0,0
1670009,0,,0,0,0,0,0,1,0,0
1670010,0,0,0,0,0,0,0,0,0,0
1670011,0,0,0,0,0,0,0,0,0,0
1670012,0,,0,0,0,0,0,0,0,0
1670013,1,0,0,0,0,0,0,1,0,0
1670014,0,0,0,0,0,0,0,1,0,0
1670015,0,0,0,0,0,0,0,1,0,0
1670016,0,0,0,0,0,0,0,0,0,0
1670017,0,0,0,0,0,0,0,1,0,0
1670018,0,0,0,0,0,0,0,0,0,0
1670019,0,1,0,0,0,0,0,0,0,0
1670020,0,1,0,0,0,0,0,0,0,0
1670021,0,1,0,0,0,0,0,1,0,0
1670022,0,0,0,0,0,0,0,0,0,0
1670023,0,0,0,0,0,0,0,0,0,0
1670024,,0,0,1,0,0,0,0,0,0
1670025,0,0,0,0,0,0,0,1,0,0
1680001,0,0,0,1,0,0,0,0,0,0
1680002,,,0,0,0,0,0,0,0,0
1680003,0,0,0,0,0,0,0,0,0,0
1680004,0,0,0,0,0,0,0,0,0,0
1680005,0,0,0,0,0,0,0,0,0,0
1680006,0,0,0,0,0,0,0,1,0,0
1680007,0,0,0,0,0,0,0,1,0,0
1680008,0,0,0,0,0,0,0,0,0,0
1680009,0,1,0,0,0,0,0,0,0,0
1680010,0,0,0,0,0,0,0,0,0,0
1680011,0,0,0,0,0,0,0,0,0,0
1680012,0,0,0,0,0,0,0,0,0,0
1680013,0,1,0,0,0,0,0,0,0,0
1680014,0,0,0,0,0,0,0,0,0,0
1680015,,,0,0,0,0,0,0,0,0
1680016,0,0,0,0,0,0,0,0,0,0
1680017,0,0,0,0,0,0,0,0,0,0
1680018,0,0,0,0,0,0,0,1,0,0
1680019,0,0,0,0,0,0,0,0,0,0
1680020,0,0,0,0,0,0,0,0,0,0
1680021,0,1,0,0,0,0,0,1,0,0
1680022,0,1,0,0,0,0,0,1,0,0
1680023,0,0,0,1,0,0,0,1,0,0
1680024,0,,0,0,0,0,0,0,0,0
1680025,0,0,0,0,0,0,0,1,0,0
1690001,0,0,0,0,0,0,0,0,0,0
1690002,0,0,0,0,0,0,0,0,0,0
1690003,0,0,0,0,0,0,0,0,0,0
1690004,0,0,0,0,0,0,0,0,0,0
1690005,0,0,0,0,0,0,0,0,0,0
1690006,0,1,0,0,0,0,0,0,0,0
1690007,,,0,1,0,0,0,0,0,0
1690008,0,0,0,0,0,0,0,0,0,0
1690009,0,0,0,0,0,0,0,0,0,0
1690010,0,1,0,0,0,0,0,0,0,0
1690011,0,0,0,0,0,0,0,0,0,0
1690012,0,1,0,0,0,0,0,0,1,0
1690013,0,0,0,0,0,0,0,0,0,0
1690014,0,0,0,0,0,0,0,0,0,0
1690015,0,0,0,0,0,0,0,0,0,0
1690017,0,0,0,0,0,0,0,1,0,0
1690018,0,1,0,0,0,0,0,1,0,0
1690019,0,0,0,0,0,0,0,0,0,0
1690020,0,0,0,0,0,0,0,1,0,0
1690021,0,0,0,0,0,0,0,1,0,0
1690022,0,1,0,0,0,0,0,1,0,0
1690023,0,0,0,0,0,0,0,0,0,0
1690024,0,0,0,0,0,0,0,0,0,0
1700001,0,1,0,0,0,0,0,0,0,0
1700002,0,0,0,0,0,0,0,0,0,0
1700003,0,1,0,0,0,0,0,0,0,0
1700004,0,,0,0,0,0,0,0,0,0
1700005,0,0,0,0,0,0,0,0,0,0
1700006,0,0,0,0,0,0,0,0,0,0
1700007,0,,0,0,0,0,0,0,0,0
1700008,0,1,0,0,0,0,0,0,0,0
1700009,0,0,0,0,0,0,0,0,0,0
1700010,0,0,0,0,0,0,0,0,0,0
1700011,0,0,0,0,0,0,0,0,0,0
1700012,0,0,0,0,0,0,0,0,0,0
1700013,0,0,0,0,0,0,0,0,0,0
1700014,0,0,0,0,0,0,0,0,0,0
1700015,0,0,0,0,0,0,0,0,0,0
1700016,0,1,0,0,0,0,0,0,0,0
1700017,0,0,0,0,0,0,0,0,0,0
1700018,0,1,0,0,0,0,0,0,0,0
1700019,0,0,0,0,0,0,0,1,0,0
1700020,0,1,0,0,0,0,0,0,0,0
1700021,0,0,0,0,0,0,0,0,0,0
1700022,0,0,0,0,0,0,0,0,0,0
1700023,0,0,0,0,0,0,0,0,0,0
1700024,0,0,0,0,0,0,0,1,0,0
1700025,0,0,0,0,0,0,0,0,0,0
1710001,0,1,0,0,0,0,1,1,0,0
1710002,0,0,0,0,0,0,0,0,0,0
1710003,0,0,0,0,0,0,1,0,0,0
1710004,0,0,0,,0,0,1,1,0,0
1710005,0,1,0,0,0,0,1,0,0,0
1710006,0,0,0,0,0,0,1,0,0,0
1710007,0,0,0,0,0,0,1,0,0,0
1710008,0,0,0,0,0,0,0,0,0,0
1710009,0,1,0,0,0,0,1,0,0,0
1710010,0,0,0,0,0,0,0,0,0,0
1710011,0,0,0,0,0,0,0,0,0,0
1710012,1,0,0,0,0,0,0,0,0,0
1710013,0,1,0,0,0,0,0,0,0,0
1710014,0,0,0,1,0,0,0,1,0,0
1710015,0,0,0,1,0,0,0,0,0,0
1710016,0,0,0,0,0,0,0,0,0,0
1710017,0,0,0,1,0,0,0,0,0,0
1710018,0,0,0,0,0,0,0,0,0,0
1710019,0,1,0,0,0,0,0,0,0,0
1710020,0,1,0,0,0,0,0,1,0,0
1710021,0,1,0,0,0,0,0,0,0,0
1710022,0,0,0,0,0,0,0,1,0,0
1710023,0,0,0,0,0,0,0,0,0,0
1710024,0,0,0,0,0,0,0,0,0,0
1710025,0,0,0,0,0,0,0,0,0,0
1710026,0,0,0,0,0,0,0,1,0,0
1720002,0,1,0,0,0,0,0,0,0,0
1720003,0,1,0,0,0,0,0,1,0,0
1720004,0,0,0,0,0,0,0,0,0,0
1720005,0,0,0,0,0,0,0,0,0,0
1720006,0,0,0,0,0,0,0,0,0,0
1720007,0,0,0,0,0,0,0,1,0,0
1720008,0,0,0,0,0,0,0,1,0,0
1720009,0,0,0,0,0,0,0,0,0,0
1720010,0,1,0,0,0,0,0,0,0,0
1720011,0,0,0,0,0,0,0,1,0,0
1720012,0,0,0,1,0,0,0,1,0,0
1720013,0,1,0,0,0,0,0,0,0,0
1720014,0,0,0,0,0,0,0,0,0,0
1720015,0,0,0,0,0,0,0,0,0,0
1720016,0,1,0,0,0,0,0,0,0,0
1720017,0,0,0,0,0,0,0,1,0,0
1720018,0,0,0,0,0,0,0,1,0,0
1720019,0,0,0,0,0,0,0,1,0,0
1720020,0,0,0,0,0,0,0,1,0,0
1720021,0,0,0,1,0,0,0,0,0,0
1720022,0,1,0,0,0,0,0,0,0,0
1720023,0,0,0,0,0,0,0,1,0,0
1720024,0,0,0,0,0,0,0,0,0,0
1720025,0,0,0,0,0,0,0,1,0,0
1730001,0,1,0,0,0,0,0,1,0,0
1730002,0,0,0,0,0,0,0,0,0,0
1730003,0,0,0,0,0,0,0,1,0,0
1730004,0,0,0,0,0,0,0,1,0,0
1730005,0,0,0,0,0,0,0,0,0,0
1730006,0,0,0,0,0,0,0,1,0,0
1730007,0,1,0,0,0,0,0,0,0,0
1730008,0,0,0,1,0,0,0,0,0,0
1730009,0,0,0,0,0,0,0,1,0,0
1730010,0,0,0,0,0,0,0,1,0,0
1730011,0,0,0,1,0,0,0,1,0,1
1730012,0,0,0,0,0,0,0,1,0,0
1730013,0,0,0,0,0,0,0,0,0,0
1730014,0,0,0,0,0,0,0,0,0,0
1730015,0,0,0,0,0,0,0,1,0,0
1730016,0,0,0,1,0,0,0,1,0,0
1730017,0,0,0,0,0,0,0,0,0,0
1730018,0,0,0,0,0,0,0,1,0,0
1730019,0,0,0,0,0,0,0,0,0,0
1730020,0,0,0,0,0,0,0,1,0,0
1730021,0,0,0,1,0,0,0,0,0,0
1730022,0,0,0,0,0,0,0,1,0,0
1730023,0,0,0,0,0,0,0,0,0,0
1730024,0,0,0,0,0,0,0,0,0,0
1730025,0,0,0,0,0,0,0,1,0,0
1740001,1,0,0,0,0,0,0,0,0,0
1740002,0,,0,0,0,0,0,0,0,0
1740003,0,0,0,0,0,0,0,0,0,0
1740004,0,0,0,0,0,0,0,0,0,0
1740005,0,0,0,0,0,0,0,0,0,0
1740006,0,0,0,,0,0,0,0,0,0
1740007,0,0,0,0,0,0,0,0,0,0
1740008,0,0,0,0,0,0,0,0,0,0
1740009,0,,0,0,0,0,0,0,0,0
1740010,0,0,0,0,0,0,0,0,0,0
1740011,0,0,0,0,0,0,0,0,0,0
1740012,0,0,0,0,0,0,0,0,0,0
1740013,0,0,0,,0,0,0,0,0,0
1740014,0,0,0,0,0,0,0,1,0,0
1740015,0,0,0,0,0,0,0,0,0,0
1740016,0,0,0,0,0,0,0,0,0,0
1740017,0,0,0,0,0,0,0,0,0,0
1740019,0,1,0,0,0,0,1,0,0,0
1740020,0,0,0,0,0,0,1,0,0,0
1740021,0,0,0,0,0,0,0,0,0,0
1740022,0,0,0,0,0,0,1,0,0,0
1740023,0,1,0,0,0,0,0,0,0,0
1740024,0,0,0,0,0,0,0,0,0,0
1740025,0,1,0,0,0,0,0,0,0,0
1750002,0,1,0,0,0,0,0,0,1,0
1750003,0,0,0,0,0,0,0,1,0,0
1750004,0,0,0,0,0,0,0,0,0,0
1750005,0,0,0,,0,1,0,0,0,0
1750006,0,1,0,0,0,0,0,0,0,0
1750007,0,0,0,0,0,0,0,0,0,0
1750008,0,0,0,0,0,0,0,1,0,0
1750009,0,1,0,0,0,0,0,0,0,0
1750010,0,1,0,0,0,0,0,0,0,0
1750011,0,0,0,0,0,0,0,0,0,0
1750012,0,1,0,0,0,0,0,0,0,0
1750013,0,1,0,0,0,0,0,0,0,0
1750014,,,0,0,0,0,0,0,0,0
1750015,0,0,0,0,0,0,0,0,0,0
1750016,0,0,0,0,0,0,0,0,0,0
1750017,0,0,0,0,0,0,0,0,0,0
1750018,0,0,0,0,0,0,0,0,0,0
1750019,0,1,0,0,0,0,0,0,0,0
1750020,0,0,0,0,0,0,0,0,0,0
1750021,0,0,0,0,0,0,0,0,0,0
1750022,0,1,0,0,0,0,0,0,0,0
1750023,0,0,0,0,0,0,0,0,0,0
1750024,0,0,0,0,0,0,0,0,0,0
1750025,0,0,0,0,0,0,0,0,0,0
1760001,0,0,0,0,0,0,0,0,0,0
1760002,0,0,0,0,0,0,0,0,0,0
1760003,0,1,0,0,0,0,0,1,0,0
1760004,0,0,0,0,0,0,0,1,0,0
1760005,0,0,0,0,0,0,0,1,0,0
1760006,0,1,0,0,0,0,0,1,1,0
1760007,0,0,0,0,0,0,0,1,0,0
1760008,0,0,0,0,0,0,0,0,0,0
1760010,0,1,0,0,0,0,0,1,0,0
1760011,0,0,0,0,0,0,0,0,0,0
1760012,0,0,0,0,0,0,0,0,0,0
1760013,0,0,0,0,0,0,0,1,0,0
1760014,0,0,0,1,0,0,0,0,0,0
1760015,0,0,0,0,0,0,0,1,0,0
1760016,0,0,0,1,0,0,0,1,0,0
1760017,0,0,0,0,0,0,0,1,0,0
1760018,0,0,0,0,0,0,0,1,0,0
1760019,0,0,0,0,0,0,0,1,0,0
1760020,0,0,0,0,0,0,0,0,0,0
1760021,0,0,0,0,0,0,0,0,0,0
1760022,0,0,0,0,0,0,0,0,0,0
1760023,0,0,0,0,0,0,0,1,0,0
1760024,0,1,0,0,0,0,0,0,0,0
1760025,0,0,0,0,0,0,0,1,0,0
1770001,0,0,0,0,0,0,0,0,0,0
1770002,0,0,0,0,0,0,0,0,0,0
1770003,0,0,0,0,0,0,0,0,0,0
1770004,0,0,0,0,0,0,0,1,0,0
1770005,0,0,0,0,0,0,1,1,0,0
1770006,0,0,0,0,0,0,0,0,0,0
1770007,0,0,0,0,0,0,0,0,0,0
1770008,0,1,0,0,0,0,0,1,0,0
1770009,0,0,0,0,0,1,1,0,0,0
1770010,0,0,0,0,0,0,0,0,0,0
1770011,0,0,0,0,0,0,0,0,0,0
1770012,0,0,0,0,0,0,0,0,0,0
1770013,0,0,0,0,0,0,0,0,0,0
1770014,0,0,0,0,0,0,1,0,0,0
1770015,0,0,0,0,0,0,0,0,0,0
1770016,0,1,0,0,0,0,0,0,0,0
1770017,0,0,0,,0,0,0,0,0,0
1770019,0,0,0,0,0,0,0,0,0,0
1770020,0,1,0,0,0,0,0,0,0,0
1770021,0,0,0,0,0,0,1,0,0,0
1770022,0,1,0,0,0,0,0,0,0,0
1770023,0,1,0,0,0,0,0,0,0,0
1770024,0,0,0,0,0,0,0,0,0,0
1770025,0,0,0,0,0,0,0,0,0,0
1780001,0,0,0,0,0,0,0,1,0,0
1780002,0,0,0,0,0,0,0,0,1,0
1780004,,,0,0,0,0,1,0,0,0
1780006,,,1,0,0,0,0,1,0,0
1780007,0,1,0,0,0,0,0,0,0,0
1780008,0,0,0,1,0,0,0,0,0,0
1780009,0,1,0,0,0,0,0,0,0,0
1780010,0,0,0,0,0,0,0,0,0,0
1780011,0,0,0,0,0,0,0,0,0,0
1780012,0,,0,0,0,0,0,0,0,0
1780013,0,0,0,0,0,0,0,0,0,0
1780014,0,1,0,0,0,0,0,0,0,0
1780015,0,1,0,0,0,1,0,0,0,0
1780016,0,,0,0,0,0,0,0,0,0
1780017,,,0,0,0,0,0,0,0,0
1780018,0,0,0,0,0,0,0,1,1,0
1780019,0,0,0,0,0,0,0,0,0,0
1780020,,,0,0,0,0,0,0,0,0
1780022,0,1,0,0,0,0,0,0,0,0
1780023,0,0,0,0,0,0,0,0,0,0
1780024,0,0,0,0,0,0,0,0,0,0
1780025,0,1,0,0,0,0,0,0,0,0
1790001,0,0,0,0,0,0,0,0,0,0
1790002,0,0,0,0,0,0,0,0,0,0
1790003,0,0,0,0,0,0,0,0,1,0
1790004,0,0,0,0,0,0,0,0,0,0
1790005,1,0,0,0,0,0,0,0,0,0
1790006,0,0,0,0,0,0,0,0,0,0
1790007,0,1,0,0,0,0,0,0,0,0
1790008,0,0,0,0,0,0,0,0,0,0
1790009,0,0,0,0,0,0,0,0,0,0
1790011,0,0,0,0,0,0,0,0,0,0
1790012,0,0,0,0,0,0,0,0,0,0
1790013,0,1,0,0,0,0,0,0,0,0
1790016,0,,0,0,0,0,0,0,1,0
1790017,0,1,0,0,0,0,0,0,0,0
1790018,0,1,0,0,0,0,0,0,0,0
1790019,0,0,0,1,0,0,0,0,0,0
1790020,0,0,0,0,0,0,0,0,0,0
1790021,1,0,0,0,0,0,0,0,0,0
1790022,0,,0,0,0,0,0,0,0,0
1790023,0,0,0,0,0,0,0,0,0,0
1790024,0,1,0,0,0,0,0,1,0,0
1790025,0,0,0,0,0,0,0,0,0,0
1790026,0,0,0,0,0,0,0,0,0,0
1800001,0,,0,0,0,0,0,0,0,0
1800002,0,0,0,0,0,0,0,0,0,0
1800003,0,0,0,1,0,0,0,0,0,0
1800004,0,0,0,0,0,0,0,0,0,0
1800005,0,0,0,0,0,0,0,0,0,0
1800006,0,0,0,0,0,0,0,0,0,0
1800007,0,1,0,0,0,0,0,0,0,0
1800008,0,0,0,0,0,0,0,0,0,0
1800009,0,0,0,1,0,0,0,0,0,0
1800010,0,1,0,0,0,0,0,0,0,0
1800011,0,1,0,0,0,0,0,0,0,0
1800012,0,0,0,0,0,0,0,0,0,0
1800013,0,0,0,0,0,0,0,0,0,0
1800014,0,1,0,0,0,0,0,0,0,0
1800015,0,0,0,0,0,0,0,0,0,0
1800016,0,0,0,0,0,0,0,0,0,0
1800017,0,1,0,0,0,0,0,0,0,0
1800018,0,0,0,0,0,0,0,0,0,0
1800019,0,0,0,0,0,0,0,0,0,0
1800020,0,0,0,0,0,0,0,0,0,0
1800021,0,0,0,0,0,0,0,0,0,0
1800022,0,0,0,0,0,0,0,0,0,0
1800023,,,0,0,0,0,0,0,0,0
1800024,0,1,0,0,0,0,0,0,0,0
1800025,0,1,0,0,0,0,0,0,0,0
1810001,0,1,0,0,0,0,0,0,0,0
1810002,0,0,0,0,0,0,0,0,0,0
1810003,0,0,0,0,0,0,0,0,0,0
1810004,0,0,0,0,0,0,0,0,0,0
1810005,0,0,0,0,0,0,0,0,0,0
1810006,0,1,0,0,0,0,0,0,0,0
1810007,0,1,0,0,0,0,0,0,0,0
1810008,0,0,0,0,0,0,0,0,0,0
1810009,0,1,0,0,0,0,0,0,0,0
1810010,0,0,0,0,0,0,0,0,0,0
1810011,0,0,0,0,0,0,0,0,0,0
1810012,0,1,0,0,0,0,0,0,0,0
1810013,0,0,0,0,0,0,0,0,0,0
1810014,0,0,0,0,0,0,0,0,0,0
1810015,0,0,0,0,0,0,0,0,0,0
1810016,0,0,0,0,0,0,0,0,0,0
1810017,0,0,0,0,0,0,0,0,0,0
1810018,0,0,0,0,0,0,0,0,0,0
1810019,0,0,0,0,0,0,0,0,0,0
1810020,0,0,0,0,0,0,0,0,0,0
1810021,0,1,0,0,0,0,0,0,0,0
1810022,0,0,0,0,0,0,0,0,0,0
1810023,0,0,0,0,0,1,0,0,0,0
1810024,0,0,0,0,0,0,0,0,0,0
1810025,,,0,0,0,0,0,0,0,0
1820001,0,1,0,0,0,0,0,1,0,0
1820002,0,1,0,0,0,0,0,0,0,0
1820003,0,0,0,0,0,0,0,0,0,0
1820004,0,0,0,0,0,0,0,0,0,0
1820005,0,0,0,0,0,0,0,1,0,0
1820006,0,1,0,0,0,0,0,0,0,0
1820007,0,0,0,0,0,0,0,0,0,0
1820009,0,1,0,0,0,0,0,0,0,0
1820010,0,0,0,0,0,0,0,0,0,0
1820011,0,0,0,0,0,0,0,0,0,0
1820013,0,0,0,,0,0,0,0,0,0
1820014,0,0,0,0,0,0,0,0,0,0
1820015,0,0,0,0,0,0,0,0,0,0
1820016,0,0,0,0,0,0,0,0,0,0
1820017,0,1,0,0,0,0,0,0,0,0
1820018,0,0,0,0,0,1,0,0,0,0
1820019,0,0,0,0,0,0,0,0,0,0
1820020,0,1,0,0,0,0,0,0,0,0
1820021,0,1,0,0,0,0,0,0,0,0
1820022,0,1,0,0,0,0,0,0,0,0
1820023,0,0,0,0,0,0,0,0,0,0
1820024,0,0,0,0,0,0,0,0,0,0
1820025,0,0,0,0,0,0,0,0,0,0
1830001,0,0,0,1,0,0,0,0,0,0
1830002,0,0,0,0,0,0,0,0,0,0
1830003,0,0,0,0,0,0,0,0,0,0
1830004,0,0,0,0,0,0,0,0,0,0
1830005,0,,0,0,0,0,0,0,0,0
1830006,0,0,0,0,0,0,0,0,0,0
1830007,0,0,0,0,0,0,0,1,0,0
1830008,0,0,0,0,0,0,0,0,0,0
1830009,1,0,0,0,0,0,0,0,0,0
1830010,0,1,0,0,0,0,0,0,0,0
1830011,0,0,0,0,0,0,0,0,0,0
1830012,0,0,0,0,0,0,0,0,0,0
1830013,0,,0,0,0,0,0,0,0,0
1830014,1,0,0,0,0,0,0,0,0,0
1830015,0,1,0,0,0,0,0,0,0,0
1830016,0,0,0,0,0,0,0,0,0,0
1830017,0,0,0,0,0,0,0,0,0,0
1830018,0,1,0,0,0,0,0,0,0,0
1830019,0,0,1,0,0,0,0,0,0,0
1830020,1,0,0,0,0,0,0,0,0,0
1830021,0,1,0,0,0,0,0,0,0,0
1830022,0,1,0,0,0,0,0,0,0,0
1830023,0,0,0,0,0,0,0,0,0,0
1830024,,0,0,,0,0,0,0,0,0
1830025,0,0,0,0,0,0,0,0,0,0
1840001,0,0,0,0,0,0,0,0,0,0
1840002,,,0,0,0,0,0,0,0,0
1840003,0,0,0,0,0,0,0,0,0,0
1840004,0,0,0,0,0,0,0,0,0,0
1840005,0,0,0,0,0,0,0,0,0,0
1840007,0,0,0,1,0,0,0,0,0,0
1840008,0,1,0,0,0,0,0,0,0,0
1840009,0,0,0,0,0,0,0,0,0,0
1840010,0,0,0,0,0,0,0,0,0,0
1840011,0,0,0,0,0,0,0,0,0,0
1840012,0,0,0,0,0,0,0,0,0,0
1840013,0,0,0,1,0,0,0,0,0,0
1840014,0,0,0,0,0,0,0,0,0,0
1840015,0,0,0,0,0,1,0,0,0,0
1840016,0,0,0,0,0,0,0,0,0,0
1840017,0,1,0,0,0,0,0,0,0,0
1840018,0,,0,,0,0,0,0,0,0
1840019,0,1,0,0,0,0,0,0,0,0
1840020,0,0,0,0,0,0,0,0,0,0
1840021,0,1,0,0,0,0,0,0,0,0
1840022,0,0,0,0,0,0,0,0,0,0
1840023,0,0,0,0,0,0,0,0,0,0
1840024,0,0,0,0,0,0,0,0,0,0
1840025,0,0,0,0,0,0,0,0,0,0
1850001,0,0,0,0,0,0,0,0,0,0
1850002,0,0,0,0,0,0,0,0,0,0
1850003,0,,0,0,0,0,0,0,0,0
1850004,0,0,0,0,0,0,0,0,0,0
1850006,0,1,0,0,0,0,0,0,0,0
1850007,0,0,0,0,0,0,0,0,0,0
1850008,0,1,0,0,0,0,1,0,0,0
1850009,0,0,0,1,0,0,1,0,0,0
1850010,0,0,0,0,0,0,0,0,0,0
1850011,0,0,0,0,0,0,0,0,0,0
1850012,0,0,0,0,0,0,0,0,0,0
1850013,0,1,0,0,0,0,0,0,0,0
1850014,0,0,0,0,0,0,0,0,0,0
1850015,0,1,0,0,0,0,0,0,0,0
1850016,0,0,0,0,0,1,0,0,0,0
1850017,0,0,0,0,0,0,0,0,0,0
1850018,0,0,0,0,0,0,0,0,0,0
1850019,0,0,0,0,0,0,0,0,0,0
1850020,0,,0,0,0,0,0,0,0,0
1850021,0,0,0,0,0,0,0,0,0,0
1850022,0,,0,0,0,0,0,0,0,0
1850023,0,0,0,0,0,0,0,0,0,0
1850024,0,1,0,0,0,0,0,0,0,0
1850025,0,0,0,0,0,0,0,0,0,0
1850026,,,0,0,0,0,0,0,0,0
1860001,0,0,0,0,0,0,1,0,0,0
1860002,0,0,0,0,0,0,0,0,0,0
1860003,0,0,0,0,0,0,0,0,0,0
1860004,0,0,0,0,0,0,0,0,0,0
1860005,0,0,0,0,0,0,0,0,0,0
1860007,0,0,0,0,0,0,0,0,0,0
1860008,0,,0,0,0,0,0,0,0,0
1860009,0,0,0,0,0,0,0,0,0,0
1860010,0,0,0,0,0,0,0,0,0,0
1860011,0,0,0,0,0,0,0,0,0,0
1860012,0,0,0,0,0,0,0,0,0,0
1860015,0,0,0,0,0,0,0,0,0,0
1860016,0,1,0,0,0,0,0,1,0,0
1860017,0,1,0,0,0,0,0,0,0,0
1860018,0,0,0,0,0,0,0,0,0,0
1860019,1,0,0,0,0,0,0,0,0,0
1860020,0,0,0,0,0,0,0,0,0,0
1860021,0,1,0,0,0,1,0,0,0,0
1860022,0,0,0,0,0,0,0,0,0,0
1860023,0,0,0,0,0,0,0,0,0,0
1860024,0,0,0,0,0,0,0,0,0,0
1860025,0,0,0,0,0,0,0,0,0,0
1870001,0,0,0,0,0,0,0,0,0,0
1870002,0,0,0,0,0,0,0,0,0,0
1870003,0,,0,0,0,0,0,0,0,0
1870005,0,1,0,0,0,0,0,0,0,0
1870006,0,0,0,0,0,0,0,0,0,0
1870007,0,1,0,0,0,0,0,0,0,0
1870008,0,0,0,0,0,0,0,0,0,0
1870009,0,1,0,0,0,0,0,0,0,0
1870010,0,0,0,0,0,0,0,0,0,0
1870011,0,0,0,0,0,0,0,0,0,0
1870012,0,0,0,0,0,0,0,0,0,0
1870013,0,0,0,0,0,0,0,0,0,0
1870015,0,0,0,0,0,0,0,0,0,0
1870016,0,0,1,0,0,0,0,0,0,0
1870017,0,0,0,0,0,0,0,0,0,0
1870018,0,0,0,0,0,0,0,0,0,0
1870019,0,,0,0,0,0,0,0,0,0
1870020,0,0,0,0,0,0,0,0,0,0
1870021,,,0,0,0,0,0,0,0,0
1870022,0,0,0,0,0,0,0,0,0,0
1870023,0,0,0,0,0,0,0,0,0,0
1870024,,,0,0,0,0,0,0,0,0
1870025,0,0,0,0,0,0,0,0,0,0
1870026,,,0,0,0,0,0,0,0,0
1880001,0,0,0,0,0,0,0,0,0,0
1880002,0,0,0,0,0,0,0,0,0,0
1880004,0,,0,0,0,0,0,0,0,0
1880006,0,0,0,0,0,0,0,0,0,0
1880007,0,0,0,0,0,0,0,0,0,0
1880008,0,0,0,,0,0,0,0,0,0
1880010,0,0,0,0,0,0,0,0,0,0
1880011,0,0,0,0,0,0,0,1,0,0
1880012,0,0,0,0,0,0,0,0,0,0
1880014,0,0,0,0,0,0,0,1,0,0
1880015,0,0,0,0,0,0,0,0,0,0
1880016,0,0,0,0,0,0,0,1,0,0
1880017,0,0,0,0,0,0,0,0,0,0
1880018,,,0,0,0,0,0,0,0,0
1880019,0,,0,0,0,0,0,0,0,0
1880020,0,0,0,0,0,0,0,0,0,0
1880021,0,0,0,0,0,0,0,0,0,0
1880022,0,0,0,0,0,0,0,0,0,0
1880023,0,,0,0,0,0,0,0,0,0
1880024,0,0,0,0,0,0,0,0,0,0
1880025,0,0,0,0,0,0,0,0,0,0
1890001,0,0,0,0,0,0,0,0,0,0
1890002,0,1,0,0,0,0,0,0,0,0
1890003,0,1,0,0,0,0,0,1,0,0
1890004,0,1,0,0,0,0,0,0,0,0
1890005,0,0,0,0,0,0,0,0,0,0
1890006,0,0,0,0,0,0,0,0,0,0
1890007,0,0,0,0,0,0,0,0,0,0
1890008,0,1,0,0,0,0,0,1,0,0
1890009,0,0,0,0,0,0,0,0,0,0
1890010,0,0,0,0,0,0,0,0,0,0
1890011,0,0,0,0,0,0,0,0,0,0
1890012,0,1,0,0,0,0,0,0,0,0
1890013,0,1,0,0,0,0,0,0,0,0
1890014,0,0,0,0,0,0,0,1,0,0
1890015,0,0,0,0,0,0,0,0,0,0
1890016,0,1,0,0,0,0,0,0,0,0
1890017,0,1,0,0,0,0,0,0,0,0
1890018,0,0,0,0,0,0,0,0,0,0
1890019,0,0,0,0,0,0,0,0,0,0
1890020,0,,0,0,0,0,0,0,0,0
1890021,0,1,0,0,0,0,0,0,0,0
1890022,0,0,0,0,0,0,0,0,0,0
1890023,0,0,0,0,0,0,0,0,0,0
1890024,0,1,0,0,0,0,0,0,0,0
1890025,0,0,0,0,0,0,0,0,0,0
1900001,0,0,0,0,0,0,0,0,0,0
1900002,0,0,0,0,0,0,0,0,0,0
1900003,0,0,0,0,0,0,0,0,0,0
1900004,0,1,0,0,0,0,0,0,0,0
1900005,0,0,0,0,0,0,0,0,0,0
1900006,0,0,0,0,0,0,0,0,0,0
1900007,0,0,0,0,0,0,0,1,0,0
1900008,0,0,0,0,0,0,0,0,0,0
1900009,0,0,0,0,0,0,0,0,0,0
1900010,0,0,0,0,0,0,0,0,0,0
1900011,0,0,0,0,0,0,0,1,0,0
1900012,0,0,0,0,0,0,0,0,0,0
1900013,0,0,0,0,0,0,0,1,0,0
1900014,0,0,0,0,0,0,0,0,0,0
1900016,0,0,0,0,0,0,0,0,0,0
1900017,0,,0,0,0,0,0,0,0,0
1900018,0,0,0,0,0,0,0,0,0,0
1900019,0,0,0,0,0,0,0,0,0,0
1900020,1,0,0,0,0,0,0,0,0,0
1900021,0,0,0,0,0,0,0,0,0,0
1900022,0,1,0,0,0,0,0,0,0,0
1900023,0,0,0,0,0,0,0,0,0,0
1900024,0,0,0,0,0,1,0,0,0,0
1900025,0,0,0,0,0,0,0,0,0,0
1910001,0,0,0,0,0,0,0,0,0,0
1910002,0,0,0,0,0,0,0,1,0,0
1910003,0,0,0,0,0,0,0,0,0,0
1910004,0,0,0,1,0,0,0,0,0,0
1910005,0,0,0,0,0,0,0,1,0,0
1910006,0,,0,0,0,0,0,0,0,0
1910007,0,0,0,1,0,0,0,0,0,0
1910008,0,0,0,,0,0,0,0,0,0
1910010,0,0,0,1,0,0,0,0,0,0
1910011,0,0,0,0,0,0,0,0,0,0
1910012,0,0,0,1,0,0,0,0,0,0
1910013,0,1,0,0,0,0,0,0,0,0
1910014,0,0,0,0,0,0,0,1,0,0
1910015,0,1,0,0,0,0,0,0,0,0
1910016,0,0,0,0,0,0,0,0,0,0
1910017,0,0,0,0,0,0,0,1,0,0
1910018,0,0,0,0,0,0,0,0,1,0
1910019,0,,0,0,0,0,0,0,0,0
1910020,0,0,0,0,0,0,0,0,0,0
1910021,0,0,0,0,0,0,0,0,0,0
1910022,0,,0,0,0,0,0,0,0,0
1910023,0,0,0,0,0,0,0,0,0,0
1910024,0,1,0,0,0,0,0,0,0,0
1910025,0,,0,0,0,0,0,0,0,0
1920001,0,0,0,0,0,0,0,1,0,0
1920002,0,0,0,1,0,0,0,0,0,0
1920003,0,0,0,0,0,0,0,0,0,0
1920004,0,0,0,0,0,0,0,0,0,0
1920005,0,0,0,0,0,0,0,0,0,0
1920006,0,0,0,0,0,0,0,0,0,0
1920007,0,0,0,0,0,0,0,0,0,0
1920008,0,1,0,0,0,0,0,0,0,0
1920009,0,1,0,0,0,0,0,0,0,0
1920010,0,1,0,0,0,0,0,0,0,0
1920011,,,0,0,0,0,0,0,0,0
1920012,0,0,0,0,0,0,0,1,0,0
1920013,0,0,0,0,0,0,0,0,0,0
1920014,0,1,0,0,0,0,0,0,0,0
1920015,0,0,0,0,0,0,0,0,0,0
1920017,0,0,0,,0,0,0,0,0,0
1920018,0,0,0,0,0,0,0,1,0,0
1920019,0,0,0,0,0,0,0,0,0,0
1920020,0,0,0,0,0,0,0,0,0,0
1920021,0,0,0,0,0,0,0,0,0,0
1920022,0,0,0,0,0,0,0,0,0,0
1920023,0,0,0,0,0,0,0,0,0,0
1920024,0,,0,0,0,0,0,0,0,0
1920025,0,0,0,0,0,0,0,0,0,0
1930002,0,1,0,0,0,0,0,0,0,0
1930003,0,0,0,,0,0,0,1,0,0
1930004,0,0,0,0,0,0,0,1,0,0
1930005,0,0,0,0,0,0,0,0,0,0
1930006,0,0,0,0,0,0,0,0,0,0
1930007,0,0,0,0,0,0,0,0,0,0
1930008,0,,0,0,0,0,0,0,0,0
1930009,0,0,0,,0,0,0,0,0,0
1930010,0,0,0,0,0,0,0,0,0,0
1930012,0,0,0,0,0,0,0,0,0,0
1930014,0,0,0,0,0,0,0,0,0,0
1930015,0,0,0,1,0,0,0,0,0,0
1930016,0,0,0,0,0,0,0,0,0,0
1930017,0,0,0,0,0,0,0,0,0,0
1930018,0,0,0,0,0,0,0,0,0,0
1930019,0,1,0,0,0,0,0,0,0,0
1930020,0,0,0,0,0,0,0,0,0,0
1930021,0,0,0,0,0,0,0,0,0,0
1930022,0,0,0,0,0,0,0,0,0,0
1930023,,,0,0,0,1,0,0,0,0
1930024,0,0,0,0,0,0,0,0,0,0
1930025,,,0,0,0,0,0,0,0,0
1940001,0,1,0,0,0,0,0,0,0,0
1940002,0,0,0,0,0,0,0,0,0,0
1940003,0,0,0,0,0,0,0,1,0,0
1940004,0,0,0,0,0,0,0,0,0,0
1940005,0,1,0,0,0,0,0,0,0,0
1940007,0,0,0,0,0,0,0,0,0,0
1940008,0,0,0,0,0,0,0,0,0,0
1940009,0,1,0,0,0,0,0,0,0,0
1940010,0,1,0,0,0,0,0,0,0,0
1940011,0,0,0,0,0,0,0,0,0,0
1940012,0,1,0,0,0,0,0,0,0,0
1940013,0,0,0,0,0,0,0,1,0,0
1940014,0,0,0,0,0,0,0,0,0,0
1940015,0,0,0,1,0,0,0,1,0,0
1940016,0,0,0,0,0,0,0,1,0,0
1940017,0,,0,0,0,0,0,0,0,0
1940018,0,0,0,0,0,0,0,0,0,0
1940019,0,0,0,0,0,0,0,0,0,0
1940020,0,,0,0,0,0,0,0,0,0
1940021,0,0,0,0,0,0,0,0,0,0
1940022,0,1,0,0,0,0,0,0,0,0
1940023,0,0,0,0,0,0,0,0,0,0
1940024,,,0,0,0,0,0,0,0,0
1940025,0,,0,0,0,0,0,0,0,0
1950001,0,0,0,0,0,0,0,0,0,0
1950002,0,0,0,0,0,0,0,0,0,0
1950003,0,0,0,0,0,0,0,0,0,0
1950004,0,0,0,0,0,0,0,0,0,0
1950005,0,0,0,0,0,1,0,0,0,0
1950006,0,0,0,0,0,0,0,0,0,0
1950007,0,0,0,0,0,0,0,0,0,0
1950008,0,0,0,0,0,0,0,0,0,0
1950009,0,0,0,0,0,0,0,0,0,0
1950010,0,0,0,0,0,0,0,0,0,0
1950011,0,0,0,0,0,0,0,0,0,0
1950012,0,0,0,0,0,0,0,0,0,0
1950013,0,0,0,0,0,0,0,0,0,0
1950015,0,0,0,0,0,0,0,0,0,0
1950016,0,0,0,0,0,0,0,0,0,0
1950017,0,0,0,0,0,0,0,0,0,0
1950018,0,0,0,0,0,0,0,0,0,0
1950019,0,,0,0,0,0,0,0,0,0
1950020,0,,0,,0,0,0,0,0,0
1950021,0,0,0,0,0,0,0,0,0,0
1950022,0,0,0,0,0,0,0,0,0,0
1950023,0,0,0,0,0,0,0,0,0,0
1950024,,,0,0,0,0,0,0,0,0
1950025,,,0,,0,0,0,0,0,0
1960001,0,1,0,0,0,0,0,0,0,0
1960002,0,,0,0,0,0,0,0,0,0
1960003,0,0,0,0,0,0,0,0,0,0
1960004,0,1,0,0,0,0,0,1,0,0
1960005,0,1,0,0,0,0,0,0,0,0
1960006,0,0,0,0,0,0,0,0,0,0
1960007,0,0,0,0,0,0,0,0,0,0
1960008,0,,0,0,0,0,0,0,0,0
1960009,0,0,0,0,0,0,0,0,0,0
1960010,0,0,0,1,0,0,0,0,0,0
1960011,0,0,0,1,0,0,0,0,0,0
1960012,0,0,0,0,0,0,0,0,0,0
1960013,0,0,0,0,0,0,0,0,0,0
1960014,0,0,0,0,0,0,0,0,0,0
1960015,0,0,0,0,0,0,0,0,0,0
1960017,0,,0,0,0,0,0,0,0,0
1960018,0,0,0,0,0,0,0,0,0,0
1960019,0,,0,0,0,0,0,0,0,0
1960020,0,,0,0,0,0,0,0,0,0
1960021,0,1,0,0,0,0,0,0,0,0
1960022,0,0,0,0,0,0,0,0,0,0
1960023,0,,0,,0,0,0,0,0,0
1960024,0,,0,0,0,0,0,0,0,0
1960025,0,,0,0,0,0,0,0,0,0
1970002,0,0,0,0,0,0,0,0,0,0
1970003,0,0,0,0,0,0,0,0,0,0
1970004,0,0,0,0,0,0,0,0,0,0
1970006,0,0,0,0,0,0,0,0,0,0
1970007,,,0,0,0,0,0,0,0,0
1970008,0,0,0,0,0,0,0,0,0,0
1970010,0,0,0,,0,0,0,0,0,0
1970012,0,0,0,0,0,0,0,0,0,0
1970013,0,0,0,0,0,0,0,0,0,0
1970016,0,0,0,0,0,0,0,0,0,0
1970017,0,1,0,0,0,0,0,0,0,0
1970018,,,0,0,0,0,0,0,0,0
1970020,0,0,0,0,0,1,0,0,0,0
1970021,,,0,0,0,0,0,0,0,0
1970022,0,0,0,0,0,0,0,0,0,0
1970023,,,0,0,0,1,0,0,0,0
1970025,0,0,0,0,0,0,0,0,0,0
1980001,0,1,0,0,0,0,0,0,0,0
1980003,0,0,0,0,0,0,0,0,0,0
1980004,0,0,0,0,0,0,0,0,0,0
1980007,0,0,0,0,0,0,0,0,0,0
1980008,,,0,0,0,0,0,0,0,0
1980012,0,0,0,0,0,0,0,1,0,0
1980013,0,0,0,0,0,0,0,0,0,0
1980017,0,0,0,0,0,0,0,0,0,0
1980018,0,1,0,0,0,0,0,0,0,0
1980020,0,0,0,0,0,0,0,0,0,0
1980021,0,0,0,0,0,1,0,0,0,0
1980022,0,1,0,0,0,1,0,0,0,0
1980023,0,0,0,1,0,0,0,0,0,0
1980024,0,0,0,0,0,0,0,0,0,0
1980025,0,0,0,0,0,0,0,0,0,0
1990003,0,0,0,0,0,0,0,0,0,0
1990004,0,0,0,0,0,0,0,0,0,0
1990005,0,0,0,1,0,0,0,1,0,0
1990007,0,0,0,0,0,0,0,0,0,0
1990008,0,,0,0,0,0,0,0,0,0
1990009,0,0,0,0,0,0,0,0,0,0
1990010,0,0,0,0,0,0,0,0,0,0
1990011,0,0,0,0,0,0,1,0,0,1
1990013,0,0,0,0,0,0,0,0,0,0
1990014,0,0,0,0,0,0,0,0,0,0
1990015,0,0,0,1,0,0,0,0,0,1
1990017,0,0,0,0,0,0,0,0,0,0
1990018,0,0,0,0,0,0,0,0,0,0
1990019,0,0,0,0,0,0,0,0,0,0
1990020,0,0,0,0,0,0,0,0,0,0
1990021,0,0,0,0,0,0,0,0,0,0
1990022,0,1,0,0,0,0,0,0,0,0
1990023,0,0,0,0,0,0,1,0,0,0
1990024,0,0,0,0,0,0,0,0,0,0
1990025,0,,0,0,0,0,0,0,0,0
2000001,0,0,0,0,0,1,0,0,0,0
2000002,0,0,0,0,0,1,0,0,0,0
2000003,0,0,0,0,0,0,0,0,0,0
2000004,0,0,0,0,0,0,0,0,0,0
2000005,0,0,0,0,0,0,0,0,0,0
2000006,0,0,0,0,0,0,0,0,0,0
2000007,0,,0,0,0,0,0,0,0,0
2000008,0,0,0,0,0,0,0,0,0,0
2000009,0,,0,0,0,0,0,0,0,0
2000010,0,0,0,0,0,0,0,0,0,0
2000011,0,1,0,0,0,1,0,0,0,0
2000012,0,0,0,0,0,0,0,0,0,0
2000013,0,,0,0,0,0,0,0,0,0
2000014,0,0,0,0,0,0,0,0,0,0
2000015,0,0,0,1,0,1,0,0,0,0
2000016,0,0,0,1,0,0,0,0,0,0
2000017,0,,0,0,0,0,0,0,0,0
2000018,0,0,0,0,0,0,0,0,0,0
2000019,0,0,0,0,0,0,0,0,0,0
2000020,0,1,0,0,0,0,0,0,0,0
2000021,0,0,0,0,0,0,0,0,0,0
2000023,0,0,0,0,0,0,0,0,0,0
2000024,0,0,0,0,0,0,0,0,0,0
2010001,0,0,0,0,0,0,0,0,0,0
2010002,0,0,0,0,0,0,0,0,0,0
2010003,0,0,0,0,0,1,0,0,0,0
2010004,0,0,0,0,0,0,0,0,0,0
2010005,0,0,0,0,0,0,0,0,0,0
2010006,0,0,0,0,0,0,0,0,0,0
2010007,0,0,0,0,0,0,0,0,0,0
2010008,0,,0,0,0,0,0,0,0,0
2010009,,,0,0,0,0,0,0,0,0
2010010,0,0,0,0,0,0,0,0,0,0
2010011,0,0,0,1,0,0,0,0,0,0
2010012,0,0,0,0,0,0,0,0,0,0
2010013,,,0,0,0,0,0,0,0,0
2010014,0,,0,0,0,0,0,0,0,0
2010016,0,,0,0,0,0,0,0,0,0
2010017,0,0,0,0,0,0,0,0,0,0
2010018,0,,0,0,0,0,0,0,0,0
2010020,1,,0,0,0,0,0,0,0,0
2010022,0,0,0,0,0,0,0,0,0,0
2010024,0,0,0,0,0,1,0,0,0,0
2010025,0,0,0,0,0,0,0,0,0,0
2010026,0,1,0,0,0,0,0,0,0,0
2020001,0,0,0,0,0,0,0,0,0,0
2020002,0,0,0,0,0,0,0,0,0,0
2020003,0,0,0,0,0,0,0,0,0,0
2020005,0,0,0,0,0,0,0,0,0,0
2020006,0,1,0,0,0,0,0,0,0,0
2020007,0,0,0,0,0,0,0,1,0,0
2020008,0,0,0,0,0,0,0,0,0,0
2020009,0,0,0,0,0,0,0,0,0,0
2020010,0,1,0,0,0,0,0,1,0,0
2020011,0,0,0,0,0,0,0,0,0,0
2020012,0,0,0,0,0,0,0,0,0,0
2020013,0,0,0,,0,0,0,0,0,0
2020014,0,0,0,0,0,0,0,0,0,0
2020015,0,0,0,0,0,0,0,0,0,0
2020017,0,1,0,0,0,0,0,0,0,0
2020019,0,0,0,0,0,0,0,0,0,0
2020020,0,1,0,0,0,0,0,0,0,0
2020021,0,1,0,0,0,0,0,0,0,0
2020022,0,0,0,0,0,0,0,0,0,0
2020023,0,1,0,0,0,0,0,0,0,0
2020024,0,0,0,0,0,0,0,0,0,0
2020025,0,1,0,0,0,0,0,0,0,0
2030001,0,0,0,0,0,0,0,0,0,0
2030003,0,0,0,0,0,0,0,0,0,0
2030004,0,1,0,0,0,0,0,0,0,0
2030005,0,0,0,0,0,0,0,0,0,0
2030006,0,0,0,0,0,0,0,0,0,0
2030007,0,1,0,0,0,0,0,0,0,0
2030008,0,0,0,0,0,0,0,0,0,0
2030009,0,1,0,0,0,1,0,0,0,0
2030010,0,0,0,0,0,0,0,0,0,0
2030011,0,0,0,0,0,0,0,0,0,0
2030012,0,,0,0,0,0,0,0,0,0
2030013,0,0,0,0,0,0,0,0,0,0
2030014,,,1,0,0,0,0,0,0,0
2030015,0,0,0,0,0,0,0,0,0,0
2030016,0,0,0,1,0,0,0,0,0,0
2030017,0,0,0,0,0,0,0,0,0,0
2030018,,,0,0,0,0,0,0,0,0
2030019,,,0,0,0,0,0,0,0,0
2030020,0,0,0,0,0,0,0,0,0,0
2030021,0,1,0,0,0,0,0,0,0,0
2030022,0,1,0,0,0,1,0,0,0,0
2030023,0,0,0,0,0,1,0,0,0,0
2030024,0,0,0,0,0,0,0,0,0,0
2030025,0,0,0,0,0,0,0,0,0,0
2040002,0,0,0,0,0,0,0,0,0,0
2040003,0,0,0,0,0,0,0,0,0,0
2040004,0,0,0,0,0,1,0,0,0,0
2040005,0,0,0,0,0,0,0,0,0,0
2040006,0,0,0,0,0,0,0,0,0,0
2040007,0,0,0,0,0,0,0,0,0,0
2040009,0,0,0,0,0,0,0,1,0,0
2040010,0,0,0,0,0,0,0,0,0,0
2040011,0,0,0,0,0,0,0,1,0,0
2040012,0,1,0,0,0,0,0,1,0,0
2040013,0,0,0,0,0,0,0,0,0,0
2040014,0,0,0,0,0,0,0,1,0,0
2040015,0,0,0,1,0,0,0,1,0,0
2040016,0,1,0,0,0,0,0,1,0,0
2040018,0,0,0,0,0,0,0,1,0,0
2040019,0,,0,0,0,0,0,0,0,0
2040020,0,0,0,0,0,1,0,0,0,0
2040021,0,0,0,0,0,0,0,0,0,0
2040022,0,0,0,1,0,1,0,0,0,0
2040023,0,0,0,0,0,0,0,0,0,0
2040024,0,0,0,0,0,0,0,0,0,0
2040025,0,0,0,0,0,0,0,0,0,0
2050001,0,0,0,0,0,0,0,0,0,0
2050002,1,0,0,0,0,0,0,0,0,0
2050003,0,0,0,0,0,0,0,0,0,0
2050004,0,0,0,0,0,0,0,0,0,0
2050005,0,0,0,0,0,0,0,0,0,0
2050006,,,0,0,0,0,0,0,0,0
2050007,0,0,0,0,0,0,0,0,0,0
2050008,0,0,0,0,0,0,0,0,0,0
2050009,0,0,0,0,0,0,0,0,0,0
2050010,0,0,0,0,0,0,0,0,0,0
2050011,0,0,0,0,0,0,0,0,0,0
2050012,0,0,0,0,0,0,0,0,0,0
2050013,0,0,0,0,0,0,0,0,0,0
2050015,0,0,0,0,0,0,0,0,0,0
2050016,0,0,0,0,0,0,0,0,0,0
2050017,0,0,0,1,0,0,0,0,0,0
2050018,0,0,0,0,0,0,0,0,0,0
2050019,0,0,0,0,0,0,0,0,0,0
2050020,0,0,0,0,0,0,0,0,0,0
2050021,0,0,0,1,0,0,0,0,0,0
2050022,0,0,0,0,0,0,0,0,0,0
2050024,0,0,0,0,0,0,0,0,0,0
2060001,0,0,0,0,0,0,0,0,0,0
2060002,0,0,0,0,0,0,0,0,0,0
2060003,0,1,0,0,0,0,0,0,0,0
2060004,,,0,0,0,0,0,0,0,0
2060005,0,0,0,0,0,0,0,0,0,0
2060006,0,1,0,0,0,0,0,0,0,0
2060008,0,0,0,0,0,0,0,0,0,0
2060009,0,0,0,0,0,0,0,0,0,0
2060010,0,0,1,0,0,0,0,0,0,0
2060011,0,0,1,0,0,0,0,0,0,0
2060012,0,0,0,0,0,0,0,0,0,0
2060013,0,0,0,0,0,0,0,0,0,0
2060014,0,1,0,0,0,0,0,0,0,0
2060015,0,0,0,0,0,0,0,0,0,0
2060016,,,0,0,0,0,0,0,0,0
2060017,0,0,0,0,0,0,0,0,0,0
2060018,0,0,0,0,0,0,0,0,0,0
2060019,0,0,0,0,0,0,0,0,0,0
2060020,0,0,0,0,0,0,0,0,0,0
2060021,0,1,0,0,0,0,0,0,0,0
2060022,0,0,0,0,0,0,0,0,0,0
2060023,0,0,0,0,0,0,0,0,0,0
2060024,0,,0,0,0,0,0,0,0,0
2060025,0,,0,0,0,0,0,0,0,0
2070001,0,0,0,0,0,0,0,0,0,0
2070003,0,0,0,0,0,0,0,0,0,0
2070004,0,0,0,1,0,0,0,0,0,0
2070005,0,0,0,0,0,0,0,0,0,0
2070006,0,1,0,0,0,0,0,0,0,0
2070007,0,0,0,0,0,0,0,0,0,0
2070008,0,0,0,0,0,0,0,0,0,0
2070009,0,0,0,0,0,0,0,0,0,0
2070010,0,0,0,0,0,0,0,0,0,0
2070011,0,0,0,1,0,0,0,1,0,0
2070012,0,0,0,0,0,0,0,0,0,0
2070013,0,0,0,0,0,0,0,0,0,0
2070014,0,0,0,0,0,0,0,0,1,0
2070015,0,1,0,0,0,0,0,0,0,0
2070016,0,1,0,0,0,0,0,0,0,0
2070017,0,1,0,0,0,0,0,0,0,0
2070018,0,0,0,0,0,0,0,0,0,0
2070019,0,0,0,0,0,0,0,0,0,0
2070020,0,0,0,1,0,0,1,0,0,0
2070022,0,,0,0,0,0,0,0,0,0
2070023,0,0,0,1,0,0,1,0,0,0
2070024,0,,0,0,0,0,1,0,0,0
2070025,0,0,0,0,0,0,0,0,0,0
2080001,0,1,0,0,0,0,0,0,0,0
2080002,0,1,0,0,0,0,0,0,0,0
2080003,0,0,0,0,0,0,0,0,0,0
2080004,0,0,0,0,0,0,0,0,0,0
2080005,0,0,0,0,0,0,0,0,0,0
2080006,0,0,0,0,0,0,0,0,0,0
2080007,0,0,0,0,0,0,0,0,0,0
2080008,0,,0,0,0,0,0,0,0,0
2080009,0,0,0,1,0,0,0,0,0,0
2080010,0,0,0,0,0,0,0,0,0,0
2080011,0,0,0,0,0,0,0,0,0,0
2080012,0,0,0,0,0,0,0,0,0,0
2080013,0,0,0,1,0,0,0,0,0,0
2080014,0,0,0,0,0,0,0,0,0,0
2080015,0,0,0,0,0,0,0,0,0,0
2080017,0,0,0,1,0,0,0,0,0,0
2080018,0,0,0,0,0,0,0,0,0,0
2080019,0,0,0,0,0,0,0,0,0,0
2080020,0,1,0,0,0,0,0,0,0,0
2080021,0,1,0,0,0,0,0,0,0,0
2080022,0,0,0,0,0,0,0,0,0,0
2080023,0,1,0,0,0,0,0,1,0,0
2080024,0,1,0,0,0,0,0,0,0,0
2080025,0,1,0,0,0,0,0,0,0,0
2080026,0,0,0,0,0,0,0,0,0,0
2090001,0,0,0,1,0,0,0,0,0,0
2090002,0,0,0,0,0,0,0,0,0,0
2090003,0,0,0,0,0,0,0,0,0,0
2090004,0,0,0,0,0,0,0,0,0,0
2090005,0,0,0,0,0,0,0,0,0,0
2090006,0,0,0,0,0,0,0,0,0,0
2090008,0,0,0,0,0,0,0,0,0,0
2090009,0,1,0,0,0,0,0,0,0,0
2090010,0,1,0,0,0,0,0,0,0,0
2090011,0,1,0,0,0,0,0,0,0,0
2090012,0,1,0,0,0,0,0,0,0,0
2090013,0,0,0,1,0,0,0,0,0,0
2090014,,,0,0,0,0,0,0,0,0
2090015,0,1,0,0,0,0,0,0,0,0
2090016,0,0,0,0,0,0,1,0,0,0
2090017,0,0,0,0,0,0,0,0,0,0
2090018,0,0,0,0,0,0,0,0,0,0
2090019,0,0,0,0,0,0,0,0,0,0
2090020,0,0,0,1,0,0,0,0,0,0
2090021,0,0,0,0,0,0,0,1,0,0
2090022,0,0,0,0,0,0,0,0,0,0
2090023,0,0,0,0,0,0,0,0,0,0
2090024,0,0,0,0,0,0,0,0,0,0
2090025,0,,0,0,0,0,0,0,0,0
2090026,0,0,0,0,0,0,0,0,0,0
2100001,0,0,0,0,0,0,0,0,0,0
2100002,1,1,0,0,0,0,0,0,0,0
2100003,0,0,0,0,0,0,0,1,0,0
2100004,0,1,0,0,0,0,0,1,0,0
2100005,0,0,0,0,0,0,0,0,0,0
2100006,0,0,0,0,0,0,0,1,0,0
2100007,0,0,0,0,0,0,0,1,0,0
2100008,0,0,0,0,0,0,0,1,0,0
2100009,0,0,0,0,0,0,0,0,0,0
2100010,0,0,0,0,0,0,0,0,0,0
2100011,0,0,0,0,0,0,0,0,0,0
2100012,0,0,0,0,0,0,0,0,0,0
2100013,0,1,0,0,0,0,0,1,0,0
2100014,0,0,0,1,0,0,0,1,0,0
2110001,0,,1,0,0,0,0,0,0,0
2110003,0,0,0,0,0,0,0,0,0,0
2110004,0,1,0,0,0,0,0,0,0,0
2110006,0,0,0,0,0,0,0,0,0,0
2110007,0,0,1,0,0,0,0,0,0,0
2110008,0,0,0,0,0,0,0,0,0,0
2110009,0,1,0,0,0,0,0,1,0,0
2110011,0,0,0,0,0,0,0,0,0,0
2110012,0,0,0,0,0,0,0,1,0,0
2110013,0,0,0,0,0,0,0,0,0,0
2110014,0,1,0,0,0,0,0,0,0,0
2110015,0,,0,0,0,0,0,0,0,0
2110016,0,1,0,0,0,0,0,0,0,0
2110017,0,1,0,0,0,0,0,0,0,0
2110018,0,0,0,0,0,0,0,0,0,0
2110019,0,0,0,0,0,0,0,0,0,0
2110020,0,0,0,0,0,0,0,0,0,0
2110021,0,,0,0,0,0,0,0,0,0
2110022,0,1,0,0,0,0,0,1,0,0
2110023,0,1,0,0,0,0,0,0,0,0
2110024,0,0,0,0,0,0,0,0,0,0
2110025,0,0,0,0,0,0,0,0,0,0
2120001,0,0,0,0,0,0,0,0,0,0
2120002,0,0,0,0,0,0,0,0,0,0
2120003,0,0,0,0,0,0,0,0,0,0
2120004,0,1,0,0,0,0,0,0,0,0
2120005,0,0,0,0,0,0,0,0,0,0
2120006,0,0,0,0,0,0,0,0,0,0
2120007,,,0,0,0,0,0,0,0,0
2120008,0,,0,0,0,0,0,0,0,0
2120009,0,0,0,0,0,0,0,0,0,0
2120010,0,,0,0,0,0,0,1,0,0
2120011,0,1,0,0,0,0,0,1,0,0
2120012,0,1,0,0,0,0,0,1,0,0
2120013,0,,0,0,0,0,0,1,0,0
2120014,,,0,0,0,0,0,1,0,0
2120015,0,0,0,0,0,0,0,1,0,0
2120016,0,,0,0,0,0,0,1,0,0
2120017,0,0,0,0,0,0,0,0,0,0
2120018,0,0,0,0,0,0,0,1,0,0
2120019,0,0,0,0,0,0,0,0,0,0
2120020,0,1,0,0,0,0,0,0,0,0
2120021,0,1,0,0,0,0,0,1,0,0
2120022,0,0,0,0,0,0,0,0,0,0
2120023,0,1,0,0,0,0,0,1,0,0
2120024,0,0,0,0,0,1,0,1,0,0
2120025,0,1,0,0,0,0,0,0,0,0
2130001,0,0,0,0,0,0,0,0,0,0
2130002,0,0,0,0,0,0,0,0,0,0
2130003,0,0,0,0,0,0,0,0,0,0
2130004,0,0,0,0,0,0,0,0,0,0
2130005,0,0,0,0,0,0,0,0,0,0
2130006,0,0,0,1,0,0,0,0,0,0
2130007,0,0,0,0,0,0,0,0,0,0
2130008,0,0,0,0,0,0,0,0,0,0
2130009,0,0,0,0,0,0,0,1,0,0
2130010,0,1,0,0,0,0,0,0,0,0
2130011,0,0,0,0,0,0,0,0,0,0
2130013,0,0,0,0,0,0,0,0,0,0
2130014,0,0,0,0,0,0,0,0,0,0
2130016,0,0,0,0,0,0,0,0,0,0
2130017,0,0,0,0,0,0,0,0,0,0
2130018,0,1,0,0,0,0,0,1,0,0
2130019,0,0,0,0,0,0,0,0,0,0
2130020,0,0,0,0,0,0,0,0,0,0
2130021,0,0,0,0,0,0,0,0,0,0
2130022,0,0,0,0,0,0,0,0,0,0
2130023,0,1,0,0,0,0,0,0,0,0
2130024,0,1,0,0,0,0,0,1,0,0
2130025,0,1,0,0,0,0,0,0,0,0
2140001,0,0,0,0,0,0,0,0,0,0
2140002,0,0,0,1,0,0,0,0,0,0
2140004,0,,0,0,0,0,0,0,0,0
2140005,0,0,0,0,0,0,0,0,0,0
2140006,0,0,0,0,0,0,0,0,0,0
2140007,0,0,0,0,0,0,0,0,0,0
2140008,0,1,0,0,0,0,0,0,0,0
2140010,0,0,0,0,0,0,0,0,0,0
2140011,0,1,0,0,0,0,0,0,0,0
2140012,0,0,0,0,0,0,0,0,0,0
2140013,0,0,0,1,0,0,0,0,0,0
2140014,0,0,0,1,0,0,0,0,0,0
2140015,0,0,0,1,0,0,0,0,0,0
2140016,0,0,0,0,0,0,0,1,0,0
2140017,0,0,0,1,0,0,0,0,0,0
2140018,0,0,0,0,0,0,0,0,0,0
2140019,0,0,0,0,0,0,0,0,0,0
2140020,0,0,0,0,0,0,0,0,0,0
2140021,0,1,0,0,0,0,0,0,0,0
2140022,0,0,0,1,0,0,0,0,0,0
2140023,0,0,0,1,0,0,0,1,0,0
2140024,0,0,0,0,0,0,0,0,0,0
2140025,0,1,0,0,0,0,0,0,0,0
2150001,0,0,0,0,0,0,0,0,0,0
2150002,0,1,0,0,0,0,0,0,0,0
2150003,0,0,0,0,0,0,0,0,0,0
2150004,0,0,0,1,0,0,0,0,0,0
2150005,0,0,0,0,0,0,0,0,0,0
2150006,0,0,0,0,0,0,0,0,0,0
2150007,0,0,0,0,0,0,0,0,0,0
2150008,0,1,0,0,0,0,0,0,0,0
2150009,,,0,0,0,0,0,1,0,0
2150010,0,0,0,0,0,0,0,0,0,0
2150011,,0,0,0,0,0,0,0,0,0
2150012,0,0,0,0,0,0,0,1,0,0
2150013,0,,0,0,0,0,0,0,0,0
2150014,0,0,0,0,0,0,0,0,0,0
2150015,0,1,0,0,0,0,0,0,0,0
2150016,1,0,0,0,0,0,0,0,0,0
2150017,0,0,0,0,0,0,0,0,0,0
2150018,0,0,0,1,0,0,0,1,0,0
2150019,0,0,0,0,0,0,0,0,0,0
2150020,0,0,0,0,0,0,0,0,0,0
2150021,0,1,0,0,0,0,0,1,0,0
2150022,0,1,0,0,0,0,0,1,0,0
2150023,0,0,0,0,0,0,0,0,0,0
2150024,0,0,0,1,0,0,0,0,0,0
2150025,0,0,0,0,0,0,0,0,0,0
2160001,0,0,0,0,0,0,0,0,0,0
2160002,0,0,0,0,0,0,0,0,0,0
2160003,0,0,0,0,0,0,0,0,0,0
2160004,0,0,0,0,0,0,0,0,0,0
2160005,0,0,0,0,0,0,0,0,0,0
2160006,0,0,0,0,0,0,0,0,0,0
2160007,0,0,0,0,0,0,0,0,0,0
2160008,0,0,0,0,0,0,0,0,0,0
2160009,0,0,0,0,0,0,0,0,0,0
2160010,0,0,0,0,0,0,0,0,0,0
2160012,0,0,0,0,0,0,0,0,0,0
2160013,0,0,0,0,0,0,0,0,0,0
2160014,,,0,0,0,0,0,0,0,0
2160015,0,1,0,0,0,0,0,0,0,0
2160016,0,0,0,0,0,0,0,0,0,0
2160017,0,,0,0,0,0,0,0,0,0
2160018,0,0,0,0,0,0,0,0,0,0
2160019,0,0,0,0,0,0,0,0,0,0
2160020,0,0,0,0,0,0,0,0,0,0
2160021,0,1,0,0,0,0,0,0,0,0
2160022,0,1,0,0,0,0,0,0,0,0
2160023,0,1,0,0,0,0,0,0,0,0
2160024,0,0,0,0,0,0,0,0,0,0
2160026,0,1,0,0,0,0,0,0,0,0
2170001,0,0,0,0,0,0,0,0,0,0
2170002,0,0,0,0,0,0,0,0,0,0
2170003,0,0,0,0,0,0,0,0,0,0
2170004,0,0,0,0,0,0,0,0,0,0
2170005,0,0,0,0,0,0,0,0,0,0
2170006,0,0,0,0,0,0,0,0,0,0
2170007,0,0,0,0,0,0,0,0,0,0
2170008,0,0,0,0,0,0,0,0,0,0
2170009,0,1,0,0,0,0,0,0,0,0
2170010,0,,0,0,0,0,0,0,0,0
2170011,0,0,0,0,0,0,0,0,0,0
2170012,0,1,0,0,0,0,0,0,0,0
2170013,1,1,0,0,0,0,0,0,0,0
2170014,0,0,0,0,0,0,0,0,0,0
2170015,,,0,0,0,0,0,0,0,0
2170016,0,0,0,0,0,0,0,0,0,0
2170017,0,0,0,0,0,0,0,0,0,0
2170018,0,0,0,0,0,0,0,0,0,0
2170019,0,0,0,1,0,0,0,1,0,0
2170020,0,0,0,0,0,0,0,0,0,0
2170021,0,0,0,0,0,0,0,1,0,0
2170022,0,0,0,0,0,0,0,0,0,0
2170023,0,0,0,0,0,0,0,0,0,0
2170025,0,0,0,0,0,0,0,0,0,0
2180001,0,0,0,0,0,0,0,0,0,0
2180002,0,0,0,0,0,0,0,0,0,0
2180003,0,0,0,0,0,0,0,0,0,0
2180004,0,1,0,0,0,0,0,0,0,0
2180005,0,0,0,0,0,0,0,0,0,0
2180006,0,0,0,1,0,0,0,0,0,0
2180007,0,0,0,1,0,0,0,0,0,0
2180008,0,1,0,0,0,0,0,0,0,0
2180009,0,,0,0,0,0,0,0,0,0
2180010,0,1,0,0,0,0,0,0,0,0
2180011,0,1,0,0,0,0,0,0,0,0
2180012,0,1,0,0,0,0,0,0,0,0
2180013,0,0,0,0,0,0,0,0,0,0
2180014,0,1,0,0,0,0,0,0,0,0
2180015,0,0,0,0,0,0,0,0,0,0
2180016,0,0,0,0,0,0,0,0,0,0
2180017,0,0,1,0,0,0,0,1,0,0
2180018,0,0,0,0,0,0,0,0,0,0
2180019,0,0,0,0,0,0,0,0,0,0
2180020,0,1,0,0,0,0,0,0,0,0
2180021,0,0,0,0,0,0,0,0,0,0
2180022,0,0,0,0,0,0,0,0,0,0
2180023,0,0,0,0,0,0,0,0,0,0
2180024,0,1,0,0,0,0,0,0,0,0
2180025,0,0,0,0,0,0,0,0,0,0
2180026,0,1,0,0,0,0,0,0,0,0
2190001,0,1,0,0,0,0,0,0,0,0
2190002,,,0,0,0,0,0,0,0,0
2190003,0,0,0,1,0,0,0,0,0,0
2190004,0,0,0,0,0,0,0,0,0,0
2190005,0,,0,1,0,0,0,0,0,0
2190006,0,0,0,0,0,0,0,0,0,0
2190007,0,0,0,0,0,0,0,0,0,0
2190008,0,0,0,0,0,0,0,0,0,0
2190009,0,1,0,0,0,0,0,0,0,0
2190010,0,0,0,0,0,0,0,0,0,0
2190011,0,0,0,1,0,0,0,0,0,0
2190012,0,0,0,0,0,0,0,0,0,0
2190013,0,0,0,0,0,0,0,0,0,0
2190014,0,,0,0,0,0,0,0,0,0
2190015,0,1,0,0,0,0,0,0,0,0
2190016,,,0,0,0,0,0,0,0,0
2190017,0,0,0,0,0,0,0,0,0,0
2190018,0,0,0,1,0,0,0,0,0,0
2190019,0,0,0,0,0,0,0,1,0,0
2190020,0,0,0,0,0,0,1,0,0,0
2190021,0,0,0,0,0,0,0,1,0,0
2190022,0,0,0,0,0,0,0,0,0,0
2190023,,0,0,1,0,0,0,0,0,0
2190024,0,0,0,0,0,0,0,0,0,0
2190025,0,0,0,0,0,0,0,0,0,0
2200001,0,1,0,0,0,0,0,1,0,0
2200002,0,0,0,0,0,0,0,0,0,0
2200003,0,,1,0,0,0,0,0,0,0
2200004,0,0,0,1,0,0,0,0,0,0
2200005,0,0,0,0,0,0,0,0,0,0
2200006,0,0,0,0,0,0,0,0,0,0
2200007,0,0,0,1,0,0,0,0,0,0
2200008,0,1,0,0,0,0,0,1,0,0
2200009,0,0,0,0,0,0,0,0,0,0
2200010,,,0,0,0,0,0,0,0,0
2200011,,,0,1,0,0,0,1,0,0
2200012,0,0,0,0,0,0,0,1,0,0
2200013,0,0,0,1,0,0,0,0,0,0
2200014,0,1,0,0,0,0,0,1,0,0
2200015,0,0,0,0,0,0,0,1,0,0
2200016,0,0,0,1,0,0,0,1,0,0
2200017,0,0,0,0,0,0,0,0,0,0
2200018,1,1,0,0,0,0,0,0,0,0
2200019,0,0,0,0,0,0,0,1,0,0
2200020,0,1,0,0,0,0,0,0,0,0
2200021,0,0,0,0,0,0,0,1,0,0
2200022,0,0,0,0,0,0,0,0,0,0
2200023,0,1,0,0,0,0,0,1,0,0
2200024,0,0,0,0,0,0,0,0,0,0
2200025,0,0,0,0,0,0,0,1,0,0
2210001,0,0,0,1,0,0,0,0,0,0
2210002,0,0,0,0,0,0,0,0,0,0
2210003,0,0,0,0,0,0,0,0,0,0
2210004,0,0,0,0,0,0,0,0,0,0
2210006,0,1,0,0,0,0,0,0,0,0
2210007,0,1,0,0,0,0,0,0,0,0
2210008,0,0,0,0,0,0,0,0,0,0
2210009,0,1,0,1,0,0,0,0,0,0
2210010,0,0,0,0,0,0,0,0,0,0
2210011,0,0,0,0,0,0,0,1,0,0
2210012,0,1,0,0,0,0,0,0,0,0
2210013,0,0,0,0,0,0,0,0,0,0
2210014,0,0,0,0,0,0,0,0,0,0
2210015,0,0,0,1,0,0,0,1,0,0
2210016,0,1,0,0,0,0,0,0,0,0
2210017,0,1,0,0,0,0,0,1,0,0
2210018,0,0,0,0,0,0,0,0,0,0
2210019,0,0,0,1,0,0,0,0,0,0
2210020,0,0,0,0,0,0,0,0,0,0
2210021,,,0,0,0,0,0,0,0,0
2210022,0,0,0,0,0,0,0,0,0,0
2210023,0,0,0,0,0,0,0,0,0,0
2210024,1,0,0,0,0,0,0,0,0,0
2210025,0,0,0,0,0,0,0,0,0,0
2220001,0,0,0,0,0,0,0,0,0,0
2220002,0,0,0,0,0,0,1,0,0,0
2220003,,,0,0,0,0,0,0,0,0
2220004,0,0,0,1,0,0,0,0,0,0
2220005,0,0,0,0,0,0,0,0,0,0
2220006,0,0,0,1,0,0,0,0,0,0
2220007,0,0,0,1,0,0,0,0,0,0
2220008,0,0,0,1,0,0,0,0,0,0
2220009,1,1,0,0,0,1,0,1,0,0
2220010,0,1,0,0,0,0,0,0,0,0
2220011,0,0,0,1,0,0,0,0,0,0
2220012,0,0,0,0,0,0,0,0,0,0
2220013,0,0,0,0,0,0,0,1,0,0
2220014,0,0,0,0,0,0,0,1,0,0
2220015,0,1,0,0,0,0,0,0,0,0
2220016,0,0,0,1,0,0,0,0,0,0
2220017,0,0,0,0,0,0,0,0,0,0
2220018,0,0,0,0,0,0,0,0,0,0
2220019,0,1,0,0,0,0,0,0,0,0
2220020,0,0,0,0,0,0,0,0,0,0
2220021,0,0,0,0,0,0,0,0,0,0
2220022,0,0,0,0,0,0,0,0,0,0
2220023,0,0,0,0,0,0,0,0,0,0
2220024,0,0,0,1,0,0,0,0,0,0
2220025,0,0,0,1,0,0,0,0,0,0
2230001,0,0,0,0,0,0,0,0,0,0
2230002,0,0,0,0,0,0,0,0,0,0
2230003,0,0,0,0,0,0,0,0,0,0
2230004,0,0,0,0,0,0,0,0,0,0
2230005,0,0,0,0,0,0,0,0,0,0
2230006,0,0,0,0,0,0,0,0,0,0
2230007,0,0,0,0,0,0,0,0,0,0
2230008,0,1,0,0,0,0,0,0,0,0
2230009,0,0,0,0,0,0,0,0,0,0
2230010,0,0,0,0,0,0,0,0,0,0
2230011,0,0,0,0,0,0,0,1,0,0
2230012,0,0,0,0,0,0,0,1,0,0
2230013,0,0,0,0,0,0,0,0,0,0
2230014,0,0,0,0,0,0,0,0,0,0
2230015,0,1,0,0,0,0,0,0,0,0
2230016,0,0,0,0,0,0,0,0,0,0
2230017,0,0,0,0,0,0,0,0,0,0
2230018,0,1,0,0,0,0,0,0,0,0
2230019,0,1,1,0,0,0,0,0,0,0
2230020,0,,0,0,0,0,0,0,0,0
2230021,0,0,1,0,0,0,0,0,0,0
2230022,0,1,0,0,0,0,0,0,0,0
2230023,0,1,0,0,0,0,0,0,0,0
2230024,0,,0,0,0,0,0,0,0,0
2230025,0,1,0,0,0,0,0,0,0,0
2240001,0,0,0,0,0,0,0,0,0,0
2240002,0,0,0,1,0,0,0,0,0,0
2240003,0,1,0,0,0,0,0,0,0,0
2240004,0,0,0,0,0,0,0,1,0,0
2240005,0,1,0,0,0,0,0,0,0,0
2240006,0,0,0,0,0,0,0,0,0,0
2240008,0,0,0,0,0,0,0,0,0,0
2240009,0,0,1,0,0,0,0,0,0,0
2240010,0,,0,0,0,0,0,0,0,0
2240011,0,,0,0,0,0,0,1,0,0
2240012,0,0,0,0,0,0,0,0,0,0
2240013,0,0,0,0,0,0,0,0,0,0
2240014,0,0,0,0,0,0,0,1,0,0
2240015,0,0,0,0,0,0,0,1,0,0
2240016,0,0,0,1,0,0,0,0,0,0
2240017,0,0,0,0,0,0,0,0,0,0
2240018,0,0,0,0,0,0,0,0,0,0
2240019,0,0,0,0,0,0,0,0,0,0
2240020,0,0,0,0,0,0,0,0,0,0
2240021,0,0,0,0,0,0,0,0,0,0
2240022,0,0,0,0,0,0,0,0,0,0
2240023,0,0,0,0,0,0,0,0,0,0
2240024,0,0,0,0,0,0,0,0,0,0
2240025,0,0,0,0,0,0,0,0,0,0
2250001,0,0,0,0,0,0,0,0,0,0
2250002,0,1,0,0,0,0,0,0,0,0
2250003,0,0,0,0,0,0,0,0,0,0
2250004,0,0,0,0,0,0,0,0,0,0
2250005,0,0,0,0,0,0,0,0,0,0
2250006,0,0,0,0,0,0,0,0,0,0
2250007,0,1,0,0,0,0,0,0,0,0
2250008,0,1,0,0,0,0,0,0,0,0
2250009,0,0,0,0,0,0,0,0,0,0
2250010,0,0,0,0,0,0,0,0,0,0
2250011,0,0,0,0,0,0,0,0,0,0
2250012,0,0,0,0,0,0,0,0,0,0
2250013,0,,0,0,0,0,0,0,0,0
2250014,0,0,0,0,0,0,0,0,0,0
2250015,0,1,0,0,0,0,0,0,0,0
2250016,0,0,0,0,0,0,0,0,0,0
2250017,0,0,0,0,0,0,1,0,0,0
2250018,0,0,0,0,0,0,0,0,0,0
2250019,0,1,0,0,0,0,0,0,0,0
2250020,0,0,0,1,0,0,0,0,0,0
2250021,0,0,0,0,0,0,0,0,0,0
2250022,0,0,0,0,0,0,0,0,0,0
2250023,0,1,0,0,0,0,0,1,0,0
2250024,0,0,0,0,0,0,0,0,0,0
2250025,0,0,0,0,0,0,0,0,0,0
2250026,0,0,0,0,0,0,0,0,0,0
2260001,0,,0,0,0,0,0,0,0,0
2260002,0,0,0,0,0,0,0,0,0,0
2260003,0,0,0,1,0,0,0,0,0,0
2260004,1,0,0,0,0,0,0,1,0,0
2260005,0,1,0,0,0,0,0,0,0,0
2260006,0,1,0,0,0,0,0,0,0,0
2260007,0,0,0,0,0,0,0,0,0,0
2260008,0,0,0,0,0,0,0,0,0,0
2260009,0,1,1,0,0,0,0,0,0,0
2260010,1,1,0,0,0,0,0,0,0,0
2260011,0,0,0,1,0,0,0,1,0,0
2260012,0,1,0,0,0,0,0,0,0,0
2260013,0,0,0,0,0,0,0,0,0,0
2260015,0,0,0,0,0,0,0,0,0,0
2260016,0,0,0,0,0,0,0,0,0,0
2260017,0,0,0,0,0,0,0,0,0,0
2260018,0,0,0,0,0,0,0,0,0,0
2260019,0,0,0,0,0,0,0,0,0,0
2260020,0,0,0,1,0,0,0,0,0,0
2260021,0,0,0,0,0,0,0,0,0,0
2260022,0,0,0,0,0,0,0,0,0,0
2260023,0,1,0,0,0,0,0,0,0,0
2260024,0,1,0,0,0,0,0,0,0,0
2260025,0,0,0,0,0,0,0,0,0,0
2270001,0,0,0,0,0,0,0,1,0,0
2270002,0,1,0,0,0,0,0,0,0,0
2270003,0,1,0,0,0,0,0,0,0,0
2270004,0,0,0,0,0,0,0,0,0,0
2270005,0,0,0,1,0,0,0,0,0,0
2270006,0,0,0,0,0,0,0,0,0,0
2270007,0,0,0,1,0,0,0,1,0,0
2270008,0,0,0,0,0,0,0,1,0,0
2270009,0,0,0,0,0,0,0,0,0,0
2270010,0,0,0,0,0,0,0,0,0,0
2270011,1,1,0,0,0,0,0,1,0,0
2270012,0,1,0,0,0,0,0,0,0,0
2270013,0,1,0,0,0,0,0,0,0,0
2270014,0,0,0,0,0,0,0,1,0,0
2270015,0,0,0,0,0,1,0,1,0,0
2270016,0,0,0,0,0,0,0,0,0,0
2270017,0,0,0,0,0,0,0,0,1,0
2270018,0,0,0,0,0,0,0,0,0,0
2270019,0,0,0,0,0,0,0,0,0,0
2270020,0,1,0,0,0,0,0,0,0,0
2270021,0,0,0,0,0,0,0,0,0,0
2270022,0,0,0,0,0,0,0,0,0,0
2270023,0,1,0,0,0,0,0,0,0,0
2270024,0,0,0,0,0,0,0,0,0,0
2270025,0,0,0,0,1,0,0,0,0,0
2280001,0,1,0,0,0,0,0,0,0,0
2280002,0,1,0,0,0,0,0,0,0,0
2280003,0,0,0,1,0,0,0,0,0,0
2280004,0,0,0,0,0,0,0,1,0,0
2280005,,,0,0,0,0,1,0,0,0
2280006,1,1,0,0,0,0,0,0,0,0
2280007,0,0,0,0,0,0,0,1,0,0
2280008,0,0,0,0,0,0,0,1,0,0
2280009,0,0,0,0,0,0,0,0,0,0
2280010,0,0,0,0,0,0,0,1,0,0
2280011,0,0,0,1,0,0,0,1,0,0
2280012,0,0,0,0,0,0,0,1,0,0
2280013,0,0,0,0,0,0,0,0,0,0
2280014,0,1,0,0,0,0,0,1,0,0
2280015,0,0,0,0,0,0,0,0,0,0
2280016,0,0,0,1,0,0,0,1,0,0
2280017,0,0,0,0,0,0,0,0,0,0
2280018,0,0,0,0,0,0,0,0,0,0
2280019,0,0,0,0,0,0,0,0,0,0
2280020,0,0,0,0,0,0,0,0,0,0
2280021,0,0,0,0,0,0,0,0,0,0
2280022,0,0,0,1,0,0,0,0,0,0
2280023,0,0,0,1,0,0,0,0,0,0
2280024,0,1,0,0,0,0,0,0,0,0
2280025,0,0,0,0,0,0,0,0,0,0
2290001,0,0,0,1,0,0,0,0,0,0
2290002,0,0,0,1,0,0,0,0,0,0
2290003,0,0,0,1,0,0,0,0,0,0
2290004,0,0,0,1,0,0,0,0,0,0
2290005,0,0,0,1,0,0,0,0,0,0
2290006,0,1,0,0,0,0,0,0,0,0
2290007,0,0,0,1,0,0,0,0,0,0
2290008,0,0,0,0,0,0,0,0,0,0
2290009,0,0,0,1,0,0,0,0,0,0
2290010,0,0,0,0,0,0,0,0,0,0
2290011,0,0,0,0,0,0,0,0,0,0
2290012,0,1,0,0,0,0,0,0,0,0
2290013,0,0,0,1,0,0,0,0,0,0
2290014,0,,0,0,0,0,0,0,0,0
2290015,0,0,0,0,0,0,0,0,0,0
2290016,0,,0,0,0,0,0,0,0,0
2290017,0,1,0,0,0,0,0,0,0,0
2290018,0,0,0,0,0,0,0,0,0,0
2290019,0,0,0,0,0,0,0,0,0,0
2290020,0,0,0,1,0,0,0,0,0,0
2290021,0,0,0,1,0,0,0,0,0,0
2290022,0,0,0,1,0,0,0,0,0,0
2290023,0,0,0,0,0,0,0,0,0,0
2290025,0,0,0,0,0,0,0,0,0,0
2300001,0,0,0,0,0,0,0,0,0,0
2300002,0,0,0,0,0,0,0,0,0,0
2300003,0,1,0,0,0,0,0,0,0,0
2300004,0,0,0,0,0,0,0,0,0,0
2300005,0,0,0,0,0,0,0,0,0,0
2300006,0,0,0,0,0,0,0,0,0,0
2300007,0,0,0,0,0,0,0,0,0,0
2300008,0,1,0,0,0,0,0,0,0,0
2300009,0,0,0,0,0,0,0,0,0,0
2300010,0,0,0,1,0,0,0,0,0,0
2300011,0,0,0,1,0,0,0,0,1,1
2300012,0,,0,0,0,0,0,0,0,0
2300013,1,0,0,0,0,0,0,0,0,0
2300014,0,0,0,0,0,0,0,0,0,0
2300015,0,1,0,0,0,0,0,0,0,0
2300016,0,,0,0,0,0,0,0,0,0
2300017,0,0,0,0,0,0,0,0,0,0
2300018,0,0,0,1,0,0,0,0,0,0
2300019,0,0,0,0,0,0,0,0,0,0
2300020,0,1,0,0,0,0,0,0,0,0
2300021,0,0,0,0,0,0,0,0,0,0
2300022,0,0,0,0,0,0,0,0,0,0
2300023,0,0,0,0,0,0,0,0,0,0
2300024,0,1,0,0,0,0,0,0,0,0
2300025,0,1,0,0,0,0,0,0,0,0
2310001,0,1,0,0,0,0,0,0,0,0
2310002,0,1,0,0,0,0,0,0,0,0
2310003,0,1,0,0,0,0,0,0,0,0
2310004,0,0,0,0,0,0,0,0,0,0
2310005,0,0,0,0,0,0,0,0,0,0
2310006,0,1,0,0,0,0,0,1,0,0
2310007,0,0,0,0,0,0,0,0,0,0
2310008,0,0,0,0,0,0,0,0,0,0
2310009,0,0,0,0,0,0,0,0,0,0
2310010,0,0,0,0,0,1,0,1,0,0
2310011,0,1,0,0,0,0,0,1,0,0
2310012,0,0,0,0,0,0,0,1,0,0
2310013,0,1,0,0,0,0,0,1,0,0
2310014,0,0,0,0,0,0,0,0,0,0
2310015,0,0,0,0,0,0,0,0,0,0
2310016,0,0,1,0,0,0,0,0,0,0
2310017,0,1,0,0,0,0,0,0,0,0
2310018,0,0,0,0,0,0,0,0,0,0
2310019,0,0,0,0,0,0,0,0,0,0
2310020,0,0,0,0,0,0,0,0,0,0
2310021,0,0,0,0,0,0,0,0,0,0
2310022,0,0,0,1,0,0,0,0,0,0
2310023,0,0,0,0,0,0,0,0,0,0
2310024,0,0,0,1,0,0,0,0,0,0
2310025,0,0,0,0,0,0,0,0,0,0
2320001,,,0,0,0,0,0,0,0,0
2320002,,,0,0,0,0,0,0,0,0
2320003,0,0,0,0,0,0,0,0,0,0
2320004,0,1,0,0,0,0,0,0,0,0
2320005,0,0,0,0,0,0,0,0,0,0
2320006,0,0,0,0,0,0,0,0,0,0
2320007,1,1,0,0,0,0,0,0,0,0
2320008,0,,0,0,0,0,0,0,0,0
2320009,0,0,0,0,0,0,0,0,0,0
2320010,0,1,0,0,0,0,0,0,0,0
2320012,0,0,0,0,0,0,0,0,0,0
2320013,0,0,0,0,0,0,0,0,0,0
2320014,1,0,0,0,0,0,0,0,0,0
2320015,0,0,0,0,0,0,0,0,0,0
2320016,0,0,0,0,0,0,0,0,0,0
2320017,0,0,0,0,0,0,0,0,0,0
2320018,0,0,0,0,0,0,0,0,0,0
2320019,0,0,0,0,0,0,0,0,0,0
2320020,0,0,0,0,0,0,0,0,0,0
2320021,0,0,0,0,0,0,0,0,0,0
2320022,0,0,0,0,0,0,0,0,0,0
2320023,0,0,0,0,0,0,0,0,0,0
2320024,0,0,0,0,0,0,0,0,0,0
2320025,0,0,0,0,0,0,0,0,0,0
2330001,0,1,0,0,0,0,0,0,0,0
2330002,0,0,0,0,0,0,0,0,0,0
2330003,0,0,0,1,0,0,0,0,0,0
2330004,0,0,0,0,0,0,0,0,0,0
2330005,0,,0,0,0,0,0,0,0,0
2330006,0,1,0,0,0,0,0,0,0,0
2330007,,,0,0,0,0,0,0,0,0
2330008,0,0,0,0,0,0,0,0,0,0
2330009,,,0,0,0,0,0,0,0,0
2330010,0,0,0,0,0,0,0,0,0,0
2330011,0,0,0,0,0,0,0,0,0,0
2330012,0,0,0,0,0,0,0,0,0,0
2330013,0,,0,0,0,0,0,0,0,0
2330016,,,0,0,0,0,0,0,0,0
2330017,0,0,0,0,0,0,0,0,0,0
2330018,0,0,0,0,0,0,0,0,0,0
2330019,0,0,0,0,0,0,0,1,0,0
2330021,,,0,0,0,0,0,0,0,0
2330022,0,0,0,1,0,0,0,0,0,0
2330023,0,0,0,0,0,0,0,0,0,0
2330024,0,0,0,0,0,0,0,1,0,0
2330025,0,0,0,0,0,0,0,0,0,0
2340001,0,0,0,0,0,0,0,0,0,0
2340002,0,0,0,0,0,0,0,0,0,0
2340003,,0,0,0,0,0,0,0,0,0
2340004,0,0,0,0,0,1,0,0,0,0
2340005,0,1,0,0,0,0,0,0,0,0
2340006,,,0,0,0,0,0,0,0,0
2340007,0,0,0,0,0,0,0,0,0,0
2340008,0,1,0,0,0,0,0,0,1,0
2340009,0,0,0,0,0,0,0,1,0,0
2340010,0,0,0,0,0,0,0,1,0,0
2340011,0,0,0,0,0,0,0,0,0,0
2340012,0,1,0,0,0,0,0,0,0,0
2340013,0,0,0,0,0,0,0,0,0,0
2340014,0,0,0,0,0,0,0,0,0,0
2340015,0,1,0,0,0,0,0,0,0,0
2340016,0,0,0,0,0,0,0,1,0,0
2340017,0,0,0,0,0,0,0,1,0,0
2340018,0,0,0,0,0,0,0,1,1,0
2340019,0,1,0,0,0,0,0,1,0,0
2340020,0,0,0,0,0,0,0,0,0,0
2340021,0,0,0,0,0,0,0,0,0,0
2340022,0,0,0,0,0,0,0,0,0,0
2340023,0,0,0,1,0,0,0,0,0,0
2340024,0,0,0,1,0,0,0,0,0,0
2340025,0,0,0,0,0,0,0,1,0,0
2350001,0,1,0,0,0,0,0,0,0,0
2350002,0,0,0,0,0,0,0,0,0,0
2350003,0,0,0,,0,0,0,0,0,0
2350004,0,0,0,0,0,0,0,0,0,0
2350005,0,0,0,,0,0,0,0,0,0
2350006,1,1,0,0,0,0,0,0,0,0
2350007,0,0,0,0,0,0,0,0,0,0
2350008,0,0,0,0,0,0,0,0,0,0
2350009,0,0,0,0,0,0,0,0,0,0
2350010,0,0,0,0,0,0,0,1,0,0
2350011,0,0,0,0,0,0,0,0,0,0
2350012,0,0,0,1,0,0,0,0,0,0
2350013,0,0,0,0,0,0,0,1,0,0
2350014,0,1,0,0,0,0,0,0,0,0
2350015,0,0,0,,0,0,0,0,0,0
2350016,0,1,0,0,0,0,0,0,0,0
2350017,0,,0,0,0,1,0,0,0,0
2350018,0,1,0,0,0,0,0,0,0,0
2350019,0,1,0,0,0,0,0,0,0,0
2350020,0,0,0,0,0,0,0,0,0,0
2350021,0,0,0,0,0,0,0,0,0,0
2350022,0,0,0,1,0,0,0,0,0,0
2350023,0,1,0,0,0,0,0,0,0,0
2350024,0,0,0,0,0,0,1,0,0,0
2350025,0,1,0,0,0,0,0,0,0,0
2360001,0,,0,1,0,0,0,0,0,0
2360002,0,,0,0,0,0,0,0,0,0
2360003,,,0,0,0,0,0,0,0,0
2360004,0,,0,0,0,0,0,0,0,0
2360005,0,0,0,1,0,0,0,0,0,0
2360006,0,0,0,1,0,0,0,0,0,1
2360007,0,0,0,0,0,0,0,0,0,0
2360008,0,0,0,0,0,0,0,0,0,0
2360009,0,,0,0,0,0,0,0,0,0
2360010,0,0,0,0,0,0,0,0,0,0
2360011,0,1,0,0,0,0,0,1,0,0
2360012,0,1,0,0,0,0,0,0,0,0
2360013,0,0,0,0,0,0,0,1,0,0
2360014,0,0,0,1,0,0,0,0,0,0
2360015,0,0,0,1,0,0,0,1,0,0
2360016,0,1,0,1,0,0,0,0,0,0
2360017,0,1,0,0,0,0,0,0,0,0
2360018,0,0,0,0,0,0,0,0,0,0
2360019,0,0,0,1,0,0,0,0,0,0
2360020,0,0,0,1,0,0,0,0,0,0
2360021,0,0,0,0,0,0,0,0,0,0
2360022,0,0,0,0,0,0,0,0,0,0
2360023,0,1,0,0,0,0,0,0,0,0
2360024,0,0,0,0,0,0,0,0,0,0
2360025,0,1,0,0,0,0,0,0,0,0
2370001,0,0,0,1,0,0,0,0,0,0
2370002,0,0,0,0,0,0,0,0,0,0
2370003,0,0,0,0,0,0,0,0,0,0
2370004,0,0,0,1,0,0,0,0,1,0
2370005,0,0,0,,0,0,0,0,0,0
2370006,0,0,0,0,0,0,0,0,0,0
2370007,0,0,0,,0,0,0,0,0,0
2370008,0,,0,0,0,0,0,0,0,0
2370009,0,0,0,0,0,0,0,0,0,0
2370010,0,0,0,0,0,0,0,0,0,0
2370011,0,0,0,0,0,0,0,0,0,0
2370012,0,0,0,0,0,0,0,1,0,0
2370013,0,0,0,1,0,0,0,0,0,0
2370014,0,1,0,0,0,0,0,0,0,0
2370015,0,1,0,0,0,0,0,0,0,0
2370016,0,1,0,0,0,0,0,0,0,0
2370017,0,0,0,0,0,0,0,1,0,0
2370018,0,0,0,0,0,0,0,1,0,0
2370019,0,0,0,0,0,0,0,1,0,0
2370020,0,0,0,0,0,0,0,1,0,0
2370021,0,0,0,0,0,0,0,0,0,0
2370022,0,0,0,1,0,0,0,0,0,0
2370023,0,1,0,0,0,0,0,0,0,0
2370024,0,0,0,1,0,0,0,0,1,0
2370025,0,0,0,1,0,0,0,0,0,0
2380001,0,1,0,0,0,0,0,0,0,0
2380002,0,0,0,0,0,0,0,0,0,0
2380003,0,0,0,0,0,0,0,0,0,0
2380004,0,,0,0,0,0,0,0,0,0
2380006,0,0,0,0,0,0,0,0,0,0
2380007,0,1,0,0,0,0,0,0,0,0
2380008,0,0,0,0,0,0,0,0,0,0
2380009,0,0,0,0,0,0,0,0,0,0
2380010,0,0,0,0,0,1,0,0,0,0
2380011,0,0,0,1,0,0,0,0,0,0
2380012,0,1,0,0,0,0,0,0,0,0
2380013,0,0,0,0,0,0,0,0,0,0
2380015,0,0,0,0,0,0,0,0,0,0
2380016,0,,0,0,0,0,0,1,0,0
2380017,0,1,0,0,0,0,0,0,0,0
2380019,0,1,0,0,0,0,0,0,0,0
2380020,0,0,0,0,0,0,0,0,0,0
2380021,0,1,0,0,0,0,0,0,0,0
2380022,0,,0,0,0,0,0,0,0,0
2380023,0,0,0,0,0,0,0,0,0,0
2380024,,,0,0,0,0,0,0,0,0
2380025,0,0,0,0,0,0,0,1,0,0
2390001,0,0,0,0,0,0,0,0,0,0
2390002,0,,0,0,0,0,0,0,0,0
2390004,0,0,0,0,0,0,0,0,0,0
2390005,0,0,0,0,0,0,0,0,0,0
2390006,,,0,0,0,0,0,0,0,0
2390007,0,0,0,1,0,0,0,0,0,0
2390008,0,,0,0,0,0,0,0,0,0
2390009,0,0,0,0,0,0,0,0,0,0
2390010,0,0,0,1,0,0,0,0,0,0
2390011,0,1,0,0,0,0,0,0,0,0
2390012,0,0,0,0,0,0,0,0,0,0
2390013,0,1,0,0,0,0,0,0,0,0
2390014,0,1,0,0,0,0,0,0,0,0
2390015,0,0,0,1,0,0,1,0,0,0
2390016,0,1,0,0,0,0,0,0,0,0
2390017,0,0,0,1,0,0,0,0,0,0
2390019,0,0,0,0,0,0,0,0,0,0
2390020,0,1,0,0,0,0,0,0,0,0
2390021,0,0,0,0,0,0,0,0,0,0
2390022,0,1,0,0,0,0,0,0,0,0
2390023,0,0,0,0,0,0,0,0,0,0
2390024,,,0,0,0,0,0,0,0,0
2390025,0,0,0,0,0,1,0,0,0,0
2400001,0,1,0,0,0,0,0,0,0,0
2400002,0,0,0,0,0,0,0,0,0,0
2400003,0,0,0,0,0,1,0,0,0,0
2400004,0,0,0,0,0,0,0,0,0,0
2400005,0,0,0,0,0,0,0,0,0,0
2400006,0,0,0,0,0,0,0,0,0,0
2400007,0,0,0,0,0,0,0,0,0,0
2400008,0,0,0,0,0,0,0,0,0,0
2400009,0,0,0,0,0,0,0,0,0,0
2400010,0,0,0,0,0,0,0,0,0,0
2400013,0,0,0,0,0,0,0,0,0,0
2400014,0,0,0,0,0,0,0,0,0,0
2400016,0,0,0,0,0,0,0,0,0,0
2400017,0,0,0,0,0,0,0,0,0,0
2400018,0,0,0,0,0,0,0,0,0,0
2400019,0,0,0,0,0,0,0,0,0,0
2400020,0,0,0,1,0,0,0,0,0,0
2400021,0,0,0,1,0,0,0,1,0,0
2400022,0,0,0,0,0,0,0,1,0,0
2400023,0,0,0,0,0,0,0,0,0,0
2400024,0,0,0,0,0,0,0,0,0,0
2400025,0,0,0,1,0,1,0,0,0,0
2410001,0,0,0,0,0,0,0,0,0,0
2410002,0,0,0,0,0,0,0,0,0,0
2410003,0,0,1,0,0,0,0,0,0,0
2410004,,,0,0,0,0,0,0,0,0
2410005,,,0,0,0,0,0,0,0,0
2410006,0,0,0,0,0,0,0,0,0,0
2410007,0,0,0,0,0,0,0,0,0,0
2410008,0,1,0,0,0,0,0,0,0,0
2410009,0,1,0,0,0,0,0,0,0,0
2410010,0,1,1,0,0,0,0,0,0,0
2410011,0,1,0,0,0,0,0,0,0,0
2410013,0,0,1,0,0,0,0,0,0,0
2410014,0,0,0,0,0,0,0,0,0,0
2410016,0,0,1,0,0,0,0,0,0,0
2410017,0,0,0,0,0,0,0,0,0,0
2410018,0,1,0,0,0,0,0,1,0,0
2410019,0,0,0,0,0,0,0,0,0,0
2410020,,,0,0,0,0,0,1,0,0
2410021,0,1,0,0,0,0,0,0,0,0
2410022,0,0,0,0,0,0,0,0,0,0
2410023,0,1,0,0,0,0,0,0,0,0
2410024,0,1,0,0,0,0,0,0,0,0
2410025,0,0,0,0,0,0,0,0,0,0
2410026,1,0,0,0,0,0,0,0,0,0
2420001,0,0,0,0,0,0,0,0,0,0
2420002,0,0,0,0,0,0,0,0,0,0
2420003,,,0,0,0,0,0,0,0,0
2420004,,,0,0,0,1,0,0,0,0
2420005,0,0,0,0,0,0,0,0,0,0
2420006,0,,0,0,0,0,0,0,0,0
2420007,0,0,0,0,0,0,0,0,0,0
2420008,0,0,0,0,0,0,0,0,0,0
2420009,0,0,0,0,0,0,0,0,0,0
2420010,0,0,0,0,0,0,0,0,0,0
2420011,0,0,0,0,0,0,0,1,0,0
2420012,0,0,0,0,0,0,0,0,0,0
2420013,0,0,0,0,0,0,0,0,0,0
2420014,0,0,0,0,0,0,0,0,0,0
2420016,0,1,0,0,0,0,0,0,1,0
2420017,0,0,0,0,0,0,0,0,0,0
2420018,0,0,0,0,0,0,0,0,0,0
2420019,0,0,0,1,0,0,0,1,0,0
2420020,0,0,0,1,0,0,0,0,0,0
2420021,0,1,0,0,0,0,0,0,0,0
2420022,0,0,0,0,0,0,0,0,0,0
2420023,0,0,0,0,0,0,0,0,0,0
2420024,0,0,0,1,0,0,0,0,0,0
2420025,0,0,0,0,0,0,0,1,0,0
2430001,0,0,0,1,0,0,0,0,0,0
2430002,0,1,0,0,0,0,0,0,0,0
2430003,0,1,0,0,0,0,0,0,0,0
2430004,0,1,0,0,0,0,0,0,0,0
2430005,0,0,0,0,0,0,0,0,0,0
2430006,0,0,0,0,0,0,0,0,0,0
2430007,0,0,0,0,0,0,0,0,0,0
2430008,0,1,0,0,0,0,0,1,0,0
2430009,0,0,0,0,0,0,0,1,0,0
2430010,0,0,0,0,0,0,0,0,0,0
2430011,0,0,0,0,0,1,0,0,0,0
2430012,0,,0,0,0,0,0,0,0,0
2430013,,,0,0,0,0,0,0,0,0
2430014,0,0,0,0,0,0,0,0,0,0
2430016,0,0,0,0,0,1,0,0,0,0
2430017,0,0,0,0,0,0,0,0,0,0
2430018,0,1,0,0,0,0,0,0,0,0
2430019,0,1,0,0,0,0,0,0,0,0
2430020,0,1,0,0,0,0,0,0,0,0
2430021,0,0,0,0,0,0,0,1,0,0
2430022,1,0,0,0,0,0,0,1,0,0
2430023,0,0,0,0,0,0,0,0,0,0
2430024,0,0,0,0,0,0,0,0,0,0
2430025,0,1,0,0,0,0,0,0,0,0
2440001,0,0,0,0,0,0,0,1,0,0
2440002,0,0,0,1,0,0,0,0,0,0
2440003,0,0,0,0,0,0,0,0,0,0
2440004,0,0,0,0,0,0,0,0,0,0
2440005,0,1,0,0,0,0,0,0,0,0
2440006,0,1,0,0,0,0,0,0,0,0
2440007,0,0,0,0,0,0,0,1,0,0
2440008,0,0,0,0,0,0,0,0,0,0
2440009,0,0,0,0,0,1,0,0,0,0
2440010,0,0,0,0,0,1,0,0,0,0
2440011,0,1,0,0,0,0,0,0,0,0
2440012,0,0,0,0,0,0,0,0,0,0
2440013,0,1,0,0,0,0,0,0,0,0
2440014,0,0,0,1,0,0,0,0,0,0
2440015,0,0,0,0,0,0,0,0,0,0
2440016,0,0,0,0,0,0,0,0,0,0
2440017,0,0,0,0,0,0,0,0,0,0
2440018,0,1,0,0,0,0,0,0,0,0
2440020,0,1,0,0,0,0,0,1,0,0
2440021,0,0,0,0,0,0,0,0,0,0
2440022,0,0,0,1,0,0,0,0,0,0
2440023,0,0,0,0,0,0,0,1,0,0
2440024,,,0,1,0,0,0,0,0,0
2440025,0,1,0,0,0,0,0,1,0,0
2450001,0,0,0,0,0,0,0,0,0,0
2450002,0,0,0,0,0,0,0,0,0,0
2450003,0,0,0,0,0,0,0,0,0,0
2450004,0,0,0,0,0,0,0,1,0,0
2450005,0,0,0,1,0,0,0,0,0,1
2450006,0,0,0,0,0,0,0,0,0,0
2450007,0,1,0,0,0,0,0,0,0,0
2450008,0,0,0,1,0,0,0,0,0,0
2450009,0,1,0,0,0,1,0,0,0,0
2450010,0,0,0,0,0,0,0,0,0,0
2450011,0,0,0,0,0,0,0,0,0,0
2450012,0,0,0,0,0,0,0,0,0,0
2450013,0,0,0,0,0,1,0,0,0,0
2450014,0,0,0,0,0,0,0,0,0,0
2450015,0,0,0,0,0,0,0,0,0,0
2450016,0,0,0,0,0,0,0,0,0,0
2450017,0,0,0,0,0,0,0,0,0,0
2450019,0,0,0,,0,0,0,0,0,0
2450020,0,0,0,0,0,0,0,0,0,0
2450021,0,0,0,0,0,0,0,1,0,0
2450022,0,0,0,1,0,0,0,1,0,0
2450023,0,0,0,0,0,0,0,0,0,0
2450024,0,0,0,0,0,0,0,1,0,0
2450025,0,1,0,0,0,0,0,0,0,0
2460001,0,1,0,0,0,0,0,0,0,0
2460002,0,1,0,0,0,0,0,0,0,0
2460004,0,0,0,1,0,0,0,1,0,0
2460005,,,0,0,0,0,0,0,0,0
2460006,0,1,0,0,0,0,0,1,0,0
2460007,0,0,1,0,0,0,0,1,0,0
2460008,0,0,0,0,0,0,0,0,0,0
2460009,0,0,0,0,0,0,0,0,0,0
2460010,0,0,0,0,0,0,0,0,0,0
2460011,0,0,0,0,0,0,0,0,0,0
2460012,0,0,0,0,0,0,0,0,0,0
2460013,0,1,0,0,0,0,0,0,0,0
2460014,0,0,0,0,0,1,0,0,0,0
2460015,0,0,0,0,0,1,0,0,0,0
2460017,,,0,0,0,1,0,0,0,0
2460018,0,0,1,0,0,0,0,0,0,0
2460019,0,0,0,0,0,0,0,0,0,0
2460020,0,0,0,0,0,0,0,0,0,0
2460021,0,0,0,0,0,0,0,1,0,0
2460022,0,0,0,0,0,0,0,0,0,0
2460023,0,0,0,0,0,0,0,1,0,0
2460024,0,1,0,0,0,0,0,1,0,0
2460025,0,0,0,0,0,0,0,1,0,0
2470001,0,0,0,0,0,0,0,1,0,0
2470002,0,0,0,0,0,0,0,0,0,0
2470003,0,1,0,0,0,0,0,1,0,0
2470004,0,0,0,0,0,0,0,0,0,0
2470005,0,0,0,0,0,0,0,0,0,0
2470006,0,0,0,0,0,0,0,0,0,0
2470007,0,,0,1,0,0,0,0,0,0
2470008,0,0,0,1,0,0,0,0,0,1
2470009,0,,0,0,0,1,0,0,0,0
2470010,0,1,0,0,0,0,0,0,0,0
2470011,0,1,0,0,0,0,0,0,0,0
2470012,0,0,0,0,0,1,1,0,0,0
2470013,,,0,0,0,0,0,0,0,0
2470014,0,0,0,0,0,1,0,0,0,0
2470015,0,0,0,0,0,0,0,0,0,0
2470016,0,0,0,0,0,1,0,0,0,0
2470017,0,0,0,0,0,1,0,0,0,0
2470018,0,0,0,0,0,0,0,0,0,0
2470019,1,0,0,0,0,0,0,0,0,0
2470020,0,1,0,0,0,0,0,0,0,0
2470021,0,1,0,0,0,0,0,0,0,0
2470022,0,,0,0,0,0,0,0,0,0
2470023,0,1,0,0,0,0,0,0,0,0
2470024,0,1,0,0,0,0,0,0,0,0
2470025,0,0,0,0,0,0,0,0,0,0
2470026,0,0,0,0,0,0,0,0,0,0
2480001,0,0,0,1,0,0,0,0,0,0
2480002,0,1,0,0,0,0,0,1,0,0
2480003,0,0,0,1,0,0,1,0,0,0
2480004,0,0,0,0,0,0,0,0,0,0
2480005,0,1,0,0,0,0,0,1,0,0
2480006,0,1,0,0,0,0,0,1,0,0
2480007,0,0,0,0,0,0,0,0,0,0
2480008,0,0,0,0,0,0,0,1,0,0
2480009,1,0,0,0,0,0,0,0,0,0
2480010,0,0,0,0,0,0,0,0,0,0
2480011,0,0,0,0,0,1,0,0,0,0
2480012,0,1,0,0,0,0,1,0,0,0
2480013,0,0,0,0,0,0,0,0,0,0
2480014,0,,0,0,0,0,0,0,0,0
2480015,0,0,0,0,0,1,0,0,0,0
2480016,0,0,0,1,0,0,0,0,0,0
2480017,0,0,0,1,0,0,0,0,0,0
2480019,0,0,0,,0,0,0,0,0,0
2480020,0,1,0,0,0,0,0,1,0,0
2480021,0,1,0,0,0,0,0,0,0,0
2480022,0,1,0,0,0,0,0,1,0,0
2480023,0,0,0,0,0,0,0,0,0,0
2480024,0,0,0,0,0,0,0,0,0,0
2480025,0,1,0,0,0,0,0,1,0,0
2490001,0,1,0,0,0,0,0,1,0,0
2490002,0,0,0,0,0,0,0,1,0,0
2490003,0,0,0,0,0,0,0,0,0,0
2490004,0,0,0,0,0,0,0,0,0,0
2490005,0,0,0,0,0,0,0,0,0,0
2490006,0,0,0,0,0,0,0,1,0,0
2490007,0,0,0,1,0,0,0,0,0,0
2490008,0,0,0,0,0,0,0,1,0,0
2490010,0,1,0,0,0,0,0,0,0,0
2490011,0,0,0,0,0,0,0,0,0,0
2490012,0,0,0,1,0,0,0,0,0,0
2490013,0,0,0,0,0,1,0,0,0,0
2490014,0,1,0,0,0,1,1,0,0,0
2490015,0,1,0,0,0,1,1,0,0,0
2490016,0,0,0,1,0,0,0,0,0,0
2490018,0,0,0,0,0,0,0,0,0,0
2490019,0,0,0,0,0,0,0,0,0,0
2490020,0,1,0,0,0,0,0,0,0,0
2490021,0,0,0,0,0,0,0,0,0,0
2490022,0,1,0,0,0,0,0,1,0,0
2490023,0,,0,0,0,0,0,1,0,0
2490024,0,1,0,0,0,0,0,1,0,0
2490025,0,0,0,0,0,0,0,0,0,0
2490026,,,0,0,0,0,0,0,0,0
2500001,0,0,0,1,0,0,0,0,0,0
2500002,0,0,0,1,0,0,0,0,0,0
2500003,0,0,0,0,0,0,0,0,0,0
2500004,0,1,0,0,0,0,0,1,0,0
2500005,0,0,0,1,0,0,0,1,0,0
2500006,0,1,0,0,0,0,0,0,0,0
2500007,0,0,0,0,0,0,0,0,0,0
2500008,0,0,0,0,0,0,0,0,0,0
2500009,0,0,0,0,0,0,0,1,0,0
2500010,0,0,0,1,0,0,0,0,0,0
2500011,0,0,0,0,0,0,0,0,0,0
2500013,0,0,0,0,0,0,0,0,0,0
2500014,,0,0,0,0,0,0,0,0,0
2500015,0,0,0,0,0,0,0,0,0,0
2500016,0,0,0,1,0,0,0,1,0,0
2500017,0,0,0,1,0,0,0,0,0,0
2500018,0,0,0,1,0,0,0,1,0,0
2500019,0,1,0,0,0,0,0,0,0,0
2500021,0,1,0,0,0,0,0,1,0,0
2500022,0,0,0,0,0,0,0,0,0,0
2500023,0,0,0,0,0,0,0,0,0,0
2500024,0,1,0,0,0,0,0,0,0,0
2510001,0,1,0,0,0,0,0,1,0,0
2510002,0,0,1,0,0,0,0,1,0,0
2510003,0,0,0,0,0,0,0,0,0,0
2510004,0,0,0,0,0,0,0,0,0,0
2510005,0,0,0,0,0,0,0,1,0,0
2510006,0,0,0,0,0,0,0,0,0,0
2510007,0,0,0,0,0,0,0,0,0,0
2510008,0,0,0,0,0,0,0,0,0,0
2510009,0,0,0,0,0,0,0,0,0,0
2510010,0,0,0,0,0,1,0,0,0,0
2510011,0,0,0,0,0,1,0,0,0,0
2510012,0,0,0,0,0,0,0,0,0,0
2510013,0,0,0,1,0,0,0,0,0,0
2510014,0,0,0,1,0,1,0,0,0,0
2510015,0,0,0,1,0,0,0,0,0,0
2510016,0,0,0,0,0,0,0,0,0,0
2510017,0,0,0,0,0,0,0,0,0,0
2510019,0,0,0,0,0,0,0,1,0,0
2510020,0,0,0,0,0,0,0,0,0,0
2510021,0,0,0,0,0,1,0,0,0,0
2510023,0,0,0,0,0,0,0,0,0,0
2510024,0,0,0,0,0,0,0,0,0,0
2510025,0,,0,0,0,0,0,1,0,0
2520001,0,0,0,0,0,0,0,1,0,0
2520002,0,0,0,1,0,0,0,0,0,0
2520003,0,0,0,0,0,0,0,0,0,0
2520004,0,0,0,0,0,0,0,1,0,0
2520006,0,0,0,1,0,0,0,0,0,0
2520007,0,0,0,1,0,0,0,0,0,0
2520008,0,1,0,0,0,0,0,0,0,0
2520009,0,0,0,0,0,0,0,0,0,0
2520010,0,0,0,0,0,0,0,0,0,0
2520011,0,1,0,0,0,0,0,0,0,0
2520012,0,1,0,0,0,0,0,0,0,0
2520013,0,0,0,0,0,0,0,0,0,0
2520014,0,0,0,1,0,0,0,0,0,0
2520015,0,0,0,0,0,0,0,0,0,0
2520016,0,1,0,0,0,0,0,0,0,0
2520017,0,0,0,0,0,0,0,0,0,0
2520018,0,0,0,1,0,0,0,1,0,0
2520019,0,0,0,,0,0,0,0,0,0
2520020,0,0,0,0,0,0,0,0,0,0
2520021,0,0,0,0,0,0,0,1,0,0
2520022,0,0,0,0,0,0,0,1,0,0
2520023,0,,0,0,0,0,0,1,0,0
2520024,0,0,0,0,0,0,0,0,0,0
2520025,0,,0,0,0,0,0,0,0,0
2530001,0,0,1,0,0,0,0,0,0,0
2530002,0,0,0,0,0,0,0,0,0,0
2530003,0,1,0,0,0,1,0,0,0,0
2530004,0,0,0,1,0,0,0,0,0,0
2530005,0,0,0,1,0,0,0,1,0,0
2530006,0,1,0,0,0,0,0,0,0,0
2530007,0,0,0,0,0,0,0,0,0,0
2530009,0,0,0,0,0,0,0,0,0,0
2530010,0,0,0,0,0,0,0,0,0,0
2530011,0,0,0,0,0,0,0,0,0,0
2530012,0,0,0,0,0,1,0,0,0,0
2530013,0,0,0,0,0,0,0,0,0,0
2530014,0,0,0,0,0,0,0,0,0,0
2530016,,,0,0,0,0,0,0,0,0
2530017,0,0,0,1,0,0,0,0,0,0
2530018,0,0,0,1,0,0,0,0,0,0
2530019,0,0,0,0,0,0,0,1,0,0
2530020,0,0,0,0,0,0,0,0,0,0
2530021,0,0,0,1,0,0,0,0,0,0
2530022,0,0,0,0,0,0,0,1,0,0
2530024,0,0,0,,0,0,0,1,0,0
2530025,0,1,0,0,0,0,0,0,0,0
2540001,0,0,0,0,0,0,0,0,0,0
2540002,0,1,0,0,0,0,0,0,0,0
2540003,0,0,0,0,0,0,0,0,0,0
2540004,0,,0,0,0,0,0,0,0,0
2540005,0,0,0,0,0,0,0,0,0,0
2540006,,0,0,0,0,1,0,0,0,0
2540007,0,0,0,0,0,0,0,0,0,0
2540008,0,,0,0,0,0,0,0,0,0
2540009,0,0,0,0,0,0,0,0,0,0
2540010,0,0,0,0,0,0,0,1,0,0
2540011,0,0,0,1,0,0,0,1,0,0
2540012,0,0,0,0,0,0,0,0,0,0
2540013,0,0,1,0,0,0,0,1,0,0
2540014,0,1,0,0,0,0,0,1,0,0
2540015,,,0,0,0,0,0,0,0,0
2540016,0,0,0,0,0,0,0,0,0,0
2540017,0,0,0,0,0,0,0,0,0,0
2540018,0,0,0,0,0,0,0,0,0,0
2540019,0,0,0,0,0,0,0,0,0,0
2540020,0,0,0,0,0,0,0,0,0,0
2540021,0,0,0,0,0,0,0,0,0,0
2540022,0,0,0,0,0,0,0,0,0,0
2540023,,,0,0,0,0,0,0,0,0
2540024,,,0,0,0,0,0,0,0,0
2540025,0,0,0,0,0,0,0,0,0,0
2550001,0,0,0,0,0,0,0,0,0,0
2550002,0,0,0,0,0,0,0,0,0,0
2550003,0,,0,0,0,0,0,0,0,0
2550004,0,0,0,0,0,0,0,0,0,0
2550005,0,1,0,0,0,0,0,0,0,0
2550006,,,0,0,0,0,1,0,0,0
2550007,0,0,0,1,0,1,0,0,0,0
2550008,,0,0,0,0,0,0,0,0,0
2550009,0,1,0,0,0,0,0,0,0,0
2550010,,,0,0,0,0,0,0,0,0
2550011,0,0,0,0,0,0,0,0,0,0
2550012,0,0,0,0,0,0,0,0,0,0
2550013,0,0,0,0,0,0,0,1,0,0
2550014,0,0,0,0,0,0,0,0,0,0
2550015,0,,0,0,0,0,0,0,0,0
2550016,0,0,0,0,0,0,0,1,0,0
2550017,0,0,0,0,0,0,0,1,0,0
2550018,0,0,0,0,0,0,0,0,0,0
2550019,0,1,0,0,0,0,0,0,0,0
2550020,0,1,0,0,0,0,0,0,0,0
2550021,0,0,0,0,0,0,0,0,0,0
2550022,0,0,0,0,0,0,0,0,0,0
2550023,0,0,0,0,0,0,0,1,0,0
2550024,0,0,0,0,0,0,0,0,0,0
2560001,0,0,0,0,0,0,0,0,0,0
2560002,0,0,0,0,0,0,0,0,0,0
2560003,0,,0,0,0,0,0,0,0,0
2560004,0,0,0,0,0,0,0,0,0,0
2560005,0,0,0,0,0,1,0,0,0,0
2560006,0,0,0,0,0,0,0,0,0,0
2560007,,0,0,0,0,1,0,0,0,0
2560008,0,0,0,0,0,0,0,0,0,0
2560009,0,,0,0,0,0,0,0,0,0
2560010,0,0,0,0,0,0,0,0,0,0
2560011,0,0,0,0,0,0,0,1,0,0
2560012,0,0,0,0,0,0,0,0,0,0
2560013,0,1,0,0,0,0,0,0,0,0
2560014,0,0,0,0,0,0,0,0,0,0
2560015,0,0,0,0,0,0,0,0,0,0
2560016,0,1,0,0,0,0,0,1,0,0
2560017,0,1,0,0,0,0,0,1,0,0
2560018,0,0,0,0,0,0,0,0,0,0
2560019,0,0,0,0,0,0,0,1,0,0
2560021,0,1,0,0,0,0,0,0,0,0
2560022,0,,0,0,0,0,0,0,0,0
2560023,0,0,0,0,0,0,0,0,0,0
2560025,0,,0,0,0,0,0,1,0,0
2570001,0,1,0,0,0,0,0,0,0,0
2570002,0,1,0,0,0,0,0,0,0,0
2570003,0,0,0,0,0,0,0,0,0,0
2570004,0,0,0,0,0,0,0,0,0,0
2570005,0,0,0,1,0,0,0,0,0,0
2570006,0,0,0,1,0,0,0,0,0,0
2570007,,,0,0,0,0,0,0,0,0
2570008,,,0,0,0,0,0,0,0,0
2570009,0,0,0,0,0,0,0,0,0,0
2570010,0,0,0,0,0,0,0,0,0,0
2570011,0,0,0,0,0,0,0,0,0,0
2570012,,,0,0,0,0,0,1,0,0
2570013,0,,0,0,0,0,0,1,0,0
2570014,0,0,0,0,0,0,0,1,0,0
2570015,,,0,0,0,0,0,0,0,0
2570016,0,0,0,0,0,0,0,0,0,0
2570017,0,,0,0,0,0,0,0,0,0
2570018,0,0,0,0,0,0,0,0,0,0
2570020,0,0,0,0,0,0,0,1,0,0
2570021,0,0,0,0,0,0,0,0,0,0
2570022,0,0,0,0,0,0,0,0,0,0
2570023,0,0,0,0,0,0,0,0,0,0
2570024,0,0,0,0,0,0,0,0,0,0
2570025,0,0,0,1,0,0,0,1,0,0
2580001,0,,0,0,0,0,0,0,0,0
2580002,0,0,0,0,0,0,0,0,0,0
2580003,0,0,0,0,0,0,0,0,0,0
2580004,0,1,0,0,0,0,0,0,0,0
2580005,0,,0,0,0,0,0,0,0,0
2580006,0,0,0,0,0,0,0,0,0,0
2580007,,0,0,0,0,0,0,0,0,0
2580008,0,1,0,0,0,0,0,0,0,0
2580009,0,,0,0,0,0,0,0,0,0
2580010,0,0,0,0,0,0,0,0,0,0
2580011,0,1,0,0,0,0,0,1,0,0
2580012,0,1,0,0,0,0,0,1,0,0
2580013,0,1,0,0,0,0,0,1,0,0
2580014,0,0,0,0,0,0,0,1,0,0
2580015,0,0,0,0,0,0,0,1,0,0
2580016,0,0,0,0,0,0,0,1,0,0
2580017,0,0,0,0,0,0,0,0,0,0
2580018,0,1,0,0,0,0,0,1,0,0
2580019,0,0,0,0,0,0,0,0,0,0
2580020,0,1,0,0,0,0,0,0,0,0
2580021,0,0,0,1,0,0,0,0,0,0
2580022,0,1,0,0,0,0,0,0,0,0
2580023,0,,1,0,0,0,0,0,0,0
2580024,0,0,0,0,0,0,0,0,0,0
2580025,0,0,0,1,0,0,0,1,0,0
2590001,0,0,0,1,0,0,0,0,0,0
2590002,0,0,0,0,0,0,0,0,0,0
2590003,0,0,0,0,0,0,0,0,0,0
2590004,0,0,0,0,0,0,0,0,0,0
2590005,0,0,0,0,0,0,0,0,0,0
2590006,0,0,0,0,0,0,0,0,0,0
2590007,0,1,0,0,0,0,0,0,0,0
2590008,,,0,0,0,0,0,0,0,0
2590009,0,,0,0,0,0,0,0,0,0
2590010,0,,0,0,0,0,0,0,0,0
2590011,0,,0,0,0,0,0,0,0,0
2590012,,,0,0,0,0,0,0,0,0
2590013,0,0,0,0,0,0,0,0,0,0
2590014,0,1,0,0,0,0,0,0,0,0
2590015,0,0,0,0,0,0,0,1,0,0
2590016,0,0,0,0,0,0,0,0,0,0
2590017,0,0,0,0,0,0,0,1,0,0
2590018,0,,0,0,0,0,1,0,0,0
2590019,0,1,0,0,0,0,0,0,0,0
2590020,,,0,0,0,0,0,0,0,0
2590021,0,0,0,0,0,0,0,0,0,0
2590022,0,0,0,0,0,0,0,0,0,0
2590023,0,0,0,0,0,0,0,0,0,0
2590024,0,1,0,0,0,0,0,0,0,0
2590025,0,0,0,0,0,0,0,0,0,0
2600001,0,1,0,0,0,0,0,0,0,0
2600002,0,1,0,0,0,0,0,0,0,0
2600003,0,1,0,0,0,0,0,0,0,0
2600004,0,1,0,0,0,1,0,0,0,0
2600006,0,0,0,0,0,0,0,0,0,0
2600008,0,0,0,0,0,0,0,0,0,0
2600009,0,0,0,0,0,0,0,0,0,0
2600010,0,0,0,0,0,0,0,0,0,0
2600011,0,1,0,0,0,1,0,0,0,0
2600012,0,0,0,0,0,0,0,0,0,0
2600013,0,0,0,0,0,0,0,0,0,0
2600014,0,0,0,1,0,1,0,0,0,1
2600015,0,,0,0,0,0,0,1,0,0
2600016,,,0,0,0,0,0,0,0,0
2600017,,,0,0,0,0,0,0,0,0
2600018,0,0,0,0,0,0,0,0,0,0
2600019,0,,0,0,0,0,0,0,0,0
2600020,0,0,0,0,0,0,1,0,0,0
2600021,,,0,0,0,0,0,0,0,0
2600022,0,0,0,1,0,0,0,0,0,0
2600023,0,1,0,0,0,0,0,1,0,0
2600025,0,1,0,0,0,0,0,0,0,0
2610001,0,0,0,0,0,0,0,0,0,0
2610002,0,0,0,0,0,0,0,0,0,0
2610003,0,0,0,0,0,0,0,0,0,0
2610004,0,0,0,0,0,0,0,0,0,0
2610005,0,,0,0,0,1,1,0,0,0
2610006,0,,0,0,0,0,0,0,0,0
2610007,0,1,0,0,0,0,0,0,0,0
2610010,,,0,0,0,0,0,0,0,0
2610011,0,0,0,0,0,0,0,1,0,0
2610012,0,0,0,0,0,0,0,1,0,0
2610013,0,0,0,0,0,0,0,1,0,0
2610014,0,0,0,0,0,0,0,0,0,0
2610015,,,0,0,0,0,0,0,0,0
2610016,0,0,0,0,0,0,0,1,0,0
2610017,0,0,0,0,0,0,0,0,0,0
2610018,0,,0,0,0,0,0,0,0,0
2610019,0,0,0,0,0,0,0,0,0,0
2610020,0,0,0,1,0,0,0,0,0,0
2610021,0,0,0,0,0,0,0,0,0,0
2610022,0,0,0,0,0,0,0,0,0,0
2610023,0,0,0,0,0,0,0,0,0,0
2610024,0,,0,0,0,0,0,0,0,0
2610025,0,0,0,0,0,0,0,0,0,0
2620001,0,0,0,1,0,0,0,0,0,0
2620002,0,0,0,0,0,0,0,0,0,0
2620003,0,0,0,0,0,0,0,0,0,0
2620005,0,0,0,0,0,0,0,0,0,0
2620006,0,0,0,1,0,0,0,0,0,0
2620007,0,,0,0,0,0,0,0,0,0
2620009,,,0,0,0,0,0,0,0,0
2620010,0,1,0,0,0,0,0,1,0,0
2620012,0,0,0,0,0,1,0,1,0,0
2620013,0,0,0,0,0,1,0,1,0,0
2620014,0,0,1,0,0,0,0,1,0,0
2620015,0,0,0,0,0,0,0,0,0,0
2620016,0,1,0,0,0,0,0,0,0,0
2620017,0,0,0,0,0,0,0,0,0,0
2620018,0,0,0,0,0,0,0,0,0,0
2620019,0,1,0,0,0,0,1,0,0,0
2620020,0,0,0,0,0,0,0,0,0,0
2620021,0,0,0,0,0,0,0,0,0,0
2620022,0,0,0,0,0,0,0,0,0,0
2620023,0,0,0,0,0,0,0,0,0,0
2620024,0,,0,0,0,1,0,0,0,0
2620025,0,0,0,0,0,0,0,0,0,0
2630001,0,0,0,0,0,0,0,0,0,0
2630002,0,0,0,0,0,0,0,0,0,0
2630003,0,,0,0,0,1,0,0,0,0
2630004,0,0,0,0,0,0,0,0,0,0
2630005,,,0,0,0,0,0,0,0,0
2630006,0,,0,0,0,0,0,0,0,0
2630007,0,0,0,1,0,0,0,0,0,0
2630008,0,0,0,0,0,0,0,0,0,0
2630009,0,0,0,0,0,1,0,0,0,0
2630010,0,0,0,1,0,0,0,1,0,0
2630011,0,0,0,1,0,0,0,1,0,0
2630012,0,1,0,0,0,0,0,0,0,0
2630013,0,0,0,0,0,0,0,1,0,0
2630014,0,,0,0,0,0,0,0,0,0
2630015,0,0,0,0,0,0,0,1,0,0
2630016,0,0,0,0,0,0,0,1,0,0
2630017,0,0,0,0,0,0,0,1,0,0
2630018,0,0,0,0,0,0,0,0,0,0
2630019,0,0,0,0,0,0,0,0,0,0
2630020,0,0,0,0,0,0,0,0,0,0
2630021,0,0,0,1,0,0,0,0,0,0
2630022,0,0,0,0,0,1,0,0,0,0
2630023,0,0,0,1,0,0,0,0,0,0
2630024,0,0,0,0,0,1,0,1,0,0
2630025,0,0,0,0,0,0,0,0,0,0
2630026,0,0,0,0,0,0,0,0,0,0
2640001,0,0,0,0,0,0,0,0,0,0
2640002,0,0,0,0,0,0,0,0,0,0
2640003,0,0,0,0,0,0,0,0,0,0
2640004,,,0,0,0,0,0,0,0,0
2640005,0,0,0,0,0,0,0,0,0,0
2640006,0,0,0,0,0,1,0,0,0,0
2640007,0,0,0,0,0,0,0,0,0,0
2640008,0,0,0,0,0,0,0,0,0,0
2640009,0,0,0,1,0,0,0,1,0,0
2640010,0,0,0,0,0,0,0,1,0,0
2640011,0,0,0,0,0,0,0,0,0,0
2640012,,,0,0,0,0,0,1,0,0
2640013,0,,0,0,0,0,0,0,0,0
2640014,,,0,0,0,0,0,1,0,0
2640015,0,0,0,1,0,0,0,1,0,0
2640016,0,1,0,0,0,0,0,1,0,0
2640017,0,0,0,0,0,0,0,0,0,0
2640018,0,0,0,0,0,0,0,0,0,0
2640019,,,0,0,0,0,0,0,0,0
2640021,0,0,0,1,0,1,0,0,0,0
2640022,0,0,0,0,0,0,0,0,0,0
2640023,,,0,0,1,0,0,0,0,0
2640025,0,0,0,0,0,0,0,0,0,0
2650001,0,0,0,0,0,0,0,0,0,0
2650002,0,0,0,0,0,0,0,0,0,0
2650003,0,0,0,0,0,0,0,0,0,0
2650004,,,0,1,0,0,0,0,0,0
2650005,0,,0,0,0,0,0,0,0,0
2650006,0,1,0,0,0,0,0,0,0,0
2650007,0,0,0,0,0,0,0,0,0,0
2650008,0,0,0,0,0,0,0,1,0,0
2650009,0,1,0,0,0,0,0,1,0,0
2650010,0,0,0,0,0,0,0,0,0,0
2650011,0,,0,0,0,0,0,0,0,0
2650012,0,1,0,0,0,0,0,0,0,0
2650013,0,0,0,0,0,0,0,1,0,0
2650014,0,0,0,0,0,0,0,1,0,0
2650015,,,0,0,0,0,0,0,0,0
2650016,0,0,0,1,0,0,0,0,0,0
2650017,0,1,0,0,0,0,0,0,0,0
2650018,0,0,0,0,0,0,0,1,0,0
2650019,0,0,0,0,0,0,0,1,0,0
2650020,,,0,0,0,0,0,0,0,0
2650021,0,0,0,1,0,0,0,0,0,0
2650022,0,0,0,0,0,0,0,0,0,0
2650023,0,1,0,0,0,0,0,0,0,0
2650024,0,1,0,0,0,0,0,0,0,0
2650025,0,0,0,0,0,1,0,0,0,0
2660001,0,0,0,0,0,0,0,0,0,0
2660002,0,0,0,0,0,0,0,0,0,0
2660003,0,0,0,0,0,0,0,0,0,0
2660004,0,0,0,1,0,0,0,0,0,0
2660005,0,1,0,0,0,0,0,0,0,0
2660006,0,1,0,0,0,0,0,0,0,0
2660007,0,0,0,0,0,0,0,0,0,0
2660008,0,0,0,0,0,0,0,0,0,0
2660009,0,1,0,0,0,0,0,0,0,0
2660010,0,0,0,0,0,0,0,0,0,0
2660011,0,1,0,0,0,0,0,1,0,0
2660012,0,0,0,0,0,0,0,0,0,0
2660013,0,0,0,1,0,0,0,1,0,0
2660014,0,0,0,1,0,0,0,1,0,0
2660015,0,0,0,0,0,1,0,0,0,0
2660016,0,0,0,1,0,0,0,0,0,0
2660017,0,0,0,0,0,0,0,0,0,0
2660018,0,0,0,0,0,0,0,1,0,0
2660019,0,0,0,0,0,0,0,0,0,0
2660020,0,0,0,0,0,0,0,0,0,0
2660021,0,0,0,0,0,0,0,0,0,0
2660022,0,0,1,0,0,0,0,0,0,0
2660024,0,0,0,0,0,1,0,0,0,0
