hh_id,d_cm,d_nutr,d_satt,d_educ,d_elct,d_wtr,d_sani,d_hsg,d_ckfl,d_asst
10001,0,0,0,1,0,0,1,0,1,0
10005,0,1,0,1,0,0,1,0,1,0
10008,0,1,1,0,1,0,0,1,1,0
10011,0,0,1,0,1,0,0,0,1,0
10014,0,0,1,0,0,0,0,1,1,0
10017,0,0,0,1,1,0,1,0,1,0
10021,0,1,0,1,1,0,1,1,1,0
10024,0,0,0,1,1,0,1,0,1,0
10027,0,1,0,0,1,0,1,1,1,0
10030,0,0,0,1,1,0,1,0,1,0
10033,0,0,1,1,0,0,1,0,1,0
10037,0,0,0,1,1,0,1,0,1,0
10040,0,0,0,1,0,0,0,0,1,0
10043,0,0,0,1,0,0,1,0,1,1
10046,0,1,1,0,1,0,1,0,1,0
10049,0,0,0,0,1,0,1,0,1,1
10052,0,1,0,0,0,0,0,0,1,0
10056,0,0,1,0,0,0,0,0,1,0
10059,0,0,0,1,0,0,1,0,1,0
10062,0,0,0,1,0,0,1,0,1,0
10068,0,0,0,0,0,0,0,1,1,0
10072,0,0,0,0,0,0,0,1,1,0
10075,0,0,1,0,0,0,0,1,1,0
10078,0,0,0,0,0,0,0,0,1,0
10081,0,0,0,0,0,0,1,0,1,0
20004,0,1,1,1,0,0,1,1,1,0
20009,0,0,0,1,0,0,0,0,1,0
20013,0,0,0,1,0,0,1,1,1,0
20017,0,0,0,0,1,0,0,1,1,0
20022,0,1,0,1,1,0,0,1,1,0
20026,0,0,1,0,0,0,0,1,1,0
20030,0,0,1,0,0,0,0,1,1,0
20035,0,0,0,1,1,0,0,1,1,1
20039,0,0,0,1,0,0,0,0,1,0
20044,0,1,0,1,0,0,0,1,1,1
20048,0,0,0,0,0,0,0,1,1,0
20052,0,0,1,1,0,0,0,1,1,0
20057,0,0,0,1,1,0,0,1,1,0
20061,0,1,0,1,1,0,0,1,1,1
20065,0,0,0,1,0,0,0,0,1,1
20070,0,0,0,1,1,0,0,1,1,0
20074,0,0,0,0,0,0,0,0,1,0
20078,0,1,0,1,1,0,0,1,1,1
20083,0,1,1,0,1,0,0,1,1,0
20087,0,0,1,1,0,0,0,0,1,0
20091,0,0,0,0,0,0,0,1,1,0
20096,0,0,0,1,0,1,0,1,1,0
20100,0,0,1,0,0,0,0,0,1,0
20104,0,0,0,1,0,0,0,0,1,0
20109,0,1,0,0,0,0,0,0,1,0
20113,0,1,0,1,0,0,0,0,1,0
30004,0,0,0,1,1,1,0,1,0,0
30009,0,1,0,1,1,0,0,1,1,0
30013,0,1,1,1,0,1,0,1,1,0
30017,0,0,0,1,0,1,0,1,1,0
30021,0,0,0,1,0,0,0,0,1,0
30025,,0,0,1,0,1,0,1,1,0
30029,0,0,0,1,0,1,0,0,1,0
30033,0,0,0,1,0,1,0,1,1,0
30037,0,0,0,0,0,1,0,1,1,0
30041,0,0,1,0,0,1,0,1,1,0
30046,0,0,1,1,0,1,0,1,1,0
30050,0,0,0,0,0,0,1,1,1,0
30054,0,0,0,1,1,1,0,1,1,0
30058,0,0,0,1,0,0,1,1,1,0
30062,0,1,1,1,1,1,0,0,1,0
30066,0,0,0,1,1,0,0,1,1,0
30070,0,0,0,1,0,1,0,0,1,0
30074,0,0,1,0,0,1,0,0,1,1
30078,0,0,1,1,0,1,0,1,1,1
30083,0,0,0,1,1,1,0,1,1,0
30087,0,0,0,1,0,1,0,1,1,0
30091,0,0,0,0,0,0,0,0,1,0
30095,0,0,0,1,0,0,0,1,1,0
30099,0,0,0,1,0,0,0,1,1,0
30103,1,1,0,1,0,1,0,1,1,0
30107,0,1,1,1,1,1,0,1,1,0
40002,0,0,0,1,0,0,0,0,1,0
40006,0,0,1,1,1,0,0,1,1,0
40010,0,1,0,1,1,0,0,1,1,1
40014,0,0,0,0,0,0,1,1,1,1
40018,0,0,0,1,1,1,0,1,1,0
40022,0,1,0,0,1,1,1,1,1,0
40026,0,0,0,0,1,0,0,1,1,0
40030,0,0,0,1,1,0,0,1,1,0
40034,0,0,0,1,1,0,0,0,1,0
40038,0,0,1,1,1,1,0,1,1,0
40042,0,0,0,1,1,0,0,0,1,0
40046,0,0,1,1,0,1,1,1,1,0
40049,0,1,0,1,0,0,0,0,1,0
40053,0,0,0,1,1,0,0,1,1,1
40057,0,0,0,1,0,1,0,1,1,0
40061,,,0,1,0,0,0,1,1,0
40065,0,0,0,0,0,1,0,1,1,0
40069,0,0,1,1,1,1,0,1,1,0
40073,0,0,0,1,0,0,0,0,1,0
40077,0,0,0,1,0,0,0,0,1,0
40081,0,0,0,1,0,0,0,0,1,0
40085,0,0,0,1,1,0,0,0,1,0
40089,0,0,1,1,1,0,0,1,1,0
40093,0,1,1,1,1,0,0,1,1,0
40097,0,0,0,0,0,0,0,1,1,0
40100,0,0,1,1,1,0,1,1,1,0
50002,0,1,1,1,1,1,1,1,1,0
50006,0,0,1,0,1,1,0,1,1,0
50009,0,0,0,1,0,0,1,0,1,0
50012,0,1,0,1,1,1,0,1,1,1
50015,0,0,1,1,0,1,0,1,1,0
50019,0,0,0,0,1,1,1,0,1,0
50022,0,0,0,1,1,1,1,1,1,0
50025,0,0,1,1,1,1,1,1,1,0
50029,0,0,1,1,1,1,1,1,1,0
50032,0,0,0,1,0,1,1,0,1,0
50035,0,0,0,1,0,1,1,0,1,0
50038,0,0,1,1,1,1,1,1,1,0
50042,0,0,0,1,0,1,1,1,1,0
50045,0,0,1,0,0,1,0,1,1,0
50048,1,1,0,1,1,1,1,1,1,0
50051,0,0,1,1,1,0,1,1,1,1
50055,0,0,0,1,1,1,1,1,1,0
50058,0,1,1,1,0,0,1,1,1,0
50061,0,0,1,1,1,1,1,1,1,0
50065,0,1,0,1,0,1,1,1,1,0
50068,0,1,1,1,1,1,1,1,1,0
50071,0,0,1,0,0,1,0,1,1,0
50074,0,0,0,0,0,0,1,1,1,0
50078,0,1,0,1,0,1,0,1,1,0
50081,0,0,0,1,1,1,1,1,1,1
50084,0,1,1,1,0,1,1,1,0,1
60002,0,0,1,1,1,0,0,0,1,0
60007,0,0,1,0,1,0,0,1,1,0
60012,0,1,0,1,1,0,0,1,1,0
60017,0,1,1,1,1,0,0,1,1,0
60021,0,0,1,1,1,0,0,1,1,0
60026,1,1,1,1,1,0,1,1,1,0
60031,0,0,0,0,0,0,0,0,1,0
60036,0,1,0,1,1,0,0,1,1,0
60040,0,0,0,0,1,0,0,1,1,0
60045,0,0,0,1,1,0,1,1,1,0
60050,,0,0,1,0,0,0,1,1,1
60054,0,0,1,1,1,0,0,1,1,0
60059,0,1,0,1,1,0,0,1,1,1
60064,0,1,1,1,1,1,1,1,1,0
60069,0,0,0,0,0,0,0,0,1,0
60073,0,0,1,1,0,0,1,0,1,0
60078,0,1,0,1,0,0,0,1,1,0
60083,0,0,1,1,0,0,1,0,1,0
60088,0,0,0,1,0,0,0,0,1,0
60092,0,0,0,1,1,0,1,1,1,0
60097,1,0,0,1,1,0,0,1,1,0
60102,0,1,1,0,0,0,1,1,1,0
60106,0,0,0,1,1,1,0,1,1,0
60111,0,0,1,1,1,1,1,1,1,0
60116,0,0,1,1,1,1,1,1,1,0
60121,0,1,1,1,1,1,1,1,1,1
70002,0,1,1,1,0,1,0,0,1,0
70007,0,0,0,0,0,1,1,1,1,0
70011,0,0,0,1,1,1,1,0,1,0
70015,0,0,1,1,1,1,0,1,1,0
70020,0,0,0,0,0,0,0,0,1,0
70024,0,0,0,0,1,0,0,1,1,0
70028,0,0,0,1,0,0,0,1,1,0
70033,0,0,0,1,1,0,0,0,1,0
70037,0,0,0,0,0,1,0,0,0,0
70041,0,0,0,0,0,1,0,1,1,0
70045,0,0,0,0,0,0,0,1,1,0
70050,0,0,0,0,0,0,0,0,1,0
70054,0,0,0,0,0,0,0,1,1,0
70058,0,0,0,0,0,0,0,1,1,0
70063,1,0,0,0,0,0,1,1,1,0
70067,0,0,0,1,0,0,0,0,1,0
70071,0,1,0,1,1,0,0,1,1,0
70076,0,,0,1,0,0,1,1,1,0
70080,0,0,0,0,0,0,0,0,1,0
70084,0,,0,0,0,0,0,0,1,0
70089,0,0,0,0,1,0,0,0,1,0
70093,0,0,0,0,0,0,1,1,1,0
70097,0,0,1,0,0,0,0,1,1,0
70101,0,,0,0,0,0,1,1,1,0
70106,0,1,0,1,0,0,1,1,1,0
70110,0,0,0,0,0,0,0,1,1,0
80001,1,1,1,1,1,1,0,1,1,0
80005,0,1,1,1,1,1,1,1,1,0
80009,0,1,0,1,1,1,1,1,1,0
80013,0,0,0,1,1,1,1,1,1,0
80016,0,1,1,1,0,1,1,1,1,0
80020,0,1,1,1,1,1,0,1,1,0
80024,0,1,1,1,1,1,1,1,1,0
80028,0,1,0,1,1,1,1,1,1,0
80032,0,0,0,1,1,1,1,1,1,0
80035,0,0,0,1,1,1,1,1,1,0
80039,0,0,0,1,1,1,1,1,1,0
80043,0,0,1,1,1,1,1,1,1,0
80047,0,1,0,1,1,0,1,1,1,1
80050,0,0,1,1,1,1,1,1,1,0
80054,0,0,0,1,1,0,1,1,1,1
80058,0,1,1,1,1,1,0,1,1,0
80062,1,0,1,1,1,0,1,1,1,0
80065,0,0,0,1,0,1,0,0,0,0
80069,0,1,1,1,1,1,1,1,1,0
80073,0,0,1,0,1,1,1,1,1,0
80077,0,0,1,1,1,1,1,1,1,0
80081,0,0,1,0,1,1,0,1,1,0
80084,0,0,1,1,1,1,0,1,1,1
80088,0,0,1,1,1,1,0,1,1,0
80092,0,0,0,1,1,1,1,1,1,1
80096,0,0,0,1,1,1,1,1,1,0
90001,0,0,0,0,0,0,0,1,1,0
90005,0,0,0,1,0,0,1,0,1,0
90008,0,0,1,1,0,0,1,1,1,0
90011,0,,1,1,0,0,0,1,1,0
90014,0,1,1,1,1,1,1,1,1,0
90018,0,1,0,0,0,0,0,1,1,0
90021,1,0,1,1,1,0,0,1,1,0
90024,0,0,1,1,0,0,0,0,1,0
90028,0,1,1,1,0,0,1,1,1,0
90031,0,0,1,1,0,0,0,0,1,0
90034,0,0,1,1,0,0,1,1,1,1
90037,0,0,1,0,1,0,1,1,1,0
90041,0,0,1,1,1,0,1,1,1,0
90044,0,1,1,1,0,0,1,1,1,0
90047,0,0,1,1,0,0,1,1,1,0
90050,0,0,0,0,0,0,0,0,1,0
90054,0,0,0,,0,0,1,0,1,0
90057,0,0,1,0,0,0,1,0,1,0
90060,0,1,0,1,0,0,0,1,1,0
90064,0,0,0,1,0,0,1,0,1,0
90067,0,1,0,1,0,0,1,0,1,0
90070,0,0,0,0,1,0,1,0,1,0
90073,0,0,1,1,0,0,1,0,1,0
90077,0,0,0,1,0,1,0,1,1,0
90080,0,1,1,1,1,1,1,1,1,1
90083,0,0,0,1,0,1,1,1,1,0
100003,0,0,1,1,0,0,1,1,1,0
100007,1,0,1,0,0,0,0,1,1,0
100011,0,0,0,0,0,0,1,1,1,0
100015,0,0,1,0,0,0,1,1,1,0
100019,0,0,0,1,0,1,0,1,1,0
100023,0,1,1,0,0,1,1,1,1,0
100026,0,0,0,1,0,0,1,1,1,0
100030,0,0,0,1,0,0,1,1,1,1
100034,0,0,1,1,1,0,1,1,1,0
100038,0,0,1,1,1,0,0,1,1,0
100042,0,0,0,1,0,0,1,1,1,0
100046,0,0,0,0,0,0,1,1,1,1
100050,0,0,0,0,0,0,0,0,0,0
100053,0,1,0,0,0,0,1,1,1,1
100057,0,0,0,0,0,0,1,1,1,1
100061,0,0,0,1,0,0,1,1,1,0
100065,0,1,1,0,0,0,1,0,1,0
100069,0,0,0,1,0,0,1,0,1,0
100073,0,0,0,1,0,0,1,1,1,0
100076,0,0,0,,0,0,1,1,1,0
100080,0,0,0,0,0,0,1,1,1,0
100084,0,0,0,1,1,0,0,1,1,1
100088,0,0,0,1,1,0,1,1,1,1
100092,0,1,1,0,0,0,1,0,1,1
100096,1,0,0,0,0,0,1,0,1,0
100100,0,1,0,1,1,0,0,1,1,1
110006,0,0,0,1,0,0,1,0,1,0
110015,0,0,0,0,0,0,0,1,1,0
110024,0,0,0,1,1,0,1,1,1,1
110033,0,0,0,0,0,0,1,1,1,0
110042,0,1,0,1,0,0,0,0,1,0
110051,0,0,0,0,0,0,1,0,1,0
110059,0,0,1,0,0,0,1,0,1,0
110068,0,1,1,0,0,0,0,0,1,0
110077,0,0,0,1,1,0,1,0,1,0
110086,0,0,0,0,0,0,1,1,1,0
110095,0,0,0,0,0,0,1,0,1,0
110104,0,0,0,0,0,0,1,0,1,0
110113,0,0,0,0,0,0,0,0,1,0
110121,0,0,0,0,0,0,1,0,1,0
110130,0,0,0,0,0,0,1,0,1,0
110139,0,0,0,0,0,0,1,1,1,0
110148,0,,0,1,0,0,1,1,1,0
110157,0,0,1,1,0,0,1,1,1,0
110166,0,0,0,1,0,0,1,0,1,0
110174,0,0,0,0,0,0,0,0,0,0
110183,0,0,0,1,0,0,1,0,1,0
110192,1,0,0,0,0,0,1,0,1,0
110201,0,0,0,0,0,0,0,0,1,0
110210,0,1,0,0,0,0,1,0,1,0
110219,0,,0,0,0,0,1,0,1,0
110228,0,0,0,0,0,0,1,0,1,0
120005,0,1,0,0,0,0,0,1,1,0
120013,0,,0,0,0,0,1,0,1,0
120021,0,0,1,0,0,0,1,1,1,0
120028,0,0,0,0,0,0,1,0,1,1
120036,0,0,0,0,0,0,1,0,1,0
120043,0,0,1,0,0,0,1,0,1,0
120051,0,0,0,0,0,0,1,1,1,0
120059,0,0,1,1,0,0,1,0,1,0
120066,0,0,1,1,0,0,1,1,1,0
120074,0,0,0,0,0,0,1,0,1,0
120082,0,0,0,0,0,0,1,0,1,0
120089,0,0,0,0,0,0,1,0,1,0
120097,0,0,0,0,0,0,1,0,1,0
120104,0,0,0,0,0,0,1,0,1,0
120112,0,1,0,0,0,0,1,0,1,0
120120,0,0,0,0,0,0,1,0,1,0
120127,0,1,0,0,0,0,1,0,1,0
120135,0,0,0,0,0,0,1,0,1,0
120142,0,,1,0,0,0,1,1,1,0
120150,0,0,0,0,0,0,1,1,1,0
120158,0,0,0,0,0,0,1,1,1,0
120165,0,0,1,0,0,0,1,0,1,0
120173,0,0,0,0,0,0,1,1,1,0
120181,,,0,1,0,0,1,1,1,0
120188,0,1,0,0,0,0,0,0,1,0
120196,0,0,1,1,1,0,1,1,1,1
130001,0,1,1,0,1,0,1,1,1,1
130004,0,0,0,0,1,0,1,1,1,0
130006,0,0,1,1,1,1,1,1,1,0
130009,0,1,0,1,1,1,1,1,1,0
130011,0,0,0,0,1,1,1,1,1,0
130013,0,0,1,0,1,1,1,1,1,0
130016,0,0,0,0,0,0,1,1,1,0
130018,0,1,0,1,0,1,1,1,0,0
130020,0,0,0,1,1,1,1,1,1,1
130023,0,0,1,1,1,0,1,1,1,0
130025,0,0,0,1,1,0,1,1,1,1
130028,1,1,0,1,1,0,1,1,1,0
130030,0,1,0,1,1,0,1,1,1,0
130032,0,0,0,1,1,1,1,1,1,0
130035,0,0,0,0,1,0,1,1,1,0
130037,0,0,0,1,1,0,1,1,1,0
130040,0,0,0,0,1,0,1,1,1,0
130042,0,1,0,0,0,0,0,1,1,0
130044,0,0,0,1,0,0,0,1,1,0
130047,,0,0,1,0,0,1,1,1,0
130049,0,1,0,0,0,0,1,1,1,0
130051,0,0,0,0,0,0,1,1,1,0
130054,0,0,0,0,0,0,0,1,1,0
130056,0,1,0,0,0,0,1,1,1,0
130059,1,0,0,0,1,0,1,1,1,0
130061,0,0,0,1,0,0,1,1,1,0
140002,0,0,0,1,1,0,1,1,1,0
140008,1,1,0,1,1,0,0,1,1,0
140014,0,1,1,1,1,0,1,1,1,0
140020,0,0,1,1,0,0,0,1,1,0
140026,1,0,0,1,1,1,0,1,1,0
140031,0,1,0,1,0,1,0,1,1,1
140037,1,0,0,1,1,1,0,1,1,0
140043,0,1,0,1,0,0,0,0,1,0
140049,1,0,0,0,0,0,0,1,1,0
140055,0,0,0,1,0,0,0,0,1,0
140060,0,0,0,1,0,0,0,1,1,0
140066,0,1,1,0,1,0,0,1,1,0
140072,0,0,1,0,1,0,0,1,1,1
140078,0,0,1,1,1,0,0,1,1,1
140084,0,0,1,1,1,0,0,1,1,0
140090,0,0,0,1,1,0,0,1,1,0
140095,0,0,1,1,1,1,0,1,1,0
140101,0,1,0,1,1,0,0,1,1,1
140107,0,0,0,1,0,0,0,1,1,0
140113,0,1,1,1,0,0,0,1,1,0
140119,0,1,0,1,1,0,0,1,1,0
140124,0,1,0,1,1,0,0,1,1,1
140130,0,0,1,1,0,0,0,1,1,0
140136,0,1,1,1,0,0,0,1,1,1
140142,0,0,0,1,0,0,0,1,1,1
140148,0,0,1,0,0,0,0,1,1,0
150002,0,,0,0,0,1,1,0,1,0
150009,0,0,0,0,1,1,1,1,1,1
150015,0,1,0,1,1,1,1,1,1,0
150022,0,0,1,0,1,1,0,1,1,0
150028,0,1,0,1,1,1,1,1,1,0
150035,0,1,0,1,1,0,1,1,1,0
150041,0,1,0,1,1,0,0,0,1,0
150048,0,0,1,1,0,0,0,0,1,0
150054,0,0,1,1,1,0,0,1,1,0
150061,0,1,1,1,1,1,1,1,1,1
150067,0,0,0,1,1,0,0,1,1,0
150073,0,0,0,1,1,0,1,1,1,1
150080,0,0,0,1,1,0,0,1,1,0
150086,0,0,0,1,1,1,1,1,1,1
150093,0,0,0,1,1,0,0,1,1,0
150099,0,1,1,1,1,1,1,0,1,1
150106,0,,0,0,0,1,0,1,1,0
150112,0,1,0,1,1,0,1,0,1,0
150119,0,1,1,1,1,0,1,1,1,0
150125,0,0,0,1,1,1,1,1,1,1
150132,0,1,0,1,1,1,0,1,1,1
150138,0,0,1,1,0,1,1,1,1,0
150145,0,0,1,1,1,1,1,1,1,1
150151,1,0,1,1,0,1,1,1,1,0
150157,0,0,1,1,1,1,1,1,1,0
150164,0,0,0,1,1,1,1,1,1,1
160001,0,0,1,0,0,1,0,1,1,0
160004,0,0,0,0,1,1,0,1,1,0
160006,0,0,1,0,0,1,1,1,1,0
160009,1,0,0,1,1,0,1,1,1,0
160011,0,0,0,0,1,0,0,1,1,0
160014,1,1,1,1,0,1,0,0,1,0
160016,0,0,0,0,0,0,1,1,1,0
160018,0,0,1,1,0,0,1,1,1,0
160021,0,0,1,0,0,0,1,1,0,0
160023,0,0,0,0,0,0,1,0,1,0
160026,0,0,0,0,0,0,0,1,1,0
160028,0,0,1,0,0,0,1,0,1,0
160030,0,0,0,0,0,0,0,0,1,0
160033,0,1,0,0,1,1,1,1,1,0
160035,0,0,0,0,0,1,1,1,1,0
160038,0,1,0,0,0,1,1,1,1,0
160040,0,0,0,1,0,1,1,1,1,0
160043,0,0,0,1,0,0,1,1,1,0
160045,0,,0,0,0,1,1,1,1,0
160047,0,0,0,0,0,1,0,1,1,0
160050,0,0,0,1,1,1,0,1,1,0
160052,0,0,1,0,1,1,0,1,1,1
160055,0,0,0,0,1,1,1,1,1,0
160057,0,0,0,0,1,0,1,1,1,0
160060,0,0,0,0,0,1,0,1,1,0
160062,0,1,0,1,1,1,0,1,1,0
170002,0,1,1,1,0,0,1,1,1,0
170005,0,1,0,1,1,0,1,1,1,1
170008,0,0,0,1,1,0,1,1,1,1
170011,0,1,0,1,1,0,1,1,1,1
170014,0,0,0,1,0,0,1,1,1,0
170016,0,0,0,1,0,0,1,1,1,0
170019,0,0,0,1,0,1,1,1,1,0
170022,0,1,1,0,0,1,1,0,1,0
170025,0,0,0,1,1,0,1,1,1,1
170028,0,1,1,1,1,1,0,1,1,0
170030,0,0,0,0,0,1,1,1,1,0
170033,0,0,1,1,1,0,0,1,1,0
170036,0,1,0,1,1,0,1,1,1,0
170039,0,0,0,1,1,0,0,1,1,1
170042,0,0,0,1,0,1,0,0,1,1
170045,0,1,0,1,1,0,1,1,1,1
170047,0,0,0,0,1,1,0,1,1,0
170050,0,1,1,0,1,1,0,1,1,0
170053,0,0,0,1,1,0,1,1,1,1
170056,0,1,1,1,1,0,0,1,1,0
170059,0,0,0,0,1,1,1,1,1,1
170061,0,,0,1,1,1,1,1,1,1
170064,0,1,1,1,1,1,1,1,1,1
170067,0,1,1,1,1,1,1,1,1,0
170070,0,1,1,1,1,1,1,1,1,1
170073,0,0,0,0,1,1,1,1,1,1
180006,,0,0,0,1,0,0,0,1,0
180013,0,0,0,0,1,1,0,1,1,1
180020,0,0,1,0,0,0,0,0,1,0
180027,0,0,0,1,1,0,1,1,1,0
180034,0,0,0,1,1,0,0,1,1,0
180040,0,1,1,1,1,0,1,1,1,0
180048,0,0,1,1,1,0,0,1,1,0
180055,1,0,1,1,1,1,1,1,1,1
180062,0,0,1,0,1,0,0,1,1,0
180069,0,1,1,0,1,0,1,0,1,1
180075,0,0,0,0,0,0,0,0,1,0
180082,0,1,0,1,1,0,1,1,1,1
180089,0,1,0,1,0,0,0,1,1,0
180096,0,0,0,0,0,0,0,0,1,0
180103,0,1,1,0,1,0,1,1,1,0
180110,1,0,0,0,1,0,1,0,1,0
180116,0,1,0,1,1,1,1,1,1,0
180123,1,0,0,0,0,1,1,1,1,0
180130,0,0,1,1,1,0,0,1,1,0
180137,0,0,0,0,1,0,0,1,1,1
180144,0,0,1,1,1,0,1,1,1,0
180150,1,0,0,0,1,0,1,0,1,1
180157,1,0,1,0,1,0,1,1,1,0
180164,1,0,1,1,1,1,1,1,1,0
180171,0,1,1,1,1,0,1,1,1,1
180178,0,1,1,1,1,0,1,1,1,1
190003,1,1,1,0,0,0,0,1,1,0
190008,0,1,1,0,1,1,1,1,1,0
190012,0,1,0,1,1,0,0,1,1,0
190016,0,0,0,1,1,1,0,1,1,1
190020,0,0,1,0,1,0,0,0,1,0
190024,0,0,1,0,0,1,0,0,1,0
190028,0,0,0,0,0,0,0,1,1,0
190032,0,0,1,1,1,1,0,1,1,0
190036,0,0,0,0,1,0,0,1,1,0
190040,0,0,0,0,1,1,1,1,1,0
190045,0,1,1,1,1,1,0,1,1,0
190049,0,1,0,1,1,1,1,1,1,0
190053,0,0,1,1,1,1,1,1,1,0
190057,0,0,0,0,1,1,1,1,1,0
190061,1,1,1,0,1,1,1,1,1,0
190065,0,0,0,1,1,1,1,1,1,0
190069,1,0,1,1,1,1,1,1,1,0
190073,0,0,0,1,1,1,1,1,1,0
190077,0,0,0,0,1,1,1,1,1,0
190082,0,1,0,1,1,1,1,1,1,1
190086,0,0,1,0,1,1,1,1,1,1
190090,0,0,1,0,1,0,1,0,1,1
190094,0,0,0,1,1,1,0,0,1,0
190098,0,1,0,1,1,1,1,0,1,0
190102,0,0,1,1,1,0,0,0,1,0
190106,0,1,0,1,1,1,1,0,1,0
200002,1,0,0,1,1,1,1,1,1,1
200006,0,0,0,1,0,0,0,0,1,0
200010,0,0,0,1,1,1,1,1,1,1
200013,1,0,1,1,0,0,0,0,1,0
200017,1,0,1,0,1,0,1,1,1,0
200020,1,1,0,1,0,0,0,1,1,0
200024,0,1,1,1,1,0,1,1,1,1
200027,0,0,0,1,0,0,0,0,1,0
200031,0,0,0,1,1,0,1,0,1,0
200035,0,0,1,1,0,0,0,1,1,0
200038,1,0,0,1,1,0,1,1,1,0
200042,0,0,0,1,1,0,0,1,1,0
200045,0,0,1,1,1,1,1,1,1,0
200049,1,1,0,1,1,0,1,1,1,0
200052,0,0,0,0,1,1,1,1,1,0
200056,0,1,1,1,1,0,1,1,1,0
200060,1,,1,1,1,1,1,1,1,0
200063,0,1,0,1,1,1,1,1,1,1
200067,0,1,1,1,1,1,1,1,1,0
200070,0,1,1,1,1,1,1,1,1,1
200074,0,1,1,0,1,0,0,1,1,0
200078,0,0,0,1,1,0,0,1,1,1
200081,1,0,1,0,1,0,0,1,1,0
200085,0,0,0,0,1,0,0,1,1,0
200088,1,0,0,0,1,0,0,1,1,1
200092,0,1,1,0,0,0,0,0,1,0
210002,1,0,1,0,1,1,1,1,1,0
210007,0,0,1,0,1,1,0,1,1,0
210011,1,0,1,1,1,1,1,1,1,1
210015,1,0,1,1,1,1,0,1,1,0
210020,0,0,1,1,1,1,1,1,1,0
210024,0,0,0,1,1,0,0,0,1,0
210028,1,1,1,1,1,1,1,1,1,0
210033,0,0,0,0,1,0,0,1,1,0
210037,1,0,0,1,1,1,1,1,1,0
210041,1,0,0,0,1,0,0,1,1,0
210045,0,0,1,1,1,1,1,1,1,0
210050,0,0,0,0,1,0,0,1,1,0
210054,0,0,0,1,0,0,0,1,1,1
210058,0,0,1,1,1,0,1,1,1,0
210063,0,1,1,1,1,0,1,1,1,1
210067,0,0,0,0,1,1,1,1,1,0
210071,0,1,0,0,0,1,1,1,1,1
210076,0,0,1,1,1,1,0,1,1,0
210080,0,0,1,0,1,0,1,1,1,0
210084,0,0,1,1,0,0,0,0,1,0
210089,0,0,0,0,1,1,1,1,1,0
210093,0,1,1,0,0,1,0,0,1,0
210097,0,0,1,1,1,1,1,1,1,0
210101,0,1,1,1,1,1,0,1,1,1
210106,0,0,0,1,1,0,1,1,1,1
210110,0,1,1,0,1,0,0,0,1,0
220001,0,1,0,1,1,1,0,1,1,0
220005,0,0,1,1,1,1,1,1,1,1
220008,0,0,0,1,0,1,0,1,1,0
220012,0,0,1,1,1,1,0,0,1,1
220015,0,1,1,0,0,1,1,0,1,0
220018,0,0,0,1,1,1,1,1,1,1
220022,1,0,1,1,1,1,0,1,1,0
220025,0,1,1,0,1,1,1,0,1,0
220028,0,0,0,1,0,1,0,0,1,0
220032,1,0,1,1,1,1,1,1,1,1
220035,0,1,0,1,1,1,0,0,1,0
220039,0,0,1,1,1,1,1,1,1,0
220042,0,1,0,0,1,1,0,1,1,0
220045,0,0,1,0,1,1,1,0,1,0
220049,0,0,1,1,1,1,0,1,1,0
220052,1,0,0,1,1,1,1,0,1,0
220056,0,1,1,0,1,1,0,1,1,0
220059,0,1,0,0,1,1,0,0,1,0
220062,0,1,0,0,1,1,1,0,1,0
220066,0,0,0,1,1,0,0,1,1,0
220069,0,1,0,1,1,1,1,1,1,1
220072,0,0,1,1,1,1,1,1,1,0
220076,0,0,1,1,0,1,0,0,1,1
220079,0,1,1,0,1,1,1,1,1,0
220083,0,0,1,1,1,1,1,1,1,1
220086,0,1,1,0,1,1,1,1,1,1
230001,0,0,1,0,1,1,1,1,1,0
230005,0,0,0,0,0,1,0,0,1,0
230009,0,0,0,1,0,1,1,0,1,0
230013,1,1,1,1,1,1,1,1,1,0
230016,0,0,0,0,1,1,1,1,1,0
230020,0,0,0,0,1,1,0,0,1,1
230023,0,0,0,1,1,1,1,1,1,0
230027,0,1,0,1,0,1,0,1,1,1
230030,0,0,0,0,1,1,1,0,1,0
230034,1,1,1,0,1,1,0,1,1,0
230037,0,1,0,1,1,1,1,1,1,0
230040,0,0,0,0,1,1,0,0,1,0
230044,0,1,0,0,1,1,1,0,1,1
230047,0,1,0,0,0,1,1,1,1,0
230051,0,0,1,1,1,1,1,1,1,1
230054,0,0,0,0,1,1,0,1,1,0
230058,0,0,0,1,1,1,1,1,1,0
230061,0,0,0,1,1,1,1,1,1,0
230065,0,0,0,0,1,1,1,1,1,0
230068,0,0,0,1,1,1,1,1,1,1
230072,0,1,1,0,1,1,1,1,1,0
230075,0,1,1,1,0,1,1,1,1,0
230079,1,1,0,1,0,1,0,0,1,0
230082,0,1,0,1,1,1,0,0,1,1
230085,0,1,0,1,1,1,0,0,1,0
230089,0,0,0,0,0,1,0,0,1,0
240001,0,0,0,0,1,0,0,0,1,0
240005,0,0,0,1,1,0,0,1,1,0
240008,0,0,0,0,1,0,1,0,1,0
240012,0,0,1,0,1,0,1,1,1,0
240015,0,0,0,0,1,1,1,0,1,0
240019,0,1,0,0,1,1,1,1,1,1
240022,1,0,0,0,1,1,1,0,1,0
240026,0,0,1,0,1,0,0,1,1,0
240029,0,0,1,0,0,0,0,0,1,0
240033,1,0,0,1,0,0,1,0,1,0
240036,0,0,1,0,0,0,0,0,1,0
240039,0,0,0,0,1,0,0,1,1,0
240043,0,1,0,0,1,0,1,0,1,0
240046,1,1,0,0,0,0,1,0,1,0
240050,0,0,0,0,1,1,1,0,1,0
240053,0,0,0,0,1,0,1,0,1,0
240057,0,0,0,0,0,0,1,0,1,0
240060,0,0,0,0,0,0,0,0,1,0
240064,0,0,1,0,0,0,1,0,1,0
240067,0,0,0,0,0,0,0,0,1,0
240071,0,0,1,0,0,0,1,0,1,0
240074,0,0,0,1,0,0,1,1,1,0
240078,0,1,0,0,1,1,0,0,1,0
240081,0,1,0,1,1,0,1,0,1,0
240084,0,0,1,0,0,0,1,0,1,0
240088,0,1,0,0,0,1,1,1,1,0
250003,0,0,0,0,0,1,0,1,1,0
250007,0,0,0,0,0,0,0,0,1,0
250011,1,0,0,1,0,0,1,0,1,0
250015,0,0,0,0,0,0,1,0,1,0
250018,0,0,0,0,1,0,1,0,0,0
250022,1,1,0,0,1,0,1,1,1,0
250026,0,0,0,0,0,0,1,1,1,0
250030,0,0,0,0,0,0,0,0,1,0
250033,0,0,0,1,0,0,0,0,1,0
250037,0,0,0,0,0,0,1,0,1,0
250041,0,1,0,0,0,0,0,0,1,0
250044,0,0,0,0,0,0,1,1,1,0
250048,0,1,1,0,0,0,0,0,1,0
250052,0,0,0,0,0,1,1,0,1,0
250056,0,0,0,1,0,0,1,0,1,0
250059,0,0,0,1,0,0,1,0,1,0
250063,0,0,0,0,0,1,1,0,1,0
250067,0,1,0,1,0,0,1,1,1,0
250071,0,0,0,0,0,0,1,1,1,0
250074,0,0,0,0,0,0,1,1,1,0
250078,0,1,0,0,0,0,0,0,1,0
250082,0,0,0,0,0,0,1,0,1,0
250085,0,1,0,1,1,0,1,1,1,0
250089,0,0,1,0,0,0,1,0,1,0
250093,0,0,0,0,0,0,1,0,1,0
250097,0,1,0,0,0,0,1,0,1,0
260002,0,1,1,1,1,0,0,1,1,0
260005,0,0,0,1,1,0,1,1,1,0
260008,0,0,0,1,1,0,0,1,1,0
260010,0,0,1,1,1,0,1,1,1,0
260013,1,1,0,1,1,0,0,1,1,1
260016,0,1,1,0,1,0,0,0,1,0
260019,0,1,1,1,1,0,1,0,1,1
260021,0,0,0,1,1,0,1,1,1,0
260024,0,0,1,0,1,0,0,1,1,0
260027,0,0,0,1,1,0,1,1,1,0
260029,0,0,0,1,1,1,1,1,1,0
260032,0,0,1,1,1,0,1,1,1,0
260035,0,0,1,1,1,0,0,1,1,0
260037,1,1,1,1,1,1,1,1,1,0
260040,0,1,1,0,1,0,0,0,1,0
260043,0,0,0,0,0,0,1,1,1,0
260045,0,0,0,1,1,0,1,1,1,0
260048,0,1,1,1,1,0,1,1,1,0
260051,0,0,0,1,0,1,1,0,1,0
260054,0,0,0,1,0,1,0,0,1,0
260056,0,1,1,1,1,0,0,0,1,0
260059,0,0,1,0,1,1,1,1,1,0
260062,0,1,0,1,1,0,0,1,1,0
260064,0,0,0,1,1,0,1,1,1,0
260067,0,1,1,1,1,0,0,1,1,0
260070,0,0,0,0,1,0,1,1,1,0
270002,0,1,1,1,1,0,0,1,1,0
270005,1,1,1,1,1,0,0,1,1,0
270008,0,0,1,1,1,0,0,1,1,0
270010,0,1,1,1,1,0,1,0,1,0
270013,0,1,1,1,1,0,1,1,1,0
270015,0,0,1,1,1,0,0,1,1,1
270018,0,0,1,0,1,0,1,1,1,1
270021,0,0,0,0,1,0,0,1,1,0
270023,0,1,0,1,1,0,1,1,1,1
270026,0,0,1,1,0,0,0,0,1,0
270029,0,1,1,1,1,0,0,1,1,0
270031,0,1,1,0,1,0,0,1,1,0
270034,1,1,0,0,1,0,1,1,1,0
270036,1,1,1,1,1,1,1,1,1,0
270039,0,1,0,1,1,1,1,1,1,1
270042,0,1,0,1,0,0,0,1,1,0
270044,1,0,1,1,1,1,1,1,1,0
270047,1,1,1,0,1,0,0,1,1,0
270049,1,0,0,1,1,1,1,1,1,0
270052,0,0,0,1,1,1,1,1,1,1
270055,0,0,1,1,1,1,1,1,1,0
270057,0,1,1,0,1,0,0,1,1,0
270060,0,1,1,1,1,1,1,1,1,0
270063,1,0,0,1,1,0,0,0,1,0
270065,0,0,0,1,1,1,1,0,1,1
270068,0,0,1,1,1,1,1,1,1,0
280002,0,0,1,1,0,0,1,1,1,0
280005,0,1,1,0,0,0,1,1,1,0
280007,1,1,0,1,1,0,1,1,1,0
280010,0,0,0,0,0,1,0,1,1,0
280013,1,1,1,0,1,0,0,0,1,0
280015,0,0,0,0,0,0,1,1,1,0
280018,0,0,0,0,0,0,0,0,0,0
280020,0,0,0,0,0,0,0,1,1,0
280023,0,0,0,0,0,0,0,0,1,0
280025,0,0,0,0,1,0,1,1,1,0
280028,1,1,1,1,1,0,1,1,1,0
280030,1,0,1,1,1,1,1,1,1,1
280033,0,0,0,1,1,0,1,1,1,0
280035,0,0,0,1,1,1,1,1,1,1
280038,0,0,0,1,1,0,1,1,1,0
280040,0,0,1,1,1,0,1,1,1,0
280043,1,1,1,1,1,0,1,1,1,0
280046,0,1,0,1,1,0,1,1,1,0
280048,0,0,0,1,1,1,1,1,1,1
280051,1,,1,1,1,1,1,1,1,0
280053,0,1,1,1,1,0,1,1,1,1
280056,0,0,0,1,1,1,1,1,1,0
280058,0,1,0,0,1,0,1,1,1,0
280061,1,1,1,1,1,1,1,1,1,0
280063,1,1,1,1,1,1,1,1,1,0
280066,0,0,0,1,1,1,1,1,1,0
290002,1,0,1,1,0,0,0,1,1,0
290007,0,1,0,0,0,0,1,0,1,0
290011,1,1,1,0,0,0,0,0,1,0
290016,0,0,0,0,0,0,1,0,1,0
290020,0,0,1,0,1,1,0,1,1,0
290025,1,1,0,0,0,0,1,0,1,0
290029,0,0,0,0,0,0,0,0,1,0
290033,0,1,0,0,0,0,0,1,1,0
290038,0,0,0,0,1,1,1,0,1,0
290042,0,1,0,1,0,0,1,0,1,0
290047,1,1,0,0,0,0,0,1,1,0
290051,0,1,0,1,1,0,1,1,1,0
290055,0,0,0,0,0,1,0,1,1,0
290060,0,0,1,1,0,1,1,1,1,0
290064,0,0,0,0,0,0,0,1,1,0
290069,0,1,0,0,0,1,1,0,1,0
290073,0,0,0,0,0,0,1,0,1,0
290078,0,0,0,1,1,0,1,1,1,1
290082,0,0,0,1,1,0,1,0,1,0
290086,0,1,1,0,0,0,1,1,1,0
290091,0,0,0,1,0,0,1,1,0,0
290095,0,0,0,0,0,0,1,0,1,1
290100,0,1,0,0,1,0,1,1,1,0
290104,1,0,0,1,1,1,1,1,1,0
290109,0,0,0,0,0,0,1,0,1,0
290113,0,0,0,1,1,0,0,1,1,0
300001,0,0,0,0,1,1,1,1,1,0
300004,1,1,0,0,1,1,0,1,1,0
300007,0,0,1,1,1,1,1,1,1,0
300010,0,0,0,1,1,1,0,1,1,0
300012,0,0,1,0,0,1,0,1,1,0
300015,0,0,0,1,1,1,1,1,1,0
300018,0,0,0,0,0,1,0,1,1,0
300021,0,0,0,0,0,0,0,0,1,0
300024,1,1,0,0,1,1,1,1,1,1
300026,0,0,0,1,1,1,1,1,1,1
300029,0,0,1,1,1,1,1,1,1,0
300032,0,0,0,0,0,1,0,0,1,0
300035,1,0,0,0,1,1,1,1,1,0
300037,0,0,0,0,1,1,0,1,1,0
300040,0,0,0,0,0,0,1,1,1,0
300043,0,0,1,0,1,1,1,1,1,0
300046,0,1,1,1,0,0,0,1,1,0
300048,0,0,1,1,1,0,1,1,1,0
300051,0,0,0,0,1,1,1,1,1,0
300054,0,0,0,0,1,0,0,1,1,0
300057,1,1,0,0,0,0,1,1,1,0
300060,0,1,0,1,1,1,1,1,1,0
300062,0,1,0,1,0,0,1,1,1,0
300065,0,0,0,0,0,1,0,0,1,0
300068,0,1,1,1,1,1,1,1,1,0
300071,0,1,0,0,0,1,1,1,1,0
310001,1,1,1,0,1,1,1,1,1,0
310004,0,1,1,1,1,1,1,1,1,0
310006,1,0,1,1,1,1,1,1,1,1
310008,0,1,1,1,0,1,1,1,1,0
310011,0,0,0,0,0,0,1,1,1,0
310013,0,1,1,0,1,0,1,1,1,1
310015,0,0,1,0,0,0,1,1,1,0
310018,0,1,0,1,1,0,1,1,1,0
310020,1,1,0,1,1,1,0,1,1,0
310023,0,1,0,1,1,1,1,1,1,0
310025,0,0,1,0,1,0,1,1,1,0
310027,0,0,1,0,1,1,1,1,1,0
310030,1,0,1,1,1,0,1,1,1,0
310032,0,0,0,1,1,1,1,1,1,0
310034,0,0,0,0,0,0,1,0,1,0
310037,0,0,1,1,0,1,0,1,1,0
310039,0,0,1,1,1,1,1,1,1,1
310041,0,1,1,1,1,0,0,0,1,0
310044,0,0,1,1,1,1,1,1,1,0
310046,1,1,0,1,1,0,1,1,1,0
310048,1,0,1,1,1,1,0,1,1,0
310051,0,0,1,1,1,0,1,1,1,0
310053,0,0,0,0,0,1,1,1,1,0
310055,0,0,1,0,1,0,1,1,1,0
310058,0,0,1,1,1,1,1,1,1,0
310060,0,0,1,0,0,1,1,1,1,0
320001,0,1,1,0,1,1,1,1,1,0
320006,0,1,0,0,1,1,0,1,1,0
320010,0,0,0,1,1,0,1,1,1,0
320015,0,0,0,1,0,1,1,1,1,0
320019,0,1,0,1,1,0,1,1,1,0
320023,0,0,0,0,1,0,1,1,1,0
320028,0,0,0,1,1,0,0,1,1,0
320032,,0,0,1,0,0,1,0,1,1
320036,1,0,1,0,0,0,0,1,1,0
320041,1,0,0,1,0,1,1,1,1,0
320045,0,0,0,0,1,1,1,1,1,0
320050,0,1,0,0,1,0,1,0,1,0
320054,0,0,1,0,0,1,1,1,1,0
320058,0,0,0,0,1,0,0,1,1,0
320063,0,0,1,0,1,0,0,1,1,0
320067,0,0,0,0,1,0,1,1,1,0
320072,0,0,0,0,1,0,1,1,1,0
320076,0,1,0,0,0,0,1,1,1,0
320080,0,0,0,0,1,1,0,1,1,0
320085,0,1,0,0,1,1,1,1,1,0
320089,0,1,0,0,1,0,0,0,1,0
320093,0,1,1,0,1,0,0,1,1,1
320098,1,0,0,0,1,1,1,1,1,1
320102,0,1,1,1,1,0,1,1,1,0
320107,0,0,1,1,1,1,1,1,1,1
320111,0,1,0,1,1,0,1,1,1,1
330002,0,0,1,1,1,1,0,1,1,0
330005,0,0,0,0,0,0,1,1,1,0
330008,0,0,0,0,0,0,1,1,1,0
330010,1,0,1,1,0,1,0,0,1,0
330013,0,0,1,0,0,1,0,1,1,0
330015,0,0,1,1,0,0,0,1,1,0
330018,0,1,0,0,0,0,1,1,1,0
330020,0,0,0,0,0,0,1,1,1,0
330023,0,1,1,0,1,0,1,1,1,0
330026,0,1,0,0,1,1,1,1,1,0
330028,0,0,0,1,1,0,1,1,1,0
330031,0,0,1,0,1,0,1,1,1,0
330033,0,1,0,1,0,0,1,1,1,0
330036,0,0,0,1,1,0,1,1,1,0
330038,0,0,0,0,1,0,1,1,1,0
330041,0,1,1,0,1,0,1,1,1,1
330044,0,0,0,1,1,0,0,1,1,0
330046,0,0,0,0,1,0,1,1,1,0
330049,0,0,1,0,1,0,0,1,1,0
330051,0,0,0,0,1,0,1,1,1,0
330054,0,1,0,0,0,0,0,1,1,0
330057,0,1,0,0,0,0,1,1,1,0
330059,0,1,0,0,1,0,1,1,1,0
330062,0,0,0,1,1,0,1,1,1,0
330064,0,0,0,1,1,0,1,1,1,0
330067,0,0,1,0,1,0,1,1,1,0
340003,0,0,1,1,1,0,1,1,1,0
340007,1,0,0,1,0,0,0,0,1,0
340011,1,0,1,1,1,0,1,1,1,1
340015,1,0,0,1,1,0,1,1,1,0
340019,0,1,1,1,0,0,0,1,1,0
340023,0,0,0,1,0,1,1,1,1,0
340027,0,0,0,1,0,0,1,1,1,1
340031,0,1,1,1,1,0,0,1,1,1
340035,0,1,1,0,0,0,0,1,1,0
340039,1,0,0,0,1,0,0,0,1,0
340043,0,0,0,1,0,0,1,1,1,0
340047,0,0,0,1,1,1,0,1,1,0
340050,0,0,0,1,1,1,1,1,1,0
340054,0,1,1,1,0,0,0,1,1,0
340058,0,0,0,1,1,1,1,1,1,1
340062,0,0,0,1,0,1,0,1,1,0
340066,0,0,1,1,0,1,1,1,1,0
340070,0,0,1,1,0,0,0,1,1,0
340074,0,0,1,1,0,1,1,1,1,0
340078,0,1,0,1,0,1,1,1,1,0
340082,0,0,1,1,0,1,1,1,1,0
340086,0,1,0,1,0,1,1,1,1,0
340090,0,0,1,1,0,0,0,1,1,0
340094,0,1,1,1,1,1,1,1,1,0
340098,0,0,0,1,0,1,1,1,1,0
340101,0,0,0,1,1,1,0,0,1,0
350003,1,1,1,1,1,1,0,1,1,0
350007,0,1,1,1,1,0,1,1,1,0
350011,1,1,1,0,0,1,0,0,1,0
350015,0,0,1,0,1,1,1,0,1,0
350019,0,0,0,1,0,1,1,0,1,0
350023,0,0,1,1,0,1,0,0,1,0
350027,0,0,0,1,1,1,1,1,1,0
350031,0,0,0,0,0,1,1,1,1,0
350035,0,0,0,0,0,1,0,1,1,0
350039,0,1,0,1,0,1,1,1,1,0
350043,0,1,0,0,0,1,0,1,1,0
350047,1,0,1,0,1,1,1,1,1,0
350051,0,0,1,0,1,0,0,1,1,0
350055,0,1,1,1,0,1,1,0,1,0
350059,0,1,1,1,1,1,0,0,1,0
350063,0,0,0,1,1,0,1,1,1,0
350067,0,1,0,1,0,0,0,1,1,0
350071,1,0,0,1,0,0,0,0,1,0
350075,1,1,0,1,1,0,0,1,1,1
350079,1,1,1,0,1,0,1,1,1,0
350083,0,1,1,1,1,0,0,1,1,0
350087,0,0,1,1,0,0,1,1,1,0
350091,0,0,1,0,1,0,1,1,1,0
350095,0,1,0,1,1,0,0,1,1,0
350099,0,0,1,1,1,0,0,1,1,0
350103,0,0,1,1,1,0,0,1,1,0
360003,0,1,0,1,0,0,0,1,1,0
360009,0,0,0,1,1,0,1,1,1,1
360015,0,1,0,0,0,0,1,1,1,0
360020,1,0,0,1,1,0,1,1,1,0
360026,0,1,0,1,0,0,1,1,1,0
360031,0,1,0,0,1,0,1,1,1,0
360037,0,1,1,1,1,0,1,1,1,1
360042,0,1,0,1,1,0,1,1,1,0
360048,0,0,1,0,1,0,1,1,1,0
360054,0,1,0,1,0,0,1,1,1,0
360059,0,1,0,0,0,0,0,1,1,0
360065,0,0,0,0,0,0,1,1,1,0
360070,0,1,0,1,1,0,0,1,1,0
360076,0,0,0,0,1,0,0,1,1,0
360081,0,0,1,1,1,1,0,1,1,0
360087,0,0,0,0,0,0,1,1,1,0
360093,0,1,1,1,1,1,1,1,1,0
360098,0,1,0,1,1,0,0,1,1,0
360104,0,1,0,1,0,1,0,0,1,0
360109,0,0,1,1,1,0,1,1,1,0
360115,1,0,1,1,1,0,0,0,1,0
360121,0,0,0,0,0,0,0,1,1,0
360126,0,0,0,0,1,0,0,1,1,0
360132,1,1,0,1,0,0,0,1,1,0
360137,0,1,0,1,0,0,0,0,1,0
360143,0,0,0,1,0,0,1,1,1,0
370002,0,0,0,0,0,0,1,0,1,0
370008,0,0,0,0,0,0,0,0,1,0
370013,0,0,0,0,0,0,1,0,1,0
370018,0,0,0,0,0,0,1,0,0,0
370024,0,0,0,0,1,0,0,1,1,0
370029,0,0,0,0,0,0,0,0,0,0
370034,1,0,1,1,0,0,0,0,1,0
370040,0,0,0,0,0,0,0,0,0,0
370045,0,0,0,0,0,0,1,0,1,0
370050,0,0,0,0,0,0,0,0,1,0
370055,0,1,0,0,0,0,1,0,1,0
370061,0,0,0,0,0,0,0,0,1,0
370066,0,0,0,0,0,0,0,0,1,0
370071,0,0,0,0,0,0,0,0,1,0
370077,0,0,0,1,0,0,1,0,0,0
370082,0,,0,0,0,0,0,0,1,0
370087,0,0,0,1,0,0,1,0,1,0
370093,0,1,1,0,0,0,0,0,1,0
370098,0,0,0,0,0,0,1,0,1,0
370103,0,1,0,0,0,0,0,0,1,0
370109,0,0,0,0,0,0,1,0,1,0
370114,0,0,0,0,0,0,1,0,1,0
370119,0,0,0,0,0,0,1,0,1,0
370124,0,0,0,0,0,0,1,0,1,0
370130,0,0,0,1,0,0,0,0,1,0
370135,0,0,0,0,0,0,0,0,1,0
380001,0,1,1,1,1,0,1,1,1,0
380009,1,1,1,1,1,0,1,1,1,0
380012,1,1,1,1,0,0,0,1,0,0
380016,1,1,1,1,1,0,1,1,1,0
380020,0,1,1,1,0,0,0,0,1,0
380023,0,0,0,1,1,0,1,1,1,0
380027,1,0,1,1,1,0,0,1,1,1
380031,0,0,1,1,1,0,1,1,1,0
380034,0,1,0,1,0,0,0,1,1,0
380038,1,1,0,1,1,0,1,1,1,1
380042,0,1,1,1,0,0,0,1,0,0
380045,0,0,0,1,1,0,1,1,1,1
380049,0,0,0,1,1,0,1,1,1,1
380053,0,0,1,1,1,0,1,1,1,1
380056,0,0,1,1,1,0,1,1,1,1
380060,0,0,1,1,1,0,1,1,1,0
380067,0,0,1,1,1,0,1,1,1,0
380071,0,0,1,1,1,1,1,1,1,1
380074,0,0,1,1,1,0,1,1,1,1
380078,0,0,1,1,1,0,1,1,1,1
380082,0,0,0,0,1,0,0,1,1,1
380085,0,0,0,1,1,0,1,1,1,0
380089,1,1,1,1,0,0,1,1,1,0
380093,0,0,1,1,1,0,1,1,1,0
390001,0,0,0,1,1,1,1,1,1,0
390006,0,1,1,1,1,0,1,1,1,0
390010,1,0,1,1,1,1,1,1,1,0
390014,0,0,0,1,1,0,1,1,1,0
390018,0,0,0,1,1,1,1,1,1,1
390023,0,,0,1,1,0,1,1,1,0
390027,0,0,0,1,1,1,1,1,1,0
390031,0,0,0,1,1,1,1,1,1,1
390035,1,1,1,1,1,1,1,1,1,0
390039,0,0,0,1,1,0,1,1,1,0
390044,0,1,0,1,1,1,1,0,1,0
390048,0,,0,1,1,0,1,1,1,0
390052,0,1,0,1,1,1,1,1,1,0
390056,0,0,1,1,1,1,1,1,1,0
390061,0,1,1,1,1,1,1,1,1,0
390065,0,1,1,1,1,0,1,1,1,1
390069,0,0,0,1,1,0,1,1,1,1
390073,0,0,0,1,1,1,1,1,1,0
390078,0,,0,1,1,1,1,1,1,1
390082,0,1,1,1,1,1,1,1,1,1
390086,0,,1,1,1,1,1,1,1,1
390090,0,0,0,1,1,1,1,1,1,0
390094,0,1,0,1,1,1,1,1,1,1
390099,0,1,0,1,1,1,1,1,1,1
390103,0,0,0,1,1,0,1,1,1,0
390107,0,0,0,1,1,1,1,1,0,1
400001,1,0,1,1,1,1,1,1,1,0
400005,0,0,1,1,1,1,0,1,1,1
400012,0,1,0,1,1,1,1,0,1,0
400016,0,1,0,1,1,1,1,1,1,0
400020,0,1,1,0,1,1,0,0,1,0
400023,0,0,1,1,1,1,1,0,1,0
400027,0,0,1,1,1,1,0,0,1,1
400031,0,0,0,1,0,1,0,0,1,0
400042,0,0,0,1,1,1,0,1,1,0
400045,0,1,1,1,1,1,1,1,1,0
400049,0,1,0,1,1,1,1,1,1,0
400053,0,1,1,1,1,1,1,1,1,0
400056,1,0,1,1,1,1,1,1,1,0
400060,0,0,0,1,1,1,1,1,1,1
400064,0,0,0,1,1,1,1,1,1,1
400067,0,0,0,1,1,1,1,1,1,1
400071,0,1,1,1,1,1,1,0,1,0
400074,0,0,1,1,1,1,1,1,1,0
400078,1,0,0,1,1,1,1,1,1,0
400082,0,0,0,1,1,1,1,1,1,1
400085,0,0,1,1,1,1,1,1,1,0
400089,0,1,0,1,1,1,1,1,1,0
400093,0,,0,1,1,1,1,1,1,1
410004,0,0,1,1,1,1,1,1,1,0
410013,0,1,0,1,1,1,1,1,1,0
410017,0,1,1,1,1,1,0,1,1,0
410021,1,1,1,1,1,1,1,1,1,0
410025,0,1,1,1,1,1,0,1,1,0
410030,1,0,0,1,1,1,1,1,1,0
410034,1,1,1,1,1,1,0,1,1,1
410038,0,1,0,1,1,1,1,1,1,0
410042,0,1,0,1,1,1,0,1,1,0
410046,0,0,1,1,1,1,1,1,1,0
410051,0,0,1,1,0,1,0,1,1,0
410055,0,0,0,1,1,1,1,1,1,0
410059,0,0,1,1,1,1,1,1,1,0
410063,1,1,1,1,1,1,1,1,1,0
410067,0,1,0,1,1,1,1,1,1,0
410071,0,0,1,1,1,1,0,1,1,0
410076,0,1,0,1,1,1,1,1,1,0
410080,0,0,1,1,1,1,1,1,1,1
410084,0,1,0,1,1,1,1,1,1,1
410088,0,0,0,1,1,1,1,1,1,0
410092,0,0,1,1,1,1,1,1,1,0
410097,0,0,0,1,1,1,1,1,1,0
410101,0,,1,1,1,1,1,1,1,0
410105,0,1,1,1,1,1,1,1,1,1
410109,1,,1,1,1,1,1,1,1,1
420003,0,0,0,1,1,0,0,0,1,0
420008,0,0,1,1,1,1,1,1,1,1
420012,1,1,1,1,1,0,0,1,1,0
420017,0,0,0,1,1,1,1,1,1,1
420021,0,0,0,1,0,0,1,0,1,0
420025,0,0,1,1,1,1,1,1,1,0
420030,1,0,0,1,1,0,0,1,1,0
420034,0,0,0,1,1,0,1,1,1,0
420038,0,0,1,0,1,0,0,1,1,0
420043,0,1,0,1,1,0,1,1,1,0
420047,0,0,0,1,1,0,0,1,1,0
420052,0,0,1,1,1,1,1,1,1,1
420056,0,1,1,1,1,1,1,1,1,0
420060,1,0,1,1,1,1,1,1,1,0
420065,1,0,0,1,0,0,1,1,1,0
420069,0,0,1,1,1,0,1,1,1,0
420074,0,0,0,1,1,1,1,1,1,0
420078,0,0,1,0,1,1,1,1,1,0
420082,0,1,1,1,1,1,1,1,1,0
420087,1,0,1,1,1,1,1,1,1,0
420091,1,0,0,0,1,1,1,1,1,1
420095,1,0,0,1,1,1,1,1,1,1
420100,0,1,0,1,1,1,1,1,1,0
420104,0,0,0,1,1,1,1,1,1,0
420109,0,0,1,1,1,1,1,0,1,1
420113,0,1,1,1,1,1,1,1,1,0
430004,0,0,0,0,0,0,0,0,1,0
430011,0,0,0,0,0,0,0,0,1,0
430017,0,0,1,0,0,0,0,0,1,0
430023,0,0,1,0,0,0,0,0,1,0
430029,0,0,0,0,0,0,1,0,0,0
430035,0,0,0,1,0,0,1,0,1,0
430047,0,0,0,0,0,0,1,0,1,0
430053,0,0,0,0,0,0,1,0,1,0
430059,0,0,0,0,0,0,1,0,0,0
430078,1,0,0,0,0,0,1,1,1,0
430084,0,0,0,0,0,0,1,1,1,0
430090,1,0,0,0,0,0,0,0,1,0
430097,0,0,0,0,0,0,0,0,1,0
430103,0,0,0,0,0,0,0,1,1,0
430109,0,0,0,0,0,0,1,1,1,0
430115,0,0,1,0,0,0,0,0,1,0
430122,0,0,0,0,1,0,1,1,1,0
430134,0,0,1,1,0,0,0,0,1,0
430140,0,,0,0,0,0,0,0,1,0
430146,0,1,0,0,0,0,0,1,1,0
430152,0,0,0,0,0,0,1,0,1,0
430158,0,0,0,0,0,0,0,0,1,0
440003,0,1,0,1,1,0,1,1,1,0
440009,0,0,1,0,0,0,1,0,1,0
440015,0,0,0,1,0,0,1,1,1,1
440021,0,0,0,0,0,0,0,0,0,0
440027,0,1,0,0,0,0,1,0,1,0
440033,0,0,1,0,0,0,1,0,1,0
440039,0,1,0,1,0,0,1,0,1,0
440045,0,0,0,1,1,0,1,1,1,0
440051,0,0,1,1,1,0,1,0,1,1
440057,0,1,1,1,0,0,1,0,1,0
440063,0,0,1,0,1,0,1,1,1,1
440069,0,0,0,1,0,0,0,1,1,0
440075,0,0,0,1,1,0,1,1,1,0
440081,0,1,1,1,1,0,1,0,1,1
440087,0,0,0,0,1,0,1,0,0,1
440093,0,0,0,1,1,0,1,1,1,0
440099,0,0,1,0,1,0,0,0,1,0
440105,0,0,0,0,1,0,1,0,1,0
440111,0,0,0,1,0,0,0,0,1,0
440117,0,0,0,0,0,0,0,0,1,0
440123,0,0,0,0,0,0,0,0,1,0
440129,0,1,0,0,0,0,1,0,1,0
440135,0,0,1,1,1,0,0,0,1,1
440141,0,0,1,1,1,0,0,0,1,0
440146,1,0,0,1,1,0,0,0,1,0
440152,0,0,1,1,0,0,0,1,1,0
450002,0,1,1,1,0,0,0,0,1,0
450008,1,0,1,1,1,1,1,1,1,0
450013,0,0,1,1,1,0,0,0,1,0
450018,0,0,1,0,1,0,1,0,1,1
450023,0,0,0,0,1,0,0,0,1,0
450028,0,1,1,1,1,1,1,0,1,1
450034,0,0,1,1,1,1,1,1,1,0
450039,0,1,1,1,1,1,1,0,1,1
450044,0,0,1,1,0,1,0,0,1,0
450049,0,0,1,1,1,0,1,1,1,0
450054,0,0,1,1,0,0,0,0,1,0
450060,0,0,0,1,1,1,0,0,1,0
450065,0,0,0,1,0,0,1,0,1,0
450070,0,0,0,1,1,0,1,0,1,0
450075,0,0,0,1,0,0,1,0,1,0
450080,0,,0,1,0,0,1,0,1,0
450085,0,0,0,1,1,1,1,1,1,1
450091,0,0,0,1,1,1,1,0,1,0
450096,0,0,0,1,1,0,1,1,1,0
450101,0,0,0,0,1,1,1,1,1,0
450106,0,,1,0,1,1,1,1,1,0
450111,0,0,1,1,1,1,1,1,1,0
450122,0,0,1,0,1,0,1,0,1,0
450127,0,1,0,1,1,1,1,0,1,1
450132,1,0,0,1,1,0,1,0,1,0
460001,0,1,0,0,1,1,0,0,1,1
460005,0,0,0,1,1,0,0,0,1,0
460009,0,1,0,1,0,0,0,0,1,0
460013,0,0,1,1,1,0,0,0,1,1
460016,0,0,0,1,0,0,0,0,1,1
460020,0,0,0,1,1,0,1,0,1,1
460024,0,0,1,0,0,0,0,0,1,0
460028,0,0,0,1,1,0,0,0,1,0
460032,0,1,0,1,1,0,0,0,1,0
460035,,0,0,0,1,0,1,1,1,1
460039,1,0,1,0,0,0,0,0,1,0
460043,0,0,1,0,1,0,1,0,1,1
460047,0,0,1,0,0,0,0,0,1,0
460050,0,0,0,0,0,0,0,0,1,0
460054,0,0,0,0,0,0,0,0,1,0
460058,0,0,1,0,0,0,0,0,1,0
460062,0,0,0,1,0,1,0,0,1,0
460065,0,,0,1,0,1,0,0,1,0
460069,0,1,0,1,0,1,0,0,1,0
460073,0,1,0,1,1,1,1,1,1,0
460077,0,1,1,0,0,0,0,0,1,0
460081,0,0,0,1,1,1,1,1,1,1
460084,0,0,0,1,1,1,1,1,1,1
460088,0,0,0,0,0,1,1,0,0,0
460092,0,1,0,0,0,1,0,0,1,1
460096,1,0,1,0,0,1,1,0,1,0
470001,0,0,1,1,1,1,1,1,1,0
470004,0,1,1,0,1,1,0,1,1,0
470008,0,0,0,0,1,0,1,1,1,0
470011,0,0,1,1,1,0,1,1,1,0
470014,0,0,0,0,1,0,1,1,1,1
470017,0,0,0,0,0,0,1,1,1,0
470020,0,0,0,0,0,1,1,1,1,0
470023,0,1,1,1,1,1,1,1,1,0
470026,0,0,0,0,1,1,1,1,1,0
470029,0,0,1,0,1,0,1,1,1,0
470032,1,0,0,0,1,0,1,1,1,0
470035,0,1,1,0,1,0,1,1,1,0
470038,0,0,1,1,1,0,1,0,1,0
470041,0,0,0,1,1,0,1,0,1,0
470044,1,0,1,0,1,1,1,0,1,0
470048,0,,1,0,0,1,1,1,1,0
470051,0,0,1,1,1,0,0,1,1,0
470054,0,0,0,1,0,0,1,1,1,0
470057,0,0,0,0,1,0,1,1,1,0
470060,0,0,0,0,1,0,0,1,1,0
470063,0,0,0,0,1,0,1,1,1,0
470069,0,0,0,0,0,1,1,1,1,0
470072,0,,0,1,1,0,1,1,1,0
470075,0,0,0,,0,0,1,1,1,0
470078,0,0,0,0,1,0,1,1,1,1
480002,0,0,0,1,1,0,1,1,1,0
480005,0,1,1,1,0,1,1,0,1,0
480007,0,0,1,1,1,1,1,1,1,0
480010,0,1,1,0,1,0,1,1,1,0
480015,0,,1,0,1,0,1,1,1,0
480017,0,0,0,0,1,1,1,1,1,0
480020,0,1,1,0,1,0,1,1,1,0
480022,0,0,0,0,0,1,1,1,1,0
480025,1,0,0,0,1,1,1,1,1,0
480027,0,1,1,0,1,0,1,0,1,0
480029,0,0,0,1,1,0,1,1,1,0
480032,0,0,0,0,0,1,1,1,1,0
480034,0,1,0,0,1,1,1,1,1,0
480037,0,1,0,1,1,0,1,0,1,0
480039,0,0,0,0,0,0,0,0,1,0
480042,0,0,0,1,0,0,0,0,1,1
480044,0,0,0,0,0,0,0,0,1,0
480047,1,1,1,1,1,1,1,0,1,0
480049,0,0,1,0,1,0,1,1,1,0
480052,0,0,1,0,1,0,1,1,1,0
480054,0,0,0,0,1,0,1,1,1,0
480057,0,0,0,0,1,0,0,0,1,0
480059,0,0,0,0,1,1,1,1,1,0
480061,0,0,0,0,0,0,1,1,1,0
480064,0,0,0,0,1,1,1,1,1,0
490003,0,1,0,1,1,0,1,1,1,0
490007,0,0,1,1,0,0,1,0,1,0
490010,0,0,0,1,1,1,1,1,1,1
490013,0,0,0,1,0,1,0,0,0,0
490016,0,0,1,1,0,1,1,1,1,0
490020,0,0,1,1,0,0,1,0,1,0
490023,0,0,0,1,0,0,1,1,1,1
490026,0,1,1,1,0,1,0,1,1,0
490029,0,0,1,1,0,0,0,0,1,0
490032,0,1,0,1,1,0,1,1,1,0
490036,0,1,1,0,1,1,1,1,1,0
490039,0,0,1,1,1,0,1,1,1,0
490042,0,,1,0,0,1,1,1,1,0
490045,0,0,1,0,1,0,1,0,1,0
490049,0,0,0,1,1,0,1,1,1,0
490052,0,0,0,1,0,0,1,1,1,0
490058,0,0,0,1,0,0,0,0,1,1
490062,0,0,1,1,1,0,1,1,1,0
490065,0,0,0,0,1,0,1,0,1,0
490068,0,0,0,0,0,1,1,1,1,0
490071,0,0,0,0,0,1,0,0,1,0
490074,0,0,0,0,0,0,1,0,1,0
490078,0,0,0,0,1,0,1,0,1,0
490081,0,0,1,0,1,1,1,1,1,0
490084,0,0,1,0,0,1,0,0,1,0
500003,1,0,1,1,1,0,1,1,1,0
500007,0,0,0,0,1,0,1,1,1,0
500011,0,0,1,1,1,1,1,1,1,0
500015,0,0,1,1,1,0,1,1,1,0
500018,0,0,0,1,1,1,1,1,1,0
500022,0,1,1,1,1,1,1,1,1,0
500026,0,0,0,1,1,0,1,1,1,0
500030,0,0,0,1,1,1,1,1,1,0
500034,0,0,1,1,1,0,1,1,1,1
500037,0,0,1,0,1,1,1,1,1,0
500041,0,1,1,0,1,1,1,1,1,0
500045,1,1,0,0,1,1,1,1,1,0
500049,0,0,0,1,1,1,1,1,1,0
500052,0,,1,1,1,1,1,1,1,1
500056,0,1,0,1,0,0,1,1,1,0
500060,0,0,1,0,1,0,1,1,1,0
500064,0,0,1,0,1,0,1,1,1,0
500067,0,1,1,1,1,1,1,1,1,0
500071,0,0,1,1,1,1,1,1,1,0
500075,0,0,0,1,1,0,1,1,0,0
500079,0,0,1,1,1,0,1,1,1,0
500083,0,0,1,1,1,1,1,1,1,0
500086,0,1,1,1,0,1,1,1,1,0
500090,0,1,1,1,1,1,1,1,1,1
500094,0,1,1,1,1,1,1,1,1,0
500098,0,0,0,1,1,1,1,1,1,0
510003,0,0,0,0,0,0,0,1,1,0
510009,0,0,0,0,0,0,1,0,1,0
510015,0,0,0,0,0,0,1,1,1,0
510020,1,0,1,0,1,1,0,1,1,0
510026,0,0,0,0,0,0,0,1,1,0
510031,0,0,1,0,0,0,0,0,1,0
510037,0,0,0,0,1,0,0,0,1,0
510042,0,0,0,0,0,0,1,0,1,0
510048,0,0,0,0,0,0,0,0,1,0
510054,0,0,0,0,0,0,1,0,1,0
510059,0,0,0,0,0,0,0,0,1,0
510070,0,0,0,0,0,0,1,0,1,0
510076,0,1,0,0,0,0,1,0,1,0
510081,0,0,0,0,0,0,0,1,1,0
510087,0,1,0,0,0,0,0,0,1,0
510093,0,0,0,0,0,0,0,1,1,0
510098,0,0,0,0,0,0,0,0,1,0
510104,0,0,0,0,0,0,1,0,1,0
510109,0,,0,0,0,0,1,1,1,0
510115,0,0,0,0,0,0,1,1,1,0
510121,0,0,1,0,0,0,0,1,1,0
510126,0,0,0,0,0,0,0,1,1,0
510132,0,0,0,0,0,0,0,0,1,0
510137,0,0,1,0,0,0,0,0,1,0
510143,0,1,0,0,0,0,1,1,1,0
520003,0,1,0,1,0,0,0,0,1,0
520009,0,0,0,0,0,0,1,0,1,0
520015,0,0,0,1,1,0,1,1,1,1
520021,0,0,1,0,1,0,1,1,1,0
520039,0,0,1,0,1,0,0,0,1,0
520045,0,0,1,0,0,0,1,1,1,1
520051,0,0,0,0,1,0,1,1,1,0
520057,0,0,0,1,0,0,1,1,1,0
520063,0,0,0,1,0,0,0,1,1,0
520075,1,1,1,1,1,0,1,1,1,1
520081,0,1,1,1,0,0,0,0,1,0
520087,0,0,1,1,0,0,1,1,1,0
520093,0,0,0,0,0,0,0,0,1,0
520099,0,0,0,1,0,0,0,0,1,0
520105,1,0,0,0,0,0,0,0,1,0
520111,0,1,0,0,0,0,1,1,1,0
520117,0,0,0,0,0,0,1,0,1,0
520123,1,0,0,0,1,1,1,1,1,0
520129,0,0,1,1,1,0,0,0,1,0
520135,0,0,0,0,0,0,0,1,1,0
520141,1,0,1,0,1,0,1,0,1,0
520147,0,,0,1,0,0,1,1,1,0
530002,0,1,0,1,1,0,1,1,1,1
530009,0,0,0,0,1,0,1,1,1,0
530015,1,1,1,1,1,1,1,1,1,0
530021,0,0,1,1,1,1,1,1,1,1
530028,0,1,0,0,1,1,1,1,1,0
530034,0,0,1,1,1,1,1,1,1,1
530040,1,0,1,1,1,1,1,1,1,1
530047,0,1,0,1,0,1,1,1,1,0
530053,0,0,0,1,1,0,1,0,1,1
530060,1,1,1,1,1,0,1,0,1,1
530066,0,0,0,1,1,0,1,1,1,1
530072,0,0,0,1,1,0,1,1,1,1
530079,0,0,0,1,1,0,1,1,1,1
530085,0,0,1,0,1,0,1,1,1,0
530091,0,,0,0,1,0,1,1,1,0
530098,0,1,1,1,1,0,1,1,1,0
530104,0,0,1,0,1,0,0,1,1,0
530110,1,0,1,1,1,1,1,1,1,1
530117,0,0,1,0,1,1,1,1,1,0
530123,0,0,0,0,1,0,1,0,1,1
530129,0,0,0,1,1,0,1,1,1,0
530136,1,1,0,1,1,0,1,1,1,0
530142,1,0,1,1,1,0,1,1,1,1
530148,0,0,0,0,1,0,1,1,1,0
530155,0,0,1,0,1,0,1,1,1,0
530161,0,0,1,1,1,0,1,1,1,1
540001,0,0,1,1,1,0,1,1,1,1
540006,1,0,1,1,1,1,1,1,1,0
540010,0,0,1,1,1,1,1,1,1,0
540015,0,0,0,1,1,1,1,1,1,0
540019,0,1,0,1,1,0,1,1,1,1
540024,0,0,0,1,1,1,1,1,1,0
540028,0,1,0,0,1,1,1,1,1,0
540033,0,0,1,1,1,1,1,1,1,0
540037,0,0,0,1,1,0,1,1,1,1
540042,1,0,0,1,1,0,1,1,1,0
540046,0,0,1,1,0,0,1,0,1,0
540050,0,1,1,1,1,1,1,1,1,0
540055,0,1,0,1,1,1,1,1,1,1
540059,0,1,1,1,1,1,1,1,1,0
540064,0,0,0,1,1,0,1,1,1,0
540068,0,0,1,1,0,0,1,1,1,1
540073,0,0,1,1,1,0,1,1,1,0
540077,1,0,0,1,1,0,1,1,1,1
540082,0,0,1,1,1,0,1,1,1,0
540086,0,1,1,1,1,1,1,1,1,1
540091,0,0,0,1,1,0,1,1,1,0
540095,1,1,1,1,1,0,1,1,1,0
540100,0,0,1,1,1,0,1,1,1,1
540104,0,0,1,1,1,0,1,1,1,0
540108,0,0,0,1,1,0,1,1,1,0
540113,0,0,0,1,1,0,1,1,1,1
550001,0,1,0,1,1,1,1,1,1,0
550008,0,0,1,1,1,1,1,1,1,0
550015,0,0,0,1,1,0,1,1,1,0
550028,1,0,1,1,1,1,1,1,1,0
550035,0,0,0,0,1,0,1,1,1,0
550042,0,0,0,1,1,1,1,1,0,1
550048,0,0,0,1,1,1,1,1,1,0
550055,1,0,0,1,1,1,1,1,1,1
550062,0,0,1,1,1,1,1,1,1,0
550068,0,0,0,1,1,1,1,1,1,0
550075,0,0,1,1,1,1,1,1,1,0
550082,1,1,1,1,1,1,1,1,1,0
550088,0,1,0,1,1,1,1,1,1,0
550095,0,0,1,1,1,0,1,1,1,0
550102,0,0,0,1,1,1,1,1,1,1
550108,0,0,1,1,1,1,1,1,1,0
550115,1,1,1,1,1,1,1,1,1,0
550122,1,1,1,1,1,1,1,1,1,0
550129,0,0,1,1,1,1,1,1,1,0
550135,0,0,1,1,1,1,1,1,1,0
550142,0,0,1,1,1,1,1,1,1,1
550149,0,0,1,1,1,1,1,1,0,0
550155,0,1,1,1,1,1,1,1,1,0
550162,0,0,0,1,1,1,1,1,1,0
550169,0,0,0,1,1,1,1,1,1,0
560004,0,0,0,0,0,0,0,0,1,0
560009,0,0,1,0,0,0,0,0,1,0
560014,0,0,0,0,1,0,1,1,1,0
560018,0,1,1,0,0,0,1,0,1,0
560023,0,0,0,0,0,0,0,1,1,0
560028,0,1,0,0,0,0,1,0,1,0
560032,0,0,1,1,0,0,1,1,1,1
560037,0,0,0,0,0,0,1,0,0,0
560042,0,0,0,1,0,0,0,1,1,0
560046,1,0,0,0,0,0,1,0,1,0
560051,0,0,0,0,0,0,1,1,1,0
560056,0,0,0,0,0,0,1,0,1,0
560060,0,0,0,0,0,0,1,0,1,0
560065,0,0,0,1,0,0,1,0,1,0
560070,0,0,0,0,0,0,0,0,1,0
560074,0,0,0,0,0,0,1,0,1,0
560079,0,0,1,0,0,0,1,0,1,0
560084,0,0,1,0,0,1,1,0,1,0
560088,0,0,0,0,0,1,1,1,1,0
560093,0,0,0,0,0,0,1,0,0,0
560097,0,0,0,0,0,0,0,0,1,0
560102,0,0,0,0,0,0,0,0,1,0
560107,0,0,1,0,0,0,1,0,1,0
560112,0,0,0,0,0,0,1,0,1,0
560117,0,0,0,0,0,0,0,0,0,0
560122,0,1,0,0,0,0,0,0,1,0
570005,0,1,0,1,1,1,1,0,1,0
570012,0,0,1,1,1,1,1,1,1,0
570018,1,1,1,1,1,1,1,1,1,0
570024,0,0,0,1,1,1,1,1,0,0
570030,0,0,0,1,1,1,1,1,1,0
570036,0,1,1,1,1,1,1,1,1,0
570042,0,0,0,1,1,1,1,1,1,0
570048,1,0,1,0,0,1,1,1,1,0
570054,0,0,0,1,1,1,1,1,1,0
570060,0,0,1,1,1,1,1,1,1,1
570067,0,0,0,1,1,1,1,1,1,0
570073,0,0,0,1,0,1,1,1,1,0
570079,0,0,0,0,0,1,1,1,1,0
570085,0,1,1,1,0,1,1,1,1,0
570091,0,0,1,1,1,1,1,1,1,0
570097,0,0,0,1,1,1,1,1,1,0
570103,0,0,1,0,1,1,1,1,1,0
570109,0,1,0,1,1,1,1,1,1,0
570115,0,0,1,1,1,1,1,1,1,0
570122,0,0,1,0,1,1,1,1,1,0
570128,1,0,1,0,1,1,1,1,1,0
570134,1,0,0,1,1,1,1,1,1,0
570140,0,1,0,1,1,1,1,1,1,0
570146,0,0,0,0,1,1,1,1,1,0
570152,0,1,1,1,1,1,1,1,1,0
570158,0,1,1,1,1,1,1,1,1,0
580002,0,0,1,1,1,1,0,1,1,0
580005,0,0,1,1,0,1,1,1,1,0
580008,0,0,1,1,1,0,1,1,1,0
580011,0,0,0,1,1,1,1,1,1,1
580014,0,1,0,1,1,0,1,1,1,0
580017,0,0,0,1,1,0,1,1,1,0
580020,0,1,0,1,1,0,0,1,1,0
580023,0,0,0,0,0,0,1,1,1,0
580026,0,0,0,1,0,0,1,1,1,0
580029,0,1,0,1,1,0,1,1,1,0
580032,0,0,1,1,0,0,1,1,1,0
580035,0,0,0,1,1,0,0,1,1,0
580038,0,0,0,1,0,0,1,1,1,0
580041,0,0,0,1,0,1,1,1,1,1
580044,0,1,0,1,1,0,1,1,1,0
580047,0,0,0,1,1,1,1,1,1,0
580050,0,1,0,0,0,0,0,1,1,0
580053,0,0,0,1,1,1,1,1,1,1
580056,0,0,1,1,1,1,1,1,1,0
580059,0,0,0,1,0,1,1,1,0,0
580062,0,0,0,1,1,0,1,1,0,0
580065,0,0,0,0,1,1,1,1,1,0
580068,0,1,1,1,1,1,1,1,1,0
580071,0,1,0,1,1,1,1,1,1,0
580073,0,0,1,1,1,1,1,1,1,1
580076,1,1,1,1,1,1,1,1,1,0
590003,0,1,0,1,1,1,0,1,0,0
590009,0,0,1,0,1,0,1,1,1,0
590015,1,0,0,0,0,0,1,1,0,0
590020,0,1,0,1,1,0,1,1,1,0
590026,0,0,1,1,1,0,1,1,1,1
590031,0,0,0,1,1,0,1,1,1,1
590037,0,0,1,1,0,0,0,1,1,0
590043,0,0,1,0,1,0,1,1,1,0
590048,0,1,0,0,0,0,1,1,0,1
590054,0,0,0,1,0,0,1,1,1,0
590060,0,0,0,0,0,0,1,1,0,0
590065,0,0,0,0,0,0,1,1,1,0
590071,0,1,0,1,0,0,1,1,1,0
590076,0,0,1,0,1,0,1,1,1,0
590082,0,1,1,0,0,0,1,1,1,0
590088,0,1,0,1,1,0,1,1,1,0
590093,0,0,0,1,0,1,1,1,1,1
590099,0,0,1,0,1,0,1,1,1,0
590104,0,1,1,1,1,0,1,1,1,0
590110,0,1,1,0,1,0,1,1,1,0
590116,0,0,0,1,0,0,1,1,1,0
590121,0,0,0,1,0,1,1,1,1,0
590127,0,1,1,1,0,1,1,1,1,0
590133,0,0,0,1,0,0,1,1,1,0
590138,0,0,0,0,0,0,1,1,1,0
590144,0,0,0,1,0,0,1,1,1,1
600002,0,1,1,1,0,1,1,1,1,0
600007,0,0,0,1,1,1,1,0,0,1
600012,1,0,1,1,0,0,1,1,1,0
600016,0,1,1,1,1,0,1,0,1,0
600021,0,1,1,1,0,0,1,1,1,0
600025,0,0,1,0,1,0,1,1,1,1
600030,0,0,0,1,0,1,1,1,1,0
600034,0,1,1,1,1,0,1,0,1,0
600039,0,0,1,1,1,1,1,1,1,0
600044,0,1,0,1,0,1,1,1,1,0
600048,0,0,1,1,1,1,1,1,1,0
600053,0,1,1,1,1,1,1,1,1,0
600057,0,0,0,1,0,0,1,1,1,0
600062,0,0,0,1,1,1,1,1,1,0
600066,0,1,1,1,0,1,1,1,1,0
600071,0,0,0,0,1,1,0,1,1,0
600076,1,0,1,0,1,1,1,1,1,0
600080,0,0,0,1,1,1,1,1,1,0
600085,0,0,0,1,0,1,1,1,1,0
600089,0,0,1,1,1,1,1,1,1,0
600094,0,0,1,1,0,1,1,1,1,0
600099,0,1,1,1,0,1,1,1,1,0
600103,1,1,1,1,0,0,1,1,1,0
600108,0,0,1,1,1,1,1,1,1,0
600112,1,0,1,0,0,1,1,1,1,0
600117,0,0,1,1,1,1,1,1,1,0
610001,0,0,0,1,0,0,1,1,1,1
610005,0,0,0,0,0,1,1,1,1,0
610009,0,0,0,0,0,0,1,1,1,0
610012,1,0,0,1,1,1,0,1,1,1
610016,0,0,0,,1,0,1,1,1,0
610019,0,0,1,0,0,0,0,1,1,0
610023,0,0,0,1,1,0,1,1,1,0
610027,1,0,1,0,0,0,0,0,1,0
610030,0,0,0,0,0,0,0,0,1,0
610034,0,0,0,1,1,0,1,1,1,0
610038,0,1,0,1,0,0,1,1,1,0
610041,0,1,0,0,0,0,0,1,1,0
610045,0,0,0,0,0,0,1,0,0,0
610048,0,0,1,1,1,0,1,1,1,0
610052,0,0,0,0,1,0,0,0,1,0
610056,0,0,0,0,1,0,0,0,1,0
610059,0,0,0,0,0,0,0,0,1,0
610063,0,0,1,0,0,0,1,1,1,0
610066,0,0,0,1,0,0,1,0,1,0
610070,0,0,0,0,0,0,1,1,1,0
610074,0,0,1,0,0,0,0,0,1,0
610077,1,0,0,0,0,1,1,1,1,0
610081,0,0,1,1,0,0,1,1,1,0
610085,0,0,0,1,0,0,1,1,1,0
610088,0,0,0,0,0,0,0,0,1,0
610092,0,0,0,0,0,0,1,0,1,0
620001,0,0,1,0,0,1,1,1,1,0
620006,0,1,0,0,1,0,0,0,1,0
620010,0,1,0,0,0,0,0,0,1,0
620014,0,0,0,0,0,0,0,0,1,0
620018,0,0,1,1,0,0,1,1,1,0
620022,0,0,0,1,1,0,1,0,0,1
620027,1,0,0,0,0,0,1,1,1,0
620031,0,0,0,0,0,1,1,1,1,0
620035,0,0,1,0,0,1,1,1,1,0
620039,0,1,1,0,0,0,0,0,1,0
620043,0,0,0,1,0,0,0,1,1,0
620048,0,0,0,0,0,0,1,1,1,0
620052,0,0,0,1,1,1,1,1,1,1
620056,0,0,0,1,1,0,0,0,1,0
620060,0,0,0,1,0,0,0,1,1,0
620064,0,0,0,0,1,0,1,1,1,0
620068,0,0,1,0,1,0,1,1,1,0
620073,0,1,0,0,1,0,1,1,1,0
620077,0,0,0,0,0,1,1,0,1,0
620081,0,0,1,0,1,0,0,0,1,0
620085,0,0,0,0,0,0,1,0,1,1
620089,0,0,1,0,1,0,1,0,1,0
620094,0,0,0,0,0,0,1,0,1,0
620098,0,0,0,0,0,0,1,0,1,0
620102,0,0,0,0,0,0,1,1,1,0
620106,0,0,0,1,1,0,1,0,1,1
630001,0,1,1,1,1,1,1,1,1,0
630006,1,0,0,1,1,1,1,1,1,0
630012,0,0,1,1,0,1,0,1,1,0
630017,0,0,1,1,1,1,1,1,1,0
630022,0,1,1,0,0,1,0,1,1,0
630027,0,0,0,1,1,1,1,1,1,0
630032,0,0,1,0,1,1,1,1,1,1
630037,0,0,1,1,1,1,1,1,1,0
630042,0,0,1,1,0,1,1,1,1,0
630047,0,1,1,0,1,0,0,1,1,0
630052,0,1,1,1,0,1,1,1,1,0
630057,0,1,1,0,1,1,0,1,1,0
630062,0,0,1,1,0,1,1,1,1,0
630067,0,0,0,0,1,1,1,1,1,0
630072,0,0,0,1,1,1,1,1,1,0
630078,0,0,1,1,1,1,1,1,1,1
630083,0,0,0,1,1,1,1,1,1,1
630088,0,1,0,1,1,0,1,0,1,0
630093,1,1,0,0,1,1,1,1,1,0
630098,0,0,1,0,1,1,1,1,1,0
630103,0,1,1,1,0,0,0,1,1,0
630108,0,0,0,1,1,0,1,1,1,0
630113,0,0,0,1,0,1,1,1,1,1
630118,0,0,0,0,1,1,0,1,1,0
630123,0,0,0,1,1,1,1,1,1,1
630128,0,0,1,1,1,1,0,0,1,0
640003,0,0,0,1,1,1,1,1,1,0
640006,0,1,0,1,1,0,1,1,1,0
640010,0,1,0,1,1,1,1,1,1,0
640013,0,0,0,1,1,1,1,1,1,0
640016,0,1,1,0,1,0,1,1,1,0
640019,0,0,0,1,1,0,1,1,1,0
640022,0,0,1,0,1,1,1,1,1,0
640025,0,0,1,1,1,1,1,1,1,0
640028,0,1,1,1,1,1,1,1,1,0
640031,0,0,0,1,1,0,1,1,1,1
640034,0,0,0,0,1,0,1,1,1,0
640037,0,0,1,0,1,1,1,1,1,0
640040,0,0,1,1,1,1,1,1,1,0
640046,0,0,1,1,1,0,1,1,1,0
640050,0,1,1,0,1,1,1,1,1,0
640053,0,1,1,1,1,0,1,1,1,0
640056,0,1,0,1,0,1,1,1,1,0
640059,1,0,1,1,1,0,1,1,1,0
640062,0,1,1,0,0,0,1,1,1,0
640065,0,0,1,1,1,1,1,1,1,0
640068,0,0,1,1,1,1,1,1,1,0
640071,1,1,1,1,1,0,0,0,1,0
640074,1,1,1,1,1,1,1,1,1,0
640077,0,0,0,0,0,0,1,1,1,0
640080,0,1,1,1,1,0,1,1,1,0
650002,0,1,1,0,1,1,1,1,1,0
650005,0,0,1,0,1,1,1,0,1,0
650008,0,1,0,0,1,0,1,1,1,0
650010,1,0,1,1,0,0,1,1,1,0
650013,1,0,1,1,1,1,1,1,1,0
650015,0,0,1,0,0,1,1,1,0,0
650018,0,0,1,1,0,1,1,1,1,0
650020,0,0,1,1,0,1,0,1,1,0
650023,0,0,0,0,1,1,1,1,1,0
650026,0,1,1,1,1,1,1,1,1,0
650028,0,0,1,0,1,1,1,1,1,0
650031,0,0,0,1,0,0,1,1,1,0
650033,0,0,1,1,1,1,1,1,1,0
650036,0,1,1,1,1,1,1,1,1,1
650038,0,0,1,1,1,1,1,0,1,0
650041,0,0,1,1,0,0,0,1,1,0
650044,0,0,1,1,0,1,0,1,1,0
650046,0,1,1,1,0,1,1,1,1,0
650049,0,0,1,1,0,1,1,1,0,0
650051,0,1,1,1,0,1,1,1,0,0
650054,0,,1,1,0,1,0,1,0,0
650057,0,1,1,1,0,0,0,1,1,0
650059,0,0,0,1,0,1,1,1,1,0
650062,0,1,1,1,0,1,1,1,1,0
650064,0,0,1,1,0,1,0,1,1,0
650067,0,1,0,1,0,0,0,1,1,0
660003,0,1,0,0,0,0,1,1,1,0
660008,0,0,0,0,0,0,0,0,1,0
660013,0,1,0,0,0,0,1,1,1,0
660018,0,0,0,1,0,0,0,1,1,0
660023,0,1,1,1,0,0,1,1,1,0
660027,0,1,0,0,0,0,0,1,0,0
660032,0,0,0,1,1,0,1,1,1,0
660037,0,0,1,0,1,0,1,1,1,0
660042,0,0,0,0,0,0,1,1,1,0
660047,0,1,0,0,0,0,1,1,1,0
660051,0,0,0,1,0,0,1,1,1,0
660056,0,0,0,1,0,0,1,0,1,0
660061,0,0,1,0,0,0,1,1,1,0
660066,0,0,1,1,0,0,1,1,1,0
660071,0,1,1,0,0,0,0,1,1,0
660076,0,1,1,0,0,0,1,1,1,0
660080,1,1,0,0,0,0,1,1,1,0
660085,0,0,1,0,0,0,1,1,1,0
660090,1,0,1,0,0,0,0,0,1,0
660095,0,0,0,0,0,0,1,0,1,0
660100,0,0,0,0,0,0,0,1,1,0
660104,0,0,0,1,1,1,1,0,1,0
660109,0,1,1,1,1,0,0,1,1,0
660114,0,0,1,0,0,0,0,0,1,0
660119,0,0,1,0,0,0,1,1,1,0
660124,0,0,1,1,1,0,1,1,1,0
670003,0,0,0,0,0,0,0,1,1,0
670014,1,1,1,1,0,0,0,1,1,0
670019,0,0,0,0,0,0,1,1,1,0
670024,0,0,0,0,0,0,0,1,1,0
670029,0,1,0,0,0,0,1,1,1,0
670034,0,1,1,0,0,0,1,1,1,0
670039,1,0,1,1,0,1,0,1,1,0
670044,1,1,1,0,0,0,0,1,1,0
670049,0,0,0,0,0,0,0,1,1,0
670055,0,0,0,0,0,0,1,1,1,0
670060,0,0,1,0,1,1,1,1,1,0
670065,0,0,0,1,1,0,1,1,1,0
670070,0,0,1,0,1,1,1,1,1,0
670075,0,0,0,0,0,0,1,1,1,0
670080,1,0,0,0,0,0,1,1,1,0
670085,0,0,0,1,0,0,0,1,1,0
670090,0,0,1,1,0,0,0,1,1,0
670095,0,1,1,1,0,0,0,1,1,0
670101,1,0,1,1,0,1,0,1,1,0
670106,0,1,1,1,0,0,0,1,1,1
670111,0,1,0,1,0,0,1,1,1,0
670116,0,0,0,0,1,0,1,1,1,0
670121,0,1,1,0,1,0,1,1,1,0
670126,1,0,0,0,0,0,0,1,1,0
670131,0,0,1,1,1,0,1,1,1,0
680003,0,0,0,1,1,0,1,1,1,0
680010,0,1,1,0,1,0,1,1,1,0
680017,0,0,0,0,0,0,1,1,1,0
680024,0,0,0,1,1,0,1,1,1,0
680031,0,0,0,0,1,0,1,1,1,1
680038,0,0,0,0,1,0,1,1,1,0
680044,0,0,0,0,1,0,1,1,1,0
680051,0,0,0,1,1,0,1,1,1,0
680058,0,0,0,0,1,0,1,1,1,0
680065,,,0,1,1,1,1,1,1,0
680072,0,0,0,1,1,0,1,1,1,0
680079,0,1,0,0,1,1,1,1,1,0
680086,0,0,1,1,1,0,1,1,1,0
680092,0,0,0,1,1,0,1,1,1,1
680099,0,1,1,1,1,0,1,1,1,0
680106,0,0,1,1,1,0,1,1,1,0
680113,0,1,0,0,1,0,1,1,1,0
680120,0,0,0,0,1,0,1,1,1,0
680127,0,1,0,0,1,0,1,1,1,0
680133,0,1,0,0,1,0,1,0,1,0
680140,0,0,1,1,1,0,0,1,1,0
680147,0,1,1,1,1,1,1,1,1,1
680154,0,0,1,1,1,1,1,1,1,0
680161,0,0,1,1,1,1,1,1,1,0
680168,0,0,0,1,1,1,1,1,1,0
680175,0,0,1,1,1,0,1,1,1,0
690002,0,0,0,0,0,1,1,0,1,0
690007,0,1,0,0,0,0,1,1,1,0
690012,0,0,1,0,0,0,0,0,1,0
690017,0,1,0,0,0,1,1,0,1,0
690022,0,0,0,0,0,0,0,0,1,0
690027,0,0,0,1,0,0,1,1,1,0
690032,0,0,0,0,0,0,1,0,0,0
690037,1,0,1,1,0,0,1,1,1,0
690042,,1,0,0,0,0,0,0,1,0
690047,0,0,1,0,0,0,0,0,1,0
690052,0,0,0,1,0,0,1,1,1,0
690057,0,0,0,0,0,0,1,0,1,0
690062,0,1,0,0,0,0,0,1,1,0
690067,0,0,0,1,0,0,1,0,1,0
690072,0,0,0,1,0,1,1,1,1,0
690077,0,0,0,0,0,0,1,0,1,0
690082,0,0,0,0,0,0,0,0,1,0
690087,1,1,0,1,0,0,1,1,1,1
690092,0,0,0,0,0,1,0,0,1,0
690097,0,0,0,1,0,0,1,1,1,0
690102,0,0,0,0,1,0,0,1,1,0
690107,0,1,0,1,0,1,0,1,1,0
690112,0,0,1,1,0,1,0,1,1,0
690117,0,0,0,1,0,0,0,0,1,0
690122,0,0,1,0,0,0,0,0,1,0
690127,0,0,1,1,0,0,0,0,1,0
700001,0,0,1,1,0,0,0,1,1,0
700007,0,0,0,1,0,0,1,1,1,0
700013,1,0,0,1,0,1,1,0,1,0
700019,0,0,1,1,1,1,1,1,1,1
700025,0,1,1,1,1,0,0,1,1,1
700031,0,0,0,1,1,0,1,1,1,0
700037,0,0,0,0,1,0,1,1,1,0
700043,0,0,0,0,0,0,1,0,1,0
700049,0,0,0,0,0,0,0,1,1,0
700055,0,0,0,1,1,0,1,1,1,0
700061,1,0,1,1,1,0,1,1,1,0
700067,1,1,0,1,0,1,1,1,1,0
700073,0,0,0,,0,1,1,1,1,0
700079,0,1,1,1,1,1,1,1,1,1
700085,0,1,0,1,0,0,1,1,1,0
700091,0,1,0,1,0,1,1,1,1,0
700097,0,1,0,1,0,0,0,1,1,0
700103,0,0,0,,0,1,1,0,1,0
700109,0,0,0,1,1,1,0,1,1,1
700115,0,0,1,1,0,1,1,1,1,0
700121,0,0,0,1,1,0,0,1,1,1
700127,0,0,0,1,0,0,0,1,1,0
700133,0,0,1,0,1,0,0,1,1,0
700139,0,1,1,1,1,0,0,1,1,0
700145,0,1,0,1,0,0,0,1,1,0
700151,0,1,0,1,1,1,0,1,1,0
710004,0,0,0,0,0,0,1,1,1,0
710009,0,,0,0,0,1,0,0,1,0
710013,0,0,0,0,0,0,0,0,1,0
710017,0,,0,0,0,1,0,0,1,0
710022,0,0,0,0,0,0,0,1,1,0
710026,0,0,1,0,0,0,1,0,1,0
710030,0,0,0,1,1,0,1,1,0,1
710035,0,0,0,1,0,0,0,0,1,0
710039,0,1,0,0,0,1,0,0,1,0
710043,0,0,1,0,0,0,0,1,1,0
710047,1,0,0,0,0,0,0,1,1,0
710052,0,0,0,0,0,1,1,1,1,0
710056,0,0,0,0,0,0,1,0,1,0
710060,0,0,0,0,0,0,1,0,1,0
710065,0,0,0,0,0,1,0,1,1,0
710069,0,1,0,0,0,0,1,0,1,0
710073,,,1,0,1,0,1,1,1,0
710082,0,0,0,0,0,0,0,1,1,0
710086,0,0,0,0,0,0,0,0,1,0
710091,0,0,0,0,1,0,0,1,1,0
710095,0,0,0,0,0,0,0,0,1,0
710099,0,1,0,0,0,0,0,1,1,0
710103,0,0,0,0,0,0,0,1,0,0
710108,0,0,0,0,0,0,1,1,1,0
710112,0,0,0,0,0,0,1,0,1,0
720002,1,0,0,0,1,0,1,1,1,0
720005,0,,1,1,1,0,1,1,1,0
720008,0,1,0,1,0,0,1,1,1,0
720011,0,1,1,0,1,0,1,1,1,0
720014,0,0,1,0,1,0,0,1,1,0
720017,0,0,0,1,0,0,1,1,1,0
720020,1,0,0,0,1,1,0,1,1,0
720023,0,0,1,1,1,0,1,1,1,0
720026,0,0,1,1,1,1,1,1,1,0
720029,0,1,1,1,1,1,1,1,1,0
720032,0,0,1,1,1,0,1,1,1,0
720035,0,0,1,0,1,1,1,1,1,0
720038,0,0,0,0,1,0,1,0,1,0
720041,0,0,0,,1,1,0,1,1,0
720044,0,0,0,1,1,0,1,1,1,0
720047,1,0,1,0,1,1,1,1,1,0
720050,0,0,1,0,1,0,1,1,1,0
720053,0,0,0,0,1,0,0,1,1,0
720056,0,1,1,0,1,1,1,1,1,0
720059,,0,0,1,1,1,1,1,1,0
720062,0,0,1,0,1,0,1,1,1,0
720065,0,1,0,0,1,0,1,1,1,0
720068,0,1,1,1,1,0,1,1,1,0
720071,0,1,0,1,1,0,1,1,1,0
720073,0,0,0,1,1,0,1,1,1,0
720076,0,0,0,0,1,0,1,1,1,0
730004,0,1,1,0,1,0,0,0,1,0
730010,0,1,0,1,1,0,0,1,1,0
730015,0,0,0,1,1,0,0,0,1,0
730020,0,1,1,1,0,0,0,0,1,0
730025,0,0,1,0,1,0,0,0,1,1
730030,0,0,0,0,1,0,1,1,1,0
730035,1,1,0,0,0,0,1,1,1,0
730040,0,0,1,0,1,0,0,1,1,0
730045,0,0,1,1,1,0,0,0,1,0
730050,0,0,1,0,0,0,0,1,1,0
730056,0,0,1,1,0,0,0,1,1,0
730061,0,0,1,1,1,0,0,1,1,0
730066,0,1,1,0,1,0,1,0,1,0
730071,0,0,0,0,1,0,1,1,1,0
730076,0,1,0,0,0,1,0,0,1,0
730086,0,0,1,0,1,1,1,1,1,0
730091,1,0,1,1,0,1,1,1,1,0
730096,0,1,0,0,0,0,0,0,1,0
730102,0,0,0,0,1,1,0,1,1,1
730107,0,1,1,0,0,1,0,1,1,0
730112,,0,1,0,1,1,0,0,1,0
730117,0,0,0,0,0,0,0,1,1,0
730122,0,0,1,0,0,0,0,0,1,0
730127,0,0,0,1,0,0,0,0,1,0
730132,0,0,0,0,0,0,1,0,1,0
740002,0,0,0,0,0,0,0,0,0,0
740006,0,0,0,1,0,0,1,0,1,0
740010,0,0,1,0,0,0,1,0,1,0
740014,0,0,1,0,0,0,0,0,1,0
740018,0,0,0,0,0,0,0,1,1,0
740021,0,0,0,1,0,0,1,0,1,0
740025,0,0,0,0,0,0,1,1,0,0
740029,0,0,0,0,0,0,0,0,1,0
740033,0,0,0,0,0,0,1,1,1,0
740037,0,0,0,0,0,0,0,1,1,0
740040,0,1,0,0,0,0,1,0,1,0
740044,0,0,0,0,0,0,1,1,1,0
740048,0,0,0,0,0,0,1,1,1,0
740052,0,0,1,0,0,0,0,0,1,0
740056,0,0,0,1,0,0,1,0,1,0
740060,0,0,0,0,0,0,1,0,1,0
740063,0,0,0,0,0,0,0,0,1,0
740067,0,0,0,0,0,0,0,0,1,0
740071,0,0,1,0,0,0,1,0,1,0
740075,0,1,1,1,0,0,1,0,1,0
740079,0,1,0,0,0,0,1,0,1,0
740082,0,0,1,0,1,1,1,0,1,0
740086,0,0,0,0,0,0,1,0,1,0
740090,0,0,0,0,0,0,0,0,1,0
740094,0,0,0,0,0,0,1,0,1,0
740098,0,0,0,0,0,1,0,0,1,0
750002,0,1,0,1,0,1,0,0,1,0
750006,0,0,0,0,0,0,0,0,1,0
750010,0,0,0,1,0,0,0,0,1,0
750014,0,0,1,0,0,0,1,0,1,0
750017,0,0,1,0,0,0,0,1,1,0
750021,0,0,1,0,1,0,0,0,1,0
750025,0,1,0,0,0,0,0,1,1,0
750029,0,0,1,0,1,0,1,0,1,1
750033,0,1,0,0,0,0,0,0,1,0
750036,0,0,1,0,0,0,1,1,1,0
750040,0,0,0,0,0,0,0,1,1,0
750044,0,1,1,1,0,0,0,0,1,0
750048,0,0,0,0,1,0,1,1,1,0
750051,0,0,1,0,0,0,0,0,1,0
750055,0,0,0,0,0,0,0,0,1,0
750059,0,0,0,0,0,0,1,0,1,0
750063,0,1,0,1,0,0,1,1,1,0
750066,0,0,0,0,0,0,1,0,1,0
750070,0,0,0,0,0,0,1,0,1,0
750074,0,0,0,0,0,0,0,0,1,0
750078,0,0,1,1,0,0,1,0,1,0
750082,0,0,1,0,0,0,0,0,1,0
750085,0,0,0,0,0,0,0,0,1,0
750089,0,0,0,0,0,0,0,0,1,0
750093,0,0,0,0,0,0,0,0,1,0
750097,0,0,1,0,0,0,0,0,1,0
760003,0,0,0,0,0,0,0,0,1,0
760010,0,0,0,0,0,0,0,0,1,0
760016,0,1,1,1,0,0,1,0,1,0
760022,0,1,0,0,0,0,1,0,1,0
760029,0,1,0,1,0,0,1,0,1,0
760035,0,0,1,1,0,0,0,0,1,0
760041,0,1,0,0,0,0,1,0,1,0
760048,0,0,0,1,0,0,0,0,1,0
760054,0,0,1,0,0,0,1,0,1,0
760060,0,0,0,0,0,0,1,0,1,0
760066,0,1,0,0,0,0,1,0,1,0
760073,0,0,0,0,0,0,0,1,1,0
760079,0,0,1,1,0,0,0,0,1,0
760085,0,0,1,1,0,0,0,1,1,0
760092,0,1,1,0,0,0,0,0,1,0
760098,0,0,0,0,0,0,1,0,1,0
760104,0,0,0,0,0,0,0,0,1,0
760111,0,0,0,0,0,0,0,0,1,0
760117,0,0,1,0,0,0,1,0,1,0
760130,0,0,0,1,0,0,0,0,1,0
760136,0,0,0,0,0,0,0,0,1,0
760142,0,0,0,1,0,0,0,0,1,0
760148,0,0,0,1,0,0,0,0,1,0
760155,0,0,0,0,0,0,0,0,1,0
760161,0,0,0,1,0,1,1,1,1,0
770002,0,0,0,0,0,0,0,0,1,0
770008,0,0,0,0,0,0,0,0,1,0
770015,0,0,1,1,0,0,0,0,1,0
770021,0,1,0,0,0,0,0,0,1,0
770027,0,0,0,0,0,0,0,0,1,0
770033,0,0,0,0,1,0,0,0,1,0
770039,0,0,0,1,1,0,0,0,1,0
770045,0,0,0,0,0,0,1,1,1,0
770051,0,0,0,0,0,0,0,0,1,0
770057,0,0,1,0,0,0,1,0,1,0
770063,0,0,0,0,0,0,0,0,1,0
770069,0,0,0,0,0,0,0,0,1,0
770081,0,0,0,1,1,0,0,0,1,0
770087,0,0,0,0,0,0,0,0,1,0
770094,0,1,0,0,0,0,1,0,1,0
770100,0,,0,0,0,0,0,0,1,0
770106,0,1,0,1,1,0,0,0,1,0
770112,0,0,0,0,0,0,0,0,1,0
770118,0,0,0,0,1,0,0,0,1,0
770124,0,0,0,0,0,0,0,0,1,0
770130,0,0,0,0,0,0,1,0,1,0
770136,0,0,0,1,0,0,1,0,1,0
770142,0,0,0,0,0,0,1,0,1,0
770148,0,1,0,1,1,0,0,0,1,1
770154,0,0,0,0,0,0,1,0,1,0
780001,0,0,0,1,0,0,0,1,1,0
780007,0,0,0,0,0,0,0,0,1,0
780012,0,0,1,0,0,0,0,1,1,0
780018,0,0,0,0,0,0,0,0,1,0
780023,0,0,0,0,0,0,1,0,1,0
780028,0,0,0,0,0,0,1,0,1,0
780034,0,0,0,0,0,0,1,0,1,0
780039,0,1,0,0,0,0,1,0,1,0
780044,0,0,0,0,0,0,0,0,1,0
780050,0,1,0,0,0,0,1,0,1,0
780055,0,0,0,0,0,0,0,0,1,0
780061,0,0,0,1,0,0,0,0,1,0
780066,0,0,0,0,0,0,0,0,1,0
780071,0,0,0,0,0,0,1,0,1,0
780077,0,0,1,0,1,0,0,0,1,1
780082,0,0,0,0,0,0,1,0,1,0
780088,0,0,0,1,0,0,0,0,1,0
780093,0,0,1,1,1,0,1,1,1,0
780098,0,0,0,1,0,0,0,0,1,0
780104,0,0,0,0,0,0,0,0,1,0
780109,0,0,0,0,0,0,0,0,1,0
780114,0,0,0,0,0,0,1,0,1,0
780120,0,0,0,0,0,0,1,0,1,0
780125,0,0,0,0,0,0,0,0,1,0
780131,0,0,0,0,0,0,0,0,1,0
780136,0,0,0,0,0,0,1,0,1,0
790005,0,0,0,0,0,0,0,0,1,0
790010,0,1,0,0,0,0,1,0,1,0
790016,0,0,0,0,0,0,0,0,1,0
790021,0,0,0,1,0,0,1,0,1,0
790026,0,0,0,1,0,0,0,0,1,0
790031,0,0,0,0,0,0,0,0,1,0
790036,0,0,1,1,1,0,0,0,1,0
790041,0,0,0,0,0,0,0,0,1,0
790046,0,0,0,1,0,0,0,0,1,1
790051,0,0,0,1,0,0,1,1,1,1
790056,0,0,0,0,0,0,1,0,1,0
790061,0,0,0,0,0,0,0,1,1,0
790066,0,0,0,0,0,0,1,0,1,0
790071,0,0,0,0,0,0,1,0,1,0
790076,0,0,0,1,0,0,1,0,1,0
790082,0,1,0,0,0,0,0,0,1,0
790087,0,0,0,0,0,0,1,0,1,0
790092,0,0,1,0,0,0,1,0,1,0
790097,0,0,0,0,0,0,1,0,1,0
790102,0,1,0,0,0,0,0,0,1,0
790107,0,1,0,0,0,0,1,0,1,0
790112,0,0,0,0,0,0,0,0,1,0
790117,0,0,0,0,0,0,0,0,1,0
790122,0,0,0,0,0,0,0,0,1,0
790127,0,0,0,1,0,0,0,0,1,0
790132,0,0,0,0,0,0,0,0,1,0
800004,0,0,0,0,0,0,0,0,1,0
800009,0,0,0,0,0,0,0,0,1,0
800013,0,1,0,0,0,0,0,0,1,0
800017,0,0,1,0,0,0,0,0,1,0
800021,0,0,0,0,0,0,1,0,1,0
800025,0,0,0,0,0,0,1,0,1,0
800029,0,0,0,0,0,0,0,0,1,0
800033,0,0,0,1,0,0,1,0,1,0
800037,0,0,0,0,0,0,0,0,1,0
800041,0,1,0,1,0,0,1,0,1,0
800046,0,0,0,0,0,0,0,0,1,0
800050,0,1,0,0,0,0,0,0,1,0
800054,0,1,1,0,0,0,1,0,1,0
800058,0,0,0,0,0,0,1,0,1,0
800062,0,0,0,1,0,0,0,0,1,1
800066,0,0,1,1,0,0,1,0,1,0
800070,0,0,0,0,0,0,0,0,1,0
800074,1,0,0,0,0,0,1,0,1,0
800078,0,1,1,1,0,0,1,0,1,0
800083,0,0,1,1,0,0,1,0,1,0
800087,0,0,0,0,0,0,1,0,1,0
800091,0,0,0,0,0,0,1,0,1,0
800095,0,0,0,0,0,0,1,0,1,0
800099,0,0,0,0,1,0,0,0,1,0
800103,0,0,1,1,0,0,0,0,1,0
800107,0,0,1,1,0,0,0,0,1,0
810003,0,0,0,0,0,0,1,0,1,0
810008,0,0,0,0,0,0,1,1,1,0
810013,0,0,0,0,0,0,0,0,1,0
810018,0,1,0,0,0,0,0,1,1,0
810023,0,0,0,0,0,0,0,0,1,0
810028,0,0,0,1,0,1,1,1,1,0
810033,0,,1,0,0,0,0,0,1,0
810038,0,0,0,0,0,1,1,1,1,0
810043,0,0,0,0,0,0,1,0,1,1
810048,0,0,1,0,0,0,0,0,1,0
810053,0,0,0,0,0,0,1,0,1,0
810058,0,0,0,1,0,0,1,1,1,0
810063,0,0,0,1,0,0,1,0,1,0
810068,1,1,1,0,0,0,1,0,1,0
810073,0,0,0,0,0,0,1,0,1,0
810078,0,0,0,0,0,0,0,0,1,0
810083,0,0,1,0,0,0,0,0,1,0
810088,0,1,0,0,0,0,1,1,1,1
810093,0,0,0,0,0,0,0,0,1,0
810098,0,0,1,1,0,0,1,1,1,0
810103,0,0,0,0,0,0,0,0,1,0
810108,0,,0,0,0,0,0,0,1,0
810113,0,0,0,0,0,0,0,0,1,0
810118,0,0,1,0,0,0,1,1,1,0
810122,0,0,0,0,0,0,1,0,1,0
810127,0,0,0,0,0,0,1,1,1,0
820002,0,0,0,1,1,0,0,1,1,1
820005,0,0,0,1,1,0,0,1,1,1
820007,0,1,0,1,0,0,0,1,1,0
820010,0,0,0,1,0,1,0,0,1,0
820012,0,0,1,1,1,1,1,1,1,0
820014,0,0,0,1,1,0,0,0,1,1
820017,0,0,1,1,1,0,1,1,1,1
820019,0,0,0,1,1,1,0,1,1,0
820021,0,0,0,1,0,0,1,1,1,0
820024,0,0,0,1,0,0,1,1,1,1
820026,0,0,0,1,1,0,1,1,1,0
820029,0,0,0,0,0,0,0,0,1,0
820031,0,0,1,0,0,0,1,1,1,0
820033,0,0,0,1,1,1,0,1,0,1
820036,0,0,0,1,0,0,0,1,1,1
820038,0,1,0,0,0,0,0,0,1,0
820041,0,0,0,1,0,0,1,1,1,0
820043,0,0,0,0,1,0,0,1,1,0
820045,0,0,0,0,1,0,0,1,1,0
820048,0,0,1,0,1,0,0,1,1,0
820050,0,0,0,0,0,0,0,1,1,0
820052,0,0,0,1,1,0,0,1,1,1
820055,0,0,0,1,0,0,1,1,1,0
820057,0,1,0,0,0,0,1,1,1,1
820060,0,0,0,1,1,0,1,1,1,0
820062,0,0,0,0,0,0,1,1,1,0
830002,0,0,1,0,0,0,0,0,1,0
830007,0,1,0,0,1,1,1,1,1,0
830012,0,1,0,0,0,1,1,0,1,0
830017,0,0,0,0,1,0,1,1,1,0
830022,0,1,0,0,1,1,0,1,0,1
830027,1,1,0,0,1,0,1,1,1,0
830032,0,0,0,0,0,0,0,1,1,0
830037,1,1,1,1,1,1,1,1,1,0
830047,0,0,0,0,0,1,0,1,1,0
830052,0,1,1,1,1,0,1,1,1,0
830057,0,0,1,0,1,1,1,1,1,0
830061,0,1,1,0,1,1,0,1,1,0
830066,0,0,0,0,1,1,0,1,1,0
830071,0,0,1,0,1,1,1,1,1,0
830076,0,0,0,0,1,1,1,1,1,1
830081,0,1,1,1,0,0,1,1,1,0
830086,1,0,0,1,0,0,1,1,1,0
830091,0,0,0,0,1,0,0,1,1,0
830096,0,1,0,0,1,1,1,1,1,0
830101,1,1,0,0,0,1,0,1,1,0
830106,0,0,0,0,0,0,1,1,1,0
830111,0,0,1,0,1,0,1,1,1,0
830121,0,1,1,0,1,0,1,1,1,0
840001,0,,1,0,1,1,1,1,1,0
840004,0,0,1,0,0,1,1,1,1,0
840006,1,1,1,0,0,1,1,1,1,0
840009,0,1,1,1,1,1,1,1,1,0
840011,1,0,1,0,0,1,1,1,1,0
840014,0,1,1,1,0,1,1,1,1,0
840016,0,0,1,1,0,1,1,1,1,0
840018,0,0,0,1,1,1,1,1,1,0
840021,0,1,1,1,1,0,1,1,1,0
840023,0,1,1,0,0,0,1,1,1,0
840026,0,1,1,0,0,1,1,1,1,0
840028,0,1,0,1,0,1,1,1,1,0
840030,1,0,1,0,1,1,1,1,1,0
840033,0,0,1,1,0,1,1,1,1,0
840035,0,1,0,1,0,1,1,1,1,0
840038,0,1,0,1,0,1,1,1,1,0
840040,0,1,1,0,1,1,1,1,1,0
840043,0,0,1,1,1,0,1,1,1,0
840045,1,1,1,1,1,1,1,1,1,0
840047,1,1,1,0,1,0,0,1,1,0
840050,0,1,1,0,0,0,0,1,1,0
840052,0,0,1,0,0,0,1,1,1,0
840055,0,0,1,0,0,0,0,1,1,0
840060,0,1,1,1,0,0,1,1,1,0
840062,0,0,1,0,0,0,1,1,1,0
850002,0,0,1,1,0,0,1,1,1,0
850009,0,1,0,1,0,0,1,0,1,0
850015,0,0,0,1,0,0,1,1,1,0
850021,0,0,0,0,0,1,0,0,1,0
850027,1,0,1,0,0,0,0,1,1,0
850034,0,1,0,0,1,1,1,0,1,0
850040,0,0,0,1,0,0,1,1,1,0
850046,1,0,1,0,0,1,1,1,1,0
850053,0,1,1,0,0,0,1,1,1,0
850059,1,1,0,0,0,0,1,1,1,0
850065,0,0,1,0,1,0,1,1,1,0
850071,0,0,1,0,0,0,0,1,1,0
850078,0,0,1,1,0,1,1,1,1,0
850084,0,0,1,1,0,0,1,1,1,0
850090,0,0,0,0,0,0,1,1,1,0
850096,1,0,1,0,0,0,1,1,1,0
850103,0,0,0,0,0,0,0,1,1,0
850109,1,0,0,0,1,1,0,0,1,0
850115,0,1,0,0,0,0,0,1,1,0
850122,0,1,1,0,0,0,1,1,1,0
850134,1,0,1,1,0,0,0,0,1,0
850140,0,0,1,0,0,1,1,1,1,0
850147,0,1,0,0,0,0,1,1,1,0
850153,1,0,1,0,0,1,1,1,1,0
850159,1,0,1,0,0,0,1,1,1,0
860001,0,0,0,0,1,0,1,1,1,0
860005,0,0,0,0,1,0,1,1,1,0
860010,0,0,0,0,1,0,1,1,1,0
860014,0,0,0,1,1,0,1,1,1,0
860018,0,0,0,0,1,0,1,1,1,0
860022,0,1,0,0,1,0,1,1,1,0
860026,0,0,0,0,1,0,1,1,1,0
860030,0,1,0,0,1,0,1,1,1,0
860034,0,0,0,0,1,0,1,1,1,0
860038,0,0,1,1,1,0,1,1,1,0
860042,0,0,0,0,1,1,1,1,1,0
860046,0,0,0,1,1,1,1,1,1,0
860050,0,1,0,0,1,0,1,1,1,0
860054,0,0,0,0,1,0,1,1,1,0
860058,0,0,0,0,1,1,1,1,1,0
860063,0,0,1,1,1,0,1,1,1,0
860067,0,1,1,0,1,0,1,1,1,0
860071,0,0,0,0,0,0,1,1,1,0
860075,0,0,1,1,1,1,1,0,1,0
860079,0,1,0,1,1,0,1,1,1,0
860083,0,1,0,0,1,0,1,1,1,0
860087,0,1,0,1,1,0,1,1,1,0
860091,0,0,0,1,1,0,1,1,1,0
860095,0,0,0,1,1,0,1,1,1,1
860099,0,0,0,0,1,0,1,1,1,0
860103,0,0,1,1,1,0,1,1,1,1
870006,0,0,0,1,0,0,1,0,1,0
870013,0,1,0,1,0,0,1,1,1,0
870019,0,0,0,0,0,0,0,0,1,0
870026,0,1,0,1,0,0,1,1,1,0
870032,0,0,0,0,0,0,1,1,1,0
870038,0,0,0,0,1,0,1,0,1,1
870045,0,,0,0,0,0,1,1,1,1
870051,0,1,0,0,0,0,1,0,1,0
870057,0,0,0,1,0,0,1,1,0,0
870064,0,0,0,0,0,0,1,1,1,0
870070,0,0,0,0,0,0,1,0,1,1
870077,0,0,0,1,0,0,1,1,1,0
870083,1,0,0,0,0,0,0,0,1,0
870089,0,1,0,0,0,0,1,0,1,0
870096,0,0,0,1,0,0,1,0,1,0
870102,0,1,0,0,0,0,1,1,1,0
870109,0,0,0,0,0,0,1,0,1,0
870115,0,1,0,0,0,0,0,1,1,0
870121,0,0,0,0,0,0,1,1,1,0
870128,0,0,0,0,0,0,0,1,1,0
870134,0,0,0,1,0,0,1,0,1,0
870140,0,0,0,0,0,0,1,0,1,0
870147,0,0,0,0,0,0,1,1,1,0
870153,0,0,0,1,0,0,0,0,1,0
870160,0,0,1,0,0,0,0,0,1,0
870166,0,0,0,1,1,0,1,0,1,0
880005,1,0,1,1,1,1,1,1,1,0
880011,0,0,0,1,1,1,1,1,1,0
880017,0,0,1,1,1,1,1,1,1,1
880022,0,0,0,1,1,1,1,1,1,0
880028,0,1,0,1,1,1,1,1,1,0
880034,0,0,0,1,1,1,1,1,1,0
880040,0,1,1,1,1,1,1,1,1,1
880045,0,0,1,0,1,1,1,1,1,1
880051,0,0,1,1,1,1,1,1,1,0
880057,0,0,1,1,1,1,1,1,1,0
880062,0,0,1,1,1,1,1,1,1,0
880068,0,1,1,1,1,1,1,1,1,0
880074,1,0,1,1,1,1,1,1,1,0
880079,0,0,1,1,1,0,1,1,1,0
880085,0,0,1,1,1,1,1,1,1,0
880091,0,0,0,1,1,0,1,1,1,0
880096,0,1,0,1,1,1,1,1,1,0
880102,0,0,0,0,1,0,1,1,1,0
880108,0,0,1,1,1,0,1,1,1,0
880114,0,,1,1,1,1,1,1,1,0
880119,0,1,1,1,1,1,1,1,1,0
880125,0,0,1,0,1,1,1,1,1,0
880131,0,0,1,1,1,0,1,1,1,0
880136,0,0,1,0,1,0,1,1,1,1
880142,0,0,1,1,0,1,1,0,1,0
880148,0,0,1,1,0,1,1,1,1,0
890003,0,1,0,0,1,0,1,1,1,0
890008,0,0,0,1,0,0,1,0,1,0
890013,0,0,0,1,1,0,0,1,1,0
890018,0,,0,0,0,0,1,0,1,0
890022,0,0,0,0,0,1,1,1,1,0
890027,0,0,0,0,1,0,1,1,1,0
890032,0,0,0,1,1,0,1,1,1,0
890037,0,0,0,0,1,1,1,1,1,0
890041,0,0,0,0,0,0,0,0,1,0
890046,0,0,0,0,0,0,0,0,1,0
890051,0,0,0,1,1,0,1,1,1,0
890055,0,1,1,0,1,0,1,1,1,0
890060,0,0,0,0,1,0,1,1,1,1
890065,0,0,0,0,0,0,1,1,1,0
890070,0,0,0,0,0,0,1,0,1,0
890074,0,1,0,1,1,0,1,1,1,0
890079,0,0,1,1,0,0,1,1,1,0
890084,0,0,0,0,1,0,0,0,1,0
890089,0,0,0,1,0,0,1,0,1,0
890093,0,0,0,0,1,0,0,1,1,0
890098,0,0,0,1,1,0,1,1,1,0
890103,0,0,0,0,1,0,1,1,1,0
890107,0,1,0,0,1,0,1,1,1,0
890112,0,0,0,1,0,0,0,1,1,0
890117,0,0,0,0,0,0,1,1,1,0
890122,0,,0,0,1,0,0,1,1,0
900004,0,1,0,1,1,1,0,1,1,0
900011,0,0,1,0,1,1,0,0,1,0
900018,0,0,1,1,0,0,0,0,1,0
900025,0,1,0,1,1,0,1,1,1,1
900031,0,0,1,1,1,0,0,0,1,0
900038,0,0,0,1,1,0,1,1,1,0
900045,0,0,1,1,0,0,0,0,1,0
900052,0,0,1,0,1,0,1,1,1,0
900059,0,1,1,1,0,0,0,0,1,0
900065,1,0,0,1,1,1,1,1,1,1
900072,0,0,1,1,0,0,0,0,1,0
900079,0,1,1,0,1,1,1,1,1,0
900086,0,1,1,0,1,1,1,1,1,0
900092,0,0,0,1,1,1,1,1,1,0
900099,0,0,1,0,1,1,1,1,1,1
900106,0,1,1,0,1,1,1,1,1,0
900113,0,1,1,1,1,0,1,1,1,0
900119,0,1,1,1,1,0,1,1,1,0
900126,0,1,1,0,1,1,1,1,1,0
900133,0,1,1,1,0,0,0,0,1,0
900140,1,1,1,1,1,1,0,1,1,0
900147,0,1,1,1,1,1,0,0,1,0
900153,0,1,0,1,1,1,1,1,1,0
900160,0,1,1,1,1,1,1,1,1,0
900167,0,0,1,1,1,0,0,1,1,0
900174,1,0,1,0,1,1,1,1,1,0
910003,0,0,1,1,1,1,1,1,1,1
910010,0,1,1,1,0,1,1,1,1,0
910017,0,0,0,1,1,1,1,1,1,1
910023,0,0,0,1,0,0,1,1,1,0
910030,0,0,0,1,1,1,1,1,1,0
910037,0,0,1,0,1,1,1,1,1,0
910043,0,0,0,1,1,1,1,1,1,0
910050,0,1,0,0,1,1,1,1,1,0
910057,0,0,1,1,1,1,1,1,1,0
910063,0,1,0,1,0,1,1,1,1,0
910070,0,0,1,1,1,1,1,1,1,1
910077,1,1,1,1,1,1,0,1,1,0
910083,0,0,1,1,1,1,1,1,1,1
910090,0,0,1,0,1,1,1,1,1,1
910097,0,0,0,0,0,1,0,1,1,0
910103,0,1,1,1,1,1,1,1,1,0
910110,0,1,0,1,0,0,1,1,1,0
910117,0,0,0,0,0,0,1,1,1,0
910123,0,0,0,0,1,1,0,1,1,0
910130,0,0,0,0,0,1,1,1,1,0
910136,0,1,0,0,1,0,1,1,1,0
910143,1,0,1,1,1,0,1,1,1,1
910150,0,0,0,0,1,1,0,1,1,1
910156,0,0,1,1,1,1,1,1,1,0
910163,0,0,0,1,1,0,1,1,1,1
910170,0,1,1,1,1,1,1,1,1,0
920001,0,0,0,1,1,0,1,1,1,0
920005,0,0,1,0,0,1,1,1,1,0
920009,0,0,0,1,0,1,1,0,1,1
920012,0,1,1,1,1,1,1,1,1,1
920016,0,0,1,1,1,0,1,1,1,1
920020,0,1,0,0,1,1,1,1,1,0
920023,0,0,0,1,1,0,1,1,0,1
920027,1,1,0,0,0,0,1,1,1,0
920031,0,1,0,1,1,0,1,1,1,0
920034,0,0,0,1,0,0,1,1,1,0
920038,0,0,0,1,1,0,1,1,1,0
920042,0,0,1,1,1,1,1,1,1,1
920045,0,0,1,1,1,1,1,1,1,1
920049,1,1,1,1,1,1,1,1,1,1
920053,0,0,0,1,1,1,1,1,1,0
920056,0,1,1,1,0,1,1,1,1,0
920060,0,0,1,1,1,1,1,1,1,1
920064,1,1,1,1,1,0,1,1,1,1
920067,1,1,1,1,1,1,1,1,1,0
920071,0,1,1,1,1,1,1,1,1,1
920074,0,0,1,1,1,1,1,1,1,0
920078,0,1,1,1,1,1,1,1,1,1
920082,1,0,0,1,1,1,1,1,1,1
920085,0,0,0,0,1,1,1,1,1,0
920089,1,1,0,1,1,1,1,1,1,0
920093,0,0,1,1,1,1,1,1,1,0
930001,0,0,0,1,1,1,1,1,1,1
930004,1,0,1,1,1,1,1,1,1,0
930007,0,,0,1,1,1,1,1,1,0
930011,0,0,1,1,1,1,1,1,1,1
930014,0,1,1,1,1,1,1,1,1,0
930017,0,1,0,1,1,1,1,1,1,1
930020,1,1,1,1,1,1,1,1,1,0
930023,1,1,0,1,1,1,1,1,1,1
930026,0,1,1,1,1,1,1,1,1,0
930029,0,1,1,1,1,1,1,1,1,1
930032,1,1,1,1,1,1,1,1,1,0
930035,1,0,1,1,1,1,1,1,1,0
930038,0,0,0,1,1,1,1,1,1,0
930041,0,0,1,1,1,1,1,1,1,0
930044,0,1,1,1,1,1,1,1,1,0
930047,0,0,0,1,1,1,1,1,1,0
930050,0,0,1,1,1,1,1,1,1,0
930053,0,0,1,1,1,1,1,1,1,0
930056,0,0,1,1,1,1,1,1,1,1
930059,0,0,1,1,1,1,1,1,1,0
930062,0,0,1,1,1,1,1,1,1,0
930065,0,0,0,1,1,1,1,1,1,0
930068,0,1,1,1,1,1,1,1,1,0
930071,0,0,0,1,1,1,1,1,1,0
930074,0,1,0,1,1,1,1,1,1,0
930077,0,0,1,1,1,1,1,1,1,0
940001,0,0,0,1,1,1,1,1,1,1
940007,0,1,1,1,1,1,1,1,1,0
940012,0,0,0,1,1,1,1,1,1,0
940018,1,1,0,0,1,1,1,1,1,0
940023,1,1,1,1,1,1,1,1,1,1
940029,0,0,0,1,1,1,1,1,1,1
940034,0,0,0,1,1,1,1,1,1,0
940040,0,1,0,1,1,1,1,1,1,0
940045,0,0,0,1,1,1,1,1,1,0
940051,1,1,0,1,1,1,1,1,1,0
940056,1,0,0,0,1,1,1,1,1,0
940061,0,0,0,1,1,1,1,1,1,0
940067,0,0,0,1,1,1,1,1,1,1
940072,0,0,0,1,1,1,1,1,1,0
940078,0,0,1,1,1,1,1,1,1,0
940083,0,1,0,1,1,1,1,1,1,0
940089,0,1,0,1,1,1,1,1,1,0
940094,0,1,1,1,1,1,1,1,1,0
940100,0,0,1,1,1,1,1,1,1,1
940105,0,0,0,1,1,1,1,1,1,1
940111,0,0,1,0,1,1,1,1,1,0
940116,0,0,1,1,1,1,1,1,1,0
940122,0,0,1,1,1,1,1,1,1,0
940127,1,1,0,1,1,1,1,1,1,1
940132,1,0,1,1,1,1,1,1,1,0
940138,0,0,0,1,1,1,1,1,1,0
950005,0,1,0,1,1,1,1,1,1,1
950011,0,1,1,1,1,1,1,1,1,0
950016,0,1,0,1,1,1,1,1,1,0
950021,0,1,1,1,1,1,1,1,1,0
950027,0,0,1,1,1,1,1,1,1,0
950043,0,1,0,0,1,1,1,1,1,0
950048,0,0,1,1,1,1,1,1,1,0
950053,0,0,1,1,1,1,1,1,1,1
950058,0,1,0,1,1,1,1,1,1,1
950069,0,0,0,1,1,1,1,1,1,1
950074,0,0,0,1,1,1,1,1,1,0
950085,0,0,0,1,1,1,1,1,1,1
950090,0,0,1,1,1,1,1,1,1,1
950106,0,1,1,1,1,1,1,1,1,1
950112,0,0,0,1,1,0,1,1,1,0
950117,0,1,0,1,1,1,1,1,1,1
950122,1,,0,1,1,0,1,1,1,0
950127,0,1,1,0,1,1,1,1,1,0
950133,0,0,0,1,1,0,1,1,1,0
950138,0,0,1,1,1,1,1,1,1,0
960003,0,0,1,1,1,1,1,1,1,1
960007,0,0,0,1,0,1,1,1,1,0
960011,0,0,0,1,0,1,1,1,1,0
960014,0,0,1,1,0,1,1,0,1,0
960018,0,0,1,0,0,1,1,1,1,1
960022,0,0,0,0,0,1,1,0,1,0
960026,0,0,1,1,1,1,1,1,1,1
960029,0,0,0,1,1,1,1,1,1,1
960033,0,1,0,1,1,1,1,1,1,1
960037,0,0,0,0,1,1,1,1,1,0
960040,,0,0,1,1,1,1,1,1,1
960044,0,0,0,1,1,1,1,1,1,1
960048,0,0,1,1,0,1,1,1,1,1
960051,0,1,1,1,1,1,1,1,1,0
960055,0,0,0,1,1,1,1,1,1,0
960059,0,0,0,0,1,1,1,1,1,0
960062,1,1,0,1,1,1,1,1,1,0
960066,0,0,1,0,1,1,1,1,1,1
960070,0,1,0,1,1,1,1,1,1,1
960074,0,0,1,1,1,0,1,0,1,0
960077,0,0,0,1,1,1,1,1,1,1
960081,0,1,1,1,1,0,1,1,1,1
960085,0,1,1,0,1,1,1,1,1,0
960088,1,0,1,1,1,0,1,1,1,0
960092,0,0,1,1,1,1,1,1,1,0
960096,0,1,1,1,1,0,1,1,1,0
970004,1,1,1,0,1,1,1,1,1,0
970011,1,0,0,1,1,1,1,1,1,1
970017,0,0,0,1,1,0,1,1,1,1
970023,1,0,1,1,1,1,1,1,1,1
970030,0,0,0,1,1,1,1,1,1,1
970036,0,0,1,1,1,0,1,1,1,1
970042,0,0,1,1,1,0,0,1,1,1
970049,1,0,0,1,1,1,1,1,1,1
970055,0,0,0,1,1,1,1,1,1,0
970062,0,1,1,0,1,1,1,1,1,0
970068,0,0,1,0,1,1,1,1,1,1
970074,1,0,0,0,1,1,1,1,1,0
970081,0,0,0,0,1,1,0,1,1,0
970087,0,0,0,1,1,1,1,1,0,1
970093,1,0,1,1,1,1,1,1,1,0
970100,0,1,0,0,1,1,1,1,1,0
970106,0,1,1,0,1,1,1,1,1,0
970112,0,0,1,0,1,0,1,1,1,1
970119,0,0,1,0,0,0,1,1,1,0
970125,0,1,0,1,1,1,1,1,1,0
970131,0,0,0,1,1,1,1,1,1,1
970138,0,,0,1,1,1,1,1,1,1
970144,0,0,0,1,1,1,1,1,1,1
970150,0,0,0,0,1,1,1,1,1,1
970157,1,1,1,0,1,1,0,1,1,0
970163,0,0,0,1,1,1,1,1,1,1
980004,1,1,1,0,0,1,1,1,1,0
980010,0,0,0,1,0,1,0,1,1,0
980017,0,1,1,1,0,1,1,1,1,0
980023,0,1,1,0,0,1,1,1,1,0
980029,0,1,1,0,0,1,1,1,1,0
980035,0,1,0,1,0,1,1,1,1,0
980041,0,0,1,1,0,1,1,1,1,0
980047,0,0,0,1,0,1,1,1,1,0
980053,0,0,0,1,0,1,1,1,1,0
980059,0,0,0,1,0,1,1,1,1,0
980065,0,0,0,,0,1,1,1,1,0
980071,0,0,1,0,0,0,1,1,1,0
980077,0,0,0,0,0,1,1,1,1,0
980083,1,1,1,1,0,1,1,1,1,0
980089,0,0,1,1,1,0,1,1,1,0
980096,1,0,0,1,1,0,1,1,1,0
980102,0,0,0,0,0,1,1,0,1,0
980108,0,0,0,0,0,1,1,1,1,0
980114,1,1,1,0,0,0,1,1,1,0
980120,0,1,0,0,0,0,1,1,1,0
980126,1,0,0,1,0,0,1,1,1,0
980132,1,0,0,0,0,0,1,1,1,0
980138,1,1,0,0,0,0,1,1,1,0
980144,0,1,1,0,0,1,1,1,1,0
980150,0,1,1,0,0,0,0,1,1,0
980156,0,0,0,1,0,0,1,1,1,0
990001,0,1,1,1,0,1,1,1,1,0
990002,0,1,1,0,0,1,1,1,1,0
990003,1,0,0,1,0,1,1,1,1,0
990004,0,1,0,1,0,1,1,1,1,0
990005,0,1,0,0,0,1,1,1,1,0
990006,0,0,1,0,0,1,1,1,1,0
990007,0,0,0,1,0,1,1,1,1,0
990008,0,1,1,0,1,0,1,1,1,0
990009,0,1,1,1,0,0,1,1,1,0
990010,0,0,0,0,0,1,1,1,1,0
990011,0,1,0,0,0,0,1,1,1,0
990012,0,0,0,0,0,1,1,1,1,0
990013,0,0,0,1,1,0,1,1,1,0
990014,0,0,0,1,0,1,1,1,1,0
990015,0,1,0,0,0,1,1,1,1,0
990016,0,1,1,1,0,1,1,1,1,0
990017,0,0,0,0,0,1,1,1,1,0
990018,1,1,1,0,0,1,1,1,1,0
990019,1,0,1,1,1,1,1,1,1,0
990020,0,1,1,1,1,1,1,1,1,0
990021,0,0,1,1,0,1,1,1,1,0
990022,0,0,0,1,0,1,1,1,1,0
990023,0,0,0,1,0,1,1,0,1,0
990024,1,1,0,0,0,0,1,1,1,0
990025,0,1,0,1,0,1,1,1,1,0
990026,0,0,0,1,1,1,1,1,1,1
1000001,0,1,1,1,1,0,1,1,1,0
1000005,0,0,1,1,1,1,1,1,1,0
1000008,0,0,1,1,1,1,1,1,1,0
1000012,0,0,1,1,1,1,1,1,1,0
1000015,1,0,0,1,1,0,1,1,1,0
1000018,0,0,0,1,1,0,1,1,1,0
1000022,0,0,1,0,0,0,1,1,1,0
1000025,0,0,0,1,1,1,1,1,1,0
1000028,0,1,1,0,0,1,1,1,1,0
1000032,1,0,1,0,0,1,1,1,1,0
1000035,0,0,0,1,1,1,1,1,1,0
1000039,0,0,0,1,1,0,1,1,1,0
1000042,0,1,1,1,1,1,1,1,1,0
1000045,0,0,0,1,0,0,1,1,1,0
1000049,1,0,1,0,0,0,1,1,1,0
1000052,0,1,1,1,0,1,1,1,1,0
1000056,0,1,1,0,1,0,1,1,1,0
1000059,0,1,0,1,1,1,1,1,1,0
1000062,1,0,0,0,1,0,1,1,1,0
1000066,0,0,0,0,1,0,1,1,1,0
1000069,0,1,1,1,1,0,1,1,1,0
1000072,0,1,1,0,0,1,1,1,1,0
1000076,0,1,1,0,1,1,1,1,1,1
1000079,0,1,1,1,1,1,1,1,1,0
1000083,1,0,1,0,1,1,1,1,1,0
1000086,0,0,0,1,1,1,1,1,1,1
1010001,0,1,0,1,0,1,1,1,1,0
1010005,1,1,0,1,0,1,1,1,1,0
1010009,0,0,0,1,0,1,1,1,1,0
1010014,0,0,1,1,0,1,1,1,1,0
1010018,0,0,1,0,0,1,1,1,1,0
1010022,0,0,1,1,0,0,1,1,1,0
1010026,0,1,1,1,0,1,1,1,1,0
1010030,0,1,0,1,0,0,1,1,1,0
1010034,0,1,1,0,0,1,1,1,1,0
1010038,1,0,1,0,0,0,1,1,1,0
1010042,0,0,1,1,0,0,1,1,1,0
1010046,0,0,0,1,0,0,1,1,1,0
1010050,0,1,1,0,0,0,1,1,1,0
1010054,0,0,0,1,0,0,1,1,1,0
1010058,0,0,0,0,1,0,1,1,1,1
1010062,0,0,1,1,0,1,1,1,1,0
1010066,0,0,0,1,0,1,1,1,1,0
1010070,0,1,0,1,1,1,1,1,1,0
1010074,0,0,1,1,1,1,1,1,1,1
1010078,0,1,0,1,0,1,1,1,1,0
1010082,1,0,1,1,0,1,0,1,1,0
1010086,0,0,1,1,0,1,1,1,1,0
1010090,1,0,0,1,0,1,1,1,1,0
1010094,1,0,1,1,0,1,1,1,1,0
1010098,0,0,1,1,0,0,1,1,1,0
1010102,1,0,0,1,0,0,0,1,1,0
1020006,1,1,0,1,0,1,1,0,1,0
1020013,1,0,1,1,0,1,1,1,1,0
1020019,0,1,1,1,0,1,1,1,1,0
1020025,1,1,1,1,0,1,1,1,1,0
1020032,0,1,1,1,0,0,0,1,1,0
1020038,0,0,0,1,0,1,1,1,1,0
1020044,0,0,0,1,0,1,1,1,1,0
1020051,1,1,0,1,0,1,1,1,1,0
1020057,0,1,0,0,0,1,1,1,1,0
1020064,0,0,0,1,1,0,1,1,1,0
1020070,0,0,1,0,1,1,1,1,1,0
1020076,1,1,0,0,1,0,1,1,1,1
1020083,0,0,1,1,1,1,1,1,1,0
1020089,0,1,1,0,0,1,1,1,1,0
1020095,0,0,1,0,0,1,1,1,1,0
1020102,1,1,1,1,0,1,1,1,1,0
1020108,0,1,0,1,0,1,1,1,1,0
1020114,0,0,0,1,0,1,1,1,1,0
1020121,0,0,1,0,0,1,0,1,1,0
1020127,0,1,1,1,1,1,0,1,1,0
1020133,0,0,0,1,1,1,0,1,1,0
1020140,0,1,0,1,1,1,1,1,1,1
1020146,0,0,1,1,1,1,1,1,1,0
1020152,0,1,1,1,1,1,1,1,1,0
1020159,0,0,1,1,0,1,1,1,1,1
1020165,0,1,1,0,0,1,1,1,1,0
1030005,0,0,1,1,0,1,1,1,1,0
1030010,1,1,0,1,0,0,1,1,1,0
1030016,0,1,1,0,0,1,1,1,1,0
1030021,0,1,0,0,0,1,0,1,1,0
1030026,0,0,1,0,0,1,1,1,1,0
1030031,0,1,0,1,0,0,1,1,1,0
1030036,1,1,0,0,0,0,1,1,1,0
1030041,0,0,1,1,0,0,1,1,1,0
1030046,1,1,1,0,0,0,0,1,1,0
1030051,0,0,1,1,0,1,1,1,1,0
1030056,0,1,1,1,0,1,1,1,1,0
1030061,0,1,0,1,1,0,0,1,1,0
1030066,0,0,0,0,0,1,1,1,1,0
1030071,0,,0,0,0,0,0,1,1,0
1030076,0,,1,1,0,0,1,1,1,0
1030082,0,1,1,1,0,1,1,1,1,0
1030087,1,0,1,0,0,0,1,1,1,0
1030092,0,1,0,0,0,1,1,1,1,0
1030097,0,0,0,0,1,0,1,1,1,0
1030102,0,0,0,1,0,1,0,0,1,0
1030107,0,1,0,0,0,1,1,1,1,0
1030112,0,0,1,0,0,1,1,1,1,0
1030117,0,0,0,0,0,1,1,1,1,0
1030122,0,1,0,1,0,0,1,1,1,0
1030127,0,0,0,1,0,0,1,1,1,0
1030132,0,0,0,0,0,0,0,0,1,0
1040003,0,0,0,0,1,1,1,1,1,0
1040008,1,0,0,0,0,1,1,1,1,0
1040017,0,0,0,1,0,1,1,1,1,0
1040022,0,0,1,0,0,1,1,1,1,0
1040027,0,1,0,1,0,1,1,1,1,0
1040031,0,0,1,1,1,1,1,1,1,0
1040036,0,0,1,0,1,1,1,1,1,0
1040041,0,0,1,1,0,1,1,1,1,0
1040045,0,1,1,0,1,1,1,1,1,0
1040050,0,0,0,0,1,1,1,1,1,0
1040055,0,0,0,1,1,1,1,1,1,0
1040059,0,0,0,0,1,0,1,1,1,0
1040064,0,1,0,0,0,0,1,1,1,0
1040069,0,1,1,1,0,0,1,1,1,0
1040073,0,1,0,0,1,0,1,1,1,0
1040078,0,1,1,1,1,1,1,1,1,0
1040083,0,0,1,1,1,0,1,1,1,0
1040087,0,0,0,0,0,0,1,1,1,0
1040092,0,0,0,1,0,0,1,1,1,0
1040101,0,0,0,0,1,0,1,1,1,0
1040106,0,1,1,1,1,1,1,1,1,0
1040110,0,0,1,1,1,0,1,1,1,0
1040115,0,0,0,1,1,0,1,1,1,0
1040120,0,0,1,0,1,0,1,1,1,0
1050001,0,0,1,1,0,0,1,1,1,0
1050002,0,1,0,1,0,0,1,1,1,0
1050003,0,0,0,1,1,1,1,1,1,0
1050004,0,0,0,1,0,0,1,1,1,0
1050005,0,0,1,1,0,0,1,1,1,0
1050006,0,0,0,0,0,1,1,0,1,0
1050007,,0,1,1,1,1,1,1,1,1
1050008,1,1,0,1,0,1,1,0,1,0
1050009,0,1,0,0,0,0,1,1,1,0
1050010,0,0,0,1,0,0,1,0,1,0
1050011,0,1,0,0,0,0,1,1,1,0
1050012,1,1,1,1,0,0,1,1,1,0
1050013,1,0,1,0,0,0,1,1,1,0
1050014,0,0,0,0,0,0,1,1,1,0
1050015,1,0,1,1,1,0,1,1,1,1
1050016,0,0,0,1,0,1,1,1,1,0
1050017,0,0,1,1,0,0,1,1,1,0
1050018,0,1,1,1,1,0,1,1,1,0
1050019,0,1,1,1,0,0,1,1,1,0
1050020,1,0,0,1,1,0,1,1,1,0
1050021,0,0,0,1,0,1,1,0,1,0
1050022,0,0,0,1,1,1,1,1,1,0
1050023,0,0,1,1,0,0,1,0,1,0
1050024,0,1,0,1,0,0,1,1,1,0
1050025,0,0,1,1,0,0,1,0,1,0
1050026,0,0,1,1,0,0,1,1,1,0
1060001,0,0,0,1,1,1,1,1,1,0
1060004,0,0,1,1,0,1,1,1,1,0
1060006,0,1,0,1,0,0,1,1,1,0
1060009,0,1,1,0,0,0,1,1,1,0
1060011,1,1,1,1,1,0,1,1,1,0
1060014,0,0,1,1,0,0,1,1,1,0
1060016,0,1,1,1,0,0,1,1,1,0
1060019,0,0,1,1,1,0,1,1,1,0
1060021,0,0,0,0,1,0,1,1,1,0
1060024,1,0,1,1,1,1,1,1,1,0
1060026,0,1,0,1,0,1,1,1,1,0
1060029,0,1,1,0,0,0,1,1,1,0
1060031,0,1,1,1,0,1,1,1,1,0
1060034,0,1,1,1,0,0,0,1,1,0
1060036,0,1,1,1,1,0,1,1,1,0
1060039,0,0,1,1,1,1,1,1,1,0
1060041,1,0,1,1,1,1,1,1,1,0
1060044,0,0,0,1,0,0,1,1,1,0
1060046,0,1,1,1,1,1,1,1,1,0
1060049,1,0,1,1,0,0,1,1,1,0
1060051,0,1,1,0,0,0,1,1,1,0
1060054,0,1,0,0,1,0,1,1,1,0
1060056,0,0,0,1,1,0,1,1,1,0
1060059,0,0,1,0,1,0,1,1,1,0
1060061,0,1,0,1,1,0,1,1,1,0
1060064,0,1,1,1,1,1,1,1,1,0
1070002,0,1,1,0,1,1,1,1,1,0
1070007,0,1,1,1,0,0,1,1,1,0
1070012,0,0,0,0,1,0,0,1,1,0
1070017,0,1,0,1,0,0,0,0,1,0
1070022,0,0,1,1,1,1,1,1,1,0
1070027,0,0,0,1,1,1,1,1,1,0
1070032,1,0,0,1,1,1,1,1,1,0
1070037,0,0,0,1,0,0,1,1,0,0
1070042,0,0,1,1,1,1,1,1,1,0
1070047,1,,0,1,0,0,1,1,0,0
1070052,0,0,1,1,1,0,1,1,1,0
1070057,0,0,0,0,0,0,1,1,0,0
1070062,0,1,1,1,1,0,1,1,1,0
1070067,1,0,1,0,1,0,1,1,1,0
1070072,0,1,0,1,1,1,1,1,1,0
1070077,0,0,1,1,1,0,1,1,1,0
1070082,1,1,0,0,1,0,1,1,1,0
1070087,0,0,1,1,0,0,1,1,1,0
1070092,0,0,0,0,1,0,1,1,1,0
1070097,0,0,0,1,0,0,1,1,1,0
1070102,0,0,1,0,1,0,0,1,1,0
1070107,1,0,0,1,0,0,0,1,1,0
1070112,0,0,0,0,1,0,1,1,1,0
1070117,0,1,1,1,0,0,1,1,1,0
1070122,0,0,1,0,1,0,1,1,1,0
1070127,0,1,1,0,1,0,1,1,1,0
1080001,0,0,0,0,0,0,0,0,1,0
1080005,1,0,1,0,0,0,0,0,1,0
1080009,0,0,0,0,1,0,1,1,1,0
1080017,0,0,0,0,0,0,1,0,1,0
1080021,0,1,0,0,1,1,1,1,1,0
1080025,0,0,0,0,0,0,1,0,1,0
1080029,0,0,0,0,0,0,1,1,1,0
1080033,0,0,1,0,0,0,0,1,1,0
1080037,0,0,0,0,0,0,0,1,1,0
1080041,0,1,1,1,0,0,0,0,1,0
1080045,1,0,0,0,0,0,1,0,1,0
1080049,0,0,0,1,0,1,0,1,1,0
1080053,0,0,1,0,0,0,1,0,1,0
1080057,0,0,0,0,0,0,0,0,1,0
1080061,0,1,0,0,0,0,0,0,1,0
1080065,0,0,1,1,0,0,1,1,1,0
1080069,0,0,1,1,0,1,1,1,1,0
1080073,0,1,1,0,0,0,1,1,1,0
1080077,0,0,0,0,0,0,0,1,1,0
1080081,0,1,1,1,0,0,1,1,1,0
1080085,0,0,0,0,1,1,0,1,1,0
1080089,0,0,0,0,0,0,1,1,1,0
1080093,0,0,0,0,1,0,1,0,1,0
1080097,0,0,1,0,0,0,0,1,1,0
1080101,0,1,1,0,0,0,0,0,1,0
1090001,0,1,1,0,0,0,0,0,1,0
1090008,0,0,1,1,1,0,1,1,1,0
1090015,0,0,0,0,0,0,1,0,1,0
1090022,0,0,1,0,0,0,1,0,1,0
1090028,0,0,1,1,0,0,0,0,1,0
1090035,0,0,0,0,0,1,0,0,1,1
1090042,0,0,1,0,0,0,0,1,1,0
1090056,0,0,0,1,0,1,0,0,1,0
1090062,0,0,0,1,0,1,1,1,1,0
1090069,0,0,1,0,0,0,1,0,1,0
1090076,0,1,0,1,1,0,1,1,1,0
1090083,0,0,0,0,0,0,0,0,1,0
1090089,1,0,0,0,0,0,1,0,1,0
1090096,1,0,1,0,0,0,1,0,1,0
1090103,0,0,0,0,0,0,1,1,1,0
1090110,0,0,0,0,0,0,1,0,1,0
1090116,0,0,1,0,0,0,1,1,1,0
1090123,0,0,1,0,0,0,1,0,1,0
1090130,0,1,0,1,0,0,1,1,1,0
1090137,0,0,0,0,0,0,1,0,1,0
1090144,0,0,0,0,0,0,1,1,1,0
1090150,1,0,0,0,0,0,0,1,1,0
1090157,0,1,1,0,1,0,1,1,1,0
1090164,0,1,0,0,0,0,0,0,1,0
1090171,0,0,0,0,0,0,1,1,1,0
1100003,0,0,0,0,0,0,1,1,1,0
1100007,0,0,1,0,0,0,0,0,1,0
1100011,0,1,0,0,0,0,0,1,1,0
1100015,0,0,0,0,0,0,0,0,1,0
1100019,0,0,0,0,0,0,0,0,1,0
1100022,0,0,0,0,0,0,0,0,1,0
1100026,0,0,0,0,0,0,1,0,1,0
1100030,0,1,0,0,0,0,0,0,1,0
1100034,0,0,1,0,0,0,1,1,1,0
1100038,0,0,0,0,0,0,0,0,1,0
1100041,0,0,0,0,0,0,1,0,1,0
1100045,0,0,0,0,0,0,1,1,1,0
1100049,0,0,0,0,0,0,1,0,1,0
1100053,0,0,0,0,0,0,0,0,1,0
1100057,0,0,0,1,0,0,0,1,1,0
1100061,0,0,0,0,0,0,0,0,1,0
1100064,0,0,0,0,0,0,1,1,1,0
1100068,0,0,0,1,0,0,0,0,1,0
1100072,0,0,0,0,0,0,0,1,1,0
1100076,0,0,0,1,1,0,0,0,1,0
1100080,0,0,0,0,0,0,1,0,1,0
1100083,0,0,0,0,0,0,1,0,1,0
1100087,0,0,0,0,0,0,0,0,1,0
1100091,0,0,0,0,0,0,0,0,1,0
1100095,0,1,0,0,0,0,1,0,1,0
1100099,0,0,0,0,0,0,1,0,1,0
1110006,0,0,0,0,0,0,0,0,1,0
1110012,0,1,0,0,0,0,1,1,0,0
1110018,0,0,0,0,0,0,0,0,1,0
1110024,0,0,1,0,0,0,1,0,1,0
1110030,0,0,0,0,0,0,0,0,1,0
1110036,0,0,0,0,0,0,1,0,1,0
1110041,0,0,0,0,0,0,0,0,0,0
1110047,0,0,0,1,0,0,1,0,1,0
1110053,0,1,0,0,0,0,0,0,1,0
1110059,0,0,0,0,0,0,1,0,1,0
1110065,0,1,0,1,0,0,0,0,1,0
1110071,0,0,0,0,0,0,1,0,1,0
1110077,0,1,0,0,0,0,0,0,1,0
1110082,0,1,0,1,0,1,1,1,1,0
1110088,0,0,0,0,0,0,1,0,1,0
1110100,0,0,0,1,0,0,1,0,1,0
1110106,0,0,0,0,0,0,1,1,1,0
1110112,0,0,0,1,0,0,1,0,1,0
1110117,0,0,0,0,0,0,1,1,1,0
1110123,0,0,0,0,0,0,1,0,1,0
1110129,0,1,1,0,0,0,1,1,1,0
1110135,0,0,0,0,0,0,1,0,1,0
1110141,0,0,0,0,0,0,1,1,1,0
1110147,0,0,0,0,0,0,1,0,1,0
1110153,0,1,1,1,0,0,1,1,1,1
1120004,0,0,1,1,1,1,1,1,1,1
1120010,0,0,0,0,0,0,1,0,1,0
1120015,0,1,1,0,0,0,0,0,1,0
1120020,0,0,0,0,0,0,0,0,1,0
1120025,0,1,1,1,0,1,1,0,1,0
1120030,0,,0,1,0,1,0,1,1,0
1120035,0,0,1,1,0,0,1,0,1,1
1120040,0,0,0,0,0,1,1,1,1,0
1120051,0,0,0,0,0,1,1,1,1,0
1120056,0,0,0,0,0,0,1,0,1,0
1120061,0,0,0,0,1,1,1,1,1,0
1120066,0,0,0,0,0,0,1,0,1,0
1120071,0,0,0,0,0,1,0,1,1,0
1120077,1,0,0,1,0,1,0,1,1,0
1120082,0,1,0,0,0,0,0,0,1,0
1120087,0,0,0,0,0,0,1,0,1,0
1120092,0,1,0,1,1,0,1,0,1,0
1120097,0,1,0,1,1,0,1,1,1,0
1120102,0,0,0,0,1,0,1,1,1,0
1120107,0,0,0,0,0,0,0,0,1,0
1120113,0,1,0,0,0,0,1,0,1,0
1120118,0,0,1,0,1,0,1,0,1,1
1120123,0,0,0,0,0,0,1,0,1,0
1120128,0,1,1,0,0,0,0,0,1,0
1120133,0,0,0,0,0,0,1,0,1,0
1130004,0,0,0,1,0,0,1,1,1,0
1130010,0,0,0,0,0,1,1,1,1,0
1130016,1,1,0,0,0,1,1,1,1,0
1130022,1,0,0,0,0,1,1,1,1,0
1130028,0,0,0,0,0,0,1,1,1,0
1130034,0,1,1,0,0,0,1,1,1,0
1130040,1,1,0,0,0,0,1,1,1,0
1130046,0,0,0,0,0,1,1,1,1,0
1130052,1,1,0,0,0,0,1,1,1,0
1130058,0,0,0,1,0,1,0,1,1,0
1130064,0,1,0,1,0,1,1,1,1,0
1130070,0,1,0,1,0,0,1,1,1,0
1130076,0,0,0,0,0,0,1,1,1,0
1130082,0,0,1,0,0,0,1,1,1,0
1130088,0,0,0,1,1,0,1,1,1,1
1130094,0,1,1,1,0,1,1,1,1,0
1130100,0,0,1,0,0,0,1,1,1,0
1130106,0,0,0,0,0,0,0,1,1,0
1130112,0,0,0,0,0,0,1,0,1,0
1130118,0,1,1,0,0,0,1,0,1,0
1130124,0,0,1,1,0,0,1,1,1,0
1130130,0,0,0,0,0,1,1,1,1,0
1130136,0,0,1,0,1,1,1,1,1,1
1130142,0,1,1,1,1,0,1,1,1,0
1130148,0,0,1,0,0,1,1,1,1,0
1130154,1,0,1,0,0,0,1,0,1,0
1140003,0,0,0,0,1,0,0,1,1,0
1140008,0,0,1,1,1,0,1,1,1,1
1140014,0,1,1,1,0,0,1,1,1,0
1140019,0,0,1,1,0,0,1,0,1,0
1140024,0,0,0,0,1,0,1,1,1,0
1140029,0,0,1,1,1,0,1,1,1,0
1140034,0,0,0,1,1,0,1,1,1,0
1140039,0,1,1,0,1,0,1,1,1,0
1140044,0,0,1,1,1,0,1,1,1,0
1140049,0,1,1,1,0,0,1,1,1,0
1140054,0,0,1,1,1,0,1,1,1,0
1140059,0,0,0,0,0,0,1,1,1,0
1140064,0,,1,0,1,0,1,1,1,0
1140069,0,1,0,1,1,0,1,1,1,0
1140074,0,0,0,0,1,0,1,1,1,0
1140080,1,0,0,1,1,0,1,1,1,0
1140085,0,1,0,0,0,0,1,1,1,0
1140090,0,0,0,0,0,0,0,1,1,0
1140095,0,1,0,1,1,1,1,1,1,1
1140100,0,0,0,0,1,0,1,1,1,0
1140105,0,1,0,1,0,0,1,1,1,0
1140110,0,1,1,1,0,0,0,1,1,0
1140115,0,0,0,0,1,0,1,1,1,0
1140120,0,0,0,0,1,0,0,1,1,0
1140125,0,0,1,1,1,0,1,0,1,0
1140130,0,1,1,1,1,0,1,1,1,0
1150001,0,0,0,0,1,0,1,1,1,0
1150005,0,0,0,0,1,0,1,1,1,0
1150009,0,1,0,1,1,0,1,1,1,0
1150012,0,0,0,0,1,0,1,1,1,0
1150016,0,0,0,0,1,0,1,1,1,0
1150019,0,0,0,1,1,0,1,1,1,0
1150023,0,0,1,0,1,0,1,1,1,1
1150026,0,0,0,0,1,0,1,1,1,0
1150030,0,0,1,0,1,0,0,1,1,0
1150034,0,,0,1,1,0,1,1,1,0
1150037,0,0,0,0,1,0,0,1,1,0
1150041,0,0,1,1,1,0,1,1,1,0
1150044,0,0,1,0,0,0,1,1,1,0
1150048,0,0,0,1,1,0,0,1,1,0
1150051,0,0,1,1,0,0,1,1,1,0
1150055,0,0,1,1,1,0,1,1,1,1
1150059,1,0,0,1,1,0,1,1,1,0
1150062,0,1,1,1,1,0,1,1,1,0
1150066,0,0,0,1,1,0,1,1,1,0
1150069,0,0,0,1,1,0,0,1,1,0
1150073,0,1,1,0,0,0,1,1,1,0
1150080,0,0,0,1,1,0,1,1,1,0
1150084,0,0,1,0,1,0,0,1,1,0
1150087,0,0,0,1,0,1,1,0,1,0
1150091,0,0,0,1,1,0,1,0,1,0
1160002,0,1,0,0,0,0,0,1,1,0
1160008,0,0,0,1,0,0,0,1,1,0
1160014,0,0,1,1,1,0,1,1,1,0
1160021,0,0,0,1,1,1,1,1,1,0
1160027,0,0,0,0,1,0,1,0,1,0
1160033,1,0,0,0,0,0,0,1,1,0
1160039,0,1,1,1,1,0,1,1,1,0
1160045,0,0,1,1,1,0,1,1,1,1
1160051,0,0,0,0,1,0,0,1,1,0
1160057,0,,0,0,1,0,0,1,1,0
1160063,0,1,0,0,1,0,1,1,1,0
1160069,0,0,0,1,1,0,1,1,1,0
1160075,0,0,0,1,1,0,1,1,1,0
1160081,0,0,0,0,1,0,0,1,1,0
1160087,0,0,0,1,1,1,1,1,1,0
1160093,0,1,0,0,0,0,1,1,1,1
1160099,0,1,0,1,1,0,1,1,1,0
1160105,0,0,0,1,1,1,1,0,1,0
1160111,0,0,0,1,1,1,1,1,1,1
1160117,0,0,1,0,0,0,1,1,1,0
1160123,0,0,1,1,1,1,1,1,1,0
1160129,0,0,0,0,0,0,1,0,1,1
1160135,0,1,0,1,1,0,1,0,1,0
1160141,0,0,1,1,1,0,1,1,1,0
1160147,0,0,1,0,1,0,1,1,1,0
1160153,0,0,1,0,1,0,0,1,1,0
1170001,0,0,0,0,1,0,1,1,1,0
1170008,0,0,0,0,1,0,1,1,1,0
1170015,0,0,0,0,1,1,1,1,1,0
1170022,0,0,0,1,1,0,1,1,1,0
1170029,0,0,0,1,1,0,1,1,1,0
1170036,0,0,1,1,1,1,1,1,1,0
1170042,0,1,1,1,1,1,1,1,1,0
1170049,0,0,1,0,1,0,1,1,1,1
1170056,0,0,1,1,1,1,1,1,1,0
1170063,0,0,1,1,1,0,1,1,1,0
1170070,0,0,0,0,1,0,1,1,1,0
1170077,0,0,0,0,1,0,1,1,1,0
1170084,0,0,0,0,0,0,1,1,1,0
1170090,0,0,0,1,0,1,0,1,1,0
1170097,1,0,0,0,1,0,1,1,1,0
1170104,0,1,0,1,1,1,1,1,1,0
1170111,0,1,0,1,1,0,1,1,1,0
1170118,0,0,0,1,1,0,1,1,1,1
1170125,0,0,1,1,1,1,1,1,1,0
1170131,0,1,0,1,0,0,1,1,1,0
1170138,0,0,1,1,1,1,1,1,1,0
1170145,0,0,0,0,0,1,1,1,1,0
1170152,0,0,0,1,1,0,1,1,1,0
1170159,0,0,0,1,0,0,1,1,1,1
1170166,0,1,0,0,1,0,1,0,1,0
1170173,0,0,0,0,1,1,1,1,1,0
1180004,0,0,0,0,1,1,1,1,1,0
1180009,0,1,0,0,1,0,1,1,1,0
1180014,0,0,0,0,1,1,1,1,1,0
1180018,0,0,0,1,1,0,0,1,1,0
1180023,0,1,1,1,0,1,1,1,1,0
1180027,0,0,0,1,1,1,1,1,1,1
1180032,0,0,0,1,1,0,1,1,1,1
1180037,0,0,0,1,1,0,1,1,1,0
1180041,0,0,0,1,1,0,0,1,1,0
1180046,0,0,1,1,1,0,1,1,1,0
1180051,0,0,1,1,1,0,1,1,1,0
1180060,0,1,1,1,1,0,1,1,1,0
1180064,0,0,1,1,1,0,1,1,1,0
1180069,0,,0,0,1,0,1,1,1,0
1180074,0,0,0,1,1,0,1,1,1,0
1180078,0,0,1,0,0,0,1,1,1,0
1180083,,1,1,1,1,1,1,0,1,0
1180087,0,0,1,1,1,0,1,1,1,0
1180092,0,1,1,0,1,0,1,0,1,0
1180097,0,1,1,0,1,0,1,1,1,0
1180101,0,1,1,0,1,0,1,0,1,0
1180106,0,1,0,1,1,0,1,1,1,0
1180111,0,0,1,0,1,0,1,0,1,0
1180115,0,1,0,1,0,0,1,1,1,0
1190004,0,0,1,1,1,0,0,1,1,0
1190009,0,1,0,1,0,0,1,1,1,0
1190014,0,0,1,1,1,0,1,1,1,0
1190019,0,0,1,0,1,0,0,1,1,0
1190024,0,0,0,0,0,0,1,1,1,0
1190029,0,0,0,1,0,0,1,1,1,0
1190033,0,0,0,1,1,1,0,1,1,0
1190038,0,0,0,0,1,0,0,1,1,0
1190043,1,0,0,1,1,0,1,1,1,0
1190048,0,0,0,1,0,0,1,0,1,0
1190053,0,0,1,0,0,0,1,1,1,0
1190058,0,1,0,1,1,1,1,1,1,1
1190063,0,0,0,0,0,0,1,1,1,0
1190067,0,0,0,1,1,0,1,1,1,1
1190072,,0,1,1,1,0,0,1,1,0
1190077,0,0,0,0,1,0,1,1,1,0
1190082,0,0,1,1,1,0,0,0,1,0
1190087,0,0,1,0,0,0,1,0,1,0
1190092,0,1,0,1,0,1,0,1,1,1
1190096,0,0,0,1,0,0,1,1,1,0
1190101,1,0,1,1,1,0,1,1,1,0
1190106,0,0,0,1,0,1,0,1,1,0
1190111,0,1,0,1,0,1,1,1,1,0
1190116,0,0,1,0,1,1,1,0,1,0
1190121,0,1,0,1,0,1,1,1,1,0
1190126,0,0,0,0,0,0,0,1,1,0
1200005,0,0,0,0,1,0,1,1,1,0
1200012,0,0,0,0,1,0,0,1,1,0
1200018,0,0,0,0,1,0,1,1,1,0
1200025,0,0,0,1,1,0,1,1,1,1
1200032,0,0,0,0,1,0,1,0,1,0
1200038,0,0,0,0,1,0,0,1,1,0
1200045,0,1,0,1,1,0,1,1,1,0
1200051,0,0,0,1,1,0,1,1,1,0
1200058,1,0,0,1,1,0,0,0,1,0
1200064,0,0,0,1,1,0,0,1,1,0
1200071,0,0,0,1,1,0,1,1,1,1
1200077,0,0,0,1,1,1,0,1,1,0
1200084,0,0,0,0,1,0,0,1,1,0
1200090,0,0,0,1,1,0,0,1,1,0
1200097,0,0,0,1,1,0,1,1,1,0
1200103,0,0,0,1,1,0,0,1,1,1
1200110,0,0,0,1,1,0,1,1,1,0
1200117,0,0,0,0,1,0,1,1,1,0
1200123,0,0,1,1,1,0,1,1,1,0
1200130,0,0,0,1,1,0,0,1,1,0
1200136,0,0,0,0,1,0,1,0,1,0
1200143,1,0,1,0,0,0,0,1,1,0
1200149,0,0,0,0,1,0,1,0,1,0
1200156,0,0,0,0,1,0,0,1,1,0
1200162,0,0,0,0,0,0,1,0,0,0
1200169,0,0,0,0,0,0,0,1,1,0
1210004,0,0,0,1,1,0,0,1,1,0
1210011,0,1,0,0,1,1,1,1,1,0
1210017,0,1,1,1,1,1,1,1,1,0
1210024,,1,1,1,1,1,1,1,1,0
1210031,0,1,0,1,1,1,0,1,1,1
1210037,0,0,0,1,1,1,1,1,1,0
1210044,0,0,0,1,1,0,0,1,1,0
1210050,0,1,0,1,1,0,1,1,1,0
1210057,0,0,0,0,1,0,0,1,1,0
1210063,0,1,1,1,1,0,1,1,1,0
1210070,0,1,0,1,1,1,1,1,1,0
1210076,0,1,0,0,1,0,1,1,1,0
1210083,0,1,1,1,1,0,1,1,1,0
1210089,0,1,0,1,1,0,1,1,1,0
1210096,0,1,1,1,1,1,1,1,1,0
1210102,0,1,0,1,0,0,1,1,1,0
1210109,0,0,0,0,1,0,1,0,1,0
1210116,0,,0,1,1,0,1,1,1,0
1210122,1,1,0,1,1,0,1,1,1,0
1210129,0,0,0,1,1,0,1,1,1,0
1210135,0,0,0,1,1,0,1,1,1,0
1210142,0,1,1,1,1,1,1,1,1,1
1210148,0,0,0,1,1,0,1,1,1,0
1210155,0,1,1,0,1,1,1,1,1,0
1210161,0,0,0,1,1,0,1,1,1,0
1210168,0,0,0,1,0,0,1,1,1,0
1220002,0,0,0,0,0,0,1,0,1,0
1220006,0,0,0,0,0,0,1,1,1,1
1220010,0,0,0,0,0,0,1,0,1,0
1220014,0,0,0,0,0,0,1,0,1,0
1220017,0,0,0,0,0,0,1,0,1,0
1220021,0,0,0,1,1,0,0,0,1,1
1220025,0,0,0,0,0,0,1,0,1,1
1220029,0,,0,0,0,0,1,1,1,0
1220033,0,1,0,0,0,0,0,0,1,0
1220036,0,0,0,0,0,0,0,1,1,0
1220040,0,0,1,0,0,0,0,1,1,0
1220044,0,0,0,0,0,0,0,1,1,0
1220048,0,0,0,0,0,0,1,0,1,0
1220051,0,0,0,0,0,0,1,1,1,0
1220055,0,0,0,0,0,0,1,0,1,0
1220059,0,0,0,0,1,0,1,1,1,0
1220063,0,0,1,0,0,0,1,0,1,0
1220066,0,0,0,0,0,0,1,1,1,0
1220070,0,0,0,0,0,0,0,0,1,0
1220074,0,1,0,1,0,0,0,0,1,1
1220078,0,0,0,1,0,0,1,0,1,0
1220082,0,0,0,0,0,0,0,0,1,0
1220085,0,0,0,0,0,0,0,0,1,0
1220089,0,0,0,0,1,0,1,0,1,0
1220093,0,0,0,0,0,0,1,0,1,0
1220097,0,0,0,0,0,0,1,0,1,0
1230001,0,0,0,0,0,0,0,1,1,0
1230005,0,1,0,0,0,0,0,0,1,0
1230012,0,0,0,0,0,1,0,1,1,1
1230015,0,0,0,1,0,1,1,1,1,0
1230019,0,0,0,0,0,0,1,0,1,0
1230022,0,0,1,0,0,0,0,0,1,0
1230026,0,1,0,0,1,0,0,1,1,0
1230029,0,0,0,0,0,0,1,1,1,0
1230033,0,0,0,0,0,0,0,0,1,0
1230036,0,0,0,0,0,0,0,0,1,0
1230040,0,0,0,0,0,0,1,0,1,0
1230043,0,,0,0,0,0,1,0,0,0
1230047,0,0,0,0,0,0,0,0,1,0
1230054,0,1,0,0,0,0,0,0,1,0
1230057,0,0,0,0,0,0,1,0,1,0
1230061,0,0,0,1,1,1,0,1,1,0
1230064,0,0,0,0,0,0,0,1,1,0
1230068,0,0,0,1,0,1,1,1,1,0
1230071,0,0,1,1,0,0,0,1,1,0
1230075,0,1,0,1,0,0,0,0,1,0
1230078,0,0,0,1,1,0,1,1,1,0
1230082,0,0,0,0,0,0,0,0,1,0
1230089,0,0,0,0,0,0,0,0,1,0
1240005,0,0,0,0,0,0,0,0,1,0
1240009,0,0,0,1,0,0,0,1,0,0
1240013,0,0,0,0,0,0,0,0,1,0
1240017,0,1,0,1,0,1,1,1,1,0
1240021,0,0,0,1,0,0,1,0,1,0
1240025,0,0,0,0,0,0,0,0,1,0
1240029,0,0,0,0,0,1,0,1,1,0
1240033,0,0,0,0,0,0,1,0,1,0
1240037,0,0,0,1,0,0,0,0,1,1
1240041,0,0,1,0,0,0,1,1,1,0
1240045,0,0,0,1,0,0,1,0,1,1
1240048,0,0,0,0,0,1,0,1,1,0
1240052,0,0,1,1,0,0,0,1,1,0
1240056,0,0,0,0,0,0,0,1,1,0
1240060,0,0,1,1,1,0,0,1,0,1
1240064,0,1,1,1,1,1,1,1,1,0
1240068,0,0,0,0,0,0,1,0,1,0
1240076,0,1,0,0,1,1,1,0,1,0
1240080,0,0,0,0,0,0,1,0,1,0
1240084,0,0,1,0,0,0,0,0,1,0
1240088,0,0,0,1,1,1,1,1,1,0
1240092,0,0,0,1,1,0,0,1,1,0
1240096,0,0,0,1,0,1,0,1,1,0
1240099,0,0,0,0,0,0,0,0,1,0
1250001,1,1,0,0,0,0,1,1,1,0
1250006,0,1,0,1,0,1,1,1,1,0
1250010,1,0,0,0,0,0,1,1,1,0
1250014,0,0,1,0,0,1,1,1,1,0
1250018,0,1,0,1,0,1,1,1,1,0
1250022,0,1,0,1,0,1,1,1,1,0
1250026,0,0,0,1,0,1,1,1,1,0
1250030,0,0,0,0,0,1,1,1,1,0
1250035,0,1,0,1,0,1,1,1,1,0
1250039,0,1,0,0,0,1,1,1,1,0
1250043,0,0,0,1,1,1,1,1,1,0
1250047,0,0,0,1,1,1,1,1,1,0
1250051,0,0,1,1,1,0,0,1,1,0
1250055,0,1,1,0,0,1,0,1,1,0
1250060,0,0,1,0,1,1,1,1,1,0
1250064,0,1,1,1,1,0,1,1,1,0
1250068,1,0,0,1,0,0,1,1,1,0
1250072,0,1,0,1,0,0,1,1,1,0
1250076,0,1,0,0,0,0,1,1,1,0
1250080,0,0,0,0,0,1,1,1,1,0
1250084,0,0,1,1,0,0,0,1,1,0
1250089,0,0,0,0,0,0,1,1,1,0
1250093,0,0,0,1,0,1,1,1,1,0
1250097,0,0,0,1,0,1,1,1,1,0
1250101,1,1,1,0,1,1,1,1,1,0
1250105,0,1,0,1,0,1,1,1,1,0
1260003,0,0,1,0,0,0,0,1,1,0
1260006,0,0,0,1,0,0,1,1,1,0
1260010,0,0,0,0,1,0,1,1,1,0
1260013,0,0,0,0,0,1,1,1,1,0
1260016,0,1,0,0,0,0,1,1,1,0
1260019,1,1,0,0,0,1,1,1,1,0
1260022,0,0,0,1,0,0,0,0,1,0
1260025,1,1,0,0,0,1,0,1,1,0
1260028,0,0,0,0,0,1,1,1,1,0
1260031,0,1,1,0,0,1,1,1,1,0
1260034,0,0,0,0,0,0,1,0,1,0
1260040,0,0,1,1,0,1,0,1,1,0
1260043,0,0,0,0,0,0,1,1,1,0
1260046,0,0,0,0,1,1,0,0,1,0
1260050,0,0,0,0,0,1,1,1,1,0
1260053,0,0,0,0,0,0,1,1,1,0
1260056,1,0,0,0,0,1,0,1,1,0
1260059,1,1,1,1,1,0,1,1,1,0
1260062,0,0,0,0,0,1,1,1,1,0
1260065,0,0,0,1,1,1,1,1,1,0
1260068,1,0,0,1,1,0,1,1,1,0
1260071,0,0,0,1,1,0,1,1,1,0
1260074,0,0,0,0,0,0,1,1,1,0
1260077,0,0,0,0,1,0,1,0,1,0
1260080,0,0,0,0,0,0,1,0,1,0
1270005,0,0,0,1,1,0,0,1,1,0
1270012,0,0,1,1,1,0,0,1,1,0
1270018,0,,0,0,1,0,1,1,1,1
1270024,0,0,1,0,1,1,1,1,1,0
1270030,0,0,0,1,1,0,1,1,1,0
1270036,0,0,0,1,1,0,1,1,0,0
1270042,0,1,1,1,1,0,0,1,1,0
1270048,0,0,1,1,1,0,1,1,1,0
1270055,0,0,1,1,1,1,1,1,1,0
1270061,0,0,0,1,1,0,1,1,1,1
1270067,0,0,0,0,1,0,1,1,1,0
1270073,0,0,1,0,1,0,1,1,1,0
1270079,0,0,1,0,1,1,0,1,1,0
1270085,0,0,0,1,1,0,0,1,1,0
1270092,0,1,1,1,1,0,1,1,1,0
1270098,0,,0,0,1,0,1,1,1,0
1270104,0,0,0,1,1,0,1,1,1,0
1270110,0,0,0,0,1,0,1,1,1,0
1270116,0,0,0,1,1,0,1,1,1,0
1270122,0,1,0,0,1,0,1,1,0,0
1270128,0,0,0,1,1,0,0,1,1,0
1270135,0,1,1,1,1,1,1,1,1,1
1270141,0,1,1,1,1,1,1,1,1,0
1270147,0,0,0,1,1,0,1,1,1,0
1270153,0,0,0,0,1,0,1,1,1,1
1270159,0,0,0,1,1,0,1,1,0,1
1280002,0,0,1,1,1,1,1,1,1,0
1280006,0,1,1,1,1,1,1,1,1,0
1280010,0,1,1,1,1,1,1,1,1,0
1280013,1,0,1,1,1,0,1,1,1,0
1280017,0,0,1,1,1,1,1,1,1,0
1280021,0,1,1,1,0,0,1,1,1,0
1280025,0,1,0,1,0,1,1,1,1,0
1280028,0,0,0,1,1,1,1,1,1,0
1280032,0,0,1,1,1,0,1,1,1,0
1280036,0,1,0,1,1,1,1,1,1,0
1280039,0,0,0,1,1,1,1,1,1,0
1280043,0,1,1,1,1,0,0,1,1,0
1280047,0,1,1,1,1,1,1,1,1,0
1280050,0,1,0,1,1,0,1,1,1,0
1280054,0,1,1,1,1,0,1,1,1,0
1280058,0,0,0,1,0,1,1,1,1,0
1280061,0,1,0,1,0,1,1,1,1,0
1280065,0,1,0,1,0,1,1,1,1,0
1280069,0,0,1,1,1,1,1,1,1,0
1280073,0,0,1,1,1,1,1,1,1,0
1280076,0,1,1,0,1,1,1,1,1,0
1280080,0,0,0,0,1,1,1,1,1,0
1280084,0,0,1,1,1,0,1,1,1,0
1280087,0,1,1,1,1,1,1,1,1,0
1280091,0,0,1,1,1,1,1,1,1,0
1280095,0,0,1,0,1,1,1,1,1,0
1290003,0,1,1,1,0,0,1,1,1,0
1290009,0,1,0,1,1,0,1,1,1,0
1290014,0,1,0,0,0,0,0,1,1,0
1290019,0,0,0,1,1,0,1,1,1,1
1290024,0,0,1,0,1,0,1,1,1,0
1290029,0,0,0,1,1,0,1,1,1,0
1290035,0,1,0,1,1,0,1,1,1,0
1290040,0,1,0,0,1,0,1,1,1,0
1290045,0,0,0,0,1,0,1,1,1,0
1290050,0,0,1,0,1,0,0,1,1,0
1290055,0,1,0,1,1,0,1,1,1,0
1290061,0,1,1,1,1,0,1,1,1,0
1290066,0,0,0,0,1,0,1,1,1,0
1290071,0,0,1,1,1,0,0,1,1,0
1290076,0,1,0,0,1,0,0,1,1,0
1290081,0,1,0,1,1,0,1,1,1,0
1290086,1,0,1,1,1,1,0,1,1,0
1290092,1,0,0,1,1,0,1,1,1,0
1290097,0,0,0,1,1,1,1,1,1,0
1290102,0,0,1,1,1,0,0,1,1,0
1290107,1,1,0,1,1,1,1,1,1,0
1290112,0,1,1,1,1,0,1,1,1,0
1290118,0,1,0,1,1,0,1,1,1,0
1290123,0,0,0,1,1,0,1,1,1,0
1290128,0,1,1,1,1,1,1,1,1,0
1290133,0,0,1,0,1,0,1,1,1,0
1300002,0,0,0,1,1,0,1,1,1,1
1300005,0,0,1,1,0,0,0,1,1,0
1300009,0,,0,1,1,1,0,1,1,0
1300012,0,0,0,1,1,1,1,1,0,0
1300015,0,0,0,1,1,0,1,1,1,1
1300018,0,0,0,1,1,0,0,1,1,0
1300021,0,0,1,1,1,1,0,1,1,0
1300024,0,0,0,1,1,0,0,1,1,1
1300027,0,0,0,1,1,1,1,1,1,1
1300030,0,1,0,0,1,1,0,1,0,0
1300033,0,0,0,0,0,0,1,1,1,0
1300036,0,1,1,0,0,1,1,1,1,0
1300039,0,0,0,1,1,1,1,1,1,1
1300042,0,0,0,0,1,1,1,1,0,0
1300045,0,0,1,1,0,1,1,1,1,0
1300049,0,0,0,1,1,0,1,1,1,0
1300052,0,1,0,1,1,1,1,1,1,0
1300055,0,0,0,1,1,0,1,1,1,0
1300058,0,0,1,1,1,1,1,0,1,0
1300061,0,0,0,1,1,0,1,1,1,0
1300064,0,0,1,1,1,1,1,1,1,0
1300067,0,0,0,0,1,0,1,1,1,0
1300070,0,0,0,0,1,0,1,1,1,0
1300073,0,,0,1,1,0,1,1,1,0
1300076,0,1,0,0,1,1,1,1,1,0
1300079,0,0,0,0,1,0,1,1,1,0
1310001,0,0,1,1,0,0,1,1,1,0
1310004,0,0,0,0,0,0,1,1,1,0
1310006,0,1,0,1,0,0,0,0,1,0
1310009,0,0,0,1,0,0,1,1,1,0
1310011,0,0,1,1,0,1,1,1,1,0
1310014,0,1,1,0,0,0,1,0,1,1
1310016,1,1,0,1,1,0,0,1,1,0
1310019,0,0,1,0,0,0,0,1,1,0
1310021,1,1,0,0,0,0,0,0,1,0
1310024,0,1,1,1,0,0,1,1,1,0
1310026,1,1,0,1,0,0,1,0,1,0
1310029,0,0,1,1,0,0,1,0,1,0
1310031,1,1,0,0,0,0,1,0,1,0
1310034,1,1,1,1,0,0,1,1,1,0
1310036,0,0,1,0,0,0,0,1,1,0
1310039,0,0,0,0,0,0,1,1,1,0
1310041,0,1,1,1,1,0,0,1,1,0
1310044,1,1,1,1,0,0,1,1,1,0
1310046,0,0,1,1,0,0,1,1,1,0
1310049,0,0,1,0,0,0,1,0,1,0
1310051,0,0,1,1,0,0,1,1,1,0
1310054,0,1,1,1,0,0,1,1,1,0
1310056,0,0,1,1,0,0,1,1,1,0
1310059,0,0,0,0,0,0,1,0,1,0
1310061,0,1,1,1,1,0,1,1,1,0
1310064,0,1,1,1,0,0,1,1,1,0
1320001,0,0,0,0,0,1,1,1,1,0
1320004,0,0,1,1,1,0,1,1,0,0
1320009,0,1,1,0,1,1,1,1,0,0
1320012,1,1,1,1,1,0,1,1,1,0
1320014,0,1,1,1,1,0,1,1,0,0
1320017,0,0,0,1,0,0,1,1,1,1
1320019,0,1,1,1,1,0,1,1,0,0
1320022,0,1,1,1,0,0,1,1,1,0
1320025,0,0,0,1,0,0,0,1,0,0
1320027,0,0,1,0,0,0,1,1,1,0
1320030,0,0,0,0,0,0,1,1,0,0
1320032,0,0,1,0,0,0,1,1,1,0
1320035,1,1,1,1,0,0,1,1,1,0
1320037,0,0,1,0,1,0,1,1,1,0
1320040,0,0,0,0,1,0,1,1,1,0
1320043,0,0,0,1,0,0,1,0,1,0
1320045,0,1,1,1,1,0,1,1,1,0
1320048,0,1,1,1,0,0,1,1,1,0
1320050,0,0,0,1,1,0,1,1,1,0
1320053,0,0,0,0,0,0,1,0,1,0
1320056,0,1,0,1,1,0,1,1,1,1
1320058,0,0,0,0,1,0,1,1,1,0
1320061,1,0,1,0,0,0,1,1,1,0
1320063,0,0,0,0,0,0,1,1,1,0
1320066,0,0,1,1,1,1,1,1,1,0
1330003,1,1,0,1,0,1,1,1,1,0
1330007,0,0,1,1,0,0,1,1,1,0
1330010,0,1,0,1,0,0,1,1,1,0
1330013,0,0,1,1,0,0,1,1,1,0
1330017,0,0,1,0,0,0,1,0,1,0
1330020,0,1,0,1,0,0,1,1,1,0
1330023,1,0,0,1,1,1,1,1,1,0
1330027,0,0,1,1,0,0,0,1,1,0
1330030,0,1,1,1,0,0,1,0,1,0
1330034,0,0,1,1,0,0,1,0,1,0
1330037,0,1,0,1,0,0,1,0,1,0
1330040,0,0,1,0,0,0,1,1,1,0
1330044,0,0,1,0,1,0,1,1,1,0
1330047,1,0,0,1,0,0,1,0,1,0
1330050,0,1,1,0,0,0,1,1,1,0
1330054,1,0,1,0,0,0,1,0,1,0
1330057,0,0,0,1,1,1,1,1,1,0
1330060,0,0,0,0,0,0,1,1,1,0
1330064,1,0,1,0,1,0,1,1,1,0
1330067,0,1,0,1,0,0,1,1,1,0
1330070,1,0,0,1,1,1,1,1,1,0
1330074,0,0,0,1,0,0,1,1,1,0
1330077,0,1,0,1,1,0,1,1,1,0
1330080,0,1,1,1,0,0,1,1,1,0
1330084,0,1,1,1,0,0,1,1,1,0
1330087,0,1,0,1,0,0,1,1,1,0
1340002,1,1,1,1,0,1,0,1,0,0
1340005,1,0,1,0,0,1,1,1,1,0
1340008,0,1,1,1,0,0,1,0,1,0
1340011,0,0,0,1,0,0,1,0,1,0
1340013,1,1,1,0,0,0,1,0,1,0
1340016,0,1,0,0,0,0,0,0,1,0
1340019,1,1,1,0,0,0,0,1,1,0
1340022,0,0,1,0,0,0,1,0,1,0
1340025,1,0,1,0,0,0,0,1,1,0
1340027,0,0,0,0,0,0,1,1,1,0
1340030,0,0,1,1,0,0,1,1,1,0
1340033,0,1,1,1,1,0,1,1,1,0
1340036,0,0,1,1,0,0,1,1,1,0
1340041,0,0,1,0,0,0,1,1,1,0
1340044,0,0,1,0,0,1,1,1,1,0
1340047,0,0,0,1,1,0,1,1,1,0
1340049,0,0,1,0,0,1,1,1,1,0
1340052,0,0,0,1,1,0,1,1,1,0
1340055,0,0,1,1,1,0,1,1,1,0
1340058,0,0,0,1,1,0,1,1,1,1
1340061,0,1,1,0,0,0,1,0,1,0
1340063,0,0,1,0,1,0,1,1,1,0
1340066,1,0,1,1,0,1,1,1,1,0
1340069,0,0,0,0,1,0,1,1,1,0
1340072,0,0,1,1,1,1,1,1,1,1
1350002,0,0,1,1,0,0,1,1,1,0
1350005,1,0,1,1,1,1,1,1,1,0
1350008,0,1,0,0,0,0,1,1,1,0
1350010,0,0,1,0,0,0,1,1,1,0
1350013,0,1,0,1,0,0,0,1,1,0
1350015,0,0,1,0,0,1,1,1,1,0
1350018,1,1,1,1,0,0,1,1,1,0
1350021,0,0,1,1,1,1,1,1,1,0
1350023,0,1,1,1,0,0,1,1,1,0
1350026,1,0,0,1,1,1,1,1,1,1
1350029,0,0,0,0,0,0,1,0,1,0
1350031,0,1,1,1,1,0,1,1,1,0
1350034,0,0,1,1,1,0,1,1,1,1
1350036,1,1,1,1,1,0,1,1,1,0
1350039,0,1,1,0,0,0,1,1,1,0
1350042,0,0,1,1,1,1,1,1,1,0
1350044,0,0,0,0,0,0,1,1,1,0
1350047,0,0,1,1,1,1,1,1,1,1
1350049,0,1,0,0,0,1,1,0,1,0
1350052,0,0,1,0,0,1,1,1,1,0
1350055,0,0,0,1,0,0,1,1,1,0
1350057,0,0,0,0,0,1,0,1,1,0
1350060,0,0,0,1,0,0,1,1,1,0
1350063,0,0,1,0,0,0,1,1,1,0
1350065,0,0,1,1,0,0,0,0,1,0
1350068,0,0,0,0,1,0,1,1,1,0
1360003,0,1,1,1,0,1,1,1,1,0
1360009,1,1,1,1,0,0,1,1,1,0
1360014,0,1,1,1,0,1,1,1,1,0
1360019,0,0,1,1,0,1,1,1,1,0
1360024,0,0,0,1,0,1,1,0,1,0
1360029,0,0,1,0,0,1,1,1,1,0
1360034,0,1,0,1,0,1,1,0,1,0
1360039,0,1,1,0,1,1,1,1,1,0
1360044,0,0,0,1,0,1,0,1,1,0
1360049,0,1,1,0,0,1,1,1,1,0
1360055,1,1,0,1,0,1,1,0,1,0
1360060,0,1,0,1,0,1,1,1,1,0
1360065,0,0,0,0,0,1,1,1,1,0
1360070,0,1,0,1,1,1,1,1,1,0
1360075,0,1,0,1,0,1,1,1,1,0
1360080,0,1,1,1,1,1,1,1,1,1
1360085,0,0,1,1,0,1,0,0,1,0
1360090,0,0,1,0,1,1,1,1,1,0
1360095,0,0,0,0,0,1,1,1,1,0
1360101,0,0,1,1,1,1,1,1,1,0
1360106,0,0,0,0,0,1,1,1,1,0
1360111,0,0,1,1,1,1,1,1,1,1
1360116,0,0,1,1,0,1,1,0,0,0
1360121,0,1,1,1,1,1,1,1,1,0
1360126,0,1,0,1,0,1,1,1,1,0
1360131,0,0,1,1,1,1,1,1,1,1
1370002,0,0,0,0,0,0,0,1,0,0
1370006,0,0,1,0,0,0,0,0,1,0
1370010,0,0,0,0,0,0,1,0,1,0
1370014,0,1,1,1,0,0,1,1,1,0
1370017,0,0,1,0,0,0,1,0,1,0
1370021,0,1,1,0,0,0,1,1,1,0
1370025,0,1,0,0,0,0,0,0,1,0
1370029,0,0,0,1,0,0,1,1,1,0
1370032,0,1,1,0,1,0,0,0,1,0
1370036,0,1,1,0,0,0,1,1,1,0
1370040,0,1,1,1,0,0,1,1,1,0
1370043,0,0,0,1,0,0,1,1,1,0
1370047,0,1,0,0,1,0,1,1,1,0
1370051,0,1,0,1,1,0,1,1,0,0
1370055,0,1,1,1,1,0,1,1,1,0
1370058,1,1,1,0,0,0,1,0,1,0
1370062,0,0,1,0,0,0,1,1,1,0
1370066,0,0,0,1,0,0,1,1,1,0
1370070,0,0,1,1,0,0,1,1,1,0
1370073,0,0,1,0,0,0,1,1,1,0
1370077,0,0,1,1,0,0,1,1,1,0
1370081,0,0,1,1,0,0,1,1,1,0
1370084,0,1,1,0,0,0,1,0,1,0
1370088,0,1,0,0,0,0,1,1,1,0
1370092,0,1,0,0,0,0,1,1,1,0
1370096,0,0,1,1,1,0,1,1,1,0
1380002,0,1,1,1,0,0,1,1,0,0
1380007,0,1,0,0,0,0,0,1,1,0
1380013,0,0,1,0,0,1,0,1,1,0
1380018,0,1,1,0,1,0,1,1,1,0
1380023,0,1,1,1,0,1,1,0,1,0
1380028,0,0,1,0,0,1,0,1,1,0
1380033,0,0,0,0,0,0,1,1,1,0
1380038,0,1,1,1,0,0,0,1,1,0
1380043,0,1,1,0,1,1,1,0,1,0
1380048,1,0,0,1,1,1,0,1,1,0
1380053,0,1,1,1,1,1,1,1,1,0
1380058,0,1,0,0,1,1,1,1,1,0
1380063,0,0,0,1,1,1,1,1,1,1
1380068,0,1,1,1,1,1,1,1,1,0
1380073,0,1,1,0,1,1,1,1,1,0
1380079,,0,1,0,1,1,1,1,1,0
1380084,0,0,0,1,0,1,0,1,1,0
1380094,0,1,1,1,1,1,1,0,1,0
1380099,0,1,0,1,1,1,1,1,1,0
1380104,0,,1,0,0,0,1,1,1,0
1380109,0,0,1,0,1,1,1,1,1,0
1380114,0,0,1,0,1,1,1,1,1,0
1380119,0,1,0,0,0,1,1,1,1,0
1380124,0,1,1,1,1,1,1,1,1,0
1380129,0,1,1,0,0,1,0,1,1,0
1390002,0,0,1,0,0,1,1,1,1,0
1390007,0,0,0,1,1,1,1,1,1,1
1390012,1,1,1,0,0,1,1,1,1,0
1390017,0,1,1,1,1,1,0,1,1,0
1390022,0,1,0,1,0,1,1,1,1,0
1390027,0,1,1,0,1,1,1,1,1,0
1390032,0,1,1,1,0,1,1,1,1,0
1390037,0,0,1,0,1,1,1,1,1,0
1390042,0,1,1,0,0,1,1,1,1,0
1390047,0,0,1,1,1,1,1,1,1,0
1390052,0,1,0,0,0,1,1,0,1,0
1390057,0,0,0,1,1,1,1,1,1,0
1390062,0,0,0,1,0,1,0,1,1,0
1390067,0,1,1,1,0,0,1,1,1,0
1390072,0,0,0,1,0,1,1,1,1,0
1390077,,0,1,0,0,1,1,1,1,0
1390082,0,1,0,1,0,1,1,1,1,0
1390087,1,1,1,1,0,1,1,1,1,0
1390092,0,1,0,1,0,0,1,1,1,0
1390097,0,1,0,1,0,1,1,1,1,0
1390102,0,0,1,1,0,0,1,1,1,0
1390107,0,0,0,1,0,1,1,1,1,0
1390112,1,1,1,0,0,1,1,1,1,0
1390117,0,0,1,1,1,1,1,1,1,0
1390122,0,1,0,1,0,1,1,1,1,0
1390127,0,1,1,1,1,1,1,1,1,0
1400001,0,0,1,0,0,0,1,1,1,0
1400008,0,0,0,0,0,0,1,0,1,0
1400015,0,0,0,0,0,0,1,1,0,0
1400022,0,1,0,0,0,0,1,0,1,0
1400028,0,0,0,0,0,0,1,1,1,0
1400035,0,1,1,1,0,0,0,0,1,0
1400042,0,0,1,0,0,0,0,1,1,0
1400049,1,0,0,0,0,0,0,0,1,0
1400055,0,0,1,0,0,0,1,1,1,0
1400062,0,1,0,1,0,0,1,1,1,0
1400069,0,0,0,1,0,0,1,1,1,0
1400075,0,0,0,0,0,0,1,0,1,0
1400089,0,0,1,0,0,0,0,0,1,0
1400096,1,0,0,0,0,0,1,1,1,0
1400102,0,1,0,0,0,0,1,0,1,0
1400109,0,0,0,0,0,0,1,1,1,0
1400116,1,1,1,0,1,0,0,0,1,0
1400123,0,0,0,1,0,0,1,1,1,0
1400129,0,1,0,0,0,0,1,0,1,0
1400136,0,1,0,0,1,0,1,1,1,0
1400143,0,0,0,0,0,0,1,0,1,0
1400149,0,0,0,0,0,0,1,0,0,0
1400156,0,0,0,0,0,0,1,0,1,0
1400163,1,0,0,1,0,0,1,0,1,0
1400170,0,0,0,1,0,0,1,0,1,0
1410004,0,0,0,0,0,0,1,1,1,0
1410009,0,0,0,0,1,0,1,0,1,0
1410017,0,1,0,1,0,0,0,0,1,0
1410021,0,0,0,0,0,0,1,1,1,0
1410025,0,0,0,0,0,0,0,0,1,0
1410029,0,0,1,0,0,0,0,0,1,0
1410033,0,0,1,0,0,0,0,0,1,0
1410037,0,0,1,0,0,0,0,0,1,0
1410041,0,0,1,0,0,0,1,0,1,0
1410046,0,0,0,0,0,0,1,0,1,0
1410050,0,0,0,0,0,0,1,0,1,0
1410054,0,0,0,1,0,0,0,1,1,0
1410058,0,0,1,0,0,0,1,0,1,0
1410062,0,0,1,0,0,0,1,0,1,0
1410066,0,0,0,0,0,0,1,0,1,0
1410070,0,0,0,0,0,0,1,1,1,0
1410074,0,0,0,0,0,0,1,0,1,0
1410078,0,0,0,0,0,0,1,1,1,0
1410083,0,0,0,1,1,0,0,0,1,0
1410087,0,0,0,1,0,0,0,1,1,1
1410091,0,0,0,0,1,0,1,0,1,0
1410095,0,0,1,0,1,0,1,1,1,0
1410099,0,0,0,0,0,0,0,0,0,0
1410103,0,0,1,0,0,0,1,1,1,0
1410107,0,0,1,0,0,0,0,0,1,0
1420005,0,0,0,0,0,0,0,0,1,0
1420011,0,0,0,0,0,0,1,0,1,0
1420017,0,0,0,0,0,0,1,0,1,0
1420023,0,0,0,0,0,0,1,1,1,0
1420029,0,0,1,1,0,0,0,0,1,0
1420034,0,1,0,0,0,0,1,1,1,0
1420040,0,0,0,1,0,0,1,1,1,0
1420046,0,0,0,0,0,0,1,1,1,0
1420052,0,0,0,1,0,0,1,1,1,0
1420058,0,1,1,1,0,1,0,1,1,0
1420063,0,0,0,0,0,1,1,1,1,0
1420069,0,0,0,0,0,0,0,1,1,0
1420075,0,0,0,0,0,0,1,0,1,0
1420081,0,0,0,0,0,0,1,1,1,0
1420087,0,1,0,0,0,0,1,1,1,0
1420093,0,1,0,1,0,1,1,1,1,0
1420098,0,1,1,0,0,0,1,1,1,1
1420104,0,1,0,1,0,0,1,0,1,0
1420110,0,0,1,1,0,0,1,1,1,0
1420116,0,0,0,1,0,0,1,1,1,0
1420122,0,1,1,1,0,0,1,1,1,0
1420127,0,0,0,1,1,1,1,1,1,0
1420133,0,1,0,0,0,0,1,1,1,0
1420139,0,0,0,1,0,0,1,0,1,0
1420145,0,0,1,0,1,0,1,1,1,0
1420151,0,1,0,1,0,0,1,0,1,0
1430005,0,1,0,1,0,0,1,1,1,1
1430012,0,1,1,1,1,0,0,1,1,1
1430019,0,0,0,1,0,1,1,1,1,0
1430025,0,0,0,1,1,1,0,1,1,0
1430032,0,0,1,1,1,1,0,1,1,0
1430038,0,1,1,1,1,1,1,1,1,0
1430045,0,0,0,1,0,0,1,1,1,0
1430052,0,0,0,1,0,0,1,1,1,0
1430058,0,0,1,1,1,0,1,1,1,0
1430065,1,0,0,1,0,1,1,0,1,0
1430072,0,1,0,1,0,1,1,1,1,0
1430078,0,1,1,1,1,1,1,1,1,0
1430085,0,1,1,1,1,1,1,1,1,0
1430091,1,0,1,1,1,1,1,1,1,0
1430098,0,1,1,1,1,1,1,1,1,0
1430105,0,0,0,1,1,1,1,1,1,0
1430111,1,0,1,1,1,1,1,1,1,0
1430118,0,1,1,1,1,1,1,1,1,0
1430124,0,0,1,1,1,1,1,1,1,1
1430131,0,1,1,1,1,0,1,1,1,0
1430138,0,0,1,1,1,0,1,0,1,0
1430144,0,1,1,1,1,0,1,1,1,0
1430151,0,1,0,1,1,1,1,1,1,0
1430158,0,1,1,1,1,0,1,1,1,0
1430164,0,1,0,1,0,0,1,1,1,0
1430171,0,1,1,1,1,0,1,1,1,0
1440002,0,0,1,1,1,1,1,1,1,0
1440006,0,1,0,0,0,1,1,1,1,0
1440010,0,0,0,0,0,1,1,1,1,0
1440014,0,0,0,0,0,1,0,1,1,0
1440018,0,1,1,1,1,0,1,1,1,0
1440021,1,1,1,0,0,1,0,1,1,0
1440025,0,1,0,1,0,1,1,1,1,0
1440029,0,0,0,0,0,0,0,1,1,0
1440033,0,1,1,0,0,0,0,1,1,0
1440037,0,0,0,1,1,1,1,1,1,1
1440040,0,0,0,1,0,0,1,1,1,0
1440044,0,0,0,0,0,0,0,1,1,0
1440048,0,0,0,1,0,0,1,1,1,0
1440052,0,0,0,0,0,0,0,1,1,0
1440056,0,0,0,1,0,1,1,1,1,0
1440060,0,0,0,0,1,1,1,1,1,0
1440063,,,0,1,0,1,1,1,1,0
1440067,0,1,1,0,0,0,0,1,1,0
1440071,0,,0,1,0,0,1,1,1,0
1440075,0,0,1,0,0,0,1,1,1,1
1440079,0,0,0,0,0,0,1,1,1,0
1440082,0,1,0,0,0,0,1,1,1,0
1440086,0,1,1,0,0,0,1,1,1,0
1440090,1,0,1,1,0,1,0,1,1,0
1440094,0,1,0,0,0,0,1,1,1,0
1440098,0,1,0,0,0,0,0,1,1,0
1450002,0,0,0,1,1,0,1,1,1,0
1450007,0,0,1,1,0,0,1,1,1,0
1450012,0,1,0,1,0,0,1,1,1,0
1450017,0,0,0,1,1,0,1,1,1,0
1450021,0,0,1,0,1,0,1,1,1,0
1450026,0,1,0,1,1,0,1,1,1,0
1450031,0,0,1,1,0,1,1,1,1,0
1450036,0,0,1,0,1,0,1,1,1,0
1450040,0,0,0,1,1,0,1,1,1,0
1450045,0,0,1,1,1,1,1,1,1,0
1450050,0,0,0,1,1,1,1,1,1,0
1450054,0,1,1,0,1,0,1,1,1,0
1450059,0,1,0,0,1,0,1,1,1,0
1450064,0,0,1,1,1,0,1,1,1,0
1450069,0,1,0,0,1,0,1,1,1,0
1450073,0,1,0,0,1,0,1,1,1,0
1450078,0,1,1,1,1,1,0,1,1,0
1450083,0,0,1,1,1,0,1,1,1,0
1450088,0,0,0,0,0,0,1,1,1,0
1450092,0,1,0,1,1,0,1,1,1,0
1450097,0,1,0,1,1,0,1,1,1,0
1450102,0,0,0,1,1,0,1,1,1,0
1450106,0,0,1,1,1,1,0,1,1,0
1450111,0,0,0,1,1,0,1,0,1,1
1450116,0,0,1,1,1,0,1,1,1,0
1450121,0,0,0,0,1,0,1,1,1,0
1460001,0,1,1,0,0,1,1,1,1,0
1460004,0,1,1,1,0,1,1,1,1,0
1460007,1,1,1,1,0,1,0,1,1,0
1460010,0,1,1,0,1,1,1,1,1,0
1460012,0,1,1,1,1,1,1,1,1,0
1460015,0,0,1,0,0,1,1,0,1,0
1460018,1,1,1,1,1,1,1,1,1,0
1460021,0,1,0,1,1,1,1,1,1,0
1460023,0,0,0,1,0,1,1,1,1,0
1460026,0,0,0,1,1,1,1,1,1,0
1460029,0,1,1,1,0,0,0,1,1,0
1460031,1,1,1,1,0,0,1,1,1,0
1460034,0,0,0,1,0,0,0,0,1,0
1460037,1,1,1,1,1,0,1,1,1,0
1460040,0,0,1,1,1,1,1,1,1,0
1460042,0,1,1,1,1,1,1,1,1,0
1460045,0,0,0,1,0,1,1,1,1,0
1460048,0,0,0,0,1,1,1,1,1,1
1460051,0,1,1,0,0,0,1,0,1,0
1460053,0,0,0,0,0,1,1,0,1,0
1460056,0,0,1,0,1,1,1,1,1,0
1460059,0,1,1,0,1,1,1,1,1,0
1460061,0,1,0,1,0,0,1,1,1,0
1460064,0,0,1,0,0,1,1,0,1,0
1460067,1,1,0,1,1,1,1,1,1,0
1460070,0,0,0,1,1,1,1,1,1,0
1470001,0,0,1,0,1,1,1,1,1,0
1470004,0,1,0,0,0,1,1,0,1,0
1470007,0,0,0,1,1,1,1,1,1,0
1470010,0,1,1,0,0,1,1,1,1,0
1470012,0,0,1,1,1,1,1,1,1,0
1470015,0,0,0,1,1,1,1,1,1,0
1470018,0,0,0,1,1,1,1,1,1,0
1470021,0,0,0,0,0,1,1,0,1,0
1470024,0,1,0,0,1,0,1,1,1,0
1470026,0,0,0,0,0,1,1,1,1,0
1470029,0,1,0,1,0,0,1,1,1,0
1470032,0,1,0,0,1,1,1,1,1,1
1470035,0,1,0,0,0,0,0,0,1,0
1470037,0,0,0,1,0,1,1,0,1,1
1470040,0,0,0,0,0,1,0,0,1,0
1470043,0,0,1,0,0,1,1,1,1,0
1470046,0,1,0,1,1,1,1,0,1,0
1470048,1,0,0,1,0,1,1,0,1,0
1470051,0,0,0,1,1,1,1,0,1,0
1470054,0,0,0,1,0,1,1,1,1,0
1470057,0,1,1,0,1,1,1,1,1,0
1470060,0,0,0,1,0,1,1,1,1,0
1470062,0,0,1,0,1,1,1,0,1,0
1470065,0,0,1,0,0,1,1,1,1,1
1470068,0,1,1,1,0,1,0,0,1,0
1470071,1,1,1,1,1,1,1,1,1,0
1480001,0,0,0,1,0,0,1,1,1,0
1480005,0,0,0,1,0,0,0,1,1,0
1480008,0,1,1,0,0,1,0,0,1,0
1480012,0,0,0,1,0,0,0,1,0,0
1480015,0,0,1,0,0,0,1,1,1,0
1480018,0,0,1,1,0,0,0,1,0,0
1480022,0,0,0,1,1,0,1,1,1,0
1480025,0,0,1,1,1,0,1,1,1,0
1480028,0,0,0,1,1,0,1,1,1,0
1480032,0,1,1,0,0,0,1,1,0,0
1480035,1,0,0,1,1,1,1,1,1,0
1480039,0,0,1,1,0,0,0,1,1,1
1480042,1,0,0,1,1,0,1,1,1,0
1480045,0,0,1,1,1,1,1,1,1,1
1480049,0,0,1,1,1,1,1,1,1,0
1480052,0,0,0,1,0,1,1,1,1,0
1480056,0,0,0,0,1,0,1,0,1,0
1480059,0,1,0,0,0,0,1,1,1,0
1480062,0,0,1,0,1,0,0,0,1,0
1480066,0,0,0,1,0,0,1,1,1,1
1480069,0,1,0,1,1,0,1,1,1,0
1480072,0,0,0,1,1,1,1,1,1,1
1480076,0,0,0,1,1,1,0,1,1,1
1480079,0,0,1,0,0,0,1,1,1,1
1480083,0,0,0,1,1,0,1,1,1,1
1480086,0,0,0,0,0,0,1,1,0,0
1490003,0,0,0,1,1,0,1,1,1,0
1490007,0,1,1,0,1,0,1,1,1,0
1490011,0,0,0,1,1,0,1,1,1,0
1490015,0,0,0,1,1,0,1,1,1,0
1490019,0,1,1,0,1,0,1,1,1,0
1490023,0,1,0,0,1,0,1,1,1,0
1490026,0,0,1,1,0,0,1,1,1,0
1490030,0,1,1,0,1,0,1,1,1,0
1490034,0,1,1,,1,0,1,1,1,0
1490038,0,0,0,1,1,0,1,1,1,0
1490042,0,1,0,1,0,0,1,1,1,0
1490046,0,0,1,0,1,0,0,0,1,0
1490050,0,0,0,1,1,0,1,1,1,0
1490053,0,0,1,1,1,0,1,1,1,0
1490057,1,0,0,0,0,0,1,1,1,0
1490061,0,1,1,0,0,0,0,1,1,0
1490065,0,1,1,0,0,1,1,1,1,0
1490069,0,0,1,0,0,0,0,1,1,0
1490073,0,0,0,1,1,1,1,1,1,0
1490076,0,1,0,1,0,0,1,1,1,0
1490080,0,0,0,0,1,0,1,1,1,0
1490084,0,0,1,0,1,0,1,1,1,0
1490088,1,1,0,1,0,0,1,1,0,0
1490092,0,0,1,0,0,0,1,1,1,0
1490096,0,0,0,1,1,0,1,1,1,1
1490100,0,0,1,1,1,0,1,0,1,0
1500004,0,0,0,0,0,0,0,0,1,0
1500008,0,0,1,0,0,0,0,0,1,0
1500012,0,0,0,0,0,0,1,1,1,0
1500016,0,0,0,0,0,0,0,0,1,0
1500024,0,0,0,0,0,0,0,0,1,0
1500028,0,0,1,0,0,0,0,1,1,0
1500032,1,0,0,0,0,0,1,0,1,0
1500036,0,0,0,0,0,0,1,0,1,0
1500040,0,0,0,0,0,0,0,0,1,0
1500044,0,0,0,0,0,0,1,0,0,0
1500048,0,0,0,0,0,0,0,0,1,0
1500052,0,0,0,0,0,0,1,0,1,0
1500056,0,0,0,0,0,0,0,0,1,0
1500060,0,0,0,0,0,0,0,1,0,0
1500064,0,0,1,0,0,0,0,0,1,0
1500068,0,0,0,1,1,0,1,0,1,1
1500072,0,0,0,0,0,0,0,0,1,0
1500076,0,0,0,0,0,0,0,1,1,0
1500080,0,0,0,0,0,0,0,0,1,0
1500084,0,0,0,1,0,0,0,0,1,0
1500092,0,0,0,0,0,0,0,0,1,0
1500096,0,0,1,0,0,0,0,0,1,0
1500100,0,0,0,0,0,0,0,0,1,0
1500104,0,0,0,0,0,0,0,0,1,0
1510004,1,1,0,1,1,1,1,1,1,0
1510011,0,0,1,0,0,1,1,1,1,0
1510018,0,1,1,0,0,1,1,1,1,0
1510024,0,1,1,0,0,1,1,1,1,0
1510031,0,0,1,1,0,1,1,1,1,0
1510037,1,1,0,1,0,0,0,1,1,0
1510044,0,1,1,1,0,1,1,1,1,0
1510050,0,1,0,0,0,1,0,1,1,0
1510057,0,1,0,1,0,1,1,1,1,0
1510064,0,0,0,0,0,1,0,0,1,0
1510077,0,1,0,1,0,0,0,1,1,0
1510083,0,0,1,0,1,1,1,1,1,0
1510090,0,1,1,1,0,1,1,1,1,0
1510096,0,0,1,1,0,1,1,1,1,0
1510103,0,0,0,0,0,1,1,1,1,0
1510110,0,1,1,1,0,1,1,1,1,0
1510116,0,1,0,0,0,1,1,1,1,0
1510123,0,0,1,0,0,0,1,1,1,0
1510129,0,1,1,1,0,1,1,1,1,0
1510136,0,0,1,0,0,1,1,1,1,0
1510143,0,0,0,0,0,0,0,0,1,0
1510149,0,1,1,0,0,1,1,1,1,0
1510156,1,1,0,1,0,1,1,1,1,0
1510162,0,1,1,1,0,1,1,1,1,0
1510169,0,0,1,1,0,1,1,1,1,0
1520002,0,1,0,0,1,1,1,1,1,0
1520006,1,1,0,1,0,1,1,1,1,0
1520009,0,0,0,0,0,1,0,1,1,0
1520013,0,0,0,1,0,1,0,1,1,0
1520016,0,1,0,0,1,1,0,1,1,0
1520019,0,0,0,1,0,1,1,1,1,0
1520023,0,0,0,1,0,1,0,1,1,0
1520026,0,1,0,1,0,1,0,1,1,0
1520029,0,0,0,1,0,0,0,1,1,0
1520033,0,0,0,0,1,1,0,1,1,0
1520036,0,0,0,0,1,1,1,1,1,0
1520040,0,0,1,1,0,1,0,1,1,1
1520043,0,1,1,0,1,1,1,1,1,1
1520046,0,0,0,1,1,1,1,1,1,0
1520050,0,0,0,1,1,1,1,1,1,0
1520053,0,0,0,0,1,1,1,1,1,0
1520057,0,0,0,1,0,1,1,1,1,1
1520060,0,0,0,1,1,1,1,1,1,1
1520063,0,0,0,0,1,1,1,1,1,0
1520067,0,0,0,1,1,1,1,1,1,1
1520070,0,1,0,1,0,0,1,1,1,0
1520073,0,0,0,1,0,0,0,1,1,0
1520077,0,0,1,1,1,0,0,1,1,0
1520080,0,0,0,1,0,0,0,1,1,0
1520084,0,0,1,1,1,0,0,1,1,0
1520087,0,0,1,1,1,0,0,1,1,0
1530003,0,0,0,1,0,1,1,1,1,0
1530010,0,0,0,1,0,0,0,1,1,0
1530016,1,0,1,1,0,1,1,1,1,0
1530022,0,1,1,1,1,0,0,1,1,0
1530028,0,0,1,1,0,1,1,1,1,0
1530035,0,0,0,1,0,0,0,1,1,0
1530041,0,0,1,1,0,1,1,1,1,0
1530047,0,0,1,1,0,0,0,1,1,0
1530054,0,0,1,1,0,0,1,1,1,0
1530060,0,1,1,1,1,0,0,1,1,0
1530066,0,0,1,1,1,1,1,1,1,0
1530072,0,1,1,1,1,0,0,1,1,0
1530079,1,1,1,0,0,1,0,1,1,0
1530085,0,1,1,1,0,0,0,1,1,0
1530091,0,1,0,1,0,1,1,1,1,0
1530097,0,,0,0,0,1,1,1,0,0
1530104,0,0,1,0,1,0,1,1,1,0
1530110,0,0,1,1,0,1,1,1,1,0
1530116,0,0,1,1,0,1,0,1,1,0
1530123,0,1,0,1,1,1,1,1,1,0
1530129,0,0,0,1,0,1,0,1,1,1
1530135,0,0,1,1,1,0,1,1,1,0
1530141,0,0,1,1,0,1,1,1,1,1
1530148,0,1,1,1,1,1,1,1,1,0
1530154,0,0,1,0,0,0,1,0,1,0
1530160,0,1,1,1,1,1,1,1,1,0
1540002,0,1,1,1,1,1,1,1,1,0
1540007,0,1,0,1,0,0,1,1,1,1
1540012,1,0,1,1,1,0,1,1,1,0
1540016,0,1,1,1,0,0,1,1,1,0
1540021,0,0,1,0,0,1,1,1,1,0
1540026,0,1,0,0,0,1,1,1,1,0
1540030,0,1,0,1,1,0,1,1,1,0
1540035,0,0,0,1,0,0,1,1,1,0
1540040,0,0,1,1,0,1,1,1,1,0
1540044,0,1,1,1,1,1,1,0,1,0
1540049,0,1,0,1,0,0,1,1,1,0
1540054,1,1,1,1,0,0,0,1,1,0
1540058,0,1,0,0,0,1,0,1,1,0
1540063,0,0,1,1,0,0,1,1,1,0
1540068,0,0,1,1,0,0,1,1,1,0
1540072,1,1,1,0,0,1,1,1,1,0
1540077,1,0,1,1,0,0,1,1,1,0
1540082,0,1,1,0,0,1,1,1,1,0
1540086,0,1,1,0,0,0,1,1,1,0
1540091,0,0,0,1,0,0,1,0,1,0
1540095,0,0,1,1,0,1,1,1,1,0
1540100,0,0,0,1,0,0,0,1,1,0
1540105,0,0,0,0,0,0,1,1,1,0
1540109,0,0,1,1,0,1,1,1,1,0
1540114,0,1,1,1,1,1,1,1,1,0
1540119,0,0,1,1,0,1,0,0,1,0
1550001,0,0,1,1,0,1,1,1,1,0
1550005,0,0,1,1,1,1,1,1,1,0
1550008,0,1,0,1,0,1,1,1,1,1
1550011,1,0,0,1,0,1,1,1,1,0
1550014,0,0,0,1,0,1,1,1,1,0
1550017,1,0,0,1,0,1,1,1,1,0
1550020,0,1,0,1,0,1,1,1,1,0
1550023,0,1,0,1,0,0,1,1,1,0
1550027,0,1,1,1,0,1,1,1,1,0
1550030,0,0,1,1,0,1,1,1,1,0
1550033,1,0,1,1,0,1,1,1,1,0
1550036,0,0,0,1,1,1,1,1,1,0
1550039,1,1,1,1,0,0,1,1,1,0
1550042,0,1,1,1,1,1,1,1,1,1
1550046,0,0,1,1,1,1,1,1,1,0
1550049,0,1,0,1,0,1,1,1,1,0
1550052,0,0,0,1,0,1,1,1,1,0
1550055,0,0,0,1,1,1,1,1,1,0
1550058,0,0,0,1,0,1,1,1,1,0
1550061,0,0,1,1,1,1,1,1,1,0
1550064,1,1,1,1,1,1,1,1,1,0
1550068,0,1,1,1,0,1,1,1,1,0
1550071,0,0,1,1,0,1,1,1,1,0
1550074,1,0,0,1,1,1,1,1,1,0
1550077,0,0,1,1,0,0,1,1,1,0
1550080,0,0,0,1,0,1,1,1,1,0
1560001,0,0,0,0,0,0,1,0,1,1
1560005,0,0,0,0,0,0,1,1,1,0
1560008,0,0,0,1,0,0,0,1,1,0
1560012,0,0,0,0,1,1,0,1,1,0
1560015,0,0,0,1,0,1,1,1,1,0
1560019,0,0,0,0,0,1,1,0,1,0
1560022,0,0,0,1,0,0,1,1,1,0
1560026,0,1,1,1,0,1,1,1,1,0
1560029,1,1,1,0,0,0,1,1,1,0
1560033,0,1,1,1,0,1,1,1,1,0
1560036,0,0,1,1,0,0,0,1,1,0
1560040,0,1,0,1,0,1,1,0,1,0
1560043,0,0,0,0,0,0,1,1,1,0
1560047,0,0,1,1,1,1,1,1,1,0
1560050,0,1,1,1,0,1,1,1,1,0
1560054,0,1,1,0,1,0,1,1,1,0
1560057,1,0,1,0,0,1,1,1,1,0
1560064,0,0,0,0,0,0,1,1,1,0
1560068,0,1,0,1,1,0,1,1,1,0
1560071,0,1,0,0,0,0,1,0,1,0
1560075,0,0,0,1,1,0,1,1,1,0
1560078,0,1,0,1,0,0,1,1,1,0
1560082,1,1,1,1,1,0,1,1,1,0
1560085,0,0,0,1,0,0,1,1,1,0
1560089,0,0,1,1,1,0,1,1,1,1
1570004,0,1,1,0,1,0,1,1,1,0
1570009,1,1,1,1,0,1,1,0,1,0
1570013,0,1,1,1,1,1,1,1,1,0
1570017,0,0,1,1,0,1,0,1,1,0
1570021,1,1,0,0,1,1,1,1,1,0
1570025,0,0,1,1,0,1,1,1,1,0
1570030,0,0,1,0,0,1,0,1,1,0
1570034,1,0,0,1,0,1,1,1,1,0
1570038,0,0,1,1,1,1,1,1,1,0
1570042,1,1,1,0,0,1,1,1,1,0
1570046,1,0,1,0,1,1,1,1,1,0
1570051,0,0,1,1,0,1,1,1,1,0
1570055,0,0,1,1,0,1,1,1,1,0
1570059,0,1,1,0,0,1,1,1,1,0
1570063,0,1,1,0,1,1,1,1,1,0
1570067,0,1,0,1,0,1,1,1,1,0
1570071,0,1,1,1,0,1,1,1,1,0
1570076,0,0,1,1,0,1,1,1,1,0
1570080,1,1,0,0,0,1,1,1,1,0
1570084,0,0,1,1,0,1,0,1,1,0
1570088,0,1,1,1,1,1,1,1,1,0
1570092,0,1,1,0,0,1,0,1,1,0
1570097,0,0,1,1,0,1,1,1,1,0
1570101,0,1,1,0,0,1,0,1,1,0
1570105,0,1,0,1,0,1,0,1,1,0
1570109,1,0,0,1,0,1,0,1,1,0
1580004,0,0,0,1,1,0,1,1,1,1
1580009,0,0,1,0,0,0,1,0,1,0
1580013,0,1,1,1,1,0,1,1,1,0
1580017,0,0,0,0,0,1,1,1,1,0
1580022,0,0,0,0,1,0,1,1,1,0
1580026,0,0,0,1,1,0,1,1,1,1
1580030,0,1,0,0,1,1,1,1,1,0
1580035,0,0,1,1,0,0,1,0,1,0
1580039,0,0,0,0,1,0,1,1,1,1
1580043,0,0,1,1,0,0,1,1,1,0
1580047,0,0,1,1,1,0,1,1,1,0
1580052,,1,0,1,1,0,1,1,1,0
1580056,0,1,0,1,1,0,1,1,1,0
1580060,0,0,0,0,0,0,1,1,1,0
1580065,0,0,0,1,0,0,0,1,1,0
1580069,0,1,0,1,1,1,1,1,1,0
1580073,0,0,1,0,0,0,1,1,1,0
1580078,0,0,1,1,0,0,1,1,1,1
1580082,0,0,1,0,0,0,1,1,1,0
1580086,0,0,0,0,1,0,1,1,1,0
1580091,0,1,0,1,0,0,0,1,1,0
1580095,0,0,1,0,0,0,1,1,1,0
1580099,0,1,1,0,0,0,1,1,1,0
1580103,0,0,0,1,1,0,0,0,1,0
1580108,0,0,1,1,0,0,0,1,1,0
1580112,0,0,0,1,1,0,1,1,1,1
1590004,0,0,1,0,1,0,0,1,1,0
1590010,0,0,1,1,1,0,0,1,1,0
1590016,0,0,0,1,1,0,1,1,1,0
1590021,0,1,1,1,1,0,1,0,1,0
1590027,0,1,1,0,1,0,1,1,1,0
1590032,0,1,1,1,1,0,0,1,1,0
1590038,0,0,1,0,1,1,0,1,1,0
1590043,0,0,1,1,1,1,1,1,1,0
1590049,0,0,0,1,1,1,1,1,1,1
1590055,0,0,1,1,1,0,1,1,1,0
1590060,0,0,0,1,1,0,1,1,1,0
1590066,1,0,1,1,1,0,1,1,1,0
1590071,0,0,0,1,1,0,1,1,1,0
1590077,0,1,1,1,1,1,1,1,1,0
1590082,0,1,0,1,1,0,0,1,1,0
1590088,0,0,1,1,1,0,0,1,1,0
1590094,0,0,0,0,1,0,0,1,1,0
1590099,1,1,1,1,1,0,0,1,1,0
1590105,1,1,1,1,1,0,1,1,1,1
1590110,0,1,0,1,1,0,0,1,1,0
1590116,1,0,1,1,1,0,0,1,1,0
1590122,1,1,1,1,1,0,0,1,1,0
1590127,0,0,0,1,0,0,0,1,1,0
1590133,0,0,1,1,1,0,0,1,1,0
1590138,0,0,1,0,1,0,1,0,1,0
1590144,0,0,0,1,0,0,1,0,1,1
1600003,0,0,0,0,0,0,0,1,1,0
1600010,0,1,1,0,0,0,1,0,1,0
1600017,0,1,0,0,0,0,0,1,1,0
1600023,0,0,1,0,0,0,0,0,1,0
1600030,0,,0,1,0,0,0,1,1,0
1600037,0,0,0,1,0,0,1,1,1,0
1600043,0,0,0,1,0,0,0,1,1,0
1600050,0,0,0,1,0,0,0,0,1,0
1600057,0,1,1,1,0,0,0,1,1,0
1600063,0,0,0,0,0,0,1,0,1,0
1600070,0,0,0,1,0,0,0,1,1,0
1600077,1,0,0,0,0,0,1,1,1,0
1600083,0,0,0,0,0,0,1,1,1,0
1600090,0,0,1,0,0,0,1,0,1,0
1600097,0,0,0,1,0,0,0,1,1,0
1600103,0,0,1,0,0,0,1,0,1,0
1600110,0,0,0,0,0,0,0,1,1,0
1600117,0,0,0,0,0,0,1,0,1,0
1600123,0,0,0,0,0,0,0,0,1,0
1600130,0,0,0,0,0,0,0,0,1,0
1600136,0,1,0,0,0,0,0,1,1,0
1600143,0,1,0,0,0,0,1,1,1,0
1600150,0,0,0,0,0,0,1,1,0,0
1600156,0,1,0,0,0,0,1,1,1,1
1600163,0,0,0,0,0,0,1,0,1,0
1600170,1,0,0,0,0,0,0,0,1,0
1610001,0,0,1,1,1,0,0,1,1,0
1610004,1,0,1,1,0,0,0,1,1,0
1610007,0,0,1,1,1,0,0,1,1,0
1610009,0,0,1,1,1,0,0,1,1,0
1610012,0,0,1,1,1,0,0,1,1,0
1610015,0,1,1,1,1,0,0,1,1,0
1610018,0,0,1,1,1,0,0,1,1,0
1610020,0,0,1,1,1,0,0,1,1,0
1610023,0,0,1,1,1,0,1,1,1,0
1610026,0,1,1,0,1,0,1,1,1,0
1610028,0,1,0,1,1,0,1,1,1,0
1610031,0,1,1,1,1,0,1,1,1,0
1610034,1,0,1,1,1,0,1,1,1,1
1610036,1,0,0,1,1,0,1,1,1,0
1610039,0,1,1,0,0,0,1,1,1,0
1610042,0,0,0,1,1,0,1,1,1,0
1610044,0,1,1,1,1,0,1,1,1,0
1610047,0,0,1,0,0,0,0,1,1,0
1610050,1,1,0,1,1,0,0,1,1,0
1610053,0,0,0,1,1,1,1,1,1,0
1610055,0,0,1,0,1,1,0,1,1,0
1610058,0,,0,1,1,0,1,1,1,0
1610061,0,0,1,1,1,1,0,1,1,0
1610063,0,0,1,1,1,0,0,1,1,0
1610066,0,0,1,0,1,0,0,1,1,0
1610069,1,0,0,1,1,0,0,0,1,0
1620034,0,1,1,1,1,0,1,1,1,1
1620040,1,0,1,1,0,1,1,1,1,1
1620047,0,0,1,1,0,0,1,1,1,0
1620053,0,0,1,1,1,0,1,1,1,1
1620060,0,0,1,1,0,0,1,1,1,0
1620066,1,0,1,1,0,1,1,1,1,0
1620072,1,0,1,1,1,0,1,1,1,1
1620079,1,1,1,1,0,0,1,1,1,0
1620085,0,1,1,1,1,0,1,1,1,0
1620091,0,0,1,1,0,1,1,1,1,0
1620098,0,0,1,1,0,0,0,1,1,0
1620104,0,0,1,1,0,0,1,1,1,0
1620110,0,1,1,1,1,0,1,1,1,0
1620117,0,0,0,1,0,1,1,1,1,1
1620123,1,1,1,1,0,0,1,1,1,0
1620129,0,1,1,1,0,0,1,1,1,0
1620136,0,1,0,1,1,1,1,1,1,0
1620142,0,1,1,0,0,0,1,0,1,0
1620148,0,1,1,1,0,0,1,1,1,0
1620155,0,0,1,0,1,0,1,1,1,0
1620161,0,0,1,1,1,0,1,1,1,0
1630001,0,0,1,0,1,0,0,0,1,0
1630008,0,0,0,1,0,0,0,1,1,0
1630015,0,0,0,0,0,0,1,0,1,0
1630022,0,1,0,0,0,0,0,0,1,0
1630029,0,0,1,0,0,0,1,0,1,0
1630036,0,0,0,0,0,0,0,0,1,0
1630043,0,0,0,0,0,0,1,0,1,0
1630050,0,0,0,0,0,0,0,0,1,0
1630057,0,0,0,0,0,0,0,0,0,0
1630064,0,0,0,1,0,0,0,0,1,0
1630071,0,0,1,1,0,0,0,0,1,0
1630078,0,0,0,1,0,0,0,0,1,0
1630084,0,0,0,1,0,0,0,0,1,0
1630091,0,0,0,0,0,0,0,1,1,0
1630098,0,0,0,0,0,0,1,0,1,0
1630105,0,0,0,0,0,0,0,0,1,0
1630112,0,0,0,0,0,0,0,0,1,0
1630119,0,0,0,0,0,0,1,0,1,0
1630126,0,0,0,0,0,0,1,0,1,0
1630133,0,0,0,0,0,0,1,0,1,1
1630140,0,0,0,0,0,0,1,0,1,0
1630147,0,0,0,0,0,0,0,0,1,0
1630154,0,0,1,0,0,0,0,0,1,0
1630161,0,0,0,0,0,0,1,0,1,0
1630168,0,0,1,1,1,0,0,1,1,0
1630174,0,0,0,0,0,0,0,0,1,0
1640006,0,1,0,0,0,0,1,0,1,0
1640013,0,0,0,0,0,0,0,0,1,0
1640019,0,0,1,1,1,0,0,0,1,0
1640025,0,0,0,0,0,0,0,0,1,0
1640031,0,0,0,0,0,0,0,0,1,0
1640038,0,0,0,0,0,0,1,1,1,0
1640044,0,0,0,0,1,0,0,1,1,1
1640050,0,0,0,0,0,0,1,0,1,0
1640057,0,1,1,0,0,0,0,0,1,0
1640063,0,0,0,0,0,0,0,0,1,0
1640069,0,1,0,0,0,0,0,0,1,0
1640075,0,0,0,0,0,0,0,0,1,0
1640082,0,0,1,0,0,0,1,0,1,1
1640088,0,0,0,1,0,0,1,0,1,1
1640094,0,0,0,0,1,0,1,0,1,0
1640100,0,0,0,0,0,0,1,0,0,0
1640107,0,0,1,1,0,1,0,0,1,0
1640113,0,0,0,0,0,0,1,0,1,0
1640119,0,0,0,0,0,0,1,0,1,0
1640126,0,0,0,1,0,0,1,0,1,0
1640132,0,0,0,0,0,0,1,0,1,0
1640138,0,0,0,0,0,0,1,0,1,0
1640144,0,0,0,0,0,0,1,0,1,0
1640151,0,0,0,0,0,0,1,0,1,0
1640157,0,1,1,0,0,0,1,0,1,1
1640163,0,0,0,0,0,0,0,0,1,0
1650006,0,0,0,1,0,0,1,0,1,0
1650014,0,1,0,0,0,0,0,0,1,0
1650022,0,0,0,0,0,0,0,0,1,0
1650029,0,1,0,0,0,0,0,0,1,0
1650037,0,1,0,0,0,0,0,0,1,0
1650044,0,0,0,0,0,0,1,0,1,0
1650052,0,0,0,0,0,0,1,0,1,0
1650059,0,0,0,0,0,0,1,0,1,0
1650067,0,0,0,0,0,0,0,0,1,0
1650075,0,0,0,0,0,0,1,0,1,0
1650082,0,0,0,0,0,0,0,0,1,0
1650090,0,0,0,0,0,0,0,1,1,0
1650097,0,1,0,0,0,0,0,1,1,0
1650105,0,0,0,0,0,0,0,0,1,0
1650112,0,0,0,0,0,0,1,1,1,0
1650120,0,0,0,0,0,0,1,0,1,0
1650128,0,0,0,0,0,0,0,0,1,0
1650135,0,1,0,0,0,0,0,0,1,0
1650143,0,0,0,0,0,0,0,1,1,0
1650150,0,0,0,0,0,0,1,0,1,0
1650158,0,0,0,0,0,0,1,1,1,0
1650166,0,0,0,0,0,0,0,0,1,0
1650173,0,0,0,0,0,0,1,1,1,0
1650181,0,,0,1,0,0,1,1,1,1
1650188,0,0,0,1,0,0,1,1,1,1
1650196,0,0,0,0,0,0,0,0,1,0
1660003,0,1,0,0,1,1,1,1,1,1
1660007,0,0,0,0,1,1,1,1,1,0
1660010,0,1,0,0,1,1,1,1,1,0
1660013,0,1,0,1,1,1,1,1,1,0
1660016,0,0,0,1,1,1,0,1,1,0
1660019,0,0,0,0,1,1,0,1,1,0
1660023,0,0,0,1,1,1,0,1,1,1
1660026,0,0,0,1,1,1,0,1,1,0
1660029,0,0,1,1,1,1,1,1,1,0
1660032,0,0,0,1,1,0,0,1,1,0
1660035,0,0,0,1,0,0,0,0,0,0
1660039,0,0,0,1,1,1,0,1,1,0
1660042,0,0,0,1,1,1,1,1,1,1
1660045,0,1,0,1,1,0,1,1,1,1
1660048,0,0,0,0,1,1,1,0,1,0
1660051,0,1,0,1,1,1,1,1,1,1
1660054,0,0,1,0,1,1,1,1,1,0
1660058,1,0,1,1,1,1,1,1,1,0
1660061,0,0,1,1,1,1,1,1,1,0
1660064,0,1,0,0,1,1,0,1,1,0
1660067,0,0,0,0,1,1,1,1,1,0
1660070,0,0,0,0,1,1,0,1,1,0
1660074,1,0,0,1,1,1,1,1,1,0
1660077,0,1,0,1,1,0,1,1,1,0
1660080,0,1,0,1,1,1,1,1,1,0
1660083,0,1,0,0,1,0,0,0,1,0
1670003,0,1,0,1,0,0,1,1,1,1
1670008,1,1,0,1,1,0,1,1,1,0
1670012,0,1,1,1,1,1,1,1,1,1
1670016,0,0,0,1,1,1,0,1,1,1
1670020,1,1,1,1,1,0,1,1,1,0
1670025,0,0,0,1,1,0,1,1,1,1
1670029,0,1,0,1,1,0,0,1,1,0
1670033,0,0,0,1,1,1,1,1,1,1
1670037,0,0,0,1,1,0,0,1,1,0
1670041,0,1,0,1,1,0,0,1,1,1
1670046,0,1,0,1,0,0,1,1,1,0
1670050,0,0,1,1,0,1,1,1,1,0
1670054,0,1,0,1,1,0,0,1,1,0
1670058,1,0,0,1,1,0,1,1,1,0
1670063,0,0,0,1,1,0,1,1,1,0
1670067,0,1,0,1,1,0,1,0,1,0
1670071,1,1,0,1,1,1,1,1,1,0
1670075,0,1,0,0,1,0,0,1,1,1
1670080,0,0,1,1,1,0,1,1,1,0
1670084,0,1,0,1,1,1,1,1,1,0
1670088,0,0,0,1,1,1,1,1,1,0
1670092,0,0,0,,1,1,1,1,0,0
1670096,0,0,1,1,1,0,1,1,1,0
1670101,0,0,0,1,1,1,1,1,1,1
1670105,0,1,1,1,1,1,1,1,1,0
1670109,0,0,0,1,0,0,0,1,1,1
1680003,0,1,1,1,0,1,0,1,1,0
1680010,1,1,1,0,1,0,1,1,1,0
1680017,1,1,0,1,1,1,1,1,1,0
1680023,0,0,1,1,1,0,1,1,1,0
1680030,0,1,1,1,0,0,0,1,1,0
1680036,0,0,1,0,1,0,0,1,1,0
1680043,0,1,1,1,1,1,1,1,1,1
1680049,0,0,1,0,0,0,1,1,1,1
1680056,0,0,0,1,1,1,0,1,1,0
1680063,0,1,1,1,1,0,1,1,1,1
1680069,0,0,0,0,0,0,1,1,1,0
1680076,0,0,1,1,0,1,1,1,1,0
1680082,0,1,1,1,1,1,1,1,1,0
1680089,0,0,0,1,1,1,1,1,1,0
1680095,0,0,1,1,0,1,1,1,1,0
1680102,0,0,1,1,1,1,1,1,1,0
1680109,0,0,0,1,1,0,1,1,1,0
1680115,1,0,0,0,1,1,1,0,1,0
1680122,0,0,0,1,1,1,1,1,1,0
1680128,0,0,1,0,1,1,1,1,1,0
1680135,0,0,0,1,0,1,1,1,1,0
1680142,0,0,0,1,1,1,1,1,1,0
1680148,0,0,0,0,0,0,1,1,0,0
1680155,0,1,0,1,1,1,0,0,1,0
1680161,0,1,0,1,0,1,0,1,0,0
1680168,1,0,0,0,0,0,0,1,1,0
1690002,0,0,1,1,1,1,0,1,1,0
1690006,0,0,1,1,1,0,1,1,0,0
1690010,0,0,0,1,1,0,1,1,1,0
1690014,0,0,0,1,0,0,1,1,0,0
1690018,0,1,1,1,1,1,1,1,1,0
1690022,0,0,0,1,0,0,1,1,1,0
1690026,0,0,0,0,1,0,0,1,1,0
1690030,0,1,0,1,0,0,1,1,1,0
1690034,1,0,1,1,0,0,0,1,1,0
1690038,0,0,1,1,0,0,0,1,1,0
1690042,0,1,0,1,0,0,1,1,1,0
1690046,0,1,1,1,0,0,0,1,1,0
1690049,1,1,1,1,0,0,1,1,1,0
1690053,0,1,1,1,0,1,1,1,1,0
1690057,0,0,1,1,1,0,1,0,1,0
1690061,0,1,1,1,1,1,1,1,1,1
1690065,0,0,0,1,1,0,1,0,1,0
1690069,0,0,1,1,1,0,1,1,1,0
1690073,1,0,1,1,1,0,1,1,1,0
1690077,0,0,0,1,1,0,0,1,1,0
1690081,0,1,1,1,1,0,1,0,1,0
1690085,0,1,0,1,1,1,1,1,1,1
1690089,0,0,1,1,1,0,1,1,1,0
1690093,0,0,1,1,0,0,0,1,1,1
1690097,0,0,0,1,1,0,1,1,1,0
1690100,0,0,1,1,1,0,1,1,1,0
1700001,0,1,0,0,1,0,0,1,1,0
1700004,0,1,0,1,1,1,1,1,1,0
1700007,0,1,0,0,1,0,1,1,1,0
1700010,0,1,1,1,1,0,1,1,1,0
1700012,0,0,0,1,0,1,1,1,1,0
1700015,0,1,0,1,0,0,0,1,1,0
1700018,0,0,1,1,0,1,1,1,1,0
1700026,0,0,1,0,0,0,0,1,1,0
1700029,0,1,0,1,1,0,1,1,1,0
1700032,1,0,1,1,1,0,1,1,1,0
1700035,0,0,1,0,0,0,0,0,1,0
1700037,0,0,1,0,0,0,0,1,1,0
1700040,1,1,0,1,0,0,1,1,1,0
1700043,1,0,0,1,0,0,1,1,1,0
1700046,1,1,1,0,0,1,1,1,1,0
1700048,0,0,1,1,1,0,1,1,1,0
1700051,0,0,0,0,0,0,1,1,1,0
1700054,1,0,1,1,1,0,1,1,1,0
1700057,1,1,0,0,0,0,1,1,1,0
1700060,0,0,1,0,0,0,0,1,1,0
1700062,0,1,0,0,0,0,1,1,1,0
1700065,0,0,1,1,0,0,1,1,1,0
1700068,0,0,0,0,0,0,1,1,1,0
1700071,0,1,1,1,1,0,1,1,1,0
1710001,0,0,0,1,1,0,1,1,1,0
1710005,0,1,0,0,0,0,0,1,1,0
1710009,0,0,0,0,1,0,1,1,1,0
1710013,0,1,0,1,0,0,0,0,1,0
1710016,0,0,0,0,0,0,0,1,1,0
1710020,0,0,0,1,0,0,0,0,1,0
1710024,0,1,1,1,1,0,0,1,1,1
1710028,0,1,0,1,0,0,0,0,1,0
1710031,0,0,0,0,1,0,1,1,1,1
1710035,0,0,1,0,0,0,0,0,1,0
1710039,0,0,0,1,0,0,1,1,1,0
1710042,0,1,1,1,0,0,0,1,1,0
1710046,1,0,0,1,0,0,1,1,1,0
1710050,0,0,0,0,0,0,0,1,1,0
1710054,0,0,0,0,0,0,0,1,1,0
1710057,0,1,0,0,0,0,0,0,1,0
1710061,0,0,0,0,0,0,0,0,1,0
1710069,1,0,1,0,0,0,0,0,1,0
1710072,1,0,1,0,0,0,0,1,1,0
1710076,0,1,0,0,0,0,0,1,1,0
1710080,0,0,1,1,1,0,0,1,1,0
1710083,0,1,1,1,0,1,0,1,1,0
1710087,0,0,0,0,0,0,1,0,0,0
1710091,0,1,0,1,0,0,0,1,1,0
1710095,0,1,0,1,0,0,0,1,1,0
1720005,0,1,1,1,0,1,0,1,1,0
1720010,1,0,1,0,1,1,1,1,1,0
1720015,0,1,0,1,0,1,1,0,1,0
1720020,1,1,0,0,1,1,1,1,1,0
1720025,0,0,0,1,0,0,0,0,1,0
1720030,0,1,1,1,1,0,1,1,1,0
1720040,0,0,1,1,1,1,0,1,1,0
1720045,0,1,1,1,0,0,0,1,1,0
1720050,0,1,0,1,1,1,1,1,1,0
1720055,1,0,1,1,0,1,1,1,1,0
1720060,1,1,1,0,1,1,1,1,1,0
1720065,1,0,0,1,1,1,1,1,1,0
1720070,0,1,1,1,0,1,0,1,1,0
1720075,0,0,1,0,1,1,1,1,1,0
1720080,0,0,0,1,0,0,0,1,1,0
1720085,0,1,1,1,1,1,1,1,1,0
1720090,0,1,1,1,0,0,0,1,1,0
1720095,0,0,0,0,1,1,1,1,1,0
1720100,1,1,1,1,1,0,0,1,1,0
1720105,0,1,0,1,1,1,1,1,1,0
1720110,0,0,0,1,1,0,0,1,1,0
1720115,1,1,1,0,0,0,0,1,1,0
1720120,0,1,0,0,1,0,0,1,1,0
1720125,1,0,1,0,1,0,0,1,1,1
1720130,1,0,1,1,1,0,1,1,1,0
1730005,0,1,0,1,0,0,1,0,0,0
1730012,1,0,0,1,1,0,1,1,1,0
1730019,,1,1,1,0,1,1,1,1,0
1730026,0,1,0,1,1,1,1,1,1,0
1730033,0,1,0,1,0,1,1,1,1,0
1730040,0,0,0,1,1,1,1,1,1,0
1730047,0,1,1,1,0,0,1,0,1,0
1730054,0,0,0,1,0,1,0,1,1,0
1730060,0,1,0,1,1,1,1,1,1,0
1730067,0,0,0,1,0,1,1,1,1,0
1730074,0,0,0,1,0,1,1,1,1,0
1730081,0,0,0,1,0,1,1,0,1,0
1730088,0,0,0,1,0,1,1,1,1,0
1730095,1,1,0,0,0,1,0,0,1,0
1730102,0,0,0,1,0,0,1,1,1,0
1730109,1,0,1,1,1,0,1,1,1,0
1730116,0,1,1,1,0,1,1,1,1,0
1730122,0,1,1,1,0,0,1,1,1,0
1730129,0,0,0,1,0,1,1,1,1,0
1730136,0,1,1,1,1,1,1,1,1,0
1730143,0,0,1,1,0,1,1,0,1,0
1730150,0,0,0,1,1,1,1,1,1,0
1730157,0,1,1,0,1,1,1,1,1,0
1730164,0,1,0,1,1,1,1,1,1,0
1730171,0,0,0,1,0,0,1,1,1,0
1730178,0,0,1,1,1,1,1,1,1,0
1740003,0,0,0,0,0,0,1,0,1,0
1740007,0,0,0,0,0,0,1,1,1,0
1740011,0,0,1,1,1,0,1,1,1,0
1740015,0,0,0,0,0,0,1,1,1,0
1740019,0,0,0,0,1,0,1,1,1,0
1740023,0,1,0,0,0,0,1,1,1,0
1740027,,1,1,1,1,1,0,1,1,0
1740031,0,1,1,1,0,1,1,1,1,0
1740035,0,1,0,0,0,0,0,1,1,0
1740039,0,0,1,1,0,1,1,1,1,0
1740043,0,0,0,1,0,0,0,1,1,0
1740047,0,0,0,0,0,0,1,0,1,0
1740050,0,1,0,1,1,0,0,1,1,0
1740054,0,0,0,0,0,0,0,0,1,0
1740058,0,0,1,0,0,0,1,1,1,0
1740062,0,0,1,0,0,0,0,0,1,0
1740066,0,0,0,1,1,0,1,1,1,0
1740070,0,0,1,1,0,0,0,0,1,0
1740074,1,1,1,0,0,0,0,1,1,0
1740078,0,0,0,1,0,0,1,1,1,0
1740082,0,0,0,1,1,0,1,1,1,0
1740086,0,,0,0,0,0,1,0,1,0
1740090,0,0,0,1,0,0,1,1,1,1
1740094,0,0,0,1,0,0,1,1,1,0
1740098,1,0,1,1,1,0,0,1,1,0
1740101,0,0,0,1,0,0,0,1,1,0
1750004,0,0,0,1,1,0,1,1,1,0
1750011,0,0,1,1,1,1,1,1,1,0
1750018,0,0,0,1,1,0,1,1,1,0
1750024,1,0,1,0,1,0,1,1,1,0
1750031,1,0,1,0,1,0,0,1,1,0
1750037,0,0,0,1,0,0,0,1,1,0
1750044,0,0,0,0,0,0,1,0,1,0
1750051,0,0,1,0,0,0,0,0,1,0
1750057,0,1,0,0,0,1,0,1,1,0
1750064,0,1,0,0,0,1,0,1,1,0
1750071,0,0,0,0,0,1,0,1,1,0
1750077,0,0,1,1,1,0,0,1,1,0
1750084,0,0,1,1,0,0,0,1,1,0
1750090,0,0,0,0,0,0,1,0,1,0
1750097,0,0,0,0,1,0,0,1,1,0
1750104,0,0,0,0,0,1,0,1,1,0
1750110,0,0,0,1,0,0,1,1,1,1
1750117,0,0,0,0,0,0,1,0,1,0
1750123,0,0,0,1,1,0,0,1,1,0
1750130,0,0,0,0,0,0,0,1,1,0
1750137,1,0,1,1,0,1,0,1,1,0
1750143,1,0,0,0,0,0,0,1,1,0
1750150,0,0,0,0,0,1,0,1,1,0
1750157,0,,0,0,0,0,0,1,0,0
1750163,1,0,0,0,1,1,0,1,1,0
1750170,0,0,0,0,1,0,0,1,1,0
1760002,0,1,0,0,0,0,0,0,1,0
1760007,0,1,0,1,0,0,0,0,1,0
1760011,0,1,0,0,0,1,0,0,1,0
1760015,0,0,0,1,0,0,0,0,1,0
1760019,0,0,0,0,0,0,0,1,1,0
1760024,0,1,0,1,0,0,0,1,1,0
1760028,0,0,0,0,0,0,0,0,1,0
1760032,0,0,0,0,0,0,0,0,1,0
1760036,0,0,0,0,0,0,0,1,1,0
1760040,0,0,0,0,0,1,0,1,1,0
1760045,0,0,1,1,1,0,1,1,1,0
1760049,0,1,0,0,0,0,0,0,1,0
1760053,0,0,0,0,0,0,1,0,1,0
1760057,1,0,1,0,0,0,1,1,1,0
1760062,0,0,0,0,0,0,0,0,1,0
1760066,0,0,0,1,0,0,0,1,1,0
1760070,0,1,1,0,1,0,1,1,1,0
1760074,0,1,0,1,0,0,0,1,1,0
1760079,0,0,0,0,0,0,0,1,1,0
1760083,0,0,0,0,0,0,0,1,1,0
1760087,0,0,1,1,0,0,0,1,1,0
1760091,0,1,0,0,0,1,0,1,1,0
1760095,0,0,0,0,0,0,1,1,1,0
1760100,0,0,0,0,0,0,1,1,1,0
1760104,0,0,1,1,0,0,0,0,1,0
1760108,0,0,0,0,1,1,1,1,1,0
1770002,0,0,0,0,1,0,0,1,1,0
1770007,0,1,0,1,1,0,0,1,1,0
1770011,1,0,1,1,1,0,1,1,1,0
1770015,0,1,1,1,1,0,0,1,1,0
1770019,0,1,0,0,0,0,0,0,1,0
1770024,0,0,1,0,1,0,1,1,1,0
1770028,0,0,0,0,1,0,0,1,1,0
1770032,0,0,0,0,1,0,0,1,1,0
1770037,0,1,0,0,1,0,0,1,1,0
1770041,0,0,0,0,1,0,0,1,1,0
1770045,1,0,0,0,0,0,0,0,1,0
1770049,0,0,0,1,1,0,1,1,1,0
1770054,0,0,0,1,1,0,0,1,1,0
1770058,1,0,1,0,0,1,1,1,1,0
1770062,0,0,1,0,0,1,1,1,1,0
1770066,0,1,1,0,0,0,1,1,1,0
1770071,0,0,1,1,0,0,1,1,1,0
1770075,0,0,1,1,0,0,1,1,1,0
1770079,0,0,0,1,0,0,0,1,1,0
1770084,0,1,1,1,0,1,1,1,1,0
1770088,0,0,1,1,1,1,1,1,1,0
1770092,0,1,0,1,1,1,1,1,1,0
1770096,0,0,1,1,1,0,1,1,1,0
1770101,0,0,1,1,1,0,1,1,1,0
1770105,0,0,1,1,1,0,1,1,1,0
1770109,0,0,1,1,1,0,0,1,1,0
1780002,0,1,0,1,1,0,0,1,1,0
1780009,0,0,1,1,1,1,0,1,1,0
1780015,0,1,0,1,1,1,0,1,1,0
1780021,0,0,1,1,1,1,0,1,1,0
1780027,0,0,1,1,1,1,0,1,1,0
1780034,0,0,0,1,1,1,1,1,1,0
1780040,0,0,1,1,1,1,1,1,1,0
1780046,0,0,1,1,1,0,0,1,1,0
1780052,0,1,1,1,0,0,0,1,1,0
1780058,0,0,1,1,1,1,1,1,1,0
1780065,1,0,1,1,1,1,1,1,1,0
1780071,0,0,1,1,1,1,1,1,1,0
1780077,1,0,1,1,0,0,0,1,1,0
1780083,0,0,0,1,1,1,1,1,1,0
1780090,0,1,1,1,1,0,1,1,1,0
1780096,0,0,1,1,1,1,1,1,1,0
1780102,0,0,1,1,1,1,1,1,1,0
1780108,1,0,0,1,1,1,1,1,1,0
1780115,0,0,1,1,1,1,1,1,1,0
1780121,0,0,0,1,1,1,1,1,1,0
1780127,0,0,0,1,1,1,1,1,1,0
1780133,0,0,1,1,1,1,1,1,1,0
1780139,0,0,0,0,1,1,1,1,1,0
1780146,0,0,0,0,1,1,1,1,1,0
1780152,0,1,0,1,1,1,1,1,1,0
1780158,0,0,0,1,1,1,1,1,1,0
1820004,0,1,1,0,0,0,0,1,1,0
1820011,0,0,0,0,0,0,0,1,1,0
1820017,1,1,0,0,0,0,0,1,1,0
1820023,0,0,0,0,0,0,0,1,1,0
1820029,0,0,1,0,0,0,0,1,1,0
1820036,0,0,1,1,0,0,0,1,1,0
1820042,0,1,0,1,0,0,1,1,1,1
1820048,0,1,0,1,0,0,0,1,1,0
1820055,0,0,0,1,1,0,1,1,1,0
1820061,0,0,1,0,0,0,1,1,1,0
1820067,0,1,1,0,0,0,0,0,1,0
1820073,0,0,1,0,0,0,1,1,1,0
1820080,0,0,1,0,0,0,1,1,1,0
1820086,0,0,0,1,0,0,0,1,1,0
1820092,0,0,0,0,0,0,1,1,1,0
1820098,0,1,1,1,0,1,1,1,1,0
1820105,0,0,1,0,0,0,0,1,1,0
1820111,0,0,1,1,1,0,1,1,1,0
1820117,0,1,1,0,0,0,0,1,1,0
1820124,0,0,1,1,0,0,1,1,1,0
1820130,1,0,1,0,0,0,0,1,1,0
1820136,0,0,1,1,0,0,1,1,1,0
1820142,1,1,1,0,0,0,1,1,1,0
1820149,0,0,1,1,0,0,0,1,1,0
1820155,0,1,0,0,0,0,1,1,1,0
1820161,0,1,1,1,0,0,0,1,1,0
1830003,0,0,0,1,1,0,1,1,1,0
1830007,0,1,0,1,1,0,0,1,1,0
1830011,0,0,0,1,1,0,1,1,1,0
1830016,0,1,1,1,1,0,0,1,1,0
1830020,0,1,1,1,1,0,1,1,1,0
1830024,0,0,1,1,0,1,0,1,1,0
1830028,0,0,1,1,1,0,1,1,1,0
1830032,0,0,1,1,1,0,1,1,1,0
1830036,0,0,1,0,0,0,1,1,1,0
1830040,0,0,0,1,0,0,1,1,1,0
1830044,0,0,0,1,0,0,1,1,1,0
1830048,0,0,1,0,1,0,1,1,1,0
1830052,0,0,1,1,1,0,1,1,1,0
1830056,0,0,1,1,1,1,1,1,1,1
1830060,0,0,1,1,1,0,0,1,1,0
1830064,0,1,1,1,1,0,0,1,1,0
1830068,0,0,1,1,1,0,0,1,1,0
1830072,0,0,1,1,1,0,1,1,1,0
1830076,0,0,0,1,1,0,1,1,1,0
1830080,0,1,0,1,1,1,1,1,1,0
1830084,0,0,1,1,1,0,1,1,1,0
1830088,0,0,0,1,1,0,1,1,1,0
1830092,0,0,0,1,0,1,1,1,1,0
1830096,0,1,0,1,1,0,1,1,1,0
1830100,0,0,1,1,1,0,1,1,1,0
1830104,0,0,1,1,1,1,1,1,1,0
1840002,0,0,0,1,1,0,1,1,1,1
1840006,0,0,1,1,1,0,0,1,1,0
1840010,0,0,1,1,1,0,1,1,1,1
1840015,0,0,1,1,1,0,1,1,1,0
1840019,1,0,1,0,1,0,0,1,1,0
1840023,0,0,1,1,0,0,1,1,1,0
1840027,0,0,1,0,0,0,1,0,1,0
1840031,0,0,0,0,0,0,1,1,1,0
1840035,0,0,1,1,1,0,0,1,1,0
1840039,0,0,0,1,1,0,1,1,1,0
1840043,0,0,1,1,0,1,0,1,1,0
1840047,0,0,1,1,1,0,0,1,1,0
1840051,0,0,1,0,0,0,0,1,0,0
1840055,,0,1,1,1,0,1,1,1,0
1840059,0,0,1,1,1,0,0,1,1,0
1840063,0,0,0,0,1,0,1,1,1,0
1840067,0,0,1,1,1,0,1,1,1,0
1840071,0,0,1,0,1,0,0,1,1,0
1840075,0,1,1,1,1,0,0,1,1,0
1840079,1,1,0,1,0,0,1,1,1,1
1840083,0,0,0,1,1,0,1,1,1,1
1840087,1,0,0,0,0,0,0,1,1,0
1840091,1,0,1,1,1,0,0,1,1,0
1840095,1,1,1,1,0,0,1,1,1,0
1840099,0,0,1,1,1,0,1,1,1,0
1840103,1,0,1,1,0,0,0,1,1,0
1850002,0,1,0,1,0,0,0,1,1,1
1850008,1,0,0,1,1,0,0,1,1,0
1850013,1,0,0,0,0,0,0,1,1,0
1850019,0,0,0,1,1,0,0,1,1,0
1850024,0,0,0,0,1,1,0,1,1,0
1850030,0,0,0,0,1,0,0,1,1,0
1850035,1,0,0,1,0,1,1,1,1,0
1850040,0,0,0,0,0,0,0,1,1,0
1850046,0,1,0,1,0,0,0,0,1,0
1850051,0,0,0,1,1,1,1,1,1,0
1850057,0,0,0,0,0,0,0,1,1,0
1850062,0,0,0,0,1,1,1,1,1,1
1850067,0,0,1,1,1,1,1,1,1,0
1850073,0,0,0,1,0,0,0,1,1,0
1850078,0,0,1,1,1,0,0,0,1,0
1850084,0,1,0,1,1,0,1,1,1,0
1850089,0,1,0,0,0,0,0,1,1,0
1850095,0,0,1,0,0,0,0,1,1,0
1850100,0,0,1,1,0,0,0,1,1,0
1850105,0,0,1,0,1,0,0,1,1,0
1850111,0,0,0,1,0,0,0,1,1,0
1850116,0,0,1,0,1,0,0,1,1,0
1850122,0,0,0,0,0,0,0,1,1,0
1850127,0,0,0,0,0,0,0,1,1,0
1850133,1,0,0,1,1,0,0,1,1,0
1850138,0,0,0,0,0,0,0,1,0,0
1860001,0,0,0,0,0,0,0,1,1,0
1860007,0,0,1,1,0,0,0,0,1,0
1860012,0,0,0,0,0,0,1,0,1,0
1860018,0,1,0,1,0,0,1,1,1,0
1860023,0,0,1,0,1,0,1,1,1,0
1860029,1,0,1,1,0,0,1,1,1,0
1860034,1,0,0,1,0,0,1,1,1,0
1860040,0,0,0,0,0,0,0,1,1,0
1860045,0,1,0,0,0,0,0,1,1,0
1860051,0,0,0,0,0,0,1,1,1,0
1860056,0,0,1,1,0,0,0,1,1,0
1860062,0,1,0,0,0,0,0,1,1,0
1860067,0,0,0,0,1,0,0,1,1,0
1860073,0,0,0,1,0,0,0,1,1,0
1860078,0,0,0,0,0,1,0,1,1,0
1860084,0,0,0,0,1,0,0,1,1,0
1860089,0,1,1,0,0,0,0,1,1,0
1860095,0,1,1,0,0,0,1,1,1,0
1860100,0,1,0,0,1,0,1,1,1,0
1860106,0,0,0,1,0,0,1,1,1,0
1860111,0,0,1,0,0,0,1,1,1,0
1860117,0,0,0,0,0,0,1,1,1,0
1860122,1,0,1,1,1,1,1,1,1,0
1860128,0,1,0,0,1,0,1,1,1,0
1860133,0,0,1,1,0,1,1,1,1,0
1860139,0,0,0,1,0,0,0,1,1,0
1870001,0,0,1,1,1,0,0,1,1,0
1870005,0,1,0,1,0,0,0,1,1,0
1870008,0,0,1,0,1,0,0,1,1,1
1870012,0,0,1,1,1,0,0,1,1,0
1870015,0,0,1,1,0,0,0,1,1,0
1870019,0,0,0,1,1,0,0,1,1,0
1870022,0,0,0,0,1,0,0,1,1,0
1870026,0,0,0,1,1,0,0,1,1,0
1870029,0,1,1,1,1,1,1,1,1,0
1870033,1,0,1,1,1,0,1,1,1,0
1870036,0,0,1,1,1,0,1,1,1,1
1870040,0,0,1,1,1,0,1,1,1,0
1870043,0,0,1,1,1,0,1,1,1,0
1870047,0,1,1,1,0,0,1,1,1,0
1870050,0,1,0,0,0,1,0,1,1,0
1870054,0,0,0,0,1,0,0,1,1,0
1870057,0,0,1,1,0,1,0,1,1,0
1870061,0,0,0,0,1,0,1,1,1,0
1870064,0,0,0,1,1,0,1,1,1,0
1870068,1,0,0,1,1,0,1,1,1,0
1870071,0,0,1,1,1,1,1,1,1,0
1870075,0,0,0,0,1,0,0,1,1,0
1870078,0,0,0,0,0,1,1,1,1,0
1870082,0,0,1,0,1,0,0,1,1,0
1870085,0,0,1,0,1,1,1,1,1,0
1870089,0,1,0,0,1,0,1,1,1,0
1890004,0,0,1,1,1,1,0,1,1,0
1890010,0,0,0,0,0,0,0,1,1,0
1890016,0,0,1,1,1,1,1,1,1,0
1890021,0,0,1,1,1,0,0,1,1,0
1890027,0,0,0,1,1,1,1,1,1,0
1890033,0,0,1,1,0,0,0,1,1,0
1890038,0,0,0,1,1,1,1,1,1,0
1890044,0,1,0,1,0,0,0,1,1,0
1890050,0,0,0,1,0,0,0,1,1,0
1890055,0,0,1,1,0,0,0,1,1,0
1890061,0,0,1,1,1,1,1,1,1,0
1890067,0,0,1,1,1,1,1,1,1,0
1890072,1,0,0,0,1,1,1,1,1,0
1890078,0,1,1,1,1,0,1,1,1,0
1890084,1,0,0,1,1,0,1,1,1,0
1890089,0,0,1,1,1,0,1,1,1,0
1890095,0,0,0,1,1,1,1,1,1,0
1890101,0,0,1,0,1,1,1,1,1,0
1890106,0,0,0,1,0,1,1,1,1,0
1890112,0,1,0,1,1,0,1,1,1,0
1890117,0,0,0,0,0,0,1,1,1,0
1890123,0,1,1,1,1,0,1,1,1,0
1890129,0,1,1,1,0,1,1,1,1,0
1890134,1,1,1,1,1,1,1,1,1,0
1890140,0,0,1,1,0,0,1,1,1,0
1890146,0,0,0,0,0,0,0,1,1,0
1900003,1,0,0,0,1,1,0,1,1,0
1900008,1,0,1,1,1,1,0,1,1,0
1900013,0,0,1,1,1,1,1,1,1,0
1900018,0,1,1,0,1,1,1,1,1,0
1900022,0,0,0,1,1,1,1,1,1,0
1900027,0,0,0,0,1,1,1,1,1,0
1900032,0,0,0,1,1,0,0,1,1,0
1900037,0,1,1,1,1,0,1,1,1,0
1900041,0,1,1,1,1,1,0,1,1,0
1900046,0,0,0,1,1,0,0,1,1,0
1900051,0,1,1,0,1,0,0,1,1,0
1900055,0,0,0,0,1,1,0,1,1,0
1900060,0,0,1,1,1,0,1,1,1,0
1900065,0,1,0,1,1,1,1,1,1,0
1900070,0,0,1,0,1,0,1,1,1,0
1900074,0,0,0,1,1,0,1,1,1,0
1900079,0,0,1,0,1,1,1,1,1,0
1900084,0,1,1,1,1,0,1,1,1,0
1900089,0,0,1,0,0,0,0,1,1,0
1900093,0,0,1,0,0,1,0,1,1,0
1900098,1,0,1,1,0,1,1,1,1,0
1900103,0,0,1,1,1,0,1,1,1,0
1900107,0,0,0,1,0,0,1,1,1,0
1900112,0,1,1,1,0,1,0,1,1,0
1900117,1,0,1,0,1,0,0,1,1,0
1900122,0,0,0,0,1,0,1,1,1,0
1910002,0,1,0,1,0,0,1,1,1,0
1910007,0,0,1,0,1,0,1,1,1,0
1910011,0,0,0,0,1,0,1,1,1,0
1910015,0,1,0,0,1,0,1,1,1,0
1910019,0,1,1,0,1,0,1,1,1,0
1910024,0,1,0,1,1,1,1,1,1,0
1910028,0,0,1,0,1,1,0,1,1,0
1910032,0,0,0,1,1,1,1,1,1,0
1910036,0,0,0,1,1,0,1,1,1,0
1910040,0,0,0,0,1,1,1,1,1,0
1910045,0,0,1,0,1,0,1,1,1,0
1910049,0,0,0,0,1,1,0,1,1,0
1910053,1,0,0,0,1,1,1,1,1,0
1910057,1,0,0,1,1,1,1,1,1,0
1910062,0,0,0,1,1,1,1,1,1,0
1910066,1,1,1,1,1,1,1,1,1,0
1910070,0,0,1,1,1,1,1,1,1,1
1910074,0,1,1,0,1,1,1,1,1,0
1910079,1,0,1,1,0,0,1,1,1,0
1910083,0,0,0,1,0,1,1,1,1,0
1910087,0,0,0,1,1,1,1,1,1,0
1910091,0,0,0,1,1,1,0,1,1,0
1910095,1,1,1,1,0,0,1,1,1,0
1910100,1,0,0,1,0,0,1,1,1,0
1910104,1,0,1,1,0,0,1,1,1,0
1910108,0,0,0,0,0,0,1,1,1,0
1920001,0,0,0,0,0,0,1,1,1,0
1920004,0,0,0,0,0,0,1,1,1,0
1920006,0,0,0,1,0,0,1,1,0,1
1920008,0,1,0,1,0,0,0,0,1,0
1920011,0,1,0,1,1,0,0,1,1,0
1920013,0,0,0,0,0,0,0,1,1,0
1920015,0,0,1,1,1,1,1,1,0,1
1920018,0,0,0,1,1,0,0,1,1,0
1920020,0,0,0,,1,0,1,0,1,0
1920023,0,0,1,1,1,0,0,0,1,0
1920025,1,0,0,0,1,0,0,1,1,0
1920027,0,0,0,0,1,0,1,1,1,0
1920030,0,0,0,0,1,0,1,1,1,0
1920032,0,0,0,1,1,0,1,1,1,0
1920034,1,1,0,0,1,0,1,1,1,0
1920037,0,0,0,1,1,0,0,1,1,0
1920039,0,0,1,0,1,0,0,1,1,0
1920041,0,0,0,0,1,0,1,1,1,0
1920044,0,0,1,0,1,0,1,1,1,0
1920046,0,0,0,1,1,0,1,1,1,0
1920048,0,0,0,0,0,0,1,1,1,0
1920051,0,0,0,0,0,0,1,1,1,0
1920053,0,0,1,1,0,0,1,1,0,0
1920055,0,0,0,0,0,0,1,1,1,0
1920058,0,0,1,1,0,0,1,1,1,0
1920060,0,1,1,1,0,0,1,1,1,0
1930001,0,0,1,0,1,1,1,1,1,0
1930005,0,0,0,0,1,1,1,1,1,1
1930009,0,1,1,1,1,1,1,1,1,0
1930012,0,1,1,1,1,1,0,1,1,0
1930016,0,0,1,1,1,1,1,1,1,0
1930020,1,1,1,1,1,1,0,1,1,1
1930024,0,1,1,1,1,1,1,1,1,0
1930027,0,0,1,1,1,1,1,1,1,0
1930031,0,1,1,1,1,1,1,1,1,0
1930035,0,0,1,1,1,1,1,1,1,0
1930038,0,0,1,1,1,1,1,1,1,0
1930042,1,0,1,0,1,1,0,1,1,0
1930046,0,1,1,1,1,1,1,1,1,0
1930049,0,0,0,0,0,1,0,1,1,0
1930053,0,0,1,1,1,1,1,1,1,1
1930057,0,1,1,1,0,1,1,1,1,0
1930060,0,0,1,1,0,1,1,1,1,0
1930064,0,0,1,1,1,1,1,1,1,0
1930068,0,1,0,1,1,1,0,1,1,0
1930072,0,1,1,1,1,1,0,1,1,0
1930075,0,0,0,1,1,0,0,1,1,0
1930079,0,1,1,0,1,0,1,1,1,0
1930083,0,1,0,0,1,1,1,1,0,1
1930086,0,0,1,1,1,1,1,1,1,1
1930090,0,1,1,0,0,1,1,1,1,0
1930094,0,1,0,1,1,1,1,1,1,0
1940001,0,0,0,1,1,1,1,1,1,0
1940005,0,1,1,1,1,1,1,1,1,0
1940008,0,0,1,1,1,1,1,1,0,1
1940011,0,0,0,1,1,1,1,1,1,1
1940014,0,1,1,1,1,1,1,1,1,0
1940017,0,0,0,1,1,1,1,1,1,0
1940021,0,0,1,1,0,1,0,1,1,0
1940024,0,0,0,1,1,1,0,1,1,0
1940027,0,1,1,1,1,0,1,1,1,0
1940030,0,1,0,1,1,1,1,1,1,0
1940033,0,1,0,1,1,1,1,1,1,0
1940037,0,1,0,0,1,1,1,1,1,1
1940040,0,1,1,0,0,1,1,1,1,0
1940043,0,1,0,1,1,1,1,1,1,0
1940046,0,0,0,0,1,1,0,1,1,0
1940049,0,0,1,1,1,1,1,1,1,0
1940052,1,0,1,1,1,1,1,1,1,0
1940056,0,0,1,1,0,1,1,1,1,0
1940059,0,0,0,1,1,1,0,1,1,0
1940062,0,0,0,1,1,1,1,1,1,0
1940065,0,0,1,1,1,1,1,1,1,0
1940068,1,0,0,1,1,1,1,1,1,0
1940072,1,1,0,1,1,1,1,1,1,1
1940075,0,1,1,1,1,1,0,1,1,0
1940078,0,1,1,1,0,0,1,1,1,0
1940081,0,0,0,0,1,1,1,1,1,0
1950004,0,0,0,1,1,1,1,1,1,0
1950009,0,0,0,1,1,1,1,1,1,0
1950013,0,1,0,1,1,1,1,1,1,0
1950017,0,0,0,1,1,0,1,1,0,0
1950021,0,1,0,1,1,0,1,1,0,1
1950026,0,1,0,1,1,0,0,1,1,0
1950030,0,0,0,1,1,0,1,1,1,0
1950034,0,0,0,1,1,0,1,1,0,0
1950038,0,0,1,1,1,0,0,1,1,0
1950042,0,0,0,0,1,1,0,1,1,0
1950047,0,1,1,1,1,0,1,1,1,0
1950051,0,0,1,1,1,0,1,1,1,0
1950055,1,1,1,1,0,1,0,1,1,0
1950059,1,0,0,1,1,0,1,1,1,0
1950064,0,1,0,1,1,0,1,1,1,0
1950068,1,0,0,1,1,0,1,1,1,0
1950072,1,0,0,1,0,1,0,1,1,0
1950076,0,1,0,1,1,1,1,1,1,0
1950081,0,1,0,1,0,1,1,1,1,0
1950085,0,1,1,1,0,0,1,1,1,0
1950089,1,1,0,1,0,0,0,1,1,0
1950093,0,1,1,0,0,0,0,1,1,0
1950097,0,1,0,0,0,0,1,1,1,0
1950102,1,1,0,0,0,0,0,1,1,0
1950106,0,1,0,1,0,1,0,1,1,0
1950110,0,0,1,1,0,1,1,1,1,0
1960005,0,0,0,0,0,0,1,0,1,0
1960011,0,0,1,0,1,1,1,0,1,0
1960017,0,0,1,1,1,0,0,0,1,0
1960023,1,1,0,1,1,1,1,0,1,0
1960029,0,0,0,0,1,1,0,0,1,0
1960035,0,0,1,0,1,0,1,0,1,0
1960040,1,0,0,1,0,1,0,1,1,0
1960046,0,0,0,0,1,0,0,0,1,0
1960052,0,1,0,1,0,0,0,0,1,0
1960058,0,0,0,0,0,0,0,0,1,0
1960064,0,0,0,1,1,0,1,1,1,0
1960070,0,0,1,0,1,1,1,1,1,1
1960076,0,0,0,0,0,0,1,0,1,0
1960081,0,0,0,0,1,1,1,1,1,0
1960087,1,0,0,0,0,0,1,0,1,0
1960093,0,0,1,1,1,1,1,0,1,0
1960099,0,0,0,0,0,0,1,0,1,0
1960105,0,0,0,0,0,0,0,0,1,0
1960111,0,0,0,1,0,0,1,0,1,0
1960116,0,0,0,0,0,0,1,1,1,0
1960122,0,0,0,0,1,0,1,1,1,0
1960128,0,0,0,1,1,0,1,0,1,0
1960134,0,1,0,0,0,0,0,0,1,0
1960140,0,0,0,1,1,1,0,1,1,1
1960146,0,0,1,0,1,1,0,1,1,0
1960152,0,1,1,0,0,0,0,0,1,0
1970003,0,0,0,0,1,1,1,1,0,0
1970007,0,0,1,1,1,1,1,1,1,0
1970011,0,1,1,1,1,1,1,1,1,0
1970014,0,0,1,1,1,1,1,1,1,0
1970018,0,0,0,1,1,1,1,1,0,1
1970022,0,1,1,0,1,1,1,1,1,0
1970026,0,0,1,1,1,1,1,1,1,1
1970029,0,0,1,1,1,1,1,1,1,0
1970033,1,0,1,1,1,1,1,1,1,1
1970037,0,0,0,0,1,1,1,1,1,0
1970040,0,1,1,1,1,1,1,1,1,0
1970044,0,1,1,1,1,1,1,1,1,0
1970048,0,1,1,1,1,1,1,1,1,0
1970051,0,0,0,1,0,1,1,1,1,0
1970055,0,0,0,1,1,1,1,1,0,1
1970059,0,0,1,0,0,1,1,1,1,0
1970062,0,1,1,1,0,1,1,1,1,0
1970066,0,1,0,1,0,1,1,1,1,0
1970070,1,0,0,1,1,1,1,1,1,0
1970074,0,0,1,1,1,1,1,1,1,0
1970077,0,0,1,1,1,1,0,1,1,0
1970081,0,0,0,1,1,0,0,1,1,0
1970085,0,0,1,1,0,1,1,1,1,0
1970088,1,0,1,1,0,1,1,1,1,0
1970092,0,0,1,1,1,1,1,1,0,0
1970096,0,0,0,1,1,1,1,1,1,0
1980004,0,0,1,1,1,1,1,1,1,1
1980011,0,0,1,0,1,1,1,1,1,0
1980017,0,1,1,1,1,1,1,1,1,0
1980023,1,0,0,1,1,1,1,1,1,0
1980030,1,1,1,0,1,1,1,1,1,0
1980036,0,0,1,0,1,1,1,1,1,0
1980042,0,0,1,1,1,1,1,1,1,0
1980049,1,0,0,1,1,1,1,1,1,0
1980055,1,0,0,1,0,1,1,1,1,0
1980061,1,0,1,1,0,1,1,1,1,0
1980067,0,0,1,1,1,1,1,1,1,0
1980074,0,1,0,1,1,1,1,1,1,0
1980080,1,1,1,1,1,1,1,1,1,0
1980086,0,0,0,0,1,0,1,1,1,0
1980093,0,1,1,1,1,1,1,1,1,0
1980099,0,0,1,1,1,1,1,1,1,0
1980105,0,0,1,1,1,1,1,1,1,0
1980112,0,0,0,1,1,1,1,1,1,0
1980118,0,0,1,1,0,1,1,1,1,0
1980124,0,0,0,1,0,1,1,1,1,0
1980131,0,0,0,1,1,0,1,1,1,1
1980137,0,0,1,1,1,1,1,0,1,0
1980143,0,0,0,0,1,1,1,1,1,0
1980149,0,0,0,1,1,1,1,1,0,0
1980156,0,0,1,1,1,1,1,1,1,0
1980162,0,0,0,1,1,1,1,0,1,0
1990003,1,0,0,1,0,0,1,1,1,0
1990009,0,0,0,0,0,1,1,0,1,0
1990014,0,0,0,1,1,1,1,1,1,0
1990020,0,1,0,0,0,1,1,1,1,0
1990025,0,1,0,1,1,0,0,1,0,0
1990030,0,1,0,1,1,1,0,1,1,0
1990036,0,0,0,1,1,1,0,1,1,0
1990041,0,0,0,0,1,1,1,1,1,0
1990046,0,0,0,1,1,0,1,1,1,0
1990052,0,0,0,1,1,0,1,1,1,0
1990057,0,1,0,0,1,0,1,1,1,1
1990063,0,0,0,1,0,0,1,1,1,0
1990068,0,0,0,1,1,1,1,1,1,0
1990073,0,1,0,1,0,0,1,1,1,0
1990079,0,0,0,0,1,1,1,1,1,0
1990084,0,0,0,1,1,1,1,1,1,0
1990090,0,0,0,1,0,0,0,1,1,0
1990095,0,1,0,1,1,1,1,1,1,0
1990100,0,0,0,1,1,1,1,1,1,0
1990106,0,0,0,0,1,1,1,1,1,0
1990111,0,0,0,1,1,0,1,1,1,0
1990116,0,0,1,1,0,0,1,1,1,0
1990122,0,0,1,1,0,1,1,1,1,0
1990127,0,0,0,0,1,1,0,1,1,0
1990133,0,0,0,0,0,1,1,1,1,0
1990138,0,1,0,1,1,1,1,1,1,0
2000002,0,0,0,0,1,1,1,1,1,0
2000007,0,0,1,1,1,0,1,1,1,0
2000012,0,0,0,0,1,1,0,1,1,0
2000017,0,0,0,0,1,0,1,1,1,0
2000022,0,0,1,0,1,0,1,1,1,0
2000027,1,0,1,1,1,0,1,1,1,0
2000032,0,0,0,1,0,0,0,1,1,0
2000037,0,0,0,1,1,1,1,1,1,0
2000042,0,0,0,0,0,0,0,1,1,0
2000047,0,1,1,0,1,0,1,0,1,0
2000052,1,0,1,0,1,1,1,1,1,0
2000057,0,0,1,0,1,1,1,1,1,0
2000062,0,0,0,0,1,1,0,1,0,0
2000067,0,0,1,1,1,1,1,1,1,0
2000072,0,0,1,1,1,1,1,1,1,0
2000077,0,0,0,0,1,1,1,1,1,0
2000082,0,0,0,0,1,1,0,1,1,0
2000087,0,0,0,0,1,1,1,1,1,0
2000092,1,1,1,1,1,1,1,1,1,0
2000097,0,0,1,1,0,1,1,1,1,0
2000102,0,0,0,0,1,1,1,1,1,0
2000107,0,0,1,0,0,0,0,1,1,0
2000112,0,0,1,0,1,1,1,1,1,0
2000117,0,0,0,0,0,0,1,1,1,0
2000121,0,0,0,1,0,0,1,1,1,0
2000126,0,0,1,0,0,1,0,1,1,0
2010002,0,1,1,1,1,1,1,1,1,0
2010008,0,0,1,1,1,1,1,1,1,1
2010014,0,0,0,0,0,1,1,1,1,0
2010019,0,1,0,1,1,1,1,1,1,1
2010025,0,0,1,1,1,1,1,1,1,1
2010030,0,0,1,1,1,1,1,1,1,0
2010036,0,1,1,1,1,1,1,1,1,0
2010042,0,1,0,1,0,1,0,1,1,0
2010047,0,0,1,1,1,1,1,1,1,0
2010053,0,1,1,1,1,0,0,1,1,0
2010059,0,1,0,1,1,0,1,1,1,1
2010064,,0,1,1,1,1,1,1,1,0
2010070,0,0,1,1,1,1,1,1,1,0
2010075,0,0,0,0,1,0,1,1,1,0
2010081,0,1,0,1,1,1,1,1,1,1
2010087,0,0,1,1,1,0,1,1,1,0
2010092,1,0,0,0,1,1,1,1,1,0
2010098,0,0,0,1,1,0,1,1,1,1
2010103,0,0,1,0,1,0,1,1,1,0
2010109,0,0,1,0,1,0,1,1,1,0
2010115,1,0,0,1,0,0,1,1,1,0
2010120,0,1,0,0,1,0,1,1,1,0
2010126,0,0,0,0,0,0,1,1,1,0
2010132,0,0,0,1,0,0,1,1,1,0
2010137,0,0,0,1,0,0,1,1,1,0
2010143,0,0,0,1,1,0,0,1,1,0
2020001,0,0,0,0,0,0,0,0,1,0
2020007,0,0,0,0,1,1,1,0,1,1
2020012,0,0,0,0,0,0,1,0,1,0
2020017,0,0,0,1,1,0,1,1,1,0
2020022,0,1,0,0,0,0,1,0,1,0
2020028,0,0,0,0,1,0,1,0,1,1
2020033,0,0,0,1,0,0,1,0,1,0
2020038,0,0,0,1,1,0,1,0,1,1
2020044,0,0,0,0,0,0,0,1,1,0
2020049,0,0,0,0,1,0,0,1,1,0
2020054,0,1,0,0,0,0,0,1,1,0
2020059,1,0,0,1,1,0,1,1,1,0
2020065,0,0,0,0,1,0,1,1,1,0
2020070,0,0,0,1,1,0,1,1,1,0
2020075,0,0,1,1,0,1,1,0,1,0
2020080,0,0,1,0,0,0,1,0,1,0
2020086,0,1,0,0,0,0,0,0,1,0
2020091,0,1,0,0,0,0,1,0,1,0
2020096,0,0,0,1,1,0,0,0,1,0
2020102,0,0,0,0,1,0,0,0,1,0
2020112,0,0,1,0,1,0,1,1,1,1
2020117,0,0,0,0,0,0,0,0,1,0
2020123,1,0,1,0,0,0,1,1,1,0
2020128,0,0,0,0,1,0,1,1,1,1
2020133,0,0,0,0,0,0,1,0,1,0
2040005,0,0,1,1,1,0,1,1,1,1
2040011,0,1,1,0,1,0,1,1,1,1
2040017,0,0,1,1,1,1,1,1,1,1
2040022,0,0,0,1,1,0,1,1,1,0
2040028,1,0,0,1,1,0,1,1,1,0
2040034,0,1,1,0,1,1,0,1,1,0
2040040,0,0,0,1,1,1,1,1,1,1
2040045,1,0,1,1,1,1,1,1,1,0
2040051,0,0,0,1,1,1,1,1,1,0
2040057,1,1,0,1,1,1,0,1,1,0
2040062,0,1,1,1,0,0,0,1,1,0
2040068,0,0,1,1,1,0,0,1,1,0
2040074,0,0,1,1,1,1,1,1,1,0
2040079,1,0,1,1,1,1,1,1,1,0
2040085,0,0,1,1,1,1,1,1,1,0
2040091,0,1,0,1,1,1,1,1,1,0
2040096,0,1,1,1,1,1,0,1,1,0
2040102,0,0,1,1,1,1,1,1,1,0
2040108,0,0,0,1,1,1,1,1,1,0
2040114,0,1,1,1,1,1,1,1,1,1
2040119,0,0,1,1,1,1,1,1,1,1
2040125,0,0,0,1,1,1,1,1,1,0
2040131,0,0,0,1,1,1,1,1,1,1
2040136,0,1,1,1,1,1,1,1,1,0
2040142,0,1,1,1,1,1,1,1,1,0
2040148,0,0,1,1,1,1,1,1,1,1
2050004,0,1,1,1,1,1,1,1,1,0
2050010,0,0,1,1,1,1,1,1,1,0
2050015,0,0,0,1,1,1,1,1,1,0
2050021,0,0,0,1,1,1,1,1,1,0
2050026,1,1,0,1,1,1,1,1,1,0
2050031,0,1,1,1,1,0,1,1,1,0
2050037,0,0,1,1,1,1,1,1,1,1
2050042,0,1,0,1,1,1,1,1,1,1
2050047,0,1,0,1,1,1,1,1,1,1
2050053,0,1,0,1,1,1,1,1,1,0
2050058,0,0,0,1,1,1,1,1,1,0
2050064,0,0,0,1,1,1,1,1,1,0
2050069,0,0,0,1,1,1,1,1,1,0
2050074,0,0,1,1,1,1,1,1,1,0
2050080,0,0,1,1,1,1,1,1,1,0
2050085,0,0,1,0,1,1,1,1,1,1
2050091,0,0,0,1,1,1,1,1,1,0
2050096,0,0,1,0,0,1,1,1,1,0
2050101,0,0,1,1,1,1,1,1,1,0
2050107,1,1,0,1,1,1,1,1,1,0
2050112,0,1,1,1,1,1,1,1,1,0
2050117,0,0,0,1,1,1,1,1,1,1
2050123,0,0,0,1,1,1,1,1,1,0
2050128,1,1,0,1,1,1,1,1,1,0
2050134,0,1,1,1,1,1,1,1,1,0
2050139,0,1,0,1,1,1,1,1,1,0
2060003,0,0,1,1,1,1,1,1,1,0
2060008,0,0,1,1,1,1,1,1,1,0
2060013,0,0,1,1,1,1,1,1,1,0
2060017,0,0,0,1,1,1,1,1,1,0
2060022,0,0,1,1,1,1,1,1,1,0
2060026,0,0,0,1,1,1,1,1,1,0
2060031,0,1,1,1,0,0,1,1,1,0
2060036,0,1,1,1,1,0,1,1,1,0
2060040,0,0,1,1,1,0,1,1,1,1
2060045,0,0,1,1,1,1,1,1,1,1
2060050,0,0,0,1,1,1,1,1,1,0
2060054,1,0,1,1,1,0,1,1,1,1
2060059,0,0,1,1,1,0,1,1,1,0
2060063,0,1,0,1,1,1,1,1,1,0
2060068,0,0,1,1,1,1,1,1,1,0
2060073,1,0,1,1,1,0,1,1,1,0
2060077,0,1,0,1,1,0,1,1,1,0
2060082,0,1,0,1,1,0,1,1,1,0
2060086,0,1,1,1,1,0,1,1,1,0
2060091,0,0,0,1,1,0,1,1,1,0
2060096,0,1,1,1,1,0,1,1,1,0
2060100,0,1,1,1,1,1,1,1,1,0
2060105,0,0,0,1,1,1,1,1,1,0
2060110,0,1,0,1,1,1,1,1,1,0
2060114,0,0,1,1,1,1,1,1,1,0
2060119,0,0,1,1,1,1,1,1,1,0
2070001,0,0,1,1,1,0,1,1,1,0
2070004,0,1,0,1,1,0,1,1,1,0
2070007,1,1,0,1,1,0,1,1,1,0
2070010,0,0,0,1,1,1,1,1,1,0
2070013,0,0,0,0,0,0,0,1,1,0
2070016,0,0,0,0,1,0,1,1,1,0
2070019,0,0,0,0,0,0,1,1,1,0
2070022,0,0,0,0,1,0,1,1,1,0
2070025,0,1,0,1,0,0,1,1,1,0
2070028,0,0,1,1,0,0,1,1,1,0
2070031,0,1,1,1,1,0,1,1,1,0
2070034,0,0,1,1,1,0,1,1,1,0
2070036,0,1,1,1,1,0,1,1,1,0
2070039,0,0,0,1,1,0,1,1,1,0
2070042,0,0,1,1,1,0,0,1,1,0
2070045,0,0,0,0,0,0,0,0,1,0
2070048,0,0,0,1,1,0,1,1,1,0
2070051,0,1,0,1,1,1,1,1,1,0
2070054,0,0,1,0,1,0,0,1,1,0
2070057,0,1,0,1,1,0,0,1,1,0
2070060,,0,1,1,1,0,1,1,1,0
2070063,0,0,1,1,1,0,1,1,1,0
2070066,0,0,1,1,1,0,1,1,1,0
2070069,0,0,1,1,1,0,1,1,1,0
2070072,0,0,0,1,1,0,1,1,1,0
2070074,0,1,0,1,1,0,1,1,1,0
2080003,0,0,1,1,1,0,1,1,1,0
2080012,0,0,0,0,0,0,0,0,0,0
2080020,0,0,0,0,0,0,1,0,1,0
2080028,0,0,0,0,0,0,0,0,0,0
2080036,0,1,1,1,1,0,1,1,1,1
2080045,0,0,1,0,1,0,1,1,1,0
2080053,0,0,0,0,1,0,1,1,1,0
2080061,0,1,1,1,1,0,0,1,1,1
2080070,0,0,0,,1,0,1,1,1,0
2080078,0,0,0,1,0,0,0,1,1,0
2080086,0,1,0,0,1,0,1,1,1,0
2080094,0,1,1,0,1,0,0,1,1,1
2080103,0,0,0,1,1,0,1,1,1,1
2080111,0,0,1,0,1,0,1,0,1,0
2080119,0,0,0,1,1,0,1,1,1,1
2080127,0,0,0,1,1,0,1,1,1,1
2080136,1,1,0,0,1,0,1,1,1,0
2080144,0,0,0,0,0,0,1,1,1,0
2080152,0,0,0,1,1,0,1,1,1,0
2080161,1,0,1,1,1,0,1,1,1,1
2080169,1,1,1,,1,0,1,1,1,1
2080177,0,0,0,0,1,0,1,1,1,0
2080185,1,1,0,,1,0,1,1,1,0
2080194,0,0,0,0,0,0,1,1,1,0
2080202,0,0,0,,1,0,0,1,1,0
2080210,0,0,1,,0,0,1,1,1,0
2090002,0,,1,0,1,0,1,1,1,0
2090010,0,0,1,0,0,0,1,1,1,0
2090017,0,0,0,1,0,0,1,1,1,0
2090024,0,1,0,1,0,0,1,1,1,0
2090031,,0,0,0,0,0,1,0,1,0
2090038,0,0,0,0,0,0,0,1,1,0
2090045,1,0,1,0,0,0,1,1,1,0
2090052,0,0,1,0,0,0,1,1,1,0
2090059,0,0,0,0,0,0,0,0,1,0
2090066,0,0,0,0,0,0,1,1,0,0
2090074,0,0,0,0,0,0,0,0,1,0
2090081,0,0,0,0,0,0,1,0,1,0
2090088,0,0,0,0,0,0,1,1,1,0
2090095,0,1,1,1,1,0,1,1,1,0
2090102,0,1,0,1,0,0,1,1,1,0
2090109,0,0,1,0,0,0,1,1,0,0
2090116,0,0,0,1,0,0,1,1,0,0
2090123,0,1,0,1,0,0,1,0,1,0
2090130,0,0,1,0,0,0,0,0,1,0
2090138,0,0,1,0,0,0,1,0,1,0
2090145,0,1,0,0,0,0,1,0,1,0
2090152,0,0,1,0,0,0,0,1,1,0
2090159,0,0,1,1,0,0,0,0,1,0
2090166,0,1,0,0,0,0,1,0,1,0
2090173,0,0,0,1,0,0,1,1,1,0
2090180,0,1,0,1,0,0,1,1,1,0
2100001,0,0,0,0,0,0,0,1,1,0
2100008,0,0,0,0,0,0,0,1,1,0
2100014,0,0,0,0,0,0,0,0,1,0
2100021,0,0,0,0,0,0,1,1,1,0
2100027,0,0,0,0,1,0,0,1,1,0
2100034,0,1,1,0,1,0,0,0,1,0
2100040,0,0,0,0,0,0,0,0,1,0
2100047,0,0,0,0,1,0,0,1,1,0
2100053,0,0,0,0,1,0,1,1,1,0
2100060,0,0,0,0,1,0,1,1,1,0
2100066,0,0,1,0,1,0,0,1,1,1
2100073,0,0,0,0,0,1,1,1,1,1
2100079,0,0,1,1,0,0,0,1,1,0
2100086,0,0,0,0,0,0,1,1,1,0
2100092,0,0,0,0,0,0,0,0,1,0
2100099,0,0,1,0,1,1,1,1,1,0
2100105,0,1,0,0,0,0,1,0,0,0
2100112,0,0,0,0,0,0,1,1,1,0
2100118,0,0,1,0,0,0,0,0,1,0
2100125,0,0,0,0,0,1,1,1,1,0
2100131,1,0,0,0,0,0,0,1,1,0
2100138,0,1,0,0,0,1,1,1,1,0
2100144,0,1,0,0,1,1,0,1,1,0
2100151,0,0,0,0,0,1,1,1,1,0
2100157,1,0,0,0,0,1,1,1,1,0
2100164,0,,0,0,0,0,1,1,1,0
2110005,0,0,1,0,1,0,1,1,1,0
2110011,0,0,0,1,0,0,0,1,1,0
2110017,0,0,1,1,1,0,1,1,1,1
2110023,1,0,0,1,1,1,1,1,1,0
2110029,0,1,0,1,1,0,1,1,1,1
2110035,1,0,1,1,1,0,1,1,1,1
2110041,0,0,1,0,1,1,1,1,1,0
2110047,0,0,0,1,1,0,1,1,1,0
2110053,1,0,1,1,1,0,1,1,1,1
2110059,1,0,0,1,0,0,1,1,1,0
2110065,0,0,1,0,0,0,1,1,1,1
2110071,0,1,1,0,0,0,0,1,1,0
2110077,0,0,0,0,1,0,1,1,1,1
2110083,0,0,1,0,1,1,1,1,1,0
2110089,0,1,0,1,0,0,1,1,1,0
2110095,0,0,0,1,1,0,1,1,1,0
2110101,0,1,1,0,1,1,1,1,1,0
2110107,0,0,1,0,1,0,1,1,1,0
2110113,0,0,1,1,1,1,1,1,1,0
2110119,0,0,0,0,1,0,1,1,1,1
2110125,0,0,1,0,1,1,1,1,1,0
2110131,0,0,1,0,1,0,1,1,1,0
2110137,0,0,1,0,1,0,1,1,1,0
2110143,0,0,1,0,1,0,1,1,1,0
2110148,0,0,1,0,1,0,0,1,1,0
2110154,0,0,0,1,1,0,1,1,1,1
2120003,0,1,1,1,1,0,1,1,1,0
2120007,0,1,1,1,0,0,1,1,0,0
2120011,0,1,0,0,1,0,1,1,1,0
2120015,,1,1,1,0,1,1,1,1,0
2120019,0,0,1,1,1,0,1,1,1,0
2120023,1,0,1,1,0,0,1,1,1,0
2120027,0,0,1,0,1,0,1,1,1,0
2120031,0,0,0,1,0,1,0,1,1,0
2120034,0,1,1,1,1,0,1,1,1,0
2120038,1,0,1,1,1,1,1,1,1,0
2120042,0,0,0,1,1,0,1,1,1,0
2120046,0,0,0,1,1,1,1,1,1,0
2120050,0,1,1,1,1,1,1,1,1,1
2120054,0,1,1,1,1,1,1,1,1,0
2120058,0,1,1,0,1,1,0,1,1,0
2120062,0,0,1,1,1,1,1,1,1,0
2120066,0,0,0,1,1,1,0,1,1,0
2120069,0,0,1,0,1,1,1,1,1,0
2120073,0,0,0,1,1,1,1,1,1,0
2120077,0,1,1,0,1,1,1,1,1,0
2120081,0,0,1,1,1,1,1,1,1,0
2120085,0,0,0,0,1,1,1,1,1,0
2120089,0,0,0,0,1,1,1,1,1,0
2120093,1,0,0,0,1,1,1,1,1,0
2120097,0,0,1,0,1,0,1,1,1,0
2120101,0,0,1,1,1,0,1,1,1,0
2130002,1,0,1,1,0,0,1,1,1,0
2130006,0,0,0,1,1,0,1,1,1,1
2130009,1,0,0,1,1,0,1,1,1,0
2130012,0,1,1,1,1,0,1,1,1,0
2130016,0,1,0,1,1,0,1,1,1,0
2130019,0,0,1,1,1,0,1,1,1,1
2130022,0,0,1,0,1,0,1,1,1,1
2130026,1,0,0,0,1,1,0,1,1,0
2130029,1,0,1,1,0,0,1,1,1,0
2130032,0,1,1,1,1,0,1,1,1,0
2130035,0,1,1,1,1,0,1,1,1,0
2130039,0,1,1,1,0,0,1,1,1,1
2130042,0,0,0,1,1,1,0,1,1,0
2130045,0,0,1,1,1,1,0,1,1,0
2130049,0,1,0,1,1,1,1,1,1,0
2130052,0,0,1,1,0,0,1,1,1,0
2130055,0,0,1,0,0,0,1,0,1,0
2130059,0,0,1,1,1,0,1,1,1,0
2130062,0,0,0,1,1,0,1,1,1,0
2130065,0,0,1,1,1,0,0,1,1,0
2130069,0,0,1,1,1,0,1,1,1,0
2130072,0,0,1,0,0,0,0,1,1,0
2130075,0,0,1,1,0,0,0,1,1,0
2130078,0,0,0,1,1,0,0,1,1,0
2130082,0,0,1,0,1,0,1,1,1,1
2130085,0,0,0,1,1,0,1,1,1,0
2140003,0,0,0,1,1,0,0,1,1,0
2140008,0,0,0,1,1,1,1,1,1,0
2140013,0,1,1,1,1,1,1,1,1,1
2140018,0,1,1,1,1,1,1,1,1,1
2140023,0,0,0,1,1,1,1,1,1,0
2140028,0,0,1,0,1,1,0,1,1,0
2140033,0,0,1,0,1,1,1,1,1,0
2140038,0,1,0,1,0,1,1,1,1,0
2140042,0,0,0,1,1,1,1,1,1,0
2140047,0,0,0,0,1,0,1,1,1,0
2140052,0,1,1,1,0,1,1,1,1,0
2140057,1,0,1,0,1,1,1,1,1,0
2140062,0,0,0,0,1,0,1,1,1,0
2140067,0,1,0,1,1,1,1,1,1,1
2140072,0,1,0,1,1,1,1,1,1,1
2140077,0,0,0,1,0,1,1,1,1,0
2140082,0,0,0,0,1,1,1,1,1,0
2140086,0,0,1,1,1,1,0,1,1,0
2140091,1,0,1,1,0,1,1,1,1,0
2140096,0,0,0,1,1,1,1,1,1,0
2140101,0,1,0,1,1,1,0,1,1,0
2140106,0,0,0,0,1,1,1,1,1,0
2140111,0,0,1,1,1,0,0,1,1,0
2140116,0,0,0,0,1,0,1,1,1,0
2140121,0,0,1,1,1,0,1,1,1,0
2140126,1,1,0,1,1,1,1,1,1,0
2150004,0,1,1,1,0,1,1,1,1,0
2150009,0,1,0,1,1,1,1,1,1,0
2150014,0,0,0,0,1,1,1,1,1,0
2150019,0,1,1,1,1,1,1,1,1,1
2150024,0,1,1,0,1,1,0,1,1,1
2150029,0,0,1,1,1,1,0,1,1,0
2150034,0,0,0,1,1,1,1,1,1,0
2150039,1,1,0,1,1,0,1,1,1,0
2150043,0,0,1,1,1,1,1,1,1,0
2150048,0,0,0,1,1,1,1,1,1,0
2150053,1,0,0,1,1,1,0,1,1,0
2150058,0,1,0,0,1,1,0,1,1,0
2150063,0,0,1,0,1,1,1,1,1,0
2150068,0,0,1,0,1,1,1,1,1,1
2150073,1,1,0,1,1,1,1,1,1,0
2150078,0,0,0,1,1,1,1,1,1,1
2150083,0,1,0,1,1,1,0,1,1,0
2150087,0,0,0,1,1,1,1,1,1,0
2150092,0,0,1,1,1,1,1,1,1,0
2150097,0,0,0,1,1,1,0,1,1,0
2150102,0,0,0,1,1,1,1,1,1,0
2150107,0,0,1,1,1,1,1,1,1,1
2150112,0,1,0,1,1,1,1,1,1,0
2150117,0,1,0,1,1,1,1,1,1,1
2150122,0,1,1,1,1,1,1,1,1,1
2150127,1,1,0,1,1,1,1,1,1,0
2160001,0,1,0,1,1,1,1,1,1,0
2160004,0,0,1,1,1,1,1,1,1,0
2160007,0,0,0,0,1,1,1,1,1,0
2160009,0,0,0,0,1,1,1,1,1,1
2160012,0,1,1,0,1,1,1,1,1,0
2160015,0,0,1,1,1,1,1,1,1,1
2160017,0,0,1,0,1,1,1,1,1,0
2160020,0,0,0,1,1,1,1,1,1,0
2160023,,0,1,0,1,1,0,1,1,1
2160025,0,1,0,1,1,1,1,1,1,0
2160028,0,0,1,0,1,1,1,1,1,0
2160031,0,0,1,1,1,1,0,1,1,0
2160033,0,0,1,1,1,1,1,1,1,0
2160036,0,0,1,1,1,1,1,1,1,0
2160039,0,0,0,0,1,1,1,1,1,1
2160041,0,,1,1,1,1,1,1,1,1
2160044,0,1,0,1,1,1,1,1,1,0
2160047,0,1,1,0,1,1,1,1,1,0
2160049,0,1,0,0,1,1,1,1,1,0
2160052,0,0,1,1,1,1,1,1,1,1
2160054,0,0,0,1,1,1,1,1,1,1
2160057,0,0,0,1,1,1,1,1,1,1
2160060,0,0,0,0,1,1,1,1,1,0
2160062,0,0,1,0,1,1,1,1,1,0
2160065,0,1,1,0,1,1,0,1,1,0
2160068,0,0,1,1,1,1,1,1,1,0
2170001,,0,0,1,1,0,1,1,1,0
2170007,0,0,0,1,1,0,1,1,1,1
2170013,0,0,1,1,1,0,1,1,1,0
2170018,0,1,1,0,1,0,1,1,1,1
2170024,0,0,1,1,1,1,1,1,1,0
2170030,1,0,0,1,1,0,1,1,1,0
2170036,0,0,0,1,1,0,1,1,1,1
2170041,0,0,1,1,1,1,1,1,1,1
2170047,0,0,0,1,1,0,1,1,1,1
2170053,0,0,1,1,1,1,1,1,1,1
2170058,0,0,1,1,1,0,1,1,1,0
2170064,0,0,1,1,1,1,1,1,1,0
2170070,0,0,0,1,1,1,1,1,1,0
2170075,0,0,1,1,1,0,1,1,1,0
2170081,0,0,1,1,1,1,1,1,1,1
2170087,0,1,1,1,1,0,1,1,1,0
2170092,0,0,0,0,1,1,1,1,1,1
2170098,0,1,0,1,1,0,1,1,1,0
2170104,0,0,0,1,1,0,1,1,1,0
2170110,0,0,0,1,1,0,1,1,1,0
2170115,1,1,1,1,1,0,1,1,1,0
2170121,0,0,1,1,1,0,0,1,1,0
2170127,0,1,1,1,1,1,1,1,1,0
2170132,0,1,0,1,1,1,1,1,1,0
2170138,0,0,1,1,1,1,1,1,1,1
2170144,0,1,1,1,1,1,1,1,1,1
2180001,0,0,0,1,1,1,0,1,1,0
2180002,0,1,1,1,1,1,0,1,1,0
2180003,0,1,0,1,1,0,0,1,1,0
2180004,0,0,0,1,1,0,0,1,1,1
2180005,0,1,1,1,1,0,1,1,1,0
2180006,0,0,1,1,0,0,1,1,1,0
2180007,0,0,0,0,1,0,1,1,1,0
2180008,0,0,1,1,1,0,1,1,1,0
2180009,1,0,1,0,0,0,1,1,1,0
2180010,0,0,1,1,1,0,1,1,1,1
2180011,0,0,1,0,0,0,1,1,1,0
2180012,0,0,1,1,1,1,0,1,1,0
2180013,0,0,0,1,1,0,1,1,1,0
2180014,0,0,0,1,1,0,1,1,1,0
2180015,0,0,0,1,1,0,0,1,1,0
2180016,0,1,1,0,0,0,1,1,1,0
2180017,0,0,0,0,1,0,1,1,1,0
2180018,0,0,0,0,1,0,1,1,1,0
2180019,0,0,0,1,1,0,0,1,1,0
2180020,0,0,1,1,1,1,1,1,1,0
2180021,0,0,0,0,1,0,0,1,1,0
2180022,0,0,0,1,1,0,1,1,1,0
2180023,0,0,1,1,1,1,1,1,1,0
2180024,0,1,0,1,1,0,1,1,1,0
2180025,0,0,1,1,1,0,1,1,1,0
2180026,0,1,0,1,1,0,0,1,1,0
2190004,0,0,0,1,0,0,1,1,1,0
2190009,1,0,0,1,0,0,1,1,1,0
2190014,1,0,0,0,0,0,1,1,1,0
2190018,0,0,1,1,0,0,1,1,1,0
2190023,0,0,0,1,0,0,1,1,1,0
2190027,0,0,1,1,0,0,0,1,1,0
2190032,0,1,1,0,1,0,0,1,1,0
2190037,0,0,0,1,0,1,1,1,1,0
2190041,1,1,1,1,0,1,1,1,1,0
2190046,0,1,1,0,1,1,1,1,1,0
2190051,0,1,1,1,0,1,1,1,1,0
2190055,0,1,0,1,1,0,1,1,1,0
2190060,0,0,1,1,1,1,1,1,1,0
2190064,0,1,1,1,1,1,0,1,1,0
2190069,0,0,1,0,1,1,0,1,1,0
2190074,0,0,1,1,1,1,0,1,1,0
2190078,0,1,1,1,1,1,1,1,1,0
2190083,0,0,1,0,1,1,0,1,1,0
2190087,0,0,1,1,1,1,0,1,1,0
2190092,1,0,1,1,1,1,1,1,1,0
2190097,0,0,0,1,1,1,0,1,1,0
2190101,0,0,1,0,1,1,1,1,1,0
2190106,0,0,1,0,1,1,0,1,1,0
2190111,0,1,1,1,1,1,0,1,1,0
2190115,1,0,1,0,1,0,1,1,1,0
2190120,0,1,1,0,1,0,1,1,1,0
2210002,0,0,1,1,0,1,1,1,1,0
2210005,0,0,0,1,1,1,1,1,1,1
2210008,0,0,1,0,0,1,1,1,1,0
2210011,0,0,0,1,0,1,1,1,1,1
2210014,0,1,0,1,1,1,1,1,1,0
2210017,0,0,1,1,1,1,1,1,1,0
2210020,0,1,0,1,0,1,1,1,1,0
2210023,0,0,1,1,1,1,1,1,1,0
2210026,0,0,1,1,0,1,1,1,1,0
2210029,0,0,0,1,1,1,0,1,1,0
2210032,0,1,1,1,0,1,1,1,1,0
2210035,0,0,0,1,1,1,1,1,1,1
2210037,0,1,1,1,1,1,1,1,1,0
2210040,0,0,0,1,1,1,1,1,1,0
2210043,0,0,0,1,1,1,1,1,1,0
2210046,0,0,1,1,1,1,1,1,1,0
2210049,0,1,1,1,1,1,1,1,1,0
2210052,0,0,1,0,1,1,0,1,1,0
2210055,0,1,1,1,1,1,1,1,1,0
2210058,0,1,0,1,1,1,0,1,1,0
2210061,1,0,0,1,1,1,0,1,1,1
2210064,0,0,1,1,1,1,0,1,1,0
2210067,1,0,0,1,1,1,0,1,1,0
2210070,0,0,0,1,1,1,1,1,1,0
2210073,0,0,1,1,1,1,1,1,1,0
2210075,0,0,1,1,1,1,1,1,1,0
2220002,0,0,1,0,0,1,1,1,1,0
2220006,0,0,0,0,1,1,1,1,1,0
2220010,1,1,0,0,0,1,0,1,1,0
2220014,0,1,1,1,1,1,1,1,1,0
2220018,0,0,1,1,0,1,0,1,1,0
2220022,0,1,1,0,0,1,0,1,1,0
2220025,0,0,0,1,1,1,1,1,1,0
2220029,1,0,1,0,0,1,0,1,1,0
2220033,0,0,0,1,1,1,0,1,1,0
2220037,1,0,1,1,1,1,1,1,1,1
2220041,0,0,1,1,1,1,0,1,1,0
2220045,0,0,1,0,1,1,1,1,1,0
2220049,0,0,1,1,1,1,1,1,1,0
2220052,1,0,1,0,1,1,1,1,1,0
2220056,0,1,0,1,1,1,1,1,1,0
2220060,0,1,0,1,1,0,1,1,1,0
2220064,0,0,1,1,1,1,1,1,1,0
2220068,0,1,0,0,1,0,0,1,1,0
2220072,0,0,0,1,1,0,0,1,1,0
2220075,1,0,1,0,1,1,1,1,1,0
2220079,0,1,0,1,1,1,0,1,1,0
2220083,0,0,0,1,1,0,1,1,1,0
2220087,0,0,0,1,1,1,1,1,1,0
2220091,0,0,1,0,1,0,0,1,1,0
2220095,0,0,1,1,1,1,1,1,1,0
2220099,0,1,0,0,1,1,1,1,1,0
2230001,0,0,1,0,0,1,1,1,1,0
2230004,0,0,0,0,1,1,1,1,1,0
2230007,0,0,0,1,1,1,1,1,1,0
2230010,0,0,0,1,1,0,1,1,1,0
2230013,0,0,0,0,0,0,0,1,1,0
2230016,0,0,0,0,0,1,1,1,1,0
2230018,0,0,0,0,0,1,0,1,1,0
2230021,0,0,0,1,1,1,0,1,1,0
2230024,0,0,1,0,1,1,1,1,1,0
2230027,0,0,0,0,0,1,1,1,1,0
2230030,1,1,0,1,1,1,0,1,1,0
2230033,0,0,1,1,0,0,0,1,1,0
2230036,0,0,0,0,1,0,1,1,1,0
2230038,0,0,0,1,1,0,1,1,1,0
2230041,0,0,0,0,0,1,1,1,1,0
2230044,0,0,1,1,1,1,1,1,1,0
2230047,0,1,1,1,1,0,1,1,1,0
2230050,0,1,1,1,1,1,1,1,1,0
2230053,0,0,1,0,1,0,1,1,1,0
2230055,0,0,1,1,1,1,1,1,1,0
2230058,0,0,1,1,1,0,1,1,1,0
2230061,1,1,0,1,1,1,0,1,1,0
2230064,1,0,1,1,1,1,1,1,1,1
2230067,0,1,1,0,0,0,1,1,1,0
2230070,0,0,0,1,1,1,1,1,1,0
2230073,0,0,1,0,1,0,1,1,1,0
2240001,0,0,1,1,0,1,0,1,1,0
2240004,1,1,1,1,0,1,0,1,1,0
2240006,0,0,1,1,0,1,1,1,1,1
2240009,0,0,1,1,1,1,0,1,1,0
2240011,0,1,1,1,0,1,0,1,1,0
2240014,0,0,1,1,0,1,0,1,1,0
2240016,0,0,0,1,0,1,0,1,1,0
2240019,0,1,1,1,1,1,1,1,1,1
2240021,1,0,1,1,1,1,0,1,1,0
2240024,0,1,0,1,0,1,0,1,1,0
2240026,0,0,1,1,1,1,0,1,1,0
2240028,0,1,0,1,0,1,1,1,1,0
2240031,1,1,1,0,1,1,0,1,1,0
2240033,0,0,1,1,1,1,1,1,1,0
2240036,0,0,0,1,1,1,0,1,1,0
2240038,0,0,1,1,1,1,1,1,1,0
2240041,0,1,1,1,1,1,1,1,1,0
2240043,0,0,0,1,1,0,1,1,1,0
2240046,0,0,1,1,1,1,1,1,1,0
2240048,0,1,1,1,1,1,0,1,1,0
2240051,0,0,1,1,1,1,1,1,1,0
2240053,0,1,0,1,1,1,1,1,1,0
2240056,0,1,1,0,1,1,0,1,1,0
2240058,0,1,0,0,1,1,0,1,1,0
2240060,0,0,0,1,1,1,1,1,1,0
2240063,0,0,1,1,1,0,1,1,1,0
2260003,0,0,0,0,0,0,1,1,1,0
2260007,0,0,1,1,0,0,1,1,0,0
2260011,0,0,1,0,0,0,0,1,1,0
2260015,0,0,1,1,0,0,0,1,1,0
2260018,0,0,0,0,0,0,1,1,1,0
2260022,0,0,1,1,1,0,1,1,0,0
2260026,0,0,0,1,0,0,1,1,1,0
2260030,0,0,0,1,0,0,1,1,0,0
2260034,0,0,0,0,0,0,0,1,1,0
2260037,0,0,1,0,0,0,1,1,1,0
2260041,0,1,0,0,0,0,1,1,1,0
2260045,0,0,0,0,0,0,1,1,1,0
2260049,1,0,1,1,0,0,0,0,1,0
2260052,0,1,0,1,0,0,1,1,1,0
2260056,0,1,0,0,0,0,0,1,1,0
2260060,0,0,0,0,0,0,1,1,1,0
2260064,0,0,0,0,0,0,1,0,1,0
2260067,0,0,1,0,0,0,0,1,1,0
2260071,0,1,0,1,0,0,1,1,1,0
2260075,0,0,0,0,0,0,0,1,1,0
2260079,1,0,0,0,0,0,1,1,1,1
2260083,0,0,0,1,0,0,0,1,1,1
2260086,0,1,0,0,0,0,0,1,1,0
2260090,1,0,0,1,0,0,0,1,1,0
2260094,0,0,0,0,0,0,0,1,1,0
2260098,0,0,0,0,0,0,1,1,1,0
2270003,0,1,0,1,1,1,1,1,1,1
2270007,0,0,0,1,1,1,1,1,1,0
2270011,0,0,0,1,1,1,1,1,1,0
2270014,0,1,1,1,1,0,1,1,1,0
2270018,0,0,1,1,1,0,0,1,1,0
2270021,0,0,1,0,1,1,1,1,1,0
2270025,0,0,1,1,1,1,1,1,1,1
2270028,0,0,0,1,1,1,1,1,0,1
2270032,0,0,0,1,1,0,1,1,1,0
2270036,0,0,0,1,1,0,1,1,1,0
2270039,0,0,0,1,1,1,1,1,1,0
2270043,0,0,0,1,1,0,1,1,1,1
2270046,0,0,1,1,1,1,1,1,1,0
2270050,0,0,1,1,1,1,1,1,0,0
2270053,0,0,0,1,1,0,1,1,1,0
2270057,0,0,1,1,1,0,1,1,1,0
2270061,0,0,1,1,1,0,0,1,1,0
2270064,1,0,1,1,1,1,0,1,1,0
2270068,0,1,0,1,0,1,1,1,1,0
2270071,0,0,1,0,1,1,1,1,1,0
2270075,0,0,0,1,0,1,1,1,1,0
2270079,0,1,0,1,0,1,1,1,1,0
2270082,0,0,0,1,0,1,1,1,1,1
2270086,0,0,0,1,1,0,1,1,0,1
2270089,0,0,1,1,1,1,1,1,1,0
2270093,0,0,1,1,1,1,0,1,1,0
2290003,0,1,0,0,0,0,1,1,1,0
2290007,0,0,0,1,1,0,1,1,1,0
2290012,0,1,0,0,1,0,1,1,1,0
2290016,0,1,0,1,1,0,1,1,1,1
2290020,0,0,0,0,1,0,0,1,1,0
2290024,0,0,1,1,1,0,0,1,1,0
2290028,0,0,0,1,1,0,0,1,1,0
2290032,0,0,1,1,1,0,0,1,1,0
2290036,0,0,0,0,1,0,0,1,1,0
2290040,0,1,0,1,1,0,1,1,1,1
2290044,0,1,0,1,1,0,0,1,1,0
2290048,0,1,0,1,0,1,1,1,1,0
2290052,0,0,1,0,1,0,1,1,1,0
2290056,0,1,0,1,1,0,1,1,1,0
2290060,0,1,1,1,1,0,0,1,1,0
2290065,0,1,1,1,1,0,0,1,1,0
2290069,0,0,0,0,1,0,0,1,1,0
2290073,0,1,0,1,1,0,1,1,1,0
2290077,0,0,1,1,1,0,0,1,1,0
2290081,0,1,0,0,1,0,0,1,1,0
2290085,,0,0,1,1,0,0,1,1,1
2290089,0,0,1,1,1,0,0,1,1,0
2290093,0,0,0,1,1,1,1,1,1,0
2290097,0,,0,0,1,1,1,1,1,0
2290101,0,0,0,1,1,0,0,1,1,0
2290105,0,0,0,0,1,0,0,1,1,0
2300002,0,1,1,1,0,0,1,1,1,0
2300007,1,0,0,0,0,0,0,0,1,0
2300012,0,0,1,1,0,0,1,0,1,0
2300016,0,0,0,0,1,0,0,1,1,0
2300021,0,0,0,0,1,0,0,0,1,0
2300025,0,0,0,0,0,0,0,1,1,0
2300030,0,0,1,1,1,0,1,1,1,0
2300034,0,1,1,0,0,0,1,1,1,0
2300039,0,0,0,1,1,0,1,1,1,0
2300044,0,0,1,0,0,1,1,1,1,0
2300048,0,0,0,1,1,0,1,1,1,0
2300053,0,0,1,1,0,0,1,1,1,0
2300057,0,0,1,1,1,0,0,1,1,0
2300062,0,0,0,1,0,0,0,0,1,0
2300066,0,0,0,1,0,1,1,1,1,0
2300071,0,1,1,0,0,0,0,0,1,0
2300076,0,0,0,0,0,0,0,0,1,0
2300080,0,0,0,0,0,0,1,1,1,0
2300085,0,0,0,0,1,0,1,1,1,0
2300089,1,0,1,0,1,0,1,1,1,0
2300094,0,0,0,1,1,1,1,1,1,0
2300099,0,0,0,0,1,0,1,1,1,1
2300103,0,0,0,0,0,1,1,1,1,0
2300108,0,0,0,1,0,0,1,1,1,0
2300112,0,0,1,1,0,0,1,1,0,0
2300117,0,0,1,1,0,0,1,1,1,0
2380003,0,1,1,0,1,1,0,1,1,0
2380010,0,1,1,1,1,1,1,1,1,0
2380016,1,1,1,1,1,1,1,1,1,0
2380022,0,1,1,0,0,1,0,1,1,0
2380028,0,1,0,1,1,1,1,1,1,0
2380034,0,0,1,0,0,0,0,1,1,0
2380040,1,0,0,0,1,1,1,1,1,0
2380046,0,0,0,0,0,1,0,1,1,0
2380053,0,1,1,1,1,0,1,1,1,0
2380059,0,1,1,1,1,1,1,1,1,0
2380065,0,1,1,0,0,0,0,1,1,0
2380071,0,0,1,1,1,1,1,1,1,0
2380077,0,1,0,1,1,1,1,1,1,0
2380083,0,1,1,1,1,1,0,1,1,0
2380090,0,0,0,0,1,0,1,1,1,0
2380096,0,1,1,0,1,1,1,1,1,0
2380102,0,1,1,0,1,1,1,1,1,0
2380108,0,0,0,1,1,1,1,1,1,0
2380114,1,1,0,0,1,0,1,1,1,0
2380120,0,1,1,1,1,0,1,1,1,0
2380126,1,1,1,1,1,0,1,1,1,0
2380133,1,1,0,1,1,0,1,1,1,0
2380139,0,1,0,1,1,0,1,1,1,0
2380145,1,1,0,0,1,1,1,1,1,0
2380151,0,,1,1,1,0,1,1,1,0
2380157,0,0,0,0,1,0,1,1,1,0
2390001,1,1,0,0,0,0,0,1,1,0
2390005,0,1,1,0,0,0,0,1,1,0
2390008,0,1,0,1,0,0,1,1,0,0
2390011,0,1,0,0,1,1,1,1,0,0
2390015,0,0,1,1,1,1,1,1,1,1
2390018,0,0,1,0,0,1,1,1,1,0
2390021,0,1,0,0,0,0,0,1,1,0
2390025,0,1,1,1,1,1,1,0,1,0
2390028,0,0,1,1,0,1,1,1,1,0
2390031,0,1,1,1,1,1,1,1,1,0
2390034,0,0,1,1,1,1,0,1,1,0
2390038,0,0,0,0,1,1,1,1,1,0
2390041,0,0,1,1,1,1,1,1,1,0
2390044,1,1,1,0,1,1,1,1,1,0
2390048,0,1,0,1,1,1,1,1,1,0
2390051,0,0,0,0,1,1,1,1,1,0
2390054,0,0,1,0,1,1,1,1,1,0
2390058,1,1,1,1,1,1,0,1,1,0
2390061,0,0,0,1,1,1,1,1,1,0
2390064,0,1,1,0,1,1,1,1,1,0
2390068,1,1,1,0,1,1,0,1,1,0
2390071,0,0,0,0,1,1,1,1,1,0
2390074,0,1,1,1,1,1,1,1,1,0
2390077,0,1,0,1,1,1,0,1,1,0
2390081,0,1,1,0,1,0,1,1,1,0
2390084,0,1,1,1,1,1,1,1,1,0
2430004,0,1,0,1,0,0,1,1,1,0
2430010,1,0,1,1,1,1,1,1,1,0
2430015,0,0,1,1,1,1,1,1,1,0
2430020,0,0,1,1,1,0,1,1,1,0
2430026,1,1,1,1,1,1,0,1,1,0
2430031,0,0,1,1,1,1,1,1,1,0
2430036,0,0,0,0,0,1,1,1,1,0
2430042,0,0,1,0,0,1,1,1,1,0
2430047,0,0,1,1,1,1,1,1,1,0
2430052,1,1,1,1,1,1,1,1,1,0
2430057,1,0,1,1,1,1,1,1,1,0
2430063,0,0,1,1,0,1,1,1,1,0
2430068,0,0,1,1,1,1,1,1,1,0
2430073,0,1,1,1,1,1,1,1,1,0
2430079,0,0,1,1,1,1,1,1,1,0
2430084,1,1,0,1,1,1,1,1,1,0
2430089,0,0,1,0,1,1,0,1,1,0
2430095,0,1,0,0,1,1,1,1,1,0
2430100,1,0,1,1,1,1,1,1,1,0
2430105,1,1,1,0,1,1,0,1,1,0
2430111,0,1,1,0,1,1,1,1,1,0
2430116,0,1,1,1,1,1,0,1,1,0
2430121,0,0,1,1,1,1,1,1,1,0
2430126,1,1,1,1,1,1,1,1,1,0
2430132,0,0,0,0,1,1,1,1,1,0
2430137,1,1,1,1,1,1,1,1,1,0
2450002,1,1,1,1,0,1,1,1,1,0
2450006,0,0,1,0,1,1,1,1,0,0
2450009,0,1,0,0,0,1,1,1,1,0
2450013,1,1,0,0,1,1,1,1,1,0
2450016,0,0,1,1,1,1,1,1,1,0
2450020,0,0,0,1,1,1,1,1,1,0
2450023,0,0,1,1,0,1,1,1,1,0
2450026,0,1,1,0,0,1,0,1,1,0
2450030,0,1,1,1,0,1,1,1,1,0
2450033,0,1,1,1,1,1,1,1,1,0
2450037,0,0,1,0,1,1,1,1,1,0
2450040,1,1,1,1,1,1,1,1,1,0
2450043,0,1,1,1,1,1,1,1,1,0
2450047,0,0,0,1,1,1,0,1,1,0
2450050,1,0,1,1,1,0,1,1,1,0
2450054,0,0,1,1,1,1,0,1,1,0
2450057,0,0,0,0,1,0,1,1,1,0
2450061,1,1,0,0,1,1,1,1,1,0
2450064,0,1,1,1,1,1,0,1,1,0
2450067,0,0,1,0,1,1,1,1,1,0
2450071,0,1,1,1,1,1,0,1,1,0
2450074,0,0,1,1,1,1,1,1,1,0
2450078,0,1,1,0,1,1,1,1,1,0
2450081,1,1,1,0,1,1,0,1,1,0
2450085,0,1,0,1,1,1,1,1,1,0
2450088,0,1,1,0,1,1,1,1,1,0
2530001,0,,0,0,0,0,0,1,1,0
2530002,0,0,0,1,1,1,1,1,1,0
2530003,0,1,0,1,1,1,0,1,1,1
2530004,0,0,0,1,1,1,1,1,1,1
2530005,0,0,0,1,1,0,1,1,1,0
2530006,0,0,0,1,1,1,0,1,1,0
2530007,0,0,1,0,1,0,1,1,1,0
2530008,0,1,1,1,1,0,1,1,1,1
2530009,0,1,0,1,1,1,1,1,1,0
2530010,0,0,1,1,0,1,1,1,1,0
2530011,0,0,0,1,1,0,0,1,1,0
2530012,0,0,1,1,1,0,0,1,1,0
2530013,0,1,0,1,1,1,1,1,1,0
2530014,0,1,1,0,1,1,1,1,1,0
2530015,0,0,1,1,1,0,1,1,1,0
2530016,0,0,0,1,1,0,1,1,0,0
2530017,0,1,1,1,1,0,1,1,1,0
2530018,0,0,1,0,1,0,1,1,1,0
2530019,0,,1,0,1,0,1,1,1,0
2530020,0,0,1,0,1,0,1,1,1,0
2530021,0,1,0,1,1,0,1,1,1,0
2530022,0,0,1,1,1,0,1,1,1,0
2530023,0,1,1,0,1,0,1,1,1,0
2530024,0,0,0,0,1,0,0,1,1,0
2530025,0,1,1,0,0,0,1,1,1,0
2530026,0,0,1,0,1,0,1,1,1,0
2530027,0,0,0,1,1,1,0,1,1,1
2530028,0,0,0,0,1,0,0,1,1,0
2530029,0,0,1,0,0,0,1,1,1,1
2530030,0,1,1,0,1,0,1,1,1,0
2530031,0,0,0,0,1,0,1,1,1,1
2530032,0,0,1,1,1,0,1,1,1,1
2530033,0,0,0,0,1,0,1,1,1,0
2530034,0,0,1,0,0,0,1,1,1,0
2530035,1,0,1,1,0,1,1,1,1,0
2540001,0,0,1,1,0,0,0,1,1,0
2540002,0,0,0,1,1,0,1,1,1,0
2540003,0,1,0,1,1,0,1,1,1,0
2540004,0,0,1,0,0,0,0,1,1,0
2540005,0,1,1,1,1,0,1,1,1,1
2540006,0,0,1,1,1,0,1,1,0,0
2540007,0,0,1,1,1,0,0,1,1,1
2540008,0,0,0,1,1,0,0,1,1,0
2540009,0,0,1,1,1,0,0,1,1,0
2540010,0,0,1,1,1,0,0,1,1,0
2540011,0,0,1,0,1,0,0,1,1,0
2540012,0,1,0,0,1,0,0,0,1,0
2540013,0,0,1,0,1,0,0,1,1,0
2540014,0,1,1,0,1,0,0,1,1,0
2540015,0,0,1,1,1,0,1,1,1,1
2540016,0,0,1,1,1,0,1,1,1,0
2540017,0,0,1,1,1,0,1,1,1,0
2540018,1,0,1,1,1,0,1,1,1,0
2540019,0,0,1,1,1,0,1,1,1,0
2540020,0,0,0,1,1,0,1,1,1,1
2540021,1,0,1,1,1,0,1,1,1,0
2540022,1,0,1,0,1,0,1,1,1,0
2540023,0,0,1,0,1,0,1,1,1,0
2540024,0,0,1,0,1,1,1,1,1,0
2540025,0,0,1,1,1,0,1,1,1,1
2540026,0,0,1,0,1,0,0,1,1,0
2540027,0,0,1,0,1,0,0,1,1,0
2540028,0,0,0,0,1,1,1,1,1,0
2540029,0,0,0,1,1,0,1,1,1,0
2540030,0,0,0,0,1,0,0,1,1,0
2540031,0,0,0,1,1,0,0,1,1,0
2540032,0,0,0,1,1,0,1,1,1,0
2540033,0,0,0,1,1,0,1,1,1,0
2540034,0,0,1,1,1,0,1,1,1,0
2540035,0,0,1,1,1,0,0,1,1,0
2550001,0,1,1,0,1,0,0,1,1,0
2550002,0,0,0,1,1,0,1,1,1,1
2550003,0,0,0,1,1,0,1,1,1,0
2550004,0,1,0,0,1,1,1,1,1,0
2550005,0,1,0,0,1,0,0,1,1,0
2550006,0,0,0,0,1,0,1,1,1,0
2550007,0,1,0,0,1,0,1,1,1,0
2550008,0,0,0,1,1,1,1,1,1,0
2550009,0,1,0,1,1,1,0,1,1,0
2550010,0,0,0,0,1,0,0,1,1,0
2550011,0,0,1,0,1,0,0,1,1,0
2550012,0,1,0,0,1,0,0,0,1,0
2550013,0,1,0,0,1,0,0,1,1,0
2550014,0,0,1,1,1,0,1,1,1,0
2550015,0,1,0,1,1,0,1,1,1,1
2550016,0,0,0,1,0,0,1,1,1,0
2550017,1,0,1,0,1,0,1,1,1,1
2550018,1,1,0,1,1,0,1,1,1,0
2550019,1,0,0,0,1,1,1,1,1,0
2550020,0,0,1,0,1,0,1,1,1,0
2550021,0,0,0,0,1,0,1,1,1,0
2550022,0,1,0,0,1,0,1,1,1,0
2550023,0,0,0,0,1,0,0,1,1,1
2550024,0,0,0,0,1,0,1,1,1,0
2550025,0,1,0,0,1,0,0,1,1,0
2550026,0,1,0,0,1,1,1,1,1,0
2550027,0,0,0,1,1,1,1,1,1,0
2550028,0,0,0,0,1,1,0,1,1,0
2550029,0,0,1,0,1,1,1,1,1,0
2550030,0,1,0,0,1,0,0,1,1,0
2550031,0,0,0,0,1,0,1,1,1,0
2550032,0,1,0,0,1,0,1,1,1,0
2550033,0,1,0,0,1,0,1,1,1,1
2550034,0,0,0,0,1,0,1,1,1,0
2550035,0,1,0,1,1,0,1,1,1,0
2550036,0,1,0,1,1,0,1,1,1,0
2560001,0,0,0,0,0,0,0,1,1,0
2560002,0,0,0,0,0,0,1,0,1,0
2560003,0,0,1,1,0,0,1,1,1,1
2560004,0,0,0,0,0,0,1,1,1,0
2560005,0,0,0,0,0,0,1,1,1,0
2560006,0,1,0,1,0,0,0,1,1,0
2560007,0,0,0,1,0,0,0,1,1,0
2560008,0,0,0,1,0,0,0,1,1,0
2560009,0,0,0,0,0,0,0,1,1,0
2560010,0,0,0,1,1,0,1,1,0,1
2560011,0,0,0,0,0,0,0,1,1,0
2560012,0,0,0,0,0,0,0,1,1,0
2560013,0,0,0,0,0,0,0,1,1,0
2560014,0,0,0,1,0,0,1,1,1,0
2560015,0,0,0,0,0,0,0,1,1,0
2560016,0,0,1,0,0,0,0,1,1,0
2560017,0,0,1,1,0,0,0,1,1,0
2560018,0,1,0,0,0,0,0,1,1,0
2560019,0,0,1,1,1,0,0,1,1,1
2560020,0,0,1,0,0,0,0,1,1,0
2560021,0,1,0,1,0,0,0,1,1,0
2560022,0,0,0,0,0,0,1,1,1,0
2560023,0,0,0,0,0,0,1,1,1,1
2560024,0,0,1,1,0,0,1,1,1,0
2560025,0,0,0,0,0,0,0,1,1,0
2560026,0,0,0,0,0,0,1,0,1,0
2560027,0,0,1,1,0,0,1,1,1,0
2560028,0,0,0,1,0,0,1,1,0,0
2560029,0,0,0,1,0,0,0,1,1,0
2560030,0,0,0,0,0,0,0,1,1,0
2560031,0,0,0,0,0,0,0,1,1,0
2560032,0,1,0,0,0,0,1,1,0,0
2560033,0,0,0,1,0,0,1,1,0,0
2560034,0,0,0,0,1,0,0,1,1,1
2560035,0,1,1,1,1,0,0,1,1,0
2570001,0,0,0,0,0,0,0,1,1,0
2570002,0,0,1,1,0,0,1,1,1,0
2570003,0,0,1,0,0,0,0,1,1,0
2570004,0,0,0,0,0,0,0,1,1,0
2570005,0,0,0,0,0,0,0,1,1,0
2570006,0,0,0,0,0,0,0,1,1,0
2570007,0,1,1,0,1,0,0,1,1,0
2570008,0,0,0,0,0,0,0,1,1,0
2570009,0,0,0,0,0,0,0,1,1,0
2570010,0,0,0,0,0,0,1,1,1,0
2570011,0,0,1,1,1,0,1,1,1,1
2570012,0,0,0,0,1,0,1,1,1,0
2570013,0,0,0,1,1,0,1,1,1,1
2570014,0,0,0,0,0,0,0,0,1,1
2570015,0,0,0,0,0,0,0,0,0,0
2570016,0,0,0,0,0,0,0,1,1,0
2570017,0,0,0,1,0,0,0,1,1,0
2570018,0,0,1,1,1,0,1,1,1,1
2570019,0,0,0,0,0,0,0,0,1,0
2570020,0,0,0,0,0,0,0,1,1,0
2570021,0,0,0,0,0,0,0,1,0,0
2570022,0,0,0,0,0,0,0,1,1,0
2570023,0,1,1,0,0,0,0,1,1,0
2570024,0,0,0,0,0,0,0,1,1,0
2570025,0,0,0,0,0,0,0,1,1,0
2570026,0,0,0,0,0,0,1,1,0,0
2570027,0,0,0,1,0,0,0,1,0,1
2570028,0,1,0,1,1,0,1,1,1,0
2570029,0,0,0,0,0,0,0,0,1,0
2570030,0,0,0,0,0,0,1,1,1,0
2570031,0,0,0,0,0,0,0,1,1,0
2570032,0,0,1,0,0,0,1,1,1,0
2570033,0,0,0,0,0,0,0,1,1,0
2570034,0,0,0,0,0,0,0,0,1,0
2570035,0,0,0,0,0,0,0,1,1,0
2580001,0,0,0,0,1,0,1,1,1,0
2580002,0,0,0,1,0,0,0,1,1,0
2580003,0,0,0,0,1,0,1,1,1,1
2580004,0,0,0,0,0,0,1,1,0,1
2580005,0,0,0,1,1,0,1,1,1,0
2580006,0,1,0,0,0,0,1,1,1,0
2580007,0,0,1,0,0,0,0,1,1,0
2580008,0,0,1,0,1,1,1,1,1,0
2580009,0,1,0,1,0,1,1,1,1,0
2580010,0,1,0,1,1,1,1,1,1,1
2580011,0,0,0,0,1,1,1,1,1,1
2580012,0,1,0,1,1,0,1,1,1,1
2580013,0,0,1,1,1,0,1,1,1,0
2580014,0,0,0,1,1,1,1,1,1,1
2580015,1,0,0,1,1,0,1,1,1,0
2580016,0,0,1,1,0,0,1,1,1,0
2580017,1,0,0,0,1,0,1,1,1,0
2580018,0,0,1,0,1,0,1,1,1,1
2580019,1,0,0,0,1,0,1,1,1,1
2580020,0,1,1,1,1,0,1,1,1,1
2580021,0,0,1,1,1,0,1,1,1,0
2580022,0,,0,1,0,0,1,1,1,0
2580023,0,0,1,1,0,0,1,1,1,0
2580024,0,0,0,1,0,0,1,1,1,0
2580025,0,0,1,1,0,0,1,1,1,0
2580026,0,0,0,1,1,0,1,1,1,1
2580027,0,0,0,0,0,0,1,1,1,0
2580028,0,1,0,0,1,0,1,1,1,0
2580029,0,0,1,0,1,0,1,1,1,0
2580030,0,0,1,1,1,0,1,1,1,1
2580031,0,0,0,1,1,0,1,1,1,0
2580032,1,0,0,0,0,0,1,1,1,0
2580033,0,0,0,0,0,0,1,1,1,1
2580034,0,0,0,0,0,0,1,1,1,0
2580035,0,0,0,0,0,0,1,1,1,0
2590001,1,1,1,1,1,0,1,1,1,1
2590002,1,,1,1,1,0,0,1,1,0
2590003,0,1,0,1,1,0,1,1,1,0
2590004,0,1,1,1,0,1,1,1,1,0
2590005,1,0,1,1,1,0,0,1,1,0
2590006,0,0,1,1,0,0,1,1,1,1
2590007,0,1,1,1,0,0,1,1,1,1
2590008,0,1,1,1,1,0,1,1,1,0
2590009,0,1,1,1,0,0,1,1,1,0
2590010,0,1,1,1,0,1,1,1,1,0
2590011,0,1,1,1,1,0,1,1,1,0
2590012,0,1,1,1,1,0,1,1,1,0
2590013,0,0,1,1,1,0,1,1,1,0
2590014,0,1,0,1,1,0,1,1,1,0
2590015,1,1,1,1,1,0,1,1,1,0
2590016,0,0,0,1,1,0,1,1,1,0
2590017,1,0,1,1,0,0,1,1,1,0
2590018,0,1,1,1,1,0,1,1,1,0
2590019,0,0,1,1,1,1,1,1,1,0
2590020,0,1,1,0,1,0,1,1,1,0
2590021,0,1,1,1,1,1,1,1,1,0
2590022,0,1,1,1,1,1,1,1,1,0
2590023,0,1,1,1,1,1,1,1,1,0
2590024,1,0,1,1,1,0,1,1,1,0
2590025,0,0,1,1,1,1,1,1,1,1
2590026,0,0,1,1,1,1,1,1,1,0
2590027,1,1,1,1,1,1,1,1,1,0
2590028,0,1,1,1,1,0,1,1,1,0
2590029,0,0,1,1,1,0,1,1,1,0
2590030,1,0,0,1,0,0,1,1,1,1
2590031,0,1,1,1,1,0,1,1,1,1
2590032,0,0,1,1,1,0,0,1,1,0
2590033,0,0,1,1,1,0,1,1,1,0
2590034,0,0,1,1,1,0,1,1,1,1
2590035,0,1,1,1,1,0,1,1,1,1
2600001,1,0,0,1,1,0,1,1,0,0
2600002,0,1,1,1,1,0,1,1,1,0
2600003,0,0,0,1,1,0,1,1,1,0
2600004,0,1,0,1,1,0,1,1,1,0
2600005,1,0,0,1,1,0,1,1,1,0
2600006,0,1,1,1,1,0,1,1,1,0
2600007,1,0,1,0,1,0,1,1,1,1
2600008,1,1,1,0,1,1,1,1,1,0
2600009,0,1,0,1,1,0,1,1,1,1
2600010,0,0,1,1,1,0,1,1,1,1
2600011,0,1,1,0,1,0,1,1,1,0
2600012,0,0,0,0,0,0,0,0,1,0
2600013,0,0,0,0,1,1,1,1,1,0
2600014,0,1,0,1,1,0,0,1,1,1
2600015,0,0,1,1,1,0,1,1,1,1
2600016,0,0,1,1,1,0,0,1,1,0
2600017,0,0,1,0,1,0,0,1,1,0
2600018,0,1,0,1,1,0,1,1,1,0
2600019,0,0,1,1,0,0,0,1,1,0
2600020,0,1,1,1,1,0,1,1,1,0
2600021,0,1,1,1,0,1,1,1,1,0
2600022,0,0,1,0,1,1,1,1,1,0
2600023,1,0,1,1,1,0,1,1,1,0
2600024,0,1,1,0,1,0,1,1,1,0
2600025,0,1,1,1,1,1,1,1,1,0
2600026,1,0,1,0,1,0,1,1,1,1
2600027,0,0,0,1,1,0,1,1,1,0
2600028,0,0,1,0,1,0,1,1,1,0
2600029,0,1,0,1,1,0,1,1,1,1
2600030,0,0,1,1,1,0,1,1,1,1
2600031,0,1,0,1,0,0,1,1,1,0
2600032,0,1,0,1,1,0,1,1,1,0
2600033,1,1,0,1,1,0,1,1,1,0
2600034,0,0,0,1,0,0,0,1,1,1
2600035,1,0,1,1,1,0,0,1,1,1
2610001,0,0,1,1,1,0,1,1,1,0
2610002,0,1,1,1,1,0,1,1,1,1
2610003,0,0,1,0,0,0,0,1,1,0
2610004,0,0,1,1,1,0,1,1,1,0
2610005,0,0,0,0,0,0,1,1,1,0
2610006,0,1,1,0,1,0,1,1,1,0
2610007,0,0,1,1,1,0,1,1,1,0
2610008,0,0,1,1,1,0,1,1,1,0
2610009,0,0,1,1,1,1,1,1,1,0
2610010,1,1,0,0,1,0,1,1,1,0
2610011,0,0,1,0,0,0,0,1,1,0
2610012,0,0,1,1,1,0,1,1,1,1
2610013,0,0,1,1,1,0,1,1,1,0
2610014,0,0,1,1,1,0,1,1,1,0
2610015,0,1,1,1,1,0,1,1,1,0
2610016,0,1,1,0,1,0,1,1,1,0
2610017,0,0,0,0,1,0,1,1,1,0
2610018,0,,1,1,1,0,1,1,1,0
2610019,1,0,0,1,1,0,1,1,1,0
2610020,1,0,0,0,1,0,1,1,1,0
2610021,0,0,0,1,1,0,1,1,1,0
2610022,0,0,0,0,1,0,1,1,1,0
2610023,0,0,1,0,1,0,1,1,1,0
2610024,0,0,1,1,1,0,1,1,1,0
2610025,0,1,1,0,1,1,1,1,1,0
2610026,0,0,1,0,0,0,1,1,1,0
2610027,0,1,0,0,1,1,0,1,1,0
2610028,0,0,0,1,1,0,1,1,1,1
2610029,0,0,1,1,1,1,0,1,1,0
2610030,0,0,0,1,1,0,0,1,1,0
2610031,1,1,1,1,1,1,1,1,1,1
2610032,0,0,0,0,1,0,0,1,1,0
2610033,0,0,0,0,0,0,1,1,1,0
2610034,0,1,1,0,1,0,0,1,1,1
2610035,0,0,1,1,1,0,0,1,1,1
2620001,0,1,0,1,1,1,1,1,1,1
2620002,0,0,0,1,1,0,1,1,1,0
2620003,0,1,0,1,0,0,1,1,1,0
2620004,0,1,0,1,0,0,1,1,1,0
2620005,0,1,1,1,1,0,1,1,1,1
2620006,0,1,0,0,0,0,1,1,1,0
2620007,1,0,1,1,0,1,1,1,1,0
2620008,0,1,1,1,1,0,1,1,1,1
2620009,1,1,1,1,1,1,1,1,1,0
2620010,0,0,1,1,1,0,1,1,1,0
2620011,1,1,0,1,1,0,1,1,1,1
2620012,1,1,1,1,1,1,1,1,1,1
2620013,0,0,1,1,1,0,1,1,1,1
2620014,1,1,0,1,1,1,1,1,1,1
2620015,0,1,0,1,1,1,1,1,1,1
2620016,1,0,1,1,1,1,1,1,1,1
2620017,1,1,1,1,1,1,1,1,1,0
2620018,0,0,1,1,1,1,1,1,1,1
2620019,1,1,1,1,1,1,1,1,1,1
2620020,0,1,1,1,1,0,1,1,1,0
2620021,0,0,1,1,1,0,1,1,1,0
2620022,1,0,0,1,1,1,1,1,1,0
2620023,0,1,0,1,1,0,1,1,1,0
2620024,0,0,1,1,1,0,1,1,1,0
2620025,0,0,1,1,1,0,1,1,1,1
2620026,1,0,0,1,1,0,1,1,1,0
2620027,1,0,1,1,1,0,1,1,1,0
2620028,0,1,1,0,1,0,1,1,1,0
2620029,0,1,1,1,1,0,1,1,1,0
2620030,0,0,1,1,1,0,1,1,1,1
2620031,1,0,1,1,1,0,1,1,1,1
2620032,0,1,0,1,1,0,1,1,1,1
2620033,1,1,1,1,1,0,1,1,1,1
2620034,0,0,0,1,1,0,1,1,1,1
2620035,1,0,0,1,1,0,1,1,1,1
2630001,0,0,0,1,1,0,1,1,1,0
2630002,1,0,1,1,1,1,1,1,1,0
2630003,0,0,0,1,1,0,1,1,1,0
2630004,0,0,0,1,1,0,1,1,1,0
2630005,0,0,1,0,1,1,1,1,1,0
2630006,0,0,1,1,1,0,1,1,1,0
2630007,0,1,0,1,1,1,1,1,1,0
2630008,0,1,1,1,1,1,1,1,1,0
2630009,0,0,0,0,1,0,1,1,0,0
2630010,0,0,1,0,1,0,1,1,1,0
2630011,0,0,0,0,1,1,0,1,1,0
2630012,0,0,1,1,1,1,1,1,1,0
2630013,0,0,1,1,1,0,1,1,1,1
2630014,0,1,0,1,1,0,1,1,1,0
2630015,0,0,1,1,1,1,1,1,1,0
2630016,0,0,0,1,1,1,1,1,0,0
2630017,1,0,0,1,1,1,0,1,1,0
2630018,0,0,0,1,1,1,0,1,1,0
2630019,0,0,1,1,1,1,1,1,1,0
2630020,0,0,1,1,1,1,1,1,1,0
2630021,0,0,0,1,1,1,1,1,1,0
2630022,0,1,0,0,1,0,1,1,1,0
2630023,0,1,1,0,1,1,1,1,1,0
2630024,0,0,0,0,1,0,1,1,0,0
2630025,0,0,1,1,1,1,1,1,1,0
2630026,0,0,1,0,1,0,1,1,1,0
2630027,0,0,0,1,1,1,1,1,1,0
2630028,1,0,1,0,1,1,1,1,1,0
2630029,0,1,1,1,1,1,0,1,1,0
2630030,0,1,1,1,1,1,1,1,1,0
2630031,0,0,0,1,1,0,1,1,0,0
2630032,0,0,0,0,1,1,1,1,1,0
2630033,0,0,0,1,1,1,1,1,1,0
2630034,0,1,0,1,1,1,1,1,1,0
2630035,0,0,0,0,1,1,0,1,1,0
2640001,0,0,0,0,0,0,0,1,1,0
2640002,0,0,0,0,0,0,1,1,1,0
2640003,0,0,1,1,1,0,1,1,1,1
2640004,0,0,0,0,0,0,0,1,1,0
2640005,0,0,0,1,0,0,1,1,1,0
2640006,0,0,0,0,0,0,1,1,1,0
2640007,0,0,0,0,0,0,1,1,1,0
2640008,0,0,1,0,1,0,1,1,1,1
2640009,0,1,0,1,1,0,1,1,1,1
2640010,0,0,1,0,0,0,1,1,1,0
2640011,0,0,0,0,0,0,0,1,1,0
2640012,0,0,1,0,0,0,1,1,1,0
2640013,0,0,0,0,1,0,1,1,1,1
2640014,0,0,0,0,0,0,1,1,1,0
2640015,0,0,0,1,0,0,0,1,1,1
2640016,0,0,0,0,0,0,0,1,1,0
2640017,0,1,0,1,0,0,1,1,1,1
2640018,1,1,1,0,0,0,0,1,1,0
2640019,0,0,1,0,1,0,0,1,1,1
2640020,0,0,0,0,0,0,1,1,1,0
2640021,0,0,0,0,0,0,1,1,1,0
2640022,0,0,0,0,0,0,1,1,1,0
2640023,0,0,0,0,0,0,1,1,1,0
2640024,0,0,0,1,0,0,1,1,1,0
2640025,0,0,0,0,0,0,1,1,1,0
2640026,0,1,0,1,1,0,1,1,1,0
2640027,0,1,0,0,0,0,1,1,1,0
2640028,0,0,1,0,0,0,1,1,1,0
2640029,0,0,0,0,0,0,1,1,1,0
2640030,0,0,0,0,0,0,1,1,1,0
2640031,0,0,0,0,0,0,1,1,1,0
2640032,0,1,1,0,0,0,1,1,1,0
2640033,0,0,0,0,0,0,1,1,1,0
2640034,0,1,0,1,1,0,1,1,1,1
2640035,0,1,1,1,0,0,1,1,1,1
2650001,0,0,0,0,1,1,0,1,0,0
2650002,0,0,1,1,1,1,0,1,1,0
2650003,1,0,0,1,1,1,1,1,1,0
2650004,0,0,0,0,1,1,1,1,1,1
2650005,0,0,0,1,1,1,1,1,1,1
2650006,0,0,0,1,1,1,1,1,1,0
2650007,0,0,0,0,1,1,1,1,1,0
2650008,0,0,0,0,1,0,1,1,1,0
2650009,0,0,1,1,1,0,1,1,1,0
2650010,0,1,1,0,1,0,1,1,1,1
2650011,0,0,1,0,1,0,0,1,1,0
2650012,0,0,0,1,1,0,1,1,1,0
2650013,0,0,0,1,1,0,1,1,1,0
2650014,0,0,0,1,1,0,1,1,1,0
2650015,0,1,0,0,1,1,1,1,1,0
2650016,0,0,0,1,1,0,1,1,1,1
2650017,0,0,0,1,1,0,0,1,1,0
2650018,0,0,0,0,1,0,1,1,1,0
2650019,0,1,0,1,1,1,0,1,1,0
2650020,0,0,0,1,1,0,1,1,1,0
2650021,1,0,1,0,1,1,1,1,1,0
2650022,1,0,1,1,1,1,0,1,1,0
2650023,0,0,1,1,1,1,1,1,1,1
2650024,0,1,0,1,1,1,1,1,1,1
2650025,0,0,0,1,1,0,1,1,1,1
2650026,0,1,1,1,1,1,1,1,1,1
2650027,0,0,1,1,1,1,1,1,1,1
2650028,0,0,0,1,1,1,1,1,1,1
2650029,0,0,0,1,0,0,1,1,1,0
2650030,0,0,0,1,1,0,1,1,1,1
2650031,0,1,0,1,1,1,1,1,1,0
2650032,0,1,1,1,1,1,1,1,1,1
2650033,0,0,0,1,1,0,1,1,1,1
2650034,0,1,1,0,0,1,1,1,1,0
2650035,0,1,1,1,0,1,1,1,1,0
2660001,0,0,1,1,1,0,1,1,1,0
2660002,0,1,0,1,1,0,1,1,1,0
2660003,0,0,0,0,1,0,1,1,1,0
2660004,0,0,0,0,1,1,1,1,1,0
2660005,0,1,0,1,1,0,0,1,1,0
2660006,0,0,0,1,1,0,1,1,1,0
2660007,0,0,0,1,1,0,1,1,1,0
2660008,0,1,1,1,1,1,1,1,1,0
2660009,0,1,1,1,1,1,1,1,1,0
2660010,0,0,0,0,1,1,1,1,1,0
2660011,1,1,0,1,1,1,1,1,1,0
2660012,0,0,0,0,1,1,1,1,1,1
2660013,0,1,1,0,1,1,1,1,1,0
2660014,0,0,1,0,1,1,1,1,1,0
2660015,0,1,0,1,1,0,1,1,1,0
2660016,0,1,1,0,1,0,1,1,1,1
2660017,0,0,0,1,1,0,0,1,1,0
2660018,0,0,1,1,1,0,1,1,1,0
2660019,0,0,0,0,1,0,0,1,1,0
2660020,1,0,0,1,1,0,1,1,1,0
2660021,0,0,0,1,1,0,1,1,1,0
2660022,0,1,1,1,1,0,1,1,1,0
2660023,0,0,0,1,1,1,1,1,1,0
2660024,0,1,1,0,1,0,0,1,1,1
2660025,0,0,0,1,1,0,1,1,1,1
2660026,0,1,0,1,1,0,1,1,1,0
2660027,0,1,0,0,1,0,1,1,1,0
2660028,0,1,1,1,1,0,1,1,1,0
2660029,0,1,0,0,1,0,1,1,1,0
2660030,0,0,1,0,1,0,0,1,1,0
2660031,0,0,1,1,1,0,1,1,1,0
2660032,0,0,0,0,1,0,1,1,1,1
2660033,0,0,0,1,0,0,1,1,1,0
2660034,0,1,1,1,1,0,1,1,1,1
2660035,0,0,1,0,1,0,1,1,1,1
2690001,1,0,0,1,1,1,1,1,1,0
2690002,0,0,1,1,0,0,1,1,1,0
2690003,0,1,1,1,0,0,1,1,1,0
2690004,1,1,1,1,1,1,1,1,1,1
2690005,1,1,0,1,1,1,1,1,1,1
2690006,0,0,1,1,1,1,1,1,1,1
2690007,0,1,1,1,1,1,1,1,1,0
2690008,0,0,1,1,1,1,1,1,1,0
2690009,0,0,0,1,1,1,1,1,1,0
2690010,0,1,1,1,1,1,1,1,1,0
2690011,1,1,1,1,1,0,0,1,1,0
2690012,0,1,1,1,1,0,0,1,1,0
2690013,0,0,1,1,1,1,1,1,1,1
2690014,0,1,1,1,1,1,0,1,1,0
2690015,1,1,0,1,1,1,0,1,1,0
2690016,1,0,1,1,1,1,0,1,1,0
2690017,0,1,1,1,1,1,1,1,1,0
2690018,0,0,1,1,1,1,1,1,1,1
2690019,0,0,1,1,1,1,1,1,1,0
2690020,0,1,1,1,1,1,1,1,1,0
2690021,1,1,1,1,1,1,1,1,1,0
2690022,0,0,0,1,1,1,1,1,1,0
2690023,1,1,0,1,0,1,1,1,1,0
2690024,0,0,1,1,1,1,1,1,1,1
2690025,0,1,1,0,1,1,1,1,1,0
2690026,0,0,1,1,1,1,1,1,1,0
2690027,1,0,1,1,1,1,1,1,1,0
2690028,0,0,1,1,1,1,1,1,1,0
2690029,0,0,1,1,0,1,1,1,1,0
2690030,0,1,1,1,1,1,1,1,1,0
2690031,1,0,1,1,1,1,1,1,1,1
2690032,0,1,1,1,1,1,1,1,1,0
2690033,0,,1,1,1,1,1,1,1,0
2690034,0,1,1,1,1,1,1,1,1,0
2690035,0,1,1,1,1,1,1,1,1,0
2700001,1,0,1,1,1,0,1,1,1,1
2700002,0,1,1,1,1,0,1,1,1,0
2700003,0,1,0,1,1,0,1,1,1,0
2700004,0,1,0,1,0,1,1,1,1,0
2700005,1,1,1,1,0,1,1,1,1,0
2700006,1,1,1,1,0,1,1,1,1,0
2700007,0,0,1,1,0,0,1,1,1,0
2700008,0,0,1,1,0,0,1,1,1,0
2700009,0,0,1,1,1,1,1,1,1,0
2700010,0,0,1,1,1,1,1,1,1,0
2700011,0,0,1,1,1,1,1,1,1,1
2700012,0,0,1,1,1,1,1,1,1,0
2700013,1,1,1,1,1,1,1,1,1,0
2700014,0,1,0,1,1,0,1,1,1,0
2700015,0,0,1,1,1,1,1,1,1,0
2700016,0,0,0,1,1,0,1,1,1,0
2700017,0,0,1,1,1,1,1,1,1,0
2700018,0,1,1,1,1,1,1,1,1,0
2700019,0,0,0,1,1,1,1,1,1,0
2700020,0,,1,0,1,1,1,1,1,0
2700021,1,0,0,1,1,1,1,1,1,0
2700022,0,1,1,1,1,0,1,1,1,0
2700023,0,1,1,1,1,1,1,1,1,0
2700024,1,1,1,1,1,1,1,1,1,0
2700025,0,1,1,1,1,1,1,1,1,0
2700026,1,0,1,1,1,1,1,1,1,0
2700027,1,1,1,1,1,1,1,1,1,0
2700028,0,1,0,1,1,0,1,1,1,1
2700029,,0,1,1,1,0,1,1,1,1
2700030,0,0,1,1,1,0,1,1,1,1
2700031,0,0,0,1,1,0,1,1,1,1
2700032,0,0,1,1,1,0,1,1,1,1
2700033,0,0,1,1,1,0,1,1,1,1
2700034,0,0,1,1,1,0,1,1,1,1
2700035,0,0,1,1,1,0,0,1,1,0
2710001,0,0,0,0,1,1,1,1,1,1
2710002,0,1,0,1,1,1,1,1,1,0
2710003,0,0,0,1,1,0,1,1,1,1
2710004,0,1,0,0,1,0,0,1,1,0
2710005,0,0,0,0,1,0,1,1,1,0
2710006,1,1,0,0,1,0,0,1,1,0
2710007,0,1,0,1,1,0,1,1,1,0
2710008,0,1,0,0,1,0,1,1,1,1
2710009,0,0,0,0,1,1,0,1,1,0
2710010,0,0,0,1,1,1,0,1,1,1
2710011,0,0,0,0,1,1,1,1,1,1
2710012,0,0,0,0,1,1,1,1,1,0
2710013,0,0,0,1,1,0,1,1,1,0
2710014,0,0,1,0,1,1,1,1,1,0
2710015,0,0,0,1,1,0,1,1,1,1
2710016,0,0,1,0,1,0,1,1,1,0
2710017,0,1,1,1,1,1,1,1,1,1
2710018,0,0,1,1,1,1,0,0,1,1
2710019,0,0,0,1,1,1,1,1,1,0
2710020,0,0,0,0,1,0,1,1,0,0
2710021,0,0,0,0,1,1,1,1,1,0
2710022,0,1,1,1,1,1,0,1,1,0
2710023,0,1,0,1,1,0,1,1,1,0
2710024,0,0,0,1,1,0,0,1,1,0
2710025,0,1,1,1,1,1,0,1,1,0
2710026,0,1,0,0,1,1,1,1,1,0
2710027,0,1,1,1,1,0,0,1,1,0
2710028,0,1,0,0,1,0,1,1,1,0
2710029,0,1,0,0,1,0,0,1,1,0
2710030,0,0,0,1,1,0,1,1,1,0
2710031,0,1,0,0,0,0,1,1,1,0
2710032,0,1,0,0,1,0,1,1,1,1
2710033,0,0,1,0,1,0,1,1,1,0
2710034,0,0,0,1,1,0,1,1,1,1
2710035,0,0,1,1,1,0,1,1,1,0
2720001,0,0,0,0,1,0,0,1,1,0
2720002,0,1,0,1,1,0,1,1,1,1
2720003,0,0,0,1,1,1,1,1,1,1
2720004,0,0,1,0,1,0,0,1,1,0
2720005,0,0,0,0,0,1,1,1,1,0
2720006,0,1,0,1,1,1,1,1,1,1
2720007,0,0,0,1,1,1,1,1,1,0
2720008,0,1,0,1,1,1,1,1,1,0
2720009,0,1,0,1,1,1,1,1,1,0
2720010,0,1,0,1,1,1,1,1,1,0
2720011,0,0,1,1,1,1,1,1,1,1
2720012,0,1,0,1,1,1,1,1,1,0
2720013,0,0,1,1,1,1,1,1,1,1
2720014,0,0,1,1,1,1,1,1,1,0
2720015,0,0,1,0,1,0,1,1,1,0
2720016,0,0,0,0,1,0,1,1,1,0
2720017,1,0,1,1,1,0,1,1,1,1
2720018,0,1,1,0,1,0,1,1,1,0
2720019,0,1,1,1,1,0,1,1,1,0
2720020,1,1,0,0,1,0,1,1,1,1
2720021,0,0,0,1,1,0,1,1,1,1
2720022,0,1,0,1,1,0,0,1,1,0
2720023,0,1,0,0,1,1,0,1,1,0
2720024,0,0,0,0,1,0,0,1,1,1
2720025,0,1,0,1,1,0,1,1,1,1
2720026,0,1,1,1,1,0,0,1,1,1
2720027,0,0,0,1,1,0,0,1,1,0
2720028,0,1,0,1,1,0,0,1,1,0
2720029,1,1,0,1,1,0,1,1,1,0
2720030,0,1,0,1,1,0,1,1,1,0
2720031,0,0,1,1,1,0,1,1,1,0
2720032,0,0,1,1,1,0,1,1,1,0
2720033,0,1,1,1,0,0,1,1,1,0
2720034,0,0,1,1,1,0,1,1,1,0
2720035,0,0,0,1,1,0,1,1,1,0
2730001,0,0,1,0,1,1,1,1,1,1
2730002,0,0,0,1,1,0,1,1,1,1
2730003,0,0,1,0,1,0,1,1,1,1
2730004,0,0,0,1,1,1,1,1,1,0
2730005,0,0,0,1,0,0,1,1,1,0
2730006,0,0,0,1,1,1,1,1,0,1
2730007,0,0,0,1,0,1,1,1,1,0
2730008,1,0,0,0,1,1,1,1,1,0
2730009,0,0,0,0,1,1,1,1,1,1
2730010,0,0,0,1,1,0,1,1,1,1
2730011,1,1,0,1,1,0,1,1,1,1
2730012,0,0,1,0,0,1,1,1,1,0
2730013,0,0,0,0,1,1,1,1,1,0
2730014,0,1,0,0,1,1,1,1,1,1
2730015,0,0,0,1,1,1,1,1,1,1
2730016,0,0,1,1,1,0,0,1,1,0
2730017,0,0,1,1,1,0,1,1,1,1
2730018,0,0,0,0,1,0,1,1,0,1
2730019,0,1,0,1,1,0,1,1,1,1
2730020,0,0,1,0,1,1,1,1,1,1
2730021,0,1,1,1,1,1,1,1,1,1
2730022,0,1,0,1,1,0,1,1,1,0
2730023,1,0,1,0,1,0,1,1,1,0
2730024,0,0,0,0,1,1,1,1,1,1
2730025,0,0,0,0,1,0,1,1,0,0
2730026,0,0,1,1,1,0,1,1,1,0
2730027,0,0,0,1,1,0,1,1,1,0
2730028,1,1,1,1,1,1,1,1,1,1
2730029,0,0,1,0,1,1,0,1,1,0
2730030,0,0,0,1,1,1,0,1,1,0
2730031,0,0,0,0,1,0,1,1,1,0
2730032,0,0,1,0,1,0,0,1,1,0
2730033,0,0,0,0,1,1,0,1,1,0
2730034,0,0,1,1,1,0,0,1,1,0
2730035,0,0,1,1,1,1,1,1,1,0
2740001,1,0,1,0,1,1,1,1,1,1
2740002,0,0,1,1,1,0,1,1,1,0
2740003,0,0,0,1,1,0,1,1,1,1
2740004,0,0,0,0,1,1,1,1,1,0
2740005,0,1,0,1,1,0,1,1,1,1
2740006,0,1,0,1,1,0,1,1,1,1
2740007,0,0,0,1,1,0,1,1,1,1
2740008,0,0,0,1,1,0,1,1,0,0
2740009,0,0,0,1,1,0,1,1,1,1
2740010,0,0,0,0,1,0,1,1,1,1
2740011,0,1,1,1,1,0,1,1,1,0
2740012,0,0,1,1,1,0,1,1,1,0
2740013,0,1,0,1,1,0,1,1,1,1
2740014,0,0,0,1,1,0,1,1,1,0
2740015,0,0,0,1,1,1,1,1,1,0
2740016,0,0,1,0,1,1,1,1,1,1
2740017,0,0,1,1,1,0,1,1,1,1
2740018,0,1,0,1,1,0,1,1,1,1
2740019,0,0,0,1,1,1,1,1,0,0
2740020,0,0,0,1,1,1,1,1,1,0
2740021,0,0,0,1,1,1,1,1,1,1
2740022,0,0,1,1,1,1,1,1,1,0
2740023,0,0,0,1,1,1,0,1,1,0
2740024,0,0,1,1,1,1,1,1,1,0
2740025,0,1,1,1,1,1,1,1,1,0
2740026,0,0,0,1,1,1,1,1,1,0
2740027,0,0,0,1,1,1,1,1,1,1
2740028,0,1,0,1,1,1,0,1,1,0
2740029,0,1,1,0,0,0,1,1,1,0
2740030,0,0,0,1,1,1,1,1,1,1
2740031,0,1,0,1,1,1,1,1,1,0
2740032,0,1,0,0,1,1,1,1,1,1
2740033,0,0,0,1,1,1,1,1,1,1
2740034,1,1,0,1,1,1,1,1,1,1
2740035,0,0,1,1,1,1,1,1,0,1
2750001,0,,0,1,1,1,1,1,0,0
2750002,0,0,0,1,1,1,1,1,1,0
2750003,0,0,1,1,1,1,1,1,1,1
2750004,0,1,1,1,0,1,1,1,1,0
2750005,1,0,1,1,0,1,1,1,1,0
2750006,0,0,1,1,1,1,1,1,1,0
2750007,0,0,0,1,0,1,1,1,1,0
2750008,0,0,1,1,1,0,1,1,1,0
2750009,0,0,1,1,1,1,1,1,1,0
2750010,0,0,1,1,1,1,1,1,1,1
2750011,0,0,1,1,1,1,1,1,1,0
2750012,0,1,1,1,1,1,1,1,1,0
2750013,1,,1,1,1,1,1,1,1,0
2750014,0,1,1,1,1,1,1,1,1,0
2750015,0,0,1,1,1,1,1,1,1,0
2750016,0,1,0,1,1,0,1,1,1,1
2750017,1,0,0,1,1,0,1,1,1,0
2750018,0,,1,1,1,0,1,1,1,1
2750019,0,1,1,1,1,0,1,1,1,0
2750020,0,0,1,1,1,0,1,1,1,0
2750021,0,0,1,1,1,0,1,1,1,1
2750022,1,0,1,1,0,1,1,1,1,0
2750023,0,0,1,1,0,0,1,1,1,0
2750024,1,0,1,1,1,1,1,1,1,0
2750025,0,0,1,1,1,1,1,1,1,0
2750026,0,1,1,1,1,0,1,1,1,1
2750027,0,0,1,1,1,1,1,1,1,0
2750028,0,1,1,1,1,0,1,1,1,1
2750029,0,0,1,1,1,1,1,1,1,1
2750030,0,0,1,1,1,0,1,1,1,1
2750031,0,1,1,0,1,0,1,1,1,1
2750032,0,0,1,1,1,0,1,1,1,0
2750033,0,0,1,1,1,0,1,1,1,1
2750034,0,0,1,1,1,1,1,1,1,1
2750035,,0,1,1,1,1,1,1,1,0
2760001,0,0,0,0,0,0,0,1,1,0
2760002,0,0,0,0,0,1,1,1,1,0
2760003,0,0,0,0,0,0,1,1,1,0
2760004,1,1,1,1,0,0,1,1,1,0
2760005,0,0,0,0,0,0,1,1,1,0
2760006,0,0,0,0,0,0,1,1,1,0
2760007,0,0,0,0,0,0,1,1,1,0
2760008,0,1,1,0,0,0,1,1,1,0
2760009,0,0,0,0,0,0,1,1,1,0
2760010,0,0,0,0,0,0,1,1,1,0
2760011,0,0,0,0,0,0,0,1,1,0
2760012,0,0,0,0,0,0,1,1,1,0
2760013,0,0,1,0,0,0,0,1,1,0
2760014,0,0,0,0,0,0,1,1,1,0
2760015,0,0,1,1,1,0,1,1,1,0
2760016,1,1,1,0,0,0,1,1,1,0
2760017,0,0,1,0,0,0,1,1,1,0
2760018,0,0,0,0,1,0,1,1,1,1
2760019,0,0,1,1,0,0,1,1,1,0
2760020,1,0,0,0,0,0,0,1,1,0
2760021,0,1,1,0,0,0,1,1,1,0
2760022,0,0,1,1,0,1,1,1,1,0
2760023,0,1,0,1,0,0,1,1,1,0
2760024,1,0,0,0,0,0,1,1,1,0
2760025,0,0,1,1,0,0,1,1,1,0
2760026,0,0,0,0,0,0,0,1,1,0
2760027,0,1,1,1,0,0,1,1,1,0
2760028,1,0,1,1,0,0,1,1,1,0
2760029,0,0,0,0,0,0,0,1,1,0
2760030,0,1,1,1,1,0,1,1,1,1
2760031,0,1,0,0,0,0,0,1,1,0
2760032,0,0,0,0,0,0,1,1,1,0
2760033,0,0,1,1,0,0,1,1,1,0
2760034,0,0,1,0,0,0,1,1,1,0
2760035,1,0,0,0,0,0,1,1,1,1
2770001,,0,0,0,1,0,1,1,1,0
2770002,1,1,0,0,1,0,1,1,1,1
2770003,0,0,0,1,1,0,1,1,1,0
2770004,0,0,1,1,0,1,1,1,1,0
2770005,0,1,1,1,1,1,1,1,1,1
2770006,0,1,1,1,1,0,1,1,1,0
2770007,0,1,0,1,1,0,1,1,1,1
2770008,0,1,0,1,0,1,1,1,1,0
2770009,0,0,1,1,1,1,1,1,1,0
2770010,0,0,1,1,1,1,1,1,1,1
2770011,0,1,0,1,1,1,1,1,1,1
2770012,0,1,1,1,1,0,1,1,1,1
2770013,0,0,1,1,1,0,1,1,1,1
2770014,0,0,1,1,1,0,1,1,1,0
2770015,0,0,0,0,1,0,0,1,1,0
2770016,0,0,1,1,1,0,1,1,1,0
2770017,0,1,0,1,1,0,0,1,1,1
2770018,1,1,1,1,1,0,1,1,1,1
2770019,1,1,1,1,1,0,1,1,1,1
2770020,0,1,1,0,1,0,1,1,1,0
2770021,1,1,1,1,1,1,1,1,1,0
2770022,0,0,1,1,1,0,1,1,1,0
2770023,1,0,0,1,1,0,1,1,1,0
2770024,0,1,1,1,1,1,1,1,1,0
2770025,0,0,0,1,1,0,1,1,1,0
2770026,1,0,1,1,1,0,1,1,1,0
2770027,0,0,1,0,1,0,1,1,1,0
2770028,0,1,0,0,1,0,1,1,1,1
2770029,0,0,0,1,1,0,1,1,1,1
2770030,0,0,0,0,0,0,1,1,1,0
2770031,0,0,1,1,1,0,1,1,1,1
2770032,0,0,0,1,1,0,1,1,1,1
2770033,0,0,1,1,1,0,1,1,1,0
2770034,0,1,1,1,1,0,1,1,1,0
2770035,0,1,1,1,0,0,1,1,1,0
2780001,1,0,0,1,1,1,0,1,1,0
2780002,0,1,1,1,1,1,1,1,1,1
2780003,0,1,1,1,1,1,1,1,1,1
2780004,0,0,1,0,0,1,1,1,1,0
2780005,0,1,1,1,1,1,1,1,1,0
2780006,0,1,1,1,1,1,1,1,1,1
2780007,0,1,1,1,1,1,1,1,1,1
2780008,0,0,0,1,0,1,1,1,1,0
2780009,0,0,1,1,0,1,1,1,1,1
2780010,0,0,0,1,1,1,1,1,1,0
2780011,0,0,1,1,1,1,1,1,1,1
2780012,0,0,0,1,1,1,1,1,1,0
2780013,0,0,0,1,1,1,1,1,1,0
2780014,0,0,0,1,1,1,1,1,1,0
2780015,0,0,0,1,1,1,1,1,1,0
2780016,0,0,0,1,1,1,1,1,1,0
2780017,0,0,1,0,1,1,1,1,1,1
2780018,1,0,1,1,1,1,1,1,1,1
2780019,0,0,1,1,1,1,1,1,1,1
2780020,0,1,0,1,1,1,1,1,1,0
2780021,0,1,1,1,1,1,1,1,1,0
2780022,0,1,1,1,1,1,1,1,1,0
2780023,0,1,0,1,1,1,1,1,1,0
2780024,0,1,1,1,1,1,1,1,1,0
2780025,0,0,1,1,1,1,1,1,1,0
2780026,0,0,1,1,1,1,1,1,1,0
2780027,0,,1,1,1,1,1,1,1,0
2780028,0,,1,1,0,0,1,1,1,0
2780029,1,0,1,1,1,1,1,1,1,1
2780030,0,0,0,1,1,1,1,1,1,0
2780031,0,0,0,1,1,1,1,1,1,1
2780032,1,1,0,1,0,1,1,1,1,0
2780033,0,0,0,1,1,1,1,1,1,0
2780034,1,1,1,1,1,1,1,1,1,1
2780035,,0,0,1,1,1,1,1,1,0
2790001,0,1,1,0,1,0,0,1,1,0
2790002,0,0,1,1,1,0,0,1,1,0
2790003,0,1,0,1,1,1,1,1,1,0
2790004,0,1,1,1,0,1,1,1,1,0
2790005,0,0,1,1,1,1,1,1,1,0
2790006,1,0,1,1,1,1,1,1,1,0
2790007,0,0,1,1,1,1,1,1,1,1
2790008,0,1,1,1,1,1,1,1,1,1
2790009,1,0,0,1,1,1,1,1,1,1
2790010,0,0,1,1,1,1,1,1,1,0
2790011,0,1,1,1,1,1,1,1,1,0
2790012,0,0,1,1,1,1,1,1,1,0
2790013,,1,1,1,0,1,1,1,1,0
2790014,0,1,1,1,1,1,1,1,1,0
2790015,0,0,1,1,1,1,1,1,1,0
2790016,0,1,0,1,1,0,1,1,1,0
2790017,0,1,0,1,1,0,1,1,1,1
2790018,0,1,1,1,0,0,1,1,1,0
2790019,0,1,0,1,1,0,1,1,1,0
2790020,0,0,0,1,1,0,1,1,1,1
2790021,0,1,1,1,1,1,1,1,1,1
2790022,0,0,1,1,1,1,1,1,1,1
2790023,0,0,1,1,1,1,1,1,1,1
2790024,0,0,1,0,1,1,1,1,1,1
2790025,0,1,1,1,1,1,1,1,1,1
2790026,0,1,1,1,1,1,1,1,1,0
2790027,1,1,1,1,1,0,1,1,1,0
2790028,0,0,0,1,1,1,1,1,1,0
2790029,0,0,1,1,1,1,1,1,1,0
2790030,0,0,1,1,1,0,1,1,1,1
2790031,0,0,1,1,1,0,1,1,1,1
2790032,0,0,0,1,1,0,1,1,1,1
2790033,0,1,0,1,1,0,1,1,1,1
2790034,0,1,1,1,1,0,1,1,1,0
2790035,0,1,1,1,1,0,1,1,1,0
2800001,0,1,0,1,1,0,1,1,1,1
2800002,0,0,1,1,1,1,1,1,1,1
2800003,0,0,1,1,1,1,1,1,1,1
2800004,0,1,0,1,1,1,1,1,1,1
2800005,0,1,0,1,1,1,1,1,1,0
2800006,0,0,1,1,1,1,1,1,1,1
2800007,0,1,1,1,1,1,1,1,1,1
2800008,0,0,0,1,1,1,1,1,1,0
2800009,0,0,1,1,1,1,1,1,1,1
2800010,0,0,1,1,1,1,1,1,1,1
2800011,0,0,1,1,1,1,1,1,1,0
2800012,0,0,0,1,1,1,1,1,1,1
2800013,0,0,1,1,1,1,1,1,1,0
2800014,0,0,0,1,1,1,1,1,1,0
2800015,0,1,1,1,1,1,1,1,1,1
2800016,0,0,1,1,1,1,1,1,1,1
2800017,0,1,1,1,1,1,1,1,1,1
2800018,0,0,0,1,1,1,1,1,1,1
2800019,0,0,1,1,1,1,1,1,1,1
2800020,0,1,1,1,1,1,1,1,1,1
2800021,0,0,1,1,1,1,1,1,1,1
2800022,0,0,1,1,1,1,1,1,1,0
2800023,0,0,0,1,1,1,1,1,1,1
2800024,0,0,0,1,1,1,1,1,1,0
2800025,0,1,0,1,1,1,1,1,1,1
2800026,0,0,1,0,1,1,1,1,1,0
2800027,0,1,1,1,1,1,1,1,1,0
2800028,0,0,1,1,1,1,1,1,1,0
2800029,0,0,1,1,1,1,1,1,1,1
2800030,1,,0,1,1,1,1,1,1,1
2800031,0,1,1,1,1,1,1,1,1,1
2800032,0,0,1,1,1,1,1,1,1,1
2800033,0,1,1,1,1,1,1,1,1,1
2800034,0,0,1,1,1,1,1,1,1,1
2800035,1,0,0,1,1,1,1,1,1,1
2810001,1,1,0,1,0,0,1,1,1,0
2810002,1,0,0,1,0,0,1,1,1,0
2810003,0,0,1,1,0,0,1,1,1,0
2810004,0,0,1,1,1,1,1,1,1,1
2810005,0,0,0,1,1,1,1,1,1,0
2810006,0,0,1,1,1,1,1,1,1,1
2810007,1,0,0,1,1,0,1,1,1,0
2810008,0,1,1,0,1,0,1,1,1,0
2810009,0,0,0,1,1,1,1,1,1,1
2810010,0,0,1,1,1,1,1,1,1,0
2810011,0,1,1,1,1,0,1,1,1,0
2810012,1,0,1,1,0,0,1,1,1,0
2810013,0,0,0,1,1,0,1,1,1,1
2810014,0,1,1,1,1,0,1,1,1,1
2810015,0,1,1,1,1,1,1,1,1,0
2810016,0,,0,1,1,1,1,1,1,0
2810017,0,0,1,1,1,1,1,1,1,1
2810018,0,1,1,1,1,1,1,1,1,0
2810019,0,1,1,1,1,1,1,1,1,0
2810020,0,0,0,1,1,1,1,1,1,1
2810021,0,1,0,1,1,1,1,1,1,0
2810022,0,,1,1,1,1,1,1,1,1
2810023,0,0,0,1,1,1,1,1,1,1
2810024,0,0,1,1,1,1,1,1,1,1
2810025,1,1,1,1,1,1,1,1,1,1
2810026,0,0,1,1,1,1,1,1,1,0
2810027,0,1,1,1,1,1,1,1,1,0
2810028,0,0,1,1,1,1,1,1,1,0
2810029,1,0,0,1,1,1,1,1,1,0
2810030,0,0,1,1,1,1,1,1,1,1
2810031,0,1,0,1,1,0,1,1,1,0
2810032,0,0,0,1,1,1,1,1,1,1
2810033,1,0,0,1,1,1,1,1,1,1
2810034,0,1,0,1,1,1,1,1,1,1
2810035,0,1,1,1,1,1,1,1,1,0
2820001,0,1,0,1,1,1,1,1,1,1
2820002,0,0,1,1,1,1,1,1,1,1
2820003,0,0,1,1,1,1,1,1,1,1
2820004,0,0,0,1,1,1,1,1,1,1
2820005,0,,0,1,1,1,1,1,1,1
2820006,0,,0,1,1,1,1,1,1,1
2820007,0,1,0,1,1,1,1,1,1,0
2820008,0,,0,1,1,1,1,1,1,0
2820009,1,1,0,1,1,1,1,1,1,0
2820010,0,0,1,1,1,1,1,1,1,0
2820011,0,0,1,1,1,1,1,1,1,1
2820012,1,0,1,1,1,1,1,1,1,0
2820013,0,1,1,,0,1,1,1,1,0
2820014,0,0,0,1,1,1,1,1,1,1
2820015,0,1,0,1,0,0,1,1,1,0
2820016,0,0,0,1,1,0,1,1,1,0
2820017,0,0,0,1,1,0,1,1,1,0
2820018,0,0,1,1,1,0,1,1,1,0
2820019,0,1,1,1,1,0,1,1,1,1
2820020,0,0,1,1,1,1,1,1,1,0
2820021,0,0,1,1,1,0,1,1,1,1
2820022,0,0,0,1,1,0,1,1,1,1
2820023,0,0,1,1,1,0,1,1,1,1
2820024,1,0,1,1,1,0,1,1,1,0
2820025,1,0,1,0,1,1,1,1,1,0
2820026,0,0,0,1,1,1,1,1,1,1
2820027,0,,0,1,1,1,1,1,1,0
2820028,0,0,0,1,1,0,1,1,1,0
2820029,0,1,1,1,1,1,1,1,1,0
2820030,0,,1,0,1,0,1,1,1,0
2820031,0,0,1,1,1,0,1,1,1,0
2820032,0,1,0,1,1,1,1,1,1,0
2820033,0,0,1,1,1,1,1,1,1,0
2820034,1,1,1,1,1,0,1,1,1,0
2820035,0,0,1,0,1,0,1,1,1,0
2830001,0,0,1,1,1,0,0,1,1,1
2830002,0,1,1,1,1,0,1,1,1,1
2830003,0,1,0,0,1,0,0,1,1,0
2830004,0,0,0,0,1,0,0,1,1,0
2830005,0,0,0,0,1,0,0,1,1,0
2830006,0,1,0,0,1,1,0,1,1,0
2830007,0,1,0,0,1,1,0,1,1,1
2830008,,1,1,0,1,1,0,1,1,0
2830009,0,1,1,1,1,0,1,1,1,1
2830010,0,0,1,1,1,0,1,1,1,0
2830011,0,0,0,0,1,0,1,1,1,1
2830012,0,0,0,0,1,0,1,1,1,0
2830013,0,0,0,0,1,0,1,1,1,0
2830014,0,1,0,1,1,1,1,1,1,0
2830015,0,0,0,0,1,0,1,1,1,0
2830016,0,1,0,0,1,1,1,1,1,0
2830017,0,1,1,1,1,1,1,1,1,0
2830018,0,1,0,0,1,1,0,1,1,0
2830019,0,0,0,0,1,1,0,1,1,0
2830020,0,0,1,1,1,0,1,1,1,0
2830021,0,0,0,1,1,0,0,1,1,1
2830022,0,1,0,0,1,0,0,1,1,0
2830023,0,1,1,0,1,1,0,1,1,1
2830024,0,0,0,1,1,1,0,1,1,0
2830025,0,0,0,1,1,0,1,1,1,0
2830026,0,0,1,0,1,0,0,1,1,0
2830027,0,1,0,1,1,0,1,1,1,1
2830028,0,1,0,1,1,0,0,1,1,0
2830029,0,0,1,1,1,0,0,1,1,0
2830030,0,,1,1,1,0,0,1,1,0
2830031,0,0,1,1,1,0,0,1,1,0
2830032,0,0,0,1,1,0,0,1,1,1
2830033,0,0,1,1,1,0,0,1,1,0
2830034,0,0,0,1,1,0,0,1,1,1
2830035,0,0,0,1,1,0,0,1,1,0
2840001,0,1,1,0,1,1,0,1,1,0
2840002,0,1,0,0,1,0,1,1,1,1
2840003,0,1,0,1,1,0,1,1,1,0
2840004,0,1,0,1,1,0,0,1,1,1
2840005,0,0,1,1,1,1,1,1,1,1
2840006,0,0,1,0,1,0,1,1,1,0
2840007,0,1,1,0,1,0,1,1,1,0
2840008,0,0,0,1,1,0,1,1,1,1
2840009,0,0,1,1,1,0,0,1,1,1
2840010,0,1,1,0,1,1,1,1,1,0
2840011,0,1,0,1,1,1,1,1,1,0
2840012,0,1,1,1,1,1,1,1,1,0
2840013,0,1,1,1,1,1,1,1,1,0
2840014,0,1,0,0,1,1,1,1,1,1
2840015,0,0,0,1,1,1,1,1,1,1
2840016,0,0,1,0,1,1,1,1,1,1
2840017,0,1,0,1,1,1,1,1,1,1
2840018,0,0,1,1,1,0,1,1,1,0
2840019,0,0,1,1,1,0,1,1,1,0
2840020,0,0,1,0,1,1,1,1,1,0
2840021,0,1,1,0,1,1,1,1,1,0
2840022,0,0,1,1,1,0,0,1,1,1
2840023,0,0,0,1,1,0,1,1,1,0
2840024,0,0,1,1,1,1,1,0,1,0
2840025,0,0,1,1,1,0,1,1,1,0
2840026,0,0,1,0,1,1,1,1,1,0
2840027,0,0,1,0,1,0,1,1,1,0
2840028,0,0,1,1,1,0,0,1,1,0
2840029,0,0,0,1,1,0,0,1,1,0
2840030,0,0,1,1,1,0,1,1,1,1
2840031,,0,1,1,1,0,0,1,1,0
2840032,0,0,1,1,1,0,0,1,1,1
2840033,0,1,0,0,1,0,0,1,1,0
2840034,0,0,0,1,1,1,0,1,1,0
2840035,0,0,1,1,0,0,0,1,1,0
2850001,0,0,0,1,1,0,0,1,1,0
2850002,0,0,0,0,1,0,1,1,1,0
2850003,0,0,0,0,0,0,0,1,1,0
2850004,0,0,0,1,0,0,1,1,1,0
2850005,0,0,0,0,1,0,1,1,1,1
2850006,0,0,0,0,0,0,0,1,1,0
2850007,0,0,0,0,0,0,1,1,1,0
2850008,0,0,0,1,1,0,0,0,1,0
2850009,0,0,0,1,0,0,1,1,1,0
2850010,0,0,0,0,0,0,1,1,1,0
2850011,0,0,0,0,0,0,1,1,1,0
2850012,0,0,0,,1,1,1,1,1,0
2850013,0,0,0,0,0,0,0,1,1,0
2850014,0,0,0,1,0,0,0,1,1,1
2850015,1,0,0,0,1,0,1,1,1,0
2850016,0,1,0,1,1,0,1,1,1,0
2850017,0,0,0,1,0,0,0,1,1,0
2850018,0,1,1,1,1,0,0,1,1,0
2850019,0,0,1,0,1,0,1,1,1,1
2850020,0,0,0,1,1,0,1,1,1,1
2850021,0,1,1,1,1,0,1,1,1,0
2850022,0,0,0,0,1,0,1,1,1,0
2850023,0,0,0,1,1,0,1,1,1,0
2850024,0,0,0,1,1,0,1,1,1,0
2850025,0,0,1,0,1,0,1,1,1,0
2850026,0,0,0,0,1,0,1,1,1,0
2850027,0,0,0,1,1,0,1,1,1,1
2850028,0,0,0,0,0,0,1,1,1,0
2850029,0,0,1,1,1,0,0,1,1,0
2850030,0,0,0,0,1,0,1,1,1,0
2850031,0,0,0,0,1,0,1,1,1,0
2850032,0,0,0,0,1,0,1,1,1,0
2850033,0,1,0,0,1,0,1,1,1,0
2850034,0,0,0,0,0,0,1,1,1,0
2850035,0,1,0,0,1,0,1,1,1,0
2860001,0,0,1,1,1,1,1,1,1,1
2860002,0,0,0,1,1,1,1,1,1,1
2860003,0,1,1,1,1,1,1,1,1,1
2860004,0,0,0,1,1,1,1,1,1,1
2860005,0,0,0,1,1,1,0,1,1,1
2860006,,0,1,1,1,1,1,1,1,1
2860007,0,,0,1,1,1,0,1,1,1
2860008,0,0,0,1,1,1,1,1,1,1
2860009,0,0,0,1,1,1,1,1,1,1
2860010,0,0,1,1,1,1,1,1,1,1
2860011,,,0,1,1,1,1,1,1,1
2860012,0,0,1,1,1,1,1,1,1,1
2860013,0,0,0,1,1,1,0,1,1,1
2860014,0,0,1,1,1,1,1,1,1,1
2860015,0,1,0,1,1,1,0,1,1,1
2860016,1,1,1,1,1,1,1,1,1,1
2860017,0,0,0,1,1,1,1,1,1,0
2860018,0,0,1,1,1,1,1,1,1,1
2860019,0,0,0,1,1,1,1,1,1,1
2860020,0,0,1,1,1,1,1,1,1,1
2860021,0,1,1,1,1,1,1,1,1,1
2860022,0,0,0,1,1,1,1,1,1,1
2860023,0,0,1,1,1,1,1,1,1,1
2860024,0,1,0,1,1,1,1,1,1,1
2860025,0,0,0,1,1,1,1,1,1,1
2860026,0,0,1,1,1,1,0,1,1,0
2860027,0,0,0,0,1,1,0,1,1,1
2860028,0,0,1,1,1,1,0,1,1,0
2860029,0,0,0,1,1,1,0,1,1,1
2860030,1,0,0,1,1,1,0,1,1,1
2860031,0,0,0,1,1,1,0,1,1,0
2860032,0,0,0,1,1,1,0,1,1,0
2860033,0,0,0,1,1,1,0,1,1,0
2860034,0,0,0,1,1,1,0,1,1,0
2860035,0,0,0,1,1,1,1,1,1,1
2880001,0,0,0,1,1,0,1,1,1,1
2880002,0,0,0,0,1,1,1,1,1,0
2880003,0,0,0,1,1,0,1,1,1,0
2880004,0,1,0,1,1,1,1,1,1,0
2880005,0,0,1,1,1,0,1,1,1,0
2880006,0,0,1,1,1,0,1,1,1,0
2880007,0,1,0,0,0,0,1,1,1,0
2880008,0,1,1,1,1,0,1,1,1,0
2880009,0,1,0,1,1,0,1,1,1,0
2880010,0,0,0,1,1,0,1,1,1,1
2880011,0,0,0,1,1,0,1,1,1,1
2880012,0,1,0,1,1,1,0,1,1,0
2880013,0,1,0,0,1,0,0,1,1,0
2880014,0,0,0,1,1,0,0,1,1,0
2880015,0,0,0,1,1,0,1,1,1,0
2880016,0,0,0,1,1,0,1,1,1,0
2880017,0,0,1,1,1,0,1,1,1,0
2880018,0,0,0,1,1,0,1,1,1,0
2880019,0,0,0,1,1,0,1,1,1,1
2880020,0,0,0,1,1,0,1,1,1,1
2880021,1,0,1,1,1,1,1,1,1,1
2880022,1,1,0,0,1,0,1,1,1,0
2880023,1,0,0,1,1,0,1,1,1,0
2880024,0,0,0,1,1,0,1,1,1,0
2880025,0,0,0,1,1,0,1,1,1,1
2880026,0,0,1,1,1,0,1,1,1,1
2880027,0,1,1,1,1,0,1,1,1,0
2880028,0,0,0,1,1,1,1,1,1,1
2880029,0,0,0,1,1,1,1,1,1,1
2880030,0,1,1,1,1,1,1,1,1,1
2880031,0,0,0,1,1,1,0,1,1,1
2880032,0,1,1,1,1,1,1,1,1,1
2880033,0,0,0,1,1,1,1,1,1,0
2880034,0,0,1,0,1,1,1,1,1,1
2880035,0,0,0,0,1,1,1,1,1,1
2900001,0,0,0,0,0,0,1,1,1,0
2900002,0,1,1,0,1,0,1,1,1,0
2900003,0,,0,0,0,0,1,1,0,0
2900004,0,0,1,1,1,0,1,1,1,0
2900005,0,1,0,1,0,0,1,1,1,0
2900006,0,1,0,0,0,0,1,1,1,0
2900007,1,0,0,0,1,0,1,1,1,0
2900008,0,0,0,0,1,0,1,1,1,0
2900009,0,0,1,0,0,0,1,1,1,0
2900010,0,0,0,0,0,0,0,1,1,0
2900011,0,0,0,0,0,0,0,1,1,0
2900012,0,1,0,1,1,0,0,1,1,1
2900013,0,0,0,1,1,0,0,1,1,0
2900014,0,1,1,1,1,0,0,1,1,0
2900015,0,0,0,0,1,0,1,1,1,1
2900016,0,,0,0,0,0,1,1,1,0
2900017,0,0,0,1,1,0,1,1,1,0
2900018,0,,0,0,0,0,0,1,1,0
2900019,0,0,0,0,0,0,1,1,1,0
2900020,0,0,0,0,0,0,1,1,1,0
2900021,0,1,0,0,0,0,0,0,1,0
2900022,0,0,0,1,0,1,1,1,1,0
2900023,0,0,0,0,0,0,1,1,1,0
2900024,0,0,0,0,0,0,1,1,1,0
2900025,0,0,0,0,0,0,1,1,1,0
2900026,0,0,1,0,0,0,0,1,1,0
2900027,0,0,0,0,0,0,0,1,1,0
2900028,0,1,0,0,0,0,0,1,1,0
2900029,0,0,0,0,0,0,0,1,1,0
2900030,0,1,1,0,0,0,1,1,1,0
2900031,0,0,0,0,0,0,1,1,1,0
2900032,0,0,0,0,0,0,0,1,1,0
2900033,0,0,0,0,0,0,1,1,1,0
2900034,0,0,0,0,0,0,1,1,1,0
2900035,0,1,0,1,1,0,1,1,1,0
2910001,0,0,0,0,0,0,1,1,1,0
2910002,0,0,0,0,0,0,1,1,1,0
2910003,0,1,0,1,0,0,1,1,1,0
2910004,0,0,0,0,0,0,1,1,1,0
2910005,0,0,0,1,0,0,1,0,1,0
2910006,0,1,1,1,0,0,1,1,1,0
2910007,0,0,0,0,0,0,1,1,1,0
2910008,0,0,1,0,0,0,1,1,1,0
2910009,0,0,0,0,0,0,0,1,1,1
2910010,0,0,0,1,0,0,1,1,1,0
2910011,0,0,0,1,0,0,1,1,0,1
2910012,0,,0,0,0,0,0,1,1,0
2910013,0,0,0,0,0,0,0,1,1,0
2910014,0,0,0,0,0,0,0,1,1,0
2910015,0,0,0,1,0,0,1,1,1,0
2910016,0,0,0,0,0,0,0,1,1,0
2910017,0,0,0,0,0,0,0,1,1,0
2910018,0,0,0,1,0,0,1,1,1,0
2910019,0,0,0,0,0,0,0,1,1,0
2910020,0,0,0,0,0,0,1,1,1,0
2910021,0,0,0,0,0,0,1,1,1,0
2910022,0,1,0,0,0,0,1,1,1,0
2910023,0,0,0,0,0,0,1,1,1,0
2910024,0,0,1,0,0,0,1,1,1,0
2910025,0,1,0,0,0,0,1,1,1,0
2910026,0,,0,0,0,0,1,1,1,0
2910027,0,0,0,0,0,0,1,1,1,0
2910028,0,0,0,0,0,0,1,1,1,0
2910029,0,0,1,1,1,0,0,1,1,0
2910030,0,0,0,0,0,0,1,1,1,0
2910031,0,0,0,1,0,0,1,1,1,0
2910032,0,0,1,1,0,0,1,1,1,0
2910033,1,0,0,0,0,0,1,1,1,0
2910034,0,0,1,0,0,0,1,1,1,0
2910035,0,0,0,0,0,0,1,1,1,0
2920001,0,0,0,0,0,0,0,1,1,0
2920002,0,0,0,1,1,0,1,1,1,0
2920003,0,0,0,0,0,0,0,1,1,0
2920004,0,0,0,0,0,0,0,1,1,0
2920005,0,0,0,1,1,0,0,1,1,0
2920006,0,0,0,0,0,0,0,1,1,0
2920007,0,1,0,1,1,0,1,1,1,0
2920008,0,0,1,1,1,0,1,1,1,1
2920009,0,1,1,0,0,0,0,1,1,0
2920010,0,0,0,0,1,0,1,1,1,1
2920011,0,0,0,0,1,0,1,1,1,1
2920012,0,1,0,0,0,0,0,1,1,0
2920013,0,1,0,1,1,0,1,1,1,0
2920014,0,1,0,0,1,0,1,1,1,1
2920015,0,1,0,1,1,0,1,1,1,0
2920016,0,1,0,1,1,0,1,1,1,1
2920017,0,1,1,1,0,0,0,1,0,0
2920018,0,1,1,1,1,0,0,1,1,1
2920019,0,0,0,1,1,0,0,1,1,1
2920020,0,0,1,0,0,0,0,1,1,0
2920021,0,1,0,0,0,0,0,1,1,0
2920022,0,0,0,0,0,0,1,1,1,0
2920023,0,0,0,1,0,0,0,1,1,0
2920024,0,1,0,0,0,0,0,0,0,0
2920025,0,0,0,1,1,0,1,1,1,1
2920026,0,,0,0,1,0,0,1,1,0
2920027,0,0,1,0,1,0,0,1,1,1
2920028,1,1,0,0,0,0,0,0,1,0
2920029,0,0,0,0,1,0,0,1,1,0
2920030,0,0,0,1,0,0,0,1,1,0
2920031,0,0,0,1,0,0,0,1,1,0
2920032,0,0,0,1,0,0,0,1,1,0
2920033,0,0,1,1,0,0,0,1,1,0
2920034,0,0,0,0,0,0,0,1,1,0
2920035,0,0,0,1,0,0,0,1,1,0
2930001,0,0,1,0,0,0,0,1,0,0
2930002,0,0,0,0,0,0,0,0,1,0
2930003,0,0,0,0,0,0,1,1,1,0
2930004,0,0,0,0,0,0,1,1,1,0
2930005,0,1,1,0,0,0,0,1,1,0
2930006,0,1,0,0,0,0,1,1,1,0
2930007,0,0,0,0,0,0,0,1,1,0
2930008,0,0,1,1,1,0,1,1,1,1
2930009,0,0,0,1,1,0,1,1,1,1
2930010,0,0,0,1,1,0,1,1,1,0
2930011,0,0,0,0,0,0,0,0,1,0
2930012,0,0,0,0,0,0,1,1,1,0
2930013,0,0,0,1,1,0,1,1,1,0
2930014,0,1,1,1,1,0,1,1,1,0
2930015,0,0,0,1,1,0,1,1,1,0
2930016,0,1,1,0,1,0,1,1,1,0
2930017,0,0,1,1,1,0,1,1,1,0
2930018,0,1,1,1,1,0,1,1,1,1
2930019,0,0,1,0,1,1,1,1,1,0
2930020,0,0,1,1,1,0,1,1,1,0
2930021,0,1,1,0,1,0,1,1,1,0
2930022,0,1,1,0,1,0,1,1,1,0
2930023,0,1,1,0,1,1,0,1,1,1
2930024,0,0,1,0,1,0,0,1,1,0
2930025,0,1,0,1,1,0,1,1,1,0
2930026,1,0,1,0,1,0,1,1,0,0
2930027,0,1,1,1,1,0,1,1,1,0
2930028,0,0,0,1,0,0,0,1,1,0
2930029,0,0,1,1,0,0,0,1,1,0
2930030,0,0,0,1,0,0,1,1,1,0
2930031,0,0,0,1,0,1,0,1,1,0
2930032,0,0,0,1,0,1,0,1,1,0
2930033,0,0,0,1,0,0,1,1,1,0
2930034,0,0,0,0,0,0,0,1,1,0
2930035,0,0,1,0,0,1,1,0,1,0
2940001,0,0,1,0,1,1,1,1,1,0
2940002,0,0,1,0,1,1,1,1,1,0
2940003,0,0,1,1,1,1,1,1,1,0
2940004,0,0,1,1,1,1,1,1,1,0
2940005,0,1,1,1,1,1,1,1,1,0
2940006,0,1,1,1,1,0,0,1,1,0
2940007,0,0,0,1,1,0,1,1,1,0
2940008,0,1,0,0,1,0,1,1,1,0
2940009,0,0,0,0,1,0,1,1,1,1
2940010,0,0,1,1,1,1,0,1,1,0
2940011,0,0,0,1,1,1,1,1,1,0
2940012,0,1,1,1,1,1,1,1,1,0
2940013,0,1,1,1,1,1,1,1,1,0
2940014,0,0,1,1,1,1,1,1,1,0
2940015,0,0,1,1,1,1,1,1,1,0
2940016,0,1,1,1,1,1,0,1,1,1
2940017,0,1,0,1,1,1,1,1,1,0
2940018,0,1,0,1,1,1,1,1,1,1
2940019,1,0,1,1,1,1,0,1,1,1
2940020,0,1,1,0,1,0,0,1,1,0
2940021,0,1,0,1,1,1,0,1,1,1
2940022,0,1,0,1,1,0,0,1,1,0
2940023,0,0,0,1,1,0,0,0,1,1
2940024,1,1,0,0,1,1,0,1,1,0
2940025,1,1,0,1,1,1,0,1,1,0
2940026,0,0,0,1,1,1,0,1,1,1
2940027,0,0,1,1,1,0,0,1,1,1
2940028,0,0,1,1,1,0,0,1,1,0
2940029,0,0,1,1,1,0,0,1,1,0
2940030,0,0,0,1,1,1,1,1,0,1
2940031,0,0,1,1,1,0,0,0,1,0
2940032,0,0,1,1,1,0,0,1,1,0
2940033,0,0,0,1,1,0,0,1,1,0
2940034,0,1,0,1,1,0,0,1,1,0
2940035,0,,0,1,1,0,0,1,1,0
2950001,0,0,1,0,1,1,0,1,1,0
2950002,0,0,1,0,0,1,0,1,1,0
2950003,0,0,1,0,0,0,0,1,1,0
2950004,0,1,0,1,0,0,0,1,1,0
2950005,0,0,0,0,1,1,1,1,1,0
2950006,0,1,0,0,0,0,0,1,1,0
2950007,0,,1,0,1,1,0,1,1,0
2950008,0,0,1,0,0,0,0,1,1,0
2950009,0,1,1,0,1,1,1,1,1,0
2950010,0,0,1,0,1,1,1,1,1,0
2950011,0,0,1,0,0,0,0,1,1,0
2950012,0,0,0,0,0,0,0,1,1,0
2950013,,0,1,0,1,0,1,1,1,1
2950014,0,0,1,1,1,0,1,1,1,0
2950015,0,0,1,1,1,1,1,1,1,0
2950016,0,1,1,1,1,0,1,1,1,0
2950017,0,0,0,0,1,0,0,1,1,0
2950018,0,0,1,1,1,0,1,1,1,0
2950019,0,0,1,0,0,0,0,1,1,0
2950020,0,0,0,0,0,1,1,1,1,0
2950021,0,1,1,0,1,0,0,1,1,0
2950022,0,1,0,0,0,0,0,1,1,0
2950023,0,0,0,0,0,0,0,1,1,0
2950024,0,1,1,0,1,0,0,1,1,0
2950025,0,0,1,0,0,0,0,1,1,0
2950026,0,1,1,0,1,1,1,1,1,0
2950027,0,0,0,0,1,1,0,1,1,0
2950028,0,1,0,0,0,0,0,1,1,0
2950029,0,1,0,1,0,0,0,1,1,0
2950030,0,0,0,1,1,0,0,1,1,0
2950031,0,0,1,1,1,1,0,1,1,1
2950032,0,1,0,1,1,1,0,1,1,0
2950033,0,0,0,0,0,0,0,0,1,0
2950034,0,1,0,1,0,0,0,1,1,0
2950035,0,0,0,0,0,0,0,1,1,0
2950036,0,0,0,1,1,0,1,1,1,0
2960001,0,0,1,1,1,1,1,1,1,0
2960002,0,1,0,0,1,1,1,1,1,0
2960003,0,0,0,0,1,0,0,1,1,0
2960004,0,1,0,1,1,0,0,1,1,0
2960005,0,1,0,1,1,0,0,1,1,1
2960006,0,0,0,0,1,0,1,1,1,0
2960007,0,0,0,1,1,0,1,1,1,1
2960008,0,0,0,0,1,1,1,1,1,1
2960009,0,0,1,1,1,0,1,1,1,1
2960010,0,0,0,1,1,1,1,1,1,0
2960011,0,0,1,0,1,1,1,1,1,0
2960012,0,1,1,0,1,1,1,1,1,0
2960013,0,0,1,1,1,0,0,1,1,0
2960014,0,1,0,1,1,0,0,1,1,1
2960015,0,0,1,1,1,0,0,1,1,1
2960016,0,0,0,1,1,1,1,1,1,1
2960017,0,,1,1,1,0,0,1,1,0
2960018,0,1,0,1,1,0,0,1,1,0
2960019,0,0,1,1,1,0,0,1,1,0
2960020,0,0,0,1,1,0,0,1,1,0
2960021,0,0,1,1,1,0,1,1,1,1
2960022,0,1,0,1,1,0,1,1,1,0
2960023,0,0,0,1,1,1,0,1,1,0
2960024,0,0,1,0,1,0,1,1,1,0
2960025,0,0,0,1,1,0,0,1,1,0
2960026,0,1,1,0,1,1,1,1,1,0
2960027,0,0,0,1,1,1,0,1,1,0
2960028,0,0,1,1,1,1,1,1,1,1
2960029,0,0,0,0,1,1,1,1,1,0
2960030,0,0,0,1,1,1,1,1,1,1
2960031,0,0,1,1,1,1,1,1,1,0
2960032,0,1,0,1,1,1,1,1,1,1
2960033,0,0,0,1,1,1,0,1,1,0
2960034,0,0,0,1,1,1,1,1,1,1
2960035,0,0,1,1,1,1,1,1,1,0
2970001,0,0,0,1,1,0,1,1,1,1
2970002,0,0,0,1,1,0,1,1,1,1
2970003,0,0,1,1,1,1,1,1,1,1
2970004,0,1,1,1,1,1,1,1,1,1
2970005,0,0,1,1,1,1,1,1,1,1
2970006,0,0,0,1,1,1,1,1,1,1
2970007,0,0,1,1,1,1,1,1,1,0
2970008,0,1,1,1,1,1,1,1,1,1
2970009,0,0,1,1,1,1,1,1,1,1
2970010,0,1,0,1,1,1,1,1,1,1
2970011,0,0,1,1,1,1,1,1,1,1
2970012,0,0,0,1,1,1,1,1,1,0
2970013,0,1,1,1,1,1,1,1,1,0
2970014,0,1,1,1,1,1,1,1,1,0
2970015,0,0,0,1,1,1,1,1,1,0
2970016,0,0,0,1,1,1,1,1,1,1
2970017,0,0,0,1,1,1,1,1,1,0
2970018,0,0,1,1,1,1,1,1,1,1
2970019,0,1,1,1,1,1,1,1,1,1
2970020,0,1,1,1,1,1,1,1,1,1
2970021,0,0,1,1,1,1,1,1,1,1
2970022,0,0,1,1,1,1,1,1,1,1
2970023,0,0,1,1,1,1,1,1,1,1
2970024,0,0,0,1,1,1,1,1,1,1
2970025,0,0,0,1,1,1,1,1,1,1
2970026,0,0,0,1,1,1,1,1,1,1
2970027,0,0,0,1,1,1,1,1,1,1
2970028,0,0,1,1,1,1,0,1,1,1
2970029,0,1,1,1,1,1,0,1,1,1
2970030,,0,0,1,1,1,0,1,1,1
2970031,0,0,0,1,1,0,0,1,1,1
2970032,,0,1,1,1,0,0,1,1,1
2970033,0,0,0,1,1,0,0,1,1,1
2970034,0,0,0,1,1,1,0,1,1,1
2970035,0,1,0,1,1,0,0,1,1,1
2980001,0,1,0,1,1,1,1,1,1,0
2980002,0,0,0,1,1,1,1,1,1,0
2980003,0,1,0,1,1,1,0,1,1,0
2980004,0,1,0,0,1,1,1,1,1,1
2980005,0,0,0,1,1,1,1,1,1,0
2980006,0,1,0,1,1,1,1,1,1,0
2980007,0,1,0,1,1,1,1,1,1,1
2980008,0,1,0,1,1,1,1,1,1,1
2980009,0,0,0,1,1,1,0,1,1,0
2980010,0,0,0,1,1,1,0,1,1,0
2980011,0,0,0,1,1,1,0,1,1,0
2980012,0,1,0,1,1,1,0,1,1,1
2980013,0,,1,1,1,1,0,1,1,0
2980014,0,1,0,1,1,1,0,1,1,1
2980015,0,1,0,1,1,1,0,1,1,1
2980016,0,1,0,1,1,1,1,1,1,0
2980017,0,0,1,1,1,1,1,1,1,1
2980018,0,0,1,1,1,1,1,1,1,0
2980019,0,1,1,0,1,1,1,1,1,0
2980020,0,0,1,1,1,1,1,1,1,1
2980021,0,0,1,1,1,1,1,1,1,1
2980022,0,0,1,1,1,1,0,1,1,0
2980023,0,1,1,1,1,1,1,1,1,1
2980024,0,1,0,1,1,1,1,1,1,0
2980025,1,1,0,0,1,1,1,1,1,1
2980026,0,1,1,1,1,1,0,1,1,1
2980027,0,0,0,1,1,1,0,1,1,0
2980028,0,0,1,1,1,1,0,1,1,0
2980029,0,0,0,1,1,1,1,1,1,1
2980030,0,1,1,1,1,1,0,1,1,1
2980031,0,,0,1,1,1,0,1,1,1
2980032,0,1,1,1,1,0,0,1,1,0
2980033,0,0,1,1,1,1,0,1,1,0
2980034,0,0,0,1,1,1,1,1,1,1
2980035,0,0,1,1,1,1,1,1,1,1
2990001,0,0,0,1,1,1,1,1,1,0
2990002,0,0,1,0,1,1,1,1,1,0
2990003,0,1,0,1,1,1,1,1,1,0
2990004,0,1,0,0,1,1,1,1,1,0
2990005,0,1,0,1,1,1,1,1,1,0
2990006,0,0,0,0,1,1,1,1,1,1
2990007,0,1,0,1,1,1,1,1,1,1
2990008,0,1,0,1,1,1,1,1,1,0
2990009,1,1,0,0,1,1,1,1,1,0
2990010,0,1,0,1,1,1,1,1,1,0
2990011,0,1,1,1,1,1,1,1,1,1
2990012,0,1,1,1,1,1,1,1,1,0
2990013,0,1,1,1,1,1,1,1,1,1
2990014,0,0,0,1,1,1,1,1,1,1
2990015,0,1,1,1,1,1,1,1,1,1
2990016,0,1,0,1,1,1,1,1,1,1
2990017,0,0,1,1,1,1,1,1,1,1
2990018,0,0,1,1,1,1,1,1,1,1
2990019,0,1,1,1,1,1,1,1,1,1
2990020,0,1,1,1,1,1,1,1,1,1
2990021,0,0,0,1,1,1,1,1,1,1
2990022,0,0,0,1,1,1,1,1,1,0
2990023,0,0,1,1,1,1,1,1,1,1
2990024,0,1,0,0,0,0,0,1,1,0
2990025,0,0,0,1,1,1,0,1,1,0
2990026,0,0,0,1,1,1,0,1,1,1
2990027,0,0,0,0,1,0,0,0,0,0
2990028,0,1,0,0,1,1,1,1,1,1
2990029,0,0,0,1,1,1,1,1,1,1
2990030,0,1,0,0,1,1,1,1,1,0
2990031,0,1,0,1,0,0,0,1,1,0
2990032,0,0,1,1,0,0,0,0,1,0
2990033,0,0,0,0,0,0,0,1,1,0
2990034,0,,0,1,0,0,0,0,1,0
2990035,0,0,0,1,1,0,1,1,1,1
3000001,0,0,1,1,1,1,1,1,1,0
3000002,0,1,1,1,1,1,1,1,1,0
3000003,1,1,0,1,1,1,1,1,1,0
3000004,0,0,1,1,1,1,1,1,1,0
3000005,0,0,0,1,1,1,1,1,1,0
3000006,0,1,0,1,1,1,1,1,1,0
3000007,0,0,0,1,1,1,1,1,1,0
3000008,0,0,1,1,1,1,1,1,1,1
3000009,0,0,1,1,1,1,1,1,1,0
3000010,0,0,1,1,1,1,1,1,1,0
3000011,0,0,0,1,1,1,1,1,1,0
3000012,0,0,1,1,1,1,1,1,1,0
3000013,0,1,1,1,1,1,1,1,1,0
3000014,0,0,1,1,1,1,1,1,1,0
3000015,0,0,1,1,1,1,1,1,1,1
3000016,0,0,0,1,1,1,1,1,1,0
3000017,0,0,1,1,1,1,1,1,1,0
3000018,0,0,1,1,1,1,1,1,1,0
3000019,0,0,1,1,1,1,1,1,1,1
3000020,0,0,0,1,1,1,1,1,1,1
3000021,0,1,1,1,1,1,1,1,1,1
3000022,0,0,1,1,1,1,1,1,1,1
3000023,0,0,0,1,1,1,1,1,1,1
3000024,0,0,0,1,1,1,1,1,1,1
3000025,0,1,0,1,1,1,1,1,1,1
3000026,0,0,0,1,1,1,1,1,1,1
3000027,0,1,0,1,1,1,1,1,1,1
3000028,0,0,1,1,1,1,1,1,1,1
3000029,0,0,1,1,1,1,0,1,1,1
3000030,0,0,1,1,1,1,0,1,1,1
3000031,0,0,1,1,1,1,1,1,1,1
3000032,0,0,1,1,1,1,0,1,1,1
3000033,0,0,0,1,1,1,0,1,1,1
3000034,0,0,1,1,1,1,1,1,1,1
3000035,0,1,0,1,1,0,0,1,1,1
3010001,0,0,1,0,1,1,1,1,1,0
3010002,0,1,0,1,1,1,1,1,1,0
3010003,0,0,0,1,1,1,1,1,1,0
3010004,0,0,0,0,1,1,1,1,1,0
3010005,0,0,0,1,1,0,1,1,1,0
3010006,0,1,0,1,1,0,1,1,1,0
3010007,0,0,0,1,1,0,1,1,1,0
3010008,0,1,1,0,1,0,1,1,1,0
3010009,0,0,0,0,1,0,1,1,1,0
3010010,0,0,0,1,1,0,1,1,1,0
3010011,0,1,1,0,1,1,1,1,1,0
3010012,0,0,0,1,1,1,1,1,1,1
3010013,0,0,0,0,1,1,1,1,1,0
3010014,0,0,0,1,0,1,1,1,1,0
3010015,0,1,0,1,1,1,1,1,1,1
3010016,0,0,0,0,1,1,0,1,1,0
3010017,1,0,0,0,1,1,1,1,1,0
3010018,0,0,0,1,1,1,1,1,1,0
3010019,0,0,0,1,1,0,1,1,1,0
3010020,0,1,1,0,1,0,1,1,1,0
3010021,0,0,0,1,1,0,1,1,1,1
3010022,0,1,0,1,1,0,1,1,1,0
3010023,0,0,0,1,1,0,1,1,1,1
3010024,0,0,1,1,1,0,1,1,1,1
3010025,,0,0,1,1,1,1,1,1,1
3010026,0,1,0,0,1,1,1,1,1,1
3010027,0,1,1,1,1,1,1,1,1,1
3010028,0,0,1,0,1,1,1,1,1,0
3010029,0,0,1,0,1,1,1,1,1,1
3010030,0,0,0,1,1,1,1,1,1,0
3010031,0,0,1,1,1,1,1,1,1,1
3010032,0,1,0,1,1,1,1,1,1,1
3010033,0,0,0,1,1,1,1,1,1,1
3010034,0,1,0,1,1,1,1,1,1,1
3010035,0,0,0,1,1,1,1,1,1,1
3020001,0,1,1,0,1,0,1,1,1,0
3020002,1,0,0,1,1,0,1,1,1,0
3020003,0,0,1,0,1,1,1,1,1,1
3020004,0,0,0,1,1,0,1,1,1,0
3020005,0,0,0,1,1,1,1,1,1,0
3020006,0,0,1,0,1,0,1,1,1,0
3020007,0,0,0,0,1,0,1,1,1,1
3020008,0,1,0,0,1,0,1,1,1,0
3020009,0,1,1,0,1,0,1,1,1,0
3020010,0,0,1,1,1,1,1,1,1,1
3020011,0,0,1,1,1,0,1,1,1,1
3020012,0,0,1,1,1,0,1,1,1,1
3020013,0,0,1,0,1,0,1,1,1,0
3020014,0,1,1,0,1,0,1,1,1,0
3020015,0,1,1,1,1,0,1,1,1,0
3020016,0,0,1,1,1,0,1,1,1,0
3020017,0,0,0,1,1,0,1,1,1,0
3020018,1,0,0,1,1,0,1,1,1,0
3020019,0,0,0,0,1,0,1,1,1,0
3020020,1,1,0,0,1,0,1,1,1,0
3020021,0,0,1,0,1,0,1,1,1,1
3020022,0,1,1,1,1,0,1,1,1,1
3020023,1,0,0,1,1,0,1,1,1,0
3020024,0,0,1,1,1,0,1,1,1,0
3020025,0,0,1,1,1,0,1,1,1,1
3020026,0,1,1,1,1,0,1,1,1,0
3020027,1,1,1,1,1,0,1,1,1,1
3020028,0,0,1,0,1,1,1,1,1,0
3020029,0,0,0,1,1,1,1,1,1,1
3020030,0,0,0,1,1,1,1,1,1,1
3020031,0,,0,1,1,1,1,1,1,1
3020032,0,0,0,1,1,0,1,1,1,1
3020033,0,0,0,1,1,0,1,1,1,1
3020034,0,1,1,0,1,0,1,1,1,0
3020035,0,0,1,1,1,0,1,1,1,1
3020036,0,1,0,1,1,1,1,1,1,1
3030001,0,0,1,1,1,0,1,1,1,0
3030002,0,0,0,1,1,0,1,1,1,0
3030003,0,0,1,1,1,0,1,1,1,0
3030004,0,0,0,1,1,1,1,1,1,0
3030005,0,0,1,0,1,1,1,1,1,1
3030006,0,1,0,1,1,1,1,1,1,0
3030007,0,1,1,1,1,0,1,1,1,1
3030008,0,0,0,1,1,0,1,1,1,1
3030009,0,1,1,0,1,0,1,1,1,0
3030010,0,1,0,1,1,0,1,1,1,1
3030011,0,1,0,1,1,0,1,1,1,0
3030012,0,0,1,1,1,0,1,1,1,0
3030013,0,0,0,1,1,1,1,1,1,1
3030014,0,1,0,1,1,0,1,1,1,0
3030015,0,1,1,1,1,0,1,1,1,0
3030016,0,1,0,1,1,0,1,1,1,1
3030017,0,0,0,0,1,0,1,1,1,0
3030018,0,1,0,1,1,1,1,1,1,1
3030019,0,0,0,1,0,1,0,1,1,0
3030020,0,0,0,0,1,1,0,1,1,0
3030021,0,0,0,0,1,1,1,1,1,1
3030022,0,,1,1,1,0,1,1,1,1
3030023,0,0,0,1,1,1,0,1,1,0
3030024,0,0,1,1,1,1,1,1,1,0
3030025,0,1,1,1,1,1,0,1,1,0
3030026,0,0,0,1,1,1,1,1,1,1
3030027,0,1,0,1,1,1,1,1,1,1
3030028,0,1,1,1,1,1,1,1,1,1
3030029,0,1,0,0,1,1,1,1,1,1
3030030,0,1,1,1,1,1,1,1,1,1
3030031,0,1,1,1,1,1,1,1,1,1
3030032,0,0,0,1,1,1,1,1,1,1
3030033,0,1,0,1,1,1,1,1,1,1
3030034,0,0,1,0,1,1,1,1,1,1
3030035,0,1,0,1,1,1,1,1,1,1
3050001,1,1,0,1,1,1,0,1,1,0
3050002,1,0,0,0,1,1,1,1,1,0
3050003,0,0,0,1,1,0,1,1,1,0
3050004,0,1,0,0,1,0,1,1,1,0
3050005,0,0,0,0,1,0,1,1,1,0
3050006,1,1,1,0,1,0,1,1,1,0
3050007,0,0,1,1,1,0,1,1,1,1
3050008,0,0,1,1,1,1,1,1,1,1
3050009,0,0,0,1,1,1,0,1,1,0
3050010,0,1,0,1,1,1,1,1,1,0
3050011,0,1,0,0,1,1,0,1,1,0
3050012,1,1,0,0,1,1,1,1,1,0
3050013,0,1,0,1,1,1,1,1,1,0
3050014,0,0,0,1,1,0,1,1,1,1
3050015,0,1,0,0,0,1,1,1,1,0
3050016,0,1,0,1,1,1,1,1,1,1
3050017,0,0,0,0,0,1,1,1,1,0
3050018,0,1,1,1,1,0,1,1,1,0
3050019,1,1,1,1,1,0,1,1,1,1
3050020,1,1,0,1,1,0,1,1,1,0
3050021,0,1,1,1,1,0,1,1,1,0
3050022,0,0,0,1,1,0,1,1,1,0
3050023,0,1,0,1,1,0,1,1,1,1
3050024,0,0,0,1,1,0,1,1,1,0
3050025,1,0,1,0,1,0,1,1,1,0
3050026,0,0,0,1,1,0,1,1,1,1
3050027,0,1,1,1,1,1,1,1,1,1
3050028,0,0,1,0,1,1,1,1,1,0
3050029,1,1,1,1,1,1,1,1,1,0
3050030,0,0,0,1,1,1,1,1,1,1
3050031,1,0,1,1,1,1,0,1,1,0
3050032,0,0,0,0,1,1,1,1,1,0
3050033,0,1,0,1,1,1,1,1,1,0
3050034,0,0,0,1,1,1,1,1,1,0
3050035,1,0,1,0,1,1,1,1,1,1
3060001,0,0,0,1,1,1,1,1,0,1
3060002,0,1,0,1,1,1,1,1,1,0
3060003,0,0,0,0,1,1,1,1,1,0
3060004,0,0,1,1,1,1,1,1,1,0
3060005,0,0,0,0,1,1,1,1,1,0
3060006,0,0,0,0,1,0,1,1,1,0
3060007,1,0,0,0,1,1,1,1,1,0
3060008,0,,0,1,1,1,1,1,1,0
3060009,0,0,0,1,1,1,1,1,1,0
3060010,0,0,0,1,0,1,1,1,1,0
3060011,1,0,1,1,1,1,1,1,1,0
3060012,0,0,1,1,1,1,1,1,1,0
3060013,0,0,1,1,1,1,1,1,1,0
3060014,0,1,0,1,0,1,1,1,1,0
3060015,0,0,0,1,0,1,1,1,1,1
3060016,0,0,0,0,0,1,1,1,1,1
3060017,0,0,1,0,0,1,1,1,1,0
3060018,0,0,0,1,1,1,1,1,1,1
3060019,0,1,1,1,1,1,1,1,1,0
3060020,0,1,0,0,1,1,1,1,1,0
3060021,0,0,0,1,1,1,1,1,1,1
3060022,0,1,1,1,1,1,1,1,1,0
3060023,0,1,1,1,1,1,1,1,1,1
3060024,0,0,0,1,1,1,1,1,1,0
3060025,0,1,1,1,1,1,1,1,1,0
3060026,0,0,1,1,1,1,1,1,1,1
3060027,0,1,1,1,1,1,0,1,1,1
3060028,0,0,1,1,1,1,1,1,1,1
3060029,0,0,0,1,1,1,1,1,1,0
3060030,0,0,1,1,1,1,1,1,1,0
3060031,1,1,0,1,1,1,1,1,1,0
3060032,0,0,1,0,1,1,1,1,1,1
3060033,0,0,1,1,1,1,1,1,1,1
3060034,0,0,1,1,1,1,1,1,1,1
3070001,0,0,0,0,1,0,1,1,1,0
3070002,0,0,0,0,1,0,1,1,1,0
3070003,0,0,0,1,1,0,1,1,1,0
3070004,0,1,1,1,1,1,1,1,1,0
3070005,0,0,0,1,1,0,1,1,1,1
3070006,0,0,1,1,1,0,1,1,1,0
3070007,0,0,0,0,1,1,1,1,1,0
3070008,0,1,0,1,0,0,1,1,1,0
3070009,0,1,0,1,1,1,1,1,1,0
3070010,0,0,1,1,0,0,1,1,1,0
3070011,0,0,0,1,1,0,1,1,1,0
3070012,0,0,0,1,1,1,0,1,1,1
3070013,0,0,0,0,1,0,1,1,1,1
3070014,0,1,1,0,1,1,1,1,1,0
3070015,0,0,0,0,1,0,1,1,1,0
3070016,0,1,1,0,1,1,0,1,1,0
3070017,0,1,1,1,1,1,0,1,1,0
3070018,0,1,0,0,1,1,1,1,1,0
3070019,0,1,0,1,1,1,1,1,1,0
3070020,,0,0,1,1,1,1,1,0,1
3070021,0,1,1,1,1,1,1,1,1,1
3070022,0,0,0,1,1,1,1,1,1,1
3070023,0,0,0,1,1,1,1,1,1,1
3070024,0,1,0,0,0,1,1,1,1,0
3070025,0,1,0,1,1,1,1,1,1,0
3070026,1,1,1,1,1,1,1,1,1,0
3070027,0,0,0,1,1,1,1,1,1,1
3070028,0,0,0,1,1,1,1,1,1,1
3070029,0,1,1,1,1,1,1,1,1,1
3070030,0,0,0,1,1,1,1,1,1,1
3070031,1,1,0,1,1,1,0,1,1,0
3070032,0,0,0,1,1,1,1,1,1,1
3070033,1,0,1,1,1,1,1,1,1,1
3070034,0,0,0,1,1,1,1,1,1,1
3070035,0,0,0,1,1,1,1,1,1,1
3110001,1,0,0,0,0,1,0,1,1,0
3110002,0,1,0,0,0,1,0,1,1,0
3110003,1,0,0,0,0,1,0,1,1,0
3110004,0,0,0,0,1,1,0,1,0,1
3110005,0,0,1,1,0,1,0,1,1,0
3110006,0,0,1,0,0,0,1,1,1,0
3110007,0,0,1,1,0,1,0,1,1,0
3110008,0,0,1,1,1,1,1,1,1,0
3110009,0,0,0,1,0,0,1,1,0,0
3110010,0,0,0,1,0,0,1,1,1,0
3110011,0,,0,0,0,0,1,1,1,0
3110012,0,1,1,0,0,0,0,1,0,0
3110013,0,0,1,0,0,0,0,1,0,0
3110014,0,0,1,1,0,0,0,1,1,0
3110015,,0,1,0,0,0,1,0,1,0
3110016,0,0,0,0,1,0,1,1,1,0
3110017,,1,1,0,0,0,1,1,1,0
3110018,1,0,1,,0,0,1,1,1,0
3110019,0,1,0,0,0,0,1,1,0,0
3110020,0,0,0,0,0,0,1,1,1,0
3110021,0,0,1,0,0,0,0,1,1,0
3110022,0,0,0,0,0,0,0,1,1,0
3110023,0,0,0,1,0,1,0,1,1,0
3110024,0,0,0,1,0,1,0,1,0,0
3110025,0,0,0,1,0,0,0,1,1,0
3110028,0,1,0,0,0,0,0,1,1,0
3110029,0,0,0,0,0,0,0,1,0,0
3110030,0,0,1,1,0,0,0,1,1,1
3110031,0,1,0,1,0,0,1,1,1,0
3110032,0,,1,1,1,0,1,1,1,0
3110035,0,,0,1,0,1,0,1,0,0
3120001,0,0,1,1,1,1,1,1,1,0
3120002,0,1,1,1,1,1,1,1,1,1
3120003,0,0,1,1,1,1,1,1,1,1
3120004,0,1,0,1,1,1,1,1,1,0
3120005,0,0,1,1,1,1,1,1,1,0
3120006,0,0,1,1,1,1,1,1,1,1
3120007,0,0,1,1,1,1,1,1,1,1
3120008,0,1,1,1,1,1,1,1,1,0
3120009,0,0,1,1,1,1,1,1,1,1
3120010,0,1,1,1,1,1,1,1,1,1
3120011,0,1,0,0,1,1,1,1,1,0
3120012,0,0,1,1,1,1,1,1,1,0
3120013,0,0,1,1,1,1,1,1,1,1
3120014,0,0,0,1,1,0,1,1,1,0
3120015,0,0,0,1,1,0,1,1,1,1
3120016,0,0,1,1,1,0,1,1,1,0
3120017,0,0,0,1,1,0,1,1,1,0
3120018,0,0,1,1,1,0,1,1,1,0
3120019,0,0,1,1,1,0,1,1,1,0
3120020,0,0,0,1,1,1,1,1,1,1
3120021,0,0,0,1,1,1,1,1,1,1
3120022,0,0,0,1,1,1,1,1,1,1
3120023,0,0,1,1,1,1,1,1,1,1
3120024,0,0,0,1,1,1,1,1,1,1
3120025,0,0,0,1,1,1,1,1,1,1
3120026,0,0,1,1,1,1,1,1,1,1
3120027,0,1,0,1,1,1,1,1,1,1
3120028,0,0,0,1,1,1,1,1,1,1
3120029,0,1,1,1,1,1,1,1,1,1
3120030,0,1,1,1,1,1,1,1,1,1
3120031,0,0,1,1,1,1,1,1,1,1
3120032,0,0,1,1,1,1,1,1,1,1
3120033,,1,0,1,1,1,1,1,1,1
3120034,0,0,0,1,1,1,1,1,1,1
3120035,0,1,0,1,1,1,1,1,1,1
3130001,0,1,1,1,1,1,1,1,1,0
3130002,0,0,1,1,1,1,1,1,1,1
3130003,0,0,1,1,1,1,1,1,1,0
3130004,0,0,1,1,1,1,1,1,1,0
3130005,0,0,1,1,1,1,1,1,1,0
3130006,,0,0,1,1,1,1,1,1,0
3130007,0,0,0,1,1,1,1,1,1,1
3130008,0,0,1,1,1,1,1,1,1,0
3130009,0,0,1,0,1,1,1,1,1,0
3130010,0,0,1,0,1,1,1,1,1,1
3130011,0,0,0,0,1,1,1,1,1,0
3130012,0,0,0,1,1,1,1,1,1,1
3130013,0,0,1,0,1,1,1,1,1,1
3130014,0,0,1,1,1,1,1,1,1,1
3130015,0,0,0,1,1,0,1,1,1,0
3130016,0,0,1,1,1,0,1,1,1,0
3130017,0,0,1,1,1,0,1,1,1,1
3130018,0,0,1,1,1,0,1,1,1,0
3130019,0,1,0,1,1,0,1,1,1,0
3130020,0,1,0,1,1,0,1,1,1,1
3130021,0,0,1,1,1,1,1,1,1,0
3130022,0,0,1,1,1,1,1,1,1,1
3130023,0,0,0,1,1,1,1,1,1,1
3130024,,0,0,1,1,1,1,1,1,1
3130025,0,0,0,1,1,1,1,1,1,1
3130026,0,0,1,1,1,1,1,1,1,1
3130027,0,0,1,1,1,1,1,1,1,1
3130028,0,0,1,1,1,1,1,1,1,1
3130029,0,0,1,1,1,1,1,1,1,1
3130030,0,1,1,1,1,1,1,1,1,1
3130031,0,0,1,1,1,1,1,1,1,1
3130032,0,0,0,1,1,1,1,1,1,1
3130033,0,1,1,1,1,1,1,1,1,1
3130034,0,1,0,1,1,1,1,1,1,1
3130035,,1,0,1,1,1,1,1,1,1
3140001,0,0,1,1,1,1,1,1,1,0
3140002,0,1,1,1,1,1,1,1,1,0
3140003,0,0,1,1,1,1,1,1,1,0
3140004,0,,0,1,1,1,1,1,1,0
3140005,0,0,1,1,1,1,1,1,1,0
3140006,0,1,1,1,1,1,1,1,1,1
3140007,0,0,0,1,1,1,1,1,1,1
3140008,0,1,0,1,1,1,1,1,1,1
3140009,1,0,1,1,1,1,1,1,1,1
3140010,0,0,1,1,1,1,1,1,1,1
3140011,0,1,0,1,1,1,1,1,1,1
3140012,0,0,0,1,1,1,1,1,1,1
3140013,0,,0,1,1,1,1,1,1,1
3140014,0,0,1,1,1,1,1,1,1,1
3140016,0,1,0,1,1,1,1,1,1,0
3140017,0,0,0,1,1,0,1,1,1,1
3140018,0,1,1,1,1,0,1,1,1,1
3140019,0,0,0,1,1,0,1,1,0,1
3140020,0,0,1,1,1,0,1,1,1,1
3140021,0,0,0,1,1,0,1,1,1,0
3140022,0,0,1,1,1,0,1,1,1,1
3140023,0,0,0,1,1,0,1,1,1,1
3140024,0,1,0,1,1,0,1,1,1,1
3140025,0,0,1,1,1,1,1,1,1,1
3140026,0,1,1,1,1,1,1,1,1,1
3140027,0,1,0,1,1,1,1,1,1,1
3140028,0,0,1,1,1,1,1,1,1,1
3140029,0,1,0,1,1,1,1,1,1,1
3140030,0,0,0,1,1,1,1,1,1,1
3140031,0,,1,1,1,1,1,1,1,1
3140032,0,0,1,1,1,0,1,1,1,1
3140033,0,0,1,1,1,1,1,1,1,1
3140034,0,0,0,1,1,1,1,1,1,1
3140035,0,0,0,1,1,1,1,1,1,1
3150001,0,0,1,1,1,1,1,1,1,0
3150002,0,1,0,1,1,1,1,1,1,0
3150003,0,0,0,0,1,1,1,1,1,0
3150004,0,0,0,1,1,1,1,1,1,0
3150005,0,0,1,1,1,1,1,1,1,0
3150006,0,0,0,1,1,1,1,1,1,0
3150007,0,0,1,1,1,1,1,1,1,0
3150008,0,1,1,1,1,1,1,1,1,1
3150009,0,0,1,1,1,1,1,1,1,1
3150010,0,1,0,1,1,1,1,1,1,0
3150011,0,0,1,1,1,1,1,1,1,1
3150012,0,0,0,1,1,1,1,1,1,1
3150013,1,0,0,1,1,1,1,1,1,1
3150014,0,1,0,1,1,1,1,1,1,0
3150015,0,0,0,1,1,0,1,1,1,0
3150016,0,0,1,1,1,0,1,1,1,1
3150017,0,0,1,0,1,0,1,1,1,0
3150018,0,1,1,1,1,0,1,1,1,1
3150019,0,1,1,1,1,0,1,1,1,1
3150020,0,1,1,1,1,0,1,1,1,1
3150021,1,0,1,1,1,0,1,1,1,1
3150022,0,0,1,1,1,1,1,1,1,1
3150023,0,0,1,1,1,1,1,1,1,1
3150024,0,0,0,1,1,1,1,1,1,1
3150025,0,0,1,1,1,1,1,1,1,1
3150026,0,0,0,1,1,1,1,1,1,1
3150027,0,0,1,1,1,1,1,1,1,1
3150028,0,0,1,1,1,1,1,1,1,1
3150029,0,0,1,1,1,1,1,1,1,1
3150030,0,0,1,1,1,1,1,1,1,1
3150031,0,0,1,1,1,1,1,1,1,1
3150032,0,0,1,1,1,1,1,1,1,1
3150033,0,0,0,1,1,1,1,1,1,1
3150034,0,1,0,1,1,1,1,1,1,1
3150035,0,0,0,1,1,1,1,1,1,1
3150036,0,0,1,1,1,1,1,1,1,1
3160001,0,0,0,1,1,1,1,1,1,0
3160002,0,0,1,0,1,1,1,1,1,0
3160003,0,0,0,1,1,1,1,1,1,1
3160004,0,0,0,0,1,1,1,1,1,1
3160005,0,0,0,1,1,1,1,1,1,0
3160006,0,0,1,0,1,1,1,1,1,0
3160007,0,0,1,1,0,1,1,1,1,0
3160008,0,0,1,1,1,1,1,1,1,1
3160009,0,1,0,1,1,1,1,1,1,1
3160010,0,1,0,1,1,1,1,1,1,0
3160011,0,0,0,1,1,1,1,1,1,1
3160012,0,0,0,1,1,1,1,1,1,1
3160013,0,0,0,1,1,1,1,1,1,1
3160014,0,0,1,1,1,1,1,1,1,0
3160015,0,0,1,1,1,0,1,1,1,1
3160016,0,1,1,1,1,0,1,1,1,1
3160017,0,0,1,1,1,0,1,1,1,1
3160018,0,0,0,1,1,0,1,1,1,0
3160019,0,0,0,1,1,0,1,1,1,1
3160020,0,0,1,1,1,0,1,1,1,1
3160021,0,0,1,1,1,0,1,1,1,1
3160022,0,0,1,1,1,1,1,1,1,1
3160023,0,0,1,1,1,1,1,1,1,1
3160024,0,0,0,1,1,1,1,1,1,1
3160025,0,0,1,1,1,1,1,1,1,1
3160026,0,0,0,1,1,1,1,1,1,1
3160028,0,0,1,1,1,1,1,1,1,1
3160029,0,0,1,1,1,1,1,1,1,1
3160030,0,0,1,1,1,1,1,1,1,1
3160031,0,0,1,1,1,1,1,1,1,1
3160032,0,0,0,1,1,1,1,1,1,1
3160033,0,1,0,1,1,1,1,1,1,1
3160034,0,1,0,1,1,1,1,1,1,1
3160035,,0,0,1,1,1,1,1,1,1
3170001,0,0,0,1,1,1,1,1,1,0
3170002,0,0,1,1,1,1,1,1,1,1
3170003,0,1,0,1,1,1,1,1,1,0
3170004,0,0,0,0,1,1,1,1,1,0
3170005,0,1,1,1,1,1,1,1,1,1
3170006,0,0,1,1,1,1,1,1,1,1
3170007,1,1,0,1,1,1,1,1,1,0
3170008,0,0,0,1,1,1,1,1,1,0
3170009,0,,0,1,1,1,1,1,1,0
3170010,0,0,1,1,1,1,1,1,1,1
3170011,0,0,0,1,1,1,1,1,1,1
3170012,,0,1,1,1,1,1,1,1,1
3170013,0,0,1,1,1,1,1,1,1,1
3170014,0,1,0,0,1,1,1,1,1,0
3170015,0,1,0,1,1,0,1,1,1,1
3170016,0,0,1,1,1,0,1,1,1,1
3170017,0,0,1,1,1,0,1,1,1,1
3170018,0,0,1,1,1,0,1,1,1,1
3170019,0,0,1,1,1,0,1,1,1,1
3170020,0,0,0,0,1,0,1,1,1,1
3170021,0,0,1,1,1,0,1,1,1,1
3170022,0,0,1,1,1,1,1,1,1,1
3170023,0,0,1,1,1,1,1,1,1,1
3170024,0,0,0,1,1,1,1,1,1,1
3170025,,1,1,1,1,1,1,1,1,1
3170026,0,0,0,1,1,1,1,1,1,1
3170027,0,0,1,1,1,1,1,1,1,1
3170028,0,0,0,1,1,1,1,1,1,1
3170029,0,0,1,1,1,1,1,1,1,1
3170030,0,1,0,1,1,1,1,1,1,1
3170031,0,0,1,1,1,1,1,1,1,1
3170032,0,1,0,1,1,1,1,1,1,1
3170033,0,0,0,1,1,1,1,1,1,1
3170034,0,0,1,1,1,1,1,1,1,1
3170035,0,0,1,1,1,1,1,1,1,1
3180001,0,0,1,1,1,1,1,1,1,0
3180002,0,0,0,0,1,1,1,1,1,1
3180003,0,0,1,1,1,1,1,1,1,1
3180004,0,1,0,0,1,1,1,1,1,0
3180005,,0,1,1,1,1,1,1,1,1
3180006,0,0,0,0,1,1,1,1,1,0
3180007,0,0,0,1,1,1,1,1,1,1
3180008,0,1,0,1,1,1,1,1,1,1
3180009,0,1,1,1,1,1,1,1,1,0
3180010,0,0,1,1,1,1,1,1,1,1
3180011,0,0,0,1,1,1,1,1,1,1
3180012,0,0,0,1,1,1,1,1,1,0
3180013,0,1,0,1,1,1,1,1,1,1
3180014,0,0,0,1,1,1,1,1,1,1
3180015,0,0,1,1,1,0,1,1,1,1
3180016,0,0,1,1,1,0,1,1,1,0
3180017,0,0,1,1,1,0,1,1,1,1
3180018,0,1,1,1,1,0,1,1,1,1
3180019,0,0,1,1,1,0,1,1,1,1
3180020,0,0,0,1,1,0,1,1,1,1
3180021,0,0,0,1,1,0,1,1,1,0
3180022,0,0,1,1,1,1,1,1,1,1
3180023,0,0,0,1,1,1,1,1,1,0
3180024,0,0,1,1,1,1,1,1,1,1
3180025,0,0,0,1,1,1,1,1,1,1
3180026,0,0,0,1,1,1,1,1,1,1
3180027,0,0,0,1,1,1,1,1,1,1
3180028,0,0,1,1,1,1,1,1,1,1
3180029,0,0,0,1,1,1,1,1,1,1
3180030,0,1,1,1,1,1,1,1,1,1
3180031,0,1,0,1,1,1,1,1,1,1
3180032,0,1,0,1,1,1,1,1,1,1
3180033,0,0,1,1,1,1,1,1,1,1
3180034,0,0,1,1,1,1,1,1,1,1
3180035,,0,1,1,1,1,1,1,1,1
3190001,0,0,1,1,1,1,1,1,1,0
3190002,0,1,0,1,1,1,1,1,1,0
3190003,0,0,1,0,1,1,1,1,1,0
3190004,0,0,1,1,1,1,1,1,1,0
3190005,0,0,1,0,1,1,1,1,1,0
3190006,0,1,0,1,1,1,1,1,1,0
3190007,0,0,1,0,1,1,1,1,1,0
3190008,0,0,0,1,1,1,1,1,1,0
3190009,0,0,0,0,1,1,1,1,1,0
3190010,0,1,0,1,1,1,1,1,1,1
3190011,0,0,0,0,1,1,1,1,1,1
3190012,0,,1,0,1,1,1,1,1,0
3190013,0,0,1,0,1,0,1,1,1,0
3190014,0,1,0,1,1,0,1,1,1,1
3190015,0,1,1,0,1,0,1,1,1,0
3190016,0,1,0,1,1,0,1,1,1,0
3190017,0,0,0,1,1,0,1,1,1,0
3190018,0,1,1,1,1,0,1,1,1,0
3190019,0,0,1,1,1,1,1,1,1,1
3190020,0,0,1,1,1,1,1,1,1,1
3190021,0,0,0,1,1,1,1,1,1,1
3190022,0,1,0,1,1,1,1,1,1,1
3190023,0,0,1,1,1,1,1,1,1,1
3190024,0,1,1,1,1,1,1,1,1,1
3190025,0,0,1,1,1,1,1,1,1,1
3190026,0,0,0,1,1,1,1,1,1,1
3190027,0,0,0,1,1,1,1,1,1,1
3190028,0,0,1,1,1,1,1,1,1,1
3190029,0,0,0,1,1,1,1,1,1,1
3190030,0,1,1,1,1,1,1,1,1,1
3190031,0,0,0,1,1,1,1,1,1,1
3190032,0,1,1,1,1,1,1,1,1,1
3190033,0,0,1,1,1,1,1,1,1,1
3190034,0,0,1,1,1,1,1,1,1,1
3190035,0,0,1,1,1,1,1,1,1,1
3200001,0,0,1,1,1,1,1,1,1,0
3200002,0,0,1,1,1,1,1,1,1,0
3200003,1,1,0,1,1,1,1,1,1,0
3200004,0,0,1,1,1,1,1,1,1,0
3200005,0,0,1,1,1,1,1,1,1,1
3200006,0,0,1,1,1,1,1,1,1,0
3200007,0,0,1,1,1,1,1,1,1,1
3200008,0,0,1,1,1,1,1,1,1,0
3200009,0,1,0,1,1,1,1,1,1,1
3200010,0,1,0,1,1,1,1,1,1,1
3200011,0,1,0,1,1,1,1,1,1,1
3200012,0,1,0,0,1,1,1,1,1,1
3200013,0,0,0,1,1,0,1,1,1,0
3200014,0,1,1,1,1,0,1,1,1,0
3200015,0,0,0,1,1,0,1,1,1,0
3200016,0,0,0,1,1,0,1,1,1,0
3200017,0,0,0,1,1,0,1,1,1,0
3200018,0,0,1,1,1,1,1,1,1,1
3200019,0,0,1,1,1,1,1,1,1,1
3200020,0,0,0,1,1,1,1,1,1,1
3200021,0,0,1,1,1,1,1,1,1,1
3200022,0,0,0,1,1,1,1,1,1,1
3200023,0,1,0,1,1,1,1,1,1,1
3200024,0,0,1,1,1,1,1,1,1,1
3200025,0,0,1,1,1,1,1,1,1,1
3200026,0,0,1,1,1,1,1,1,1,1
3200027,0,0,0,1,1,1,1,1,1,1
3200028,0,0,1,1,1,1,1,1,1,1
3200029,0,0,0,1,1,1,1,1,1,1
3200030,0,0,0,1,1,1,1,1,1,1
3200031,0,0,1,1,1,1,1,1,1,1
3200032,0,0,0,1,1,1,1,1,1,1
3200033,0,0,1,1,1,1,1,1,1,1
3200034,0,0,1,1,1,1,1,1,1,1
3200035,0,0,0,1,1,1,1,1,1,1
3210001,0,0,1,1,1,1,1,1,1,1
3210002,0,1,0,1,1,1,1,1,1,1
3210003,0,0,1,1,1,1,1,1,1,0
3210004,0,1,0,1,1,1,1,1,1,0
3210005,0,0,1,1,1,1,1,1,1,1
3210006,0,0,0,1,1,1,1,1,1,1
3210007,0,0,0,1,1,1,1,1,1,1
3210008,0,0,0,1,1,1,1,1,1,0
3210009,0,0,0,0,1,1,1,1,1,0
3210010,0,0,0,1,1,1,1,1,1,0
3210011,0,0,1,1,1,1,1,1,1,1
3210012,0,0,1,1,1,1,1,1,1,0
3210013,0,1,1,0,1,1,1,1,1,0
3210014,0,1,0,1,1,1,1,1,1,1
3210015,0,0,1,1,1,0,1,1,1,1
3210016,0,0,0,1,1,0,1,1,1,0
3210017,0,1,1,1,1,0,1,1,1,0
3210018,0,1,1,1,1,0,1,1,1,0
3210019,0,0,1,1,1,0,1,1,1,0
3210020,0,0,0,1,1,0,1,1,1,0
3210021,0,0,1,1,1,0,1,1,1,0
3210022,0,0,0,1,1,1,1,1,1,1
3210023,,0,1,1,1,1,1,1,1,1
3210024,0,0,0,1,1,1,1,1,1,1
3210025,0,0,0,1,1,1,1,1,1,1
3210026,0,0,1,1,1,1,1,1,1,1
3210027,0,0,1,1,1,1,1,1,1,1
3210028,0,0,0,1,1,1,1,1,1,1
3210029,0,0,1,1,1,1,1,1,1,1
3210030,0,1,1,0,1,1,1,1,1,1
3210031,0,0,1,1,1,1,1,1,1,1
3210032,0,1,0,1,1,0,1,1,1,1
3210033,0,1,0,1,1,1,1,1,1,1
3210034,0,0,0,1,1,1,1,1,1,1
3210035,0,0,0,1,1,1,1,1,1,1
3220001,0,0,1,1,0,0,1,1,1,0
3220002,0,0,0,0,0,0,0,1,0,0
3220003,0,0,0,0,1,0,0,1,1,0
3220004,0,1,1,1,0,1,0,1,0,0
3220005,0,,1,0,1,1,1,1,1,1
3220006,0,1,0,0,0,0,0,1,1,0
3220007,0,0,0,1,0,0,0,1,1,0
3220009,0,0,1,0,1,0,0,1,1,1
3220010,0,0,1,0,0,0,0,1,1,0
3220011,0,1,0,1,0,0,0,1,1,0
3220012,0,0,0,0,0,1,1,1,1,0
3220013,0,0,1,1,0,0,1,0,1,0
3220014,0,0,1,0,0,0,0,1,1,0
3220015,0,,1,1,1,0,1,1,1,0
3220016,0,0,0,0,0,1,1,1,1,0
3220018,0,1,0,0,0,1,0,1,1,0
3220019,0,0,0,0,0,1,0,1,1,0
3220020,0,0,1,1,0,1,0,1,1,0
3220021,0,0,1,1,1,0,0,1,1,1
3220022,0,0,1,1,1,1,0,1,1,1
3220023,0,,0,0,1,1,0,1,1,0
3220024,0,0,1,0,1,0,0,1,1,0
3220025,0,0,0,0,0,1,0,1,1,0
3220026,0,1,1,1,1,1,0,1,1,0
3220027,0,0,1,1,1,0,0,1,1,0
3220028,0,0,1,1,1,1,0,1,1,1
3220029,0,0,1,1,0,0,0,1,1,0
3220030,0,0,0,0,1,0,0,1,1,0
3220031,0,0,1,1,1,1,0,1,1,1
3220032,0,0,1,1,0,0,0,1,0,0
3220034,0,1,0,0,0,0,0,1,1,0
3220035,0,0,0,1,0,1,0,0,0,0
3230001,0,0,0,0,0,0,1,0,0,0
3230002,0,0,0,0,0,0,1,0,0,0
3230003,0,0,0,0,0,1,0,0,0,0
3230004,0,0,1,0,0,0,0,0,0,0
3230008,0,0,1,0,0,0,0,1,1,0
3230009,0,0,0,1,0,0,0,1,1,0
3230010,0,0,1,0,0,0,0,0,1,0
3230012,0,0,0,1,0,0,1,1,1,0
3230013,0,0,1,1,1,0,1,1,1,0
3230014,0,0,0,0,1,0,0,1,1,0
3230015,0,0,0,1,1,0,1,1,1,1
3230016,0,0,1,0,0,0,0,1,0,0
3230017,0,0,1,0,1,1,0,1,1,1
3230018,0,1,1,0,0,0,0,1,1,0
3230019,0,1,1,1,0,0,0,1,0,0
3230020,0,1,1,1,0,0,0,1,1,0
3230021,0,0,1,0,0,0,1,1,0,0
3230022,0,0,1,1,0,0,0,1,1,1
3230023,0,1,1,1,0,1,0,1,1,0
3230024,0,0,1,0,0,0,0,1,1,0
3230025,0,0,1,1,1,0,0,0,0,0
3230026,0,,0,0,0,0,1,1,0,0
3230027,0,0,1,1,0,0,1,0,0,0
3230028,0,1,1,1,0,0,1,1,1,0
3230029,0,0,0,1,0,0,0,1,1,0
3230030,0,0,0,0,0,0,0,0,1,0
3230031,0,0,1,0,1,0,0,1,1,0
3230032,,0,0,1,0,0,0,1,1,0
3230033,0,0,1,1,1,0,0,1,1,0
3230034,0,0,1,1,0,0,0,0,0,0
3230035,0,0,1,0,1,0,0,0,1,0
3240001,0,0,1,0,0,0,1,1,0,0
3240002,0,0,0,1,0,0,1,1,0,0
3240003,0,0,0,1,0,0,1,1,0,0
3240004,0,1,1,0,0,0,0,1,1,0
3240005,0,0,1,0,0,0,0,1,1,0
3240006,0,0,0,1,1,0,0,1,1,0
3240007,0,0,1,0,0,0,0,1,1,0
3240008,0,1,1,1,0,0,0,0,1,0
3240009,0,0,1,0,0,0,0,0,1,0
3240010,0,,0,0,0,0,0,0,1,0
3240011,0,1,1,0,0,0,0,1,1,0
3240012,0,0,1,1,0,0,0,1,1,0
3240013,0,1,0,0,0,0,0,1,1,0
3240014,0,0,1,1,0,0,0,1,1,0
3240015,0,0,1,1,0,0,0,1,0,0
3240016,0,0,1,1,0,1,0,1,1,0
3240017,0,1,1,1,0,0,0,1,1,0
3240018,0,0,1,1,0,1,0,1,1,0
3240019,0,1,0,1,0,1,0,1,1,0
3240021,0,0,1,1,1,0,0,1,1,0
3240022,0,,1,1,0,1,0,1,0,0
3240023,0,1,1,1,1,0,1,1,1,1
3240024,0,0,1,0,0,0,0,1,0,0
3240025,0,0,0,0,0,0,1,1,1,0
3240026,0,0,0,1,0,0,1,1,0,1
3240027,0,0,1,1,0,0,0,1,0,0
3240028,0,0,0,0,0,0,0,1,1,0
3240029,0,0,0,1,0,0,0,1,1,0
3240030,0,0,0,1,0,0,0,0,0,0
3240031,0,0,1,0,0,1,0,1,1,0
3240033,0,1,1,1,1,0,1,1,1,1
3240034,0,0,1,1,1,0,1,1,1,0
3240035,0,0,0,1,1,0,0,1,1,0
3250001,0,0,1,1,0,0,0,1,0,0
3250003,0,1,0,1,0,0,0,1,1,0
3250004,0,0,1,0,0,0,0,0,1,0
3250005,,,1,1,0,0,0,0,0,0
3250006,0,1,0,0,0,0,0,1,1,0
3250007,0,0,1,1,1,0,1,1,1,1
3250008,0,,0,1,0,0,0,1,1,0
3250009,0,0,1,1,1,0,0,1,1,0
3250010,0,,0,1,0,0,0,1,1,0
3250011,0,0,1,1,0,0,0,1,1,0
3250012,0,0,0,1,0,0,0,1,1,1
3250013,0,0,1,1,1,0,0,1,1,1
3250014,0,0,1,1,1,0,0,1,1,1
3250015,0,0,1,1,0,0,0,1,1,0
3250016,0,0,1,1,0,0,1,1,0,0
3250017,0,0,0,1,0,0,0,1,1,0
3250018,0,0,1,1,1,0,1,1,1,0
3250019,0,,1,1,1,0,0,1,1,1
3250020,0,0,0,1,1,0,1,1,1,1
3250021,0,0,1,1,0,0,0,1,1,0
3250022,0,0,0,,0,0,0,1,0,0
3250023,0,0,0,1,0,1,0,1,1,0
3250024,0,0,0,0,1,1,0,1,1,0
3250025,0,0,1,0,0,0,0,1,0,0
3250027,0,0,0,0,0,0,0,1,1,0
3250028,0,,1,1,0,0,0,0,0,0
3250029,0,1,1,1,0,0,0,1,1,0
3250030,0,0,1,1,0,0,0,1,1,0
3250031,0,0,0,0,0,0,0,1,0,0
3250032,0,0,1,1,0,0,0,1,1,0
3250033,0,0,1,0,0,0,0,1,1,0
3250034,0,0,1,1,0,0,0,1,1,0
3250035,0,0,0,0,0,0,0,1,1,0
3260001,0,0,1,0,0,1,0,0,0,0
3260002,0,0,0,0,0,1,0,0,0,0
3260003,0,1,1,1,0,0,1,1,1,0
3260004,0,0,0,1,0,0,0,1,0,0
3260005,0,0,1,1,0,0,0,0,0,0
3260006,0,0,0,0,0,0,0,0,0,0
3260007,0,0,1,1,0,0,0,1,1,1
3260008,0,0,1,0,0,0,0,1,0,0
3260009,0,0,1,0,0,0,1,1,1,0
3260010,0,0,1,1,0,1,1,1,1,0
3260011,0,0,0,1,0,0,0,1,1,0
3260012,0,1,1,1,0,0,0,0,0,0
3260013,0,0,0,1,0,0,0,1,1,0
3260014,0,0,1,1,0,0,0,0,1,0
3260015,0,0,0,0,0,0,0,0,0,0
3260016,0,0,1,1,0,0,0,1,1,0
3260017,0,0,1,1,0,1,0,1,0,0
3260018,0,0,1,0,0,0,0,0,1,0
3260019,0,0,1,1,0,0,0,1,0,0
3260020,0,0,0,1,1,0,0,1,1,1
3260021,0,0,1,1,0,0,0,1,1,1
3260022,0,0,0,1,1,0,1,1,1,1
3260023,0,0,1,1,0,0,0,0,1,0
3260024,0,0,0,0,0,0,0,0,1,0
3260025,0,0,0,0,0,0,0,1,1,0
3260026,1,0,0,0,0,0,0,1,1,0
3260027,0,,1,1,1,1,0,1,1,0
3260028,0,0,0,0,0,0,0,1,0,0
3260029,,0,0,1,0,1,0,1,0,0
3260030,0,0,0,1,0,1,0,1,1,0
3260031,,1,1,1,0,0,1,1,1,0
3260032,0,0,0,0,0,0,0,1,1,0
3260033,0,0,1,0,0,0,1,1,1,0
3260034,0,0,0,0,0,0,0,1,1,0
3260035,0,1,0,1,0,0,1,1,1,0
3270001,1,1,0,0,1,0,1,1,1,0
3270002,0,0,1,0,0,0,1,1,1,0
3270003,0,1,1,1,1,0,1,1,1,0
3270004,0,,0,1,1,0,1,1,1,0
3270005,0,1,0,0,0,0,0,1,1,0
3270006,0,0,1,0,1,1,0,1,1,0
3270007,0,0,1,1,0,0,0,1,1,0
3270010,0,0,1,1,0,0,0,1,1,0
3270011,0,,0,0,0,0,0,1,0,0
3270012,0,0,0,0,0,0,1,1,1,0
3270013,0,0,0,0,1,0,1,1,1,0
3270014,0,0,0,0,1,0,1,1,1,1
3270015,0,0,1,0,1,0,1,1,1,0
3270016,0,1,1,1,0,0,0,1,0,0
3270017,0,,1,1,0,0,0,1,1,1
3270019,0,0,0,0,0,0,0,1,0,0
3270020,0,,0,1,1,0,0,1,1,0
3270021,0,0,1,1,1,0,0,1,1,1
3270022,0,0,1,1,0,0,0,1,1,0
3270023,0,1,0,1,0,0,1,1,1,0
3270024,0,0,1,0,1,0,0,1,1,0
3270025,0,0,1,1,1,0,0,1,1,0
3270026,0,0,1,1,1,1,0,1,1,1
3270027,0,0,1,1,1,1,0,1,1,1
3270028,0,0,1,1,1,1,1,1,1,1
3270029,0,0,0,1,1,0,1,1,1,1
3270030,0,0,1,0,0,0,0,1,0,0
3270031,0,0,0,1,0,0,0,1,1,0
3270032,0,0,1,1,0,0,1,1,1,0
3270033,0,0,1,1,0,0,1,1,1,0
3270034,0,0,1,1,1,1,1,1,1,0
3270035,0,0,1,1,0,0,0,1,0,0
3280001,0,0,0,0,0,1,0,1,1,0
3280002,0,0,0,0,0,1,0,1,1,0
3280003,,1,0,0,0,1,0,0,0,0
3280004,0,0,1,0,0,1,0,1,1,0
3280005,0,0,1,1,0,1,1,1,1,0
3280006,0,1,0,0,0,1,0,1,1,0
3280007,0,0,0,1,0,1,1,1,1,0
3280008,0,1,0,1,0,1,0,1,1,0
3280009,0,1,0,1,0,0,0,1,1,0
3280010,0,0,0,0,0,1,0,1,1,0
3280011,0,0,1,1,0,0,0,1,1,0
3280012,0,0,1,0,0,1,0,1,1,0
3280013,0,0,1,0,0,1,0,1,1,0
3280014,0,0,0,1,0,0,0,1,1,0
3280015,0,0,0,0,0,0,1,1,0,0
3280016,0,1,1,1,0,0,0,1,1,0
3280017,0,1,0,0,0,0,1,1,1,0
3280018,0,1,0,0,0,0,1,1,1,0
3280019,0,1,1,0,0,0,0,1,1,0
3280020,0,1,0,1,0,0,0,1,1,0
3280021,0,0,1,1,0,0,0,1,0,0
3280022,0,0,0,0,1,0,0,0,1,1
3280023,0,0,0,0,0,1,0,1,1,0
3280024,0,1,0,0,0,0,0,0,1,0
3280025,0,0,1,1,0,0,0,1,1,0
3280026,0,1,0,0,0,0,0,1,1,0
3280027,0,0,0,1,0,0,0,1,1,0
3280028,0,1,1,0,0,0,0,1,1,0
3280029,0,0,1,0,0,0,0,1,0,0
3280030,0,0,0,0,0,0,0,1,0,0
3280031,0,0,1,0,0,0,0,1,0,0
3280032,0,1,0,1,0,0,0,1,0,0
3280033,0,1,0,1,0,0,0,1,0,0
3280034,0,1,0,1,0,0,1,1,1,0
3280035,0,0,1,1,0,0,1,1,1,1
3290001,0,0,1,0,0,1,0,0,1,0
3290002,0,1,0,1,0,1,0,1,1,0
3290003,0,0,0,0,1,1,0,1,1,0
3290004,0,0,1,0,0,1,0,1,1,0
3290005,0,0,1,1,1,1,1,1,1,0
3290006,0,1,0,1,0,1,0,1,1,0
3290007,0,0,0,1,0,1,0,1,1,0
3290008,0,0,1,0,0,1,0,0,0,0
3290009,0,0,0,1,0,1,0,1,1,0
3290010,0,0,1,0,0,1,0,1,1,0
3290011,0,0,0,1,0,1,0,0,0,0
3290012,0,1,0,0,0,1,0,1,1,0
3290013,0,0,1,1,0,1,1,1,1,0
3290014,0,0,0,1,0,0,0,1,0,0
3290015,,0,0,0,0,0,1,1,1,0
3290016,0,1,0,0,0,0,1,1,1,0
3290017,0,0,1,0,0,0,0,1,1,0
3290018,0,0,0,0,0,0,0,1,1,0
3290019,,1,0,1,0,0,0,1,1,0
3290020,0,1,0,0,0,0,1,1,1,0
3290021,,0,1,1,0,0,1,1,1,0
3290022,0,0,0,1,0,0,0,1,1,0
3290023,0,0,0,1,0,0,0,0,1,0
3290024,,0,1,1,0,0,0,1,1,0
3290025,,0,0,1,0,0,0,0,1,0
3290026,0,1,0,1,0,0,0,1,1,0
3290027,0,0,0,1,0,0,0,1,1,0
3290028,0,0,0,1,0,0,0,1,1,0
3290029,0,0,1,1,0,0,0,1,1,1
3290030,0,0,0,1,0,0,0,1,0,0
3290031,0,0,1,1,0,0,0,1,0,0
3290032,0,1,0,1,0,0,0,1,0,0
3290033,0,0,1,1,0,0,0,1,1,0
3290034,,1,0,1,0,0,0,1,0,0
3290035,,0,0,1,0,0,0,1,1,0
3300001,0,1,1,0,0,1,0,0,1,0
3300002,0,0,0,0,0,0,0,1,1,0
3300003,0,1,0,0,0,1,0,0,1,0
3300004,,0,0,0,0,1,0,0,1,0
3300005,0,0,0,0,0,1,0,1,1,0
3300006,,0,1,0,0,1,0,1,1,0
3300007,0,0,0,1,0,1,0,1,1,0
3300008,0,0,1,1,0,1,0,1,1,0
3300009,0,0,1,1,0,1,0,1,1,0
3300010,0,0,0,1,0,1,0,1,1,0
3300011,0,0,1,1,0,0,0,1,1,0
3300012,0,0,0,1,0,1,0,1,0,0
3300013,0,0,0,1,0,1,0,0,0,0
3300014,0,0,0,1,0,1,0,1,1,0
3300015,0,0,1,1,0,0,0,1,0,0
3300016,0,0,1,0,0,0,1,1,1,0
3300017,0,1,1,1,0,0,1,1,1,0
3300018,,0,1,0,1,0,0,1,1,0
3300019,0,1,0,1,1,0,1,1,1,1
3300020,0,0,1,1,0,0,0,1,1,0
3300021,0,0,0,1,0,0,1,1,1,0
3300022,0,0,0,1,0,0,0,1,1,0
3300023,0,1,1,1,0,0,0,1,1,0
3300024,0,0,0,1,0,0,0,1,1,0
3300025,0,0,0,1,0,0,0,1,1,0
3300026,0,0,0,1,0,0,0,1,1,0
3300027,0,0,0,1,0,0,0,1,1,0
3300029,0,0,1,1,1,0,0,1,0,0
3300030,0,0,1,1,0,0,0,1,0,0
3300031,0,1,1,0,0,0,0,1,1,0
3300032,0,0,0,0,0,0,0,1,1,0
3300033,0,1,0,1,0,0,0,1,1,0
3300034,0,0,1,1,0,0,0,1,0,0
3300035,0,1,0,1,0,0,0,1,1,0
3310001,0,0,1,1,0,0,0,1,0,0
3310002,0,0,0,1,0,0,0,0,0,0
3310003,0,0,1,1,0,0,0,0,0,0
3310004,0,1,0,1,0,0,0,0,0,0
3310005,0,0,0,1,0,0,1,0,1,0
3310006,0,0,1,1,0,0,1,1,1,0
3310007,0,0,0,1,0,0,0,0,0,0
3310008,0,0,1,0,0,0,0,1,0,0
3310009,0,0,0,1,0,1,0,1,0,0
3310010,0,1,1,1,0,1,0,1,1,0
3310011,0,0,1,1,0,0,0,1,1,0
3310012,0,0,0,1,0,1,0,1,1,0
3310013,0,0,0,1,0,1,0,1,1,0
3310014,0,0,0,1,0,1,0,1,1,0
3310015,0,0,1,1,0,0,0,1,1,0
3310016,0,0,1,1,0,0,1,1,1,0
3310017,,0,0,0,0,0,0,1,0,0
3310018,0,0,0,0,0,0,1,1,0,0
3310019,0,1,0,1,0,0,0,1,0,0
3310020,0,0,0,0,0,0,1,1,0,0
3310021,0,1,0,0,0,0,0,1,0,0
3310022,0,0,0,0,0,0,0,0,1,0
3310023,0,0,0,1,0,0,0,0,0,0
3310024,0,0,1,1,0,0,0,0,1,0
3310025,0,0,0,0,0,0,1,1,0,0
3310026,0,0,0,1,0,0,0,0,1,0
3310027,0,0,0,1,0,0,0,1,1,0
3310028,0,0,0,1,0,0,0,1,1,0
3310029,0,0,1,1,0,0,0,1,1,0
3310030,0,0,0,0,0,0,0,1,1,0
3310031,0,0,1,0,0,1,0,0,0,0
3310032,0,1,0,0,0,1,1,1,1,0
3310033,0,0,1,0,1,0,0,1,1,0
3310034,0,0,0,0,0,1,0,0,1,0
3310035,0,0,1,1,0,1,0,0,1,0
3310036,0,0,0,1,0,0,0,1,1,0
3320001,0,0,0,1,0,1,0,1,1,0
3320002,0,1,0,1,0,1,0,0,1,0
3320003,0,0,1,1,1,1,0,0,1,0
3320004,0,0,0,0,0,0,1,0,0,0
3320005,0,0,0,0,0,0,0,0,1,0
3320006,0,0,1,0,0,0,0,1,1,0
3320007,0,0,1,1,0,0,0,0,1,0
3320008,0,0,0,1,0,1,0,1,1,0
3320009,0,0,0,1,0,0,0,1,0,0
3320010,,0,1,1,0,0,0,1,1,0
3320011,0,0,1,1,0,0,0,1,1,0
3320012,0,0,0,1,0,0,0,1,0,0
3320013,0,1,0,1,0,1,0,1,1,0
3320014,0,1,0,1,0,0,0,1,1,0
3320015,0,0,0,0,0,0,1,1,0,0
3320016,0,0,1,1,0,0,1,1,0,0
3320017,0,0,0,0,0,0,1,1,0,0
3320018,0,0,0,1,0,0,1,1,1,0
3320019,0,0,0,0,0,0,1,1,0,0
3320020,0,,1,1,0,0,1,1,1,0
3320021,0,0,0,1,0,0,1,1,1,0
3320022,0,0,0,0,0,0,0,1,1,0
3320023,0,0,1,1,0,0,0,1,1,0
3320024,0,0,1,0,0,0,0,1,1,0
3320025,0,0,0,0,0,0,0,0,1,0
3320026,0,0,0,1,0,0,0,0,1,0
3320027,0,0,1,1,0,0,0,0,1,0
3320028,0,0,0,1,0,0,0,0,1,0
3320029,0,0,0,0,0,0,0,1,1,0
3320030,0,0,1,1,0,0,0,0,0,0
3320031,0,0,1,1,0,0,0,0,1,0
3320032,0,0,1,1,0,0,0,0,1,0
3320033,0,0,0,1,0,0,0,0,1,0
3320034,0,1,0,1,0,0,0,0,1,0
3320035,0,0,1,1,0,0,0,0,1,0
3320036,0,1,0,1,0,0,0,0,0,0
3330001,0,1,0,0,0,0,0,0,1,0
3330008,0,0,0,0,0,0,1,1,1,0
3330014,0,0,1,1,0,0,1,0,1,0
3330020,0,0,0,0,0,1,0,1,1,0
3330026,0,0,0,1,0,0,1,0,1,0
3330032,0,0,0,0,0,0,1,0,1,0
3330038,0,0,1,0,0,0,1,0,1,0
3330044,0,0,0,0,0,0,1,0,1,0
3330051,0,0,1,0,0,0,0,0,1,0
3330057,0,0,1,0,0,0,1,1,1,0
3330063,0,0,1,0,0,0,0,0,1,0
3330069,0,0,0,0,0,0,0,0,1,0
3330075,0,0,0,0,0,0,1,0,1,0
3330081,0,0,0,0,0,0,0,0,1,0
3330088,0,0,0,0,0,0,1,0,1,1
3330094,0,0,1,0,0,0,1,0,1,0
3330100,0,0,1,0,0,0,1,0,1,0
3330112,0,1,1,0,0,0,0,0,1,0
3330118,0,0,0,0,0,0,1,0,1,0
3330124,1,1,0,1,0,0,0,0,1,0
3330131,0,0,1,0,0,0,1,0,1,0
3330137,0,0,0,0,0,0,1,0,1,0
3330143,0,1,0,0,0,0,1,0,1,0
3330149,0,0,0,0,0,0,1,0,1,0
3330155,0,0,0,0,0,0,0,0,1,0
3340001,0,0,0,0,0,0,1,0,1,0
3340009,0,0,0,0,0,0,0,0,1,0
3340016,0,0,0,0,0,0,1,0,1,0
3340023,0,0,0,0,0,1,1,0,1,0
3340030,0,0,0,0,0,0,0,0,1,0
3340038,0,0,0,0,0,0,1,1,1,0
3340045,0,0,1,1,0,0,1,1,1,0
3340052,0,0,0,0,0,1,0,0,1,0
3340059,0,0,0,0,0,0,0,0,1,0
3340066,,0,0,0,0,0,1,0,1,0
3340074,0,0,0,0,0,0,0,0,1,0
3340081,0,0,0,0,0,1,1,0,1,0
3340088,0,0,0,0,0,0,1,0,1,0
3340095,0,1,1,0,0,0,0,0,1,0
3340103,0,0,1,0,0,0,0,1,1,0
3340110,0,0,0,0,0,0,1,1,1,0
3340117,1,0,0,0,0,0,0,1,1,0
3340124,0,0,1,0,0,0,1,0,1,0
3340132,0,0,1,0,0,0,1,1,1,0
3340139,0,,0,1,0,0,1,1,1,0
3340146,0,0,0,0,0,0,1,1,1,0
3340153,0,0,0,0,0,0,1,1,1,0
3340160,0,0,1,0,0,0,1,1,1,0
3340168,0,0,0,0,0,0,0,1,1,0
3340175,0,0,1,0,0,0,0,1,1,0
3340182,0,0,0,0,0,0,0,0,1,0
3350004,1,0,1,0,0,0,0,0,1,0
3350009,0,0,0,1,0,0,1,0,1,0
3350013,0,0,0,0,0,0,1,0,1,0
3350018,0,1,0,0,0,0,1,0,1,0
3350022,0,0,0,1,0,0,0,0,1,0
3350027,0,1,0,1,0,0,0,0,1,0
3350031,0,0,0,0,0,0,0,0,1,0
3350035,0,0,0,0,0,0,0,0,1,0
3350040,0,0,0,1,0,0,1,0,1,0
3350044,0,0,0,0,0,0,0,0,1,0
3350049,0,1,0,1,0,0,1,0,1,0
3350053,0,0,0,0,0,0,0,0,1,0
3350057,0,0,0,0,0,0,0,0,1,0
3350062,0,0,1,0,0,0,1,0,1,0
3350066,0,1,0,0,0,1,1,0,1,0
3350071,0,0,1,0,0,0,0,0,1,0
3350080,0,0,0,0,0,0,0,0,1,0
3350084,0,0,0,0,0,0,0,0,1,0
3350088,0,1,1,0,0,0,1,0,1,0
3350093,0,1,0,0,0,0,0,0,1,0
3350097,0,0,0,0,0,0,1,0,1,0
3350102,0,0,1,0,0,0,0,0,1,0
3350106,0,0,1,0,0,0,1,0,1,0
3350111,0,0,0,0,0,0,0,0,1,0
3350115,0,0,0,0,0,0,0,0,1,0
3360007,0,0,0,1,0,1,1,0,1,0
3360016,0,0,1,0,0,0,1,0,1,0
3360024,0,0,0,0,0,0,0,0,1,0
3360032,0,0,0,0,0,0,0,0,1,0
3360041,0,0,0,0,0,0,1,0,1,1
3360049,0,0,0,0,0,0,0,0,1,0
3360057,0,0,0,0,0,0,1,0,1,0
3360066,0,0,0,0,0,0,0,0,1,0
3360074,0,0,0,0,0,0,0,0,1,0
3360082,0,0,0,0,0,0,1,0,1,0
3360090,0,1,0,0,0,0,1,0,1,0
3360099,0,0,0,0,0,0,0,0,1,0
3360107,0,0,0,1,1,0,1,0,1,0
3360115,0,0,0,0,0,0,0,0,1,0
3360124,0,0,1,0,0,0,0,0,1,0
3360132,0,0,0,0,0,0,1,0,1,0
3360140,0,0,0,0,0,0,1,0,1,0
3360149,0,0,0,0,0,0,0,0,1,0
3360157,0,1,1,0,0,0,0,0,1,0
3360165,1,0,0,0,0,0,0,0,1,0
3360174,0,0,1,0,0,0,0,0,1,0
3360182,0,1,0,1,0,0,1,0,1,0
3360190,0,0,0,0,0,0,0,0,1,0
3360198,0,0,0,0,0,0,0,0,1,0
3360207,0,0,0,0,0,0,0,0,1,0
3360215,0,0,0,0,0,0,0,0,1,0
3370006,0,0,1,0,0,0,1,0,1,0
3370015,0,0,1,1,0,0,1,0,1,0
3370024,0,0,0,1,0,0,1,0,1,0
3370034,0,0,0,0,0,0,1,0,1,0
3370043,0,0,1,0,0,0,1,0,1,0
3370052,0,0,1,0,0,0,0,0,1,0
3370061,0,1,0,0,0,0,0,0,1,0
3370070,0,1,0,0,0,0,1,0,1,0
3370079,0,1,0,1,0,0,1,1,1,0
3370088,0,0,0,1,1,0,0,1,1,1
3370097,0,0,0,0,0,0,1,0,1,0
3370106,0,0,0,1,0,0,1,0,1,0
3370115,0,0,0,0,0,0,1,0,1,0
3370124,0,0,0,0,0,0,1,0,1,0
3370133,0,0,0,,0,0,1,0,1,0
3370142,1,0,1,1,0,0,0,0,1,0
3370151,0,0,0,0,0,0,1,0,1,0
3370160,0,0,0,0,0,0,0,0,1,0
3370169,0,0,0,0,0,0,0,0,1,0
3370178,0,0,1,0,0,1,0,0,1,0
3370187,0,0,1,0,0,0,1,0,1,0
3370196,0,0,0,0,0,0,1,0,1,0
3370205,0,1,0,0,0,0,1,0,1,0
3370214,0,0,0,1,0,0,1,0,1,0
3370223,0,1,0,0,1,1,1,0,1,0
3370232,0,0,0,0,0,0,1,0,1,0
3380003,0,0,0,0,1,1,1,0,1,0
3380008,0,1,0,1,1,0,1,0,1,1
3380012,0,1,1,0,0,0,0,0,1,0
3380016,0,0,0,1,1,0,1,0,1,1
3380021,0,0,0,0,1,1,1,0,1,0
3380025,0,0,1,0,1,1,1,0,1,1
3380029,0,0,0,0,0,1,1,0,1,0
3380034,0,0,0,1,1,1,1,0,1,1
3380038,0,0,0,1,0,0,1,0,1,0
3380042,0,0,0,0,0,0,1,0,0,0
3380046,0,0,1,1,1,0,1,0,1,0
3380051,0,0,0,0,0,0,0,0,1,1
3380055,0,0,0,0,0,1,0,0,1,0
3380059,0,0,0,1,1,0,1,0,1,1
3380064,1,0,1,1,0,0,1,1,1,1
3380068,0,0,0,1,1,1,1,0,1,0
3380072,1,0,0,0,0,0,0,0,1,0
3380077,0,1,0,1,1,0,0,0,1,1
3380081,0,0,0,0,0,0,1,0,1,0
3380085,0,0,0,1,1,0,0,0,1,0
3380090,0,0,1,0,1,1,1,0,1,1
3380094,0,1,0,1,1,1,1,0,1,0
3380098,0,0,0,0,0,0,1,0,1,0
3380102,0,0,1,1,0,0,1,0,1,0
3380107,0,0,0,0,0,0,0,0,1,0
3380111,0,0,1,0,0,0,1,0,1,0
3390002,0,1,1,1,0,0,1,0,1,1
3390008,0,0,0,1,0,0,1,0,1,0
3390014,0,0,0,0,0,0,1,0,1,0
3390020,0,1,0,0,0,0,1,0,1,0
3390026,0,0,0,0,0,0,1,0,1,0
3390032,1,1,0,0,0,0,1,0,1,0
3390038,0,0,0,0,0,0,0,0,1,0
3390044,0,0,0,0,0,0,1,0,1,0
3390049,0,0,0,0,0,0,1,0,1,0
3390055,0,0,0,0,0,0,1,0,1,0
3390061,0,0,1,0,0,0,0,0,1,0
3390067,0,0,0,0,0,0,1,0,1,0
3390073,0,0,0,0,0,1,1,0,1,0
3390079,0,1,0,0,0,0,1,0,1,0
3390085,0,1,0,1,0,0,1,0,1,0
3390091,0,1,1,0,0,0,1,0,1,0
3390097,0,0,0,0,0,0,1,0,1,0
3390102,0,0,0,1,0,0,1,0,1,0
3390108,0,0,0,1,0,0,1,0,1,0
3390114,0,0,1,1,0,0,1,0,1,0
3390120,0,1,0,0,0,0,0,0,1,0
3390126,0,0,0,0,0,0,1,0,0,0
3390132,0,0,1,1,0,0,1,0,1,1
3390138,0,0,0,0,0,0,1,0,1,0
3390144,0,0,1,0,0,0,0,0,1,0
3390150,1,1,0,0,0,0,1,0,1,0
3400002,0,1,0,0,0,0,0,0,1,0
3400008,0,1,0,1,0,0,1,0,1,0
3400013,0,0,0,0,0,0,1,0,1,0
3400018,0,1,0,0,0,0,1,0,1,0
3400024,0,1,0,0,0,0,1,0,1,0
3400029,0,0,0,0,0,1,1,0,1,0
3400034,0,0,1,0,0,0,1,0,1,0
3400040,0,1,0,0,0,0,0,0,1,0
3400045,0,1,0,0,0,0,1,0,1,0
3400050,0,0,0,0,0,0,1,0,1,0
3400055,0,0,0,0,0,0,1,0,1,0
3400061,1,1,1,0,0,0,0,0,1,0
3400066,0,0,0,0,0,0,1,0,1,0
3400071,1,0,1,0,0,0,0,0,1,0
3400077,0,0,0,0,0,0,1,0,1,0
3400082,0,0,0,0,0,0,1,0,1,0
3400087,0,0,0,0,0,0,1,0,1,0
3400093,0,0,0,0,0,0,1,0,1,0
3400098,0,0,0,0,0,0,1,0,1,0
3400103,0,0,0,1,0,0,1,1,1,0
3400109,0,1,0,0,0,0,0,0,1,0
3400114,0,0,0,0,0,0,0,0,1,0
3400119,0,0,0,0,0,0,1,0,1,0
3400124,0,0,0,1,0,1,1,0,1,0
3400130,0,1,0,0,0,0,0,0,1,0
3400135,0,0,0,0,0,0,1,0,1,0
3410001,1,0,1,1,0,0,1,0,1,0
3410010,0,0,0,0,0,0,1,1,1,0
3410018,0,0,1,0,0,0,1,0,1,0
3410026,0,1,0,1,1,0,1,0,1,0
3410034,0,0,0,0,0,0,1,0,1,0
3410043,0,0,1,0,0,0,1,0,1,0
3410051,0,1,0,0,0,0,1,0,1,0
3410059,0,1,1,0,0,0,0,0,1,0
3410068,0,1,1,0,0,0,0,0,1,0
3410076,0,0,1,0,0,0,1,0,1,0
3410084,0,0,0,0,0,0,1,0,1,0
3410092,0,0,0,,1,0,1,0,1,0
3410101,0,0,1,0,0,0,0,0,1,0
3410109,0,0,1,0,0,0,1,0,1,0
3410117,0,0,0,0,0,0,1,0,1,0
3410125,0,0,0,0,0,0,1,0,1,0
3410134,1,0,0,1,0,0,1,0,1,0
3410142,0,0,0,0,0,1,1,0,1,0
3410150,0,1,0,0,0,0,1,0,1,0
3410159,0,0,0,1,1,0,1,0,1,0
3410167,0,0,0,0,0,0,0,0,1,0
3410175,0,0,0,1,0,0,1,0,1,0
3410183,1,0,0,0,0,0,1,0,1,0
3410192,0,0,0,0,0,0,1,0,0,0
3410200,0,0,0,0,0,0,1,0,1,0
3410208,0,1,0,1,0,0,1,0,1,0
3420007,0,0,0,0,0,0,0,0,1,0
3420015,0,1,0,0,0,0,0,0,1,0
3420022,0,0,0,0,0,0,1,0,1,0
3420030,0,0,1,0,0,0,1,0,1,0
3420037,0,0,0,0,0,0,0,0,1,0
3420044,0,0,0,0,0,0,1,0,1,0
3420052,0,0,0,0,0,0,1,0,1,0
3420059,0,1,0,0,0,0,1,0,1,0
3420066,0,1,0,0,0,0,1,0,1,0
3420074,0,0,0,0,0,0,1,0,1,0
3420081,0,1,0,0,0,0,1,0,1,0
3420089,0,0,0,0,0,0,1,0,1,0
3420096,0,1,0,0,0,0,0,0,1,0
3420103,0,0,0,1,0,0,1,0,1,0
3420111,0,0,0,0,0,0,0,0,1,0
3420118,0,0,0,0,0,0,1,0,1,0
3420126,1,1,0,0,0,0,1,0,1,0
3420133,0,0,0,0,0,0,1,0,1,0
3420140,0,1,0,0,0,0,0,0,1,0
3420148,0,0,0,0,0,0,1,0,1,0
3420155,0,0,0,0,0,0,1,0,1,0
3420162,0,0,0,1,0,0,1,0,1,0
3420170,0,0,1,0,0,0,0,0,1,0
3420177,1,0,0,0,0,0,1,0,1,0
3420185,0,0,0,0,0,0,1,0,1,0
3420192,0,1,0,0,0,0,0,0,1,0
3430004,0,0,0,0,0,0,1,0,1,0
3430009,0,0,0,0,0,0,1,0,1,0
3430013,0,0,0,0,0,0,0,0,1,0
3430018,0,0,0,0,0,0,1,0,1,0
3430023,0,0,0,0,0,0,1,0,1,0
3430027,0,0,0,0,0,0,1,0,1,0
3430032,0,0,0,0,0,0,1,0,1,0
3430036,0,1,0,0,0,0,1,0,1,0
3430041,0,0,0,0,0,0,0,0,1,0
3430045,0,0,0,0,0,0,1,0,1,0
3430050,0,0,0,0,0,0,1,0,1,0
3430054,0,0,0,0,0,0,1,0,1,0
3430059,0,0,0,0,0,0,0,0,0,0
3430063,0,0,0,0,0,0,1,0,1,0
3430068,0,1,0,0,0,0,1,0,1,0
3430072,0,1,0,0,0,0,1,0,1,0
3430077,0,0,0,0,0,0,0,0,0,0
3430082,0,0,0,0,0,0,0,0,0,0
3430086,0,1,0,0,0,0,0,0,1,0
3430091,0,0,0,0,0,0,0,0,0,0
3430095,0,0,0,0,0,0,0,0,1,0
3430100,0,1,0,0,0,0,0,0,1,0
3430104,0,0,0,1,0,0,0,0,0,1
3430109,0,0,0,0,0,0,0,0,1,0
3430113,0,0,0,1,0,0,0,0,0,1
3430118,0,0,0,0,0,0,0,0,1,0
3440003,0,0,0,0,0,0,1,0,1,0
3440008,0,1,0,0,0,1,0,0,1,0
3440012,0,1,0,1,0,0,1,0,1,0
3440016,0,0,1,0,0,0,1,0,1,0
3440020,0,0,0,0,0,0,1,0,1,0
3440025,0,0,1,0,0,0,1,0,1,0
3440029,0,1,0,1,0,0,1,0,1,0
3440033,0,0,0,0,0,0,1,0,1,0
3440037,0,1,0,0,0,0,1,0,1,0
3440041,0,0,0,0,0,0,1,0,1,0
3440046,0,0,1,0,0,0,1,0,1,0
3440050,0,0,0,0,0,0,0,0,1,0
3440054,0,0,0,1,0,0,1,0,1,0
3440058,0,1,0,0,0,0,0,0,1,0
3440063,0,0,0,0,0,0,1,0,1,0
3440067,0,0,0,0,0,0,1,0,1,0
3440071,0,0,0,0,0,0,1,0,1,0
3440075,0,0,0,0,0,0,1,0,1,0
3440080,0,0,0,0,0,0,1,0,1,0
3440084,0,0,0,0,0,0,1,0,1,0
3440088,0,0,0,0,0,0,1,0,1,0
3440092,0,0,0,0,0,0,1,0,1,0
3440096,0,1,0,0,0,0,1,0,1,0
3440101,0,0,0,0,0,0,1,0,1,0
3440105,0,0,0,0,0,0,0,0,1,0
3440109,0,0,0,0,0,0,1,0,1,0
3450003,0,0,0,1,0,0,0,0,1,0
3450009,0,0,0,0,0,0,0,0,1,0
3450014,0,0,0,1,0,0,1,0,1,0
3450019,0,0,0,1,0,0,1,0,1,0
3450024,0,0,0,0,0,0,1,0,1,0
3450029,0,0,1,1,0,0,1,0,1,0
3450034,0,0,1,0,0,0,1,0,1,0
3450039,0,1,0,1,0,0,1,0,1,0
3450045,1,0,0,0,0,0,0,0,1,0
3450050,0,0,0,0,0,0,0,0,1,0
3450055,0,0,0,0,0,0,0,0,1,0
3450060,0,0,1,0,0,0,0,0,1,0
3450065,0,0,0,0,0,0,0,0,1,0
3450070,0,0,0,1,0,0,1,0,1,0
3450076,0,0,1,1,0,0,1,0,1,0
3450081,0,0,0,0,0,0,1,0,1,0
3450086,0,0,0,0,0,0,1,0,1,0
3450091,0,0,0,0,0,0,1,0,1,0
3450096,0,0,0,0,0,0,0,0,1,0
3450101,0,0,0,0,0,0,0,0,1,0
3450106,0,0,0,0,0,0,1,0,1,0
3450112,0,0,0,0,0,0,1,0,1,0
3450117,0,0,0,0,0,0,1,0,1,0
3450122,0,1,1,0,0,0,0,0,1,0
3450127,0,0,0,0,0,0,1,0,1,0
3450132,0,0,0,0,0,0,1,0,1,0
3460002,0,0,0,1,0,0,1,0,1,0
3460007,0,0,0,0,0,0,1,0,1,0
3460011,0,1,1,0,0,0,1,0,1,0
3460015,0,0,0,0,0,0,1,0,1,0
3460019,0,1,0,0,0,0,1,0,1,0
3460023,0,0,0,0,0,0,1,0,1,0
3460028,0,0,0,0,0,0,1,0,1,0
3460032,1,0,0,0,0,0,1,0,1,0
3460036,0,0,1,0,0,0,1,0,1,0
3460040,0,0,0,0,0,0,1,0,1,0
3460044,0,1,0,0,0,0,1,0,1,0
3460049,0,0,0,0,0,0,1,0,1,0
3460053,0,0,0,0,0,0,1,0,1,0
3460057,1,0,0,0,0,0,0,0,1,0
3460061,0,0,0,0,0,0,0,0,1,0
3460065,0,0,0,0,0,0,1,0,1,0
3460069,0,0,0,0,0,0,1,0,1,0
3460074,0,0,0,0,0,0,1,0,1,0
3460078,0,0,0,0,0,0,0,0,1,0
3460082,0,0,0,0,0,0,0,0,1,0
3460086,0,0,0,0,0,0,1,0,1,0
3460090,0,0,0,0,0,0,1,0,1,0
3460095,0,0,1,0,0,0,0,0,1,0
3460099,0,0,0,0,0,0,1,0,1,0
3460103,0,0,0,0,0,0,0,0,1,0
3460107,0,0,0,0,0,0,1,0,1,0
3470002,0,1,0,0,0,0,0,0,1,0
3470008,0,0,0,1,0,0,1,0,1,0
3470013,0,0,0,0,0,0,1,0,1,0
3470018,0,0,0,0,0,0,1,0,1,0
3470024,0,0,0,0,0,0,1,0,1,0
3470029,0,0,0,0,0,0,1,0,1,0
3470034,0,0,0,0,0,0,1,0,1,0
3470040,0,0,0,0,0,0,1,0,1,0
3470045,0,0,0,0,0,0,1,0,0,0
3470051,0,0,0,0,0,0,1,0,1,0
3470056,0,0,0,0,0,0,1,0,1,0
3470061,0,0,0,0,0,0,1,0,1,0
3470067,0,0,0,0,0,0,0,0,1,0
3470072,0,0,0,0,0,0,0,0,1,0
3470077,0,0,0,0,0,0,1,0,1,1
3470083,0,0,0,0,0,0,0,0,1,0
3470088,0,1,0,0,0,0,1,0,1,0
3470093,0,0,0,0,0,0,1,0,0,0
3470099,0,0,0,0,0,0,1,0,1,0
3470104,0,0,0,0,0,0,1,0,0,0
3470109,0,0,0,0,0,0,1,0,1,0
3470115,0,0,0,0,0,0,1,0,0,0
3470120,0,0,0,0,0,0,0,0,1,0
3470125,0,0,0,0,0,0,1,0,1,0
3470131,0,0,0,0,0,0,1,0,0,0
3470136,0,0,0,0,0,0,1,0,1,0
3480001,0,0,0,0,0,0,1,0,1,0
3480005,0,0,0,0,0,0,1,0,1,0
3480009,0,0,0,0,0,0,0,0,1,0
3480014,0,0,0,0,0,0,0,0,1,0
3480018,0,0,0,0,0,0,1,0,1,0
3480022,0,0,0,0,0,0,0,0,1,0
3480026,1,0,0,0,0,0,1,0,1,0
3480030,0,0,0,0,0,0,1,0,0,0
3480034,0,0,0,0,0,0,1,0,1,0
3480038,0,0,0,1,0,0,1,0,1,0
3480042,0,0,0,0,0,0,0,0,1,0
3480046,0,0,0,0,0,0,1,0,1,0
3480050,0,0,0,0,0,0,1,0,1,0
3480054,0,0,0,1,0,0,0,0,1,0
3480058,0,0,0,0,0,0,0,0,1,0
3480062,0,0,0,0,0,0,1,0,1,0
3480066,0,0,0,0,0,0,0,0,1,0
3480070,1,0,0,0,0,0,1,0,1,0
3480074,0,1,1,0,0,0,1,0,1,0
3480078,0,0,0,0,0,0,0,0,1,0
3480082,0,0,0,0,0,0,0,0,1,0
3480086,0,0,0,0,0,0,1,0,1,0
3480090,0,0,0,0,0,0,0,0,1,0
3480094,0,0,0,0,0,0,1,0,1,0
3480098,0,0,1,1,0,0,1,0,1,0
3480102,0,1,0,0,0,0,0,0,1,0
3490001,0,0,0,0,0,0,0,0,1,0
3490008,0,,1,1,0,0,1,0,1,0
3490014,0,0,1,0,0,0,0,0,1,0
3490020,0,0,1,0,0,0,1,0,1,0
3490027,0,0,0,0,0,0,1,0,0,0
3490033,0,0,0,0,0,0,1,0,1,0
3490039,0,0,1,1,0,0,0,0,1,0
3490046,0,0,0,0,0,0,0,0,1,0
3490052,0,0,0,0,0,0,0,0,1,0
3490058,0,0,0,0,0,0,0,0,1,0
3490064,0,0,1,0,1,0,0,1,1,0
3490071,0,0,0,0,0,0,0,0,1,0
3490077,0,0,0,0,0,0,0,0,1,0
3490083,0,0,0,0,0,0,1,0,1,0
3490090,0,0,0,1,0,0,0,0,1,0
3490096,0,0,0,0,0,0,1,0,1,0
3490102,0,0,0,0,0,0,1,0,1,0
3490109,0,0,0,0,0,0,0,0,1,0
3490115,0,0,0,0,0,0,0,0,1,0
3490121,0,0,0,0,0,0,0,0,1,0
3490128,0,0,0,1,0,0,0,0,1,0
3490134,0,1,0,1,0,0,0,0,1,0
3490140,0,1,0,0,0,0,1,0,1,0
3490146,0,0,0,0,0,0,0,0,1,0
3490153,0,0,0,0,0,0,0,0,1,0
3490159,0,0,0,0,0,0,0,0,0,0
3500005,0,0,0,0,0,0,1,0,1,0
3500011,0,0,0,0,0,0,1,1,1,0
3500016,0,0,0,0,0,0,1,0,1,0
3500021,0,0,1,1,0,0,1,1,1,0
3500026,0,0,0,1,0,0,1,0,1,0
3500032,0,1,0,0,0,0,1,0,1,0
3500037,0,0,0,0,0,0,1,0,1,0
3500042,0,0,0,0,0,0,0,1,1,0
3500048,0,0,1,0,0,1,0,0,1,0
3500053,0,0,0,0,0,0,1,0,1,0
3500058,0,,0,0,0,0,0,0,1,0
3500063,0,0,0,0,0,0,1,0,1,0
3500069,0,1,0,1,0,0,0,0,1,1
3500074,0,0,1,0,1,1,1,1,1,0
3500079,0,1,1,0,0,0,1,0,1,0
3500084,0,0,0,0,0,0,0,0,1,0
3500090,0,,0,0,0,0,1,0,1,0
3500095,0,1,0,0,0,0,1,0,1,0
3500106,0,1,0,0,0,0,1,0,1,0
3500111,0,0,1,0,0,0,0,0,1,0
3500116,0,0,0,1,0,0,0,0,1,0
3500121,0,0,0,0,0,0,0,0,1,0
3500127,0,0,0,0,0,0,1,0,1,0
3500132,0,1,0,0,0,0,1,0,1,0
3500137,0,0,1,0,0,0,1,0,1,0
3510005,0,,0,0,0,0,1,0,1,0
3510011,0,0,0,1,0,0,0,0,1,0
3510017,0,,0,0,0,0,1,0,1,0
3510022,0,0,1,1,0,0,1,0,1,1
3510028,0,0,0,0,0,0,0,0,1,0
3510034,0,0,0,0,0,0,0,0,1,0
3510039,0,1,0,0,0,0,1,0,1,0
3510045,0,1,0,0,0,0,1,0,1,0
3510051,0,0,0,0,0,0,0,0,0,0
3510056,0,0,1,0,0,0,0,0,1,0
3510062,0,0,1,1,0,0,0,0,1,0
3510068,0,1,1,1,0,0,1,0,1,0
3510073,0,1,0,1,0,0,0,0,1,0
3510079,0,0,0,0,0,0,1,0,1,0
3510085,0,0,0,0,0,0,0,0,1,0
3510090,0,0,0,1,0,0,1,0,1,0
3510096,0,0,0,0,0,0,0,0,1,0
3510107,0,,0,0,0,0,0,0,1,0
3510113,0,0,0,0,0,0,0,0,0,0
3510124,0,0,0,0,0,0,0,0,1,0
3510130,0,0,0,0,0,0,1,0,1,0
3510135,0,0,0,0,0,0,0,0,1,0
3510141,0,0,0,0,1,0,0,0,1,0
3510147,0,0,0,0,0,0,1,0,0,0
3520004,0,0,0,1,1,0,1,0,1,0
3520010,0,0,0,0,0,0,0,0,1,0
3520015,0,0,1,1,1,0,0,0,1,0
3520021,0,0,0,0,0,0,1,0,1,0
3520027,0,0,1,0,0,0,0,0,1,0
3520032,0,0,0,0,0,0,1,0,1,0
3520038,0,,0,0,0,0,1,0,1,0
3520043,0,0,0,0,0,0,0,0,1,0
3520049,0,0,1,0,0,0,1,0,1,0
3520054,0,0,0,0,0,0,1,0,1,0
3520060,0,0,1,0,0,0,1,0,1,0
3520065,0,0,0,0,0,0,1,0,1,0
3520071,0,1,1,0,0,0,1,0,1,0
3520076,0,0,1,0,0,0,0,0,1,0
3520082,0,0,0,0,0,0,0,0,1,0
3520087,0,1,0,0,0,0,1,0,1,0
3520093,0,0,0,0,0,0,1,0,1,0
3520099,0,0,1,0,0,0,0,0,1,0
3520104,0,0,0,0,0,0,1,0,1,0
3520110,0,0,0,0,0,0,1,0,1,0
3520115,0,0,0,1,1,0,0,0,1,0
3520121,0,0,0,0,0,0,1,0,1,0
3520126,0,0,1,0,1,0,1,0,1,0
3520132,0,0,0,0,0,0,1,0,1,0
3520137,0,0,0,0,0,0,1,0,1,0
3520143,0,1,1,0,1,0,0,0,1,0
3530003,0,0,1,0,0,0,0,0,1,0
3530009,0,0,1,0,0,0,0,0,1,0
3530015,0,0,1,0,0,0,0,0,1,0
3530020,0,1,0,0,0,0,1,0,1,0
3530026,1,0,0,0,0,0,1,0,1,0
3530031,0,0,0,1,0,0,0,0,1,0
3530037,0,0,0,0,0,0,1,0,1,0
3530043,0,0,0,0,0,0,0,0,1,0
3530048,0,1,0,0,0,0,1,0,1,0
3530054,0,1,0,1,0,0,1,0,1,0
3530060,0,0,1,0,1,0,1,0,1,0
3530065,0,0,0,0,0,0,1,0,1,0
3530071,0,0,0,0,0,0,1,0,1,0
3530076,0,0,0,0,0,0,1,0,1,0
3530082,0,0,0,1,1,0,1,0,1,0
3530088,0,0,0,0,0,0,1,0,1,0
3530093,0,0,0,1,0,0,1,0,1,0
3530099,0,0,0,1,0,0,1,0,1,0
3530104,0,0,0,0,1,0,1,0,1,0
3530110,0,0,0,0,1,0,0,0,1,0
3530116,0,1,0,0,0,0,0,0,1,0
3530121,0,0,1,0,0,0,0,0,1,0
3530127,0,1,0,0,0,0,0,0,1,0
3530133,0,0,0,0,0,0,0,0,1,0
3530144,0,0,0,0,0,0,0,0,1,0
3540003,1,1,1,0,0,0,0,0,1,0
3540010,0,1,0,0,0,0,1,0,1,0
3540017,0,0,0,1,0,0,1,0,1,0
3540023,0,0,0,0,0,0,0,0,1,0
3540030,0,0,0,1,0,0,1,0,1,0
3540036,0,0,0,0,0,0,0,0,1,0
3540043,0,0,0,0,0,0,0,0,1,0
3540049,0,0,0,0,0,0,0,0,1,0
3540056,0,0,0,0,0,0,1,0,1,0
3540063,0,0,0,0,0,0,1,0,1,0
3540069,0,0,0,0,0,0,0,0,1,0
3540076,0,0,0,0,0,0,0,0,1,0
3540082,0,0,0,0,0,0,1,0,1,0
3540089,0,0,0,0,0,0,1,0,1,0
3540095,0,0,0,0,0,0,1,0,1,0
3540102,0,0,1,0,0,0,1,0,1,0
3540109,0,0,0,1,0,0,1,0,1,0
3540115,0,0,0,0,0,0,1,0,1,0
3540122,0,0,0,1,0,0,1,0,1,0
3540128,0,0,0,0,0,0,0,0,1,0
3540135,0,0,0,0,0,0,1,0,1,0
3540142,0,0,0,0,0,0,1,0,0,0
3540148,0,0,0,0,0,0,1,0,1,0
3540155,0,1,0,0,0,0,1,0,1,0
3540161,0,1,0,0,0,0,1,0,1,0
3540168,0,1,0,0,0,0,1,0,0,0
3550002,0,0,0,0,0,0,1,0,1,0
3550009,0,0,0,0,0,0,0,0,1,0
3550016,0,0,0,0,0,0,0,0,1,0
3550022,0,0,0,0,0,0,0,0,1,0
3550029,0,0,0,0,0,1,1,0,1,0
3550036,0,0,0,0,0,0,1,0,1,0
3550043,0,0,0,0,1,0,1,0,1,1
3550049,0,0,0,0,0,0,1,0,1,0
3550056,0,0,1,0,0,0,0,0,1,0
3550063,0,0,1,0,0,0,1,0,1,0
3550069,0,0,0,0,0,0,1,0,0,0
3550076,0,1,0,0,0,0,0,0,1,0
3550083,0,0,1,1,0,0,1,0,1,0
3550089,0,0,0,1,0,0,1,0,1,0
3550096,0,0,0,0,0,0,1,0,1,0
3550103,0,1,1,0,0,0,0,0,1,0
3550109,0,0,0,0,0,0,0,0,1,0
3550116,0,0,0,0,0,0,1,0,1,0
3550123,0,,0,,0,0,1,0,1,0
3550130,0,0,0,0,0,0,1,0,1,0
3550136,0,0,1,0,0,0,0,0,1,0
3550143,0,1,0,0,0,0,1,0,1,0
3550150,0,0,0,0,0,0,1,0,1,0
3550156,0,0,0,0,0,0,1,0,1,0
3550163,0,0,0,0,0,0,1,0,1,0
3550170,0,0,1,0,0,0,0,0,1,0
3560001,0,0,1,0,0,0,0,0,1,0
3560007,0,0,1,1,0,0,1,0,1,1
3560013,1,1,0,1,0,1,1,0,1,0
3560019,0,0,0,0,0,0,1,0,1,0
3560025,0,0,0,0,1,0,1,0,1,0
3560030,0,0,0,0,0,0,1,0,1,0
3560036,0,0,0,0,0,0,0,0,1,0
3560042,0,0,0,1,0,0,1,0,1,0
3560048,0,0,0,1,0,0,1,0,1,0
3560054,0,1,0,1,0,0,0,0,1,0
3560059,0,0,0,0,0,0,0,0,1,0
3560065,0,0,1,0,0,0,1,0,1,0
3560071,0,0,0,0,0,0,1,0,1,0
3560077,0,1,1,0,0,0,0,0,1,0
3560083,0,0,0,0,0,0,1,0,1,0
3560089,0,0,0,1,0,0,1,0,1,0
3560094,0,1,0,0,0,0,0,0,1,0
3560100,0,0,0,0,0,0,0,0,1,0
3560106,0,0,0,0,0,0,1,0,1,0
3560112,0,0,0,0,0,0,0,0,1,0
3560118,0,0,0,0,0,0,1,0,1,0
3560123,0,0,0,0,0,0,1,0,1,0
3560129,0,0,0,0,0,0,1,0,1,0
3560135,0,1,0,0,0,0,1,0,1,0
3560141,0,1,1,0,0,0,0,0,1,0
3560147,0,0,0,1,0,0,1,0,1,0
3570001,0,0,0,1,0,0,1,0,1,0
3570006,0,1,0,0,0,0,1,0,1,0
3570011,0,0,1,0,0,0,1,0,1,0
3570016,0,1,0,1,0,0,0,0,1,0
3570020,0,1,1,1,0,0,1,0,1,0
3570025,0,1,0,0,0,0,0,0,1,0
3570030,0,0,0,0,0,0,1,0,0,0
3570035,0,1,0,1,0,0,1,0,1,0
3570040,0,0,0,0,0,0,0,0,1,0
3570044,0,0,1,0,0,0,0,0,1,0
3570049,0,0,0,0,0,1,1,0,1,0
3570054,0,0,0,,1,0,0,0,1,0
3570059,1,0,0,1,0,0,0,0,1,0
3570063,0,1,0,0,1,0,1,0,1,0
3570068,0,0,0,0,1,0,0,0,1,0
3570073,0,1,0,0,0,0,1,0,1,0
3570078,0,1,0,0,0,1,1,0,1,1
3570082,0,1,0,0,0,0,1,0,1,0
3570087,0,0,0,0,0,1,1,0,1,0
3570092,0,0,0,0,1,0,1,0,1,0
3570097,0,0,1,0,0,1,1,0,1,0
3570102,0,0,1,0,0,1,0,0,1,0
3570106,0,1,0,0,0,1,1,0,1,0
3570111,0,0,0,1,1,1,0,1,1,0
3570116,0,0,0,0,1,0,0,0,1,0
3570121,0,0,0,0,1,1,1,0,1,0
3580007,0,0,0,0,0,0,0,0,1,0
3580015,0,0,1,0,0,0,1,0,1,0
3580022,0,0,1,1,1,0,1,1,1,1
3580030,0,0,0,0,0,0,0,0,1,0
3580037,0,0,0,0,0,0,1,0,1,0
3580045,0,0,0,0,0,0,0,0,1,0
3580052,0,0,0,,0,0,1,0,1,1
3580059,0,0,1,0,1,0,0,1,1,0
3580067,0,0,0,0,0,0,1,0,1,0
3580074,1,,1,0,0,0,0,0,1,0
3580082,0,1,0,0,0,0,0,0,1,0
3580089,0,0,1,0,0,0,0,0,1,0
3580096,0,0,0,0,0,0,0,0,1,0
3580104,0,0,0,0,1,0,1,0,1,0
3580111,0,0,0,0,0,0,1,0,1,0
3580119,0,1,0,0,1,0,0,0,1,0
3580126,0,0,0,0,0,0,0,0,1,0
3580134,,,0,0,1,0,1,0,1,0
3580148,0,0,1,0,0,0,1,0,1,0
3580156,0,1,0,0,1,0,0,0,1,0
3580163,0,0,1,0,0,0,0,0,1,0
3580171,0,0,0,0,0,0,0,0,1,0
3580178,0,0,0,0,0,0,1,0,1,0
3580186,0,0,0,0,0,0,0,0,1,0
3580193,0,,1,1,0,0,1,0,1,0
3590007,0,0,0,0,0,0,1,0,1,0
3590016,0,1,1,1,0,0,1,0,1,0
3590025,0,1,0,0,0,0,1,0,1,0
3590033,0,1,1,0,0,0,1,0,1,0
3590042,0,0,0,0,0,0,1,0,1,0
3590051,0,0,1,1,0,0,1,0,1,0
3590059,0,1,0,0,0,0,1,0,1,0
3590068,0,0,0,0,0,0,1,0,1,0
3590077,0,0,0,0,0,0,0,0,1,0
3590085,0,0,0,1,0,0,1,0,1,1
3590094,0,0,0,0,0,0,0,0,1,0
3590103,0,0,0,0,0,0,1,0,1,0
3590111,0,0,0,0,0,0,0,0,1,0
3590120,0,0,0,0,0,0,0,0,1,0
3590129,0,0,0,0,0,0,0,0,1,0
3590137,0,1,1,1,0,0,1,0,1,0
3590146,0,0,0,0,0,0,1,1,1,0
3590155,0,0,0,0,0,0,1,0,1,0
3590163,0,1,0,1,0,0,1,0,1,0
3590172,0,0,0,0,0,0,1,0,1,0
3590180,0,0,0,0,0,0,1,0,1,0
3590189,0,0,0,0,0,0,1,0,1,0
3590198,0,0,0,0,0,0,0,0,1,0
3590206,0,1,1,0,0,0,1,0,1,0
3590215,0,0,0,0,0,0,1,0,1,0
3590224,0,1,1,1,0,0,1,0,1,0
3600006,1,0,0,1,1,0,1,0,1,1
3600016,0,0,1,0,0,0,1,0,1,0
3600025,0,0,1,0,0,0,1,0,1,0
3600034,0,0,1,0,0,1,0,0,1,0
3600044,0,0,0,0,0,0,1,0,1,0
3600053,0,0,0,0,0,0,1,0,1,0
3600062,0,0,0,0,1,0,1,0,1,0
3600072,0,0,0,0,0,0,1,0,1,0
3600081,0,1,0,,0,0,1,0,1,0
3600090,0,0,0,1,1,0,0,0,1,0
3600099,0,1,0,0,0,0,0,0,1,0
3600109,0,0,0,0,1,0,0,0,1,0
3600118,0,0,0,1,0,0,1,0,1,0
3600127,0,0,0,0,0,0,0,0,1,0
3600137,0,0,1,0,0,0,0,0,1,0
3600146,0,0,0,0,0,0,1,0,1,1
3600155,0,0,0,1,0,0,1,0,1,0
3600165,0,0,1,0,0,0,1,1,1,0
3600174,0,0,0,1,1,0,1,1,1,0
3600183,0,1,0,0,0,0,1,0,1,0
3600193,0,0,0,0,0,0,1,0,1,0
3600202,,1,0,1,0,0,1,0,1,1
3600211,0,0,0,0,0,0,1,0,1,0
3600220,0,0,0,0,0,0,0,0,1,0
3600230,0,0,0,0,0,0,0,0,1,0
3600239,0,0,1,0,0,0,1,1,1,0
3610003,0,0,0,0,0,0,0,0,1,0
3610009,0,1,0,0,1,0,1,1,1,1
3610015,0,1,0,0,0,1,1,0,1,0
3610020,1,0,0,0,0,0,0,0,1,0
3610026,0,0,0,0,0,0,0,0,1,0
3610031,0,1,0,0,0,0,0,0,1,0
3610037,0,0,0,0,0,0,1,0,1,0
3610043,0,1,1,1,0,0,1,0,1,0
3610048,0,0,1,0,1,0,1,1,1,0
3610054,0,0,0,0,0,0,0,0,0,0
3610060,0,0,0,0,0,0,0,0,1,0
3610065,0,,0,0,0,0,1,0,1,0
3610071,0,0,0,0,0,0,1,0,1,0
3610076,0,1,0,0,0,0,0,0,1,0
3610082,0,0,0,0,0,0,1,0,1,0
3610088,0,0,1,1,0,0,1,0,1,0
3610093,0,1,0,0,0,0,1,0,1,0
3610099,0,0,0,0,0,0,1,0,1,0
3610104,0,0,0,0,0,0,1,1,1,0
3610110,0,0,0,0,0,0,1,0,1,0
3610116,0,0,0,,0,0,1,0,1,0
3610121,0,0,0,,0,0,1,1,1,0
3610127,0,0,0,0,0,0,1,1,1,0
3610133,0,0,0,0,0,0,1,0,1,0
3610138,0,0,0,0,0,0,0,0,1,0
3610144,0,0,0,0,0,0,1,1,1,0
3620003,0,0,0,0,1,0,0,0,1,0
3620009,0,1,0,0,1,0,0,0,1,0
3620015,0,0,0,1,1,0,1,0,1,0
3620021,0,0,0,0,0,0,1,0,1,0
3620027,1,,0,0,1,0,0,0,1,0
3620033,0,1,0,1,0,0,1,0,1,0
3620039,0,0,0,0,1,0,0,0,1,0
3620045,0,1,1,0,0,0,1,0,1,0
3620050,0,0,0,0,0,0,0,0,1,0
3620056,0,0,1,0,1,0,1,0,1,0
3620062,0,0,1,0,0,0,0,0,1,0
3620068,0,0,0,0,0,0,0,0,1,0
3620074,0,0,0,0,0,0,1,0,1,0
3620080,0,0,0,0,1,0,1,0,1,0
3620086,0,1,0,0,0,0,1,0,1,1
3620092,0,0,1,0,1,0,1,1,1,1
3620098,0,0,0,0,0,0,1,0,1,0
3620103,0,0,0,1,0,0,1,0,1,0
3620109,1,1,0,0,0,0,1,0,1,0
3620115,0,1,0,0,0,0,1,0,1,0
3620121,0,,0,0,0,0,1,0,1,0
3620127,0,0,0,0,0,0,1,0,1,0
3620133,0,0,0,,1,0,1,1,1,1
3620139,0,1,0,1,0,0,1,0,1,1
3620145,0,0,0,0,0,0,1,0,1,0
3620151,0,0,1,1,0,0,1,1,1,0
3630002,0,0,1,0,0,0,1,0,1,0
3630008,0,0,0,1,0,0,1,1,1,0
3630014,0,0,0,1,0,0,1,1,1,0
3630020,0,1,0,0,0,0,1,0,1,0
3630025,0,0,0,0,0,1,1,0,1,0
3630031,0,0,0,0,0,0,1,0,1,0
3630037,0,0,0,0,0,0,1,0,1,0
3630043,0,0,0,0,0,0,1,1,1,0
3630049,0,0,1,0,0,0,1,0,1,0
3630054,0,1,0,1,0,0,1,1,1,0
3630060,0,0,1,0,1,0,1,0,1,1
3630066,0,1,0,0,1,0,0,0,1,0
3630072,0,1,0,0,1,0,1,0,1,0
3630077,0,0,0,0,1,0,0,0,1,0
3630083,0,0,0,0,0,0,0,0,1,0
3630089,1,0,0,0,0,0,1,0,1,0
3630095,0,1,0,0,0,1,0,0,1,0
3630100,0,0,0,0,0,0,1,0,1,0
3630106,0,0,1,0,0,0,1,0,1,0
3630112,0,1,0,0,0,0,1,0,1,0
3630118,0,1,1,0,0,0,1,0,1,0
3630124,0,0,0,0,0,0,1,0,1,0
3630129,0,0,0,0,0,0,1,0,1,0
3630135,0,1,1,0,0,0,1,0,1,0
3630141,0,0,0,0,0,0,0,0,1,0
3630147,0,0,0,0,0,0,0,0,1,0
3640001,1,0,1,1,0,0,1,0,1,0
3640007,0,0,0,0,0,0,0,0,1,0
3640012,0,0,0,1,1,0,0,0,1,0
3640018,0,1,1,1,1,0,0,0,1,1
3640023,0,0,0,1,0,0,1,0,1,0
3640029,0,0,0,0,0,0,0,0,1,0
3640034,0,0,0,0,0,0,0,0,1,0
3640040,0,0,1,1,0,0,1,0,1,0
3640045,0,,0,0,0,0,0,0,1,0
3640051,0,0,0,1,0,0,1,0,1,0
3640056,0,1,0,0,0,0,1,0,1,0
3640061,0,1,0,1,1,0,1,0,1,0
3640067,0,1,0,0,0,0,0,0,1,0
3640072,0,0,0,0,0,0,0,0,1,0
3640078,0,0,1,0,0,0,0,0,1,0
3640083,0,0,1,0,0,0,0,0,1,0
3640089,0,0,0,1,0,0,0,0,1,0
3640094,0,0,0,0,0,0,0,0,1,0
3640100,0,0,0,0,0,0,0,0,1,0
3640105,0,0,0,0,0,0,0,0,1,0
3640111,0,0,1,0,0,0,0,0,1,0
3640116,0,0,1,0,0,0,0,0,1,0
3640122,0,0,0,1,0,0,0,0,1,0
3640127,0,1,0,0,0,0,1,0,1,0
3640132,0,0,0,0,0,0,1,0,1,0
3640138,0,1,0,0,0,0,0,0,1,0
3650001,0,0,1,1,1,0,1,0,1,1
3650007,0,0,0,0,0,0,0,0,1,0
3650012,0,0,0,0,0,0,0,0,1,0
3650017,0,0,1,0,0,0,0,0,1,0
3650022,0,0,1,0,0,0,0,0,1,0
3650027,0,0,1,1,0,0,0,0,1,0
3650033,0,0,0,0,0,0,0,0,1,0
3650038,0,1,1,0,0,0,1,0,1,0
3650043,0,0,0,0,0,0,1,0,1,0
3650048,0,1,0,1,0,0,0,0,1,0
3650053,0,0,0,0,0,0,0,0,1,0
3650059,0,,1,1,0,0,0,0,1,0
3650064,0,0,0,0,0,0,0,0,1,0
3650069,0,,1,0,0,0,1,0,1,0
3650074,0,1,0,0,0,0,0,0,0,0
3650079,0,0,0,0,0,0,0,0,1,0
3650084,0,0,0,0,0,0,0,0,1,0
3650090,0,0,0,0,0,0,0,0,0,0
3650095,0,0,0,0,0,0,0,0,1,0
3650100,0,0,0,0,0,0,0,0,1,0
3650105,0,0,0,0,1,0,1,0,1,1
3650110,0,0,1,0,0,0,1,0,1,0
3650116,0,0,0,0,0,0,0,0,1,0
3650121,0,0,1,0,0,0,0,0,1,0
3650126,1,0,0,0,0,0,0,0,0,0
3650131,0,1,0,1,0,0,1,0,1,0
3660006,0,1,0,0,1,0,0,0,1,0
3660012,0,0,0,0,0,0,0,0,0,0
3660019,0,0,0,0,0,0,1,0,1,0
3660025,0,0,0,0,1,0,0,0,1,0
3660031,0,0,0,0,0,0,0,0,1,0
3660037,0,0,1,0,0,0,0,0,1,0
3660043,0,0,1,0,0,0,0,0,1,0
3660049,0,0,0,1,0,0,1,0,1,0
3660055,,0,1,0,0,0,0,0,0,0
3660061,0,1,1,0,0,0,0,0,1,0
3660067,0,0,0,0,0,0,0,0,1,0
3660073,0,0,0,1,0,0,1,0,1,1
3660079,0,,0,0,0,0,0,0,0,0
3660085,0,0,0,0,0,0,0,0,1,0
3660091,0,0,0,0,0,0,0,0,1,0
3660098,0,0,1,0,0,0,0,0,1,0
3660104,0,0,0,0,1,0,1,1,1,0
3660110,0,0,0,0,0,0,0,0,1,0
3660116,0,0,1,1,0,0,0,0,1,0
3660122,0,0,0,1,0,0,1,0,1,0
3660128,0,0,0,0,0,1,1,0,1,0
3660134,0,1,1,0,0,0,0,0,1,0
3660140,0,0,0,0,0,1,1,0,1,0
3660146,0,0,1,0,0,0,0,0,1,0
3660152,0,0,0,0,0,0,0,0,1,0
3660158,0,0,0,1,0,0,0,0,1,0
3670004,0,0,0,0,0,0,0,0,1,0
3670010,0,0,0,0,0,0,1,0,1,0
3670016,0,0,0,1,0,0,0,0,0,0
3670021,0,0,0,1,0,0,1,1,1,0
3670027,0,1,0,0,0,0,1,1,1,0
3670032,0,0,1,1,1,0,1,0,0,0
3670038,0,0,0,0,0,0,1,1,1,0
3670044,0,0,1,0,0,0,0,0,1,0
3670049,0,0,1,0,0,0,1,0,1,0
3670055,0,1,0,0,0,0,1,0,1,0
3670061,0,0,0,0,0,0,0,0,1,0
3670066,0,0,0,1,0,0,0,0,0,0
3670072,0,1,0,0,0,0,1,0,1,0
3670077,0,0,0,1,0,0,0,1,1,0
3670083,0,0,0,0,0,0,0,0,1,0
3670089,0,0,0,0,0,0,1,0,1,0
3670094,0,0,0,1,0,0,1,0,1,0
3670100,0,0,1,0,0,0,1,0,1,0
3670105,0,0,0,0,0,0,1,0,1,0
3670111,0,0,0,0,0,0,1,0,1,0
3670117,0,1,0,0,0,0,1,0,1,0
3670122,0,1,0,0,0,0,1,0,1,0
3670128,0,0,0,0,0,0,1,0,1,0
3670134,0,0,0,0,0,0,1,0,1,0
3670139,0,0,1,1,1,0,1,1,1,0
3670145,0,0,0,1,0,0,1,0,1,0
3680004,0,0,1,0,1,0,0,1,1,0
3680010,0,0,0,1,0,0,1,0,1,0
3680015,1,0,0,0,0,0,1,0,1,0
3680020,0,0,1,0,0,0,0,0,1,0
3680025,0,1,1,1,1,0,1,1,1,0
3680031,0,0,0,0,0,0,0,0,1,0
3680036,0,0,0,0,0,0,0,0,1,0
3680041,0,1,0,1,0,0,1,0,1,0
3680046,0,1,0,1,1,0,0,1,1,0
3680051,0,0,1,0,0,0,0,0,1,0
3680057,0,0,0,0,0,0,0,0,1,0
3680062,0,0,0,0,0,0,0,0,1,0
3680067,0,0,1,0,0,1,1,1,1,0
3680072,0,0,0,1,0,0,1,0,1,0
3680078,1,1,1,0,0,0,1,0,1,0
3680083,0,0,0,1,0,0,0,0,1,0
3680088,0,0,1,1,0,0,1,0,1,1
3680093,1,0,0,0,0,0,1,1,1,0
3680099,0,0,1,0,0,0,0,0,1,0
3680104,0,0,0,0,0,0,0,0,1,0
3680109,0,1,0,0,0,0,1,0,1,0
3680114,0,0,1,0,0,0,1,0,1,0
3680119,0,0,0,1,0,0,1,0,1,0
3680125,0,0,0,0,1,0,1,0,1,0
3680130,0,0,0,0,0,0,1,0,1,0
3680135,0,1,0,0,1,0,0,0,1,0
3690002,0,0,1,0,0,0,0,0,1,0
3690006,0,0,1,0,0,0,0,0,1,0
3690010,0,0,0,0,0,0,1,0,1,0
3690014,0,1,0,0,0,0,0,0,1,0
3690018,0,0,0,0,0,0,1,0,1,0
3690022,0,0,0,0,0,0,0,0,1,0
3690026,0,0,0,0,0,0,1,0,1,0
3690030,0,0,1,0,0,0,1,0,1,0
3690034,0,0,0,0,0,0,0,0,1,0
3690038,0,0,1,0,0,0,0,0,1,0
3690042,0,0,0,0,0,0,1,0,1,0
3690046,0,1,1,0,0,0,1,0,1,0
3690050,0,0,0,0,0,0,0,0,1,0
3690054,0,0,1,0,0,0,1,0,1,0
3690058,0,0,0,0,0,0,0,0,1,0
3690062,1,0,0,0,0,0,1,0,1,0
3690066,0,0,1,0,1,0,0,0,1,0
3690070,0,1,1,0,0,0,0,0,1,0
3690074,0,0,0,0,0,0,0,0,1,0
3690078,0,1,0,0,0,0,0,0,1,0
3690082,1,0,0,0,0,0,0,0,1,0
3690086,0,0,1,1,0,0,1,0,1,0
3690090,0,1,0,0,0,0,1,0,1,0
3690094,0,0,0,0,0,0,0,0,1,0
3690098,0,0,0,0,0,0,0,0,1,0
3690102,0,0,1,1,1,0,1,0,1,0
3700003,1,0,0,1,0,0,1,1,1,0
3700010,1,1,0,0,0,0,0,0,1,0
3700016,0,0,0,0,0,0,1,0,0,0
3700022,0,0,0,0,0,1,0,0,1,0
3700028,0,0,0,0,0,0,0,0,1,0
3700034,0,0,0,0,0,0,0,0,1,0
3700040,0,0,0,0,0,0,1,0,1,0
3700046,0,1,1,0,0,0,1,0,1,0
3700053,0,0,1,0,0,0,1,0,1,0
3700059,0,0,0,0,0,0,1,0,1,0
3700065,0,0,0,0,0,0,0,0,1,0
3700071,0,0,0,1,0,0,0,0,1,0
3700077,0,0,1,1,0,0,0,0,1,0
3700090,0,1,0,0,0,0,1,0,1,0
3700096,0,0,0,0,0,0,1,0,1,0
3700102,0,0,1,1,0,0,1,1,1,1
3700108,0,0,0,0,0,0,1,0,1,0
3700114,0,0,0,0,0,0,1,0,1,0
3700120,0,0,0,0,0,0,1,1,1,0
3700126,0,1,0,0,0,0,1,1,1,0
3700133,0,0,0,0,0,0,0,1,1,0
3700139,0,0,0,0,0,0,1,0,1,0
3700145,0,0,0,0,0,0,1,1,1,0
3700151,,,0,1,0,0,1,1,1,0
3700157,0,0,0,0,0,0,1,1,1,0
3710002,0,1,0,0,0,1,1,0,1,0
3710008,0,0,1,0,0,1,1,1,1,0
3710013,0,0,1,0,0,0,1,0,1,0
3710019,0,0,1,0,0,0,0,1,1,0
3710024,0,0,0,1,0,0,0,0,1,0
3710030,1,0,0,0,0,0,0,0,1,0
3710035,0,0,0,0,0,0,0,0,1,0
3710040,0,0,0,0,0,0,1,1,1,0
3710046,0,0,0,0,0,1,0,0,1,0
3710051,0,,0,0,0,0,1,0,1,0
3710057,0,0,0,0,0,1,1,0,1,0
3710062,0,0,0,0,0,0,0,1,1,0
3710067,0,0,0,0,0,0,1,0,1,0
3710073,0,0,0,0,0,0,0,0,0,0
3710078,0,0,0,0,0,1,1,1,1,0
3710084,0,1,0,0,0,0,1,1,1,0
3710089,0,0,0,0,0,0,1,0,1,0
3710095,0,0,0,0,0,0,1,1,1,0
3710100,0,0,0,0,0,0,0,0,1,0
3710105,0,0,0,0,0,0,1,0,1,0
3710111,0,,0,0,0,0,1,1,1,0
3710116,0,1,0,0,0,1,1,1,1,0
3710122,0,0,0,0,0,0,1,1,0,0
3710127,0,0,0,0,0,0,0,0,1,0
3710133,1,1,0,0,0,0,1,0,1,0
3710138,,,1,0,0,0,1,0,1,0
3720001,0,0,0,0,0,0,0,0,1,0
3720007,0,0,0,1,0,0,0,1,0,0
3720013,0,0,1,0,0,0,0,0,1,0
3720019,,1,0,1,0,0,1,0,1,0
3720024,0,0,1,0,0,0,0,0,1,0
3720030,1,0,0,,0,0,0,0,1,0
3720036,0,0,0,0,0,0,1,0,1,0
3720042,0,0,0,0,1,0,1,1,1,0
3720048,0,0,0,1,0,0,1,0,0,0
3720053,0,0,0,1,0,0,0,0,1,0
3720059,0,0,0,0,0,0,0,0,1,0
3720065,0,0,0,0,0,0,0,0,0,0
3720071,0,0,0,0,0,0,0,0,1,0
3720082,0,1,0,0,0,0,0,0,1,0
3720088,0,0,0,1,0,0,0,0,1,0
3720094,0,1,1,1,0,0,1,0,1,0
3720099,0,1,0,1,0,0,1,0,1,0
3720105,0,0,0,0,0,0,0,0,1,0
3720111,0,1,0,0,0,0,0,0,1,0
3720117,0,0,0,0,0,0,0,0,1,0
3720123,0,0,0,0,0,0,1,0,1,0
3720128,0,0,1,0,0,0,0,0,1,0
3720134,0,,1,1,0,0,0,0,1,0
3720146,0,0,0,0,0,0,1,0,1,1
3730004,0,0,0,1,0,0,1,1,0,0
3730009,0,0,0,0,0,0,1,0,1,0
3730014,0,,0,0,0,0,0,0,1,0
3730018,0,1,0,0,0,0,1,0,1,0
3730023,0,0,0,0,0,0,1,1,1,0
3730027,0,0,1,0,0,0,0,0,1,0
3730032,0,1,0,0,0,0,0,0,1,0
3730037,0,0,0,0,0,0,1,0,1,0
3730041,0,0,0,0,0,0,0,0,1,0
3730046,0,0,0,0,0,0,1,1,1,0
3730051,0,0,0,1,0,0,1,1,1,0
3730055,0,0,0,0,0,0,0,1,1,0
3730060,0,1,0,0,0,0,0,0,1,0
3730064,0,0,0,0,0,0,0,1,1,0
3730069,0,1,0,0,0,0,1,1,1,0
3730074,0,0,0,0,0,0,1,0,1,0
3730078,0,0,0,1,0,0,1,1,1,0
3730083,0,0,0,0,0,0,1,1,1,0
3730087,0,0,0,0,0,0,0,0,1,0
3730092,0,0,0,0,0,0,0,0,1,0
3730101,0,1,0,0,0,0,1,0,1,0
3730106,0,0,0,0,0,0,1,0,1,0
3730111,0,0,0,0,0,0,1,0,1,0
3730115,0,0,1,0,0,0,0,0,1,0
3730120,0,1,0,1,0,0,1,0,1,0
3740005,0,1,0,0,0,1,1,0,1,0
3740011,0,0,0,0,0,0,0,0,1,0
3740017,0,0,0,0,0,1,1,0,1,0
3740023,0,0,0,0,1,0,1,1,1,1
3740029,0,1,0,0,0,1,1,0,1,0
3740041,0,0,1,0,0,0,1,0,1,0
3740047,1,1,0,0,0,0,1,1,1,0
3740052,0,1,0,0,0,0,1,1,1,0
3740058,0,0,1,0,0,0,1,1,1,0
3740064,0,0,0,1,1,0,1,1,1,0
3740070,0,0,0,0,0,0,1,1,1,0
3740076,0,1,1,0,0,0,0,0,1,0
3740082,0,1,0,0,0,0,1,1,1,0
3740088,0,,0,0,0,1,1,0,1,0
3740094,0,0,0,0,0,0,0,0,1,0
3740100,0,0,0,0,0,1,0,0,1,0
3740105,0,0,0,0,0,0,1,1,1,0
3740111,0,0,1,1,0,0,1,1,1,0
3740117,0,0,0,1,0,0,1,0,1,0
3740123,0,0,1,1,0,0,1,1,0,0
3740129,1,0,0,0,0,0,1,0,1,0
3740135,0,0,0,0,0,0,1,0,1,0
3740141,0,1,0,0,0,0,1,0,1,0
3740147,0,1,0,0,0,0,1,0,1,0
3740153,0,1,0,0,0,0,1,1,1,0
3750005,0,0,1,0,0,0,0,0,1,0
3750012,0,1,0,0,0,1,1,0,1,0
3750018,0,0,1,1,0,0,0,1,1,0
3750025,0,1,0,0,0,1,0,0,1,0
3750031,0,1,0,0,0,0,0,1,1,0
3750038,0,0,0,1,0,1,1,0,1,0
3750044,0,1,1,0,0,0,1,1,1,0
3750050,0,0,0,1,0,0,1,1,1,0
3750057,0,0,0,0,0,0,1,0,1,0
3750063,0,1,1,0,0,0,1,1,1,0
3750070,0,1,0,0,0,0,1,1,1,0
3750082,0,0,1,0,0,0,0,1,1,0
3750089,1,1,1,0,0,1,0,0,1,0
3750095,0,1,1,0,0,0,0,1,1,0
3750102,0,0,0,0,0,1,0,0,1,0
3750108,0,1,0,1,0,1,1,1,1,0
3750115,0,0,0,0,1,1,1,0,1,0
3750121,1,0,0,0,0,0,1,1,1,0
3750127,0,0,0,0,0,0,1,0,1,0
3750134,0,0,0,0,0,0,1,0,1,0
3750140,0,1,1,0,0,0,1,1,1,0
3750147,0,0,0,0,0,0,1,1,1,0
3750153,0,1,0,0,0,0,1,1,1,0
3750160,0,0,0,0,0,0,1,1,0,0
3750166,0,0,1,0,0,1,0,0,1,0
3760003,0,0,0,0,0,0,0,0,1,0
3760014,0,1,1,0,0,0,0,0,1,0
3760019,0,0,0,0,0,0,0,0,0,0
3760030,0,0,0,0,0,0,0,0,1,0
3760035,0,0,1,0,0,0,0,0,1,0
3760041,0,,1,0,0,0,0,0,1,0
3760046,0,1,0,1,1,0,0,0,1,0
3760052,1,0,0,1,0,0,1,0,1,1
3760057,0,0,0,0,0,0,0,0,0,1
3760062,0,1,0,0,0,0,1,0,1,0
3760068,0,0,1,0,0,0,0,0,0,0
3760073,0,0,0,0,0,0,1,0,0,1
3760078,0,0,0,0,0,0,0,1,1,0
3760089,0,0,1,1,0,0,0,1,0,0
3760094,0,0,0,0,0,0,0,0,1,0
3760100,0,0,0,0,0,0,0,0,1,0
3760105,0,0,1,0,0,0,1,0,1,0
3760110,0,0,0,0,0,0,0,0,1,0
3760116,0,0,0,1,0,0,0,0,0,1
3760121,0,0,0,0,0,0,0,0,1,0
3760126,0,,0,0,0,0,0,0,1,0
3760132,0,0,0,1,1,0,1,1,0,1
3760137,0,0,0,0,0,0,0,0,1,0
3770003,0,0,0,0,0,0,0,0,1,0
3770010,1,0,1,0,0,0,0,0,1,0
3770024,0,1,1,0,0,0,0,0,1,0
3770031,0,0,1,,0,0,1,0,1,0
3770038,0,0,0,0,0,0,1,0,1,0
3770044,1,1,0,0,0,1,1,0,1,0
3770051,0,0,0,0,0,0,1,0,1,0
3770058,0,1,0,1,0,0,0,0,1,0
3770065,0,0,0,0,0,0,1,0,1,0
3770079,0,0,0,1,0,0,1,0,0,0
3770086,0,0,0,0,0,0,1,0,1,0
3770092,0,0,0,0,0,0,1,1,1,0
3770099,0,0,0,0,0,0,0,0,1,0
3770106,0,0,0,0,0,0,1,1,1,0
3770113,0,0,1,1,0,0,1,0,1,0
3770120,0,1,0,0,0,0,1,1,1,0
3770127,0,0,0,0,0,0,1,0,1,0
3770133,1,0,0,0,0,0,1,0,1,0
3770140,0,0,0,0,0,0,1,0,1,0
3770154,0,0,0,0,0,0,0,0,1,0
3770161,0,1,0,0,0,0,1,0,1,0
3770168,0,0,0,0,0,0,1,0,1,0
3770175,0,0,0,0,0,0,1,0,1,0
3780002,0,0,1,0,0,0,0,0,1,0
3780007,0,1,0,0,0,0,0,0,1,0
3780011,0,0,0,0,0,0,1,0,1,0
3780016,0,0,0,0,0,0,1,1,1,0
3780021,0,0,0,0,0,0,1,0,1,0
3780025,0,0,0,1,1,0,1,1,0,0
3780030,0,0,0,0,0,0,1,1,1,0
3780034,0,0,0,0,0,0,1,1,1,0
3780039,0,0,0,1,0,0,1,0,1,0
3780043,0,0,0,0,0,0,0,0,1,0
3780048,0,0,0,0,0,1,1,0,1,0
3780052,1,0,0,,0,0,1,0,1,0
3780057,0,0,0,0,0,1,0,0,1,0
3780061,0,0,0,0,0,1,1,0,1,0
3780066,1,1,0,0,0,0,0,0,1,0
3780070,0,0,0,1,0,0,1,1,0,0
3780075,0,1,0,0,0,0,1,1,1,0
3780080,1,0,1,1,0,0,1,1,1,0
3780084,0,0,0,0,0,0,0,0,1,0
3780089,0,1,0,0,0,0,1,1,1,0
3780093,0,0,1,1,0,0,1,1,1,1
3780098,0,0,0,0,0,0,1,0,1,0
3780102,0,0,0,0,0,0,1,0,0,0
3780107,1,1,1,0,0,0,1,1,1,0
3780111,0,1,1,0,0,0,0,0,1,0
3790001,0,1,0,0,1,0,1,1,1,0
3790009,0,0,1,0,1,0,1,1,1,0
3790013,0,1,0,0,1,0,1,0,1,0
3790017,0,0,1,0,0,0,1,1,1,1
3790021,0,1,0,0,0,0,0,0,1,0
3790025,0,0,0,0,1,0,1,1,0,0
3790029,0,0,0,1,1,0,1,1,0,0
3790033,0,0,1,1,0,0,1,1,0,0
3790037,0,1,0,1,1,0,1,1,1,0
3790041,0,0,1,1,1,0,1,1,1,0
3790049,0,0,0,0,1,0,1,1,0,0
3790053,0,0,0,0,1,0,1,1,1,0
3790057,0,0,0,0,0,0,1,0,1,0
3790065,1,0,0,0,1,0,1,1,1,0
3790069,0,0,0,1,1,0,1,0,1,1
3790073,0,1,1,1,1,0,1,1,1,0
3790077,0,1,0,0,0,0,0,0,1,0
3790081,0,0,1,1,1,0,1,0,1,1
3790085,0,0,1,0,1,0,1,1,1,0
3790089,0,1,1,0,0,0,1,1,1,0
3790093,0,0,1,0,1,0,1,1,1,0
3790097,0,0,1,0,1,0,1,1,1,0
3790101,0,1,1,1,1,0,1,0,1,0
