hh_id,d_cm,d_nutr,d_satt,d_educ,d_elct,d_wtr,d_sani,d_hsg,d_ckfl,d_asst
10006,0,0,0,0,0,0,0,1,1,1
10009,0,1,0,0,0,0,0,1,1,1
10012,0,0,0,1,0,0,0,1,1,1
10019,0,1,0,0,0,0,0,1,1,1
10022,0,0,0,0,0,0,0,0,1,0
10025,0,0,0,0,0,0,0,0,1,1
10028,0,0,0,1,0,0,0,1,1,0
10031,0,0,0,0,0,0,1,1,1,1
10037,0,0,0,1,0,0,1,1,1,1
10041,0,0,0,0,0,0,0,1,1,0
10044,0,0,0,0,0,0,0,1,1,1
10047,0,1,0,0,0,0,0,1,1,0
20003,0,0,0,0,0,0,1,1,1,1
20005,0,0,0,1,0,0,1,1,1,1
20008,0,0,0,0,1,0,0,1,1,1
20011,0,0,0,0,0,0,1,1,1,0
20013,0,0,0,0,0,0,0,1,1,1
20016,0,0,0,1,0,0,0,1,1,0
20019,0,0,0,1,0,0,0,1,1,1
20021,0,0,0,0,0,0,0,1,1,0
20024,0,1,0,1,0,0,0,1,1,0
20027,0,1,0,0,0,0,0,1,1,0
20029,0,0,0,0,0,0,0,1,1,0
20032,0,0,0,1,0,0,0,1,1,1
20035,0,0,0,0,0,0,0,1,1,1
20037,0,0,0,0,0,0,0,1,1,1
20040,0,0,0,0,0,0,0,1,1,1
30014,0,0,0,1,1,1,1,1,1,1
30030,0,1,0,0,0,0,0,1,1,0
30046,0,0,0,0,0,0,0,1,1,0
30061,0,0,0,0,0,0,0,1,1,0
30077,0,0,0,0,0,0,1,1,1,0
30093,0,0,0,0,0,0,1,1,1,0
30109,1,0,0,0,0,1,1,1,1,1
30124,0,1,0,1,0,0,0,1,1,0
30140,0,1,0,0,0,0,0,1,1,1
30172,0,0,0,1,0,0,0,1,1,1
30187,0,0,0,0,0,0,0,1,1,0
30203,0,0,0,1,0,1,0,1,1,0
30219,0,0,0,0,0,0,0,1,1,0
30235,0,1,0,0,0,0,0,1,1,0
40008,0,0,0,0,0,0,0,1,1,0
40017,0,1,0,0,0,0,0,1,1,1
40026,0,0,0,0,0,0,1,1,1,0
40035,0,0,0,1,1,1,1,1,1,1
40044,0,1,0,0,0,0,0,1,1,0
40053,0,0,0,0,0,0,0,1,1,0
40062,0,0,0,0,0,0,0,1,1,0
40071,0,0,0,0,0,0,0,1,1,0
40080,0,0,0,1,0,0,1,1,1,0
40090,0,0,0,0,0,0,0,1,1,0
40099,0,0,0,0,0,0,0,1,1,0
40108,0,0,0,1,0,0,0,1,1,1
40117,0,0,0,0,0,0,0,1,1,0
40126,0,1,0,1,0,0,1,1,1,0
40135,0,0,0,1,0,0,1,1,1,1
50003,0,0,0,0,0,0,1,1,1,1
50013,0,0,0,0,0,0,0,1,1,0
50023,0,0,0,0,0,0,0,1,1,1
50033,0,0,0,1,0,1,1,1,1,1
50043,0,0,0,1,0,0,1,1,1,1
50052,0,1,0,0,0,0,1,1,1,1
50062,1,0,0,1,0,0,1,1,1,1
50072,0,0,0,0,0,0,0,1,1,1
50082,0,0,0,1,0,1,0,1,1,1
50092,0,0,0,0,0,0,1,1,1,0
50101,0,0,0,0,0,0,1,1,1,1
50111,0,0,0,0,0,0,0,1,1,1
50121,0,0,0,0,0,0,0,1,1,1
50131,0,0,0,0,0,0,0,1,1,0
50141,0,0,0,0,0,0,0,1,1,0
60002,0,0,0,0,0,0,0,1,1,0
60012,0,1,0,0,0,0,0,1,1,0
60022,0,0,0,0,1,0,0,1,1,0
60031,0,0,0,1,0,1,0,1,1,1
60041,0,0,0,0,0,0,0,1,1,0
60051,0,0,0,1,0,0,0,1,1,1
60060,0,1,0,0,0,0,1,1,1,1
60070,0,0,0,1,0,0,0,1,1,1
60080,0,0,0,0,0,0,1,1,1,0
60089,0,0,0,0,0,0,1,1,1,1
60099,0,0,0,0,0,0,0,1,1,0
60109,1,0,0,1,0,0,1,1,1,1
60118,0,0,0,1,0,0,1,1,1,1
60128,,,0,0,0,0,0,1,1,1
60138,0,0,0,0,0,0,0,1,1,1
60501,0,0,0,0,0,0,1,1,1,1
70005,0,0,0,0,0,0,0,1,1,1
70011,0,0,0,0,0,0,0,1,1,0
70017,0,0,0,0,0,1,0,1,1,1
70024,0,0,0,0,0,0,0,1,1,0
70030,0,0,0,1,1,0,0,1,1,1
70036,0,0,0,0,0,0,0,1,1,1
70043,0,0,0,1,0,0,1,1,1,0
70049,0,,0,0,0,0,0,1,1,1
70055,0,0,0,0,0,0,0,1,1,0
70062,0,0,0,1,0,1,1,0,1,1
70068,0,0,0,0,0,0,0,1,1,1
70074,0,0,0,1,0,0,0,1,1,1
70081,0,0,0,0,0,0,0,1,1,0
70087,0,0,0,0,0,0,0,1,1,0
70093,0,0,0,0,0,0,0,1,1,0
80005,0,0,0,0,0,0,0,0,1,0
80012,0,0,0,1,0,0,0,1,1,1
80019,0,0,0,1,0,0,0,1,1,0
80026,0,1,0,0,0,0,0,0,1,0
80034,0,0,0,1,0,0,0,1,1,1
80041,0,0,0,0,0,0,0,0,1,1
80048,0,0,0,0,0,0,0,0,1,1
80055,0,0,0,1,1,0,0,1,1,1
80062,0,0,0,1,0,0,1,1,1,1
80069,0,1,0,0,0,0,0,0,1,0
80076,0,0,0,0,0,0,0,0,1,1
80083,0,0,0,0,0,0,1,1,1,1
80091,0,0,0,0,0,0,0,1,1,1
80098,0,0,0,0,0,0,0,1,1,1
80105,0,1,0,0,0,0,0,0,1,1
90003,0,0,0,0,0,0,0,1,1,1
90007,0,0,0,1,1,0,1,1,1,0
90011,0,0,0,0,0,0,0,1,1,1
90015,0,0,0,0,0,0,0,1,1,0
90018,0,0,0,0,0,1,0,1,1,1
90022,0,1,0,0,0,0,0,0,1,0
90026,0,1,0,0,0,0,1,1,1,0
90030,0,0,0,0,0,0,0,1,1,0
90034,0,0,0,0,0,0,0,1,1,0
90037,0,0,0,1,1,0,0,1,1,1
90041,0,1,0,0,0,0,1,1,1,1
90045,0,0,0,0,0,0,1,1,1,1
90049,0,1,0,0,0,0,0,1,1,0
90053,0,0,0,0,0,0,0,1,0,0
90056,0,0,0,0,0,0,0,1,1,1
100001,0,1,0,0,0,0,0,1,1,1
100004,0,1,0,1,0,0,1,1,1,1
100007,0,0,0,1,0,0,0,1,1,1
100010,0,0,0,0,0,0,0,1,1,1
100013,0,1,0,0,0,0,1,1,1,1
100016,0,1,0,1,0,0,0,1,1,1
100019,0,0,0,1,0,0,0,1,1,0
100021,0,0,0,0,0,0,0,1,1,0
100024,0,0,0,0,0,0,0,1,1,0
100027,0,0,0,0,0,0,0,1,1,1
100030,0,0,0,1,0,0,0,1,1,0
100036,0,0,0,0,0,0,0,1,1,1
100039,0,,0,0,0,0,0,1,1,0
100042,0,0,0,1,0,0,0,1,1,1
110001,0,1,0,0,0,0,0,1,1,1
110004,0,0,0,0,0,0,1,1,1,1
110006,0,0,0,0,0,0,0,1,1,0
110009,0,0,0,1,0,0,0,1,1,0
110011,0,0,0,0,0,0,0,1,1,0
110013,0,0,0,0,0,0,0,1,1,0
110016,0,1,0,0,0,0,0,1,1,0
110018,0,0,0,0,0,0,1,1,1,0
110021,0,0,0,0,0,0,1,1,1,1
110023,0,0,0,0,0,0,0,1,1,0
110025,0,0,0,0,0,0,0,1,1,0
110028,0,0,0,0,0,0,0,1,1,0
110030,0,0,0,0,0,0,1,1,1,1
110033,0,0,0,0,0,0,0,1,1,1
110035,0,1,0,0,0,0,0,1,1,1
120002,0,1,0,1,0,0,0,1,1,1
120008,0,0,0,0,0,0,1,1,1,1
120014,0,0,0,0,0,0,0,0,1,1
120020,0,0,0,0,0,0,0,1,1,1
120025,0,0,0,1,0,0,0,1,1,0
120031,0,1,0,0,0,0,0,1,1,1
120037,1,1,0,1,0,0,0,1,1,1
120043,0,1,0,0,0,0,0,0,1,1
120048,0,0,0,0,0,0,0,0,1,0
120060,0,1,0,1,0,0,0,1,1,1
120065,0,0,0,0,0,0,0,1,1,0
120071,0,0,0,0,0,0,1,1,1,1
120077,0,0,0,0,0,0,0,1,1,0
120083,0,0,0,0,0,0,0,1,1,0
130001,0,0,0,0,0,0,0,1,1,0
130007,0,0,0,0,0,0,1,1,1,0
130012,0,0,0,0,0,0,0,1,1,1
130017,0,0,0,0,0,0,0,1,1,0
130022,0,0,0,0,0,0,1,1,1,1
130027,0,0,0,1,0,0,0,1,1,1
130033,0,0,0,0,0,0,0,1,1,0
130038,0,1,0,0,0,0,0,1,1,1
130043,0,0,0,0,0,0,0,1,1,0
130048,0,0,0,0,0,0,1,1,1,1
130053,0,0,0,0,0,0,0,1,1,1
130059,0,0,0,0,0,0,0,1,1,0
130064,0,0,0,0,0,0,1,1,1,1
130069,0,0,0,1,0,0,0,1,1,0
130074,0,0,0,0,0,0,1,1,1,0
140001,0,0,0,1,0,0,0,1,1,0
140005,0,0,0,0,0,0,0,1,1,0
140009,0,0,0,0,0,0,1,1,1,0
140012,0,0,0,0,0,0,0,1,1,0
140016,0,0,0,0,0,0,0,1,1,0
140019,0,1,0,0,0,1,0,1,1,1
140023,0,0,0,0,0,0,0,1,1,1
140027,0,0,0,0,0,0,0,1,1,1
140030,0,1,0,0,0,0,0,1,1,0
140034,0,0,0,0,0,0,0,1,1,0
140037,0,0,0,0,0,0,0,1,1,0
140041,0,0,0,0,0,0,0,1,1,1
140045,0,0,0,1,0,0,1,1,1,1
140048,0,0,0,0,0,0,0,1,1,0
140052,0,0,0,0,0,0,0,1,1,0
140501,0,0,0,0,0,0,1,1,1,1
150006,0,1,0,0,0,0,0,1,1,0
150016,0,0,0,0,0,0,0,1,1,1
150026,0,0,0,0,1,0,1,1,1,1
150036,0,0,0,1,0,0,0,1,0,1
150046,0,0,0,0,0,0,0,1,1,1
150056,0,0,0,1,1,0,1,1,1,1
150066,0,0,0,0,0,0,0,1,0,1
150075,0,0,0,1,0,0,0,1,1,1
150085,0,0,0,1,0,0,0,1,1,1
150095,0,0,0,0,0,0,0,1,1,1
150105,0,0,0,0,0,0,0,1,1,1
150115,0,0,0,1,1,0,1,1,1,1
150125,0,0,0,0,0,0,1,1,0,1
150135,0,0,0,0,0,0,0,1,1,0
150144,0,1,0,0,0,0,0,1,1,1
160002,0,0,0,1,0,0,1,1,1,1
160004,0,0,0,0,0,0,0,1,1,1
160006,0,1,0,0,0,0,0,1,1,0
160008,0,0,0,1,0,0,0,1,1,0
160010,0,0,0,0,0,0,1,1,1,1
160012,0,0,0,0,0,0,1,1,1,1
160014,0,0,0,0,0,0,0,1,1,1
160016,0,0,0,0,0,0,0,1,1,1
160018,0,0,0,0,0,0,0,1,1,1
160020,0,0,0,0,0,0,0,1,1,1
160022,0,0,0,0,0,0,0,1,1,0
160024,0,0,0,0,0,0,0,1,1,0
160026,0,1,0,0,0,0,1,1,1,1
170002,0,0,0,0,0,0,0,1,1,1
170007,0,0,0,0,0,0,0,1,1,0
170012,0,0,0,1,0,0,0,1,1,1
170017,0,0,0,0,0,0,0,1,1,0
170022,0,0,0,0,0,0,0,1,1,1
170027,0,0,0,0,0,0,0,1,1,0
170032,0,0,0,0,0,0,0,1,1,1
170036,0,0,0,0,0,0,0,1,1,0
170041,0,0,0,0,0,0,1,1,1,1
170046,0,0,0,0,0,0,0,1,1,1
170051,0,0,0,0,0,0,0,1,1,0
170056,0,0,0,0,0,0,0,1,1,0
170061,0,1,0,0,0,0,0,1,1,0
170066,0,0,0,0,0,0,0,1,1,0
170071,1,1,0,0,1,0,1,1,1,1
180005,0,0,0,0,0,1,1,1,1,1
180009,0,0,0,0,0,0,1,1,1,0
180013,0,0,0,0,0,0,0,1,1,1
180018,0,0,0,0,0,1,1,1,1,0
180022,0,0,0,0,0,1,0,1,1,0
180026,0,0,0,0,0,1,1,1,0,0
180031,0,0,0,0,0,1,0,0,1,1
180035,0,0,0,0,0,1,1,1,1,0
180039,0,0,0,0,0,1,0,1,1,0
180044,0,0,0,0,0,1,1,1,1,0
180048,0,1,0,0,0,1,0,1,1,0
180052,0,0,0,0,0,1,0,1,1,0
180057,0,0,0,0,0,1,1,0,0,0
180061,0,0,0,0,0,1,0,0,1,0
180065,0,1,0,0,0,1,0,1,1,1
190005,0,1,0,1,0,0,1,1,1,0
190010,0,0,0,0,0,0,0,1,1,0
190015,0,0,0,0,0,0,0,1,1,0
190020,0,0,0,0,0,0,0,1,1,1
190025,0,1,0,0,0,0,1,1,1,0
190030,0,0,0,0,0,0,0,1,0,0
190035,0,1,0,0,0,0,0,1,1,0
190040,0,1,0,0,0,0,0,1,1,0
190045,0,,0,0,0,0,0,1,1,0
190050,0,0,0,0,0,0,0,1,1,0
190055,0,0,0,0,0,0,0,1,1,0
190060,0,0,0,0,0,0,0,1,1,0
190065,0,0,0,0,0,0,0,1,1,1
190070,0,0,0,0,0,0,0,1,1,0
190075,0,1,0,0,0,0,0,1,1,0
200001,0,1,0,0,0,0,0,1,1,0
200005,0,0,0,0,0,0,0,1,1,0
200009,0,0,0,0,0,0,0,1,1,1
200013,0,0,0,0,0,0,0,1,1,1
200017,0,0,0,0,0,0,0,1,1,1
200021,0,0,0,0,0,0,0,1,1,1
200025,0,0,0,1,0,0,0,0,1,1
200028,0,0,0,1,0,0,1,1,1,0
200032,0,0,0,0,0,0,0,1,1,1
200036,0,0,0,0,0,0,0,1,1,0
200040,0,1,0,1,0,0,0,1,1,1
200044,0,0,0,0,0,0,0,1,1,0
200048,0,0,0,1,0,1,0,1,1,1
200052,0,0,0,0,0,0,0,1,1,0
200056,0,0,0,0,0,0,0,1,1,1
210002,0,0,0,1,0,1,0,1,1,1
210009,1,0,0,0,0,0,0,1,1,0
210016,0,0,0,0,0,0,1,0,0,0
210023,0,0,0,0,0,1,0,1,1,0
210030,0,0,0,0,0,0,0,0,0,0
210036,0,0,0,0,0,0,0,1,1,0
210043,0,1,0,0,0,0,0,1,1,0
210050,0,0,0,0,0,1,0,1,1,1
210057,0,1,0,0,0,0,0,1,1,0
210064,0,0,0,1,0,0,0,1,1,0
210070,0,0,0,0,0,0,0,1,1,1
210077,0,0,0,1,0,0,1,1,1,1
210084,0,0,0,0,0,0,0,1,1,0
210091,0,0,0,0,0,0,0,1,1,0
210098,0,0,0,0,0,0,0,1,1,0
220005,0,0,0,0,0,0,0,1,1,1
220011,0,0,0,1,0,0,0,1,0,0
220017,0,0,0,0,0,0,0,1,1,1
220024,0,0,0,0,0,0,0,1,1,0
220030,0,0,0,0,0,0,0,1,1,0
220043,0,0,0,1,0,0,0,1,1,0
220049,0,0,0,0,0,0,0,1,1,1
220055,0,1,0,0,0,0,0,1,1,0
220062,0,0,0,0,0,0,0,1,1,0
220068,0,0,0,0,0,0,0,1,1,0
220074,0,0,0,0,0,0,1,1,1,0
220081,0,0,0,0,0,0,0,1,1,0
220087,0,0,0,0,0,0,0,1,1,0
220093,0,0,0,0,0,0,1,1,1,1
230009,0,0,0,0,0,0,1,1,1,0
230021,0,0,0,1,0,0,0,1,1,1
230034,0,0,0,0,0,0,0,1,1,0
230046,0,0,0,1,0,0,0,1,1,1
230059,0,0,0,1,0,0,1,1,1,1
230071,0,0,0,0,0,0,0,1,1,1
230084,0,0,0,0,0,0,0,1,1,0
230096,0,0,0,1,0,0,0,1,1,1
230109,0,0,0,0,0,0,1,1,1,0
230121,0,0,0,0,0,0,1,1,1,1
230134,0,0,0,0,0,0,0,1,1,0
230147,0,0,0,0,0,0,0,1,1,0
230159,0,1,0,0,0,0,0,1,1,0
230172,0,0,0,0,0,0,0,1,1,0
230184,0,0,0,1,0,0,1,0,1,1
240001,0,0,0,0,0,0,0,1,1,0
240009,0,0,0,0,0,0,0,1,1,1
240017,0,1,0,0,0,0,0,0,1,0
240024,0,0,0,0,0,0,0,1,1,1
240032,0,0,0,0,0,0,1,1,1,0
240039,0,0,0,0,0,0,0,1,1,1
240047,0,0,0,0,0,0,0,1,1,1
240055,0,0,0,0,0,0,0,1,1,1
240062,0,0,0,1,0,0,0,1,1,1
240070,0,0,0,0,0,0,0,1,1,0
240077,0,0,0,0,0,0,0,1,1,0
240085,0,0,0,0,0,0,0,1,1,0
240093,0,0,0,0,0,0,0,1,1,0
240100,0,0,0,0,0,0,0,1,1,0
240108,0,0,0,1,0,0,0,1,1,1
250003,0,0,0,0,0,0,0,1,1,0
250011,0,0,0,0,0,0,0,1,1,1
250019,1,0,0,0,0,0,0,1,1,0
250027,0,0,0,0,0,0,1,1,1,1
250035,0,0,0,0,0,0,1,1,1,0
250043,1,0,0,0,0,0,0,1,1,0
250051,0,0,0,0,0,0,0,1,1,1
250059,0,0,0,0,0,0,0,1,1,0
250067,0,0,0,0,0,0,0,1,1,1
250075,0,0,0,1,0,0,0,1,1,0
250083,0,0,0,0,0,0,0,1,1,1
250091,0,0,0,0,0,0,0,1,1,0
250099,0,0,0,0,0,0,0,1,1,0
250107,0,0,0,1,0,0,0,1,1,1
250114,0,1,0,0,0,0,1,1,1,1
260012,0,0,0,0,0,0,0,0,1,0
260025,0,0,0,0,0,0,1,1,1,0
260039,0,0,0,0,0,0,0,1,1,0
260052,0,0,0,0,0,0,0,0,0,0
260065,0,0,0,0,0,0,0,1,1,0
260078,0,0,0,1,0,0,0,0,1,0
260092,0,0,0,0,0,0,0,1,1,1
260105,0,0,0,1,0,0,1,1,1,1
260118,0,0,1,1,1,0,1,1,1,1
260131,0,0,0,1,0,0,0,0,0,0
260145,0,1,0,1,0,0,0,0,1,1
260158,0,0,0,0,0,0,1,0,0,1
260185,0,0,0,0,0,0,0,1,1,1
260198,0,1,0,0,0,0,0,1,1,0
270007,0,0,0,1,1,1,1,1,1,0
270015,0,0,0,0,0,0,0,1,1,1
270023,0,1,0,0,0,0,0,1,1,0
270030,0,0,0,0,0,0,0,1,1,0
270038,0,0,0,0,0,0,0,1,1,0
270046,0,0,0,0,0,0,1,1,1,0
270053,0,0,0,0,0,0,0,1,1,0
270061,0,0,0,1,0,0,0,1,1,0
270069,0,0,0,0,0,0,0,1,1,0
270084,0,0,0,0,0,0,0,1,1,0
270092,0,0,0,1,0,0,0,1,1,1
270099,0,0,0,0,0,1,0,1,1,0
270107,0,0,0,1,0,0,1,1,1,0
270115,0,1,0,0,0,0,0,1,1,0
280003,0,0,0,1,1,0,1,1,1,0
280012,0,0,0,0,0,0,0,1,0,0
280021,0,0,0,1,0,0,1,0,0,0
280030,0,0,0,0,0,0,1,1,0,1
280039,0,0,0,0,0,0,0,0,0,0
280048,0,0,1,1,0,0,1,1,1,1
280057,0,0,0,0,0,0,0,0,0,0
280065,0,0,0,0,1,0,1,1,1,1
280074,0,0,0,0,0,0,1,1,1,0
280083,0,1,0,1,0,0,1,1,1,0
280092,0,0,0,0,0,0,0,0,1,0
280101,0,0,0,0,0,0,0,0,1,0
280110,0,0,0,1,1,0,0,1,1,0
280119,0,0,0,0,0,0,1,0,0,0
280128,0,0,0,0,0,0,0,1,1,1
290003,0,1,0,0,0,0,0,1,1,0
290018,0,0,0,0,0,0,0,0,1,0
290032,0,0,0,0,0,0,0,0,0,0
290047,0,0,0,0,0,0,0,1,1,0
290061,0,0,0,0,0,0,0,0,0,0
290075,0,0,0,0,0,0,0,1,1,0
290090,0,0,0,0,0,0,0,0,1,0
290104,0,0,0,0,0,0,0,0,1,0
290119,0,0,0,1,0,0,0,0,0,1
290133,0,0,0,0,0,0,0,0,1,0
290147,0,0,0,0,0,0,0,0,1,0
290162,0,0,0,0,0,0,0,0,0,0
290176,0,1,0,0,1,0,0,1,1,0
290191,0,0,0,0,0,0,0,0,1,0
290205,0,0,0,0,0,0,0,0,1,0
300009,0,0,0,1,0,0,0,0,0,0
300022,0,0,0,0,0,0,1,0,0,0
300035,0,1,0,0,0,0,1,1,1,0
300048,0,0,0,0,0,0,1,1,1,0
300061,0,0,0,0,0,0,1,0,1,0
300075,0,0,0,0,0,0,0,0,0,0
300088,0,0,0,0,0,0,0,0,1,0
300101,0,0,0,0,0,0,1,0,0,0
300114,0,0,0,0,0,0,0,0,0,0
300127,0,1,0,0,0,0,0,0,0,0
300140,0,0,0,0,0,0,0,0,1,0
300153,0,1,0,0,0,0,1,0,1,0
300167,0,1,0,0,0,0,1,0,0,0
300180,0,1,0,0,0,0,0,1,1,1
300193,0,1,0,0,0,0,0,0,1,0
310002,0,0,0,1,0,0,0,0,0,0
310021,0,0,0,0,0,0,0,0,0,0
310040,0,0,0,0,0,0,0,0,0,0
310059,0,0,0,0,0,0,0,0,0,0
310078,0,0,0,1,0,0,0,1,0,0
310097,0,0,0,0,0,0,0,0,0,0
310134,0,0,0,0,0,0,0,0,0,0
310153,1,1,0,0,0,0,0,0,0,0
310172,0,1,0,0,0,0,0,0,1,0
310191,0,1,0,0,0,0,0,0,1,1
310210,0,0,0,0,0,0,0,0,0,0
310229,0,0,0,1,0,0,0,0,0,0
310248,0,0,0,0,0,0,0,0,0,0
310267,0,1,0,0,0,0,0,0,0,0
320001,0,0,0,0,0,0,0,0,0,0
320027,0,0,0,0,0,0,0,0,0,0
320039,0,0,0,0,0,0,0,0,1,0
320052,0,1,0,0,0,0,0,0,0,0
320065,0,0,0,0,0,0,0,1,1,0
320090,0,0,0,0,0,0,0,0,0,0
320103,0,1,0,0,0,0,0,0,0,0
320115,0,0,0,0,0,0,1,0,0,0
320128,0,1,0,1,0,0,0,0,0,0
320141,0,0,0,0,0,0,0,0,0,0
320153,0,0,0,0,0,0,0,1,0,1
320166,0,0,0,0,0,0,0,0,0,0
320179,0,1,0,0,0,0,0,0,0,0
330021,0,1,0,0,0,0,0,0,1,0
330041,0,0,0,0,0,0,0,0,0,0
330062,0,0,0,0,0,0,0,0,0,0
330083,0,0,0,0,0,0,1,0,1,0
330103,0,0,0,0,0,0,0,0,0,0
330124,0,1,0,0,0,0,0,0,1,0
330144,0,0,0,0,0,0,0,0,0,1
330165,0,0,0,0,0,0,0,0,0,0
330186,0,1,0,0,0,0,0,0,1,0
330206,0,0,0,0,0,0,0,0,1,0
330227,0,0,0,0,0,0,0,0,1,0
330247,0,0,0,0,0,0,0,1,1,0
330268,0,0,0,0,0,0,0,0,0,0
330289,0,0,0,0,0,0,0,0,0,0
330309,0,0,0,0,0,0,0,0,1,0
340018,0,0,0,0,0,0,0,0,0,0
340036,0,0,0,0,0,0,0,0,1,0
340055,0,0,0,0,0,0,0,1,0,0
340073,0,0,0,1,0,0,0,1,1,0
340092,0,0,0,0,0,0,0,1,1,0
340110,0,0,0,0,0,0,0,0,0,0
340128,0,0,0,0,0,0,0,0,0,0
340147,0,0,0,0,0,0,0,0,0,0
340165,0,0,0,0,0,0,0,0,0,0
340184,0,0,0,0,0,0,1,1,1,1
340202,0,0,0,0,1,0,0,0,1,1
340221,0,0,0,0,0,0,0,0,0,0
340239,0,1,0,0,0,0,0,1,0,0
340258,0,0,0,0,0,0,0,0,0,0
340276,0,1,0,0,0,0,0,1,1,0
350005,0,0,0,0,0,0,0,0,0,0
350020,0,0,0,0,0,0,0,0,0,0
350035,0,0,0,1,0,0,1,1,0,0
350050,0,0,0,0,0,0,0,0,1,0
350065,0,0,0,0,0,0,0,0,0,0
350095,0,0,0,0,0,0,0,0,1,0
350109,0,0,0,0,0,0,0,1,1,0
350124,0,0,0,0,0,0,0,1,0,1
350139,0,1,0,0,0,0,0,0,0,0
350154,0,0,0,0,0,0,1,1,1,0
350169,0,0,0,0,0,0,0,1,1,0
350184,0,0,0,0,0,0,0,0,1,0
350199,0,0,0,1,0,0,1,0,0,0
350214,0,0,0,0,0,0,0,1,1,0
350501,0,1,0,1,0,0,1,1,0,0
360004,0,0,0,0,0,0,0,0,0,0
360019,0,1,0,0,0,0,0,0,0,0
360033,0,0,0,0,0,0,0,1,0,0
360047,0,0,0,0,0,0,0,1,0,1
360062,0,0,0,0,0,0,0,1,1,0
360076,0,1,0,1,0,0,1,1,0,0
360090,0,0,0,0,0,0,0,1,1,0
360105,0,0,0,0,0,0,1,1,1,0
360119,0,0,0,0,0,0,0,0,0,0
360133,0,0,0,1,0,0,1,0,0,0
360148,0,0,0,0,0,0,1,1,0,1
360162,0,0,0,0,0,0,0,0,0,0
360176,0,1,0,0,0,0,0,1,1,0
360191,0,0,0,0,0,0,0,1,0,1
360205,0,0,0,0,0,0,0,0,0,0
360501,0,0,0,1,0,0,1,1,1,0
370008,0,0,0,0,0,0,1,1,1,0
370018,0,,0,0,0,0,0,1,1,0
370028,0,0,0,0,0,0,0,0,0,0
370038,0,0,0,0,0,0,1,1,1,1
370049,0,0,0,0,0,0,0,0,0,0
370059,0,0,0,0,0,0,0,0,0,0
370069,0,0,0,0,0,0,0,0,0,0
370090,0,0,0,1,0,0,0,1,1,0
370100,0,1,0,0,0,0,1,1,1,0
370110,0,0,0,0,0,0,0,1,1,0
370120,0,0,0,0,0,0,0,1,0,0
370131,0,0,0,1,0,0,1,1,1,1
370141,0,0,0,0,0,0,0,0,1,0
370151,0,0,0,0,0,0,1,1,1,0
380007,0,0,0,0,0,0,1,1,1,0
380017,0,0,1,1,0,0,0,1,1,0
380026,0,1,0,1,0,0,0,1,1,0
380036,0,0,0,0,0,0,1,1,1,0
380045,0,0,0,0,0,0,0,1,1,0
380055,0,0,0,1,0,0,1,1,1,1
380064,0,0,0,0,0,0,1,1,1,0
380074,,0,0,1,0,0,1,1,1,1
380083,0,0,0,0,0,0,0,1,1,0
380093,0,0,0,0,0,0,1,1,1,0
380103,1,1,0,0,0,0,1,1,1,1
380112,0,1,0,0,0,0,0,1,1,0
380122,0,0,0,0,0,0,0,1,0,0
380131,0,0,0,1,0,0,1,1,1,1
380141,0,0,1,0,0,0,0,0,0,0
390001,0,0,0,0,0,0,0,0,0,0
390011,0,0,0,0,0,0,0,1,1,0
390021,0,1,0,0,0,0,0,1,1,1
390031,0,1,0,0,0,0,0,1,1,0
390041,0,0,0,1,0,0,0,1,0,0
390050,0,0,0,0,0,0,0,0,0,1
390060,0,0,0,0,0,0,1,0,0,0
390070,0,0,0,0,0,0,0,0,1,0
390080,0,0,0,0,0,0,0,0,0,0
390090,0,0,0,1,0,0,0,0,0,0
390099,0,0,0,0,0,0,0,0,1,0
390109,0,0,0,0,0,0,0,0,0,0
390119,0,1,0,0,0,0,0,0,0,0
390129,0,0,0,0,0,0,0,0,0,0
390139,0,0,0,0,0,0,0,0,0,0
400001,0,0,0,0,0,0,1,0,1,0
400014,0,0,0,0,0,0,0,1,1,0
400026,0,0,0,0,0,0,0,0,0,0
400038,0,1,0,0,0,0,0,0,1,0
400050,0,1,0,0,0,0,0,0,0,0
400063,0,0,0,0,0,0,0,0,0,0
400075,0,1,0,0,0,0,0,0,0,0
400087,0,0,0,0,0,0,0,0,0,0
400100,0,1,0,0,0,0,0,0,0,0
400112,0,0,0,0,0,0,1,0,0,1
400124,0,0,0,0,0,0,1,0,0,0
400136,0,0,0,0,0,0,0,0,0,0
400149,0,1,0,0,0,0,0,0,0,0
400161,0,0,0,0,0,0,0,1,1,0
400173,0,1,0,0,0,0,0,1,1,0
410015,0,0,0,0,0,0,0,0,0,0
410031,0,0,0,0,0,0,1,1,1,1
410046,0,0,0,0,0,0,1,1,0,0
410062,0,0,0,0,0,0,0,0,1,0
410077,0,1,0,0,0,0,0,1,1,0
410092,0,0,0,0,0,0,0,0,1,0
410108,0,0,0,0,0,0,0,1,0,0
410123,0,0,0,0,0,0,0,0,0,0
410139,0,1,0,0,0,0,0,0,0,0
410154,0,0,0,0,0,0,0,0,1,0
410170,0,0,0,0,0,0,0,0,1,0
410185,0,0,0,0,0,0,0,0,1,0
410201,0,1,0,0,0,0,0,0,1,0
410216,0,1,0,0,0,0,0,0,0,0
410232,0,0,0,0,0,0,0,0,1,0
420014,0,0,0,0,0,0,1,1,1,0
420031,0,1,0,0,0,0,0,1,0,0
420047,1,0,0,0,0,0,0,1,0,0
420063,0,0,0,0,0,0,0,1,0,0
420079,0,0,0,0,0,0,0,1,1,0
420095,0,0,0,0,0,0,0,0,0,0
420111,0,0,0,0,0,0,0,0,1,0
420127,1,0,0,0,0,0,0,0,1,0
420143,0,0,0,0,0,0,0,0,1,0
420159,0,0,0,1,0,0,1,1,1,1
420175,0,0,0,0,0,0,0,1,0,0
420191,0,0,0,0,0,0,0,0,0,0
420207,0,0,0,0,0,0,0,1,1,0
420223,0,0,0,1,0,0,0,1,0,0
420239,0,0,0,0,0,0,0,0,1,0
430004,0,0,0,0,0,0,1,1,1,0
430017,0,0,0,0,0,0,0,1,0,0
430030,0,0,0,0,0,0,0,1,0,0
430042,0,1,0,0,0,0,0,1,1,0
430055,0,0,0,0,0,0,0,1,0,1
430068,0,0,0,0,0,0,1,1,1,0
430080,0,0,0,1,0,0,0,1,0,0
430093,0,0,0,0,0,0,1,1,0,1
430106,0,0,0,0,0,0,0,0,0,0
430118,0,0,0,0,0,0,0,0,0,0
430131,0,1,0,0,0,0,0,0,1,0
430144,0,0,0,0,0,0,1,0,0,0
430156,0,0,0,0,0,0,0,0,0,0
430169,0,0,0,0,0,0,0,0,1,0
430182,0,0,0,0,0,0,0,0,0,0
440004,0,1,0,0,0,0,0,1,0,0
440021,0,0,0,1,0,0,0,1,1,1
440037,0,0,0,1,0,0,0,0,1,1
440053,0,0,0,0,0,0,0,1,1,0
440069,0,0,0,0,0,0,0,0,0,0
440085,0,0,0,1,0,0,0,0,0,0
440102,0,0,0,0,0,0,0,0,1,0
440118,0,0,0,1,0,0,0,0,1,0
440134,0,0,0,0,0,0,0,0,0,0
440150,0,0,0,0,0,0,0,0,1,1
440166,0,0,0,0,0,0,0,1,0,0
440183,0,0,0,0,0,0,0,1,0,0
440199,0,0,0,0,0,0,1,0,0,0
440215,0,0,0,1,0,0,0,1,0,0
440231,0,0,0,1,0,0,0,0,1,1
450011,0,1,0,0,0,0,1,0,0,0
450027,0,0,0,0,0,0,1,1,0,0
450043,0,0,0,0,0,0,0,0,0,0
450059,0,0,0,0,0,0,0,1,1,0
450075,0,1,0,1,1,0,1,1,1,1
450091,0,1,0,0,0,0,0,0,0,0
450107,0,1,0,0,0,0,0,1,1,0
450122,0,0,0,1,0,0,1,1,1,1
450138,0,1,0,0,0,0,1,1,1,0
450154,0,0,0,0,0,0,1,0,1,0
450170,0,0,0,0,0,0,0,0,0,0
450186,0,0,0,0,0,0,0,0,0,0
450202,0,0,0,0,0,0,0,1,0,0
450218,0,0,0,0,0,0,0,0,1,0
450233,0,0,0,0,0,0,0,0,0,0
460009,0,0,0,1,1,0,1,1,1,0
460021,0,0,0,1,0,0,0,1,0,0
460033,0,0,0,0,0,0,0,0,1,0
460045,0,0,0,0,0,0,0,1,1,0
460058,0,0,0,1,0,0,0,1,1,0
460070,0,0,1,0,0,0,1,1,1,0
460082,0,0,0,0,0,0,0,0,0,0
460094,0,0,0,0,0,0,1,1,1,0
460107,0,1,0,0,1,0,1,1,1,1
460119,0,0,0,0,0,0,1,1,0,0
460131,0,0,0,0,0,0,0,0,0,0
460143,0,0,0,0,0,0,0,0,0,0
460156,0,0,0,0,0,0,0,0,0,0
460168,0,0,0,0,0,0,1,1,0,0
460180,0,1,0,0,0,0,0,1,0,0
470001,0,0,0,0,0,0,0,1,1,0
470020,0,0,0,0,0,0,0,1,0,0
470039,0,1,0,0,0,0,0,1,0,0
470058,0,0,0,1,0,0,0,1,0,0
470077,0,0,0,0,0,0,0,1,0,0
470096,0,0,0,1,0,0,0,0,0,0
470115,0,0,0,0,0,0,0,0,1,0
470133,0,0,0,0,0,0,0,1,0,0
470152,0,0,0,1,0,0,0,1,1,1
470171,0,0,0,0,0,0,1,0,0,0
470190,0,0,0,0,0,0,0,0,0,0
470209,0,0,0,0,0,0,0,0,1,0
470228,0,0,0,0,0,0,1,0,1,1
470247,0,0,0,1,0,0,1,0,1,1
470266,0,0,0,0,0,0,1,1,1,0
480009,0,1,0,0,0,0,0,0,1,0
480028,0,0,0,0,0,0,1,1,1,0
480048,0,0,0,0,0,0,0,1,0,0
480067,0,1,0,1,1,0,1,1,1,1
480086,0,0,0,0,0,0,0,1,0,0
480105,0,0,0,1,0,0,0,1,1,1
480124,0,0,0,0,0,0,0,0,0,0
480143,0,0,0,0,0,0,1,0,0,0
480162,0,0,0,0,0,0,0,1,1,0
480181,0,0,1,1,0,0,0,1,0,0
480200,0,0,0,0,0,0,1,1,0,0
480219,0,0,0,0,0,0,0,1,1,0
480238,0,1,0,0,0,0,0,0,1,0
480257,0,0,0,0,0,0,0,0,1,0
480276,0,0,0,0,0,0,0,0,1,0
490018,0,0,0,0,0,0,0,0,0,0
490038,0,0,0,0,0,0,0,0,0,0
490058,0,0,0,0,0,0,0,0,0,0
490078,0,0,0,0,0,0,0,0,0,0
490098,0,0,0,0,0,0,0,0,0,0
490118,0,0,0,0,0,0,0,0,0,0
490157,0,0,0,0,0,0,1,1,0,0
490177,0,0,0,0,0,0,0,0,0,0
490197,0,0,0,0,0,0,0,0,0,0
490217,0,0,0,0,0,0,1,0,0,0
490237,0,0,0,0,0,0,1,0,0,0
490257,0,0,0,0,0,0,1,0,0,0
490277,0,0,0,0,0,0,1,0,0,0
490296,0,0,0,0,0,0,1,1,0,0
500014,0,0,0,0,0,0,0,0,1,0
500031,0,0,0,1,0,0,0,1,1,0
500047,0,0,0,0,0,0,0,1,1,0
500063,0,0,0,0,0,0,0,1,1,1
500079,0,0,0,0,0,0,0,1,1,0
500095,0,1,0,0,0,0,1,1,1,1
500111,0,0,1,1,0,0,0,1,1,0
500127,0,0,0,0,0,0,0,1,0,0
500144,0,1,0,0,0,0,0,0,0,0
500160,0,0,0,1,1,0,1,1,1,1
500176,0,1,0,0,0,0,0,1,1,1
500192,0,1,1,1,0,0,0,1,1,0
500208,0,1,0,1,0,0,1,1,1,1
500224,0,0,0,0,0,0,0,1,0,0
500240,0,1,0,0,0,0,0,0,0,0
510004,0,0,0,0,0,0,0,1,1,0
510017,0,0,1,1,0,0,1,1,1,0
510030,0,0,0,1,0,0,0,1,1,0
510043,0,0,0,0,0,0,1,0,0,0
510055,0,1,0,0,0,0,0,0,1,0
510068,0,0,0,0,0,0,1,1,0,0
510081,0,0,0,0,0,0,0,1,1,0
510094,0,0,0,0,0,0,0,0,0,0
510106,0,0,0,0,0,0,0,1,1,0
510119,0,0,0,1,0,0,1,1,1,1
510132,0,0,0,0,0,0,1,1,0,0
510144,0,0,0,0,0,0,0,0,0,0
510157,0,0,0,0,0,0,0,1,1,1
510170,0,0,0,1,0,0,0,1,0,0
510183,0,0,0,1,1,0,1,1,1,1
520009,0,1,0,1,0,0,1,1,1,0
520019,0,0,0,0,0,0,0,1,1,0
520029,0,0,0,0,0,0,0,1,1,0
520040,0,0,0,1,0,0,1,0,1,1
520050,0,0,0,0,0,0,0,1,1,0
520061,0,0,0,0,0,0,0,1,1,0
520071,0,1,0,0,0,0,0,1,1,0
520081,0,1,0,0,0,0,0,1,1,0
520092,0,1,0,1,0,0,0,0,1,0
520102,0,0,0,1,0,0,1,1,1,0
520113,0,1,0,0,0,0,0,0,1,0
520123,0,0,0,0,0,0,0,1,1,0
520133,0,0,0,0,0,0,1,0,1,0
520144,0,1,0,1,0,0,1,1,1,0
520154,0,1,0,0,0,0,0,1,1,0
530013,0,0,0,1,0,0,1,1,0,0
530031,0,0,1,0,0,0,0,0,1,0
530049,0,0,0,1,0,0,1,1,0,0
530068,0,1,0,1,0,0,0,1,1,0
530086,0,0,0,0,0,0,0,1,0,0
530105,0,1,0,0,0,0,0,1,1,0
530123,0,1,0,0,0,0,0,1,1,0
530141,0,0,0,0,0,0,1,0,1,0
530160,0,0,0,0,0,0,0,0,0,0
530197,0,0,0,1,0,0,1,1,0,0
530215,0,1,0,1,1,0,1,1,1,1
530233,0,0,0,0,0,0,0,1,0,0
530252,0,0,0,0,0,0,1,0,0,1
530270,0,1,0,0,0,0,0,1,1,1
540001,0,0,0,0,0,0,0,0,0,0
540013,0,0,0,0,0,0,1,0,0,1
540025,0,0,0,0,0,0,0,0,0,0
540037,0,0,0,0,0,0,0,0,0,0
540049,0,0,0,0,0,0,1,0,0,0
540060,0,0,0,1,0,0,0,1,0,0
540072,0,0,0,1,0,0,1,1,0,0
540084,0,0,0,0,0,0,1,0,0,0
540096,0,0,0,0,0,0,0,0,0,0
540108,0,0,0,0,0,0,1,0,0,0
540119,0,1,0,0,0,0,0,1,1,0
540131,0,0,0,0,0,0,0,0,0,0
540143,0,0,0,0,0,0,0,0,0,0
540155,0,0,0,0,0,0,0,0,0,0
540167,0,0,0,0,0,0,0,0,0,0
550001,0,1,0,0,0,0,0,1,1,0
550013,0,0,0,0,0,0,1,1,1,0
550024,0,0,0,0,0,0,0,1,0,0
550035,0,0,0,0,0,0,1,1,1,0
550046,0,0,0,0,0,0,1,1,1,0
550057,0,1,0,0,0,0,0,0,1,0
550069,0,0,0,0,0,0,1,0,1,0
550080,0,0,0,0,0,0,0,0,1,0
550102,0,1,0,1,0,0,0,1,0,1
550113,0,0,0,1,0,0,0,1,1,1
550125,0,0,0,1,0,0,1,1,1,0
550136,0,1,1,0,0,0,1,0,1,0
550147,0,0,0,0,0,0,0,0,1,0
550158,0,0,0,0,0,0,1,1,1,0
560011,0,1,0,1,0,0,0,1,1,0
560023,0,0,0,0,0,0,0,1,1,0
560034,0,0,0,1,0,0,0,1,1,0
560046,0,0,0,1,0,0,0,1,1,0
560057,0,1,1,0,0,0,0,1,1,0
560068,0,0,0,1,0,0,0,1,1,0
560080,0,0,1,1,0,0,1,1,0,0
560091,0,0,0,0,0,0,1,1,1,0
560103,0,1,0,1,0,0,1,1,1,0
560114,0,1,0,0,0,0,0,1,1,0
560126,0,0,0,0,0,0,0,0,1,0
560137,0,1,0,0,0,0,1,1,1,0
560149,0,1,0,1,0,0,1,1,1,0
560160,0,1,0,0,0,0,1,1,1,1
560172,0,1,0,1,1,0,1,1,1,0
560501,0,1,0,1,0,0,1,1,1,1
570011,0,0,0,0,0,0,0,1,1,0
570021,0,0,0,0,0,0,0,0,0,0
570032,0,0,0,0,0,0,0,1,1,0
570042,0,1,0,0,0,0,0,0,1,0
570053,0,0,0,0,0,0,0,0,1,0
570063,0,1,0,0,0,0,0,1,1,0
570074,0,0,0,0,0,0,0,1,1,0
570084,0,0,0,0,0,0,0,1,1,0
570095,0,0,0,0,0,0,0,1,1,0
570105,0,0,0,0,0,0,0,1,1,0
570116,0,0,0,0,0,0,0,1,1,0
570127,0,0,0,0,0,0,0,0,0,0
570137,0,1,0,0,0,0,1,1,1,0
570148,0,1,0,0,0,0,0,0,1,0
570158,0,1,0,0,0,0,0,1,1,0
580004,0,0,0,0,0,0,0,1,1,0
580016,0,0,0,0,0,0,0,0,1,0
580028,0,0,0,0,0,0,0,0,0,0
580040,0,0,0,0,0,0,1,1,1,0
580052,0,0,0,0,0,0,0,1,1,0
580064,0,1,0,0,0,0,1,0,0,0
580076,1,1,0,1,0,0,1,1,1,1
580087,0,0,0,0,0,0,0,1,1,0
580099,0,1,0,0,1,0,0,1,1,0
580111,0,0,0,0,0,0,0,1,1,0
580123,0,0,0,1,0,0,1,1,1,0
580135,1,0,0,1,0,0,0,1,1,1
580147,1,1,0,0,0,0,0,1,1,0
580159,0,1,0,1,0,0,1,1,1,0
580171,0,0,0,1,0,0,1,1,1,0
590004,0,0,0,1,0,0,0,1,1,0
590018,0,1,0,0,0,0,0,0,1,0
590031,0,1,0,0,0,0,1,1,1,0
590044,0,1,0,0,0,0,0,1,1,0
590057,0,0,1,0,0,0,0,1,1,0
590071,0,1,1,1,1,0,1,1,1,1
590084,0,0,1,1,0,0,0,1,1,1
590097,0,1,0,0,0,0,0,1,1,1
590111,0,1,0,0,0,0,1,1,1,0
590124,0,0,0,0,0,0,0,0,1,0
590137,0,1,1,1,0,0,1,1,1,1
590150,0,0,0,1,0,0,0,1,1,1
590164,0,0,0,0,0,0,0,1,1,0
590177,0,0,0,0,0,0,0,1,1,0
590190,0,1,0,0,0,0,1,1,1,0
600013,0,1,1,1,0,0,1,1,1,0
600030,0,0,0,1,1,0,1,1,1,1
600047,0,1,0,0,0,0,1,0,1,0
600065,0,1,1,1,0,0,1,1,1,0
600082,0,1,0,0,0,0,0,1,1,0
600099,0,1,0,0,0,0,0,1,1,0
600116,0,1,0,0,0,0,0,1,1,0
600133,0,0,0,1,0,0,0,1,1,0
600151,0,0,0,1,0,0,0,0,1,0
600168,0,1,0,0,0,0,0,1,1,0
600185,0,0,0,0,0,0,1,1,1,0
600202,0,0,0,0,0,0,0,1,1,0
600219,0,0,0,1,0,0,0,1,1,0
600237,0,1,0,0,0,0,0,0,1,0
600254,0,1,0,0,0,0,0,0,1,0
610009,0,1,0,0,0,0,0,1,1,0
610021,0,0,0,0,0,0,1,1,0,0
610034,0,0,0,0,0,0,0,1,1,0
610046,0,0,0,0,0,0,0,1,0,0
610059,0,,0,1,0,0,0,0,1,0
610072,0,0,0,1,0,0,0,0,1,0
610084,0,0,0,0,0,0,0,0,0,0
610097,0,0,0,0,0,0,0,1,0,0
610109,0,1,0,0,0,0,0,1,1,0
610122,0,1,0,0,0,0,0,1,1,0
610135,0,1,0,0,0,0,0,1,1,0
610147,0,0,0,0,0,0,0,1,1,0
610160,0,1,0,0,0,0,0,1,1,0
610173,0,0,0,0,0,0,0,0,1,0
610185,0,0,0,0,0,0,0,1,1,0
620002,0,1,0,0,0,0,0,1,1,0
620026,0,0,0,0,0,0,1,0,0,0
620050,0,0,0,0,0,0,1,0,0,0
620073,0,0,0,0,0,0,0,0,0,0
620097,0,0,0,0,0,0,0,1,1,0
620120,0,0,0,0,0,0,0,0,0,1
620144,0,0,0,0,0,0,0,0,0,0
620168,0,0,0,0,0,0,0,0,0,0
620215,0,0,0,0,0,0,0,0,0,0
620238,0,1,0,0,0,0,0,0,0,0
620262,0,0,0,0,0,0,0,0,0,0
620286,0,0,0,0,0,0,0,0,0,0
620333,0,0,0,0,0,0,0,0,0,0
620501,0,0,0,0,0,0,1,0,0,0
620506,0,0,0,1,0,0,1,0,0,1
630001,0,0,0,0,0,0,0,1,1,0
630019,0,0,0,0,0,0,0,1,0,0
630037,0,0,0,0,0,0,0,1,1,0
630054,0,0,0,0,0,0,0,0,0,0
630072,0,1,0,0,0,0,1,1,1,1
630089,0,,0,1,0,0,1,1,0,0
630107,0,1,0,1,0,0,0,0,1,0
630125,0,1,0,0,0,0,1,0,1,0
630142,0,0,0,0,0,0,0,0,0,0
630160,0,0,0,0,0,0,0,1,0,0
630177,0,0,0,1,0,0,0,1,0,1
630195,0,0,0,0,0,0,1,1,1,1
630213,0,0,0,0,0,0,1,1,1,0
630230,0,0,0,0,0,0,0,0,1,0
630248,0,0,0,0,0,0,0,0,0,0
640011,0,0,0,1,0,0,1,0,0,0
640021,0,0,0,0,0,0,0,0,0,0
640031,0,1,0,0,0,0,1,1,1,0
640042,0,0,0,0,0,0,0,1,1,0
640052,,1,0,0,0,0,0,0,0,0
640062,0,0,0,0,0,0,0,1,1,0
640073,0,1,0,0,0,0,1,0,1,0
640083,0,0,0,1,0,0,1,1,1,0
640093,0,1,0,0,0,0,1,1,1,0
640104,0,0,0,0,0,0,0,0,1,0
640114,0,0,0,0,0,0,0,0,0,0
640124,0,1,0,0,0,0,1,1,1,0
640135,0,1,0,0,0,0,1,1,1,0
640145,0,0,0,0,0,0,0,1,1,0
640155,0,0,0,0,0,0,1,0,1,0
650021,0,0,0,1,0,0,1,0,0,1
650043,0,0,0,0,0,0,0,0,0,0
650089,0,0,0,0,0,0,0,0,0,0
650111,0,0,0,0,0,0,0,0,0,0
650134,0,0,0,0,0,0,0,0,0,0
650156,0,0,0,0,0,0,0,0,0,0
650179,0,0,0,0,0,0,0,0,0,0
650202,0,0,0,0,0,0,0,0,0,0
650224,0,0,0,0,0,0,0,0,0,0
650247,0,0,0,0,0,0,0,0,0,0
650269,0,0,0,0,0,0,1,1,1,1
650292,0,0,0,0,0,0,1,0,0,0
650315,0,0,0,0,0,0,0,0,0,0
650337,0,1,0,0,0,0,0,0,0,0
650502,0,0,0,0,0,0,1,0,0,1
650503,0,0,0,0,0,0,1,0,0,0
660005,0,1,0,1,0,0,1,1,1,0
660020,0,0,0,0,0,0,0,0,1,0
660035,0,1,0,1,0,0,0,0,1,0
660049,0,0,0,0,0,0,1,0,1,0
660064,0,1,0,0,0,0,1,0,1,0
660079,1,0,0,1,0,0,0,1,1,0
660093,0,0,0,0,0,0,1,1,0,0
660108,0,0,0,1,0,0,1,1,1,1
660123,0,0,1,1,0,0,1,1,1,0
660137,0,0,0,0,0,0,0,1,1,0
660152,0,0,0,0,0,0,0,1,1,0
660167,1,0,0,0,0,0,0,1,1,0
660181,0,0,0,0,0,0,0,0,0,0
660196,0,0,0,0,0,0,0,0,0,0
660211,0,0,0,1,0,0,0,1,1,0
670005,0,0,0,0,0,0,0,0,0,0
670024,0,0,0,0,0,0,0,0,0,0
670043,0,0,0,1,0,0,1,0,0,1
670062,0,0,0,0,0,0,1,0,0,0
670099,0,0,0,0,0,0,0,0,0,0
670118,0,0,0,0,0,0,0,0,0,0
670137,0,0,0,0,0,0,0,1,0,0
670156,0,0,0,0,0,0,1,0,0,0
670175,0,0,0,0,0,0,0,0,0,0
670212,0,0,0,0,0,0,0,0,0,0
670231,0,1,0,0,0,0,1,0,0,1
670250,0,0,0,0,0,0,0,0,0,0
670269,0,0,0,0,0,0,1,0,0,0
680010,0,0,0,0,0,0,0,0,0,0
680024,0,1,0,0,0,0,0,1,1,0
680038,0,0,0,0,0,0,0,0,1,1
680051,0,0,0,0,0,0,0,0,0,0
680065,0,0,0,0,0,0,0,0,0,0
680079,0,0,0,0,0,0,0,1,1,0
680093,0,1,0,0,0,0,1,1,1,0
680106,0,0,0,0,0,0,0,1,1,0
680120,0,0,0,0,0,0,0,1,1,0
680134,0,0,0,0,0,0,0,1,0,0
680148,0,1,0,0,0,0,0,0,0,0
680161,0,0,0,0,0,0,0,0,0,0
680175,0,1,0,1,0,0,1,1,1,0
680189,0,0,0,0,0,0,0,1,0,0
680203,0,0,0,1,0,0,1,1,0,0
690009,0,0,0,1,0,0,1,1,1,1
690022,,0,0,1,1,0,1,1,1,1
690036,0,0,0,1,0,0,0,0,1,0
690049,0,,0,0,0,1,1,1,1,1
690062,0,1,0,0,0,0,1,1,1,1
690075,0,0,0,0,1,0,1,1,1,0
690089,0,0,0,0,0,0,1,1,1,1
690102,0,0,0,0,0,0,0,1,0,1
690115,0,0,0,0,0,0,0,0,0,0
690128,0,0,0,0,0,0,0,1,0,0
690142,0,0,0,0,0,0,0,1,0,0
690155,0,1,0,0,0,0,0,1,0,1
690168,0,0,0,0,0,0,1,0,1,0
690182,0,1,0,0,0,0,0,0,0,0
690195,0,0,0,0,0,0,0,1,0,0
700001,0,1,0,0,0,0,0,0,1,0
700013,0,0,0,0,0,0,0,0,0,1
700026,0,0,0,0,0,0,0,0,1,0
700038,0,0,0,0,0,0,0,0,0,0
700050,0,0,0,1,0,0,1,1,1,1
700062,0,0,0,1,0,0,0,0,1,0
700074,0,1,0,0,0,0,1,1,0,0
700086,0,0,0,1,0,0,0,1,0,0
700098,0,0,0,0,0,0,0,0,1,0
700110,0,1,0,0,0,0,0,1,1,0
700122,0,0,0,0,0,0,0,0,0,0
700134,0,1,0,0,0,0,1,0,0,0
700146,0,0,0,0,0,0,0,1,1,1
700158,0,0,0,1,0,0,1,1,1,1
700170,0,0,0,0,0,0,0,0,0,0
710001,0,0,0,1,0,0,0,1,0,1
710004,0,0,0,1,0,0,0,1,1,1
710006,0,0,0,1,0,0,0,1,1,1
710008,0,0,0,0,0,0,0,1,1,0
710011,0,1,0,1,0,0,0,1,1,0
710013,0,0,0,1,1,0,1,1,1,1
710015,0,1,0,0,0,0,0,1,1,1
710018,0,0,0,0,0,0,1,1,1,1
710020,0,0,0,0,0,0,0,1,1,0
710022,1,0,0,0,1,0,0,1,1,1
710025,0,0,0,1,0,0,0,1,1,0
710027,0,0,0,1,0,0,1,1,1,1
710029,0,1,0,0,0,0,0,1,1,0
710032,0,0,0,1,0,0,0,1,1,1
710034,0,1,0,1,1,0,1,1,1,1
720003,0,1,0,1,0,0,0,1,1,1
720007,0,0,0,0,1,0,0,1,1,1
720011,0,0,0,0,0,0,0,1,1,1
720015,0,1,0,0,0,0,0,1,1,0
720019,0,1,0,1,0,1,0,1,1,1
720023,0,0,0,0,0,0,0,1,1,0
720027,0,1,0,0,0,0,0,1,1,0
720030,0,0,0,0,0,0,0,0,1,1
720034,0,0,0,0,0,0,0,1,1,0
720038,0,0,0,0,0,0,1,1,1,1
720042,0,0,0,1,0,0,0,1,1,1
720046,0,0,0,0,0,0,0,1,1,0
720050,0,0,0,0,0,0,1,1,0,1
720054,0,0,0,1,0,0,1,1,1,0
720057,0,0,0,0,0,0,0,1,1,1
730003,0,0,0,0,0,0,0,1,1,0
730007,0,0,1,0,0,0,0,1,1,1
730011,0,1,0,1,0,0,0,1,1,1
730014,0,0,1,0,1,0,1,1,1,1
730018,0,0,0,1,1,1,0,1,1,0
730026,0,0,0,1,0,0,0,1,1,1
730029,0,0,0,1,0,0,1,1,1,1
730033,0,0,1,1,0,0,0,1,1,1
730037,1,0,0,0,0,0,0,0,1,1
730041,0,0,0,1,1,0,0,1,1,1
730044,0,0,1,1,0,0,0,1,1,1
730048,0,0,0,1,0,0,0,1,1,1
730052,0,0,0,1,0,0,1,1,1,1
730056,0,1,0,0,0,0,0,1,1,0
740003,0,,0,0,0,0,1,0,0,0
740013,0,0,0,0,0,1,0,1,1,0
740023,0,1,0,1,0,0,0,1,1,0
740033,0,1,0,1,0,0,1,1,1,0
740043,0,0,0,0,0,0,1,1,1,0
740053,0,1,0,0,0,1,0,1,1,1
740063,0,1,0,0,0,0,0,1,1,0
740073,0,1,0,0,0,1,1,0,1,0
740083,0,0,0,0,0,0,1,1,1,0
740093,0,1,0,0,0,1,1,1,1,0
740103,0,0,0,0,0,0,1,0,0,0
740113,0,0,0,0,0,0,0,0,0,0
740123,0,0,1,0,0,0,0,1,1,0
740133,0,0,0,0,0,0,0,1,1,0
740142,0,1,0,0,0,0,0,0,0,0
750006,0,0,0,1,0,0,0,1,1,0
750012,0,0,0,0,0,0,0,1,1,1
750019,0,1,0,1,0,0,0,1,1,0
750026,0,0,0,0,0,0,0,1,1,0
750032,0,0,0,1,0,0,0,1,0,1
750039,0,0,0,0,0,0,0,0,0,0
750046,0,1,0,0,0,0,1,0,1,0
750052,0,0,0,0,0,0,1,1,1,0
750059,0,0,0,0,0,0,0,0,1,0
750066,0,1,0,0,0,0,0,1,1,0
750072,0,0,0,0,0,0,0,0,0,0
750079,0,0,0,0,0,0,1,1,0,0
750086,0,1,0,0,0,0,0,0,1,0
750092,0,1,0,0,0,0,0,1,1,0
750099,0,1,0,1,0,0,1,0,1,0
760008,0,1,0,0,0,0,1,1,1,1
760020,0,0,0,0,0,0,0,1,1,0
760031,0,1,0,0,0,0,1,1,1,0
760043,0,0,0,0,0,0,0,1,1,0
760055,0,1,0,0,0,0,1,1,1,0
760066,0,0,0,1,0,0,1,1,1,1
760078,0,1,0,0,0,0,1,1,1,0
760089,0,0,0,1,0,0,1,1,1,0
760101,0,0,0,0,0,0,0,1,0,0
760113,0,0,0,1,0,0,1,1,1,1
760124,0,0,0,0,0,0,0,0,0,0
760136,0,0,0,0,0,0,0,1,1,0
760147,0,1,0,0,0,0,0,0,0,0
760159,0,0,0,0,0,0,0,1,1,0
760171,0,1,0,0,0,0,1,1,1,0
770003,0,0,0,0,0,0,0,0,0,0
770023,0,0,0,1,0,0,1,1,0,1
770042,1,0,0,1,0,0,0,1,1,0
770061,0,0,0,0,0,0,0,1,1,0
770081,0,1,0,0,0,0,1,1,1,0
770100,0,0,0,0,0,0,1,1,1,0
770119,0,1,0,1,0,0,1,1,1,0
770139,0,1,0,1,0,0,0,1,1,0
770158,0,0,0,1,0,0,1,1,1,1
770177,0,1,0,0,0,0,1,1,1,1
770197,0,0,0,0,0,0,0,1,1,0
770216,0,0,0,0,0,0,0,0,1,0
770235,0,0,0,0,0,0,0,0,0,1
770255,0,0,0,0,0,0,0,0,1,0
770274,0,0,0,0,0,0,0,1,1,0
780001,0,1,0,0,0,0,1,1,1,0
780006,0,0,0,0,0,0,0,1,0,0
780011,0,1,0,1,0,0,1,1,1,0
780016,0,0,0,0,1,0,1,1,1,0
780020,0,1,0,0,0,0,0,1,1,0
780025,0,0,0,0,0,0,1,1,1,0
780030,0,0,0,0,0,0,1,0,1,0
780035,0,1,1,1,0,0,0,1,1,0
780039,0,0,0,0,0,0,1,1,1,0
780044,0,1,0,0,0,0,0,1,1,0
780049,0,0,0,1,0,0,1,1,1,1
780053,0,1,0,0,0,0,1,1,1,0
780058,0,1,0,0,0,0,0,1,1,0
780063,0,1,0,0,0,0,0,1,1,0
780068,0,0,0,0,0,0,0,1,1,1
790011,0,0,0,1,0,0,0,0,1,0
790023,0,1,0,0,0,0,1,0,1,1
790034,0,1,0,0,0,0,1,0,1,0
790046,0,1,0,1,0,0,1,1,1,1
790058,0,0,0,0,0,0,0,1,0,1
790069,0,0,0,0,0,0,0,1,1,0
790092,0,1,0,1,0,0,1,1,1,0
790104,0,1,0,0,0,0,0,0,0,0
790116,0,1,1,0,0,0,1,0,0,0
790127,0,0,0,0,0,0,0,0,1,0
790139,0,0,0,0,0,0,0,1,0,0
790150,0,0,0,0,0,0,1,0,0,0
790162,0,1,0,0,0,0,0,0,1,0
790174,0,1,0,0,0,0,0,1,1,0
800013,0,0,0,0,0,0,1,1,1,1
800026,0,0,0,0,0,0,1,0,1,0
800039,0,1,0,0,0,0,1,1,1,0
800052,0,0,0,0,0,0,1,1,1,0
800079,0,0,0,0,0,0,1,1,1,0
800118,0,0,0,0,0,0,0,1,1,0
800131,0,0,0,0,0,0,0,0,1,0
800144,0,0,0,1,0,0,1,1,1,1
800157,0,0,0,1,0,0,0,1,1,0
800171,0,1,0,0,0,0,1,1,1,0
800184,1,1,0,1,0,0,1,1,1,0
800197,0,0,0,0,0,0,0,1,1,0
810008,0,0,0,0,0,0,0,0,0,0
810029,0,0,0,0,0,0,0,0,0,0
810049,0,0,0,0,0,0,0,0,0,0
810070,0,1,0,0,0,0,0,0,0,0
810091,0,0,1,0,0,0,0,0,0,0
810111,0,1,0,0,0,0,0,0,0,0
810132,0,0,0,0,0,0,0,0,0,0
810152,0,0,0,0,0,0,0,0,0,0
810173,0,0,0,0,0,0,1,0,0,1
810193,0,0,0,0,0,0,0,0,0,0
810214,0,0,0,0,0,0,0,0,0,0
810234,0,0,0,0,0,0,0,0,0,0
810255,0,1,0,0,0,0,1,1,0,0
810275,0,1,0,1,0,0,0,0,1,1
810296,0,0,0,0,0,0,0,0,0,0
820002,0,1,0,0,0,0,0,0,1,0
820007,0,0,0,0,0,0,0,1,1,0
820011,0,1,0,1,0,0,0,0,1,1
820015,0,0,0,0,0,0,0,0,0,0
820019,0,0,0,0,0,0,0,0,1,0
820024,0,0,0,0,0,0,0,0,1,0
820028,1,1,0,0,0,0,1,0,1,0
820032,0,0,0,0,0,0,0,1,1,0
820037,0,0,0,0,0,0,0,0,1,0
820041,0,1,0,0,0,0,0,0,1,0
820045,0,0,0,0,0,0,0,1,1,1
820049,0,1,0,0,0,0,0,1,1,1
820054,0,0,0,1,0,0,1,1,1,1
820058,0,0,0,0,0,0,0,0,0,0
820062,0,0,0,0,0,0,0,1,1,0
830009,0,1,0,0,0,0,0,1,1,0
830021,0,0,0,0,0,0,0,1,1,0
830033,0,1,0,1,0,0,0,1,1,0
830045,,,0,0,0,0,0,0,1,0
830057,0,1,0,0,0,0,0,0,0,0
830069,0,0,0,0,0,0,0,0,0,0
830081,0,0,0,0,0,0,1,0,0,0
830093,0,1,1,0,0,0,0,0,1,0
830105,0,0,0,1,0,0,0,1,1,1
830117,0,0,0,1,0,0,1,1,0,0
830129,0,1,0,0,0,0,1,1,0,1
830141,0,0,0,1,0,0,0,1,1,0
830153,0,0,0,0,0,0,0,1,1,0
830165,0,1,1,1,0,0,1,1,1,1
830177,0,0,0,0,0,0,1,0,1,0
840004,0,0,0,1,0,0,0,1,1,0
840009,0,0,0,0,0,0,0,0,1,0
840014,0,0,0,0,0,0,0,0,1,0
840020,0,1,0,0,0,0,0,0,1,0
840025,0,1,0,0,0,0,1,1,1,0
840030,0,0,0,0,0,0,0,1,1,0
840035,0,1,0,0,0,0,0,1,1,0
840040,0,0,0,0,0,0,1,1,1,0
840046,0,0,0,0,0,0,0,0,0,0
840051,0,1,0,0,0,0,0,0,0,0
840056,0,1,0,0,0,0,0,0,1,0
840061,0,0,0,0,0,0,1,1,1,0
840066,0,1,0,0,0,0,0,1,1,0
840072,0,0,0,0,0,0,0,1,1,0
840077,0,0,1,1,0,0,1,1,1,0
850001,0,0,0,0,0,0,1,0,0,0
850010,0,0,0,0,0,0,0,1,1,0
850019,0,0,0,1,0,0,1,1,1,1
850028,0,0,0,0,0,0,0,0,1,0
850037,0,0,0,0,0,0,0,1,1,0
850046,0,0,0,0,0,0,0,0,1,0
850055,0,1,0,0,0,0,1,0,1,0
850063,0,1,0,0,0,0,0,0,1,0
850072,0,0,0,0,0,0,0,0,1,0
850081,0,0,0,0,0,0,0,0,0,0
850090,0,0,0,1,0,0,0,1,1,1
850099,0,1,0,0,0,0,0,0,1,0
850108,0,1,0,0,0,0,0,1,1,1
850117,0,0,0,0,0,0,0,1,1,1
850126,0,0,0,1,0,0,0,0,0,0
850501,0,0,0,0,0,0,1,0,1,0
860001,0,1,0,0,0,0,0,0,1,0
860012,0,1,0,1,0,0,0,1,1,0
860024,,1,0,0,0,0,0,1,1,0
860035,0,0,0,1,0,0,1,1,1,1
860046,1,1,0,1,0,0,0,1,1,0
860057,0,0,0,0,0,0,1,1,1,1
860068,0,0,0,1,0,0,0,0,1,0
860079,0,0,0,0,0,0,0,0,1,0
860090,0,1,0,1,0,0,1,1,0,0
860101,0,0,0,0,0,0,0,0,1,0
860112,0,0,0,1,0,0,0,1,1,0
860123,0,1,0,1,0,0,1,1,0,0
860134,0,0,0,1,0,0,1,1,0,0
860145,0,0,0,1,0,0,1,0,0,0
860156,0,1,0,0,0,0,0,1,1,0
870011,0,1,1,1,0,0,1,0,1,1
870021,0,0,0,0,0,0,0,0,0,0
870031,0,0,0,1,0,0,0,0,1,0
870041,0,0,0,0,0,0,0,0,1,0
870051,0,0,1,1,0,0,1,0,1,1
870062,0,0,0,0,0,0,0,1,1,0
870072,0,0,0,1,0,0,0,0,1,0
870082,0,0,0,0,0,0,0,0,1,0
870092,0,1,0,0,0,0,0,1,1,0
870102,0,0,0,0,0,0,1,0,1,0
870112,0,0,0,0,0,0,0,1,1,0
870123,0,1,0,1,0,0,1,1,1,1
870133,0,0,0,0,0,0,0,1,1,0
870143,0,0,0,0,0,0,0,0,1,0
870153,0,0,0,0,0,0,0,1,1,0
880012,0,0,0,1,0,0,0,0,0,0
880026,0,0,0,1,0,0,0,0,1,1
880039,0,1,1,1,0,0,0,0,0,0
880053,0,0,1,1,0,0,0,0,1,1
880066,0,0,0,1,0,0,1,0,0,0
880079,0,0,0,0,0,0,0,0,0,0
880093,0,1,0,0,0,0,1,0,1,0
880106,0,0,0,1,0,0,0,0,0,0
880120,0,0,0,0,0,0,0,0,1,0
880133,0,0,1,0,0,0,0,0,1,1
880147,0,0,0,0,0,0,0,0,0,1
880160,0,0,0,0,0,0,1,0,0,0
880174,0,0,0,0,0,0,0,0,0,0
880187,0,0,1,1,0,0,1,0,0,0
880201,0,,0,0,0,0,1,0,0,0
890012,0,0,0,0,0,0,1,1,1,1
890020,0,0,0,0,0,0,0,0,0,0
890029,0,0,0,1,0,0,0,1,1,1
890037,0,0,0,1,0,0,0,0,0,1
890045,0,0,0,1,0,0,1,1,1,0
890054,0,1,0,0,0,0,0,1,1,0
890062,0,0,0,0,0,0,0,0,0,0
890071,0,0,0,0,0,0,0,1,1,0
890079,0,1,0,0,0,0,1,1,0,0
890087,0,0,0,0,0,0,0,0,1,0
890096,0,0,0,0,0,0,0,1,1,0
890104,0,0,0,0,0,0,0,1,1,0
890113,0,0,0,0,0,0,0,0,0,0
890121,0,1,0,0,0,0,1,1,1,0
900004,0,0,0,0,0,0,0,1,0,0
900017,1,0,0,1,0,0,1,1,1,1
900030,0,1,0,0,0,0,0,0,0,0
900043,0,1,0,0,0,0,1,1,0,0
900056,0,0,0,0,0,0,0,1,1,0
900069,0,0,0,0,0,0,0,1,0,0
900082,0,1,0,0,0,0,0,0,1,0
900095,0,0,0,0,0,0,0,0,1,0
900108,0,1,0,0,0,0,0,0,0,0
900121,0,0,0,0,0,0,0,1,1,0
900134,0,1,0,0,0,0,0,1,1,0
900147,0,0,0,0,0,1,1,1,1,0
900173,0,1,0,0,0,0,0,1,1,0
900186,0,0,0,0,0,0,1,1,1,0
910005,0,1,0,1,0,0,1,1,1,1
910012,0,1,0,1,0,0,1,1,1,1
910018,1,0,0,0,0,0,0,1,1,0
910024,1,0,0,0,0,0,0,0,0,0
910030,0,1,0,0,0,0,0,1,1,0
910036,0,1,0,0,0,0,1,0,1,0
910042,0,1,0,1,0,0,1,1,1,1
910048,0,0,0,1,0,0,0,1,1,0
910055,0,1,0,0,0,0,1,0,1,0
910061,0,0,0,1,0,0,0,1,1,1
910067,0,0,0,0,0,0,0,0,0,0
910073,0,0,0,0,0,0,1,1,1,1
910079,0,0,0,0,0,0,1,0,1,0
910085,0,1,0,0,0,0,1,1,0,1
910091,0,1,1,1,0,0,1,1,1,1
920011,0,1,0,1,0,0,1,1,1,0
920028,0,1,0,1,0,0,0,1,1,0
920044,0,0,0,1,0,0,0,0,0,0
920060,0,1,0,1,0,0,1,1,1,1
920076,0,0,0,0,0,0,0,1,1,0
920092,0,0,1,1,0,0,1,1,1,0
920108,0,0,0,0,0,0,0,0,1,0
920124,0,0,0,0,0,0,0,1,1,0
920141,0,0,0,0,0,0,0,0,0,0
920157,0,0,0,0,0,0,0,0,1,0
920173,0,0,0,0,0,0,1,1,1,0
920189,0,1,1,1,0,0,1,1,1,1
920205,0,0,0,1,0,0,0,1,1,0
920221,0,0,0,0,0,0,0,0,1,0
920237,0,1,0,0,0,0,0,1,1,0
930001,1,1,0,0,0,0,1,1,1,0
930006,0,0,0,0,0,0,0,0,1,0
930011,0,0,0,1,0,0,0,1,1,0
930016,0,0,0,0,0,0,1,1,1,0
930021,,1,0,0,0,1,0,0,1,1
930026,0,0,0,1,0,0,0,1,1,1
930031,0,1,0,1,0,0,0,0,0,0
930036,0,,0,1,0,0,0,1,0,0
930041,0,0,0,1,0,0,1,0,1,1
930046,0,1,0,0,0,0,1,1,0,0
930051,0,0,0,0,0,0,1,0,0,0
930056,0,0,0,0,0,1,0,0,0,0
930061,0,0,0,0,0,0,1,1,0,0
930066,0,0,0,0,0,0,0,1,1,0
930070,0,0,0,1,0,0,0,0,0,1
940007,0,1,0,1,0,0,1,1,1,0
940013,0,0,0,0,0,0,0,0,0,0
940019,0,0,0,0,0,0,0,0,0,0
940025,0,0,0,0,0,0,1,1,0,0
940031,0,0,0,0,0,0,0,0,0,0
940037,0,0,0,0,0,0,1,0,0,0
940043,0,0,0,0,0,0,0,0,0,0
940049,0,0,0,0,0,0,0,1,0,0
940055,0,0,0,0,0,0,0,1,0,0
940061,0,0,0,0,0,0,0,0,0,0
940067,0,0,0,0,0,0,0,0,1,0
940073,0,0,0,1,0,0,1,1,1,1
940079,0,0,0,1,0,0,0,0,0,0
940085,0,0,0,1,0,0,1,1,1,1
950019,0,0,0,0,0,0,1,0,0,1
950039,0,0,0,1,0,0,0,0,0,0
950058,0,0,0,1,0,0,1,0,0,1
950078,0,0,0,1,0,0,0,0,0,0
950097,0,0,0,0,0,0,0,0,0,0
950136,0,0,0,0,0,0,0,0,0,0
950155,0,0,0,1,0,0,1,0,0,0
950175,0,0,0,0,0,0,0,0,1,0
950194,0,0,0,0,0,0,1,0,0,0
950214,0,0,0,0,0,0,0,0,0,0
950233,0,0,0,0,0,0,0,0,0,0
950253,0,0,0,0,0,0,0,0,0,0
950272,0,0,0,0,0,0,0,0,0,0
950292,0,0,0,0,0,0,1,0,0,0
950501,0,0,0,1,0,0,1,0,0,1
960005,0,1,0,0,0,0,0,0,1,1
960019,0,1,0,0,0,0,0,1,0,0
960032,0,1,0,0,0,0,1,0,0,0
960046,0,1,0,0,0,0,0,1,0,0
960072,0,0,1,0,0,0,0,1,1,0
960086,0,1,0,0,0,0,0,1,1,0
960099,0,0,0,0,0,0,0,1,1,0
960113,0,1,1,0,0,0,0,1,1,0
960126,0,0,1,1,0,0,0,0,1,0
960139,0,1,1,0,0,0,1,1,0,0
960153,0,0,0,0,0,0,0,1,1,0
960166,0,1,0,1,0,0,0,1,1,1
960180,0,0,0,1,0,0,1,1,1,1
960193,0,0,0,0,0,0,0,0,0,0
970003,0,0,0,1,0,0,1,0,0,1
970013,0,0,0,0,0,0,0,0,1,0
970022,0,1,0,1,0,0,0,1,1,1
970032,0,1,0,0,0,0,0,0,1,0
970041,0,1,0,1,0,0,1,0,1,1
970051,0,0,0,0,0,0,0,1,1,0
970060,0,1,0,0,0,0,0,1,1,0
970070,0,0,0,0,0,0,1,0,1,0
970079,0,0,0,1,0,0,1,0,1,0
970089,0,1,1,1,0,0,0,1,1,1
970098,0,0,0,1,0,0,0,1,1,1
970108,0,1,0,0,0,0,1,1,1,1
970117,0,0,0,0,0,0,1,0,1,0
970126,0,0,0,0,0,0,1,0,1,0
970136,0,0,0,0,0,0,0,0,1,0
970501,0,0,0,1,0,0,1,1,1,1
970502,0,0,0,0,0,0,1,1,1,1
970503,0,0,0,1,0,0,1,1,1,1
980011,0,0,0,0,0,0,0,0,0,0
980024,0,0,0,0,0,0,0,1,0,0
980038,0,0,0,0,0,0,0,0,1,0
980051,0,1,0,0,0,0,1,1,1,0
980064,0,0,0,1,0,0,1,0,1,1
980077,0,0,0,1,0,0,0,1,1,1
980091,0,1,0,0,0,0,0,1,1,0
980104,0,0,0,0,0,0,1,0,0,0
980117,0,0,0,0,0,0,0,0,0,0
980130,0,0,0,0,0,0,0,0,1,0
980144,0,1,0,0,0,0,0,1,1,1
980157,0,0,0,0,0,0,1,1,1,0
980170,0,0,0,0,0,0,0,1,1,0
980184,0,0,0,1,0,0,0,1,1,1
990008,0,0,0,1,0,0,0,0,0,0
990019,0,0,0,0,0,0,0,0,1,0
990030,0,1,0,1,0,0,0,0,1,0
990040,0,1,0,0,0,0,0,0,0,0
990051,0,1,0,1,0,0,0,1,1,0
990062,0,0,0,0,0,0,0,1,1,0
990073,0,0,0,0,0,0,1,1,0,0
990084,0,0,0,0,0,0,0,1,1,0
990095,0,1,0,0,0,0,1,1,0,0
990106,0,0,0,0,0,0,1,0,0,0
990117,0,0,0,0,0,0,1,1,1,0
990138,0,0,0,0,0,0,1,1,1,0
990149,0,0,0,0,0,0,1,1,1,0
990160,0,1,0,0,0,0,1,1,1,1
1000001,0,1,0,0,0,0,0,0,1,0
1000007,0,1,1,1,0,0,1,1,1,0
1000012,0,0,0,0,0,0,1,0,1,1
1000017,0,0,0,0,0,0,0,1,1,0
1000022,0,1,1,1,0,0,1,0,0,1
1000028,0,0,0,1,0,0,0,1,0,0
1000033,0,1,0,0,0,0,0,1,1,0
1000038,0,0,0,1,0,0,0,0,0,0
1000044,0,1,0,0,0,0,0,1,1,0
1000049,0,0,0,0,0,0,0,0,1,0
1000054,0,0,0,0,0,0,0,1,1,0
1000059,0,0,0,1,0,0,0,1,1,0
1000065,0,0,0,1,0,0,1,1,0,0
1000070,0,1,0,0,0,0,0,0,1,0
1000075,0,1,0,1,0,0,1,1,1,0
1010001,0,0,1,0,0,0,0,0,1,0
1010012,0,0,0,0,0,0,0,1,1,0
1010022,0,0,0,1,0,0,1,1,1,0
1010033,0,0,0,1,0,0,1,1,0,0
1010043,0,1,0,0,0,0,0,0,1,0
1010054,0,0,0,1,0,0,1,1,1,0
1010064,0,1,0,0,0,0,1,1,1,0
1010075,0,1,0,0,0,0,1,1,1,0
1010085,0,0,0,1,0,0,0,0,1,1
1010096,0,1,0,0,0,0,1,1,1,0
1010106,0,1,0,0,0,0,1,1,1,0
1010117,0,0,0,0,0,0,1,1,1,0
1010127,0,1,0,1,0,0,0,1,1,0
1010137,0,1,0,1,0,0,1,1,1,1
1010148,0,0,0,0,0,0,0,1,1,0
1020025,0,0,0,0,0,0,0,0,0,0
1020074,0,0,0,0,0,0,0,0,0,0
1020098,0,0,0,0,0,0,1,0,0,0
1020123,0,0,0,0,0,0,1,0,0,1
1020147,0,0,0,0,0,0,1,0,0,0
1020171,0,1,0,0,0,0,0,0,0,1
1020196,0,0,0,0,0,0,0,0,0,0
1020220,0,0,0,0,0,0,0,0,0,0
1020245,0,0,0,0,0,0,1,0,0,0
1020269,0,0,0,0,0,0,1,0,0,1
1020294,0,0,0,0,0,0,0,0,0,0
1020318,0,,0,0,0,0,0,0,0,0
1020367,0,1,0,0,0,0,0,0,0,0
1030013,0,0,0,1,0,0,1,1,1,1
1030025,0,1,0,0,0,0,1,1,1,0
1030037,0,1,0,,0,0,0,0,0,0
1030049,0,0,0,0,0,0,0,1,1,0
1030062,0,0,0,0,0,0,0,0,1,0
1030074,0,0,1,1,0,0,1,1,0,1
1030086,0,0,0,0,0,0,1,1,1,0
1030098,0,0,0,1,0,0,1,1,1,0
1030111,0,0,0,0,0,0,0,1,1,0
1030123,0,1,0,1,0,0,1,1,1,1
1030135,0,0,0,0,0,0,0,0,1,0
1030147,0,1,1,1,0,0,1,1,1,0
1030160,0,1,0,0,0,0,1,1,1,0
1030172,0,0,0,0,0,0,0,1,1,0
1030184,0,1,0,1,0,0,1,1,1,1
1040003,0,0,1,1,0,0,0,0,1,0
1040011,0,0,1,1,0,0,1,1,1,1
1040018,0,0,0,0,0,0,0,0,1,0
1040025,0,0,0,0,0,0,0,0,1,0
1040033,0,0,0,0,0,0,0,0,1,0
1040040,0,0,0,0,0,0,0,1,1,0
1040047,0,1,0,1,0,0,1,1,0,0
1040055,0,0,0,1,0,0,1,1,1,0
1040062,0,1,0,1,0,0,1,1,1,0
1040069,0,0,1,1,0,0,0,0,0,1
1040077,0,1,0,0,0,0,0,1,1,0
1040084,0,0,0,0,0,0,0,0,1,0
1040091,0,0,0,0,0,0,0,1,1,0
1040099,0,1,0,1,0,0,1,1,1,1
1040106,0,0,0,0,0,0,1,1,1,0
1050004,0,0,0,0,0,0,0,0,0,0
1050016,0,0,0,1,0,0,0,0,1,0
1050027,0,0,1,1,0,0,0,1,1,0
1050038,0,0,0,0,0,0,0,0,0,0
1050049,0,0,0,0,0,0,0,1,1,0
1050061,0,0,0,0,0,0,1,1,1,0
1050072,0,1,1,1,0,0,0,1,1,0
1050083,0,0,0,0,0,0,1,1,1,1
1050095,0,1,0,0,0,0,1,0,1,0
1050117,0,1,0,0,0,0,1,0,0,0
1050128,0,0,0,1,0,0,0,0,0,0
1050140,0,0,0,0,1,0,1,1,1,0
1050151,0,0,0,1,0,0,0,1,0,0
1050162,0,1,0,0,0,0,0,0,1,0
1060012,0,1,0,0,0,0,0,1,1,0
1060027,0,1,0,0,1,0,1,1,1,1
1060042,0,0,0,0,0,0,1,1,1,0
1060057,0,1,0,1,0,0,1,1,1,0
1060072,0,0,0,1,0,0,0,1,1,1
1060087,0,0,0,0,0,0,0,1,0,0
1060101,0,1,0,0,0,0,0,1,1,0
1060116,0,1,0,1,0,0,0,0,1,0
1060131,0,1,0,1,0,0,0,1,1,0
1060146,0,0,0,0,0,0,1,1,1,0
1060161,0,1,0,1,0,0,1,1,1,0
1060176,0,1,0,1,0,0,1,1,1,1
1060191,0,0,0,1,0,0,1,1,0,0
1060221,0,1,0,1,0,0,1,1,1,1
1070012,0,0,0,0,0,0,1,1,0,0
1070029,0,0,0,0,0,0,0,1,1,0
1070047,0,1,0,0,0,0,0,0,0,0
1070064,0,1,0,,0,0,1,1,0,0
1070081,0,0,0,1,0,0,1,1,0,0
1070099,0,1,0,1,0,0,1,1,1,0
1070116,,1,0,0,0,0,1,1,1,0
1070133,0,0,0,1,0,0,1,1,1,1
1070151,0,1,0,1,0,0,1,1,1,1
1070168,0,0,0,0,0,0,1,1,1,0
1070185,0,0,0,0,0,0,0,0,0,0
1070203,0,1,1,1,0,0,0,0,1,1
1070220,0,1,0,0,0,0,0,1,0,0
1070237,0,0,0,0,0,0,0,0,1,0
1070255,0,1,0,0,0,0,0,0,0,0
1080002,0,1,0,1,0,0,1,1,0,1
1080019,0,0,0,1,0,0,1,1,1,0
1080036,0,0,0,1,0,0,1,1,1,1
1080052,1,1,0,1,0,0,1,1,1,0
1080069,0,1,0,1,0,0,1,1,1,1
1080085,1,0,0,0,0,0,1,1,1,1
1080102,0,0,0,1,0,0,1,1,0,1
1080119,0,1,1,1,0,0,1,1,1,0
1080135,0,1,0,1,0,0,1,1,1,0
1080152,0,0,1,1,0,0,1,1,0,0
1080168,0,1,0,1,0,0,1,1,1,0
1080185,0,0,0,1,0,0,1,1,1,0
1080202,0,1,1,1,1,0,1,1,1,1
1080218,0,1,0,1,0,0,0,1,1,0
1080235,0,1,0,0,0,0,0,1,1,1
1090001,0,0,0,0,0,0,0,0,1,0
1090006,0,1,0,0,0,0,1,1,1,0
1090011,0,1,0,0,0,0,0,0,1,0
1090016,0,0,0,0,0,0,0,1,1,0
1090021,0,0,0,0,0,0,0,1,1,0
1090026,0,1,0,0,0,0,1,0,0,0
1090031,0,0,0,0,0,0,0,1,0,0
1090035,0,1,0,0,0,0,0,1,1,0
1090040,0,0,0,0,0,0,1,1,1,0
1090045,0,0,0,0,0,0,0,0,1,0
1090050,0,0,0,0,0,0,1,1,0,0
1090055,0,1,0,0,0,0,1,1,1,0
1090060,0,0,0,0,0,0,0,1,1,0
1090065,0,0,0,0,0,0,0,1,1,0
1090070,0,1,0,1,0,0,1,1,1,1
1100019,0,0,0,1,0,0,1,1,1,0
1100039,0,0,0,0,0,0,0,1,1,0
1100078,0,1,0,0,0,0,1,0,0,0
1100098,0,1,0,0,0,0,1,0,1,0
1100118,0,0,0,0,0,0,0,0,0,0
1100137,0,1,0,0,0,0,0,0,1,1
1100157,0,0,0,0,0,0,0,1,1,1
1100177,0,0,0,0,0,0,0,0,1,0
1100196,0,0,0,0,0,0,0,0,1,0
1100216,0,0,0,0,0,0,0,0,0,0
1100236,0,0,0,0,0,0,0,1,1,0
1100255,0,0,0,0,0,0,0,0,0,0
1100275,0,0,0,0,0,0,0,1,0,0
1100295,0,0,0,0,0,0,0,0,0,0
1110005,0,0,0,0,0,0,0,0,1,0
1110011,0,0,0,0,0,0,0,1,0,0
1110017,0,0,0,1,0,0,0,1,1,1
1110023,0,0,0,0,0,0,0,0,0,0
1110029,0,0,0,0,0,0,0,0,1,0
1110035,0,0,0,0,0,0,0,0,0,0
1110041,0,0,0,0,0,0,0,0,0,0
1110047,0,0,0,1,0,0,1,1,0,0
1110053,0,0,0,0,0,0,0,1,0,0
1110059,0,0,0,0,0,0,0,0,0,0
1110065,0,0,0,0,0,0,1,0,0,0
1110071,0,0,0,0,0,0,0,1,1,0
1110077,0,0,0,0,0,0,0,1,0,0
1110083,0,0,0,0,0,0,1,1,1,0
1110088,0,0,0,0,0,0,0,0,0,0
1120005,0,0,1,1,0,0,1,1,1,0
1120018,0,1,1,1,0,0,1,1,1,0
1120044,0,0,1,1,0,0,1,1,1,1
1120057,0,1,0,0,0,0,1,1,1,0
1120070,0,0,0,1,0,0,0,1,1,0
1120083,0,1,1,1,0,0,1,1,1,0
1120095,0,1,1,1,1,0,1,1,1,1
1120108,0,1,0,0,0,0,0,0,0,0
1120121,0,0,0,0,0,0,0,1,1,0
1120134,0,1,0,0,0,0,1,1,1,0
1120147,0,1,0,1,0,0,0,1,1,0
1120160,0,1,0,1,0,0,0,1,1,1
1120173,0,1,0,0,0,0,1,0,0,0
1120186,0,0,0,1,0,0,0,0,0,0
1130005,0,1,0,0,0,0,0,1,1,1
1130023,0,0,0,0,0,0,0,0,0,0
1130040,0,1,0,0,0,0,1,0,0,0
1130057,0,1,0,1,0,0,1,1,1,1
1130074,0,0,0,0,0,0,1,1,1,0
1130092,0,0,0,0,0,0,0,1,1,0
1130109,0,0,0,1,0,0,0,1,1,0
1130126,0,1,1,1,0,0,1,1,1,0
1130161,0,0,0,0,0,0,1,0,1,0
1130178,0,1,0,0,0,0,1,1,1,0
1130195,0,0,0,0,0,0,1,1,1,0
1130213,0,0,0,0,0,0,0,0,1,0
1130230,0,0,0,1,0,0,1,0,1,0
1130247,0,1,0,1,0,0,1,1,1,0
1140010,0,1,0,0,0,1,1,1,1,1
1140024,0,1,0,1,0,0,0,1,1,1
1140038,0,1,0,0,0,0,0,0,1,0
1140052,0,0,0,1,0,0,1,1,1,0
1140066,1,1,0,1,0,0,0,1,1,0
1140080,0,1,0,0,0,0,0,0,1,1
1140108,0,1,1,1,0,0,0,0,1,1
1140122,0,1,0,0,0,0,0,1,1,0
1140136,0,1,0,0,0,0,1,1,0,0
1140150,0,0,0,0,0,0,0,1,1,0
1140164,0,1,0,1,0,0,0,1,1,0
1140178,0,1,0,1,0,0,1,1,1,1
1140192,0,0,0,1,0,0,0,0,1,1
1140205,0,0,0,1,0,0,0,0,1,0
1150008,0,1,0,1,1,0,1,1,1,1
1150020,0,0,0,0,0,0,1,1,1,0
1150032,0,1,1,1,0,0,1,1,1,0
1150043,0,0,1,1,1,0,0,1,1,1
1150055,0,1,1,1,0,0,1,1,1,1
1150067,0,1,1,0,0,0,0,1,1,1
1150079,0,1,0,0,0,0,0,0,1,0
1150090,1,0,0,1,0,0,0,1,1,1
1150102,0,0,0,1,0,0,0,1,1,1
1150114,0,0,1,1,0,0,0,1,1,0
1150126,0,1,0,0,0,0,1,1,1,1
1150137,0,0,0,0,0,0,1,0,0,0
1150149,1,1,0,1,0,0,1,1,1,0
1150161,0,0,0,1,0,0,1,1,1,1
1150173,0,1,1,0,0,0,0,1,1,0
1160002,0,0,0,0,0,0,1,1,1,1
1160018,0,,0,1,0,1,1,1,1,1
1160033,0,1,0,0,0,0,0,1,1,0
1160048,0,0,0,0,0,0,0,1,1,0
1160063,0,0,0,0,0,0,0,0,1,0
1160094,0,0,0,0,0,0,0,0,1,0
1160109,0,0,0,0,0,0,0,0,0,0
1160125,0,0,1,1,0,0,0,1,1,0
1160140,0,1,1,1,0,0,0,0,1,0
1160155,0,0,0,1,0,0,1,1,1,0
1160170,0,0,0,1,0,0,0,1,1,0
1160186,0,1,0,1,0,0,0,1,1,0
1160201,0,0,0,1,0,0,1,1,1,0
1160216,0,0,0,1,1,0,1,1,1,1
1170008,0,1,1,1,1,0,1,1,1,0
1170020,0,0,0,1,0,0,0,1,1,0
1170033,0,1,1,1,0,0,1,1,1,1
1170046,0,0,0,1,0,0,0,1,1,1
1170058,1,0,0,0,0,0,1,1,1,0
1170071,0,0,0,1,0,0,1,1,1,0
1170084,0,1,1,0,0,0,0,1,1,0
1170096,0,0,0,0,0,0,1,1,1,0
1170109,0,1,0,1,0,0,1,1,1,1
1170122,0,1,0,1,0,0,1,1,1,1
1170134,0,1,0,1,0,0,0,1,1,0
1170147,0,1,0,0,0,0,0,1,0,0
1170160,0,1,0,1,0,0,1,1,1,1
1170172,0,0,0,0,0,0,1,1,1,1
1170185,0,0,0,1,0,0,1,1,1,1
1180015,0,0,0,0,0,0,1,1,0,0
1180030,1,0,0,0,0,0,0,1,1,0
1180044,0,1,0,1,0,0,0,1,1,0
1180059,0,0,0,1,0,0,0,0,0,0
1180074,0,1,0,0,0,0,1,1,1,0
1180088,1,0,0,1,0,0,1,1,1,0
1180103,0,1,0,1,0,0,0,1,1,0
1180118,0,1,0,1,0,0,1,1,1,0
1180133,0,1,0,1,1,0,1,1,1,0
1180147,0,1,0,0,0,0,0,1,1,1
1180162,0,1,0,0,0,0,0,1,0,0
1180192,1,1,0,0,0,0,1,1,1,1
1180206,0,0,0,0,0,0,0,1,1,0
1180221,0,0,0,0,0,0,0,0,0,0
1190003,0,0,0,1,0,0,1,1,1,0
1190011,0,1,0,0,0,0,0,1,0,0
1190019,0,1,0,0,0,0,0,1,1,0
1190026,0,1,1,1,0,0,1,1,1,0
1190034,0,1,0,1,0,0,1,1,1,0
1190041,0,1,1,1,0,0,0,1,1,0
1190049,,1,1,1,1,0,1,1,1,1
1190057,0,1,0,0,0,0,0,1,1,1
1190064,0,0,0,0,0,0,0,1,0,0
1190072,0,1,1,1,0,0,1,1,1,1
1190079,0,1,0,0,0,0,0,1,1,0
1190087,0,0,0,0,0,0,1,0,1,0
1190095,0,0,0,1,0,0,1,1,1,1
1190102,0,0,0,0,0,0,1,1,1,1
1190110,0,0,0,0,0,0,0,1,1,0
1190501,0,1,0,1,0,0,1,1,1,1
1200005,0,0,1,1,0,0,0,1,1,0
1200019,0,1,0,0,0,0,0,1,1,1
1200033,0,1,0,0,0,0,0,0,1,0
1200047,0,1,1,1,0,0,0,1,1,0
1200061,0,0,0,1,0,0,1,0,0,0
1200075,0,1,1,1,0,0,1,1,1,0
1200089,0,0,1,0,0,0,1,1,1,0
1200103,0,0,0,0,0,0,0,0,0,0
1200117,0,1,0,1,0,0,0,1,1,0
1200131,0,,0,1,0,0,0,0,0,1
1200145,0,0,0,1,0,0,0,1,1,1
1200159,0,0,1,0,0,0,0,0,1,0
1200173,0,0,0,0,0,0,0,1,1,1
1200187,0,0,0,0,0,0,0,1,1,0
1200200,0,1,1,0,0,0,0,0,1,0
1210006,0,0,0,0,0,0,0,0,1,0
1210014,0,0,0,0,0,0,1,1,0,0
1210029,0,0,0,0,0,0,0,1,0,0
1210037,0,1,0,0,0,0,1,1,0,0
1210044,0,1,0,0,0,0,0,0,1,0
1210052,0,0,0,0,0,0,0,1,1,0
1210059,0,0,0,0,0,0,0,1,1,0
1210067,0,1,0,0,0,0,0,0,1,0
1210075,0,0,0,1,0,0,1,1,1,0
1210082,0,0,0,0,0,0,0,1,1,0
1210090,0,0,0,0,0,0,0,1,1,0
1210097,0,0,0,0,0,0,0,0,0,0
1210105,0,0,0,0,0,0,0,0,0,0
1210113,0,1,1,0,0,0,1,1,1,1
1220018,0,1,0,1,0,0,0,1,1,0
1220028,0,1,0,1,0,0,1,1,1,0
1220038,0,1,0,1,0,0,0,1,1,0
1220048,0,1,0,1,0,0,1,1,1,1
1220058,0,0,0,1,0,0,1,1,1,0
1220068,0,1,0,0,0,0,0,0,0,0
1220078,0,0,0,1,0,0,0,1,1,0
1220088,0,1,0,0,0,0,0,1,1,0
1220118,0,0,0,0,0,0,0,1,1,0
1220128,1,1,0,1,0,0,1,1,1,1
1220138,0,0,0,0,0,0,0,1,1,0
1220148,0,1,0,0,0,0,0,1,1,0
1230002,0,1,0,0,0,0,0,0,1,0
1230011,0,0,0,0,0,0,1,0,0,0
1230020,0,0,0,0,0,0,0,0,0,0
1230028,1,0,0,0,0,0,0,1,1,0
1230037,0,0,0,0,1,0,0,0,1,0
1230045,0,0,0,1,0,0,1,1,1,0
1230054,0,0,0,0,0,0,0,0,1,0
1230063,0,1,0,0,0,0,1,1,0,0
1230071,0,1,0,0,0,0,1,0,0,0
1230080,0,0,0,1,0,0,1,1,0,0
1230088,0,0,0,0,0,0,0,1,0,0
1230097,0,1,0,0,0,0,1,1,0,0
1230106,1,1,0,0,0,0,0,0,0,0
1230114,0,0,0,0,0,0,0,0,0,0
1230123,0,1,0,0,0,0,0,1,0,0
1240003,0,0,0,0,0,0,0,1,1,0
1240005,0,1,0,0,0,0,1,1,0,0
1240008,0,0,0,1,0,0,1,1,1,0
1240011,0,0,0,1,0,0,0,1,0,0
1240013,0,1,0,1,0,0,0,1,1,0
1240016,0,1,0,1,0,0,0,1,1,0
1240018,0,0,0,0,0,0,0,1,0,0
1240021,1,1,0,0,0,0,0,1,1,0
1240024,0,0,0,0,0,0,0,1,1,0
1240026,0,0,0,0,0,0,0,1,0,0
1240029,0,0,0,0,0,0,0,1,1,0
1240031,0,0,0,0,0,0,0,1,1,0
1240034,0,1,0,0,0,0,0,1,0,0
1240037,0,0,0,0,0,0,0,0,1,0
1240039,0,1,0,0,0,0,0,0,1,0
1250005,0,1,0,0,0,0,0,0,0,0
1250017,0,0,0,1,0,0,0,0,0,0
1250023,0,0,0,0,0,0,0,1,1,1
1250030,0,1,0,0,0,0,0,0,0,0
1250036,0,0,0,0,0,0,0,0,0,0
1250042,0,0,0,0,0,0,0,0,0,0
1250048,0,0,0,0,0,0,0,1,0,0
1250055,0,0,0,0,0,0,1,0,0,1
1250061,0,0,0,0,0,0,0,1,1,1
1250073,0,1,0,0,0,0,0,0,0,0
1250080,0,0,1,1,0,0,1,1,1,1
1250086,0,,0,1,0,0,0,1,0,0
1250092,0,1,0,0,0,0,1,1,1,0
1260018,0,1,0,1,0,0,1,1,1,1
1260055,1,0,0,1,0,0,0,1,0,1
1260073,0,1,0,1,0,0,1,1,1,1
1260091,0,1,0,1,0,0,0,1,1,1
1260109,0,0,0,0,0,0,1,1,1,0
1260127,0,1,1,1,0,0,0,1,1,0
1260145,0,0,0,1,0,0,0,0,1,1
1260164,0,1,0,0,0,0,0,1,1,0
1260182,0,1,1,1,0,0,1,1,1,1
1260200,0,0,0,0,0,0,1,1,1,0
1260218,0,0,0,0,0,0,0,1,1,0
1260236,0,0,0,0,0,0,0,0,0,0
1260254,1,1,0,0,0,0,0,1,1,0
1260272,0,1,0,0,0,0,0,0,1,0
1270005,0,0,0,0,0,0,0,0,0,0
1270031,0,0,0,0,0,0,0,0,1,0
1270043,0,0,0,0,0,0,0,0,0,0
1270056,0,0,0,0,0,0,0,0,0,0
1270069,0,0,0,0,0,0,0,0,0,0
1270081,1,0,0,0,0,0,1,0,0,0
1270094,0,0,0,0,0,0,0,0,1,0
1270107,0,0,0,0,0,0,0,0,0,0
1270119,0,0,0,0,0,0,0,0,0,1
1270132,0,0,0,0,0,0,1,0,0,0
1270145,0,0,0,0,0,0,0,0,0,0
1270157,0,1,0,0,0,0,0,0,0,0
1270170,0,0,0,0,0,0,0,0,0,0
1270183,0,0,0,0,0,0,0,0,0,0
1280001,0,0,0,0,0,0,0,0,1,0
1280005,0,0,0,1,0,0,0,0,0,0
1280008,0,0,0,0,0,0,0,0,0,0
1280011,0,0,0,0,0,0,0,0,0,0
1280014,0,0,0,0,0,0,0,0,0,0
1280018,0,0,0,0,0,0,0,1,1,0
1280021,0,1,0,0,0,0,1,0,1,0
1280024,0,0,0,0,0,0,1,0,1,1
1280028,0,0,0,0,0,0,0,1,1,0
1280031,0,1,0,1,0,0,0,0,1,0
1280034,0,0,1,1,1,0,1,1,1,1
1280037,1,1,0,1,0,1,1,1,1,1
1280041,0,1,1,1,0,0,1,0,1,0
1280047,0,1,1,1,0,0,1,0,1,0
1290005,0,0,0,1,0,0,1,1,1,0
1290010,0,1,0,0,0,0,0,1,1,1
1290016,0,0,0,0,0,0,0,0,0,0
1290021,0,0,0,0,0,0,0,1,0,0
1290026,0,0,0,0,0,0,1,0,0,0
1290031,0,1,0,0,0,0,1,1,1,0
1290037,0,0,0,0,0,0,1,0,0,0
1290042,0,0,0,0,0,0,0,1,1,0
1290047,0,1,0,0,0,0,0,0,1,0
1290052,0,0,0,0,0,0,0,0,1,0
1290058,0,0,1,1,0,0,1,1,1,0
1290063,0,0,0,1,0,0,1,1,0,1
1290068,0,1,0,0,0,0,1,1,1,0
1290074,0,0,0,1,0,0,1,1,0,0
1290079,0,1,0,0,0,0,0,1,1,0
1300010,1,0,0,0,0,0,0,0,1,0
1300024,0,1,0,0,0,0,0,1,0,0
1300038,0,0,0,0,0,0,1,0,1,0
1300052,0,1,0,1,0,0,1,1,1,0
1300066,0,1,0,0,0,0,0,1,1,0
1300080,0,0,0,0,0,0,0,0,1,0
1300094,0,0,0,0,0,0,0,0,1,0
1300108,0,0,0,0,0,0,0,1,1,0
1300122,0,1,0,0,0,0,1,0,1,0
1300136,0,1,0,0,0,0,0,1,1,0
1300150,0,0,0,0,0,0,0,0,1,0
1300178,0,0,0,1,0,0,1,1,1,0
1300192,0,0,0,0,0,0,0,0,1,0
1300206,0,1,0,0,0,0,0,1,1,0
1310003,0,1,0,0,0,0,0,1,1,0
1310007,0,0,0,0,0,0,0,1,1,0
1310011,0,1,0,1,0,0,0,1,1,1
1310015,0,1,0,0,0,0,0,1,0,0
1310019,0,,0,1,0,0,1,1,1,0
1310023,0,0,0,1,0,0,0,1,1,0
1310027,0,0,0,0,0,0,0,1,1,0
1310030,0,0,1,1,0,0,1,1,1,0
1310034,0,1,0,0,0,0,0,0,1,0
1310038,0,0,0,1,0,0,0,0,1,0
1310042,0,1,0,0,0,0,0,0,0,0
1310046,0,1,0,1,0,1,1,1,1,0
1310050,1,1,0,1,0,0,1,1,1,0
1310054,0,1,0,1,1,0,1,1,1,0
1310057,0,0,0,1,0,0,0,1,1,0
1320001,0,0,0,0,0,0,0,1,1,0
1320014,0,0,0,0,0,0,1,1,1,1
1320026,0,0,0,0,0,0,0,1,1,0
1320038,0,0,0,0,0,0,0,1,1,0
1320050,0,0,0,1,0,0,0,1,0,0
1320086,0,0,0,0,0,0,0,1,1,0
1320098,0,0,0,0,0,0,1,1,1,0
1320123,0,0,0,1,0,0,0,1,1,0
1320147,0,0,0,0,0,0,0,1,1,0
1320159,0,1,0,1,0,0,1,1,1,0
1320171,0,1,0,0,0,0,0,1,1,0
1330007,0,1,0,0,0,0,0,1,1,0
1330014,0,0,0,1,0,0,1,1,1,1
1330022,1,,1,1,0,0,1,0,0,1
1330029,0,0,0,0,0,0,1,0,1,0
1330036,0,0,0,1,1,0,1,1,1,0
1330044,0,0,0,0,1,0,1,1,1,0
1330051,0,1,0,1,0,0,1,1,0,1
1330058,0,0,0,1,0,0,1,1,0,1
1330066,0,0,0,1,1,0,1,1,1,0
1330073,0,0,0,0,0,0,1,1,1,0
1330080,0,0,0,1,0,0,1,1,1,0
1330088,0,0,0,1,0,0,1,1,1,0
1330095,0,1,0,0,0,0,1,1,0,0
1330102,0,1,0,0,0,0,1,1,1,1
1330110,0,0,0,0,0,0,0,1,0,0
1340003,0,1,0,1,0,0,0,1,0,0
1340007,0,1,0,0,0,0,0,1,1,0
1340011,0,0,0,0,0,0,0,1,1,0
1340014,0,0,0,0,0,0,0,0,1,0
1340022,0,0,0,0,0,0,0,0,0,0
1340026,0,0,0,0,0,0,0,0,0,0
1340029,0,0,0,0,0,0,1,0,0,0
1340033,0,1,0,0,0,0,0,0,0,0
1340037,0,1,0,0,0,0,1,1,1,0
1340041,0,1,0,0,0,0,0,1,1,0
1340044,0,1,1,1,1,0,0,1,0,0
1340048,0,1,0,0,0,0,0,1,1,0
1340052,0,0,0,0,0,0,0,0,1,0
1340056,0,0,0,0,1,0,0,1,1,0
1350006,0,0,0,1,0,0,0,1,1,0
1350021,0,0,0,0,0,0,0,1,1,0
1350037,0,1,0,1,0,0,0,0,0,0
1350052,0,1,0,1,0,0,1,1,1,0
1350067,0,0,0,1,0,0,1,1,1,1
1350082,0,1,0,1,0,0,1,1,1,0
1350097,0,0,0,1,0,0,1,1,1,0
1350112,0,0,0,1,0,0,1,1,1,1
1350127,1,1,0,1,0,0,0,1,1,0
1350142,0,1,0,0,0,0,1,1,1,0
1350157,0,1,0,1,0,0,1,1,1,0
1350172,0,0,0,0,0,0,1,1,1,0
1350187,0,1,0,0,0,0,1,1,0,1
1350202,0,0,0,0,0,0,0,1,1,0
1350217,0,1,0,1,0,0,1,0,1,0
1360003,0,1,0,0,0,0,0,0,0,0
1360015,0,0,0,1,0,0,0,0,0,1
1360027,0,0,0,0,0,0,0,0,0,0
1360039,0,0,0,1,0,0,1,1,1,1
1360051,0,0,0,0,0,0,0,0,1,0
1360062,0,0,0,1,0,0,1,1,0,1
1360074,1,0,0,0,0,0,0,0,0,0
1360086,0,0,0,0,0,0,0,0,0,0
1360098,0,0,0,1,0,0,0,0,1,0
1360110,0,0,0,0,0,0,0,0,0,0
1360121,0,0,0,0,0,0,0,0,0,0
1360133,0,0,0,0,0,0,1,0,1,0
1360145,0,0,0,0,0,0,0,0,0,0
1360157,0,0,0,0,0,0,0,0,0,0
1360169,0,0,0,0,0,0,0,0,1,0
1370006,0,0,0,0,0,0,0,1,1,0
1370012,0,0,0,0,0,0,0,0,1,0
1370019,0,1,0,0,0,0,0,0,0,0
1370026,0,0,0,0,0,0,0,1,1,0
1370039,0,0,0,1,0,0,1,1,0,0
1370046,0,0,0,1,0,0,0,0,0,0
1370052,0,1,0,1,0,0,1,1,1,0
1370059,0,0,0,0,0,0,0,0,1,0
1370066,0,0,0,0,0,0,0,0,0,0
1370072,0,1,0,0,0,0,1,1,1,0
1370079,0,0,0,1,0,0,1,1,1,0
1370086,0,0,0,0,0,0,0,0,1,0
1370092,0,0,0,0,0,0,0,0,1,0
1370099,0,0,0,0,0,0,0,0,0,0
1380004,0,1,0,0,0,0,1,1,1,0
1380010,0,1,0,0,0,0,1,1,1,0
1380016,0,0,0,1,1,0,1,1,1,1
1380021,0,0,0,1,0,0,1,1,1,1
1380027,0,1,0,0,0,0,1,0,1,0
1380033,0,0,0,1,0,0,1,0,1,1
1380038,0,0,0,0,0,0,1,1,1,0
1380044,0,0,0,0,0,0,1,1,0,0
1380050,0,1,0,0,0,0,1,1,1,1
1380055,0,,0,1,0,0,1,1,1,0
1380061,0,1,0,0,0,0,0,1,1,0
1380067,0,1,0,0,0,0,0,0,0,0
1380072,,0,0,1,0,0,1,1,1,0
1380084,,0,0,1,0,0,1,1,1,0
1390002,0,0,0,0,0,0,0,0,0,0
1390019,0,0,0,0,0,0,1,0,1,0
1390035,0,0,0,0,0,0,0,0,0,0
1390052,0,0,0,1,0,0,1,0,1,1
1390069,0,0,0,1,0,0,0,1,0,0
1390102,0,0,0,0,0,0,0,0,0,1
1390118,0,1,0,0,0,0,0,0,0,0
1390135,0,0,0,0,0,0,0,0,0,0
1390151,0,1,0,0,0,0,0,0,0,0
1390168,0,0,0,0,0,0,1,0,0,0
1390184,0,0,0,0,0,0,0,0,0,0
1390201,0,1,0,0,0,0,0,0,1,0
1390217,0,0,0,0,0,0,1,0,0,1
1390234,0,0,0,0,0,0,1,0,0,0
1400008,0,0,0,1,0,0,1,1,1,1
1400020,0,1,0,1,0,0,1,1,1,0
1400032,0,1,0,0,0,0,0,1,1,0
1400044,0,0,0,0,0,0,1,0,1,0
1400056,0,1,0,0,0,0,1,1,1,0
1400069,0,0,0,1,0,0,1,1,1,0
1400081,0,0,0,1,0,0,1,1,1,0
1400093,0,0,0,0,0,0,1,1,1,0
1400105,0,1,0,1,0,0,1,1,1,0
1400117,0,0,0,0,0,0,0,1,1,0
1400129,0,0,0,1,0,0,1,1,1,1
1400142,0,0,0,0,0,0,0,0,0,0
1400154,0,0,0,0,0,0,0,0,1,0
1400166,0,0,0,0,0,0,0,1,0,0
1400178,0,1,0,0,0,0,0,1,1,0
1410009,0,0,0,1,0,0,1,1,1,0
1410017,0,0,0,0,0,0,0,1,1,0
1410025,0,0,1,1,0,0,1,1,0,0
1410034,1,1,0,1,0,0,0,1,1,0
1410042,0,1,0,1,0,0,1,1,1,1
1410051,0,,0,0,0,0,0,0,0,0
1410059,0,0,0,0,0,0,0,0,1,0
1410067,0,0,0,0,0,0,0,1,0,0
1410076,0,0,0,1,0,0,0,1,0,0
1410084,0,1,1,1,0,0,0,1,1,1
1410093,0,0,0,1,0,0,0,1,1,0
1410101,0,0,0,0,0,0,1,1,1,0
1410109,0,0,0,1,0,0,1,0,1,0
1410118,0,0,0,1,0,0,0,1,1,0
1410126,0,0,1,1,0,0,0,1,1,0
1420002,0,1,1,0,0,0,0,1,1,0
1420007,0,1,0,0,1,0,1,1,1,0
1420013,0,0,0,1,0,0,0,1,1,0
1420018,0,0,0,0,0,0,1,1,0,0
1420023,0,1,0,0,1,0,0,1,1,0
1420028,0,0,0,0,0,0,0,1,0,0
1420033,0,0,0,1,0,0,0,1,1,1
1420038,0,0,0,0,0,0,0,0,0,0
1420043,0,1,0,0,0,0,0,1,1,0
1420048,0,1,0,0,0,0,0,0,0,0
1420053,0,0,0,0,0,0,0,0,1,0
1420058,1,1,0,0,0,0,0,1,1,0
1420063,0,1,0,0,0,0,0,1,1,0
1420068,0,0,0,0,0,0,1,1,1,0
1420073,0,1,0,0,1,0,0,1,1,0
1430003,0,0,0,1,0,0,1,1,1,1
1430012,0,1,0,1,0,0,0,0,0,0
1430020,0,0,0,0,0,0,0,1,1,0
1430028,0,0,0,0,0,0,1,1,1,0
1430036,0,1,0,1,0,0,0,0,1,0
1430044,0,0,0,0,0,0,0,1,0,0
1430053,0,0,0,0,0,0,0,0,1,0
1430061,0,0,0,0,0,0,0,0,1,0
1430069,0,0,0,1,0,0,1,1,1,1
1430077,0,0,0,1,0,0,1,1,1,1
1430085,0,1,0,1,0,0,1,1,1,1
1430094,0,0,0,1,0,0,1,1,0,1
1430102,0,1,0,0,0,0,0,1,0,0
1430110,0,0,0,0,0,0,0,0,1,0
1430118,0,0,0,1,0,0,0,0,1,0
1440008,0,0,0,1,0,0,0,0,1,0
1440018,0,0,0,1,0,0,0,1,1,0
1440027,0,1,0,0,0,0,0,0,1,0
1440037,0,1,0,0,0,0,0,0,1,0
1440046,0,0,0,0,0,0,0,0,1,0
1440056,0,0,0,0,0,0,0,0,1,1
1440065,0,1,0,1,0,0,0,1,1,0
1440075,0,0,0,0,0,0,0,0,1,0
1440084,0,0,0,1,0,0,0,0,0,0
1440094,0,0,0,1,0,0,0,1,1,0
1440104,0,0,0,0,0,0,0,0,1,0
1440113,0,0,0,0,0,0,0,0,1,0
1440123,0,0,0,1,0,0,0,0,1,0
1440132,0,0,0,0,0,0,0,0,1,0
1450004,0,1,0,1,0,0,0,1,1,1
1450010,0,0,0,1,0,0,0,1,1,0
1450016,0,0,0,0,0,0,1,1,1,1
1450022,0,1,0,0,0,0,0,1,1,0
1450027,0,0,0,1,0,0,0,1,1,0
1450033,0,0,0,1,0,0,0,1,1,1
1450039,0,0,0,1,1,0,0,1,0,1
1450045,0,0,0,0,0,0,0,1,1,0
1450051,0,1,0,0,0,0,0,0,1,0
1450068,0,0,0,1,0,0,0,1,1,1
1450074,0,0,0,0,0,0,0,0,1,0
1450080,0,0,0,0,0,0,1,0,1,1
1450086,0,1,0,0,0,0,0,0,1,0
1460002,0,1,0,0,0,0,1,0,1,1
1460012,0,0,0,1,0,0,0,1,1,1
1460022,0,0,0,1,0,0,0,0,1,1
1460032,0,0,0,1,0,0,0,1,1,1
1460042,0,0,0,0,0,1,1,0,1,0
1460051,0,0,0,1,0,0,0,0,1,0
1460061,0,0,0,0,0,0,0,0,1,0
1460071,0,1,0,0,0,0,1,1,1,1
1460081,0,1,0,1,0,0,0,0,1,1
1460091,0,0,0,1,0,0,1,0,1,0
1460100,0,0,0,1,0,0,0,0,1,0
1460110,0,0,0,0,0,0,0,0,1,0
1460120,0,0,0,0,0,0,0,1,1,0
1460130,0,1,0,0,0,0,0,0,1,0
1460140,0,0,0,1,0,0,0,0,1,1
1470002,0,0,0,0,0,0,0,0,0,0
1470022,0,0,0,0,0,0,0,0,0,0
1470041,0,0,0,1,0,0,1,0,0,0
1470061,0,0,0,0,0,0,1,0,0,0
1470080,0,0,0,1,0,0,0,0,0,0
1470099,0,0,0,0,0,0,1,0,0,1
1470119,0,0,0,0,0,0,0,0,0,0
1470138,0,0,0,0,0,0,1,0,0,0
1470158,0,0,0,0,0,0,0,0,0,0
1470177,0,0,0,1,0,0,1,0,0,1
1470196,0,0,0,1,0,1,0,0,1,1
1470216,0,0,0,0,0,0,0,0,0,0
1470235,0,0,0,0,0,0,0,0,0,0
1470255,1,0,0,0,0,0,1,0,0,1
1470274,0,0,0,0,0,0,1,0,0,0
1480004,0,0,0,0,0,0,1,1,0,0
1480008,0,0,0,1,0,0,1,0,1,1
1480012,0,0,0,0,0,0,0,0,1,1
1480016,0,0,0,0,0,0,0,0,0,0
1480020,0,0,0,1,0,0,1,1,1,1
1480025,0,0,0,0,0,0,0,0,0,0
1480029,0,0,0,1,0,0,0,0,0,1
1480033,0,0,0,1,0,0,0,0,1,1
1480037,0,1,0,0,0,0,0,0,1,0
1480041,0,0,0,1,0,0,0,1,1,1
1480046,0,0,0,0,0,0,1,1,1,1
1480050,0,0,0,1,1,0,1,0,1,1
1480054,0,0,0,0,0,0,0,0,1,1
1480058,0,0,0,1,0,0,0,0,0,1
1480062,0,0,0,1,0,0,1,0,1,0
1490007,0,0,0,1,0,0,0,0,1,0
1490015,0,0,0,0,0,0,0,0,1,1
1490023,0,0,0,1,0,0,0,1,1,1
1490031,0,0,0,1,0,0,1,1,1,1
1490039,0,0,0,1,0,0,0,1,1,0
1490047,0,0,0,1,0,0,0,1,1,1
1490055,0,1,1,0,0,0,1,1,1,1
1490062,0,0,0,0,0,0,0,1,1,1
1490070,0,0,0,1,0,0,1,1,1,1
1490078,0,0,0,0,0,1,0,1,1,1
1490086,0,0,0,0,0,0,0,1,1,0
1490094,0,0,0,0,0,0,0,0,1,0
1490102,0,1,0,0,0,0,0,1,1,1
1490110,0,1,0,0,0,0,1,0,1,0
1490117,0,0,0,0,1,0,0,0,1,1
1500004,0,0,0,1,0,0,0,0,1,0
1500014,0,0,0,0,0,0,0,0,1,0
1500024,0,0,0,0,0,0,0,0,1,1
1500034,0,0,0,1,0,0,1,1,1,1
1500044,0,0,0,0,0,0,1,0,0,0
1500053,0,1,0,0,0,0,0,0,1,1
1500063,0,0,0,1,0,0,0,0,1,1
1500073,0,1,0,0,0,0,0,0,0,1
1500083,0,0,0,0,0,0,0,0,0,0
1500093,0,0,0,0,0,0,0,0,0,0
1500102,,0,0,0,0,0,1,0,1,1
1500112,0,0,0,0,0,0,1,0,1,1
1500122,0,1,0,0,0,0,0,1,1,0
1500132,0,0,0,0,0,0,0,1,1,0
1500142,0,,0,1,0,0,0,0,1,0
1510003,0,0,0,0,0,0,0,0,0,0
1510012,0,0,0,0,0,0,0,0,0,0
1510021,0,0,0,0,0,0,0,0,1,1
1510039,0,0,0,1,0,0,0,0,1,0
1510048,0,0,0,0,0,0,0,0,1,0
1510057,0,0,0,0,0,0,0,0,0,0
1510066,0,0,0,0,0,0,0,0,1,0
1510075,0,0,0,0,0,0,0,0,1,0
1510084,0,0,0,1,0,0,0,0,1,0
1510093,0,0,0,0,0,0,0,0,0,0
1510102,0,0,0,0,0,0,0,0,1,1
1510111,0,0,0,0,0,0,0,0,1,1
1510120,0,1,0,0,0,0,1,0,1,0
1510128,0,0,0,1,0,0,0,0,1,0
1520009,0,0,0,0,0,0,1,0,1,1
1520019,0,0,0,0,0,0,0,0,1,0
1520029,0,1,0,1,0,0,1,1,1,1
1520039,0,0,0,0,0,0,0,1,1,1
1520050,0,0,0,1,0,0,1,1,1,1
1520060,0,0,0,1,0,0,0,1,1,0
1520070,0,0,0,1,0,0,0,1,1,1
1520080,0,0,0,1,0,0,0,1,1,0
1520091,0,0,0,1,0,0,0,1,1,0
1520101,0,0,0,1,0,0,0,1,1,1
1520111,0,0,0,0,0,0,0,0,1,1
1520121,0,,0,1,0,0,0,1,1,0
1520132,0,0,0,0,0,0,0,1,0,0
1520142,0,0,0,0,0,0,0,1,0,0
1520152,0,0,0,1,0,0,1,1,0,1
1520501,0,1,0,0,0,0,1,1,1,1
1530004,0,0,0,0,0,0,0,1,0,0
1530009,0,0,0,0,0,0,0,0,1,0
1530014,0,0,0,1,0,0,1,1,1,1
1530019,0,0,0,0,0,0,1,1,1,1
1530025,0,0,0,0,0,0,0,0,0,1
1530030,0,0,0,0,0,0,0,0,0,0
1530035,0,0,0,0,0,0,0,1,1,1
1530040,0,0,0,1,0,0,0,0,1,1
1530045,0,0,0,0,0,0,0,1,1,0
1530050,0,0,0,1,0,0,0,1,1,1
1530055,0,0,0,1,0,0,0,1,1,0
1530060,0,0,0,0,0,0,0,0,0,0
1530066,0,0,0,1,0,0,0,0,1,0
1530071,0,0,0,0,0,0,1,1,0,0
1530076,0,0,0,0,0,0,0,0,1,0
1540001,0,0,0,0,0,0,0,0,1,1
1540008,0,0,0,1,0,0,0,0,1,0
1540015,0,0,0,1,0,0,0,1,1,0
1540022,0,0,0,1,0,0,0,0,1,1
1540029,0,0,0,0,0,0,0,0,0,0
1540036,0,0,0,1,0,0,1,0,0,0
1540043,0,0,0,0,0,0,0,0,1,0
1540050,0,0,0,0,0,0,0,0,0,0
1540057,0,0,0,0,0,0,0,0,1,0
1540064,0,0,0,0,0,0,0,0,0,0
1540071,0,0,0,0,0,0,0,0,1,0
1540078,0,0,0,1,0,0,1,1,1,0
1540085,0,0,0,1,0,0,0,0,0,0
1540092,0,0,0,0,0,0,0,1,0,0
1540099,0,0,0,1,0,0,1,1,0,0
1550001,0,0,0,0,0,0,0,1,1,1
1550006,0,0,0,0,0,0,1,0,1,0
1550011,0,0,0,1,0,0,0,1,1,0
1550016,0,0,0,1,0,0,0,0,1,1
1550020,0,0,0,1,0,0,0,0,1,0
1550025,0,0,0,0,0,0,0,1,1,1
1550030,0,0,0,0,0,0,0,0,1,0
1550035,1,0,0,0,0,0,0,0,1,1
1550039,,0,0,1,0,0,0,0,1,0
1550044,0,0,0,1,0,0,0,1,0,1
1550049,0,1,0,0,0,0,0,1,1,1
1550053,0,1,0,0,0,0,0,1,1,0
1550058,0,1,0,1,0,0,0,1,1,1
1550063,0,1,0,0,0,0,0,0,1,0
1550068,0,0,0,1,0,0,0,0,1,0
1560010,0,0,0,0,0,0,0,0,0,0
1560027,0,1,0,0,0,0,0,0,1,0
1560044,0,0,0,0,0,0,1,0,0,0
1560061,0,0,0,1,0,0,0,0,0,0
1560078,0,0,0,0,0,0,0,0,0,0
1560096,0,0,0,0,0,0,0,0,0,0
1560113,0,0,0,1,0,0,0,0,0,0
1560130,0,0,0,0,0,0,0,0,0,0
1560164,0,0,0,0,0,0,0,0,0,0
1560181,0,0,0,0,0,0,0,0,0,0
1560198,0,0,0,1,0,0,0,0,0,0
1560216,0,0,0,0,0,0,0,0,0,0
1560233,0,0,0,0,0,0,0,0,0,0
1560250,0,0,0,0,0,0,0,0,0,0
1570007,0,0,0,1,0,0,0,0,1,0
1570015,0,0,0,0,0,0,0,1,1,0
1570023,0,0,0,1,0,0,0,1,0,0
1570030,0,0,0,1,0,0,0,1,1,0
1570038,0,1,0,0,0,0,0,1,1,0
1570046,0,0,0,0,0,0,0,1,1,0
1570054,0,0,0,1,1,0,0,1,1,1
1570061,0,1,0,0,0,0,0,1,0,0
1570069,0,0,0,0,0,0,0,1,1,1
1570077,0,0,0,0,0,0,0,0,1,0
1570085,0,0,0,0,0,0,1,1,1,0
1570092,0,0,0,1,0,0,0,1,0,0
1570100,0,0,0,0,0,0,0,0,0,0
1570108,0,0,0,1,0,0,0,1,1,0
1570116,0,0,0,1,0,0,0,0,0,0
1580006,0,1,0,0,0,0,0,0,1,0
1580021,0,0,0,1,0,0,0,1,1,0
1580036,0,0,0,0,0,0,0,0,1,1
1580051,0,0,0,0,0,0,0,0,0,0
1580066,0,0,0,0,0,0,0,0,1,0
1580080,0,0,0,1,0,0,1,1,1,1
1580095,0,0,0,0,0,1,1,0,0,0
1580110,0,0,0,1,0,0,0,0,1,1
1580125,0,0,0,1,0,0,1,1,1,1
1580140,0,0,0,0,0,0,0,0,1,0
1580154,0,0,0,0,0,0,0,0,0,0
1580169,0,0,0,1,0,0,0,1,1,1
1580184,0,0,0,0,0,0,0,0,0,1
1580199,0,0,0,0,0,0,0,0,0,0
1580214,0,1,0,0,0,0,0,1,0,1
1590004,0,0,0,1,0,0,0,0,0,0
1590015,0,0,0,0,0,0,0,0,0,0
1590025,0,0,0,1,0,0,0,0,0,0
1590035,0,0,0,1,0,0,1,0,0,0
1590045,0,0,0,1,0,0,0,1,1,0
1590055,0,0,0,0,0,0,0,0,1,0
1590065,0,0,0,1,0,0,0,0,1,1
1590075,0,0,0,1,0,0,1,0,1,1
1590085,0,0,0,0,1,0,0,1,1,0
1590096,0,0,0,1,0,0,0,0,1,0
1590106,0,1,0,0,0,0,0,0,1,0
1590116,0,0,0,1,0,0,0,1,1,0
1590126,0,0,0,0,0,0,0,0,1,0
1590136,0,0,0,0,0,0,0,1,1,0
1590146,0,1,0,1,0,0,0,1,1,1
1600009,0,0,0,0,0,0,0,0,1,0
1600020,0,1,0,0,0,0,1,1,0,0
1600031,0,0,0,1,0,0,0,0,0,1
1600043,0,1,0,0,0,0,1,0,0,0
1600054,0,0,0,0,0,0,0,0,1,0
1600065,0,0,0,1,0,0,0,0,1,0
1600076,0,0,0,0,0,0,0,1,1,1
1600087,0,0,0,1,0,0,1,1,1,1
1600099,0,0,0,1,0,0,0,0,0,0
1600110,0,1,0,0,0,0,0,0,1,1
1600132,0,0,0,0,0,0,0,0,1,0
1600143,0,1,0,0,0,0,0,1,1,1
1600155,0,0,0,0,0,0,0,0,1,0
1600166,0,0,0,0,0,0,0,0,1,0
1610002,0,1,0,0,0,1,0,0,1,1
1610013,0,0,0,0,0,0,0,0,1,0
1610024,0,0,0,0,0,0,0,1,1,1
1610035,0,0,0,0,0,0,0,0,0,0
1610046,0,0,0,1,0,0,0,0,0,0
1610056,0,0,0,0,0,0,0,0,0,0
1610067,0,0,0,0,0,0,0,0,1,0
1610078,0,0,0,1,0,0,0,0,1,0
1610089,0,1,0,0,0,0,0,1,0,0
1610100,0,1,0,0,0,0,1,1,1,0
1610110,0,0,0,0,0,0,0,0,1,0
1610121,0,0,0,0,0,0,0,0,0,0
1610132,0,0,0,0,0,0,0,0,0,0
1610143,0,0,0,0,0,0,0,0,0,0
1610154,0,0,0,0,0,0,1,1,1,1
1620002,0,1,0,1,0,0,0,1,1,0
1620015,0,0,0,1,0,0,1,1,1,1
1620028,0,0,0,1,0,0,1,0,1,0
1620040,0,0,0,0,0,0,0,1,0,1
1620053,0,1,0,1,0,0,1,1,1,1
1620065,0,1,0,1,0,0,0,1,1,1
1620078,0,1,1,1,0,0,1,1,1,1
1620091,0,0,0,1,0,0,1,1,1,1
1620103,0,0,1,1,0,0,0,1,1,1
1620116,0,0,0,1,0,0,1,1,1,1
1620128,0,0,0,0,0,0,1,1,1,1
1620141,0,0,1,1,0,0,1,1,1,1
1620154,0,0,0,1,0,0,1,1,1,0
1620166,0,0,0,1,0,0,0,0,1,0
1620179,0,0,0,1,1,0,1,1,1,1
1630009,0,0,0,0,0,0,1,0,0,1
1630014,0,1,0,0,0,0,0,0,1,0
1630025,0,1,0,0,0,0,0,0,1,1
1630030,0,0,0,0,0,0,1,1,1,1
1630035,0,0,0,0,0,0,0,0,1,0
1630040,0,0,0,0,0,0,0,1,1,0
1630045,0,0,0,0,0,0,0,0,1,0
1630050,0,0,0,0,0,1,0,0,1,1
1630055,0,0,0,0,0,0,0,1,1,1
1630060,0,1,0,1,0,1,0,0,1,0
1630066,0,0,0,0,0,0,0,1,1,0
1630071,0,0,0,1,0,0,0,1,1,1
1630076,0,0,0,0,0,0,0,1,1,0
1640007,0,0,0,1,0,0,0,1,1,0
1640015,0,0,0,0,0,0,0,0,1,0
1640022,0,1,0,0,0,0,0,0,1,0
1640030,0,0,0,1,0,0,0,1,1,0
1640037,0,0,0,0,0,0,0,0,1,0
1640045,0,0,0,0,0,0,0,1,1,0
1640052,0,0,0,0,0,0,0,0,0,1
1640060,0,0,0,0,0,0,0,0,1,0
1640067,0,0,0,0,0,0,0,0,0,0
1640075,0,0,0,1,0,0,1,0,1,0
1640083,0,0,0,0,0,0,0,0,1,1
1640090,0,0,0,0,0,0,1,0,1,0
1640098,0,0,0,1,0,0,1,0,1,0
1640105,0,0,0,0,0,0,0,0,1,1
1640113,0,0,0,1,0,0,0,0,1,0
1650004,0,0,0,0,0,0,1,0,1,0
1650013,0,0,0,0,0,0,0,0,0,0
1650023,0,0,0,0,0,0,0,0,0,0
1650032,0,0,0,0,0,1,1,0,1,1
1650041,0,1,0,0,0,0,0,0,1,0
1650050,0,0,0,0,0,0,1,0,1,1
1650059,0,0,0,1,0,0,1,1,1,1
1650068,0,1,0,0,0,0,1,1,1,1
1650077,0,0,0,1,0,0,0,0,1,1
1650086,0,1,0,1,0,0,0,0,1,0
1650095,0,1,0,0,0,0,0,1,1,1
1650104,0,0,0,0,0,0,0,0,1,0
1650113,0,1,0,1,0,0,0,0,0,0
1650122,0,1,0,0,0,0,0,0,1,0
1650131,0,0,0,1,0,0,0,1,1,1
1660001,0,0,0,0,0,0,0,0,1,0
1660004,0,0,0,1,1,0,1,1,1,1
1660007,0,0,0,0,0,0,0,0,1,1
1660010,0,0,0,0,0,0,0,1,1,0
1660013,0,0,0,0,0,0,0,1,1,1
1660016,0,0,0,0,0,0,0,0,1,0
1660019,0,0,0,0,0,0,0,1,1,0
1660021,0,0,0,1,0,0,0,0,1,1
1660024,0,0,0,0,0,0,0,0,1,1
1660027,0,0,0,0,0,0,0,1,1,0
1660030,0,0,0,1,0,0,0,1,1,0
1660033,0,0,0,0,0,0,0,1,1,0
1660036,0,,0,1,0,0,0,1,1,1
1660039,0,0,0,0,0,0,0,1,1,0
1660042,0,0,0,1,0,0,1,1,1,0
1670007,0,0,0,0,0,0,0,1,1,0
1670016,0,1,0,0,0,0,0,0,1,0
1670024,0,0,0,1,0,0,1,0,1,1
1670032,1,0,1,0,0,1,0,0,1,0
1670040,0,0,0,1,0,0,0,0,0,0
1670048,0,0,0,1,0,0,0,0,0,1
1670056,0,0,0,0,0,0,0,1,1,1
1670072,0,1,0,0,0,1,0,0,0,0
1670080,0,0,0,0,0,0,1,1,1,1
1670088,0,0,0,0,0,0,0,0,0,0
1670096,0,0,0,0,0,0,0,0,0,0
1670104,0,0,0,0,0,0,0,1,1,1
1670112,0,0,0,1,0,1,0,0,1,0
1670120,0,0,0,0,0,1,0,0,0,1
1680013,0,0,0,0,0,0,0,0,0,0
1680045,0,0,0,0,0,0,0,0,0,0
1680062,0,0,0,0,0,0,1,0,0,0
1680078,0,0,0,0,0,0,0,1,0,0
1680095,0,0,0,0,0,0,0,0,0,1
1680111,0,0,0,0,0,1,1,0,0,1
1680127,0,0,0,0,0,0,0,0,0,0
1680144,0,0,0,0,0,0,1,0,0,1
1680160,0,0,0,0,0,0,0,0,0,0
1680177,0,0,0,0,0,0,0,0,0,0
1680193,0,0,0,0,0,0,0,0,0,1
1680209,0,0,0,0,0,0,1,0,0,1
1680226,0,0,0,0,0,0,0,0,0,0
1690003,0,0,0,0,0,0,0,0,0,0
1690031,0,0,0,0,0,0,0,0,0,0
1690044,0,0,0,0,0,0,0,0,0,0
1690058,0,0,0,0,0,0,0,0,0,0
1690071,0,0,0,0,0,0,0,0,0,0
1690085,0,0,0,0,0,0,1,0,0,0
1690099,0,0,0,0,0,0,0,0,0,0
1690112,0,0,0,0,0,0,0,0,0,0
1690126,0,0,0,0,0,0,0,0,0,1
1690139,0,0,0,0,0,0,0,0,0,0
1690153,0,0,0,0,0,0,0,1,0,0
1690167,0,0,0,0,0,0,0,0,0,0
1690180,0,0,0,0,0,0,1,0,0,0
1690194,0,1,0,0,0,0,0,0,0,0
1700002,0,0,0,0,0,0,0,0,0,0
1700021,0,0,0,0,0,0,0,0,0,0
1700039,0,0,0,0,0,0,1,0,0,0
1700075,0,0,0,0,0,0,0,0,0,0
1700093,0,0,0,0,0,0,0,0,0,0
1700111,0,0,0,0,0,0,0,0,0,0
1700129,0,0,0,0,0,0,0,0,0,0
1700147,0,0,0,0,0,0,0,0,0,0
1700184,0,0,0,0,0,0,0,0,0,0
1700202,0,0,0,0,0,0,0,0,0,0
1700220,0,0,0,0,0,0,1,0,0,0
1700238,0,0,0,0,0,0,0,0,0,0
1700256,0,0,0,0,0,0,0,0,0,0
1710008,0,1,0,0,0,0,0,0,0,0
1710020,0,0,0,0,0,1,0,0,0,0
1710032,0,0,0,0,0,0,1,0,0,0
1710045,0,1,0,0,0,0,1,0,0,0
1710057,0,0,0,0,0,0,0,0,0,0
1710069,0,0,0,0,0,0,1,0,0,1
1710094,0,0,0,0,0,0,1,0,0,0
1710106,0,0,0,0,0,0,1,0,0,1
1710119,0,0,0,0,0,0,1,0,0,0
1710131,0,0,0,0,0,0,0,0,0,0
1710143,0,0,0,0,0,0,0,0,0,0
1710156,0,0,0,0,0,0,1,0,0,0
1710168,0,0,0,0,0,0,1,0,0,0
1710180,0,0,0,0,0,0,0,0,0,1
1720015,0,0,0,0,0,0,0,0,0,0
1720030,0,0,0,0,0,0,0,0,0,0
1720045,0,1,0,0,0,0,1,0,0,0
1720060,0,0,0,0,0,0,1,0,0,0
1720075,0,0,0,0,0,0,0,0,0,0
1720105,0,1,0,0,0,0,0,0,0,0
1720120,0,0,0,0,0,0,0,0,0,0
1720135,0,0,0,0,0,0,0,0,0,0
1720150,0,0,0,0,0,0,0,0,0,0
1720180,0,0,0,0,0,0,1,0,0,0
1720195,0,0,0,0,0,0,0,0,0,0
1720210,0,0,0,0,0,0,1,0,0,1
1720225,0,0,0,0,0,0,0,0,0,0
1730008,0,0,0,0,0,0,1,0,0,0
1730027,0,0,0,0,0,0,1,0,0,0
1730045,0,0,0,0,0,0,0,0,0,0
1730063,0,1,0,0,0,0,1,0,0,0
1730081,0,1,0,0,0,0,0,0,0,0
1730099,0,0,0,0,0,0,1,0,0,0
1730118,0,0,0,0,0,0,0,0,0,0
1730136,0,0,0,0,0,0,0,0,0,0
1730154,0,0,0,0,0,0,0,0,0,0
1730172,0,0,0,0,0,0,0,0,0,0
1730190,0,0,0,0,0,0,1,0,0,1
1730209,0,0,0,0,0,0,1,0,0,0
1730227,0,0,0,0,0,0,1,0,0,1
1730245,0,0,0,0,0,0,0,0,0,0
1730263,0,0,0,0,0,0,0,0,0,0
1740005,0,0,0,0,0,0,1,0,0,0
1740021,0,0,0,0,0,0,1,0,0,1
1740037,0,0,0,0,0,0,1,0,0,1
1740053,0,0,0,0,0,0,1,0,0,0
1740069,0,0,0,0,0,0,1,0,0,1
1740085,0,0,0,0,0,0,1,0,0,1
1740101,0,0,0,0,0,0,1,0,0,0
1740117,0,0,0,0,0,0,1,0,0,0
1740133,0,0,0,0,0,0,1,0,0,0
1740165,0,0,0,0,0,0,1,0,0,1
1740181,0,0,0,0,0,0,1,0,0,1
1740197,0,0,0,0,0,0,0,0,0,0
1740213,0,0,0,0,0,0,0,1,0,0
1740228,0,0,0,0,0,0,0,0,0,0
1750018,0,0,0,0,0,0,1,0,0,0
1750041,0,0,0,0,0,0,1,0,0,0
1750063,0,0,0,0,0,0,0,0,0,0
1750085,0,0,0,0,0,0,0,0,0,0
1750107,0,0,0,0,0,0,0,0,0,0
1750129,0,,0,0,0,0,0,0,0,0
1750151,0,0,0,0,0,0,1,0,0,0
1750173,0,0,0,0,0,0,1,0,0,0
1750196,0,0,0,0,0,0,1,0,0,0
1750218,0,0,0,0,0,0,1,0,0,0
1750240,0,0,0,0,0,0,1,0,0,1
1750262,0,0,0,0,0,0,1,0,0,0
1750284,0,0,0,0,0,0,0,0,0,0
1750306,0,0,0,0,0,0,1,0,0,0
1750328,0,0,0,1,0,0,0,0,0,0
1760013,0,1,0,0,0,0,1,0,0,1
1760029,0,0,0,0,0,0,1,0,0,0
1760046,0,1,0,0,0,0,0,0,0,0
1760062,0,0,0,0,0,0,1,0,0,1
1760079,0,0,0,0,0,0,0,0,0,0
1760096,0,0,0,0,0,0,0,0,0,0
1760112,0,0,0,0,0,0,0,0,0,0
1760129,0,0,0,0,0,0,1,0,0,0
1760146,0,0,0,0,0,0,0,0,0,0
1760162,0,0,0,0,0,0,1,0,0,1
1760179,0,0,0,0,0,0,1,0,0,0
1760195,0,0,0,0,0,0,0,0,0,0
1760212,0,0,0,0,0,0,1,0,0,0
1760229,0,0,0,0,0,0,1,0,0,0
1770003,0,0,0,0,0,0,0,0,0,0
1770020,0,0,0,0,0,0,1,0,0,1
1770054,0,0,0,0,0,0,0,0,0,0
1770088,0,0,0,0,0,0,0,0,0,0
1770105,0,0,0,1,0,0,1,0,0,0
1770122,0,0,0,1,0,0,1,0,0,0
1770139,0,0,0,0,0,0,0,0,0,0
1770156,0,0,0,0,0,0,0,0,0,0
1770173,0,0,0,0,0,0,1,0,0,0
1770190,0,,0,1,0,0,1,1,0,0
1770207,0,0,0,1,0,0,0,0,0,0
1770224,0,0,1,0,0,0,1,0,0,0
1770240,0,0,0,0,0,0,0,0,0,0
1780002,0,1,0,0,0,0,0,0,0,0
1780021,0,0,0,0,0,0,1,0,0,0
1780039,0,0,0,0,0,0,0,0,0,0
1780057,0,0,0,0,0,0,0,0,0,0
1780075,,,0,0,0,0,0,0,0,0
1780093,0,0,0,0,0,0,0,0,0,0
1780112,0,0,0,0,0,0,1,0,0,1
1780130,0,0,0,0,0,0,1,0,0,0
1780148,0,0,0,0,0,0,0,0,0,0
1780166,0,0,0,0,0,0,1,0,0,1
1780184,0,0,0,0,0,0,1,0,0,0
1780203,0,0,0,0,0,0,0,0,0,0
1780221,,,0,0,0,0,1,0,0,0
1780239,0,0,0,0,0,0,0,0,0,0
1780257,0,0,0,0,0,0,0,0,0,0
1790007,0,0,0,0,0,0,0,0,0,0
1790018,0,0,0,0,0,0,0,0,0,0
1790030,0,1,0,0,0,0,1,0,0,0
1790041,0,0,0,0,0,0,1,0,0,0
1790052,0,0,0,0,0,0,0,0,0,0
1790063,0,1,0,0,0,0,0,0,0,0
1790075,0,0,0,0,0,0,0,0,0,0
1790086,0,0,0,0,0,0,1,0,0,1
1790097,0,0,0,0,0,0,1,0,0,1
1790108,0,1,0,0,0,0,1,0,0,0
1790120,0,0,0,0,0,0,1,0,0,0
1790131,0,1,0,0,0,0,1,0,0,0
1790142,0,0,0,0,0,0,0,0,0,0
1790154,0,0,0,1,0,0,0,0,0,0
1790165,0,1,0,0,0,0,0,0,0,0
1800019,0,,0,0,0,0,0,0,0,0
1800038,0,0,0,0,0,0,1,0,0,0
1800058,0,0,0,1,0,0,1,0,0,1
1800077,0,0,0,0,0,0,1,0,0,0
1800096,0,0,0,0,0,0,1,0,0,1
1800116,0,0,0,0,0,0,0,0,0,0
1800135,0,1,0,0,0,0,1,0,0,0
1800154,0,0,0,0,0,0,0,0,0,0
1800174,0,0,0,0,0,0,1,0,0,0
1800193,0,1,0,0,0,0,0,0,0,0
1800212,0,0,0,0,0,0,0,0,0,0
1800232,0,0,0,0,0,0,1,0,0,1
1800251,0,0,0,0,0,0,1,0,0,1
1800270,0,0,0,0,0,0,1,0,0,1
1800290,0,0,0,0,0,0,0,0,0,0
1810005,0,1,0,0,0,0,0,0,0,0
1810019,0,0,0,0,0,0,0,0,0,0
1810033,0,0,0,0,0,0,0,0,0,0
1810047,0,0,0,0,0,0,0,0,0,0
1810060,0,0,0,0,0,0,0,0,0,0
1810074,0,0,0,0,0,0,0,0,0,0
1810088,0,0,0,0,0,0,1,0,0,1
1810115,0,0,0,0,0,0,1,0,0,0
1810129,0,0,0,0,0,0,1,0,0,1
1810143,0,0,0,0,0,0,1,0,0,0
1810156,0,0,0,1,0,0,0,0,0,0
1810170,0,0,0,0,0,0,1,0,0,1
1810184,0,0,0,0,0,0,1,0,0,0
1810198,0,0,0,0,0,0,1,0,0,0
1820018,0,0,0,0,0,0,1,0,0,0
1820038,0,0,0,0,0,0,0,0,0,0
1820059,0,0,0,0,0,0,0,0,0,0
1820080,0,0,0,0,0,0,0,0,0,0
1820100,0,0,0,0,0,0,1,0,0,0
1820121,0,0,0,0,0,0,0,0,0,0
1820141,0,0,0,0,0,0,0,0,0,0
1820162,0,0,0,0,0,0,0,0,0,0
1820183,0,1,0,0,0,0,1,0,0,0
1820203,0,0,0,0,0,0,0,0,0,0
1820224,0,0,0,0,0,0,0,0,0,0
1820244,0,0,0,0,0,0,1,0,0,0
1820265,0,0,0,1,0,0,1,0,0,0
1820286,0,0,0,0,0,0,0,0,0,0
1820306,,,0,0,0,0,0,0,0,0
1830010,0,0,0,0,0,0,0,0,0,0
1830022,0,0,0,0,0,0,1,0,0,0
1830034,0,0,0,0,0,0,0,0,0,0
1830046,0,0,0,0,0,0,0,0,0,0
1830058,0,0,0,0,0,0,0,0,0,0
1830070,0,0,0,1,0,0,0,0,0,0
1830082,0,0,0,0,0,0,0,0,0,0
1830094,,,0,0,0,0,0,0,0,0
1830106,0,0,0,0,0,0,0,0,0,0
1830118,0,0,0,0,0,0,0,0,0,0
1830130,0,0,0,1,0,0,1,0,0,0
1830142,0,0,0,0,0,0,0,0,0,0
1830154,0,0,0,0,0,0,0,0,0,0
1830166,0,0,0,0,0,0,0,0,0,0
1830178,0,,0,0,0,0,0,0,0,0
1840002,0,0,0,0,0,0,0,0,0,0
1840014,0,0,0,0,0,0,0,0,0,0
1840025,0,0,0,1,0,0,1,0,0,0
1840036,,,0,0,0,0,0,0,0,0
1840048,0,0,0,0,0,0,0,0,0,0
1840059,0,0,0,0,0,0,1,0,0,0
1840070,0,1,0,0,0,0,1,0,0,0
1840082,0,0,0,0,0,0,1,0,0,0
1840093,0,0,0,0,0,0,1,0,0,1
1840104,0,0,0,0,0,0,0,0,0,0
1840116,0,0,0,0,0,0,1,0,0,0
1840127,0,0,0,0,0,0,0,0,0,0
1840138,0,0,0,0,0,0,0,0,0,0
1840150,0,0,0,0,0,0,0,0,0,0
1840161,0,0,0,0,0,0,0,0,0,0
1850003,0,0,0,0,0,0,0,0,0,0
1850020,0,0,0,0,0,0,0,0,0,0
1850037,0,0,0,0,0,0,1,0,0,1
1850054,0,0,0,0,0,0,1,0,0,0
1850070,0,0,0,1,0,0,1,0,0,0
1850087,0,0,0,0,0,0,0,0,0,0
1850104,0,0,0,0,0,0,0,0,0,0
1850121,0,0,0,0,0,0,1,0,0,0
1850137,0,0,0,0,0,0,0,0,0,0
1850154,0,0,0,0,0,0,0,0,0,0
1850187,0,0,0,0,0,0,0,0,0,0
1850204,0,0,0,0,0,0,0,0,0,0
1850221,0,0,0,0,0,0,1,0,0,0
1850238,0,0,0,0,0,0,1,0,0,0
1860007,0,0,0,0,0,0,0,0,0,0
1860020,0,0,0,0,0,0,0,0,0,0
1860032,0,0,0,0,0,0,1,0,0,1
1860044,0,0,0,0,0,0,0,0,0,0
1860056,0,0,0,0,0,0,0,0,0,0
1860068,0,0,0,0,0,0,0,0,0,0
1860080,0,0,0,0,0,0,0,0,0,0
1860092,0,0,0,0,0,0,0,0,0,0
1860104,0,1,0,0,0,0,1,0,0,0
1860116,0,1,0,0,0,0,0,0,0,0
1860128,0,0,0,0,0,0,0,0,0,0
1860140,0,0,0,1,0,0,0,0,0,0
1860152,0,0,0,0,0,0,0,0,0,0
1860164,0,0,0,0,0,0,1,0,0,0
1860176,0,0,0,0,0,0,0,0,0,0
1870005,0,0,0,0,0,0,0,1,0,0
1870012,,,0,0,0,0,0,1,1,0
1870019,0,0,0,0,0,0,0,0,1,0
1870027,0,0,0,0,0,0,0,0,0,0
1870034,0,1,0,0,0,0,0,0,0,0
1870041,0,0,0,0,0,0,0,0,0,0
1870048,0,0,0,0,0,0,0,0,1,0
1870055,0,0,0,0,0,0,0,1,1,0
1870063,0,0,0,0,0,0,0,0,0,0
1870070,0,0,0,0,0,0,0,0,0,0
1870077,0,1,0,0,0,0,0,0,0,0
1870084,0,0,0,0,0,0,0,0,0,0
1870091,0,1,1,1,0,0,0,1,1,1
1870099,0,0,0,0,0,0,0,0,0,0
1870106,0,0,0,1,0,0,0,0,0,1
1880005,0,0,0,1,0,0,0,0,0,0
1880016,0,0,0,1,0,0,0,0,0,1
1880026,0,0,0,0,0,0,0,0,0,0
1880036,0,0,0,0,0,0,0,0,0,0
1880046,0,0,0,0,0,0,0,0,0,0
1880057,0,0,0,0,0,0,0,1,0,0
1880067,0,0,0,0,0,0,1,0,0,0
1880077,0,0,0,0,0,0,0,0,0,0
1880088,0,0,0,0,0,0,0,0,0,0
1880098,0,0,0,0,0,0,0,0,0,0
1880108,0,0,0,0,0,0,0,0,0,0
1880118,0,0,0,0,0,0,0,0,0,0
1880129,0,0,0,0,0,0,0,0,0,0
1880139,0,0,0,0,0,0,0,1,0,0
1880149,0,1,0,0,0,0,0,0,0,0
1890007,0,0,0,0,0,0,0,1,0,0
1890027,0,0,0,0,0,0,0,0,0,0
1890046,0,0,0,0,0,0,0,0,0,0
1890065,0,0,0,0,0,0,0,0,0,0
1890084,0,0,0,1,0,0,0,0,0,0
1890104,0,0,0,0,0,0,1,0,0,0
1890123,0,0,0,0,0,0,1,0,0,0
1890142,0,0,0,0,0,0,0,0,0,1
1890162,0,0,0,0,0,0,1,0,0,0
1890181,0,1,0,0,0,0,0,0,0,0
1890200,0,1,0,0,0,0,0,0,0,0
1890219,0,0,0,1,0,0,0,0,0,0
1890239,0,0,0,0,0,0,0,0,0,0
1890258,0,0,0,1,0,0,0,0,0,0
1890277,0,1,0,0,0,0,0,1,0,0
1900016,0,0,0,0,0,0,0,0,0,0
1900035,0,0,0,0,0,0,1,0,0,1
1900054,0,0,0,0,0,0,0,0,0,0
1900073,0,0,0,0,0,0,0,0,0,0
1900092,0,0,0,0,0,0,0,0,0,0
1900111,0,0,0,1,0,0,0,0,0,0
1900130,0,0,0,0,0,0,0,0,0,0
1900149,0,0,0,1,0,0,0,0,0,0
1900168,0,,0,1,0,0,0,0,0,0
1900187,0,0,0,0,0,0,0,0,0,0
1900206,0,0,0,0,0,0,0,0,0,0
1900225,0,0,0,0,0,0,0,0,0,0
1900244,0,0,0,0,0,0,0,0,0,0
1900263,0,0,0,0,0,0,0,0,0,0
1900282,0,0,0,0,0,0,0,0,0,0
1910007,0,0,0,0,0,0,0,0,0,0
1910016,0,0,0,0,0,0,0,0,0,0
1910024,0,0,0,0,0,0,1,0,0,0
1910033,0,0,0,1,0,0,1,0,0,0
1910042,0,0,0,0,0,0,0,0,0,0
1910051,0,0,0,0,0,0,1,0,0,0
1910060,0,0,0,0,0,0,0,0,0,0
1910068,0,0,0,0,0,0,0,0,0,0
1910077,0,1,0,0,0,0,1,1,0,1
1910086,0,0,0,0,0,0,0,0,0,0
1910095,0,0,0,0,0,0,0,0,0,0
1910104,0,0,0,0,0,0,0,0,0,0
1910112,0,1,0,0,0,0,0,0,0,0
1910121,0,0,0,0,0,0,1,0,0,1
1910130,0,0,0,0,0,0,0,0,0,0
1920003,0,0,0,0,0,0,0,0,0,0
1920017,0,0,0,0,0,0,0,0,0,0
1920031,0,0,0,0,0,0,0,0,0,0
1920044,0,0,0,0,0,0,0,0,0,0
1920058,0,0,0,0,0,0,0,0,0,0
1920071,0,0,0,0,0,0,1,0,0,1
1920085,0,0,0,0,0,0,0,1,0,0
1920099,0,0,0,0,0,0,0,0,0,0
1920112,0,0,0,0,0,0,0,0,0,0
1920126,0,0,0,0,0,0,0,0,0,0
1920139,0,0,0,0,0,0,0,0,0,0
1920153,0,0,0,0,0,0,0,0,0,0
1920180,0,0,0,0,0,0,0,0,0,0
1920194,0,0,0,0,0,0,1,0,0,0
1920501,0,0,0,0,0,0,1,0,0,0
1920502,0,0,0,0,0,0,0,0,0,0
1920503,0,0,0,0,0,0,0,0,0,0
1930001,0,0,0,0,0,0,0,0,0,0
1930011,0,0,0,0,0,1,0,0,0,0
1930021,0,0,0,0,0,1,0,1,0,0
1930030,0,1,0,0,0,0,0,0,0,0
1930040,0,0,0,0,0,0,1,0,0,0
1930050,0,0,0,0,0,1,1,0,0,1
1930059,,,0,0,0,0,0,0,0,0
1930069,0,0,0,0,0,0,0,0,0,0
1930079,0,0,0,0,0,0,0,0,0,0
1930098,0,0,0,0,0,0,0,0,0,0
1930108,0,0,0,0,0,0,0,0,0,0
1930117,0,0,0,0,0,0,1,0,0,1
1930127,0,0,0,0,0,1,1,1,0,0
1930137,0,0,0,0,0,0,1,0,0,0
1940003,0,0,0,0,0,0,0,1,1,0
1940005,0,1,0,0,0,0,0,1,1,0
1940007,0,0,0,1,0,0,1,1,1,0
1940009,0,1,0,0,0,0,0,1,1,0
1940011,0,0,0,1,0,0,1,1,0,0
1940013,0,0,0,0,0,0,0,1,1,0
1940016,0,1,0,0,0,0,0,1,0,0
1940018,0,0,0,0,0,0,0,0,0,0
1940020,0,1,0,0,0,0,0,0,0,0
1940022,0,0,0,1,0,0,0,0,0,0
1940025,0,0,0,1,0,0,0,0,1,0
1940027,0,0,0,0,0,0,0,0,1,0
1940029,0,0,0,0,0,0,0,1,1,1
1940031,0,0,0,0,0,0,0,0,1,0
1950007,0,0,0,1,0,0,1,1,1,1
1950014,0,1,0,0,0,0,0,1,1,0
1950020,0,0,0,1,0,0,0,1,0,0
1950027,0,0,0,0,0,1,0,1,1,1
1950034,0,0,0,0,0,0,0,1,1,0
1950041,0,0,0,0,0,0,0,1,1,0
1950048,0,1,0,1,0,0,0,1,1,0
1950054,0,0,0,0,0,0,1,1,1,0
1950061,0,1,0,0,0,0,0,0,1,0
1950068,0,1,0,0,1,0,0,1,1,1
1950075,0,0,0,0,0,0,0,1,1,0
1950082,0,0,0,0,0,0,0,0,1,0
1950088,0,1,0,0,0,1,0,1,1,0
1950095,0,0,0,1,0,1,0,1,1,0
1950102,0,0,0,0,0,0,0,1,0,0
1960006,0,0,0,0,0,0,0,0,0,0
1960020,0,0,0,0,0,0,0,0,0,0
1960034,0,0,0,0,0,0,0,1,0,0
1960048,0,0,0,1,0,0,0,1,0,0
1960062,0,0,0,0,0,0,1,1,0,0
1960076,0,0,0,0,0,0,1,0,0,1
1960090,0,0,0,0,0,0,0,0,0,0
1960103,0,0,0,0,0,0,0,0,0,0
1960145,0,0,0,0,0,0,1,0,0,0
1960159,0,0,0,0,0,0,1,0,0,0
1960173,0,0,0,0,0,0,0,0,0,0
1960187,0,0,0,0,0,0,0,1,0,0
1960201,0,0,0,0,0,0,1,0,0,0
1970006,0,1,0,1,0,0,1,0,1,1
1970023,0,0,0,1,0,1,0,1,1,0
1970039,0,0,0,0,0,0,0,0,0,0
1970056,0,0,0,0,0,0,0,0,0,0
1970072,0,0,0,0,0,1,0,0,0,0
1970089,0,0,0,0,0,0,0,0,0,0
1970105,0,0,0,0,0,0,0,0,1,0
1970122,0,0,0,1,0,0,1,0,0,1
1970138,0,0,0,1,0,0,0,0,1,0
1970155,0,0,0,0,0,1,1,1,0,0
1970171,0,0,0,1,0,0,0,1,1,1
1970188,0,0,0,1,0,0,1,1,1,1
1970204,0,0,0,0,0,0,0,0,1,0
1970220,0,0,0,0,0,0,0,0,0,0
1980006,0,0,0,0,0,0,0,0,0,0
1980012,0,0,0,0,0,0,0,1,1,0
1980019,0,0,0,0,0,0,0,1,1,0
1980025,0,0,0,0,0,0,0,1,1,0
1980032,0,0,0,0,0,0,0,1,0,0
1980038,0,0,0,0,0,0,0,1,1,0
1980044,0,1,0,0,0,0,0,0,0,0
1980051,0,0,0,0,0,0,0,1,0,0
1980057,0,0,0,1,0,0,1,1,1,0
1980064,0,0,0,0,0,0,0,1,1,0
1980070,0,0,0,0,0,0,0,1,1,0
1980077,0,0,0,1,0,0,0,1,0,0
1980083,0,0,0,0,0,0,0,0,0,0
1980090,0,0,0,0,0,0,0,1,0,0
1980096,0,1,0,0,0,0,0,1,0,0
1990003,0,0,0,1,0,0,0,1,0,1
1990008,0,0,0,1,0,0,0,0,0,0
1990012,0,0,0,1,0,0,0,0,0,0
1990016,,,0,0,0,0,0,1,1,0
1990020,0,0,0,0,0,0,0,1,0,0
1990024,0,0,0,0,0,0,0,1,1,0
1990028,0,0,0,0,0,0,0,1,0,0
1990032,0,0,0,0,0,0,0,1,1,0
1990037,0,0,0,1,0,0,0,1,0,0
1990041,0,0,0,1,0,0,0,1,1,1
1990045,0,0,0,0,0,0,0,0,1,0
1990049,0,0,0,1,0,0,1,1,0,1
1990053,0,1,0,1,0,0,1,1,1,1
1990057,0,0,0,1,0,0,1,1,1,0
1990061,0,0,0,1,0,0,0,1,1,0
2000001,0,0,0,1,0,0,0,1,0,1
2000005,0,0,0,1,0,0,0,1,0,0
2000009,0,0,0,0,0,0,0,0,0,0
2000013,0,0,0,1,0,0,0,0,0,0
2000017,0,0,0,1,0,0,0,0,0,0
2000021,0,0,0,1,0,0,1,0,0,0
2000025,0,1,0,0,0,0,0,0,1,0
2000028,0,0,0,0,0,0,1,1,0,0
2000032,0,0,0,1,0,0,0,1,0,0
2000036,0,0,0,1,0,0,0,1,0,0
2000040,0,0,0,1,0,0,0,1,1,0
2000044,0,0,0,0,0,0,0,1,1,1
2000048,0,0,0,0,0,0,1,1,0,0
2000052,0,0,0,0,0,0,0,1,1,0
2000056,0,0,0,0,0,0,0,1,0,0
2010002,0,1,0,0,0,0,0,1,1,0
2010004,0,0,0,0,0,0,0,0,1,0
2010006,0,0,0,0,0,0,0,1,1,1
2010008,0,0,0,0,0,0,0,1,1,0
2010010,0,0,0,1,0,0,0,1,1,1
2010012,0,0,0,0,0,0,0,1,1,0
2010014,0,0,0,0,0,0,0,1,1,1
2010016,0,0,0,0,0,0,0,1,1,0
2010018,0,,0,0,0,0,0,1,1,0
2020006,0,0,0,0,0,0,0,1,1,0
2020015,0,0,0,0,0,0,1,1,1,0
2020024,0,0,0,0,0,1,0,1,1,0
2020032,0,0,0,1,0,0,0,0,1,0
2020041,0,0,0,1,0,0,0,1,1,0
2020050,0,0,0,1,0,0,1,0,1,1
2020059,0,0,0,0,0,0,0,0,1,0
2020068,0,1,0,0,0,0,1,0,1,0
2020077,0,0,0,0,0,0,0,0,1,0
2020086,0,0,0,1,0,0,0,0,0,1
2020095,0,0,0,1,0,0,0,0,1,1
2020103,0,0,0,0,0,0,0,0,1,0
2020112,0,1,0,0,0,0,1,1,1,1
2020121,0,1,0,0,0,0,0,0,1,1
2030005,0,0,0,0,0,0,0,1,1,0
2030011,0,0,0,1,0,0,0,0,1,1
2030017,0,0,0,0,0,0,0,0,0,0
2030023,0,0,0,1,0,0,0,1,1,0
2030029,0,0,0,1,0,0,0,0,0,0
2030035,0,0,0,1,0,0,0,1,1,0
2030041,0,0,0,1,0,0,0,1,0,0
2030047,0,0,0,0,0,0,0,1,1,1
2030053,0,0,0,1,0,0,1,1,1,1
2030059,0,0,0,0,0,0,0,1,1,1
2030065,0,0,0,1,0,0,1,0,0,0
2030071,0,0,0,0,0,0,0,1,0,0
2030077,0,0,0,1,0,0,0,1,0,1
2030083,0,0,0,0,0,0,0,1,1,1
2040005,0,0,0,0,0,0,0,1,0,0
2040019,0,0,0,0,0,0,0,1,0,0
2040032,0,0,0,0,0,0,0,0,1,0
2040045,0,1,0,0,0,0,0,0,1,0
2040058,0,0,0,0,0,0,0,0,0,0
2040071,0,0,0,1,0,0,1,0,0,0
2040084,0,0,0,0,0,0,0,0,0,0
2040097,0,0,0,0,0,0,0,0,0,0
2040110,0,0,0,1,0,0,1,1,1,1
2040124,0,0,0,0,0,0,1,1,0,0
2040137,0,0,0,0,0,0,1,0,0,0
2040150,0,0,0,0,0,0,1,0,0,0
2040163,0,0,0,1,0,0,0,0,0,0
2040176,0,0,0,0,0,0,0,1,1,0
2040189,0,1,0,0,0,0,0,0,1,1
2050013,0,0,0,0,0,0,0,0,1,0
2050029,0,0,0,1,0,0,0,1,1,1
2050045,0,0,0,1,0,0,1,1,1,1
2050060,0,0,0,0,0,0,1,1,1,0
2050076,0,0,0,0,0,1,0,0,1,1
2050092,0,1,0,0,0,0,0,0,1,0
2050108,0,0,0,0,0,0,0,1,1,0
2050123,0,1,0,0,0,0,0,0,1,0
2050139,0,0,0,1,0,0,0,1,1,1
2050155,0,0,0,0,0,1,1,1,1,1
2050171,0,1,0,1,0,0,0,0,1,1
2050186,0,0,0,0,0,0,0,0,1,0
2050202,0,0,0,0,0,0,0,1,1,0
2050218,0,0,0,0,0,0,0,0,0,0
2050234,0,0,0,1,0,0,0,1,1,0
2060005,0,0,0,0,0,0,0,1,1,0
2060011,0,0,0,1,0,0,0,1,0,1
2060016,0,0,0,0,0,0,0,1,1,1
2060022,0,0,0,0,0,0,0,1,1,1
2060027,0,0,0,1,0,0,0,1,1,0
2060033,0,0,0,0,0,0,0,0,1,0
2060038,0,0,0,0,0,0,0,1,1,1
2060044,0,0,0,1,0,0,0,1,1,1
2060049,0,0,0,1,1,0,0,1,1,1
2060060,0,0,0,0,0,0,0,1,1,1
2060066,0,0,0,0,0,0,0,0,1,0
2060072,1,0,0,1,0,0,0,1,1,1
2060077,,,0,0,0,0,0,0,1,0
2060083,0,1,0,1,0,0,0,1,1,1
2070001,0,0,0,0,0,0,0,1,1,0
2070007,0,0,0,0,0,0,0,1,1,0
2070013,0,0,0,0,0,0,0,1,1,1
2070018,0,0,0,1,0,0,1,1,1,0
2070024,0,0,0,0,0,0,0,0,1,0
2070030,0,0,0,1,0,0,0,1,1,0
2070035,0,0,0,0,0,0,0,0,1,1
2070041,0,0,0,1,0,0,1,1,1,0
2070047,0,0,0,0,0,0,0,1,1,0
2070052,0,0,0,0,0,0,0,1,1,1
2070058,0,0,0,0,0,0,0,0,1,0
2070064,0,0,0,0,0,0,0,1,1,1
2070069,0,0,0,0,0,0,0,0,1,0
2070075,0,0,0,1,0,0,0,0,1,1
2070081,0,1,0,0,0,0,0,0,1,0
2080001,0,0,0,0,0,1,0,0,1,1
2080009,0,0,0,1,0,0,0,1,1,1
2080017,0,1,0,0,0,0,0,0,1,0
2080025,0,0,0,1,0,0,0,0,1,1
2080033,0,0,0,0,0,0,0,0,1,0
2080040,0,0,0,0,0,0,0,1,1,0
2080048,0,1,0,1,0,0,1,0,1,0
2080056,0,0,0,1,0,0,0,1,0,0
2080064,0,0,0,0,0,0,0,1,1,0
2080072,0,0,0,0,0,0,0,1,1,0
2080079,0,0,0,0,0,0,1,0,1,1
2080087,0,0,0,1,0,0,0,0,1,0
2080095,0,0,0,0,0,0,0,1,1,0
2080103,0,0,0,0,0,0,0,1,1,0
2080111,0,1,0,0,0,0,1,0,1,0
2080501,0,0,0,0,0,0,1,0,0,1
2090004,0,0,0,0,0,0,0,1,1,0
2090010,0,0,0,0,0,0,0,1,1,1
2090016,0,0,0,1,0,0,0,1,1,0
2090022,0,0,0,0,0,0,0,1,0,0
2090028,0,1,0,0,0,0,0,1,1,0
2090034,0,0,0,0,0,0,0,0,0,0
2090040,0,0,0,0,0,0,0,0,1,1
2090045,0,0,0,1,0,0,0,1,0,0
2090051,0,0,0,0,0,0,0,1,0,0
2090057,0,0,0,0,0,0,0,0,0,0
2090063,0,0,0,0,0,0,0,0,0,0
2090069,0,0,0,1,0,0,0,0,0,0
2090075,0,0,0,0,0,0,0,1,0,0
2090081,0,0,0,1,0,0,1,1,1,1
2090086,0,0,0,0,0,0,0,0,1,0
2100005,0,0,0,1,0,0,1,1,1,1
2100012,0,0,0,0,0,0,0,1,0,1
2100019,0,0,0,1,0,0,0,0,0,0
2100034,0,0,0,0,0,0,0,1,1,0
2100041,0,1,0,0,0,0,0,1,0,1
2100048,0,0,0,0,0,0,0,1,0,0
2100055,0,0,0,1,0,0,0,1,0,0
2100063,0,0,0,0,0,0,0,0,0,0
2100070,0,0,0,1,0,0,0,0,1,1
2100077,0,0,0,0,0,0,0,1,1,0
2100084,0,0,0,1,0,0,0,1,1,1
2100091,0,0,0,0,0,0,0,1,1,0
2100099,0,0,0,1,0,0,0,0,1,0
2100106,0,0,0,0,0,0,1,1,1,0
2110003,0,0,0,0,0,0,0,1,1,0
2110010,0,0,1,1,0,0,0,1,1,1
2110016,0,0,0,0,0,0,1,1,1,1
2110022,0,0,0,0,0,0,0,1,1,0
2110028,1,0,0,0,0,1,1,1,1,1
2110035,0,0,0,1,0,0,1,1,1,1
2110041,0,1,0,1,0,0,1,1,1,1
2110047,0,0,0,1,0,0,1,1,1,1
2110054,0,0,0,1,0,0,1,1,1,1
2110060,0,1,0,1,0,0,1,1,1,1
2110066,0,0,0,0,0,0,1,1,1,1
2110072,0,0,0,0,0,0,1,0,0,0
2110079,0,0,0,0,0,0,1,1,1,0
2110085,0,1,0,1,0,0,0,1,1,1
2110091,0,1,0,0,0,0,1,1,1,1
2120002,0,0,0,0,0,0,1,1,1,0
2120007,0,0,0,0,0,0,0,0,1,0
2120011,0,0,0,0,0,0,0,1,1,1
2120016,0,0,0,0,1,0,0,1,1,0
2120020,0,0,0,0,0,0,1,1,1,1
2120024,0,0,0,0,1,0,0,0,0,1
2120029,0,0,0,1,0,0,1,1,1,1
2120033,0,0,0,0,0,0,0,0,1,1
2120038,0,0,0,0,0,0,0,1,1,1
2120042,0,0,0,1,1,0,1,1,1,1
2120051,0,1,0,0,0,0,0,1,0,1
2120055,0,0,0,0,0,0,0,1,1,0
2120060,0,0,0,1,1,0,1,1,1,1
2120064,0,1,0,1,0,0,1,1,1,1
2130011,0,0,0,1,0,1,1,1,1,1
2130023,0,0,0,0,1,0,1,1,1,1
2130036,0,0,0,0,0,0,0,1,1,0
2130049,0,1,0,0,0,0,0,1,1,1
2130061,0,1,1,1,0,0,1,1,1,1
2130074,0,1,0,1,0,0,1,1,1,1
2130087,0,1,0,1,1,0,1,1,1,1
2130099,0,0,0,0,0,0,0,1,1,1
2130112,0,1,0,0,0,0,1,1,1,1
2130125,0,0,0,0,0,0,0,1,1,0
2130137,0,1,0,0,0,0,0,1,1,1
2130150,0,0,0,0,0,0,1,1,1,1
2130163,0,0,0,0,0,0,0,1,1,1
2130175,0,0,0,0,0,0,1,1,1,1
2130188,0,1,0,0,0,0,0,1,1,0
2140008,0,0,0,0,0,0,0,0,0,0
2140018,0,0,0,0,1,0,1,0,1,1
2140028,0,0,0,1,0,0,0,1,1,1
2140037,0,0,0,0,0,0,0,0,1,0
2140047,0,0,0,0,0,0,0,0,0,0
2140057,0,0,0,0,0,0,1,1,1,0
2140067,0,0,1,0,0,0,0,0,0,0
2140076,0,0,0,0,0,0,0,0,0,0
2140086,0,1,0,0,0,0,0,0,1,0
2140096,0,0,0,0,0,0,0,0,0,0
2140106,0,1,0,0,0,0,0,0,0,0
2140115,0,0,0,0,0,0,0,0,0,0
2140125,0,0,0,0,0,0,1,0,1,0
2140135,0,0,0,0,0,0,0,0,0,0
2140145,0,0,0,1,0,0,0,0,0,0
2150002,0,0,0,1,0,1,1,1,1,0
2150011,0,0,0,1,1,1,1,1,1,1
2150021,0,0,0,0,0,1,0,1,1,0
2150030,0,0,0,0,1,0,0,0,1,0
2150039,0,0,0,0,0,1,1,1,1,0
2150048,0,,0,1,0,1,1,1,1,0
2150057,0,0,0,0,0,0,1,1,1,0
2150066,0,0,0,1,1,0,1,1,1,1
2150075,0,0,0,1,1,0,1,1,1,1
2150084,0,0,0,1,0,0,1,1,1,1
2150093,0,0,0,1,0,0,1,1,1,0
2150102,,,0,1,1,1,1,1,1,0
2150111,0,0,0,1,1,0,1,1,1,1
2150120,0,0,1,1,1,0,1,0,1,1
2150129,0,0,0,1,0,0,1,1,1,0
2160003,0,0,0,0,0,0,0,0,0,0
2160020,0,,0,0,0,0,0,0,0,0
2160036,0,1,0,0,0,0,0,0,0,0
2160052,0,0,0,1,0,0,0,0,0,0
2160068,0,0,0,0,0,0,0,0,0,0
2160085,0,0,0,1,1,0,0,1,1,1
2160101,0,0,0,1,1,0,1,0,1,1
2160117,0,0,0,0,0,0,0,0,0,1
2160134,0,0,0,0,0,0,0,0,0,1
2160150,0,0,0,0,0,0,0,0,1,0
2160166,0,0,1,0,0,0,1,0,1,1
2160182,0,0,0,0,0,0,0,0,1,0
2160199,0,0,0,0,0,0,0,0,0,0
2160215,0,0,0,1,0,0,0,0,0,1
2160231,0,0,0,0,0,0,1,0,0,1
2170009,0,0,0,0,0,0,0,0,0,0
2170024,0,0,0,0,0,0,1,0,0,0
2170039,0,,0,1,0,0,1,0,0,0
2170053,,,0,0,0,0,0,0,0,0
2170068,0,0,0,0,0,0,0,0,0,0
2170098,0,1,0,0,0,0,0,0,0,0
2170113,0,0,0,0,0,0,1,0,0,0
2170128,0,0,0,0,0,0,0,0,0,0
2170143,0,0,0,0,0,0,0,0,0,0
2170158,0,0,0,0,0,0,1,0,0,0
2170172,0,,0,0,0,0,1,0,0,0
2170187,0,0,0,0,0,0,0,0,0,0
2170202,0,0,0,0,0,0,1,0,0,0
2170217,0,0,0,0,0,0,0,1,0,0
2180008,0,1,0,0,0,0,0,0,0,0
2180022,0,1,0,0,0,0,0,0,0,0
2180036,0,0,0,0,0,0,0,0,0,0
2180049,0,0,0,0,0,0,1,0,0,0
2180063,0,0,0,0,0,0,0,0,0,0
2180077,0,0,0,0,0,0,1,0,0,0
2180090,0,0,0,0,0,0,0,0,0,0
2180104,0,0,0,0,0,0,0,0,0,0
2180118,0,0,0,0,0,0,1,0,0,0
2180131,0,0,0,0,0,0,0,0,0,0
2180145,0,0,1,1,0,0,0,1,0,0
2180159,0,0,0,0,0,0,1,0,0,0
2180172,0,0,0,0,0,0,1,0,0,0
2180186,0,0,0,0,0,0,0,0,0,0
2180200,0,0,0,0,0,0,0,0,0,0
2190006,0,0,0,0,0,0,0,0,0,0
2190019,0,0,0,0,0,0,0,0,0,0
2190032,0,0,0,0,0,0,0,0,0,0
2190045,0,0,0,0,0,0,0,0,0,0
2190058,0,0,0,0,0,0,0,0,0,0
2190071,,,0,0,0,0,1,0,0,0
2190084,0,1,0,0,0,0,0,0,0,0
2190097,0,0,0,0,0,0,0,0,0,0
2190110,0,0,0,0,0,0,0,0,0,0
2190123,0,0,0,0,0,0,0,0,0,0
2190136,,,0,0,0,0,0,0,0,0
2190149,0,0,0,0,0,0,1,0,0,0
2190162,0,0,0,0,0,0,1,0,0,0
2190175,,,0,0,0,0,0,0,0,0
2190188,0,0,0,0,0,0,0,0,0,0
2200004,0,0,0,0,0,0,1,0,0,0
2200016,0,0,0,0,0,0,0,0,0,0
2200027,0,0,0,0,0,0,0,0,0,0
2200038,0,0,0,0,0,0,0,0,0,0
2200049,0,1,0,0,0,0,0,0,0,0
2200060,0,0,0,0,1,0,1,0,0,0
2200072,0,0,0,0,0,0,0,1,0,1
2200083,0,0,0,1,0,0,1,0,0,0
2200094,0,0,0,0,0,0,0,0,0,0
2200105,0,0,0,1,0,0,1,0,0,0
2200116,0,0,0,0,0,0,0,1,0,0
2200128,0,0,0,0,0,0,0,0,0,0
2200139,0,0,0,0,0,0,0,0,0,0
2200150,0,0,0,0,0,0,0,0,0,0
2200161,0,0,0,0,0,0,1,0,0,0
2210009,0,0,0,0,0,0,1,0,0,0
2210020,0,0,0,0,0,0,0,1,0,0
2210040,0,0,0,0,0,0,0,0,1,0
2210050,0,0,0,0,0,0,0,0,0,0
2210060,0,0,0,1,0,0,1,0,0,0
2210070,0,0,0,1,0,0,0,0,0,0
2210080,0,0,0,0,0,0,1,0,0,0
2210091,0,0,0,0,0,0,0,0,0,0
2210101,0,1,0,0,0,0,1,0,0,1
2210111,0,0,0,0,0,0,0,0,0,0
2210121,0,0,0,1,0,0,0,0,0,0
2210131,0,1,0,0,0,0,0,1,0,0
2210141,0,0,0,0,0,0,0,0,0,0
2210151,0,0,0,0,0,0,0,0,0,0
2220002,0,0,0,1,0,0,0,1,1,1
2220004,0,0,1,1,0,0,0,1,1,1
2220006,0,0,0,1,0,0,0,1,1,1
2220008,0,0,1,1,0,0,1,1,1,1
2220010,0,0,0,1,0,0,1,1,1,1
2220014,0,1,0,1,0,0,0,1,1,1
2220016,0,0,0,0,0,0,1,1,1,1
2220018,0,1,0,1,0,0,0,1,1,1
2220020,0,0,0,1,0,1,1,1,1,1
2220022,0,1,0,1,0,1,0,1,1,1
2230002,0,0,0,0,0,0,0,0,0,0
2230010,0,0,0,0,0,0,0,1,1,1
2230018,0,0,0,0,0,0,0,0,1,0
2230026,0,0,0,1,0,0,0,0,1,0
2230034,0,0,0,1,0,1,1,1,1,1
2230041,0,0,0,0,0,0,0,1,1,1
2230049,0,0,0,0,0,0,1,0,1,0
2230057,0,0,0,0,0,0,0,0,0,0
2230065,0,1,0,1,0,0,0,0,1,0
2230073,0,0,0,1,0,0,1,0,1,1
2230080,0,0,0,0,0,1,0,1,1,0
2230088,0,0,0,1,0,0,0,0,0,0
2230096,0,0,0,0,0,0,0,1,0,0
2230104,0,0,0,0,0,0,0,0,0,0
2230112,0,0,0,1,0,0,0,1,1,0
2240001,0,0,0,1,0,0,0,1,1,1
2240009,0,0,0,0,0,0,0,1,1,1
2240017,0,0,0,0,0,0,0,1,1,1
2240025,0,0,0,0,0,0,0,1,1,1
2240033,0,0,0,0,0,0,1,1,1,1
2240041,0,0,0,1,0,0,1,1,1,1
2240049,0,0,0,1,0,0,0,1,1,1
2240057,0,0,0,0,0,0,1,1,1,1
2240073,0,0,0,1,0,0,0,1,1,0
2240081,0,0,0,0,0,0,0,0,1,1
2240089,0,0,0,1,0,0,0,1,1,1
2240097,0,0,0,1,0,0,1,0,1,1
2240105,0,0,0,0,0,0,0,0,1,1
2240112,0,0,0,0,0,0,0,1,1,1
2240501,0,1,0,0,0,0,1,1,1,0
2250008,0,0,0,1,0,1,0,0,0,0
2250021,0,0,0,1,0,1,0,1,0,1
2250034,0,1,0,0,0,0,0,0,1,1
2250048,0,1,0,0,0,1,0,0,1,1
2250061,0,0,0,0,0,0,0,0,1,0
2250074,0,0,0,0,0,0,0,1,1,0
2250087,0,0,0,1,0,0,0,0,1,1
2250100,0,0,0,1,0,0,1,0,1,1
2250114,0,1,0,1,0,1,1,1,1,1
2250127,0,0,0,0,0,1,0,0,1,0
2250140,0,0,0,1,0,1,1,0,1,1
2250153,0,0,0,0,0,1,0,0,0,0
2250166,0,0,0,1,0,0,0,1,1,0
2250180,0,0,0,0,0,1,0,0,1,0
2250193,0,0,0,0,0,0,0,0,1,0
2260002,0,0,0,0,0,0,0,0,1,0
2260008,0,0,0,0,0,0,0,0,1,0
2260013,0,0,0,1,0,0,0,0,1,1
2260018,0,0,0,0,0,0,0,0,0,1
2260023,0,0,0,0,0,0,0,1,0,0
2260028,0,0,0,1,0,0,0,0,0,0
2260033,0,0,0,0,0,0,0,0,1,0
2260038,0,1,0,0,0,0,1,1,0,0
2260043,0,0,0,1,0,0,0,1,1,0
2260049,0,0,0,0,0,0,0,0,0,1
2260054,0,0,0,1,0,0,1,0,1,0
2260059,0,0,0,1,0,1,0,1,1,0
2260064,0,0,0,0,0,0,0,0,1,0
2260069,0,0,0,0,0,0,0,0,0,0
2260074,0,1,0,0,0,0,0,1,1,0
2270008,0,0,0,0,0,0,0,0,0,0
2270028,0,0,0,0,0,0,0,0,0,0
2270048,0,0,0,0,0,0,0,0,0,0
2270067,,,0,0,0,0,0,0,1,1
2270106,0,0,0,1,0,0,0,1,0,0
2270126,0,0,0,1,0,0,0,1,0,0
2270146,0,0,0,0,0,0,1,0,0,0
2270165,0,0,0,1,0,0,1,0,0,1
2270185,0,0,0,0,0,0,1,0,0,1
2270204,0,0,0,0,0,0,1,0,0,0
2270244,0,0,0,0,0,0,1,0,0,0
2270263,0,0,0,0,0,0,0,0,0,0
2270283,0,0,0,0,0,0,1,0,0,0
2280003,0,0,0,0,0,0,0,0,0,0
2280005,0,0,0,0,0,0,0,0,1,0
2280008,0,0,0,0,0,0,1,0,1,0
2280010,0,0,0,0,0,0,0,0,1,0
2280013,0,0,0,1,0,0,0,1,1,1
2280015,0,0,0,0,0,0,0,0,1,0
2280017,0,0,0,1,0,0,0,1,1,0
2280020,0,0,0,0,0,1,0,1,1,1
2280022,0,0,0,1,0,0,1,0,1,1
2280025,0,0,0,0,0,0,0,0,1,0
2280027,0,0,0,0,0,0,0,0,0,0
2280030,0,0,0,1,0,0,0,0,1,0
2280032,0,0,0,0,0,0,0,0,1,0
2280035,0,0,0,0,0,0,0,0,0,0
2280037,0,0,0,0,0,0,0,0,1,0
2290016,0,0,0,1,0,0,1,0,0,1
2290034,0,0,0,1,0,0,1,1,1,1
2290052,0,0,0,1,0,0,0,0,1,1
2290070,0,1,0,0,0,0,1,0,0,0
2290089,0,0,0,1,0,0,0,1,1,0
2290107,0,1,0,0,0,0,1,0,1,0
2290125,0,0,0,1,0,0,0,0,0,1
2290143,0,0,0,0,0,0,0,0,0,0
2290162,0,0,0,1,0,0,0,0,0,0
2290180,0,0,0,0,0,0,0,0,0,0
2290198,0,0,0,1,0,0,1,0,0,0
2290216,0,0,0,0,0,0,0,0,0,0
2290235,0,0,0,1,0,1,0,1,1,1
2290253,0,0,0,0,0,0,0,0,1,0
2290271,0,0,0,0,0,0,0,0,0,0
2300001,0,0,0,0,0,0,0,1,1,0
2300006,0,0,0,1,0,0,0,1,1,0
2300008,0,1,0,1,0,1,1,1,1,1
2300012,0,0,0,1,0,1,1,1,1,0
2300014,0,0,0,1,0,0,1,1,1,1
2300016,0,0,0,1,0,0,1,1,1,1
2300018,0,0,0,1,0,0,1,1,1,1
2300020,0,0,1,1,0,0,1,1,1,0
2300022,0,0,0,1,0,0,1,1,1,1
2300024,0,0,0,1,0,0,1,1,1,1
2300026,0,0,0,1,0,0,1,1,1,0
2300028,0,0,0,1,0,0,0,1,1,1
2300030,0,0,0,1,0,0,0,1,1,1
2310001,0,0,0,0,0,0,0,1,0,0
2310004,0,0,0,0,0,0,0,0,0,0
2310006,0,0,0,1,0,0,0,1,1,1
2310008,0,0,0,0,0,0,1,1,1,1
2310010,0,0,0,0,0,0,0,1,1,1
2310012,0,0,0,0,0,0,0,1,1,1
2310015,0,0,0,1,0,0,1,1,1,1
2310017,0,0,0,0,0,0,0,1,1,1
2310019,0,0,0,0,0,0,0,1,1,1
2310021,0,0,0,1,0,0,0,1,1,1
2310023,0,0,0,1,0,0,1,1,1,1
2310026,0,0,0,0,0,0,0,0,1,0
2310028,0,0,0,0,0,0,0,0,0,1
2310030,0,0,0,1,0,0,0,1,1,1
2310032,0,0,0,1,0,0,0,1,1,0
2320007,0,0,0,0,0,0,0,1,1,1
2320017,0,0,0,0,0,0,0,0,0,0
2320028,0,0,0,0,0,0,0,1,1,0
2320038,0,0,0,1,0,0,1,1,1,0
2320049,0,0,0,0,0,0,0,1,1,1
2320060,0,0,0,0,0,0,0,0,1,1
2320081,0,0,0,0,0,0,1,1,1,1
2320091,0,0,0,0,0,0,0,0,1,0
2320102,0,0,0,1,0,0,0,1,1,1
2320113,0,0,0,1,0,0,1,1,1,1
2320123,0,0,0,0,0,0,0,1,1,1
2320134,0,0,0,0,0,0,0,1,1,0
2320145,0,0,0,0,0,0,0,1,1,0
2320155,0,0,0,1,0,0,0,1,1,0
2330004,0,0,0,1,0,0,1,1,1,0
2330009,0,0,0,0,0,0,1,1,1,0
2330015,0,0,0,1,0,0,1,1,1,1
2330020,0,0,0,0,0,0,0,1,1,0
2330025,0,0,0,0,0,0,0,1,1,0
2330031,0,0,0,1,0,0,1,1,1,1
2330036,0,1,0,0,0,0,1,1,1,0
2330041,0,0,0,1,0,0,0,1,1,0
2330047,0,1,0,1,0,0,0,0,1,1
2330052,0,0,0,1,0,0,0,1,1,1
2330057,0,0,0,0,0,0,0,1,1,1
2330063,0,0,0,0,0,0,0,1,1,0
2330073,0,0,0,1,0,0,0,1,1,1
2330079,0,1,0,1,0,0,0,1,1,0
2340003,0,0,0,1,0,0,0,1,1,1
2340010,0,0,0,0,0,0,1,0,1,0
2340017,0,0,0,0,0,0,0,0,1,0
2340024,0,0,0,0,0,0,0,0,0,0
2340030,0,0,0,0,0,0,0,1,1,0
2340037,0,0,0,0,0,0,0,1,1,1
2340051,0,0,0,0,0,0,0,0,0,0
2340057,0,0,0,0,0,0,0,1,1,1
2340064,0,0,0,0,0,0,1,0,0,0
2340071,0,0,0,0,0,0,0,0,1,0
2340077,0,0,0,0,0,0,1,0,1,0
2340084,0,0,0,1,0,0,0,0,1,0
2340091,0,0,0,0,0,0,0,0,1,0
2340098,0,0,0,1,0,0,0,0,1,0
2350002,0,0,0,1,0,0,0,0,1,0
2350006,0,0,0,1,0,0,1,1,1,0
2350010,0,0,0,1,0,0,0,1,1,1
2350014,0,0,0,0,0,0,1,1,1,0
2350018,0,1,0,0,0,0,0,0,0,0
2350022,0,1,0,0,0,0,0,1,1,0
2350026,0,0,0,0,0,0,0,1,1,0
2350030,0,0,0,1,0,0,0,1,0,1
2350034,0,0,0,1,0,0,0,1,1,1
2350038,0,0,0,0,0,0,0,1,1,0
2350042,0,0,0,0,0,0,0,0,0,0
2350046,0,0,0,0,0,0,0,0,0,0
2350050,0,0,0,0,0,0,0,1,1,0
2350054,0,0,0,1,0,0,0,1,0,0
2350058,0,0,0,0,0,0,0,1,1,0
2360007,0,1,0,0,0,0,0,1,1,1
2360013,0,0,0,0,0,0,0,1,1,0
2360019,0,0,0,0,0,0,0,1,1,1
2360026,0,0,0,1,1,0,1,1,1,1
2360032,0,0,0,1,0,0,0,1,1,0
2360038,0,0,0,1,0,0,1,1,1,1
2360045,0,0,0,1,0,0,0,1,0,0
2360051,0,0,0,0,0,0,0,0,0,0
2360057,0,0,0,0,0,0,0,1,1,0
2360064,0,0,0,1,0,0,1,0,0,0
2360070,0,0,0,0,0,0,0,1,1,0
2360076,0,0,0,1,0,0,0,1,1,0
2360083,0,0,0,1,0,0,0,1,0,0
2360089,0,0,0,0,0,0,0,1,1,0
2360095,0,0,0,0,0,0,0,0,0,0
2370012,0,0,0,0,0,0,0,0,0,0
2370026,0,0,0,0,0,0,1,0,0,0
2370041,0,0,0,0,0,0,0,0,0,0
2370055,0,0,0,0,0,0,1,0,0,0
2370070,0,1,0,0,0,0,1,0,0,0
2370084,0,0,0,0,0,0,1,0,0,0
2370098,0,0,0,0,0,0,0,0,0,0
2370113,0,0,0,0,0,0,0,0,0,0
2370127,0,1,0,0,0,0,0,0,0,0
2370142,0,0,0,0,0,0,1,0,0,1
2370156,0,1,0,0,0,0,1,0,0,0
2370171,0,0,0,0,0,0,1,0,0,0
2370185,0,0,0,0,0,0,1,0,0,0
2370200,0,0,0,0,0,0,0,0,0,0
2370214,0,0,0,0,0,0,1,0,0,0
2380004,0,0,0,0,0,0,0,0,0,0
2380023,0,0,0,1,0,0,1,0,0,1
2380041,0,0,0,0,0,0,1,0,0,0
2380060,0,0,0,0,0,0,1,0,0,0
2380078,0,0,0,0,0,0,1,0,0,0
2380097,0,0,0,0,0,0,0,0,0,0
2380115,0,0,0,0,0,0,0,0,0,0
2380134,0,0,0,0,0,0,0,0,0,0
2380152,0,0,0,0,0,0,1,0,0,0
2380189,0,0,0,0,0,0,1,0,0,1
2380208,0,0,0,0,0,0,0,0,0,0
2380226,0,1,0,0,0,0,1,0,0,1
2380244,0,0,0,0,0,0,1,0,0,0
2380263,0,0,0,0,0,0,1,0,0,1
2390002,0,0,0,0,0,0,0,0,0,0
2390013,0,0,0,0,0,0,0,1,0,0
2390024,0,0,0,0,0,0,0,0,0,0
2390035,0,0,0,0,0,0,0,0,0,0
2390046,0,0,0,0,0,0,0,0,0,0
2390068,0,0,0,1,0,0,1,0,0,0
2390079,1,0,0,0,0,0,1,0,0,0
2390090,0,0,0,0,0,0,0,0,1,1
2390101,0,0,0,0,0,0,1,0,0,0
2390112,0,1,0,0,0,0,0,0,0,0
2390123,0,0,0,1,0,0,1,0,0,1
2390134,0,0,0,1,0,0,0,0,0,0
2390145,0,1,0,0,0,0,1,0,0,1
2390156,0,0,0,0,0,0,0,0,0,0
2400011,0,0,0,0,0,0,0,0,0,0
2400027,0,0,0,0,0,0,0,0,0,0
2400093,0,0,0,0,0,0,0,0,0,0
2400109,0,0,0,0,0,0,1,0,0,0
2400125,0,0,0,0,0,0,1,0,0,1
2400142,0,0,0,0,0,0,0,0,0,0
2400158,0,1,0,0,0,0,1,1,1,0
2400175,0,0,0,0,0,0,1,0,0,0
2400191,0,0,0,0,0,0,0,0,0,0
2400207,0,0,0,0,0,0,1,0,0,0
2400224,0,0,0,1,0,0,0,0,0,0
2400240,0,0,0,0,0,0,0,0,0,0
2410010,0,0,0,0,0,0,0,0,0,0
2410026,0,0,0,0,0,0,0,0,0,0
2410043,0,0,0,1,0,0,0,0,0,0
2410060,0,0,0,0,0,0,0,0,0,0
2410076,0,0,0,0,0,0,0,0,0,0
2410093,0,0,0,0,0,0,0,0,0,0
2410110,0,0,0,0,0,0,0,0,0,0
2410126,0,0,0,0,0,0,1,0,0,0
2410143,0,0,0,0,0,0,0,0,0,0
2410160,0,0,0,0,0,0,0,0,0,0
2410176,0,0,0,0,0,0,0,0,0,0
2410193,0,0,0,0,0,0,1,0,0,0
2410210,0,1,0,0,0,0,0,0,0,0
2410226,0,0,0,0,0,0,1,0,0,0
2410243,0,0,1,0,0,0,0,0,0,0
2420008,0,0,0,0,0,0,1,0,0,0
2420025,0,0,0,0,0,0,0,0,0,0
2420041,0,0,0,0,0,0,0,0,0,0
2420058,0,0,0,0,0,0,0,0,0,0
2420074,0,0,0,0,0,0,1,0,0,0
2420091,0,1,0,0,0,0,0,0,0,0
2420107,0,0,0,0,0,0,0,0,0,0
2420124,0,1,0,0,0,0,0,0,0,0
2420140,0,0,0,0,0,0,0,0,0,0
2420157,0,0,0,0,0,0,0,0,0,0
2420173,0,0,0,0,0,0,1,0,0,1
2420190,0,0,0,0,0,0,0,0,0,0
2420222,0,1,0,0,0,0,0,0,0,0
2420239,0,0,0,0,0,0,0,0,0,0
2430006,0,0,0,0,0,0,1,1,1,0
2430022,0,0,0,0,0,0,0,1,1,0
2430037,0,0,0,0,0,0,0,0,0,0
2430053,0,1,0,0,0,0,0,0,0,0
2430068,0,0,0,0,0,0,1,0,0,0
2430083,0,0,0,1,0,0,0,0,0,0
2430099,0,0,0,0,0,0,0,0,1,0
2430114,0,0,0,1,0,0,0,0,0,1
2430130,0,0,0,0,0,0,0,0,0,0
2430145,0,0,0,0,0,1,0,0,0,0
2430160,0,1,0,0,0,0,0,0,0,0
2430176,0,0,0,0,0,0,0,0,0,0
2430191,0,0,0,0,0,0,0,0,1,0
2430207,0,0,0,0,0,0,0,0,1,0
2430222,0,1,0,1,0,0,0,1,1,1
2440013,0,0,0,0,0,0,0,0,0,0
2440029,0,0,0,0,0,0,1,0,0,0
2440044,0,0,0,0,0,0,1,1,0,1
2440060,0,0,0,0,0,0,1,0,0,1
2440075,0,0,0,0,0,0,0,0,0,0
2440090,0,0,0,0,0,1,0,0,0,0
2440106,0,0,0,0,0,0,0,0,0,0
2440121,0,0,0,0,0,0,0,0,0,0
2440137,0,1,0,0,0,0,0,0,0,0
2440152,0,,0,0,0,0,0,0,0,0
2440168,0,0,0,0,0,0,0,0,0,0
2440183,0,0,0,0,0,0,0,0,0,0
2440199,0,0,0,0,0,0,0,0,0,0
2440214,0,0,0,0,0,0,1,0,0,1
2440230,0,0,0,0,0,0,0,0,0,0
2450012,0,1,0,0,0,0,0,0,1,0
2450028,0,0,0,0,0,0,0,0,0,0
2450043,0,0,0,0,0,0,0,0,0,0
2450059,0,0,0,1,0,0,0,0,0,1
2450074,0,0,0,0,0,0,0,0,0,0
2450089,0,0,0,0,0,0,1,0,0,1
2450105,0,1,0,0,0,0,0,0,0,0
2450120,0,0,0,0,0,0,0,0,0,0
2450136,0,1,0,0,0,0,0,0,1,0
2450151,0,0,0,1,0,0,0,0,0,0
2450167,0,0,0,0,0,0,0,0,0,0
2450182,0,0,0,0,0,0,0,0,0,0
2450198,0,0,0,0,0,0,0,0,0,0
2450213,0,1,0,0,0,0,1,0,0,1
2450229,0,0,0,1,0,0,1,0,0,0
2460002,0,0,0,0,0,1,0,1,0,0
2460004,0,0,0,1,0,1,0,1,1,1
2460006,0,1,0,0,0,1,0,1,1,0
2460008,0,0,0,0,0,1,0,0,1,1
2460010,0,1,0,0,0,0,0,0,0,0
2460016,0,0,0,0,0,0,0,0,0,0
2460018,0,0,0,0,0,0,0,0,0,0
2460020,0,0,0,0,0,0,0,0,0,0
2460022,0,1,0,0,0,0,0,0,0,0
2460024,0,0,0,0,0,0,0,0,0,0
2460026,0,0,0,0,0,0,0,0,0,0
2470001,0,0,0,0,0,0,0,1,1,0
2470005,0,0,0,0,0,0,0,1,1,0
2470009,0,0,0,1,0,0,0,1,1,0
2470012,0,0,0,0,0,0,0,1,0,0
2470016,0,0,0,0,0,0,0,1,1,0
2470020,0,0,0,0,0,0,0,1,1,0
2470023,0,0,0,0,0,0,0,0,0,0
2470027,0,0,0,0,0,0,0,1,1,0
2470031,0,0,0,0,0,0,0,0,0,0
2470034,0,0,0,0,0,0,0,0,1,0
2470042,0,0,0,1,0,0,0,1,1,0
2470045,0,0,0,1,0,0,1,0,1,1
2470049,0,0,0,1,0,0,0,0,1,0
2470053,0,0,0,0,0,0,0,0,0,0
2480005,0,0,0,0,0,0,1,1,1,0
2480014,0,0,0,0,0,0,0,0,0,0
2480022,0,0,0,1,0,0,0,1,1,1
2480030,0,0,0,1,0,0,0,1,1,0
2480038,0,0,0,0,0,0,0,1,1,0
2480046,0,0,0,1,0,0,1,1,1,1
2480054,0,0,0,1,0,0,0,1,1,0
2480062,0,0,0,0,0,0,0,0,1,0
2480070,0,0,0,0,0,0,0,0,0,0
2480078,0,0,0,0,0,0,0,0,1,0
2480086,0,0,0,0,0,0,1,0,0,0
2480094,0,0,0,1,0,0,0,1,1,0
2480102,0,0,0,0,0,0,1,1,1,0
2480110,0,0,0,0,0,0,0,1,0,1
2480118,0,1,0,0,0,0,0,0,1,1
2480501,0,0,0,0,0,0,1,1,1,0
2490001,0,0,0,0,0,0,0,0,0,0
2490020,,,0,0,0,0,0,1,0,0
2490038,0,0,0,0,0,0,0,0,0,0
2490056,0,0,0,0,0,0,0,1,0,0
2490074,0,0,0,0,0,1,0,0,0,0
2490093,0,0,0,0,0,1,1,0,0,0
2490111,0,1,0,1,0,1,0,0,0,0
2490129,0,0,0,0,0,1,1,0,0,0
2490148,0,0,0,0,0,0,1,0,0,0
2490166,0,0,0,0,0,0,1,0,0,0
2490184,0,0,0,0,0,1,0,0,0,0
2490202,0,0,0,0,0,0,0,0,0,0
2490221,0,1,0,0,0,1,1,0,0,1
2490239,0,0,0,0,0,0,0,0,0,0
2490257,0,0,0,0,0,1,1,0,0,0
2500009,0,0,0,0,0,0,0,0,0,0
2500031,0,0,0,0,0,0,0,0,0,0
2500052,0,0,0,0,0,0,0,0,0,0
2500074,0,0,0,0,0,0,0,0,0,0
2500095,0,0,0,0,0,0,1,0,0,0
2500117,0,0,0,0,0,0,1,0,0,0
2500138,0,1,0,0,0,0,0,0,0,0
2500160,0,0,0,0,0,0,0,0,0,0
2500181,0,0,0,0,0,0,0,0,0,0
2500203,0,0,0,0,0,0,0,0,0,0
2500224,0,0,0,0,0,0,0,0,0,0
2500246,0,0,0,0,0,0,0,0,0,0
2500288,0,0,0,0,0,0,0,0,0,0
2500310,0,0,0,0,0,1,1,0,0,0
2510005,0,0,0,0,0,0,0,0,1,0
2510009,0,0,0,0,0,0,0,1,1,0
2510013,0,0,0,0,0,0,0,0,1,0
2510017,0,0,0,0,0,0,0,1,1,0
2510022,0,0,0,0,0,0,0,0,0,1
2510026,,,0,0,0,0,0,1,0,0
2510030,0,1,0,0,0,0,0,1,1,0
2510034,0,0,0,0,0,0,1,1,1,0
2510039,0,0,0,1,0,1,0,1,1,0
2510043,0,0,0,0,0,0,0,0,1,0
2510047,0,0,0,1,0,0,0,1,1,0
2510051,0,,0,0,0,0,0,1,0,0
2510056,0,0,0,1,0,0,0,1,1,0
2510060,0,0,0,0,0,0,0,0,1,0
2510064,0,0,0,0,0,0,0,1,1,0
2520017,0,0,0,0,0,0,1,0,0,0
2520038,0,0,0,0,0,0,0,0,0,0
2520058,0,0,0,0,0,0,0,0,0,0
2520078,0,0,0,0,0,1,0,0,0,0
2520098,0,1,0,0,0,0,0,0,0,0
2520118,0,0,0,0,0,0,1,0,0,1
2520138,0,0,0,0,0,0,0,0,0,0
2520158,0,0,0,1,0,0,0,0,0,0
2520179,0,0,0,0,0,0,1,0,0,0
2520199,0,0,0,0,0,0,1,0,0,0
2520219,0,0,0,0,0,0,0,0,0,0
2520239,0,0,0,0,0,0,0,0,0,0
2520259,0,0,0,0,0,0,0,0,0,0
2520279,0,0,0,0,0,0,1,0,0,1
2520299,0,0,0,0,0,0,0,0,0,0
2530002,0,0,0,0,0,0,0,0,1,0
2530004,0,0,0,1,0,0,0,1,1,1
2530006,0,0,0,0,0,0,1,0,1,0
2530008,0,0,0,0,0,0,0,0,1,0
2530010,0,0,0,0,0,0,0,1,1,0
2530014,0,0,0,0,0,0,0,1,1,1
2530016,0,,0,0,0,0,0,1,1,0
2530018,0,0,0,0,0,0,0,0,1,0
2540003,0,0,0,0,0,0,0,0,0,0
2540016,0,0,0,0,0,0,0,1,1,0
2540028,0,0,0,0,0,0,0,1,1,1
2540041,0,0,0,1,0,0,1,0,0,0
2540053,0,1,0,0,0,0,0,0,0,0
2540066,0,0,0,0,0,0,0,0,1,0
2540078,0,0,0,0,0,0,0,0,1,0
2540091,0,0,0,0,0,0,0,0,1,1
2540103,0,0,0,1,0,0,0,0,1,0
2540116,0,1,0,0,0,0,1,1,1,1
2540128,0,0,0,0,0,0,0,1,1,0
2540141,0,0,0,0,0,0,0,1,1,1
2540153,0,0,0,0,0,0,0,0,1,0
2540165,0,0,0,0,0,0,0,0,1,0
2540178,0,1,0,0,0,0,0,0,1,0
2550006,0,0,0,0,0,0,0,1,0,0
2550015,0,0,0,0,0,0,0,0,0,0
2550024,0,0,0,0,0,0,0,0,0,1
2550033,0,0,0,0,0,0,0,1,0,0
2550042,0,0,0,0,0,0,0,0,0,0
2550051,0,0,0,0,0,0,0,1,1,1
2550060,0,0,0,1,0,0,0,1,1,0
2550069,0,0,0,0,0,0,0,1,0,1
2550078,0,1,0,0,0,0,0,1,0,0
2550088,0,0,0,0,0,0,0,1,1,0
2550097,0,0,0,1,0,0,0,0,1,0
2550106,0,0,0,0,0,0,1,1,1,1
2550115,0,0,0,0,0,0,1,1,0,0
2550124,0,0,0,0,0,0,0,0,0,0
2550133,0,0,0,0,0,0,0,0,0,0
2560009,0,0,0,0,0,0,0,1,1,1
2560023,0,0,0,1,0,0,0,1,1,0
2560038,0,0,0,0,0,0,0,1,1,0
2560052,0,0,0,0,0,0,0,1,1,1
2560067,0,0,0,0,0,0,0,1,1,0
2560081,0,0,0,0,0,0,0,1,1,1
2560095,0,0,0,1,0,0,0,1,0,0
2560110,0,0,0,0,0,0,0,1,1,0
2560124,0,0,0,0,0,0,0,0,1,1
2560139,0,0,0,1,0,0,0,1,1,0
2560153,0,0,0,1,0,0,0,1,1,1
2560168,0,0,0,0,0,0,0,1,0,0
2560182,0,0,0,1,1,0,0,1,1,1
2560197,0,0,0,0,0,0,0,1,1,1
2560211,0,1,0,0,0,0,1,0,0,0
2570002,0,0,0,0,0,0,0,1,1,0
2570008,0,0,0,0,0,0,0,1,1,0
2570013,0,0,0,0,0,0,1,1,1,0
2570019,0,0,0,0,0,0,1,1,1,1
2570025,0,0,0,0,0,0,0,0,1,0
2570030,0,0,0,1,0,0,0,1,1,0
2570036,,0,0,1,0,0,1,1,1,1
2570041,0,0,0,0,0,0,0,1,0,0
2570047,0,0,0,0,0,0,0,1,1,0
2570052,0,0,0,1,0,0,0,1,1,1
2570058,0,0,0,0,0,0,0,0,0,0
2570063,0,0,0,0,0,0,1,1,1,0
2570069,0,0,0,0,0,0,1,1,1,1
2570074,1,0,0,0,0,0,0,1,1,0
2570080,0,0,0,0,0,0,0,1,1,1
2580006,0,0,0,0,0,0,0,0,0,0
2580020,0,0,0,0,0,0,1,0,0,0
2580034,0,0,0,0,0,0,0,0,0,0
2580047,0,0,0,0,1,0,1,0,1,1
2580061,0,0,0,0,0,0,1,0,0,0
2580074,0,0,0,0,0,0,0,0,0,0
2580088,0,0,0,0,0,0,0,0,1,0
2580102,0,0,0,0,0,0,0,0,0,0
2580115,0,0,0,1,1,0,1,1,1,1
2580129,0,0,0,0,0,0,0,0,0,0
2580142,0,0,0,0,0,0,0,0,0,0
2580156,0,0,0,0,0,0,0,1,0,0
2580170,0,1,0,0,0,0,1,1,1,0
2580183,0,1,0,0,0,0,0,1,1,0
2580197,0,0,0,0,0,0,1,0,1,1
2590013,0,0,0,1,0,0,1,0,0,0
2590027,0,0,0,1,0,0,1,0,0,1
2590042,0,0,0,0,0,0,0,0,0,0
2590056,0,0,0,0,0,0,0,0,0,0
2590071,0,1,0,1,0,0,1,1,1,1
2590085,0,0,0,0,0,0,0,0,1,0
2590099,0,0,0,0,0,0,0,0,0,0
2590114,0,0,0,1,0,0,1,0,1,0
2590128,0,,0,0,0,0,0,0,1,0
2590143,0,0,0,0,0,0,0,0,0,0
2590157,0,0,0,0,0,0,0,0,0,0
2590172,0,0,0,0,0,0,0,0,0,0
2590186,0,0,0,0,0,0,0,0,0,0
2590201,0,1,0,0,0,0,0,0,0,0
2590215,0,0,0,0,0,0,0,0,0,0
2600016,0,1,0,0,0,0,0,1,1,0
2600034,0,0,0,0,0,0,1,0,1,0
2600052,0,0,0,0,0,0,1,0,0,0
2600071,0,0,0,1,0,0,1,1,0,0
2600089,0,0,0,0,0,0,0,0,0,0
2600107,0,0,0,0,0,0,0,0,0,0
2600126,0,0,0,0,0,0,1,1,1,0
2600144,0,0,0,0,0,0,0,0,0,0
2600162,0,0,0,0,0,0,0,0,0,0
2600181,0,0,0,0,0,0,0,0,1,0
2600199,0,0,0,0,0,0,0,0,0,1
2600217,0,0,0,0,0,0,1,0,1,0
2600236,0,0,0,0,0,0,1,0,0,0
2600254,0,0,0,1,0,0,0,1,1,1
2600272,0,0,0,1,0,0,0,1,0,1
2600501,0,0,0,0,0,0,1,1,0,1
2610002,0,1,0,1,1,1,0,1,1,1
2610010,0,0,0,0,0,0,0,0,1,1
2610017,0,1,0,1,0,0,1,1,1,1
2610025,0,0,0,1,1,0,1,1,1,1
2610032,0,1,0,0,1,0,0,1,1,0
2610040,0,0,0,1,0,0,1,1,1,0
2610047,0,1,0,1,1,0,0,1,1,1
2610055,0,1,0,1,0,0,1,1,1,1
2610062,0,1,0,0,0,0,1,1,1,1
2610070,0,0,1,0,1,0,1,1,1,1
2610077,0,1,0,0,0,0,0,1,1,0
2610085,0,0,0,1,1,0,1,1,1,1
2610092,0,0,0,1,0,0,0,1,1,1
2610099,0,0,0,1,0,0,0,1,1,0
2620002,0,0,0,0,0,0,0,1,0,0
2620014,0,0,0,0,0,0,1,0,0,0
2620026,0,0,0,0,0,0,0,0,1,0
2620038,0,0,0,0,0,0,1,0,0,0
2620050,0,0,0,0,0,0,0,0,1,0
2620062,0,0,0,0,0,0,0,0,1,0
2620074,0,0,0,1,1,0,1,1,1,1
2620086,0,0,0,1,0,0,1,0,0,1
2620098,0,1,0,0,0,0,0,0,1,0
2620110,0,0,0,0,0,0,1,0,0,0
2620122,0,1,0,0,0,0,0,0,0,0
2620134,1,0,0,0,0,0,0,0,0,0
2620146,0,0,0,1,0,0,1,0,1,0
2620158,0,0,0,1,1,0,0,0,0,1
2620169,0,0,0,1,0,0,0,0,0,0
2630012,0,0,0,0,0,0,1,1,0,0
2630030,0,0,0,1,0,0,0,0,0,0
2630048,0,0,0,0,0,0,0,0,0,0
2630067,0,0,0,0,0,0,1,0,1,0
2630085,0,0,0,0,0,0,0,0,0,0
2630104,0,0,0,0,0,0,0,1,0,0
2630122,0,0,0,0,0,0,0,1,1,0
2630140,0,0,0,1,0,0,1,0,0,0
2630159,0,0,0,0,0,0,0,0,0,0
2630177,0,0,0,0,0,0,0,1,1,0
2630196,0,0,0,0,0,0,1,0,1,0
2630214,0,1,0,0,0,0,1,1,1,0
2630232,0,0,0,1,0,0,0,1,1,0
2630251,0,0,0,0,0,0,0,1,0,0
2630269,0,0,0,0,0,0,0,0,1,0
2640007,0,0,0,0,0,0,0,0,0,0
2640017,0,0,0,1,0,0,0,0,1,0
2640027,0,1,0,0,0,1,0,1,1,0
2640037,0,0,0,0,0,0,0,0,1,0
2640048,0,0,0,0,0,0,0,0,1,1
2640058,0,0,0,0,0,0,0,0,1,1
2640068,0,0,0,0,0,0,0,0,0,0
2640078,0,0,0,0,0,0,0,1,1,1
2640089,0,0,0,0,0,0,0,0,0,0
2640099,0,0,0,0,0,0,0,0,1,0
2640109,0,0,0,0,0,0,0,0,0,0
2640119,0,1,0,1,0,1,0,0,1,1
2640130,0,0,0,0,0,0,1,0,1,0
2640140,0,0,0,0,0,0,0,0,1,0
2640150,0,0,0,0,0,0,0,0,1,0
2650006,0,0,0,0,0,0,0,0,1,0
2650020,0,1,0,0,0,0,0,0,1,1
2650033,0,0,0,0,0,0,0,1,1,0
2650046,0,0,0,0,0,0,0,0,0,0
2650059,0,0,0,0,0,0,0,0,1,0
2650073,0,0,0,0,0,0,0,0,0,1
2650086,0,1,0,0,0,0,0,0,0,0
2650099,0,0,0,0,0,0,0,0,1,0
2650113,0,1,0,0,0,0,0,1,1,1
2650126,0,0,0,0,0,0,0,1,1,1
2650139,0,0,0,0,0,0,1,0,0,0
2650152,0,1,0,0,0,0,1,0,0,1
2650166,0,0,0,0,0,0,0,0,1,0
2650179,0,0,0,1,0,0,0,0,1,0
2650192,0,1,0,0,0,0,0,0,1,0
2660005,0,0,0,0,0,0,0,0,0,0
2660018,0,0,0,0,0,0,0,0,0,0
2660032,0,0,0,0,0,0,0,0,0,0
2660058,0,1,0,0,0,0,1,0,0,0
2660071,0,0,0,0,0,0,0,0,0,0
2660084,0,0,0,0,0,0,0,0,0,0
2660097,0,1,0,1,0,0,1,0,0,0
2660110,0,0,0,0,0,0,0,0,0,0
2660123,0,1,0,0,0,0,0,0,0,0
2660136,0,0,0,0,0,0,0,0,0,0
2660149,0,0,0,0,0,0,1,0,0,1
2660162,0,0,0,0,0,0,0,0,0,0
2660175,0,0,0,0,0,0,0,0,0,0
2660188,0,1,0,0,0,0,0,0,0,1
2670001,0,0,0,0,0,0,0,1,1,0
2670004,0,0,0,0,0,0,0,0,0,0
2670007,0,0,0,1,0,0,0,1,0,0
2670009,0,0,0,0,0,0,0,0,1,0
2670012,0,0,0,1,0,0,0,0,0,1
2670015,0,0,0,0,0,0,0,1,1,0
2670017,0,0,0,0,0,0,0,1,1,1
2670020,0,0,0,0,0,0,0,1,0,0
2670023,0,0,0,0,0,0,0,1,0,0
2670025,0,1,0,0,0,0,0,1,1,1
2670028,0,0,0,0,0,0,0,0,0,0
2670031,0,1,0,0,0,0,0,0,0,0
2670033,0,0,0,1,0,1,0,1,1,1
2670036,0,0,0,0,0,0,0,1,1,0
2670039,0,0,0,0,0,0,0,1,1,0
2680004,0,0,0,0,0,0,0,0,0,0
2680019,0,0,0,0,0,0,0,1,1,0
2680033,0,0,0,0,0,0,0,0,0,0
2680048,0,0,0,1,0,0,1,0,0,1
2680062,0,0,0,1,0,0,0,1,0,0
2680076,0,0,0,0,0,0,1,0,0,0
2680091,0,0,0,0,0,0,0,1,0,0
2680105,0,0,0,0,0,0,0,0,0,0
2680134,0,0,0,0,0,0,1,1,1,0
2680148,0,0,0,0,0,0,1,0,1,0
2680163,0,0,0,0,0,0,0,1,1,0
2680177,0,0,0,1,0,0,0,1,0,0
2680192,0,0,0,1,0,0,1,0,0,0
2680206,0,0,0,0,0,0,1,1,1,1
2690003,0,0,0,0,0,0,0,0,0,0
2690006,0,0,0,0,0,0,0,0,1,0
2690009,0,0,0,0,0,0,0,0,0,0
2690012,0,0,0,0,0,0,0,1,1,0
2690015,0,1,0,0,0,0,0,0,1,0
2690018,0,0,0,0,0,1,0,1,1,1
2690021,0,0,0,0,0,0,1,1,0,0
2690024,0,0,0,0,0,0,0,0,0,0
2690027,0,0,0,1,0,1,0,0,1,1
2690031,0,,0,0,0,0,0,1,1,0
2690034,0,0,0,0,0,0,0,1,1,0
2690037,0,0,0,1,0,0,1,1,1,1
2690040,0,0,0,0,0,0,0,0,1,0
2690043,0,0,0,0,0,0,0,0,0,0
2690046,0,0,0,0,0,0,0,0,0,0
2690501,0,0,0,0,0,0,1,0,1,0
2700005,0,0,0,0,0,0,0,1,1,0
2700012,0,,0,0,0,0,0,1,1,0
2700019,0,0,0,1,0,0,0,1,1,0
2700026,0,,0,0,0,0,0,0,1,0
2700033,0,0,0,0,0,0,0,0,1,1
2700040,0,0,0,0,0,0,1,0,0,0
2700047,0,1,0,0,0,0,0,1,1,0
2700054,0,0,0,0,0,0,1,1,1,0
2700061,0,0,0,1,0,0,0,0,1,0
2700068,0,0,0,0,0,0,0,0,0,0
2700075,0,0,0,1,0,0,0,1,1,1
2700082,,,0,0,0,0,0,0,1,0
2700089,0,0,0,1,0,0,0,1,1,1
2700096,0,0,0,0,0,0,0,0,1,0
2700103,0,0,0,1,0,0,0,1,1,1
2710005,0,0,0,0,0,0,0,1,1,1
2710012,0,0,0,0,0,0,0,1,1,0
2710019,0,1,0,0,0,0,0,1,1,0
2710026,0,0,0,0,0,0,0,1,1,0
2710033,0,0,0,0,0,0,0,0,1,0
2710040,0,0,0,0,0,0,0,0,1,0
2710047,0,1,0,0,0,0,1,1,1,1
2710054,0,0,0,0,0,0,0,1,1,0
2710061,0,0,0,0,0,0,0,0,1,1
2710068,0,0,0,0,0,0,0,1,1,0
2710075,0,0,0,0,0,0,0,0,1,0
2710082,0,0,0,1,0,0,0,1,1,1
2710089,0,0,0,0,0,0,0,1,1,1
2710096,0,0,0,0,0,0,1,0,1,0
2710103,0,0,0,0,0,0,0,1,0,0
2720001,0,1,0,0,0,0,0,1,1,0
2720013,0,0,0,1,0,0,0,0,1,0
2720024,0,1,0,0,0,0,0,0,0,0
2720036,0,0,0,1,0,0,1,1,1,0
2720047,0,0,0,1,0,0,0,0,1,0
2720059,0,0,0,0,0,0,0,0,1,0
2720070,0,1,1,1,0,0,1,1,1,0
2720082,0,0,0,0,0,0,0,1,1,0
2720093,0,0,0,0,0,0,0,0,1,0
2720105,0,0,0,0,0,0,0,0,0,0
2720116,0,0,0,0,0,0,0,0,1,0
2720128,0,1,0,0,0,0,1,0,1,1
2720139,0,0,0,0,0,0,0,1,1,0
2720150,0,0,0,1,0,0,0,1,0,0
2720162,0,0,0,0,0,0,0,1,1,0
2730003,0,0,0,1,0,0,0,1,1,0
2730006,0,0,0,0,0,0,0,1,1,0
2730009,0,0,0,0,0,0,0,1,1,0
2730011,0,0,0,0,0,0,0,1,1,0
2730014,0,0,0,1,0,0,1,1,1,0
2730017,0,0,0,1,0,0,1,1,1,1
2730020,0,0,0,0,0,0,0,1,1,1
2730023,0,0,0,1,0,0,0,1,1,1
2730026,0,0,0,0,0,0,0,1,1,0
2730029,0,0,0,1,0,0,0,1,1,0
2730032,0,0,0,1,0,0,0,1,1,1
2730034,0,0,0,0,0,0,0,1,1,0
2730037,0,0,0,0,0,0,0,1,1,0
2730040,0,0,0,0,0,0,0,1,1,0
2730043,0,0,0,0,0,0,0,1,1,0
2740005,,0,0,0,0,0,1,1,1,0
2740009,0,1,1,0,0,0,0,1,0,0
2740013,0,0,0,0,0,0,0,0,1,0
2740017,0,0,0,0,0,0,0,0,0,0
2740021,0,0,0,0,0,0,0,0,0,0
2740026,0,0,0,0,0,0,1,1,1,0
2740030,0,1,0,0,0,0,0,0,0,0
2740034,0,0,0,1,0,0,0,0,0,0
2740038,0,0,0,0,0,0,0,0,1,0
2740042,0,0,0,0,0,0,0,0,0,0
2740047,0,1,0,0,0,0,0,1,1,1
2740051,0,0,0,0,0,0,0,0,1,0
2740055,0,0,0,0,0,0,1,0,1,0
2740059,0,0,0,0,0,0,0,0,1,0
2740063,0,0,0,0,0,0,0,1,0,1
2750006,0,1,0,1,0,0,0,1,1,1
2750013,0,1,0,0,0,0,1,1,1,0
2750026,0,0,0,1,0,1,1,1,1,1
2750033,0,0,0,0,0,0,0,1,1,0
2750039,0,0,0,1,0,0,0,1,1,0
2750046,0,0,0,0,0,0,0,0,1,0
2750060,0,0,0,1,0,0,0,1,1,1
2750066,0,0,0,1,0,1,0,1,1,1
2750073,0,0,0,1,0,0,1,0,1,0
2750080,0,0,0,1,0,0,0,0,1,1
2750087,0,0,0,0,0,0,0,1,1,1
2750093,0,0,0,1,0,0,1,1,1,1
2750100,0,1,0,1,0,0,0,1,1,1
2760002,0,1,0,0,0,0,0,0,1,0
2760007,0,0,0,1,0,0,0,1,1,0
2760011,0,0,0,1,0,0,0,1,1,1
2760016,0,0,0,1,0,0,0,1,1,1
2760021,0,0,0,1,0,0,1,1,1,1
2760025,0,0,0,0,0,0,0,1,1,0
2760030,0,0,0,0,0,0,1,0,1,0
2760034,0,1,0,0,0,0,0,1,1,0
2760039,0,0,0,1,0,0,0,1,1,0
2760043,0,0,0,0,0,0,0,0,1,0
2760048,0,0,0,1,0,0,0,1,1,0
2760052,0,0,0,1,0,0,1,1,1,1
2760057,0,0,0,1,0,0,0,1,1,0
2760061,0,0,0,0,0,0,0,1,1,0
2760066,0,0,0,1,0,0,0,1,1,0
2770002,0,0,0,0,0,0,0,0,1,0
2770009,0,0,0,0,0,0,0,0,1,1
2770016,0,1,0,1,0,0,1,1,1,0
2770022,0,0,0,0,0,0,0,0,0,0
2770029,0,0,0,0,0,0,1,0,0,0
2770036,0,0,0,1,0,0,0,0,1,0
2770042,0,1,0,0,0,0,1,0,0,0
2770049,0,0,0,0,0,0,1,0,0,1
2770056,0,0,0,0,0,1,0,1,1,1
2770062,0,1,0,0,0,0,0,1,1,1
2770069,0,0,0,0,0,0,0,1,0,0
2770076,0,0,0,0,0,0,0,1,1,0
2770082,0,0,0,0,0,0,0,1,1,0
2770089,0,0,0,0,0,0,0,1,1,0
2770096,0,0,0,0,0,0,0,0,1,0
2780004,0,0,0,0,0,0,0,0,1,0
2780008,0,0,0,0,0,0,0,1,1,0
2780013,0,0,0,0,0,0,0,1,1,1
2780017,0,0,0,0,0,0,0,0,1,0
2780022,1,0,0,0,0,0,0,1,1,0
2780026,0,0,0,0,0,0,0,1,1,0
2780030,0,0,0,0,0,0,1,1,0,1
2780035,0,0,0,0,0,0,0,1,1,0
2780039,0,0,0,0,0,0,0,0,1,0
2780044,0,0,0,0,0,0,0,1,1,0
2780048,0,0,0,0,0,0,0,1,1,0
2780053,0,0,0,0,0,0,0,1,1,1
2780057,0,0,0,0,0,0,0,1,1,0
2780062,0,1,0,0,0,0,0,0,1,0
2780066,0,0,0,0,0,0,0,1,1,0
2790007,0,0,0,0,0,0,0,1,1,0
2790018,0,0,0,1,0,0,0,1,1,1
2790029,0,0,0,0,0,0,0,1,1,1
2790040,0,0,0,0,0,0,1,1,1,1
2790051,0,1,0,0,0,0,1,1,1,1
2790062,0,0,0,0,0,0,0,1,1,0
2790073,0,1,0,0,0,0,0,1,1,1
2790084,0,0,0,1,0,0,0,1,1,0
2790095,0,0,0,0,0,0,1,1,1,1
2790106,0,0,0,0,0,0,0,1,1,0
2790128,0,0,0,1,0,0,0,1,1,0
2790139,0,0,0,1,0,0,0,1,1,1
2790150,0,0,0,0,0,0,0,1,1,0
2790161,0,0,0,0,0,0,0,0,0,0
2800004,1,1,0,1,1,0,0,1,1,1
2800012,0,0,1,1,0,0,0,1,1,0
2800021,0,0,0,0,0,0,0,1,1,1
2800029,0,0,0,0,0,0,0,1,1,1
2800037,0,1,0,1,0,0,0,1,1,0
2800045,0,1,0,0,0,0,0,1,1,1
2800053,0,1,0,1,0,0,0,1,1,1
2800061,0,0,0,0,0,0,1,1,1,1
2800069,0,0,0,1,0,0,0,1,1,0
2800077,0,0,0,1,0,0,0,1,1,0
2800085,0,0,0,0,0,0,0,1,1,0
2800093,0,0,0,1,0,0,0,1,1,0
2800101,0,0,0,1,0,0,1,1,1,1
2800109,0,0,0,1,0,0,1,1,1,0
2800117,0,0,0,0,0,0,0,1,1,1
2810004,0,0,0,0,0,0,0,1,0,0
2810013,0,0,0,0,0,0,1,0,0,0
2810022,0,1,0,1,0,0,0,1,1,0
2810031,0,0,0,0,0,0,1,0,0,0
2810039,0,0,0,0,0,0,0,1,1,1
2810048,0,1,0,0,0,0,1,1,1,0
2810057,0,0,0,0,0,0,0,1,1,0
2810066,0,0,0,0,0,1,0,1,1,0
2810074,0,0,0,0,0,0,0,1,1,0
2810083,0,0,0,0,0,0,0,1,1,0
2810092,0,1,0,0,0,0,1,1,1,1
2810100,0,0,0,0,0,0,0,1,1,0
2810109,0,0,0,0,0,0,0,1,1,1
2810118,0,0,0,1,0,0,0,1,1,1
2810127,0,1,0,0,0,0,0,0,1,0
2820014,0,0,0,0,0,0,0,1,1,1
2820029,0,0,0,1,0,0,0,1,1,0
2820043,0,0,0,0,0,0,0,1,1,0
2820058,0,0,0,0,0,0,0,1,1,0
2820073,0,0,0,0,0,0,0,1,1,1
2820087,0,0,0,0,0,0,1,0,0,1
2820102,0,0,0,0,0,0,0,0,0,0
2820117,0,0,0,0,0,0,0,0,0,0
2820132,0,0,0,0,0,0,1,0,0,1
2820146,0,0,0,0,0,0,0,0,0,0
2820161,0,0,0,0,0,0,1,0,0,0
2820176,0,0,0,0,0,0,0,0,0,0
2820191,0,0,0,0,0,0,1,0,0,1
2820205,0,0,0,0,0,0,0,0,0,0
2820220,0,0,0,1,0,0,1,1,1,0
2830006,0,1,0,0,1,0,1,1,1,1
2830014,0,0,0,1,0,0,0,1,1,0
2830021,0,1,0,0,0,0,0,1,1,0
2830029,0,0,0,0,0,0,0,1,1,0
2830037,0,0,0,1,0,0,1,1,1,1
2830044,0,,0,0,0,0,1,1,1,0
2830052,0,0,0,0,0,0,0,1,1,1
2830059,0,0,0,0,0,0,0,1,1,0
2830067,0,0,0,0,0,0,0,1,1,0
2830075,0,0,0,1,0,0,1,1,1,1
2830082,0,0,0,1,0,0,0,1,1,0
2830090,0,0,0,0,0,0,0,0,1,0
2830097,0,0,0,1,0,0,0,1,0,0
2830105,0,0,0,1,0,0,0,0,1,0
2830113,0,0,0,1,0,0,0,0,0,0
2840002,0,0,0,1,0,0,1,1,1,0
2840012,0,0,0,0,0,0,0,0,1,0
2840022,0,0,0,0,0,0,0,1,1,0
2840032,,,0,1,0,0,0,1,0,0
2840042,0,0,0,0,0,0,0,0,1,0
2840051,0,0,0,1,0,0,0,1,1,0
2840061,0,0,0,0,0,0,0,1,1,1
2840071,0,1,0,1,0,0,0,1,1,1
2840081,0,0,0,1,0,0,0,1,1,0
2840091,0,,0,0,0,0,1,1,1,0
2840100,0,0,0,0,0,0,0,1,1,0
2840110,0,1,0,0,0,0,0,1,1,1
2840120,0,0,0,1,0,0,0,0,1,0
2840130,0,0,0,1,0,0,1,1,0,0
2840140,0,0,0,1,0,0,1,1,1,1
2850002,0,0,0,0,0,0,0,1,1,0
2850009,0,0,0,0,0,0,0,1,1,0
2850016,0,0,0,1,0,0,0,1,1,1
2850023,0,,0,0,0,0,0,1,1,0
2850030,0,0,0,1,0,0,0,1,1,1
2850036,0,0,0,0,0,0,0,1,1,0
2850043,0,0,0,1,1,0,1,1,1,1
2850057,0,1,0,0,0,0,0,1,1,1
2850064,0,0,0,0,0,0,0,1,1,0
2850070,0,1,0,0,0,0,0,1,1,0
2850077,0,0,0,1,0,0,0,1,1,1
2850091,0,0,0,0,0,0,0,1,1,0
2850098,0,0,0,1,0,0,0,1,1,1
2860005,0,0,0,1,0,0,0,1,1,1
2860012,0,0,0,0,0,0,0,1,1,0
2860019,0,0,0,1,0,0,1,1,1,0
2860025,0,0,0,1,0,0,0,1,1,1
2860032,0,1,0,0,0,0,0,1,1,1
2860046,0,0,1,0,0,0,0,0,0,1
2860053,0,1,0,1,0,0,1,1,0,1
2860060,0,0,0,0,0,0,0,1,1,0
2860067,0,0,0,0,0,0,0,1,1,1
2860073,0,1,0,0,0,0,0,1,1,0
2860080,0,0,0,1,0,0,1,1,1,0
2860087,0,0,0,0,0,0,1,1,1,1
2860094,0,0,0,0,0,0,0,1,1,0
2860101,0,0,0,0,0,0,0,1,1,0
2870005,0,0,0,0,0,0,1,1,1,1
2870020,0,1,0,0,1,0,0,1,1,0
2870028,0,0,0,0,0,0,0,1,1,0
2870036,0,1,0,1,0,0,0,1,1,1
2870043,0,,0,0,0,0,0,1,1,0
2870051,0,0,0,0,0,0,0,1,1,0
2870058,0,0,0,0,0,0,0,1,1,1
2870066,0,0,0,0,0,0,0,1,1,1
2870074,0,1,0,0,0,0,0,1,1,1
2870081,0,1,0,1,1,0,1,1,1,1
2870089,0,0,0,0,0,0,0,1,1,1
2870096,0,1,0,0,0,0,0,1,1,1
2870104,0,0,0,0,0,0,0,1,1,1
2870112,0,0,0,0,0,0,1,1,1,0
2880014,0,0,0,0,0,0,0,1,1,0
2880024,0,0,0,0,0,0,0,0,0,0
2880034,0,0,0,0,0,1,0,0,1,0
2880044,0,1,0,1,0,0,0,1,1,0
2880053,0,0,0,0,0,0,0,1,1,1
2880063,0,0,0,1,0,1,0,1,1,0
2880073,0,0,0,0,1,0,0,1,1,0
2880083,0,1,0,1,0,1,0,1,1,1
2880093,0,1,0,0,0,0,0,1,1,1
2880102,0,0,0,0,0,0,0,1,1,0
2880112,0,,0,0,0,1,1,1,1,0
2880122,0,0,0,0,0,0,1,0,0,1
2880132,0,0,0,0,0,0,1,1,0,0
2880142,0,0,0,0,0,0,1,0,0,0
2890002,0,0,0,1,0,0,0,1,0,0
2890008,0,0,0,1,0,0,0,1,1,0
2890013,0,0,0,0,0,0,0,1,1,1
2890018,0,0,0,1,0,0,0,1,1,0
2890023,0,0,0,0,0,0,0,1,1,0
2890028,0,0,0,1,0,0,0,1,1,1
2890034,0,0,0,0,0,0,0,1,1,0
2890039,0,1,0,0,0,0,0,1,1,1
2890044,0,0,0,0,0,0,0,1,1,0
2890049,0,0,0,0,0,0,0,1,1,0
2890054,0,1,0,1,0,0,0,1,1,1
2890060,0,0,0,1,0,0,1,1,1,0
2890065,0,0,0,0,0,0,0,1,1,1
2890070,0,0,0,0,0,0,0,1,1,0
2890075,0,0,0,0,0,0,0,1,0,0
2900009,0,0,0,0,0,0,0,1,1,0
2900019,0,0,0,1,0,0,0,1,1,0
2900029,0,0,0,1,0,0,1,1,1,0
2900039,0,0,1,1,1,1,1,1,1,1
2900049,0,0,0,1,0,0,0,1,1,0
2900059,0,0,0,0,0,0,1,1,1,0
2900069,0,0,1,1,0,0,1,1,1,1
2900079,0,0,0,0,0,0,0,1,1,1
2900089,0,0,0,0,1,0,0,1,1,1
2900099,0,0,0,1,0,1,0,1,1,1
2900109,0,0,0,1,0,0,0,1,1,1
2900119,0,0,0,0,0,1,1,1,1,1
2900129,0,0,0,0,0,0,0,1,1,0
2900139,0,0,0,0,0,0,0,1,0,1
2900149,0,0,0,0,0,0,0,1,1,0
2910002,0,0,0,0,0,0,0,0,1,1
2910010,0,0,0,0,0,0,1,1,0,1
2910018,0,1,0,0,0,0,0,1,1,0
2910025,0,1,0,0,0,0,1,1,1,0
2910033,0,0,0,1,0,0,0,0,0,0
2910041,0,0,0,0,0,0,0,0,1,1
2910048,0,1,0,1,0,0,0,1,1,1
2910056,0,0,0,0,0,0,0,1,1,0
2910064,0,0,0,1,0,0,0,1,1,1
2910071,0,0,0,0,0,0,1,1,1,1
2910079,0,0,0,0,0,0,0,1,1,0
2910087,0,0,0,0,0,0,0,0,1,0
2910094,0,0,0,0,0,0,0,1,1,0
2910102,0,0,0,0,0,0,0,1,1,1
2910110,0,0,0,0,0,0,0,1,1,0
2920001,0,0,0,0,0,0,1,0,1,0
2920006,0,0,0,0,0,0,0,0,0,1
2920011,0,0,0,1,0,0,1,1,1,1
2920016,0,0,0,1,0,0,1,1,1,1
2920021,0,0,0,1,0,0,1,0,0,1
2920026,0,0,0,0,0,0,0,1,0,0
2920031,0,0,0,0,0,0,0,1,1,1
2920035,0,1,0,0,0,0,1,1,1,1
2920040,0,0,0,1,0,0,0,1,1,1
2920045,0,0,0,0,0,0,0,1,0,1
2920050,0,0,0,0,0,0,0,0,1,0
2920055,0,0,0,0,0,0,0,1,1,0
2920060,0,1,0,0,0,0,0,1,1,0
2920065,0,0,0,0,0,0,0,1,1,1
2920070,0,1,0,0,0,0,0,1,1,0
2930004,0,0,0,0,0,0,0,0,1,0
2930009,0,0,0,0,0,0,0,0,1,0
2930014,0,1,0,0,0,0,0,1,1,0
2930018,0,0,0,1,0,0,0,1,1,1
2930023,0,0,0,0,0,0,1,1,0,1
2930028,0,0,0,0,0,0,1,1,0,0
2930033,0,1,0,1,0,0,0,1,0,1
2930038,0,0,0,0,0,0,0,1,1,1
2930043,0,0,0,0,0,0,1,1,1,0
2930048,0,0,0,1,0,0,0,1,1,0
2930052,0,0,0,0,0,0,0,1,1,1
2930057,0,0,0,0,0,0,0,1,1,1
2930062,0,1,0,0,0,0,0,1,1,1
2930067,0,0,0,0,0,0,1,0,1,1
2930072,0,0,0,0,0,0,1,1,1,1
2940001,0,0,0,0,0,0,0,1,1,1
2940004,0,0,0,0,0,0,0,1,1,0
2940006,0,0,0,0,0,0,0,1,1,0
2940008,0,0,0,0,0,0,0,1,1,0
2940010,0,0,0,0,0,0,1,1,1,1
2940012,0,1,0,0,0,0,0,1,1,1
2940015,0,0,0,1,0,0,0,1,1,1
2940017,0,0,0,0,0,0,0,1,1,1
2940019,0,0,0,0,0,0,0,1,1,0
2940021,0,0,0,0,0,0,0,1,1,0
2940023,0,0,0,1,0,0,0,1,1,0
2940026,1,0,0,0,0,0,0,0,1,0
2940028,0,0,0,0,0,0,0,1,1,0
2940030,0,0,0,0,0,0,0,1,1,1
2940032,0,1,0,0,0,0,0,1,1,0
2950001,0,0,0,0,0,0,0,1,1,0
2950003,0,0,0,1,0,0,1,1,1,1
2950005,0,0,0,0,0,0,0,1,1,1
2950007,0,0,0,1,0,0,1,1,1,1
2950011,0,0,0,1,0,0,1,1,1,0
2950013,0,1,0,0,0,0,0,0,1,0
2950015,0,1,0,1,0,0,0,1,1,0
2950017,0,0,0,1,0,0,0,1,1,0
2950019,0,0,0,1,0,0,0,1,1,0
2950021,0,0,0,1,0,0,0,1,1,0
2950023,0,0,0,1,0,0,1,1,1,1
2950025,0,1,0,0,0,0,0,0,1,0
2960002,0,1,0,0,0,0,0,1,1,0
2960007,0,0,0,1,0,0,0,1,1,0
2960011,0,1,0,1,0,0,0,1,1,0
2960015,0,0,0,0,0,0,0,1,1,0
2960019,0,1,0,0,0,0,0,1,1,1
2960023,0,1,0,0,0,0,0,1,1,0
2960027,0,0,0,0,0,0,0,1,1,1
2960031,0,0,0,0,0,0,0,1,1,0
2960040,0,0,0,0,0,0,0,1,1,1
2960044,0,0,1,1,0,0,0,0,0,0
2960052,0,1,0,0,0,0,0,1,0,0
2960056,0,1,0,0,0,0,0,1,1,1
2960060,0,0,0,1,0,0,0,0,1,0
2970009,0,0,0,0,0,0,0,1,1,1
2970018,0,0,0,0,0,0,0,1,1,0
2970028,0,0,0,0,0,0,0,1,1,0
2970037,0,0,0,0,0,0,0,1,1,0
2970047,0,0,0,1,0,0,1,1,1,0
2970056,0,0,0,1,0,0,0,1,1,1
2970066,0,0,0,0,0,0,0,1,1,0
2970075,0,0,0,0,0,1,0,1,1,0
2970084,0,1,0,0,0,0,0,0,1,0
2970094,0,0,0,1,0,0,0,1,1,1
2970103,0,1,0,0,0,1,0,1,1,0
2970113,0,0,0,1,0,0,1,1,1,1
2970122,0,1,0,1,0,0,0,1,1,1
2970131,0,0,0,0,0,0,0,1,1,0
2970141,0,0,0,0,0,0,0,1,1,0
2980007,0,0,0,0,0,1,0,1,1,0
2980013,0,1,0,0,0,0,0,0,1,0
2980020,,0,0,1,0,0,0,1,1,0
2980026,0,0,0,0,0,0,0,1,1,0
2980039,0,0,0,1,0,0,0,1,1,0
2980046,0,0,0,0,0,0,0,1,1,0
2980052,0,0,0,0,0,0,0,1,1,0
2980059,0,0,0,0,0,0,0,1,1,0
2980065,0,0,0,1,0,0,0,1,1,0
2980072,0,0,0,1,0,0,1,1,1,0
2980079,0,0,0,0,0,1,0,1,1,0
2980085,0,1,0,0,0,0,0,1,1,0
2980092,0,0,0,0,0,1,0,1,1,0
2980098,0,0,0,0,0,0,0,1,1,0
2990004,0,0,0,1,0,0,1,1,1,1
2990016,0,0,0,1,0,0,0,1,0,0
2990028,0,1,0,1,0,0,0,1,1,1
2990040,0,0,0,1,0,0,0,1,1,1
2990052,0,0,0,0,0,0,0,1,1,0
2990064,0,0,0,1,0,0,0,0,1,0
2990076,0,0,0,1,0,0,0,1,1,1
2990088,0,0,0,0,0,0,0,1,1,0
2990100,0,0,0,0,0,0,0,1,1,0
2990112,0,0,0,0,0,0,0,1,1,0
2990136,0,1,0,0,0,0,0,1,1,0
2990148,0,0,0,0,0,0,0,1,1,0
2990160,0,0,0,0,0,0,0,1,1,0
2990172,0,0,0,0,0,0,1,0,1,0
3000003,0,1,0,0,0,0,1,1,1,0
3000006,0,1,0,0,0,0,1,1,1,0
3000009,0,1,0,0,0,0,0,1,1,1
3000012,0,0,0,0,0,0,0,1,1,0
3000015,0,0,0,0,0,0,0,1,1,0
3000018,0,0,0,0,0,0,0,1,1,0
3000020,0,0,0,1,0,0,0,1,1,1
3000023,0,0,0,0,0,0,0,0,1,0
3000026,0,0,0,1,0,0,0,1,1,0
3000032,0,0,0,0,0,0,0,1,1,0
3000035,0,0,0,1,0,0,0,1,1,0
3000038,0,1,0,0,0,0,0,1,1,0
3000041,0,0,0,1,0,0,0,1,1,0
3000044,0,1,0,0,0,0,0,1,1,0
3010009,0,0,0,0,0,0,1,1,1,0
3010021,0,1,0,0,0,0,1,1,1,0
3010033,0,1,0,0,0,0,0,1,1,0
3010058,0,0,0,0,0,0,0,1,1,0
3010070,0,0,0,0,0,0,0,1,1,0
3010082,0,0,0,0,0,0,1,1,1,0
3010094,0,0,0,0,0,0,0,1,1,0
3010107,0,0,0,0,0,0,0,1,1,0
3010119,0,0,0,0,0,0,0,1,0,0
3010131,0,0,0,0,0,1,0,1,1,0
3010143,0,0,0,0,0,0,0,0,1,0
3010156,0,1,0,0,0,1,0,1,1,1
3010168,0,0,0,0,0,1,0,0,1,0
3010180,0,0,0,1,0,0,0,1,1,1
3020008,0,0,0,0,0,0,0,0,1,0
3020022,0,0,0,0,0,0,0,0,1,0
3020035,0,0,0,0,0,1,0,1,1,1
3020048,0,0,0,0,0,0,1,0,0,1
3020062,0,0,0,0,0,0,1,0,0,0
3020075,0,0,0,0,0,0,1,0,0,1
3020089,0,0,0,0,0,0,1,0,0,0
3020102,0,0,0,0,0,0,0,0,0,0
3020115,0,0,0,0,0,0,0,0,0,0
3020129,0,0,0,0,0,0,1,0,0,0
3020142,0,0,0,0,0,0,0,0,0,0
3020156,0,0,0,0,0,0,0,0,0,0
3020169,0,1,0,0,0,0,0,0,0,0
3020182,0,0,0,0,0,0,0,0,0,0
3020196,0,0,0,0,0,0,1,0,0,0
3030001,0,0,0,0,0,0,0,0,1,0
3030006,0,0,0,0,0,0,0,1,1,0
3030010,0,0,0,0,0,0,0,0,1,1
3030015,0,0,0,0,0,0,0,0,1,0
3030019,0,0,0,1,0,0,0,1,1,0
3030024,0,0,0,0,0,0,0,0,1,0
3030028,0,0,0,0,0,0,0,1,1,0
3030033,0,1,0,0,0,0,0,0,0,1
3030037,0,0,0,0,0,0,1,1,1,0
3030042,0,0,0,1,0,0,1,1,1,1
3030046,0,0,0,1,0,0,1,1,0,0
3030055,0,0,0,0,0,0,0,0,1,0
3030059,0,0,0,1,0,0,1,1,1,0
3030064,0,0,0,1,0,0,0,1,1,1
3040003,0,0,0,1,0,0,0,1,1,1
3040010,0,0,0,0,0,1,0,1,1,1
3040017,0,0,0,0,0,0,1,1,1,1
3040024,0,0,0,1,0,0,0,1,1,1
3040030,0,0,0,1,0,0,1,1,1,1
3040037,0,0,0,0,0,0,0,1,1,1
3040044,0,0,0,0,1,0,0,1,1,1
3040051,0,0,0,1,0,0,1,1,1,1
3040057,0,1,0,1,1,1,0,1,1,1
3040064,0,0,0,0,0,1,0,1,1,1
3040071,0,0,0,0,0,1,0,1,1,1
3040077,0,0,0,1,0,0,0,1,1,1
3040084,0,1,0,0,0,1,0,1,1,0
3040091,0,0,0,0,0,0,0,1,1,1
3040098,0,0,0,1,0,0,0,1,1,1
3050005,0,0,0,1,0,0,1,1,1,1
3050009,0,0,0,1,0,0,0,0,0,1
3050014,0,0,0,0,0,0,0,1,0,0
3050018,0,0,0,1,0,0,0,1,1,1
3050023,0,1,0,1,0,0,0,1,1,1
3050027,0,1,0,0,0,0,0,1,1,0
3050031,0,0,0,0,0,0,0,1,1,1
3050036,0,1,0,0,0,0,1,1,1,1
3050045,0,0,0,0,0,0,0,1,1,1
3050049,0,0,0,0,0,0,0,1,0,0
3050054,0,0,0,0,0,0,0,1,1,0
3050058,0,0,0,0,0,0,0,1,1,1
3050063,0,0,0,0,0,0,0,0,1,0
3050067,0,0,0,1,0,0,0,1,0,1
3060013,0,0,0,1,0,0,1,0,0,0
3060028,0,0,0,1,0,0,0,0,0,0
3060043,0,0,0,0,0,0,0,0,1,0
3060059,0,0,0,0,0,0,0,0,1,0
3060074,0,0,0,0,0,0,0,0,0,0
3060089,0,0,0,0,0,0,0,0,0,0
3060104,0,1,0,0,0,0,0,0,0,0
3060119,0,0,0,0,0,0,0,0,0,0
3060135,0,0,0,0,0,0,0,0,0,0
3060150,0,0,0,0,0,0,0,0,0,0
3060165,0,0,0,0,0,0,0,0,0,0
3060180,0,1,0,0,0,0,0,0,0,0
3060195,0,0,0,0,0,0,0,0,0,0
3060211,0,0,0,1,0,0,0,1,1,0
3060226,0,0,0,0,0,0,0,0,0,0
3070005,0,0,0,0,0,0,1,0,1,0
3070024,0,0,0,1,1,0,0,1,0,1
3070043,0,1,0,0,0,0,1,0,1,0
3070061,0,1,0,0,0,0,0,0,1,0
3070080,0,1,0,0,0,0,0,0,1,0
3070099,0,0,0,0,0,0,0,1,1,0
3070117,0,1,0,0,0,0,1,0,0,0
3070136,0,0,0,0,0,0,0,0,0,0
3070155,0,0,0,0,0,0,0,0,0,0
3070173,0,1,0,0,0,0,0,1,1,0
3070192,0,1,0,0,0,0,0,0,0,0
3070211,0,0,0,0,0,0,0,1,1,0
3070229,0,1,0,0,0,0,0,0,1,0
3070248,0,1,0,0,0,0,0,0,1,0
3070267,0,1,0,0,0,0,1,0,0,0
3080004,0,0,0,0,0,0,1,0,1,0
3080026,0,0,0,0,0,0,0,0,0,0
3080047,0,0,0,0,0,0,0,0,0,0
3080069,0,0,0,1,0,0,0,0,0,0
3080091,0,1,0,0,0,0,0,1,0,0
3080112,0,0,0,0,0,0,1,1,1,0
3080134,0,0,0,0,0,0,0,0,0,0
3080155,0,0,0,1,0,0,0,1,1,1
3080177,0,0,0,1,0,0,0,1,0,0
3080198,0,0,0,0,0,0,0,0,0,0
3080220,0,1,0,0,0,0,0,0,1,0
3080241,0,0,0,0,0,0,0,0,1,0
3080263,0,0,0,0,0,0,0,0,0,0
3080284,0,0,0,0,0,0,0,0,1,0
3080306,0,0,0,0,0,0,0,0,1,0
3090005,0,0,0,0,0,0,0,0,0,0
3090011,1,1,0,0,0,0,0,0,1,0
3090017,0,1,0,0,0,0,0,0,0,0
3090024,0,0,0,0,0,0,1,0,1,0
3090030,0,0,0,0,0,0,0,1,1,1
3090036,0,0,0,0,0,0,0,0,0,0
3090043,0,1,0,0,0,0,1,0,0,0
3090049,0,0,0,1,1,0,1,0,0,1
3090055,0,1,0,0,0,0,1,0,1,0
3090062,0,0,0,0,0,0,1,0,0,0
3090068,0,1,0,0,0,0,1,1,1,0
3090074,0,1,0,0,0,0,0,1,1,0
3090081,0,1,0,0,0,0,1,0,1,0
3090087,0,1,0,0,0,0,1,0,0,0
3090093,0,0,0,0,0,0,1,0,0,0
3090501,0,0,0,0,0,0,1,0,0,0
3100009,0,0,0,0,0,0,0,0,0,0
3100024,0,0,0,0,0,0,0,1,1,0
3100039,0,0,0,1,0,0,1,1,1,0
3100054,0,0,0,0,0,0,1,1,0,0
3100069,0,1,0,0,0,0,0,1,1,0
3100084,0,0,0,0,0,0,0,0,0,0
3100099,0,1,0,0,0,0,0,0,1,0
3100114,0,0,0,0,0,0,0,1,1,0
3100129,0,1,0,0,0,0,0,1,1,0
3100144,0,1,0,1,0,0,1,1,1,0
3100159,0,0,0,0,0,0,0,1,0,0
3100174,0,0,0,1,0,0,0,1,1,0
3100189,0,0,1,1,0,0,0,1,1,0
3100204,0,1,0,0,0,0,0,0,0,0
3100219,0,0,0,1,0,0,1,1,0,0
3110012,0,0,0,0,0,0,1,0,0,0
3110037,0,0,0,0,0,0,0,0,0,0
3110062,0,0,0,0,0,0,1,0,0,0
3110087,0,0,0,0,0,0,0,0,0,0
3110136,0,0,0,0,0,0,1,0,0,0
3110161,0,0,0,0,0,0,1,0,1,0
3110186,0,0,0,0,0,0,1,0,0,0
3110210,0,0,0,0,0,0,0,0,0,0
3110235,0,1,0,0,0,0,0,0,0,0
3110260,0,0,0,1,0,0,0,0,0,0
3110284,0,,1,0,0,0,1,0,0,0
3110309,0,0,0,0,0,0,1,0,0,0
3110334,0,0,0,0,0,0,0,0,0,0
3110359,0,0,0,0,0,0,1,0,0,0
3110501,0,1,0,0,0,0,1,0,0,0
3120018,0,0,0,0,0,0,0,0,0,0
3120037,0,0,0,0,0,0,1,0,0,0
3120057,0,1,0,0,0,0,1,0,0,1
3120076,0,0,0,0,0,0,0,0,0,0
3120095,0,0,0,0,0,0,1,0,0,1
3120114,0,0,0,0,0,0,0,0,0,0
3120134,0,0,0,0,0,0,0,0,0,0
3120153,0,0,0,0,0,0,0,0,0,0
3120172,0,0,0,0,0,0,1,0,0,0
3120191,0,0,0,0,0,0,0,0,0,0
3120211,0,0,0,0,0,0,0,0,0,0
3120230,0,0,0,0,0,0,0,0,0,0
3120249,0,1,0,0,0,0,1,0,0,1
3120268,0,0,0,0,0,0,0,0,0,0
3120288,0,0,0,0,0,0,0,0,0,0
3130012,0,1,0,0,0,0,0,0,0,0
3130025,0,,1,,0,0,1,0,0,1
3130038,0,0,0,0,0,0,1,0,0,0
3130051,0,1,0,0,0,0,0,0,0,0
3130064,0,1,0,0,0,0,0,0,0,0
3130077,0,0,0,0,0,0,0,0,0,0
3130090,0,1,0,0,0,0,0,0,0,0
3130103,0,0,0,1,0,0,0,1,0,0
3130116,0,0,0,0,0,0,0,0,0,0
3130130,0,0,0,1,0,0,0,0,0,0
3130143,0,1,0,0,0,0,0,0,0,0
3130156,0,0,0,0,0,0,0,0,0,0
3130169,0,0,0,0,0,0,0,0,0,0
3130182,0,0,0,0,0,0,0,0,0,0
3130195,0,1,0,0,0,0,0,0,0,0
3140007,0,0,0,0,0,0,0,0,0,0
3140029,0,0,0,0,0,0,1,0,0,0
3140051,0,0,0,1,0,0,1,1,0,1
3140073,0,0,0,0,0,0,0,0,0,0
3140095,0,0,0,0,0,0,0,0,0,0
3140117,0,0,0,0,0,0,0,0,0,0
3140139,0,0,0,0,0,0,0,0,0,0
3140161,0,0,0,0,0,0,0,0,0,0
3140183,0,0,0,0,0,0,0,0,0,0
3140205,0,0,0,0,0,0,0,0,0,0
3140227,0,0,0,0,0,0,0,0,0,0
3140249,0,0,0,0,0,0,0,0,0,0
3140271,0,1,0,0,0,0,0,0,0,0
3140293,0,0,0,0,0,0,0,0,0,0
3140314,0,0,0,0,0,0,0,0,0,0
3150003,0,0,0,1,0,0,0,0,0,0
3150016,0,0,0,0,0,0,0,0,1,0
3150028,0,1,0,0,0,0,0,0,1,0
3150040,0,0,0,0,0,0,0,0,0,0
3150052,0,0,0,0,0,0,0,0,1,0
3150064,0,0,0,0,0,0,0,0,0,0
3150077,0,0,0,0,0,0,0,0,0,0
3150089,0,0,0,0,0,0,1,0,1,0
3150101,0,0,0,0,0,0,0,0,1,0
3150113,0,0,0,1,0,0,0,0,0,1
3150125,0,0,0,0,0,0,1,0,1,0
3150138,0,0,0,1,0,0,1,1,1,1
3150150,0,0,0,0,0,0,1,0,0,0
3150162,0,0,0,0,0,0,0,0,0,0
3150174,,0,0,0,0,0,0,0,0,0
3160010,0,0,0,0,0,0,0,0,1,0
3160023,0,0,0,0,0,0,0,0,0,0
3160037,0,0,0,0,0,0,0,0,0,0
3160050,0,0,0,0,0,0,0,0,0,0
3160063,0,0,0,1,0,0,0,0,0,0
3160077,0,0,0,0,0,0,0,0,0,0
3160090,0,0,0,0,0,0,0,0,0,0
3160103,0,0,0,0,0,0,0,0,1,0
3160117,0,0,0,0,0,0,1,0,0,0
3160130,0,0,0,0,0,0,0,0,0,0
3160143,0,0,0,0,0,0,0,0,0,0
3160157,0,0,0,0,0,0,0,0,0,0
3160170,0,0,0,0,0,0,0,0,0,0
3160183,0,0,0,0,0,0,0,0,0,0
3160197,0,1,0,0,0,0,0,0,0,0
3170011,0,1,0,0,0,0,0,0,1,0
3170027,0,1,0,0,0,0,0,0,1,0
3170044,0,0,0,0,0,0,1,1,1,0
3170060,0,0,0,0,0,0,1,1,1,0
3170077,0,1,0,0,0,0,0,1,1,0
3170093,0,1,0,0,0,0,0,0,0,0
3170110,0,1,0,0,0,0,0,0,1,0
3170126,0,,0,0,0,0,0,0,1,0
3170143,0,1,0,1,0,0,0,1,1,0
3170159,0,1,0,0,0,0,1,0,0,0
3170176,0,0,0,0,0,0,0,0,0,0
3170193,0,1,0,0,0,0,0,0,0,0
3170209,0,1,0,0,0,0,0,1,1,0
3170226,0,0,0,1,0,0,0,1,1,0
3170242,0,1,0,0,0,0,1,1,1,0
3180001,0,0,0,0,0,0,0,0,0,0
3180022,0,0,0,0,0,0,1,0,0,0
3180042,0,0,0,0,0,0,0,0,0,0
3180062,,,0,0,0,0,0,0,0,0
3180082,0,0,0,0,0,0,0,0,0,0
3180102,0,0,0,0,0,0,0,0,0,0
3180123,0,0,0,0,0,0,0,0,0,0
3180143,0,0,0,0,0,0,0,0,0,0
3180163,0,0,0,1,0,0,0,0,0,0
3180183,0,0,0,0,0,0,0,0,0,0
3180203,0,0,0,1,0,0,1,0,0,1
3180224,0,0,0,0,0,0,0,0,0,0
3180244,0,1,0,0,0,0,1,1,0,0
3180264,0,0,0,0,0,0,1,0,0,0
3190005,0,1,0,0,0,0,1,1,1,0
3190017,0,0,0,1,0,0,1,0,1,1
3190028,0,1,0,0,0,0,0,0,0,0
3190039,0,0,0,0,0,0,1,0,0,0
3190050,0,0,0,0,0,0,0,1,1,0
3190061,0,0,0,1,0,0,0,1,1,0
3190072,0,1,0,0,0,0,0,0,0,0
3190083,0,1,0,0,0,0,0,1,0,0
3190094,0,0,0,0,0,0,0,1,0,0
3190106,0,0,0,0,0,0,0,0,0,0
3190117,0,1,0,0,0,0,1,0,0,0
3190128,0,0,0,0,0,0,0,0,0,0
3190139,0,1,0,0,0,0,0,0,0,0
3190150,0,1,0,0,0,0,1,1,1,0
3190161,0,1,0,0,0,0,0,1,1,0
3190501,0,1,0,1,0,0,1,0,1,0
3200011,0,0,0,0,0,0,0,0,1,0
3200021,0,0,0,0,0,0,0,0,1,0
3200031,0,0,0,1,1,0,0,1,1,1
3200042,0,0,0,1,1,0,1,1,1,0
3200063,0,0,0,0,0,0,0,1,1,0
3200073,0,0,0,1,1,0,0,1,1,0
3200083,0,0,0,0,0,0,0,0,0,0
3200094,0,0,0,1,0,0,0,1,1,0
3200104,0,0,0,0,0,0,1,0,0,0
3200115,0,0,0,0,0,0,0,1,1,0
3200125,0,0,0,1,1,0,1,1,0,1
3200135,0,0,0,0,1,0,1,1,1,1
3200146,0,0,0,0,0,0,0,1,1,0
3200156,0,0,0,0,0,0,0,0,1,0
3210015,0,0,0,0,0,0,0,0,0,0
3210032,0,0,0,0,0,0,0,0,0,0
3210049,0,0,0,0,0,0,0,0,0,0
3210067,0,0,0,0,0,0,0,0,0,0
3210084,0,,0,0,0,0,0,0,0,0
3210101,0,0,0,0,0,0,0,0,0,0
3210118,0,0,0,0,0,0,0,0,0,0
3210153,0,0,0,0,0,0,1,0,0,0
3210170,0,0,0,0,0,0,1,0,0,0
3210187,,,0,0,0,0,1,0,0,0
3210204,0,1,0,0,0,0,0,0,0,0
3210221,0,0,0,0,0,0,0,0,0,0
3210239,,,0,0,0,0,1,0,0,0
3210256,0,0,0,0,0,0,0,0,0,0
3220004,0,0,0,1,0,0,0,1,1,0
3220018,0,0,0,0,0,0,0,1,1,0
3220031,0,1,0,0,0,0,0,0,1,0
3220045,0,0,0,0,0,0,1,1,1,0
3220058,0,0,0,1,0,0,1,1,1,1
3220072,0,1,0,0,0,0,0,0,1,0
3220085,0,0,0,0,0,0,0,1,1,0
3220099,0,1,0,0,0,0,0,0,1,0
3220112,0,0,0,1,0,0,0,1,1,0
3220126,0,0,0,1,0,0,1,0,0,0
3220153,0,,0,0,0,0,0,1,0,0
3220166,0,0,0,0,0,0,0,0,0,0
3220179,0,1,1,1,0,0,1,0,1,0
3230004,0,1,0,0,0,0,0,0,1,0
3230022,0,0,0,1,0,0,1,0,0,0
3230040,0,0,0,0,0,0,0,0,0,0
3230058,0,0,0,1,0,0,0,0,1,1
3230076,0,0,0,1,0,0,0,0,0,0
3230094,0,0,0,0,0,0,0,0,0,0
3230112,0,0,0,0,0,0,0,0,0,0
3230129,0,0,0,1,0,0,0,0,1,0
3230147,0,0,0,0,0,0,0,0,0,0
3230165,0,0,0,0,0,0,0,1,1,0
3230183,0,0,0,0,0,0,0,0,0,0
3230201,0,0,0,0,0,0,0,0,0,0
3230219,0,1,0,0,0,0,0,0,1,0
3230237,0,0,0,0,0,0,0,0,0,0
3230255,0,0,0,0,0,0,0,0,0,0
3240011,0,1,0,1,0,0,1,1,1,1
3240027,0,1,0,0,0,0,0,0,1,0
3240043,0,0,0,1,0,0,0,0,0,0
3240059,0,0,0,0,0,0,0,0,0,0
3240075,0,1,0,0,0,0,1,0,1,0
3240091,0,0,0,1,0,0,1,1,0,1
3240107,0,0,0,1,0,0,0,0,0,0
3240123,0,1,1,1,0,0,1,1,0,0
3240139,0,1,0,0,0,0,0,0,0,0
3240155,0,0,0,0,0,0,0,0,0,0
3240171,0,1,0,1,0,0,0,1,1,1
3240187,0,1,1,0,0,0,0,1,1,0
3240203,0,1,0,0,0,0,1,0,0,0
3240219,0,0,0,0,0,0,0,1,0,0
3240234,0,1,0,0,0,0,1,0,0,0
3250009,0,0,0,1,0,0,1,0,0,0
3250022,0,0,0,0,0,0,0,0,0,0
3250034,0,0,0,0,0,0,0,0,1,0
3250047,0,0,0,0,0,0,0,0,0,0
3250060,0,0,0,0,0,0,0,0,0,0
3250086,0,0,0,1,0,0,0,0,0,0
3250098,0,0,0,0,0,0,0,0,0,0
3250111,0,0,0,0,0,0,0,0,0,0
3250137,0,0,0,1,0,0,1,1,1,0
3250150,0,1,0,0,0,0,0,1,1,0
3250162,0,0,0,1,0,0,0,0,1,0
3250175,0,0,0,0,0,0,0,0,0,0
3250188,0,0,0,1,0,0,0,0,1,0
3260001,0,0,0,1,0,0,1,1,1,0
3260015,0,1,0,0,0,0,1,1,1,0
3260029,1,1,0,0,0,0,0,1,1,0
3260043,0,1,0,0,0,0,1,1,1,0
3260057,0,0,0,1,0,0,1,1,1,1
3260071,0,0,0,1,0,0,1,1,1,0
3260085,0,0,0,1,0,0,1,1,1,1
3260098,0,0,1,0,0,0,0,1,1,1
3260112,0,1,0,0,1,0,0,1,1,1
3260126,0,0,0,0,0,0,1,1,1,0
3260140,0,0,0,0,0,0,0,1,1,1
3260154,0,1,0,1,0,0,1,1,1,1
3260168,0,1,0,0,0,0,0,1,1,0
3260196,0,1,0,0,0,0,0,1,1,0
3270008,0,0,0,0,0,0,0,0,0,0
3270026,0,1,0,0,0,0,1,1,1,0
3270043,0,1,0,0,0,0,0,0,1,0
3270060,0,1,0,0,0,0,0,0,1,0
3270095,0,0,0,1,0,0,0,0,1,0
3270112,0,1,0,0,0,0,0,0,0,0
3270129,0,0,0,1,0,0,0,0,1,0
3270147,0,0,0,0,0,0,0,0,0,0
3270164,0,0,0,0,0,0,0,0,0,0
3270181,0,1,0,0,0,0,0,1,1,0
3270198,0,0,0,0,0,0,0,0,0,0
3270216,0,1,0,0,0,0,0,1,1,0
3270233,0,0,0,0,0,0,0,1,0,0
3270250,0,0,0,0,0,0,0,0,0,0
3280010,0,0,0,0,0,0,0,0,0,0
3280021,0,,1,0,0,0,1,1,1,1
3280032,0,0,0,1,0,0,1,0,1,1
3280042,0,1,0,1,0,0,0,0,1,0
3280053,0,1,0,1,0,0,0,1,1,0
3280064,0,1,1,0,0,0,1,1,1,0
3280075,0,1,0,1,0,0,1,1,1,1
3280086,0,,0,1,0,0,0,0,0,0
3280097,0,1,0,1,0,0,1,0,1,0
3280108,0,0,0,1,0,1,0,0,1,0
3280119,0,0,0,0,0,0,0,1,1,0
3280129,0,0,1,1,0,0,1,0,1,0
3280140,0,0,0,1,0,0,1,1,1,0
3280151,0,1,0,0,0,0,0,0,0,0
3280162,0,0,0,1,1,0,1,1,1,1
3290006,0,1,0,1,0,0,0,0,0,0
3290013,0,0,0,0,0,0,1,1,1,1
3290020,1,1,0,0,0,0,1,0,0,0
3290027,0,1,0,0,0,0,1,1,1,0
3290034,0,1,0,1,0,0,1,1,1,0
3290041,0,,0,1,0,0,1,1,1,0
3290048,0,0,0,0,0,0,0,0,1,0
3290055,0,0,0,0,0,0,1,0,0,0
3290062,0,1,0,0,0,0,1,0,1,0
3290070,0,0,0,0,0,0,1,0,0,0
3290077,0,0,0,0,0,0,0,0,0,0
3290084,0,1,1,0,0,0,1,0,0,0
3290091,0,0,0,1,1,0,1,1,1,1
3290098,0,1,0,0,0,0,0,1,1,0
3290105,0,1,0,0,0,0,1,1,0,0
3300003,0,1,0,0,0,0,0,1,0,0
3300014,0,0,0,0,0,0,0,0,1,1
3300025,0,1,0,0,0,0,0,1,1,0
3300035,0,0,0,0,0,0,0,1,0,0
3300046,0,0,0,0,0,0,0,1,1,1
3300056,0,0,0,0,0,0,1,1,1,1
3300067,0,0,0,0,0,0,0,1,0,0
3300078,0,0,0,0,0,0,0,1,1,0
3300088,0,0,0,1,0,0,0,1,1,0
3300099,0,0,0,0,0,0,0,1,0,1
3300109,0,0,0,0,0,0,0,1,1,0
3300120,0,0,0,1,0,0,0,1,0,0
3300131,0,,0,1,0,0,1,1,0,0
3300141,0,0,0,0,0,0,1,1,0,1
3300152,0,0,0,1,0,0,1,1,0,0
3310003,0,1,0,0,1,1,0,1,1,0
3310014,0,0,0,0,0,1,0,1,0,0
3310024,0,1,0,0,0,1,0,1,0,1
3310034,0,0,0,0,0,1,0,1,0,0
3310044,0,0,0,0,0,1,0,1,1,0
3310054,0,0,0,1,0,1,0,1,1,0
3310065,0,0,0,0,0,0,0,0,1,0
3310075,0,0,0,0,0,1,0,1,1,0
3310085,0,1,0,0,0,1,0,1,1,1
3310095,0,0,0,0,0,0,0,0,0,0
3310105,0,0,0,0,0,0,0,0,0,0
3310116,0,0,0,0,0,1,0,1,1,0
3310126,0,1,0,0,0,1,1,1,1,1
3310136,0,0,0,0,0,1,0,0,0,0
3310146,0,0,0,0,0,1,0,1,1,1
3320009,0,0,0,0,0,0,0,1,0,0
3320021,0,0,0,0,0,0,0,0,0,0
3320034,0,0,0,0,0,0,1,1,1,1
3320046,0,0,0,0,1,0,0,1,1,1
3320071,0,0,0,0,0,0,0,1,1,1
3320084,0,1,0,0,0,0,1,1,1,0
3320096,0,1,0,0,0,0,0,1,1,1
3320109,0,1,0,0,1,0,0,1,1,0
3320121,0,0,0,0,0,0,0,0,0,0
3320134,0,0,0,0,0,0,0,0,1,0
3320147,0,0,0,0,0,0,0,0,1,1
3320159,0,0,0,0,0,1,0,0,1,0
3320172,0,0,0,0,0,0,1,1,1,0
3320184,0,0,0,0,0,0,0,0,0,0
3330001,0,0,0,0,0,0,0,0,1,0
3330006,0,0,0,1,0,0,1,1,1,0
3330011,0,0,0,0,0,0,0,1,1,0
3330016,0,0,0,0,0,0,0,0,1,0
3330021,0,0,0,0,0,1,0,1,1,0
3330026,0,1,0,0,0,1,0,1,1,0
3330031,0,0,0,0,0,0,0,1,0,0
3330036,0,1,0,0,0,0,0,1,1,0
3330041,0,0,0,0,0,0,1,0,1,0
3330046,0,1,0,0,0,0,1,1,1,0
3330051,0,0,0,0,0,0,0,1,0,0
3330056,0,0,0,0,0,0,0,1,1,0
3330061,0,0,0,1,0,0,0,1,1,0
3330066,0,0,0,0,0,0,0,1,1,0
3330071,0,0,0,0,0,0,0,1,1,0
3340001,0,0,0,0,0,0,0,0,0,0
3340006,0,0,0,0,0,0,0,1,1,1
3340010,0,0,0,0,0,0,0,0,0,0
3340014,1,0,0,0,0,0,0,0,1,0
3340018,0,0,0,0,0,0,0,1,0,0
3340022,0,0,0,0,0,1,0,0,0,0
3340026,0,0,0,0,0,0,0,1,0,0
3340030,0,1,0,0,0,0,0,1,1,0
3340034,0,0,0,0,0,0,0,1,1,0
3340039,0,0,0,0,0,0,0,1,1,0
3340043,0,0,0,0,0,0,0,1,1,1
3340047,0,1,0,0,0,0,0,1,0,0
3340051,0,1,0,0,0,0,0,1,1,1
3340055,0,0,0,0,0,0,0,1,1,0
3340059,0,0,0,0,0,0,0,0,0,0
3350010,,1,0,0,0,0,0,1,1,1
3350021,0,0,0,0,0,0,0,0,0,0
3350031,0,0,0,0,0,0,0,0,1,0
3350041,0,0,0,0,0,0,1,1,1,0
3350061,0,0,0,0,1,0,0,1,1,1
3350071,0,1,0,0,0,0,0,1,0,1
3350081,0,0,0,1,1,0,0,1,1,1
3350092,0,0,0,0,0,0,0,1,1,1
3350102,0,1,0,0,0,0,1,0,1,0
3350112,0,1,0,0,0,0,0,1,1,0
3350122,0,0,0,0,0,0,0,1,1,0
3350132,0,1,0,1,0,0,1,1,1,1
3350142,0,0,0,0,0,0,1,1,1,0
3350152,0,0,0,1,0,0,0,1,1,0
3360009,0,0,0,1,0,0,1,1,0,1
3360019,0,0,0,0,0,0,0,1,1,0
3360029,0,1,0,0,0,0,0,1,1,0
3360039,0,0,0,0,0,0,1,1,0,0
3360049,0,1,0,0,0,0,0,0,1,0
3360059,0,0,0,0,0,0,0,1,1,0
3360069,0,0,0,0,0,0,0,0,0,1
3360079,0,0,0,1,0,0,0,1,0,0
3360089,0,1,0,0,0,0,0,1,1,0
3360109,0,0,0,0,0,0,0,1,0,0
3360119,0,0,0,0,0,1,0,0,1,0
3360129,0,1,0,1,0,1,1,1,1,0
3360139,0,0,1,0,0,1,0,1,1,0
3360149,0,0,0,0,0,0,0,1,0,0
3370004,0,0,0,0,0,0,0,0,0,0
3370017,0,0,0,0,0,0,1,0,0,1
3370029,0,0,0,0,0,0,0,0,0,0
3370042,0,0,0,0,0,0,0,0,0,0
3370055,0,0,0,0,0,0,0,0,0,0
3370067,0,0,0,0,0,0,0,0,0,0
3370080,0,1,0,0,0,0,0,0,0,0
3370092,0,0,0,1,0,0,1,1,1,0
3370105,0,0,0,0,0,0,0,0,0,0
3370117,0,0,0,0,0,0,0,0,0,0
3370142,0,0,0,0,0,0,0,0,0,0
3370155,0,0,0,0,0,0,0,0,0,0
3370167,0,0,0,0,0,0,0,0,0,0
3370180,0,0,0,0,0,0,0,0,0,0
3380004,0,0,0,0,0,1,0,1,1,1
3380031,0,1,0,0,0,1,0,1,0,0
3380045,0,0,0,0,0,0,0,1,1,0
3380058,0,1,0,0,0,1,0,1,1,0
3380085,0,0,0,0,0,1,0,1,0,0
3380099,0,0,0,1,0,0,1,1,1,1
3380112,0,0,0,0,0,1,0,0,0,0
3380126,0,0,0,0,0,1,0,0,0,0
3380139,0,0,0,0,0,1,0,1,1,0
3380153,0,0,0,0,0,1,0,0,1,0
3380166,0,0,0,0,0,1,0,1,1,0
3380179,0,0,0,0,0,1,0,1,1,0
3380193,0,1,0,0,0,0,0,1,1,0
3390008,0,0,0,0,0,1,0,1,0,1
3390020,0,0,0,0,0,0,1,1,1,1
3390032,1,0,0,0,0,1,0,1,1,0
3390043,0,,0,0,0,1,0,1,1,0
3390055,0,0,0,0,0,1,0,1,1,0
3390079,0,1,0,0,0,0,0,0,1,0
3390090,0,0,0,0,0,0,0,1,1,0
3390102,0,0,0,1,0,1,0,1,1,1
3390114,0,1,0,0,0,1,1,1,1,1
3390126,0,0,0,1,0,1,0,1,1,1
3390137,0,0,0,0,0,1,0,1,1,0
3390149,0,0,0,0,0,1,1,1,1,0
3390161,0,0,0,0,0,0,0,1,1,0
3390173,0,0,0,0,0,0,0,0,1,0
3400009,0,0,0,0,0,0,0,0,0,0
3400022,0,0,0,1,0,0,1,1,0,0
3400035,0,0,0,0,0,0,0,1,1,1
3400048,0,0,0,0,0,0,0,0,1,0
3400061,0,1,0,1,0,0,0,0,0,1
3400074,0,0,0,0,0,0,0,0,0,0
3400087,0,0,0,0,0,0,0,1,1,0
3400100,0,1,0,0,0,0,0,1,0,0
3400113,0,1,0,0,0,0,1,1,1,0
3400126,0,0,0,0,0,0,1,1,1,0
3400139,0,1,0,0,0,0,0,1,1,0
3400152,0,1,0,0,0,0,0,1,1,0
3400165,0,0,0,0,0,0,1,1,1,0
3400178,0,0,0,0,0,0,0,0,1,0
3400191,0,1,0,0,0,0,0,1,0,0
3410001,0,1,0,0,0,0,0,1,1,0
3410013,0,0,0,0,0,0,0,1,1,0
3410024,0,1,0,0,0,0,0,1,1,0
3410036,0,0,0,0,0,0,1,1,1,0
3410048,0,1,0,1,1,0,1,1,1,0
3410059,0,0,0,0,0,0,1,1,1,0
3410071,0,0,1,1,0,0,0,1,1,0
3410082,0,0,1,1,1,0,1,1,1,0
3410094,0,1,0,1,1,0,1,1,1,0
3410105,0,1,1,1,0,0,1,1,1,1
3410117,0,1,0,1,1,0,0,1,1,0
3410128,0,1,1,1,1,0,0,1,1,0
3410140,0,0,0,1,0,0,1,1,1,1
3410151,0,1,0,1,1,0,1,1,1,0
3410163,0,0,0,1,1,0,1,1,1,1
3420005,0,0,0,0,0,0,0,0,0,0
3420017,0,0,0,0,0,0,1,0,0,1
3420028,0,0,0,0,0,0,1,0,0,0
3420040,0,0,0,0,0,0,1,0,0,0
3420051,0,1,0,0,0,0,0,0,0,0
3420062,0,0,0,1,0,0,1,1,1,1
3420074,0,0,0,0,0,0,0,0,0,0
3420085,0,0,0,0,0,0,0,1,0,0
3420097,0,0,0,0,0,0,1,1,1,0
3420108,0,0,0,0,0,0,0,0,0,0
3420119,0,1,0,0,0,0,0,0,0,0
3420142,0,1,0,0,0,0,0,0,0,1
3420154,0,0,0,0,0,0,0,0,0,0
3420165,0,0,0,0,0,0,0,0,0,0
3430013,0,0,0,0,0,0,0,0,0,0
3430026,0,1,0,0,0,0,1,0,0,0
3430040,0,0,0,0,0,0,1,0,0,0
3430053,0,0,0,0,0,0,1,0,0,0
3430066,0,1,0,0,0,0,1,0,0,0
3430080,0,0,0,0,0,0,0,0,0,0
3430093,0,1,0,0,0,0,1,0,0,1
3430106,0,1,0,0,0,0,1,0,0,0
3430120,0,0,0,0,0,0,0,0,0,0
3430146,0,0,0,0,0,0,0,0,0,1
3430160,0,1,0,0,0,0,0,0,0,0
3430173,0,0,0,0,0,0,1,0,0,0
3430186,0,0,0,0,0,0,0,0,0,0
3430200,0,0,0,0,0,0,0,0,0,0
3440010,0,0,0,1,0,0,1,0,0,0
3440022,0,0,0,0,0,0,1,0,1,0
3440034,0,0,0,1,1,0,1,1,1,0
3440046,0,0,0,1,0,0,0,1,1,1
3440058,0,0,0,0,0,0,1,0,0,0
3440070,0,0,0,0,0,0,1,1,0,0
3440082,0,1,0,0,0,0,1,1,1,1
3440093,0,0,0,0,0,0,0,0,0,0
3440105,0,0,0,1,0,0,1,1,1,0
3440117,0,0,0,0,0,0,1,1,0,0
3440129,0,1,0,1,0,0,0,1,1,0
3440141,0,0,0,1,0,0,0,0,1,0
3440153,0,0,0,1,0,0,1,0,0,0
3440165,0,1,0,0,0,0,1,0,0,0
3440176,0,0,0,0,0,0,0,0,0,0
3450003,0,1,0,0,1,0,1,1,1,0
3450015,0,1,0,0,0,0,0,0,1,0
3450027,0,1,0,1,0,0,1,1,1,0
3450038,0,1,0,1,0,0,1,1,1,1
3450050,0,1,0,0,1,0,0,1,1,0
3450061,0,0,0,0,0,0,1,0,0,0
3450073,0,1,0,0,0,0,1,1,1,0
3450085,0,0,0,1,0,0,0,1,1,0
3450096,0,1,0,0,0,0,0,0,0,0
3450108,0,0,0,1,1,0,0,1,1,1
3450119,0,0,0,0,0,0,1,1,1,1
3450131,0,1,0,0,1,0,1,1,1,0
3450143,0,0,0,0,0,0,1,1,1,0
3450154,0,0,0,0,0,0,1,1,1,0
3450166,0,0,0,0,1,0,1,1,1,0
3460001,0,0,0,1,0,0,0,1,1,0
3460005,0,0,0,1,0,0,0,1,1,0
3460008,0,0,1,1,0,0,1,1,0,0
3460012,0,0,0,1,0,0,1,1,1,1
3460015,0,1,1,1,0,0,1,1,0,0
3460022,0,1,0,1,0,0,1,1,0,1
3460026,0,1,0,0,0,0,0,0,1,0
3460029,0,1,0,0,1,0,1,1,1,0
3460033,0,1,0,1,1,0,0,1,1,0
3460036,0,1,0,1,1,0,0,1,1,0
3460040,0,0,0,1,1,0,1,1,1,0
3460043,0,1,0,0,0,0,1,1,1,0
3460046,0,1,0,1,0,0,1,1,1,0
3460050,0,0,0,1,1,0,1,1,1,1
3470014,0,0,0,0,0,0,0,0,0,0
3470033,0,1,0,0,0,0,0,1,0,0
3470052,0,0,0,0,0,0,0,1,1,0
3470071,0,0,0,0,0,0,0,1,1,0
3470090,0,0,0,1,0,0,0,1,0,0
3470109,0,0,0,0,0,0,0,0,1,0
3470128,0,0,0,0,0,0,0,1,1,0
3470147,0,0,0,0,0,0,0,1,1,0
3470166,0,1,0,0,0,0,0,0,1,0
3470185,0,0,0,0,0,0,1,1,0,0
3470223,0,0,0,1,0,0,0,1,0,0
3470242,0,1,0,0,0,0,0,1,0,0
3470280,0,0,0,0,0,0,0,1,0,0
3480012,0,0,0,0,0,0,1,0,0,1
3480031,0,0,0,0,0,0,0,1,1,0
3480050,0,1,0,0,0,0,1,1,0,1
3480069,0,1,0,0,0,0,0,1,1,0
3480088,0,1,0,0,0,0,0,1,1,0
3480107,0,1,0,0,0,0,1,1,0,0
3480126,0,1,0,0,0,0,1,1,0,0
3480145,0,0,0,0,0,0,0,1,1,0
3480164,0,1,0,0,0,0,0,1,1,0
3480184,0,0,0,0,0,0,0,0,0,0
3480203,0,1,0,0,0,0,0,1,0,0
3480222,0,0,0,1,0,0,1,1,0,0
3480241,0,1,0,0,0,0,0,1,0,0
3480260,0,1,0,0,0,0,0,1,0,0
3480279,0,0,0,0,0,0,1,1,1,0
3490001,0,0,0,1,0,1,0,1,1,0
3490015,0,1,0,1,0,0,0,0,1,0
3490029,0,0,0,0,0,0,0,0,0,0
3490042,0,1,0,0,0,0,1,1,1,0
3490056,0,,0,0,0,0,0,0,0,0
3490070,0,0,0,0,0,0,1,1,1,0
3490083,0,0,0,0,0,0,0,1,1,0
3490097,,,0,0,0,0,0,0,0,0
3490111,0,0,0,0,0,0,0,0,0,0
3490124,0,0,0,0,0,0,1,0,0,1
3490138,0,1,0,1,0,0,0,1,1,0
3490152,0,0,0,0,0,0,0,0,0,0
3490165,0,0,0,0,0,0,1,1,1,0
3490179,0,0,0,0,0,0,0,1,1,0
3490193,0,0,0,0,0,0,1,0,1,0
3500005,0,1,0,0,1,0,1,1,1,0
3500017,0,0,0,0,0,0,1,0,0,0
3500029,0,1,0,0,0,0,0,1,1,0
3500041,0,0,0,0,0,0,0,0,0,0
3500053,0,0,0,0,0,0,0,0,0,0
3500065,0,0,0,0,0,0,0,1,1,0
3500077,0,0,0,0,0,0,0,1,1,1
3500088,0,1,0,0,0,0,0,1,1,0
3500100,0,0,0,0,0,0,0,0,0,0
3500124,0,0,0,0,0,0,0,0,1,0
3500136,0,0,0,0,0,0,0,1,1,1
3500148,0,0,0,1,0,0,0,1,1,0
3500160,0,0,0,0,0,0,0,0,0,0
3500172,1,0,0,0,1,0,1,1,1,1
3510016,0,0,0,1,0,0,0,0,0,0
3510033,0,0,0,0,0,0,0,1,0,0
3510050,0,1,0,0,0,0,0,1,1,0
3510067,0,0,0,0,0,0,0,1,1,0
3510084,0,0,0,1,0,0,0,1,1,1
3510102,0,0,0,0,0,0,1,1,0,1
3510119,0,0,0,0,0,0,1,1,1,0
3510136,0,0,0,1,0,0,0,1,0,0
3510153,0,0,0,0,0,0,0,0,0,0
3510170,0,0,0,0,0,0,0,1,0,0
3510187,0,0,0,0,0,0,0,1,1,0
3510204,0,0,0,1,0,0,0,1,0,0
3510222,0,1,0,0,0,0,0,0,0,0
3510239,0,1,0,1,0,0,0,1,1,0
3510256,0,0,0,0,0,0,1,1,1,0
3520013,0,0,0,0,0,0,0,0,1,0
3520027,0,0,0,1,0,0,1,0,1,0
3520042,0,0,0,0,0,0,0,0,0,0
3520057,0,0,0,0,0,0,0,0,0,0
3520071,0,0,0,1,0,0,1,0,1,0
3520086,0,1,0,0,0,0,0,0,1,0
3520101,0,0,0,1,0,0,0,1,1,0
3520115,0,0,0,0,0,0,0,0,1,0
3520130,0,0,0,0,0,0,0,0,1,0
3520145,0,0,0,1,0,0,0,0,1,0
3520159,0,0,0,0,0,0,0,1,0,0
3520174,0,0,0,1,1,0,1,1,1,1
3520189,0,0,0,0,0,0,0,0,0,0
3520203,0,0,0,0,0,0,0,0,0,0
3520218,0,1,0,0,0,0,1,1,1,0
3530004,0,1,0,0,0,0,1,1,0,0
3530019,0,0,0,0,0,0,0,0,1,0
3530034,0,0,0,1,0,0,0,1,1,0
3530049,0,0,0,1,0,0,1,0,1,0
3530064,0,1,0,0,0,0,0,1,0,0
3530079,0,0,0,0,0,0,1,1,1,0
3530094,0,0,0,0,0,0,0,0,0,0
3530109,0,0,0,0,0,0,0,1,1,0
3530124,0,1,0,0,0,0,0,1,1,0
3530139,0,0,0,0,0,0,0,1,1,0
3530154,0,0,0,0,0,0,0,1,1,0
3530169,0,1,0,0,0,0,0,0,1,0
3530184,0,0,0,0,0,0,0,1,1,0
3530199,0,0,0,1,0,0,1,1,1,0
3530213,0,1,0,1,0,0,0,1,1,1
3540002,0,0,0,0,0,0,0,1,1,0
3540004,0,0,0,0,0,0,0,1,1,0
3540006,0,0,0,0,0,0,0,1,1,1
3540008,0,0,0,0,0,0,0,1,1,0
3540010,0,0,0,0,0,0,1,1,1,0
3540012,0,0,0,1,0,0,0,1,1,0
3540014,0,0,0,0,0,0,0,1,1,1
3540016,0,0,0,0,0,0,0,1,1,1
3550010,0,0,0,1,0,0,1,1,1,1
3550016,0,0,0,0,0,0,1,1,1,1
3550022,0,0,0,0,0,0,1,1,1,0
3550027,0,0,0,0,0,0,0,1,1,0
3550033,0,0,0,0,0,0,0,1,1,0
3550039,0,0,0,1,0,0,1,1,1,1
3550045,0,1,0,0,0,0,0,1,1,0
3550051,0,1,0,0,0,0,1,1,1,0
3550056,0,0,0,0,0,0,1,1,1,1
3550062,0,0,0,0,0,0,0,1,1,0
3550068,0,0,0,1,0,0,0,1,1,1
3550074,0,0,0,0,0,0,0,1,1,0
3550080,0,0,0,0,0,0,0,1,1,1
3550086,0,0,0,0,0,0,1,1,1,0
3560001,0,0,0,1,0,1,0,1,1,1
3560005,0,0,0,0,0,0,0,1,1,1
3560009,0,1,0,0,0,0,0,1,1,1
3560012,0,1,0,0,0,1,0,1,1,1
3560016,0,1,0,0,0,0,0,1,1,1
3560019,0,0,0,0,0,0,0,1,1,1
3560023,0,0,0,0,1,0,0,1,1,1
3560027,0,0,0,0,0,0,1,1,1,0
3560030,0,0,0,1,0,0,0,1,1,1
3560034,0,0,0,0,0,0,1,1,1,1
3560037,0,0,1,1,0,0,1,1,1,1
3560041,0,0,0,0,0,0,1,1,1,0
3560045,0,0,0,1,0,0,1,1,1,1
3560048,0,0,0,0,0,0,0,1,0,1
3560052,0,0,0,0,0,1,0,1,1,1
3570003,0,1,0,1,0,0,0,1,1,0
3570005,0,1,0,0,0,0,1,1,1,1
3570008,0,1,0,1,0,0,1,1,1,1
3570010,0,1,0,1,0,0,0,1,1,1
3570013,0,0,0,1,0,0,1,1,1,1
3570015,0,0,0,0,0,0,1,1,1,1
3570018,0,0,0,,0,0,1,1,1,1
3570020,0,1,0,1,0,0,0,1,1,1
3570023,0,0,0,1,0,0,0,1,1,1
3570025,0,1,0,0,0,0,0,1,1,0
3570028,0,1,0,0,0,0,0,1,1,0
3570031,0,0,0,0,0,0,0,1,1,0
3570033,,1,0,1,0,0,0,1,1,0
3570036,0,0,0,0,0,0,0,1,1,0
3570038,0,1,0,0,0,0,1,1,1,0
3580001,1,1,0,0,0,0,0,1,1,1
3580005,,,0,0,1,0,0,1,1,1
3580009,0,1,0,0,0,0,0,1,1,1
3580012,0,0,0,0,1,0,0,1,1,1
3580016,0,1,0,1,0,0,0,1,0,1
3580020,0,1,0,0,0,0,0,1,1,1
3580023,1,1,1,1,0,1,0,1,1,0
3580027,0,0,0,0,0,1,1,1,1,1
3580031,0,1,1,0,0,1,0,1,1,1
3580038,0,1,0,0,0,1,0,1,1,1
3580042,0,1,0,1,1,1,0,1,1,0
3580045,0,0,0,0,1,1,0,1,1,1
3580049,0,1,0,1,0,0,1,1,1,0
3580053,0,1,0,0,0,1,0,1,1,0
3590014,0,1,0,0,0,0,0,1,1,1
3590029,0,0,0,0,0,0,0,1,1,0
3590044,0,0,0,0,0,0,0,1,1,0
3590059,0,0,0,0,0,0,0,1,1,0
3590074,0,1,0,0,0,0,0,1,1,1
3590089,0,0,0,1,0,0,0,1,1,1
3590104,0,0,0,1,0,0,0,1,1,1
3590119,0,0,0,0,0,0,1,1,1,1
3590134,0,0,0,0,0,0,1,1,1,1
3590149,0,1,0,0,0,0,0,1,1,0
3590164,,0,0,0,0,0,0,1,1,0
3590179,0,0,0,0,0,0,1,1,1,0
3590194,0,1,0,0,0,0,0,0,1,1
3590209,0,1,0,0,0,0,1,1,1,1
3590224,0,0,0,0,0,0,0,0,1,0
3600002,0,0,0,1,0,0,0,1,1,1
3600008,0,0,0,1,0,0,0,1,1,0
3600014,0,0,0,1,0,0,1,1,1,1
3600019,0,0,0,1,0,0,0,1,1,1
3600025,0,1,0,1,0,0,0,1,1,1
3600030,0,0,0,1,0,0,0,1,1,0
3600036,0,1,0,0,0,0,1,1,1,1
3600042,0,0,0,1,0,1,0,1,1,1
3600047,0,1,0,0,0,0,1,1,1,1
3600053,0,1,0,1,0,0,0,1,1,1
3600058,0,0,0,1,0,0,1,1,1,1
3600064,0,1,0,0,0,0,0,1,1,0
3600070,0,0,0,1,0,0,0,1,1,1
3600075,0,1,0,1,0,1,1,1,1,1
3610003,0,1,0,0,1,0,0,1,1,1
3610007,0,1,0,0,1,0,1,1,1,1
3610011,0,1,0,0,1,0,1,1,1,1
3610014,0,0,0,0,0,0,1,1,1,0
3610018,0,0,0,0,1,0,1,1,1,1
3610022,0,0,0,1,1,0,1,1,1,1
3610025,0,1,0,0,1,0,1,1,1,1
3610029,0,0,0,1,1,0,1,1,1,1
3610033,0,1,0,0,1,0,1,1,1,1
3610036,0,0,0,0,1,0,1,1,1,1
3610044,0,0,0,0,1,0,0,1,1,1
3610047,0,1,0,0,0,0,0,1,1,1
3610051,0,0,0,0,0,0,1,1,1,1
3620007,0,0,0,0,0,0,0,1,1,1
3620017,0,0,0,0,0,0,1,1,1,0
3620027,0,0,0,0,0,0,1,1,1,0
3620037,0,1,0,0,0,0,0,1,1,1
3620047,0,0,0,1,0,0,1,1,1,1
3620057,0,0,0,0,0,0,0,1,1,1
3620067,0,1,0,0,0,0,0,1,1,1
3620077,0,1,1,1,0,0,0,1,1,1
3620087,0,0,0,0,0,0,1,0,0,1
3620097,0,1,0,0,0,0,0,1,1,1
3620107,0,0,0,0,0,0,0,1,1,0
3620117,0,1,0,0,0,0,1,0,1,0
3620127,0,1,0,0,0,0,0,1,1,0
3620137,0,0,0,0,0,0,0,1,0,0
3620146,1,0,0,0,0,0,0,1,1,0
3630004,0,1,0,0,0,0,0,1,1,1
3630009,0,0,0,1,0,0,0,1,1,1
3630014,0,0,0,1,0,0,0,1,1,1
3630019,0,0,0,0,0,0,0,1,1,1
3630024,0,1,0,0,0,0,0,1,1,1
3630029,0,1,0,0,0,0,0,1,1,1
3630033,0,1,0,1,0,0,1,1,1,1
3630038,0,0,0,0,0,0,0,1,1,0
3630043,0,0,0,0,0,0,0,1,1,0
3630048,0,1,0,0,0,0,0,1,1,0
3630053,0,0,0,0,0,0,0,1,1,1
3630058,0,0,0,0,0,0,0,1,1,1
3630063,0,0,0,0,0,0,0,1,1,0
3630068,0,0,0,0,0,0,1,1,1,1
3630073,0,0,0,0,0,0,1,1,1,1
3640001,0,1,0,0,0,0,0,1,1,1
3640011,0,0,0,0,0,0,0,1,1,0
3640020,0,1,0,0,0,1,1,1,1,1
3640030,0,1,0,1,1,0,1,1,1,1
3640039,0,0,0,1,1,1,0,1,1,1
3640049,0,0,0,0,0,1,0,1,1,1
3640058,0,1,0,1,1,0,0,1,1,1
3640068,0,1,0,0,0,0,0,1,1,1
3640077,0,1,0,1,0,0,0,1,1,1
3640087,0,0,0,0,0,0,0,1,1,0
3640096,0,1,0,1,1,0,1,1,1,1
3640106,0,0,0,0,0,0,0,1,1,1
3640115,0,0,0,1,1,0,0,1,1,1
3640124,0,1,0,1,0,0,0,1,1,0
3640134,0,1,0,0,1,0,1,1,1,1
3650001,0,0,0,1,0,0,1,1,1,1
3650010,0,1,0,0,1,0,0,1,1,0
3650019,0,0,0,0,0,0,0,1,1,1
3650027,0,,0,0,0,0,0,1,1,1
3650036,0,1,0,0,0,0,0,1,1,0
3650044,0,0,0,0,0,0,1,1,1,1
3650053,0,1,0,0,0,0,0,1,1,1
3650062,0,0,0,0,0,0,1,1,1,1
3650070,0,1,0,0,0,0,0,1,1,1
3650079,0,1,0,0,0,0,0,1,1,0
3650087,0,1,0,0,0,1,0,1,1,1
3650096,0,0,0,0,0,0,0,1,1,0
3650105,0,1,0,0,0,0,0,1,1,0
3650113,0,0,0,1,0,0,0,1,1,1
3650122,0,0,0,0,0,0,0,1,1,0
3660011,0,0,0,1,0,0,0,1,1,1
3660021,0,0,0,0,0,0,0,1,1,0
3660031,1,0,0,0,0,0,1,1,1,0
3660052,0,1,0,0,0,0,0,1,1,0
3660063,0,0,0,0,0,0,0,1,1,1
3660073,0,0,0,0,0,0,0,1,1,1
3660083,0,0,0,0,0,0,0,1,1,1
3660094,0,1,0,1,0,0,0,1,1,1
3660104,0,1,0,0,0,0,1,1,1,1
3660115,0,0,0,0,0,0,0,1,1,0
3660125,0,0,0,0,0,0,0,1,1,1
3660135,0,0,0,0,0,0,0,1,1,0
3660146,0,1,0,0,0,0,0,1,1,0
3660156,0,1,0,0,0,0,0,1,1,0
3670009,0,1,0,0,1,0,1,1,1,1
3670018,0,0,0,0,0,0,0,1,1,1
3670026,0,0,0,1,0,0,1,1,1,1
3670035,0,0,0,0,0,0,0,1,1,0
3670044,0,0,0,1,0,0,0,1,1,1
3670053,0,0,0,0,0,0,1,1,1,1
3670062,0,0,0,0,1,0,1,1,1,1
3670070,0,0,0,0,0,0,0,1,1,1
3670079,0,1,0,0,0,0,0,1,1,1
3670088,0,0,0,0,0,0,0,1,1,1
3670097,0,0,0,0,0,0,1,1,1,1
3670106,0,0,0,0,0,0,1,1,1,1
3670114,0,0,0,0,0,0,1,1,1,1
3670123,1,0,0,0,0,0,1,1,1,0
3670132,0,1,0,1,0,0,1,1,1,1
3680003,,0,0,0,0,0,0,1,1,1
3680013,0,0,0,1,0,0,1,1,1,1
3680022,1,1,0,0,0,0,1,1,1,1
3680032,0,1,0,1,0,1,1,1,1,1
3680041,0,1,0,0,0,0,0,1,1,1
3680070,0,0,0,0,0,0,1,1,1,0
3680079,0,1,0,0,0,0,1,1,1,0
3680089,0,1,0,0,0,0,1,1,1,1
3680098,0,1,0,0,0,0,0,1,1,1
3680108,0,1,0,0,0,0,1,1,1,1
3680117,0,1,0,1,0,0,1,1,1,1
3680126,0,1,0,1,0,0,0,1,1,1
3680136,0,1,0,0,0,1,0,1,1,1
3690001,0,0,0,0,0,0,0,1,1,1
3690006,0,0,0,0,0,0,0,1,1,0
3690010,0,0,0,0,0,0,0,1,1,1
3690014,0,0,0,0,0,0,0,1,1,1
3690018,0,0,0,0,0,1,0,1,1,0
3690022,0,0,0,1,0,0,1,1,1,0
3690027,0,0,0,0,0,0,0,1,1,0
3690031,0,0,0,0,0,0,0,1,1,1
3690035,0,1,0,0,0,0,0,1,1,1
3690039,0,0,0,0,0,0,1,1,1,1
3690043,0,1,0,0,0,0,0,1,1,1
3690048,0,0,0,0,0,0,0,1,1,1
3690052,0,0,0,0,0,0,0,1,1,1
3690056,0,0,0,0,0,0,0,1,1,1
3690060,1,1,0,0,1,0,0,1,1,0
3690501,0,0,0,1,0,0,0,1,1,1
3700004,0,1,0,1,0,0,0,1,1,0
3700008,0,1,0,0,0,0,0,1,1,1
3700013,0,0,0,0,0,0,0,1,1,1
3700017,0,0,0,0,0,0,1,1,1,1
3700022,0,0,0,0,0,0,0,1,1,0
3700026,0,0,0,1,0,0,1,1,1,1
3700031,0,1,0,0,0,0,0,1,1,1
3700035,0,0,0,0,0,0,0,1,1,1
3700040,0,0,0,0,0,0,0,1,1,0
3700044,0,1,0,0,0,0,0,1,1,1
3700049,0,1,0,1,0,0,1,1,1,1
3700058,0,1,0,1,0,0,0,1,1,1
3700063,0,0,0,0,0,0,0,1,1,1
3700067,0,0,0,1,0,0,0,1,1,1
3710005,0,1,0,0,0,0,0,1,1,1
3710012,0,0,0,1,0,0,0,1,1,1
3710019,0,1,0,0,0,0,0,1,1,1
3710026,0,0,0,1,0,0,1,1,1,1
3710033,0,1,0,0,0,1,0,1,1,1
3710040,0,0,0,1,0,1,0,1,1,1
3710047,0,0,0,0,0,0,0,1,1,1
3710054,0,1,0,0,0,0,0,1,1,1
3710061,0,1,0,0,0,1,0,1,1,1
3710068,0,1,0,0,0,0,1,1,1,1
3710075,0,1,0,1,1,0,0,1,1,1
3710082,0,0,0,1,0,0,0,1,1,1
3710089,0,0,0,0,0,0,0,1,1,1
3710096,0,0,0,0,0,0,1,1,1,0
3710103,0,0,0,0,0,0,0,1,1,1
3720001,0,0,0,0,0,0,0,1,1,1
3720015,0,1,0,0,0,1,0,1,1,1
3720028,0,0,0,1,0,0,0,1,1,1
3720042,0,0,0,0,0,0,0,1,1,1
3720055,0,0,0,0,1,0,1,1,1,1
3720068,0,0,0,0,0,0,0,1,1,0
3720082,0,1,0,0,0,0,0,1,1,1
3720095,0,0,0,0,0,0,1,1,1,1
3720109,0,0,0,0,0,0,1,1,1,1
3720122,0,0,0,0,0,0,0,1,1,1
3720135,1,0,0,0,0,0,1,1,1,1
3720149,0,1,0,0,0,0,0,1,1,1
3720162,0,0,0,0,0,0,0,1,1,1
3720176,0,0,0,1,0,0,1,1,1,1
3720189,0,0,0,0,0,0,0,1,1,1
3730006,0,1,0,1,0,0,0,1,1,1
3730020,0,1,0,0,0,0,0,1,1,1
3730033,0,0,0,0,0,0,0,1,1,0
3730046,0,0,0,1,0,0,0,1,1,1
3730073,,,0,1,0,1,0,1,1,1
3730086,0,0,0,0,0,1,0,1,1,1
3730100,0,1,0,0,1,0,1,1,1,1
3730113,0,0,0,0,0,0,0,1,1,1
3730126,0,0,0,0,0,0,0,1,0,0
3730140,0,0,0,0,0,0,0,1,1,1
3730153,0,0,0,0,0,0,0,1,1,1
3730166,0,0,0,1,0,0,0,1,1,1
3730180,0,1,0,0,0,0,0,1,1,1
3730193,0,1,0,0,0,0,0,1,1,1
3740009,0,1,0,0,0,0,1,1,1,1
3740018,0,1,0,0,0,0,1,1,1,1
3740027,0,1,0,0,0,0,0,1,1,0
3740036,0,0,0,0,0,0,0,1,1,1
3740045,0,0,0,0,0,0,0,1,1,0
3740054,0,1,0,0,1,0,1,1,1,1
3740063,0,0,0,0,0,0,0,1,1,0
3740072,0,0,0,1,0,0,1,1,1,0
3740081,0,0,0,1,0,1,1,1,1,0
3740090,0,1,0,0,0,0,0,1,1,1
3740099,0,1,0,1,0,0,0,1,1,1
3740108,0,0,0,0,0,0,0,1,1,1
3740117,0,0,0,0,0,0,1,1,1,1
3740126,0,1,0,1,1,0,1,1,1,1
3740135,0,1,0,0,0,0,0,1,1,0
3750001,0,0,0,0,0,1,0,1,1,1
3750005,0,1,0,1,0,1,1,1,1,1
3750009,0,1,0,0,0,1,0,1,1,1
3750013,0,1,0,0,0,1,0,1,1,1
3750017,0,0,0,0,0,0,0,1,1,1
3750020,0,0,0,0,0,0,0,1,1,0
3750024,0,0,0,1,0,0,0,1,1,1
3750028,0,0,0,0,0,0,0,1,1,1
3750032,0,0,0,1,0,0,0,1,1,1
3750036,0,0,0,1,0,1,0,1,1,1
3750039,0,1,0,0,0,0,0,1,1,0
3750043,0,0,0,0,0,0,0,1,1,1
3750047,0,0,0,0,0,0,0,1,1,1
3750051,0,0,0,1,0,0,0,1,1,1
3750055,0,1,0,0,0,0,1,1,1,1
3760001,0,0,0,0,0,0,0,0,0,0
3760004,0,0,0,0,0,0,0,1,1,0
3760006,0,0,0,0,0,0,1,1,1,0
3760008,0,0,0,0,0,0,0,1,1,0
3760010,0,0,0,0,0,0,0,1,0,0
3760012,0,0,0,1,0,0,1,0,0,1
3760014,0,0,0,0,0,0,0,1,1,0
3760016,0,0,0,1,0,0,1,0,1,1
3760018,0,0,0,0,0,0,1,1,1,1
3760021,0,0,0,0,0,0,0,1,1,0
3760023,0,0,0,0,0,0,0,1,1,1
3760025,0,0,0,0,0,0,0,1,0,1
3760027,0,1,0,0,0,0,0,1,1,0
3760029,0,1,0,0,0,0,0,1,1,1
3760031,0,0,0,0,0,0,0,1,0,0
3770012,0,0,0,1,0,0,1,1,1,1
3770027,0,0,0,0,0,0,0,1,1,0
3770041,0,0,0,0,0,0,0,1,1,1
3770056,0,1,0,0,0,0,0,1,1,0
3770071,0,0,0,1,0,0,0,1,1,1
3770086,0,0,0,0,0,0,0,1,1,1
3770101,0,0,0,0,0,0,0,1,1,0
3770115,0,0,0,0,0,0,0,0,1,0
3770130,0,0,0,1,0,0,1,1,1,0
3770145,0,0,0,1,1,0,0,1,1,1
3770160,0,0,0,1,0,0,1,1,1,1
3770175,0,0,0,0,0,0,0,1,1,1
3770189,0,1,0,0,0,0,0,1,1,0
3770204,0,1,0,0,0,0,0,1,1,0
3770219,0,0,0,0,0,0,0,1,1,1
3780008,0,0,0,0,0,0,0,1,1,0
3780019,1,0,0,0,0,0,0,1,1,0
3780030,0,0,0,1,0,0,0,1,1,1
3780041,0,1,0,0,0,0,0,1,1,0
3780052,0,1,0,1,0,0,0,1,1,0
3780064,0,0,0,0,0,0,1,1,0,0
3780075,0,1,0,0,0,0,1,0,0,0
3780086,0,1,0,0,0,0,1,1,1,0
3780097,0,1,0,0,0,0,0,0,1,0
3780108,0,0,0,0,0,0,0,1,1,0
3780119,0,0,0,0,0,0,0,1,1,0
3780130,0,0,0,1,0,0,0,1,1,1
3780142,1,1,0,0,0,0,0,1,1,0
3780153,0,0,0,0,0,0,0,1,1,1
3780164,0,0,1,1,1,0,0,0,1,1
3790002,0,1,0,0,0,1,0,1,1,0
3790014,1,0,0,0,0,0,0,1,1,1
3790025,0,0,0,0,1,0,0,1,1,1
3790037,0,0,0,0,0,0,0,1,1,1
3790049,0,0,0,0,0,0,1,1,1,0
3790060,0,1,0,0,0,0,0,1,1,0
3790072,0,1,0,1,0,0,0,1,1,0
3790083,0,1,0,0,0,0,0,1,1,1
3790095,0,1,0,0,0,0,1,1,1,0
3790106,0,0,0,0,0,0,0,1,1,1
3790118,0,1,0,0,0,0,0,1,1,0
3790129,0,0,0,0,0,0,0,1,1,0
3790141,0,0,0,0,0,0,1,1,1,1
3790152,0,0,0,0,0,1,0,1,1,1
3790164,0,0,0,0,0,0,0,1,1,1
3800001,0,0,0,1,0,0,0,1,1,1
3800008,0,1,0,0,0,0,0,1,1,1
3800014,0,1,0,0,0,0,0,1,1,1
3800020,0,0,0,1,0,0,1,1,1,1
3800027,0,0,0,0,0,0,0,1,1,0
3800033,0,1,0,0,1,0,0,1,1,1
3800039,0,0,0,0,0,0,1,1,1,1
3800046,0,0,0,0,0,0,1,1,1,0
3800052,0,0,0,0,0,0,0,1,1,0
3800058,0,0,0,0,1,0,0,1,1,0
3800065,0,0,0,0,0,0,0,1,1,1
3800071,0,0,0,0,0,0,0,1,1,0
3800077,0,1,0,0,0,1,0,1,1,1
3800084,0,0,0,1,0,0,1,1,1,1
3800090,0,0,0,0,0,0,1,1,1,1
3810009,0,1,0,0,0,0,0,1,1,0
3810019,0,0,0,1,1,0,0,1,1,1
3810038,0,0,0,0,0,0,1,1,1,1
3810048,0,0,0,1,0,0,0,1,1,1
3810058,0,0,0,0,0,0,0,1,1,1
3810067,0,1,0,1,0,0,1,1,1,1
3810077,0,1,0,0,0,0,0,1,1,1
3810087,0,0,0,0,0,0,0,1,1,1
3810096,0,0,0,0,0,0,0,1,1,0
3810106,0,1,0,0,0,0,0,1,1,1
3810116,0,0,0,1,0,0,1,1,1,1
3810125,0,1,0,0,0,0,1,1,1,1
3810135,0,0,0,0,0,0,0,1,1,0
3810145,0,0,0,0,0,0,0,1,1,1
3820016,0,0,0,1,0,0,0,1,1,1
3820032,0,0,0,0,0,0,1,0,1,0
3820048,0,0,0,0,0,0,1,1,0,0
3820064,0,0,0,0,0,0,1,0,0,0
3820080,0,0,0,0,0,0,1,1,0,0
3820096,0,0,0,0,0,0,0,0,0,0
3820113,0,1,0,0,0,0,1,1,0,0
3820129,0,0,0,0,0,0,0,0,0,0
3820145,0,0,0,0,0,0,1,0,0,0
3820161,0,0,0,0,0,0,0,1,0,1
3820177,0,0,0,0,0,0,1,0,0,1
3820194,0,0,0,0,0,0,1,0,0,0
3820210,0,0,0,0,0,0,0,0,0,0
3820226,0,1,0,0,0,0,1,1,0,0
3820242,0,0,0,0,0,0,1,0,0,0
3830012,0,0,0,1,0,0,0,1,1,1
3830021,0,0,0,0,0,0,0,1,1,1
3830030,0,0,0,0,0,0,1,1,1,0
3830038,0,1,0,0,0,0,0,1,1,1
3830047,0,0,0,1,0,0,0,1,1,1
3830056,0,1,0,1,0,0,1,1,1,1
3830065,0,0,0,1,0,0,0,1,1,1
3830073,0,1,0,0,0,0,0,1,1,1
3830082,0,0,0,0,0,0,1,1,1,0
3830091,0,0,0,0,0,0,0,1,1,1
3830099,0,1,0,0,0,0,1,1,1,1
3830108,0,0,0,0,0,0,0,1,1,1
3830117,0,0,0,0,0,0,0,1,1,1
3830126,0,0,0,1,0,0,0,1,1,1
3840004,0,1,0,0,0,0,1,1,1,0
3840018,0,0,0,0,0,0,0,1,1,1
3840032,0,0,0,0,1,0,1,1,1,1
3840046,0,1,0,0,0,0,0,1,1,0
3840059,0,1,0,0,0,0,0,1,1,1
3840073,1,0,0,0,0,1,0,1,1,1
3840087,0,0,0,1,0,0,0,1,1,1
3840114,0,1,0,1,0,0,0,1,1,1
3840128,0,0,0,0,0,0,0,1,1,1
3840142,0,0,0,1,0,0,0,1,1,1
3840155,0,0,0,0,0,0,0,1,1,0
3840169,0,0,0,1,0,0,0,1,1,1
3840183,0,0,0,0,0,0,0,1,1,1
3840197,0,0,0,1,0,0,0,1,1,0
3850007,0,0,0,0,1,0,1,1,1,1
3850015,0,0,0,0,0,0,1,1,1,1
3850023,0,1,0,1,0,0,1,1,1,1
3850032,0,0,0,1,0,0,0,1,1,1
3850040,0,0,0,0,0,0,0,1,1,1
3850048,0,1,0,0,1,0,0,1,1,1
3850057,0,0,0,1,0,0,0,1,1,1
3850065,0,0,0,0,1,0,1,1,1,1
3850073,0,1,0,0,1,0,0,1,1,1
3850082,0,0,0,0,1,0,1,1,1,1
3850090,1,0,0,1,1,1,0,1,1,0
3850098,0,0,0,0,0,1,0,1,1,0
3850107,0,0,0,1,0,0,0,1,1,0
3850115,0,0,0,1,0,0,0,1,1,1
3850123,0,0,0,0,0,0,0,1,1,1
3860021,0,0,0,0,1,0,0,1,1,1
3860033,0,0,0,1,1,0,0,1,1,0
3860045,0,0,0,0,1,0,1,1,1,1
3860057,0,1,0,0,1,0,1,1,1,1
3860069,0,0,0,1,1,1,1,1,1,1
3860081,0,0,0,0,1,0,0,1,1,1
3860093,0,0,0,0,1,0,1,1,1,1
3860106,0,0,0,0,1,0,0,1,1,0
3860118,0,0,0,0,1,0,1,1,1,1
3860130,0,1,0,0,1,0,1,1,1,1
3860142,0,0,0,1,1,0,0,1,1,1
3860154,0,1,0,1,1,0,1,1,1,1
3860166,0,0,0,0,1,0,0,1,1,1
3860178,0,1,0,1,1,0,0,1,1,1
3870001,0,1,0,0,0,0,0,1,1,0
3870012,0,0,0,0,0,0,0,1,1,0
3870023,0,1,0,0,0,0,0,1,1,0
3870034,0,0,0,1,0,0,1,1,1,1
3870045,0,0,0,0,0,0,1,1,1,1
3870056,0,0,0,0,0,0,0,1,1,0
3870067,0,1,0,1,0,0,1,1,1,0
3870078,0,0,0,0,0,0,0,1,1,0
3870089,0,0,0,1,0,0,0,1,1,1
3870100,0,1,0,0,0,0,0,1,1,0
3870111,0,0,0,1,0,0,0,1,1,0
3870122,0,0,0,0,0,0,0,1,1,0
3870133,0,0,0,0,0,0,0,1,1,1
3870144,0,0,0,1,0,0,1,1,1,1
3870154,0,1,0,0,1,0,1,1,1,1
3880001,0,0,0,1,1,1,1,1,1,1
3880010,0,0,0,0,0,0,0,1,1,1
3880018,0,0,0,0,0,0,0,1,1,1
3880026,0,0,0,0,0,0,0,1,1,1
3880034,0,1,0,0,0,0,0,1,1,1
3880043,0,0,0,1,0,0,0,1,1,1
3880051,0,0,0,0,0,0,0,1,1,0
3880059,0,0,0,0,0,0,0,1,1,0
3880068,0,1,0,0,0,0,1,1,1,1
3880076,0,1,0,0,0,0,1,0,1,0
3880084,0,0,0,0,0,0,0,1,1,0
3880092,0,0,0,0,0,0,0,1,1,1
3880101,0,0,0,0,0,0,0,1,1,1
3880109,0,0,0,0,0,0,0,1,1,0
3880117,0,0,0,0,0,0,1,1,1,1
3890009,0,0,0,0,0,0,0,1,1,0
3890019,0,0,0,0,1,0,1,1,1,1
3890029,0,1,0,0,0,0,0,1,1,0
3890039,0,0,0,0,0,0,1,1,1,1
3890059,0,0,0,1,0,0,1,1,1,0
3890069,0,0,0,0,0,0,0,0,1,1
3890078,0,0,0,0,0,0,0,0,1,0
3890088,0,0,0,1,0,0,0,1,1,0
3890098,0,0,0,0,0,0,1,1,1,1
3890108,0,0,0,1,1,0,1,1,1,1
3890128,0,0,0,0,0,0,1,1,1,1
3890138,0,0,0,0,0,0,1,1,1,0
3890147,0,0,0,0,0,0,0,1,1,0
3900005,0,1,0,0,1,0,0,1,1,1
3900010,0,1,0,0,1,0,1,1,1,1
3900015,0,0,0,0,1,0,0,1,1,1
3900021,0,0,0,0,1,0,0,1,1,0
3900026,0,1,0,1,1,0,1,1,1,1
3900031,0,0,0,1,1,0,1,1,1,1
3900036,0,1,0,1,1,0,1,1,1,1
3900041,0,0,0,1,1,0,1,1,1,1
3900047,0,0,0,0,1,0,0,1,1,1
3900052,0,0,0,1,1,0,1,1,1,1
3900057,0,0,0,0,1,0,0,1,1,0
3900062,0,0,0,0,1,0,1,1,1,1
3900067,0,0,0,0,1,0,0,1,1,1
3900073,0,1,0,0,1,0,0,1,1,1
3900078,0,1,0,0,1,0,0,1,1,1
3910003,0,1,0,0,1,0,1,1,1,1
3910013,0,0,0,1,1,0,0,1,1,1
3910022,0,1,0,0,1,0,0,1,1,1
3910032,0,0,0,0,1,0,0,0,0,0
3910042,0,0,0,0,1,0,0,1,1,1
3910051,0,1,0,0,1,0,0,1,1,1
3910061,0,1,0,0,1,1,1,1,1,1
3910070,0,1,0,0,1,0,0,1,1,1
3910080,0,1,0,1,1,1,1,1,1,1
3910089,0,0,0,0,1,1,0,1,1,1
3910099,0,1,0,0,1,0,1,1,1,1
3910108,0,0,0,0,1,0,0,1,1,1
3910118,0,0,0,0,0,0,1,1,1,1
3910127,0,0,0,1,1,0,1,1,1,1
3910137,0,0,0,0,1,0,1,0,1,0
3920003,0,0,0,0,0,1,0,1,1,0
3920012,0,1,0,1,1,1,0,1,1,1
3920021,0,1,0,1,1,1,1,1,1,1
3920030,0,0,0,1,0,1,0,1,1,1
3920039,0,0,0,0,0,0,1,1,1,0
3920048,0,0,0,1,0,1,0,1,1,1
3920057,0,0,0,0,0,0,0,1,1,1
3920065,0,0,0,0,0,1,1,1,1,1
3920074,0,0,0,1,0,0,0,1,1,0
3920083,0,0,0,0,0,1,0,1,1,1
3920101,0,0,0,1,0,1,0,1,1,1
3920110,0,0,0,0,0,1,0,1,1,1
3920119,0,0,0,1,1,1,0,1,1,0
3920128,0,0,0,0,0,1,1,1,1,1
3930008,0,0,0,0,0,0,1,1,1,1
3930020,0,0,0,0,0,0,0,1,1,1
3930031,0,0,0,1,1,0,0,1,1,1
3930043,0,1,0,0,0,0,0,1,1,1
3930055,0,0,0,0,1,0,0,1,1,1
3930066,0,0,0,1,0,0,1,1,1,1
3930078,0,1,0,1,0,0,1,1,1,1
3930089,0,0,0,0,0,0,1,1,1,1
3930101,0,0,0,0,0,0,0,1,1,1
3930113,0,0,0,0,0,0,0,1,1,1
3930124,0,0,0,1,0,0,0,1,1,1
3930136,0,0,0,0,0,0,0,1,1,1
3930147,0,0,0,0,0,0,1,1,1,1
3930159,0,0,0,0,1,0,1,1,1,1
3930171,0,1,0,1,1,0,0,1,1,1
3940004,0,0,0,0,0,0,0,1,1,0
3940010,0,0,0,0,0,0,0,1,1,1
3940016,0,0,0,1,0,0,0,1,1,1
3940022,0,0,0,0,0,1,0,1,1,1
3940028,0,1,0,0,0,1,0,1,1,1
3940034,0,0,0,0,0,1,0,1,1,1
3940040,0,0,0,1,1,1,0,1,1,1
3940046,0,0,0,0,0,1,0,1,1,1
3940052,0,0,0,1,0,0,0,1,1,1
3940058,0,0,0,1,1,0,0,1,1,1
3940064,0,0,0,0,0,0,0,1,1,1
3940070,0,0,0,0,0,0,1,1,1,1
3940076,0,0,0,0,0,1,0,1,1,0
3940082,0,0,0,0,0,0,0,1,1,1
3940087,0,0,0,1,0,0,0,1,1,1
3950001,0,1,0,0,0,0,0,1,1,1
3950014,0,0,0,0,0,0,0,1,1,0
3950027,0,0,0,0,0,0,0,1,1,0
3950039,0,0,0,0,1,0,0,1,1,0
3950052,0,0,0,0,1,0,0,0,1,1
3950064,0,0,0,0,1,0,0,0,1,0
3950077,0,0,0,0,1,1,0,1,1,1
3950090,0,0,0,0,1,0,0,1,1,1
3950102,0,,0,0,1,0,0,1,1,1
3950115,0,0,0,0,1,1,0,1,1,1
3950127,0,0,0,0,1,0,0,0,1,0
3950140,0,0,0,0,0,1,1,1,0,1
3950153,0,1,0,0,1,0,0,1,1,1
3950165,0,0,0,0,0,0,0,1,1,1
3950178,0,0,0,0,0,0,0,0,0,0
3960001,0,0,0,0,0,0,1,1,1,1
3960017,1,0,0,0,0,0,0,1,1,1
3960033,0,0,0,0,0,0,0,1,1,0
3960048,0,0,0,0,0,0,0,0,1,1
3960064,0,0,0,0,0,0,0,1,1,1
3960079,0,0,0,0,0,0,1,0,1,0
3960095,0,1,0,0,0,0,0,1,1,0
3960111,0,1,0,0,0,0,1,1,0,1
3960126,0,0,0,0,0,0,0,0,0,0
3960142,0,0,0,0,0,0,1,1,1,1
3960157,0,0,0,0,0,0,0,0,1,0
3960173,0,0,0,0,0,0,1,0,0,0
3960189,0,1,0,0,0,0,1,0,0,1
3960204,0,0,0,0,0,0,0,1,1,0
3960220,0,1,0,0,0,0,0,0,0,0
3970011,0,0,0,1,0,0,1,1,1,1
3970021,,0,0,0,0,0,0,1,1,1
3970032,0,0,0,0,0,0,1,1,1,1
3970043,0,0,0,0,0,0,1,1,1,1
3970053,0,0,0,1,1,1,1,1,1,1
3970064,0,1,0,0,0,0,1,1,1,1
3970074,0,0,0,0,0,0,0,1,1,1
3970085,0,0,0,0,0,0,0,1,1,1
3970095,0,1,0,0,0,0,1,1,1,1
3970106,0,0,0,1,0,0,1,1,1,0
3970117,0,0,0,0,0,0,0,0,1,0
3970127,0,0,0,0,0,0,1,1,1,1
3970138,0,1,0,0,0,0,0,1,1,0
3970149,0,0,0,1,0,0,0,1,1,1
3970159,0,0,0,0,0,0,0,1,1,1
3980004,0,1,0,1,1,0,1,1,1,1
3980013,0,0,0,0,0,0,0,1,1,1
3980029,0,0,0,0,0,0,0,1,1,1
3980038,0,0,0,0,0,1,0,1,1,1
3980046,0,0,0,1,0,1,1,1,1,1
3980054,0,0,0,1,1,1,0,1,1,1
3980063,0,0,0,0,0,0,1,1,1,1
3980071,0,0,0,0,0,0,1,1,1,1
3980079,0,0,0,1,0,0,1,1,1,1
3980088,0,0,0,1,0,0,1,1,1,1
3980096,0,0,0,0,0,0,0,1,1,1
3980104,0,0,0,1,0,0,0,1,1,1
3980113,0,0,0,0,0,0,1,1,1,0
3980121,0,1,0,0,0,1,1,1,1,1
3990002,0,1,0,0,0,0,0,1,1,0
3990009,0,0,0,0,1,0,0,1,1,0
3990015,0,0,0,1,1,0,0,1,1,0
3990022,0,0,0,0,1,0,1,1,1,0
3990028,0,1,0,1,1,0,0,1,1,0
3990035,0,0,0,0,1,0,0,1,1,0
3990041,0,0,0,0,1,0,1,1,1,1
3990048,0,0,0,1,0,0,0,1,1,0
3990061,0,0,0,0,0,0,0,1,1,1
3990067,0,1,0,1,1,0,0,1,1,0
3990074,0,0,0,0,1,0,0,1,1,1
3990080,0,0,0,0,1,0,0,1,1,1
3990086,0,1,0,1,1,0,0,1,1,1
3990093,0,1,0,0,1,0,0,1,1,0
4000004,0,0,0,0,0,0,0,1,1,1
4000010,0,1,0,1,1,0,0,1,1,1
4000015,0,0,0,0,1,0,0,1,1,0
4000021,0,0,0,0,0,0,0,1,1,1
4000027,0,0,0,0,0,0,0,1,1,1
4000032,0,1,0,0,1,0,1,1,1,1
4000038,0,0,0,1,1,0,1,1,1,1
4000043,0,0,0,0,1,0,0,1,1,1
4000049,0,0,0,1,0,0,0,1,1,1
4000055,0,0,0,1,0,0,0,1,1,1
4000060,0,0,0,0,0,0,0,1,1,1
4000066,0,0,0,0,0,0,0,1,1,1
4000071,0,1,0,1,1,0,1,1,1,1
4000077,0,0,0,1,0,0,1,1,1,1
4000083,0,1,0,0,1,0,1,1,1,0
4010003,0,0,0,0,0,0,0,1,1,0
4010009,0,0,0,0,1,0,0,1,1,0
4010012,0,1,0,0,1,0,1,1,1,0
4010015,0,0,0,1,1,0,0,1,1,1
4010019,0,0,0,0,1,0,0,1,1,1
4010022,0,0,0,0,1,0,0,1,1,1
4010025,0,1,0,0,1,0,0,1,1,1
4010031,0,0,0,0,0,0,0,1,1,1
4010034,0,1,0,0,0,0,0,1,1,1
4010037,0,0,0,0,0,0,0,1,1,1
4010041,0,0,0,0,0,0,0,1,1,1
4010044,0,0,0,0,0,0,0,1,1,1
4010047,0,0,0,0,0,0,0,1,1,1
4020002,0,1,0,0,0,0,0,1,1,1
4020014,0,0,0,1,0,0,1,1,1,1
4020026,1,0,0,0,0,0,0,1,1,1
4020038,0,0,0,0,0,0,0,0,1,0
4020050,0,0,0,0,0,0,0,1,1,1
4020062,0,1,0,1,0,0,0,1,1,1
4020074,0,0,0,0,0,0,0,1,1,0
4020085,0,1,0,0,0,0,0,1,1,0
4020097,0,1,0,0,0,0,0,0,0,0
4020109,0,0,0,1,0,0,1,1,1,0
4020121,0,0,0,0,0,0,0,1,1,0
4020133,0,0,0,0,0,0,0,0,0,1
4020145,0,0,0,1,0,0,0,1,1,1
4020157,0,0,0,0,0,0,0,1,1,0
4020169,0,0,0,0,0,0,0,0,1,0
4030001,0,0,0,0,0,0,0,1,1,1
4030015,0,0,0,0,0,0,0,1,1,1
4030029,0,0,0,0,0,0,0,0,1,0
4030057,0,0,0,0,0,0,0,1,0,0
4030071,0,0,0,0,0,0,0,0,0,0
4030085,0,0,0,0,0,0,0,1,1,1
4030099,0,0,0,0,0,0,0,1,1,0
4030113,0,0,1,1,0,0,1,1,1,1
4030127,0,1,0,1,1,0,0,1,1,1
4030141,0,0,0,1,0,0,0,1,1,0
4030155,0,0,0,0,0,0,0,1,1,1
4030169,0,1,0,0,0,0,0,1,1,1
4030183,0,0,0,0,0,0,0,0,1,0
4030197,0,0,0,0,0,0,0,0,1,1
4040011,0,0,0,0,0,0,0,1,1,0
4040022,0,1,0,0,0,0,0,0,1,0
4040033,0,0,0,0,0,0,0,1,0,0
4040044,0,0,0,0,0,0,0,1,1,0
4040055,0,0,0,0,0,0,0,0,0,0
4040067,0,0,0,0,0,0,1,1,1,1
4040078,0,0,0,0,0,0,0,1,1,0
4040089,0,0,0,0,0,0,0,1,1,1
4040100,0,0,0,0,0,0,0,0,1,0
4040111,0,0,0,1,1,0,0,1,1,1
4040122,0,0,0,0,0,0,0,1,1,0
4040133,0,0,0,1,0,0,0,1,1,0
4040156,0,0,0,1,0,0,0,0,1,0
4040167,0,0,0,1,1,0,0,1,1,0
4050018,0,0,0,0,0,0,0,0,0,0
4050038,0,0,0,1,0,0,0,1,0,1
4050057,0,1,0,0,0,0,0,1,1,0
4050077,0,0,0,0,0,0,0,0,0,1
4050097,0,0,0,0,0,0,0,1,0,0
4050116,0,1,0,0,0,0,1,1,0,0
4050136,0,0,0,1,0,0,0,0,0,0
4050155,0,0,0,0,0,0,0,1,1,0
4050175,0,0,0,0,0,0,0,0,0,0
4050195,0,0,0,0,0,0,0,0,1,0
4050214,0,0,0,0,0,0,0,0,0,0
4050234,0,0,0,0,0,0,0,0,0,0
4050253,0,0,0,0,0,0,0,0,0,0
4050293,0,0,0,0,0,0,0,1,0,0
4060008,0,0,0,0,0,0,1,0,0,1
4060029,0,0,0,0,0,0,0,0,0,0
4060050,0,0,0,0,0,0,1,0,0,0
4060071,0,1,0,0,0,0,0,0,1,0
4060092,0,1,0,0,0,0,1,0,0,1
4060113,0,,0,0,0,0,0,0,0,0
4060134,0,0,0,0,0,0,1,0,0,0
4060155,0,0,0,0,0,1,0,0,0,0
4060176,0,0,0,0,0,0,0,0,0,0
4060197,0,1,0,0,0,0,0,0,0,0
4060218,0,0,0,0,0,0,1,0,0,0
4060239,0,0,0,0,0,0,1,0,0,0
4060260,0,0,0,0,0,0,1,0,0,1
4060281,0,0,0,0,0,0,0,0,0,0
4060302,0,0,0,0,0,0,1,0,0,0
4070005,0,0,0,1,0,0,0,1,0,1
4070020,0,0,0,1,0,0,0,0,0,1
4070035,0,1,0,1,0,0,1,0,0,1
4070050,0,0,0,0,0,0,1,0,0,0
4070065,0,0,0,0,0,0,1,0,0,0
4070080,0,0,0,0,0,0,0,0,0,0
4070095,0,1,0,0,0,0,0,0,0,0
4070110,0,0,0,0,0,0,0,0,0,0
4070125,0,0,0,0,0,0,1,0,0,0
4070140,0,0,0,0,0,0,0,0,0,0
4070155,0,0,0,0,0,0,0,0,0,0
4070170,0,0,0,0,0,0,0,1,0,1
4070185,0,0,0,0,0,0,0,1,0,1
4070200,0,0,0,0,0,0,1,0,0,1
4070214,0,0,0,0,0,0,1,1,0,1
4080010,0,1,0,0,0,0,0,0,0,0
4080022,0,1,0,0,0,0,1,0,0,0
4080035,0,0,0,0,0,0,0,0,0,0
4080047,0,0,0,0,0,0,0,0,0,0
4080060,0,0,0,0,0,0,0,0,0,0
4080073,0,0,0,0,0,0,1,0,0,0
4080085,0,0,0,0,0,0,0,0,1,1
4080098,0,0,0,0,0,0,1,0,0,1
4080110,0,0,0,1,0,0,1,0,0,1
4080123,0,1,0,0,0,0,0,0,0,0
4080136,0,0,0,0,0,0,0,0,1,1
4080148,0,1,0,0,0,0,0,0,1,1
4080161,0,0,0,0,0,0,0,0,0,0
4080186,0,0,0,0,0,0,1,0,0,0
4090020,0,1,0,0,0,0,0,0,0,0
4090049,0,0,0,0,0,0,1,0,0,0
4090079,0,0,1,0,0,0,1,0,0,0
4090108,0,0,0,0,0,0,0,0,0,0
4090137,0,0,0,0,0,0,0,0,0,0
4090166,0,0,0,0,0,0,1,0,0,1
4090196,0,0,0,0,0,0,0,0,0,0
4090225,0,0,0,0,0,0,1,0,0,1
4090254,0,0,0,0,0,0,1,0,0,0
4090283,0,0,0,0,0,0,1,0,0,1
4090313,0,0,0,0,0,0,1,0,0,0
4090342,0,1,0,0,0,0,1,0,0,1
4090371,0,0,0,0,0,0,1,0,0,0
4090400,0,0,0,0,0,0,1,0,0,0
4090430,0,0,0,0,0,0,0,0,0,0
4100002,0,1,0,0,0,0,1,1,0,1
4100017,0,0,0,0,0,0,1,0,0,1
4100032,0,0,0,0,0,0,0,1,1,1
4100046,0,1,0,0,0,0,0,0,0,1
4100061,0,0,0,0,0,0,0,0,0,0
4100075,0,0,0,0,0,0,0,1,1,0
4100090,0,0,0,0,0,0,1,0,0,1
4100105,0,0,0,0,0,0,1,0,0,0
4100119,0,1,0,0,0,0,1,0,0,0
4100134,0,1,0,0,0,0,0,0,0,0
4100148,0,0,0,0,0,0,0,0,0,0
4100163,0,0,0,0,0,0,0,0,0,0
4100178,0,0,0,1,0,0,1,0,1,1
4100192,0,0,0,0,0,0,1,0,0,1
4100207,0,0,0,0,0,0,0,0,0,0
4110001,0,0,0,1,1,0,1,1,1,1
4110009,0,0,0,1,1,0,1,1,1,1
4110017,0,1,0,0,0,0,0,1,1,1
4110025,0,0,0,1,0,0,1,1,1,0
4110033,0,0,0,0,1,0,0,0,1,0
4110040,0,1,0,0,0,0,0,1,0,0
4110048,0,0,0,0,0,0,0,1,1,1
4110056,0,0,0,0,0,0,0,0,1,0
4110064,0,0,0,0,0,0,0,1,1,0
4110072,0,0,0,1,0,0,0,1,1,0
4110079,0,0,0,0,0,0,0,1,1,1
4110087,0,0,0,0,0,0,0,1,1,1
4110095,0,0,0,1,0,0,0,1,1,1
4110103,0,,0,1,0,0,0,1,1,0
4110111,0,0,0,1,0,0,0,0,1,0
4120005,0,0,0,1,0,0,0,1,1,1
4120011,0,1,0,0,0,0,0,1,1,0
4120017,0,1,0,1,0,0,0,1,1,1
4120022,0,0,0,0,0,0,0,1,1,1
4120028,0,0,0,0,0,0,0,1,1,1
4120034,0,0,0,0,0,0,0,1,1,1
4120039,0,0,0,0,0,0,0,0,1,1
4120045,0,0,0,1,0,0,0,1,1,1
4120051,0,1,0,1,0,0,0,1,1,1
4120056,0,1,0,0,0,0,0,1,1,1
4120062,0,0,0,1,0,0,0,1,1,1
4120068,0,0,1,1,0,0,0,1,1,1
4120073,1,0,0,1,0,1,0,1,1,1
4120079,0,0,0,0,0,0,0,1,1,1
4120085,0,0,0,0,1,0,1,1,1,1
4130011,1,0,0,0,1,0,0,1,1,1
4130023,0,0,0,0,1,0,0,1,1,0
4130035,0,1,0,0,1,0,0,1,1,1
4130047,0,1,0,0,1,0,1,1,1,1
4130058,0,1,0,0,1,0,0,1,1,0
4130070,0,0,0,0,1,0,0,1,1,1
4130082,0,0,1,0,1,0,0,0,0,0
4130094,0,0,0,0,1,0,0,0,0,1
4130118,0,0,0,0,1,0,1,1,1,1
4130129,0,1,0,0,1,0,0,1,1,1
4130141,0,0,0,1,1,0,0,1,1,1
4130165,0,1,0,0,1,0,0,1,0,1
4140006,0,0,0,0,1,0,0,1,1,1
4140022,0,1,0,1,1,1,1,1,1,1
4140038,0,0,0,0,1,0,0,1,1,1
4140054,0,1,0,0,1,0,1,1,1,1
4140070,0,0,0,1,1,0,0,1,1,1
4140086,0,0,0,0,1,0,0,1,1,0
4140102,0,1,0,1,1,0,0,1,1,0
4140118,0,1,0,0,1,0,0,1,1,1
4140134,0,0,0,1,1,0,1,1,1,1
4140150,0,0,0,1,1,0,1,1,0,0
4140166,0,0,0,0,1,0,0,1,1,1
4140182,0,1,0,0,1,0,1,1,1,1
4140198,0,0,0,0,1,1,0,1,1,1
4140214,0,0,0,0,1,0,0,1,1,1
4140230,,0,0,0,1,1,0,1,1,1
4150003,0,1,0,1,0,0,0,1,1,1
4150005,0,0,0,0,0,0,0,1,1,0
4150008,0,1,0,0,0,0,0,1,1,1
4150011,0,1,0,0,0,0,0,1,1,0
4150013,0,0,0,0,0,0,0,1,0,1
4150016,0,0,0,0,0,0,0,1,0,0
4150019,0,0,0,0,0,0,0,1,1,1
4150021,0,0,0,1,0,0,1,1,1,1
4150024,0,1,0,0,0,0,0,1,0,0
4150027,0,0,0,0,0,0,0,1,1,1
4150029,0,0,0,1,0,0,0,1,1,0
4150032,0,1,0,0,0,0,1,1,1,0
4150035,0,1,0,0,0,0,0,1,0,0
4150037,0,0,0,0,0,0,1,1,1,1
4150040,0,0,0,0,0,0,0,1,1,0
4160004,0,0,0,1,0,0,1,1,1,1
4160008,0,0,0,1,0,0,0,1,1,0
4160013,0,1,0,0,0,0,0,1,1,0
4160018,0,0,0,1,0,0,1,1,1,1
4160022,0,1,0,0,0,0,0,1,1,0
4160027,0,0,0,0,0,0,0,1,1,0
4160032,0,0,0,1,0,0,0,1,1,0
4160036,0,0,0,0,0,0,0,1,1,0
4160041,0,1,0,0,0,0,0,1,1,1
4160046,0,0,0,0,0,0,1,1,1,0
4160050,0,1,0,1,1,0,1,1,1,1
4160055,0,1,0,0,0,1,0,1,1,1
4160060,0,0,0,1,0,0,0,1,1,1
4160064,0,1,1,1,0,0,0,1,1,1
4160069,0,1,0,1,0,0,0,1,1,1
4170003,0,1,0,0,0,0,0,1,1,0
4170007,0,1,0,1,0,0,0,1,1,1
4170011,0,1,0,0,0,0,0,1,1,1
4170015,1,1,0,0,0,0,0,1,1,0
4170019,0,0,0,0,0,0,0,1,1,0
4170023,0,0,0,0,0,0,0,1,0,1
4170027,0,1,0,0,0,0,0,1,1,1
4170031,0,0,0,0,0,0,0,1,1,0
4170035,0,0,0,0,0,0,0,1,1,1
4170039,0,0,0,0,0,0,0,1,1,1
4170043,0,1,0,0,0,0,0,1,1,1
4170047,0,1,0,0,0,0,1,1,1,1
4170051,0,0,0,1,0,1,0,1,1,1
4170055,0,0,0,0,0,0,0,1,1,1
4170059,0,0,0,0,0,0,0,1,1,1
4180001,0,1,0,0,1,0,0,1,0,0
4180009,0,1,0,0,0,0,1,0,0,0
4180016,0,0,0,0,0,0,0,0,1,0
4180023,0,0,0,1,0,0,0,1,1,0
4180030,0,0,0,0,0,0,0,0,1,1
4180038,0,0,0,0,0,0,0,0,1,1
4180045,0,1,0,0,0,0,1,1,1,0
4180052,0,1,0,0,0,0,1,1,1,0
4180060,0,1,1,0,0,0,0,1,1,0
4180067,0,0,0,1,0,0,1,1,1,0
4180074,0,1,1,1,0,0,1,1,1,1
4180081,0,0,0,0,0,0,0,1,1,1
4180089,0,1,0,0,0,0,0,1,1,1
4180096,0,0,0,0,0,0,1,1,1,1
4180103,0,1,0,1,1,0,1,1,1,1
4190001,0,1,0,0,0,0,0,1,1,0
4190006,0,0,0,0,0,0,0,1,1,0
4190011,0,0,0,0,0,0,0,1,1,1
4190016,0,0,0,1,1,0,0,1,1,1
4190021,0,0,0,0,0,0,1,1,1,0
4190026,0,0,0,0,1,0,1,1,1,1
4190036,0,0,0,0,0,0,1,1,1,0
4190041,0,1,0,0,0,0,1,1,1,1
4190046,0,0,0,1,0,0,1,1,1,0
4190051,0,0,0,0,0,0,0,1,1,1
4190056,0,0,0,0,1,0,0,1,1,1
4190061,0,0,0,0,0,0,0,1,1,1
4190066,0,1,0,0,0,0,0,1,1,1
4190070,0,0,0,0,0,0,0,1,1,1
4200012,0,0,0,0,0,0,0,1,1,1
4200025,0,1,0,0,0,0,0,1,1,1
4200037,0,0,0,0,0,0,0,1,1,0
4200049,0,0,0,1,0,0,0,1,1,1
4200061,0,0,1,0,0,0,0,1,1,0
4200073,0,0,0,1,0,0,1,1,1,1
4200085,0,0,0,1,1,0,1,1,1,1
4200097,0,0,0,0,0,0,0,1,1,1
4200110,0,1,0,0,0,0,0,1,1,1
4200122,0,1,0,0,0,0,0,1,1,1
4200134,0,1,0,0,0,0,0,1,1,1
4200146,0,1,0,0,0,0,0,0,1,0
4200158,0,0,0,1,0,0,1,1,1,1
4200170,0,0,0,0,0,0,0,1,1,0
4200182,0,0,0,0,0,0,0,0,1,1
4210003,0,0,0,0,0,0,0,1,1,1
4210007,0,0,0,0,0,0,0,0,0,0
4210011,0,0,0,0,0,0,0,1,1,1
4210014,0,0,0,0,0,0,0,1,1,0
4210018,0,0,0,0,0,0,0,1,1,0
4210022,0,0,0,0,0,0,0,1,1,1
4210026,0,0,0,1,0,0,1,1,1,1
4210029,0,0,0,0,0,0,0,1,1,1
4210033,0,0,0,0,1,0,1,1,1,0
4210037,0,1,0,1,0,1,0,1,1,1
4210041,0,0,0,1,0,0,1,1,1,1
4210044,0,1,0,0,0,0,0,1,1,1
4210048,0,1,0,0,0,0,0,1,1,1
4210052,0,0,0,0,0,0,0,1,1,1
4210056,0,0,0,1,0,0,0,1,1,1
4220002,0,0,0,1,0,0,0,1,1,1
4220007,0,1,0,0,0,0,0,1,1,0
4220012,0,1,0,0,0,0,0,1,1,0
4220017,0,1,0,0,0,0,1,1,1,1
4220021,0,0,0,0,0,0,0,1,1,1
4220026,0,0,0,1,0,0,0,0,0,1
4220031,0,0,0,0,0,0,0,1,1,0
4220036,0,0,0,0,0,0,0,1,1,0
4220040,0,0,0,0,0,0,1,1,1,0
4220045,0,1,0,0,0,0,1,1,1,0
4220050,0,0,0,0,0,0,1,1,1,0
4220054,0,0,0,0,0,0,0,1,1,0
4220059,0,1,0,0,0,0,0,1,0,0
4220064,0,0,0,1,0,0,0,0,1,0
4220069,0,0,0,0,1,0,0,1,1,1
4230005,0,1,0,0,0,0,0,1,1,0
4230011,0,0,0,0,0,0,1,1,1,0
4230016,0,1,0,0,0,0,0,1,1,1
4230022,0,1,0,0,0,0,0,1,1,1
4230028,0,1,0,0,0,0,0,1,1,1
4230033,0,0,0,0,0,0,0,1,1,0
4230039,0,0,0,0,0,0,0,1,1,0
4230044,0,0,0,0,1,0,0,1,1,1
4230050,0,0,0,0,0,0,0,1,1,0
4230056,0,0,0,0,0,0,0,1,1,0
4230061,0,1,0,0,0,1,1,1,1,1
4230067,0,0,0,0,0,0,0,1,1,1
4230072,0,0,0,1,0,0,1,0,1,1
4230078,0,0,0,0,0,0,0,1,1,0
4230084,0,0,0,0,0,0,0,1,1,0
4240006,0,0,0,0,0,0,0,1,1,0
4240014,0,0,0,0,0,0,1,0,1,0
4240021,0,1,0,0,0,0,1,1,1,1
4240029,0,0,0,1,0,0,0,1,1,0
4240036,0,0,0,1,0,0,0,1,1,0
4240043,0,0,0,0,0,0,0,1,1,0
4240051,0,0,0,0,0,0,0,1,1,1
4240058,0,1,0,0,0,0,0,1,1,0
4240066,0,1,0,0,0,0,1,1,1,1
4240073,0,0,0,0,0,0,0,1,1,0
4240081,0,0,0,0,0,0,1,1,1,0
4240088,0,0,0,0,0,0,0,1,1,1
4240096,0,1,0,0,0,0,0,1,1,1
4240103,0,0,0,0,0,0,1,0,1,0
4240111,0,0,0,0,1,1,0,1,1,1
4250001,0,0,0,1,0,0,0,1,1,0
4250007,0,0,0,0,0,0,0,1,1,0
4250014,0,0,0,0,0,0,1,1,1,0
4250020,0,0,0,0,0,1,0,1,1,0
4250026,0,1,0,0,0,0,0,1,1,0
4250032,0,1,0,0,0,0,0,1,1,1
4250038,0,0,0,0,0,0,0,1,1,0
4250044,0,0,0,0,0,0,0,1,1,1
4250050,0,0,0,0,0,0,0,1,1,1
4250056,0,1,0,1,0,1,0,1,1,0
4250062,0,0,0,0,0,0,1,1,1,1
4250068,0,0,0,0,0,0,0,1,1,0
4250074,0,0,0,0,0,0,1,1,1,1
4250080,0,0,0,0,0,0,0,1,0,0
4250086,0,0,0,1,0,1,0,1,1,0
4260001,0,1,0,0,0,0,0,1,1,0
4260003,0,0,0,0,0,0,0,1,1,1
4260005,0,0,0,0,1,0,0,1,1,0
4260007,0,1,0,0,0,0,0,1,1,0
4260009,0,0,0,1,1,0,0,1,1,1
4260011,0,0,0,0,0,0,1,1,1,1
4260013,0,1,0,0,1,0,0,1,1,0
4260015,0,0,0,0,0,0,0,1,1,1
4260017,0,0,0,0,0,0,0,1,1,0
4260019,0,0,0,0,0,1,1,1,1,1
4260021,0,1,0,0,0,0,0,1,1,1
4260025,0,0,0,0,0,0,0,1,1,1
4260027,0,0,0,0,0,0,0,1,1,0
4270005,0,1,0,0,0,0,0,0,0,0
4270011,0,0,0,0,0,0,0,1,1,0
4270018,0,0,0,0,0,1,1,1,1,0
4270024,0,0,0,0,0,1,0,1,1,0
4270031,0,1,0,0,0,0,0,1,1,1
4270037,0,0,0,0,0,1,1,1,1,1
4270043,0,0,0,1,0,0,0,1,1,1
4270050,0,1,0,0,0,0,1,1,1,0
4270056,0,0,0,0,0,0,0,0,0,0
4270063,0,0,0,0,0,0,0,1,1,0
4270069,0,0,0,1,0,0,1,0,1,0
4270076,0,0,0,0,0,1,0,0,1,0
4270082,0,1,0,0,1,1,0,1,1,0
4270089,0,0,0,1,0,0,1,1,1,1
4270095,0,0,0,0,0,0,0,1,1,1
4280005,0,1,0,0,0,0,0,1,1,1
4280011,0,1,0,0,0,1,0,1,1,1
4280016,0,0,0,0,0,0,0,1,1,0
4280022,0,1,0,1,0,1,1,1,1,1
4280027,0,0,0,0,0,1,0,1,1,0
4280032,0,0,0,0,0,1,0,1,0,0
4280038,0,0,0,0,0,0,0,1,1,1
4280043,0,0,0,0,0,0,0,1,1,1
4280049,0,1,0,0,0,0,0,1,1,0
4280054,0,0,0,0,0,0,0,1,0,0
4280060,0,0,0,0,0,0,0,1,1,1
4280065,0,1,0,0,0,0,0,1,1,0
4280071,0,1,0,1,0,0,1,1,1,1
4280076,0,0,0,0,0,0,0,1,1,0
4280082,0,0,0,0,0,0,0,1,1,0
4290002,0,0,0,0,0,0,0,1,1,0
4290007,0,0,0,0,0,0,0,1,1,1
4290012,0,1,0,0,0,0,0,1,1,0
4290016,0,0,0,0,0,0,0,1,1,1
4290021,0,0,0,0,0,0,0,1,1,1
4290026,0,1,0,0,0,0,0,1,1,1
4290035,0,0,0,0,0,0,0,1,1,1
4290040,0,0,0,0,0,1,0,0,1,1
4290044,0,0,0,0,0,0,0,1,1,1
4290049,0,0,0,0,0,1,1,1,1,1
4290054,0,0,0,0,0,0,0,1,1,0
4290058,0,0,0,0,0,0,0,1,1,1
4290063,0,0,0,0,0,0,0,1,1,0
4290068,0,1,0,0,0,0,0,1,1,1
4300002,0,1,0,0,0,0,0,0,1,0
4300007,0,0,0,0,1,0,1,1,1,0
4300011,0,0,0,1,1,0,1,1,1,1
4300015,0,0,0,1,1,0,0,1,1,0
4300019,0,1,0,0,0,0,1,1,1,1
4300023,0,0,0,0,1,0,1,1,1,1
4300027,0,0,0,1,1,0,1,1,1,1
4300031,0,0,0,0,0,0,1,1,1,1
4300035,0,0,0,0,0,0,0,1,1,0
4300040,0,0,0,0,1,0,0,1,1,1
4300044,0,0,0,1,0,0,0,1,1,1
4300048,0,0,0,1,0,0,1,1,1,1
4300052,0,1,0,1,1,0,0,1,1,0
4300056,0,0,0,1,1,0,0,1,1,1
4300060,0,1,0,0,1,0,0,1,1,1
4310007,1,0,0,0,0,0,0,1,1,1
4310015,0,1,0,1,0,0,0,1,1,1
4310024,0,1,0,0,1,0,0,1,1,1
4310032,0,0,0,0,1,0,0,1,1,1
4310041,0,0,0,1,1,0,0,1,1,1
4310049,0,0,0,0,1,1,0,1,1,1
4310058,0,0,0,1,0,0,0,1,1,1
4310066,0,0,0,0,1,1,0,1,1,1
4310075,0,0,0,0,1,0,1,1,1,0
4310083,0,0,0,0,0,0,0,1,1,0
4310092,0,1,0,0,0,0,0,1,1,0
4310101,0,0,0,1,1,0,0,1,1,1
4310109,0,0,0,0,1,0,0,1,1,1
4310126,0,1,0,0,0,0,0,1,1,1
4320010,0,1,0,0,1,1,1,1,1,1
4320023,0,0,0,0,1,1,0,1,1,0
4320037,0,0,0,1,0,0,0,1,1,0
4320050,0,0,0,0,1,0,1,1,1,1
4320064,0,0,0,0,0,0,1,1,1,0
4320077,0,0,0,0,1,0,0,0,1,1
4320091,0,1,0,0,0,0,0,1,1,1
4320104,1,1,0,0,0,0,0,1,1,1
4320117,0,1,0,0,1,0,0,1,1,0
4320131,0,1,0,0,0,0,0,1,1,1
4320144,0,1,0,0,1,0,0,0,1,0
4320158,0,0,0,0,1,0,1,1,0,0
4320171,0,0,0,1,0,0,0,1,1,1
4320184,1,1,0,0,1,1,1,0,1,0
4330003,0,0,0,0,0,0,0,0,0,0
4330040,0,0,0,0,0,0,0,0,0,0
4330058,0,0,0,0,0,0,1,0,0,1
4330076,0,0,0,0,0,0,1,0,0,1
4330094,0,0,0,0,0,0,1,0,0,0
4330130,0,0,0,0,0,0,1,0,0,1
4330148,0,0,0,0,0,0,1,0,0,1
4330166,0,0,0,0,0,0,1,0,0,1
4330184,0,0,0,0,0,0,1,0,0,1
4330202,0,1,0,0,0,0,1,0,0,1
4330220,0,0,0,0,0,0,1,0,0,1
4330238,0,0,0,0,0,0,0,0,0,0
4330256,0,1,0,0,0,0,1,0,0,1
4340001,0,0,0,0,0,0,0,1,1,0
4340009,0,0,0,0,0,0,1,1,1,1
4340017,0,0,0,1,0,0,1,1,1,1
4340025,0,0,0,1,0,1,1,1,1,0
4340033,0,0,0,0,0,0,0,1,1,1
4340040,0,0,0,0,0,0,0,1,1,1
4340048,0,0,0,0,0,0,0,1,1,0
4340056,0,0,0,1,0,0,0,1,1,0
4340064,0,0,0,0,0,0,1,1,1,1
4340072,0,0,0,1,1,0,0,1,1,1
4340079,0,0,0,0,0,0,1,1,1,0
4340087,0,1,0,0,0,0,0,1,1,0
4340095,0,0,0,0,0,0,1,1,1,0
4340103,0,0,0,0,0,0,0,1,1,0
4340111,0,0,0,1,0,0,0,1,1,1
4350013,0,0,0,0,1,0,0,1,1,0
4350027,0,0,0,0,1,0,0,1,1,1
4350041,1,1,0,0,0,0,0,1,1,1
4350054,0,0,0,1,1,0,1,1,1,1
4350068,0,0,0,0,0,0,1,1,1,1
4350082,0,0,0,1,1,0,1,1,1,1
4350096,0,0,0,0,0,0,0,1,1,0
4350109,0,1,0,0,1,0,0,1,1,1
4350123,0,0,0,0,0,0,0,1,1,0
4350137,0,0,0,1,1,0,0,1,1,0
4350151,0,1,0,0,0,0,1,1,1,1
4350164,0,0,0,0,1,0,0,1,1,1
4350178,0,1,0,0,0,0,0,1,0,0
4350192,0,0,0,0,0,0,1,1,1,1
4350206,0,0,0,0,0,0,0,1,1,1
4360007,0,0,0,0,0,0,0,1,1,1
4360013,0,0,0,0,0,0,0,1,1,1
4360027,0,0,0,1,0,0,1,1,1,1
4360033,0,1,0,1,0,0,0,1,1,1
4360040,0,0,0,1,0,0,1,1,1,1
4360047,0,1,0,0,0,0,0,1,1,1
4360053,0,1,0,1,0,0,0,1,1,1
4360060,0,1,0,0,0,0,0,1,1,0
4360067,0,0,0,0,0,0,1,1,1,1
4360073,0,1,0,0,0,0,1,1,1,0
4360080,0,1,0,0,0,0,0,1,1,1
4360087,0,0,0,0,0,0,0,1,1,1
4360093,0,0,0,1,0,0,0,1,1,1
4360100,0,1,0,0,0,0,0,1,1,1
4370005,0,0,0,0,0,0,0,1,1,1
4370017,0,0,0,0,0,0,0,1,1,1
4370030,0,0,0,1,0,0,0,1,1,1
4370042,0,0,0,0,0,0,0,1,1,1
4370054,0,0,0,0,0,0,0,1,1,1
4370066,0,1,0,0,0,0,0,1,1,0
4370078,0,1,0,1,1,0,0,1,1,1
4370090,0,0,0,0,0,0,1,1,1,0
4370102,0,0,0,0,0,0,1,1,1,1
4370114,1,1,0,0,0,0,0,1,1,0
4370126,0,0,0,0,0,0,0,1,1,1
4370138,0,0,0,0,0,0,0,1,1,1
4370150,0,1,0,0,0,0,0,1,1,1
4370174,0,0,0,1,0,0,0,1,1,1
4380002,0,1,0,1,0,0,1,1,1,1
4380004,0,1,0,1,1,0,0,1,1,1
4380006,0,1,0,0,0,0,1,1,1,0
4380008,0,1,0,0,0,0,1,1,1,1
4380010,0,0,0,1,0,0,1,1,0,1
4380012,0,1,0,0,0,0,0,1,1,1
4380014,0,0,0,0,0,0,1,1,1,1
4380016,0,0,0,0,0,0,0,1,1,0
4390009,0,0,0,1,0,0,1,1,1,1
4390020,0,0,0,1,0,0,1,1,1,1
4390031,0,1,0,1,0,0,0,1,1,1
4390042,0,0,0,0,0,0,0,1,1,1
4390053,0,0,0,0,0,0,0,1,1,0
4390065,0,0,0,0,0,0,0,1,1,1
4390076,0,0,0,1,0,0,0,1,1,1
4390087,0,0,0,0,0,0,0,1,1,1
4390098,0,1,0,0,0,0,0,1,1,0
4390109,0,0,0,1,0,0,0,1,1,1
4390120,0,1,0,0,0,0,0,1,1,0
4390131,0,0,0,0,0,0,0,1,1,0
4390143,0,0,0,0,0,0,0,1,1,0
4390165,0,1,0,0,0,0,0,1,1,0
4400009,0,0,0,1,0,0,1,1,1,1
4400021,0,0,0,1,0,0,1,1,1,1
4400034,0,1,0,0,0,0,0,1,1,0
4400046,0,0,0,0,0,0,0,1,1,1
4400059,0,1,0,0,0,0,0,1,1,0
4400071,0,0,0,0,0,1,0,1,1,1
4400084,0,0,0,1,0,0,0,0,1,1
4400096,0,0,0,1,0,0,0,1,0,1
4400109,0,0,0,0,1,0,0,1,1,1
4400121,0,0,0,1,0,0,1,1,1,1
4400134,0,1,0,1,0,0,0,1,1,0
4400147,0,0,0,1,0,0,1,1,1,0
4400159,0,0,0,0,0,0,0,1,1,1
4400172,0,0,0,0,0,0,0,1,1,1
4400184,0,0,0,0,0,0,0,1,1,1
4410002,0,0,0,1,0,0,0,1,1,1
4410004,0,0,0,0,0,0,0,1,1,0
4410006,0,1,0,1,0,0,0,1,1,0
4410010,0,0,0,0,0,1,0,1,1,1
4420009,0,0,0,0,0,1,0,1,1,1
4420014,0,0,0,0,0,1,0,1,1,1
4420019,0,1,0,1,0,1,0,1,1,1
4420025,0,1,0,0,0,1,0,0,1,1
4420030,0,0,0,0,0,1,0,1,1,1
4420035,0,0,0,0,0,1,0,1,1,1
4420040,0,0,0,0,0,1,0,1,1,0
4420045,0,0,0,0,0,0,1,1,1,1
4420050,0,0,0,0,0,0,1,1,1,0
4420055,0,0,0,0,0,0,0,1,1,0
4420060,0,0,0,0,0,1,1,1,1,1
4420066,0,0,0,0,0,0,0,0,1,0
4420071,0,0,0,1,0,0,0,1,1,0
4420076,0,1,0,0,0,0,1,1,1,0
4430001,0,0,0,0,0,0,0,1,1,1
4430004,0,0,0,1,0,0,1,1,1,1
4430006,0,0,0,0,0,0,0,1,1,0
4430009,0,1,0,0,0,0,0,1,1,1
4430011,0,1,0,0,0,0,1,1,1,0
4430013,0,0,0,0,0,0,1,1,1,1
4430016,0,0,0,1,0,0,1,1,1,1
4430018,0,0,0,0,0,0,1,1,1,1
4430021,0,0,0,0,0,0,0,1,1,0
4430023,0,0,0,0,0,0,0,1,1,1
4430025,0,0,0,0,0,0,0,1,1,0
4430028,0,0,0,0,0,0,1,1,1,1
4430030,0,0,0,0,0,0,0,1,1,1
4430033,0,0,0,0,0,0,0,1,1,1
4430035,0,0,0,0,0,0,0,1,1,0
4440005,,0,0,1,0,0,1,1,1,1
4440016,0,1,0,0,0,0,1,0,1,0
4440026,0,0,0,0,0,1,0,1,1,1
4440037,0,0,0,0,0,0,0,0,1,1
4440047,0,1,0,0,0,0,0,1,1,1
4440057,0,1,0,0,0,0,0,1,1,1
4440068,0,1,0,0,0,0,0,1,1,0
4440078,0,0,0,0,0,0,1,1,1,1
4440089,0,0,0,0,0,1,0,1,1,1
4440099,0,1,0,0,0,0,0,1,1,1
4440120,0,0,0,0,0,0,0,0,1,0
4440130,0,1,0,0,0,0,0,1,1,0
4440141,0,0,0,0,0,0,0,1,0,0
4450003,0,0,0,0,0,0,0,1,1,1
4450013,0,1,0,0,0,0,1,1,1,1
4450022,0,0,0,0,0,0,0,1,1,1
4450032,0,0,0,0,0,0,0,1,1,1
4450041,0,1,0,0,0,0,0,1,1,1
4450050,0,0,0,0,0,0,0,1,1,1
4450060,0,1,0,0,0,0,1,1,1,1
4450069,0,1,0,0,0,0,0,1,1,0
4450079,0,1,0,1,0,0,0,1,1,1
4450088,0,1,0,0,0,0,1,1,1,1
4450097,0,0,0,1,0,0,1,1,1,1
4450107,0,0,0,0,0,0,0,1,1,1
4450116,1,0,0,0,0,0,1,1,1,1
4450126,0,0,0,0,0,0,1,1,1,0
4450135,0,0,0,0,0,0,0,1,1,0
4460005,0,0,0,0,0,0,1,1,1,0
4460012,0,0,0,0,0,1,0,1,1,0
4460018,0,0,0,0,1,1,0,1,1,1
4460024,0,1,0,0,0,0,0,1,1,1
4460030,0,1,0,1,0,0,0,1,1,1
4460036,0,0,0,0,0,0,0,1,1,1
4460042,0,1,0,0,0,0,0,1,1,1
4460048,0,1,0,0,0,1,0,1,1,0
4460054,0,1,0,0,0,0,0,1,1,0
4460060,1,0,0,0,0,0,0,1,1,1
4460066,0,1,0,1,1,0,0,1,1,1
4460078,0,1,0,1,0,0,0,1,1,1
4460084,0,0,0,0,1,0,0,1,1,1
4460090,0,1,0,1,1,1,1,1,1,1
4470005,1,1,0,0,0,0,1,1,1,1
4470012,0,0,0,0,0,0,0,1,1,1
4470018,0,1,0,0,0,0,0,1,1,1
4470024,0,1,0,1,0,0,1,1,1,0
4470030,0,1,0,0,0,1,0,1,1,1
4470036,0,1,0,0,0,0,0,1,1,0
4470042,0,0,0,1,1,0,1,1,1,0
4470048,0,1,0,0,1,1,1,1,1,1
4470055,0,0,0,0,0,1,0,1,1,1
4470067,0,0,0,0,0,0,0,1,1,1
4470073,0,1,0,1,0,1,0,1,1,1
4470079,0,0,0,1,0,0,1,1,1,1
4470085,0,0,0,1,1,0,1,1,1,1
4470091,0,0,1,0,0,0,1,1,1,1
4480003,0,0,0,0,0,0,0,1,1,0
4480006,0,0,0,1,0,0,1,1,1,1
4480009,0,0,0,1,0,0,0,1,1,1
4480013,0,0,0,1,0,0,0,1,1,1
4480016,0,1,0,0,0,0,1,1,1,1
4480019,0,0,0,0,0,0,0,0,1,0
4480022,0,0,0,0,0,0,0,1,1,0
4480025,0,0,0,0,0,0,0,1,1,0
4480032,0,0,0,0,0,0,0,1,1,0
4480035,0,0,0,0,0,0,1,1,1,1
4480038,0,0,0,0,0,0,0,1,1,1
4480041,0,0,0,0,0,0,0,1,1,0
4480045,0,0,0,1,0,0,0,1,1,0
4480048,0,1,0,0,0,0,0,1,1,1
4490001,0,1,0,0,0,0,0,1,0,0
4490014,1,0,0,1,0,0,1,1,1,0
4490038,0,0,0,0,0,0,0,1,1,0
4490050,0,0,0,0,0,0,0,1,1,0
4490063,0,0,0,1,0,0,1,1,1,0
4490075,0,0,0,0,0,0,1,0,1,0
4490087,0,1,0,0,0,0,0,0,1,0
4490100,0,1,0,1,1,0,0,0,1,1
4490112,0,1,0,0,0,0,1,0,0,0
4490124,0,1,0,0,0,0,0,0,0,0
4490136,0,0,0,0,0,0,1,0,1,0
4490149,0,1,0,0,0,0,0,0,1,1
4490161,0,1,0,0,0,0,1,0,1,0
4490173,0,0,0,1,0,0,0,0,1,0
4490501,0,0,0,0,0,0,1,0,1,0
4500009,0,1,0,0,0,0,0,0,0,0
4500023,0,0,0,0,0,0,0,1,1,0
4500038,0,0,0,0,0,0,1,0,0,0
4500052,0,0,0,0,0,0,0,0,0,0
4500067,0,0,0,1,0,0,0,0,0,0
4500081,0,0,0,0,0,0,0,0,0,0
4500096,0,0,0,0,0,0,0,0,0,0
4500110,,,0,0,0,0,0,0,0,0
4500125,0,0,0,0,0,0,0,0,0,0
4500139,0,0,0,0,0,0,0,0,1,0
4500154,0,1,0,0,0,0,0,0,1,0
4500169,1,0,0,0,0,0,0,0,0,0
4500183,0,1,0,0,0,0,0,1,0,0
4500198,0,0,0,0,0,0,0,0,0,0
4500212,0,0,0,0,0,0,1,0,1,1
4510015,0,0,0,1,0,0,0,0,1,1
4510030,0,0,0,0,0,0,1,1,0,0
4510046,0,0,0,0,0,0,1,1,1,0
4510061,0,0,0,0,0,0,1,0,1,1
4510077,0,1,0,0,0,0,0,1,1,0
4510092,0,0,0,0,0,0,0,0,0,0
4510108,0,0,0,0,0,0,1,1,1,0
4510123,0,0,0,0,0,0,1,1,1,0
4510154,0,0,0,0,0,0,0,0,1,0
4510169,0,1,0,1,0,0,1,1,1,1
4510184,0,1,0,1,0,0,0,1,0,1
4510200,0,1,0,1,0,0,0,1,1,0
4510231,0,0,0,0,0,0,0,1,1,0
4520004,0,0,0,0,0,0,0,1,1,0
4520016,0,0,0,0,0,0,0,1,1,0
4520028,0,0,0,1,0,0,0,1,1,0
4520039,0,0,0,0,0,0,0,1,1,0
4520051,0,0,0,0,0,0,1,1,1,1
4520062,0,1,0,0,0,0,0,1,1,0
4520074,0,1,0,0,0,0,0,0,1,0
4520086,0,0,0,0,0,0,0,0,0,0
4520097,0,0,0,1,0,0,0,0,1,1
4520109,0,1,0,0,0,0,0,1,1,0
4520120,0,0,0,0,0,0,0,1,1,0
4520132,0,0,0,0,0,0,0,1,1,1
4520144,0,0,0,1,0,0,0,1,1,1
4520155,0,0,0,0,0,0,0,1,1,0
4520167,0,0,0,0,0,0,0,0,0,1
4530006,0,0,0,1,0,0,0,1,1,1
4530023,0,0,0,0,0,0,0,1,1,0
4530039,0,1,0,0,0,0,1,1,1,0
4530055,1,0,0,0,0,0,1,1,1,0
4530071,0,0,0,1,0,0,1,1,1,0
4530087,0,1,0,0,0,0,0,0,1,0
4530104,0,1,0,1,0,0,0,1,1,1
4530120,0,1,0,0,0,0,0,0,1,1
4530136,0,1,0,1,0,0,0,1,1,0
4530152,0,0,0,1,1,0,0,1,1,0
4530168,0,0,0,1,0,0,0,0,0,0
4530185,0,0,0,0,0,0,1,1,0,0
4530201,0,0,0,0,0,0,0,0,1,0
4530217,0,1,0,0,0,0,0,0,0,0
4530233,0,0,0,0,0,0,1,0,1,0
4540009,0,1,0,0,0,0,0,0,1,0
4540020,0,0,0,1,0,0,1,0,1,0
4540031,0,1,0,0,0,0,0,0,1,0
4540042,0,0,0,0,0,0,0,0,0,0
4540053,0,0,0,0,0,0,1,1,0,0
4540064,0,0,0,0,0,0,1,1,1,0
4540074,0,1,0,1,0,0,1,1,1,0
4540085,0,0,0,0,0,0,0,1,1,0
4540096,0,0,0,0,0,0,0,1,1,0
4540107,0,1,0,1,0,0,0,1,1,0
4540118,0,1,0,0,0,0,1,1,1,0
4540129,0,0,0,1,0,0,0,1,1,0
4540140,0,1,0,1,0,0,0,1,1,0
4540151,0,0,0,1,0,0,0,1,1,1
4540162,0,1,0,1,0,0,1,1,1,0
4550008,0,1,0,0,0,0,1,1,0,0
4550019,0,1,0,0,0,0,1,1,1,0
4550030,0,0,0,0,0,0,1,1,1,0
4550040,0,0,0,0,0,0,1,1,1,0
4550051,0,1,0,0,0,0,1,1,0,0
4550062,1,0,0,0,0,0,1,1,0,0
4550073,0,0,0,0,0,0,0,1,0,1
4550084,0,0,0,1,0,0,1,1,1,1
4550095,0,1,0,0,0,0,1,1,1,0
4550106,0,0,0,0,0,0,1,0,0,0
4550117,0,0,0,1,0,0,1,1,0,0
4550127,0,0,0,0,0,0,1,1,1,0
4550138,0,1,0,1,0,0,1,0,0,0
4550149,0,0,0,0,0,0,1,1,0,0
4560003,0,1,0,0,0,0,0,1,1,0
4560038,0,0,0,1,0,0,1,0,0,0
4560056,0,1,0,0,0,0,0,1,1,0
4560073,0,1,0,0,0,0,1,1,0,0
4560091,0,0,0,0,0,0,1,1,0,0
4560108,0,0,0,1,0,0,1,1,1,1
4560126,0,1,0,1,0,0,1,0,0,0
4560143,0,0,0,0,0,0,0,1,0,0
4560161,0,0,0,1,0,0,1,1,0,0
4560178,0,1,0,0,0,0,0,1,1,0
4560196,1,1,0,0,0,0,0,0,0,0
4560213,0,1,0,0,0,0,1,1,0,0
4560230,0,0,0,1,0,0,0,1,1,0
4560248,0,1,0,0,0,0,0,1,1,0
4570001,0,0,0,0,0,0,0,0,0,0
4570015,0,0,0,0,0,0,0,0,0,0
4570029,0,0,0,0,0,0,0,0,0,0
4570043,0,0,0,0,0,0,0,0,0,0
4570056,0,0,0,0,0,0,0,0,0,0
4570070,0,0,0,0,0,0,1,0,0,0
4570084,0,0,0,0,0,0,0,0,0,0
4570098,0,0,0,0,0,0,0,0,0,0
4570111,0,1,0,0,0,0,0,0,0,0
4570125,0,0,0,0,0,0,0,0,0,0
4570139,0,0,0,0,0,0,1,0,0,1
4570152,,0,0,0,0,0,1,0,0,0
4570166,0,,0,0,0,0,0,0,0,0
4570180,0,0,0,0,0,0,1,0,0,0
4570194,,,0,0,0,0,1,0,0,0
4580015,0,0,0,0,0,0,1,1,0,0
4580029,0,0,0,0,0,0,1,1,0,0
4580044,0,1,0,0,0,0,0,1,1,0
4580059,0,0,0,0,0,0,0,1,1,0
4580073,0,1,0,0,0,0,0,1,1,0
4580088,0,0,0,1,0,0,0,1,1,0
4580103,0,0,0,0,0,0,0,1,1,0
4580117,0,0,0,0,0,0,0,0,0,0
4580132,0,0,0,0,0,0,0,1,0,0
4580147,0,0,0,1,0,0,0,1,1,0
4580161,0,1,0,1,0,0,0,1,0,0
4580176,0,0,0,0,0,0,1,1,1,0
4580191,0,0,0,1,0,0,0,1,1,1
4580205,0,0,0,0,0,0,1,1,1,0
4580220,0,1,0,0,0,0,0,1,1,0
4590015,0,1,0,0,0,0,1,1,1,1
4590031,0,0,0,0,0,0,1,0,0,0
4590046,0,0,0,1,0,0,1,1,1,0
4590062,0,1,0,0,0,0,1,1,1,0
4590077,0,0,0,0,0,0,0,1,1,0
4590092,0,1,0,0,0,0,1,1,1,0
4590108,0,0,0,0,0,0,1,1,1,0
4590123,0,1,0,0,0,0,0,1,1,1
4590139,0,0,0,1,0,0,0,1,0,0
4590154,0,0,0,0,0,0,0,1,1,0
4590170,0,0,0,0,0,0,0,1,1,0
4590201,0,0,0,1,0,0,1,1,1,1
4590216,0,0,0,1,0,0,0,1,1,1
4590232,0,0,0,0,0,0,0,1,1,0
4600004,0,0,0,0,0,0,0,1,1,0
4600015,1,1,0,0,0,0,1,1,1,0
4600025,0,0,0,1,0,0,1,1,1,0
4600035,0,0,0,0,0,0,1,1,0,0
4600046,0,1,0,0,0,0,1,1,0,0
4600056,0,0,0,0,0,0,0,1,0,0
4600066,0,1,0,0,0,0,1,1,0,0
4600077,0,0,0,0,0,0,0,1,1,0
4600087,0,1,0,0,0,0,1,1,1,0
4600097,0,1,0,0,0,0,1,1,1,0
4600108,0,0,0,0,0,0,1,1,1,0
4600118,0,0,0,0,0,0,1,1,1,0
4600128,0,1,0,0,0,0,1,1,0,0
4600139,0,0,0,0,0,0,1,1,1,0
4600149,0,1,0,0,0,0,1,1,1,0
4610004,0,0,0,1,0,0,0,1,1,0
4610016,1,0,0,0,0,0,1,1,0,0
4610029,0,0,0,0,0,0,0,1,0,0
4610041,0,0,0,0,0,0,1,1,1,0
4610053,0,0,0,0,0,0,1,1,0,0
4610065,0,1,0,0,0,0,1,1,1,0
4610077,0,0,0,0,0,0,1,1,1,0
4610089,0,0,0,0,0,0,1,1,0,0
4610101,0,0,0,0,0,0,1,1,0,0
4610113,0,0,0,0,0,0,0,1,1,0
4610125,0,0,0,0,0,0,1,1,1,0
4610137,0,0,0,1,0,0,1,1,0,0
4610149,0,0,0,0,0,0,1,1,1,0
4610161,0,1,0,0,0,0,1,1,1,0
4610173,0,0,0,0,0,0,1,1,1,0
4620010,0,1,0,1,0,0,1,1,0,0
4620023,0,0,0,0,0,0,1,1,0,0
4620037,0,0,0,0,0,0,1,1,0,0
4620050,0,0,0,1,0,0,1,1,0,0
4620063,0,0,0,0,0,0,0,1,0,0
4620077,0,0,0,0,0,0,0,1,0,1
4620090,0,1,0,0,0,0,0,0,0,0
4620103,0,1,0,0,0,0,1,1,1,0
4620117,0,0,0,1,0,0,0,1,0,0
4620130,0,0,0,1,0,0,1,1,0,0
4620143,0,0,0,0,0,0,1,1,1,0
4620157,0,1,0,0,0,0,0,0,0,0
4620170,0,1,0,1,0,0,1,1,0,1
4620183,0,0,0,0,0,0,1,1,0,0
4620197,0,0,0,0,0,0,0,1,0,0
4630001,0,1,0,1,0,0,0,1,1,1
4630004,0,0,0,0,0,0,0,1,0,0
4630006,0,1,0,1,0,0,1,1,0,0
4630008,0,0,0,0,0,0,1,1,0,0
4630010,0,1,0,0,0,0,1,0,1,0
4630012,0,0,0,0,0,0,1,1,1,0
4630014,0,1,0,0,0,0,1,1,1,0
4630016,0,0,0,0,0,0,1,1,0,0
4630018,0,0,0,0,0,0,0,1,0,0
4630021,0,0,0,0,0,0,1,1,1,1
4630023,0,0,0,0,0,0,1,1,1,0
4630025,0,1,0,0,0,0,0,0,0,0
4630027,0,1,0,0,0,0,1,1,1,0
4630029,0,0,0,0,0,0,1,1,1,0
4630031,0,0,0,0,0,0,1,1,0,0
4640002,1,1,0,0,0,0,0,0,0,0
4640014,0,0,0,0,0,0,0,1,1,0
4640025,0,0,0,0,0,0,1,0,0,0
4640037,0,0,0,0,0,0,0,0,0,0
4640048,0,1,0,1,0,0,0,1,0,0
4640059,0,0,0,0,0,0,1,1,1,0
4640071,0,1,0,0,0,0,1,0,0,0
4640082,0,0,0,1,0,0,0,0,0,0
4640094,0,0,0,1,0,0,1,0,0,1
4640105,0,1,0,0,0,0,0,0,0,0
4640116,0,0,0,0,0,0,0,0,0,0
4640128,0,0,0,1,0,0,1,1,0,0
4640139,0,1,0,0,0,0,1,1,0,0
4640151,0,0,0,0,0,0,1,1,1,0
4640162,0,0,0,0,0,0,0,0,0,0
4650008,0,1,0,1,0,0,0,1,1,0
4650022,0,0,0,0,0,0,0,0,1,0
4650036,0,1,0,0,0,0,0,1,1,0
4650050,0,0,1,1,0,0,0,1,1,0
4650064,0,0,0,1,0,0,0,0,0,0
4650078,0,0,0,0,0,0,0,1,1,0
4650092,0,0,0,0,0,0,1,1,1,0
4650106,0,0,0,1,0,0,1,1,1,1
4650120,0,0,0,0,0,0,1,1,1,0
4650134,0,0,0,0,0,0,0,1,1,0
4650148,0,0,0,1,0,0,0,0,0,0
4650162,0,0,0,1,0,0,0,1,1,0
4650176,0,0,0,0,0,0,0,1,0,0
4650190,0,0,0,1,0,0,1,1,1,0
4650203,0,1,0,0,0,0,0,1,1,0
4660013,0,0,0,0,0,0,0,0,1,0
4660025,0,0,0,0,0,0,0,0,0,0
4660037,0,0,0,0,0,0,1,1,1,1
4660049,0,0,0,0,0,0,0,0,1,0
4660062,0,0,0,0,0,0,0,0,0,0
4660074,0,0,0,0,0,0,0,0,0,0
4660086,0,1,0,0,0,0,0,0,0,1
4660098,0,1,0,0,0,0,0,0,0,0
4660111,0,1,0,0,0,0,1,0,1,0
4660123,0,1,0,0,0,0,0,0,0,0
4660135,0,0,0,0,0,0,0,0,0,0
4660147,0,0,0,0,0,0,1,1,1,0
4660160,0,0,0,1,0,0,1,1,1,1
4660172,0,1,0,0,0,0,0,1,0,0
4660184,0,0,0,0,0,0,0,1,0,0
4670006,0,0,0,0,0,0,0,1,0,0
4670019,0,0,0,0,0,0,0,0,1,0
4670031,0,0,0,0,0,0,0,0,0,0
4670043,0,0,0,0,0,0,0,0,0,0
4670055,0,1,0,0,0,0,0,0,0,0
4670067,0,0,0,0,0,0,0,0,1,0
4670080,0,0,0,0,0,0,1,0,0,0
4670092,0,0,0,0,0,0,1,1,0,0
4670104,0,0,0,0,0,0,0,1,1,0
4670116,0,1,0,0,0,0,0,0,1,0
4670128,0,1,0,0,0,0,0,0,1,0
4670141,0,0,0,0,0,0,0,0,0,0
4670153,0,0,0,0,0,0,0,0,0,1
4670165,0,0,0,0,0,0,0,0,0,0
4670177,0,0,0,0,0,0,0,0,0,0
4680007,0,0,0,1,0,0,1,1,1,1
4680026,0,0,0,1,0,0,1,1,1,0
4680045,0,1,0,0,0,0,0,0,1,0
4680063,0,0,0,0,0,0,0,0,1,0
4680082,0,1,0,0,0,0,0,0,1,0
4680100,0,0,0,0,0,0,0,1,1,1
4680119,0,0,0,0,0,0,0,1,1,0
4680138,0,0,0,0,0,0,0,0,0,0
4680156,0,0,0,0,0,0,0,0,0,0
4680175,0,1,0,0,0,0,0,0,0,0
4680193,0,0,0,0,0,0,1,1,0,1
4680212,0,0,0,0,0,0,0,1,1,0
4680249,0,1,0,0,0,0,0,1,1,1
4680268,0,0,0,0,0,0,0,0,0,0
4690018,0,1,0,0,0,0,0,0,0,0
4690040,0,1,0,0,0,0,0,0,0,0
4690063,0,0,0,0,0,0,0,0,0,0
4690085,0,0,0,0,0,0,0,0,0,0
4690107,0,0,0,0,0,0,0,0,1,0
4690129,0,0,0,0,0,0,0,1,1,0
4690151,0,0,0,0,0,0,1,1,1,0
4690173,0,1,0,0,1,0,1,1,1,0
4690195,0,0,0,0,0,0,0,0,1,0
4690217,0,1,0,0,0,0,0,0,0,0
4690239,0,1,0,0,0,0,0,0,1,0
4690261,0,0,0,0,0,0,0,0,0,0
4690283,0,0,0,0,0,0,0,1,1,1
4690305,0,1,0,0,0,0,0,0,1,0
4690327,0,1,0,0,0,0,0,1,0,0
4700009,0,0,0,0,0,0,0,0,0,0
4700020,0,0,0,0,0,0,1,0,0,1
4700031,0,0,0,0,0,0,1,0,0,0
4700041,0,0,0,0,0,0,0,0,0,0
4700052,0,0,0,0,0,0,0,0,0,0
4700063,0,0,0,0,0,0,0,0,0,0
4700074,0,0,0,0,0,0,0,0,1,0
4700085,0,0,0,1,0,0,0,1,1,1
4700096,0,0,0,0,0,0,0,0,0,0
4700107,0,0,0,1,0,0,1,0,0,0
4700118,0,0,0,0,0,0,0,0,0,0
4700128,0,0,0,0,0,0,0,0,0,0
4700139,0,0,0,0,0,0,0,0,0,0
4700150,0,0,0,0,0,0,1,0,0,0
4700161,0,0,0,0,0,0,0,0,0,0
4710002,0,0,0,0,0,0,1,1,1,0
4710013,0,0,0,1,0,0,0,1,1,0
4710023,0,0,0,0,0,0,1,1,1,0
4710033,0,1,0,0,0,0,1,1,1,0
4710044,0,0,0,0,0,0,1,1,1,0
4710054,0,0,0,0,0,0,0,1,1,0
4710064,0,1,0,0,0,0,1,1,1,0
4710075,0,0,0,0,0,0,0,1,1,0
4710085,0,1,0,0,0,0,0,1,1,0
4710095,0,0,0,0,0,0,0,1,1,0
4710106,0,0,0,0,0,0,1,1,1,0
4710116,0,0,0,1,0,0,1,1,1,0
4710126,0,1,0,0,0,0,1,1,1,0
4710137,0,1,0,0,0,0,0,0,1,0
4710147,0,0,0,1,0,0,0,0,1,0
4720002,0,0,0,0,0,0,1,1,1,0
4720020,,,0,1,0,0,1,1,1,1
4720037,0,0,0,0,0,0,0,0,0,0
4720055,0,0,0,0,0,0,0,0,0,0
4720072,0,1,0,0,0,0,1,1,0,0
4720089,0,0,0,0,0,0,0,1,1,0
4720107,0,0,0,1,0,0,0,0,0,1
4720124,0,1,0,0,0,0,0,0,0,0
4720142,0,0,0,0,0,0,0,0,0,0
4720159,0,0,0,1,0,0,1,0,0,0
4720176,0,0,0,0,0,0,1,1,0,0
4720194,0,0,0,0,0,0,0,1,0,0
4720211,0,1,0,0,0,0,0,0,0,0
4720229,0,0,0,0,0,0,0,1,1,0
4720246,0,0,0,0,0,0,0,1,0,1
4730010,0,0,0,0,0,0,0,0,0,0
4730027,0,0,0,0,0,0,1,0,0,0
4730044,0,0,0,0,0,0,0,0,1,0
4730061,0,0,0,0,0,0,0,1,1,0
4730078,0,1,0,1,0,0,1,0,0,0
4730095,0,1,0,0,0,0,0,0,0,0
4730112,0,0,0,0,0,0,0,0,0,0
4730129,0,0,0,0,0,0,0,0,0,0
4730146,0,0,0,0,0,0,0,0,0,0
4730163,0,0,0,1,0,0,0,0,0,0
4730180,0,0,0,0,0,0,0,0,0,0
4730197,0,0,0,0,0,0,0,0,0,0
4730214,0,0,0,1,0,0,0,1,0,0
4730231,0,,0,0,0,0,1,0,0,0
4730248,0,0,0,0,0,0,0,0,0,0
4740007,0,1,0,0,0,0,0,0,1,0
4740013,0,0,0,0,0,0,1,1,1,0
4740020,0,0,0,1,0,0,0,0,0,0
4740027,0,1,0,0,0,0,0,0,0,0
4740033,0,1,0,0,0,0,0,1,1,0
4740040,0,1,0,0,0,0,0,1,1,0
4740046,0,1,0,0,0,0,0,1,1,0
4740053,0,0,0,0,0,0,0,1,1,0
4740059,0,0,0,0,0,0,1,1,1,0
4740066,0,0,0,0,0,0,0,1,1,0
4740073,0,0,0,0,0,0,1,1,0,0
4740079,0,1,0,0,0,0,0,1,1,0
4740086,0,1,0,0,0,0,0,1,1,0
4740092,0,0,0,0,0,0,1,1,1,0
4740099,0,1,0,0,0,0,1,1,1,0
4750007,0,0,0,0,0,0,0,1,1,0
4750025,0,0,0,0,0,0,1,1,1,0
4750043,0,1,0,0,0,0,1,1,1,1
4750078,0,1,0,0,0,0,0,1,1,0
4750095,0,1,0,0,0,0,1,1,1,0
4750113,0,0,0,1,0,0,0,1,1,0
4750131,0,0,0,0,0,0,1,0,1,0
4750148,0,0,0,0,0,0,0,1,1,1
4750166,0,0,0,1,0,0,0,1,1,0
4750183,0,1,0,0,0,0,0,0,1,0
4750201,0,0,0,1,0,0,1,1,1,1
4750219,0,0,0,1,0,0,1,1,1,0
4750236,0,0,0,0,0,0,1,0,0,0
4750254,0,0,0,0,0,0,0,0,0,0
4760004,0,0,0,0,0,0,1,1,1,0
4760015,0,1,0,0,0,0,0,1,1,0
4760025,0,0,0,0,0,0,1,1,1,0
4760035,0,0,0,0,0,0,0,0,1,0
4760045,0,1,0,0,0,0,0,0,1,0
4760055,0,0,0,0,0,0,1,1,1,0
4760066,0,1,0,0,0,0,1,1,1,1
4760076,0,1,0,0,0,0,0,0,0,0
4760086,0,1,0,0,0,0,1,1,0,0
4760096,0,0,0,0,0,0,0,0,0,0
4760106,0,1,0,0,0,0,0,0,0,0
4760117,0,0,0,0,0,0,0,1,1,0
4760127,0,0,0,0,0,0,0,1,0,0
4760137,0,0,0,0,0,0,1,1,1,0
4760147,0,0,0,0,0,0,0,1,1,1
