hh_id,d_cm,d_nutr,d_satt,d_educ,d_elct,d_wtr,d_sani,d_hsg,d_ckfl,d_asst
10001,0,1,0,0,0,1,0,1,1,1
10004,0,0,1,0,0,1,0,1,1,0
10007,0,0,1,0,0,1,0,1,1,1
10010,0,1,0,0,0,0,0,1,1,1
10015,0,0,0,0,0,1,0,1,1,0
10021,0,1,0,0,0,1,0,1,1,0
10024,0,1,0,0,0,1,0,1,1,1
10027,0,0,1,0,0,1,0,1,1,1
20001,0,0,0,0,0,0,0,1,1,0
20004,0,0,0,0,0,0,0,0,1,0
20010,0,0,0,0,0,0,0,1,1,0
20013,0,1,0,0,0,0,0,1,1,0
20015,0,0,0,0,0,0,0,1,1,1
20018,0,0,0,0,0,0,0,0,1,0
20021,0,1,1,0,0,0,0,0,1,0
20024,0,0,0,0,0,0,0,0,1,0
20027,0,0,0,0,0,0,0,0,1,0
30001,0,0,1,0,0,0,1,1,1,1
30004,0,1,1,1,0,0,1,1,1,1
30007,0,1,1,0,0,1,0,0,1,1
30010,0,,0,0,0,0,1,1,0,1
30013,0,0,0,0,0,0,0,0,1,0
30018,0,1,0,0,1,1,1,1,1,0
30021,0,1,0,1,0,1,0,1,1,1
30024,0,1,0,0,0,0,1,1,1,0
30027,0,1,1,0,0,0,0,1,1,1
40001,0,0,1,0,1,1,0,1,1,1
40004,1,1,1,1,0,1,0,1,1,1
40007,0,0,0,0,1,1,1,1,1,1
40010,0,0,1,0,1,0,1,1,1,1
40013,0,1,1,1,1,1,1,1,1,1
40015,0,1,0,1,1,1,1,1,1,1
40018,0,1,1,0,1,0,0,1,1,1
40021,0,0,0,1,1,1,0,1,1,1
40024,0,1,1,0,1,0,1,1,1,0
40027,0,1,1,1,1,1,1,1,1,1
50001,1,0,0,1,0,0,0,0,1,0
50004,0,0,1,0,0,0,0,1,1,0
50007,0,1,0,0,0,0,1,1,1,0
50010,0,0,1,1,0,0,0,0,1,0
50013,0,0,0,0,0,0,1,0,1,0
50015,0,0,1,0,0,0,1,0,1,0
50018,0,1,1,0,0,0,0,0,0,0
50021,1,1,0,1,0,1,0,1,1,1
50024,0,,1,0,0,0,0,1,1,0
50027,,0,1,0,0,0,0,1,1,0
60001,0,0,1,1,1,1,1,1,1,1
60004,0,1,1,1,0,1,1,1,1,1
60007,0,1,1,1,0,1,0,1,1,1
60010,0,1,1,1,0,1,0,1,1,1
60013,0,0,1,1,0,1,1,1,1,1
60015,0,0,0,0,1,1,1,1,1,1
60018,0,0,0,1,1,1,1,1,1,1
60021,0,0,0,1,1,1,1,1,1,1
60024,0,0,0,1,0,1,1,1,1,0
70001,0,0,0,0,0,0,0,1,0,0
70004,0,1,0,0,0,0,0,0,0,0
70007,0,0,0,0,0,0,0,0,0,0
70010,0,0,0,0,0,0,1,0,0,0
70013,0,0,0,1,0,0,0,0,1,1
70015,0,0,0,0,0,0,1,0,0,0
70018,0,1,1,0,0,0,0,1,0,0
70021,0,0,0,0,0,0,0,0,0,0
70027,0,1,0,0,0,0,0,0,0,0
80001,0,1,1,1,0,0,1,0,1,1
80004,0,1,0,0,0,0,0,1,1,0
80007,0,0,1,0,0,0,1,1,1,1
80010,0,1,0,0,0,0,0,0,0,0
80013,0,1,0,0,0,0,0,0,1,0
80015,0,1,0,0,0,0,1,1,1,0
80018,0,0,1,1,0,0,1,0,1,1
80024,0,,1,0,0,0,0,0,1,0
80027,0,0,1,0,0,1,0,1,1,1
90001,0,1,0,1,0,0,1,1,1,0
90004,0,0,0,0,0,0,0,1,1,0
90007,0,1,0,0,0,0,0,0,1,0
90010,0,0,0,0,0,0,0,0,1,0
90013,1,1,0,0,0,0,1,0,1,1
90015,0,0,0,1,0,0,0,0,1,1
90018,0,0,0,0,0,0,0,0,0,0
90021,0,1,0,0,0,0,0,0,1,0
90024,0,1,0,1,0,0,1,1,1,0
90027,0,,0,0,0,0,1,1,1,1
100001,0,0,0,1,0,0,0,1,0,1
100004,0,0,1,0,0,0,1,0,0,0
100007,0,1,0,0,0,0,1,0,0,1
100010,0,1,0,0,0,0,0,0,0,0
100013,0,0,0,0,0,0,0,0,0,0
100015,1,1,0,0,0,0,0,0,0,0
100018,0,0,0,0,0,0,0,0,0,0
100021,1,1,0,0,0,0,1,0,0,0
100024,0,0,1,0,0,0,1,0,0,0
100027,0,0,0,0,0,0,0,0,0,0
110001,0,0,0,0,0,0,0,0,0,0
110004,0,0,0,0,0,0,0,0,0,0
110007,0,0,0,0,0,0,1,1,1,1
110010,0,0,0,1,0,0,1,1,1,1
110013,0,0,0,0,0,0,0,0,0,0
110015,0,1,0,0,0,0,0,0,0,0
110018,0,1,1,0,0,0,0,1,1,0
110021,0,1,0,0,0,0,0,0,0,0
110024,0,1,0,0,0,0,0,0,1,0
120001,0,1,0,0,0,0,0,0,0,0
120004,0,0,0,0,0,0,0,0,1,0
120007,0,0,0,0,0,0,0,1,1,1
120010,0,1,0,0,0,0,0,1,1,1
120013,0,1,1,0,0,0,0,1,1,0
120015,0,1,0,0,0,0,0,0,1,0
120018,0,1,0,0,0,0,0,0,0,0
120021,0,0,0,1,0,0,0,1,1,1
120024,0,0,0,0,0,0,0,1,1,0
130001,0,0,0,0,1,1,1,1,1,0
130004,0,0,1,0,1,1,1,1,1,0
130007,0,0,0,0,0,0,0,0,1,0
130010,0,1,0,0,0,0,0,1,1,0
130013,0,1,1,1,0,0,0,1,1,0
130015,0,1,0,0,0,0,0,0,0,0
130018,0,1,1,0,0,0,0,0,1,0
130021,0,1,1,1,1,1,1,1,1,1
130024,0,0,1,0,0,0,0,0,1,0
130027,0,0,1,0,1,1,1,1,1,0
140001,0,0,1,0,0,1,0,0,1,0
140004,1,1,1,0,0,0,1,0,1,1
140007,0,1,1,0,0,1,0,0,1,1
140010,0,1,0,0,0,1,0,0,1,0
140013,1,0,0,0,0,1,0,0,0,0
140015,0,1,1,1,0,1,1,1,1,1
140018,0,1,0,1,0,1,0,0,1,0
140021,0,0,1,0,0,1,1,0,1,1
140024,0,0,0,0,0,1,0,0,1,1
140027,0,1,0,0,0,0,0,0,1,0
150001,0,0,0,0,0,0,0,0,1,0
150007,0,,0,0,0,0,0,1,1,0
150010,0,0,1,1,0,0,0,1,1,1
150013,0,0,1,1,0,0,0,1,0,0
150015,0,1,0,0,0,0,0,1,0,0
150021,0,0,0,1,1,0,1,1,1,0
150024,0,0,0,0,0,0,0,1,1,0
150027,0,0,1,1,0,0,1,1,1,0
160001,0,0,0,0,0,0,0,1,1,0
160004,0,1,0,0,0,0,0,1,1,0
160007,0,1,0,0,0,0,0,0,1,0
160010,0,0,0,0,0,0,1,1,1,1
160013,0,1,0,0,0,0,0,1,1,0
160015,0,,1,1,0,0,1,1,1,0
160018,0,0,0,0,0,0,1,1,1,0
160021,0,0,0,0,0,0,0,1,1,0
160024,0,0,0,0,0,0,1,0,1,1
160027,0,1,0,0,0,0,1,1,1,0
170001,0,0,0,0,0,0,0,0,0,0
170004,0,1,0,0,0,0,0,0,0,0
170007,0,0,0,0,0,0,0,0,0,0
170010,0,0,0,0,0,0,1,0,0,0
170013,0,0,0,0,0,0,0,0,0,0
170015,0,0,1,0,0,0,1,0,0,0
170024,0,,0,0,0,0,0,0,0,0
170027,0,0,0,0,0,0,0,0,0,0
220001,0,0,0,1,0,0,0,1,1,1
220004,0,0,0,0,0,1,0,1,1,0
220007,0,0,0,0,0,1,0,1,1,1
220010,0,0,1,1,0,0,0,1,1,0
220013,0,0,0,1,0,1,0,1,1,1
220015,0,0,0,0,0,0,0,1,1,1
220018,0,1,0,0,0,1,0,0,1,0
220027,0,0,1,0,0,0,0,1,1,1
230001,0,0,0,0,0,0,0,0,1,0
230004,0,,0,0,0,0,0,0,0,0
230007,0,0,0,0,0,0,0,0,1,0
230010,0,0,0,0,0,0,0,0,1,0
230013,0,,0,0,0,0,0,0,1,0
230015,0,1,0,0,0,0,0,0,1,0
230018,0,0,0,1,0,0,0,1,1,1
230021,0,1,0,0,0,0,1,0,1,1
230024,0,0,0,1,0,0,0,1,1,0
230027,0,1,0,1,0,0,0,1,1,1
240004,0,1,0,0,0,0,0,0,0,0
240007,0,0,1,0,0,0,0,1,1,0
240010,0,0,0,0,0,0,0,0,1,0
240013,0,0,0,0,0,0,0,0,0,0
240015,0,1,0,0,0,0,0,0,1,1
240018,0,0,0,0,0,0,0,0,0,0
240021,0,,1,0,0,0,0,1,1,0
240024,1,0,0,0,0,0,0,0,1,0
250001,0,1,1,0,0,0,0,0,1,0
250007,0,1,0,0,0,1,0,0,1,1
250010,1,0,0,1,0,0,0,1,1,1
250013,0,0,0,1,0,0,0,1,1,1
250015,0,1,1,0,0,0,0,0,1,1
250018,0,1,1,1,0,0,1,1,1,1
250021,0,1,0,0,0,0,0,1,1,1
250024,0,0,0,0,0,0,1,1,1,1
250027,0,1,1,0,0,1,0,1,1,1
260001,0,0,0,0,0,0,0,1,1,0
260004,0,0,0,0,0,0,1,1,1,0
260007,0,1,0,0,0,0,0,0,1,0
260010,0,,0,0,0,1,1,1,1,0
260018,0,0,0,0,0,0,0,1,1,0
260021,0,1,0,0,0,0,1,1,1,1
260024,0,0,0,1,0,0,0,1,1,0
260027,0,0,0,0,0,0,0,1,1,0
270001,1,1,0,1,0,0,0,1,1,1
270007,0,0,0,0,0,0,1,1,1,1
270010,0,0,1,0,0,0,0,1,1,1
270013,0,1,1,0,0,0,0,0,1,0
270015,0,0,0,0,0,0,0,1,1,1
270018,1,0,0,0,0,0,0,1,1,0
270024,0,1,0,0,0,0,0,1,1,1
270027,0,1,1,0,0,0,0,1,1,0
280001,0,0,0,0,0,0,0,0,0,0
280004,0,0,0,0,0,0,0,0,0,1
280007,0,0,0,0,0,0,0,0,0,0
280010,0,,0,0,0,0,0,0,0,0
280013,0,1,0,0,0,0,0,0,0,0
280015,0,0,0,1,0,0,0,0,0,0
280021,0,0,0,0,0,0,0,0,0,0
280024,0,0,0,0,0,0,0,1,0,0
280027,0,0,0,0,0,0,0,0,0,0
290004,0,,0,0,0,0,0,0,0,0
290007,0,0,0,0,0,0,0,0,0,0
290010,0,0,0,0,0,0,0,0,0,0
290013,0,0,0,0,0,0,0,0,0,0
290015,0,0,0,0,0,0,0,0,0,0
290018,0,0,0,0,0,0,0,0,0,0
290021,0,1,0,0,0,0,0,0,0,0
290024,0,0,0,0,0,0,0,0,0,0
290027,0,0,0,0,0,0,0,0,0,0
300001,0,1,0,0,0,0,0,0,0,0
300004,0,0,1,0,0,0,0,1,1,0
300007,1,1,0,0,0,0,0,0,0,0
300010,0,1,0,0,0,1,0,0,0,0
300015,0,0,0,0,0,0,0,0,0,0
300021,0,0,0,0,0,0,0,0,0,0
300024,0,0,0,0,0,0,0,0,0,0
300027,1,1,1,0,0,0,0,0,0,0
310001,0,1,0,0,0,1,0,1,1,0
310004,0,1,0,0,0,0,0,1,1,1
310007,0,0,0,1,0,0,0,1,1,0
310010,1,1,0,0,0,1,1,1,1,1
310013,0,0,0,0,0,1,0,0,0,0
310015,0,0,0,0,0,1,0,1,1,0
310018,0,0,0,0,0,1,0,1,1,0
310021,0,0,0,1,0,1,0,0,1,0
310024,0,1,0,1,0,1,0,0,1,1
310027,0,0,0,0,0,1,1,1,1,0
320001,0,0,0,0,0,0,0,0,0,0
320004,0,,0,0,0,0,0,0,0,0
320007,0,0,1,0,0,1,0,0,0,0
320010,0,0,0,0,0,0,0,0,0,0
320013,0,0,0,0,0,0,0,0,0,0
320015,0,0,0,0,0,0,1,0,0,0
320018,0,0,0,0,0,0,0,0,0,0
320021,0,0,0,0,0,0,0,0,0,0
320024,0,0,0,0,0,0,0,0,0,0
320027,0,0,1,0,0,0,0,1,0,0
330001,0,1,0,0,0,0,0,1,1,0
330004,0,1,1,1,1,0,1,1,1,1
330007,0,1,0,1,0,0,0,1,1,0
330010,0,0,0,0,0,0,0,1,1,1
330013,0,1,1,1,0,0,1,1,1,1
330015,0,0,0,1,1,0,0,1,1,1
330018,0,0,1,0,0,0,0,1,1,1
330021,0,1,1,0,0,0,0,1,1,1
330024,0,,1,0,0,1,0,1,1,1
330027,0,0,0,0,0,1,0,1,1,0
340001,0,0,1,1,0,1,0,1,0,1
340004,0,0,0,0,0,0,0,0,0,0
340007,0,0,1,0,0,0,0,0,0,0
340010,0,0,0,1,1,0,1,1,1,1
340013,0,0,0,0,0,0,1,1,0,0
340018,0,0,0,1,0,0,0,0,0,0
340024,0,1,0,0,0,0,0,1,0,1
350004,0,1,0,1,0,0,1,1,1,0
350007,0,0,0,1,0,0,1,1,1,1
350010,0,0,0,0,0,0,0,1,1,0
350013,0,0,0,0,0,0,1,1,1,1
350015,0,0,0,0,0,0,0,1,1,0
350018,0,0,0,1,0,0,1,1,1,0
350021,0,0,0,1,0,0,1,1,1,1
350024,0,0,0,0,0,0,1,0,1,0
350027,0,1,0,1,0,0,1,1,1,0
360001,1,1,0,1,1,0,0,1,1,0
360004,0,1,0,0,0,0,1,1,1,1
360007,0,0,0,0,0,0,0,1,1,1
360010,0,0,1,0,0,0,1,1,1,1
360013,0,1,1,0,0,1,1,1,1,0
360015,0,1,0,1,0,0,1,1,1,1
360018,0,0,0,0,0,0,0,1,1,0
360021,0,1,0,1,0,0,0,1,1,1
360024,0,0,1,0,0,0,1,1,1,0
360027,0,0,1,1,0,0,0,1,1,0
370001,0,0,0,0,0,0,0,0,0,0
370004,0,0,0,0,0,0,1,0,0,0
370007,0,1,0,0,0,0,0,1,0,0
370010,0,0,0,0,0,0,0,0,0,0
370013,0,0,0,0,0,0,0,0,0,0
370015,0,0,0,0,0,0,0,1,0,0
370018,1,0,1,0,0,0,0,0,0,0
370021,0,,0,0,0,0,0,1,0,0
380004,0,0,0,0,0,0,0,0,0,0
380007,0,1,0,0,0,0,1,0,0,0
380010,0,0,0,0,0,0,0,0,0,0
380013,0,0,0,0,0,0,0,0,0,0
380015,0,0,0,0,0,0,0,0,0,0
380018,0,0,0,0,0,0,1,0,1,0
380021,0,0,0,0,0,0,0,0,0,0
380027,0,,0,1,0,0,0,0,0,0
390001,0,0,0,0,0,0,1,0,1,0
390004,0,0,0,0,0,0,0,1,0,0
390010,0,0,0,0,0,0,0,0,0,0
390013,1,0,1,0,0,0,0,1,0,0
390015,0,0,0,0,0,0,1,1,0,0
390018,0,0,0,0,0,0,0,0,0,0
390021,0,,1,0,0,0,0,0,0,0
390024,0,0,0,1,0,0,0,0,0,0
390027,0,0,0,0,0,0,0,0,0,0
400001,0,1,0,1,0,0,1,1,1,0
400004,0,0,1,0,0,0,1,1,1,1
400007,0,0,0,0,0,0,1,1,1,0
400010,0,0,0,0,0,0,1,1,1,1
400013,0,0,0,0,0,0,0,1,1,0
400015,0,0,1,0,0,0,0,0,1,0
400018,0,0,0,0,0,0,0,1,1,0
400021,0,0,0,0,0,0,0,1,1,1
400024,0,1,0,1,0,0,1,1,1,1
400027,0,0,0,0,0,0,0,1,1,1
410001,0,1,0,0,0,0,0,0,1,0
410004,0,0,0,0,0,0,1,1,1,0
410007,0,0,0,0,0,0,0,0,1,0
410010,0,0,0,0,0,1,0,1,1,0
410013,0,1,0,0,0,0,0,1,1,0
410015,0,1,0,1,0,0,0,1,1,0
410018,0,1,1,0,0,0,0,0,1,0
410021,0,0,0,0,0,0,0,1,1,0
410024,0,0,0,0,0,0,0,1,1,0
420001,0,1,1,0,0,0,0,0,0,0
420004,0,0,0,0,0,0,1,0,0,0
420007,1,0,1,0,0,0,0,1,1,0
420010,0,1,1,0,0,0,0,1,1,0
420013,0,,0,0,0,0,0,0,0,0
420015,0,0,0,0,0,0,0,0,0,0
420018,0,0,0,0,0,0,0,1,0,0
420021,0,0,0,0,0,0,0,0,1,0
420024,0,0,0,0,0,0,1,1,0,1
420027,0,0,0,1,0,0,1,0,0,0
430001,0,0,0,0,0,0,0,0,0,0
430004,0,0,0,0,0,0,0,0,0,0
430010,0,0,0,1,0,1,0,0,0,0
430013,0,0,0,1,0,0,0,0,0,0
430015,0,0,0,0,0,0,0,0,0,0
430018,0,0,0,0,0,0,0,0,0,0
430021,0,0,0,0,0,0,0,0,1,0
430024,0,1,0,1,0,0,1,1,0,0
430027,0,0,0,0,0,0,0,0,0,0
440001,0,1,1,1,0,0,1,1,1,1
440004,0,1,1,1,0,0,0,1,1,1
440007,0,0,0,0,0,0,1,1,1,0
440010,,,0,1,0,0,0,1,1,0
440013,0,0,0,0,0,0,1,1,1,0
440015,,,1,1,0,0,0,0,1,0
440018,0,1,1,1,0,0,1,1,1,0
440021,0,0,1,1,1,0,0,1,1,0
440024,0,,0,1,1,0,0,1,1,0
440027,0,0,0,0,0,0,0,1,1,1
450001,0,1,1,0,0,0,0,0,1,0
450004,0,0,0,0,0,0,1,1,1,0
450007,0,0,0,1,0,0,0,0,1,0
450010,0,,0,0,0,0,1,1,1,0
450013,0,1,1,0,0,0,0,1,1,0
450015,0,,0,0,0,0,1,1,1,0
450018,0,1,0,0,0,1,1,1,1,0
450021,0,1,1,1,0,0,1,1,1,1
450024,0,0,1,0,0,0,1,1,1,0
450027,0,0,1,0,0,0,0,0,1,0
460001,0,0,0,0,0,0,0,0,0,0
460004,0,0,0,0,0,0,0,0,0,0
460007,1,0,0,0,0,0,0,0,0,0
460010,0,1,1,0,0,0,0,1,0,0
460013,0,1,0,1,0,0,1,0,0,0
460015,0,0,0,0,0,0,0,0,0,0
460018,0,0,1,1,0,0,1,1,1,1
460021,0,,1,0,0,0,0,1,0,0
460024,0,0,0,0,0,0,0,1,0,0
460027,0,0,0,0,0,0,0,0,0,0
470001,0,0,0,0,0,0,1,0,0,0
470004,0,0,0,0,0,0,1,1,0,0
470007,0,,0,0,0,0,0,0,0,0
470010,0,0,0,0,0,0,0,0,0,0
470013,0,0,1,0,0,0,0,1,0,0
470018,0,0,0,1,0,0,0,1,1,1
470021,0,0,0,0,0,0,0,0,0,0
470024,0,0,0,0,0,0,0,1,0,0
470027,0,1,0,0,0,0,0,0,0,0
480001,0,0,1,1,1,0,0,1,0,0
480004,0,0,1,0,0,0,0,1,0,0
480007,0,,1,0,0,0,1,1,0,1
480010,0,0,0,0,0,0,1,1,1,0
480015,0,0,0,0,0,0,1,1,0,0
480018,0,0,1,0,0,0,0,1,1,0
480021,0,1,0,0,0,0,0,1,0,0
480024,0,,1,0,0,1,0,1,0,0
480027,0,,1,1,0,0,0,1,0,0
490001,0,1,1,1,0,0,1,1,1,0
490004,0,0,0,0,0,0,0,0,0,0
490007,0,0,1,1,0,0,0,1,0,0
490010,0,1,0,1,0,0,0,1,0,1
490013,0,,1,1,0,0,0,0,0,0
490015,0,1,1,0,0,0,0,0,0,0
490018,0,0,1,0,0,0,0,1,0,0
490024,0,0,1,0,0,1,0,1,0,0
490027,0,0,0,0,0,0,0,1,0,0
500001,0,1,1,1,0,0,1,1,0,0
500004,0,0,1,1,0,0,1,1,1,0
500007,0,0,1,1,0,0,0,1,0,1
500010,0,0,0,0,0,0,0,0,0,0
500013,0,1,0,1,0,0,0,1,1,1
500015,0,1,1,1,0,0,0,1,1,0
500018,0,1,0,1,0,0,1,1,1,1
500021,0,0,0,1,0,0,1,1,1,0
500024,0,0,0,1,0,0,0,1,1,0
500027,0,0,0,1,0,0,1,0,1,1
510001,0,0,0,0,0,0,0,0,0,0
510004,0,0,1,0,0,0,0,0,0,0
510007,0,0,0,0,0,0,0,0,0,0
510010,0,0,1,0,0,0,0,0,0,0
510013,0,0,1,0,0,0,0,0,0,0
510015,0,0,0,0,0,0,0,0,0,0
510018,0,0,0,0,0,0,0,0,0,0
510021,0,0,0,0,0,0,0,0,0,0
510024,0,1,0,0,0,0,0,1,1,0
510027,0,0,0,0,0,0,0,0,0,0
520001,0,0,0,0,0,0,0,0,1,0
520004,0,1,0,0,0,0,0,0,0,0
520007,0,1,0,0,0,0,0,0,0,0
520010,1,1,1,0,0,0,0,0,0,0
520013,0,0,0,0,0,0,0,0,0,0
520015,0,0,0,0,0,0,0,0,0,0
520018,0,1,0,0,0,0,0,0,0,0
520021,0,1,0,0,0,0,0,1,0,0
520024,0,0,0,0,0,0,1,1,0,0
520027,0,0,0,0,0,0,0,0,0,0
530001,0,0,0,0,0,0,0,0,0,0
530004,0,0,0,0,0,0,0,0,0,0
530007,0,0,0,0,0,0,0,0,0,0
530010,0,0,0,0,0,0,0,0,0,0
530013,0,0,1,0,0,0,0,0,0,0
530015,0,1,0,0,0,0,0,0,0,0
530018,0,,0,0,0,0,0,0,0,0
530021,0,0,0,0,0,0,0,0,0,0
530024,0,0,0,0,0,0,0,0,0,0
530027,1,0,0,0,0,0,1,0,0,0
540001,0,0,0,0,0,0,0,0,0,0
540004,0,1,1,0,0,0,0,0,0,0
540007,0,0,1,1,0,0,1,0,0,0
540010,0,1,0,0,0,0,0,0,0,0
540013,0,0,0,0,0,0,0,0,0,0
540015,0,0,0,0,0,0,0,0,0,0
540018,0,0,0,0,0,0,0,0,0,0
540021,0,1,1,0,0,0,0,0,0,0
540024,0,1,0,0,0,0,0,0,0,0
540027,0,1,1,1,0,0,0,0,0,0
550001,0,1,0,0,0,0,0,0,0,0
550004,0,0,0,0,0,0,0,1,0,0
550007,0,0,0,0,0,0,0,0,0,0
550010,0,0,1,0,0,0,0,0,0,0
550013,0,0,0,0,0,0,0,0,0,0
550015,0,0,0,0,0,0,0,1,0,0
550018,0,0,0,0,0,0,0,0,0,0
550021,0,0,0,0,0,0,0,0,0,0
550024,0,0,0,0,0,0,0,0,0,0
550027,0,0,0,0,0,0,0,0,0,0
560001,0,1,0,1,0,0,1,0,0,0
560004,0,0,0,0,0,0,1,0,0,0
560007,0,0,1,0,0,0,1,0,0,0
560010,0,0,1,0,0,0,0,0,0,0
560013,0,0,1,1,0,0,0,1,0,0
560015,0,1,0,0,0,0,1,0,0,0
560018,0,1,0,1,0,0,0,0,0,0
560021,0,1,0,1,0,0,0,0,0,1
560024,0,1,1,1,0,0,0,1,1,0
560027,0,1,1,0,0,0,0,0,0,0
570001,0,0,0,1,0,0,1,1,0,0
570004,0,0,1,1,0,0,1,1,0,1
570007,0,0,0,1,0,0,1,1,1,0
570010,0,0,1,0,0,0,0,0,0,0
570013,0,0,0,0,0,0,1,0,0,0
570015,0,0,0,0,0,0,1,0,0,0
570018,0,1,0,1,0,0,1,1,1,0
570021,0,0,0,1,1,0,1,1,1,1
570024,0,1,1,1,0,0,1,1,1,0
570027,0,0,0,0,0,0,1,1,0,0
580001,0,0,0,0,0,0,1,0,0,0
580004,0,0,0,0,0,0,0,1,0,0
580007,0,0,0,0,0,0,0,0,0,0
580010,0,0,0,0,0,0,1,1,0,0
580013,0,0,0,0,0,0,1,0,0,0
580015,0,0,0,0,0,0,1,0,0,0
580018,0,1,1,0,0,0,1,0,0,0
580021,0,0,0,0,0,0,1,0,0,0
580024,0,0,0,0,0,0,1,0,0,0
580027,0,0,0,0,0,0,1,0,0,0
590001,1,1,0,0,0,0,0,0,0,0
590004,0,0,0,0,0,0,0,0,0,0
590007,0,0,0,1,0,0,0,0,0,0
590010,0,0,1,1,0,0,0,1,1,0
590013,0,0,0,0,0,0,0,0,0,0
590015,0,0,0,0,0,0,0,0,0,0
590018,0,0,0,0,0,0,0,0,0,0
590027,0,0,0,0,0,0,0,0,0,0
600001,0,0,0,1,0,0,0,0,0,1
600004,0,0,0,0,0,0,0,0,0,0
600007,0,0,0,0,0,0,0,0,0,0
600010,0,0,0,0,0,0,0,0,0,0
600013,0,0,0,0,0,0,0,0,0,0
600015,0,0,0,0,0,0,0,0,0,0
600024,0,0,0,0,0,0,0,0,0,0
600027,0,0,0,0,0,0,0,0,0,0
610001,0,0,0,0,0,0,0,0,0,0
610004,0,1,1,1,0,0,1,1,1,0
610007,0,0,1,0,0,0,1,1,0,0
610010,0,1,1,0,0,0,0,0,0,0
610013,0,1,0,0,0,0,0,0,0,0
610015,0,1,1,0,0,0,1,1,0,0
610018,0,1,0,0,0,0,0,1,1,0
610021,0,0,0,0,0,0,0,0,1,0
610024,0,0,1,0,0,0,0,1,1,0
610027,0,1,0,0,0,0,0,0,0,0
620001,0,0,1,0,0,0,0,1,1,0
620004,1,1,1,1,0,0,1,1,1,1
620007,0,0,0,1,0,0,0,1,1,0
620010,0,0,1,1,0,0,1,1,1,0
620013,0,0,0,1,0,0,0,1,0,0
620015,0,1,1,1,0,0,0,1,0,0
620018,0,0,1,1,1,0,0,1,1,1
620021,1,1,0,1,0,0,1,1,1,0
620024,0,1,0,0,0,0,0,1,0,0
620027,0,0,0,0,0,0,0,0,1,0
630001,0,0,0,0,0,0,0,0,0,1
630004,0,0,1,0,0,0,1,0,0,0
630007,0,0,0,0,0,0,0,0,0,0
630010,0,0,0,0,0,0,0,0,0,0
630013,0,1,0,0,0,0,0,0,0,0
630015,1,1,0,1,0,0,0,0,0,0
630021,0,,0,0,0,0,0,0,0,0
630024,0,0,0,0,0,0,0,0,0,0
630027,0,1,0,0,0,0,0,0,0,0
640001,0,0,0,0,0,0,0,0,0,0
640004,0,0,0,0,0,0,0,0,0,0
640007,0,0,0,0,0,0,0,0,0,0
640010,0,0,0,0,0,0,0,0,0,1
640013,0,0,0,0,0,0,0,0,0,0
640015,0,0,0,0,0,0,0,0,0,0
640018,0,1,0,0,0,0,0,0,0,0
640024,0,1,0,0,0,0,0,0,0,0
640027,0,1,0,0,0,0,0,0,0,0
650001,0,0,1,0,0,0,1,1,0,0
650004,0,0,0,0,0,0,0,0,0,0
650007,0,0,0,0,0,0,1,0,0,0
650010,0,0,1,1,0,0,0,0,1,0
650013,0,1,0,1,0,0,1,1,1,0
650015,0,1,0,1,0,0,1,0,1,1
650018,0,0,0,0,0,0,0,0,0,0
650021,1,0,1,1,0,0,0,1,0,0
650024,0,0,1,1,0,0,0,1,0,0
650027,0,0,1,1,0,0,0,1,0,1
660001,0,0,0,0,0,0,0,0,0,0
660004,0,1,0,0,0,0,0,0,0,0
660007,0,0,0,0,0,0,0,0,0,0
660010,0,,0,0,0,0,0,0,0,0
660013,0,0,0,0,0,0,0,0,0,0
660015,0,0,0,0,0,1,0,0,0,1
660018,0,0,0,0,0,0,0,0,0,0
660021,0,1,0,0,0,0,0,0,0,0
660024,0,0,1,0,0,0,0,0,0,0
660027,0,1,1,0,0,0,0,0,0,0
670001,0,1,0,0,0,0,0,0,0,0
670004,0,1,0,0,0,0,0,0,0,1
670007,0,0,1,0,0,0,0,0,0,0
670010,0,0,0,0,0,0,1,0,0,0
670013,0,0,0,0,0,0,0,0,0,0
670015,0,0,0,0,0,0,0,0,0,0
670018,0,0,0,0,0,0,0,0,0,0
670021,0,0,0,0,0,0,0,0,0,0
670024,0,0,0,0,0,0,0,0,0,0
670027,0,0,0,0,0,0,0,0,0,0
680001,0,0,1,0,0,0,0,0,0,0
680004,0,0,0,0,0,0,0,1,0,0
680007,0,1,0,0,0,0,0,1,0,0
680010,0,0,0,0,0,0,0,0,0,0
680013,0,0,0,0,0,0,0,0,0,0
680015,0,1,0,1,0,0,0,0,0,0
680018,0,1,0,0,0,0,0,0,0,0
680021,0,0,0,0,0,0,0,0,0,0
680024,0,1,0,0,0,0,0,0,0,0
680027,0,0,1,0,0,0,0,0,0,1
690001,0,0,0,0,0,1,1,1,1,1
690004,0,0,0,0,0,0,0,1,1,0
690007,0,1,1,1,0,1,1,1,1,0
690010,0,0,0,0,0,0,1,1,1,0
690013,1,1,1,1,0,0,0,1,1,0
690015,0,1,1,1,0,0,1,1,1,1
690018,0,1,1,1,0,0,1,1,1,0
690021,0,1,0,0,0,0,0,1,1,1
690024,0,1,1,1,0,1,0,1,1,0
690027,0,1,1,1,0,0,1,1,1,0
700001,0,1,0,0,0,0,0,0,0,0
700004,0,1,0,0,0,0,0,0,0,0
700007,0,1,0,0,0,0,0,0,0,0
700010,0,1,0,0,0,0,0,0,0,0
700013,0,0,0,0,0,0,1,1,1,0
700015,0,0,0,0,0,0,1,0,0,0
700018,0,0,0,0,0,0,0,0,0,0
700021,0,0,0,0,0,0,0,0,0,0
700024,0,0,0,0,0,0,0,0,0,0
700027,0,0,0,0,0,0,0,0,0,0
710001,0,0,0,0,0,0,0,0,0,0
710004,0,0,0,0,0,0,0,0,0,0
710007,0,0,0,0,0,0,0,0,0,0
710010,0,0,0,1,0,0,0,0,0,0
710013,0,0,0,0,0,0,0,0,0,0
710015,0,0,0,0,0,0,0,0,0,0
710021,0,,0,0,0,0,0,0,0,0
710024,0,0,0,0,0,0,0,0,0,0
710027,0,0,0,0,0,0,0,1,0,0
720001,0,0,1,1,0,0,0,1,1,0
720004,0,1,1,0,0,0,1,1,1,0
720007,0,0,0,0,0,0,0,0,0,0
720013,0,1,1,0,1,0,1,1,1,1
720015,0,,0,1,1,0,0,1,1,1
720018,0,0,0,0,0,0,1,1,1,0
720021,0,1,1,0,1,1,1,1,1,1
720024,0,0,0,1,0,0,1,1,1,0
720027,0,0,0,0,0,0,1,1,1,0
730001,0,0,0,1,0,0,0,0,0,0
730004,0,0,0,0,0,0,0,0,0,0
730007,0,0,0,0,0,0,0,1,0,0
730010,0,0,0,0,0,0,1,0,0,0
730013,0,1,0,0,0,0,0,1,1,0
730015,1,0,0,0,0,0,0,1,0,0
730018,0,0,0,0,0,0,0,1,0,0
730021,0,0,0,0,0,0,0,0,0,0
730024,0,0,0,0,0,0,0,1,1,1
730027,0,1,0,0,0,0,0,1,0,0
740001,1,0,0,0,0,0,0,0,0,0
740004,0,0,1,0,0,0,0,1,1,0
740007,0,1,1,0,0,0,0,0,1,0
740010,0,1,0,0,0,0,1,1,1,0
740013,0,0,1,1,0,0,0,1,1,0
740015,0,1,1,1,0,0,0,1,1,0
740018,0,1,1,0,0,0,0,1,1,0
740021,0,1,0,0,0,0,1,1,1,0
740024,0,0,1,1,0,0,1,1,1,0
740027,0,0,1,1,0,0,0,1,1,0
750001,0,1,0,0,0,0,1,0,0,0
750004,0,1,1,1,0,0,0,0,1,0
750007,0,1,0,0,0,0,0,0,0,0
750010,0,0,0,0,0,0,0,0,0,1
750013,0,0,1,0,0,0,0,0,0,0
750015,0,0,0,0,0,0,0,0,0,0
750018,0,,0,0,0,0,0,0,0,0
750021,0,1,0,1,0,0,1,0,0,1
750024,0,0,0,1,0,0,0,0,0,0
750027,0,0,0,0,0,0,0,0,0,0
760001,0,0,0,1,0,0,1,1,1,1
760004,0,0,0,1,0,0,1,1,1,1
760007,0,1,1,0,0,0,0,1,1,1
760010,0,0,1,0,0,0,0,1,1,0
760013,1,0,0,0,0,0,1,1,1,0
760015,0,0,1,0,0,0,1,1,1,1
760018,0,1,1,0,0,0,1,1,1,0
760021,0,1,1,1,1,1,1,1,1,1
760027,0,1,0,0,0,0,0,1,0,0
770001,0,0,1,0,0,0,0,1,0,0
770004,0,0,0,0,0,0,1,1,1,1
770007,0,0,0,0,0,0,0,0,0,0
770010,0,1,0,0,0,0,1,0,0,0
770013,0,0,0,1,0,0,0,1,0,1
770015,0,0,0,0,0,0,0,0,0,0
770018,0,0,0,0,0,0,0,1,0,0
770021,0,0,0,1,0,0,0,0,0,0
770024,0,0,0,0,0,0,0,0,0,0
770027,0,1,0,0,0,0,0,0,0,0
780001,0,1,0,1,0,1,1,1,1,1
780004,0,1,0,0,0,1,1,1,1,1
780007,1,1,1,0,0,1,0,1,1,0
780010,0,0,1,1,0,1,1,1,1,1
780013,0,1,1,0,0,0,0,1,1,0
780015,0,0,1,0,0,0,0,0,1,0
780018,1,1,1,0,0,1,0,1,1,0
780021,1,0,1,1,0,1,1,1,1,0
780024,0,1,1,1,0,0,1,1,1,0
780027,0,1,1,1,0,1,1,1,1,0
790001,0,0,1,1,0,0,1,1,1,0
790004,1,1,1,1,0,0,1,1,1,1
790007,0,1,0,1,0,0,0,1,1,0
790010,0,1,0,1,0,0,1,1,1,1
790013,0,0,0,1,0,0,1,1,1,1
790015,0,0,1,1,0,0,1,1,1,1
790018,0,1,1,1,0,0,1,1,1,0
790024,0,1,1,1,1,0,1,1,1,0
790027,1,1,0,0,0,0,0,1,1,0
800001,0,0,0,0,0,1,0,0,0,0
800004,0,0,0,0,0,1,0,0,0,0
800007,0,0,0,0,0,0,0,1,0,0
800010,0,0,1,0,0,0,0,0,0,0
800013,0,0,1,1,0,1,0,0,0,0
800015,0,0,0,0,0,1,1,0,0,0
800018,0,0,0,0,0,1,0,0,0,0
800021,0,0,0,0,0,0,0,0,0,0
800024,0,0,0,0,0,0,1,0,0,0
800027,0,0,0,0,0,0,0,0,0,0
810001,0,0,1,0,0,0,1,0,0,0
810004,0,1,0,0,0,0,0,0,0,0
810007,0,0,0,0,0,1,0,0,0,0
810010,0,0,0,0,0,0,1,0,1,0
810013,0,1,0,1,0,0,0,1,0,0
810015,0,1,0,1,0,0,0,0,0,0
810018,0,0,0,0,0,0,0,0,0,0
810021,0,1,0,0,0,0,0,0,0,0
810024,0,0,0,1,0,0,0,0,0,0
810027,0,0,0,1,0,0,0,1,1,0
820001,1,0,0,0,0,0,1,1,1,0
820004,0,1,1,1,0,0,1,1,1,0
820007,0,0,0,0,0,0,0,0,1,0
820010,0,1,0,0,0,0,1,1,1,0
820013,0,0,1,0,0,0,0,1,1,0
820015,0,1,1,0,0,0,0,1,1,0
820018,0,0,0,1,0,0,0,1,1,0
820021,0,0,0,0,0,0,1,1,1,0
820024,0,0,0,0,0,0,0,1,1,0
820027,0,0,1,1,0,0,1,1,1,0
830001,1,1,1,1,1,1,1,1,1,1
830004,0,0,0,0,0,0,0,1,0,0
830007,0,0,0,0,0,0,0,1,1,0
830010,1,1,1,1,0,0,0,1,1,0
830013,0,0,0,1,0,0,1,1,1,0
830015,0,1,1,1,0,0,0,1,1,0
830018,1,0,1,1,0,1,1,1,1,0
830021,0,0,1,1,0,0,0,1,1,0
830024,0,1,1,0,0,0,0,1,1,0
830027,0,0,0,0,0,0,0,1,0,0
840001,0,0,0,0,0,0,0,0,0,0
840004,0,1,0,0,0,0,0,0,0,0
840007,0,0,1,0,0,0,1,0,0,0
840010,0,0,0,0,0,0,0,0,0,0
840013,0,0,0,0,0,0,0,1,0,0
840015,0,0,1,0,0,0,0,0,0,0
840018,0,0,1,1,0,0,0,0,0,0
840021,0,0,0,0,0,0,0,0,0,0
840024,0,0,0,0,0,0,0,0,0,0
840027,0,1,0,0,0,0,0,1,0,0
850001,0,1,0,1,0,0,1,1,1,0
850004,0,1,1,1,0,1,1,1,1,0
850007,0,0,0,0,0,0,0,0,1,0
850010,0,1,1,0,0,0,0,1,1,0
850013,0,1,0,1,0,0,1,1,1,1
850015,0,0,0,0,0,0,1,1,1,0
850018,0,0,0,0,0,0,0,0,1,0
850021,0,0,0,1,0,0,1,0,1,0
850024,1,0,0,0,1,0,1,0,0,1
850027,0,0,0,0,0,0,1,1,1,0
860001,0,0,0,0,0,0,0,1,0,0
860004,0,0,0,0,0,0,0,0,0,0
860007,1,1,0,0,0,0,0,0,1,0
860010,0,0,0,0,0,0,0,0,1,0
860013,0,0,0,1,1,0,1,1,1,1
860015,0,0,0,0,0,0,0,1,1,0
860018,0,0,1,0,0,0,0,1,1,0
860021,0,0,0,0,0,0,0,0,1,1
860027,0,0,0,1,0,0,1,1,1,0
870001,0,1,0,1,0,0,0,1,1,0
870004,0,0,0,0,0,0,0,1,1,0
870007,0,0,0,0,0,0,0,0,1,0
870010,0,0,0,0,0,0,1,1,1,0
870013,0,1,0,0,0,0,0,1,1,0
870015,0,0,0,0,0,0,0,0,1,0
870018,0,0,0,1,1,0,1,1,1,1
870021,0,0,0,0,0,0,0,0,1,0
870024,0,0,0,1,0,0,0,1,1,1
870027,0,0,0,0,1,0,0,1,1,0
880001,0,1,0,0,0,0,0,1,0,0
880004,0,0,0,0,0,1,0,1,0,0
880007,0,,0,0,0,0,0,0,0,0
880010,0,0,0,0,0,0,0,1,0,0
880013,0,1,0,0,0,0,0,1,0,0
880015,0,0,0,0,0,0,0,0,0,0
880021,0,1,0,0,0,0,1,0,1,0
880024,0,0,0,0,0,0,0,0,0,0
880027,0,0,0,0,0,0,0,0,1,0
890001,0,0,0,0,0,0,0,0,0,0
890004,0,0,0,0,0,0,0,1,1,0
890007,0,0,0,0,0,0,0,1,1,0
890010,0,1,1,0,0,0,0,1,1,0
890013,0,0,0,1,0,0,1,1,1,1
890018,0,0,0,0,0,0,0,0,1,0
890021,0,0,0,0,0,0,0,1,0,0
890024,0,0,0,0,0,0,0,0,1,0
890027,0,0,0,0,0,0,0,0,0,0
900001,0,1,0,0,0,1,0,0,0,0
900004,0,0,0,0,0,0,0,0,0,0
900007,0,0,0,0,0,0,0,0,0,0
900010,0,0,0,0,0,0,0,0,0,0
900013,0,1,0,0,0,1,1,1,0,1
900015,0,0,0,0,0,0,0,1,0,1
900018,0,0,0,0,0,0,0,0,0,0
900024,0,0,0,0,0,1,0,0,0,0
910001,0,0,0,0,0,0,0,0,0,0
910004,0,0,0,1,0,0,1,0,0,0
910007,0,0,0,0,0,0,0,0,0,0
910010,0,1,0,0,0,0,0,0,0,0
910013,0,0,0,0,0,0,0,0,0,0
910015,0,1,0,0,0,0,0,0,0,0
910018,0,0,0,0,0,0,0,0,0,0
910024,0,0,0,0,0,0,0,0,0,0
910027,0,0,0,0,0,0,0,0,0,0
920004,0,0,0,0,0,0,1,0,0,0
920007,0,1,0,0,0,0,0,0,0,0
920010,0,0,0,0,0,0,0,0,0,0
920013,0,0,0,0,0,0,0,0,0,0
920015,0,0,0,0,0,0,0,0,0,0
920018,0,0,0,0,0,0,0,0,0,0
920021,0,0,0,0,0,0,0,0,0,0
920024,0,0,0,0,0,0,0,0,0,0
920027,1,1,0,0,0,0,0,0,0,0
930001,0,1,1,0,0,0,0,0,1,0
930004,0,0,1,0,0,0,0,0,1,0
930007,0,0,0,0,0,0,0,0,1,0
930010,0,0,0,0,0,0,0,0,1,0
930015,0,0,0,0,0,0,0,1,1,0
930018,0,1,0,0,0,1,0,0,0,0
930021,0,0,0,0,0,1,0,0,0,0
930024,0,0,0,0,0,0,0,0,1,0
930027,0,1,0,0,0,0,0,0,1,0
940001,0,0,0,0,0,0,0,1,0,0
940004,0,0,0,0,0,0,0,1,0,0
940010,0,0,0,0,0,0,0,0,0,0
940013,0,,0,0,0,0,0,1,0,0
940015,0,0,0,0,0,0,0,0,0,1
940021,0,0,0,0,0,0,0,0,0,0
940024,0,0,0,0,0,0,0,1,0,0
950001,0,0,0,0,0,0,0,0,1,0
950004,0,0,0,0,0,0,0,1,0,0
950007,0,,0,0,0,0,0,1,0,0
950010,0,1,0,0,0,0,0,0,0,0
950013,0,0,0,0,0,0,0,1,0,0
950015,0,0,0,0,0,0,0,1,0,0
950018,0,0,0,0,0,0,0,1,0,0
950021,0,0,0,0,0,0,0,0,0,0
950027,0,0,0,0,0,0,0,1,1,0
960001,0,1,0,0,0,0,0,0,1,0
960004,0,0,0,0,0,0,0,0,0,0
960007,0,0,0,0,0,0,0,0,0,0
960010,0,0,0,0,0,0,0,0,0,0
960013,0,0,0,0,0,0,0,1,0,0
960018,0,0,1,0,0,0,0,0,0,0
960021,0,0,0,0,0,0,0,0,0,0
960024,0,0,0,0,0,0,0,1,0,0
960027,0,0,0,0,0,0,0,0,0,0
970001,0,1,0,0,0,0,0,0,0,0
970004,0,0,0,0,0,0,0,1,0,0
970007,0,0,0,0,0,0,0,1,0,0
970010,0,0,0,0,0,0,0,0,1,0
970013,0,,0,0,0,0,0,0,1,0
970015,0,0,0,0,0,0,0,1,0,0
970018,0,0,0,1,0,0,1,1,1,1
970021,0,0,0,0,0,0,0,1,1,0
970024,0,0,0,0,0,0,0,1,1,0
970027,0,0,0,1,0,0,1,1,1,0
980001,0,1,0,0,0,0,0,1,1,0
980004,0,0,0,0,0,0,0,1,1,0
980007,0,0,0,0,0,0,0,1,1,0
980010,0,0,0,1,0,0,1,1,1,0
980013,0,1,0,0,0,0,1,1,1,0
980015,0,,0,0,0,0,1,1,1,0
980018,0,0,0,0,0,0,0,1,1,1
980021,0,0,0,1,0,0,0,1,1,0
980024,0,0,0,1,0,0,0,1,0,0
980027,0,0,0,0,0,0,0,1,1,0
990001,0,1,0,0,0,0,0,1,0,0
990004,0,1,0,1,0,0,0,0,0,0
990007,0,0,0,0,0,0,0,0,0,0
990010,0,0,0,0,0,0,0,1,0,0
990013,0,0,0,0,0,0,0,1,0,0
990015,0,0,0,0,0,0,0,0,0,0
990018,0,0,0,0,0,0,0,0,0,0
990021,0,0,0,0,0,1,0,0,0,0
990024,0,0,0,0,0,1,0,0,0,0
990027,0,0,0,1,0,1,0,0,0,0
1000001,0,0,0,0,0,0,1,1,0,0
1000004,0,1,0,0,0,0,0,0,0,0
1000007,0,0,0,1,0,0,0,0,0,0
1000010,0,0,0,0,0,0,0,1,0,0
1000013,0,0,0,0,0,0,0,0,0,0
1000015,0,0,0,0,0,0,0,1,0,0
1000018,0,1,0,0,0,0,0,1,0,0
1000021,0,1,0,0,0,0,0,0,1,0
1000024,0,0,0,0,0,0,0,0,0,0
1000027,0,1,0,0,0,0,1,0,0,0
1010001,0,0,0,1,0,0,1,1,0,0
1010004,0,0,0,1,0,0,0,0,0,0
1010007,1,0,1,1,0,0,1,1,1,0
1010010,0,0,0,0,0,0,1,1,0,1
1010013,0,1,0,1,0,0,1,1,1,0
1010015,0,1,1,1,0,0,1,0,1,0
1010018,0,0,0,0,0,0,0,0,0,0
1010021,1,0,1,1,0,0,1,1,1,0
1010024,0,0,0,0,0,0,1,1,1,0
1010027,0,0,0,0,0,0,0,0,0,0
1020001,0,0,0,0,0,0,1,1,1,0
1020004,0,0,1,0,0,1,0,0,1,0
1020007,0,0,0,0,0,0,0,1,1,0
1020010,0,0,0,0,0,0,1,0,0,0
1020013,0,0,0,0,0,0,0,0,0,0
1020015,0,0,0,0,0,1,0,0,0,0
1020018,0,1,0,0,0,0,0,1,0,0
1020021,0,0,0,0,0,0,0,1,1,0
1020024,0,0,1,0,0,0,1,1,1,0
1020027,0,0,0,0,0,0,1,1,1,0
1030001,0,0,0,0,0,0,0,0,0,0
1030004,0,0,0,1,0,0,0,1,1,0
1030007,0,0,0,0,0,0,0,0,0,0
1030010,0,0,0,0,0,0,0,1,1,0
1030015,0,1,0,1,0,0,0,1,1,0
1030018,0,1,0,0,0,0,1,0,1,0
1030021,0,1,0,0,0,0,0,0,0,0
1030024,0,1,0,0,0,0,0,1,1,0
1030027,0,0,0,1,0,0,1,1,1,0
1040001,0,0,0,0,0,0,0,0,0,0
1040004,0,0,0,0,0,0,1,0,0,0
1040007,0,0,0,0,0,0,0,0,0,0
1040010,1,1,0,0,0,0,0,0,0,0
1040013,0,0,0,0,0,0,0,0,0,0
1040015,0,0,0,0,0,0,0,0,0,0
1040018,0,0,0,0,0,0,0,0,0,0
1040021,0,1,0,0,0,0,0,0,0,0
1040024,0,0,0,0,0,0,1,0,0,0
1040027,0,0,0,0,0,0,0,0,0,0
1050001,0,0,0,0,0,0,0,1,1,0
1050004,0,0,0,0,0,0,0,1,1,0
1050007,0,0,0,0,0,0,1,0,1,0
1050010,0,0,0,0,0,0,0,0,1,0
1050013,0,0,0,0,1,0,0,1,1,0
1050015,0,0,0,0,0,0,0,0,1,0
1050018,0,0,0,0,0,0,0,0,1,0
1050021,1,0,1,1,0,0,0,0,1,0
1050024,0,1,0,1,0,0,0,0,1,0
1050027,0,1,0,0,0,0,0,1,1,0
1060001,0,0,0,1,0,0,1,1,1,1
1060004,0,0,0,0,0,0,1,0,1,0
1060007,0,0,0,1,0,0,0,1,1,0
1060010,0,1,0,1,0,0,1,1,1,0
1060013,0,0,0,0,0,0,0,1,1,0
1060015,0,0,0,0,0,0,1,1,1,0
1060018,0,0,1,0,0,0,1,1,1,0
1060021,0,1,0,0,0,0,0,1,1,0
1060024,0,0,0,0,0,0,0,0,1,0
1060027,0,0,0,1,0,0,1,1,1,1
1070001,0,0,0,0,0,0,0,0,0,0
1070004,0,1,0,0,0,0,0,0,0,0
1070007,0,1,0,0,0,0,0,0,0,0
1070010,0,0,0,0,0,0,0,0,0,0
1070013,0,0,0,0,0,0,0,0,0,0
1070015,0,1,0,0,0,0,0,0,0,0
1070018,0,1,0,0,0,0,1,1,0,0
1070021,0,0,0,0,0,0,0,0,0,0
1070024,0,1,0,0,0,0,1,0,0,0
1070027,0,0,0,0,0,0,0,0,0,0
1090001,0,1,0,0,0,1,0,1,1,0
1090004,0,1,0,0,1,0,1,1,1,1
1090007,0,1,0,0,0,0,0,1,1,0
1090010,0,1,0,1,0,1,0,1,1,0
1090013,0,1,1,0,0,0,0,1,1,0
1090015,0,0,0,0,0,0,0,0,1,0
1090018,0,0,1,0,0,0,0,1,1,0
1090021,0,0,0,0,0,0,0,0,1,0
1090024,0,0,0,0,0,0,0,1,1,0
1090027,0,0,0,0,0,0,0,0,1,0
1100001,0,0,0,0,0,0,0,0,0,0
1100004,0,1,0,0,0,0,0,0,0,0
1100007,0,1,1,1,0,0,0,1,1,0
1100010,0,1,0,0,0,0,0,0,1,0
1100013,0,1,0,0,0,0,0,0,0,0
1100015,0,0,0,0,0,0,0,0,0,0
1100018,0,0,0,0,0,0,0,0,1,0
1100021,0,0,0,0,0,0,0,0,1,0
1100024,0,0,0,1,0,0,1,1,1,0
1100027,0,0,0,1,0,0,1,0,1,0
1110001,0,1,1,0,1,0,1,1,1,1
1110007,0,0,0,0,0,0,0,1,1,0
1110010,0,0,0,1,0,0,0,1,1,0
1110013,0,0,0,0,0,0,0,0,1,0
1110015,0,1,0,1,0,0,1,1,1,0
1110018,0,0,0,0,0,0,1,0,1,0
1110021,0,1,0,1,0,0,1,1,1,0
1110024,0,0,0,0,0,0,0,1,1,0
1110027,0,1,0,0,0,0,1,0,1,0
1120001,0,1,0,1,0,1,0,1,1,0
1120004,1,1,1,0,0,0,0,1,1,0
1120007,0,0,0,0,0,0,0,0,0,0
1120010,0,0,0,0,0,1,1,0,0,0
1120013,0,0,0,0,0,0,0,0,0,0
1120015,0,1,0,0,0,1,0,0,0,0
1120018,0,0,0,0,0,0,0,0,0,0
1120021,0,,1,1,0,0,1,1,1,0
1120024,1,1,1,0,0,0,0,1,1,0
1120027,0,1,0,0,0,0,0,0,0,0
1130001,0,0,0,0,0,0,0,0,1,0
1130004,0,0,1,0,0,0,0,0,0,0
1130007,0,0,0,0,0,0,0,0,0,0
1130010,0,0,0,0,0,0,0,0,0,0
1130013,0,,0,0,0,1,0,0,0,0
1130015,0,0,0,0,0,0,0,0,0,0
1130018,0,0,0,0,0,1,0,0,0,0
1130021,0,1,0,0,0,0,0,0,0,0
1130027,0,0,0,0,0,0,0,0,0,0
1140001,0,0,0,0,0,0,0,0,1,0
1140004,0,0,0,0,0,0,0,1,1,0
1140007,0,0,0,1,0,0,0,1,1,0
1140010,0,0,1,1,0,0,0,1,1,0
1140013,0,0,0,0,0,0,0,1,1,0
1140015,0,0,0,0,0,0,0,1,1,0
1140018,0,0,1,0,0,0,0,1,1,0
1140021,0,0,0,0,0,0,0,1,1,0
1140024,0,0,0,0,0,0,0,1,1,0
1140027,0,0,0,0,0,0,1,1,1,0
1150001,0,0,0,0,0,0,0,1,1,0
1150004,0,0,0,0,0,0,1,0,1,1
1150007,0,0,0,0,0,0,0,0,1,0
1150010,0,0,0,1,0,0,1,1,0,0
1150013,1,0,0,0,0,0,0,0,1,0
1150015,0,0,0,0,0,0,0,1,1,0
1150018,0,0,0,1,0,0,0,0,1,1
1150021,0,0,0,0,0,0,0,0,1,0
1150024,0,0,0,0,0,0,0,1,1,0
1150027,,,0,0,0,0,0,0,1,0
1160001,0,0,0,0,0,0,0,0,0,0
1160004,0,0,1,0,0,1,0,0,0,0
1160007,0,0,0,0,0,0,0,0,0,0
1160010,0,0,0,0,0,0,0,0,0,0
1160013,1,1,0,0,0,0,0,0,0,0
1160015,0,0,0,0,0,0,0,0,0,0
1160018,0,0,0,1,0,1,0,0,0,0
1160024,0,0,0,0,0,1,0,0,0,0
1160027,0,0,0,0,0,0,0,0,0,0
1170001,1,0,0,0,0,0,0,0,0,0
1170004,0,0,0,0,0,0,0,0,0,0
1170007,0,0,0,0,0,0,0,0,0,0
1170010,0,,0,0,0,1,0,0,0,0
1170013,0,0,0,1,0,0,0,0,0,1
1170015,0,1,0,0,0,1,0,0,0,0
1170018,0,,0,0,0,0,0,0,0,0
1170024,1,0,0,0,0,0,0,0,0,0
1170027,0,0,1,0,0,0,0,0,0,0
1180001,0,0,0,0,0,1,0,0,0,0
1180004,0,0,0,0,0,0,0,0,0,0
1180007,0,0,0,0,0,0,0,0,0,0
1180010,0,0,1,0,0,0,0,0,0,0
1180013,0,0,0,0,0,0,0,0,0,0
1180015,0,0,0,0,0,1,0,0,0,0
1180018,1,0,0,0,0,1,0,0,0,0
1180021,0,0,0,0,0,0,0,0,0,0
1180024,0,0,0,0,0,0,0,0,0,0
1180027,0,0,0,0,0,1,0,0,0,0
1190001,0,0,0,0,0,0,0,0,0,0
1190004,0,1,0,1,0,0,1,0,0,0
1190007,0,1,0,0,0,0,0,0,0,0
1190010,0,0,0,0,0,0,0,0,0,0
1190013,0,0,0,0,0,1,0,0,0,0
1190015,0,0,0,0,0,0,0,0,0,0
1190018,0,0,0,0,0,1,0,0,0,0
1190021,0,,0,0,0,0,0,0,0,0
1190024,0,0,0,0,0,0,0,1,0,0
1190027,0,0,0,0,0,1,0,0,0,0
1200001,0,0,0,0,0,1,0,0,0,0
1200004,0,,0,0,0,0,0,0,0,0
1200007,0,0,0,0,0,0,0,0,0,0
1200010,0,0,0,0,0,0,0,0,0,0
1200013,0,0,0,0,0,0,0,0,0,0
1200015,0,0,1,0,0,0,0,0,0,0
1200018,0,0,0,1,0,0,0,0,0,0
1200021,0,1,0,0,0,0,0,0,0,0
1200024,0,0,0,0,0,1,0,0,0,0
1200027,0,0,0,0,0,0,0,0,0,0
1210001,0,0,0,1,0,0,1,1,1,1
1210004,0,0,0,1,0,0,1,1,1,0
1210007,0,1,0,0,0,0,1,1,1,0
1210010,0,0,0,1,0,0,0,1,1,1
1210013,0,0,1,0,0,0,0,1,1,0
1210015,1,1,1,1,0,0,1,1,1,0
1210018,0,0,0,0,0,0,1,1,1,1
1210021,0,0,0,0,0,0,0,0,0,0
1210024,0,0,0,0,0,0,0,0,1,0
1210027,0,0,0,1,0,0,0,1,1,0
1220001,0,0,0,1,0,0,1,1,1,0
1220004,0,,0,1,0,0,1,1,1,1
1220007,0,0,0,0,0,0,0,0,0,0
1220010,0,0,0,0,0,0,0,0,1,0
1220013,0,0,0,0,0,0,0,1,1,0
1220015,0,0,1,0,0,0,1,1,1,0
1220018,0,0,0,0,0,0,0,0,0,0
1220021,0,0,0,0,0,0,0,1,1,0
1220024,0,0,0,0,0,0,1,1,1,0
1220027,0,0,1,1,1,0,1,1,1,1
1230001,0,0,0,0,0,0,0,0,0,0
1230004,0,0,0,1,0,0,0,1,1,0
1230007,1,1,0,1,0,0,1,0,0,0
1230010,0,0,0,1,0,0,0,0,0,0
1230013,0,0,0,0,0,0,0,0,0,0
1230015,0,0,0,0,0,0,0,0,0,0
1230018,1,1,0,0,0,0,1,0,0,0
1230021,0,0,0,0,0,0,0,0,0,0
1230024,0,0,0,0,0,0,0,0,0,0
1230027,0,0,0,0,0,0,0,0,0,0
1240001,0,0,1,1,0,0,1,1,1,0
1240004,1,1,0,1,0,0,1,1,1,1
1240007,0,0,0,0,0,0,1,1,1,0
1240010,0,1,1,1,0,0,1,1,1,0
1240013,0,0,0,1,0,0,1,1,1,0
1240015,0,1,0,1,0,0,1,1,1,1
1240018,0,1,0,1,1,0,1,1,1,0
1240021,1,0,0,0,0,0,1,0,0,0
1240024,0,0,0,0,0,0,0,0,1,0
1240027,1,0,0,0,0,0,0,0,1,0
1250001,0,0,0,0,0,0,0,0,0,0
1250004,1,,0,0,0,0,0,0,0,0
1250007,0,0,0,0,0,0,0,0,0,0
1250010,0,0,0,0,0,1,0,0,0,0
1250013,0,0,0,0,0,0,0,0,0,0
1250015,1,0,1,0,0,0,0,0,0,0
1250018,0,0,0,0,0,0,1,0,0,0
1250021,0,0,0,0,0,0,0,0,0,0
1250024,0,0,1,0,0,0,0,0,0,0
1250027,0,0,0,0,0,0,0,0,0,0
1260001,0,0,0,0,0,0,0,0,0,0
1260004,0,,0,0,0,0,0,0,0,0
1260007,0,0,0,0,0,0,0,1,0,0
1260010,0,0,0,0,0,0,0,0,0,0
1260013,0,0,0,1,0,0,0,0,0,0
1260015,0,1,0,0,0,0,0,0,0,0
1260018,0,1,0,0,0,0,0,0,0,0
1260021,0,0,0,0,0,0,0,0,0,0
1260024,0,0,0,0,0,0,0,0,0,0
1260027,0,0,0,0,0,0,0,0,0,0
1270001,0,0,0,0,0,0,0,0,1,0
1270004,0,0,0,0,0,0,0,0,1,0
1270007,0,0,0,0,0,0,0,1,1,0
1270010,0,1,0,0,0,0,0,0,1,0
1270013,0,0,0,0,0,0,0,1,0,0
1270015,0,0,0,0,0,0,1,0,1,0
1270018,0,1,0,0,0,0,1,0,0,0
1270021,0,0,1,0,0,0,0,0,1,0
1270024,0,0,0,0,0,0,0,1,1,0
1270027,0,0,0,0,0,1,0,0,1,0
1280001,0,0,0,0,0,0,0,0,0,0
1280004,0,0,0,0,0,0,0,1,0,0
1280007,0,0,0,0,0,0,0,0,0,0
1280010,1,0,0,0,0,0,0,0,0,0
1280013,0,1,0,0,0,0,1,0,0,0
1280015,0,0,0,0,0,0,0,1,0,0
1280018,0,1,0,0,0,1,0,0,0,0
1280021,0,0,0,0,0,0,0,0,0,0
1280024,0,0,0,0,0,0,0,0,0,0
1280027,1,1,0,0,0,0,0,1,0,0
1290001,0,1,0,0,0,0,0,1,0,0
1290004,0,0,0,0,0,0,0,0,0,0
1290007,0,,0,0,0,0,0,0,0,0
1290010,0,0,0,0,0,1,0,0,0,0
1290013,0,1,0,0,0,0,0,0,0,0
1290015,0,0,0,0,0,0,0,0,1,0
1290018,0,1,0,0,0,0,0,0,0,0
1290021,0,0,0,0,0,0,0,0,0,1
1290024,0,1,0,0,0,0,0,0,0,0
1290027,0,0,0,0,0,0,0,0,0,0
1300001,0,1,0,0,0,0,0,0,0,0
1300004,0,0,0,0,0,0,1,0,0,0
1300007,0,0,0,0,0,0,1,0,0,0
1300010,0,0,0,0,0,1,0,1,0,0
1300013,0,0,0,0,0,0,0,0,0,0
1300015,0,0,0,0,0,0,1,0,0,0
1300021,0,0,0,0,0,0,0,0,0,0
1300024,0,0,0,0,0,0,0,1,1,0
1300027,0,0,0,0,0,0,0,0,0,0
1310001,0,1,0,0,0,0,0,0,0,0
1310004,1,0,0,0,0,0,0,0,0,0
1310007,0,1,0,0,0,0,0,0,0,0
1310010,0,0,0,0,0,0,1,0,0,0
1310013,0,,0,0,0,0,0,0,0,0
1310015,0,0,0,0,0,0,0,1,0,0
1310018,0,0,0,0,0,0,0,0,0,0
1310021,0,0,1,0,0,0,0,0,0,0
1310024,0,1,0,1,0,0,1,1,0,0
1310027,0,1,0,0,0,0,1,0,0,0
1320001,0,0,0,0,0,0,0,0,0,0
1320004,0,1,0,0,0,0,0,0,0,0
1320007,0,,0,0,0,0,0,0,0,0
1320010,0,,0,0,0,0,0,0,0,0
1320013,0,0,0,0,0,0,0,0,0,0
1320015,0,0,0,0,0,0,0,0,0,0
1320018,0,0,1,0,0,0,1,1,0,0
1320021,0,0,0,1,0,0,1,1,0,0
1320024,0,0,0,0,0,0,0,0,0,0
1320027,0,1,0,0,0,0,0,0,0,0
1330001,1,0,0,0,0,0,0,0,0,0
1330004,0,0,0,0,0,0,0,0,0,0
1330007,0,0,0,0,0,0,0,0,0,0
1330010,0,0,0,0,0,0,0,0,0,0
1330013,1,0,0,0,0,0,0,0,0,0
1330015,0,0,0,0,0,0,0,0,0,0
1330018,0,0,0,0,0,0,0,0,0,0
1330021,0,0,0,0,0,0,0,0,0,0
1330024,0,,0,0,0,0,1,0,0,0
1330027,0,1,0,0,0,0,1,0,0,0
1340001,0,1,0,0,0,0,0,0,0,0
1340004,0,1,0,0,0,0,0,0,0,0
1340007,0,1,0,0,0,0,0,0,0,0
1340010,1,0,0,0,0,0,0,0,0,0
1340013,0,0,0,0,0,0,0,0,0,0
1340015,0,1,1,1,0,0,1,0,0,0
1340018,0,0,0,0,0,0,0,0,0,0
1340021,0,1,0,0,0,0,0,0,0,0
1340024,0,0,0,0,0,0,0,0,0,0
1340027,0,1,1,0,0,0,0,0,0,0
1350001,0,0,0,0,0,0,0,0,0,0
1350004,0,0,0,0,0,0,0,0,0,0
1350007,0,1,0,0,0,0,0,0,0,0
1350010,0,0,1,0,0,0,1,0,0,0
1350013,0,0,0,0,0,0,0,0,0,0
1350015,0,0,0,0,0,0,1,0,0,1
1350018,0,0,0,0,0,0,0,0,0,0
1350021,0,0,0,0,0,1,1,0,0,0
1350024,0,0,0,0,0,0,0,0,0,0
1350027,0,0,0,0,0,0,0,0,0,0
1360001,0,0,0,0,0,1,0,0,0,0
1360004,0,1,0,1,0,1,1,1,0,0
1360007,0,0,0,1,0,0,1,0,0,0
1360010,0,0,0,0,0,0,0,0,0,0
1360013,0,1,0,0,0,0,1,1,0,1
1360015,0,0,0,0,0,0,0,0,0,0
1360018,0,,0,1,0,0,1,0,0,0
1360021,1,0,0,0,0,0,0,0,0,0
1360024,0,0,0,1,0,0,0,1,0,0
1360027,0,1,1,0,0,0,0,0,0,0
1370001,0,1,0,0,0,0,0,0,0,0
1370004,0,0,0,0,0,0,1,0,0,0
1370007,0,0,0,0,0,1,0,0,0,0
1370010,0,0,0,0,0,0,0,0,0,0
1370013,0,0,0,0,0,1,0,1,0,0
1370015,0,0,0,0,0,1,0,0,0,0
1370018,0,0,0,0,0,0,0,0,0,0
1370021,0,0,0,0,0,0,1,0,0,0
1370024,0,0,0,0,0,0,0,0,0,0
1370027,0,0,0,0,0,0,0,0,0,0
1380001,0,0,0,0,0,0,0,0,0,0
1380004,0,1,0,0,0,0,0,0,1,0
1380007,0,,0,0,0,0,0,0,0,0
1380010,0,1,0,0,0,0,0,1,0,0
1380013,0,0,0,0,0,1,0,0,0,0
1380015,1,1,0,0,0,0,0,0,1,0
1380018,0,0,0,0,0,0,0,1,1,0
1380021,0,0,0,0,0,0,0,0,1,0
1380024,0,0,1,0,0,0,0,0,1,0
1380027,0,0,0,0,0,0,1,0,0,0
1390001,0,0,0,0,0,0,1,0,1,0
1390004,0,0,0,0,0,0,0,0,1,0
1390007,0,0,0,0,0,0,0,1,1,0
1390010,0,0,0,0,0,0,0,0,1,0
1390013,0,0,0,1,0,0,0,1,0,0
1390015,0,0,0,0,0,0,0,0,0,0
1390018,1,0,0,0,0,0,0,0,0,0
1390021,0,0,0,0,0,0,1,0,0,0
1390024,0,1,0,0,0,0,0,0,1,0
1390027,0,1,0,0,0,0,0,0,0,0
1400001,0,0,0,0,0,0,0,0,0,0
1400004,0,0,0,0,0,0,0,0,0,0
1400007,0,0,0,0,0,0,1,1,0,0
1400010,0,0,0,0,0,0,0,0,0,0
1400013,0,0,0,0,0,0,0,0,0,0
1400015,0,1,0,0,0,0,0,0,0,0
1400018,0,0,0,0,0,0,0,0,0,1
1400021,0,0,0,0,0,0,0,0,0,0
1400024,0,0,0,0,0,0,0,0,0,0
1400027,0,1,0,0,0,0,0,0,0,0
1410001,0,1,0,0,0,0,0,0,0,0
1410004,0,0,0,0,0,0,0,0,0,0
1410007,0,0,0,0,0,0,0,1,0,0
1410010,0,0,0,0,0,0,1,0,0,0
1410013,0,1,0,0,0,0,0,0,0,0
1410015,0,1,1,1,0,0,0,0,0,0
1410018,0,1,0,0,0,0,0,0,0,0
1410021,0,0,0,1,0,0,0,0,0,1
1410024,0,0,0,1,0,0,0,0,0,0
1410027,0,0,0,0,0,0,0,0,0,0
1420001,0,1,0,0,0,0,0,0,0,0
1420004,0,0,0,0,0,0,1,0,0,0
1420007,0,0,0,0,0,0,1,1,0,0
1420010,0,0,0,0,0,0,0,0,0,0
1420013,0,1,0,0,0,0,1,1,0,0
1420015,0,1,0,0,0,0,0,0,0,0
1420018,0,0,0,0,0,0,0,1,0,0
1420021,1,0,0,0,0,0,0,0,0,0
1420024,0,0,0,1,0,0,0,0,0,0
1420027,0,1,0,0,0,0,0,1,0,0
1430001,0,0,0,0,0,0,0,0,0,0
1430004,0,1,0,0,0,0,0,1,0,0
1430007,0,0,0,0,0,0,0,1,0,0
1430010,0,0,0,0,0,0,0,0,0,0
1430013,0,1,0,0,0,0,0,1,0,0
1430015,0,0,1,0,0,0,0,0,0,0
1430018,0,0,0,1,0,0,0,0,0,0
1430024,0,0,0,0,0,0,1,1,0,0
1430027,0,0,0,0,0,0,0,0,0,0
1440001,0,1,0,0,0,0,0,0,0,0
1440004,1,1,0,1,0,0,1,0,1,1
1440007,0,0,0,0,0,0,1,0,1,0
1440010,0,0,0,0,0,0,0,1,1,0
1440013,0,0,0,1,0,0,1,0,1,1
1440015,0,0,1,1,0,0,1,1,1,1
1440018,0,1,0,1,0,0,1,1,1,0
1440021,0,0,0,1,0,0,0,0,1,0
1440024,0,0,0,0,0,0,0,0,1,0
1440027,0,0,0,0,1,1,1,1,1,0
1450001,0,,0,0,0,0,0,0,0,0
1450004,0,0,0,0,0,0,0,0,0,0
1450007,0,0,0,0,0,0,0,0,0,0
1450010,0,0,0,0,0,0,0,0,0,0
1450013,,,0,0,0,0,1,0,0,0
1450015,0,0,0,1,0,1,0,0,0,0
1450021,0,0,0,0,0,1,0,0,0,0
1450024,0,0,0,0,0,0,0,0,0,0
1450027,0,0,0,0,0,0,0,0,0,0
1460001,0,0,0,0,0,0,0,0,1,0
1460004,0,0,1,0,0,0,0,0,1,0
1460007,0,0,0,0,0,0,0,0,0,0
1460010,0,0,0,0,0,0,0,0,1,0
1460013,0,0,0,1,0,0,0,0,0,0
1460015,0,0,0,1,0,0,0,0,1,0
1460018,1,0,0,0,0,0,0,0,1,0
1460021,0,0,0,1,0,0,1,1,1,0
1460024,0,0,1,1,0,0,0,1,1,1
1460027,0,0,0,0,0,0,0,0,1,0
1470001,0,1,0,0,0,0,1,1,1,0
1470004,0,0,0,0,0,0,1,0,1,0
1470007,0,0,0,0,0,0,0,0,1,0
1470010,0,0,0,0,0,0,0,0,1,0
1470013,0,0,0,0,0,0,0,1,1,0
1470015,1,0,0,0,0,0,0,0,1,0
1470018,0,0,0,0,0,0,1,0,1,0
1470021,0,0,1,0,0,0,1,0,1,0
1470024,0,0,0,0,0,0,0,0,1,0
1470027,1,1,0,1,0,0,0,1,1,0
1480001,0,0,0,0,0,0,0,0,0,0
1480004,0,,0,0,0,0,0,0,0,0
1480007,0,0,0,0,0,0,0,0,0,0
1480013,0,0,0,0,0,0,0,0,0,0
1480015,0,0,0,0,0,0,0,0,0,0
1480018,0,0,0,0,0,0,0,0,0,0
1480021,0,0,0,0,0,0,0,0,0,0
1480024,0,0,0,0,0,0,0,0,0,0
1480027,0,0,0,0,0,0,0,0,0,0
1490001,0,0,0,0,0,0,0,1,0,0
1490004,0,0,0,0,0,0,0,0,0,0
1490010,0,0,0,0,0,0,0,0,0,1
1490013,0,0,0,1,0,0,1,1,0,1
1490015,0,0,0,0,0,0,1,1,0,1
1490018,0,0,0,0,0,0,0,0,0,0
1490021,0,0,0,1,0,0,0,1,0,0
1490024,0,,1,0,0,0,0,0,0,0
1490027,0,1,0,0,0,0,0,0,0,0
1500001,0,0,0,0,0,0,0,0,0,0
1500004,0,,0,1,0,0,0,0,0,0
1500007,0,0,0,0,0,0,0,0,0,0
1500010,0,0,0,1,0,0,1,0,0,0
1500015,0,0,0,1,0,0,0,0,0,0
1500018,0,0,1,0,0,0,0,0,0,0
1500021,0,0,0,1,0,1,0,0,0,0
1500024,0,0,0,0,0,0,0,0,0,0
1500027,0,0,1,1,0,0,0,0,0,0
1510001,0,0,0,0,0,0,0,0,0,0
1510004,0,0,0,0,0,0,0,0,0,0
1510007,1,0,0,0,0,0,0,0,0,0
1510010,0,0,1,1,0,0,0,0,0,0
1510013,0,0,0,0,0,0,0,0,0,0
1510015,0,0,0,0,0,0,0,0,0,0
1510018,0,0,0,0,0,0,0,0,0,0
1510021,0,0,0,0,0,1,0,0,0,0
1510024,0,0,0,0,0,0,0,0,0,0
1510027,0,0,0,0,0,0,0,0,0,0
1520001,0,0,0,0,0,0,0,0,0,0
1520004,0,0,0,0,0,0,0,0,0,0
1520007,0,1,0,0,0,0,0,0,0,0
1520010,0,0,0,0,0,0,0,0,0,0
1520013,0,0,0,0,0,0,0,0,0,0
1520015,0,0,0,0,0,0,0,0,0,0
1520018,0,0,0,0,0,0,0,0,0,0
1520021,0,0,0,1,0,0,0,0,0,0
1520024,0,0,0,0,0,0,0,0,0,0
1520027,0,1,0,0,0,0,0,0,0,0
1530001,0,0,1,0,0,0,0,0,0,0
1530004,0,0,0,0,0,1,1,0,0,0
1530007,0,0,0,0,0,1,0,0,0,0
1530010,0,0,0,0,0,0,1,0,1,0
1530013,0,0,0,1,0,0,0,0,0,0
1530015,0,,0,0,0,0,1,0,0,0
1530018,0,0,0,0,0,0,0,0,0,0
1530021,0,0,0,0,0,1,0,0,0,0
1530024,0,0,0,0,0,0,0,0,0,0
1530027,0,0,0,0,0,0,0,0,0,0
1540001,0,0,0,0,0,0,0,0,0,0
1540004,0,1,0,1,0,0,0,0,0,1
1540007,0,0,0,0,0,0,0,0,0,0
1540010,0,0,0,0,0,0,0,0,0,0
1540013,0,0,0,0,0,0,0,0,0,0
1540015,0,0,0,0,0,0,0,0,0,0
1540018,0,0,0,0,0,0,0,0,0,0
1540021,0,0,0,0,0,0,1,0,0,1
1540024,0,0,0,0,0,0,0,0,0,0
1540027,0,0,0,0,0,0,0,0,0,0
1550001,0,0,0,0,0,0,0,0,0,0
1550004,0,0,0,0,0,0,0,0,0,0
1550007,0,0,0,0,0,0,0,0,0,0
1550010,1,0,0,1,0,0,0,0,0,0
1550013,0,0,0,1,0,0,0,0,0,0
1550015,0,,1,0,0,0,0,0,0,0
1550018,0,0,0,0,0,1,0,0,0,0
1550021,0,0,0,0,0,0,0,0,0,0
1550024,0,0,0,0,0,0,0,0,0,0
1550027,0,0,0,1,0,0,0,0,0,0
1560001,0,0,0,0,0,0,0,0,0,0
1560004,0,0,0,0,0,0,0,0,0,0
1560007,0,,0,0,0,0,0,0,0,0
1560013,0,0,0,0,0,0,0,0,0,0
1560015,0,0,0,0,0,0,0,0,0,0
1560018,0,0,0,0,0,0,0,0,0,0
1560021,0,0,0,0,0,0,0,1,0,0
1560024,0,,0,0,0,0,0,0,0,0
1560027,0,0,0,0,0,0,0,0,0,0
1570004,0,0,0,0,0,0,0,0,0,0
1570007,0,0,0,0,0,0,0,0,0,0
1570010,0,0,0,0,0,0,0,0,0,0
1570013,1,0,1,0,0,0,0,0,0,0
1570015,1,0,0,0,0,0,0,0,0,0
1570021,0,0,0,0,0,0,0,0,0,0
1570024,0,,0,0,0,0,0,0,0,0
1570027,0,0,0,0,0,0,0,0,0,0
1580001,0,0,0,0,0,0,0,0,0,0
1580004,0,0,0,0,0,0,0,0,0,0
1580007,0,0,0,0,0,0,0,0,0,0
1580010,0,0,0,0,0,0,0,0,0,0
1580013,0,0,0,0,0,0,0,0,0,0
1580015,0,0,0,0,0,0,0,0,0,0
1580018,0,0,0,0,0,0,0,0,0,0
1580021,0,0,0,0,0,0,0,0,0,0
1580024,0,0,0,0,0,0,0,0,0,0
1580027,0,1,1,0,0,0,0,0,0,0
1590001,0,0,1,0,0,0,0,0,0,0
1590004,0,0,0,0,0,0,0,0,0,0
1590007,1,1,0,1,0,0,0,0,0,0
1590010,0,0,0,0,0,1,0,0,0,0
1590013,0,0,0,0,0,1,0,0,0,0
1590015,0,1,1,0,0,0,0,0,0,0
1590018,0,0,0,0,0,0,0,0,0,0
1590021,0,0,0,0,0,1,0,0,0,0
1590024,0,0,0,0,0,0,0,0,0,0
1590027,0,1,0,0,0,0,0,0,0,0
1600001,0,0,0,0,0,1,0,0,0,0
1600004,0,0,0,0,0,0,0,0,0,0
1600007,0,0,0,0,0,0,0,0,0,0
1600010,0,0,1,0,0,0,0,0,0,0
1600015,0,0,0,0,0,0,0,0,0,0
1600018,0,0,0,0,0,0,0,0,0,0
1600021,0,0,0,0,0,0,0,0,0,0
1600024,0,0,0,0,0,0,0,0,0,0
1600027,1,0,0,0,0,0,0,0,0,0
1610001,0,0,0,1,0,0,1,1,1,1
1610004,0,0,0,0,0,0,0,1,1,0
1610007,0,1,0,1,0,0,1,1,1,0
1610010,0,0,0,0,0,0,0,0,0,0
1610013,1,0,0,0,0,0,1,0,1,0
1610015,0,,0,1,0,0,1,1,1,1
1610018,0,1,0,1,0,0,0,1,1,0
1610021,0,0,0,0,0,0,0,1,1,0
1610024,0,1,1,0,0,0,0,1,1,0
1610027,0,,1,1,0,0,1,1,1,1
1620001,0,0,0,0,0,0,0,0,1,0
1620004,0,,1,0,0,0,0,1,1,0
1620007,0,0,0,0,0,0,0,0,1,0
1620010,1,0,0,0,0,0,0,0,1,0
1620013,0,0,0,0,0,0,0,1,1,1
1620015,0,0,0,0,0,0,0,1,1,0
1620018,0,0,0,0,0,0,1,1,1,1
1620021,0,0,0,0,0,0,0,0,0,0
1620024,0,1,0,1,0,0,0,1,1,0
1620027,0,0,0,0,0,0,0,0,0,0
1630001,0,1,0,1,0,0,0,0,0,0
1630004,0,0,1,1,0,0,1,1,1,0
1630007,0,0,0,0,0,0,1,0,1,0
1630010,0,0,0,0,0,0,0,0,1,0
1630013,0,0,0,0,0,0,0,1,1,0
1630015,0,0,0,0,0,0,0,0,1,0
1630018,0,1,0,0,0,0,0,1,0,0
1630021,0,1,0,0,0,0,1,0,0,0
1630024,0,0,0,0,0,0,1,0,1,0
1630027,0,0,0,0,0,0,0,1,1,0
1640001,0,0,0,0,0,0,0,0,0,0
1640007,0,0,0,1,0,0,0,0,0,0
1640010,0,0,0,0,0,0,0,0,0,0
1640013,0,0,0,1,0,0,1,0,0,0
1640015,0,1,1,1,0,0,0,1,1,1
1640018,0,,1,0,0,0,0,0,0,0
1640021,0,0,0,0,0,0,0,0,0,0
1640024,0,0,0,0,0,0,0,0,0,0
1640027,0,0,0,0,0,0,0,0,0,0
1650001,0,1,1,0,0,0,1,0,1,0
1650004,0,0,0,0,0,0,0,0,0,0
1650007,0,0,1,0,0,0,0,0,0,0
1650010,0,0,0,0,0,0,0,0,1,0
1650013,0,0,0,0,0,0,0,0,0,0
1650015,0,1,0,0,0,0,0,0,0,0
1650018,0,,0,0,0,0,0,0,0,0
1650021,0,0,0,0,0,0,0,0,0,0
1650024,0,0,0,0,0,0,0,0,0,0
1650027,0,0,0,0,0,0,0,0,0,0
1660001,0,1,0,0,0,0,0,0,0,0
1660004,0,0,0,1,0,0,0,1,0,0
1660007,0,0,0,0,0,0,0,0,0,0
1660010,0,0,0,0,0,0,0,0,0,0
1660013,0,0,0,0,0,0,0,0,0,0
1660018,0,0,0,0,0,0,0,0,0,0
1660021,0,0,0,0,0,0,0,1,0,0
1660024,0,,0,0,0,0,0,1,0,0
1660027,0,1,0,0,0,0,0,0,0,0
1670001,0,0,0,0,0,0,0,0,0,0
1670004,0,0,0,0,0,0,0,0,0,0
1670007,0,0,0,0,0,0,0,0,0,0
1670010,0,1,0,0,0,0,0,0,0,0
1670013,0,0,0,1,0,0,0,0,0,0
1670015,0,0,1,0,0,1,0,0,0,0
1670018,0,0,1,0,0,0,0,0,0,0
1670021,0,0,0,0,0,0,0,0,0,0
1670024,0,0,0,0,0,0,0,0,0,0
1670027,0,1,0,1,0,0,0,1,0,0
1680001,0,0,0,0,0,1,0,1,1,0
1680004,0,0,0,1,0,0,1,1,1,1
1680007,0,0,1,0,0,0,0,0,1,0
1680010,0,0,0,1,0,0,1,1,1,0
1680013,0,0,0,0,0,1,0,1,1,0
1680015,0,0,0,1,0,0,1,1,1,0
1680018,0,0,1,0,0,0,0,1,1,0
1680021,0,0,0,0,0,0,1,1,1,0
1680024,0,0,0,0,0,0,0,1,1,0
1680027,0,1,0,0,0,0,0,0,1,0
1690001,0,1,1,1,0,0,0,1,0,0
1690004,0,0,0,1,0,0,1,1,1,0
1690007,0,0,0,1,0,0,0,0,0,0
1690010,0,1,0,1,0,0,0,1,0,0
1690013,0,1,0,1,0,0,0,1,0,0
1690015,0,0,0,0,0,0,0,0,0,0
1690018,0,0,0,0,0,0,0,0,0,0
1690021,0,0,0,1,0,0,1,1,1,0
1690024,0,0,0,0,0,0,0,0,0,0
1690027,0,0,0,0,0,0,0,1,0,0
1700001,0,0,0,1,0,0,1,1,1,1
1700004,0,0,0,1,0,0,1,1,1,0
1700010,0,0,0,0,0,0,0,1,1,0
1700013,0,0,0,0,0,0,1,1,1,0
1700015,0,1,0,1,0,0,0,1,1,0
1700018,1,,0,1,0,0,1,1,1,1
1700021,0,0,0,1,0,0,1,1,1,0
1700024,0,1,0,0,0,1,1,1,1,0
1700027,0,0,0,0,0,1,0,1,1,1
1710001,0,1,1,1,0,0,0,0,0,0
1710004,0,0,0,0,0,0,0,0,0,0
1710007,0,0,0,1,0,0,0,0,0,0
1710010,0,1,0,1,0,0,0,0,0,0
1710013,0,1,0,0,0,0,1,0,0,0
1710015,0,0,0,1,0,0,0,0,1,0
1710018,0,0,1,1,0,0,0,1,1,0
1710021,0,0,0,0,0,0,0,0,0,0
1710024,0,1,0,0,0,0,0,0,0,0
1710027,0,0,0,0,0,0,0,0,0,0
1720001,0,0,0,0,0,0,0,1,1,0
1720004,0,1,1,0,0,0,1,1,1,0
1720007,0,0,0,0,0,0,1,1,1,0
1720010,0,,0,0,0,0,0,1,1,0
1720013,0,0,1,0,0,0,0,1,1,0
1720015,0,0,0,0,0,0,0,1,1,0
1720018,0,1,0,0,0,0,0,1,1,0
1720021,0,0,0,1,0,0,0,1,1,0
1720024,0,0,0,1,0,0,1,1,1,0
1720027,0,1,0,1,1,0,1,1,1,0
1730001,0,0,0,0,0,0,0,0,1,0
1730004,0,1,1,1,0,0,0,0,1,1
1730007,0,0,0,0,0,0,0,0,0,0
1730010,0,0,1,0,1,0,0,1,1,0
1730013,0,0,0,0,0,0,0,0,0,0
1730015,0,0,0,0,0,0,0,1,1,0
1730018,0,0,1,0,0,0,0,0,0,0
1730021,0,0,0,0,0,0,0,0,1,0
1730024,0,0,0,0,0,0,0,0,0,0
1730027,0,0,0,0,0,1,0,1,1,1
1740001,0,0,0,0,0,0,0,0,0,0
1740004,0,0,0,0,0,0,0,0,0,0
1740007,0,0,1,0,0,0,0,0,0,0
1740015,0,,0,0,0,0,0,0,0,0
1740018,0,0,0,0,0,0,0,0,0,0
1740021,0,0,0,0,0,0,0,0,0,0
1740024,0,0,0,0,0,0,0,0,0,0
1740027,0,0,0,0,0,0,0,0,0,0
1750001,0,1,0,1,0,0,0,1,1,1
1750004,0,1,0,1,0,0,1,0,1,1
1750007,0,0,0,0,0,0,0,0,1,0
1750010,0,0,0,0,0,0,0,0,0,0
1750013,0,1,0,0,0,0,0,1,1,0
1750015,0,0,1,1,0,0,0,1,1,0
1750018,0,1,1,0,0,0,0,0,1,0
1750021,0,0,0,1,0,0,1,1,1,0
1750024,0,0,0,1,0,1,0,0,1,0
1750027,0,0,0,1,0,1,0,0,1,0
1760001,0,0,0,0,1,0,0,1,1,0
1760004,0,1,0,1,0,0,0,1,1,0
1760007,0,0,0,0,0,0,0,1,1,0
1760010,0,,1,0,0,0,0,0,1,0
1760013,0,,1,1,0,0,0,1,1,0
1760015,0,0,1,0,0,0,0,1,1,0
1760018,0,0,0,1,1,0,0,0,1,1
1760021,0,0,0,0,0,0,1,1,0,0
1760024,0,1,0,1,0,0,1,1,1,0
1760027,0,1,0,0,1,0,1,1,1,0
1770001,0,1,0,0,0,1,0,0,1,0
1770004,0,0,0,1,0,0,1,1,1,0
1770007,0,0,0,1,0,0,1,1,1,0
1770010,0,0,0,1,0,0,0,0,1,0
1770013,0,0,0,0,0,0,0,0,1,0
1770015,0,1,0,1,0,0,0,1,1,0
1770018,0,0,0,1,0,0,0,1,1,0
1770021,0,0,0,1,0,0,0,1,1,0
1770024,0,1,0,0,0,0,0,1,1,0
1770027,0,0,0,0,0,0,0,0,1,0
1780001,0,0,0,1,1,0,1,1,1,0
1780004,0,1,0,1,0,0,0,1,1,0
1780007,0,0,0,1,0,0,1,1,1,0
1780010,0,1,1,1,0,0,1,1,1,0
1780013,0,1,0,0,0,0,0,0,1,0
1780015,0,0,0,1,0,0,0,0,1,1
1780018,0,0,0,1,1,0,1,1,1,0
1780021,0,0,0,0,0,0,1,1,1,0
1780024,1,0,0,0,0,0,1,1,1,0
1780027,0,0,0,0,0,0,0,1,1,0
1790001,0,0,0,1,0,1,0,0,0,0
1790010,0,0,0,0,0,0,0,0,1,0
1790013,0,1,0,1,0,0,0,1,0,0
1790015,0,0,0,0,0,0,1,0,0,0
1790018,0,1,0,0,0,0,0,0,1,0
1790024,0,1,0,0,0,0,0,0,1,0
1790027,0,1,0,0,0,0,0,0,1,0
1800001,0,1,0,0,0,1,0,0,1,0
1800004,0,1,1,1,0,1,0,1,1,0
1800007,0,,0,1,1,0,0,1,1,1
1800010,0,1,1,1,0,1,1,1,1,0
1800013,0,0,0,1,0,1,1,1,1,0
1800015,0,0,0,1,0,1,1,1,1,1
1800018,0,,0,0,0,1,1,1,1,0
1800021,0,,0,1,0,1,1,1,1,0
1800024,0,0,1,0,0,0,1,1,1,1
1800027,0,0,0,1,0,0,1,0,1,0
1810001,0,0,0,0,0,1,0,0,0,0
1810004,0,0,0,0,0,0,0,0,0,0
1810010,0,0,0,0,0,1,0,1,0,0
1810013,0,0,0,0,0,0,0,0,0,0
1810015,0,0,0,0,0,0,0,0,0,0
1810021,0,1,0,1,0,0,0,0,1,0
1810024,0,0,0,0,0,0,0,0,0,0
1810027,0,0,1,1,0,0,1,1,1,1
1820001,0,1,1,1,0,0,0,0,1,0
1820004,0,1,0,0,0,0,0,1,1,0
1820007,0,0,0,0,0,0,1,1,0,1
1820010,0,0,0,0,0,0,0,1,1,0
1820013,0,1,0,1,0,0,0,1,1,1
1820015,0,,0,0,0,0,1,0,1,0
1820018,0,1,0,0,0,0,0,1,1,0
1820024,0,,1,1,0,0,0,1,1,0
1820027,0,,0,0,0,0,0,0,1,0
1830001,0,0,0,0,0,0,0,1,0,0
1830004,0,0,0,0,0,0,0,0,0,0
1830007,0,0,0,0,0,0,0,1,0,0
1830010,0,0,0,1,0,0,0,0,0,0
1830013,0,0,0,0,0,1,0,0,0,0
1830015,0,0,0,0,0,1,0,0,0,0
1830018,0,,1,0,0,0,0,1,0,0
1830021,0,0,1,1,0,0,0,1,0,1
1830024,0,0,0,0,0,1,0,1,0,0
1830027,1,1,0,0,0,0,0,0,0,0
1840001,0,0,0,0,0,0,0,0,0,0
1840004,0,0,0,0,0,0,0,0,0,0
1840007,0,0,0,0,0,1,0,0,0,0
1840010,0,0,0,0,0,0,0,0,0,0
1840013,1,0,0,0,0,0,0,0,0,0
1840015,0,0,0,0,0,0,0,1,0,0
1840018,,,0,0,0,0,0,0,0,0
1840021,0,0,0,0,0,0,0,0,0,0
1840024,0,1,0,0,0,0,0,0,0,0
1840027,0,0,0,0,0,0,0,1,0,0
1850001,0,0,0,0,0,0,0,0,0,0
1850004,1,1,0,1,0,0,0,0,0,0
1850007,0,0,0,0,0,0,0,0,0,0
1850010,0,0,0,0,0,1,0,0,1,0
1850013,0,0,0,0,0,0,0,0,0,0
1850015,0,0,0,0,0,0,0,0,0,0
1850018,0,1,0,0,0,0,0,0,0,0
1850021,0,0,0,0,0,0,0,0,0,0
1850024,0,0,0,0,0,0,0,0,0,0
1850027,0,0,0,0,0,0,0,0,0,0
1860001,0,1,1,1,1,0,0,1,1,0
1860004,0,0,0,0,0,0,0,1,1,0
1860007,0,1,0,1,0,0,0,1,1,0
1860010,0,0,0,1,0,0,1,1,1,0
1860013,0,1,0,1,1,0,1,1,1,0
1860015,0,0,0,0,1,0,0,1,1,0
1860018,1,1,0,0,0,0,0,1,1,0
1860021,0,0,0,0,0,0,1,1,1,0
1860024,0,0,1,1,0,1,0,1,1,0
1860027,0,1,0,1,1,1,1,1,1,0
1870001,0,,0,1,0,0,1,1,1,0
1870004,0,1,0,1,0,0,1,1,1,1
1870007,0,0,0,1,0,0,1,1,1,1
1870010,0,0,0,1,0,0,1,1,1,0
1870013,0,0,0,1,0,0,1,1,1,0
1870015,1,0,0,1,0,0,1,1,1,0
1870018,0,0,0,1,0,0,1,1,1,0
1870021,0,0,0,1,0,0,1,1,1,1
1870024,0,,0,1,0,0,0,0,1,0
1870027,0,0,0,1,0,1,1,1,0,1
1880001,0,0,0,0,0,0,1,0,0,0
1880004,0,0,0,1,0,0,1,0,0,0
1880007,0,1,0,0,0,0,0,0,0,0
1880010,0,1,0,0,0,0,1,0,0,0
1880013,1,1,0,1,0,0,1,0,0,0
1880015,0,0,0,1,0,0,1,1,0,0
1880018,0,0,0,0,0,0,0,1,0,0
1880021,0,0,0,0,0,0,1,0,0,0
1880024,0,0,0,1,0,0,0,0,0,0
1880027,0,1,0,1,0,0,0,1,1,0
1890001,0,0,0,0,1,0,1,1,1,1
1890004,0,1,1,1,0,0,0,1,1,0
1890010,0,0,0,0,0,0,0,0,1,0
1890013,0,0,0,0,0,0,0,1,1,0
1890015,0,0,0,1,0,0,1,1,1,0
1890018,0,0,0,1,0,0,1,1,1,0
1890021,1,1,0,0,0,0,0,1,1,0
1890024,0,0,0,1,0,0,0,1,1,1
1890027,0,1,0,1,0,0,0,1,1,1
1900001,0,0,0,1,0,0,1,1,0,0
1900004,0,0,1,1,0,0,1,1,1,0
1900007,0,,0,0,0,0,0,0,0,0
1900010,0,0,0,0,0,0,0,0,0,0
1900013,0,1,0,0,0,0,0,0,0,0
1900015,0,0,0,0,0,0,1,1,0,0
1900018,0,0,0,1,0,0,1,0,0,0
1900021,0,0,0,0,0,0,0,0,0,0
1900027,0,0,0,0,0,0,1,0,0,0
1920001,0,0,1,1,1,0,1,1,1,1
1920004,0,0,1,1,1,0,1,1,1,1
1920007,0,1,1,1,1,0,1,1,1,0
1920010,0,0,1,1,1,0,1,1,1,0
1920013,1,1,1,1,1,0,1,1,1,1
1920015,0,1,1,1,1,0,1,1,1,1
1920018,0,1,1,1,1,0,1,1,1,1
1920021,0,1,1,1,1,0,0,1,1,0
1920024,0,1,1,1,1,0,1,1,1,0
1920027,0,1,1,1,1,0,1,1,1,1
1930001,0,1,0,1,0,0,0,1,1,0
1930004,0,0,0,1,0,0,0,0,0,0
1930007,0,0,0,0,0,0,1,0,0,0
1930010,0,0,0,0,0,1,0,0,1,0
1930013,0,0,0,0,0,0,0,0,0,0
1930015,0,0,0,0,0,1,0,0,0,0
1930018,0,0,0,0,0,1,1,1,0,0
1930021,0,1,0,0,0,1,0,0,1,0
1930024,0,0,0,0,0,1,0,0,0,0
1930027,0,1,0,0,0,1,0,0,0,0
1940001,0,1,1,1,1,1,1,1,1,0
1940010,0,0,0,0,1,0,1,1,1,1
1940013,0,,0,0,1,0,1,1,1,0
1940018,0,1,0,1,1,0,1,1,1,1
1950001,0,0,1,1,1,0,0,1,1,1
1950004,0,0,0,1,1,0,1,1,1,0
1950007,0,1,0,1,1,0,1,1,1,1
1950010,0,0,0,1,1,0,1,1,1,1
1950013,0,1,1,1,0,0,1,1,1,1
1950015,0,0,1,1,1,0,1,1,1,0
1950018,0,0,0,1,1,0,1,1,1,1
1950021,0,1,0,1,1,0,1,1,1,1
1950024,0,0,0,0,0,0,1,1,1,0
1950027,0,0,0,0,0,0,0,1,1,0
1960001,0,0,0,0,1,0,0,1,1,0
1960004,0,0,0,0,1,0,0,1,1,1
1960007,0,1,0,0,1,0,1,1,1,1
1960010,0,0,0,0,1,0,0,1,1,0
1960013,0,1,0,0,1,0,1,1,1,0
1960015,0,0,0,0,1,0,1,1,1,1
1960018,0,0,0,0,0,0,0,1,1,1
1960021,0,0,0,1,1,0,1,1,1,0
1960024,0,1,0,1,0,0,1,1,1,1
1960027,1,0,0,1,0,0,1,1,1,0
1970001,0,0,0,0,0,0,0,0,1,0
1970004,0,0,0,0,0,0,0,1,1,0
1970010,0,0,0,0,0,0,0,0,1,0
1970013,0,0,0,0,0,0,0,1,1,1
1970015,0,0,0,0,0,0,0,0,1,0
1970018,0,0,0,1,0,0,0,1,1,0
1970021,0,,0,0,0,0,0,1,1,0
1970024,0,0,0,0,0,0,0,1,1,0
1970027,0,0,0,0,1,0,0,0,1,0
1980001,0,1,0,0,0,0,0,0,1,0
1980004,0,0,0,0,0,0,1,0,0,0
1980007,0,0,0,0,0,0,0,0,1,0
1980010,0,1,0,1,0,0,0,1,1,1
1980013,1,0,1,0,0,0,0,0,1,0
1980015,0,0,0,1,0,0,1,0,1,1
1980018,1,0,1,1,0,0,1,0,1,0
1980021,0,0,0,1,0,0,1,1,1,0
1980024,1,1,1,1,0,0,1,1,1,1
1980027,0,0,0,0,0,1,0,0,1,0
1990001,0,0,1,1,0,0,1,1,1,0
1990004,0,0,0,1,0,0,1,0,1,1
1990007,0,0,0,0,0,0,0,1,1,0
1990010,0,0,0,1,0,0,1,1,1,1
1990013,0,0,1,1,0,0,0,1,1,1
1990015,0,1,0,1,0,0,1,1,1,0
1990018,0,0,0,1,0,0,1,1,1,0
1990021,0,1,1,1,0,0,0,1,1,1
1990024,0,0,1,1,0,0,1,1,1,1
1990027,0,0,0,1,0,0,1,1,1,0
2000001,0,0,0,1,1,0,1,1,1,1
2000004,0,1,0,0,0,0,0,0,1,0
2000007,0,0,0,1,0,0,1,0,1,1
2000010,0,0,0,0,0,0,1,0,1,0
2000013,1,1,1,1,1,0,1,1,1,0
2000015,1,1,0,1,1,0,1,1,1,1
2000018,1,0,0,1,0,0,1,1,1,0
2000021,0,0,0,1,0,0,1,0,1,1
2000024,0,1,0,1,0,0,0,1,0,0
2000027,0,0,0,0,0,0,0,1,0,0
2010001,0,0,0,0,0,0,0,0,1,0
2010004,0,1,0,0,0,0,0,1,1,0
2010007,0,0,1,1,0,0,0,0,1,0
2010010,0,0,0,1,0,0,1,1,1,0
2010013,0,1,0,1,0,0,0,1,1,0
2010015,0,1,0,1,0,0,1,1,1,0
2010018,0,0,0,0,0,0,0,0,1,0
2010021,0,0,0,0,0,0,1,1,0,0
2010024,0,1,0,1,0,0,1,1,1,0
2010027,0,0,0,0,0,0,0,0,1,0
2020001,0,0,0,0,0,1,0,0,0,0
2020004,0,0,0,0,0,0,0,0,0,0
2020007,0,0,0,0,0,0,0,0,0,0
2020010,0,0,0,0,0,0,0,0,0,0
2020015,0,1,0,0,0,0,0,1,1,0
2020018,0,0,0,0,0,0,0,0,0,0
2020021,0,0,0,0,0,0,0,0,0,0
2020024,0,0,0,0,0,0,0,0,0,0
2020027,0,0,0,0,0,1,0,0,0,0
2030001,0,0,0,1,0,0,0,0,1,0
2030004,0,0,0,1,0,0,0,1,1,0
2030007,0,1,1,1,1,0,1,1,1,1
2030010,0,1,0,0,0,0,0,1,1,0
2030013,1,1,1,1,0,0,1,1,1,1
2030015,0,1,1,1,0,0,0,0,1,0
2030021,0,1,0,1,1,0,0,0,1,1
2030024,0,0,0,1,0,0,1,1,0,1
2030027,0,1,0,1,1,0,0,1,1,0
2040001,0,0,0,0,0,0,0,0,1,0
2040004,0,0,0,0,0,0,0,0,1,0
2040007,0,0,0,0,0,0,0,0,1,0
2040010,0,1,0,1,0,1,0,1,1,0
2040013,0,0,0,1,0,0,0,1,1,1
2040015,0,0,0,0,0,1,0,0,1,0
2040018,0,0,0,0,0,0,0,1,1,0
2040021,0,0,0,0,0,0,0,0,1,0
2040024,0,1,0,0,0,0,1,0,1,0
2040027,0,0,0,0,0,1,0,0,1,0
2050001,0,0,0,1,0,0,1,1,1,0
2050004,0,0,0,1,1,0,1,1,1,0
2050007,0,0,0,0,0,0,1,1,1,1
2050010,0,1,1,1,0,0,1,1,1,0
2050013,0,1,1,1,0,0,1,0,1,0
2050015,0,0,1,1,0,0,0,0,1,0
2050021,1,0,0,0,0,0,0,1,1,0
2050024,0,0,0,1,0,0,1,1,1,0
2050027,0,0,0,1,0,0,1,1,1,0
2060001,0,0,0,0,0,0,0,0,0,0
2060004,0,1,0,0,0,0,0,0,0,0
2060010,0,,0,0,0,1,0,0,0,0
2060013,0,1,0,0,0,0,0,0,0,0
2060015,0,0,0,0,0,0,0,0,0,0
2060018,0,0,0,0,0,0,0,0,0,0
2060021,0,0,0,1,0,0,1,1,1,0
2060024,0,,0,0,0,0,0,0,0,0
2060027,0,0,0,1,0,0,0,0,0,0
2070001,0,0,0,0,0,0,0,0,0,0
2070004,1,0,0,0,0,0,0,0,0,0
2070007,0,0,0,0,0,0,0,0,0,0
2070010,0,0,1,1,0,0,0,0,0,0
2070013,0,,0,0,0,0,0,0,0,0
2070018,0,0,1,0,0,1,0,0,0,0
2070021,0,0,0,0,0,1,0,0,0,0
2070024,0,0,0,0,0,0,0,0,0,0
2070027,0,1,0,0,0,0,0,0,0,0
2080001,0,0,1,1,1,0,1,1,1,0
2080004,0,0,0,1,0,0,1,1,1,0
2080007,0,0,0,0,0,0,0,0,1,0
2080010,0,0,0,1,0,0,1,0,1,0
2080013,0,1,0,1,0,0,1,1,1,0
2080015,0,0,0,0,0,0,1,0,1,0
2080018,1,0,1,1,0,0,1,1,1,0
2080021,0,0,0,0,0,0,1,1,1,0
2080024,0,1,1,1,1,0,1,1,1,0
2080027,0,0,0,1,0,0,1,1,1,0
2090001,0,0,0,0,0,0,0,1,1,0
2090004,0,0,0,0,0,0,0,1,1,0
2090007,0,0,0,0,0,0,0,1,1,0
2090010,0,1,0,0,0,0,0,1,1,0
2090013,0,0,0,0,0,0,0,1,1,0
2090018,1,0,0,0,0,0,1,1,1,1
2090021,0,0,0,0,0,0,0,0,1,0
2090024,0,1,1,1,0,0,0,1,1,0
2090027,0,1,0,1,0,0,0,1,1,0
2100001,0,0,0,0,0,0,1,0,0,0
2100004,0,0,0,0,0,0,0,1,0,0
2100007,0,1,0,0,0,0,1,0,0,0
2100015,0,0,1,0,0,0,0,1,0,0
2100018,0,1,0,0,0,0,0,1,0,0
2100021,1,0,0,0,0,0,0,0,0,0
2100024,0,0,0,0,0,0,0,1,0,0
2100027,0,1,0,0,0,1,0,1,0,0
2110001,0,1,0,0,0,0,1,1,1,0
2110004,0,0,0,0,1,0,0,1,1,0
2110007,1,0,0,1,0,0,1,1,1,0
2110010,0,1,1,0,0,0,0,1,1,0
2110013,0,0,0,1,0,0,1,1,1,1
2110015,0,1,1,1,0,0,0,1,1,0
2110018,0,0,0,0,0,0,1,1,1,0
2110021,1,1,0,1,0,0,1,1,1,0
2110024,1,1,0,1,0,0,0,1,1,0
2110027,0,0,0,0,0,0,1,1,1,0
2120001,0,0,0,0,0,0,0,0,1,0
2120007,0,0,1,1,0,0,0,1,1,0
2120010,0,0,0,0,0,0,0,0,1,0
2120013,0,0,0,1,0,0,1,1,1,1
2120015,0,0,0,0,0,0,1,1,1,0
2120018,0,0,0,0,0,0,0,1,1,0
2120021,0,0,1,1,0,0,1,1,1,1
2120024,0,0,1,1,0,0,1,1,1,0
2120027,0,0,0,1,0,0,1,1,1,0
2130001,0,1,1,1,0,0,1,0,1,0
2130004,0,1,1,1,0,0,1,0,1,0
2130007,0,0,0,0,0,0,0,0,0,0
2130010,0,1,0,0,0,0,0,0,1,0
2130013,0,0,0,1,0,0,0,1,1,0
2130018,0,0,0,0,0,0,0,0,1,0
2130021,0,0,0,1,0,0,0,1,1,0
2130024,0,0,0,1,1,0,1,1,1,1
2130027,0,0,0,0,0,0,0,1,1,0
2140001,0,0,0,1,1,0,1,1,1,1
2140007,1,1,1,1,0,0,1,1,1,0
2140010,1,0,1,1,0,0,0,0,1,0
2140013,0,0,0,0,0,0,0,0,1,0
2140015,0,1,1,0,0,0,1,1,1,0
2140018,0,1,1,1,0,0,1,1,1,0
2140021,0,0,0,0,0,0,1,0,1,0
2140024,0,0,0,1,0,0,0,0,1,0
2140027,0,0,1,1,0,0,0,0,1,0
2150001,1,0,0,0,0,0,0,0,0,0
2150004,0,1,1,0,0,0,0,0,0,0
2150007,0,0,0,0,0,0,0,0,0,0
2150010,0,1,0,0,0,0,0,0,0,0
2150013,,,0,0,0,0,0,0,0,0
2150015,1,0,0,0,0,0,0,0,0,0
2150018,0,0,0,0,0,0,0,1,1,0
2150021,1,1,0,0,0,0,0,1,0,0
2150024,0,1,1,0,0,0,1,0,0,0
2150027,0,0,0,1,0,0,1,0,1,1
2160001,0,1,0,1,0,0,1,1,1,0
2160004,0,0,0,1,0,1,1,1,1,0
2160007,0,0,0,0,0,1,1,1,1,1
2160010,1,1,1,0,0,0,1,1,1,0
2160013,0,1,1,1,0,1,1,1,1,1
2160015,0,1,1,1,0,0,1,1,1,1
2160018,0,0,1,1,0,1,1,1,1,0
2160021,0,1,1,1,0,1,1,1,1,1
2160024,0,1,0,0,0,1,1,1,1,0
2160027,0,1,1,0,0,1,1,1,1,0
2170001,0,1,0,0,0,0,1,1,1,0
2170004,0,0,0,1,0,0,1,1,1,0
2170010,0,1,1,1,0,0,1,1,1,1
2170013,1,1,1,1,0,0,0,1,1,0
2170015,0,1,1,1,0,0,1,1,1,0
2170018,0,1,0,0,0,1,1,1,1,0
2170021,0,1,1,1,0,1,1,1,1,0
2170024,0,0,1,1,0,0,0,1,1,1
2170027,1,1,0,1,0,0,1,1,1,0
2180001,0,1,0,1,0,1,1,1,0,0
2180004,0,1,1,0,0,1,1,1,1,1
2180007,0,0,0,0,0,1,0,0,0,0
2180010,0,0,1,1,0,1,1,1,1,0
2180013,1,1,1,1,0,1,1,1,1,1
2180015,0,,0,0,0,1,0,0,1,0
2180018,1,1,1,1,0,0,0,1,1,1
2180021,0,0,1,0,0,1,1,1,1,1
2180024,0,0,0,1,0,1,0,0,1,0
2180027,0,1,1,0,0,1,0,1,1,0
2190001,0,1,0,0,0,0,1,1,1,0
2190004,0,0,0,0,0,0,1,0,1,0
2190007,0,0,0,1,0,0,1,1,1,0
2190010,0,0,0,1,0,0,1,1,1,0
2190013,0,1,1,1,0,0,1,1,1,1
2190015,1,1,1,1,0,0,1,1,1,1
2190018,0,0,1,1,1,0,1,1,1,1
2190024,0,1,0,1,0,0,1,1,1,0
2190027,0,,1,1,1,0,1,1,1,1
2200001,0,0,0,0,0,0,0,0,0,0
2200004,0,0,0,0,0,0,0,0,0,0
2200007,0,0,0,0,0,1,0,0,0,0
2200010,0,1,0,0,0,0,0,0,0,0
2200013,0,0,0,0,0,0,0,0,0,0
2200015,0,0,0,0,0,1,0,1,0,0
2200018,0,0,0,0,0,0,0,0,0,0
2200021,0,0,0,0,0,1,0,0,0,0
2200024,0,0,0,0,0,1,0,0,0,0
2200027,0,0,0,0,0,0,0,0,0,0
2220001,0,0,0,0,0,0,1,1,1,0
2220004,0,0,0,0,0,0,0,0,0,0
2220007,0,0,0,0,0,0,0,0,0,0
2220010,0,0,0,0,0,0,0,0,0,0
2220013,0,0,0,0,0,0,0,0,0,0
2220015,0,0,0,0,0,0,0,0,0,0
2220018,0,0,0,0,0,0,0,1,0,0
2220021,0,0,0,0,0,0,0,0,0,0
2220024,0,0,0,0,0,0,0,0,0,0
2220027,0,1,1,1,0,0,0,1,1,0
2230001,0,0,0,0,0,0,0,1,1,0
2230004,0,0,0,0,0,0,1,1,1,0
2230007,0,0,1,0,0,0,0,0,1,0
2230010,0,0,0,1,0,0,0,0,1,0
2230013,0,0,1,1,0,0,0,0,1,0
2230015,0,0,0,0,0,0,1,0,1,0
2230018,0,0,0,0,0,0,1,1,1,0
2230021,0,0,0,1,0,0,1,1,1,1
2230024,0,0,0,0,0,0,0,1,1,0
2230027,0,0,0,1,0,0,1,1,1,1
2240001,0,1,1,1,0,0,1,1,1,0
2240004,0,1,1,1,0,0,1,1,1,0
2240007,0,1,1,0,0,0,1,1,1,0
2240010,0,0,0,1,0,0,1,1,1,1
2240013,0,1,1,0,0,0,1,1,1,1
2240015,0,1,1,0,0,0,1,1,1,0
2240018,0,1,1,1,0,0,1,1,0,0
2240021,0,1,1,1,0,0,1,1,1,1
2240024,0,1,1,1,0,0,1,1,0,1
2240027,0,,1,1,0,0,1,1,1,1
2250001,0,0,1,1,0,0,0,0,0,0
2250004,0,0,0,1,0,0,1,1,0,0
2250007,0,0,1,0,0,0,0,1,1,1
2250010,0,0,0,0,0,0,1,1,1,0
2250013,0,0,1,0,0,0,0,0,1,1
2250015,0,1,0,1,0,0,1,0,0,1
2250018,1,1,0,0,0,0,0,0,0,0
2250021,0,0,1,1,0,0,0,1,0,0
2250024,0,,0,0,0,0,0,0,0,0
2250027,0,1,0,0,0,0,0,1,1,0
2260001,0,,0,0,0,0,0,0,0,0
2260004,0,0,0,0,0,0,0,0,0,0
2260007,0,0,0,0,0,0,1,0,0,0
2260010,0,0,0,0,0,0,0,1,0,0
2260013,0,0,1,1,0,0,0,0,0,0
2260015,1,1,1,0,0,0,0,1,0,0
2260018,0,,0,0,0,0,0,0,0,0
2260021,0,1,0,0,0,0,0,0,0,0
2260024,0,1,1,0,0,0,0,1,0,0
2260027,0,0,0,1,0,0,0,1,0,0
2270001,0,1,1,0,0,0,0,1,1,0
2270004,0,1,1,1,0,0,0,1,1,0
2270007,0,1,1,1,0,0,0,1,1,0
2270010,0,1,1,1,0,0,1,1,1,0
2270013,0,1,1,1,0,0,1,1,1,0
2270015,1,1,0,0,0,0,1,1,1,0
2270018,0,0,0,1,0,0,1,1,1,1
2270021,0,1,0,0,0,0,0,1,1,0
2270024,0,1,1,0,0,0,1,1,1,0
2270027,0,0,1,1,0,0,0,0,1,0
2280001,0,1,1,1,0,1,1,1,1,0
2280004,0,1,1,1,0,0,1,1,1,0
2280007,0,1,1,1,0,1,1,1,1,1
2280010,0,1,0,1,0,1,1,1,1,1
2280013,0,0,1,0,0,0,1,1,1,0
2280015,0,0,0,1,1,0,1,1,1,0
2280018,0,0,1,1,1,0,1,1,1,1
2280021,0,0,0,1,1,1,1,1,1,0
2280024,0,1,1,1,0,1,1,1,1,0
2280027,0,1,0,1,0,1,1,1,1,0
2290001,0,0,0,0,0,0,1,0,1,0
2290004,0,0,0,0,0,0,1,0,1,0
2290007,0,0,0,0,0,0,0,0,1,0
2290010,0,1,0,1,0,1,1,1,1,0
2290013,1,0,0,0,0,1,1,1,1,1
2290015,0,0,0,0,0,1,0,0,0,0
2290018,0,0,1,0,0,1,1,1,1,0
2290021,0,1,0,0,0,1,1,1,1,0
2290024,0,,0,0,1,1,0,1,1,0
2290027,0,1,0,1,0,0,1,0,1,0
2300001,0,1,1,1,1,0,1,1,1,0
2300004,0,1,1,1,1,0,1,1,1,1
2300007,0,1,1,1,1,0,1,1,1,0
2300010,0,0,1,1,1,0,1,1,1,1
2300015,0,1,0,1,1,0,1,1,1,0
2300018,0,1,0,1,1,0,1,1,1,1
2300021,0,1,1,1,1,0,1,1,1,0
2300024,1,1,1,1,1,0,1,1,1,1
2300027,0,1,0,1,1,0,1,1,1,0
2310001,0,,0,0,0,0,0,0,0,0
2310007,0,0,0,0,0,0,0,0,0,0
2310010,0,1,0,0,0,0,0,0,0,0
2310013,0,0,0,0,0,0,0,0,0,0
2310015,0,0,0,1,0,1,0,0,0,0
2310018,0,0,0,0,0,1,0,0,0,0
2310024,0,,0,0,0,0,0,0,0,0
2310027,0,0,0,0,0,0,0,0,0,0
2320001,0,,1,0,0,0,0,0,0,1
2320007,0,,0,0,0,0,0,1,1,0
2320010,0,1,0,0,0,0,0,0,0,0
2320013,0,1,0,0,0,0,0,0,0,1
2320015,0,1,0,0,0,1,0,0,0,0
2320018,0,0,0,0,0,0,0,1,0,0
2320024,0,0,0,0,0,0,0,0,0,0
2320027,0,,0,0,0,0,0,0,0,0
2330001,0,0,0,1,0,0,0,0,1,1
2330004,0,1,1,1,0,0,1,1,1,0
2330007,0,1,0,1,0,0,1,1,1,1
2330010,0,1,1,1,0,0,1,1,1,1
2330013,0,0,0,0,0,0,0,1,1,0
2330015,0,1,0,1,0,0,0,1,1,0
2330018,0,0,1,1,0,0,1,1,1,1
2330021,1,1,0,1,0,0,0,1,1,0
2330024,0,1,1,0,0,0,0,1,1,1
2330027,0,1,0,1,0,0,0,0,1,0
2340001,0,1,0,1,0,0,0,1,1,0
2340004,0,1,1,0,0,0,1,1,1,1
2340007,0,1,1,0,0,0,1,1,1,0
2340010,1,0,1,1,0,0,1,1,1,0
2340013,0,1,0,1,0,0,1,1,1,0
2340015,0,1,1,1,0,0,0,1,1,0
2340018,0,1,1,1,0,0,1,1,1,0
2340021,1,0,1,1,0,0,1,1,1,0
2340024,0,1,1,1,0,0,1,1,1,1
2340027,0,0,1,0,0,0,1,1,1,0
2350001,1,1,1,0,0,0,0,1,0,0
2350004,0,0,0,0,0,0,0,0,0,0
2350007,0,0,1,1,0,0,0,1,1,0
2350010,0,0,0,1,0,0,0,0,0,1
2350013,0,0,0,0,0,0,0,0,0,0
2350015,0,0,1,1,0,0,0,0,0,0
2350018,0,1,1,1,0,0,0,1,0,0
2350021,0,0,0,0,0,0,1,0,0,0
2350024,0,0,0,0,0,0,0,0,0,0
2350027,0,0,0,0,0,0,0,1,0,0
2360001,0,1,1,0,0,1,1,1,1,1
2360004,0,0,1,1,1,0,1,1,1,0
2360007,0,1,1,0,1,1,1,1,1,0
2360010,0,1,1,1,1,0,1,1,1,1
2360013,0,0,0,0,1,1,1,1,1,0
2360015,0,1,1,0,1,0,1,1,1,0
2360021,0,1,0,1,1,0,1,1,1,1
2360024,0,1,0,1,1,0,1,1,1,1
2360027,0,1,1,0,1,0,1,1,1,0
2370001,0,0,0,0,0,0,0,1,0,0
2370004,0,0,0,0,0,0,0,0,0,0
2370007,0,1,0,0,0,0,1,1,0,0
2370010,0,1,0,0,0,0,1,1,0,0
2370013,0,1,0,0,0,0,1,0,0,0
2370015,0,0,0,0,0,0,1,1,0,0
2370021,0,0,0,0,0,0,1,1,0,1
2370024,0,0,0,0,0,0,0,0,0,0
2370027,0,0,0,0,0,0,0,0,0,0
2380001,0,1,1,0,0,0,1,1,1,0
2380004,0,1,0,0,0,0,1,1,1,0
2380007,0,0,1,1,0,0,1,1,1,1
2380010,0,0,0,0,0,0,0,1,1,0
2380013,1,1,0,0,0,0,1,1,1,0
2380021,0,1,0,0,0,0,1,0,0,0
2380024,0,1,1,1,0,0,1,1,1,0
2380027,0,0,1,0,0,0,0,1,1,1
2390001,0,0,0,0,0,1,0,0,0,0
2390007,0,0,0,0,0,0,1,1,0,0
2390010,1,0,0,0,0,0,1,1,0,0
2390013,0,,1,0,0,0,0,0,0,0
2390015,0,0,0,0,0,0,0,1,0,1
2390021,0,0,0,0,0,0,0,0,0,0
2390024,0,1,1,0,0,0,0,0,0,0
2390027,0,0,0,0,0,0,0,0,0,0
2400004,1,1,1,0,0,0,0,1,0,0
2400007,0,1,1,0,0,0,0,1,0,0
2400010,0,,0,0,0,0,0,1,0,0
2400013,0,0,0,0,0,0,0,0,0,0
2400015,0,1,0,0,0,0,0,0,0,0
2400018,0,0,0,0,0,0,0,1,0,0
2400024,0,0,0,1,0,0,1,0,0,1
2400027,0,1,1,0,0,0,1,0,0,0
2410001,0,1,1,0,0,0,0,1,1,0
2410004,0,0,1,1,0,0,1,1,1,1
2410007,0,1,1,1,0,0,1,1,1,1
2410010,0,1,1,1,0,0,1,1,1,1
2410013,0,0,1,1,0,0,1,1,1,0
2410015,0,1,1,1,0,0,1,1,1,1
2410018,0,1,1,0,0,0,1,1,1,0
2410021,0,0,0,1,0,0,1,1,1,0
2410024,0,0,1,1,0,0,1,1,1,0
2410027,0,1,1,1,0,0,1,1,1,0
2420001,0,0,1,0,0,1,1,1,1,1
2420004,0,0,0,0,0,1,1,1,1,0
2420007,0,1,1,1,0,1,1,1,1,1
2420010,0,1,1,1,0,1,1,1,1,0
2420013,0,1,1,0,1,1,1,1,1,0
2420015,,,1,1,1,1,1,1,1,1
2420018,0,0,1,0,0,1,1,1,1,1
2420021,0,0,0,1,0,0,1,1,1,0
2420024,0,0,1,1,0,1,1,1,1,1
2420027,0,0,1,1,0,1,0,1,1,1
2430001,0,1,1,1,0,0,0,1,1,0
2430004,0,1,0,1,0,0,1,1,1,0
2430007,0,0,0,0,0,0,1,1,1,0
2430010,0,1,0,0,0,0,1,1,0,0
2430013,0,1,1,0,0,0,1,1,1,0
2430015,0,1,1,0,0,0,0,0,1,0
2430018,0,0,0,0,0,0,0,0,0,0
2430021,0,1,0,0,0,1,1,0,0,0
2430024,0,0,0,0,0,1,1,1,1,0
2430027,0,1,1,1,0,0,1,1,1,0
2440001,0,1,1,0,0,1,1,1,0,0
2440004,0,0,1,1,0,1,0,1,0,0
2440007,0,1,1,0,0,0,1,0,0,0
2440010,0,1,1,1,0,1,1,1,0,0
2440013,0,1,0,0,0,1,0,1,1,1
2440015,0,0,0,0,0,1,0,1,0,0
2440018,0,0,0,0,0,1,1,1,0,0
2440021,0,1,1,0,0,1,1,0,0,0
2440024,0,0,0,0,0,0,0,0,0,0
2440027,0,,0,1,0,1,1,1,0,0
2450001,0,0,0,0,0,0,0,0,0,0
2450004,0,0,0,0,0,0,0,0,0,0
2450007,0,0,0,0,0,0,0,0,0,0
2450013,0,0,0,0,0,0,0,0,0,0
2450015,0,0,0,0,0,0,1,0,0,1
2450018,0,,0,0,0,0,0,0,0,0
2450021,0,0,0,0,0,0,0,0,0,0
2460001,0,,0,1,1,0,1,1,1,1
2460004,0,0,0,1,0,0,0,0,1,1
2460007,1,0,0,1,0,0,0,0,1,1
2460010,0,1,0,0,0,0,1,0,1,0
2460013,0,0,1,1,0,0,1,1,1,1
2460015,0,1,1,1,1,0,0,1,1,0
2460018,0,1,1,1,1,0,1,1,1,0
2460021,0,0,0,1,1,0,0,1,1,0
2460024,0,1,1,0,0,0,0,1,1,0
2460027,0,1,1,1,0,0,0,1,1,1
2470001,0,1,1,1,0,0,1,1,1,0
2470004,1,1,0,1,0,0,1,1,0,0
2470007,0,0,0,1,0,0,1,1,0,1
2470010,0,0,0,1,0,0,0,0,0,0
2470013,0,0,1,1,0,0,1,1,0,1
2470015,0,0,1,1,0,0,1,1,0,1
2470018,,,1,1,1,0,1,1,1,1
2470021,0,1,0,1,1,0,1,1,1,1
2470024,0,,1,1,0,0,1,1,1,0
2470027,0,,0,0,0,0,1,0,0,0
2480001,0,0,0,0,0,0,0,0,0,0
2480004,0,0,0,0,0,0,0,0,0,0
2480007,0,1,1,0,0,0,0,0,0,0
2480010,0,1,0,0,0,0,0,0,0,0
2480013,0,0,1,1,0,0,1,0,0,1
2480015,0,0,0,0,0,0,0,0,0,0
2480018,1,1,0,1,0,0,0,0,0,0
2480021,0,1,0,0,0,0,0,0,0,0
2480024,0,,1,0,0,0,0,0,0,0
2480027,0,0,0,1,0,0,1,0,0,0
2490001,0,1,1,0,0,0,1,1,1,1
2490004,0,1,0,0,0,0,0,0,0,0
2490007,0,0,1,1,0,0,1,1,1,1
2490010,0,0,1,0,0,1,1,1,1,1
2490013,0,0,1,1,0,0,1,1,1,0
2490015,0,1,1,1,0,0,1,1,1,1
2490018,0,,0,1,0,0,1,1,1,1
2490021,0,1,0,1,0,0,1,1,1,0
2490024,0,0,0,1,0,0,1,1,1,1
2490027,0,1,1,1,1,1,1,1,1,1
2500001,0,1,0,0,0,0,0,0,0,0
2500004,0,0,0,0,0,0,0,0,0,0
2500013,0,,0,0,0,0,1,0,0,0
2500018,0,0,0,0,0,0,0,0,0,0
2500021,0,1,0,0,0,1,0,0,0,0
2500024,0,0,0,0,0,0,0,0,0,0
2500027,0,0,0,0,0,0,0,0,0,0
2510001,0,1,0,0,0,0,1,1,1,0
2510004,0,1,1,0,0,0,1,1,1,1
2510007,0,1,0,1,0,0,1,1,1,0
2510010,0,1,1,0,0,0,1,1,1,0
2510013,,,0,1,0,0,1,1,1,1
2510015,0,1,0,1,0,0,1,1,1,1
2510018,0,1,1,0,0,0,0,1,1,0
2510024,0,1,1,0,0,0,1,1,1,0
2510027,1,1,0,0,1,0,1,1,1,1
2520001,0,1,1,0,0,0,1,0,1,1
2520004,0,1,0,1,0,0,0,1,1,0
2520010,0,1,0,0,0,0,1,0,1,0
2520013,0,0,0,0,0,0,1,0,1,0
2520015,0,1,1,1,0,0,1,1,1,1
2520018,0,0,1,1,0,0,1,0,1,0
2520021,1,1,1,1,0,0,1,1,1,1
2520024,0,0,0,0,0,0,1,0,1,0
2520027,0,1,1,1,0,0,1,1,1,0
2530001,0,1,1,0,0,0,1,1,1,1
2530004,0,1,0,0,0,1,1,1,1,1
2530007,0,1,1,1,0,0,1,1,1,1
2530010,0,1,1,1,0,1,0,1,1,1
2530013,1,1,1,1,0,1,1,1,1,1
2530015,0,0,0,0,0,1,0,1,1,1
2530018,0,1,1,1,1,0,0,1,1,1
2530021,0,1,0,1,1,1,0,1,1,0
2530024,1,1,0,1,1,0,0,1,1,1
2530027,0,1,0,1,0,0,0,1,1,1
2540001,0,1,1,0,0,1,0,0,1,0
2540004,0,0,1,0,0,0,1,1,1,0
2540007,0,1,1,1,1,1,1,1,1,1
2540010,0,1,0,0,1,1,1,1,1,0
2540013,0,1,1,1,1,0,1,1,1,1
2540015,1,1,1,1,1,1,1,1,1,1
2540018,0,0,0,1,1,1,1,1,1,1
2540021,0,0,0,1,1,1,1,1,1,1
2540024,0,0,0,1,1,1,1,1,1,1
2550001,0,1,0,0,0,0,0,0,0,0
2550004,0,1,1,1,0,0,1,1,0,1
2550007,0,1,0,0,0,0,0,0,0,0
2550010,0,1,0,0,0,0,0,0,0,0
2550013,0,0,1,1,0,0,0,1,0,0
2550015,0,0,0,0,0,0,1,0,0,0
2550018,0,1,0,0,0,0,0,0,0,0
2550024,0,,0,0,0,0,0,0,0,0
2550027,1,1,1,0,0,0,0,1,0,0
2560001,0,0,0,0,0,0,0,0,1,0
2560004,0,0,0,0,0,0,1,1,1,0
2560007,0,1,0,1,0,0,1,1,1,0
2560010,0,0,0,1,0,0,1,1,1,0
2560013,0,1,0,1,0,1,1,1,1,0
2560015,0,0,1,1,0,1,1,1,1,0
2560018,0,0,1,1,0,0,1,1,1,1
2560021,0,1,1,1,0,1,1,1,1,1
2560024,0,1,1,1,0,0,1,1,1,1
2560027,0,0,1,1,1,0,1,1,1,1
2570001,0,1,0,1,0,0,1,1,1,1
2570004,0,0,0,0,0,0,0,1,0,1
2570007,0,1,0,0,0,1,0,0,1,0
2570013,0,0,0,1,0,0,1,1,1,1
2570015,0,1,0,0,0,0,1,1,1,0
2570018,0,0,0,1,0,0,1,0,1,1
2570021,0,1,0,1,0,0,0,0,0,0
2570024,0,1,0,1,0,0,0,1,0,0
2570027,0,1,0,1,0,0,1,1,1,1
2580001,0,0,0,1,0,0,1,0,1,1
2580004,0,1,0,1,0,0,0,0,0,0
2580007,0,,0,0,0,0,0,0,0,0
2580010,0,1,1,1,0,0,1,1,1,1
2580013,0,0,0,0,0,0,1,1,1,0
2580015,0,1,1,1,0,0,1,1,1,1
2580018,0,1,1,1,0,0,1,1,1,0
2580021,0,1,1,1,0,0,0,0,1,0
2580024,0,1,1,1,0,0,0,1,1,1
2580027,0,0,1,1,0,0,1,1,1,1
2590001,0,0,1,0,0,0,1,1,1,1
2590004,0,0,0,1,0,0,1,1,1,1
2590007,0,0,1,0,0,1,1,1,1,0
2590010,0,0,0,1,0,0,1,1,1,1
2590013,0,0,0,1,0,0,0,1,1,1
2590015,0,0,0,0,0,0,0,0,1,0
2590018,0,1,1,1,0,0,0,1,1,0
2590021,0,0,1,0,0,0,0,0,1,0
2590024,0,0,0,0,0,0,0,1,1,1
2590027,0,0,0,0,0,0,0,1,1,0
2600001,0,1,1,1,0,0,1,1,1,0
2600004,0,1,0,1,0,1,1,1,1,1
2600007,0,0,1,1,0,1,1,1,1,1
2600010,0,0,1,1,0,1,1,1,1,0
2600013,0,1,1,1,0,1,1,1,1,1
2600015,0,0,1,1,0,1,1,1,1,0
2600018,0,0,1,1,0,0,1,1,1,0
2600021,0,1,1,1,0,1,1,1,1,1
2600024,0,1,0,1,0,1,1,1,1,0
2600027,0,1,0,1,1,0,1,1,1,1
2610001,0,0,0,0,0,0,0,0,0,0
2610004,0,0,0,0,0,0,0,0,0,0
2610007,0,0,1,0,0,0,0,0,0,0
2610010,1,1,0,0,0,0,0,1,0,0
2610013,0,0,0,0,0,0,0,0,0,0
2610015,0,1,0,0,0,0,1,0,0,1
2610018,0,0,0,0,0,0,0,0,0,0
2610021,0,1,1,0,0,0,0,0,0,0
2610024,0,1,1,1,0,0,0,1,1,1
2610027,0,0,0,0,0,0,0,0,0,0
2620001,0,0,1,1,1,1,0,1,1,1
2620004,0,1,1,0,0,1,0,1,1,1
2620007,0,1,0,1,1,1,1,1,1,1
2620010,0,0,0,0,1,1,1,1,1,1
2620013,0,1,1,1,1,1,0,0,1,1
2620015,0,0,1,0,0,1,0,0,1,0
2620018,,,1,1,1,1,1,1,1,0
2620021,0,1,1,1,1,1,1,1,1,1
2620024,1,1,0,1,0,1,1,1,1,1
2620027,0,1,0,1,0,1,0,1,1,1
2630001,0,1,0,0,0,0,1,1,1,1
2630004,1,1,0,1,1,1,1,1,1,1
2630007,0,1,1,1,1,0,1,1,1,1
2630010,0,0,1,1,0,0,0,1,1,0
2630013,0,1,1,1,1,0,1,1,1,1
2630015,0,0,0,1,1,0,1,1,1,1
2630018,1,1,1,1,1,1,0,1,1,1
2630021,0,0,0,0,0,1,1,1,1,0
2630024,0,1,1,0,1,0,1,1,1,0
2630027,0,,0,1,0,1,1,1,1,1
2640004,0,0,0,0,0,0,0,0,0,0
2640007,0,,0,0,0,0,0,0,0,0
2640010,0,0,0,0,0,1,1,0,0,0
2640013,0,0,0,0,0,0,0,0,1,0
2640018,0,,0,1,0,0,0,0,1,0
2640021,0,0,1,1,0,0,0,1,1,0
2640027,0,,0,0,0,0,0,0,0,0
2650001,0,0,0,0,0,0,1,0,1,0
2650007,0,1,0,0,0,0,0,0,1,0
2650010,0,0,1,1,0,0,1,1,1,1
2650013,0,0,0,1,0,0,1,0,1,1
2650015,0,0,0,0,0,0,0,1,1,0
2650018,0,0,0,0,0,0,1,0,1,0
2650021,0,0,0,0,0,0,1,1,1,1
2650024,0,1,1,0,0,0,1,1,1,0
2650027,0,1,1,0,1,0,1,1,1,1
2660001,0,1,0,1,1,1,1,1,1,1
2660004,0,1,1,1,1,1,1,1,1,1
2660007,0,1,1,0,1,1,1,1,1,0
2660010,0,0,0,0,1,1,1,1,1,0
2660013,0,1,1,1,1,0,1,1,1,1
2660015,0,1,0,1,1,1,0,1,1,1
2660018,,,0,0,1,1,1,1,1,1
2660021,0,1,0,0,1,0,0,1,1,1
2660024,0,1,0,0,1,1,1,1,1,1
2660027,1,0,0,1,1,1,1,1,1,1
2670001,0,0,1,1,1,1,1,1,1,1
2670004,0,0,1,1,1,0,1,1,1,1
2670007,0,1,1,1,0,0,1,1,1,1
2670010,0,0,1,1,1,1,1,1,1,0
2670013,0,1,1,0,0,1,0,0,1,1
2670015,0,1,0,0,0,0,1,0,1,1
2670018,0,1,1,1,1,1,1,1,1,1
2670021,0,1,0,1,1,0,1,1,1,1
2670024,0,1,1,1,1,0,1,1,1,1
2670027,0,1,1,1,1,1,1,1,1,1
2680001,0,1,0,0,0,0,0,0,0,0
2680004,0,,1,1,0,0,0,0,0,1
2680007,0,0,0,0,0,0,0,0,0,0
2680010,0,0,1,1,0,0,0,1,0,0
2680013,0,0,0,1,0,0,0,0,0,0
2680018,0,0,0,0,0,0,0,0,0,0
2680021,0,0,1,0,0,0,1,0,0,0
2680024,1,1,1,1,0,0,1,0,0,0
2680027,0,0,0,0,0,0,0,0,0,0
2690001,0,0,0,0,0,0,1,0,0,1
2690004,0,1,0,0,0,0,0,0,0,0
2690007,0,0,0,0,0,0,0,0,0,0
2690010,0,,0,0,0,0,0,0,0,0
2690013,0,0,0,0,0,0,0,0,0,0
2690015,0,1,0,0,0,0,0,0,0,0
2690018,0,1,1,1,0,0,1,0,0,1
2690021,0,1,0,0,0,0,0,0,0,0
2690024,0,1,0,0,0,0,0,0,0,0
2690027,0,0,0,0,0,0,0,0,0,0
2700001,0,0,1,0,0,0,0,0,0,0
2700004,0,0,0,0,0,0,0,0,0,0
2700010,0,0,0,0,0,1,0,0,0,0
2700013,0,0,0,0,0,0,0,0,0,0
2700015,0,0,1,1,0,0,0,0,0,0
2700018,0,0,0,0,0,0,0,0,0,0
2700027,0,0,0,0,0,0,0,0,0,0
2710001,0,0,0,0,0,0,0,0,0,0
2710004,0,1,0,0,0,0,0,0,0,0
2710007,0,0,1,0,0,0,0,0,0,1
2710010,0,0,0,1,0,0,0,0,0,0
2710013,0,0,0,0,0,0,0,0,0,0
2710015,0,0,1,1,0,0,0,0,0,1
2710018,0,1,1,1,0,0,0,0,0,0
2710021,0,1,1,1,0,0,1,0,1,0
2710024,0,0,0,0,0,0,0,0,0,0
2710027,0,0,1,0,0,1,1,0,0,0
2720001,0,0,0,0,0,0,1,0,0,0
2720004,0,0,0,0,0,0,0,0,0,0
2720010,0,0,0,0,0,0,0,0,0,0
2720013,0,1,0,0,0,0,0,0,0,0
2720015,0,0,0,0,0,0,0,0,0,0
2720018,0,0,0,0,0,0,0,0,0,0
2720024,0,0,0,0,0,0,0,0,0,0
2720027,0,0,0,0,0,0,0,0,0,0
2730001,0,1,1,1,0,1,0,0,0,0
2730004,0,0,0,1,0,1,0,0,0,0
2730007,0,0,0,1,0,1,0,0,0,1
2730010,0,0,0,0,0,1,1,0,0,1
2730013,0,1,0,1,0,1,0,0,0,0
2730015,0,1,0,1,0,1,0,0,0,0
2730018,0,1,0,0,0,0,0,0,0,0
2730021,0,1,0,0,0,0,0,0,0,0
2730024,0,0,0,0,0,0,0,0,0,0
2730027,0,1,1,1,0,0,0,0,0,1
2740001,0,0,0,0,0,0,0,0,0,0
2740004,0,0,1,1,0,0,0,0,0,1
2740007,0,1,0,0,0,0,0,0,0,0
2740010,0,1,1,1,0,0,0,0,0,0
2740013,0,0,0,0,0,0,0,0,0,0
2740015,0,,0,0,0,0,0,0,0,0
2740018,0,,1,1,0,0,0,0,0,1
2740021,1,1,1,0,0,0,0,0,0,0
2740027,0,0,0,0,0,0,0,0,0,0
2750001,0,0,0,0,0,1,0,0,0,0
2750004,0,1,0,1,0,1,0,0,0,1
2750007,0,0,1,0,0,1,0,0,0,0
2750010,0,1,0,1,0,1,0,0,0,0
2750013,0,1,1,0,0,1,0,0,0,0
2750015,0,0,0,0,0,1,0,0,0,0
2750018,0,0,1,0,0,1,0,0,0,0
2750021,0,0,0,0,0,1,0,0,0,0
2750024,0,0,1,0,0,1,0,0,0,0
2750027,0,1,0,0,0,1,0,0,0,0
2760001,0,0,0,0,0,0,0,0,0,0
2760004,0,0,1,0,0,0,0,0,0,0
2760007,0,1,0,0,0,0,0,0,0,0
2760010,0,1,0,0,0,0,0,0,0,0
2760013,0,0,0,0,0,0,0,0,0,0
2760015,0,0,0,0,0,0,0,0,0,0
2760018,0,0,0,0,0,0,0,0,0,0
2760021,0,0,0,0,0,0,0,0,0,0
2760024,0,,0,0,0,0,0,0,0,0
2760027,0,0,1,0,0,0,0,0,0,0
2770001,0,0,1,1,0,0,1,0,0,1
2770004,0,,0,0,0,0,0,0,0,0
2770007,0,0,1,1,0,0,1,0,0,1
2770013,0,0,0,0,0,0,0,0,0,0
2770018,0,1,1,0,0,0,0,0,0,0
2770021,0,1,0,1,0,0,1,0,0,1
2770024,0,1,0,1,0,1,0,0,0,0
2770027,0,1,1,1,0,0,1,0,0,1
2780001,0,0,0,0,0,1,0,0,0,0
2780004,0,0,0,0,0,0,0,0,0,0
2780007,0,0,0,0,0,1,0,0,0,0
2780010,0,0,0,0,0,1,0,0,0,0
2780013,0,0,0,0,0,0,0,0,0,0
2780015,0,1,1,1,0,1,0,0,0,0
2780021,0,0,0,0,0,1,0,1,0,0
2780024,0,0,0,0,0,1,0,0,0,0
2780027,0,0,0,0,0,0,0,0,0,0
2790001,0,0,0,0,0,0,0,0,0,0
2790004,0,0,0,0,0,0,1,0,0,0
2790007,0,0,0,0,0,0,0,0,0,0
2790010,0,0,0,0,0,0,0,0,1,1
2790013,0,1,0,0,0,0,0,0,0,0
2790015,0,0,0,1,0,0,0,1,1,0
2790018,0,0,0,0,0,0,0,0,0,0
2790024,0,0,0,0,0,0,0,0,0,0
2790027,0,0,0,0,0,0,1,0,0,0
2800001,,,0,1,0,0,0,0,0,0
2800004,0,0,0,0,0,0,0,0,0,0
2800007,0,0,0,0,0,0,0,0,0,0
2800010,0,0,0,0,0,0,0,0,0,0
2800013,0,,0,0,0,0,0,0,0,0
2800015,0,0,0,0,0,0,0,0,0,0
2800018,,,0,0,0,0,0,0,0,0
2800027,0,0,0,0,0,0,0,0,0,0
2810001,0,0,0,0,0,0,0,0,0,1
2810004,0,,0,0,0,0,1,0,0,0
2810007,0,0,0,0,0,0,0,0,0,0
2810013,0,,0,0,0,0,0,0,0,0
2810015,0,0,0,0,0,0,0,0,0,0
2810018,,,0,0,0,0,0,0,0,0
2810021,0,0,0,0,0,0,0,0,0,1
2810024,0,1,0,0,0,0,0,0,0,0
2810027,0,1,0,0,0,0,1,0,0,0
2820001,0,0,0,0,0,0,0,0,0,0
2820004,0,1,0,0,0,0,0,0,0,0
2820007,0,0,0,0,0,0,0,0,0,0
2820010,0,0,0,0,0,0,0,0,0,0
2820013,1,1,0,0,0,0,0,0,0,0
2820015,0,0,1,0,0,0,0,0,0,0
2820021,0,1,0,0,0,0,0,0,0,0
2820024,0,1,0,0,0,0,0,0,0,0
2820027,0,1,0,0,0,0,0,0,0,0
2830001,0,1,0,0,0,0,0,0,0,0
2830004,0,0,0,1,0,0,0,0,0,1
2830007,0,0,0,0,0,0,0,0,0,0
2830010,0,0,0,0,0,0,0,0,0,0
2830013,0,1,0,0,0,0,0,0,0,0
2830015,0,0,0,0,0,0,0,0,0,0
2830018,0,0,0,0,0,0,0,0,0,0
2830021,0,0,0,0,0,0,0,0,0,0
2830024,0,0,0,0,0,0,0,0,0,0
2830027,0,0,0,0,0,0,0,0,0,0
2840001,0,0,0,1,0,0,0,0,0,0
2840004,0,0,0,0,0,0,0,0,0,0
2840007,0,1,0,0,0,0,0,0,0,0
2840010,0,0,0,0,0,0,0,0,0,0
2840013,0,0,0,0,0,0,0,0,0,0
2840015,0,0,0,0,0,0,0,0,0,0
2840018,0,0,0,0,0,0,0,0,0,0
2840021,0,0,0,0,0,0,0,0,0,0
2840024,0,0,0,0,0,0,0,0,0,1
2840027,0,0,0,0,0,0,0,0,0,0
2850001,0,0,0,0,0,0,0,0,0,0
2850004,0,0,0,0,0,0,0,0,0,0
2850007,0,0,0,0,0,0,0,0,0,0
2850010,0,,0,0,0,0,0,0,0,0
2850013,0,0,0,0,0,0,0,0,0,0
2850015,0,0,0,0,0,0,0,0,0,0
2850018,0,0,0,0,0,0,0,0,0,0
2850021,0,0,0,0,0,0,0,0,0,0
2850024,0,0,0,0,0,0,0,0,0,0
2850027,0,0,0,0,0,0,0,0,0,0
2860001,0,0,0,1,0,0,0,0,0,0
2860007,0,0,0,0,0,0,0,0,0,0
2860010,0,1,0,0,0,0,0,0,0,0
2860013,0,0,0,0,0,0,0,0,0,0
2860015,0,0,0,0,0,0,0,0,0,1
2860018,0,0,0,0,0,0,1,0,0,0
2860021,0,1,0,0,0,0,0,0,0,0
2860024,0,,0,1,0,0,0,0,0,0
2870007,0,0,0,0,0,0,0,0,0,0
2870015,0,0,0,0,0,0,0,0,0,0
2870024,0,0,0,0,0,0,0,0,0,0
2870027,0,0,0,0,0,0,0,0,0,0
2880007,0,0,0,0,0,1,0,0,0,0
2880010,0,,0,0,0,0,1,0,0,0
2880013,0,1,0,1,0,0,0,0,0,0
2880015,0,0,0,0,,0,1,0,0,0
2880018,0,0,0,0,0,0,0,0,0,0
2880021,0,0,0,0,0,0,0,0,0,0
2880027,0,,0,0,0,0,0,0,0,0
2890001,0,0,1,1,0,0,0,0,0,0
2890007,0,0,0,0,0,0,0,0,0,0
2890010,0,0,0,0,0,0,0,0,0,0
2890013,0,1,1,0,0,0,0,0,0,0
2890015,0,1,0,0,0,0,0,0,0,0
2890018,0,0,0,0,0,0,0,0,0,0
2890021,0,0,0,0,0,0,0,0,0,0
2890024,0,0,0,0,0,0,0,0,0,0
2900001,0,0,0,0,0,0,0,0,0,0
2900007,0,0,0,0,0,0,0,0,0,0
2900010,0,0,0,0,0,0,0,0,0,0
2900013,0,0,0,0,0,0,0,0,0,0
2900015,0,0,0,0,0,0,0,0,0,0
2900018,0,0,0,0,0,0,0,0,0,0
2900021,0,0,0,0,0,0,0,0,0,0
2900024,0,0,0,0,0,0,0,0,0,0
2900027,0,1,0,0,0,0,0,1,0,0
2910001,0,0,0,0,0,0,0,0,0,0
2910004,0,0,0,0,0,0,0,0,0,0
2910007,0,1,0,0,0,0,0,0,0,0
2910010,0,0,1,0,0,0,0,0,0,0
2910013,0,0,0,0,0,0,0,0,0,0
2910015,0,0,0,0,0,0,0,0,0,0
2910018,0,0,0,0,0,0,0,0,0,0
2910021,0,0,0,0,0,0,0,0,0,0
2910024,0,0,0,0,0,0,0,0,0,0
2910027,0,1,1,1,0,0,0,0,0,0
2920001,0,0,0,0,0,0,0,0,0,0
2920004,0,0,1,0,0,0,0,0,0,1
2920007,0,0,0,0,0,0,0,0,0,0
2920010,0,0,0,0,0,0,0,0,0,0
2920013,0,1,0,0,0,0,0,0,0,0
2920015,0,0,0,0,0,0,0,0,0,0
2920018,0,0,0,0,0,0,0,0,0,0
2920021,0,0,0,1,0,0,0,0,0,0
2920024,1,0,0,0,0,0,0,0,0,0
2920027,0,0,1,1,0,0,0,0,0,0
2930001,0,1,0,0,0,0,0,0,0,0
2930004,0,0,0,0,0,0,0,0,0,0
2930007,0,1,0,0,0,0,0,0,0,0
2930010,0,0,0,0,0,0,0,0,0,0
2930013,0,0,0,0,0,0,0,0,0,0
2930015,0,0,0,0,0,0,0,0,0,0
2930018,0,0,0,0,0,0,0,0,0,0
2930021,0,1,0,0,0,0,0,0,0,0
2930024,0,1,0,0,0,0,0,0,0,0
2930027,0,0,0,0,0,0,0,0,0,0
2940001,0,,0,0,0,0,0,0,0,0
2940004,0,1,0,0,1,0,0,0,0,0
2940007,0,,0,0,0,0,0,0,0,0
2940010,0,0,0,0,0,0,0,0,0,0
2940013,0,0,0,0,0,0,0,0,0,0
2940015,0,,0,0,0,0,0,0,0,0
2940018,0,0,0,0,0,0,0,0,0,0
2940021,0,0,0,0,0,0,0,0,0,0
2940024,0,0,0,0,0,0,0,0,0,0
2940027,0,,1,0,0,0,0,0,0,0
2950001,0,0,0,0,0,0,0,0,0,0
2950004,0,0,0,0,0,0,0,0,0,0
2950007,0,1,0,0,0,0,0,0,0,0
2950010,0,0,0,0,0,1,0,0,0,0
2950013,0,0,1,0,0,0,0,0,0,0
2950015,0,0,0,0,0,0,0,0,0,0
2950018,0,0,1,0,0,0,0,0,0,0
2950021,0,,0,0,0,0,0,0,0,0
2950024,0,0,0,0,0,0,0,0,0,0
2950027,0,0,0,0,0,1,0,0,0,0
2960001,0,0,0,0,0,0,0,0,0,0
2960004,0,0,0,0,0,0,0,0,0,0
2960007,0,0,0,0,0,0,0,0,0,0
2960010,0,0,0,0,0,0,0,,0,0
2960013,0,0,0,0,0,0,0,0,0,0
2960015,0,0,1,0,0,0,0,0,0,0
2960018,0,0,0,0,0,0,0,0,0,0
2960021,0,,0,0,0,0,0,0,0,0
2960024,0,0,0,0,0,0,0,0,0,0
2960027,0,0,0,0,0,0,0,0,0,0
2970001,0,0,0,0,0,0,0,0,0,0
2970004,0,0,0,0,0,0,0,0,0,0
2970007,0,0,0,0,0,0,0,0,0,0
2970010,0,0,0,0,0,0,0,0,0,0
2970013,0,0,0,0,0,0,0,0,0,0
2970015,0,0,0,0,0,0,0,0,0,0
2970018,0,0,0,0,0,0,0,0,0,0
2970021,0,0,0,0,0,0,0,0,0,0
2970024,0,0,0,0,0,0,0,0,0,0
2970027,0,0,0,0,0,0,0,0,0,0
2980001,0,0,0,1,0,0,0,0,0,0
2980004,1,0,1,0,0,0,0,0,0,0
2980007,0,0,0,0,0,0,0,0,0,0
2980010,0,0,0,0,0,0,0,0,0,0
2980013,0,0,0,0,0,0,0,0,0,0
2980015,0,0,0,0,0,0,0,0,0,0
2980018,0,1,0,0,0,0,0,0,0,0
2980021,0,1,1,0,0,0,0,0,0,0
2980024,0,1,0,0,0,0,0,0,0,0
2980027,0,0,0,0,0,0,0,0,0,0
2990001,0,0,0,0,0,0,0,0,0,0
2990004,0,0,0,0,0,0,0,0,0,0
2990010,0,0,0,0,0,0,0,0,0,0
2990013,0,0,0,0,0,0,0,0,0,0
2990015,0,0,0,0,0,0,0,0,0,0
2990018,0,0,0,0,0,0,0,0,0,0
2990021,0,0,0,0,0,0,0,0,0,0
2990024,0,0,0,1,0,0,0,0,0,1
2990027,0,0,0,0,0,0,0,0,0,0
3000001,0,0,0,0,0,0,0,0,0,0
3000004,0,0,0,0,0,0,0,0,0,0
3000007,0,0,0,0,0,0,0,0,0,0
3000010,0,1,0,0,0,0,0,0,0,0
3000013,0,0,0,0,0,0,0,0,0,0
3000015,0,0,0,0,0,0,0,0,0,0
3000018,0,0,0,0,0,0,0,0,0,0
3000021,0,1,0,0,0,0,0,0,0,0
3000024,0,0,0,0,0,0,0,0,0,0
3000027,0,0,0,0,0,0,0,0,0,0
3010001,0,0,0,0,0,0,0,0,0,0
3010004,0,0,0,0,0,0,0,0,0,0
3010007,0,0,0,0,0,0,0,0,0,0
3010010,0,0,0,0,0,0,0,0,0,0
3010013,0,0,0,0,0,0,0,0,0,0
3010015,0,0,0,0,0,0,0,0,0,0
3010018,0,1,0,0,0,0,0,0,0,0
3010021,0,0,0,0,0,0,0,0,0,0
3010024,0,0,0,0,0,0,0,0,0,0
3010027,0,0,0,0,0,0,0,0,0,0
3020001,0,1,0,1,0,0,0,0,1,0
3020004,0,0,0,0,0,1,0,0,0,0
3020007,0,1,1,0,0,0,0,0,0,0
3020010,0,0,0,0,0,0,1,0,1,0
3020013,0,1,0,0,0,0,0,0,0,0
3020015,0,0,0,0,0,1,0,0,0,0
3020018,0,0,0,0,0,0,0,0,0,0
3020021,0,1,0,0,0,0,0,0,0,0
3020024,0,1,0,0,0,0,0,0,0,0
3030001,0,1,0,0,0,0,0,0,0,0
3030004,0,,0,0,0,0,0,0,0,0
3030007,0,0,0,0,0,0,0,0,0,0
3030010,0,1,0,0,0,0,0,0,0,0
3030013,0,0,1,0,0,0,0,0,0,0
3030015,0,1,0,0,0,0,0,0,0,0
3030018,0,0,0,0,0,0,0,0,0,0
3030021,0,0,0,0,0,0,0,0,0,0
3030024,0,0,0,0,0,0,0,0,0,0
3030027,0,1,0,0,0,0,0,0,0,0
3040001,0,0,0,0,0,0,0,0,0,0
3040004,0,0,0,0,0,0,0,0,0,0
3040007,0,0,0,1,0,0,0,0,0,1
3040010,0,,0,0,0,0,0,0,0,0
3040013,0,0,0,0,0,0,0,0,0,0
3040015,0,0,0,0,0,0,0,0,0,0
3040018,0,0,0,0,0,0,0,0,0,0
3040021,0,0,0,0,0,0,0,0,0,0
3040024,0,0,0,0,0,0,0,0,0,0
3050001,0,0,0,0,0,0,0,0,0,0
3050004,0,0,0,0,0,0,0,0,0,0
3050007,0,0,0,0,0,0,0,0,0,0
3050010,0,0,0,0,0,0,0,0,0,0
3050013,0,1,0,0,0,0,0,1,0,0
3050015,0,0,0,0,0,0,0,0,0,0
3050018,0,0,0,0,0,0,0,0,0,0
3050021,0,1,0,0,0,0,0,0,0,0
3050024,0,0,0,0,0,0,0,0,0,0
3050027,0,0,0,0,0,0,0,0,0,0
3060004,0,0,0,0,0,0,0,0,0,0
3060007,0,0,0,0,0,0,0,0,0,0
3060013,0,0,0,0,0,0,0,0,0,0
3060015,0,0,0,0,0,0,0,0,0,0
3060018,0,,0,0,0,0,0,0,0,0
3060021,0,0,0,0,0,0,0,0,0,0
3060024,0,0,0,0,0,0,0,0,0,0
3060027,0,0,0,0,0,0,0,0,0,0
3070001,0,0,0,0,0,0,0,0,0,0
3070004,0,1,0,0,0,0,0,0,0,0
3070007,0,1,0,1,0,0,0,0,0,0
3070010,0,0,0,0,0,0,0,0,0,0
3070013,0,1,0,0,0,0,0,0,0,0
3070015,0,1,1,0,0,0,0,0,0,0
3070018,0,0,0,0,0,0,1,0,0,0
3070021,0,1,1,0,0,0,0,0,0,0
3070024,0,0,0,0,0,0,0,0,0,0
3070027,0,0,0,0,0,0,0,0,0,0
3080001,0,1,0,0,0,0,1,0,0,0
3080004,0,0,0,0,0,0,0,0,0,0
3080007,0,0,0,0,0,0,0,0,0,0
3080010,0,1,0,0,0,0,0,0,0,0
3080015,0,1,0,0,0,0,0,0,0,0
3080018,0,0,0,0,0,1,0,0,0,0
3080021,0,,0,0,0,1,0,0,0,0
3080024,0,0,0,0,0,1,0,0,0,0
3080027,0,0,0,0,0,1,0,0,0,0
3090001,0,0,0,1,0,0,0,0,0,0
3090004,0,1,0,0,0,0,0,0,0,0
3090007,0,0,0,0,0,0,1,0,0,0
3090010,0,0,0,0,0,0,0,0,0,0
3090013,0,0,0,0,0,0,0,0,0,0
3090015,0,0,0,0,0,0,0,0,0,0
3090018,0,1,0,0,0,0,1,0,0,0
3090021,0,0,0,0,0,0,0,0,0,0
3090024,0,,0,0,0,0,0,0,0,0
3090027,0,0,0,0,0,0,1,0,0,0
3100001,0,,0,0,0,0,0,0,0,0
3100004,0,1,0,0,0,0,0,0,0,0
3100007,0,1,0,0,0,0,0,0,0,0
3100010,0,1,0,0,0,0,0,0,0,0
3100013,0,0,0,0,0,0,0,0,0,0
3100015,0,0,1,0,0,0,0,0,0,0
3100018,0,1,0,0,0,0,0,0,0,0
3100021,0,,0,0,0,1,0,0,0,0
3100024,0,1,1,0,0,0,1,0,0,1
3110001,0,0,0,0,0,0,0,0,0,0
3110004,0,,0,0,0,0,0,0,0,0
3110007,0,1,1,0,0,0,0,0,0,0
3110010,0,0,0,0,0,0,0,0,0,0
3110013,0,0,0,0,0,0,0,0,0,0
3110015,0,0,0,0,0,0,0,0,0,0
3110018,0,0,0,0,0,0,0,0,0,0
3110021,0,0,0,0,0,0,0,0,0,0
3110024,0,,0,0,0,0,0,0,0,0
3110027,0,0,0,0,0,0,0,0,0,0
3120001,0,1,0,0,0,1,1,0,1,0
3120004,0,0,0,0,0,1,1,0,1,0
3120007,0,1,0,0,0,0,1,0,1,0
3120010,0,0,0,0,0,1,1,1,1,1
3120013,0,1,0,0,0,0,0,0,1,0
3120015,0,1,0,0,0,1,1,1,1,1
3120018,0,1,1,1,0,0,1,1,1,1
3120021,0,1,0,1,0,0,1,1,1,1
3120024,0,0,0,1,0,0,1,1,1,1
3120027,0,0,1,1,0,0,1,1,1,0
3130001,0,0,0,0,0,0,1,1,1,0
3130004,0,1,0,1,0,0,0,1,1,0
3130007,0,1,0,0,0,0,1,1,1,0
3130010,0,1,0,1,0,0,1,1,1,0
3130013,0,0,0,1,0,0,1,1,1,0
3130015,0,1,0,0,0,0,1,0,1,0
3130018,0,1,0,0,0,0,1,1,1,0
3130021,0,1,0,0,0,0,0,1,1,0
3130024,0,1,0,1,0,0,1,1,1,1
3130027,0,0,0,0,0,0,1,1,1,0
3140001,0,1,0,0,0,0,0,0,0,0
3140004,0,0,0,0,0,0,1,0,0,0
3140007,0,0,1,0,0,0,0,1,0,0
3140010,0,0,0,0,0,0,0,0,1,0
3140013,0,0,0,0,0,0,1,1,0,0
3140015,0,0,0,0,0,0,0,0,1,0
3140018,0,0,0,0,0,0,1,0,0,0
3140021,0,,0,1,0,0,0,0,1,0
3140024,0,1,0,0,0,0,0,0,0,0
3140027,0,1,0,0,0,0,0,0,0,0
3150001,0,1,0,1,1,0,1,1,1,1
3150004,0,0,0,0,0,1,1,0,1,0
3150007,0,0,1,1,1,1,1,1,1,1
3150010,0,1,1,0,0,0,0,1,1,0
3150013,0,1,0,1,0,0,1,1,1,0
3150015,0,1,1,1,0,0,1,1,1,0
3150018,0,1,1,1,0,0,1,1,1,0
3150021,0,0,0,1,0,0,1,1,1,1
3150024,0,0,1,1,1,0,1,1,1,1
3150027,0,0,1,1,0,0,1,1,1,0
3160001,0,1,0,0,0,0,0,0,0,0
3160004,0,1,0,0,0,0,0,1,0,0
3160007,0,1,1,1,0,0,0,1,0,0
3160010,0,0,0,0,0,0,0,1,0,0
3160013,0,1,1,0,0,0,0,1,0,0
3160015,0,0,0,0,1,0,0,0,0,0
3160018,0,0,0,1,0,0,1,1,1,1
3160021,0,1,1,1,0,0,0,0,0,0
3160024,0,0,1,1,0,0,1,1,0,0
3160027,0,0,0,1,0,0,1,1,1,1
3170001,0,0,0,0,0,0,0,0,0,0
3170004,0,0,1,0,0,0,0,0,0,0
3170007,0,0,0,0,0,0,0,0,0,0
3170010,0,0,0,0,0,0,0,0,0,0
3170015,0,1,0,1,0,0,1,0,0,1
3170018,0,0,0,0,0,0,0,0,0,0
3170021,0,0,0,0,0,0,0,1,0,0
3170024,0,0,1,0,0,0,0,0,0,0
3180001,0,1,0,1,1,0,1,1,1,0
3180004,0,0,0,0,1,0,1,1,1,1
3180007,0,0,0,1,1,0,1,1,1,0
3180010,0,1,1,0,1,0,1,1,1,1
3180013,0,1,0,1,1,0,1,1,1,1
3180015,0,1,1,1,1,0,1,1,1,1
3180018,0,0,1,1,1,1,1,1,1,0
3180021,0,0,0,1,1,0,1,1,0,1
3180024,0,0,0,1,0,0,1,1,1,1
3180027,0,1,0,1,1,1,1,1,1,1
3190001,0,0,0,0,0,0,1,0,1,0
3190004,0,1,0,1,0,1,0,1,1,0
3190007,0,0,0,1,0,1,1,1,1,0
3190010,0,1,0,1,0,1,1,1,1,1
3190013,0,0,0,0,0,1,0,1,1,0
3190015,0,0,0,1,0,1,1,1,1,1
3190018,0,1,0,0,0,1,1,1,1,0
3190021,0,0,0,0,0,1,1,1,1,1
3190024,0,0,0,1,1,0,1,1,1,1
3190027,0,0,1,1,1,1,1,1,1,1
3200001,0,0,0,0,0,0,1,0,0,0
3200004,1,0,1,0,0,0,1,1,1,0
3200007,0,0,0,0,0,0,1,1,1,1
3200010,0,0,1,0,0,0,1,1,1,1
3200013,0,0,1,0,0,0,1,1,1,1
3200015,0,0,0,0,0,0,0,0,1,0
3200018,0,0,0,0,0,0,0,0,1,0
3200021,0,,0,0,0,0,0,0,0,0
3200024,0,,0,0,0,0,1,0,0,0
3200027,0,0,0,0,0,0,1,0,1,0
3210001,0,1,1,1,1,0,0,1,0,0
3210004,1,1,0,1,1,0,0,0,0,1
3210007,0,,1,0,0,1,0,1,0,0
3210010,0,0,1,1,0,0,0,1,0,0
3210013,0,0,1,0,0,0,0,1,0,0
3210015,0,1,1,1,0,0,0,0,0,0
3210018,0,1,1,1,0,0,0,1,0,0
3210021,1,1,1,1,0,1,0,1,0,0
3210027,0,1,0,0,0,0,0,1,0,0
3220001,0,0,1,0,0,0,0,1,0,0
3220004,0,0,0,0,0,0,0,1,0,0
3220007,0,0,1,0,0,0,0,1,0,0
3220010,0,0,0,0,0,0,0,0,0,0
3220013,0,1,0,1,0,0,0,1,0,0
3220015,0,0,1,0,0,0,0,1,0,0
3220018,0,1,1,0,0,0,0,1,0,0
3220027,0,1,1,1,0,0,0,1,0,0
3230001,0,0,0,0,0,1,0,0,0,0
3230007,0,0,0,0,0,0,1,0,0,0
3230013,0,1,1,0,0,1,1,0,0,0
3230015,0,,1,0,0,0,0,0,0,0
3230018,0,,0,0,0,0,1,0,0,0
3230021,,,0,0,0,1,0,0,0,0
3230027,,,0,0,0,0,1,0,0,0
3240001,0,0,0,0,0,0,0,0,0,0
3240004,0,0,0,0,0,0,0,0,0,0
3240007,0,1,0,1,0,0,0,1,0,0
3240010,0,,0,0,0,0,0,0,0,0
3240013,0,0,0,0,0,0,0,0,0,0
3240018,0,0,0,0,0,0,0,0,0,0
3240021,0,0,0,0,0,0,0,0,0,0
3240024,1,0,0,0,0,0,0,0,0,0
3250001,0,0,0,0,0,0,0,0,0,0
3250004,1,,1,1,0,0,1,1,0,0
3250007,0,0,1,1,0,0,0,0,0,0
3250010,0,0,0,1,0,0,0,1,0,0
3250013,0,0,1,1,0,0,0,0,0,0
3250015,0,0,0,0,0,0,0,1,0,0
3250018,0,1,0,1,0,0,0,1,0,0
3250021,0,1,0,0,0,0,0,0,0,0
3250024,0,,0,1,0,0,0,0,0,0
3250027,0,0,0,0,0,0,0,1,0,0
3260001,1,0,1,0,0,0,0,1,0,0
3260004,0,0,1,0,0,0,0,0,0,0
3260007,0,0,0,0,0,0,0,0,0,0
3260010,,,1,0,0,0,0,0,0,0
3260013,0,0,0,0,0,0,0,0,0,0
3260015,0,,0,0,0,0,0,0,0,0
3260018,0,,0,0,0,0,0,0,0,0
3260021,0,0,0,0,0,0,1,0,0,0
3260024,0,0,0,0,0,0,0,0,0,0
3260027,0,,1,0,0,0,0,0,0,0
3270001,0,0,1,0,0,0,0,1,0,0
3270004,0,0,0,0,0,0,0,0,0,0
3270007,0,0,0,0,0,0,1,0,0,0
3270013,0,0,0,0,0,0,0,0,0,0
3270015,0,0,0,0,0,0,0,0,0,0
3270018,0,0,0,0,0,0,1,0,0,0
3270021,0,1,0,0,0,0,1,0,0,0
3270024,0,0,1,0,0,0,0,0,0,0
3270027,0,0,0,0,0,0,0,0,0,0
3280001,0,0,0,0,0,0,0,0,0,0
3280004,0,1,1,0,0,0,0,0,0,0
3280010,0,0,1,0,0,0,0,0,0,0
3280013,0,1,1,0,0,0,0,0,0,0
3280015,0,1,1,0,0,0,0,0,0,0
3280018,1,1,1,0,0,0,0,0,0,0
3280021,0,0,1,0,0,0,0,1,0,0
3280024,0,0,1,0,0,0,0,0,0,0
3280027,0,0,0,0,0,0,0,0,0,0
3290001,0,0,1,0,0,1,0,0,0,0
3290004,0,1,0,0,0,1,1,0,0,0
3290007,0,1,0,1,0,1,1,0,0,0
3290010,0,0,0,0,0,1,0,0,0,0
3290013,0,,1,1,0,1,0,0,0,0
3290015,0,,1,0,0,0,0,0,0,0
3290018,1,1,0,0,0,0,0,0,0,0
3290024,0,,1,1,0,1,1,0,0,0
3290027,0,0,0,1,0,0,0,1,0,1
3300001,0,0,0,0,0,0,1,0,0,0
3300004,0,0,0,0,0,0,0,0,0,0
3300010,1,0,1,0,0,0,0,0,0,0
3300013,1,0,0,0,0,0,0,0,0,0
3300015,0,1,0,0,0,0,0,0,0,0
3300018,0,0,1,0,0,0,0,0,0,0
3300021,0,0,0,0,0,0,0,0,0,0
3300024,0,1,0,0,0,0,0,0,0,0
3300027,0,0,0,0,0,0,0,0,0,0
3310001,1,0,0,0,0,0,0,1,1,0
3310004,1,0,1,0,0,0,0,1,1,0
3310010,0,0,1,0,0,0,1,1,1,1
3310013,0,0,1,1,0,0,1,1,1,0
3310015,1,0,1,1,0,0,0,1,1,0
3310018,0,0,1,0,0,0,1,1,1,0
3310021,0,1,1,1,0,0,0,1,1,0
3320001,0,1,0,0,0,0,0,1,1,0
3320004,0,0,0,0,0,1,0,1,1,0
3320007,0,1,1,0,0,1,0,1,1,0
3320010,0,1,0,0,0,1,0,1,1,0
3320013,0,1,0,0,0,1,0,1,1,0
3320015,0,1,1,0,0,1,0,1,1,0
3320021,0,0,0,0,0,0,0,1,1,0
3320027,0,0,1,0,0,1,0,1,1,0
3330001,0,1,0,0,0,0,0,1,0,0
3330004,1,1,0,0,0,0,0,1,0,0
3330007,0,0,0,0,0,0,0,1,0,0
3330010,0,0,0,0,0,0,0,1,0,0
3330013,0,0,1,0,0,0,0,1,0,0
3330015,0,0,0,1,0,0,0,1,0,0
3330021,0,0,1,0,0,0,0,1,0,0
3330027,0,1,1,1,0,0,0,1,0,0
3340001,0,0,1,0,0,0,0,1,1,0
3340004,0,0,1,1,0,0,1,1,1,0
3340007,0,0,0,0,0,0,0,1,1,0
3340010,0,0,1,1,0,0,0,1,1,0
3340013,0,0,0,0,0,0,0,1,0,0
3340015,0,1,1,1,0,0,1,1,1,0
3340018,0,1,1,1,0,0,0,1,1,0
3340021,0,,1,0,0,0,0,0,0,0
3340024,0,0,1,1,0,0,0,1,1,0
3340027,0,0,1,0,0,0,0,1,1,0
3350001,0,0,1,1,0,1,0,1,1,0
3350004,0,1,1,1,0,0,0,1,1,0
3350007,0,1,1,1,0,0,0,1,1,0
3350010,0,,0,0,0,0,0,1,1,0
3350013,1,1,0,1,0,1,0,1,1,0
3350015,0,1,1,0,0,0,0,1,1,0
3350018,1,0,0,1,0,0,0,0,1,0
3350021,0,0,0,1,0,0,0,1,1,0
3350024,0,0,0,0,0,0,0,1,1,0
3350027,0,0,0,0,0,0,0,0,1,0
3360001,1,1,1,1,1,0,0,1,1,0
3360004,0,0,0,1,0,0,0,1,1,0
3360007,0,0,0,1,1,0,0,1,1,1
3360010,0,0,0,0,0,0,0,1,1,0
3360013,0,0,0,1,0,0,0,1,1,0
3360015,0,0,0,0,1,0,0,1,1,0
3360018,0,1,0,1,0,0,0,1,1,0
3360021,1,0,1,0,1,0,0,1,1,0
3360024,0,0,1,1,0,0,1,1,1,0
3360027,0,0,1,1,1,0,0,1,1,0
3370001,0,1,0,0,0,0,0,0,1,0
3370004,0,0,1,0,0,0,0,0,0,0
3370007,1,0,1,1,0,1,0,1,0,0
3370010,0,1,0,0,0,0,0,0,0,0
3370013,0,0,0,0,0,0,0,1,0,0
3370015,1,0,1,0,0,0,0,1,1,0
3370018,1,1,0,0,0,0,0,0,0,0
3370021,0,0,1,1,0,0,0,1,1,0
3370024,0,0,0,1,0,0,0,0,0,0
3370027,0,0,1,1,0,0,0,1,1,0
3380001,0,0,0,1,1,1,1,1,1,0
3380004,0,0,0,1,0,0,0,1,1,0
3380007,0,0,0,1,0,1,1,1,1,0
3380010,0,1,0,1,0,0,0,1,1,0
3380013,0,0,1,1,0,1,1,1,1,0
3380015,0,0,1,1,0,0,1,1,1,0
3380018,0,0,0,1,0,1,1,1,1,1
3380021,0,0,1,1,0,0,0,1,1,0
3380024,0,0,0,1,0,1,1,1,1,0
3380027,0,0,1,1,0,1,0,1,1,0
3390001,0,0,0,0,0,0,0,1,1,0
3390004,0,1,1,0,0,0,0,1,1,0
3390007,0,0,0,0,0,0,0,1,1,0
3390013,0,,0,0,0,0,0,1,0,0
3390015,0,0,0,0,0,0,0,1,0,0
3390018,0,0,0,0,0,0,0,1,0,0
3390021,0,0,1,0,0,0,0,1,1,0
3390024,0,1,1,0,0,0,0,1,1,0
3390027,0,1,0,0,0,0,0,1,1,0
3400001,0,0,0,1,0,1,0,1,1,0
3400004,1,0,0,1,0,1,0,1,1,0
3400007,1,0,0,0,0,1,0,1,1,0
3400010,0,0,0,1,0,1,0,1,1,0
3400013,0,1,0,0,0,0,0,1,1,0
3400015,0,0,0,1,0,0,0,1,1,0
3400018,0,0,0,1,0,1,0,1,1,0
3400021,0,0,1,1,0,1,0,1,1,0
3400024,0,0,1,1,0,0,0,1,1,0
3400027,1,1,1,0,0,1,0,1,1,0
3410001,0,0,0,0,0,0,0,1,0,0
3410004,0,1,1,0,0,0,0,1,1,0
3410007,0,0,0,0,0,0,0,1,0,0
3410010,0,1,1,0,0,0,0,1,1,0
3410013,0,1,1,0,0,0,0,0,0,0
3410015,0,1,0,0,0,0,0,1,1,0
3410018,0,,1,0,0,0,0,1,0,0
3410021,0,0,0,0,0,0,0,1,1,0
3410024,0,0,0,0,0,0,0,1,1,0
3410027,0,1,1,0,0,0,0,0,0,0
3420001,0,0,1,1,0,0,1,1,1,0
3420004,0,0,0,1,1,1,1,1,1,0
3420010,0,1,0,1,1,0,1,1,1,0
3420013,0,0,0,1,1,1,1,1,1,0
3420015,0,0,0,1,1,1,1,1,1,0
3420018,0,0,1,0,1,1,1,1,1,1
3420021,0,0,1,1,0,1,1,1,1,0
3420024,0,0,1,1,1,1,1,1,1,0
3420027,0,0,1,1,1,1,1,1,1,1
3430004,0,0,0,0,0,0,0,0,0,0
3430007,0,0,0,0,0,0,0,0,0,0
3430010,0,1,1,1,0,0,1,1,0,0
3430013,0,1,1,1,0,1,0,1,0,0
3430015,0,0,0,0,0,0,0,1,1,0
3430018,0,1,1,0,0,0,1,1,0,0
3430021,0,0,0,0,0,0,0,0,0,0
3430024,0,0,0,0,0,0,0,1,0,0
3430027,0,,0,0,0,0,0,0,0,0
3440001,0,0,0,0,0,1,1,1,1,0
3440004,0,1,1,0,0,1,1,1,1,0
3440007,0,1,1,0,0,1,1,1,1,0
3440010,0,1,1,0,0,1,1,1,1,0
3440013,0,1,0,0,0,1,1,1,1,0
3440015,0,0,0,0,0,1,1,1,1,0
3440018,0,1,0,0,0,1,1,1,1,0
3440021,0,1,0,0,0,0,1,1,1,0
3440024,1,0,0,0,0,0,1,1,1,0
3440027,0,1,1,0,0,0,1,1,1,0
3460001,0,0,1,0,0,0,1,1,0,0
3460004,0,1,1,0,0,0,0,1,0,0
3460007,0,1,1,1,0,0,1,1,0,1
3460010,0,1,1,1,0,0,1,1,0,0
3460013,0,1,1,1,0,0,1,0,0,0
3460015,0,1,0,0,0,0,1,1,0,1
3460018,0,0,0,1,0,0,1,1,0,1
3460021,0,1,1,0,0,0,1,1,0,0
3460027,0,1,0,0,0,0,0,1,0,0
3470001,0,0,1,0,0,0,1,1,1,0
3470004,0,0,0,0,0,0,0,1,0,0
3470007,0,0,0,0,0,0,1,1,0,0
3470010,0,1,1,0,0,0,0,1,0,0
3470013,0,1,0,0,0,0,0,1,0,0
3470015,0,0,0,1,0,0,0,1,0,0
3470018,0,0,1,1,0,0,1,1,0,0
3470021,0,1,0,0,0,0,0,1,1,0
3470024,0,,1,0,0,0,0,1,0,0
3470027,0,1,1,0,0,0,0,1,0,0
3480001,0,1,0,1,0,0,0,1,1,0
3480004,0,,1,1,0,0,1,1,1,0
3480007,0,0,1,1,0,1,0,1,1,0
3480010,0,1,1,1,0,0,1,1,1,1
3480013,0,0,0,1,0,0,0,1,1,1
3480015,0,1,1,0,0,0,1,1,1,0
3480018,0,1,1,1,0,0,1,1,1,0
3480021,0,,1,1,0,0,0,1,1,0
3480024,0,0,0,0,0,0,1,1,1,0
3480027,0,0,0,1,0,0,0,1,1,0
3490001,0,,0,0,0,0,0,0,0,0
3490004,0,0,0,0,0,1,1,1,0,0
3490010,0,1,1,0,0,0,1,1,1,0
3490013,0,0,0,1,0,0,0,1,1,1
3490015,0,1,0,0,0,0,1,1,1,1
3490018,0,1,1,0,0,0,1,0,0,0
3490021,0,0,0,0,0,0,0,0,0,0
3490024,0,0,0,0,0,0,0,0,0,0
3490027,0,1,1,1,0,0,1,1,1,0
3500001,0,0,0,1,0,0,1,0,0,0
3500004,0,0,0,0,0,0,1,0,0,0
3500007,0,0,0,0,0,0,1,0,0,0
3500010,0,0,0,0,0,1,0,0,0,0
3500013,0,0,0,0,0,0,0,0,0,0
3500015,0,0,0,0,0,0,1,0,0,0
3500018,0,,0,0,0,0,0,0,0,0
3500024,0,1,0,0,0,0,0,0,0,0
3500027,0,1,0,0,0,1,0,0,0,0
3510001,0,1,0,0,0,0,1,1,1,0
3510004,0,,1,1,0,1,1,1,1,0
3510007,0,1,1,1,0,0,1,1,1,0
3510010,0,0,1,1,0,0,1,1,1,0
3510013,0,0,0,1,0,0,1,1,1,0
3510018,1,1,0,0,0,1,1,1,1,0
3510021,0,1,1,1,0,1,1,1,1,0
3510024,1,1,1,1,0,0,1,1,1,0
3510027,0,,0,1,0,1,1,1,0,0
3520001,0,0,0,0,0,0,1,0,0,0
3520004,0,1,0,1,0,1,0,0,0,0
3520007,0,1,1,0,0,0,0,0,0,0
3520010,0,0,0,0,0,1,0,1,0,0
3520013,0,0,1,0,0,1,0,1,0,0
3520015,0,0,0,0,0,0,0,0,0,0
3520018,0,0,0,0,0,0,0,0,0,0
3520021,0,0,1,1,0,0,1,1,0,1
3520024,0,1,0,0,0,0,0,0,0,0
3520027,0,1,1,0,0,0,1,0,0,0
3530001,1,1,1,0,0,1,1,1,1,0
3530004,0,0,0,1,1,1,1,1,1,1
3530007,0,0,1,0,0,1,1,1,1,0
3530010,0,0,1,0,0,1,1,1,1,1
3530013,0,1,1,1,0,1,1,1,1,0
3530015,0,1,1,1,0,1,1,1,1,0
3530018,0,0,0,1,1,1,1,1,1,1
3530021,0,1,1,0,0,1,1,1,1,0
3530024,1,,1,1,0,1,1,1,1,1
3530027,0,0,1,1,0,1,1,1,1,1
3540001,0,0,0,1,0,0,0,1,1,0
3540004,0,1,1,1,0,0,1,1,1,1
3540007,1,0,1,0,0,1,1,1,1,0
3540010,0,1,1,1,0,1,1,1,1,1
3540013,0,1,0,0,0,0,1,1,1,1
3540018,0,1,1,1,0,0,0,1,1,0
3540027,0,1,1,0,0,1,1,1,1,1
3550010,0,1,1,1,1,1,0,1,1,1
3550013,0,1,1,0,0,0,1,1,1,1
3550015,0,1,1,0,0,1,0,1,1,0
3550018,0,,1,1,0,1,0,1,1,1
3550021,0,0,1,1,0,0,0,1,1,0
3550024,0,1,1,1,0,0,0,1,1,0
3550027,0,0,1,1,0,0,0,1,1,0
3560001,0,1,0,1,1,0,1,1,1,0
3560007,0,0,0,1,1,0,0,1,1,0
3560010,0,1,1,1,1,0,1,1,1,0
3560013,1,1,0,1,1,0,1,1,1,0
3560015,0,1,1,1,1,1,0,1,1,0
3560018,0,1,1,1,1,0,0,1,1,0
3560024,0,0,1,1,1,1,1,1,1,0
3560027,0,1,1,1,1,0,1,1,1,0
3570004,0,1,1,0,0,0,0,1,0,0
3570007,0,1,1,1,0,0,1,1,1,0
3570010,0,0,0,0,0,1,0,1,1,1
3570013,0,1,1,0,0,0,0,1,1,0
3570015,0,,0,1,0,1,0,1,1,1
3570018,0,1,1,0,0,1,0,1,1,0
3570021,1,1,1,0,0,0,0,1,0,0
3570024,0,0,0,0,0,1,0,1,1,1
3570027,0,0,1,,0,0,0,1,0,0
3580001,1,1,0,1,0,1,1,1,1,1
3580004,0,0,1,0,0,1,0,1,1,0
3580007,0,0,0,0,0,0,0,1,1,0
3580010,0,1,1,1,0,1,0,1,1,1
3580015,1,1,1,1,0,1,0,1,1,0
3580018,0,1,1,1,0,1,0,1,1,1
3580021,0,1,1,1,0,1,0,0,1,0
3580024,0,0,1,0,0,1,0,1,1,0
3580027,0,0,0,0,0,0,0,1,1,0
3590001,0,0,0,0,0,0,0,0,0,0
3590004,0,0,0,0,0,0,0,0,0,0
3590010,0,1,1,0,0,1,0,0,0,0
3590013,1,1,1,1,0,0,0,1,0,1
3590015,0,0,0,1,0,0,0,0,0,1
3590018,0,1,0,1,0,1,1,1,1,0
3590021,0,1,1,0,0,1,0,0,0,0
3590024,0,,1,0,0,1,0,1,0,0
3590027,0,0,1,0,0,0,0,1,0,0
3600001,0,0,1,1,1,1,1,1,1,0
3600004,0,1,1,1,1,1,1,1,1,0
3600007,0,1,1,1,1,1,1,1,1,0
3600013,0,0,1,1,1,1,1,1,1,1
3600015,0,0,0,1,1,1,1,1,1,1
3600018,0,0,0,1,1,1,1,1,1,1
3600021,0,,0,1,1,1,1,1,1,0
3600024,0,0,1,1,1,1,1,1,1,1
3600027,0,1,1,1,1,1,1,1,1,1
3610001,0,1,0,1,0,0,1,1,1,1
3610004,0,0,1,1,0,0,0,1,1,0
3610007,0,1,0,0,0,0,0,0,1,0
3610010,0,0,1,0,0,0,0,1,1,0
3610013,0,0,0,0,0,0,1,1,1,0
3610015,0,1,1,1,0,0,1,1,1,0
3610018,0,0,0,0,0,0,0,1,1,0
3610024,0,0,0,0,0,0,1,1,1,0
3610027,0,1,1,1,0,0,0,1,1,1
3620001,0,0,0,0,1,1,1,1,1,0
3620004,0,1,0,0,1,1,0,1,1,1
3620007,0,1,1,0,1,1,1,1,1,0
3620010,0,1,1,0,1,1,1,1,1,0
3620013,0,0,1,0,1,1,0,1,1,0
3620015,1,0,1,0,1,1,1,1,1,0
3620018,0,1,1,1,1,1,1,1,1,1
3620021,0,1,1,1,1,1,0,1,1,0
3620024,0,0,1,1,1,1,0,1,1,0
3620027,0,0,0,0,1,1,1,1,1,0
3630001,0,1,1,1,1,1,1,1,1,0
3630004,0,1,1,1,1,1,1,1,1,0
3630007,0,1,1,1,1,1,1,1,1,1
3630010,1,1,1,1,1,1,1,1,1,0
3630013,0,0,0,1,1,1,1,1,1,1
3630015,0,0,0,1,1,1,1,1,1,0
3630018,0,1,1,1,1,1,1,1,1,0
3630021,0,0,1,1,1,1,1,1,1,1
3630024,1,1,1,1,1,1,1,1,1,0
3630027,0,1,1,1,1,1,1,1,1,1
3640001,1,1,1,1,0,1,1,1,1,0
3640004,0,1,1,1,0,1,1,1,1,0
3640007,1,1,1,1,1,1,1,1,1,0
3640010,1,1,1,1,0,1,1,1,1,0
3640013,0,1,1,1,0,0,0,1,1,0
3640015,0,1,1,0,0,1,1,1,1,0
3640021,0,1,1,1,0,0,0,1,1,1
3640024,0,1,1,1,1,1,0,1,1,1
3640027,0,1,0,1,1,1,1,1,1,1
3650001,0,1,0,0,0,1,0,1,1,0
3650004,0,1,1,0,0,0,0,1,1,0
3650007,0,,1,0,0,0,1,1,1,0
3650010,0,0,1,1,0,0,0,1,1,1
3650013,0,0,1,0,0,0,0,1,0,1
3650015,0,0,1,0,0,0,0,1,1,0
3650021,0,0,1,1,0,0,0,1,1,0
3650024,0,1,1,0,0,0,1,1,0,0
3650027,0,1,1,0,0,0,0,1,1,0
3660001,0,0,1,0,0,0,0,1,1,0
3660004,1,0,1,0,0,0,0,1,1,0
3660007,0,0,1,0,0,0,1,1,1,0
3660010,0,0,0,1,0,0,0,1,1,0
3660013,0,0,1,0,0,0,0,1,1,0
3660015,0,0,0,0,0,0,0,1,1,0
3660018,0,1,1,0,0,0,0,1,1,0
3660021,0,1,0,0,0,0,0,1,1,0
3660024,0,1,1,1,0,0,0,1,1,0
3660027,0,0,0,1,0,0,1,1,1,0
3670001,0,0,1,0,0,0,1,1,1,0
3670004,0,0,0,0,0,0,0,1,1,0
3670007,0,0,0,0,0,0,1,1,1,0
3670010,0,1,1,0,0,0,0,1,1,0
3670015,0,0,1,0,0,0,0,0,1,0
3670018,0,1,1,1,0,0,1,1,1,0
3670021,0,0,0,0,0,0,0,0,1,0
3670024,0,0,0,1,0,0,1,1,1,0
3670027,0,0,0,0,0,0,1,1,1,0
3680001,0,0,1,1,0,0,0,1,1,1
3680004,0,0,1,0,0,0,1,1,1,0
3680007,0,0,1,1,0,0,1,1,1,0
3680013,1,1,1,0,0,0,1,1,1,0
3680015,0,0,0,1,0,0,1,1,1,0
3680018,0,1,0,0,0,0,1,1,1,0
3680021,0,0,1,1,0,1,0,1,1,1
3680024,0,0,1,1,0,0,0,1,1,0
3690001,0,1,1,1,0,0,0,1,1,0
3690007,0,1,0,0,0,0,0,1,1,0
3690010,0,0,1,0,0,0,0,1,1,0
3690013,0,0,0,0,0,0,0,1,1,0
3690015,0,1,1,0,0,0,1,0,1,0
3690018,0,1,0,0,0,0,1,1,1,0
3690021,0,1,1,1,0,0,1,1,1,0
3690024,1,0,0,0,0,0,0,1,1,0
3700001,0,0,1,1,0,0,0,1,1,0
3700004,0,0,0,1,0,0,1,1,1,0
3700007,0,0,0,1,0,0,0,1,1,0
3700010,0,0,1,0,0,0,0,1,1,0
3700013,1,0,1,0,0,0,0,1,1,0
3700015,0,1,1,0,0,0,0,1,1,0
3700018,0,0,0,0,0,1,0,1,1,0
3700021,0,0,0,0,0,0,0,1,1,0
3700024,0,1,0,0,0,0,0,1,1,0
3710001,0,0,0,0,0,0,0,1,1,0
3710004,0,0,0,0,0,0,0,1,1,0
3710007,0,0,1,0,0,0,0,1,1,0
3710010,0,1,1,0,0,0,0,1,1,0
3710013,0,1,1,0,0,0,1,1,1,0
3710015,0,1,1,0,0,0,0,1,1,0
3710018,0,1,0,0,0,0,0,1,1,0
3710021,0,0,0,0,0,0,0,1,1,0
3710024,0,1,0,0,0,0,1,1,1,0
3710027,0,1,1,0,0,0,0,1,1,0
3720001,0,1,1,1,1,1,0,1,1,0
3720007,1,1,1,1,1,1,1,1,1,0
3720010,0,1,1,1,1,1,1,1,1,0
3720013,0,0,0,1,1,1,1,1,0,1
3720015,0,0,0,1,1,1,1,1,1,1
3720018,0,0,1,0,1,1,0,1,1,0
3720024,0,1,1,0,1,1,0,1,1,0
3720027,0,,1,1,1,1,1,1,1,1
3730001,0,1,0,0,0,0,0,0,0,0
3730004,0,1,0,0,0,0,1,0,1,0
3730007,0,0,1,0,0,0,1,1,1,1
3730010,0,1,0,1,0,1,0,1,1,1
3730015,0,0,0,0,0,0,1,1,1,0
3730018,1,1,0,0,0,0,1,1,1,0
3730021,0,1,0,0,0,0,1,1,1,0
3730024,0,1,1,1,0,0,1,1,1,0
3730027,0,0,1,1,0,0,1,0,1,0
3740001,0,0,0,0,0,0,0,1,1,0
3740004,1,1,1,1,0,0,0,1,1,1
3740007,1,1,1,0,1,0,0,1,1,0
3740010,0,1,0,1,0,0,1,1,1,1
3740013,0,0,0,0,0,0,0,0,1,0
3740015,0,0,0,0,0,0,0,1,1,0
3740018,0,0,0,0,0,0,0,1,1,0
3740021,0,,0,0,0,0,1,1,1,0
3740024,0,0,0,0,0,0,0,0,0,0
3740027,0,,0,0,0,0,1,0,1,0
3750001,0,1,0,0,0,0,0,0,0,0
3750004,0,0,0,1,0,0,0,0,1,0
3750007,0,0,1,0,0,1,0,0,0,1
3750010,0,0,1,1,1,1,1,1,0,1
3750013,0,1,1,0,1,1,0,0,0,1
3750015,1,1,1,1,0,1,0,1,0,1
3750018,1,1,1,1,1,1,0,1,1,0
3750021,0,,1,1,0,0,0,0,0,0
3750024,0,1,1,1,0,1,0,0,0,0
3750027,0,0,0,0,0,0,0,0,0,0
3760001,0,0,0,0,0,0,1,1,1,0
3760004,0,1,0,0,0,0,0,1,1,0
3760007,0,0,0,0,0,0,1,1,1,0
3760013,0,0,1,0,0,0,1,1,1,0
3760015,0,0,0,0,0,0,1,1,1,0
3760018,0,0,0,0,0,0,1,1,1,0
3760021,0,0,1,0,0,0,0,1,1,0
3760024,0,0,1,1,0,0,0,1,1,0
3760027,0,0,0,0,0,0,0,1,1,0
3770001,1,0,1,1,0,0,0,1,1,0
3770004,0,0,0,0,0,0,1,1,1,0
3770007,0,0,0,0,0,0,1,1,1,0
3770010,0,0,0,0,0,0,0,1,1,0
3770013,0,1,0,0,0,0,0,1,1,0
3770015,0,1,0,0,0,0,0,1,1,0
3770018,0,1,1,0,0,0,0,1,1,0
3770021,0,0,1,0,0,0,0,1,1,0
3770024,0,0,0,0,0,0,0,1,1,0
3770027,0,0,0,1,0,0,1,0,1,0
3780001,0,0,1,0,0,0,1,1,1,0
3780004,0,1,1,0,0,0,0,0,1,0
3780007,0,0,0,0,0,0,0,1,1,0
3780010,0,0,0,0,0,0,0,0,1,0
3780013,0,1,1,0,0,0,0,1,1,0
3780015,0,1,1,1,0,0,0,1,1,0
3780018,0,0,0,0,0,0,0,1,1,0
3780021,0,1,0,0,0,0,0,1,1,0
3780024,0,1,1,0,0,0,0,1,1,0
3780027,0,1,0,0,0,0,0,1,1,0
3790001,0,0,0,0,0,0,1,0,1,0
3790004,0,0,0,0,0,0,0,1,1,0
3790007,0,0,1,0,0,0,0,0,1,0
3790010,0,0,0,0,0,0,0,1,1,0
3790013,0,0,0,0,0,0,0,1,1,0
3790015,0,1,0,0,0,0,0,1,1,0
3790018,1,0,0,0,0,0,1,0,1,0
3790021,0,0,0,0,0,0,1,1,1,0
3790024,0,1,0,0,0,0,1,0,1,0
3790027,0,0,0,0,0,0,1,1,1,0
3800001,0,1,1,0,0,1,1,1,1,0
3800004,0,0,0,0,0,1,1,1,1,1
3800007,0,1,0,0,1,1,0,1,1,0
3800010,0,1,1,0,1,1,0,1,1,0
3800013,0,1,1,0,1,1,1,1,1,0
3800015,0,0,0,1,1,1,1,1,1,0
3800018,0,0,1,0,1,1,1,1,1,0
3800021,0,1,1,0,1,1,1,1,1,0
3800027,0,1,0,0,1,1,1,1,1,0
3810004,0,0,0,0,0,1,0,0,0,0
3810007,0,1,1,0,0,1,0,0,1,0
3810010,0,0,0,0,0,1,0,0,0,0
3810013,0,1,1,1,0,1,0,0,1,0
3810015,0,1,1,1,0,1,0,0,1,0
3810021,0,1,0,0,0,1,0,0,1,0
3810024,0,0,0,0,0,1,0,1,1,0
3810027,0,,1,0,0,0,1,1,1,0
3820001,0,,0,0,0,1,0,0,1,0
3820004,0,,0,0,0,0,0,0,0,0
3820007,0,1,1,1,0,0,1,0,0,0
3820010,0,1,0,1,0,0,0,1,1,0
3820013,0,1,0,1,0,0,0,0,1,0
3820015,0,0,1,0,0,0,1,1,0,0
3820018,0,0,0,0,0,0,0,0,1,0
3820021,0,0,1,0,0,0,0,0,1,0
3820024,0,0,0,0,0,0,0,1,1,0
3820027,0,1,0,1,0,0,0,1,1,0
3830001,0,1,0,1,0,1,1,1,1,1
3830004,0,0,1,1,0,1,1,1,1,1
3830007,0,0,1,0,0,1,1,1,1,0
3830010,0,0,1,1,0,1,1,1,1,1
3830013,1,1,0,0,0,1,1,1,1,1
3830015,0,0,0,1,0,0,1,1,1,0
3830018,0,1,1,1,0,1,1,1,1,1
3830021,0,1,0,1,0,1,1,1,1,1
3830024,0,0,1,1,0,1,1,1,1,1
3830027,0,0,1,1,0,1,1,1,1,1
3840001,0,0,0,1,0,0,0,1,1,0
3840004,0,1,0,0,0,0,0,0,1,1
3840007,0,1,1,0,0,0,1,0,1,1
3840010,0,1,0,0,0,0,1,1,1,0
3840013,0,0,1,0,0,0,0,1,1,0
3840015,0,0,1,1,0,1,1,1,1,1
3840018,0,0,0,0,0,0,0,1,1,0
3840021,0,1,1,1,0,0,1,1,1,1
3840024,0,0,0,0,0,0,0,0,1,0
3840027,0,1,1,0,0,0,0,1,1,0
3870001,0,0,0,1,0,1,1,1,1,1
3870004,0,1,1,1,0,1,1,1,1,1
3870007,0,1,1,0,0,0,0,1,1,0
3870010,0,0,0,0,0,1,0,1,1,0
3870013,0,0,0,0,0,1,1,1,1,1
3870015,0,1,1,0,0,1,1,1,1,1
3870018,0,1,1,0,0,1,1,1,1,1
3870024,0,0,1,1,1,0,0,1,1,1
3870027,0,1,1,1,0,0,0,1,1,0
3880001,0,1,1,1,1,1,0,1,1,1
3880004,0,1,1,0,1,0,0,1,1,0
3880007,0,1,1,1,1,0,1,1,1,1
3880010,1,1,1,1,1,0,1,1,1,1
3880013,0,1,0,1,1,0,0,1,1,1
3880015,0,0,1,0,1,1,1,1,1,0
3880018,0,1,1,1,1,1,1,1,1,0
3880021,0,1,1,0,1,0,0,1,1,1
3880024,0,1,1,1,1,1,1,1,1,1
3880027,0,1,1,0,1,1,1,1,1,1
3890001,0,1,0,0,1,0,0,0,1,0
3890004,0,0,0,0,0,0,0,1,0,0
3890007,0,1,0,1,1,0,0,1,1,1
3890010,0,0,0,0,0,0,0,1,1,0
3890013,0,1,0,0,1,1,1,1,1,1
3890015,0,1,0,1,0,0,1,1,1,0
3890018,0,0,0,1,1,1,1,1,1,1
3890021,0,0,0,1,0,0,0,1,1,0
3890024,0,0,0,0,1,1,1,1,1,1
3890027,0,0,0,0,0,0,0,1,1,0
3900001,0,0,0,1,0,0,0,1,1,0
3900004,0,1,0,1,0,0,1,1,1,0
3900007,0,1,0,0,0,0,0,1,1,0
3900010,0,0,0,0,0,0,0,1,1,0
3900013,0,1,0,0,0,0,0,1,1,0
3900015,0,1,0,0,0,0,0,1,1,0
3900018,0,0,0,1,0,0,1,1,1,0
3900024,0,1,0,0,0,0,1,1,1,0
3910001,0,1,0,0,0,0,0,1,1,0
3910004,0,1,0,0,0,0,1,1,1,0
3910007,0,1,0,0,1,0,0,1,1,0
3910010,0,0,1,0,1,0,1,1,1,1
3910013,0,1,1,1,1,0,1,1,1,1
3910015,0,1,0,1,0,1,1,1,1,0
3910018,0,1,1,0,0,0,0,1,1,1
3910021,0,1,1,0,0,0,1,1,1,0
3910027,0,0,1,1,0,0,0,1,1,1
3920001,0,0,1,0,0,0,0,1,1,0
3920004,0,0,0,1,0,0,1,1,1,0
3920010,1,1,0,1,0,0,1,1,1,1
3920013,0,1,1,1,0,0,0,1,1,1
3920015,0,0,1,1,1,0,1,1,1,1
3920018,0,0,1,0,0,0,1,1,1,0
3920024,0,1,1,0,0,0,1,1,1,1
3920027,0,1,1,0,0,0,1,1,1,1
3930001,0,0,1,0,0,0,1,1,1,0
3930004,0,0,0,0,0,0,0,1,1,0
3930007,0,0,0,0,0,0,0,0,1,0
3930010,0,0,0,1,1,0,1,1,1,0
3930013,0,0,0,0,1,0,0,1,1,1
3930015,0,0,0,0,0,0,0,1,1,1
3930018,0,0,1,0,0,0,0,1,1,0
3930021,0,0,0,0,0,0,1,1,1,1
3930024,0,0,0,1,0,0,0,1,1,0
3930027,0,0,1,0,0,0,0,1,1,0
3940001,0,1,0,0,0,0,0,1,0,1
3940004,0,0,0,0,0,0,0,1,1,0
3940010,0,,1,0,0,0,0,1,1,0
3940013,0,0,0,0,1,0,0,1,1,0
3940015,0,0,0,0,0,0,0,1,1,0
3940021,0,0,1,0,1,0,0,1,0,1
3940024,0,0,0,1,0,0,0,1,0,1
3940027,,,0,0,1,0,0,0,0,0
3950001,0,0,0,1,0,0,1,1,1,1
3950004,0,0,1,0,0,0,0,1,1,1
3950007,0,1,1,1,0,0,0,0,1,1
3950010,0,1,0,0,0,0,0,0,0,0
3950013,0,0,1,0,0,0,0,1,1,0
3950015,0,1,1,1,0,0,0,1,1,0
3950018,0,0,1,0,0,0,0,1,1,0
3950021,0,1,0,1,0,0,0,1,1,0
3950024,0,1,1,0,0,0,0,1,1,0
3950027,0,1,0,0,0,0,0,1,1,0
3960001,0,0,0,0,0,0,0,0,0,0
3960004,0,0,0,0,0,0,0,0,0,0
3960007,0,1,0,0,0,0,0,0,0,0
3960010,0,1,0,0,0,0,0,0,1,0
3960013,0,0,0,0,0,0,0,1,0,0
3960015,0,0,0,0,0,0,0,1,1,0
3960018,0,,1,0,0,0,0,1,0,1
3960021,0,1,0,0,0,0,0,1,1,0
3960024,0,0,0,0,0,0,0,1,1,1
3960027,0,0,1,0,0,0,0,1,1,0
3970001,0,0,0,0,1,0,0,0,0,0
3970004,0,1,0,0,0,0,0,1,1,1
3970007,0,0,0,1,0,0,0,1,1,1
3970010,0,1,0,0,0,0,0,1,1,0
3970013,0,0,0,0,0,0,0,1,1,0
3970015,0,0,1,0,0,0,0,1,1,0
3970018,0,0,0,0,0,0,0,1,1,1
3970021,0,0,0,0,0,1,1,1,1,0
3970024,0,0,0,0,1,0,1,1,0,1
3970027,0,1,0,0,0,0,0,1,1,0
3980001,0,1,0,0,0,0,0,0,0,0
3980004,0,0,0,0,1,0,0,1,0,0
3980007,0,1,0,0,0,0,0,1,0,0
3980010,0,,0,0,1,0,0,1,1,1
3980015,0,0,1,1,0,0,0,1,1,0
3980018,0,0,0,0,1,0,0,1,0,0
3980021,0,0,0,0,0,0,0,1,0,0
3980024,0,0,0,0,0,1,0,1,0,0
3980027,0,0,0,1,0,0,0,1,1,0
3990001,0,1,0,1,1,1,1,1,1,1
3990004,0,1,1,1,0,1,1,1,1,1
3990007,0,0,0,1,0,1,0,1,1,0
3990010,0,0,1,0,0,1,0,1,1,1
3990013,0,1,1,0,0,0,1,1,1,0
3990015,0,1,1,0,0,1,1,1,1,1
3990018,0,1,1,1,0,1,1,1,1,1
3990021,0,1,1,1,0,1,0,1,1,1
3990024,1,1,0,1,0,1,0,1,1,1
3990027,0,0,1,0,0,0,0,1,1,1
4000001,0,0,0,0,0,1,0,1,1,1
4000004,0,1,0,0,0,0,1,1,1,1
4000007,0,1,0,0,0,1,0,1,1,1
4000010,0,1,0,0,0,1,0,1,1,1
4000013,0,1,1,0,0,1,0,1,1,1
4000015,0,0,1,1,0,1,1,1,1,1
4000018,0,0,0,0,0,1,0,1,1,1
4000021,0,1,1,0,0,1,1,1,1,1
4000024,0,0,1,0,1,1,0,1,1,1
4000027,1,0,0,1,0,0,1,1,1,1
4010001,0,0,0,0,0,0,0,1,1,0
4010004,0,0,0,1,0,1,1,1,1,1
4010007,0,0,1,1,0,1,0,0,1,1
4010010,0,0,0,0,0,0,0,0,1,0
4010013,0,0,1,0,0,1,0,1,1,1
4010015,0,1,0,0,0,1,0,0,1,1
4010018,1,1,1,0,0,1,0,1,1,1
4010021,0,0,0,0,0,1,0,1,1,1
4010027,0,0,1,0,0,1,0,1,1,1
4020001,0,1,0,0,0,0,0,0,1,0
4020004,0,1,0,1,0,0,0,0,0,0
4020007,0,1,0,0,0,0,0,0,1,0
4020010,0,0,1,0,0,0,0,0,0,0
4020013,0,0,0,0,0,0,0,0,1,0
4020015,0,0,0,0,0,0,0,0,0,0
4020018,0,0,0,0,0,0,0,0,0,0
4020021,0,0,0,0,0,0,0,0,0,0
4020024,0,1,0,0,0,0,0,1,1,0
4020027,0,1,0,1,0,0,0,1,1,0
4030001,0,0,0,0,0,0,0,0,1,0
4030004,0,1,0,0,0,1,1,1,1,1
4030007,0,1,1,0,0,1,1,1,1,0
4030010,0,0,1,1,0,1,1,1,1,0
4030013,0,0,0,1,0,0,0,1,1,1
4030015,0,1,0,0,0,1,1,1,1,1
4030018,0,0,0,0,0,0,1,1,1,0
4030021,0,0,0,0,0,0,0,0,1,0
4030024,0,1,0,0,0,1,0,1,1,1
4030027,0,0,0,0,0,1,0,1,1,1
4040001,0,1,0,0,0,0,0,0,0,0
4040004,0,0,0,0,0,0,1,0,1,0
4040007,0,1,1,0,0,0,1,1,1,1
4040010,0,0,0,1,0,0,0,1,1,1
4040013,0,0,0,0,0,0,1,0,1,0
4040015,0,1,0,0,0,0,0,0,1,0
4040018,0,1,0,0,0,0,0,1,1,1
4040021,0,1,0,0,0,0,0,0,1,0
4040024,0,1,1,0,0,0,0,1,1,0
4040027,0,0,0,0,0,0,0,1,1,0
4050001,0,1,0,0,0,0,0,1,1,0
4050004,0,1,1,0,0,0,1,1,1,0
4050007,0,0,1,1,0,1,1,1,1,1
4050010,0,1,1,1,0,0,0,1,1,1
4050013,0,1,1,1,0,1,0,1,1,1
4050015,0,1,1,1,0,1,0,1,1,1
4050018,0,1,0,1,0,0,0,1,1,1
4050021,0,1,1,1,0,1,1,1,1,0
4050024,0,0,1,1,0,1,0,1,1,1
4050027,0,1,1,1,0,0,0,1,1,1
4060001,0,1,0,0,0,0,0,1,1,0
4060004,0,1,0,1,0,0,0,1,1,0
4060007,0,0,1,0,0,0,1,1,1,0
4060010,0,0,0,1,0,0,1,1,0,1
4060013,0,0,0,1,0,0,1,1,1,1
4060015,0,1,0,0,0,1,1,1,1,0
4060018,0,1,0,0,0,0,0,1,1,0
4060021,0,1,1,0,0,0,1,1,1,0
4060024,0,0,1,0,0,0,0,1,1,0
4060027,0,1,0,0,0,0,0,1,1,0
4070001,0,0,0,1,0,0,1,1,1,0
4070004,0,0,1,0,0,0,1,1,1,0
4070007,0,0,1,1,0,0,1,1,1,0
4070010,0,0,0,0,0,0,0,1,1,0
4070013,0,0,1,1,0,0,0,1,1,1
4070015,0,0,0,0,0,0,0,1,1,0
4070018,0,0,1,0,0,0,1,1,1,0
4070021,0,0,0,1,0,0,1,1,1,0
4070024,0,0,1,1,0,0,1,1,1,0
4070027,0,0,1,0,0,0,0,1,1,0
4080001,0,1,1,1,1,1,1,1,1,0
4080004,0,1,1,1,1,0,1,1,1,0
4080007,0,0,1,1,1,0,1,1,1,0
4080010,0,0,0,1,1,0,1,1,1,1
4080013,0,1,1,0,1,0,1,1,1,0
4080015,1,0,1,1,0,1,1,1,1,0
4080018,0,0,1,0,1,0,0,1,1,0
4080021,0,0,0,1,1,0,1,1,1,1
4080024,0,1,0,1,1,0,0,1,0,0
4080027,0,1,0,1,1,1,0,1,1,0
4090001,0,1,0,0,0,0,0,1,1,1
4090004,0,1,1,0,0,1,0,1,1,0
4090007,0,1,0,0,0,0,0,1,1,0
4090010,0,1,0,1,0,0,1,1,1,0
4090015,0,0,0,1,0,0,1,1,1,1
4090018,0,0,1,1,0,1,1,1,1,0
4090021,0,1,1,1,0,0,1,1,1,0
4090024,0,1,1,1,0,0,1,1,1,0
4090027,0,1,1,0,0,0,0,1,1,0
4100001,0,0,1,0,0,0,0,0,1,0
4100004,0,1,0,0,0,0,0,0,0,0
4100007,0,1,0,0,0,0,0,0,0,0
4100010,0,0,0,0,0,0,0,0,0,0
4100013,0,0,0,0,0,0,0,0,0,0
4100015,0,,0,0,0,0,0,0,0,0
4100018,0,0,0,0,0,0,0,0,0,0
4100021,0,,0,0,0,0,0,0,0,0
4100024,0,1,0,0,0,0,0,0,0,0
4100027,0,0,0,0,0,0,1,0,0,0
4110001,0,0,1,1,0,0,1,1,1,0
4110004,0,1,1,1,0,1,1,1,1,0
4110007,0,0,0,1,1,1,1,1,1,0
4110010,0,0,0,0,0,0,1,1,1,0
4110013,0,1,1,0,0,0,0,1,1,1
4110015,0,0,1,1,0,0,0,1,1,0
4110018,0,0,0,0,0,0,1,1,1,0
4110021,0,0,1,1,0,1,1,1,1,1
4110024,0,1,0,0,0,0,1,1,1,0
4110027,1,0,1,0,0,0,1,1,1,0
4120001,0,1,0,0,1,0,1,1,1,0
4120004,0,0,0,0,1,1,1,1,1,0
4120007,0,0,0,0,1,0,1,1,1,1
4120010,0,0,0,0,1,1,0,1,1,1
4120013,0,1,0,0,1,1,1,1,1,0
4120015,0,0,0,0,1,1,1,1,1,0
4120018,0,0,0,0,1,1,1,1,1,0
4120021,0,0,0,0,1,1,1,1,1,1
4120027,0,0,1,0,1,0,0,1,1,1
4130001,0,0,0,0,1,0,1,1,1,1
4130004,0,1,0,1,1,1,1,1,1,0
4130007,0,0,0,0,1,1,1,1,1,0
4130010,0,1,0,0,1,1,1,1,1,0
4130013,0,1,1,0,1,1,1,1,1,1
4130015,0,1,0,0,1,1,1,1,1,0
4130018,0,1,1,1,1,1,1,1,1,0
4130021,0,1,1,0,1,1,1,1,0,1
4130024,0,1,1,1,1,1,1,1,1,1
4130027,0,1,0,1,1,1,1,1,1,0
4140001,0,1,1,0,1,0,1,1,1,0
4140004,0,0,1,0,1,0,0,1,1,1
4140007,0,0,1,0,1,0,0,1,1,0
4140010,0,1,1,0,1,0,0,1,1,0
4140015,0,1,1,0,1,0,0,1,1,0
4140018,0,0,0,1,1,0,0,1,1,1
4140021,0,0,0,1,1,1,0,1,1,0
4140024,0,,0,1,0,0,0,1,1,1
4140027,0,1,0,0,1,1,1,1,1,0
4150001,0,1,1,1,0,1,1,1,1,1
4150004,0,1,1,1,0,1,1,1,1,1
4150007,0,0,0,1,0,1,1,1,1,0
4150010,0,0,0,0,0,0,1,1,1,0
4150013,0,0,1,1,0,1,1,1,1,1
4150015,0,0,0,1,0,1,1,1,1,0
4150018,0,1,0,0,0,1,0,1,1,1
4150021,0,1,1,1,0,1,1,1,1,0
4150024,0,0,1,0,0,0,0,1,1,0
4150027,0,1,0,1,0,0,1,1,1,0
4160004,0,,0,0,0,0,0,0,0,0
4160007,0,,0,0,0,0,0,0,0,0
4160013,0,0,0,0,0,0,0,0,0,0
4160015,0,1,0,0,0,0,0,0,0,0
4160027,0,0,0,0,0,0,0,0,0,0
4170001,0,0,0,0,0,0,0,0,0,0
4170004,0,0,0,0,0,0,0,0,0,0
4170010,0,0,0,0,0,0,0,0,0,0
4170013,0,0,0,0,0,0,0,0,0,0
4170015,0,0,0,0,0,0,0,0,0,0
4170021,0,0,0,0,0,0,0,0,0,0
4170027,0,,0,0,0,0,0,1,0,0
4180001,0,0,0,0,0,0,0,0,0,0
4180004,0,0,0,0,0,0,0,0,0,0
4180007,0,,0,0,0,0,0,0,0,0
4180010,0,0,0,0,0,0,0,0,0,0
4180013,0,0,0,1,0,0,0,0,0,0
4180015,0,0,0,0,0,1,0,0,1,0
4180018,0,0,0,0,0,0,0,0,0,0
4180021,0,,0,0,0,0,0,0,0,0
4180027,0,,0,0,0,0,0,0,0,0
4190001,,,0,0,0,0,0,0,0,0
4190004,0,,0,1,0,0,0,0,0,1
4190007,0,1,0,1,0,0,0,0,0,0
4190010,,,0,1,0,0,0,0,0,0
4190013,0,0,0,0,0,0,1,0,0,0
4190018,0,,0,0,0,0,0,0,0,0
4190021,0,0,0,0,0,0,0,0,0,0
4190024,0,1,0,0,0,0,0,0,0,0
4190027,0,0,0,0,0,0,0,0,1,0
4200001,0,0,0,0,0,0,0,0,0,0
4200004,0,0,0,0,0,0,0,0,0,0
4200007,0,0,0,0,0,0,0,0,0,0
4200010,0,0,0,0,0,0,0,0,0,0
4200013,0,0,0,0,0,0,0,0,0,0
4200015,0,0,0,0,0,0,0,0,0,0
4200018,0,0,0,0,0,0,0,0,0,0
4200021,0,,0,0,0,0,0,0,0,0
4200024,1,1,0,0,0,0,0,0,0,0
4210001,0,,0,0,0,0,0,0,0,0
4210004,0,0,0,0,0,1,0,0,0,0
4210007,0,0,0,0,0,0,0,0,0,0
4210010,0,0,0,1,0,0,0,1,0,0
4210013,0,0,0,0,0,0,0,0,0,0
4210015,0,0,0,0,0,0,0,0,0,0
4210018,1,0,0,1,0,0,0,0,0,0
4210021,0,1,0,0,0,0,0,0,0,0
4210024,0,0,0,0,0,0,0,0,0,0
4210027,0,0,0,0,0,0,0,0,0,0
4220001,,,0,0,0,0,0,0,0,0
4220010,0,0,0,0,0,0,0,0,0,0
4220013,0,,0,0,0,1,0,0,0,0
4220015,0,0,0,0,0,0,0,0,0,0
4220018,0,,0,0,0,0,0,0,0,0
4220021,0,0,1,0,0,0,0,0,0,0
4220027,0,0,1,0,0,0,0,0,0,0
4230001,0,0,0,0,0,0,0,0,1,0
4230004,0,0,0,0,0,0,0,0,0,0
4230007,0,1,0,0,0,0,0,0,1,0
4230010,0,,0,0,0,0,0,0,0,0
4230013,0,0,0,1,0,0,0,0,0,0
4230015,0,0,0,0,0,0,0,0,1,0
4230018,0,,0,0,0,0,0,0,1,0
4230024,0,0,0,0,0,0,0,0,1,0
4230027,0,0,0,0,0,0,0,0,1,0
4240001,0,0,0,0,0,0,0,0,0,0
4240004,0,0,0,1,0,0,0,0,0,0
4240007,0,,0,0,0,0,0,0,0,0
4240010,0,0,0,0,0,0,0,0,0,0
4240013,0,0,0,0,0,0,0,0,0,0
4240015,0,0,0,0,0,0,0,0,0,0
4240018,0,0,0,0,0,0,0,0,0,0
4240021,0,0,1,0,0,0,0,0,0,0
4240024,0,1,0,1,0,0,1,0,0,0
4240027,0,0,0,0,0,0,0,0,0,0
4250001,0,,0,0,0,1,0,0,0,0
4250004,0,0,0,0,0,0,0,0,1,0
4250007,0,0,0,0,0,0,0,0,0,0
4250010,0,1,0,0,0,0,0,0,0,0
4250013,0,0,0,0,0,0,0,0,0,0
4250015,0,0,0,0,0,0,0,0,0,0
4250018,0,0,0,0,0,0,0,0,0,0
4250021,1,0,0,0,0,0,0,0,0,0
4250024,0,0,0,0,0,0,0,0,0,0
4250027,0,0,0,0,0,1,0,0,0,0
4260001,0,0,1,0,0,1,0,0,0,0
4260004,0,0,0,0,0,1,0,0,0,0
4260007,0,,0,0,0,1,0,0,0,0
4260013,0,0,0,0,0,1,0,0,0,0
4260018,0,1,0,0,0,0,0,0,0,0
4260021,0,0,0,0,0,1,0,0,0,0
4260027,0,,0,0,0,0,0,0,0,0
4270001,0,0,0,0,0,0,0,0,0,0
4270004,0,0,0,0,0,0,0,0,0,0
4270007,0,,0,0,0,1,0,,0,0
4270010,0,0,0,0,0,0,0,0,0,0
4270013,0,0,0,0,0,0,0,0,0,0
4270015,,,0,0,0,0,0,0,0,0
4270018,0,,0,0,0,0,0,0,0,0
4270021,0,0,0,0,0,0,0,0,0,0
4270024,0,0,0,0,0,0,0,0,0,0
4270027,0,0,0,0,0,1,0,0,0,0
4280001,0,0,0,0,0,0,0,0,1,0
4280004,0,0,0,1,0,0,0,0,1,0
4280007,0,0,0,0,0,1,0,0,0,0
4280010,0,0,0,0,0,0,0,0,1,0
4280013,0,0,0,0,0,1,0,0,0,0
4280015,0,1,0,0,0,1,0,0,1,0
4280021,0,0,0,0,0,0,0,0,0,0
4280024,1,0,0,0,0,0,0,0,1,0
4290001,0,0,0,0,0,0,0,0,1,0
4290004,0,0,0,0,0,0,0,0,0,0
4290007,1,0,0,1,0,0,1,0,1,0
4290010,0,0,0,0,0,0,0,0,1,0
4290013,0,0,0,1,0,0,0,0,1,1
4290015,0,0,0,0,0,1,0,0,0,0
4290018,,1,0,0,0,0,0,0,0,0
4290021,0,0,0,0,0,0,0,1,0,0
4290024,1,1,1,0,0,0,1,0,1,1
4290027,0,0,0,0,0,0,0,1,1,0
4300001,0,0,0,0,0,0,0,0,0,0
4300007,0,0,0,0,0,0,0,0,0,0
4300010,0,0,0,0,0,0,0,0,0,0
4300013,0,0,0,0,0,0,0,0,0,0
4300018,0,0,0,0,0,0,0,0,0,0
4300021,0,0,0,0,0,0,0,0,0,0
4300024,0,0,0,0,0,0,0,0,0,0
4300027,0,0,0,0,0,0,0,0,0,0
4310001,0,0,0,1,0,0,0,0,0,0
4310004,0,0,0,0,0,0,0,0,0,0
4310010,0,,0,0,0,0,0,0,0,0
4310018,0,0,0,0,0,0,0,0,0,0
4310024,0,0,0,0,0,1,0,0,0,0
4310027,0,0,0,0,0,0,0,0,0,0
4320001,0,0,0,0,0,0,0,0,0,0
4320004,0,0,0,0,0,0,0,0,0,0
4320007,0,0,0,0,0,0,0,0,0,0
4320010,0,0,0,0,0,1,0,0,0,0
4320015,0,0,0,0,0,0,0,0,0,0
4320018,0,0,0,0,0,0,0,0,0,0
4320021,0,0,0,0,0,0,0,0,0,0
4320024,0,0,0,0,0,0,0,0,0,0
4320027,0,0,0,0,0,0,0,0,0,0
4330001,0,0,0,0,0,0,0,0,0,0
4330004,0,,0,0,0,0,0,0,0,0
4330010,0,0,0,1,0,0,0,1,0,1
4330013,0,,0,0,0,0,0,0,0,0
4330015,0,,0,0,0,0,0,0,1,0
4330018,0,0,1,0,0,0,0,0,0,0
4330021,,,0,0,0,0,0,0,0,0
4330024,0,0,0,0,0,0,0,0,0,0
4330027,0,,0,0,0,0,0,0,0,0
4340001,0,0,0,1,0,0,0,0,0,0
4340004,1,0,1,1,0,0,1,1,1,1
4340007,0,0,0,0,0,0,0,0,0,0
4340010,1,0,0,0,0,0,0,0,0,0
4340013,0,0,0,0,0,0,0,0,0,0
4340015,0,1,0,1,0,0,0,0,0,0
4340018,0,0,0,0,0,0,0,0,1,0
4340024,0,1,0,1,0,0,0,0,0,0
4340027,0,0,0,0,0,0,0,0,0,0
4350004,0,0,0,0,0,0,0,0,0,0
4350007,0,1,0,0,0,0,0,0,0,0
4350010,0,0,0,0,0,0,0,0,0,0
4350013,0,1,0,1,0,1,0,0,0,0
4350015,0,1,0,0,0,0,0,0,0,0
4350018,0,0,0,0,0,0,0,0,0,0
4350021,0,0,0,0,0,0,0,0,0,0
4350024,0,0,0,0,0,1,1,0,0,0
4350027,1,0,0,0,0,0,0,0,0,0
4360001,0,0,0,0,0,0,1,0,0,0
4360004,0,,0,0,0,0,0,0,0,0
4360013,0,0,0,0,0,0,0,0,0,0
4360021,0,0,0,0,0,0,0,0,0,0
4360024,0,1,0,0,0,0,0,0,0,0
4360027,0,0,0,0,0,0,0,0,0,0
4370001,0,,0,0,0,0,0,0,0,0
4370004,0,,0,0,0,0,0,0,0,0
4370007,0,0,0,0,0,0,0,0,0,0
4370013,0,0,0,0,0,0,0,0,0,0
4370015,0,0,0,0,0,0,0,0,0,0
4370018,0,0,0,0,0,0,0,0,0,0
4370021,0,0,0,0,0,0,0,0,0,0
4370024,0,0,0,0,0,0,0,0,0,0
4370027,0,0,0,0,0,0,0,0,0,0
4380001,0,0,0,0,0,0,0,0,0,0
4380004,0,1,0,0,0,0,0,0,0,0
4380007,0,0,0,0,0,0,0,0,0,0
4380010,0,0,0,0,0,0,0,1,0,0
4380013,0,0,0,0,0,0,0,0,0,0
4380015,0,1,0,0,0,1,0,0,0,0
4380018,0,0,0,0,0,0,0,0,0,0
4380021,0,0,0,0,0,1,0,0,0,0
4380024,0,0,0,0,0,1,0,0,0,0
4380027,0,0,0,0,0,1,0,0,0,0
4390001,0,0,0,0,0,0,0,0,1,0
4390004,0,,0,0,0,0,0,0,1,0
4390007,0,0,0,0,0,0,0,0,0,0
4390010,1,0,0,0,0,0,0,0,0,0
4390013,0,0,1,0,0,0,1,0,0,0
4390021,0,0,0,1,0,0,0,0,0,0
4390024,0,0,1,0,0,0,0,0,0,0
4390027,0,0,0,0,0,0,0,0,0,1
4400001,0,0,0,0,0,0,0,0,0,0
4400004,0,1,1,0,0,0,1,0,0,0
4400007,0,1,0,1,0,0,0,0,0,0
4400013,0,0,1,1,0,0,0,0,0,1
4400015,0,0,0,1,0,0,0,0,0,0
4400018,0,0,1,0,0,0,0,0,0,0
4400024,0,0,0,0,0,1,0,0,0,0
4400027,0,1,0,0,0,0,0,0,0,0
4410001,0,1,0,0,0,0,0,0,0,0
4410004,0,0,0,1,0,0,0,0,0,0
4410007,0,0,0,0,0,0,0,0,0,0
4410010,0,0,0,0,0,0,0,0,0,0
4410013,0,1,0,0,0,0,0,0,0,0
4410015,0,0,1,1,0,1,0,0,0,0
4410021,0,0,1,0,0,0,0,0,0,0
4410024,0,1,1,0,0,0,1,0,1,1
4410027,0,0,0,0,0,0,0,0,1,0
4420001,1,1,1,1,0,0,0,0,1,0
4420007,0,0,1,0,0,0,0,0,0,0
4420010,0,1,1,0,0,1,0,0,0,0
4420013,1,,0,0,0,0,0,0,0,0
4420015,1,0,0,1,0,0,0,0,0,0
4420018,0,0,0,1,0,0,0,0,0,0
4420021,0,0,0,1,0,0,0,0,0,0
4420024,0,0,0,0,0,0,0,0,0,0
4420027,0,1,0,0,0,0,0,0,0,0
4430001,0,0,1,0,0,0,0,0,0,0
4430004,0,0,0,0,0,0,0,0,0,0
4430007,0,0,0,0,0,0,0,0,0,0
4430010,0,0,0,0,0,0,0,0,0,0
4430013,0,0,0,0,0,0,0,0,0,0
4430015,0,0,0,0,0,0,0,0,0,0
4430018,,,1,1,0,0,0,0,0,1
4430021,0,0,0,1,0,0,0,0,0,0
4430024,0,0,0,0,0,0,0,0,0,0
4430027,0,0,0,0,0,0,0,0,0,0
4440001,0,0,0,0,0,0,0,0,0,0
4440004,0,0,0,0,0,0,0,0,1,1
4440007,0,0,0,0,0,0,0,0,0,0
4440010,0,0,0,1,0,0,0,0,1,0
4440013,0,1,0,0,0,0,1,0,0,0
4440015,0,0,0,0,0,0,0,0,1,0
4440018,0,0,0,0,0,0,0,0,0,0
4440021,0,0,0,0,0,0,0,0,1,0
4440024,0,0,0,1,0,0,0,0,1,0
4440027,0,1,0,0,0,0,0,0,0,0
4450001,0,0,0,0,0,1,0,0,0,0
4450004,0,0,0,0,0,0,0,0,0,0
4450010,0,0,0,0,0,0,0,0,0,0
4450018,0,0,0,0,0,0,0,0,0,0
4460001,0,0,0,0,0,0,0,0,0,0
4460004,0,0,0,0,0,0,0,0,0,0
4460024,0,0,0,0,0,0,0,0,0,0
4470001,0,0,1,1,0,0,0,0,1,1
4470004,0,1,0,1,0,1,1,1,1,0
4470007,0,0,0,0,0,0,0,0,0,0
4470010,0,1,1,1,0,0,1,1,1,1
4470013,0,0,0,0,0,1,1,0,1,0
4470015,0,0,0,1,0,0,1,1,1,0
4470018,0,1,0,1,0,0,1,0,1,0
4470021,0,,0,0,0,0,0,0,0,0
4470024,0,0,1,1,0,0,1,0,1,0
4480004,0,0,0,0,0,0,1,0,0,0
4480007,0,1,0,1,0,0,1,1,1,0
4480010,1,0,1,0,0,0,1,0,1,0
4480013,0,0,0,0,0,0,0,0,0,0
4480015,0,0,0,0,0,0,0,0,0,0
4480018,0,,0,0,0,0,1,0,1,0
4480021,0,0,0,1,0,0,1,1,1,0
4480024,0,1,1,1,0,0,1,1,1,0
4480027,0,0,1,1,0,0,1,1,1,0
4500004,0,0,0,0,0,0,0,0,0,0
4500010,,,0,0,0,0,0,0,0,0
4500015,0,,0,0,0,0,0,0,0,0
4500021,0,0,0,0,0,0,0,0,0,0
4500027,0,0,0,0,0,0,0,0,0,0
4510001,0,0,0,0,0,0,0,0,0,0
4510004,0,1,0,0,0,1,0,0,0,0
4510007,0,1,1,0,0,0,1,1,0,0
4510010,0,1,0,0,0,0,0,0,0,0
4510013,0,0,0,0,0,0,0,1,1,0
4510015,0,0,0,0,0,0,0,0,1,1
4510018,0,0,0,0,0,0,1,0,0,0
4510021,0,0,0,0,0,0,0,1,0,0
4510024,0,,0,0,0,1,0,0,0,0
4510027,0,0,0,1,0,0,0,1,1,1
4520001,0,1,1,1,0,0,1,0,1,0
4520004,0,0,0,0,0,0,0,0,0,0
4520007,0,0,0,1,0,0,0,0,0,0
4520010,0,0,0,0,0,0,0,0,0,0
4520013,0,0,0,0,0,0,0,0,0,0
4520015,0,0,0,0,0,0,0,0,0,0
4520018,0,0,0,0,0,0,0,0,0,0
4520021,0,0,0,0,0,0,0,0,1,0
4520024,0,0,0,0,0,1,1,0,1,0
4520027,0,0,0,0,0,0,0,0,0,0
4530001,0,0,0,0,0,0,0,1,0,0
4530004,0,,0,0,0,0,0,1,1,0
4530007,0,0,0,0,0,0,0,1,0,0
4530010,0,,0,0,0,0,0,1,0,0
4530013,0,0,0,0,0,0,0,1,1,0
4530015,0,0,0,0,0,0,0,0,0,0
4530018,0,0,0,0,0,0,0,1,1,0
4530021,0,0,0,1,1,0,0,1,1,1
4530024,0,1,0,0,0,1,0,0,1,0
4530027,0,,0,0,0,0,0,1,1,0
4550001,0,0,0,0,0,0,0,0,1,0
4550004,0,1,0,1,0,0,0,0,1,0
4550007,1,0,0,0,0,0,0,0,1,0
4550010,0,0,0,0,0,1,0,0,1,0
4550013,0,0,0,1,0,1,0,0,0,0
4550015,0,0,0,0,0,1,0,0,1,0
4550018,0,0,0,0,0,1,0,0,1,0
4550021,0,0,0,0,0,0,0,0,1,0
4550024,0,1,0,0,0,0,0,0,1,0
4550027,0,1,0,1,0,1,0,0,1,0
4560004,0,0,0,0,0,0,0,0,0,0
4560007,0,0,0,0,0,0,0,0,0,0
4560010,0,0,0,0,0,1,0,0,0,0
4560013,0,0,0,0,0,0,0,0,0,0
4560015,0,0,0,0,0,0,0,0,0,0
4560018,0,0,0,0,0,0,0,0,0,0
4560021,0,0,0,0,0,0,0,0,0,0
4560024,0,0,0,0,0,0,0,0,0,0
4560027,0,0,0,1,1,0,0,1,1,1
4570004,0,0,0,0,0,0,0,0,0,0
4570007,0,,0,0,0,0,0,0,0,0
4570010,0,0,0,0,0,0,0,0,0,0
4570013,0,0,0,0,0,0,0,0,0,0
4570018,0,0,0,0,0,0,0,0,0,0
4570021,0,0,0,0,0,0,0,0,0,0
4570024,0,0,0,0,0,0,0,0,0,0
4570027,0,0,0,0,0,0,0,0,0,0
4580004,0,0,0,0,0,0,0,0,0,0
4580007,0,0,0,0,0,0,0,0,0,0
4580010,0,0,0,0,0,0,0,0,0,0
4580013,0,,0,0,0,0,0,0,0,0
4580015,0,0,0,0,0,0,0,0,0,0
4580018,0,0,0,0,0,0,0,0,0,0
4580024,0,0,0,0,0,0,0,0,0,0
4580027,0,0,0,0,0,0,0,0,0,0
4590001,0,0,0,0,0,0,0,0,0,0
4590004,0,0,0,0,0,0,0,0,0,0
4590007,0,0,0,0,0,0,0,0,0,1
4590010,0,0,0,0,0,0,0,0,0,0
4590013,0,0,0,0,0,0,0,0,0,0
4590015,0,0,0,0,0,0,0,0,0,0
4590018,0,0,1,0,0,0,0,0,0,0
4590021,0,0,0,0,0,0,0,0,0,0
4590024,0,1,0,0,0,0,0,0,0,0
4590027,0,0,0,0,0,0,0,0,0,0
4600001,0,0,0,0,0,0,0,0,0,0
4600004,0,0,0,0,0,0,0,0,0,0
4600010,0,0,0,0,0,0,0,0,0,0
4600013,0,1,0,0,0,0,0,0,0,0
4600015,0,0,0,0,0,0,0,0,0,0
4600018,0,0,0,0,0,0,0,0,0,0
4600021,0,1,0,0,0,0,0,0,0,0
4600024,0,0,0,0,0,0,0,0,0,0
4600027,0,0,0,0,0,0,0,0,0,0
4610001,0,0,0,0,0,1,0,1,0,0
4610007,0,0,0,1,0,0,0,0,0,0
4610010,0,1,0,0,0,0,0,0,0,0
4610013,0,0,0,0,0,0,0,0,0,0
4610015,0,0,0,0,0,0,0,0,1,0
4610018,0,,0,0,0,0,0,0,0,0
4610021,0,0,0,0,0,0,0,1,0,0
4610024,0,0,0,0,0,0,0,0,0,0
4610027,0,1,0,0,0,0,0,0,0,0
4620001,0,0,0,0,0,0,0,0,0,0
4620004,0,0,0,0,0,0,0,0,0,0
4620007,0,0,0,0,0,0,0,0,0,0
4620010,0,0,0,0,0,0,0,0,0,0
4620013,0,1,0,0,0,0,0,0,0,0
4620015,0,0,0,0,0,1,0,0,0,0
4620018,0,0,0,0,0,0,0,0,0,0
4620024,0,0,0,0,0,0,0,0,0,0
4620027,0,0,0,0,0,0,0,0,0,0
4630001,0,0,0,0,0,0,0,0,0,0
4630004,0,0,0,0,0,0,0,0,0,0
4630007,0,0,0,0,0,0,0,0,0,0
4630010,0,0,0,0,0,0,0,0,0,0
4630013,0,0,0,0,0,0,0,0,0,0
4630015,0,0,0,0,0,0,0,0,0,0
4630018,0,,0,0,0,0,0,0,0,0
4630021,0,1,0,0,0,0,0,0,0,0
4630024,0,0,0,0,0,0,0,0,0,0
4630027,0,0,0,0,0,0,0,0,0,0
4640001,0,0,1,1,1,0,0,1,1,1
4640004,0,1,0,0,1,0,0,1,1,0
4640007,0,0,0,1,1,0,0,1,1,0
4640010,0,0,0,0,1,0,0,0,1,0
4640013,0,1,0,0,1,0,0,0,1,0
4640015,0,0,0,0,1,0,0,1,0,0
4640018,0,0,0,0,1,0,0,0,0,0
4640021,0,1,0,0,1,0,0,0,1,0
4640024,0,1,0,0,1,1,0,0,1,0
4640027,0,0,0,1,1,0,0,1,1,1
4650001,0,0,0,0,0,0,0,0,0,0
4650004,0,0,0,0,0,0,0,0,0,0
4650007,0,,0,0,0,0,0,0,0,0
4650010,0,0,0,0,0,0,0,0,0,0
4650013,0,,0,0,0,0,0,0,0,0
4650015,0,0,0,0,0,0,0,0,0,0
4650018,0,0,0,0,0,0,0,0,0,0
4650021,0,0,0,0,0,0,0,0,0,0
4650024,0,,0,0,0,0,0,0,0,0
4650027,0,0,0,0,0,0,0,0,0,1
4660001,0,0,0,0,0,0,0,0,0,0
4660004,0,0,0,0,0,0,0,0,0,0
4660007,0,0,0,0,0,0,0,0,0,0
4660010,0,0,0,0,0,0,0,0,0,0
4660013,0,0,0,0,0,0,0,0,0,0
4660015,0,0,0,0,0,0,0,0,0,0
4660018,0,0,0,0,0,1,0,0,0,0
4660021,0,0,0,0,0,0,0,0,0,0
4660024,1,0,0,0,0,0,0,0,0,0
4660027,0,0,0,0,0,0,0,0,0,0
4670001,0,0,0,0,0,0,0,0,0,0
4670004,0,0,0,0,0,1,0,0,1,0
4670007,0,0,0,0,0,1,0,0,0,0
4670010,0,0,1,1,1,1,0,1,1,1
4670013,0,1,1,1,0,1,1,1,1,0
4670015,0,1,1,1,0,1,0,1,1,0
4670018,0,0,0,0,0,1,0,1,0,0
4670021,0,0,0,1,1,0,1,1,0,1
4670024,0,0,1,1,1,1,0,1,1,1
4680001,0,0,0,0,0,0,0,0,0,0
4680004,0,0,0,0,0,0,0,0,0,0
4680010,0,0,0,0,0,0,0,1,0,0
4680013,0,0,0,0,0,0,0,0,0,0
4680015,0,0,0,0,0,0,0,0,0,0
4680018,0,0,0,0,0,0,0,0,0,0
4680021,0,0,0,0,0,0,0,0,0,0
4680024,0,0,0,0,0,0,0,0,0,0
4680027,0,0,0,0,0,0,0,0,0,0
4690004,0,0,0,0,0,0,0,0,0,0
4690007,0,0,0,0,0,0,0,0,0,0
4690010,0,0,0,0,0,0,0,0,0,0
4690013,0,0,0,0,0,0,0,0,0,0
4690015,0,0,0,0,0,0,1,0,0,0
4690018,0,0,0,0,0,0,0,0,0,0
4690021,0,0,0,0,0,0,0,0,0,0
4690024,0,0,0,0,0,0,0,0,0,0
4690027,0,0,0,0,0,0,0,0,0,0
4700001,0,0,0,0,0,1,0,0,0,0
4700004,0,0,0,0,0,0,0,0,0,0
4700007,0,0,0,0,0,0,0,0,0,0
4700010,0,0,0,0,0,0,0,0,0,0
4700013,0,,0,0,0,0,0,0,0,0
4700015,0,0,0,0,0,1,0,0,0,0
4700018,0,0,0,0,0,0,0,0,0,0
4700021,0,,0,0,0,0,0,0,0,0
4700024,0,0,0,0,0,0,0,0,0,0
